Time	Hip_x	Hip_y	Hip_z	Knee_x	Knee_y	Knee_z	Ankle_x	Ankle_y	Ankle_z
11:14:59.372294	177.01435264911547	-38.477873558241015	-156.59139746686964	-172.4479291720549	-21.748743867997387	-160.2386031991534	169.33987202014148	22.178773699520594	-170.0869507902714
11:14:59.382848	177.40527293146357	-39.939315170004605	-156.90414565621182	-170.93667722323835	-19.03804891008889	-160.47247601581225	165.69067339588966	18.197029784300497	-170.5729290629545
11:14:59.393396	178.17559505230025	-41.951148121314155	-156.97344776547286	-168.58626426139895	-16.524665549667315	-160.81327393187064	162.3938232324085	17.84398611621158	-171.13341605732887
11:14:59.403505	179.03475643122053	-42.186548359793065	-157.152851348549	-167.00376634962316	-15.769945509122667	-161.04954589746254	161.5489729789601	19.300548778991075	-170.56171247865373
11:14:59.413591	179.64690323268516	-41.866318089060506	-157.41991693699342	-165.8572450218287	-15.34638104248178	-161.2678963043261	162.5736654270811	20.544826136030608	-170.19553803763705
11:14:59.423736	-179.9366742212074	-41.214728336162665	-157.87022121286503	-165.12089430576893	-14.813077804648836	-161.42674153400233	164.28911030417345	22.43065288085992	-170.764513392258
11:14:59.434433	-179.4679945033798	-40.75412706794334	-158.61879069327352	-164.52978265833482	-13.901237193400933	-161.7188582058201	165.2808918932665	26.296003927921937	-173.5672175925192
11:14:59.444500	-178.8296816173453	-40.90752283053786	-159.56498269828273	-163.75538617236924	-12.633809856466067	-162.1887178663764	165.39837392955226	26.65779565363581	-173.77875782448524
11:14:59.454693	-178.12714943709486	-41.98562900273112	-160.5344852278088	-162.74062137566779	-10.999886060056962	-162.69006349303007	165.21566714355743	25.844896087870698	-172.94471170232524
11:14:59.465304	-177.34744711428934	-43.656478535504014	-161.41354166746672	-161.4932121370605	-9.481689326278753	-163.22189776045468	165.42941475308706	24.990582719767875	-171.55888326789287
11:14:59.475414	-176.41566975002246	-45.366599103469675	-162.2495885225377	-160.09874057763543	-8.520712262177529	-163.910242275395	165.5440277861227	23.53730693741606	-169.9687620508457
11:14:59.485586	-175.48539889038648	-46.701437505611516	-163.1143250507771	-158.86615643614832	-8.24160074544546	-164.75360340145247	165.2664790365044	21.400195522012908	-169.05919288155206
11:14:59.495681	-174.6860415842608	-47.45698760596209	-163.9993139456294	-157.95510939264764	-8.4568642598676	-165.66071902510254	165.59928386949733	18.990940473693165	-169.01569465711341
11:14:59.505845	-173.96330584572334	-47.64170910743842	-164.91243933033127	-157.3206213800046	-8.837668506092465	-166.52914420929488	166.32386920353784	17.089939011722212	-169.6021099020172
11:14:59.516395	-173.29504293793383	-47.41783562353067	-165.87655305886855	-156.38124995779123	-8.71148516259154	-167.2253643253752	167.1444266102725	15.714034296582636	-170.30952577395118
11:14:59.526511	-172.72348946474688	-46.935912639977765	-166.87899630159717	-156.14072683052734	-8.533168498420254	-167.71042216054718	167.185123735108	15.879507600324189	-170.65641912667405
11:14:59.536639	-172.1245490742213	-46.425816036406296	-167.898906981367	-155.8509505139866	-8.424491878880136	-168.20831692244977	167.24281382951526	17.38283930845195	-170.37730130583188
11:14:59.547359	-171.34655903498106	-45.99245968523977	-169.0454657755978	-155.44223755586557	-8.485424918122819	-168.89077949521442	167.58148261105808	19.686562276037588	-169.86260111034917
11:14:59.557434	-170.38862665231898	-45.77136769602644	-170.2752280911316	-154.87450755245547	-8.68505337213222	-169.81419599873234	167.95033560019868	21.888635525107517	-169.366363761123
11:14:59.567502	-169.2841774803088	-45.84767807008875	-171.5566094401189	-154.1620363189615	-8.86235201815702	-170.89629890295382	168.1126771417994	23.024849624048343	-168.89498440250472
11:14:59.577576	-168.09289976127056	-46.16682669600392	-172.90223607979433	-153.39895829055604	-8.872198763533044	-172.0864816833014	168.02284035592828	22.397949834692213	-168.66111843513102
11:14:59.587704	-166.87096208777325	-46.539630050866016	-174.25859406552223	-152.64519454963204	-8.697784496706715	-173.25260384812543	168.14520523143761	20.180355587628153	-168.60948541454388
11:14:59.597776	-165.7055309267737	-46.83386203312451	-175.55257522924336	-151.98994083202638	-8.365031998744294	-174.30686818534372	168.55102109318187	17.59705004460855	-168.7784728175121
11:14:59.607882	-164.64840031534663	-46.971994160632995	-176.74121506044307	-151.43950975611907	-7.959368205410967	-175.18649212720427	168.93897117572092	15.895507353142092	-168.86444093726502
11:14:59.617953	-163.7274985445977	-46.89564555987158	-177.82753636494226	-151.003635800647	-7.706444052381368	-175.998211831221	169.04180806191204	15.899477158478089	-168.69113743086993
11:14:59.628028	-162.83222840496413	-46.72414170872832	-178.87616727405904	-150.5795944883344	-7.652821869781441	-176.88452829843078	168.99270102247002	17.323544115273847	-168.3142908536088
11:14:59.638112	-161.90590768469445	-46.515651509352416	-179.9385623532927	-150.11491155504487	-7.755311556406716	-177.88476853742236	169.1856274260541	19.013557370083337	-167.91954032823602
11:14:59.648180	-160.94876853532298	-46.23573733955648	178.99703773369197	-149.6213820741851	-8.01675754720337	-178.99900614063705	169.52867884477118	19.907117674391362	-167.64396729039152
11:14:59.658284	-160.00192534911022	-45.81549480985679	177.95725127877847	-149.09215603254341	-8.438242580836247	179.80069718643878	169.7764471874842	19.57338719441645	-167.52500311996545
11:14:59.668354	-159.04572725022322	-45.25457299266432	176.95790710893326	-148.52465071392135	-8.942562672901042	178.5852812703102	169.91379551782185	18.28253414820052	-167.4747213624207
11:14:59.678428	-158.1637910239286	-44.538094615989394	176.03283757922225	-147.96444719733088	-9.517352193004362	177.3907762832414	170.06910838191496	16.969513257699436	-167.43129361368315
11:14:59.688511	-157.34289358296573	-43.6778671815047	175.17328258161265	-147.39652508886866	-10.128002769255358	176.2245858193862	170.2463574335902	16.444231934671038	-167.34113922536258
11:14:59.698581	-156.6287857268161	-42.752124964867484	174.40858999182234	-146.8334230970809	-10.758984098003824	175.12228337980892	170.37425235430786	16.818273843221267	-167.18036374264278
11:14:59.708652	-155.986991649105	-41.771799923750514	173.69169597231266	-146.25722536131556	-11.401171149324872	174.05759347166185	170.47317626820677	17.55719160001832	-167.0201819944736
11:14:59.718720	-155.3733711385475	-40.83814294146982	173.01057520904845	-145.64399488086963	-11.980814114051471	173.0380999543918	170.5460445594201	18.004647016861778	-166.92455498027596
11:14:59.728796	-154.799698957291	-39.95635851681804	172.35282323927788	-145.02494759265818	-12.484130547882433	172.1133954896008	170.62402789599446	18.362309418052448	-166.93408592690415
11:14:59.738873	-154.24647929545887	-39.21757124866965	171.7123054042828	-144.3572423354534	-12.914353500416041	171.2477575173956	170.715348198395	18.578926868553676	-166.9475713879615
11:14:59.748945	-154.08457973457968	-38.552182134270275	171.51358745327076	-143.81732642936365	-13.417987319067752	170.80774011695655	170.73191646315001	17.864578041776564	-166.9197481540895
11:14:59.759013	-153.44469247816292	-37.88658930850956	170.8922777618247	-143.0503039267384	-13.832102607076838	169.98893203738857	170.75898232845833	16.980619253031563	-166.89301183764184
11:14:59.769082	-152.7605663020106	-37.28696390878917	170.25169251034828	-142.17457320356237	-14.221683179964044	169.14880624280377	170.86033490716386	16.296040074385942	-166.8551210034676
11:14:59.779151	-152.07476876219758	-36.76027531897638	169.58142449293868	-141.33491717605497	-14.514408139183981	168.35609518762303	170.92067999544108	15.469169607477488	-166.76333867141764
11:14:59.789281	-151.4036275578819	-36.30405574625906	168.87488160255475	-140.47094666111965	-14.703407462130963	167.548415595191	170.9829664674068	14.520395615397199	-166.59456311108207
11:14:59.799433	-150.79967864107195	-35.92728168712628	168.14036864636344	-139.62408612495372	-14.763003997611785	166.77509557235024	171.0662416743267	13.86973438977986	-166.4094767697999
11:14:59.809524	-150.2262616706129	-35.61694491757816	167.372857902064	-138.7953822015784	-14.644236134711283	166.0455121411332	171.17901348550794	13.91545641364993	-166.25099782658452
11:14:59.819654	-149.7243583275976	-35.387321962212916	166.5918591221627	-138.00469064819663	-14.344254101546749	165.41061181836332	171.25517166454992	14.433901640043532	-166.06498584901675
11:14:59.829748	-149.30998291778988	-35.2181217132416	165.789622065538	-137.28409562034963	-13.87942068591949	164.89030548650138	171.30345073058206	14.954416798418466	-165.86369148290277
11:14:59.840300	-148.92271769875867	-34.703847270160715	164.83096057553522	-136.56916731132858	-13.355682629925976	164.4365433579535	171.35737096525077	15.372451183061314	-165.658701927492
11:14:59.850394	-148.64982291391607	-34.51525469949328	164.09179655275167	-135.83946522797137	-12.87308338057419	164.01176222420577	171.40233244934032	15.777231401235236	-165.42537203042093
11:14:59.860468	-148.4337880975175	-34.31208998697222	163.43981725177278	-135.0351651581351	-12.474853897351393	163.6022236850716	171.43881904999466	16.236538227370456	-165.16904210943986
11:14:59.870560	-148.28449712507893	-34.09303598210085	162.88144328168482	-134.15007566512057	-12.203517239231811	163.18942461364074	171.4826005126568	16.743615112867218	-164.88020235886697
11:14:59.880662	-148.20087889735512	-33.86608755497401	162.39999641572558	-133.21805759574985	-12.030588851702356	162.78628793728146	171.50256335479932	17.219242889041734	-164.58941036039815
11:14:59.890759	-148.14707921028298	-33.670305056560515	161.988673609293	-132.2295044106632	-11.936163035395687	162.39750055717616	172.66319792657708	17.051349480737848	-164.46640620715436
11:14:59.900833	-148.14117556912913	-33.52070064534205	161.61366102415337	-131.1947904427813	-11.884874478492865	162.01099316393854	171.49411733591535	18.015261776410693	-164.0501009789784
11:14:59.910904	-148.18523002878305	-33.44644347696	161.2751556897309	-130.12926903627013	-11.849153516187833	161.6361633372355	171.49095743724305	18.475890164114602	-163.74803951790696
11:14:59.920985	-148.26600921725506	-33.44774290971696	160.94677762574386	-129.03011784343138	-11.839730820420607	161.23323380159474	171.42783092687532	19.203784731429735	-163.4230071636846
11:14:59.931473	-148.42435492524822	-33.492282090029725	160.7151093433761	-127.83138734612514	-11.907365637636802	160.7471235324362	171.4785353582749	19.774160446094143	-163.07828117121122
11:14:59.941571	-148.74330073782158	-33.53139239005925	160.6358992682211	-126.52572300323597	-12.051585990984405	160.19334496485794	171.5527979212731	19.711960474839263	-162.63053469673193
11:14:59.952277	-149.31155870402165	-33.569145962880945	160.74466375783294	-125.17576481320643	-12.122172953443116	159.84741441311624	171.74094627828956	20.472491579509164	-161.96475609177074
11:14:59.962384	-150.1778554880761	-33.69307613611625	161.0334523281183	-123.84082870873056	-12.241019595669334	159.71573925035565	171.72410587064817	22.815380360932952	-161.43248851009568
11:14:59.972483	-151.2341322357189	-33.96336533573101	161.52182623432776	-122.45310953012971	-12.610261793831535	159.59419638423003	171.6548315526436	25.722858893908914	-160.8178354383491
11:14:59.982552	-152.4487282903361	-34.50358307574488	162.20827209235233	-120.98258117675277	-13.34712175494314	159.18350194253466	172.12528282600897	28.22666990793257	-160.2564446662495
11:14:59.992666	-153.8351206213437	-35.146363222129374	163.15902793903442	-119.48725173278116	-14.330998141762679	158.48819311519924	172.46087539359118	29.106791582277342	-160.03996607604424
11:15:00.002776	-155.4483479454577	-35.672675549367526	164.41982233697502	-117.88241772759197	-15.40924109928868	157.6311410617589	172.5774733155675	27.96882705964741	-159.59273229105912
11:15:00.013224	-157.29708886713243	-35.967957654671736	165.93468880185236	-116.42438100284808	-16.3282190978574	157.1563961862431	172.02770977699691	25.99054533828978	-159.3541875432773
11:15:00.023462	-159.16763442873668	-35.994629927498586	167.7296218368708	-115.13113176456812	-16.82809940955806	157.5352617819954	170.9808037427417	24.076946166991025	-159.4604830833351
11:15:00.033695	-162.38754851342975	-36.33536933746432	171.61740477115197	-114.44049199574746	-17.06831788689415	160.53784996234978	170.680790406349	22.287486538788677	-158.7339378946207
11:15:00.044331	-163.9220563480459	-36.67344437164661	173.78049995581728	-113.45856451674968	-16.459045664846457	162.35810881746266	169.535032525972	22.684649211100137	-157.672823915672
11:15:00.054433	-165.26696187419697	-37.166673814002365	175.8743435074328	-112.55557415476588	-15.629315720626323	164.25666498577968	166.662372599226	25.329759732778758	-156.48827185029398
11:15:00.064565	-166.3869648958516	-37.781217288515776	177.80478510013086	-111.88147277317951	-14.386189872735718	166.6145134631804	163.06918604169977	30.848605194019836	-156.5844841976126
11:15:00.075180	-167.39585738276324	-38.426996761209274	179.55332900942378	-111.32147411803054	-13.001295065659024	169.22942761941079	159.08316270814248	40.49692893142713	-161.10272194188002
11:15:00.085635	-168.47942834350388	-39.02749762959111	-178.75490283532298	-110.79257464091748	-11.902618470775218	171.54873716185676	162.53998181646153	34.81818204176393	-158.90639007600808
11:15:00.096148	-169.69387706357284	-39.4643005184979	-176.9881045848076	-110.49176677476575	-11.250750277701497	173.56284252638173	165.66223211415854	27.598966179183307	-157.69006815222545
11:15:00.106634	-170.99050118143649	-39.69541328800327	-175.1704429542216	-110.75107193491449	-11.078089185673303	175.39175311775185	167.8293034050995	21.7187369030068	-157.46918190839057
11:15:00.116990	-172.40905037227506	-39.67553292780167	-173.29680121608357	-111.00043304320977	-11.084853607473754	176.94991602630185	169.44033246782996	19.230615750016224	-158.2348233128945
11:15:00.127544	-173.85708014129892	-39.415201624886365	-171.39550260751793	-112.66370683963521	-11.616773508421943	178.8882491968042	169.27202848103815	18.915368833138945	-159.13406166827235
11:15:00.137630	-175.33020399212432	-39.133905192497366	-169.45937924887983	-114.11220926302178	-12.069858852179273	-179.10107400494016	168.810832972253	19.62717673405916	-159.3040957418872
11:15:00.147700	-176.82587697326414	-38.9444100005433	-167.53089601910426	-115.83843908648484	-12.42935885781403	-177.01261203153126	168.27440876582793	21.510716199335118	-159.02409359691342
11:15:00.157775	-178.21523526246307	-38.89789474443666	-165.67901164296194	-117.78450126944989	-12.573135499456676	-174.8547290951139	168.6937459248836	23.69167561989932	-158.47055978448617
11:15:00.167846	-179.47369355089577	-38.96794930216844	-163.91697756410434	-119.86971011048644	-12.54408908125612	-172.759062800177	169.2623366217657	24.48927917170252	-158.22397490616373
11:15:00.177935	179.43589244639043	-39.01379209220682	-162.28664763757365	-122.02884586724711	-12.569381731910033	-170.8925122359787	169.48045304571778	23.326756630699975	-158.23949828855382
11:15:00.188030	178.4892261069521	-38.90990040265621	-160.7937572318723	-124.35749967983678	-12.783552810007556	-169.2190030057449	169.62322395178037	21.02912389766981	-158.70431298503044
11:15:00.198464	177.70617376014818	-38.55917408810663	-159.48401764925714	-124.43013287605304	-12.956752729996449	-168.16232123093286	172.13876193830322	17.947399626662417	-159.24243070532472
11:15:00.208553	177.0358111357888	-38.000701254729655	-158.35259717200415	-129.59244939244783	-13.973563236986516	-166.2306404057706	170.13582883103197	17.183932399498026	-160.35528525779196
11:15:00.218627	176.49180964291236	-37.300583044687116	-157.41857723390882	-132.4786399822369	-14.772414190463843	-164.84284496136198	170.577456762274	17.08436010398699	-161.18347650307024
11:15:00.228746	176.00073369929777	-36.56540748055036	-156.6368770546362	-135.57083337799324	-15.539315075658932	-163.48496161921096	170.950875004993	17.590537697123303	-161.9093852313208
11:15:00.238850	175.56869775182028	-35.866371271194176	-155.99446515369618	-138.83773873292114	-16.261494731654395	-162.2233896790905	171.25370378440346	17.79860887908354	-162.6348103717707
11:15:00.248919	175.1536317601405	-35.280582572032664	-155.44695900651027	-142.21522709333448	-16.95499751940479	-161.11963879218268	171.34996405557587	17.214063033371676	-163.42800363560238
11:15:00.259007	174.75278066234168	-34.88588998748414	-154.95297596481765	-145.64253796405737	-17.59151779047833	-160.19380378304217	171.22845660929	15.908193120237454	-164.24713080170181
11:15:00.269082	174.4354846500193	-34.66091164527351	-154.54221405400708	-149.046656149189	-18.219488271788727	-159.43262550482658	171.0534084204916	14.474304044211525	-165.15562917219907
11:15:00.279185	174.12253628872088	-34.58059734245953	-154.1541898788517	-152.4446959872999	-18.775710582158506	-158.73790452750362	170.82522418410042	13.46973281400232	-165.94648233668894
11:15:00.289256	173.9424057021589	-34.535930876336174	-153.8834466005686	-155.75674546279052	-19.222729797792844	-158.15876596719266	170.5535919248715	13.275905506102767	-166.66476007481748
11:15:00.299467	173.78316873185466	-34.804443924320935	-153.63060893437765	-159.04825345443547	-19.614896645219293	-157.71061842805264	170.26385921228126	13.637128765334	-167.34460838577448
11:15:00.309868	173.72107779341113	-34.85098469296228	-153.65576188499168	-162.30935315547325	-19.98538814586657	-157.4173437598109	169.98843972315552	14.152449797869684	-168.16888581475766
11:15:00.320401	173.70356620940808	-35.18767866524965	-153.61749808295014	-165.4441652230027	-20.288622953606122	-157.24448192770652	169.8495095748079	14.437295238097613	-169.21068446827996
11:15:00.330566	173.778463679262	-35.24108268731869	-153.89186135224156	-168.38955099296328	-20.492793150860223	-157.18250764279836	169.90324514280587	14.400598778312553	-170.32593565306902
11:15:00.340647	173.94471345739365	-35.463158155745674	-154.18071630102656	-171.1558081575357	-20.4189744936327	-157.20346973418762	169.85180070432523	14.084163871349423	-171.37067041488467
11:15:00.350708	174.19721968173664	-35.758299868276325	-154.57317770666754	-173.71328575770198	-20.047807018920086	-157.30689890150876	169.60209727680135	13.745215548704914	-172.19254535226273
11:15:00.360785	174.50379550230173	-36.13483857282596	-154.97937412702007	-175.97173725458634	-19.453972261215544	-157.46131671343537	169.20131438566955	13.556259324772645	-172.81207158848852
11:15:00.370903	174.83342398202186	-36.46653988517384	-155.40815598709418	-177.95825092001257	-18.906253144790988	-157.65746171450255	168.856299461858	13.399927701416415	-173.3451287635784
11:15:00.381020	175.14007492805467	-36.563869144011775	-155.87321717314023	-179.74746146544163	-18.66253076202912	-157.87186050353924	168.59818753206056	13.08536766544838	-173.84936742004595
11:15:00.391092	175.42192644888638	-36.50425390449415	-156.3150654643163	178.74757214807576	-18.731411855552267	-158.05950294702419	168.3604441222722	12.680023680499348	-174.36138801470187
11:15:00.401204	175.69685882543098	-36.51415429437188	-156.64408857490685	177.7547832997339	-18.855806305951877	-158.2332943543755	168.17918337718766	12.599873359648571	-174.88687678274772
11:15:00.411283	175.97026744933126	-36.582528625182604	-156.854212196729	177.31374473506568	-19.001745134094364	-158.35367198067	167.93586707188345	12.977892741557827	-175.3310366040936
11:15:00.421425	176.1463867146475	-36.584291348871695	-156.92628674462654	177.26931769590192	-19.145756577761837	-158.3643825629034	167.6910784029003	13.344328277446547	-175.53922219114412
11:15:00.431851	176.16496948761406	-36.30100702664801	-156.9216964133589	177.43477321790294	-19.416472703001578	-158.24632971196127	167.62575411271567	13.37498178800081	-175.4889636209969
11:15:00.441943	175.9678558204064	-35.69084939168091	-156.85627720903497	177.72176440399065	-19.830125420200087	-157.98532846205057	167.72479452477296	13.180329820335189	-175.22681658403272
11:15:00.452297	175.66513928050355	-34.88397455471234	-156.75014647535167	178.19631617971052	-20.30938663131902	-157.62608643539684	168.52390183124893	12.71686850867555	-174.56218153928725
11:15:00.462453	175.35920691445426	-34.103370358407275	-156.6110792447199	178.92538939122718	-20.772430802663635	-157.22670043817666	168.9335800831734	12.313244950048336	-173.3492961200749
11:15:00.472516	175.11919370548574	-33.60395568869906	-156.44468595475618	179.82360458804982	-21.3874010580213	-156.75760746968623	168.89262934824475	15.460878956915106	-171.92715103894855
11:15:00.482590	175.2640216300405	-33.75319856547721	-156.3719564018554	-179.0106885548742	-21.721345989094313	-156.52237398182024	169.17107923415836	20.21186744820354	-170.8055876861
11:15:00.492701	175.77246761038447	-34.46725023761188	-156.5696896085813	-177.50850252696472	-20.297428971933222	-156.87214093485608	168.56315896506197	20.59284680909499	-169.28676017290542
11:15:00.503129	176.0189758797926	-35.35174468325586	-156.9488818956577	-176.0408854832262	-17.995547469497996	-157.26507894478195	167.71115281151765	19.65960850372206	-168.5916032319213
11:15:00.513443	176.11370484998994	-36.76023533804206	-157.05720735184465	-174.29451563625253	-14.965765890295293	-157.40388672657588	166.38648417670694	18.18158851871637	-169.29284569058285
11:15:00.523576	176.70576591991937	-37.58350881133932	-157.11949203129018	-172.30702244488648	-13.231971372523072	-157.54170912741574	163.85604849398246	17.717845249227633	-170.10755212817287
11:15:00.534207	177.79753483755778	-37.01003211765485	-157.78671063544667	-170.91749285807785	-13.503714561576993	-158.08912247471972	161.69853036914483	19.63317288837711	-170.87766544082206
11:15:00.544338	178.03900511856654	-36.03115565534963	-158.47961092711554	-170.54890388587495	-14.057718730013226	-158.45307132253873	160.87546610806822	22.577022468664683	-171.02744463509956
11:15:00.554905	178.36842903429584	-35.48593981410771	-159.27521788214864	-169.9250844944575	-14.3049195019947	-158.93798272348067	159.66785051869167	28.736579166210188	-172.35117579259838
11:15:00.565010	178.82795047282673	-35.72337231014101	-160.1668640518579	-168.99057729497176	-13.79364812243814	-159.57161462538198	160.72151585516534	28.376094656345796	-171.8628856203135
11:15:00.575181	179.43653517078326	-36.988678468476685	-161.04307556794006	-167.62674550626107	-12.3450780543631	-160.30562563120162	162.4901645713319	29.067053209861108	-172.890312623013
11:15:00.585254	-179.7944564329414	-38.88768995302757	-161.85362826885628	-166.0011379028701	-10.414899314489691	-160.98468708599574	163.4176225896674	28.327195013311112	-172.39713102316134
11:15:00.595356	-178.8691220106384	-41.012753133772264	-162.6364868216809	-164.2940749192347	-8.574103262507835	-161.64176458218176	164.88742964356098	26.23939757274507	-172.05539994732115
11:15:00.605439	-177.8222101111985	-43.14795243081391	-163.49541229614712	-162.6498207425188	-7.217453174593887	-162.39756849680685	165.1141242194531	21.436740576918805	-170.7724292591292
11:15:00.615511	-177.09275321823446	-44.21182029081428	-164.35283113059418	-161.7426402762989	-7.130927602213643	-163.21054299171664	165.41657167511454	19.935900227539	-169.3810868546895
11:15:00.625585	-176.48289583099165	-44.481792575074884	-165.20359805882256	-161.18184236969898	-7.840309503486687	-164.1008654520768	165.56428156382012	19.502012394092173	-168.6368282269195
11:15:00.636210	-175.95249483421034	-44.165306024788826	-166.08905137849715	-160.83990725580202	-8.91932778257016	-165.0224800680091	165.19856658344307	20.034983976386354	-168.8028020867587
11:15:00.646277	-175.5046987989907	-43.486202491144354	-166.94995635592232	-160.6392902223357	-9.9196757953551	-165.84165671731589	164.65084069545782	21.080431351356015	-169.56704708168078
11:15:00.656358	-174.9334988008211	-42.79720404607264	-167.85971689696652	-160.3431349099235	-10.551633694614683	-166.60161325931753	164.83414025318146	22.300955947099972	-170.26529619317972
11:15:00.666520	-174.13757730326404	-42.338404330664524	-168.86892687822493	-159.82071854252885	-10.709067443583486	-167.36414581075456	165.69819377269275	23.078237336533057	-170.38768790164082
11:15:00.677217	-173.14807981091792	-42.190939926589536	-169.99782551708483	-159.07801205030282	-10.426222450584987	-168.17633644295384	166.40681527782718	23.358425733655565	-170.37044298335428
11:15:00.687337	-172.02643486337152	-42.28490443099054	-171.2419584504969	-157.69905466272235	-9.73567254223288	-169.01717440396408	167.40721158872856	23.07477468225179	-169.93170694370076
11:15:00.697410	-170.84137932799985	-42.56402916337549	-172.57329985563592	-156.84573349731602	-9.436256736453645	-170.08288674331456	167.6218381018845	23.255890067470972	-169.6295103962518
11:15:00.707657	-170.87806427170486	-42.52900252823971	-172.5284564854167	-156.84573349731602	-9.436256736453645	-170.08288674331456	167.6218381018845	23.255890067470972	-169.6295103962518
11:15:00.717776	-169.70889068321208	-42.863334876924824	-173.82708360170355	-156.02769503107365	-9.455305416812964	-171.27584408040474	167.50642435903154	23.387822682561445	-169.3211668387274
11:15:00.727878	-168.6790256675595	-43.035899526856305	-174.998295151308	-155.32836320482136	-9.776022707620442	-172.5025916504256	167.28197524264357	22.95136879664167	-168.88906368309318
11:15:00.737998	-167.00142658886398	-42.73481884095985	-176.93890085527076	-154.57453406329	-10.357923426898932	-174.39062738398647	167.42280925565285	20.20669626710146	-168.87825420216393
11:15:00.748072	-166.28855035546394	-42.42459146079245	-177.67604660126315	-153.57474746193577	-10.927217184402444	-175.41181246147679	168.2634904994217	19.192643594829452	-168.7804341388448
11:15:00.758204	-165.56418638616003	-42.13688298417446	-178.39934999699142	-152.99158782968522	-11.040147585721375	-176.15355582147296	168.31959190953557	18.80245931162556	-168.67044852598082
11:15:00.768312	-164.78706255725183	-41.90944457957583	-179.1723430277528	-152.3675803168632	-11.105474723228308	-176.95089447588936	168.38734228452623	19.395872911356186	-168.43606123154422
11:15:00.778889	-163.95967935575567	-41.70108790123684	-179.8878870525362	-151.6775732012887	-11.189353463616847	-177.84537773631322	168.66136116262254	20.469001154304355	-168.1186521097712
11:15:00.788960	-163.03163371494648	-41.46217311218393	179.21315437663583	-151.3887800488333	-11.160127136759622	-178.68141805057724	168.66136116262254	20.469001154304355	-168.1186521097712
11:15:00.799090	-162.09945745090772	-41.141240192030516	178.30895119415385	-150.13495814182332	-11.618186236704512	-179.89639821235383	169.2180974756902	21.247928752324547	-167.59954848836475
11:15:00.809203	-161.2539099623962	-40.6515480600412	177.46177328152376	-149.35709484866044	-12.028371166840182	179.04097307580548	169.46097800967087	20.348872333468293	-167.4176038626002
11:15:00.819273	-160.51520086031104	-40.00204485200764	176.69176918028174	-148.61318316574685	-12.511879308963563	178.01946793695134	169.66235567612765	19.08379978887618	-167.2821082217784
11:15:00.829710	-159.8604537983345	-39.297988877810575	175.93828295367322	-147.89540057305652	-13.060715476981462	177.06610559541488	169.90589099855785	18.146238074929972	-167.1133061370209
11:15:00.839850	-159.2732780252829	-38.34063037836335	175.32345112619006	-147.18234744014848	-13.62439142829536	176.15314550313465	170.12503988608566	17.94164174009047	-166.90834403235348
11:15:00.850094	-158.69682668690731	-37.505273232918135	174.6661898068031	-146.45979707115632	-14.130107186638542	175.27384855926144	170.39872268562567	18.15865069475418	-166.64749789549356
11:15:00.860561	-158.14886544669952	-36.82644991393715	174.01286416193417	-145.71594182178788	-14.552137089269033	174.42796881172256	170.94897386923782	18.067042481005053	-166.5283039655492
11:15:00.870627	-157.49201804123183	-36.03483564670535	173.29311286977722	-144.962855523478	-14.864393512215885	173.6206788307033	171.5062988050994	17.929827258326245	-166.39494595523692
11:15:00.880909	-156.83943968416006	-35.38504068420314	172.56461731978226	-144.12735778983946	-15.223526403165097	172.8000968097471	171.21711637547466	19.467815369422514	-166.4018667660714
11:15:00.890981	-156.10858427765865	-34.8150377055699	171.82021491192302	-143.25315948891358	-15.576311808573179	171.97888176823542	171.34341013195072	18.94184878581446	-166.30004691502398
11:15:00.901055	-155.32063262169316	-34.359977218516306	171.0579494580912	-142.3301389365266	-15.942129798235396	171.08642196670257	171.42013535389705	17.516156769808685	-166.35109415753706
11:15:00.911134	-154.55314112421175	-34.03218646892776	170.30427482704465	-141.34616334202502	-16.339803525155737	170.14598816839387	171.5985206866909	16.206628158441763	-166.3200008182948
11:15:00.921211	-153.83302896142175	-33.793613526847444	169.56909495834017	-140.38655112927535	-16.63823056760163	169.25348371274282	172.359274528295	16.541964976856647	-166.07052300514454
11:15:00.931334	-153.19224005149644	-33.612866847689354	168.86300848953078	-139.4822227094393	-16.812815234806834	168.44935183656347	171.9370788923312	14.533122108353664	-166.1268524871899
11:15:00.941807	-152.61675053303253	-33.48740084885178	168.16566398758488	-138.5695722683768	-16.857563331860494	167.6859319877956	172.10471745913742	14.153066982554733	-165.9255773832899
11:15:00.951911	-152.08362628313063	-33.43784632546043	167.48304795838345	-137.68972466739382	-16.719703583964662	167.02435537632323	172.25073434945725	14.102187166433332	-165.70072880385186
11:15:00.962035	-151.6326919894888	-33.46617374207741	166.80587936947006	-136.87175976718768	-16.41268680043696	166.45989265104623	172.39298760860382	14.278508710823047	-165.4922402040546
11:15:00.972174	-151.2670281515113	-33.55681366472031	166.12070492965407	-136.10899615734616	-15.984998012461363	166.00335763609652	172.50606767529652	14.502257271294694	-165.26908160185792
11:15:00.982699	-150.98939706090644	-33.65737953686647	165.47383679960058	-135.36451972732561	-15.515735394969822	165.64026630589888	172.58539946925598	14.763423134189653	-165.03954434664843
11:15:00.992824	-150.79009737801363	-33.736081936071464	164.86885190927822	-134.59679008934	-15.09077053130938	165.32643882403815	172.66204343943582	15.142014808852219	-164.7762185985045
11:15:01.002949	-150.64482888384651	-33.78295236054076	164.34773627383458	-133.7772840207777	-14.761624693837387	165.03868652425518	173.65964612399702	14.846440760623214	-164.7017773092029
11:15:01.013075	-150.57867844262327	-33.79221613888105	163.89471799490477	-132.8887913732101	-14.561566429339615	164.758081703698	172.77469889702206	16.2033464903939	-164.11248806263336
11:15:01.023193	-150.57841659082496	-33.77797110397041	163.5290260906677	-131.94464059598312	-14.475010703182036	164.46826140003967	173.94069767798794	16.013757847249664	-163.9576670620359
11:15:01.033543	-150.61669947399372	-33.8075307984052	163.1939457360774	-130.95484367202113	-14.427565816520241	164.16280375491618	172.76342134392638	16.943594395101933	-163.51696864963162
11:15:01.043830	-150.7345443968635	-33.92557770336652	162.87494021923598	-129.93578855535802	-14.343453391300873	163.8951485916723	174.13224765832305	16.877545050860896	-163.28246068872588
11:15:01.054326	-151.20347133515799	-34.46597697567984	162.55265251795007	-129.2629044461135	-14.008295027171446	163.90335474904313	175.60705152568116	16.860869242852374	-163.0153575842299
11:15:01.064548	-151.54141840778465	-34.65224896090407	162.4878193423876	-128.08310239055385	-14.00020572556799	163.7216431010645	172.72652475960203	18.613062695971657	-162.417709583874
11:15:01.074734	-152.1077281719263	-34.893348534750004	162.59152940227068	-126.85319733451702	-14.131300796236491	163.47649029664254	170.8250062258476	19.33742065672659	-161.88552875428624
11:15:01.085163	-152.25885097967313	-34.58823550842405	162.48697359283744	-124.92895592481355	-14.531728554860852	162.49611451296602	172.85407788786142	19.761731172701577	-161.43898390542412
11:15:01.095525	-154.3629479287549	-35.2518735100435	163.45160318982872	-126.34751208878197	-14.441179950785342	164.02786388948982	170.90561312494862	21.281345890497594	-161.27686743305236
11:15:01.105765	-155.95501328597703	-35.38209800990352	164.28005552959974	-122.97528396877001	-15.743343901588378	162.61411859582606	170.64718332337097	26.224727433484258	-160.14405909647212
11:15:01.115839	-157.68364113367952	-35.56247172704744	165.39880824976856	-121.50743671817679	-16.764264733288925	162.0778369588351	170.84947676865386	27.461817578163288	-159.7020732543855
11:15:01.125917	-159.49124892341914	-35.81779960120641	166.79827316594634	-120.10436905934432	-17.743660712810055	161.78984088086747	170.74005312416995	26.445361281402107	-159.3727037047123
11:15:01.136010	-161.3155680551959	-35.975119367184604	168.48664260099855	-118.76561725023156	-18.48013647628646	162.00073102515867	172.79615466176028	26.68605974795296	-158.98710065906366
11:15:01.146128	-163.0912003043607	-36.05213705436439	170.4140918111979	-117.5250393415433	-18.796989387649578	162.82699542466963	168.18449834795075	23.002867009833718	-159.51518257071163
11:15:01.156200	-164.84395410324007	-36.23641819367865	172.44536108335146	-116.58491593513838	-18.639680828672684	164.1873178770753	169.50145705402915	22.449710214135123	-159.60822435306298
11:15:01.166303	-166.43744303519125	-36.604460858356475	174.52484677505655	-115.68431141627856	-18.084379325135707	165.6447494605627	166.2387370113152	22.143645065224284	-157.73523081873535
11:15:01.176409	-167.8652217995513	-37.05695267602513	176.5756760341319	-114.96920953056497	-17.199093447191025	167.18144807533113	163.89290835962015	25.662768623118748	-156.4176043091724
11:15:01.186596	-169.15560942873117	-37.57157913296498	178.52513670801835	-114.63544169588448	-15.846616944982788	169.32736310508625	160.42636397161684	31.91347092986598	-156.34051543969872
11:15:01.196713	-170.38758304598798	-38.10310143344201	-179.62031909334885	-114.48789991658684	-14.259807595930258	171.9228044403737	155.9739824853333	40.121653275910674	-159.69135966203768
11:15:01.206869	-171.65423835680755	-38.51258362146614	-177.8374925567966	-114.27623879498549	-12.916849377067058	174.36693495933582	153.9554145869142	44.08634885997051	-163.52275555162376
11:15:01.217497	-173.0118435057464	-38.68504190574423	-176.05335841869447	-114.1204884346448	-11.767679744818743	176.92221110524068	157.18657897738237	38.96706854424409	-161.73838238431716
11:15:01.227566	-174.44448136312343	-38.6665095051429	-174.22533039200235	-114.69258107051272	-11.562163032123031	178.62310682283766	156.75066613854378	38.76645149029447	-162.1012577968131
11:15:01.238188	-175.9496707120764	-38.412319308060326	-172.38720196662368	-115.7224473216857	-11.656105625160182	-179.67279894416694	162.76658677455563	24.082767735199038	-158.84675825261866
11:15:01.248520	-177.47211646926462	-37.90932810083395	-170.5813599902	-117.12816023227948	-12.023354631553234	-177.94894211042103	163.90281968669134	20.869876580143067	-159.2780811250356
11:15:01.258735	-178.95193423987334	-37.26159870760549	-168.79259042024393	-118.81598235636731	-12.572816127611691	-176.10582056232073	164.0274707830767	20.486852681746814	-160.23701156829728
11:15:01.269159	179.68119089108384	-36.69131564192487	-166.98309416313586	-120.71861636456924	-13.087875398225458	-174.18799698116544	162.56490443447316	20.613136432856777	-160.56540433599756
11:15:01.279587	178.23481392722442	-36.273042363885196	-165.26773289294806	-122.85037357781714	-13.405915985453865	-172.1972331124838	162.4066845963988	24.350555225669385	-161.2043447263225
11:15:01.289661	177.05372144002	-36.03523565775176	-163.51273432401933	-125.0956941659553	-13.493898544635204	-170.23188394358985	163.18929187324727	26.36950527562435	-160.59692171491332
11:15:01.299737	175.94701629016402	-35.93154996346412	-161.90193677721538	-127.46087711114119	-13.420757045752364	-168.40750071879904	160.93682810797927	26.588472490264092	-161.36573963324702
11:15:01.309819	174.97414412129405	-35.8087653192102	-160.4344241497653	-129.9930490508144	-13.43127639197996	-166.7974682383761	158.46024737001363	26.97155929626897	-162.22933534324463
11:15:01.319977	174.10592262999143	-35.53173724756265	-159.19355424685952	-132.6804908600176	-13.618585491016038	-165.3660141273054	164.1528555495063	22.555681085183316	-160.26711228960934
11:15:01.330043	173.47356728308134	-35.14227498716853	-158.04474974437034	-135.51320842601825	-14.045869600816793	-164.1274169372937	161.4857824765861	23.300305808477763	-161.00439681613904
11:15:01.340206	172.88999904555126	-34.59192616130732	-157.16981605796644	-138.4929988846006	-14.6714478452338	-163.01915938436704	164.4271436361618	19.178866053381988	-161.47626357709083
11:15:01.350271	172.46286083941678	-34.008550533986316	-156.39551346094188	-141.63926680636573	-15.342158307713497	-161.98491546325008	161.55875009042305	20.018067684977456	-162.07524608486474
11:15:01.360374	172.0853954125768	-33.42749011986429	-155.79004829208523	-144.9597680294491	-15.972049771896756	-160.99941595030526	165.20339482118172	20.41129020906537	-162.74821824283018
11:15:01.370443	171.7732991111319	-32.88414879168002	-155.30631744126615	-148.41473424994248	-16.61218661954916	-160.12172521837036	165.4380891573918	21.032937820948966	-163.50432485133337
11:15:01.380519	171.49137861581298	-32.484687568651964	-154.91001190844327	-151.93163805887974	-17.273851124789203	-159.3968360435248	165.54987253620874	20.734816521508137	-164.24619608881082
11:15:01.390644	171.21668532138057	-32.284563683972024	-154.5478411053637	-155.46982003437927	-17.922207211531017	-158.78884608289016	165.53908791816107	19.77553258556789	-165.02707735183293
11:15:01.400719	171.21651448851145	-32.39609946202748	-154.42938949478014	-158.83067726188222	-18.664305690360543	-158.35615891177815	162.28578804475927	21.292063824201037	-165.69412806419967
11:15:01.410800	171.14922585644013	-32.59098827586344	-154.15630841142487	-162.06156492183834	-19.57060978659534	-158.0600267226432	165.07936455859553	17.842397266660786	-166.4155397130357
11:15:01.420866	171.11979290771828	-32.83507649263327	-153.9909699066512	-165.21474752326233	-20.60832910796576	-157.82484067020775	164.86581889082782	17.7835216325642	-167.00871352312222
11:15:01.430950	171.05316864818366	-33.07482288845264	-153.91114595854773	-168.35940953214103	-21.555501436902926	-157.54840342161873	164.6486056480914	18.21770217031687	-167.66472417188004
11:15:01.441022	171.14055484021313	-33.39448228235953	-154.12159902051263	-171.39715288692406	-22.226709433378538	-157.23960620980776	164.51286139409513	18.64693965898459	-168.46315101400518
11:15:01.451140	171.30427253097332	-33.72291439027675	-154.4243675920274	-174.27254589470408	-22.483162406122965	-156.94237881198833	164.52429010199802	18.467689250994212	-169.45605954308778
11:15:01.461896	171.41411542570523	-33.9563989592715	-154.65106842199316	-176.99147627439174	-22.363532418910538	-156.6999612196025	164.5492288697209	17.538998508901308	-170.4808731709638
11:15:01.471963	171.52485714237366	-34.148229517287696	-154.92148345835554	-179.53576425877213	-22.00009361006537	-156.52182776143567	164.42568021082567	16.086855317195077	-171.28271990819476
11:15:01.482146	171.67178155352497	-34.2624550784275	-155.18615017607272	178.18002571811894	-21.57387549171698	-156.41032535545614	164.22891095460764	14.72164874454449	-171.7357288274227
11:15:01.492771	171.8307134766305	-34.22715458205053	-155.36993243591934	176.21350826558	-21.3224475387475	-156.32276299554894	164.2619718939135	14.152868932569898	-172.129936842609
11:15:01.502907	171.96850274145234	-34.12039097049254	-155.47380508305216	174.5759581668214	-21.259497085557943	-156.23461721197143	164.5129309250881	14.347188839595193	-172.51937263138004
11:15:01.513018	172.10683556430925	-34.2395841499806	-155.39359516960835	173.50277607060656	-21.11077798213884	-156.16603626419933	164.88115952607782	14.858978802732935	-172.9921391927345
11:15:01.523149	172.35116153434723	-34.671761311043134	-155.19845559419778	173.11511631741266	-20.719070014154457	-156.17612439814815	165.20117218279069	15.202683197148241	-173.52670866007068
11:15:01.533795	172.94004732686366	-35.57259985284966	-154.83333489615526	174.35074087641027	-20.164748735612413	-156.4407387675031	165.20117218279069	15.202683197148241	-173.52670866007068
11:15:01.543929	172.89048831706214	-35.56321152096046	-154.826581498428	173.75495529436992	-19.980328757128614	-156.34102953529992	166.11805968499158	15.451471394673124	-174.16357674221064
11:15:01.554028	172.88023822623737	-35.01542347130184	-154.81759177309146	173.3568639211663	-20.265923917941283	-156.10909096026313	165.9172547503746	15.242122966246981	-174.11689031831696
11:15:01.564681	172.71064728085312	-34.222345536308005	-154.92192254281517	172.98452881383025	-20.720616435878647	-155.80884014972006	166.08244789126482	15.504849548898012	-174.30678262048792
11:15:01.574833	172.60529608710866	-33.36762178651406	-155.08577693420614	172.9369024066226	-21.296380918347687	-155.52191750415716	166.09237464898922	15.550581849833051	-174.11624322764976
11:15:01.585489	172.58321884947932	-32.706082350105966	-155.22410505405782	172.57876979389243	-21.868524782257207	-155.3732223485984	164.4925143990282	16.463457599062068	-174.06686533505453
11:15:01.595580	172.69135496839635	-32.434455574786085	-155.3227752257907	174.3385764842265	-21.796151929549122	-155.29696213481313	165.755946546567	15.876204753643645	-172.94415864106523
11:15:01.605708	172.93920190736998	-32.64950565217893	-155.37301839612627	175.86487338407926	-21.460291429957046	-155.45239828312438	165.33773952353206	16.087646078403935	-171.55761297669835
11:15:01.615973	173.61046246079798	-33.32707626639459	-155.5209258548184	177.9540789252608	-20.924368470796974	-155.91425138628995	166.30119086515333	19.274497657021097	-170.28899060293517
11:15:01.626039	174.3940886373529	-34.19535558871189	-155.9816888516318	179.76681925030164	-20.69515357610793	-156.55000241013127	168.4173898405961	23.345539296604127	-168.7961890831171
11:15:01.636381	174.72391076860796	-35.12796903503205	-156.58075145518916	-179.4388190769311	-19.40871337300446	-157.17249852850478	168.7818141372309	22.610122683403056	-168.68845930937522
11:15:01.646626	175.0054097322671	-36.41706757136461	-156.98843643684918	-178.4162567151864	-16.62501681687427	-157.88835855306104	166.97161653600887	23.53765041101536	-168.05113083343159
11:15:01.656780	175.53858121330578	-37.337882725842015	-157.3291026019298	-176.9522251837865	-13.940203165634031	-158.39495711882495	163.3261354927041	22.741352725001363	-170.04625091246817
11:15:01.666911	176.11234237082556	-37.645446172796404	-157.72103105241763	-175.556944775335	-11.837434523104129	-158.71292788554342	159.82088139686974	23.177412877854493	-172.18156573690842
11:15:01.677040	176.6321469649672	-37.38229759985871	-158.1523051653183	-174.51539064124066	-10.973633399796434	-158.9776496183776	160.7195125942166	21.91886876766958	-171.90366622299678
11:15:01.687532	177.12201683162328	-36.62644782084321	-158.6276431834169	-172.87284196084914	-11.064092851453074	-159.3397711350971	160.08950962200237	25.495621749698394	-171.63537299926725
11:15:01.697607	177.5542096096126	-35.83474440701781	-159.22664130813516	-172.18026625527457	-11.611168174431574	-159.73201991918404	160.91546267163739	27.039238510598107	-171.73893668856522
11:15:01.707697	177.95144672730677	-35.47806474453912	-159.92202592908092	-171.45771052566013	-11.606306418323978	-160.1969567197169	161.92958220779795	26.57920948959562	-171.28878797134152
11:15:01.717821	178.5118540212921	-36.038578733401394	-160.69048193261597	-170.37730308378397	-10.728742177374638	-160.75974793603484	162.86541831423486	25.868694378584426	-170.84635151953333
11:15:01.727917	179.19126705574055	-37.51140658216419	-161.44093432321802	-168.99118897778058	-9.202603282438755	-161.3164911074652	163.7311378716456	25.168397313228656	-170.3446660864752
11:15:01.738100	-179.9840756352457	-39.47754703114868	-162.14821413248384	-167.4114409296936	-7.627342878613929	-161.88664189530525	164.56213244748525	24.734409151881422	-169.80933202052512
11:15:01.748703	-178.98257870901077	-41.98897536761918	-162.72191250369724	-165.69801092838114	-6.309019324915376	-162.55662671885622	165.41444480224925	24.602850428326672	-169.28965285229353
11:15:01.758825	-177.90807442111327	-43.734959304902446	-163.58982752130774	-164.1373991865683	-5.406606403674826	-163.30759516736273	166.2982722079918	24.691956068223494	-168.79689832136972
11:15:01.768995	-177.03050600088127	-44.771867322195845	-164.47464647716265	-162.97703505388222	-5.153973127944074	-164.07974295060703	167.1964324152907	24.858550671910727	-168.3504123413202
11:15:01.779069	-176.39245942924634	-44.972602612854736	-165.31008307234575	-162.9879341129904	-5.2829957969710435	-164.76623020489788	167.1964324152907	24.858550671910727	-168.3504123413202
11:15:01.789379	-175.86188898231998	-44.209673652537376	-166.23454483808663	-163.28806782832183	-5.945165280612705	-165.4452455862007	164.60689016784312	22.88626189236103	-168.84409529629428
11:15:01.799609	-175.47777586313094	-43.44165625382994	-167.0046085849545	-162.07291550747746	-7.262099358564973	-166.24610917967078	164.2877901942133	20.848034758899026	-167.2962495995621
11:15:01.809716	-175.11926974323126	-42.680318723774846	-167.78641954526847	-160.92423840675067	-7.676985069449968	-166.86787429655953	165.66454340324844	19.910265637109227	-166.94129693475153
11:15:01.819985	-174.51459486654454	-41.86128309998538	-168.72936562635948	-160.3612671881712	-8.044865474258321	-167.5389819939583	165.09258977918898	18.57552220167072	-168.51583527211255
11:15:01.830058	-173.7076304003687	-41.40138884089518	-169.7700551680531	-159.60688506367075	-8.139935378429797	-168.30457639378892	165.4066316734833	18.58411856183336	-168.3774187310592
11:15:01.840129	-172.73835125493665	-41.296042679228286	-170.9224290467264	-158.76920303641845	-8.042828064799037	-169.1814057981261	165.70496054431766	18.817205370957815	-168.12622201873975
11:15:01.850260	-171.64395626990512	-41.52311784285107	-172.15979246993325	-157.8977727173898	-7.883799910814766	-170.1874865509438	165.9959399059626	19.23668246165257	-167.93060866414987
11:15:01.860375	-170.51222186944491	-41.9236005221588	-173.44133678721016	-157.05000728578872	-7.770611415750707	-171.31711044324192	166.19968661777799	19.423604109136594	-167.68486711671088
11:15:01.870486	-169.4223252181909	-42.28221606180218	-174.65671764098033	-156.313494636544	-7.78949126250673	-172.4426354621949	166.23018332481215	19.093929398469747	-167.36407353152094
11:15:01.880556	-168.42651820270618	-42.401732947888206	-175.7242947850965	-155.68810180095116	-7.971561372345384	-173.47774101007494	166.15636805918436	18.244778572768116	-167.0562289172927
11:15:01.890623	-167.5531806875454	-42.23760641372173	-176.62934975934988	-155.13804365681284	-8.246114631064247	-174.37444773556356	166.13884309301227	17.074379376326373	-166.80772040174378
11:15:01.900699	-166.80035532755932	-41.86464641558363	-177.40301102253514	-154.6392553027591	-8.507638892489156	-175.1361579011618	166.21066210212214	15.969604327702063	-166.6381176210045
11:15:01.910786	-166.10370612787887	-41.38451046986137	-178.1136807700013	-154.118770712842	-8.744699175841625	-175.82706574664502	166.3299732061828	15.325234132845257	-166.46165944104166
11:15:01.920913	-165.4361441795162	-40.903348014364035	-178.81763011466037	-153.56764416752537	-9.037255601150443	-176.54453641177835	166.47420961341018	15.31127729513171	-166.32029831557625
11:15:01.930993	-164.75643111613246	-40.46408268231445	-179.56184132665175	-152.99116351498827	-9.445334853421135	-177.38670570237747	166.6516430910018	15.600136351141455	-166.1482943832868
11:15:01.941064	-164.0353982775747	-40.080219464168295	179.632925491881	-152.4176975440323	-9.892147075043379	-178.33648524047928	166.77352916005674	15.740458964769333	-165.95796754168506
11:15:01.951131	-163.30114431385653	-39.66611513020726	178.80521485312335	-151.82233653152912	-10.364758061338744	-179.35277414646555	166.86410409217098	15.549923545416828	-165.77545858439686
11:15:01.961206	-162.5440191437602	-39.207979490216665	177.9958077162082	-151.1668730425628	-10.786646472746646	179.64393924076032	166.99641037984418	15.04661847573014	-165.61517100533172
11:15:01.971302	-161.8127053163896	-38.701898943525116	177.2125270355589	-150.50381578124967	-11.108467169192242	178.72277566625405	167.13251773499482	14.451689059076084	-165.45797219325544
11:15:01.981380	-161.10749686274647	-38.10367034705571	176.46094445429017	-149.8245202636456	-11.431348806987545	177.8488117712741	167.29034136922405	14.063329642551945	-165.24571776872122
11:15:01.991473	-160.41323319571066	-37.49956250589859	175.7051096082419	-149.14010538904532	-11.728341965782738	177.0058810439051	167.4157081385604	13.733613657047874	-165.01816495351403
11:15:02.001600	-159.69812840467048	-36.79529199069493	174.90760439720736	-148.8745669332229	-12.158708078511449	176.113139446034	167.4157081385604	13.733613657047874	-165.01816495351403
11:15:02.011671	-159.04071195188882	-36.11534153578078	174.19926873364	-147.682047077386	-12.54762993688569	175.22824663541118	167.84622369350694	13.107231366074899	-164.6309380138727
11:15:02.021770	-158.35780840127157	-35.454394632763936	173.48694433332201	-146.87827995124542	-13.117279509537276	174.26147998945243	168.13007514854203	12.854813971241285	-164.4465720032662
11:15:02.032421	-157.68129742639044	-34.75227303355216	172.76460196951882	-146.03015785600593	-13.700567666966473	173.2881243386246	168.4998040646469	12.735153371134492	-164.28927512593245
11:15:02.042660	-157.01354603188477	-34.06280296559879	172.027206279739	-145.16998813324614	-14.263207626873628	172.33207851657681	168.60729708261147	13.423289919295549	-164.3517566700774
11:15:02.052731	-156.31239277316098	-33.4450747007606	171.23997788957954	-144.25831949462915	-14.763099021474996	171.38286930901344	168.76563610113695	13.758134545820473	-164.30238345595336
11:15:02.062799	-155.60449958716958	-32.97213805253085	170.416027173083	-143.3409899770893	-15.180026649237103	170.42555458260344	169.4348123256682	13.885550521649282	-164.12620234217036
11:15:02.072884	-154.88612626332028	-32.68582800611418	169.57292322285906	-142.3774796907326	-15.475472918174724	169.44787765554818	169.03539479810166	12.339832957279366	-164.17174826415243
11:15:02.082956	-154.21867408706362	-32.56836026418774	168.739520121788	-141.42576209044972	-15.590750719685085	168.54251986440175	169.1954824600128	11.782368996796876	-164.04381941646866
11:15:02.093426	-153.61454847576837	-32.57946863418003	167.9283516980666	-140.52554771802892	-15.496836032129707	167.75567148207693	169.33018482117294	11.76142512077894	-163.8762289828867
11:15:02.103819	-152.76719470773972	-32.738909126206856	166.59823635234895	-139.69013330600882	-14.94218539522597	166.71636079100827	170.14866015019075	11.724670756150264	-163.83653539831178
11:15:02.113919	-152.45284255491592	-32.815269633996635	165.9418155296396	-138.91100257875067	-14.612033873921423	166.2267531662079	170.9807046629677	11.558453372817748	-163.82505434585295
11:15:02.124722	-152.2422723602794	-32.874319383762455	165.33313928116962	-138.1536707255793	-14.2678371603502	165.81207018857282	169.62270416166606	12.413212497222352	-163.47001205771647
11:15:02.135300	-152.1234725227371	-32.93616075792605	164.78621566772094	-137.39350612214992	-13.921044724367412	165.47445396024673	168.77947992379234	13.356712886090333	-163.1313743583301
11:15:02.145475	-152.0741698334715	-32.99573849616505	164.29227073686772	-136.6323932484181	-13.61637606257426	165.18221577014415	169.75474919537126	13.046022113871363	-163.08365445335755
11:15:02.155574	-152.08495152680698	-33.05958090990569	163.8410468563625	-135.86635881569723	-13.326473460480265	164.93452480653886	170.77327002401822	12.717125848973865	-163.03240599989164
11:15:02.165669	-152.12362187118842	-33.1663033747121	163.40554713665628	-135.08843864159917	-13.039688235980936	164.70862043747482	169.75014279513434	13.984942460465279	-162.63320498064675
11:15:02.175781	-152.16871830407234	-33.29831950280867	163.0038071223565	-134.23383918578403	-12.786130511449883	164.4775375936402	169.68856541323038	14.370069364284108	-162.42272739235122
11:15:02.186345	-152.22525417434983	-33.41828048555161	162.61013297683996	-133.2755920166098	-12.623728718154176	164.17713973422366	168.22084347083756	15.536094663663917	-162.1555554847322
11:15:02.196435	-152.3259695765146	-33.46955881690473	162.3360928460736	-132.16386867682823	-12.636221462667006	163.80249190360246	168.1123799492378	16.05652269279706	-161.94383815211532
11:15:02.206509	-152.51617099384862	-33.46822921278576	162.19663821225484	-130.9096235241874	-12.849992368319484	163.30993904461798	167.99196787441082	16.19053556217686	-161.70310563509582
11:15:02.216583	-152.93977936807747	-33.49915779369056	162.19107500344566	-129.6782175578696	-13.13242665322896	162.79534900996927	168.01058133192677	16.683567381031523	-161.256801608192
11:15:02.226661	-153.70114283348443	-33.53097297183349	162.345458231227	-128.5826088735951	-13.349585532081562	162.53121288275696	169.5696195480728	16.822932741164344	-161.05166139200625
11:15:02.236735	-154.67519136514417	-33.66534987025448	162.67999297007563	-127.50202549461503	-13.532110131432551	162.49136176932538	171.20567257593368	16.840412008832658	-160.8245533936467
11:15:02.246809	-155.82033841518162	-33.99798446181427	163.23186333843245	-126.3858956089452	-13.934569025175215	162.48944051278707	167.23288920056518	24.363882104636826	-160.6380960295416
11:15:02.256878	-157.07461446163882	-34.58454461059235	164.02112695096744	-125.13316788273153	-14.694938485538671	162.29445582476146	169.48326175809171	24.919563953968563	-159.87570859086895
11:15:02.266980	-158.53989158557835	-35.236122006513405	165.12190871898557	-123.76787890830587	-15.768266532577762	161.86230132303004	167.82124329990106	26.847877462643012	-159.99457686344553
11:15:02.277077	-160.18785790648442	-35.663341792572545	166.53415524235425	-122.15120178295163	-17.045344850876866	161.25566159763224	167.85975057613078	25.286035780699795	-159.2251777760896
11:15:02.287515	-161.9326057071032	-35.76521412345686	168.24347096195862	-118.85686798605333	-18.05527483142196	160.08838840137633	169.0195129381282	23.492463057670292	-158.84527539291028
11:15:02.298025	-163.66909469398246	-35.69233049347513	170.17290817384796	-119.32203439713393	-18.628478141392424	161.54037573066054	166.70367090346295	21.03851074394076	-159.08120878670246
11:15:02.308137	-165.33944430198514	-35.63191099756644	172.2616027451215	-116.91540447654012	-18.027152307801714	162.91365577197757	169.3259771250384	19.825122300797133	-159.06355423072108
11:15:02.318234	-166.82717079189936	-35.73213620978139	174.40178076170136	-115.92059109832991	-17.61758027503578	164.4338017038209	170.51468556651145	19.325831511542575	-159.0542925216655
11:15:02.328369	-168.16753226758323	-35.975976792218994	176.50809774595987	-115.16602222592239	-16.955822149617944	166.03541005343314	171.38322142110704	18.856951353507938	-159.11913871704644
11:15:02.338469	-169.36114177280405	-36.34531396653378	178.4559144264768	-115.32943760256431	-16.49923948211186	167.55950208249624	158.42391429229144	29.884720318062705	-156.05225312894163
11:15:02.348909	-170.53603410180028	-36.749478063606375	-179.7338820706604	-114.5699790673278	-14.808324077764626	170.41772138549987	154.18298673771122	36.57636984650587	-158.8327816688447
11:15:02.358999	-171.78135983940143	-37.087872126041674	-177.99953676189713	-114.3575924422397	-13.987731923563231	172.46672227946578	153.57733092804497	40.613759785978054	-161.05081154595854
11:15:02.369103	-173.08269663055782	-37.31457331050294	-176.28262432514182	-114.34652345072215	-13.437655365653063	174.32709687275448	153.96688398096228	40.032944051905304	-160.83336129366378
11:15:02.379666	-174.43918321885786	-37.47804137024217	-174.5111346599461	-114.74862571356141	-13.133836741758614	176.05215388824885	161.59664028041038	30.633914451194304	-157.3946679657694
11:15:02.389764	-175.7504526938573	-37.45539866439775	-172.6308162033856	-115.56636177612941	-12.961770595320353	177.84446153886526	164.37466768140874	24.42665276921611	-156.98910334853568
11:15:02.400212	-177.22743941658507	-37.5829055575265	-170.70985016960364	-116.7785834977459	-12.84696637713038	179.83650735231416	165.73167980209837	22.107496132309397	-157.8258277568024
11:15:02.410312	-178.64915846186145	-37.62591990335594	-168.80642643323225	-118.21409978013017	-12.76439715071747	-178.07055147974688	164.61492585117455	22.0437956721055	-158.0163994809551
11:15:02.420386	-179.9826058522609	-37.70502498433467	-166.88307704196342	-119.82523645741966	-12.68116199286057	-175.93367738802712	163.23412451499792	22.0606521350216	-158.19204286858783
11:15:02.430966	178.7533787544738	-37.86965847830723	-164.963105722301	-121.62002074835775	-12.496704479918654	-173.7225094682284	164.69195099108575	25.25414333622167	-159.82484964144086
11:15:02.441108	177.58176768606833	-38.094801749052415	-163.1380957090354	-123.58529711195975	-12.22554907698006	-171.5785660629863	165.64041117762767	27.38651979727889	-159.41130902923757
11:15:02.451246	176.57643066960068	-38.18746583141038	-161.46772167624022	-125.69837632713146	-12.076501275949882	-169.539947461289	163.4639286556356	27.517857379186268	-159.89170589310334
11:15:02.461314	175.69273429341504	-38.076138474616954	-159.97583763295893	-127.99073377319944	-12.119268397981184	-167.68729960081612	161.1197294599132	27.747870314117847	-160.45960790750345
11:15:02.471383	174.9628575443084	-37.68541107594159	-158.68783783246903	-130.4981450853484	-12.476042765007794	-166.01077578953996	166.6131546092909	22.34945840669861	-159.6277590374175
11:15:02.481462	174.39483982372076	-37.04939092512386	-157.60754493221606	-133.2016155110707	-13.131915813472142	-164.54925863723852	166.72950702521496	19.52517974971835	-160.26989249959453
11:15:02.491649	173.92661185776973	-36.26457535619041	-156.72606213910092	-136.13415951688467	-14.009603395000292	-163.26943958940694	167.12297921103203	18.284168739934344	-160.97185258905003
11:15:02.501773	173.55243186728106	-35.41031722117171	-155.99936031785103	-139.21559279982625	-15.048927242844579	-162.15643752811792	164.44356975857568	19.15037539832281	-161.2974109988414
11:15:02.512371	173.23973920787125	-34.59768243601244	-155.3814242183324	-142.38872675485516	-16.199913762107396	-161.20503076819662	161.7045258268467	20.21922899382692	-161.6736371964705
11:15:02.522516	172.97131219567953	-33.89722456034046	-154.85193973255733	-145.6362986522787	-17.406328300242375	-160.4155807246896	168.30160046809695	19.825784531559798	-162.88762904011588
11:15:02.532611	172.70343162783405	-33.364587336601865	-154.3731332170056	-148.9837533748327	-18.560976054372553	-159.73389908770224	165.36158712163711	21.233007590592116	-163.36701591799746
11:15:02.542728	172.432671950376	-33.039922633310084	-153.93215153715903	-152.36741793303236	-19.668301141231392	-159.12398063235437	168.20098851173168	17.499643113290677	-164.00500225843314
11:15:02.552850	172.15662062135254	-32.989626267686184	-153.4924698610229	-155.68011013452116	-20.62369451086785	-158.54942007960508	168.0423105999328	16.90097196444383	-164.63521759710122
11:15:02.563508	172.04379906673833	-33.19403583474317	-153.07181361505002	-158.82582896020722	-21.324057361787116	-158.0587233520221	167.70823325036906	17.281425128158542	-165.36817427303887
11:15:02.573846	171.97267179166943	-34.06164045674835	-152.47609385987775	-161.57856157685546	-21.34838273992449	-157.59623700855084	164.5749258334288	18.757373098717135	-165.76593871254454
11:15:02.584587	171.95400422134136	-34.552161552843096	-152.3047338880212	-164.64002874668873	-21.556625043060563	-157.25589301804015	164.01339160931082	19.44287595599984	-166.68992744937572
11:15:02.594653	171.97505000448336	-34.982764444598025	-152.2545497632858	-167.66134313396753	-21.53009790784081	-156.9494875183208	166.41338872598433	19.241050301015516	-168.26752271236163
11:15:02.604726	172.12553214499735	-35.365628518824145	-152.32774035328086	-170.54834864195834	-21.20848227872682	-156.7143124044314	163.2385585378728	19.82389372652907	-168.89237965415683
11:15:02.614797	172.39796219304384	-35.70476114116784	-152.54615541495573	-173.24147778744148	-20.671676738808333	-156.62935365791222	160.14006591945216	20.103987030291652	-169.57728330304022
11:15:02.624865	172.74609155200508	-35.96655493126618	-152.8553094923394	-175.77726006790041	-20.090604297583127	-156.6401064272397	157.1519952429336	20.217134998201843	-170.26987151238978
11:15:02.634992	173.12068389045606	-36.10120053834434	-153.22903788575672	-178.2200860899976	-19.630491347672045	-156.70642306249593	154.30019307394306	20.30958568814192	-170.9505515690034
11:15:02.645054	173.45712789285497	-35.9924478595849	-153.62909585223207	179.41403083233874	-19.46693140340325	-156.74917564961973	151.6729118323739	20.455427091976176	-171.57865844463242
11:15:02.655130	173.75362421298374	-35.70550722499781	-153.99020261557084	177.23721288720546	-19.612540536055036	-156.74795199072543	149.33439007861801	20.70984929886896	-172.1417113107304
11:15:02.665225	174.04723447472495	-35.440804110533	-154.26485371233662	175.44257781992002	-19.868133772999236	-156.72633779616163	147.33803890985644	21.03537479828771	-172.63579680068247
11:15:02.675334	174.36216711335905	-35.22768985229789	-154.42499453062618	174.1220670074138	-20.21341207073277	-156.67197320993603	145.72995107554738	21.40682431350466	-173.0241531266193
11:15:02.685578	174.63667224924748	-35.02222022773342	-154.52629531023408	173.22034619170626	-20.698405786465024	-156.55344271762786	155.91451017954265	19.23135290777739	-174.47061778520413
11:15:02.695663	174.58888077171437	-34.93952267178426	-154.59873221131733	172.49133376303368	-20.954224201941674	-156.35544882356066	162.01248061977105	18.006451517142082	-176.01069262749778
11:15:02.705782	174.6591578478721	-34.18185103968483	-154.5900159578866	172.05558496104578	-21.80132723989571	-156.007726926672	161.78645656843986	18.167355091210656	-175.9515308403462
11:15:02.716220	174.46711449882093	-33.513417665536295	-154.5526538262042	171.8465004932663	-22.359998409381266	-155.6239126549374	162.00919335385709	18.16404100158065	-175.78597579604647
11:15:02.726347	174.19894110558528	-32.8242354319576	-154.44564171867006	171.98790281723925	-22.86495990556438	-155.20167197399726	162.63738470687335	18.0536174219546	-175.52431473966132
11:15:02.736431	173.94955975393802	-32.33807596533125	-154.2717025915409	172.6001774923516	-23.107441888249028	-154.85096910024586	163.59459168362451	17.82624692796403	-175.20850221319128
11:15:02.746497	173.75740748565482	-32.2584357901578	-154.04056890783048	173.766355798547	-22.890673322220145	-154.6327069850153	164.80545891201683	17.458272380198824	-174.8396182349512
11:15:02.756569	173.90260938003848	-32.75233280076933	-153.85626714215607	175.61638055823875	-22.337899477530257	-154.6975519423818	166.1410985492252	17.10772942613359	-174.4276719887097
11:15:02.766742	174.51370287475638	-33.6733475264793	-153.9125284446598	177.75501543294996	-22.0608678738067	-155.02448668240447	164.9956686658518	17.928992010217808	-173.64064899743582
11:15:02.777424	174.829469065124	-34.57274424317874	-154.3039355842807	178.84990781659465	-21.172961816813014	-155.44277816572335	162.2226243215663	27.335173203352753	-168.93025155094819
11:15:02.787634	174.92880185016318	-35.93791146986175	-154.60794084083608	-178.89117390034974	-15.777140018067927	-156.173231907397	159.5185301524391	24.27759606232932	-170.30764183981955
11:15:02.797698	175.28901986965286	-37.095050830896746	-154.84192914036788	-178.19623510770538	-15.044571230331803	-156.41773555060607	159.5185301524391	24.27759606232932	-170.30764183981955
11:15:02.808050	175.85070414282296	-37.518509207118925	-155.21627103035792	-175.30448818317433	-11.513578349340653	-156.6369321555423	153.57875972061177	26.985770679540003	-173.99271058530044
11:15:02.818118	176.35835404200773	-37.20678582310412	-155.7191278289138	-174.3027722660261	-11.61195907729798	-156.89357736669285	154.63935457349086	26.54792084637522	-173.60659506234597
11:15:02.828222	176.70473893140252	-36.14674385207772	-156.30306336926768	-173.75306973740362	-12.458403110202248	-157.12879257826407	152.92463124909602	32.121854523036546	-174.80026397011267
11:15:02.838349	177.04243048035903	-35.00348931275048	-156.95952659316103	-173.2681752586653	-13.231945288126433	-157.42278196514147	153.4240918666602	33.31945636159777	-175.35876179277105
11:15:02.848999	177.46737558326015	-34.43006917536192	-157.7340891870766	-172.53321649850108	-13.319969987992353	-157.90343872603844	154.87771302564647	32.991708235252716	-175.6542767565157
11:15:02.859066	178.1159073035302	-34.937781371004796	-158.59631631442568	-171.30328496866827	-12.303067519022132	-158.56000011512688	156.71503236248697	31.564380703252883	-175.72012655801058
11:15:02.869171	178.88530886975386	-36.51121423079599	-159.4778770307455	-169.7067334962317	-10.401035248021893	-159.235114410802	157.9577251236534	29.212418422939255	-175.19087934804173
11:15:02.879275	179.80075293603812	-38.61794321778548	-160.33561129678665	-167.94351772137603	-8.495316169284875	-159.8940523585952	158.51677470343276	27.039919102746268	-174.01470318719157
11:15:02.889415	-179.16575374224672	-40.98546354400289	-161.21149070660022	-166.14599240984916	-6.9038226235038795	-160.61915109902193	158.72693926513932	25.635030915136777	-172.3088647683806
11:15:02.899518	-178.17782184653063	-43.178998912991595	-162.12100985465364	-165.24071773357207	-5.341587244867609	-161.48128573518304	158.72693926513932	25.635030915136777	-172.3088647683806
11:15:02.909672	-177.3699163665902	-44.6148647836976	-163.01407033951793	-163.4071309438512	-5.4550579375380694	-162.33141169158628	159.00692351585585	25.3505590547736	-169.32582728571637
11:15:02.919792	-176.80220590210112	-45.12198101982065	-163.86679207826953	-162.71863388407291	-5.781718253479219	-163.21781640939616	158.7458629314813	25.756508726381295	-169.29498941157337
11:15:02.930286	-176.46615782416066	-45.072289782919306	-164.50567793973457	-162.32102229755282	-6.41456750240904	-164.01662852042662	158.5117672772373	25.833037659778004	-169.88414612260948
11:15:02.940560	-176.011630721869	-43.989197876893094	-165.38877186211002	-162.09916458244757	-7.207315689293847	-164.68912286233657	159.2044667258234	25.569914707925392	-169.65803336496268
11:15:02.950628	-175.76284485652684	-42.964271358399756	-166.0360911033063	-161.92403336625136	-8.001051928366929	-165.32161459377778	159.65863329681721	24.610160416278795	-170.4886902156432
11:15:02.960697	-175.2212256344244	-41.95499937834172	-166.90530847425632	-161.5251821445197	-8.573065354654076	-166.0026499114249	160.35144238735637	24.02899010768536	-170.47502459746357
11:15:02.970770	-174.42810842879166	-41.355512806186	-167.91942235812465	-160.84277638199256	-8.801677969803517	-166.8154028799982	160.9944119293547	23.98683543925115	-170.25992690207414
11:15:02.980874	-173.4663855257466	-41.19922715168326	-169.05313478318155	-160.03169745246544	-8.707245691275721	-167.74639888501167	161.57964673409828	23.677696134001845	-170.0727715712831
11:15:02.990992	-172.39182321721955	-41.40109134973313	-170.29746422660222	-159.20177525114224	-8.498965925076014	-168.78382934732943	161.53508820533438	25.37375325725158	-170.04461575034225
11:15:03.001112	-171.2463548571378	-41.79496674831656	-171.5889585075406	-158.3490572838492	-8.421903361020291	-169.9545004951707	161.5742058888648	25.78136290254619	-169.77651316201047
11:15:03.011231	-170.08327711969898	-42.20372294590337	-172.86441763666681	-157.53316797895582	-8.525273520067463	-171.20342891279293	162.13502597304287	26.254074440385796	-169.55905020042536
11:15:03.021334	-168.99793384886087	-42.453674257532285	-174.01190828570853	-156.7966663749034	-8.813362287209277	-172.40807287831268	161.75704819852655	24.123857783181588	-168.84655352714526
11:15:03.031998	-168.0604663761231	-42.43400021720954	-174.97650647142564	-156.16031133667954	-9.20393258145091	-173.4648595319208	162.1323990223931	22.76680461412044	-168.65635134020127
11:15:03.042082	-167.2319196904239	-42.17454550731957	-175.80873154399163	-155.58322466564695	-9.587767012106026	-174.37783026890324	162.41779911333776	21.961693975175802	-168.57106379492444
11:15:03.052158	-166.4524602336815	-41.7899462871961	-176.56028313598904	-155.0034859465083	-9.887990223178267	-175.18110431359034	162.5638855361986	22.236693406232696	-168.49814181588408
11:15:03.062230	-165.69611259078252	-41.3699366417847	-177.32678719502698	-154.43647568575773	-10.14683394212714	-175.9709419209547	162.71088891128767	23.062978962704403	-168.31407211982525
11:15:03.072308	-164.89364479094607	-40.96267194718805	-178.17417272305386	-153.8419754253685	-10.451195961840334	-176.8707495505045	162.98202846499285	23.797708297756174	-168.09952968792825
11:15:03.082381	-164.01368123007992	-40.587613205637986	-179.07452475141625	-153.16073892678634	-10.824721843184804	-177.89207579807814	163.2822981721972	23.82123532133802	-167.84512911657373
11:15:03.092467	-163.0636378086547	-40.203635054288064	179.95807806117986	-152.42620257295067	-11.25027932446931	-179.02023458394987	163.53258602674242	23.119665516023286	-167.55530419306635
11:15:03.102555	-162.11860604604001	-39.76642311385581	178.9967477499037	-151.67145860129563	-11.695217063180005	179.8115967036325	163.7702899792604	22.214860650944306	-167.25915820814888
11:15:03.112644	-161.20780840907742	-39.23412184930829	178.0434562104231	-150.89845397115718	-12.128588613578538	178.6590939994465	164.06048134392537	21.60823684452308	-166.96944005538512
11:15:03.122761	-160.36164997555585	-38.615403047930876	177.1007327264009	-150.62767411383655	-12.463215730390385	177.70524406523	164.06048134392537	21.60823684452308	-166.96944005538512
11:15:03.133240	-159.61808697486902	-37.87275441224155	176.2908441331934	-149.3741705212919	-13.002271988984761	176.53255241540018	164.61727924728928	21.59880308510641	-166.52965301544398
11:15:03.143338	-158.93681271861396	-37.11384558278844	175.55463859363607	-148.61710060669188	-13.516552522671581	175.51212369331117	164.9193466008779	21.510695686128372	-166.33645611334967
11:15:03.154058	-157.70729325056556	-35.63242384058302	174.0592567630479	-147.6608148924057	-14.430334399217148	173.64541009681	165.20795198529936	21.11911879645141	-166.1200336416799
11:15:03.164160	-157.0925395409644	-35.01245606929956	173.32688250583976	-146.8867572923162	-14.790885912277068	172.71129245092888	165.49485204309963	20.6964965798018	-165.88563808130561
11:15:03.174772	-156.4521594520949	-34.502116275234094	172.6019088760669	-146.07257714184342	-15.052523411821236	171.81177143962532	165.34900647940333	21.536459060958997	-166.12116867733278
11:15:03.184846	-155.79069709176702	-34.12558423957336	171.85140072039692	-145.2650298082147	-15.15129997261277	170.99033789197227	165.5082550608471	21.089934206966397	-166.07614849449638
11:15:03.194996	-155.08356828368025	-33.83075300156156	171.10047956864673	-144.38303099569177	-15.26032650065898	170.18565720558473	165.623987136518	19.566891665785864	-165.9138402436491
11:15:03.205068	-154.34880186070237	-33.576178672010926	170.38267610668646	-143.46655172994787	-15.328246521400068	169.4247682622618	165.7690174913072	18.133596483353134	-165.6578361513649
11:15:03.215159	-153.67023554076764	-33.39716195102828	169.71076379171976	-142.56641691268587	-15.428480561101052	168.66279866704758	165.91766292240783	17.547586091561215	-165.48417440611962
11:15:03.225228	-153.07016906473206	-33.27878041956428	169.083131541244	-141.66304339678572	-15.53502065473559	167.90363667605712	166.10910977567647	17.36584441655466	-165.1315549720011
11:15:03.235330	-152.54951162110484	-33.243322439716685	168.49494518024366	-140.83908210154786	-15.504769308652042	167.2476153837514	166.2480633160434	17.398399406160777	-164.77574124898615
11:15:03.245798	-152.10259356396412	-33.265531837607874	167.92366899237598	-140.06243119290932	-15.342036559074016	166.6543880587147	167.05274139599908	17.41216285641949	-164.6155965694926
11:15:03.255866	-151.72996835060724	-33.33890211471072	167.37005967725963	-139.29788833786682	-15.076647674275616	166.12547562351702	167.90947058526515	17.366169167798287	-164.47536343001477
11:15:03.265957	-151.42567074282914	-33.45772758468351	166.8225886536452	-138.57212233290437	-14.669904664186706	165.69283171687727	166.55135915460372	18.057988640475973	-163.9093721666603
11:15:03.276053	-151.18676796606243	-33.58497943039562	166.29648520088492	-137.86098063954145	-14.200748889000923	165.32428711153352	166.55684448526793	18.33756900716925	-163.65802708950577
11:15:03.286659	-151.01744689507345	-33.691633726618996	165.81829351284108	-137.12809104228768	-13.764829239087723	164.98788850874695	166.5306662655562	18.590552354558277	-163.39514416222374
11:15:03.297099	-150.90777294241315	-33.75789667174827	165.3786331882147	-136.34185912124175	-13.401599626537182	164.6721577160468	166.4940402844477	18.785512047561664	-163.10522140114955
11:15:03.307190	-150.84110238543832	-33.79214213100368	165.0050777307661	-135.5017995623142	-13.134767393023997	164.35575954609212	166.43764452588894	19.002723878754832	-162.8117859932687
11:15:03.317315	-150.8321051009249	-33.766471583037635	164.70828087052394	-134.5681369051937	-12.994526133771377	164.02261192506518	166.36623616695255	19.26295736889176	-162.51707638798717
11:15:03.327432	-150.8583225238263	-33.7168845649935	164.51127703962976	-133.54447783727326	-12.929571488453334	163.71882226820912	166.24592607087007	19.161596641280564	-162.16753606187885
11:15:03.337610	-150.9292505111491	-33.638210870770344	164.4656040130342	-132.37033607794535	-12.985542448637323	163.38508856250027	166.19195553175922	18.936305674390816	-161.61557658123542
11:15:03.348088	-151.15449705992765	-33.65307274941232	164.57319090952882	-129.61208273174987	-13.155571069848486	162.49044812917717	167.6337036542603	20.727661458573124	-160.8682793312668
11:15:03.358193	-151.6950563347126	-33.7337783040567	164.8358937320325	-128.3899889353849	-13.046008623215615	162.47184173142796	167.36191800371958	23.309867084102915	-160.6088687489388
11:15:03.368358	-152.54766096928734	-33.822238980191365	165.25285281477662	-127.18132494748863	-13.045995505700978	162.58545006315225	167.05971909521713	24.92041549848257	-160.34121956337583
11:15:03.378508	-153.66432969163378	-33.997720271674915	165.80767906339787	-125.93165170289187	-13.381986363325224	162.5414518104175	166.66509966098153	25.683736610778542	-160.00318071114003
11:15:03.388639	-154.92958434081288	-34.35655201762808	166.51492790118175	-124.5133439783807	-14.127236986840334	162.14319277544	166.59506148521797	25.96849406128549	-159.35426887048342
11:15:03.399181	-156.2835567409302	-34.93376585792965	167.42548346545226	-123.00770275618021	-15.125328356985413	161.51333363279537	167.14014321809242	25.684528438073876	-158.3306226619331
11:15:03.409281	-157.84354913287848	-35.67807684268732	168.59835389675396	-121.55842154661434	-16.13317554786788	160.89179463481514	167.44826755712432	24.980122844963255	-157.40196363147734
11:15:03.419348	-159.56930669344598	-36.298579587779614	170.05825898335183	-120.12008301812835	-17.063561087585832	160.48778450123868	166.7795170563033	25.074598788876802	-157.2452472078613
11:15:03.429424	-161.2928551188035	-36.55348511730423	171.77310287347666	-118.79531944679982	-17.698973015704613	160.6750819084014	165.38605470504737	25.45740782342349	-157.61354920937455
11:15:03.439602	-162.9063715534859	-36.5919228789651	173.6959949213271	-117.95981814636002	-17.811436245259983	161.75269801675444	163.57037468437017	25.185215753103325	-157.46209864831349
11:15:03.449743	-164.4583562108606	-36.65876032675863	175.74083107884985	-117.38617961878748	-17.547423841225253	163.27889671242784	161.89486471642138	25.94252763739317	-156.58628612476454
11:15:03.460409	-165.9498344986702	-36.56653173721557	178.15496939745995	-116.89844350923417	-16.90689412119881	165.04666252432997	160.02735459762857	29.20495004409581	-155.51550688711126
11:15:03.470479	-167.17732568308625	-36.96817919079058	-179.82161080096995	-116.47586740381693	-15.839366771231207	167.13547001464747	157.2484170878624	35.49640962508406	-155.93222091882555
11:15:03.480590	-168.14018580371263	-37.873648222117936	-178.2383969789706	-116.61095378422873	-15.237559124169334	168.59350644312948	154.64721453353894	43.03198295097816	-158.634044817945
11:15:03.490666	-169.18107270879835	-38.21240998844059	-176.31083796996367	-115.62718836528984	-13.163690578938906	171.50312732106005	157.01911440556935	42.37449566774816	-159.10973191344334
11:15:03.500785	-170.26342100154528	-38.75937954083561	-174.67835895844075	-115.4075385145136	-12.207338245941125	173.43710089505183	159.69204667497942	37.8058169879566	-157.84553718942854
11:15:03.510851	-171.5384643311599	-39.068042877853685	-173.02208867621758	-115.660742148753	-11.689598410276783	175.2622061947462	161.783235026841	31.396778594288907	-157.10735662999502
11:15:03.521337	-172.87620956473216	-39.25249141887702	-171.3582320197972	-115.9536255696452	-11.702112690331907	176.62478382540976	163.64540757241735	26.66105700576684	-157.0944636849503
11:15:03.531473	-174.41495300699185	-39.10701116999398	-169.57571583819907	-116.72053350981466	-11.748310048076046	178.45432770214003	164.6731726818366	24.881479217903507	-158.25084087640988
11:15:03.541548	-176.03722662147817	-38.76866661025737	-167.8168708083632	-118.86791038704617	-11.967194788205008	-179.15470977992095	164.36440339117092	24.72366855581537	-158.92984050097337
11:15:03.551917	-177.66198682433296	-38.38727901153827	-165.9669630564334	-120.61955149054972	-12.361201693461961	-177.1330869260137	164.8724273248459	25.433554291747534	-158.30303184750468
11:15:03.561989	-179.20322990060438	-38.13688346870965	-164.16370860923914	-122.5704976120201	-12.589672395668584	-175.07651217698128	165.6233404106013	26.80164119961855	-157.77089942324923
11:15:03.572067	179.38760863412128	-38.08060532042355	-162.38690455806895	-124.64705100126935	-12.527016831249274	-172.9888697743592	166.22334137613814	27.29211914373059	-157.62053851061037
11:15:03.582195	178.15047022504103	-38.10811221290996	-160.69196326468932	-126.77547244180236	-12.304294079774563	-171.00104634636813	166.46159741284256	25.79123926269695	-157.6866505549332
11:15:03.592262	177.0794444250638	-38.09051606485792	-159.12072091082084	-128.99374226220104	-12.161076825732378	-169.2435613559476	166.61864541853842	23.53920009047067	-158.2210384196357
11:15:03.602346	176.1562007830843	-37.884463157443435	-157.7102993022836	-131.33226485582802	-12.31486434421898	-167.76606252157572	166.78235262095026	21.33552946726423	-158.90575037927042
11:15:03.612410	175.40050627128198	-37.44677038467432	-156.47639889492612	-133.8049408925221	-12.839996490179342	-166.52093701063328	167.11676505004064	20.0837899508733	-159.53212820890622
11:15:03.622485	174.75554996661964	-36.78178967395129	-155.4435497367223	-136.48468480515038	-13.66120226184295	-165.4221056354668	167.50436761914733	20.10023935696668	-160.1236211075965
11:15:03.632554	174.2075016793515	-35.935559258866924	-154.56267824442162	-139.310383079895	-14.74598513794156	-164.4277611265757	167.8237288068361	20.633530174318338	-160.6365472832372
11:15:03.642624	173.66516762920284	-35.00220937702376	-153.79009451202802	-142.34256653247445	-15.967676201806597	-163.46610498683216	168.09832787165115	20.850148335642952	-161.23945121886308
11:15:03.652730	173.14508102843672	-34.12381484468304	-153.08639831214091	-145.49674092253562	-17.214775739865352	-162.53582808665524	168.23437843868498	20.40928520467309	-161.89669052469895
11:15:03.662798	172.60576361375618	-33.43031498407024	-152.41705827189867	-148.75001991826383	-18.351528486095496	-161.661854900604	168.23854161240712	19.582527708228557	-162.54506223265395
11:15:03.672965	172.24248938653093	-33.084315786012645	-151.95857576238066	-152.02132728527167	-19.253612060463073	-160.8164082310551	168.26742318155038	18.842986445617928	-163.2043445070348
11:15:03.683051	171.84907347290454	-33.06731084989424	-151.25665977437373	-155.09087848474095	-19.80113134574477	-160.0448070195504	168.29738646576087	18.490077711770933	-163.90451567671775
11:15:03.693121	171.58829557640334	-33.37401287394372	-150.56410784535754	-157.9772031708273	-20.070819216804214	-159.3668001345964	168.19552386725798	18.656717547135727	-164.79518401605418
11:15:03.703204	171.40978529940938	-33.86684497061271	-149.92858969845793	-160.79534086630036	-20.120256315286863	-158.7541387271468	167.94092230488604	19.163841022554653	-165.8758289231572
11:15:03.713316	171.286788376939	-34.45122905705496	-149.37213651145225	-163.589216330197	-20.02197577947663	-158.18559591030206	167.52468232802048	19.6451281367824	-166.91005481680273
11:15:03.723956	171.2157739543379	-35.62003433522806	-148.66377997484912	-165.97057755958917	-19.389124639387095	-157.68105723797675	167.1019706332546	19.99074902538191	-167.8075275308941
11:15:03.734052	171.40587277980518	-36.015873569651234	-148.5785078711907	-168.73534823376465	-19.425710657220208	-157.41018546266298	166.7820616065175	20.081888136181924	-168.70354484266366
11:15:03.744141	171.72148579149743	-36.27507454849309	-148.7203357721799	-171.4607539933538	-19.508695169939053	-157.25991348914525	166.48059733066444	19.94473542501132	-169.81821089052053
11:15:03.754291	172.08499223653243	-36.37053500070879	-149.05217123020313	-174.18940984936674	-19.617222095764983	-157.16539064392913	166.07963190214403	19.57341490356259	-170.96643874431928
11:15:03.764856	172.40766193620775	-36.32682948183516	-149.4730936238984	-176.89877492382465	-19.776905777474372	-157.0651338036639	167.45899510763175	18.29807599940104	-172.03096673549635
11:15:03.774924	172.63763482002997	-36.17686668542581	-149.94354777057598	-179.59466464736332	-19.982668701794108	-156.92390396107234	166.57128025693913	17.8387865177763	-172.57275409034506
11:15:03.785001	172.8361696516257	-35.92980597942563	-150.4325868004543	177.90388210986484	-20.32209318342663	-156.78565255725476	165.6311988426414	17.470576994372173	-173.08553739541733
11:15:03.795124	173.041576785298	-35.733108081432476	-150.8597591868323	175.7680592686598	-20.684160359527286	-156.66331559164988	163.5215042594105	17.89678579371437	-173.3955750229368
11:15:03.805427	172.95784399025274	-35.69049546041408	-150.9743058632767	175.7680592686598	-20.684160359527286	-156.66331559164988	163.5215042594105	17.89678579371437	-173.3955750229368
11:15:03.815539	173.6494971694579	-35.82616401140536	-151.3071124481209	173.3573244290485	-21.058637607621645	-156.57180504862967	162.70347534612068	18.974501345391214	-175.16958523798397
11:15:03.825861	173.92233208361972	-35.94832694895055	-151.3636420678176	172.98990112718494	-21.048131218002506	-156.5479324201421	161.9750421668127	19.13475287803524	-175.47361582252603
11:15:03.835932	174.00293921907306	-35.79738405186393	-151.36194690616364	172.83670635834304	-21.084967647835153	-156.42817759815972	161.28875479332837	18.9563350842988	-175.50042441780047
11:15:03.846007	173.90953431702454	-35.2815583128521	-151.33144970438047	172.83819993714303	-21.271282320837837	-156.19566558241758	160.8108600515883	19.038877334558038	-175.30075848266975
11:15:03.856090	173.67985896489785	-34.50241059526204	-151.2877099741231	173.02407734787204	-21.563562729573523	-155.88257593962547	161.27341645860608	18.94197306984988	-174.47983567020898
11:15:03.866161	173.3784899561951	-33.69082501226339	-151.20935740863933	173.50604890014824	-21.798521657413275	-155.54031478784958	161.4642382559215	19.575119561226515	-173.07640224382982
11:15:03.876240	173.15505687727443	-33.25217731710746	-151.06350483379728	174.4991909120869	-21.801395891247864	-155.27078439932697	162.21123060005647	22.997580082659038	-172.1364301768025
11:15:03.886750	173.43286398353695	-33.51246068546947	-150.92983937516698	176.93904294884936	-22.11796055162192	-155.02931541099306	163.13970852791175	24.765313996406054	-169.9349245708804
11:15:03.896853	173.7644280023038	-34.03754792811381	-151.1146962485626	177.4179094949349	-21.762254764151155	-155.3336287306915	160.94340802874814	26.025784349521288	-168.26664556800722
11:15:03.906996	173.66557112882407	-35.01486232169744	-151.25950420224024	178.60316005131892	-19.39894359908195	-155.7050323521599	158.9528578978884	27.41163878027227	-169.35880018590254
11:15:03.917095	173.64026856521363	-36.34049653727349	-151.14550629921996	-179.46320803916063	-16.132325856553926	-156.00723892155202	156.1600541551724	28.180388148540192	-171.40516818364657
11:15:03.927708	174.29248735124838	-36.71552629353097	-151.30739544375984	-175.99915655984188	-12.093028663793131	-156.36621667659495	154.6216855452639	27.446490878686298	-173.09218167446048
11:15:03.937851	174.83548312980673	-36.22329707492799	-151.81374482122692	-174.82488013810672	-12.125156325199242	-156.57814884418246	153.2278446879972	30.82796791542569	-174.56918388020082
11:15:03.947962	175.13129022983318	-34.882147784738684	-152.45948974735737	-174.37860239033935	-12.782709569449539	-156.71869094778393	153.0848646801	32.71725884633468	-174.69417924516182
11:15:03.958044	175.4174925646434	-33.75459600614455	-153.11687497795393	-173.76371812610964	-13.086888850953356	-156.91216401432808	153.90853392459954	33.18485925597896	-174.60993616011694
11:15:03.968711	176.08786704802208	-33.254652493010354	-153.9249777148375	-172.72168109916805	-12.714685904940376	-157.29429072254956	155.87165864883374	32.77190732056437	-174.9098360764248
11:15:03.978861	176.50404264392046	-33.87621136920712	-154.5082757812725	-171.35711438591633	-11.39381263392213	-157.7372564385678	157.97200554499614	30.66077653270544	-174.61069444673183
11:15:03.989028	176.89895895797557	-35.92044479000356	-154.94652183524389	-169.65672503425554	-9.477745061564631	-158.2363765043855	159.16394582960416	27.76788927185218	-173.5970820497619
11:15:03.999713	177.47714552862905	-38.27565891934441	-155.40550549699182	-167.76006880705097	-7.752707838443494	-158.82199070052582	159.36262426284395	25.74758649029103	-172.4237116256842
11:15:04.009798	178.24339770819466	-40.791035276120404	-155.9612323093722	-165.78414834502598	-6.501662293309279	-159.6172576398008	159.37556633659128	24.841957318289342	-170.85782710405726
11:15:04.019872	179.09311056317898	-43.15887431546682	-156.66893502238423	-163.92858118257806	-5.5853481060976975	-160.59935871796708	159.68156437795452	24.487227746879586	-169.05971140257478
11:15:04.029943	179.80230476972903	-44.835983780133674	-157.48399987597463	-162.58725137149997	-4.927621879200694	-161.5854438560962	159.83406984429854	24.558339424140065	-168.0734060216409
11:15:04.040010	-179.68741047048843	-45.58429750450845	-158.34544821823377	-161.80745759721285	-4.554030153541188	-162.42370441109688	159.30057841997788	24.85358878539692	-168.20454437040974
11:15:04.050084	-179.29086567438364	-45.4569109512058	-159.21138904133127	-161.3674980279755	-4.599280951063757	-163.13372092883256	158.94602187332853	24.959940027290596	-169.0002208155166
11:15:04.060165	-178.94188348010616	-44.729269595885526	-160.1029283551227	-161.11705262612838	-4.97152458607381	-163.80119107530413	159.69443585549953	24.852452418306935	-169.78164186038273
11:15:04.070283	-178.55692500340328	-43.70754410819537	-161.0717873789121	-160.94340345802726	-5.387937556674114	-164.45015746806217	160.79587120598424	24.511223027138076	-170.38062073112206
11:15:04.080362	-177.9484952599081	-42.77956138150023	-162.20458840164483	-160.62013384301025	-5.669474651605611	-165.1565766667347	161.58941934202446	24.29413202685699	-170.64166496961346
11:15:04.090433	-177.1052511375245	-42.23052440160502	-163.4506153640093	-160.06102908802228	-5.809619709801742	-165.9880949179224	161.98927009302298	24.71330074036045	-170.27325468460708
11:15:04.100885	-176.14050544382658	-42.131220263567116	-164.74559906548194	-159.93956315110603	-5.966323089011884	-166.99865269462018	161.98927009302298	24.71330074036045	-170.27325468460708
11:15:04.111301	-175.11027136202003	-42.40517087813897	-166.04491653351417	-158.6241520512557	-6.096110297669421	-168.13919606501415	161.61511533371174	25.615311147476387	-168.91782027820787
11:15:04.121397	-174.01455145277976	-42.93842436543813	-167.37528219540027	-157.84053209858064	-6.135292551786114	-169.38669090738972	161.68834431657956	24.785844728741576	-168.2894961731372
11:15:04.131475	-172.93246195717288	-43.46653447860675	-168.65730935504033	-157.10022410076192	-6.087247593633479	-170.59731526596	161.94286152768314	22.967587011119846	-168.0537208543183
11:15:04.141547	-171.94795187404597	-43.79784429253483	-169.80842518584694	-156.44194440617508	-6.014919074925643	-171.64189632569813	162.3369726164503	20.78405465654298	-167.9802285540615
11:15:04.151620	-171.08348821922854	-43.86023657112793	-170.8292604743363	-155.86426424448652	-6.003909709061889	-172.53169720159013	162.57146320489372	19.45776755112915	-167.7672983902038
11:15:04.161702	-170.2678777015594	-43.71573057343709	-171.75718395812302	-155.3245393662354	-6.093146761435156	-173.3392636580475	162.58492377645933	19.765262573611462	-167.54606438866654
11:15:04.171768	-169.47917767645092	-43.497196530195	-172.66675825126387	-154.7862537817861	-6.314206236202947	-174.15526711527374	162.74231124691153	21.04580398078646	-167.3300928866671
11:15:04.181842	-168.64894960924653	-43.24288909182412	-173.6197225220264	-154.23368010843416	-6.658233708658779	-175.0599088217714	163.10766246612496	22.369132208387207	-167.15770739250897
11:15:04.191916	-167.71539144627954	-42.99154216956192	-174.64055113602694	-153.6198810295774	-7.0891611797867355	-176.09476268582517	163.43178225696744	22.76665535737167	-166.91963751479233
11:15:04.202039	-166.71975256462432	-42.69472798519301	-175.71649691886367	-152.97955463854777	-7.612797488391047	-177.23165210388228	163.91564329796878	23.01116335947373	-166.76411452596207
11:15:04.212122	-165.70278300119008	-42.32775763314458	-176.80667394480568	-152.33061914707443	-8.15737495132888	-178.42659888083912	163.8179300805466	20.569641305783477	-166.31883381138633
11:15:04.222187	-164.70420908395926	-41.86659247242815	-177.8847112649774	-151.69732888636176	-8.678400450096303	-179.59425956109249	164.02078545313705	19.437421940318753	-166.0352005145348
11:15:04.232260	-163.74085414080147	-41.31703589756921	-178.94802797309802	-151.07199130179305	-9.197847123127891	179.27575969763564	164.25249749031016	19.222991871804798	-165.7789390266873
11:15:04.242330	-162.83292160864394	-40.694894076392075	-179.97211667597614	-150.46679367385124	-9.72629579693296	178.18259274126007	164.47946318397408	19.95243381006397	-165.69255949006475
11:15:04.252402	-161.98024477977447	-40.01526599103185	179.04716365427953	-149.8730618373315	-10.32132362084039	177.11448137408638	164.7337016459084	21.51160181811545	-165.86948895577495
11:15:04.262485	-161.1670101125679	-39.27549151574446	178.1020372180296	-149.30266729716658	-11.004919891438481	176.07267349645048	164.88048395284898	21.927215711313913	-165.80135596942566
11:15:04.272568	-160.36945815413813	-38.497851849942045	177.1898527957757	-148.71474538936513	-11.77806781337859	175.02026260926783	164.86651559603874	21.033782859544562	-165.65836617937842
11:15:04.282640	-159.51991609622968	-37.73664347583169	176.28124490266296	-148.0328396652768	-12.599161200593679	173.9163796879702	164.83496470065006	19.502324704457774	-165.45465569685894
11:15:04.292728	-158.65431717683737	-36.99200154704754	175.40462973432193	-147.28063500681816	-13.423377421091375	172.8081955183943	164.84082894445632	18.050132630540205	-165.27128411875157
11:15:04.302840	-157.7751116502415	-36.32229009226744	174.531917999532	-146.44997288787042	-14.149636948058504	171.70439936448318	165.38708849837397	18.329388494215763	-165.0837569602858
11:15:04.312958	-156.89033868486115	-35.75660966099699	173.64327428694918	-145.55515946793707	-14.707940449575737	170.60645240734354	164.9736306840259	17.00432426881416	-164.77467952772633
11:15:04.323026	-156.05126610591964	-35.30224598691763	172.70900797368677	-144.66968753701272	-15.064025610424746	169.5402926920904	165.03624507950497	17.294161218684756	-164.57080984308547
11:15:04.333191	-155.27039914594405	-34.967183011261056	171.73857735264087	-143.80869362532363	-15.199175444985777	168.52723825463613	165.1304277171314	17.447103375682378	-164.40284938136833
11:15:04.343316	-154.56585369289212	-34.69893710513025	170.76965671997465	-142.99208218001777	-15.15494980906222	167.5889544957731	165.21222624871007	17.489657554928883	-164.2694869874993
11:15:04.353420	-153.9343186991169	-34.43145314824807	169.85844731795893	-142.16714014170464	-15.029516574819931	166.7216854562497	165.2646042679489	17.738714777128838	-164.16216242738432
11:15:04.363546	-153.38901926974756	-34.13015218745265	169.03524631031246	-141.3276535172334	-14.878590725155163	165.94647218771937	165.31423703607092	18.099410515458995	-164.02013035386025
11:15:04.373614	-152.94789859033614	-33.817151295705926	168.3396301150205	-140.44521582184305	-14.710555889131474	165.27576327329723	165.35656922945964	18.391458686497256	-163.8571230696882
11:15:04.384053	-152.5875219086642	-33.492418913658625	167.75048890193034	-139.5081910114535	-14.556861677211081	164.68941036082836	164.50898928938634	19.398248982667663	-163.48836239315014
11:15:04.394231	-152.30631578556225	-33.206750065053676	167.27137118649452	-138.50262998189538	-14.42087053226132	164.18112304071528	165.4362801329474	18.987772206932473	-163.42334830271597
11:15:04.404356	-152.17699095577768	-33.03254358804076	166.91406439501688	-138.57299546463457	-14.545262177788482	163.93063746398573	165.4362801329474	18.987772206932473	-163.42334830271597
11:15:04.414482	-152.24019560499738	-32.899147943080315	166.7403114961213	-137.65703546402696	-14.374577555246274	163.6755445428609	164.39231570644552	20.261249141268145	-162.9936795125656
11:15:04.424608	-152.1510732064797	-32.98019934792413	166.3347144899735	-135.4797212768608	-14.00336286376844	163.33717155942924	165.5176021398799	20.250608571564104	-162.5788691247623
11:15:04.434682	-152.5250979289516	-33.299082192243326	166.13477290279118	-134.71907650183985	-13.81246519231419	163.3433590636661	165.53499656364943	20.52323661678622	-162.25458437557813
11:15:04.445006	-152.73599403237236	-33.59328774761259	166.13492765240466	-133.55616723856448	-13.719842611960646	163.25954676207294	164.09105236819468	19.91966381717528	-161.56842200739723
11:15:04.455115	-153.22698052104758	-33.883295863699	166.30994021324852	-132.3906378118629	-13.788878471591037	163.173015145167	164.0661292705198	21.01514013289155	-161.0890853843142
11:15:04.465249	-154.0846537920811	-34.13690207426724	166.67578020123145	-131.30019013499506	-13.81921823182439	163.31910651613893	163.68564417564264	23.455142969482143	-161.09564445339998
11:15:04.475383	-155.29555223860416	-34.38888991424087	167.2239528411187	-130.24654892163886	-13.924847687111736	163.68490521055946	163.39490242444097	25.897550112461538	-161.00349408146917
11:15:04.485830	-156.7372887587076	-34.708209995436384	167.91675050290272	-129.22801637725698	-14.241726986920291	164.14688094217962	163.25596939303944	27.97575151330407	-160.91608850620648
11:15:04.495903	-158.29675714112176	-35.22143528039539	168.80637715656835	-128.08623646627063	-15.005197322095077	164.43307503620457	165.5379369259746	28.140022689123946	-159.94551608554218
11:15:04.506054	-160.01064542180788	-35.92652671683343	169.9554177289662	-124.33635054356463	-17.15057343902889	162.63442543345388	165.99475965635006	29.55587190348313	-158.74482369533
11:15:04.516193	-161.83970197913925	-36.47395616273931	171.41517977791258	-125.27856893673788	-17.686571774395542	163.99692702533102	163.49191569247182	26.513406037133336	-158.75776437376626
11:15:04.526309	-163.63149889452285	-36.727465634438246	173.11639927506064	-123.3398752024983	-19.20732189377025	163.34481190683152	163.51739637127673	24.550096848830723	-158.01405791317862
11:15:04.536904	-165.40631638947434	-36.85514599904403	175.08117587494326	-119.83542696065687	-19.93467551076855	162.42004516113624	165.02862142483767	22.55736267895537	-157.00768413118462
11:15:04.546974	-167.12133615593663	-37.120833985340255	177.22294145576674	-119.0167900831336	-19.540206814293736	163.96359994365793	164.57173079827564	21.325139535554868	-156.1854947922191
11:15:04.557067	-168.64590660094413	-37.59846340442476	179.4863986213491	-118.14270770705252	-18.700819541477173	165.71722075923273	163.18260314170186	22.255944595173847	-155.3645148073821
11:15:04.567206	-169.9211760279333	-38.19084280982808	-178.30732311368035	-117.29568499798586	-17.618622813268825	167.42509319031726	159.844527100005	25.773672770725977	-154.5183256517206
11:15:04.577277	-170.98036930185972	-38.88548168828678	-176.2930340434866	-116.69738582223934	-16.17760470252741	169.4647936834049	155.3252721306483	31.963302414087096	-155.31879576474256
11:15:04.587379	-171.99458751535008	-39.55060719142205	-174.4489481240869	-116.29081072541092	-14.64951613696832	171.75618848583304	151.47508162515524	38.561371824503794	-158.16584190499375
11:15:04.597879	-173.1859296891843	-40.035733301464184	-172.63186295015555	-116.45396556575375	-14.01776569773067	173.14315872745217	151.47508162515524	38.561371824503794	-158.16584190499375
11:15:04.608005	-173.21438681373056	-39.740459176131694	-172.51398057035152	-116.01213159727462	-13.505416048810092	173.91834856444834	151.78645031143293	37.491156364086656	-158.10078307383216
11:15:04.618432	-174.50236312891602	-40.058640158343465	-170.72176339432679	-115.97621702617027	-12.744494274736356	175.93926880008317	157.03277254486196	39.92472611687756	-157.36541115656965
11:15:04.628544	-177.58416606285655	-40.33196196996993	-167.02168651390144	-116.86917019322328	-12.269485794089634	179.3767782029757	160.54954375877855	35.03401697364377	-156.07753122936185
11:15:04.638618	-179.1780151362895	-40.03986221166747	-165.1855027483318	-117.89008624470051	-12.27685539245887	-178.6749432338193	159.83181787029787	34.784043858417746	-156.46364161312513
11:15:04.649031	179.4446489875521	-39.632694085507815	-163.3565363429839	-120.2426623945925	-12.121389354955697	-176.0607181862925	157.35955844895707	34.4139595291135	-157.68893493721413
11:15:04.659104	178.08276385603136	-39.39783402150668	-161.4768831912864	-121.90966646641428	-12.089676579532865	-173.89035877561722	155.67670331576267	34.30502422693626	-158.41903315978243
11:15:04.669557	176.77384210219185	-39.35178979532568	-159.67271014812127	-122.07447868898171	-12.053687727260371	-172.4606028414285	166.62146388149623	28.598778610762505	-158.35483681618996
11:15:04.679622	175.8746308523014	-39.11912032109415	-157.98563362764435	-125.74343895730894	-11.89335998391426	-169.68830086660967	165.26059461759013	30.648344108020982	-158.6602873097591
11:15:04.689691	175.03821952890215	-38.82554049617337	-156.52655099744916	-127.94548248683886	-11.934723585627582	-167.7675281291134	165.7733786137878	31.921918014852352	-158.96199673676713
11:15:04.700114	174.3603756674178	-38.29527389146085	-155.26347029224385	-130.3579765476602	-12.196996004787275	-165.96451135222216	163.16844787387774	32.07711834113822	-159.8853763399525
11:15:04.710236	173.76873302810526	-37.54006290951703	-154.21328509864526	-133.0570469696686	-12.720217491263059	-164.3269108546938	166.27707124312312	28.181237136085855	-159.9091593915031
11:15:04.720405	173.86752719052944	-37.45637796007278	-154.15187755774429	-135.68090259309614	-12.77440244841093	-163.67598132904502	166.48747296639687	25.371924567782628	-160.8052766605645
11:15:04.731007	172.92131780134767	-35.65242256042317	-152.61302545171125	-139.0686254315718	-14.36802461716997	-161.5841509457036	166.7750975462044	23.030362479273816	-161.58337041774303
11:15:04.741084	172.55269147102769	-34.726231545855306	-151.98951164556422	-142.32168724022856	-15.366887428755922	-160.48144027927995	167.11339115066045	21.777436825562244	-162.38194664181472
11:15:04.751187	172.23846118019506	-33.93351178662556	-151.4488144319038	-145.63398533623095	-16.405301439949543	-159.59306997268087	167.36794239597026	21.441162092836926	-163.11240363184982
11:15:04.761264	171.9168573221318	-33.363143002360566	-150.96289018201466	-148.9980355789344	-17.422405230010586	-158.8654857256196	167.49570967520725	21.532875343297448	-163.76450152701906
11:15:04.771365	171.78693597925775	-33.19014615197492	-150.71677153368995	-152.36221010147685	-18.28239794002069	-158.22304032688334	167.58717936740723	21.503096131645677	-164.40075979164504
11:15:04.781436	171.72776254442385	-33.31229060831794	-150.49183486296806	-155.6484298299069	-18.883131272874643	-157.65651477431743	167.64678984445231	21.116957992151328	-165.05057862493504
11:15:04.791527	171.76404435408568	-33.65110888821169	-150.3278499897642	-158.85691383634946	-19.34209328771318	-157.18551873425878	167.68748065362612	20.515318348571295	-165.78596594593395
11:15:04.801637	171.87129717451995	-34.2245303293994	-150.23032444078618	-161.98554453091813	-19.60360161172239	-156.80539030713356	164.38733333247606	21.953202445453933	-166.48112185392736
11:15:04.811707	171.8921257192046	-34.859973955073926	-149.9496513500318	-165.03924169336227	-19.715719316297392	-156.505358677672	167.56632822095196	19.455548693318697	-167.6996877790154
11:15:04.821790	171.93064653365204	-34.751598576198575	-149.9632366008168	-168.5560854917586	-20.396870175385942	-156.14860378045674	167.19830442601477	18.932668373350406	-168.72437178672772
11:15:04.831858	172.23465063405934	-36.248939770716994	-149.76567706629007	-170.89421395727186	-19.641913200113336	-156.203636147209	166.83759976572344	18.465360022211485	-169.8951660683675
11:15:04.841928	172.55104346747405	-36.80462795949128	-149.93855778785252	-173.64115019364516	-19.612774482952922	-156.20172766791092	166.6155021237056	18.03676368678132	-171.10676383336502
11:15:04.851996	172.88153905695745	-37.21733736155238	-150.26380675102004	-176.32202844487566	-19.48086187453887	-156.25713374019006	166.28640937907042	17.643456456882372	-172.25759695343697
11:15:04.862083	173.15113414341792	-37.44775581371872	-150.68165939245768	-178.99651742672432	-19.286919833660313	-156.27653097409154	163.38685956695724	18.03106950519396	-172.7897897963581
11:15:04.872164	173.3114269099392	-37.483721373123096	-151.08987710117677	178.40674209116577	-19.128590597017237	-156.226369094365	165.03388393205896	17.840555790430816	-174.0027750278866
11:15:04.882234	173.4540104874061	-37.354453829608396	-151.4221611889461	176.051833901989	-19.052536672987767	-156.10107023865427	164.45037627391363	18.18746457239138	-174.64663527726273
11:15:04.892309	173.6128270883911	-37.18957222112131	-151.60371711347983	174.13141588242513	-19.0213795467781	-155.91177683223552	163.93811232109726	18.275807990968858	-175.27184864769302
11:15:04.902834	173.89072279595888	-37.113636057054784	-151.60988408361675	172.8445508291767	-19.11380580938028	-155.7203070475943	162.2571731710436	18.435165122207927	-175.5584297935213
11:15:04.912936	174.31157096901518	-37.06612468552708	-151.5429369172471	172.20321217323348	-19.465965910818902	-155.530764879738	163.28247418517358	17.73006433275339	-176.60332892578046
11:15:04.923277	174.26770064813877	-36.94949036697347	-151.64733285599553	171.43771978353976	-19.67453736541807	-155.31401717006162	163.19147315461544	17.390407320700472	-176.91936514458
11:15:04.933371	174.68358167077344	-36.55975238781395	-151.29540449825407	171.73455763690626	-20.24734755472999	-154.98476409169828	163.0528177406732	17.303289604580666	-177.0463948391816
11:15:04.943474	174.49954710510016	-35.858928767321025	-151.17656336604443	171.65064207001117	-20.593523917476283	-154.56063916921292	162.78883751989744	17.387360065134228	-176.92289786509056
11:15:04.953587	174.1527081600859	-34.8501035559278	-151.1056038968865	171.6396245139508	-20.982474174489	-154.0731791696759	162.48638051846865	17.593538476697326	-176.62628612262597
11:15:04.963708	173.70883041664501	-33.778696664998506	-151.0580578344815	171.82979773673966	-21.30688073012895	-153.57833432741546	162.2689789644919	17.9499208539794	-176.2545006095066
11:15:04.974411	173.03365389441717	-32.89193971322818	-150.72126936853678	172.33015873079574	-21.364281327267054	-152.90319654626623	162.26272192542393	18.460535767876173	-175.8648707670089
11:15:04.985002	173.17796267817397	-33.35552548308009	-150.5456413824658	174.36750117319565	-20.551917601432393	-153.04586967048587	161.62537427001428	18.87230440113706	-174.20357593112723
11:15:04.995216	173.99957755551307	-34.3045029297331	-150.59437538267096	177.18828959367508	-19.617521587402546	-153.64561304371793	163.23261013227247	23.162732760728225	-172.8594039653163
11:15:05.005374	175.03380270282443	-35.38671020024883	-151.15557408495113	179.66034032870058	-19.181667703479	-154.5001514814662	166.2994606456038	27.61773810536928	-171.03796992306425
11:15:05.015526	174.96433603892	-35.559114220494145	-151.2702286845018	-179.97873533524503	-19.338241013383794	-154.39134035416467	166.3416814803108	28.76011013465608	-169.24703602602384
11:15:05.026030	175.73715836685665	-37.57514650264455	-152.6329727412136	-178.98039287290425	-16.140529005854265	-155.9233520513216	166.0926511038231	26.968561989486744	-169.557049055195
11:15:05.036168	175.6430869814781	-38.00950905388045	-152.82229288171303	-178.06462833629567	-13.452336621834597	-156.05783907416065	166.51451110496865	24.169361845475027	-169.57427170471033
11:15:05.046274	175.58940792102715	-38.28020965445348	-153.30417709782085	-176.96976835892946	-10.563397267373288	-156.2331376341881	157.42476916413443	24.80805833369103	-173.26537210813933
11:15:05.056367	176.32525796515267	-36.9856045118891	-153.75883797404353	-174.8281678911556	-9.925717329331532	-156.3391785535831	154.24592978331856	28.327423489237553	-175.16192767096487
11:15:05.066921	176.46127332599667	-35.7037183567943	-154.08004169670673	-174.2769933819128	-11.358022994095808	-156.456751148997	154.99975841255133	28.910795145398996	-174.443978181251
11:15:05.076998	176.52073391864067	-34.610017339171854	-154.57575397785624	-173.82030825242444	-12.504189853355774	-156.7386531500161	155.71601416909292	29.559162876607555	-174.05040200159064
11:15:05.087064	177.0213911020851	-34.50321939854468	-155.302836844677	-172.73664641223417	-12.718509348549103	-157.40060895057633	156.8255103853295	29.639092458341903	-174.40123518720276
11:15:05.097476	177.6039999435564	-35.66553213350378	-156.13824850889375	-171.27469606705418	-11.363201967293287	-158.236164518166	158.15631257502005	29.390659217516653	-175.49006886643895
11:15:05.107549	178.2472361815908	-37.79239915071707	-156.93585391329023	-169.56135940352726	-9.054479626322019	-158.9958536055222	159.2768248120931	28.209083498833092	-175.5560231591357
11:15:05.117679	178.17430601471852	-38.23329710464729	-156.78429013004967	-168.75940781862084	-8.627424714379028	-158.80105970402784	159.7856070322507	26.958911551860286	-174.51247200790755
11:15:05.127798	-179.60321639853962	-42.99310694808571	-158.5706929206039	-165.56753570101492	-4.997296910603735	-160.5234418221075	159.74196096670033	25.960999092464608	-172.83227552301466
11:15:05.137866	-178.5613898019653	-45.13523080714665	-159.56968456025953	-163.99721132076442	-3.86158435163952	-161.4133745971371	159.72025064842626	25.22531617850995	-171.26190283482492
11:15:05.147954	-177.76840683312966	-46.23622943551472	-160.64026609666783	-163.0579625336067	-3.625209379049446	-162.38188837371683	159.96583465751633	24.795072819985844	-170.14025484541338
11:15:05.158044	-177.16990780766773	-46.38626887308008	-161.65871680048522	-162.55671889385772	-3.9881803187593556	-163.30435546978487	160.0774520258799	24.5210196207974	-169.81919381151042
11:15:05.168544	-176.69345938903146	-45.83777839648282	-162.57541155688028	-162.28151207036152	-4.654520343834565	-164.1093369331883	160.05768318547092	24.392649093892427	-170.14772115241422
11:15:05.179117	-176.52227308782747	-45.00643931044249	-163.3004338886898	-162.1528860208467	-5.49219518303899	-164.81184098572345	160.38034672396134	24.429969219418876	-170.69283405202762
11:15:05.189259	-176.0713698891576	-43.822835758228436	-164.19886237006216	-161.92980337258433	-6.266287087814095	-165.5314877543861	161.04459906373225	24.37728947135974	-170.94671054345275
11:15:05.199334	-175.30216634795738	-42.92456010591686	-165.23753090095576	-161.38167379740707	-6.707890073741972	-166.33944109103606	161.55395458432906	24.294229618241403	-170.9221512898043
11:15:05.209403	-174.30962758237055	-42.482055558398415	-166.43489257427996	-160.6297894455867	-6.698903301832012	-167.25000692344977	161.74450365546352	24.313962556995985	-170.79078941827498
11:15:05.219478	-174.45257024533646	-42.55000215555177	-166.37004286233747	-160.12361169984177	-6.346727185684561	-167.17347056139212	161.9331058533278	24.49746131580833	-170.51665463489738
11:15:05.229565	-172.0086724587593	-42.8265722006614	-169.11869211420444	-158.92547742252233	-5.910579149247579	-169.27883752145163	162.11762285048573	24.668173880786785	-170.1968217804327
11:15:05.239637	-170.77676663901653	-43.31686767236781	-170.52934550978023	-158.0878705100841	-5.4335884736853215	-170.3805071124401	162.17759074094744	24.391874257815868	-169.87386916443518
11:15:05.249713	-169.6139042238656	-43.6604471520681	-171.8442103558399	-157.32016520783898	-5.197042646638504	-171.45689607927366	162.1845501978247	23.400964088338263	-169.48721254543568
11:15:05.259843	-168.59023768260175	-43.7103733568784	-172.95973498644108	-156.63482654588077	-5.267758481582203	-172.43859906334143	162.30817951868562	21.954518226180056	-169.10758743612783
11:15:05.270043	-167.7412838325783	-43.437962131318415	-173.86532191186103	-156.02131975437513	-5.677232385480012	-173.3511364079068	162.61255575875174	20.66622574760544	-168.87173473359115
11:15:05.280619	-167.05333672361806	-42.94570778648314	-174.62233073420487	-155.4692382510395	-6.279456850059078	-174.2207800926513	162.94351298810497	20.036826991986143	-168.73634252595244
11:15:05.290723	-166.4246141106454	-42.337972297101416	-175.34106323380553	-154.94917171931237	-6.966552937477326	-175.07339025236573	163.16388430292199	20.26052111188431	-168.6521972923789
11:15:05.300956	-165.6952414173435	-41.54630693652143	-176.1829956885734	-154.40284806222482	-7.648907386929902	-175.9451410179	163.6183798031382	20.249168628652562	-168.52397333648716
11:15:05.311080	-165.00242368810683	-40.99289303411117	-176.9981889607645	-154.266978512021	-8.173006501297419	-176.81093023108784	163.29125439229136	20.99752500851368	-168.52891149367127
11:15:05.321706	-165.08259204239502	-41.136053829162314	-176.9022186451267	-153.44915345088194	-8.390756244029404	-176.95643533256688	163.5356953081682	22.086550199737914	-168.08498486830248
11:15:05.332152	-163.4370410774685	-40.20136809812457	-178.77377472616507	-152.61361144058588	-9.29822992031454	-178.90293022162598	163.7307791248884	21.741047038085778	-167.78698534107951
11:15:05.342216	-162.55025451828598	-39.80089529928372	-179.7543758788478	-151.92840747149478	-9.694719268245253	-179.95536978303934	163.94513317814113	20.879478296939954	-167.4812246079234
11:15:05.352286	-161.63695261533877	-39.35333154274083	179.27552806179114	-151.20494956064468	-10.059208487961872	179.01675856910984	164.14483333630554	19.9428738398658	-167.15903449383285
11:15:05.362354	-160.74204553654852	-38.816408354178535	178.3209952088437	-150.45420205606447	-10.44083172326938	177.99987141347998	164.34768910840057	19.27786024701968	-166.8299730084987
11:15:05.372427	-159.9187707608712	-38.12132163875301	177.4302378029118	-149.70954948457742	-10.94038179331393	176.99762349716087	164.54992577016353	19.00202216162645	-166.5532463375059
11:15:05.382509	-159.18466523742936	-37.23930339043176	176.61420299196493	-148.97463401102578	-11.59519623693922	176.00900451304	164.76853082933806	19.068443162088975	-166.3379970947578
11:15:05.392595	-159.14750611036328	-37.26446412074861	176.54419876785423	-148.52067011648978	-11.608847133096216	175.9747211262595	165.02185375462912	19.186449128772992	-166.14833944005497
11:15:05.402672	-158.47556482552693	-36.249559928927546	175.78570234331687	-147.76805342744026	-12.367035610563102	175.01937565116222	165.5025539521704	19.096975101649203	-165.99909135865997
11:15:05.412738	-157.83750657117017	-35.19889971452739	175.0396641792146	-146.99991808023248	-13.20430218047208	174.06085131512876	165.2554574272595	20.43205196256324	-166.11894312051962
11:15:05.422847	-157.2032946562817	-34.194740451253864	174.28476909042246	-146.1970344832735	-14.040796341058629	173.09947087375613	165.3253109407042	20.162732880855902	-166.00387258380758
11:15:05.432933	-155.841722357742	-32.8508214973963	172.8151638526252	-144.9617900624292	-14.989952387176425	171.28336771774534	165.4057679027514	19.00493100090366	-165.8053120254225
11:15:05.443002	-155.07894424673577	-32.54728145774534	171.9719127034059	-143.97246250660515	-15.312213162389124	170.36472342825286	165.58359094946874	17.621364021281728	-165.58133549476506
11:15:05.453071	-154.3327671221273	-32.46407713202462	171.14062783107659	-142.98312664067177	-15.436854641179478	169.52992025667754	165.79777584027835	16.291682285338766	-165.31629627384237
11:15:05.463184	-153.65577523850413	-32.4934419366564	170.34030408577775	-142.00404307361418	-15.43384097816668	168.7547476301834	166.01019523683422	15.312574529185374	-164.9799124255427
11:15:05.473304	-153.08072601119173	-32.566478671399466	169.59666871744147	-141.04332150274954	-15.325376209125041	168.06379819147583	166.189116170668	15.018118557118507	-164.642760908456
11:15:05.483469	-152.65305053030565	-32.617930447564085	168.90837505055947	-140.12797396165223	-15.157239238545923	167.44468620552885	165.62023950362715	16.24113278059194	-164.20769829880874
11:15:05.493959	-152.3456973946333	-32.64310881391094	168.27864362153827	-139.25869979022426	-14.90801564084165	166.93597491238862	166.49309427706174	16.02980009441066	-164.13834743873633
11:15:05.504227	-152.30764862000652	-32.68404483008824	168.13915255560926	-138.3123242909234	-14.721927073986123	166.8259452631284	167.3913878781911	15.71126211446474	-164.0953249771319
11:15:05.514356	-152.13796580457486	-32.7269328982753	167.5869934525318	-137.44209903088088	-14.353780256774467	166.46908693405484	166.67009928171828	16.777945680530664	-163.67274582517905
11:15:05.524477	-152.05165882548698	-32.81775265901448	167.07634437755672	-136.59932438271932	-13.973046200513867	166.17696364099356	165.71602538992488	18.320900107195172	-163.25362578716684
11:15:05.535033	-152.07471526356372	-33.187710397558774	165.9722937914854	-136.23202449721583	-13.276595396715283	165.6737449245683	165.65449059727393	18.855835761052298	-162.99769560209268
11:15:05.545152	-152.09462812901683	-33.39241973838991	165.60672839149538	-135.29045886985733	-12.974739588435355	165.47218223995083	165.53540921394662	19.198236481770287	-162.7525356853618
11:15:05.555301	-152.1534007474412	-33.54216302945114	165.34384914789246	-134.2399742614945	-12.79012517971926	165.2821950597269	165.38135407976475	19.130170372371396	-162.48675483441897
11:15:05.565411	-152.1147850716677	-33.517180481713154	165.21515026504747	-132.87545308600792	-12.816363427513817	164.97287876797472	165.29103436253394	18.662629075736795	-162.1039188265634
11:15:05.575548	-152.5365762912706	-33.57866171278558	165.29117140200523	-131.6940792818708	-12.983355567531456	164.7497007929692	165.22324224404426	19.29738478504674	-161.62354706868982
11:15:05.586041	-153.1790779316532	-33.41924726527648	165.5475077978121	-128.8747547355764	-13.317874682914706	164.22746504320637	166.4921812915243	21.266061135853327	-161.02165440740765
11:15:05.596818	-154.17293134424546	-33.31109244749357	165.98135987532208	-129.34456979189997	-13.611134851679566	164.7194301780964	166.4921812915243	21.266061135853327	-161.02165440740765
11:15:05.606895	-154.35787965218447	-33.282470954915375	165.92638769318896	-127.62950249129709	-13.746043610639788	164.30827470599718	168.27061747133124	21.107790656452796	-160.5218968767682
11:15:05.616995	-155.40560352006548	-33.409086820486	166.54985459114283	-126.35557792765962	-14.468077664330501	164.25576067401664	166.16782350835084	26.26132752958129	-160.23062052966037
11:15:05.627111	-155.4868757879919	-34.019614631668915	166.49024466591186	-124.16604975889015	-15.22036072176041	163.04134364823727	164.09344763062543	28.132442522432815	-160.15974280038654
11:15:05.637426	-158.3468998653414	-35.1570354873044	168.27889580509793	-120.96789996309185	-17.655111354699407	161.32876594553528	167.33486999270534	28.4146276616949	-157.87446547459166
11:15:05.647596	-160.0974691151732	-35.834866522131755	169.61187924564186	-119.38677874877806	-18.752488083829007	160.67096416415504	167.21879726257868	26.899113247268648	-157.37179238282627
11:15:05.658160	-161.9164717058707	-36.171313392448305	171.22241963593913	-118.03090039029689	-19.495865720603966	160.64179000606492	166.51731692625734	25.74031691936882	-157.69736913175424
11:15:05.668334	-163.71599812476546	-36.17209750023158	173.1262207009042	-117.23389818789079	-19.75951873847837	161.64964233308075	165.48221723499807	23.024111467064582	-157.6955572395714
11:15:05.678461	-167.21997575677966	-36.49991046965303	177.1962039134057	-117.29602424752387	-19.82131324879209	165.06421741489072	164.033922110565	20.1775034763284	-156.68678753144823
11:15:05.688569	-168.84360875760422	-36.809359068374384	179.48751746990516	-116.79518415973277	-19.162694466436623	166.92172248487935	161.89149046735	22.034413147146626	-155.3374738486232
11:15:05.698697	-170.2111697760396	-37.26679329133442	-178.30934978334875	-116.26063231802249	-18.143463613900035	168.95512798747453	158.63934272296797	28.308373332687093	-154.82667901455275
11:15:05.709112	-170.3204157079134	-36.79745107190294	-178.02646460947142	-115.59980428659517	-17.658158196373236	169.58807087131242	159.15121290324777	27.261984736829543	-154.76113358099568
11:15:05.719184	-171.45472774742225	-37.52633393980983	-176.06127283345046	-115.76372930502454	-16.746537103826643	171.18447996936573	154.51882046943027	36.27994208589854	-156.5394431882174
11:15:05.729297	-172.55364137376532	-38.374904714985334	-174.24437476397247	-114.9492460114818	-14.942025766093735	174.18245005583725	157.38000561131432	40.35809478449656	-157.5022720082048
11:15:05.739417	-173.67754004663772	-38.788127180709665	-172.45558492738644	-115.11225006226432	-13.804256346771618	176.2719131755182	159.74404401918858	35.11449140785154	-156.59144424917298
11:15:05.749485	-174.9805177830573	-39.400350743828234	-170.65733329003993	-115.75479817630946	-12.957660191140377	178.33479840698016	161.64023600471452	28.607625527869395	-156.02516831815996
11:15:05.759561	-178.18052632810173	-40.10461194453922	-166.84555353675898	-117.29312136501652	-12.15357354389059	-177.97974920757105	162.88931093527586	24.0919042470006	-156.34935076694606
11:15:05.769676	-179.8967316210984	-39.94516430047785	-164.91355712514687	-118.78059925457889	-12.07721909261005	-175.81884185932117	163.7445611018588	22.326357064153715	-156.84650854192193
11:15:05.779809	178.50802723357782	-39.61182036023078	-163.0019582618701	-120.39197117562315	-12.242455523253954	-173.75955034222665	164.320921685253	22.57430397152347	-157.13628654860193
11:15:05.789895	178.5946382516921	-39.48451037972338	-163.00093809606668	-121.79081496502972	-12.394724286264925	-173.3090640473916	164.31873536537987	25.03035520105337	-157.46993546055214
11:15:05.800359	177.04768003272522	-39.39881739249218	-161.07465425701884	-123.7870175978205	-12.596083540425202	-171.3172728773158	162.61334606160284	25.40991439655553	-157.7877621158981
11:15:05.810538	175.77163236034124	-39.2921123409704	-159.18725009865548	-125.91736025057237	-12.633468396824883	-169.27883069058444	165.25174524733941	30.41263428239558	-157.64246971223685
11:15:05.820607	174.82661906080338	-39.07963816097652	-157.46490519359037	-128.1641692628629	-12.537514441667723	-167.24726601130715	165.45078972906822	29.58436760142162	-158.01203855836982
11:15:05.830708	173.98418023877912	-38.8650873923957	-156.01128623401013	-130.5584508770104	-12.548756413657138	-165.36712839135626	165.54091119334998	26.958262884653628	-158.64912554120053
11:15:05.840794	173.20618725645744	-38.495117543586005	-154.8369358456017	-133.19905952499386	-12.836492792320936	-163.66186922196547	162.8588714724063	27.3393461339889	-159.36670871209145
11:15:05.850868	172.7861605708309	-37.67339832518841	-153.89646415536285	-136.15016123707116	-13.334521304934283	-162.07581704476138	166.0823683002304	21.312995735473866	-159.99650294584953
11:15:05.860935	172.38216955377078	-36.76522834799758	-153.19542589913038	-139.35511754970236	-13.988271394002647	-160.62038117739073	166.45472739771864	20.77315401685739	-160.88618282914916
11:15:05.871003	172.07093373521224	-35.76730711766897	-152.64891046679242	-142.76725606253135	-14.75891034060986	-159.32657661982734	166.6587603852339	21.40512013493276	-161.76347293987246
11:15:05.881076	171.87854043630816	-34.78220274650852	-152.21330257647313	-146.25458335362566	-15.676889748119407	-158.2700152419012	166.86313986688856	22.12196634177135	-162.7236041014546
11:15:05.891154	171.68238666084946	-33.97182093565278	-151.88117577644456	-149.77889657488512	-16.75925013122251	-157.48007594778352	166.93781046720292	22.064099357367606	-163.73582588683766
11:15:05.901228	171.62444970596707	-33.34337772187297	-151.57688762502585	-153.27904261718695	-17.94719341510482	-156.94402371454993	166.73063561233062	20.97832768100425	-164.61563933446132
11:15:05.911303	171.5069043868186	-32.9734121380307	-151.2901612640559	-156.80369690649815	-19.08287560203494	-156.52401852952786	166.41512087322252	19.18663480656314	-165.25387701008808
11:15:05.921433	171.43342140959396	-32.91328770023768	-151.0216866467233	-160.17650356455232	-20.065591465118818	-156.21796681219038	166.35188412157405	17.547914018008274	-165.74577808513848
11:15:05.931515	171.4034418732018	-33.0561144814331	-150.81576389983226	-163.44923326836857	-20.99028562239886	-155.99315087672346	166.40369213596392	16.77779838110201	-166.3743001895502
11:15:05.941919	171.37717736487278	-33.313561435504084	-150.66934892105067	-166.69450924804343	-21.82415667016995	-155.76298764913963	163.24968193330503	18.611367138545766	-166.85398080305515
11:15:05.951991	171.3420296254396	-33.70390183075469	-150.57707370590617	-169.82178228106793	-22.428773798010685	-155.53204303716757	165.65676813916144	17.846395292196284	-168.51665528003767
11:15:05.962062	171.3102480307441	-34.24963240597182	-150.54052927419383	-172.75234064375326	-22.518040698542	-155.31823351774054	165.2360411317583	18.242546232828133	-169.68992715322133
11:15:05.972130	171.3644381733595	-34.78130134582613	-150.59454555197658	-175.46529387776258	-22.183800143214555	-155.1616850150685	165.11160247327203	17.780057698861043	-170.90278712196732
11:15:05.982231	171.50192296782598	-35.26743591686559	-150.7828670053443	-178.00985008721688	-21.50899619936276	-155.13239928027576	165.02652756608134	16.67748534003099	-172.00836732440848
11:15:05.992343	171.643576125462	-35.72560507760317	-151.06867636704973	179.60647312775916	-20.731503234504125	-155.19739474070795	164.7286387928949	15.697803434450623	-172.77988351760433
11:15:06.002414	171.77623242507028	-36.1097082944733	-151.36356104367007	177.429278517756	-20.022281347872948	-155.2984084736431	164.17494509675458	15.73046821702443	-173.36474798732218
11:15:06.012486	171.95218643506027	-36.39640487367781	-151.60161594987454	175.56122546967828	-19.457611562219395	-155.3822222400805	163.61328155346018	16.77569606436252	-173.89973664794735
11:15:06.022554	172.16323763656817	-36.53929072641298	-151.7650297782411	174.01832334844883	-19.056281833183153	-155.4370560025122	163.11745212045685	18.15494293615088	-174.56367995507165
11:15:06.032626	172.35913611284283	-36.54989096675605	-151.77319667446565	172.88826921989573	-18.911486252565528	-155.3838863844778	162.75831775923987	19.126198505017356	-175.40154747309919
11:15:06.042701	172.58266308099263	-36.51645160932545	-151.6312712093622	172.2747679154377	-18.954228537119576	-155.2631989713208	162.51959666486172	18.836765008757	-176.03991472318606
11:15:06.052802	172.8510049349759	-36.359924077108246	-151.46614775722455	172.07527653698395	-19.117265016319752	-155.14767614991098	162.49763884551064	17.43127080099799	-176.22335019062396
11:15:06.062931	172.98441473105734	-35.99709295399585	-151.32087148968907	172.058420713868	-19.301800373022107	-155.01176441526204	162.332840183792	17.340678316912168	-176.235588068446
11:15:06.073038	172.93274631429813	-35.38101414018775	-151.23533930638303	172.13193961081723	-19.513207678713975	-154.83011707598712	162.488022512767	15.72244122617226	-175.92900446232989
11:15:06.083162	172.74019655940307	-34.52705487479217	-151.22998991029726	172.26423248410475	-19.792526683308072	-154.60896243329717	162.1458203309219	16.708420615768198	-175.75297795848167
11:15:06.093240	172.4329374474436	-33.518004411546116	-151.30623065525143	172.49625362678927	-20.115675204751888	-154.375084910403	161.91540593306976	18.054449008067326	-175.57579042091288
11:15:06.103345	172.08925154852386	-32.624299885172896	-151.40034451865512	173.02141942170647	-20.466779910938364	-154.0707284688234	162.86637742216575	18.52632196203009	-174.7434970016721
11:15:06.113960	171.9325954016288	-32.21767428879318	-151.2382579712969	173.81023569253495	-21.18061710612453	-153.53283721903097	162.79189130507416	20.31033593840248	-173.53781562832827
11:15:06.124055	171.9095992061715	-32.268097829968994	-151.31672111891743	174.25043529740358	-21.051228375841227	-153.4162909497302	163.3088994863453	27.690513791186195	-172.8536546346909
11:15:06.134127	172.62648433608152	-33.05265014062428	-151.29176132089322	176.00073517313126	-19.33577710406112	-154.00781029674982	163.7551793452637	26.2120299021675	-172.75022243090848
11:15:06.144264	173.32022691359825	-34.07577501664348	-151.6015486113041	178.0508918558067	-16.79297668583186	-154.71106192349632	160.84358859639573	23.839601379502085	-170.9619910967345
11:15:06.154560	173.41259074929897	-35.3073219905377	-151.93778994564957	179.73569775784387	-13.914759874183865	-155.11595805943392	157.6855996864598	22.28025004974837	-171.65881095464763
11:15:06.164637	173.96084386602047	-36.8803363910027	-152.1317877068864	-178.07135285019444	-12.014228604701705	-155.49517352230274	158.76615213778987	21.181606067184546	-171.2841592242571
11:15:06.175274	174.35272040816412	-36.839611935015526	-152.4806581737443	-176.99238250543846	-12.201860211914012	-155.66935475773164	153.4177581960436	27.625606275701138	-173.87873183472703
11:15:06.185470	174.65643909459263	-36.11861857755862	-152.93268704516598	-176.3343658187596	-13.164867068719612	-155.8135558485064	152.97216839461026	30.31369303485056	-174.0733086181666
11:15:06.195630	174.98010054432055	-35.12287656620154	-153.50014333368546	-175.81913674343525	-14.27636845804384	-156.01868714050653	152.63032348049228	32.70372725347768	-174.50159784752003
11:15:06.205893	175.3575674171316	-34.513191749465975	-154.2127076500674	-175.1861509200684	-14.89975267005848	-156.45429625574366	153.1473093466056	33.60409963901501	-175.10614761095448
11:15:06.215987	175.86279885037416	-34.95348193095452	-154.99933451461183	-174.10627376082005	-14.347712675127811	-157.15258462430558	154.49696629063078	33.26542257704089	-175.79188915896808
11:15:06.226058	176.51359385456945	-36.503967077691954	-155.76648127062148	-172.5926623746465	-12.668132924395575	-157.96334001672327	156.54119057450987	31.722724480280952	-175.84492546705837
11:15:06.236131	177.2602611640399	-38.74502922384716	-156.48219608134676	-170.89470088620058	-10.533630169791373	-158.75520590319385	157.9707859101721	29.366657417135578	-175.17036799691562
11:15:06.246267	178.1667986801835	-41.31358680662186	-157.18129885271503	-169.10745563227442	-8.481458643891374	-159.53632702350825	158.5005210314697	27.271041657785943	-174.2427327754627
11:15:06.256339	179.1648437433006	-43.86762820333714	-157.96889798160075	-166.79517969316404	-7.069015417329326	-160.36722552589137	159.42355723841843	26.228621051779673	-172.48146752366222
11:15:06.267013	-179.89322297832692	-45.88311675212472	-158.88270840710413	-166.11529202627665	-5.638538745557289	-161.27717852018267	158.8389765468517	25.762648286744355	-171.43203517586863
11:15:06.277192	-179.12800526165756	-46.93831533245886	-159.8571009087626	-164.6949323496065	-5.565174560928991	-162.24359558764652	159.63017959593762	26.467383070365504	-170.36563382747696
11:15:06.287288	-178.53859178115593	-47.1082513583323	-160.77310731556986	-164.31276152363085	-5.664587397976502	-163.03281969354805	159.22245304077276	26.984107807332457	-170.48076214922318
11:15:06.298120	-178.00278934451944	-46.57495008103844	-161.62538287493697	-164.0943445679398	-6.154524722593855	-163.72674027717466	158.65104574443978	27.192921939996417	-170.9074091026509
11:15:06.308182	-177.4996593417019	-45.53486575784346	-162.43329805480042	-163.95820131698463	-6.912392654631343	-164.34627255336355	158.6681998174815	26.98265863908742	-171.0910380770341
11:15:06.318735	-176.94535177262148	-44.331802331136	-163.2493470482072	-163.7236712790066	-7.7546865209734985	-164.9803259117554	159.3722105097719	26.519434198453723	-170.94518605158217
11:15:06.328804	-176.25591176650235	-43.301920041601	-164.12201242099377	-163.26785966784013	-8.41134582789075	-165.698336188617	160.20880022480583	25.933236357896664	-170.70562755103407
11:15:06.338878	-175.424976964623	-42.60329568308613	-165.12980127512836	-162.65160419434793	-8.821846110746488	-166.54205051811874	160.836612273212	25.482949841137476	-170.4914546590773
11:15:06.348963	-174.536369747766	-42.31048030737414	-166.2387054946679	-161.94811129401228	-9.038808096267754	-167.51426667749038	161.18869002797217	25.70357910802931	-170.55011346323013
11:15:06.359075	-173.63621405888313	-42.352821247944185	-167.4018007265075	-161.22466332827202	-9.142882011691723	-168.57538327298758	161.33570210723312	26.59275361079945	-170.71848563342064
11:15:06.369178	-172.70094722938043	-42.64466357073378	-168.58023705604896	-160.46374083409736	-9.116017441962615	-169.69573103215328	161.28473818246786	27.5056473001269	-170.59223127866915
11:15:06.379267	-171.71308374256543	-43.03832596105831	-169.69127149802978	-159.664276471056	-8.945284515173194	-170.74918085473215	161.1633297634714	27.89791204080311	-170.25862943835625
11:15:06.389333	-170.71228178330915	-43.38000471232456	-170.71035097475757	-158.8710348500513	-8.665945635345683	-171.6537952948407	161.31705375766666	27.38800342823868	-169.82097717152547
11:15:06.399415	-169.83441802115064	-43.54297781772514	-171.57526604032205	-158.1259490796528	-8.442495049703258	-172.4148287124231	161.5754287988238	26.12945246070661	-169.42551111739405
11:15:06.410029	-169.14712145865525	-43.61003836120268	-172.1902534755093	-157.43677415938646	-8.364959228689063	-173.0997573689873	161.75132176662225	24.478347652119915	-169.06587845677575
11:15:06.420118	-168.38586297995104	-43.35596997106885	-172.99517447295392	-156.7865317217272	-8.475820688452309	-173.77506911248088	161.99083461770456	23.109244195512716	-168.6687961123824
11:15:06.430669	-167.8266056800028	-43.177384952884914	-173.4976929084258	-156.1532951418812	-8.777824557962289	-174.51838775788747	162.25946065989356	22.76380915435426	-168.35725757614028
11:15:06.440859	-167.21050058012523	-42.90689945824173	-174.16127574715412	-155.54531775356335	-9.149656734912492	-175.31451111052482	162.40871828445253	23.30101911453476	-168.1307910990584
11:15:06.451471	-166.5703759743554	-42.626248408181944	-174.8824761181738	-154.93692740345068	-9.505132689747393	-176.15683117719092	162.5409826404302	24.03022231031685	-167.88992192650716
11:15:06.461539	-165.84493676022012	-42.30884694841077	-175.6900597561835	-154.29381922520093	-9.800548167871627	-177.0137551732966	162.75684089628285	24.305843987046526	-167.6221204584981
11:15:06.471620	-165.1005653557695	-41.9364810241545	-176.4975086310551	-153.6454578056088	-10.028046527891382	-177.84052536920277	162.97317873697725	23.807314132738433	-167.34378222596115
11:15:06.481686	-164.35119089400683	-41.473831554306	-177.3045214303948	-153.00954617944157	-10.223888797651774	-178.63547604314905	163.13754789737084	22.795068942605006	-167.0366669042542
11:15:06.491763	-163.59509985587246	-40.96615699085912	-178.12768796982132	-152.35135154470612	-10.440267436860937	-179.42549083738535	163.29691853674294	21.856016390218997	-166.71207063294963
11:15:06.501875	-162.8464534145144	-40.35257689472919	-178.93483029700457	-151.68101069058537	-10.772231872105053	179.7464550016107	163.47620898599462	21.315946628040933	-166.3999758520565
11:15:06.511945	-162.1352197833	-39.664955544973616	-179.71386452958168	-151.0073356960846	-11.19064142184674	178.8924937938348	163.68928520479906	21.102151562481325	-166.12143469088713
11:15:06.522034	-161.41074287482695	-38.93445727566749	179.50120912810266	-150.29994929537386	-11.71946752391736	177.99250630991557	163.9416289908717	20.96774759389213	-165.8676334313444
11:15:06.532104	-160.6899848287392	-38.126825040763165	178.7110278969775	-149.56715024859287	-12.351710916807647	177.05115183417757	164.2385728160583	20.762432392254244	-165.62076531989104
11:15:06.542196	-159.9535963383037	-37.281781635022824	177.92344733415715	-148.7941663796431	-13.042368514307082	176.08364569266374	164.52240665519759	20.412034326260645	-165.36414227651517
11:15:06.552623	-159.29586335588724	-36.352358593576476	177.23342004633082	-147.95021629486752	-13.819843088328254	175.0987397886621	165.099806418789	20.413172787569422	-165.160511574906
11:15:06.562745	-158.57295944594335	-35.499291293925126	176.47840558206065	-147.62882151352403	-14.449508089450394	174.18800828430673	164.42445190638665	21.13226378877135	-165.53336044265293
11:15:06.573315	-157.81951830484405	-34.70901783942681	175.6989991808708	-146.1675090712603	-15.449664149871397	172.9990172434478	165.19825490556667	20.8945921881579	-165.15858768613526
11:15:06.583404	-156.90431573251956	-34.09507074814954	174.75620217080058	-145.12811561027672	-16.208367875959045	171.87618867134208	165.45031115917237	19.98372847355944	-164.97542122330017
11:15:06.593618	-156.08522828946045	-33.5886429027831	173.95923149965182	-144.03797262501345	-16.77159224281375	170.78819315345643	165.70441453522383	19.008340833888308	-164.79443205853656
11:15:06.604283	-155.33342194682118	-33.29439095525159	173.1866227846024	-142.98271602370446	-17.040767922478828	169.8202040250147	165.9448412552599	18.073724445590184	-164.60678034190548
11:15:06.614711	-154.14861937378214	-33.11142509721216	171.8218113761257	-141.82624307843423	-16.843629647116824	168.43264520089656	166.16832673160383	17.271150447637275	-164.3415642943561
11:15:06.625244	-153.60667076073622	-33.18146128203259	171.11570558467798	-140.92558093101877	-16.58173286692636	167.77532971834728	165.69318402192147	17.77386811940965	-164.03989403136728
11:15:06.635391	-153.16313240385955	-33.27528750723815	170.4397414384623	-140.08358168205106	-16.21558720199883	167.20910467293044	165.7915199379854	18.309261634311717	-163.87056723631196
11:15:06.645486	-152.8480874393506	-33.342100435250124	169.80038451679494	-139.3090484847406	-15.85768458570202	166.71898428144405	165.87258262038443	18.690223768094622	-163.6781489037613
11:15:06.656102	-152.59893673958655	-33.401083576308075	169.19525537846886	-138.53015079516322	-15.511963112826303	166.27708637443058	165.9561737840339	19.094080868413002	-163.45077711752128
11:15:06.666194	-152.40431057564143	-33.44327555773783	168.64046032520739	-137.71053437356542	-15.229292069986162	165.84552716733896	166.0175513440626	19.60531468401572	-163.19390811150402
11:15:06.676311	-152.2384723469425	-33.45250762041045	168.12911546164818	-136.82310681811654	-15.025135311123671	165.4150859425161	166.06821670161173	20.089091464092228	-162.89301553957725
11:15:06.686429	-152.13861632338606	-33.45562053709679	167.67678854758788	-135.88509712861557	-14.874899579960271	165.0099263041731	166.10625903366991	20.452536595519692	-162.57858069196791
11:15:06.696505	-152.0847146820232	-33.44283791433417	167.25394757009812	-133.5762598948116	-14.848578951589728	164.2108151165253	167.4749787904606	20.648803075023896	-161.99331034417202
11:15:06.707029	-152.09022415458767	-33.43232775324926	166.89588410068802	-133.80480750077285	-14.678730547368804	164.18460881084832	166.17720864401363	20.82565163133837	-161.89344225483566
11:15:06.717161	-152.16173333394173	-33.42767008819153	166.64462489920928	-131.12722037002223	-14.773609676104051	163.21987176608	167.77032099439515	20.61391749680466	-161.16558627860624
11:15:06.727305	-152.36300969404616	-33.40078763696627	166.5040412015022	-129.75161334794913	-14.672279605342007	162.90894345598136	169.38349334537148	20.499596500763722	-160.8299204031324
11:15:06.737383	-152.81796322309052	-33.389048001019084	166.50601483716844	-128.34873286691936	-14.72024287749552	162.68255646120315	168.05771415947243	23.11060788903404	-160.01683278269655
11:15:06.747908	-153.53586931466722	-33.466217291016704	166.6908187258407	-126.8539103660062	-15.125083631410174	162.28853581886645	168.14362595250734	25.809036799341968	-159.43371185682878
11:15:06.757989	-154.46606483117637	-33.726008149928816	167.06109957648613	-125.31042148683224	-15.856086628540151	161.6644617549761	168.64604693981516	28.397097883737246	-158.75758183738435
11:15:06.768055	-155.57125311980695	-34.240190306856626	167.60240881672357	-123.73029948166598	-16.784573641690052	160.77937621924522	169.21720836289057	30.267207555729406	-158.05053474975992
11:15:06.778129	-156.8889319035962	-34.93481305227581	168.38799662896994	-122.08408436939865	-17.782273271862707	159.7994063057639	169.81284777098674	30.959962308659502	-157.17621248072493
11:15:06.788205	-158.4425595211964	-35.586303010814504	169.43150009853085	-120.523224759968	-18.705937632084595	159.06091401806017	170.28739119874083	30.277488128701307	-156.3839906568635
11:15:06.798299	-160.2075270922031	-36.058007048926825	170.75736876792948	-121.47133168123224	-19.15449793573226	160.35598968058736	170.28739119874083	30.277488128701307	-156.3839906568635
11:15:06.808425	-162.0608134410162	-36.23932280867741	172.33603087919386	-120.02898269580477	-20.024558352922526	160.20993599551298	172.792595405594	30.80665506554055	-155.59519105158518
11:15:06.818541	-163.865209117799	-36.16585767392266	174.16522646123127	-118.47195486216093	-19.860931667204532	160.98772400477134	174.91927647776225	30.134075118070506	-155.50156212253847
11:15:06.828644	-164.0144234473569	-35.97197322829975	174.45821413972527	-118.47195486216093	-19.860931667204532	160.98772400477134	174.91927647776225	30.134075118070506	-155.50156212253847
11:15:06.838831	-167.45035925071488	-36.083219909008974	178.28154663325017	-119.18436599870984	-19.9378494949579	164.52690141052926	161.0727333430283	31.470120092390896	-154.87747430022668
11:15:06.848984	-169.0496867095526	-36.446376071853564	-179.59793927164816	-118.87192509564005	-18.214315106190156	167.84619747178974	157.57636410715756	37.515991813468396	-155.8019093683464
11:15:06.859079	-170.38260265128716	-37.044533247041045	-177.54936168935546	-118.7173206364434	-16.9766547004191	170.3025467808763	156.13596992403905	43.548560583104944	-157.65421945460045
11:15:06.869187	-171.47726711284227	-37.94014822200901	-175.6905219530475	-118.56153376079851	-15.55557741150313	172.46803083865976	158.83149449804037	43.944453052978794	-157.2058275037193
11:15:06.879315	-172.48980764053988	-38.96031430023413	-173.9766318499602	-118.65775581270073	-14.143825472400945	174.32619304654364	161.0990774019685	39.70034741669693	-156.519640788321
11:15:06.889437	-173.57744744880358	-39.78886745241196	-172.29545935251087	-119.13476329797967	-13.019297150578753	176.09192946443008	160.55417874027165	39.40732806828238	-156.87955638246436
11:15:06.899562	-174.82666328852193	-40.269138298449064	-170.59179110237744	-119.95092065600178	-12.286768720015408	177.87137422306174	164.4733235220436	28.629858554040894	-156.83486269437037
11:15:06.909753	-176.13001022870918	-40.33231153628402	-168.84433857895957	-121.05862907771927	-11.90635259476792	179.77266742864902	165.720597451541	25.709890834342062	-157.52809445473264
11:15:06.919857	-177.6387335315991	-40.21902829876504	-167.11700024791193	-122.57282824924418	-11.879482468464778	-178.26844050411734	164.45628240873174	25.550192815208177	-157.95838882727628
11:15:06.929955	-179.1294682482235	-39.789324660709774	-165.30442409350346	-124.42116620486418	-12.132928332138146	-176.23378867123344	166.06467366060036	26.14227325911518	-158.39588493441903
11:15:06.940292	179.44813781603503	-39.26929863387395	-163.5361784937754	-126.41306358716609	-12.493743733891266	-174.20870550080792	165.97619905579694	28.810435998178328	-158.13543397802653
11:15:06.950824	178.18156117984623	-38.901174875247854	-161.73406559716176	-128.46813918369492	-12.636175174579579	-172.146844548792	163.96337115714198	28.82197948120627	-158.85405008765605
11:15:06.960937	177.0755896176818	-38.716610594010206	-159.9571418558185	-130.5702200347992	-12.497174812411929	-170.08033742656625	167.1014990560509	32.2900475311814	-158.2643471338007
11:15:06.971005	176.10779954145485	-38.599825382336846	-158.29955331152257	-132.77397668850875	-12.282246501829512	-168.1663988344609	164.58543619419424	32.38894484171048	-159.3586084711339
11:15:06.981073	175.26826393002403	-38.393707117642414	-156.83587360100458	-135.1558904505526	-12.204525080853347	-166.47101909949646	167.27111588393026	27.985131697256406	-159.99740896248736
11:15:06.991147	174.55847405350514	-37.95224703812956	-155.589986100693	-137.74973279579004	-12.39257671082332	-164.95876562844583	167.31194695778697	25.3089303975634	-161.04720502705
11:15:07.001223	173.95288205469282	-37.22663524454167	-154.56613950049294	-140.59616473211386	-12.869933002999366	-163.5727605974789	167.55230907037142	23.95890154342134	-162.0358185693966
11:15:07.011306	173.49793483890173	-36.32343014449146	-153.74109009284817	-143.61747317916792	-13.535080971422866	-162.31018852630373	164.69252166052655	24.375372906638823	-162.8862088241207
11:15:07.021404	173.1495417742875	-35.34422888991474	-153.06022712654368	-146.77800379584303	-14.38372573822592	-161.2218115083664	161.72812560862613	24.930185562367903	-163.79584952150677
11:15:07.031473	172.91592165998006	-34.37621034804016	-152.5273671351097	-150.012925942321	-15.43610100672672	-160.35663229987648	167.88996979566713	25.25214134424691	-164.7137021132906
11:15:07.042022	172.71938396293365	-33.50661883834816	-152.07880162225035	-153.30816974586475	-16.65669939609542	-159.6699608444874	167.81161030810085	24.97314368847128	-165.72491949561402
11:15:07.052427	172.53966396141362	-32.8464432939069	-151.70354284858874	-156.65123393554236	-17.8952404889421	-159.096727255094	167.5715186022064	23.856755044364757	-166.7196379729679
11:15:07.062523	172.30762778478365	-32.41755936432879	-151.38769586224365	-160.04827618072238	-19.03182500514403	-158.57814334786462	167.34242606367258	22.3899946661148	-167.61706691834638
11:15:07.072590	172.12376556627532	-32.27056464082512	-151.10778380807847	-163.4024094889592	-20.00655651544815	-158.0985459333828	167.2375286034747	21.318814631176593	-168.43306584930946
11:15:07.082711	172.00520130322064	-32.290152415055935	-150.873019312627	-166.66754645605874	-20.900148921082693	-157.66007951257163	167.1557635883975	20.972274037889566	-169.32602029588563
11:15:07.092812	171.93115262920372	-32.42497623225274	-150.70080370889065	-169.90713817088803	-21.692777313927465	-157.2106055863483	163.93571012276607	22.405335965794766	-169.9976570868643
11:15:07.102934	171.92022315407627	-32.71282945119402	-150.55671718078025	-173.0158001598888	-22.282222321977585	-156.7973911809989	166.40845668954046	21.12413806162352	-171.48141490778465
11:15:07.113010	172.0111100115415	-33.138609440219916	-150.51481142435497	-175.87889952397805	-22.621946483925168	-156.47455369924722	165.84722003863402	20.601564230613047	-172.65922463630588
11:15:07.123276	172.1758404984721	-33.671814707346506	-150.549826342848	-178.48670236128146	-22.60829084322822	-156.24046564543502	165.423459762642	19.433281178411256	-173.74926419944873
11:15:07.133651	172.41693190691052	-34.184822505053944	-150.68884760791894	179.14149640568348	-22.46931530785934	-156.1073573552813	164.8725872525756	18.205664194894243	-174.7356818065157
11:15:07.143748	172.7444170312851	-34.681002090410765	-150.96695044116112	176.99884433487142	-22.24546876709811	-156.09497177158624	164.17341181477076	17.57761451456515	-175.52816516404857
11:15:07.153871	173.04309862012178	-35.13165212159	-151.31622736912422	175.05756152047678	-21.907813186959224	-156.15576925107905	161.86448176696322	17.837359883297538	-175.86485875122656
11:15:07.163948	173.26434622850795	-35.46112641671718	-151.68914944300428	173.28217676567158	-21.43555095803799	-156.22304308885026	163.0568109008175	17.936129178187578	-176.6786384681015
11:15:07.174061	173.42488517649448	-35.684312973442196	-152.01318749087824	171.80772068315827	-20.934599924788664	-156.29491024383358	162.66107450635178	18.5349444362714	-177.32239855235892
11:15:07.184642	173.54054317715142	-35.84047334072061	-152.1955254552359	170.76580195082917	-20.65036092476562	-156.2790341283101	162.42647682450493	19.04865621054666	-178.10520939896622
11:15:07.195277	173.8458044191432	-36.223546313533525	-151.99511969272564	170.66179399236967	-20.445946637983468	-156.18013400107577	162.81947673331277	18.201838027418557	-179.21044935073638
11:15:07.205593	174.11148035231594	-36.33370798990274	-151.79935056047933	170.77713568418008	-20.56803708459559	-156.0111165460376	162.44172512126804	17.827946096501588	-179.32927730085345
11:15:07.216064	174.3175302376431	-36.29529219988557	-151.60356304888705	171.57621254432883	-20.664428821260998	-155.74552573710184	162.9543798580222	17.882592736144908	-178.9915460133558
11:15:07.226153	174.37981972996326	-35.988801664322196	-151.43851591703418	172.47062783358842	-20.633162110424813	-155.5662685381359	163.78519337383227	17.580634400552817	-178.6964008460128
11:15:07.236502	174.27935599776075	-35.33048528700161	-151.36291486479044	172.20177755075335	-21.15489975166157	-155.28644861056043	162.01509263850255	18.853213881801718	-178.60357187239404
11:15:07.246646	174.01983176623463	-34.48326361433438	-151.32922909910482	172.76576726478515	-21.329696213567594	-154.98336970547564	161.66723075074222	19.982302324305966	-177.4457754944357
11:15:07.257469	173.6427117482693	-33.709115004285316	-151.28692409124838	174.72011648596325	-21.108912567361457	-154.64786133665226	163.13693703864612	19.88777546149197	-175.43206706933526
11:15:07.267610	173.3561157217105	-33.25936203913009	-151.22053610583103	175.2114487174753	-21.738443022182157	-154.1988267724331	164.70132117838858	24.56896587528705	-174.36125799141573
11:15:07.277818	173.42292691105624	-33.34161466340972	-151.1207630150687	175.858213260076	-20.97419785028415	-154.26049837075354	165.8360794345268	25.908774875027024	-172.83948465131516
11:15:07.288302	174.087786879595	-34.075534252878214	-151.20104184313445	177.67300357389564	-18.79246660121052	-154.95763182243257	165.2852543091341	24.615550235357748	-171.57331108878998
11:15:07.298426	174.60050138977283	-35.04497642810867	-151.62088183361595	179.60529407358194	-15.798541899045825	-155.6578276049423	162.76698250997367	23.18187483984084	-172.5630391015233
11:15:07.308638	174.65901748413322	-36.567797074279675	-152.21034238929232	-178.76032944870633	-12.828198605258796	-156.07626679472833	159.73718569065633	22.97661109378915	-174.03007511347926
11:15:07.318813	174.74430984430157	-37.62495297930443	-152.41357681652	-177.23313691736743	-11.093183449379218	-156.32920499702456	157.0408489010261	25.684986037770003	-175.7204706870129
11:15:07.329277	175.15673562117001	-37.92535325077047	-152.55934112044255	-175.86196665947114	-10.843479100224833	-156.52517434550356	155.79793588051874	29.636586155384773	-176.6744562118179
11:15:07.339825	176.03402488401994	-37.66273929486928	-152.67297776178088	-174.20170138990477	-11.371458991421354	-156.69687805476784	155.87069184072465	32.65996976303508	-176.99169994153277
11:15:07.349896	176.62148852339237	-36.84197699181058	-152.89718927839544	-173.09386503078045	-12.133066321568034	-156.81844490755176	155.77748157499823	34.208114385194094	-177.24454951946825
11:15:07.360001	176.79590895150653	-35.70580014798762	-153.21554012543731	-172.63970249697738	-12.789716764230223	-156.8568403443636	156.74634875445872	34.494761672026236	-177.7121614087062
11:15:07.370180	176.91295462792291	-34.94962102331851	-153.64202004296217	-172.26531615622974	-12.791896099201102	-156.94301291206395	158.6807759562747	33.52342081280136	-177.98508382551603
11:15:07.380871	177.21745312198146	-35.037277672323256	-154.17887178267404	-171.5347532865236	-12.240846011937514	-157.2180892194049	160.32404671109214	31.11990607042242	-177.43520768700657
11:15:07.390946	177.62056770765219	-36.24993273675626	-154.76376643084808	-170.42017775805087	-11.152978490139194	-157.68198074301148	161.01293880145894	28.61928305315011	-176.39430934130232
11:15:07.401049	178.06937291041106	-38.4274165064886	-155.26582699168787	-168.93144782176122	-9.729429145231123	-158.2811580495313	161.3383923586	26.887772806159845	-174.7367323486773
11:15:07.411134	178.85176006614614	-41.01301063799557	-155.78238355506707	-167.02333757602938	-8.433841560423007	-159.0533211635105	161.71796626087973	25.922317442187353	-172.792870815837
11:15:07.421202	179.9264847337605	-43.69421796183105	-156.4156588057865	-164.88475198968922	-7.224065870904121	-159.9665242267904	162.1198319768417	25.403419547698523	-171.11603203780564
11:15:07.431305	-179.0599540323872	-46.0415501783069	-157.16149086678683	-162.99395602755212	-6.055890403263367	-160.86484382155695	162.1924009010817	25.328138348249038	-170.4460660069805
11:15:07.441419	-178.39175647407504	-47.366182493080885	-157.95840307390657	-161.8086973469479	-5.275665434511568	-161.62964791218658	161.5382932483316	25.58572482844327	-170.80832498133583
11:15:07.451490	-178.00042083363635	-47.56591166223731	-158.73884601824028	-161.2057810809045	-5.0571106824760665	-162.2202400925419	160.97766979127672	25.94438246978425	-171.57783640466073
11:15:07.461566	-177.68743819197437	-46.94843838159858	-159.50241097584848	-160.90290937469936	-5.209529572647462	-162.66848852088285	161.52981881499935	26.240567254678677	-171.94876273952173
11:15:07.471630	-177.4710890901885	-45.77544075113827	-160.23223786693117	-160.79377234447463	-5.67294054190295	-163.02863485123854	162.43898710831874	26.15442255831058	-171.94314514569058
11:15:07.481704	-177.15376850150028	-44.424284642309246	-160.9986576951361	-160.63368521354982	-6.246630881978171	-163.4096542852709	163.20415259131047	25.79250170677369	-171.84354566676836
11:15:07.491847	-176.51964915867333	-43.349400313963585	-161.88748741416188	-160.21607724725	-6.702256559898608	-163.94856795804085	163.89823361533564	25.51482681789424	-171.5535387432454
11:15:07.501914	-175.6735894446863	-42.73675865138879	-162.89546573605205	-159.5977328258751	-7.060684122394896	-164.6762968344941	164.19570256019108	25.642225707370855	-171.47015841266563
11:15:07.512036	-174.72707232612754	-42.58081167894124	-164.01665287169675	-158.88477923452953	-7.379442630609223	-165.6108915647514	164.10734127603874	25.953330239051216	-171.36550348694732
11:15:07.522097	-173.6880871459115	-42.843106704509886	-165.24913420152268	-158.08699530143954	-7.55873645014248	-166.73242834791623	164.03509646457883	25.88699002996474	-170.89658265963132
11:15:07.532253	-172.5722809880557	-43.33098872177624	-166.5567121655727	-157.28864554809195	-7.608257966622033	-167.9380005347821	164.1521408470135	25.381702460453013	-170.4005426770426
11:15:07.542405	-171.47785046697123	-43.79750927174404	-167.81742572532792	-156.53448381264886	-7.5785020110085055	-169.09156214404453	164.3653401594182	24.44687975111565	-170.0524862353449
11:15:07.552551	-170.4842517141455	-44.00770612484934	-168.87620918201299	-155.84749721309697	-7.610973877718892	-170.0624023991556	164.60642001330714	23.397623568849625	-169.85071045514582
11:15:07.563350	-169.62949488558448	-43.92872446206495	-169.744693845211	-155.23070559048782	-7.687823104839128	-170.85269893245962	164.89311805288514	22.739408706882948	-169.79976696117077
11:15:07.573462	-168.90337954052447	-43.61271539638236	-170.46428526755082	-154.68351394039553	-7.830802186541694	-171.50283102794074	165.10940012849724	22.697696958258128	-169.75018061762268
11:15:07.583534	-168.26002761922828	-43.20777875327107	-171.1305055519791	-154.19900950385448	-8.029817890034543	-172.10965566328696	165.22936339804187	23.08124415264534	-169.60179255946477
11:15:07.593625	-167.63128324874904	-42.81162888427285	-171.85084531650656	-153.7435564825596	-8.292530762782404	-172.80414372011447	165.39765998969622	23.611499942131687	-169.3663664801769
11:15:07.603761	-166.97981279908157	-42.4688715835781	-172.65888616047664	-153.31012386361908	-8.613177487208459	-173.62153922320798	165.58710905039007	23.886128467682717	-169.06420970349012
11:15:07.613919	-166.2530596427272	-42.19786199199767	-173.56223376691304	-152.85999841573596	-8.965343284116098	-174.56405612491167	165.7542633554441	23.686745616553434	-168.74525293241385
11:15:07.624470	-165.43273716552025	-41.97114778734155	-174.52944365843234	-152.35319064226482	-9.215490680273357	-175.55025144770778	165.67208897405789	22.096366148715504	-168.2799991958445
11:15:07.634545	-163.64904602853338	-41.409918626341984	-176.5413804714011	-151.59123037814803	-9.460985873763324	-177.35293448902155	166.04451621130423	22.188072521306598	-168.17488648156862
11:15:07.644614	-162.85768153653228	-40.900528847970875	-177.44092924680385	-151.0792756542704	-9.718208680074943	-178.23118814992452	166.1972759510447	21.550060006008835	-167.93656448535515
11:15:07.655266	-162.16313470695118	-40.20140726383812	-178.2589801270447	-150.60181868599338	-10.070452061432931	-179.053639301703	166.11110793667504	21.515221564323337	-167.52564124451544
11:15:07.665600	-161.69801925282744	-39.35756080887295	-179.1512939128945	-150.15957569547837	-10.556103031464735	-179.89109684159453	166.25813242644548	21.48225633551503	-167.2760164281637
11:15:07.676203	-161.07659273268732	-38.48876218792016	-179.9357827543273	-149.33839885163374	-11.16582370644457	179.18826761133684	166.8175870828556	21.222541324229184	-166.93898609955158
11:15:07.686275	-160.4679973439572	-37.588834717572645	179.28291663897153	-148.84214257732796	-11.843643105100785	178.29700736845288	166.949886691291	21.57927864471334	-166.84759243376618
11:15:07.696383	-159.81796008915023	-36.72262048598778	178.5120300876599	-148.25864077924732	-12.562935621582756	177.38707655794107	167.0183690948328	22.193316803322883	-166.80237498562812
11:15:07.706474	-159.12870469820638	-35.88476272607926	177.73091915051117	-147.6261647826019	-13.310904505149907	176.46839125452448	167.11149850993493	21.966282481757904	-166.6885304490763
11:15:07.716558	-158.4315629364108	-35.0942016742469	176.96415424626218	-146.90103614290572	-14.117786542390983	175.4737950970824	167.21823592698146	21.17295426954178	-166.5604362751941
11:15:07.727202	-157.67565721777112	-34.387669782797204	176.18729730771616	-146.04097155684252	-14.90631618684745	174.43172513652573	167.37280123677544	20.310458214596355	-166.42649303182844
11:15:07.737301	-156.91548537360572	-33.79379102204939	175.40251875240466	-145.11378949195108	-15.568330717625788	173.40040234061584	167.55134807359704	19.522732900097456	-166.25088071563377
11:15:07.747451	-156.1945370357724	-33.3821539560899	174.61667271546935	-144.16902466570605	-16.009277431793645	172.42559155658503	167.75350020365343	18.965735290680776	-166.02573191811388
11:15:07.758115	-155.52171424615867	-33.11447655692295	173.8359657928594	-143.23478929132108	-16.233518526552228	171.5237152257439	167.93858969151344	18.75493819296013	-165.7654968989902
11:15:07.768672	-154.88824846558217	-32.96447511753494	173.06690289795606	-142.29722999491733	-16.26819359738732	170.7089740187759	168.10480727632006	18.859701656447786	-165.49290286823924
11:15:07.778744	-154.32842448162594	-32.9246454178876	172.31351913478804	-141.3699219351773	-16.114638054303864	170.00150702948395	168.30428661086503	19.1376451323254	-165.22907491249964
11:15:07.789100	-153.726718494937	-33.01061074899761	171.40546431047983	-140.4754559165382	-15.804998712449265	169.42597325597234	168.50832964607832	19.426200104504275	-164.95911146825003
11:15:07.799168	-153.34529931236156	-33.1328164478901	170.70039043848612	-139.591196277508	-15.386322556560227	168.9593886384849	168.7071763129559	19.68687376740868	-164.67521983273792
11:15:07.809237	-153.08461446704797	-33.257528163635925	170.08370585346566	-138.7185207046135	-14.96840643606885	168.59628990056797	168.89295916442688	20.01298121767535	-164.34665434653382
11:15:07.819547	-152.89307049014727	-33.37730336147299	169.514838910134	-137.82966561929285	-14.563502644720272	168.29526582241544	169.05730704512908	20.335787151992815	-163.9785941342168
11:15:07.829618	-152.809196368221	-33.47173956672847	169.03986458987615	-136.93517931659719	-14.23829438579732	168.06836477030933	169.20761227308657	20.574521159420186	-163.55676338610098
11:15:07.839687	-152.8030865396607	-33.54709121530238	168.65134729658598	-135.96012034945528	-13.980637277764671	167.8657684693735	169.36549924509464	20.702199028901642	-163.0967966725277
11:15:07.849844	-152.92553812925385	-33.65898484862129	168.38542016793136	-134.91397757119805	-13.799200519264947	167.63150028773083	169.57441836092772	20.58401204075585	-162.60301546711457
11:15:07.859961	-153.17998854030907	-33.75495428624811	168.22745597911197	-133.82244094666248	-13.604643471922124	167.43311541281943	169.73823489539126	20.48799970192187	-162.05036406505258
11:15:07.870069	-153.59186622829458	-33.754726042377435	168.22110992351162	-132.63126099134612	-13.388192995009584	167.38874978050848	169.68883093421823	21.755680693522084	-161.53288694892115
11:15:07.880738	-154.1469841473965	-33.76495046703615	168.34006623918896	-131.30819600301425	-13.253887309701351	167.44508026530337	169.56023935049944	23.698848654650444	-160.961404289916
11:15:07.890876	-154.87953657598933	-33.857682732317414	168.60242518532152	-129.93564555972353	-13.407042737745941	167.44108875540715	169.43659009529827	25.40551924572911	-160.41334733018533
11:15:07.900950	-155.72653678922774	-34.1576223591347	168.98234791486115	-128.46380969162223	-13.980682404673141	167.18441163868835	169.33646189745303	27.02047601433612	-159.87495904607192
11:15:07.911062	-156.6679156627304	-34.73713328106061	169.50211021924895	-126.94988062394899	-14.833925771820622	166.6791774466131	169.43968780462302	28.522130222328393	-159.27495666137506
11:15:07.921151	-157.76047419835527	-35.44895855944543	170.21509373580565	-125.37036242314862	-15.912682331495716	165.93031375919728	169.72039302610426	29.766148599370233	-158.5162130775347
11:15:07.931224	-159.09430067848635	-36.138270586671936	171.15797995159397	-123.71247936101038	-17.075442679340924	165.01797646034046	170.28478750403113	30.384807633835255	-157.69702803672962
11:15:07.941308	-160.72872335630578	-36.64825820699317	172.3641707351155	-122.1749951377983	-18.254624447444776	164.1932059491245	170.6213289705891	29.947007970753987	-156.9814042385416
11:15:07.951383	-162.56135689758213	-36.83543565993767	173.84962018036103	-120.89260430636197	-19.41024924555997	163.62057959200052	169.90502837655094	28.333436985905124	-156.84077171052274
11:15:07.961512	-164.47885625952003	-36.69829164545023	175.56969984224463	-120.25154834396102	-20.294315826020764	163.61799098344326	168.09183616828778	26.947395205332448	-156.98549593672945
11:15:07.971596	-166.4331144554278	-36.32952053360437	177.5202548044344	-120.30476668795579	-20.71176038375264	164.5406148965572	165.840022955831	25.238090997530232	-157.04472545636958
11:15:07.981659	-168.33821473788257	-35.886387770129815	179.61642397151385	-120.31481553764709	-20.693178597866535	166.20799438225163	163.96430647836468	24.49398119092041	-156.05071776443702
11:15:07.991736	-170.1695069780056	-35.60015797533777	-178.20149717697282	-120.28901301521952	-20.31193591688864	168.30532685498457	162.76357997692458	29.67455519962947	-154.84221016845356
11:15:08.001813	-171.829691968705	-35.63776492226128	-176.02173564497542	-120.21880226576094	-19.527527208022224	170.58837826699497	161.02279291502117	39.469209152299804	-155.51229118100994
11:15:08.011968	-173.22996716534624	-36.04665296168415	-173.91769494809324	-120.18762619144009	-18.340682173782547	173.02066448596807	160.8207257588271	47.10458801019514	-157.68462451194353
11:15:08.022101	-174.3702260625421	-36.92368968256724	-171.97586450550202	-120.32414254508306	-16.597389311479716	175.56561120068787	162.7153919260074	44.396219651333894	-156.84292881269184
11:15:08.032636	-175.36613610533345	-38.18319424418308	-170.20624382437862	-120.68029073430804	-14.51618308570084	177.91899629250568	162.7451274087003	36.7540128933533	-156.7600029858485
11:15:08.042711	-176.39094699979003	-39.481698626813014	-168.56394260580748	-121.26258083803755	-12.674255505034434	179.94422280714346	163.31078530683362	28.601796562209607	-156.99149504751665
11:15:08.052852	-177.61103662238474	-40.51557230661447	-166.9172664241898	-122.12908613398854	-11.337173457219743	-178.24308960656057	164.80584954891933	22.524442246907157	-157.49398820900407
11:15:08.062924	-179.06470635756864	-41.145371616492994	-165.24607746825762	-123.42704466787711	-10.603598025296806	-176.5443624618816	166.62674168520536	20.281657193433002	-157.9135252385523
11:15:08.073049	179.37736901626175	-41.304758839171924	-163.55671271191127	-125.07315332141556	-10.46164633093753	-174.9685930153614	167.68830570680163	21.721289107733774	-157.66578748595114
11:15:08.083121	177.81429448310217	-41.047544563958525	-161.84492409799577	-126.93498811033051	-10.788658822930008	-173.44770394445578	167.79298653054443	25.47800299958541	-157.41762918049957
11:15:08.093299	176.35334967551387	-40.42120990586411	-160.11131840042466	-128.95675498281773	-11.385687523321897	-171.79664255838043	168.17239761035293	29.433186206868132	-157.28220083472198
11:15:08.103397	174.99859360101658	-39.71640578019737	-158.36669818352877	-131.15324327973073	-11.922199002652992	-169.9940433865598	168.80717283565434	31.175471743137663	-157.53823579561222
11:15:08.114010	172.95424907343724	-38.506128090748994	-155.345813100284	-133.57175805616677	-12.75294676881995	-167.0365952330121	168.9487515306677	29.95883664480669	-158.18640548992724
11:15:08.124546	172.84767281616018	-38.55276907348208	-155.1992392356441	-135.8330746177626	-12.595544455750469	-166.47876230050667	171.06287161735483	22.94514572482448	-159.17673361896416
11:15:08.134649	172.01962123237308	-38.04006905642955	-153.95010660281665	-138.3963916127618	-12.875410192289591	-164.9609886280317	171.22504207479807	21.153524713121875	-160.2879022265381
11:15:08.145383	171.01007378347109	-36.82880538628717	-152.19959027301462	-141.18582143511054	-13.776844891737337	-162.91377925550862	171.38592797108575	21.29313439724978	-161.23450471823236
11:15:08.155452	170.75870979691643	-35.985562170536724	-151.58952101100672	-143.99090047918466	-14.503924204016666	-161.84542362347946	171.46581759863957	22.393508604124904	-162.04545747253906
11:15:08.165578	170.6198280028593	-34.97347369986493	-151.16290033388375	-146.9935004956235	-15.502636178426101	-160.90258580321216	171.5059108482634	23.30602104376733	-162.93936554809397
11:15:08.175713	170.51887530611944	-33.89695602132313	-150.85963459610525	-150.1646976519817	-16.674669030159393	-160.0701353085865	171.3089066290184	23.340325174039755	-164.00521308604684
11:15:08.185805	170.37564494296257	-32.86609866433317	-150.60292612329195	-153.4737661191746	-17.931944669385473	-159.31827611673532	170.76545563884866	22.426192113390236	-165.07250128755223
11:15:08.195917	170.19497678952018	-32.03517092203504	-150.39729684175617	-156.82875451432804	-19.172258889463304	-158.6924479583967	170.10606617055623	21.212518056492915	-166.0523740147642
11:15:08.206332	169.98421727403164	-31.52023572210723	-150.2008157526015	-160.14794855302875	-20.220324960846202	-158.15367761274888	169.62702438164652	20.430833158714105	-167.1223467331149
11:15:08.216884	169.79893499459342	-31.438895439645165	-149.95939014442607	-166.32513976931008	-21.720359530573983	-157.38905060503942	166.40353374132218	21.711114336289974	-168.7844076149165
11:15:08.227525	169.6979729895215	-31.761594774456242	-149.68097244665	-169.15287320515108	-22.165179670286665	-156.9751873062142	166.1555845093974	22.35424222205418	-169.92122856526237
11:15:08.237681	169.62459239486876	-32.49675587961569	-149.45389526182922	-171.71886450966375	-22.10620108676212	-156.73052147263363	165.95225226140906	23.12002436327858	-171.20618859191777
11:15:08.247801	169.5745162851803	-33.3338516746814	-149.3129102871393	-174.18994545759102	-21.74385194199214	-156.56632633500212	165.76557543529174	23.529126961079147	-172.57948355803637
11:15:08.257890	169.63268285137391	-34.14502842920781	-149.2851778924364	-176.5053396780332	-21.241205107821063	-156.5086303741513	165.66836132781452	23.409691973850528	-173.929900551419
11:15:08.267988	169.81696988585858	-34.90217688451502	-149.40347857353615	-178.6573235547851	-20.65666428121459	-156.56946085133907	165.56018428289408	23.002626458737176	-175.0523768179431
11:15:08.278352	170.08098119622076	-35.56661000051238	-149.6669556751698	179.34392466918104	-20.08000756579459	-156.70143273434195	165.06242278723727	22.984233374424644	-175.96295765834088
