Time	Pelvis_w	Pelvis_x	Pelvis_y	Pelvis_z	UppLeg_w	UppLeg_x	UppLeg_y	UppLeg_z	LowLeg_w	LowLeg_x	LowLeg_y	LowLeg_z	Foot_w	Foot_x	Foot_y	Foot_z
11:14:59.372294	-0.6209175202531667	0.6478953580543955	0.29260577922871145	-0.3302648876525986	0.036925543092657144	0.19475935208044454	-0.5826301394421571	0.7881925016505361	-0.6655898009097523	0.7438980736807025	-0.013671904209425448	0.05847180460995348	0.03869601041406833	-0.14581193829528272	0.7352241978672983	-0.6608228781594918
11:14:59.382848	-0.6220264412962581	0.6478450248178278	0.2909015817111143	-0.3297820490946602	0.04376252567085555	0.1831068019701069	-0.581852381060343	0.7912044913128319	-0.6717062353697755	0.739090486514549	-0.006225718855767115	0.050171969602358514	0.024964199960469266	-0.1256144829306742	0.7608282457389961	-0.6361903574278023
11:14:59.393396	-0.6235869062754952	0.6481226737534974	0.28881405896991713	-0.3281201143326869	0.05450576097188983	0.1676067409057217	-0.577162906775129	0.7973832713737612	-0.678467461604736	0.7331550151849666	-0.0028686551543201325	0.0464477994135664	0.02783266575611959	-0.12512492280711657	0.7833430533202606	-0.6082291979380081
11:14:59.403505	-0.6255656633067082	0.6486985920210454	0.2863233999972454	-0.3253869207813505	0.05688499565715952	0.1634528094097352	-0.5734886472045825	0.8007234528178925	-0.6841419781431842	0.7280261856804265	-0.0013427713015567895	0.04388420753724234	0.03234878146020178	-0.14099185881710585	0.791446507914031	-0.5938747992599308
11:14:59.413591	-0.6275480800086457	0.649398129866951	0.28392858084032485	-0.3222577185805922	0.05651865996180586	0.16235381803283325	-0.572388761470643	0.8017593058944728	-0.6900673403371728	0.7225992607687766	0.0001220709959910088	0.04071067716300143	0.039672226930606624	-0.15429444566242084	0.7897824868954612	-0.5923368651715959
11:14:59.423736	-0.6292575733081512	0.6499480017612516	0.2819147168875219	-0.31957251734640935	0.0534668378064013	0.16308606235011905	-0.5736698727652578	0.8009039334424634	-0.6960926607957842	0.7170883535019438	0.004028243368042241	0.03497247651345764	0.0601801573984951	-0.16967630584971236	0.7825861847500043	-0.5959422483153207
11:14:59.434433	-0.6305381538296995	0.6501299404311256	0.2806325071444157	-0.3178019714443176	0.04901192255692237	0.1620506281302975	-0.5758748310393058	0.79981598155157	-0.7016606450475243	0.7119145584407032	0.009948737399334244	0.02740480424724586	0.10717981122877276	-0.18878539642972333	0.7732083420535839	-0.5958367410109793
11:14:59.444500	-0.6312201023143355	0.6498966978769138	0.2803930719427632	-0.31713591680770514	0.04528882162090639	0.1569239358320085	-0.5773409214449509	0.8000007883897844	-0.706744522688931	0.7069886696870099	0.01623577537224766	0.020386274339589165	0.11731360523584065	-0.1969672237752642	0.7741355125942596	-0.5900471497475919
11:14:59.454693	-0.6314487794111855	0.6493314869665187	0.28105757096351336	-0.3172502179952969	0.04522609693986264	0.14605404855208004	-0.5778686718307955	0.8016798695075517	-0.7112604564910857	0.7024101375868372	0.021423875416491125	0.01641886748443337	0.11291485965941328	-0.19995085418607456	0.7792956368277777	-0.5830679212575001
11:14:59.465304	-0.6313642405261419	0.6485155699526545	0.2824170863219701	-0.31787944360596937	0.04803546052727778	0.13208225740918567	-0.5769748517971497	0.8045787047910745	-0.7153948120183258	0.6981218206523001	0.02380376902031798	0.016418497093501377	0.10296714116291494	-0.20111246599395657	0.7834536004547576	-0.5789231380736504
11:14:59.475414	-0.6313420798426103	0.6475772880056163	0.28387200438398885	-0.3185396669275506	0.05133080409592843	0.11828668054448192	-0.5748317633477454	0.8080481752984501	-0.7194620124045146	0.693889007382671	0.022338233503567385	0.01983586308376885	0.08496113848085235	-0.1958622797306431	0.7897967901883832	-0.5750135672615733
11:14:59.485586	-0.6315229664056212	0.6465374295094951	0.2851527301678808	-0.3191488925616114	0.053039686524537465	0.10705593804837597	-0.5731826192772512	0.8106710200447718	-0.7234989465500117	0.68962498709875	0.017944043384992697	0.025390211048152932	0.0645121469727788	-0.18047532506954295	0.7986811308285556	-0.5704167697328199
11:14:59.495681	-0.6318794160814848	0.6454898777627531	0.2861248626089057	-0.3196932658586707	0.05218589814981068	0.09961097752104214	-0.572946229160553	0.8118416740241308	-0.7310792853975966	0.6813966557170452	0.008850099881670688	0.0338134850651418	0.04821753471737724	-0.15850751602661858	0.8037679932824568	-0.5714083038279566
11:14:59.505845	-0.6323482730650452	0.6445557686840614	0.28669303461259815	-0.32014157260870285	0.04864538251260184	0.09570383912140487	-0.5736737142232681	0.8120177778515116	-0.7310792853975966	0.6813966557170452	0.008850099881670688	0.0338134850651418	0.040038453803628915	-0.1389139037455174	0.8051025062860808	-0.5752476022853698
11:14:59.516395	-0.632870104821373	0.6437953385722676	0.2869247143181864	-0.32043283347595797	0.043029627263154485	0.09399379572377009	-0.5751932018836424	0.811459424771119	-0.7376423617163586	0.67441238598095	0.009704214422712312	0.030943627121478884	0.03985696179963713	-0.128421206166059	0.8066609604042946	-0.5755149966443776
11:14:59.526511	-0.6334776531048578	0.6433652511203686	0.28661827333851164	-0.32037038261368134	0.03643777231751398	0.09326116599859524	-0.5775722603695724	0.8101758622155453	-0.7410370399966969	0.6707847022126431	0.012817542080496364	0.027344089771725578	0.0465095543652468	-0.1312887814168581	0.8083629107786465	-0.5719698608356008
11:14:59.536639	-0.634110732882395	0.6433272812186392	0.2858350719114694	-0.3198935750348091	0.030090544902335446	0.09204166676008489	-0.5796549795892084	0.8090877550210115	-0.744384209629229	0.6671137595316066	0.015502918108053803	0.024719219817959805	0.05658039101805129	-0.14520469280684362	0.8093376320381447	-0.5662921983446385
11:14:59.547359	-0.6348385394506857	0.6436277664174099	0.284429150450937	-0.31909776793079364	0.024231238038396104	0.08935650500809042	-0.5809393542807408	0.808664163150403	-0.7474933997605482	0.6636315616556251	0.016113191600945924	0.024230822218089136	0.06848058955109741	-0.1629007963563984	0.808461576821601	-0.5613943517745045
11:14:59.557434	-0.6355953601909462	0.6441399492467108	0.282825897745808	-0.31798077843238237	0.019470447132285296	0.08453469993170888	-0.5812447274004792	0.8090916839673162	-0.7503434803308516	0.6603803853245335	0.013915594071533609	0.026244322152453734	0.07769916022116787	-0.17682204804455876	0.8078149140040508	-0.5568948451358489
11:14:59.567502	-0.6362979028181197	0.6447818748556946	0.2811307568710081	-0.3167756465828337	0.01641833045481182	0.07745301616043196	-0.5805619304318588	0.8103575221135186	-0.7528701836896626	0.6574110051496843	0.009582539022235673	0.03009039323542794	0.07873312263229419	-0.18194065005183643	0.8094863608310991	-0.5526576941359875
11:14:59.577576	-0.6369523102538187	0.6453750219072326	0.2795974064078903	-0.31560755043335537	0.014587134036004827	0.0686022537927591	-0.5795181492546687	0.8119357492927708	-0.7551851159239671	0.6545995610025497	0.004272444687196128	0.03430162734577463	0.06951886945372668	-0.1744990761792841	0.8140238471504414	-0.5496202102114213
11:14:59.587704	-0.6374524957691707	0.6459364001077301	0.27832089053115844	-0.31457584863982246	0.01293981965375024	0.05944992614506006	-0.5782024131130944	0.8136216791721259	-0.7573152162935889	0.651969788882021	-0.00030517215356769376	0.03753617488882633	0.05273212568339887	-0.15715882365133343	0.8182024038329228	-0.5505136269262243
11:14:59.597776	-0.6378626222190233	0.6464073324965722	0.2773979157961402	-0.3135908671860436	0.010864588710656962	0.05102694473095067	-0.5769829049541587	0.8150883013601857	-0.7592137659637902	0.6496560274072339	-0.003295887399473002	0.03912340413078137	0.03655920841468521	-0.13805831291154916	0.8200492892482646	-0.5541863312276156
11:14:59.607882	-0.6382432724632322	0.6467271411514209	0.2767328103039395	-0.31274347595884117	0.008056397152936701	0.04406605109409317	-0.5760323964349742	0.8161984782289584	-0.7610368012527795	0.647512986164948	-0.004394470261464441	0.03912299218887093	0.026611258284722043	-0.12676968682882497	0.820676557101772	-0.5565170941286596
11:14:59.617953	-0.6384833714668225	0.6470282210993008	0.27630381633020795	-0.3120090808659207	0.004028389607552437	0.03875799092114844	-0.575449351818248	0.816908583446694	-0.7627016642193125	0.6455742239474767	-0.004760781834915683	0.038696611324827476	0.025695746697181446	-0.12811252331920156	0.8216535440319634	-0.5548084025590958
11:14:59.628028	-0.6387280037548941	0.6472728599924179	0.27605989115942536	-0.3112158711080942	0.0006103610100955683	-0.033997108262323154	0.5748990354090158	-0.8175175369220041	-0.764336388186571	0.6436099347941701	-0.005920356915603082	0.039001114114127516	0.03137165554884989	-0.13854797294920088	0.8229261318387997	-0.5501025903925759
11:14:59.638112	-0.6388662568294957	0.6475334019971453	0.2759448119925623	-0.3104913201960108	0.005676298448286579	-0.02929702424922105	0.5740996043503608	-0.8182414730938695	-0.7659651580231663	0.6415797403298427	-0.008056366602315375	0.040098733770615166	0.03808569105479373	-0.14965723472172152	0.8230537562081625	-0.5465662874930735
11:14:59.648180	-0.6390332093293426	0.6477001353775533	0.2759988703521764	-0.3097510541878141	0.011352970185499467	-0.02484225196504453	0.5731418819453763	-0.8190008276829669	-0.7675926585742123	0.639477439876115	-0.011047572455624398	0.041809873658026034	0.040160654511869266	-0.15441710625384383	0.8230492797759226	-0.5450984885190037
11:14:59.658284	-0.6391022888112909	0.647952430333365	0.2760633800299369	-0.30902252776731604	0.017944193219020323	-0.021056961430483034	0.5719559001885696	-0.8198176983601394	-0.769217799959885	0.6373222460668984	-0.014465176433427974	0.04376173629859855	0.03509639254234721	-0.1506398205121964	0.824246408507577	-0.5446960122572287
11:14:59.668354	-0.6391626932814766	0.6481348968636363	0.2762462136928918	-0.30835083331340907	0.025512865962475675	-0.018066527093044977	0.5704383858499944	-0.8207452358789723	-0.770817057232011	0.6351962241359995	-0.017456146834140086	0.04541039596014064	0.02465813083231256	-0.1411739025127202	0.8262304878143939	-0.5447982074485691
11:14:59.678428	-0.6391024804710224	0.6483798729866938	0.2764907111578389	-0.3077408754211532	0.03405723669721814	-0.01605206675872468	0.5688413011076578	-0.8215850594646119	-0.7723456559985298	0.6331842765393352	-0.01977556444946449	0.04657023356463397	0.01464843820940592	-0.13214111968068257	0.8277588291498462	-0.5451050068675178
11:14:59.688511	-0.6390552686281882	0.6485770090203561	0.2767408393467245	-0.30719820124218444	0.043458152705833336	-0.014953999175462314	0.5672143442349848	-0.822286844456442	-0.7739255419529599	0.6311643556258327	-0.021362298082297792	0.04705809091843313	0.009948515479584308	-0.1288424305362115	0.8287174428331027	-0.5445438963733202
11:14:59.698581	-0.6389824959586838	0.6488092398548867	0.276979899384899	-0.30664323810262945	0.05304131947743362	-0.01446581440293644	0.5656926915038605	-0.8227813424117435	-0.7755698430291991	0.6290862022587514	-0.0224608249181353	0.047302008998790376	0.010925066806495718	-0.13158907282013838	0.8296337044731636	-0.5424692389728153
11:14:59.708652	-0.6389154289194162	0.6491082906532281	0.2769772847187916	-0.3061520626155705	0.06268325713584112	-0.014404331727418212	0.5642103495264998	-0.8231221087964492	-0.7773025360096163	0.6269080759603274	-0.023316024244654374	0.04736448904149684	0.014464801833744156	-0.13665270593144796	0.8305969964363891	-0.5396530709450035
11:14:59.718720	-0.6389911454480138	0.6493673508856069	0.276861575676014	-0.30554873188583026	0.07171804121552175	-0.014099461719817468	0.5627577361762643	-0.8233841497850115	-0.7792423670507989	0.6244559142552457	-0.024109088664922496	0.0474857493197714	0.01666279027215041	-0.13952798008108366	0.8319187963714656	-0.5368104045551754
11:14:59.728796	-0.639226170730326	0.6496632637499847	0.2763693403100273	-0.30487298031108356	0.0798962752708583	-0.01355001765479797	0.5614101909406835	-0.8235603072801306	-0.7813107018915703	0.6218259066378656	-0.024658192607155252	0.047729471828701506	0.019225679374925725	-0.14111038322167707	0.8332958746217807	-0.5341687171090475
11:14:59.738873	-0.6395888331291225	0.649964832903142	0.27569641752497814	-0.304077828671561	0.08673065235144828	-0.012268023309388532	0.5601786961869052	-0.8237275750423264	-0.7836918689876716	0.6187137442311548	-0.02557374556899022	0.0486450482541413	0.02075129419109466	-0.1411088004994437	0.8350564915369327	-0.5313551977284415
11:14:59.748945	-0.640255040832417	0.6502037130588884	0.27459556041039507	-0.30315984631216547	0.09100290877377029	-0.013244554798060464	0.559750285958583	-0.8235427552545154	-0.7860021834378181	0.6156549172493611	-0.02636690039176405	0.049743110692795606	0.016052060988291005	-0.1358626911024174	0.8374537217503455	-0.5291076680893335
11:14:59.759013	-0.6411755321869824	0.6503918582564955	0.27307180685431315	-0.3021856315904569	0.09625345132972263	-0.011535765568368788	0.5579892530477644	-0.824166362273459	-0.7883859280840351	0.6123616951666118	-0.028075987219838675	0.0516964373373986	0.009460527282783343	-0.1287242067057424	0.8400948227111609	-0.5268598161611988
11:14:59.769082	-0.6423485766578944	0.6505274733960318	0.27112432321497215	-0.30115430228335716	0.10058660561782659	-0.00933844093417929	0.5560950022961275	-0.8249566514141652	-0.7911387710491112	0.6084602999991197	-0.030517619620780406	0.05426032768574756	0.0036010486566504054	-0.12213048071114341	0.842767455102183	-0.5242272357961073
11:14:59.779151	-0.6437020797498794	0.650599323729752	0.2688094025429991	-0.30018270701781785	0.10406661967944072	-0.006713975463189724	0.5543912648377478	-0.8256969096911871	-0.7938394379095365	0.6045655568579086	-0.03302069321152232	0.0568248897965384	-0.0036620606929930943	-0.1151107744497496	0.8455698140121055	-0.521294339647567
11:14:59.789281	-0.6464193544509496	0.6508748933873031	0.26348714504435367	-0.29846007395573065	0.10687175676632416	-0.0036010472011497	0.5529133321222904	-0.8263487806163693	-0.7967969893163409	0.6002679731846965	-0.03588790729360463	0.059202840263259345	-0.012511865032631955	-0.10809030718434727	0.8485485831643027	-0.5178081118870708
11:14:59.799433	-0.6464193544509496	0.6508748933873031	0.26348714504435367	-0.29846007395573065	0.1090093539372243	-0.00012207094505848186	0.5519437780819257	-0.8267254754085683	-0.8000659913920958	0.595532795087937	-0.03875815567088654	0.06109750208906682	-0.019469980206316545	-0.1033923086818189	0.8515522377383337	-0.5136046502700744
11:14:59.809524	-0.6476538470436896	0.6511329036153124	0.2606240624706959	-0.2977339992346732	0.11065885740258992	0.003784252156073125	0.5512190519596192	-0.8269811687521736	-0.8035277646803337	0.5905761223734833	-0.041259762166646834	0.06213378385450662	-0.021301395704297267	-0.10333313159706381	0.8544362133652075	-0.5087310406742628
11:14:59.819654	-0.6497272523500022	0.6520466168957326	0.25464181275755843	-0.29639037458070555	0.11169391069203828	0.00805660995155686	0.550901222899638	-0.8270232185120867	-0.8072479542990201	0.5853249570336914	-0.04315169391270279	0.06231666122329498	-0.01953171869768041	-0.10693615986980025	0.8575645240700306	-0.5027586466024798
11:14:59.829748	-0.6507363858599439	0.6525673830064265	0.25157900792672	-0.29564500591873644	0.11224045370803677	0.012633917301557157	0.5511927881660033	-0.8266976321236313	-0.8112304241259243	0.5797816416200553	-0.04425115171855354	0.06164643204929528	-0.017028807642191248	-0.11151122423757495	0.8608397956468292	-0.4962157925842826
11:14:59.840300	-0.6517388697702731	0.6530816544804198	0.24847620704577467	-0.2949243508831204	0.11260765947941581	0.01715054325946658	0.5518080484300262	-0.826155706619714	-0.8154842990087015	0.5738480188069613	-0.04492152114889636	0.06054639807025161	-0.014709521151884194	-0.11596717920572601	0.8641996265125655	-0.4893814962481638
11:14:59.850394	-0.6527222587686857	0.6535767670558338	0.24536595102394956	-0.29425603231006486	0.11304129825021123	0.021241021485460858	0.552693820548414	-0.8254090044479516	-0.8199570580482158	0.5675123362909269	-0.04553282457227699	0.059387987009149476	-0.012451346213789185	-0.12054612143251783	0.8677489662815727	-0.4820013776975156
11:14:59.860468	-0.6536272864953244	0.6539934984403214	0.24249334291212288	-0.2937019798875246	0.11358576949306007	0.024658060652980263	0.5535856686201261	-0.8246412313921196	-0.8246920021008204	0.5606587278935862	-0.04626380532803596	0.058348546033776226	-0.009888077658736626	-0.1253710587101545	0.871554696846298	-0.4738952774224146
11:14:59.870560	-0.6543671613221296	0.6543061253029782	0.2399325912841425	-0.29346118007991784	0.11437824790850028	0.027160256306981122	0.5544964686492663	-0.8238407632171487	-0.8296564313872402	0.5532873942856862	-0.04730256266645414	0.05749550197651587	-0.007263185393072249	-0.13037112604707835	0.875549533307743	-0.4651490410134757
11:14:59.880662	-0.6550253962912469	0.6544760831560791	0.23766948314928396	-0.29345528376521757	0.11535274589111853	0.028929736271105917	0.5555852094427788	-0.8229106205555297	-0.8348091339022227	0.5454517641237143	-0.04852122104490913	0.05676067367517672	-0.004882701527239758	-0.1350066972281793	0.8798017814395138	-0.45573915379874086
11:14:59.890759	-0.6556463591664684	0.6544256435470931	0.2357812218823373	-0.29370417802169485	0.11627011493392625	0.030150885447432843	0.5567537996993571	-0.8219473164384172	-0.8401204225906933	0.5371521859223168	-0.049986097065149136	0.056272504876761296	-0.004882701527239758	-0.1350066972281793	0.8798017814395138	-0.45573915379874086
11:14:59.900833	-0.6561927159525479	0.6543006152926532	0.234071162280534	-0.2941300993559044	0.11694285271971266	0.03112779482622832	0.558164085658545	-0.8208582600351856	-0.8456450526809891	0.5282611281814479	-0.0518190292115597	0.05603046974818823	-0.001281751455256487	-0.14215233996630278	0.8890472236793329	-0.4351851369513692
11:14:59.910904	-0.656702109388571	0.654199573234195	0.2323696375538888	-0.29456681661020945	0.1169427581854482	0.03210432714276919	0.5598115751967281	-0.8196979344627189	-0.8512945209021942	0.5188453342550583	-0.05419770107263754	0.05621180482871529	0.00042723361364211624	-0.1455035621318293	0.8939558198594395	-0.42387677810635677
11:14:59.920985	-0.6571753506951142	0.6541845833333552	0.23053323112988267	-0.29498731957922236	0.116212736538666	0.033264675112170676	0.5616542025361368	-0.8184941160627683	-0.8570007347306009	0.5089147586485115	-0.05743449123150028	0.05706827768485947	0.0032959282186255288	-0.14941541257769064	0.8992390823149984	-0.41113652741965856
11:14:59.931473	-0.6576475833557539	0.6543517161166624	0.22863553106734608	-0.29504115247718926	0.11474600291432452	0.034301730658431055	0.5635981866547195	-0.8173211303328296	-0.8628519949247352	0.498167785426589	-0.06213364439650424	0.05877671861869704	0.004028362106705702	-0.15155186531742817	0.9045504003239169	-0.39850266961638686
11:14:59.941571	-0.6578305498597246	0.6551450289658827	0.22637720443771742	-0.29461384896760906	0.11261037298259444	0.03479019653120804	0.5654932822134078	-0.8162878744006601	-0.8687240877215717	0.4867613714311484	-0.06823814586332588	0.061035908643404184	-0.0014038509056974854	-0.15070034287683007	0.9101836828591697	-0.38581485108320895
11:14:59.952277	-0.6575797804866034	0.6568473730830542	0.22350632598310205	-0.2935733009226436	0.10949461601033492	0.034606157902931936	0.5675531963657215	-0.8152893426232184	-0.8747972551491839	0.47472078773113463	-0.07360674595059763	0.06286479960954856	-0.0006713839925562363	-0.1554559117309758	0.9152184516709785	-0.37176362715091227
11:14:59.962384	-0.6569254258973478	0.6589395984379603	0.22076551755743817	-0.2924212315780167	0.10546504650709883	0.03362919017674274	0.5706586717832026	-0.8136921296485194	-0.8812211902729017	0.4616065841552816	-0.07842978456162064	0.06494108231405786	0.013305326867879446	-0.16552314892517916	0.9206919990915663	-0.3532014980936622
11:14:59.972483	-0.6561819272576346	0.66063744587821	0.21886972292306553	-0.2916838833935667	0.10052694072457356	0.03155581563728265	0.5747186847981691	-0.8115398930624954	-0.8877380381861188	0.4472564004006792	-0.08471504963921161	0.06860210071647972	0.03057927935940666	-0.17596818840951978	0.9262897077013085	-0.3317943365224244
11:14:59.982552	-0.6553571499519355	0.6613388022472964	0.2188796441955519	-0.29194125437460255	0.09472666324852681	0.028442413063024162	0.5800787419548962	-0.8085335747765688	-0.894062170102295	0.43134471300607036	-0.0950337792769848	0.07458656279799321	0.04309192108019023	-0.18042453075501744	0.9312371670261507	-0.31366768049730537
11:14:59.992666	-0.6547044889451173	0.6613571214887006	0.22014720719912728	-0.29241066528722454	0.08831902955972616	0.024048166998294478	0.5862503655294885	-0.8049421989175319	-0.8995987062013119	0.41491770165930647	-0.10907001071862028	0.08166517870258194	0.04126082007900836	-0.17407671429782817	0.9378901794882285	-0.2972488073739212
11:15:00.002776	-0.654350744733651	0.6614307453295938	0.2213720875990068	-0.29211105907053947	0.0814205875398856	0.018188407111608625	0.5927101391303066	-0.8010833669122926	-0.9044968719972608	0.39783457801998423	-0.12549062479427547	0.08868573824225791	0.02026363828289672	-0.16168186087769099	0.9460433535689734	-0.2800898677114851
11:15:00.013224	-0.6542957988703338	0.6619251808534301	0.2217403579567092	-0.2908320411956288	0.07421612282758565	0.01092490623860019	0.5993440182293511	-0.7969688584560966	-0.9089258409216553	0.38158772209523156	-0.1395248772728246	0.09368796439798152	-0.005798335480454093	-0.14764393186545738	0.9542839498621026	-0.25982646463466397
11:15:00.023462	-0.6545258666494871	0.6627654220390508	0.22143042187657022	-0.2886285736092339	0.06689209992305213	0.0020140869502378836	0.604653315636567	-0.7936723242694981	-0.9135327741794353	0.3672564109198679	-0.14691477166098088	0.09485066687210815	-0.02520798803799235	-0.13635507330962449	0.9611995051387495	-0.2384687875652206
11:15:00.033695	-0.65509375594162	0.6636997579529652	0.2205822075815722	-0.2858291306321258	0.048034963317031755	-0.016845806703304655	0.6105384219317264	-0.7903490978300434	-0.9182493343723113	0.3556423310991996	-0.1473349214473087	0.09289302006744153	-0.039917320005943224	-0.13617055188571764	0.964302352865286	-0.22357361342778292
11:15:00.044331	-0.6556955198389631	0.6648507211771224	0.21941965873788258	-0.28265158264676893	0.03515626663285091	-0.024353038865464433	0.6118777308929346	-0.7897952955366159	-0.9228296123556797	0.3449014642474832	-0.14568745269133648	0.09057401750898338	-0.03759691107130419	-0.14623733592020263	0.9683035619257158	-0.19897066573449942
11:15:00.054433	-0.6563173224332874	0.6660220052443069	0.21814173815461446	-0.27942162206822185	0.02117895530773956	-0.030212054401530495	0.6121145325110088	-0.7899078950800155	-0.9269142489164554	0.335378534127604	-0.14324539028161723	0.08849843029754792	-0.01977572059702699	-0.1641262737203876	0.9735880223554862	-0.15747333068002975
11:15:00.064565	-0.6568117622460494	0.6672489717381109	0.21686201944616795	-0.2763113881319455	0.0070190582522899475	-0.03424079721334487	0.611268420840729	-0.7906511356535999	-0.9310463288821915	0.327886513619715	-0.1359276369752616	0.0846572215916874	0.0274661437458976	-0.1863425263471675	0.9756584617292736	-0.11230600998322574
11:15:00.075180	-0.6572797011051218	0.6684490005110311	0.21539047870739852	-0.273434214964337	0.006774945968880543	0.03704857840640081	-0.6102334215934024	0.7913258962751012	-0.9352115357153009	0.3212386315408973	-0.12543138662674216	0.0803249171780013	0.12438614329053548	-0.19811453440680968	0.9691499358736079	-0.07763453104296424
11:15:00.085635	-0.65773877717701	0.6695800283622679	0.21369185772983593	-0.2708838802070871	0.020263954885666718	0.039856513675724	-0.6097497268307546	0.791331852688762	-0.9386181896411848	0.31488693200408846	-0.11737305102614114	0.07788248211614981	0.08703715741275363	-0.19250714900408483	0.9723014849825844	-0.09997676286261602
11:15:00.096148	-0.6582661096838569	0.6705342124234448	0.21185365477168913	-0.26867755353067574	0.033203868409555824	0.044068369470035486	-0.6097548628887182	0.7906671165025481	-0.9406711596247851	0.31060702902482035	-0.11260954382998498	0.07733132359490025	0.03631638613963237	-0.17645491147844902	0.9751712627779938	-0.12878583992373832
11:15:00.106634	-0.6588178206659374	0.6712690746418362	0.20996232194652814	-0.2669695337773587	0.04516625497180199	0.04998805786744031	-0.6100496195177849	0.7894939298111604	-0.9406948440149293	0.3111641782239884	-0.11017091833940744	0.07830985497476994	-0.005981399600228701	-0.1587512281652536	0.97490710014748	-0.155943632434534
11:15:00.116990	-0.6593645529275115	0.6717547227177814	0.20831354430635904	-0.26568674432041633	0.05572464646015784	0.05786085963223398	-0.611018001875838	0.7875302445513872	-0.9406948440149293	0.3111641782239884	-0.11017091833940744	0.07830985497476994	-0.021301132171821203	-0.1455068742052199	0.973504464586098	-0.17510873410015768
11:15:00.127544	-0.660025709219359	0.6719274119470985	0.20690652434377907	-0.26470607553951914	0.06494238074821349	0.06750589577774822	-0.6123138756260128	0.7850459597589491	-0.9370456415109033	0.3223783676454498	-0.1080901342484081	0.0795875409711599	-0.02160646684368238	-0.1376344144985982	0.972168937531562	-0.1883546798858865
11:15:00.137630	-0.6606393174869141	0.6719917669559242	0.20574788795716809	-0.26391393281720404	0.07421987546344731	0.077454787798614	-0.6135957302911479	0.7822994603741811	-0.9340878581069296	0.33148400139693773	-0.10553044345706229	0.08038380221686006	-0.015502411063485433	-0.1389113684271372	0.9710368504726505	-0.1937801382935679
11:15:00.147700	-0.6611922466216983	0.6720564781271595	0.20477245337540825	-0.2631219214609195	0.08410619450022165	0.08654759346974912	-0.6149273654497337	0.7792945510731712	-0.9303744661369932	0.342412960377126	-0.10260181575649711	0.08142226187933799	-0.0019531237667263525	-0.14764394974097023	0.9690545638848219	-0.1978148164987534
11:15:00.157775	-0.661695511569306	0.6721327343788578	0.20398361771650406	-0.2622733708341765	0.0944207822472047	0.09411560841964424	-0.6157187144859735	0.7766063563758452	-0.9258486676546369	0.35541016492537086	-0.09863349244708901	0.0822149222315773	0.01434350297399076	-0.16028101621148824	0.9641885807665194	-0.21081897562623014
11:15:00.167846	-0.662185825584047	0.67225686081507	0.20331283851234774	-0.261236550235019	0.10491930930197017	0.10015857275423679	-0.6159050320920192	0.7743521100140172	-0.920443098711864	0.37010589155816875	-0.09447953828035047	0.08294424581588908	0.02056880738996825	-0.16625944014917957	0.9587993925489947	-0.22943070320145595
11:15:00.177935	-0.662605334244048	0.6724321082688538	0.2027001027104351	-0.2601958861350752	0.11456383032824069	0.10565263201821237	-0.6154830394405856	0.772588686358482	-0.9140346935752462	0.38618347287149135	-0.09137295066992612	0.08398742827108774	0.01049794961407875	-0.16302339197211826	0.9543978960194733	-0.24987561465138608
11:15:00.188030	-0.6630342155250438	0.6726168696571834	0.20209024096505757	-0.2590978776492508	0.12274265007797441	0.11145105869834972	-0.6148729273423741	0.7710020665265901	-0.9064620690397114	0.4038214967858549	-0.08923624974318618	0.0853909120319545	-0.007873443791139464	-0.15148749991944302	0.949696010776202	-0.2739836370420547
11:15:00.198464	-0.6634596163575093	0.6727981003779967	0.201418282794828	-0.2580595453504645	0.1287867805368713	0.11822748526062543	-0.61427021768866	0.7694857546105859	-0.9064620690397114	0.4038214967858549	-0.08923624974318618	0.0853909120319545	-0.026489774813072912	-0.13629416395758484	0.9437440049763443	-0.3001157206356671
11:15:00.208553	-0.6638624355997707	0.6730174751639855	0.20061743365049609	-0.2570735109631547	0.13305653529426992	0.12573232234229176	-0.6139521506995693	0.7678216577990439	-0.8881248778713953	0.44262810901816774	-0.08605979505179488	0.08892845488685472	-0.03625416742104987	-0.12347168466798636	0.9358946182396949	-0.32793542349040566
11:15:00.218627	-0.6641935187281727	0.6732878795341364	0.19977075783838533	-0.25616800203107337	0.13568489410459247	0.13348756788427518	-0.6138474943814154	0.766134408817294	-0.8775936232126994	0.46315067554165834	-0.08429244635253429	0.0906403206614869	-0.03601032062705533	-0.11669785260835558	0.9267469633918781	-0.35528148537303234
11:15:00.228746	-0.6644858114530509	0.6735799958846211	0.19891239639253172	-0.2553085468272354	0.13745573007490117	0.14087381217267844	-0.6141561083541986	0.7642465347548123	-0.8661166519156529	0.4843564054402524	-0.08221119936088961	0.09209851509694315	-0.031555588691422554	-0.11370998400796949	0.9166379709241469	-0.38190196990760333
11:15:00.238850	-0.6648123760771955	0.6738458163691	0.19800324531715224	-0.254462247141556	0.1387957599271226	0.14746286542828857	-0.614754131040448	0.7622780324229701	-0.853515381761203	0.506225441671011	-0.08050534815096015	0.09362790300498322	-0.029845334757104103	-0.10943289410938171	0.9054915878453916	-0.40892380955541413
11:15:00.248919	-0.665028451777487	0.6741835791422651	0.1970793750724583	-0.2537190963692193	0.1402563874313037	0.1528904484401287	-0.6154679768743544	0.7603629567533426	-0.8396723152666545	0.5285717998262142	-0.08001820202911857	0.09570445521102816	-0.03485017725536176	-0.10021714720368478	0.8938368579768354	-0.435657732484715
11:15:00.259007	-0.6652197133790312	0.6745580578277872	0.19616626835491385	-0.2529287542199014	0.14239214265352343	0.15667408066506414	-0.6161374539594167	0.7586516644591926	-0.8245376684228743	0.5512176832872143	-0.0811170746416463	0.09857342027558975	-0.046204403599103966	-0.08593896997032811	0.8817289489995453	-0.4615557463889355
11:15:00.269082	-0.6654689983849319	0.6748684504395297	0.19519121864028363	-0.2521982849973896	0.14489607424947043	0.15905609498488624	-0.6165102131398065	0.7573780056283397	-0.8082599957878651	0.5738322495203132	-0.08355417460043701	0.10223027206408473	-0.05865667674582323	-0.06897195080414179	0.8686193202599484	-0.48713729147597834
11:15:00.279185	-0.6655343441147485	0.6753000718347008	0.19433798162705054	-0.25152852458702113	0.14783167484081186	0.16028322796530634	-0.6166570647880768	0.7564318523130393	-0.790967188057097	0.5963229745595986	-0.08654923008449444	0.10620286343231336	-0.06872508324232911	-0.05425985701814438	0.8547911108426458	-0.5115319028898403
11:15:00.289256	-0.6655370317581284	0.6762793756309669	0.19256872112957585	-0.25024778340135057	0.1511181981855615	0.1601511114858293	-0.6162521999513789	0.7561402897095805	-0.7727703292862863	0.6185336479730846	-0.09002734663117228	0.11016905808085828	-0.07385166281405596	-0.04431099768843357	0.8406272330066055	-0.5347226594330118
11:15:00.299467	-0.6653823491832213	0.676856563239949	0.19164378796875023	-0.24980828794780086	0.15386920100748971	0.15917924483440427	-0.6157209439760238	0.7562234829364528	-0.7537801080263977	0.6403774002763534	-0.09374949359745319	0.11376891670940933	-0.07568316097065832	-0.03826882413596997	0.826045081110395	-0.5571867552428547
11:15:00.309868	-0.6651025109403614	0.6775537279938472	0.190613484598215	-0.2494515887137063	0.15600236086665828	0.1574671717668147	-0.6153426456407077	0.7564527623557757	-0.7342452053071817	0.6614920644321892	-0.09802142973593798	0.11706419815288235	-0.07611215803208517	-0.03283748277567107	0.8108050579777221	-0.5794167732145826
11:15:00.320401	-0.6651025109403614	0.6775537279938472	0.190613484598215	-0.2494515887137063	0.15777332279599227	0.1552098877641038	-0.6148582026486755	0.7569457444162074	-0.7146429860280357	0.6815017150900202	-0.1024754952208619	0.11974801764343719	-0.076539330687989	-0.025757254824825642	0.7942634052972893	-0.602182644790829
11:15:00.330566	-0.6641244728243086	0.6793222481880852	0.18835475812294977	-0.24896275385078162	0.1586928020244587	0.15252819702273937	-0.6141411438346552	0.757880201052963	-0.6954793933347587	0.7001789908149497	-0.10625973003912374	0.12151816341636724	-0.07732913312769095	-0.017638610476639848	0.7764040272433754	-0.625224656479926
11:15:00.340647	-0.6634455630856396	0.6804131681029173	0.1871319315934288	-0.24871579296908755	0.15918401739713034	0.14917397949332306	-0.6132368952411689	0.7591759234607006	-0.6769297101006282	0.7177615535824892	-0.10864077936877813	0.12158001825989102	-0.0784297617723081	-0.010070747620568744	0.759029196420563	-0.6462368230701931
11:15:00.350708	-0.6626484136459431	0.6815690186224782	0.1859102024468585	-0.24859233570783146	0.15935860358594559	0.1450157189276931	-0.6120444568210885	0.7609052895082281	-0.6591336517174686	0.734269638870372	-0.10943852556064647	0.12005888442710073	-0.07916296304441084	-0.005249047665242353	0.7432895635735044	-0.6642486714050294
11:15:00.360785	-0.6617796302833756	0.6827749445707021	0.18474655915039914	-0.24846489669682026	0.15972482631601273	0.1402551207008778	-0.6103966327804521	0.7630415661455067	-0.6424964164439021	0.7493045031520649	-0.10912734801953995	0.1176109617637883	-0.07891957437979313	-0.003479053162914314	0.7296245878855739	-0.6792698710539193
11:15:00.370903	-0.6608425198809896	0.683975365086023	0.18371995796081822	-0.24841868069785056	0.15960976031243687	0.13580562779930097	-0.6087143937269341	0.7652113059414994	-0.6273412144079361	0.7624777632208541	-0.1085853298727105	0.11523839392899236	-0.0783679537381854	-0.0023803350434495564	0.7170911903971497	-0.6925554291800543
11:15:00.381020	-0.6599027936012095	0.6851099572857545	0.18279771243392737	-0.24847061346194266	0.15814281417815132	0.13293517918950737	-0.6076687989030006	0.7668492154898855	-0.6140586052020923	0.7734782530291339	-0.1085176622651148	0.11352241384314597	-0.0786730904617408	0.0003662052310088788	0.7057385143592776	-0.7040905908197377
11:15:00.391092	-0.6590817001498005	0.6859991876258202	0.18207452412917713	-0.24872735026027382	0.15588623798425932	0.13153282805641303	-0.6070041647429362	0.7680784725113232	-0.6030347470686133	0.7821140940219848	-0.1090711632602846	0.11291642531143062	-0.0792832031793375	0.005004790346963568	0.6963372325427726	-0.7133046924995514
11:15:00.401204	-0.6583319139088728	0.6866525154343426	0.18158144297041504	-0.24927012204745377	0.1542929917933969	0.13048987992653582	-0.6058197138217	0.7695118831214984	-0.594842997645669	0.7882615754764841	-0.1098622404845274	0.11285293480882842	-0.07788045508365157	0.007873494283535308	0.6893885111048939	-0.7201500701661481
11:15:00.411283	-0.6576468716662518	0.6870655066679348	0.1813335364937758	-0.25011943202675635	0.15331998036998504	0.12994356616548494	-0.604063632851012	0.771177528652373	-0.5898923319408323	0.7918534003725152	-0.11034923291764355	0.11321782470256017	-0.07409660736731567	0.007446281794738478	0.6861565568561473	-0.7236321062165525
11:15:00.421425	-0.6570291055437705	0.6873018817954852	0.1813314883948483	-0.25109314818458633	0.1525876513147696	0.13055399446491686	-0.6024770824512362	0.7724597260158895	-0.5881456791639639	0.7931665733432659	-0.11004842876013146	0.11340542464577053	-0.07086312974742599	0.0058594835966863865	0.6860478711120311	-0.7240734782030271
11:15:00.431851	-0.6564828200907519	0.6874881448031079	0.18133232228427146	-0.2520098144435398	0.15106508583362263	0.13330349392348761	-0.6020019965967758	0.7726597662900319	-0.5894968634943455	0.7923233366142161	-0.1090123626217541	0.11328496362036708	-0.06988345058107212	0.005248887991242098	0.6876653604340084	-0.7226376025151912
11:15:00.441943	-0.6559458529704089	0.6877452192491456	0.1812746983643914	-0.2527469784265807	0.1486211737987645	0.13818412216854326	-0.6030906851357668	0.7714262897916159	-0.5938101989772275	0.7893665642278225	-0.10736068866285778	0.11297591513072754	-0.07043743669612534	0.005127161769908604	0.6910071237754203	-0.7193896264302715
11:15:00.452297	-0.6554996314324717	0.6880304790631522	0.18096428372414142	-0.253349997213798	0.14587713572110383	0.14441226071804672	-0.6049323398041255	0.769364558897286	-0.6005318778353554	0.7846160473191884	-0.10528686749323998	0.11248909958842973	-0.07440293589513707	0.0045777031928919435	0.6924539029781214	-0.7176007525177411
11:15:00.462453	-0.6550978254131123	0.6884234019225282	0.1804830214987956	-0.25366501093980204	0.1436737782372911	0.1503264723018046	-0.6066158376807291	0.7673180713675547	-0.6087698985203805	0.7785101319057002	-0.10315030363940676	0.11261083444657129	-0.08160484553940561	0.0018310735723127663	0.6984324962658328	-0.7110058681290471
11:15:00.472516	-0.6549247139526849	0.6887390934056008	0.1798143716034119	-0.25372991946890133	0.14312512687909548	0.15429437985089697	-0.6075951548321517	0.7658567556839617	-0.616771611311081	0.7717427267112625	-0.1025409507177255	0.11615204119989977	-0.07397420552036812	-0.023742546161240264	0.7098960267387802	-0.7000083854068498
11:15:00.482590	-0.6550308378504986	0.6887833586603501	0.1788334285223594	-0.25402891792152216	0.1449637760842237	0.15405834561540235	-0.6058570279629492	0.7669346722097982	-0.6226380495474314	0.7662580211762037	-0.10278624403861135	0.12085318479599197	-0.056456075630222445	-0.05804294910739626	0.717755080444774	-0.6915716680714059
11:15:00.492701	-0.655200814685368	0.6884033524765967	0.1778532998596332	-0.2553055433468928	0.1475221122452402	0.150085591233366	-0.6022344565675569	0.7700812950757946	-0.6288633581345284	0.7629004283532438	-0.09710973529962484	0.11438318287334817	-0.059081938148885425	-0.07434070316667608	0.7278430913486144	-0.6791371134118266
11:15:00.503129	-0.6553443699558742	0.6876934913190681	0.177065662404954	-0.25738914111054495	0.15008194063525823	0.14458890498777013	-0.6009380998351983	0.7716494410132452	-0.6374038010071549	0.758500146999513	-0.08819769151157128	0.10302955243704659	-0.05993624232876251	-0.08282431857447121	0.7384608919915455	-0.6665007802750373
11:15:00.513443	-0.6557166030890369	0.6869063251572206	0.17633484746571979	-0.2590394920887902	0.15673634829937833	0.13610671990171871	-0.5989306019711058	0.7734279617016052	-0.6467683303407523	0.7532711836430656	-0.07769520472999696	0.09075629963354712	-0.0527969936839146	-0.08203371041755055	0.7503276801807656	-0.6538282038636916
11:15:00.523576	-0.6564358590108436	0.6864652818498334	0.175110597815166	-0.2592173959292471	0.16095114035686187	0.1312877902569624	-0.5944266802940756	0.7768623869784367	-0.6554067208659418	0.7472662026039975	-0.07122924597229968	0.08343648607038018	-0.04406799704417595	-0.08203239338971258	0.7694809400774602	-0.6318447443231433
11:15:00.534207	-0.6572868851185594	0.686583728359056	0.17333965583960523	-0.25793429069653934	0.15563985194870736	0.13269060319078033	-0.5916145431132629	0.7798472111171114	-0.6621103024246099	0.7417002576570667	-0.06958017558665701	0.0815430829682226	-0.028075689457338095	-0.09362632092947094	0.7857531001603709	-0.6107683139121355
11:15:00.544338	-0.6580991171739414	0.687030575302345	0.17126934917363007	-0.2560495081195218	0.1494711289505351	0.13488411391616276	-0.5951380066952502	0.7779944796784283	-0.6680381632021772	0.736337359604483	-0.06951991483666331	0.0818491710236747	-0.011840844330736537	-0.11346458562288259	0.7943741699202888	-0.5966198625409775
11:15:00.554905	-0.6587517518209467	0.6873772101368943	0.16955548657079494	-0.2545773702256248	0.14434917162321015	0.13397312123168975	-0.5978436093231896	0.7770441031438006	-0.674263853592263	0.7306000115415396	-0.0691537020114089	0.0825205693904897	0.02807672528705582	-0.15088188023826518	0.8009801433522468	-0.5786857227099483
11:15:00.565010	-0.6592373372750876	0.6871302604428234	0.16894444491967803	-0.2543932248646019	0.14129659858317511	0.12860126704740818	-0.5991219920917698	0.7775280213179558	-0.6805486066637315	0.7250436680321495	-0.0672003601737012	0.08154376130069464	0.02807672528705582	-0.15088188023826518	0.8009801433522468	-0.5786857227099483
11:15:00.575181	-0.6594236795040662	0.686279142201381	0.16992183670301003	-0.2555541416219479	0.14178330631699962	0.11773568570189077	-0.5980777523031766	0.7799607711687206	-0.6867591419281013	0.7197787558441253	-0.06365888597858245	0.07891748760336251	0.04577545479264107	-0.1530120868868682	0.7939294879235667	-0.586658228622488
11:15:00.585254	-0.6594937250385005	0.6848236552459024	0.17236559736313978	-0.257632856398659	0.144409818526502	0.10406540176994332	-0.5950954060158049	0.7836948731531216	-0.6927072096662128	0.7148025493348329	-0.058961597016262364	0.07574673074242401	0.04577545479264107	-0.1530120868868682	0.7939294879235667	-0.586658228622488
11:15:00.595356	-0.6594868323932784	0.6831075083892247	0.17578177485355317	-0.2598884712938991	0.14758247754333964	0.08947721756763272	-0.590879224605902	0.7880831058889998	-0.6979941010361372	0.7101400284675985	-0.05499236490324935	0.07403522600182183	0.039611484756919356	-0.14153934229783666	0.7916193486860463	-0.5930736477395769
11:15:00.605439	-0.6596596467371936	0.6812658194745147	0.1794410956150397	-0.26177648268466164	0.15063408410295365	0.07446255372998518	-0.5865451978238997	0.7922937786630637	-0.7025695971454636	0.7054992592654343	-0.05395461070945964	0.07586604198174018	0.008178543992808363	-0.11321790378104114	0.7980183784027564	-0.5918458290915126
11:15:00.615511	-0.6600002411081236	0.6795322930044151	0.18274676055467698	-0.2631333616403515	0.1489208932203937	0.0658547720429528	-0.5859793015610656	0.7937971873870658	-0.7063834009751612	0.7010121282467576	-0.05597110331756872	0.08044701654586213	-0.009155040962456175	-0.10509987024899689	0.8020426219175774	-0.5878756970025192
11:15:00.625585	-0.6603789450229007	0.6780175323714791	0.1856018827924807	-0.26409054483494376	0.1436132632772682	0.06201065681670399	-0.5872091823164459	0.7941758528532996	-0.7099588348849195	0.6964701053019099	-0.05944806612602403	0.08575414056166711	-0.017883602779566812	-0.10009934661600536	0.8059828488197261	-0.5831397302251922
11:15:00.636210	-0.6607179742700704	0.6767705218204656	0.18786973901185003	-0.26483651643028505	0.1355584783114495	0.061462128617573	-0.5896580184452559	0.793819706852189	-0.7135461107444943	0.6919401469087615	-0.06280377623437555	0.09014691690784518	-0.01568613347412005	-0.09771789763449884	0.8115285240151758	-0.5758703086705163
11:15:00.646277	-0.6609369481272728	0.6758292387675031	0.18963256975080214	-0.265436770468696	0.12604310955626127	0.06299103586540515	-0.5926162473035065	0.793064466084505	-0.7171394470936985	0.6878435377656155	-0.06420686794404858	0.09197694866129393	-0.005371149345545818	-0.09845072607233414	0.8167198794630521	-0.5685483653836283
11:15:00.656358	-0.6610953588074403	0.6751949828388796	0.19080270442545086	-0.2658175872593853	0.11670021148795783	0.06408745923763375	-0.5946095503743123	0.7929144599581904	-0.7207121569323828	0.684212676085028	-0.06359942983769841	0.09155388172413399	0.00769038833288211	-0.10320989421352102	0.8175615215790148	-0.56646423902761
11:15:00.666520	-0.6612016965885146	0.674873733885277	0.19140852215467385	-0.26593333259818686	0.10864186561339637	0.06298786815338485	-0.5949668011232515	0.793879070805307	-0.7242367455676834	0.6809021686796793	-0.061583926873233816	0.089781919158104	0.016357755510601243	-0.10937723087685607	0.8152632102802269	-0.5684320039933932
11:15:00.677217	-0.6612712315498965	0.6748824079054094	0.19147201895625118	-0.26569260392622296	0.10235380329424412	0.05895872032333919	-0.5939816420152557	0.7957596227491681	-0.7277572067856094	0.6776491334233999	-0.059079920846064234	0.08758232067572538	0.021667674234079445	-0.11340433444202706	0.8139110870745053	-0.5694020645907807
11:15:00.687337	-0.661302497950177	0.6750961633435079	0.19121926405887443	-0.2652534061921061	0.0973496687564334	0.052611545121031715	-0.59221557112456	0.7981452152525891	-0.7343088850122583	0.6711989700340624	-0.055541607959534126	0.08483828028983784	0.023254594604362824	-0.1163340087031904	0.8140939181968277	-0.5684863363386754
11:15:00.697410	-0.6612405957504238	0.6754004460563218	0.19103591145457138	-0.26476478718528135	0.09314006393952426	0.044555862828212785	-0.5901515584739581	0.8006627514801306	-0.7369288146348274	0.6681430953956813	-0.05609057318613603	0.08587533892589051	0.02307070919827069	-0.11773385725784169	0.8156533273166389	-0.5659647788242437
11:15:00.707657	-0.6611541755996271	0.6756199750472925	0.19104621211473716	-0.2644128405370739	0.09314006393952426	0.044555862828212785	-0.5901515584739581	0.8006627514801306	-0.7369288146348274	0.6681430953956813	-0.05609057318613603	0.08587533892589051	0.02307070919827069	-0.11773385725784169	0.8156533273166389	-0.5659647788242437
11:15:00.717776	-0.661072305590161	0.6757207547953719	0.19140640294808833	-0.26409933212894715	0.08904883683967034	0.036437392455985734	-0.5881251485860612	0.803026419670694	-0.739129937887969	0.6650338400683162	-0.05895949793557209	0.08911062834982945	0.020202477694796918	-0.11645416145520397	0.8191463841144091	-0.5612748787956268
11:15:00.727878	-0.6609688258419683	0.6757397609101884	0.1920221558868623	-0.2638626128095695	0.08441403560427878	0.029847045126892496	-0.5866256660829525	0.8048936279924976	-0.7410293199688363	0.661988633916646	-0.06311047828414272	0.09307880017728978	0.011901754291028348	-0.11138821323654736	0.8235403623017719	-0.5560865812592783
11:15:00.737998	-0.6609483651202421	0.6756578079121877	0.19280966713591696	-0.2635492696083854	0.07342792734630302	0.02227863132286002	-0.584737775542463	0.8075851261171533	-0.7429181547735718	0.6589950145489858	-0.06689437213537912	0.09655738751657826	-0.006957852371876722	-0.08996381049251129	0.8259703170930497	-0.5564450883719304
11:15:00.748072	-0.660957485351645	0.6755450593657777	0.1936668299031092	-0.26318669099975006	0.0675046225370853	0.020202558824389902	-0.5837990185960406	0.8088347720266313	-0.7472719193646945	0.653397524854942	-0.06976491087428292	0.09894043790657273	-0.014220856649668821	-0.08117484697021259	0.8263355286689534	-0.5571157918376695
11:15:00.758204	-0.6610215957336198	0.6754261291217208	0.19452223689778822	-0.2626996258575715	0.061829269730874076	0.017883490652661503	-0.5827088234162436	0.8101282301459937	-0.7496369028347827	0.6507595390021539	-0.0693972609121599	0.0986942576033092	-0.01623570412005058	-0.07953053559558611	0.8280819466042338	-0.55469954527451
11:15:00.768312	-0.66110274363164	0.6753232882463162	0.19536464940591577	-0.26213407347654116	0.05639588971538748	0.01483138658099476	-0.5814147677800662	0.8115148805798614	-0.7520177194504947	0.648013320948454	-0.0693362656680271	0.09869431477570408	-0.013244457452774978	-0.0844105283741373	0.8299453107964707	-0.5512623949929198
11:15:00.778889	-0.6614177704581317	0.6752723274290642	0.19658822908975196	-0.26055111766040084	0.05120853930242004	0.010925302187286278	-0.5798344736269253	0.8130500024404498	-0.754406374295856	0.6450296572458419	-0.07006945936016526	0.09948886651312663	-0.008239647716606843	-0.09179577900575328	0.8310447652542131	-0.5485164002158941
11:15:00.788960	-0.6616112831078957	0.6753439896299692	0.19689649440092913	-0.25963970464400266	0.04583683774407736	0.006835853298717263	-0.57787374135942	0.8148092994453165	-0.754406374295856	0.6450296572458419	-0.07006945936016526	0.09948886651312663	-0.008239647716606843	-0.09179577900575328	0.8310447652542131	-0.5485164002158941
11:15:00.799090	-0.66181121342957	0.6754832333325697	0.1970235725307251	-0.25866973370049967	0.04010035228456362	0.002990741646793938	-0.5758093203235513	0.8165945406623694	-0.7590741811616892	0.6386549997327262	-0.07348438643713708	0.10259738671165068	-0.007446425891791171	-0.09564384731505544	0.8335724459360001	-0.5440163440453665
11:15:00.809203	-0.6620333932038844	0.6756439257644511	0.19701703634757436	-0.2576846119762884	0.033570067911407465	0.0001831094613349498	-0.5740481612850676	0.8181330732445558	-0.7615391651998781	0.6351958076649139	-0.07543980189044236	0.10437059970279647	-0.014831443709882104	-0.08911073175484721	0.835199488584472	-0.5424768382445767
11:15:00.819273	-0.6622365212323678	0.6758474654014753	0.19690092327148556	-0.25671583486666716	0.0263069012768614	-0.0015259223478457887	-0.5725871018056538	0.8194203007931886	-0.7640748317206597	0.6317548193258685	-0.07690185222206496	0.10564849698126542	-0.02392643166163897	-0.08075170685803153	0.8368147400027303	-0.5409692954518015
11:15:00.829710	-0.6622365212323678	0.6758474654014753	0.19690092327148556	-0.25671583486666716	0.01837189997509064	-0.0020752312264221986	-0.5714210218166066	0.8204487689872704	-0.7667330558147075	0.6283036201684923	-0.07769870880847976	0.10638558480218399	-0.030578828182675218	-0.07525687654538632	0.8381406558971978	-0.539371466367866
11:15:00.839850	-0.662851085259864	0.6760348637512203	0.19616974107046067	-0.2551915642238942	0.010254156747662283	-0.0020752460084554622	-0.5703874690887145	0.8213091261699029	-0.7694693219305772	0.6248161694775377	-0.07818594442714916	0.10681139949064092	-0.032532400787546184	-0.07470855265282651	0.839677744154358	-0.5369372039925775
11:15:00.850094	-0.6632491545974262	0.6760051197498015	0.1957338767639593	-0.25457000311271416	0.002319402690244229	-0.002197328864441901	-0.5694133604549583	0.8220451429528757	-0.7723315074496604	0.6212099006498059	-0.07836839383320404	0.10705464391233636	-0.03173821296990561	-0.0772093065517896	0.8411236787274406	-0.5343616433683146
11:15:00.860561	-0.6632491545974262	0.6760051197498015	0.1957338767639593	-0.25457000311271416	0.005126899475659143	0.0026855187729643132	0.5682923930697891	-0.8228063313257251	-0.7752225744520189	0.6175657041418414	-0.07837066259321253	0.1072408521622075	-0.03173821296990561	-0.0772093065517896	0.8411236787274406	-0.5343616433683146
11:15:00.870627	-0.6641754997866002	0.6757720211024846	0.1945774208159972	-0.25365864520429243	0.01214576581385318	0.0037230739429399196	0.5671279193081596	-0.8235317493784974	-0.7782067349890994	0.6138372653949312	-0.0780037809659662	0.10730097569496759	-0.03173821296990561	-0.0772093065517896	0.8411236787274406	-0.5343616433683146
11:15:00.880909	-0.6647275362699333	0.6755306557189993	0.19384580435160298	-0.2534155477543626	0.018799083953801386	0.005065986909628295	0.5657425622330683	-0.8243520385715634	-0.7813298398337319	0.6096948496288687	-0.07800480707034681	0.10821793656942479	-0.020691499983399756	-0.084719179873035	0.8454217294102361	-0.526931325535959
11:15:00.890981	-0.665407210649893	0.6751728640808216	0.19299372592872518	-0.25323560053076555	0.024780280545658902	0.006896974634629202	0.5639039703481344	-0.8254396899002241	-0.7842174537504013	0.6056338854047189	-0.07836681536427079	0.10986002153869737	-0.023864382488352022	-0.0805041445067425	0.8475823008075308	-0.5239788328964249
11:15:00.901055	-0.666142428931586	0.6747484471173432	0.19201796604533347	-0.2531756271951822	0.02984678582290523	0.009338564889375256	0.561717729914513	-0.8267376563829271	-0.7868715689938708	0.6015063072009461	-0.0798956627220739	0.11242766289844167	-0.0333258164324364	-0.06927619349966174	0.8497472827332958	-0.5215551307970129
11:15:00.911134	-0.6668730623266144	0.674258348848811	0.19104088276425982	-0.25329701708360325	0.033935959895907544	0.012207179818671778	0.5596381587870076	-0.8279519712014134	-0.7896636131254194	0.5967947757876295	-0.08257960029051573	0.11596544017145594	-0.04345778972477318	-0.05822855533347418	0.8517604713612497	-0.5188689191717653
11:15:00.921211	-0.6675402916014319	0.6737658662328068	0.19012416643855357	-0.25353957861500853	0.03735203380661507	0.01531921647951043	0.5577781649651228	-0.829007639207929	-0.7925233440278505	0.5919664161514149	-0.08520312578073772	0.11925996258994377	-0.04345778972477318	-0.05822855533347418	0.8517604713612497	-0.5188689191717653
11:15:00.931334	-0.6681545984293478	0.6732815726020037	0.1892707965405506	-0.2538462569532893	0.04028326292668354	0.018493679798159263	0.5563362751162432	-0.8297741810428224	-0.7955449791903905	0.5870455431834567	-0.08734270870196784	0.12188916092091527	-0.05780033280352225	-0.043701201992948184	0.8560186563562825	-0.5118411730626585
11:15:00.941807	-0.6686351699621339	0.6729075991631699	0.18841412776568758	-0.254209537461642	0.042786430260705256	0.02185098720874819	0.5551859766781384	-0.8303375139324313	-0.798939942082616	0.5817186087081293	-0.08923225327156489	0.12383874274145361	-0.062012153749522056	-0.04077177037862277	0.8585875657426445	-0.5072667419412183
11:15:00.951911	-0.669125298379515	0.6725432511943696	0.18756016071515547	-0.25451541496329266	0.044615396686792604	0.0255119504994245	0.5543051063056778	-0.8307252589657101	-0.8025988158057249	0.5762232258571748	-0.09051361550113232	0.12493686509158318	-0.06353642983040295	-0.04070970095761649	0.8614953958272215	-0.5021270011668828
11:15:00.962035	-0.6695027509664496	0.6723104022149187	0.18670880802318984	-0.25476383285021065	0.04583697801693101	0.02954074215738297	0.5538889154509307	-0.8308028558807788	-0.8065107836198362	0.5705511431268525	-0.09124667939394998	0.12524293385711396	-0.06286442551175446	-0.04260132913320837	0.8645994677665182	-0.4966899949656872
11:15:00.972174	-0.6697881199776891	0.6721684495456797	0.18578777448624798	-0.25506146832392584	0.046570170587641534	0.03381372805446056	0.5540202338453764	-0.8305115480813084	-0.8107293069639788	0.5645747262980354	-0.09136955300196314	0.12499989615766233	-0.06128061433966062	-0.04541113253855329	0.8679996180521053	-0.49067216999654556
11:15:00.982699	-0.6700561840663629	0.6720093447413605	0.18487886514274124	-0.2554367945270294	0.04711952092071634	0.03778106664497852	0.5546309412001935	-0.8299017175634458	-0.8152796743359348	0.5582084070576778	-0.09100029902941151	0.12426331913070546	-0.05890073187409768	-0.04895169633474232	0.8717308317366457	-0.48396259381318185
11:15:00.992824	-0.6702921448766456	0.6718180330228772	0.18396107490968946	-0.255982995411824	0.04773000863403116	0.04119917625060234	0.5556090391247898	-0.8290494977954542	-0.8201333510698807	0.5513332261824985	-0.09045453793894197	0.12341368131750381	-0.055543209168924405	-0.05340693189319654	0.8757516100612389	-0.47657294196808986
11:15:01.002949	-0.6705903463913756	0.6715058697549754	0.18316570761085993	-0.2565906813715612	0.04839980953894853	0.043883307766083214	0.5567503942172616	-0.8281067034356288	-0.8251703228035425	0.5439898733097615	-0.09002412915201369	0.12273798218623698	-0.055543209168924405	-0.05340693189319654	0.8757516100612389	-0.47657294196808986
11:15:01.013075	-0.6708405774271883	0.6712067900979701	0.18231287460422269	-0.2573254366693682	0.0491340506961268	0.04583810195377792	0.5581139870377434	-0.8270389899782834	-0.8304302880464398	0.5360016749686781	-0.08990326431665485	0.1224954864110837	-0.04730217507942673	-0.06372060746183421	0.8847032616468264	-0.4593498963196975
11:15:01.023193	-0.6711414067839283	0.6708972665850255	0.18139616778481585	-0.2579951551905843	0.049681668298390096	0.04717927468630902	0.559620659248082	-0.8259119599678314	-0.8357517107694671	0.5275251614825461	-0.09039277613741187	0.12274130507247487	-0.04730217507942673	-0.06372060746183421	0.8847032616468264	-0.4593498963196975
11:15:01.033543	-0.6714560297353742	0.6706015270159583	0.18036110970530234	-0.2586701803489243	0.049682789684982485	0.0484620823217151	0.5612812456303427	-0.8247098946234439	-0.8411441970887773	0.5185051849843381	-0.09155477074473303	0.12347686747772996	-0.04235974916835833	-0.06952125980224803	0.8946818491495625	-0.4392229899358884
11:15:01.043830	-0.6717964991673008	0.6704537606389388	0.178950425688973	-0.25914853597386744	0.04858477667567901	0.05011068046574431	0.5633636792921072	-0.8232556128160283	-0.8467803800173191	0.5086541507182022	-0.09319833071114648	0.12469167625597398	-0.04235974916835833	-0.06952125980224803	0.8946818491495625	-0.4392229899358884
11:15:01.054326	-0.67216322013796	0.6704542788718325	0.1771195555107927	-0.2594539043681529	0.04394572881802073	0.05340626766078908	0.5680595807073874	-0.8200761283318424	-0.8525876329999151	0.49803959376328355	-0.09533552027674619	0.12634092635906824	-0.04235974916835833	-0.06952125980224803	0.8946818491495625	-0.4392229899358884
11:15:01.064548	-0.6725854433211965	0.6706323821427684	0.1749210417929718	-0.2593909377599896	0.04070911984772218	0.0541364157495196	0.5704769763368204	-0.8185157515409327	-0.8585098115050129	0.4865662034208704	-0.09844848044629503	0.12853843758208142	-0.033996303790905395	-0.07745297937281678	0.9117357020261126	-0.4019742491326803
11:15:01.074734	-0.6728273879603399	0.6711794979499145	0.172418121461172	-0.2590238964535271	0.03631511175071382	0.054320083122916474	0.5735346304562315	-0.8165712270803365	-0.864387783352727	0.47406439156197083	-0.10351657114575802	0.13183714249695597	-0.0339363484046972	-0.07922550400952691	0.9243382378430474	-0.3717128809075646
11:15:01.085163	-0.6727290410876765	0.6723628303957399	0.16943348013603612	-0.2581785378153576	0.03631511175071382	0.054320083122916474	0.5735346304562315	-0.8165712270803365	-0.8705760733473632	0.4599454072311924	-0.11010370417264745	0.13573760425718842	-0.0339363484046972	-0.07922550400952691	0.9243382378430474	-0.3717128809075646
11:15:01.095525	-0.6722470785743708	0.6739560778661887	0.16656639526325204	-0.2571433577296009	0.026122423248174962	0.0514514084070362	0.5833600967431222	-0.8101613228884917	-0.8705760733473632	0.4599454072311924	-0.11010370417264745	0.13573760425718842	-0.024536640213050423	-0.08636653209319987	0.930805381216465	-0.35431640904666095
11:15:01.105765	-0.671466686082105	0.6754951199773345	0.16449438405520161	-0.2564769579962735	0.02105693554465547	0.0473628463265294	0.5897772990376979	-0.8059008027003791	-0.8825072091529134	0.4288329518990504	-0.12664793270574004	0.14575193412111193	0.0012817517942812252	-0.09967146095529718	0.9447731439847183	-0.31219811560706984
11:15:01.115839	-0.6704104796729164	0.6765750334281025	0.16418464951931402	-0.25659192066141123	0.016235127150926898	0.04125919531588941	0.5964273027024725	-0.8014415587173727	-0.8878469968984418	0.41206208415106427	-0.13831027739391372	0.15100601335946273	0.003112857995679721	-0.09863487296114568	0.9508255266019352	-0.2935852344944992
11:15:01.125917	-0.669197195037866	0.67700978542138	0.16589547392492884	-0.2575103033441041	0.011596851264072604	0.03332568836938759	0.60309730179106	-0.7968867900196417	-0.8928296478226624	0.39606040365882256	-0.14856079866012853	0.1546643647513417	-0.011352290586928306	-0.089902817390029	0.957071337062488	-0.2753235636431913
11:15:01.136010	-0.668025720057288	0.6772419725679002	0.16851704093907469	-0.258238174651657	0.007079957157574232	0.02368123600981726	0.6089373496648113	-0.7928331334214592	-0.8979298360709875	0.38140045851057647	-0.1550259504907768	0.15563628887853576	-0.011352290586928306	-0.089902817390029	0.957071337062488	-0.2753235636431913
11:15:01.146128	-0.667093047690953	0.6775297275770603	0.170954037198752	-0.258292568877229	0.0015258790085681641	0.013122559473686212	0.6134643966047447	-0.7896118693538536	-0.9033205211381569	0.36828621787484045	-0.15722659881431703	0.15380862927487535	-0.040709948224997336	-0.07195956365408075	0.970324972835094	-0.22723109031733896
11:15:01.156200	-0.6665126289210724	0.6780484244216295	0.17242657295806132	-0.2574496583140186	0.006652772860882538	-0.003601042190752934	-0.6172430453404139	0.7867361667594122	-0.9084625881130035	0.35706168640560804	-0.15661885253278465	0.15057627014745897	-0.040709948224997336	-0.07195956365408075	0.970324972835094	-0.22723109031733896
11:15:01.166303	-0.6662510651057252	0.6788851774616143	0.17278827091556503	-0.25567293071893393	0.01782277923112836	0.00402843640155641	-0.6194636521120608	0.7848126553213989	-0.9129662921496883	0.3468637142857788	-0.15631145034064392	0.14746132917727284	-0.04931641341500082	-0.08526612566925265	0.9782716265044965	-0.1824341085364325
11:15:01.176409	-0.6662410657001168	0.6799735904145292	0.17223637664031965	-0.25316672229059034	0.030639044075688914	0.010009568184089605	-0.6204101255565295	0.7836149141190637	-0.9166672809178105	0.33879885986915015	-0.15569733228719185	0.1438567668368919	-0.02587905356029565	-0.10937562259445707	0.9829157512617951	-0.14575278278770284
11:15:01.186596	-0.6662228907060832	0.6812380836619877	0.17120982211915378	-0.2504973654106977	0.04400672979702258	0.01458752901732094	-0.6204887865693919	0.7828437120341354	-0.9204197690274464	0.33374371996300245	-0.14965976615751317	0.13800192956041488	0.02551293059271165	-0.13928351103485165	0.984445113707766	-0.10400486538272882
11:15:01.196713	-0.6661332856307529	0.6824905992232985	0.17022592391645316	-0.24798419823325538	0.05706688946449836	0.018371266020121933	-0.6203506572376057	0.7820300050359545	-0.9244334813686387	0.3300763414262246	-0.1390983694730706	0.13085866790270442	0.10564838855942686	-0.16063925978533303	0.9789717807586406	-0.06817403236330433
11:15:01.206869	-0.6659655320089658	0.6836660181497962	0.16925326920180206	-0.2458536488802231	0.0690303304660969	0.02252183195578228	-0.6206015916704449	0.7807568411337856	-0.9307817673254871	0.32275239249948695	-0.12213077484710162	0.12066593796737626	0.1570430185512525	-0.16253616727632544	0.9722262893520796	-0.06079084589080741
11:15:01.217497	-0.6657737388810266	0.6846336660275464	0.16839656633413574	-0.2442635224607507	0.07946604846552477	0.028319697763443542	-0.6215075050110896	0.7788527223260842	-0.9318695988314386	0.3220162433478301	-0.11822317349597174	0.11810110517021441	0.12628375955862994	-0.15735115134951572	0.9761508780189312	-0.08014044287118469
11:15:01.227566	-0.665696240716026	0.6853491415604891	0.167476894152817	-0.24309783870651244	0.08917117471867494	0.035705090493103935	-0.622855467490813	0.7764178737825216	-0.931529581370814	0.3243446596386126	-0.11633438488355205	0.11627334900480937	0.12628375955862994	-0.15735115134951572	0.9761508780189312	-0.08014044287118469
11:15:01.238188	-0.6657781462708409	0.6857978778418745	0.1666276438686648	-0.2421899233959201	0.09771651142976147	0.04467738061623073	-0.6249340165704733	0.7732482718948458	-0.930011469491534	0.3296575406394812	-0.1151146309287283	0.11468737620099707	0.007019247624808616	-0.12231801947927361	0.982755704409074	-0.13849280748426737
11:15:01.248520	-0.665960839253758	0.6860415940988215	0.16595614718458146	-0.24145734397285923	0.10480048369741476	0.0551163871745868	-0.6275821627121833	0.7694931263676809	-0.9275659017592346	0.33734663019170164	-0.11401547045379024	0.11322200090566428	-0.01654094824338135	-0.10968296676515235	0.9807988831103134	-0.1604044722642295
11:15:01.258735	-0.6662773960491993	0.6859922731950304	0.1655927606707107	-0.2409731732871234	0.11102514566804561	0.0666517092190796	-0.6303225284848307	0.765457037835602	-0.9243643233891444	0.3469799391526765	-0.11230309376269565	0.11199792231225354	-0.016662397660601617	-0.10357541695985693	0.9790531900135917	-0.17449741725882792
11:15:01.269159	-0.6671216265356051	0.6853713398324164	0.16583435126232748	-0.2402370285493268	0.11761539258803695	0.07775921648010331	-0.6328159783875283	0.761356723997495	-0.9204146222880261	0.3582170701729725	-0.11029106249830657	0.11114555883199571	-0.016662397660601617	-0.10357541695985693	0.9790531900135917	-0.17449741725882792
11:15:01.279587	-0.6671216265356051	0.6853713398324164	0.16583435126232748	-0.2402370285493268	0.12493625331404355	0.08758354836622008	-0.6350570179446131	0.7572467488360226	-0.9156994548379421	0.37115032892551664	-0.10766472294435313	0.11022816872874248	0.013549892063955916	-0.11682204238924154	0.9756532641546636	-0.18512082265755989
11:15:01.289661	-0.6680917971813013	0.684510278219285	0.16680932593609504	-0.2393191975833987	0.13275402959081498	0.09601015565349516	-0.6364258696751393	0.7537377063986088	-0.9101586759813151	0.38574321567877623	-0.10467557197612361	0.10888700898274316	0.025940340513104503	-0.1327535073317701	0.9698025186181587	-0.20294501695546466
11:15:01.299737	-0.6685672189822193	0.6840698731379143	0.16741645806721084	-0.2388263216977747	0.14086813778410445	0.10296557558136231	-0.6370804255591345	0.7507881121673609	-0.903545258894146	0.4020300337973345	-0.10217068112596599	0.10741959305955802	0.025940340513104503	-0.1327535073317701	0.9698025186181587	-0.20294501695546466
11:15:01.309819	-0.6689984835225821	0.6836467488309864	0.16802780997515449	-0.2384005178942802	0.1481365914743099	0.10943918768580044	-0.6374084980495337	0.7481904978541783	-0.89563678440387	0.4199861464824199	-0.10076981948008651	0.10626302587209606	0.025940340513104503	-0.1327535073317701	0.9698025186181587	-0.20294501695546466
11:15:01.319977	-0.6689984835225821	0.6836467488309864	0.16802780997515449	-0.2384005178942802	0.15399204399184155	0.11615016239257805	-0.6375746696546876	0.7458512792629027	-0.8865392361334422	0.4392107637326162	-0.10022013258045522	0.10534710647616669	-0.014037675563064223	-0.12774284762388444	0.9545009049163539	-0.2690961372067398
11:15:01.330043	-0.669737066719804	0.6829816619515727	0.16882281295424933	-0.23767029415901914	0.1580758555651544	0.1231038612644465	-0.6377964056586346	0.743688918942628	-0.8763068311992949	0.4593027028470219	-0.1005277809420658	0.10498347493646215	-0.014037675563064223	-0.12774284762388444	0.9545009049163539	-0.2690961372067398
11:15:01.340206	-0.6699666351103655	0.6827837065664261	0.16906327587279882	-0.2374209903051218	0.16064332868322462	0.13030908310740297	-0.6381177816805143	0.7416326317742639	-0.8649824267515498	0.4800982055339889	-0.10137847945486342	0.10504055577472603	-0.044616329405749174	-0.10620029160876	0.9401167193389255	-0.32079812223887505
11:15:01.350271	-0.6701624305893619	0.6826135358571425	0.16931061770991712	-0.2371813483852696	0.16205115365603878	0.1372094137170528	-0.6385608924856789	0.7396979025075457	-0.8525724850450318	0.501667615591718	-0.10205478200138124	0.10504562190453177	-0.044616329405749174	-0.10620029160876	0.9401167193389255	-0.32079812223887505
11:15:01.360374	-0.6703387153158097	0.6824234886593888	0.16955303206294448	-0.2370568670023313	0.16278082114653059	0.14361577508728401	-0.6390993544151938	0.7378542732809931	-0.8389890187134937	0.52404770221694	-0.10247799813909181	0.1047362982767609	-0.04138130301891493	-0.10656601042924112	0.9197269250619898	-0.37554448005218816
11:15:01.370443	-0.6705720808696788	0.6822294275017083	0.16967237506304786	-0.2368699595754276	0.1631459327720055	0.14923000584644724	-0.6397664299723762	0.7360792926413716	-0.8241381351704781	0.5469230414917169	-0.10345213205317043	0.10473383988391767	-0.039978856238093316	-0.10620337382333185	0.9080998826112249	-0.4030845291547607
11:15:01.380519	-0.6707648203613007	0.6820561298942253	0.16985791583853502	-0.23669026145233157	0.16363747712199808	0.1534444675437162	-0.6404505958377941	0.7345070494912812	-0.8079883754733712	0.5699497998315712	-0.10559147073341382	0.10565250626562968	-0.04602161423883473	-0.09997798955333062	0.8957124521948272	-0.43079648978474205
11:15:01.390644	-0.670921190957098	0.681907891682378	0.16998867511058208	-0.23658028895102912	0.16491948594620293	0.15613029054418473	-0.6409398674763424	0.7332264191975336	-0.7904786560792164	0.5930268413609503	-0.10907152794483513	0.10754562520358114	-0.05725173648182634	-0.08844111531147801	0.8824580021900269	-0.45844114361940047
11:15:01.400719	-0.6717021865109307	0.6811017445956816	0.16894790115967798	-0.2374303957771486	0.16711499958471923	0.15704415410207545	-0.6405057726961445	0.7329134094277971	-0.7717796978647199	0.6155316926030605	-0.11450049135580977	0.11120463499482164	-0.05725173648182634	-0.08844111531147801	0.8824580021900269	-0.45844114361940047
11:15:01.410800	-0.6717410682717252	0.6811403163649331	0.1688202612065775	-0.23730049731423475	0.16968113706528862	0.15668038807431506	-0.6394171193870373	0.7333521085753392	-0.751944099555355	0.6373214519120955	-0.12170264078842354	0.11657574920054611	-0.08429115067231818	-0.058961080050296426	0.8549356607292982	-0.5084325018829909
11:15:01.420866	-0.671637403503757	0.6813420879055287	0.16858074413643917	-0.237184928209342	0.17193520281741304	0.15545579040679838	-0.6383636088985882	0.7340052357409333	-0.7315567802599477	0.6578884143519086	-0.12975886157455774	0.12316716023398754	-0.09350358534330877	-0.04772833142197615	0.8406167630113522	-0.5313591475188291
11:15:01.430950	-0.6714495473726408	0.681703481011274	0.16821333992900628	-0.23693910943555963	0.17388622607657273	0.1536228961160876	-0.6378676548705726	0.7343626086884251	-0.7111845509627005	0.6771878298087163	-0.13726862814238872	0.12957816698367774	-0.09863358632902672	-0.03967316281798723	0.8263004280460171	-0.5531049253178466
11:15:01.441022	-0.6718132690936621	0.6814568137940163	0.16680890927891148	-0.2376096172055625	0.17547716819478706	0.1512460600997156	-0.6376992881040471	0.7346237204843329	-0.6915845905196153	0.6950635704560392	-0.14312645527918966	0.13458159227744698	-0.1011375480648682	-0.03283765893717507	0.8115418461499624	-0.5745369583190129
11:15:01.451140	-0.6720591932906054	0.6813365520573089	0.1653445059144719	-0.23828163569217362	0.1765779641786724	0.148440238120474	-0.6373408579169364	0.7352430544404728	-0.6729287532769462	0.711992191108896	-0.146426855248199	0.13708825214149853	-0.10314671377076581	-0.02423032270236333	0.795328300086893	-0.5968471680262242
11:15:01.461896	-0.6716875631830727	0.6820024380742984	0.16454972015825206	-0.23797453965023174	0.17706086041441757	0.14532296058142993	-0.6368942014562038	0.7361361728570459	-0.6552575588271937	0.7280707357721306	-0.14739633052977577	0.1372037064310294	-0.10632161114723825	-0.013183391508497969	0.7784304412008476	-0.618520784940363
11:15:01.471963	-0.6712468494783009	0.6827211545975881	0.16381401563918527	-0.23766459646012944	0.17706261131474882	0.1422726463201239	-0.6366563594016356	0.7369369076229841	-0.6388469995557103	0.7429106409278787	-0.14690978579636904	0.13555738855576888	-0.11157052247555589	-0.0012206840533430623	0.7626833965287454	-0.6370750074397442
11:15:01.482146	-0.6708496243505702	0.683423095610348	0.16302787249935155	-0.23730901096124257	0.176757677512951	0.13983143618168878	-0.6362910179808404	0.7377924053095827	-0.6238388574671475	0.7562237984559199	-0.14587367863677553	0.13293425609660967	-0.11743196938279465	0.007812521871620435	0.748781393133121	-0.6522845409531842
11:15:01.492771	-0.6704794689367564	0.6841515127275468	0.16229448410585662	-0.2367582940378405	0.17614516953032008	0.1386700710924765	-0.635733917473255	0.7386378522716333	-0.6105453329983012	0.7675304970962348	-0.14526620939077844	0.13049544356196818	-0.11957132662821436	0.010986645631995194	0.735861109662967	-0.6664010945006863
11:15:01.502907	-0.6701113574490236	0.6848820058234351	0.16162263179934552	-0.23614726677933076	0.175593670615514	0.13830214029014765	-0.6350546203525976	0.7394220783826737	-0.5990775634852052	0.7767560950496915	-0.14538999044541606	0.12891001671734625	-0.11834726452105307	0.009277351318824172	0.7240606493105997	-0.6794439136917807
11:15:01.513018	-0.6697938063103692	0.6855407356003342	0.16113136947871104	-0.2354715240336618	0.1768784407642124	0.13714487798384586	-0.633295618139913	0.7408386866790926	-0.5898515627947479	0.7838238585896268	-0.14593699158135787	0.12805345392626047	-0.11499176583551007	0.0061646328818399775	0.7136935870035134	-0.6909271705190945
11:15:01.523149	-0.6694301298408036	0.6860926412783073	0.16082680453414638	-0.23510620533796275	0.17986809208803023	0.13476374188339693	-0.6298129766733573	0.7435198838874735	-0.5831963124988275	0.7889477274055307	-0.14587537277574023	0.12713740648195268	-0.11090159322869862	0.004394559555567584	0.705448879767363	-0.7000167158722864
11:15:01.533795	-0.6691257869419471	0.6864597031593613	0.16070493450863327	-0.23498442759522906	0.18530150460625053	0.13067540229314306	-0.6226154968670493	0.7489574318258564	-0.5831963124988275	0.7889477274055307	-0.14587537277574023	0.12713740648195268	-0.11090159322869862	0.004394559555567584	0.705448879767363	-0.7000167158722864
11:15:01.543929	-0.6688258558500322	0.6867092265165826	0.16070619441988818	-0.23510834064010985	0.18524698890165586	0.13147348075590337	-0.6218439284777825	0.7494720845876218	-0.57941868895536	0.7921305957297652	-0.14483941313505416	0.12579605161034413	-0.10510136016301577	0.002624482280493425	0.6956098732740364	-0.7106853877689637
11:15:01.554028	-0.668586813997516	0.6868365362346218	0.1607074202351159	-0.23541531327263274	0.18279518784438453	0.1348228948074275	-0.6231515418668334	0.7483921847572097	-0.5784114405288353	0.7933702981359428	-0.14318383871274112	0.1245076858371662	-0.10510136016301577	0.002624482280493425	0.6956098732740364	-0.7106853877689637
11:15:01.564681	-0.6683945332416945	0.6869491801328894	0.1605831446405715	-0.23571725754537706	0.17889416359310795	0.1399537076489241	-0.625610773397938	0.7463383938643889	-0.5798475456441227	0.7927431497711437	-0.1413607279696619	0.1239042650165862	-0.10064426795395727	0.0004272346122969684	0.695598982335507	-0.7113456294744525
11:15:01.574833	-0.6682901144366828	0.6870283613206047	0.160221166352753	-0.23602866677565554	0.17456067238085674	0.14538584671720306	-0.627991174170152	0.7443242656239677	-0.5834980468223709	0.7903468837136906	-0.13958786956932662	0.12408488799057324	-0.09942691346350609	-0.0006713910669727237	0.6989181007186054	-0.7082565401046805
11:15:01.585489	-0.6681575032166474	0.6871395972607122	0.1598524254064492	-0.23633012263221506	0.1711402724510949	0.14965618689375343	-0.6293860518957527	0.743093016081341	-0.5834980468223709	0.7903468837136906	-0.13958786956932662	0.12408488799057324	-0.09582772030828708	-0.006347823510867425	0.7095523876330174	-0.698077475901834
11:15:01.595580	-0.6680930428507911	0.6871971103103468	0.15942435848038244	-0.23663408798944974	0.16961551447220544	0.15154923441327314	-0.6292680655661885	0.7431588716133766	-0.5963153059274244	0.7814355027419463	-0.13525432118067274	0.12439003003890389	-0.09979101801295491	-0.007629282722702975	0.7137956915360903	-0.6931661110539015
11:15:01.605708	-0.667958983332505	0.6872458107021204	0.15923839432698333	-0.23699604644372413	0.170163109186319	0.15044909043912352	-0.6273696554254566	0.7448603244296403	-0.6046733951697648	0.775510261333101	-0.1324458733742192	0.12414511817657227	-0.1044323097461579	-0.015136886509086593	0.7253498357821978	-0.6802443554184276
11:15:01.615973	-0.6679135147972513	0.6871397559707076	0.15924210546523151	-0.23742881957062115	0.17162981336742997	0.14636141267962202	-0.6226768691232293	0.7492630116993494	-0.6131495897158205	0.7692750775212225	-0.12969767849354155	0.12426563454722382	-0.09356702506868292	-0.0447388319473872	0.7308970157843954	-0.6745614879707004
11:15:01.626039	-0.6680295425174066	0.6867673286802978	0.15936273508569654	-0.23809805805028808	0.17218131110789414	0.13995453611145028	-0.6185953874790879	0.7537281144528127	-0.6194928531913563	0.7637156721165952	-0.12933057693719052	0.1274385297993647	-0.08014032046351681	-0.07855338342463529	0.728953425206231	-0.6753027460840442
11:15:01.636381	-0.6681991887661666	0.6859600550368055	0.15966469472161965	-0.23974117770126985	0.17273289590945465	0.1328151171374464	-0.6179931346583846	0.7553859787192264	-0.6234057891013992	0.7618319032273022	-0.12548681245275864	0.12341164142970719	-0.08014032046351681	-0.07855338342463529	0.728953425206231	-0.6753027460840442
11:15:01.646626	-0.6682761539077566	0.6849388071196315	0.16021781934495033	-0.24206623677031353	0.17578139340930007	0.12469492594972224	-0.6161504050232237	0.7575689774292474	-0.6286624114866204	0.761047729012298	-0.11633306371781538	0.10980229886062427	-0.07293788637393714	-0.1014416461535427	0.7425015796978622	-0.658088946346268
11:15:01.656780	-0.6684559990659442	0.6838978697529131	0.16076635331808775	-0.24414024801531928	0.17724392340626827	0.11968847582634025	-0.6129685684466778	0.7606108035430149	-0.6364848418996283	0.7582519362216228	-0.10461593968315716	0.0948501576823957	-0.055358707920006446	-0.10168424189055209	0.7634252686476743	-0.6354349593772736
11:15:01.666911	-0.6689457199449037	0.6831058848196498	0.16088876986996042	-0.2449342312170528	0.17608766295946765	0.11761557245160975	-0.6110272422486068	0.7627617067606471	-0.6453087593413456	0.7538265853234616	-0.09307631306115123	0.08160198725426833	-0.030517668790657124	-0.10949739562087776	0.7841209819071442	-0.6101092344628173
11:15:01.677040	-0.6696698548652494	0.6827312246192745	0.16039850333447644	-0.24432085572599282	0.1727895389587498	0.1178582125501045	-0.6107142800498941	0.7637285415015316	-0.6527724442125176	0.7489030285635896	-0.0864259729784876	0.07458512639810158	-0.030517668790657124	-0.10949739562087776	0.7841209819071442	-0.6101092344628173
11:15:01.687532	-0.6705157183713015	0.6826614154362832	0.15948093683817685	-0.24279187399244836	0.16735415440439932	0.12029724227974875	-0.6116177904035324	0.7638356099092114	-0.6649092875854801	0.738760970895415	-0.08331202290748856	0.07202064983944066	-0.010254047034493752	-0.1387958509311833	0.7959704010525775	-0.5891194165293673
11:15:01.697607	-0.6712672916461684	0.6825588400144663	0.15869203112202562	-0.2415170642884059	0.16095123209580164	0.12243768357382559	-0.6134091325607912	0.7634349681662066	-0.6712825588502904	0.7330517850329139	-0.08252173300287258	0.07214547959274807	0.0017090177235088361	-0.14892868733434145	0.7959139683769723	-0.5868034426362125
11:15:01.707697	-0.6718673862181292	0.6821211762694234	0.15868960793669476	-0.24108613513459395	0.1553920053365359	0.12182342602188755	-0.6152205081666465	0.7632274260539598	-0.677653120526311	0.7275783887052286	-0.08007573575885076	0.07073763547599697	0.0017090177235088361	-0.14892868733434145	0.7959139683769723	-0.5868034426362125
11:15:01.717821	-0.6723706215354123	0.6810987441642761	0.15973074769046605	-0.24188496488242908	0.15289440633977583	0.11602884888299955	-0.6151176954460124	0.7647161744634936	-0.6839695032077191	0.7223611521027445	-0.07592879368109964	0.06793307666162693	0.0017090177235088361	-0.14892868733434145	0.7959139683769723	-0.5868034426362125
11:15:01.727917	-0.6727448012991888	0.6796419309078631	0.1619299544408227	-0.24347477884072435	0.1540502916653908	0.10510087252290133	-0.6130884230502578	0.7676880224117614	-0.689817291688761	0.7174661355336566	-0.07122781626267777	0.0657346684789237	0.0017090177235088361	-0.14892868733434145	0.7959139683769723	-0.5868034426362125
11:15:01.738100	-0.673282633568841	0.6760292312037425	0.16858005927995093	-0.24749896465611915	0.1570986428420855	0.0917324243168821	-0.6094133445136845	0.7716997824768178	-0.6949904904758809	0.7128123244285425	-0.06780841616920205	0.06548913640823924	0.0017090177235088361	-0.14892868733434145	0.7959139683769723	-0.5868034426362125
11:15:01.748703	-0.6735732021894885	0.674244578161225	0.17193328294380109	-0.24926358805199988	0.16034489133183907	0.07788354828299454	-0.6045130581463777	0.7763939922881586	-0.6997595669619293	0.7081212818048238	-0.06640544342386212	0.06701578757297849	0.0017090177235088361	-0.14892868733434145	0.7959139683769723	-0.5868034426362125
11:15:01.758825	-0.6737762539604024	0.6726165702186461	0.1749901730323828	-0.25097997611062367	0.1622267825798929	0.06548884037179273	-0.6002635089064133	0.7804341116813733	-0.7042988073243631	0.7033222252187049	-0.0666517287111712	0.06970354779135303	0.0017090177235088361	-0.14892868733434145	0.7959139683769723	-0.5868034426362125
11:15:01.768995	-0.6738386555584076	0.6711530667137908	0.17779818873565592	-0.2527505319445078	0.16076630301055447	0.05749501041607529	-0.5982654905502867	0.7828964953365157	-0.7087519072666212	0.69843679597416	-0.06775013925817684	0.07257199601619123	0.0017090177235088361	-0.14892868733434145	0.7959139683769723	-0.5868034426362125
11:15:01.779069	-0.6737524609134103	0.6699073295575316	0.18029393690897855	-0.2545110754605418	0.15539022162792238	0.05480770582163169	-0.5986124484393804	0.78390887925728	-0.7087519072666212	0.69843679597416	-0.06775013925817684	0.07257199601619123	0.0017090177235088361	-0.14892868733434145	0.7959139683769723	-0.5868034426362125
11:15:01.789379	-0.6737524609134103	0.6699073295575316	0.18029393690897855	-0.2545110754605418	0.1468510733713341	0.055847353339472446	-0.6007100017126643	0.7838771135943657	-0.7087519072666212	0.69843679597416	-0.06775013925817684	0.07257199601619123	-0.009216190729363036	-0.1332990765094627	0.8090716841618305	-0.5723193408558754
11:15:01.799609	-0.6733978058754281	0.6690643295573682	0.18231117974711353	-0.2562244166650093	0.13671694170575077	0.059081249808556585	-0.6032024709276496	0.7835589721510842	-0.7180867429001805	0.6883622852892678	-0.06927568662912918	0.07556237889591359	-0.02917572387674331	-0.12384423377805895	0.8202773079070154	-0.5576347559370856
11:15:01.809716	-0.6723603644894579	0.668515166326528	0.18469158160358567	-0.25866587007138003	0.12591261028702225	0.0625595858188065	-0.6052105882724734	0.7835511831627686	-0.7272905909622156	0.6794393134098174	-0.06512412391378684	0.07189898591419017	-0.02917572387674331	-0.12384423377805895	0.8202773079070154	-0.5576347559370856
11:15:01.819985	-0.6716836685443708	0.6687540169232777	0.18517839621659438	-0.25945727169305954	0.1159653831481816	0.0641471672045994	-0.606071712979707	0.7842921965548071	-0.7317159339154742	0.6752563711133542	-0.06195292566935321	0.06915533476194796	-0.023315230310401534	-0.10967923787379988	0.8250051521091558	-0.5538893064578374
11:15:01.830058	-0.6709831606006726	0.6690299666464089	0.18567550027719879	-0.26020205709457545	0.10754327686354594	0.06298788974073746	-0.6055260214320314	0.786005856667846	-0.7358040831911313	0.6712877069212827	-0.05914509801843271	0.06683579187841467	-0.020385730454346357	-0.11309807943683772	0.8262934697333562	-0.5513912842052844
11:15:01.840129	-0.6703091255507371	0.6692104582533492	0.1863461810513932	-0.2609945202016893	0.10052681620115275	0.05914419240978568	-0.6040764419810618	0.7883450868573704	-0.7393187567684149	0.6677245272885708	-0.05718993437562988	0.06542967945643034	-0.01769998322555811	-0.11755230238767214	0.8274436985823838	-0.5488215488421329
11:15:01.850260	-0.6696717620378381	0.6691834851424404	0.1873762586088373	-0.261960554380824	0.09484847186713562	0.05303946078027082	-0.6019887245981715	0.7910753178056272	-0.7421919542358301	0.6645547695493189	-0.05682407149618074	0.06549111569860573	-0.015014494034284101	-0.12121457378897653	0.8284216566151956	-0.5466252380936928
11:15:01.860375	-0.6690643968531532	0.6690643968531532	0.18859779112171535	-0.26293827966095457	0.09002691801647113	0.04565432859411553	-0.5997928971849911	0.7937627585113268	-0.744629187806982	0.6615603087409736	-0.05822756107933286	0.0668945565439715	-0.015686437584601736	-0.12207344423814581	0.8299163106530343	-0.544142377691535
11:15:01.870486	-0.6685232440576202	0.6688284222024471	0.1900649485981402	-0.26385702401726396	0.08520332510350784	0.038756526820005355	-0.5977660215356416	0.7961872320739684	-0.7465648410314446	0.658981408487288	-0.06030134589102904	0.06890710476819006	-0.0207517137478627	-0.11938338850241012	0.8320826868370946	-0.5412535221060188
11:15:01.880556	-0.6680438860379402	0.6685321775946605	0.1915933995681219	-0.26471506018698465	0.07959057299014574	0.03387482209319854	-0.5959527259783612	0.7983471585207871	-0.7481881759712917	0.6568161985337796	-0.062013312676360934	0.07043638073673279	-0.028747546974166423	-0.1138915555282262	0.834350248698206	-0.5385740010616656
11:15:01.890623	-0.667590494783218	0.668261869389418	0.19311175036515832	-0.2654371056694291	0.07293699378579482	0.03118895717534825	-0.594421240568917	0.8002317368414694	-0.7498256837589357	0.6548538674033065	-0.06250073261450143	0.07086264703655876	-0.037231559738829675	-0.10736116980426459	0.8359400691524774	-0.5369279197089912
11:15:01.900699	-0.6671149412419752	0.6680304695236431	0.19470234790136332	-0.2660525186526779	0.0654301132040637	0.03009052780746586	-0.5932045431252753	0.8018240645165903	-0.7516502761183168	0.6529561229325013	-0.0614625926147905	0.06994650559736834	-0.043457649602269985	-0.10241844948400146	0.8368038989425863	-0.5360794051358669
11:15:01.910786	-0.6666426108327367	0.6678633444178543	0.1962939604869146	-0.26648614163117823	0.057494211737564804	0.02960158459948931	-0.5920927261848367	0.8032710410595439	-0.7537927739170789	0.6508252913585273	-0.059509955835558855	0.06842119024785792	-0.04608051660530082	-0.10119403514117715	0.837566793873567	-0.5349001954024587
11:15:01.920913	-0.6660908761447354	0.6677998969943691	0.1978801998040165	-0.2668513983785195	0.04956049684104374	0.028930634855486123	-0.5910028213199834	0.8046256525313789	-0.7560518947213581	0.6484455743537345	-0.05792308453140946	0.06744468746807951	-0.044922275885164904	-0.10315033457327268	0.8385084593891242	-0.5331468476316786
11:15:01.930993	-0.6655398570419702	0.6677982002839504	0.1994056046364744	-0.26709486559204526	0.041809400234109624	0.02758810059243438	-0.589909274836014	0.8059143367754503	-0.758241166903318	0.6458752336932232	-0.05773936600583908	0.06768811511678176	-0.04327348641571223	-0.10577285184545739	0.8395910848159907	-0.5310615025431764
11:15:01.941064	-0.6649681012805734	0.6678367108042251	0.20086370090081385	-0.26732999390627915	0.03424027047694713	0.02551235839458806	-0.5886763079325402	0.8072403160928748	-0.7601520410064426	0.6434497202738011	-0.05853427070219837	0.06866637595409089	-0.04357906349269328	-0.10668935992328832	0.8408806130796013	-0.5288081317936899
11:15:01.951131	-0.6643716382315932	0.6679727339280254	0.20221067868270723	-0.2674576498604356	0.026488779522645396	0.023253974650064277	-0.587330703563172	0.8085791500368806	-0.7620281938932765	0.6409948011427464	-0.0596927171507909	0.06982460983691696	-0.046203991781898185	-0.10528650703272704	0.8422920562618164	-0.5266156421323878
11:15:01.961206	-0.6638718899046496	0.668083268079093	0.20348891063180122	-0.26745303131030385	0.01861575264975245	0.021118198087915895	-0.5857553382940139	0.8099988636552943	-0.7641033595541787	0.6383702402410061	-0.060425139864097525	0.070557032002926	-0.05017043520938749	-0.10235501197827594	0.8434980712819162	-0.524897497324492
11:15:01.971302	-0.6634040461004238	0.6682259174447915	0.2045327958857779	-0.2674612687470841	0.010742505155114015	0.019287679710318344	-0.5841237178093246	0.8113643240166512	-0.7663052092488195	0.6357495069323539	-0.06024239279399322	0.07049641709935377	-0.05389469518503799	-0.09979368813990613	0.8445536775485512	-0.5233217627593609
11:15:01.981380	-0.6630311637816452	0.6683412725222327	0.20544627610135482	-0.26739754474154354	0.002502426523297786	0.017944229215842662	-0.5825160667891237	0.8126172373460177	-0.768680192656633	0.6329984340195284	-0.059448507832901426	0.07006867247656143	-0.056092407109855316	-0.09930614403453167	0.8455976149074381	-0.5214945879723655
11:15:01.991473	-0.6627835604054924	0.6683377830776445	0.20617762842340484	-0.2674571840590172	0.0056152226398266504	-0.016662562833398648	0.580992438135977	-0.8137190025453143	-0.7711679521928841	0.6301177632322388	-0.05847082692526973	0.06951802908964741	-0.05786115967321969	-0.099425980071387	0.8468603274956996	-0.519224562595021
11:15:02.001600	-0.6627835604054924	0.6683377830776445	0.20617762842340484	-0.2674571840590172	0.01385513665482338	-0.015564140295065912	0.5794132698865125	-0.8147674854856268	-0.7711679521928841	0.6301177632322388	-0.05847082692526973	0.06951802908964741	-0.05786115967321969	-0.099425980071387	0.8468603274956996	-0.519224562595021
11:15:02.011671	-0.6626453379398654	0.6682604591603192	0.20672190840953522	-0.26757273293988854	0.0221556713004098	-0.014770447533606533	0.577817466118401	-0.8157315342423608	-0.7762609687371019	0.6239141077552018	-0.05774043689458236	0.06939838979824539	-0.06164656329911371	-0.09851242887600943	0.8488914874891816	-0.51563382846625
11:15:02.021770	-0.6626106192682126	0.6678597453972719	0.2074015184481749	-0.26813268703438264	0.030517189721333993	-0.01422101041014164	0.5761645419387857	-0.8166399969428977	-0.7789357958454368	0.6204264507733008	-0.058411029354653116	0.07012985656060233	-0.06390386299058388	-0.09753426271151198	0.8499152742539451	-0.5138554178774839
11:15:02.032421	-0.6627213596951946	0.6675431489211958	0.20752004263802373	-0.268555349296266	0.03863525808014924	-0.013610841314175798	0.5744629526862001	-0.8175049711303616	-0.7817316356896978	0.6166939761874382	-0.059325667542972076	0.07116638719661053	-0.06524648541413713	-0.09692368460023365	0.8507677831502877	-0.5123893779716382
11:15:02.042660	-0.6628545930447294	0.6672492091312138	0.20740146474824958	-0.2690481626281001	0.046509101537787916	-0.012817468927736827	0.5727577543708685	-0.8183038376865125	-0.7845600255020899	0.6128650393703505	-0.060181747716279814	0.07238899877434873	-0.06024030002240578	-0.09936292648072605	0.8531295984936048	-0.5085941439581635
11:15:02.052731	-0.6630309735894006	0.6669372593584995	0.2069721100471009	-0.2697168252132524	0.05377231259607865	-0.011474681916075806	0.5709264608668781	-0.8191580106151777	-0.7875319945279236	0.6087610721089289	-0.061156867280243304	0.07391313999638188	-0.05810723373489741	-0.10010069677020142	0.8553116242931905	-0.5050202226077113
11:15:02.062799	-0.6632100226305239	0.6666280017642722	0.20636049020005534	-0.27050863429951055	0.059935761840698334	-0.009277225865362676	0.5691455999638615	-0.8199969046128128	-0.7904862141566025	0.6045074098530608	-0.06274572065114566	0.07592964639107509	-0.05810723373489741	-0.10010069677020142	0.8553116242931905	-0.5050202226077113
11:15:02.072884	-0.6634043130192387	0.6662730224416239	0.20575360559277336	-0.2713677040834976	0.06475708555147934	-0.006103401088735093	0.5674331992197016	-0.8208464124239826	-0.7936444828681061	0.5997957650653601	-0.0651248683550157	0.07830853430129817	-0.06933567791348003	-0.08819547058536852	0.8596159223005745	-0.4984722548586191
11:15:02.082956	-0.6635680758989001	0.6659484249570363	0.20507622654712143	-0.2722753114960443	0.06817725015526994	-0.0022583332638719676	0.5660481807878007	-0.8215450197761266	-0.7970397723262166	0.5947128831875836	-0.06762539763668336	0.08044248563641576	-0.07476650695015952	-0.08361642001772943	0.8619815327813085	-0.4943744541194221
11:15:02.093426	-0.6636995267743253	0.6656526613022615	0.20446877089332258	-0.27313365664108014	0.07055669003971805	0.0020751967658740604	0.5650638723077074	-0.8220220600821131	-0.800656199998947	0.5894143103666589	-0.0695798191796615	0.0818478399297597	-0.07641721056308312	-0.08313118273715592	0.8647596160205764	-0.4893264992685602
11:15:02.103819	-0.6638149690330085	0.6654629098351316	0.2037343110180381	-0.273863347375056	0.07342423429172472	0.010497895509706277	0.5644449864753701	-0.8221317006729276	-0.804624669366929	0.5837389317928627	-0.07098372832236505	0.08239727707239279	-0.07641721056308312	-0.08313118273715592	0.8647596160205764	-0.4893264992685602
11:15:02.113919	-0.663872085276444	0.665397947382899	0.2029396601585158	-0.2744720757091265	0.07446219645150735	0.014282093417748132	0.5647530358736046	-0.8217696828058156	-0.808896362910916	0.5777569585237101	-0.0716550464089199	0.08215306002249248	-0.07641721056308312	-0.08313118273715592	0.8647596160205764	-0.4893264992685602
11:15:02.124722	-0.6639320475924539	0.665396872849139	0.20208485103682802	-0.2749599075569043	0.07537989084195387	0.01776157751822557	0.5655628085356637	-0.8210609648631284	-0.8134467342315483	0.5713720176439951	-0.07196320999917427	0.08160713466403392	-0.0725694442165364	-0.08978103653702695	0.8746784735636527	-0.4707553601700128
11:15:02.135300	-0.6640025260199282	0.6654063368571796	0.20123323175730337	-0.27539106511645517	0.07605123316466376	0.020874415523527295	0.5667831068756563	-0.8200837630822009	-0.818291909322142	0.5645097239740801	-0.0720209184008449	0.0808709465094233	-0.06732221021692605	-0.09735170017769453	0.8823909275667271	-0.45538622885628766
11:15:02.145475	-0.6641060554251674	0.6653267264212618	0.20049521110850796	-0.2758716451173382	0.07666108783329999	0.023559856611189325	0.5683662817704533	-0.8188576069837202	-0.8233171259166441	0.5572603869537371	-0.07202270061395508	0.08014051347976527	-0.06732221021692605	-0.09735170017769453	0.8823909275667271	-0.45538622885628766
11:15:02.155574	-0.6642472238027064	0.6652237886819533	0.19976855311093064	-0.27630682552190133	0.0770866432132648	0.026000720513737773	0.5702458492015305	-0.8174357977476291	-0.8285055829946296	0.5496311164628437	-0.07196169753577931	0.07940811577103384	-0.06732221021692605	-0.09735170017769453	0.8823909275667271	-0.45538622885628766
11:15:02.165669	-0.6643654545135848	0.6650978739397825	0.19903497906925124	-0.27685454310276714	0.07714969275155764	0.02838180943787524	0.5722749361064908	-0.8159312442269165	-0.8337600959183142	0.5416999159059326	-0.07208423669689086	0.07879826382361228	-0.059875374412724475	-0.10656718014741788	0.8911115865706191	-0.43701088766065976
11:15:02.175781	-0.6644911484220356	0.6649794307024963	0.1982426058670682	-0.2774053705867688	0.07684310169797717	0.03063958463255325	0.5742175542292051	-0.8145124639868986	-0.839161135900549	0.5332570255555383	-0.07263086418806118	0.07855119513448298	-0.05694393510481317	-0.11004278134402803	0.8958446725278111	-0.42674383092481644
11:15:02.186345	-0.6645492203615928	0.665037500464724	0.19708205662633937	-0.277953448707448	0.07629375232982517	0.03277579600089289	0.5759873125892482	-0.8132303648340725	-0.8446589084973458	0.5242268491280948	-0.07409609906176587	0.0790399079777486	-0.0508432303946462	-0.11627413433589556	0.9060227034551359	-0.403755064898661
11:15:02.196435	-0.664609940941185	0.6652202907813367	0.19573919373664986	-0.27831952710917474	0.07568355455990375	0.03405759955195668	0.5774533142671365	-0.8121944036521284	-0.8502584155861399	0.5145128449781896	-0.07671917510528878	0.08032015468461418	-0.048462461994601955	-0.11847057774750931	0.911265185868271	-0.39142288258360497
11:15:02.206509	-0.6644364163374811	0.6657181694830889	0.19427715535570478	-0.2785676836454403	0.07501040776735933	0.0344230024253789	0.5786604361613782	-0.8113819046861472	-0.8558169017594589	0.5042007862954564	-0.08093090940900317	0.08251778998565029	-0.050230952694702465	-0.11773451731237065	0.9166691112050259	-0.3785936811242277
11:15:02.216583	-0.6640005607454489	0.666747139036978	0.1923215154801829	-0.27850303876105187	0.07330219386489163	0.034301276396393916	0.5804972238542749	-0.8102303276906214	-0.8612438823145329	0.4934559413587271	-0.08660655297316436	0.08520278220615746	-0.05151277676500522	-0.11944372527146353	0.9217369131577119	-0.365350096819101
11:15:02.226661	-0.6631505819620075	0.6683996339683335	0.1899424400428686	-0.27819975633528116	0.07086332140894759	0.03332590309154641	0.5834474499122567	-0.8083667775539206	-0.8667756385698184	0.48249147404368814	-0.09124917820307574	0.08703767767062609	-0.05151277676500522	-0.11944372527146353	0.9217369131577119	-0.365350096819101
11:15:02.236735	-0.6621002427889293	0.6700957379774756	0.18798568840246152	-0.27795026785221094	0.06750259689253886	0.0316151403167587	0.5871993532577906	-0.8060029788091032	-0.8726673775746622	0.47069595858552205	-0.09515235988522158	0.08856066336976044	-0.05151277676500522	-0.11944372527146353	0.9217369131577119	-0.365350096819101
11:15:02.246809	-0.6610034128064277	0.6711961708801741	0.1873758520143798	-0.27831722644481166	0.06317244126674552	0.028870110839778387	0.5919288264781624	-0.802991920101743	-0.8786712910452811	0.4577074195296307	-0.10040388120099246	0.09143161947664845	-0.0025024396583167015	-0.14862050165856508	0.9390862581185554	-0.30987527183594865
11:15:02.256878	-0.659923872962135	0.6712766143948908	0.18878510350276392	-0.2797291074533356	0.05798171010822526	0.024901618657006217	0.5974557476309653	-0.7994151989447731	-0.8845364362672044	0.44318376095336537	-0.10901063173980313	0.0964371770150554	-0.0025024396583167015	-0.14862050165856508	0.9390862581185554	-0.30987527183594865
11:15:02.266980	-0.6589423441170219	0.670783286573367	0.19159133180653315	-0.2813139370169835	0.05236741280011777	0.01934786696694328	0.6037511042176749	-0.7952156426255647	-0.8899742784875694	0.427500160930453	-0.12103552528913311	0.10266351665976899	0.003967385880939671	-0.14612187383030112	0.9495480330735149	-0.2774728648423345
11:15:02.277077	-0.6581549534339753	0.6704232596233688	0.19427869950666266	-0.28217104235604823	0.04687555286614436	0.011840959968791673	0.609870474268899	-0.791024954616186	-0.895052791824522	0.41072082898167	-0.13519789510988245	0.10913491487876742	-0.019348020667332832	-0.13452062318864844	0.956292706043441	-0.2589094753022898
11:15:02.287515	-0.6576569653787973	0.6705354451648693	0.19610689835378892	-0.2818006690630076	0.041381247138422006	0.0025024058004060505	0.6150425183095554	-0.787403347098499	-0.904046737961923	0.3826878913732958	-0.15270894804082713	0.11370774188651517	-0.042296963453153216	-0.12042122495392682	0.9626373846798448	-0.23882830879103684
11:15:02.298025	-0.6576169106718921	0.67110617531441	0.19672352915310082	-0.28010061287110755	0.03454684669025177	-0.007446493456202678	0.6190355461705538	-0.7845674334920428	-0.904046737961923	0.3826878913732958	-0.15270894804082713	0.11370774188651517	-0.06286447468854803	-0.10851751067595959	0.9667701738510686	-0.22277216758563134
11:15:02.308137	-0.6579808136274575	0.6720804024909031	0.19641764918860466	-0.2771088027707474	0.025512310115202143	-0.01672338031474973	0.6218778176167336	-0.7825199234138915	-0.9141029912182095	0.3600993288500658	-0.15093654919427335	0.10937254191513864	-0.06286447468854803	-0.10851751067595959	0.9667701738510686	-0.22277216758563134
11:15:02.318234	-0.658506568875066	0.673277037840472	0.19561716129804305	-0.27349781584291133	0.014281868769361042	-0.024535518142235636	0.623214367538229	-0.7815355965455903	-0.9183513739335816	0.3498597684027176	-0.15045434911247366	0.10766793989225294	-0.06286447468854803	-0.10851751067595959	0.9667701738510686	-0.22277216758563134
11:15:02.328369	-0.6589894087740318	0.6746142386940237	0.19463899458927364	-0.26971141959548456	0.0018310460348561135	-0.03088364312123978	0.6235322097363352	-0.7811852733374466	-0.9216858463574519	0.34203877114013376	-0.14947411679553668	0.10565116217765375	-0.06286447468854803	-0.10851751067595959	0.9667701738510686	-0.22277216758563134
11:15:02.338469	-0.6594379058080008	0.6758567133480186	0.19366868522110203	-0.26617999881790927	0.010864243728092436	0.035644485040483044	-0.6234122777457086	0.781004846880173	-0.9216858463574519	0.34203877114013376	-0.14947411679553668	0.10565116217765375	-0.002746539616241812	-0.16558582175253414	0.9822236009817663	-0.08837754142929209
11:15:02.348909	-0.6598479450328562	0.6769987426051651	0.19262603963774805	-0.26299924106433975	0.023315461954847388	0.03955083598623327	-0.6235970544310884	0.7803965878394731	-0.928264100012326	0.3320242424924093	-0.13580035653411962	0.09820349378130268	0.06780907999545197	-0.1846286831559336	0.979417017720088	-0.04534846663962269
11:15:02.358999	-0.6603353962055072	0.6779134158105711	0.19146613715654645	-0.260252345819418	0.03521615982281982	0.043638742241449174	-0.624552796303146	0.7789668073113508	-0.9311043386083907	0.32703094370788316	-0.12982359411471958	0.09613171637549757	0.11315726800309239	-0.19024336805050646	0.9743487736792702	-0.04058769321578017
11:15:02.369103	-0.6609551744797646	0.6785944805490833	0.19012608444957677	-0.257875668314434	0.04663158438515051	0.04846266754163548	-0.6259862950969943	0.7769285832965719	-0.9329727127843387	0.3235436576259178	-0.12585305074979108	0.09509168432016221	0.11315726800309239	-0.19024336805050646	0.9743487736792702	-0.04058769321578017
11:15:02.379666	-0.6616088825801056	0.6790646150909829	0.18890032210197666	-0.25585465274684527	0.057921741312284294	0.05407656775836026	-0.6275567378007452	0.7745278158618417	-0.9332481034969992	0.3235544929128576	-0.12390409745578211	0.09491175938115329	0.041199951971614746	-0.17285668738313031	0.978605674016147	-0.10370180503670141
11:15:02.389764	-0.6630923378487641	0.6791447388846832	0.18725766683726144	-0.25299316461553084	0.06939711135472151	0.060608031288688184	-0.629090612781983	0.7718521285767883	-0.9322269137318407	0.32701792613429376	-0.12249439674347286	0.09490721820433497	-0.004821840617973429	-0.1542378638179602	0.9783453577910899	-0.13794126324835382
11:15:02.400212	-0.6637796932916438	0.6789169221593521	0.18695698395883265	-0.2520226532047078	0.08056585551113053	0.06780959505520154	-0.6309160972867851	0.7686715032630136	-0.9304052156279576	0.3331856515424443	-0.11993218634931362	0.09460299686587079	-0.01757835311662557	-0.14166443605447204	0.9764531012492218	-0.1617452630522839
11:15:02.410312	-0.6645125136758641	0.678612117851406	0.18677397739029522	-0.25104619902166153	0.0911882768303751	0.07525779473350233	-0.6324584501448104	0.7655176492681154	-0.9279262953374241	0.3413728717899239	-0.11639514866858303	0.09417814074233016	-0.01757835311662557	-0.14166443605447204	0.9764531012492218	-0.1617452630522839
11:15:02.420386	-0.6652834274178756	0.6782839200820965	0.18670660591479646	-0.2499390491079083	0.1021125370744025	0.0822759712948563	-0.6332442152701291	0.7627617309138124	-0.9244952704261468	0.3517439917782983	-0.11260934666509809	0.09435991866896566	-0.01757835311662557	-0.14166443605447204	0.9764531012492218	-0.1617452630522839
11:15:02.430966	-0.6661372660036762	0.6779170435681539	0.18670642264112566	-0.2486570663092337	0.11352614659317838	0.08837949476716253	-0.6334881051024722	0.7602589687981881	-0.9201986021915302	0.3640634517525023	-0.10815095331189171	0.09484570059067705	0.016540050469803606	-0.1438557157096941	0.9712854729758472	-0.18877629558340428
11:15:02.441108	-0.6669643154391667	0.6775839888365326	0.18675977353988377	-0.24730411842601602	0.12475654024194997	0.093384298713397	-0.6333652730385102	0.7579997423017498	-0.9149647018743522	0.37816832051320703	-0.10357515169640288	0.09539655987123025	0.03314210348652001	-0.15673834577050347	0.9649051823543183	-0.20806893330671586
11:15:02.451246	-0.6678347815148855	0.6772340281200119	0.18676425072523758	-0.24590626345489616	0.1345210270947643	0.09851040731894263	-0.6329324187716451	0.756039910445937	-0.9087584775751336	0.3938624794003853	-0.09899968101463273	0.0960699740548902	0.03314210348652001	-0.15673834577050347	0.9649051823543183	-0.20806893330671586
11:15:02.461314	-0.6686443762344725	0.6769452101156125	0.18682979786889276	-0.24444735069092308	0.14227069090827307	0.1041243237621252	-0.63268038693915	0.7540773857450509	-0.9016014165760731	0.4107620859434722	-0.09503069358305888	0.09673965917093662	0.03314210348652001	-0.15673834577050347	0.9649051823543183	-0.20806893330671586
11:15:02.471383	-0.6694659066444142	0.676606713561854	0.18688163060855104	-0.2430925978817305	0.1475824492294913	0.11096149408569693	-0.6326880350342873	0.752072348803057	-0.8933601536633621	0.42888855638398893	-0.09185673507299037	0.09759396636658578	-0.005676258546063821	-0.13970920227892566	0.950559683832236	-0.2772821782233112
11:15:02.481462	-0.6702161225972605	0.6763195387032369	0.18688660116499514	-0.2418173461187821	0.1506398140582275	0.11877839471527984	-0.6328337083288907	0.7501472102008168	-0.8839585515094597	0.4481132144709282	-0.08984236607207931	0.09869232740390778	-0.026793929382187227	-0.12341076357809243	0.9443792012086173	-0.3036441883288872
11:15:02.491649	-0.6709352923686727	0.6760010277699826	0.18688291323868605	-0.2407139809971841	0.15197538062176064	0.12701235625457183	-0.6334138554588883	0.7480362509639752	-0.8733871256846601	0.46824780071647193	-0.08892557946349056	0.10015571441289499	-0.03637806737814377	-0.1126743496309621	0.9360638277033774	-0.33130897605463827
11:15:02.501773	-0.6715687084220531	0.6757190921512815	0.18695037297980083	-0.23968466036293762	0.1520967149038801	0.13519029835958846	-0.6341432053977987	0.7459574837701535	-0.8617164878213954	0.488965206398725	-0.08905258221641989	0.1021144414311655	-0.03637806737814377	-0.1126743496309621	0.9360638277033774	-0.33130897605463827
11:15:02.512371	-0.6721717447486855	0.6754065674556391	0.18700937309633817	-0.23882757079829348	0.15185444681296087	0.1428213044784278	-0.6348834227284642	0.7439525129434003	-0.848931173088645	0.5100056713156027	-0.09063647940446026	0.104857556644352	-0.03637806737814377	-0.1126743496309621	0.9360638277033774	-0.33130897605463827
11:15:02.522516	-0.6727210028915903	0.6751013439470042	0.18707039320111815	-0.2380951399274264	0.15167114199752535	0.1494128594003791	-0.6355539644347008	0.7421204891540888	-0.8349193529374579	0.5313844496435053	-0.09375218408596646	0.10840096284939872	-0.03485126513587592	-0.1018071983303696	0.9053394321548993	-0.41082988726721686
11:15:02.532611	-0.6731654025667665	0.6748744089383205	0.18713619768516693	-0.23742981376232855	0.15203572338581497	0.15459915188128034	-0.6361575049579885	0.7404646311187102	-0.8195262205398893	0.5532885372156175	-0.09802331944492905	0.11242774247668698	-0.03485126513587592	-0.1018071983303696	0.9053394321548993	-0.41082988726721686
11:15:02.542728	-0.6735267567624985	0.6746864312870555	0.1871348469627386	-0.2369398160174009	0.1532575374480552	0.15826236344197814	-0.636589452641663	0.7390663165904025	-0.8028540331840326	0.5753156543099203	-0.10339324404848343	0.11724818289087172	-0.06481803469031017	-0.07385105647389388	0.8817572007259049	-0.4613554842034412
11:15:02.552850	-0.6735267567624985	0.6746864312870555	0.1871348469627386	-0.2369398160174009	0.15570472801221946	0.16028248363782371	-0.6363080319589917	0.7383614640391293	-0.7850787872768499	0.5972775411872232	-0.10925064364654911	0.12237292765996144	-0.0761111547112917	-0.06109644415878348	0.868716972739226	-0.4855977120152661
11:15:02.563508	-0.6737733962520233	0.6746278964375045	0.1870745048928754	-0.23645240846818896	0.15911917042129242	0.16021780681085257	-0.6350728685207317	0.7387109012692376	-0.7665326189207399	0.6188900992002788	-0.11492801349054488	0.12725698785331177	-0.0801390416354835	-0.05346671780097756	0.8559557653435037	-0.5079948541752697
11:15:02.573846	-0.6739033771868086	0.6746968509576109	0.18689359124590235	-0.23602792859173885	0.16650719473738204	0.15625308597056378	-0.6317263436700528	0.7407983220409112	-0.7473087836482936	0.6401928970668859	-0.11999420684846007	0.13146872917171057	-0.0801390416354835	-0.05346671780097756	0.8559557653435037	-0.5079948541752697
11:15:02.584587	-0.6738909764616882	0.674928576914532	0.18664601087037788	-0.23559633811630434	0.16992581593034545	0.15301868553785059	-0.6303857136956207	0.7418384938280957	-0.7277896748545689	0.6608335130535405	-0.12426868316034068	0.13482785908702974	-0.08001611869434747	-0.04888856679952122	0.8434345875188312	-0.528985278965606
11:15:02.594653	-0.6736493083474516	0.6754193391476759	0.18628048283740348	-0.2351699542504966	0.17248032986970668	0.14959281263646534	-0.6291931070866265	0.742959326080658	-0.7084380685364217	0.6807279898670381	-0.1270146998039367	0.13635311838635014	-0.07830679946907697	-0.03967218991028841	0.8148057466190004	-0.5730495247195352
11:15:02.604726	-0.6734023552303033	0.675965837412817	0.18573038765211758	-0.23474172557017553	0.17419786294911013	0.14612112259991927	-0.6277592923726691	0.7444608739980014	-0.6895804243023526	0.6998344083068485	-0.12786962196082746	0.13549907434512504	-0.07830679946907697	-0.03967218991028841	0.8148057466190004	-0.5730495247195352
11:15:02.614797	-0.6729865017262912	0.6767097174532368	0.18506213252622117	-0.23431844550401157	0.17492793275461335	0.14239597596528714	-0.6261028381705596	0.7464039391682368	-0.6714205735188321	0.7178664472073906	-0.12737521470173643	0.13280712371393316	-0.07830679946907697	-0.03967218991028841	0.8148057466190004	-0.5730495247195352
11:15:02.624865	-0.6724452051201258	0.6775723175127999	0.18433189792709267	-0.23395502144190272	0.17480945674523896	0.13891980570955442	-0.6243456470136346	0.7485555787442775	-0.6538238413072079	0.7347583459350419	-0.12622364673481198	0.129275475717762	-0.07830679946907697	-0.03967218991028841	0.8148057466190004	-0.5730495247195352
11:15:02.634992	-0.6718621578373551	0.6785148627069292	0.1834681728251353	-0.23357707831064298	0.17389317301545001	0.1360505028611576	-0.6228171068619347	0.750566636915054	-0.6366578595196226	0.7504274166229279	-0.12524416908582742	0.1258545207870254	-0.07830679946907697	-0.03967218991028841	0.8148057466190004	-0.5730495247195352
11:15:02.645054	-0.6711977998609594	0.6795595438439503	0.1824935365630871	-0.23321331210955043	0.17187094906464312	0.13470141498070573	-0.6218725497228866	0.7520574695932289	-0.6203597543222575	0.764463392649181	-0.1247555428802336	0.1232296678450057	-0.07830679946907697	-0.03967218991028841	0.8148057466190004	-0.5730495247195352
11:15:02.655130	-0.6704776518002202	0.6806706211084256	0.18145926798380105	-0.23285136473535184	0.16931086779271698	0.13470406821143704	-0.6211523797860421	0.7532319464419324	-0.6053310513768484	0.7765912782535813	-0.12505780643992362	0.12182302667354199	-0.07830679946907697	-0.03967218991028841	0.8148057466190004	-0.5730495247195352
11:15:02.665225	-0.6698039005937597	0.6817668643732728	0.18029895410551905	-0.23248433181717065	0.16741761027753937	0.13494726078149455	-0.6199883650015475	0.7545694188338387	-0.5921123011770866	0.786634711634913	-0.12597874339032128	0.1214010274241032	-0.07830679946907697	-0.03967218991028841	0.8148057466190004	-0.5730495247195352
11:15:02.675334	-0.6691112576522531	0.6828438156173865	0.17919462304725123	-0.23217177999718788	0.16625783912087827	0.1354354423675583	-0.6180348307408272	0.7563388922121599	-0.581125103069076	0.7945074536971077	-0.12719931885263674	0.12195021068501355	-0.07830679946907697	-0.03967218991028841	0.8148057466190004	-0.5730495247195352
11:15:02.685578	-0.6685263820866976	0.6837243250374497	0.17816383724194926	-0.23205855059742758	0.16540060635947537	0.13634869173692546	-0.616132517047566	0.7579131844176993	-0.5729972165236037	0.7998645635430152	-0.12872295799406477	0.12377911750211634	-0.07458579339192817	-0.022705331539932306	0.7513511592918459	-0.6552807511094443
11:15:02.695663	-0.6679907719857249	0.6844097703103009	0.17737401164021532	-0.23218538894679253	0.16540060635947537	0.13634869173692546	-0.616132517047566	0.7579131844176993	-0.56791341212703	0.8030130857985311	-0.12975646579065725	0.12572827823553806	-0.06854164717977546	-0.00970447186249715	0.7081212738911442	-0.7026892110247149
11:15:02.705782	-0.6675294632147601	0.6848631349303121	0.17681565830969737	-0.23260078488721322	0.16223745479021093	0.14203406971287463	-0.615928576481572	0.7577184965258383	-0.5660239474834702	0.8041153232795686	-0.12981808672604497	0.12713261619668625	-0.06854164717977546	-0.00970447186249715	0.7081212738911442	-0.7026892110247149
11:15:02.716220	-0.6671130835613066	0.6851794580109083	0.17651336117651406	-0.23309285142915187	0.15972400791325292	0.14696805924918344	-0.617290262145449	0.7562019327646938	-0.5673855328073026	0.8031654718385646	-0.12896790348771844	0.12793030085672402	-0.06854164717977546	-0.00970447186249715	0.7081212738911442	-0.7026892110247149
11:15:02.726347	-0.6666836414955004	0.6854213397413229	0.17639070987109734	-0.2337024318672774	0.1574111351538286	0.15240620569178365	-0.618841217264315	0.7543405270904101	-0.5716078038168115	0.8003119619483218	-0.12750546739704424	0.12848205307361327	-0.06854164717977546	-0.00970447186249715	0.7081212738911442	-0.7026892110247149
11:15:02.736431	-0.6663685923773293	0.6855942845003242	0.1762660280990774	-0.2341872402410526	0.15643332342097058	0.1566774643861223	-0.6198128752789529	0.7528697012866453	-0.5782029667160142	0.7958607075910598	-0.12555299298372652	0.1285438032200914	-0.06854164717977546	-0.00970447186249715	0.7081212738911442	-0.7026892110247149
11:15:02.746497	-0.6660153161030723	0.6858517326842214	0.17602530898471963	-0.23461903180903684	0.15771695274407796	0.15832731246831974	-0.6195761560778388	0.752451468045276	-0.5866660076554323	0.7901558609141933	-0.12286294979300719	0.1279898687113443	-0.06854164717977546	-0.00970447186249715	0.7081212738911442	-0.7026892110247149
11:15:02.756569	-0.6656497723848298	0.6860965607351799	0.17572030943479966	-0.2351685836235787	0.16101191543211796	0.15625113855429187	-0.6165816412794752	0.7546441707364316	-0.5958375845180955	0.7837077018246617	-0.12011968513948085	0.1278713111622014	-0.06854164717977546	-0.00970447186249715	0.7081212738911442	-0.7026892110247149
11:15:02.766742	-0.6653345471652842	0.6863303350952775	0.17535144977578768	-0.23565330580728028	0.16448759806338673	0.15063279852335376	-0.6111370387416294	0.7594505316151098	-0.6032023967751825	0.7775164760213548	-0.1194442062621706	0.13171210889819324	-0.06787108742901271	-0.014343260382929844	0.7233275693536237	-0.6870116547670567
11:15:02.777424	-0.6652732935717225	0.6863301088269742	0.17468001524791466	-0.23632460483575315	0.16687100085525133	0.14349441222044473	-0.6093782269710422	0.7617227837138028	-0.6073619666194169	0.7745986050012078	-0.11737082321466571	0.1316530762735486	-0.05664032094745556	-0.10156195480233411	0.753963237784395	-0.6465419394357723
11:15:02.787634	-0.6653343352543082	0.6859028767624912	0.1738865719786739	-0.23797253216737435	0.17224263092321698	0.13421741509573146	-0.6078541323048611	0.7634340282025507	-0.6225564021067156	0.769955785546688	-0.09527554349888069	0.10253870152345904	-0.0435184374167344	-0.1051034351074567	0.7720402733299766	-0.6253105067804262
11:15:02.797698	-0.6653926627595214	0.6851066446042586	0.17327552463532206	-0.24053499210560206	0.17645071239529617	0.1281113958207287	-0.6043635261633423	0.7662880297900185	-0.6225564021067156	0.769955785546688	-0.09527554349888069	0.10253870152345904	-0.0435184374167344	-0.1051034351074567	0.7720402733299766	-0.6253105067804262
11:15:02.808050	-0.6655962961227202	0.6842122402141856	0.17260947505135743	-0.2429838473053232	0.17639963429430486	0.12683683047182195	-0.6014067808656698	0.7688338386059045	-0.6414594148931632	0.7592535795690724	-0.0754370919893387	0.07983148569745552	0.007507468560404023	-0.13647723334197884	0.8065950977702371	-0.5750842989929
11:15:02.818118	-0.6662132233173903	0.6834865483012494	0.17163459312583615	-0.2440238631995352	0.17279014434657267	0.12878389423216824	-0.601072886444736	0.7695905793238907	-0.6482663753599185	0.7538591471679081	-0.07348768627561829	0.07776022617536353	0.007507468560404023	-0.13647723334197884	0.8065950977702371	-0.5750842989929
11:15:02.828222	-0.6671038935513193	0.6833389928820284	0.16998026930836452	-0.24316028471257603	0.1661979447875417	0.13342222082466623	-0.6036348416998852	0.7682458799268408	-0.6550332634143289	0.7479293337569126	-0.07342573759666769	0.07836961519045829	0.039491045219491684	-0.17316243475687465	0.8139916214020727	-0.5530577445654005
11:15:02.838349	-0.6681455545034415	0.6836483379915089	0.16784509681962767	-0.24090348987166196	0.15936407650456172	0.13678088680456638	-0.6068774464514964	0.7665467011952473	-0.6617523655588807	0.7418926400450282	-0.07330424193287362	0.07940784242686809	0.05200307665430399	-0.17804339741855016	0.8143486487344177	-0.5499386392667593
11:15:02.848999	-0.6690566941100596	0.6840711026806741	0.16570780190739026	-0.2386436484191145	0.1545449852994057	0.13556256411926543	-0.6091465060379418	0.7659498501272678	-0.6684018276777463	0.7360293708306037	-0.0722052198103163	0.07928535970718587	0.058289184179809155	-0.1732195860757051	0.8117760728706406	-0.5546322687350008
11:15:02.859066	-0.6698152929231207	0.6840368131756346	0.16443251313421606	-0.23749328456022076	0.15350156779837043	0.12780607672754976	-0.608818345442841	0.7677519766742352	-0.6748673530370262	0.7306536206209858	-0.06896989318367003	0.07708758857608429	0.059874976491382674	-0.16345075131898348	0.8080985614127488	-0.5627393305306302
11:15:02.869171	-0.6703392734247903	0.6834006049838275	0.1644262954207762	-0.23785050974564398	0.15643313460669464	0.11431886894980064	-0.6062623199564174	0.7713014131973469	-0.6809001711842583	0.7257604818529952	-0.06433029584333168	0.07421787452133902	0.0527958542612952	-0.15094121108460465	0.808417444729312	-0.5664720501723476
11:15:02.879275	-0.670612590776348	0.6822096047244236	0.166020410204029	-0.23938678265448593	0.1607071918332292	0.09875588165065129	-0.6019347990350574	0.7759477895084856	-0.6861087438123806	0.7212656370101328	-0.060547982729461935	0.07324352749531686	0.040040369702532205	-0.14130099978866167	0.81228237805076	-0.5644715533674052
11:15:02.889415	-0.670756659731045	0.6807050979053999	0.16869621542280333	-0.24138695079493022	0.16546467790511094	0.08209147612776622	-0.5966738071561655	0.7809371279217612	-0.6904916924072461	0.7169809874222505	-0.05920418471095454	0.07519541810710927	0.024658483667066355	-0.13672030548076394	0.8176362554554973	-0.5587221769513006
11:15:02.899518	-0.6708310010827672	0.6791317031250979	0.17181232536147661	-0.2434058804765786	0.1691925548173265	0.06652953995342205	-0.5922349781358295	0.7849875351751935	-0.6904916924072461	0.7169809874222505	-0.05920418471095454	0.07519541810710927	0.024658483667066355	-0.13672030548076394	0.8176362554554973	-0.5587221769513006
11:15:02.909672	-0.6709470716374651	0.6776608147358114	0.17480145666967162	-0.2450516230896409	0.16956024019321872	0.055604528011527085	-0.5901648532859005	0.7873137286725443	-0.6982899299726648	0.7080553690772559	-0.06329225219663083	0.08392174230507946	0.003417928158155586	-0.1381819526797187	0.8272606831364431	-0.5445491969118597
11:15:02.919792	-0.6709047720438698	0.6754824519841254	0.17987230378577912	-0.24749989543648943	0.1655878055334137	0.050353829548494766	-0.5908182667023386	0.7880221736977163	-0.7022692873763372	0.7033679182795854	-0.06616199439561529	0.0878294372096775	0.004394508912070951	-0.1364739156582034	0.8322711600694372	-0.5372897493466747
11:15:02.930286	-0.6706476800083438	0.6749200987925251	0.18176090198988423	-0.2483496004690527	0.15807747401597075	0.04998666070234751	-0.5930041457680201	0.7879460191298002	-0.70642570646166	0.6989183311467486	-0.06726119997587258	0.08917297020394724	0.00915562294222046	-0.1324513452307893	0.8361525245698538	-0.5321858428881345
11:15:02.940560	-0.6706476800083438	0.6749200987925251	0.18176090198988423	-0.2483496004690527	0.14795293862721204	0.05328503111450335	-0.5958401761051336	0.7875564220738106	-0.710589350807514	0.6949029169338212	-0.06628586454019586	0.08819804259722193	0.00915562294222046	-0.1324513452307893	0.8361525245698538	-0.5321858428881345
11:15:02.950628	-0.6699350898760842	0.6746348896137353	0.18408566245137298	-0.24933353153642526	0.1366603352035912	0.057740364940865235	-0.598766363710241	0.7870634311971006	-0.7147663713029425	0.691085272159783	-0.06414648247283687	0.08599656879564904	0.013183672601169568	-0.1240852148063784	0.8361866418334402	-0.534060811389971
11:15:02.960697	-0.6694982777485605	0.6748694007717962	0.18457131843482968	-0.24951307862486236	0.12615780147909292	0.06048494497618823	-0.6002718807677208	0.7874639355023013	-0.7189411603944471	0.6872635593888679	-0.06164619848869951	0.08361910092031517	0.013977309725452719	-0.1225608643175068	0.8357698780376597	-0.5350440919358888
11:15:02.970770	-0.6690667783892883	0.6752313236015961	0.18481428616701012	-0.24951149334568604	0.11743114344696698	0.05981419988462975	-0.6000951155772242	0.7889981243965395	-0.7230144641620183	0.6834030858705148	-0.05950861915903831	0.08166413583055719	0.015930262751369884	-0.12524482439008047	0.8355758508285583	-0.5346708877471271
11:15:02.980874	-0.6686914206539067	0.6755272584700109	0.1851779636969654	-0.24944704602158788	0.11059649211554923	0.05572549519950135	-0.5988812255175325	0.7912043748862387	-0.7266102988570968	0.6798582208289964	-0.05804337624637539	0.0803818365052328	0.015930262751369884	-0.12524482439008047	0.8355758508285583	-0.5346708877471271
11:15:02.990992	-0.6683994036425482	0.6756626242647256	0.18573092733853294	-0.2494519553179705	0.1052828902772582	0.04894891478397744	-0.5971523469406924	0.7936804087915743	-0.7295415268957807	0.6766859289461659	-0.05792143470460101	0.08068718301315335	0.026062420616840838	-0.1362326061283109	0.8371713376594588	-0.5290610349104833
11:15:03.001112	-0.668155012863265	0.6756013371136823	0.1865853543731617	-0.24963496872300664	0.10076881735775085	0.04095449815084847	-0.5950914410890799	0.7962628656869883	-0.7320579412182109	0.6735250443007301	-0.05987567453185467	0.0828860000145348	0.02600101264336679	-0.137512397853299	0.8395397392242023	-0.5249641073840323
11:15:03.011231	-0.6679755247108197	0.6753608535202138	0.1876850089990653	-0.24994149978899913	0.09637409112601954	0.03308091031684775	-0.5929539552180366	0.7987636039051411	-0.7341909058025713	0.6704702884895873	-0.06329337179460191	0.0861815245650703	0.02600101264336679	-0.137512397853299	0.8395397392242023	-0.5249641073840323
11:15:03.021334	-0.6678506529355995	0.6749918087017726	0.18896596796642443	-0.25030666493226955	0.09155151851849158	0.026794077753078537	-0.5909955692097026	0.8010147526911223	-0.7360761954882324	0.6675954748134566	-0.06701589242504803	0.08953762676461335	0.006836162158084678	-0.12292884452127269	0.8454867697659728	-0.5196093611765612
11:15:03.031998	-0.6677882703092137	0.6745631992923344	0.19030836548982072	-0.2506113369792187	0.08587826458081477	0.022827626832426954	-0.5894898929079666	0.8028732709993159	-0.7379688577399404	0.6649104901347209	-0.06970146683806235	0.09185701190129933	-0.003112770089980894	-0.1119986885316655	0.8465513950595098	-0.5203819173956294
11:15:03.042082	-0.6678038278394546	0.674090620113238	0.1915945723049125	-0.250861322769414	0.07934675764828522	0.020752228923397672	-0.588325689978324	0.8044540506187686	-0.7400535880999362	0.6623555907678769	-0.0708620384151774	0.0926516574627384	-0.008239639843518186	-0.106016699319934	0.847401182128937	-0.5201959287874481
11:15:03.052158	-0.6678276814760614	0.673686889794623	0.19286560715265527	-0.2509083895584069	0.07238913455848323	0.019470601959659484	-0.5871698772787594	0.8059852629382555	-0.7423586420058886	0.6598404405759813	-0.07061653776213213	0.09234470322740355	-0.006103564624617112	-0.10839930773319992	0.8484565184680248	-0.5180095296912544
11:15:03.062230	-0.6678332689438339	0.6733873566310838	0.19396583153934419	-0.2508494548856843	0.06530826763258503	0.01806658618621044	-0.586126443061415	0.8073810880783503	-0.7447163808088567	0.6573109339341512	-0.07000980975229561	0.091861171470972	-0.0011596498096368864	-0.11517153635709497	0.8494129684587657	-0.5150065838797919
11:15:03.072308	-0.6678273916579837	0.6731983302858306	0.1948796254399508	-0.25066414709736234	0.05816835331061231	0.015930682281290465	-0.5849795363367349	0.8088025705340228	-0.7470032637284874	0.6546578157326379	-0.07018986463663375	0.09210130933624378	0.0026245212563318666	-0.1206059070351574	0.8499786747831994	-0.5128192464116359
11:15:03.082381	-0.6677960321456907	0.673106173339062	0.19568175478101493	-0.2503701054621719	0.05114744016874639	0.01312255326525116	-0.5833737865547469	0.8104855107407914	-0.7492276243711333	0.6518127739844671	-0.07141314220075161	0.09326434297670809	0.0012817592433433623	-0.120546405028721	0.8509050291166579	-0.5112998657851118
11:15:03.092467	-0.6677865749312677	0.6730356056820298	0.1963503712232783	-0.25006138355665875	0.043945116214168564	0.009887651148187928	-0.5814793363505333	0.8123132662421798	-0.7513940633778728	0.648856330742439	-0.07330227196140243	0.09496947141710423	-0.005126927703902661	-0.11541690819142776	0.8524127656274353	-0.5099462019774611
11:15:03.102555	-0.6678051364779664	0.6729932761910298	0.19696619828300863	-0.24964107560505278	0.03649960016562495	0.006713973274613285	-0.5795379658404831	0.8140997776072	-0.7535978092538059	0.6458101903065134	-0.0753170565011093	0.09667926863675619	-0.012939425528745293	-0.10906959160315019	0.8540020848971893	-0.5085438372901216
11:15:03.112644	-0.6678356522430137	0.6729625207120699	0.19744547020710557	-0.24926346223363807	0.028564599813528165	0.00396730552965669	-0.577700720587701	0.8157390523671024	-0.7560474417430844	0.6425823417026877	-0.076782730420021	0.09790103306336541	-0.018432674112582335	-0.10522493433805281	0.8552882858927692	-0.5070206087855016
11:15:03.122761	-0.6678356522430137	0.6729625207120699	0.19744547020710557	-0.24926346223363807	0.020446774182688213	0.001953124698047829	-0.5759886804836676	0.8171995806925745	-0.7560474417430844	0.6425823417026877	-0.076782730420021	0.09790103306336541	-0.018432674112582335	-0.10522493433805281	0.8552882858927692	-0.5070206087855016
11:15:03.133240	-0.667839238434904	0.6729050999584003	0.19793480627347776	-0.24902066284174815	0.011535508930368399	0.0008544821429902516	-0.5745171722833742	0.818410789668306	-0.7614175595137134	0.6359896569244804	-0.07782023153346569	0.09851125780001069	-0.019774901443686883	-0.1065647466687571	0.8575837660038408	-0.5027951792996683
11:15:03.143338	-0.6679591699527097	0.6725977752996035	0.19872761854587195	-0.2488977974293814	0.0061643398035214	0.00036619840416958813	0.5721850065149815	-0.8201013261377926	-0.7643395231092742	0.6324431955967659	-0.07800254815408868	0.09857129520254554	-0.020386331605191738	-0.10687564862482256	0.8587284411779718	-0.5007468996676437
11:15:03.154058	-0.6680755929129893	0.6723479564708104	0.19903110802934937	-0.2490177616558557	0.014343164204859387	0.0012817295672427538	0.5710410395772955	-0.8207952009657405	-0.7672792661717478	0.6288503921221477	-0.07818667886134827	0.09857258888452572	-0.023010005408356026	-0.10552864549349489	0.8599760642008923	-0.49877391033709667
11:15:03.164160	-0.66825104831899	0.6720350984601697	0.1992729630798705	-0.24919801171672626	0.021911926304038785	0.0025635122695532838	0.5698931919242621	-0.8214225743725737	-0.7703226767384425	0.6250593877250923	-0.07842996906813236	0.09875462253092465	-0.025940501030765024	-0.10394511354210079	0.8613467071674259	-0.4965927444383629
11:15:03.174772	-0.6685149210231046	0.6716276993461374	0.199522987019495	-0.249388475057099	0.028624504860634517	0.0043943802771123355	0.5685839814108127	-0.8221153101764327	-0.7734716261704733	0.6210721429740973	-0.0787326124642871	0.09905661242599843	-0.018615946657469375	-0.10711798814379919	0.864329247922701	-0.49103374052242993
11:15:03.184846	-0.6688184360186475	0.6711987900070329	0.19964456143611936	-0.24963199519221282	0.034302344164443936	0.0070191629517990265	0.5672094027049422	-0.8228290065495885	-0.7766528369333384	0.6170499160232653	-0.0787333720741852	0.09930170260829405	-0.02038611321621558	-0.10424994423142579	0.866226702887819	-0.4882291006482289
11:15:03.194996	-0.6692520676988556	0.6706558796055655	0.19970750255455136	-0.24987851939435612	0.03924578588236531	0.010070847077123291	0.5656153931133426	-0.8236732200350231	-0.7799764048132489	0.6126162591056091	-0.07910238834321705	0.10040388026588892	-0.029845501967444572	-0.09472437434248257	0.8686322781199819	-0.48540138475886846
11:15:03.205068	-0.6697181582770273	0.670145391222251	0.19963985197522613	-0.2500533395116177	0.043578466564677364	0.01324443591671567	0.5636514547966323	-0.8247560485833125	-0.7832078618623648	0.6082190105563019	-0.07946825406365329	0.10168518530725527	-0.03936668940992711	-0.08624051493988683	0.8707667562967908	-0.4824708213728276
11:15:03.215159	-0.6702722703871379	0.6695398657937445	0.19958025169968502	-0.25023823607605766	0.047119103675456964	0.01647947926473236	0.5620112780357613	-0.8256219111630911	-0.786431850611054	0.6035719496075058	-0.08068784683801423	0.10351481712350388	-0.043822773573551445	-0.08172520029942254	0.8730375392703063	-0.4787546461155119
11:15:03.225228	-0.6708464153999465	0.6689543001349662	0.1995266064909858	-0.25030853876400516	0.04998680203359419	0.019836032553013565	0.5607798987602727	-0.8262165312927527	-0.7898562836425961	0.59844995449468	-0.08251956537244338	0.10571293433807097	-0.04718047352125619	-0.08026173697341771	0.8755548417366366	-0.474063050245274
11:15:03.235330	-0.671457828270982	0.6683449885980596	0.19958795549914657	-0.2502478952741593	0.05212412314773663	0.023437544834579466	0.5600596651096386	-0.8264786317839597	-0.7933935562321036	0.5932598943438762	-0.08392308176160801	0.10736050968630435	-0.04882891000380731	-0.08068977378129158	0.878310018693484	-0.46869649989904544
11:15:03.245798	-0.6720611023118089	0.6678496577509593	0.1995248154988015	-0.25000111480057846	0.0535886621644692	0.027343645386881776	0.559751276435475	-0.8264738888030494	-0.7971082695071579	0.5878826073424919	-0.08514288177354404	0.10845799348500915	-0.04882891000380731	-0.08068977378129158	0.878310018693484	-0.46869649989904544
11:15:03.255866	-0.6726733861617684	0.66742432426086	0.19934228102752344	-0.24963561831064632	0.054444103932649576	0.03143353534228086	0.5598831450383347	-0.8261831735788617	-0.8011737199198566	0.5820503270726614	-0.08618446537611135	0.10913443632612402	-0.04882891000380731	-0.08068977378129158	0.878310018693484	-0.46869649989904544
11:15:03.265957	-0.6732235994383261	0.6671200309937356	0.19903736697809443	-0.24920869959262787	0.05481123824571062	0.035706652977439544	0.5603808221980726	-0.8256476834629483	-0.8054970830107295	0.5760003010057024	-0.08661062065562061	0.10907200783058071	-0.04730231631542386	-0.08734143825467296	0.8876355950647861	-0.449707698854249
11:15:03.276053	-0.6737117544035104	0.6669367947424495	0.19861007871254055	-0.24872036593534197	0.0549301926757373	0.03991594001103577	0.5611424349563653	-0.8249294268947392	-0.8100144841473914	0.5697140528243352	-0.08667173291306576	0.1085838118678479	-0.04534851165988835	-0.0907580576557927	0.8912233745056389	-0.44207169576389144
11:15:03.286659	-0.6742075961605011	0.6667611606425233	0.1981240138635693	-0.2482348627181566	0.05499180277545979	0.04370047812123109	0.5621858994059491	-0.8240225630094147	-0.814766401880747	0.5629938790132603	-0.08673181939265424	0.10803330072132161	-0.043517406765423344	-0.09411478433700252	0.8950669988989247	-0.4337092461081323
11:15:03.297099	-0.6746381016468053	0.6666423003878048	0.19751460209255964	-0.24786983902901258	0.055177397219316304	0.046937409802714866	0.5633709915202317	-0.823022150558917	-0.8197543367166115	0.5557801347733947	-0.08679105552907614	0.10760381919673785	-0.04205292727606032	-0.09716728624599133	0.899102571413127	-0.42474066896096335
11:15:03.307190	-0.6751437182303607	0.6664160422488979	0.19695252022503834	-0.2475486278378542	0.055419101749536626	0.04955981345883671	0.5646889090162036	-0.8219482855297463	-0.8248948184058895	0.5480988138575573	-0.08715869779382983	0.1074224846758687	-0.04058714725864997	-0.10003358549913881	0.9033539346996665	-0.4150875015128999
11:15:03.317315	-0.6756775622828392	0.6662168556745428	0.1962333661011136	-0.2471991081522582	0.05572598627577028	0.051453457207529404	0.5660490654123698	-0.8208749062681648	-0.8302402779765699	0.5397812995974994	-0.08801047422202557	0.10766329856286623	-0.03906183273902471	-0.10259834505359458	0.9078824406140508	-0.40459513941717934
11:15:03.327432	-0.6762759076893023	0.6660219047568291	0.19537537730265855	-0.24676746342850625	0.05572575428187569	0.05267396050959334	0.567267426391843	-0.8199559507368215	-0.8356879767035751	0.5310024391850061	-0.08917178892520619	0.10821463502011676	-0.0404658021628421	-0.10320915755258823	0.9126472695942353	-0.39342769342636535
11:15:03.337610	-0.6769983643065431	0.6658289899224739	0.19445697698166667	-0.2460314106130252	0.0552964168245093	0.05309920820896588	0.5682835949812429	-0.8192536457344242	-0.8413159135798511	0.5214278765026602	-0.09130938818307148	0.1093759516203637	-0.044372013359565865	-0.10375849066198346	0.9174691950770207	-0.3814650391984686
11:15:03.348088	-0.6775004536659495	0.6659646351305563	0.1935453998715969	-0.24499881270406496	0.05371225483330369	0.05322396160754638	0.5695940478458977	-0.818440483022465	-0.8531142140569338	0.5000151421302427	-0.09802542947524044	0.11212497755044626	-0.03454667371324303	-0.11340586529894972	0.9229943460983411	-0.3660970829187839
11:15:03.358193	-0.6775592129355004	0.6667558636255658	0.19238506793736573	-0.2435941643838917	0.05108714869583892	0.05297926531420333	0.5719685429255753	-0.816967126993792	-0.8595715177930566	0.48841094123269463	-0.09954989317052299	0.11261162041668603	-0.01562549825230509	-0.12598057965920978	0.9288015894739319	-0.3481556329341728
11:15:03.368358	-0.6771071158635147	0.6682572391914208	0.19085216795612137	-0.24193731812538058	0.047789479561527695	0.05206184682756465	0.5752437354628334	-0.8149235390875067	-0.8662060262194484	0.475949449863251	-0.10107364567498636	0.11376888619454988	-0.0032349194153598482	-0.13287584089129037	0.9345254937466912	-0.33014488901285693
11:15:03.378508	-0.6762584906867034	0.6699109380665395	0.18975520284701813	-0.24059665796813945	0.044007766184709675	0.05041666417277419	0.5796695637395115	-0.8120989307733179	-0.87275859953137	0.4621061163054761	-0.105165610671554	0.11700666027705689	0.0008544900069947988	-0.1334835460926875	0.9410986727037717	-0.31066815254310903
11:15:03.388639	-0.6752230240994217	0.6710726882376518	0.18987786567597406	-0.2401701708244802	0.03961259424699208	0.04785250214120461	0.5849724241343175	-0.8086706643734947	-0.8790854469457697	0.44634811313715295	-0.11358592076415173	0.12280218838123229	-0.002807540556159169	-0.1304285688806988	0.9477280381747734	-0.29119078246598684
11:15:03.399181	-0.6741374608581867	0.6712077552790837	0.1920788220299424	-0.24109035494702016	0.03491123782567687	0.04388318181234558	0.5909886641014496	-0.8047284453348769	-0.884909067059901	0.4295758045225261	-0.12506405562186074	0.12945869300828045	-0.014099214113468544	-0.12597739363722543	0.9531312882940467	-0.27472105075637193
11:15:03.409281	-0.6730858878214023	0.6706445171727936	0.1958589602846282	-0.24255017393926848	0.029480237948595372	0.0387576627274494	0.5980276841000776	-0.7999947801081564	-0.8903087814722038	0.4123484011535072	-0.13775463904728621	0.1354353318767958	-0.029479796519483948	-0.11975022934001554	0.9587342520249562	-0.2561629523649568
11:15:03.419348	-0.6722499273011115	0.6698695253431722	0.19989272851926096	-0.2437165389243997	0.02392575246090667	0.03186031322600327	0.6051628460456369	-0.7951040237454877	-0.8954692297846455	0.3953346194066627	-0.14941780890960482	0.13971297573287803	-0.03582691180742226	-0.11309585618254418	0.9656176690037946	-0.2313185617549069
11:15:03.429424	-0.6716803269408153	0.6693610309459265	0.20312150186815386	-0.2440143523043507	0.018921108312578698	0.022827401641627207	0.6109076551632264	-0.7911464707988551	-0.9005159946497648	0.38067766426939026	-0.15625057247549126	0.14050344446819565	-0.034973694607987466	-0.10809496186866632	0.9722442956555538	-0.20453202553467015
11:15:03.439602	-0.6719172084537081	0.6693538037162154	0.20598788069136748	-0.24096004532430187	0.012939110678824113	0.012878077137886263	0.6148518914078968	-0.788431281835141	-0.9049597746672121	0.3709071660249982	-0.1567368113135092	0.1375109174023895	-0.037415091727006085	-0.10937658136181877	0.977186979689017	-0.1781641969839001
11:15:03.449743	-0.6726636771060331	0.6697950451466843	0.20587011912518371	-0.23773024429071762	0.004577632770979667	0.003723141320396796	0.6177973187714159	-0.7863152398470807	-0.9089544229918867	0.36322775793880724	-0.15497147998767125	0.13360873166325812	-0.03332543820685693	-0.12127773940847021	0.9804148606533754	-0.15155139755975416
11:15:03.460409	-0.6735144110209753	0.6704016575128584	0.2053806971532018	-0.23400582255137467	0.006836092095696586	0.0034790825844170127	-0.6194598096359345	0.7849908968103018	-0.9125258415849774	0.3565631707938892	-0.15240298484634396	0.1301254159761335	-0.010680919517877042	-0.14422293040424827	0.9820952912123398	-0.12072490746491879
11:15:03.470479	-0.6743192724880767	0.6710843954567707	0.20471278420754968	-0.23028662337957215	0.01965364810122665	0.008789209088747321	-0.6200664939762781	0.7842538026480163	-0.9163189096743162	0.3506462489894722	-0.14691131789689463	0.1257931974181553	0.04168803873060637	-0.1715740510567123	0.9806149783981287	-0.08496303061933246
11:15:03.480590	-0.6743192724880767	0.6710843954567707	0.20471278420754968	-0.23028662337957215	0.03271421667416169	0.012267831252810633	-0.6198001312054328	0.7839815544395651	-0.9163189096743162	0.3506462489894722	-0.14691131789689463	0.1257931974181553	0.10552854878700615	-0.18713159663444817	0.9744148533166879	-0.06603926534849083
11:15:03.490666	-0.6752595937584898	0.6725128992164007	0.20362162205354079	-0.2242523499474547	0.04553180989481793	0.014526234255987489	-0.6193180630063237	0.7836842346507537	-0.9237736989324361	0.3401513593756503	-0.13122652479053437	0.11712730282466766	0.1229289161945375	-0.1893373873065816	0.9709797412227917	-0.07898213384097891
11:15:03.500785	-0.675415410190077	0.6732181433577218	0.2031251116132818	-0.22210705563723931	0.057250525168110314	0.017516951730541217	-0.6195019514459699	0.7827086724475978	-0.9262473497174996	0.3365397921944051	-0.12511907399320465	0.11468231221133247	0.09393418414065662	-0.18048302956720053	0.9741322799771798	-0.09832876585483938
11:15:03.510851	-0.6754672030210993	0.6737582410906221	0.2026950918255237	-0.2207002264501938	0.06744324931731156	0.022399703619414794	-0.6207830667931004	0.7807547920968775	-0.9272382872190037	0.3360567410102576	-0.12060445336655813	0.1129140884251683	0.04876726461273663	-0.16302548658400443	0.9779698133790726	-0.12091107784459483
11:15:03.521337	-0.6754672030210993	0.6737582410906221	0.2026950918255237	-0.2207002264501938	0.07641605804113973	0.029235856071650104	-0.6224368689325422	0.7783817797113858	-0.9272382872190037	0.3360567410102576	-0.12060445336655813	0.1129140884251683	0.014221460701410343	-0.14538849523931088	0.9789614085404313	-0.14245875226219631
11:15:03.531473	-0.6755227288844213	0.6740579163172704	0.2025103374086113	-0.21978291892959895	0.0844090792889921	0.03741342415339997	-0.6251032466217332	0.7750621098271226	-0.9269296540835487	0.33855789762306215	-0.11712504156096201	0.11163194424960891	0.008300814059306392	-0.13287406034639718	0.9780922448557715	-0.16003481223162763
11:15:03.541548	-0.6755416027588517	0.6741377848275675	0.2026380666027636	-0.21936181065371457	0.09106475895277429	0.04693619278464037	-0.6285421499300734	0.7709986830371613	-0.9233845000851765	0.35106799157181146	-0.11004443477120585	0.10955616218209345	0.012390013227927715	-0.13220083079650952	0.9758813867060898	-0.17327708154722551
11:15:03.551917	-0.6756028409275522	0.6740159158336759	0.2034315899188302	-0.2188125562133232	0.09759342721668339	0.05694475771930307	-0.6318243643196413	0.7668316570046342	-0.9203033270028143	0.3604796026846147	-0.1061418945256595	0.10876644970944521	0.017089497584097144	-0.1417817960280631	0.9723313786151843	-0.18487174350796517
11:15:03.561989	-0.6757386884694941	0.6739075837224898	0.2039240319913811	-0.21826768584291492	0.10522448766162797	0.06579582233134278	-0.6345207504235988	0.7628775355468028	-0.9162921581720271	0.3717782797379308	-0.1022985383091072	0.10828019508374474	0.026916895024895034	-0.15301736015286133	0.967421283774572	-0.19989304128465132
11:15:03.572067	-0.6759584177175597	0.6737611713936019	0.20440494274818125	-0.2175884206919278	0.11400931053155303	0.07305628731598982	-0.6362671639675804	0.7594924305431723	-0.9114294558335038	0.38488409217746433	-0.09802154329797141	0.10748190395250788	0.031005015870366668	-0.15887018958772528	0.9624982288891385	-0.21770647954645259
11:15:03.582195	-0.6762460399985428	0.6736216194462019	0.20482686915479328	-0.21672831119447883	0.12298242670906621	0.07916040071546346	-0.6371283138540657	0.7567539001318669	-0.9057482677003067	0.3993470967360584	-0.09387067626166251	0.10644373172973955	0.01959184308925716	-0.15581923802764336	0.9587186020126213	-0.23705519800210217
11:15:03.592262	-0.6765890109659175	0.673415115740818	0.20532660648528162	-0.2158248753067645	0.13104146435204697	0.08496027870426147	-0.637507263696847	0.7544497162811609	-0.8990460664366273	0.41509927344436537	-0.0908811672046258	0.10559061065413206	0.003051830256332465	-0.14575541304243853	0.9547345773910484	-0.2592834985780062
11:15:03.602346	-0.6769445632621678	0.6732213986819683	0.20568958418478994	-0.21496697789282795	0.1374540051104445	0.09137151227812408	-0.6377694935164453	0.7523348432465982	-0.8912368555763224	0.43188549445679064	-0.08978286635753803	0.10540789272567516	-0.014098864629381027	-0.13329835649596608	0.9498118240797729	-0.28264866709378156
11:15:03.612410	-0.6773095196183861	0.6729760082285596	0.2060554148176689	-0.21423415462382045	0.14178090001828733	0.09881329191976204	-0.6379835333151777	0.7504073033684214	-0.8823297802608209	0.44958779478425615	-0.09021052955350672	0.10595769912373998	-0.025452079817034255	-0.12396444630310928	0.9433138934586677	-0.30682878954491893
11:15:03.622485	-0.6776732931399514	0.6727294458244208	0.20629881390732555	-0.21362303215255604	0.14410377333864147	0.10711652783113756	-0.6386098180610783	0.7482898183531319	-0.8724007423523376	0.46809216351361344	-0.09149434777766417	0.1069366893305321	-0.028320272409558672	-0.11987287718183885	0.9356676207727035	-0.33068800843747603
11:15:03.632554	-0.6779144739531293	0.67260443890911	0.20641998297555444	-0.21313382038753284	0.14489797940387655	0.11615031794674688	-0.6393455493915783	0.7461574550178562	-0.8614824903095034	0.48716636469362073	-0.09356377312394394	0.10845585443003809	-0.0286867165990726	-0.11816485816128629	0.9273744085240619	-0.3538231832443061
11:15:03.642624	-0.6781551752064144	0.6724789596277809	0.20647997099480694	-0.21270549775846948	0.14489453512095657	0.1253636795022935	-0.6406120642921482	0.7435762937567876	-0.849592909349948	0.5067040469413268	-0.09618954203559756	0.11041045783146954	-0.03161573223333499	-0.11401194558276016	0.9183210563373712	-0.37774086253303135
11:15:03.652730	-0.6784127964519321	0.6723702533256396	0.20642303892041694	-0.21228247467924605	0.14501758615554378	0.1339093367109693	-0.6419591629562329	0.7408958242180749	-0.8366710236795306	0.5266120216156253	-0.09948743570160745	0.11297622299611988	-0.03973295259581416	-0.1055883379274324	0.9087310771107173	-0.4018460213376965
11:15:03.662798	-0.6786321009499378	0.672345644758028	0.20635445033831637	-0.21172540320130714	0.1459933301132719	0.14080544003817652	-0.6433594033127086	0.7382062406856286	-0.8226317731143881	0.5468749582360081	-0.1035766522462618	0.11608885832197403	-0.051329653253485444	-0.09441970699541258	0.8984825511825912	-0.42565160736005647
11:15:03.672965	-0.6795672334443644	0.6716936773895483	0.20513970465300063	-0.21197566029749218	0.14849442200741397	0.14556481565461668	-0.6443913306840431	0.735880495743276	-0.8074923226271955	0.5674418838597911	-0.10809288763210607	0.1195064223510241	-0.06244026723020632	-0.08307058035220997	0.886981391387447	-0.44996055720535777
11:15:03.683051	-0.6799296320103042	0.6716899102579352	0.2048333792662999	-0.21111998178847777	0.15301849485130853	0.14770831972084827	-0.6440571031795004	0.734818372363344	-0.7914989172967247	0.5880089889911047	-0.11267018825800075	0.12280196033320559	-0.07055843946649043	-0.0735492383712119	0.8745340144254972	-0.47413318146686645
11:15:03.693121	-0.6801785000897543	0.6718166502591463	0.20446859074844553	-0.2102669537696701	0.15887559156679326	0.14758401091375573	-0.6423993858011906	0.7350513827271961	-0.7745835107883918	0.6086318469452244	-0.1171243997480832	0.1259743413653172	-0.07403454781994638	-0.0659169922881633	0.8616815714113794	-0.497673291775633
11:15:03.703204	-0.6804244692831373	0.6720015614287174	0.20398085543095126	-0.209351985077248	0.16528311753888655	0.14587394790174996	-0.6401974224022826	0.7359004978457737	-0.7569022088209674	0.6291547430470552	-0.1212166588757714	0.1287240350297089	-0.07391196925866901	-0.059813154313373765	0.8485533514477913	-0.5204965101882157
11:15:03.713316	-0.6805480590416652	0.6723082394927302	0.20343198930814976	-0.2084979524382357	0.17163398056810447	0.1431910805166334	-0.637706909308519	0.7371349869562581	-0.7385409671581511	0.6494887959942054	-0.12475849065051742	0.13098420789432993	-0.07373348890361983	-0.05468974011394319	0.8353003275215541	-0.5420754262856355
11:15:03.723956	-0.6805406320479355	0.6727281476620937	0.2028194188605641	-0.20776325663597958	0.1813347199915475	0.13708440966038898	-0.6331151297449755	0.7399262236477718	-0.7197072399390849	0.669293554373474	-0.1279872864783125	0.13299203492429326	-0.07476904323975567	-0.05011051795905258	0.8215439363323358	-0.562995636606944
11:15:03.734052	-0.6803778065396525	0.6732975315276672	0.20209302210933788	-0.20715908095412044	0.1840796592554486	0.13415354477568833	-0.6306681429332064	0.7418727646717433	-0.7005045814240203	0.6885416208978281	-0.1309211751463382	0.13440019938099615	-0.07684504362761926	-0.044861880116203456	0.8065982935178622	-0.5843641363707918
11:15:03.744141	-0.6800666062975118	0.6739629749360192	0.2012977623020278	-0.20679103052737122	0.18494017528398893	0.13153335898910762	-0.628491414158163	0.7439722100780664	-0.6814522037083324	0.7068426306445317	-0.13323870673491173	0.13506974713896458	-0.07788052485863747	-0.03802473901797112	0.7909511925102531	-0.6057102889475849
11:15:03.754291	-0.6796069125507566	0.6747242405252459	0.2004336866472101	-0.20665909347973613	0.1840814054980985	0.12945512634664022	-0.6269509937919323	0.7458470740009163	-0.6627798802693937	0.7241201307225422	-0.13470441069661587	0.13500958607200467	-0.07867294861577645	-0.03039497937211534	0.7756212808450638	-0.6255384409333536
11:15:03.764856	-0.678952089771149	0.6755951709526112	0.19952304759635794	-0.20684723410953107	0.18218921010017433	0.12811227872705727	-0.6260350847562774	0.7473114534226246	-0.6446329839962821	0.7402110234715877	-0.1356768721287384	0.13463930720467698	-0.08319353574982072	-0.018555271363129493	0.7499625632854345	-0.655965464932739
11:15:03.774924	-0.6781590366535911	0.6765110937150935	0.1986076415507862	-0.20733563563245874	0.17962480835928474	0.12737919641380469	-0.625909755258058	0.7481620458267455	-0.6271556714297359	0.7550282876482562	-0.13629572888589783	0.13428150629152497	-0.08642908701452183	-0.013184098019164347	0.7387367515090096	-0.6682994870918075
11:15:03.785001	-0.6772443970803673	0.6774885370937345	0.19769237582401855	-0.208007291388779	0.1765171317532319	0.12732183154814722	-0.6260498687389002	0.7487939738411649	-0.6109734617291089	0.7680198870067311	-0.13708755195240546	0.13440195431843135	-0.08886757732108908	-0.007934605117954381	0.7291902103400076	-0.6784697730090838
11:15:03.795124	-0.6764494136842378	0.6783414945129135	0.19671537131681843	-0.2087392398087245	0.17400746495117592	0.12731658080959415	-0.6258409490036331	0.7495565335199549	-0.59654813353373	0.7789793153561486	-0.13824243119029042	0.1349465851486676	-0.08886757732108908	-0.007934605117954381	0.7291902103400076	-0.6784697730090838
11:15:03.805427	-0.6756837346203628	0.6791018275868254	0.19586893445318376	-0.20954130631903395	0.17400746495117592	0.12731658080959415	-0.6258409490036331	0.7495565335199549	-0.59654813353373	0.7789793153561486	-0.13824243119029042	0.1349465851486676	-0.08886757732108908	-0.007934605117954381	0.7291902103400076	-0.6784697730090838
11:15:03.815539	-0.6749847504134951	0.6797454711416127	0.19500644520943275	-0.21050930501637982	0.17285584796193332	0.12640694248911155	-0.6215974419648054	0.7534976847069444	-0.5756193013368367	0.7941239242597372	-0.14001385614109885	0.13574141938003656	-0.07739309391642508	-0.008422907697528913	0.714177122962216	-0.6956223118024422
11:15:03.825861	-0.6743073932872788	0.6802887586513405	0.19433333999155464	-0.21154502399834435	0.17333870531941223	0.12634194366590962	-0.6188313849413805	0.7556713065350855	-0.5702956687630564	0.7980721494804928	-0.1397663828625213	0.13531094795030993	-0.07549966546495353	-0.008788966715402835	0.7135542352067678	-0.6964645777045956
11:15:03.835932	-0.6735291893588513	0.680853475967194	0.1938494522341379	-0.21264845452888426	0.17285226985293234	0.1282353880512044	-0.6173731319076309	0.7566559284487296	-0.568365789480044	0.799874749907214	-0.13842929666459836	0.13415678750828358	-0.07537866522008023	-0.008361843834130358	0.7157005897738145	-0.6942771796586338
11:15:03.846007	-0.6727948558347437	0.6813398326846815	0.1934826901021625	-0.2137464923463007	0.17090090073775546	0.1326313061796938	-0.6175015759870971	0.7562364857645679	-0.5698289928986638	0.7995062101520563	-0.13617057445982422	0.13244739873501504	-0.0744036141653039	-0.011474880609579272	0.7198656484541379	-0.6900187515494344
11:15:03.856090	-0.6720791493121091	0.6817840430311742	0.1931823183700686	-0.21485047730257237	0.1679089136368846	0.13879493624510197	-0.6188398674534252	0.754705095281744	-0.5743317251472474	0.7971065175794954	-0.1332376361313965	0.1304300634048531	-0.07739292799133957	-0.01635749582151341	0.7217439854081943	-0.6876251788252614
11:15:03.866161	-0.6713932154786396	0.6822575784200212	0.19281192433609295	-0.21582240090295177	0.1651572438081836	0.14513818395264622	-0.6205298218025879	0.7527288573120209	-0.5813520202333495	0.7928970178321726	-0.12988106026840607	0.12835520194758362	-0.08068566561042888	-0.028929656202226393	0.7286123116923601	-0.6795417556025077
11:15:03.876240	-0.6707853906688754	0.6826874062448928	0.19244643646760365	-0.21667771946082873	0.1644319428185228	0.1491728538413028	-0.6209838850169455	0.7517237593737665	-0.5899714764165602	0.787238992636126	-0.12664916341447988	0.12707641360431185	-0.06780950853747886	-0.06048534919949735	0.7341249043103473	-0.6729071391770517
11:15:03.886750	-0.6703297757735852	0.6830857552998238	0.1920110602370663	-0.2172178523152317	0.1663228928773843	0.1486224749197911	-0.6175004430240355	0.7542819486894368	-0.6028372731469515	0.7766633897737124	-0.12475441797229611	0.13348234447427182	-0.0685413758918534	-0.07610961330110524	0.7440675988402358	-0.6602066456119129
11:15:03.896853	-0.6703370322573468	0.6830931498701834	0.19140279824811432	-0.21770847619611727	0.16791059036401415	0.1449609785948868	-0.6152449112574564	0.7564826815600114	-0.6028372731469515	0.7766633897737124	-0.12475441797229611	0.13348234447427182	-0.07617332308054899	-0.09039478484158098	0.7597190323586485	-0.6394164523973006
11:15:03.906996	-0.6705360284400304	0.6824989868939031	0.19079698023880712	-0.21948366632717542	0.17223866429103618	0.13903603021083644	-0.6149201072757582	0.7568857816701416	-0.6104765165077567	0.7736852952661791	-0.11669977000228261	0.12292538534759267	-0.05645773006339805	-0.10754434634779174	0.7728910657219562	-0.6228050568290959
11:15:03.917095	-0.670635243777061	0.6814991929390848	0.19042427744670826	-0.22258889097696957	0.17901510895789477	0.13323899858679997	-0.6119960782546235	0.7587237706974395	-0.6212956194566485	0.7691882696131923	-0.1046174174033496	0.10675371239116595	-0.030394623338633308	-0.12310432785948469	0.7892226393410989	-0.6008736280498893
11:15:03.927708	-0.6709531402149828	0.6804135001470598	0.1898785790238162	-0.22540070470426013	0.17944176474054233	0.13384890818911882	-0.6074775117219788	0.7621392232364463	-0.6433115713891229	0.7570812838245428	-0.08227552165394095	0.07879651220714969	-0.001953097188246074	-0.14239299188056534	0.8049201787059133	-0.5760416019583265
11:15:03.937851	-0.6718132803557867	0.679747842584028	0.18841533537369978	-0.22607398841081439	0.17542059579845856	0.136906192197614	-0.60731904251728	0.7626584358043632	-0.6517383890352688	0.7504940280555971	-0.0792852750849236	0.07556210204398416	0.02569516040950595	-0.16570631950548376	0.8127849196517595	-0.5579084591527171
11:15:03.947962	-0.6730962372182139	0.6798711449377661	0.1858521982525808	-0.22399920117798738	0.1683342244173808	0.14221129183919407	-0.611264415351729	0.7601285101138725	-0.6594811842951221	0.7439533693080281	-0.07769732046346048	0.07470661449118274	0.03820772734265627	-0.17980825040170187	0.8167054306263315	-0.5469930550237787
11:15:03.958044	-0.6755908383816518	0.6805956670696359	0.1801738327674258	-0.2188697033550098	0.162784789614191	0.1448400096567211	-0.6150664885422582	0.7577702148707091	-0.667672599354389	0.7368874021396415	-0.07586772474609248	0.07385353736345285	0.045349892487265925	-0.18353583675532792	0.8178239696324039	-0.5435273117080794
11:15:03.968711	-0.6761999780095228	0.680350316352753	0.179257995795105	-0.21850310689359073	0.1591188414355389	0.1435548580960443	-0.6162727050152038	0.7578134005614311	-0.6755435040748431	0.7302925574860406	-0.07244941627546428	0.07116766586115532	0.05413849368010615	-0.18078716829816732	0.8131150088008727	-0.550662333688746
11:15:03.978861	-0.6763868354961581	0.6794996065311972	0.18035761585374002	-0.21966397951188169	0.15869145354374564	0.13696293144314045	-0.6154786990519735	0.7597658514279022	-0.6828606489162796	0.724425548979918	-0.06671135942666193	0.06677239452220324	0.0524897705570397	-0.17028658122574505	0.80931902044924	-0.5596874372186674
11:15:03.989028	-0.6761303586249298	0.6783275686728173	0.18310083732395643	-0.22179614761175256	0.16205015452761948	0.12469622060260888	-0.6127387952176165	0.7633752477125939	-0.6894920734786254	0.7189100764366406	-0.061155267560023256	0.06347452920401615	0.040039287654588564	-0.15710537564468133	0.8110397170033122	-0.5620759146510763
11:15:03.999713	-0.6757640701037829	0.6769237085911358	0.1866407628592276	-0.22423746329130223	0.16717836489849194	0.10943804609820958	-0.6082265082926149	0.7682025924105219	-0.6950518115488825	0.7137281247148429	-0.058409253920994074	0.0639022872051001	0.026672758801667393	-0.14758519629847083	0.8167235366707354	-0.557198203891125
11:15:04.009798	-0.6754040514472819	0.6755261197739487	0.1902434871101733	-0.22649778013020633	0.17266886259557948	0.09277365540660333	-0.6027235836448736	0.7735003519525553	-0.6998257567200804	0.7085537423481085	-0.05963106264743751	0.06811490881733906	0.01251226820942824	-0.14361642486236414	0.8231241418163379	-0.5492580566665597
11:15:04.019872	-0.6751148756926587	0.674199341551497	0.1936049530510002	-0.22845628602455667	0.17724327931746883	0.07635376805308317	-0.5976467600126222	0.7781858854331019	-0.7043424350899915	0.7031827725018883	-0.06317109361509023	0.07379116152719235	-0.0020141589707247027	-0.14288321668080392	0.8281855476898028	-0.5419308333655951
11:15:04.029943	-0.6747208612856176	0.6731340008248825	0.19664863094185978	-0.23015579990122695	0.1785288901638463	0.06372108079694207	-0.5949742295101449	0.7810715239065782	-0.7086055672328507	0.6982297751200527	-0.06591679695189309	0.07751327048972613	-0.008605692967752194	-0.1435502826961217	0.8324329531005118	-0.5351398293705761
11:15:04.040010	-0.6741828960290654	0.672290838290798	0.1992764037239633	-0.2319296582392222	0.17547182075195333	0.05694442043880781	-0.5950783486370591	0.7822076016546206	-0.7128381898269183	0.6938560272242835	-0.06610187169985038	0.0778207630815413	-0.005554120387701299	-0.14434609579025903	0.8379397670631993	-0.5262986824521791
11:15:04.050084	-0.6735293135612289	0.6716982415714838	0.2015399903379409	-0.23358375015847965	0.16827161424861967	0.055724332175912134	-0.5970987313000531	0.7823378859045365	-0.7173512488306464	0.6895800569461961	-0.06427047264687064	0.0758672340931246	0.0027465581249254555	-0.14330929949611043	0.8416674787271563	-0.5206253512358697
11:15:04.060165	-0.6728651209328632	0.6713392112790786	0.20331220227026192	-0.2349900866828305	0.15826526563022078	0.058044839033682974	-0.6002239190927848	0.7818658128511871	-0.7220244170642358	0.6852823461367067	-0.06152160713446743	0.07269070842971301	0.011841265544817042	-0.1420951865378045	0.8403025915231763	-0.5230299198635939
11:15:04.070283	-0.6721835037100607	0.6712679718335829	0.20452982120515878	-0.23608515321442977	0.14678983212799207	0.06158459069319917	-0.6035778170119391	0.781251497396382	-0.7266084366301069	0.6811992239587251	-0.0576770241592147	0.06841898844706844	0.019652897550030444	-0.14123231344959766	0.8372622627059554	-0.5278817109012836
11:15:04.080362	-0.6716361562138402	0.6713309780258114	0.2052018136305826	-0.23687930954797473	0.13544074573761158	0.06360038623640887	-0.6059127007378415	0.7813325760194529	-0.731064821403651	0.677171831146561	-0.05340471854468147	0.06426876414577096	0.025878722163870126	-0.1427602149558779	0.835748449504419	-0.5295982835280686
11:15:04.090433	-0.6711386715951473	0.671443845600056	0.20568727930844366	-0.23754744542090883	0.12566754515426667	0.06255912276985107	-0.6066098743507802	0.7825078175924493	-0.7351034921754459	0.6732752094144258	-0.05023166506645566	0.06164517827110598	0.03009051116101429	-0.15008634268749318	0.8362476539899731	-0.5265534275579519
11:15:04.100885	-0.6707029467679168	0.6714963891473856	0.2062339846327046	-0.2381547818990273	0.11810568528053599	0.05828988601700872	-0.6062148145768906	0.7843194087105362	-0.7351034921754459	0.6732752094144258	-0.05023166506645566	0.06164517827110598	0.03009051116101429	-0.15008634268749318	0.8362476539899731	-0.5265534275579519
11:15:04.111301	-0.6702779707477565	0.6714376212161782	0.2070281257308678	-0.23882696225969507	0.11248916035280053	0.05163636986352103	-0.6050488586963166	0.7865085839968462	-0.7410908038760655	0.6663225420783238	-0.05188001839026978	0.06408708154092149	0.026611426417820237	-0.1597906292703059	0.8436310457502553	-0.511903746252886
11:15:04.121397	-0.6698717426265063	0.6712755740689126	0.20801119807481852	-0.23956688745412638	0.10821545801069704	0.04327397615881794	-0.6033942571312753	0.7888803129093397	-0.7433861526680978	0.6631883361979927	-0.05523517801023223	0.0671366804544259	0.016174613225742516	-0.15375038005903924	0.8470004065419958	-0.5086152906041976
11:15:04.131475	-0.6694912694302301	0.6710171406797292	0.20922746573131815	-0.24029420437112006	0.10412208207616896	0.03515493509722938	-0.6017230991728897	0.7911081054345265	-0.7455642995227084	0.660234877440617	-0.05822909060537567	0.06952089538734055	0.003051719273392061	-0.14001288026322778	0.8493545081704785	-0.5089047060308601
11:15:04.141547	-0.6691195254473198	0.670706418420195	0.21056849063151084	-0.24102462884169168	0.09948560488660343	0.02880810153771584	-0.600331539671553	0.7930162357617414	-0.7477932503596812	0.6574623647465301	-0.059752660145456084	0.0705557457897316	-0.009948954293172142	-0.12475866610579055	0.8504219642132973	-0.5109978241867311
11:15:04.151620	-0.6687036804328459	0.67041267121891	0.21197589285718088	-0.2417611608428717	0.09380822499266832	0.024596431146418563	-0.5993472800442439	0.7945928960179237	-0.7501382267879807	0.6547992593150087	-0.059815741436307655	0.07037505089394155	-0.018066461808559132	-0.11737096641168651	0.8515651187601926	-0.5106216874675867
11:15:04.161702	-0.668400620014387	0.670048580633544	0.21338038239158952	-0.2423722821730555	0.08734251477173688	0.02191192369186131	-0.5985190075832647	0.7960315008057249	-0.7524994110680168	0.652219053181347	-0.0592038631467253	0.06964083283547791	-0.016540889948359824	-0.12127951412321392	0.8532291534617048	-0.5069691214430875
11:15:04.171768	-0.6680946879914043	0.6696816112407901	0.21472292274381147	-0.24304339919438808	0.08056613538110646	0.019714289187952566	-0.5977763105473914	0.7973606004687688	-0.7548686719627513	0.6495239656393595	-0.05895885649385654	0.06939567270550195	-0.009399465588299644	-0.13086009234619767	0.8541306587186054	-0.5032376219190297
11:15:04.181842	-0.6678495831122906	0.669314433230614	0.21600435703110918	-0.24359236759286712	0.07348548318579827	0.017333785070404242	-0.5969779992029011	0.7986968712370067	-0.7571584237156959	0.6467433017083042	-0.05951063789784792	0.06994788823685509	-0.002014197081158649	-0.1394678888014398	0.8541416349616404	-0.5009857467318239
11:15:04.191916	-0.6675945919535266	0.6689983838364056	0.21722153526811128	-0.2440766843318845	0.06622236657512799	0.014465162099820584	-0.5956961269799532	0.8003446017508326	-0.7592722043658562	0.6439775746193045	-0.06103474311622638	0.07122754521663618	-0.001281766544505294	-0.14160468491677536	0.8547551756786733	-0.499339623837991
11:15:04.202039	-0.6673488234149126	0.6687526118673128	0.21831962148848935	-0.24444229355923955	0.05859340850591483	0.011352472898020998	-0.5941737831302926	0.8021193485257632	-0.7612306615847779	0.6412355140001345	-0.06323243789302678	0.07312013571027613	-0.001281766544505294	-0.14160468491677536	0.8547551756786733	-0.499339623837991
11:15:04.212122	-0.6671120484857668	0.6685158524304303	0.21942066004632493	-0.2447501660043847	0.05047722627317844	0.008362007254444312	-0.5925428206287984	0.8039123908634017	-0.7631262514866859	0.6385528947495568	-0.06549103957811837	0.07482946367453228	-0.019958253936325315	-0.12658537817718257	0.8580218160148663	-0.49736945359974005
11:15:04.222187	-0.6669261585304145	0.6682689219135635	0.2203962989341381	-0.24505431742469244	0.041931131802713566	0.005798337003286446	-0.5909420933244145	0.8056026326987137	-0.7650116204349767	0.6359838108291413	-0.06713840613359458	0.07598846876029568	-0.029053321810432877	-0.11963132510178244	0.8592092670703018	-0.4965920719531132
11:15:04.232260	-0.6667385315258512	0.6680202515150533	0.22131031813554894	-0.24541886078958694	0.032898531980459	0.003662174246433284	-0.5894269449634371	0.8071432039138958	-0.7669680534410587	0.6334230828116589	-0.06811525924241775	0.07678225459405155	-0.03186125547749184	-0.11877778382988338	0.860070787228616	-0.49513123454676977
11:15:04.242330	-0.6665854407378494	0.6677451443706687	0.22211376420154144	-0.24585717015768313	0.023621226992164495	0.0020142131543706156	-0.5880281675517125	0.8084929528119145	-0.7689232630548241	0.6309223503887693	-0.0687257972852621	0.07727074543795899	-0.027587581181000655	-0.12316756376827283	0.860769153530204	-0.493097496374567
11:15:04.252402	-0.6665606331863955	0.667354085089282	0.22289894994933762	-0.24627526370360825	0.014160144829488847	0.0007324212842839059	-0.5868525540324796	0.8095696595618106	-0.7709427411932804	0.6283021595949354	-0.06927559268896946	0.07800370701013477	-0.016418843261917004	-0.13086245335892216	0.8611652772579443	-0.4909173098721133
11:15:04.262485	-0.6666315369093269	0.6668756795707109	0.22357364216250358	-0.24676719499399455	0.004516565606511078	-0.0001220693407165156	-0.5857497314282001	0.8104793876873053	-0.772822615483256	0.6257897864910618	-0.06982380920177261	0.07910109853627387	-0.013793924732272573	-0.13250712652107857	0.8621813308322229	-0.48876880201787065
11:15:04.272568	-0.6668671236444996	0.6663178097041005	0.22399801791829704	-0.24725230806185866	0.005004758410768711	0.0007324036698685919	0.5845801958334478	-0.8113201652969326	-0.7746133336021575	0.6232429871098912	-0.07086329527319397	0.08075119693922105	-0.02026379186433751	-0.1259773084578091	0.864201894599864	-0.4866972178500823
11:15:04.282640	-0.6672505800502668	0.6656636320918596	0.22418691735497895	-0.24780802735126994	0.01415974090932031	0.0014648007837227907	0.5829907119216707	-0.8123541013062643	-0.7764258494360899	0.6204815018762118	-0.07263161393199803	0.08300755877942632	-0.031677232581964296	-0.1152343258472998	0.8664547085425147	-0.4847410041733342
11:15:04.292728	-0.6677275284378505	0.6649809343994865	0.22412207353051072	-0.24841417191426432	0.022827218296336105	0.0021972723493799457	0.581056465724919	-0.8135400873579249	-0.778240527175453	0.6175998662448756	-0.07476626506077405	0.08556922744098386	-0.042786090986676954	-0.10455431363791387	0.8684172647053348	-0.4827931236870395
11:15:04.302840	-0.668263904466565	0.6642966788030044	0.22381256166580457	-0.2490807374306377	0.030700208802032097	0.003356881678154603	0.5789095039508438	-0.8148067346066173	-0.7802736395188606	0.6143800418802292	-0.07708742230227793	0.08813478844377619	-0.042786090986676954	-0.10455431363791387	0.8684172647053348	-0.4827931236870395
11:15:04.312958	-0.6687648453688929	0.6636989074145607	0.22326748237285846	-0.2498178800853225	0.037659960529742	0.005188163119980664	0.5766185528759686	-0.8161285773795466	-0.7825682022700257	0.6108206651316812	-0.07946527837744294	0.09039022832334331	-0.05444286967919149	-0.09558019497490346	0.8723676416196009	-0.4763140750856619
11:15:04.323026	-0.6691826163830212	0.6632012321796706	0.22247087164503032	-0.2507298602792276	0.043762018899391374	0.007751431520533758	0.5746435257151601	-0.8171961939246181	-0.7851643170949486	0.6069398296946649	-0.08166587813067795	0.09204196130124243	-0.05475019582679538	-0.09649950903251225	0.8747213560689014	-0.47175503182307854
11:15:04.333191	-0.6694944767685292	0.6628416462490863	0.221496531697784	-0.2517089271759882	0.04894948442213488	0.011108237113252553	0.5730507596501551	-0.8179812845703887	-0.7880908550929308	0.602725928906652	-0.08355765029602093	0.09301815854721394	-0.055360365432208056	-0.09710952745605625	0.877037586433735	-0.46723660130490924
11:15:04.343316	-0.669777830553829	0.6625148852434677	0.2205127849271901	-0.2526772570159333	0.053587729409257254	0.014831228071127007	0.5719483055742024	-0.8184030337684858	-0.7913518631553416	0.5982290482672967	-0.08490323499028771	0.09314330452564992	-0.05596902488102109	-0.09777794750206738	0.879452213206797	-0.4624616156199529
11:15:04.353420	-0.6700546064451007	0.662180946012288	0.21960798633535	-0.2536051092894328	0.058045067381193166	0.01831074680794737	0.5711121929398786	-0.8186124539606339	-0.7949714092569942	0.5933752046676773	-0.08575315393520742	0.09258899254071863	-0.0546273665720935	-0.10022138090656707	0.8821556749346005	-0.4569167219650189
11:15:04.363546	-0.6703473243331407	0.6618024253613989	0.2188714836618995	-0.2544548843799384	0.06256067147238527	0.021240110899892754	0.5705533238281536	-0.8185987568659816	-0.7989582240605289	0.5881406758630447	-0.08593836359642663	0.09149261863000249	-0.05206387911529316	-0.10412775823058631	0.8850249087593796	-0.4507523414612426
11:15:04.373614	-0.6705980307467011	0.6614426922000547	0.21826327095205272	-0.25525083868050463	0.06683199122018041	0.02343697226351532	0.5701775908483336	-0.8184630157649491	-0.8033259001969527	0.5824448461920315	-0.08569135115305589	0.0899026782396377	-0.0495606309730059	-0.10827655091885771	0.8880630303660539	-0.44403151518302697
11:15:04.384053	-0.670840593671336	0.6610749222140151	0.21777447349825554	-0.2559826630750235	0.07092259158305002	0.025024322331368767	0.5699441998300525	-0.8182343053032431	-0.8080454766301005	0.5762336539666726	-0.08514415287400787	0.0881348793907293	-0.04400602781978146	-0.11755285656157988	0.8947688874313401	-0.4285247175071923
11:15:04.394231	-0.6710222451428477	0.6607072770303188	0.21746882476295853	-0.2567145318419881	0.0745258322933184	0.026123715169156656	0.5698387963066508	-0.8179530536959541	-0.8131156206846424	0.5694006624656229	-0.08459527475370923	0.08642634130681981	-0.04400602781978146	-0.11755285656157988	0.8947688874313401	-0.4285247175071923
11:15:04.404356	-0.6711898625983342	0.6602647934517395	0.217219670909109	-0.25762411657975526	0.0769635786659865	0.026671755651892233	0.5704215751088897	-0.8173031577448259	-0.8131156206846424	0.5694006624656229	-0.08459527475370923	0.08642634130681981	-0.04400602781978146	-0.11755285656157988	0.8947688874313401	-0.4285247175071923
11:15:04.414482	-0.6711898625983342	0.6602647934517395	0.217219670909109	-0.25762411657975526	0.07861259919423881	0.027160408883102692	0.5714672098258214	-0.8163991667873745	-0.8184971515807498	0.5619614671591322	-0.08410805927503902	0.08477945887737967	-0.03686418477835773	-0.12835327912067268	0.9024401260476778	-0.4095952716019184
11:15:04.424608	-0.6715524586993401	0.6592236759439764	0.21679126904481105	-0.2596978743765966	0.07922371294069641	0.027709988963849127	0.5729986264154528	-0.8152474065861957	-0.8301624137111443	0.5449371391524959	-0.08404776440557647	0.08252184275696398	-0.033569046437712725	-0.13275032000368214	0.9067304615975641	-0.3988613063099139
11:15:04.434682	-0.6717573228248817	0.6586957139674835	0.21643207947819648	-0.2608049282601053	0.07733246009553432	0.028686863650277138	0.5769111387711053	-0.8126317077442337	-0.8363621943459204	0.5352766871789916	-0.08489964331425055	0.08227513960288263	-0.03167650244021731	-0.13592210199299412	0.9112945239593153	-0.38738104236620285
11:15:04.445006	-0.6718788195028634	0.6583289377868718	0.2160656814171636	-0.2617202378296038	0.07488881072638114	0.028686015518662702	0.5787251045701272	-0.811570102875868	-0.8426029161375606	0.5249712192465887	-0.08703743269917866	0.08276490795237465	-0.040404233600735584	-0.1353724926381141	0.920813704432474	-0.3635160352356211
11:15:04.455115	-0.6716857953865343	0.6584412867451097	0.2155131797828126	-0.2623877541450896	0.07183811610601477	0.027770894501475546	0.5813577365418782	-0.8099945954485318	-0.848925063273603	0.5139081912979896	-0.09045272440660578	0.08392206211813963	-0.035523703793810396	-0.14191170330001576	0.9258136411417803	-0.34852293584649036
11:15:04.465249	-0.6708976402274517	0.6594840795721993	0.21447728418479486	-0.2626339652382391	0.06817392760859577	0.025939050343467503	0.5848798104504684	-0.8078335772850256	-0.8554825590396146	0.502388480554728	-0.09289700733863394	0.08441298367235923	-0.018005105917669597	-0.15264667762742937	0.9314438013883245	-0.32982912670876785
11:15:04.475383	-0.669623425784099	0.6610784180719693	0.21332001395637826	-0.26282002291735757	0.06396496503873941	0.02307133280977433	0.5895396920889161	-0.8048721316468098	-0.8624521881703715	0.4898826087937298	-0.09466831874396647	0.08502447969719233	0.00036619967892955087	-0.16350815664204446	0.9363725790228615	-0.3105983610120807
11:15:04.485830	-0.6680559879742946	0.6625626084477815	0.2127158627766484	-0.2635601421720424	0.05938900508638786	0.01916561931873154	0.595171827952074	-0.8011717171263382	-0.8694457700113406	0.4766235182884211	-0.09686278954075096	0.08666991880772928	0.016662507464893825	-0.17089751246044946	0.9407297712688956	-0.29247888561088353
11:15:04.495903	-0.666485857392333	0.6630069476971532	0.21392242950184315	-0.2654347063918733	0.05438188460390043	0.013976937793819526	0.6016186717627907	-0.7968075235734232	-0.8763499655086402	0.46185681773254494	-0.10217369008646494	0.09088209351179588	0.016662507464893825	-0.17089751246044946	0.9407297712688956	-0.29247888561088353
11:15:04.506054	-0.6650373703988414	0.6624739003587578	0.21685735839088502	-0.26800468919064907	0.04852425048686855	0.007629599133155433	0.6088420108258036	-0.7917692796423382	-0.882736727775545	0.44579333884205086	-0.11199764194621623	0.09747151726872333	0.011779465480738787	-0.16241014323443476	0.9530991344415383	-0.25512002958284
11:15:04.516193	-0.6639922941683584	0.6617340245770145	0.2200286993728221	-0.26983269900894497	0.04247929876159765	-0.0003051673761609027	0.6157667316174694	-0.7867825292180393	-0.8935316484437387	0.41057290977329436	-0.1422692809099969	0.11309522845397867	-0.014343428912947495	-0.1492937324300833	0.9595448763423301	-0.23828402755807243
11:15:04.526309	-0.6634318554563314	0.6613567236177376	0.22210014001891354	-0.2704385052002764	0.03607242049330306	-0.009582690384853773	0.6211658601697889	-0.7827898355780233	-0.8935316484437387	0.41057290977329436	-0.1422692809099969	0.11309522845397867	-0.04144414183213873	-0.13336590560121225	0.9657888898526231	-0.21851255929168872
11:15:04.536904	-0.6633978205576048	0.6614446758103564	0.22296368005308034	-0.26959501089363697	0.02777145653177758	-0.019287429151740032	0.6251934708901049	-0.779737048776832	-0.902768662122482	0.38189598532218033	-0.1596065209553303	0.11700409203494003	-0.06707730012798094	-0.1232903969595282	0.9700268707315751	-0.19836326243488447
11:15:04.546974	-0.663812210554566	0.6619201382368765	0.22289832594200765	-0.2674535772940519	0.016357184290146907	-0.02764852419192742	0.628042635617954	-0.7775155622096322	-0.9073974955213628	0.37145497798769184	-0.15972686122145735	0.11462248581348755	-0.07782081700521612	-0.12561195403665473	0.9721193352486879	-0.1820701938247527
11:15:04.557067	-0.6645803127069008	0.6626271009134932	0.22242199297427867	-0.2641718950583639	0.0021972423704991425	-0.03399622223244507	0.6291437320862545	-0.776542074440572	-0.9119029843836894	0.36144096603441594	-0.1586873542197706	0.11230181990937611	-0.07183736425100624	-0.13580130455266687	0.9757552610712293	-0.15588158733820728
11:15:04.567206	-0.6653854722054496	0.6635544720067554	0.22173412406186005	-0.2603682282543064	0.012817369204207197	0.038452107612621585	-0.62860040682919	0.7766715386835075	-0.9156877343021544	0.35301858662958485	-0.1573447296561324	0.11016572421618268	-0.048766351365605906	-0.15502694927238922	0.9804539027998664	-0.1108991995385556
11:15:04.577277	-0.6660152838487995	0.6646114759741182	0.22100818757482615	-0.25665270056673406	0.027648535315479124	0.04101504576600876	-0.6270663395832947	0.7773938064310322	-0.9193519805947147	0.34691606304855327	-0.1518520698213935	0.10668706513175073	0.0017700118165116302	-0.17755049566318387	0.9822344883835057	-0.06072971577341628
11:15:04.587379	-0.6665581302359336	0.6656426122473301	0.22021259352543252	-0.2532322756477327	0.041564270804059965	0.04284598840594728	-0.6257223264070819	0.7777584476595245	-0.9230528963793762	0.34198673400870494	-0.14319130429848684	0.10254108747717727	0.06603931356643897	-0.19415069912647168	0.9783828063493685	-0.026672070266667125
11:15:04.597879	-0.6669346344148003	0.6666294570402167	0.21936149685062617	-0.25036751810831065	0.05426058389497013	0.04577664558068346	-0.6254310496870179	0.7770432998502416	-0.9230528963793762	0.34198673400870494	-0.14319130429848684	0.10254108747717727	0.06603931356643897	-0.19415069912647168	0.9783828063493685	-0.026672070266667125
11:15:04.608005	-0.6673569341272005	0.6674179691495279	0.21838330988724378	-0.24798529571600655	0.05426058389497013	0.04577664558068346	-0.6254310496870179	0.7770432998502416	-0.9261192036285313	0.33757514928624005	-0.13573804592525726	0.09960633585882187	0.06603931356643897	-0.19415069912647168	0.9783828063493685	-0.026672070266667125
11:15:04.618432	-0.6677935132508236	0.6680376567526062	0.21728771658650323	-0.24609664979684862	0.06610045738192961	0.05035353401670539	-0.6258486518876328	0.7755054584439499	-0.9280921049433517	0.3348968420244752	-0.13024783322038094	0.09759432301752068	0.09594926498012774	-0.2078900741236101	0.9713947532816367	-0.06298959380374798
11:15:04.628544	-0.6682819595889978	0.6684040313689941	0.21631119415320196	-0.24463184711231195	0.08721613760138382	0.06353533886846784	-0.6293111230285994	0.7696259588197689	-0.9285695633717386	0.3354422453195133	-0.12652324864398673	0.09606733881603237	0.06250090468310837	-0.19818402100200477	0.9735248336870884	-0.09521622197817291
11:15:04.638618	-0.6687810796803226	0.6684758952869302	0.2156432923711399	-0.24365921968457133	0.09582567366482023	0.07226598574467971	-0.6318390915784834	0.7657508928654997	-0.9277658065735046	0.33940567399218863	-0.12304294888837479	0.09441837397337094	0.06250090468310837	-0.19818402100200477	0.9735248336870884	-0.09521622197817291
11:15:04.649031	-0.6698666555099838	0.6681576562977487	0.2148456152524048	-0.24225063833431668	0.10419034782937452	0.08154557978912967	-0.6335652082418907	0.7622924745407489	-0.9235591148690192	0.35448264202744273	-0.11474300396205102	0.09063476642747116	0.06250090468310837	-0.19818402100200477	0.9735248336870884	-0.09521622197817291
11:15:04.659104	-0.6704672513195081	0.6679648246190893	0.21453731346272836	-0.2413926243940514	0.11334493433843784	0.09015103285830517	-0.6343532054816288	0.7593561271429754	-0.9200763985592233	0.36522302945130297	-0.11004296826549119	0.08923062651367061	0.06250090468310837	-0.19818402100200477	0.9735248336870884	-0.09521622197817291
11:15:04.669557	-0.6704672513195081	0.6679648246190893	0.21453731346272836	-0.2413926243940514	0.12280329204184151	0.09759565803921699	-0.6342802241047798	0.757022480713201	-0.9200763985592233	0.36522302945130297	-0.11004296826549119	0.08923062651367061	0.03643870047297443	-0.17139006855630184	0.9649236445180114	-0.19549942649068192
11:15:04.679622	-0.6719027366783595	0.6675690616870656	0.2139980918236127	-0.23896250128050306	0.13153186641573203	0.10418788676178865	-0.6337333498814597	0.7551332952647037	-0.9098390181513654	0.39300016353905154	-0.1000963298965747	0.08788946039699243	0.05230723305882478	-0.18457068001153576	0.958314896448784	-0.21173137862434444
11:15:04.689691	-0.6726797225215093	0.6673695749977482	0.2137486968759936	-0.23755280646526758	0.13842770059774337	0.11090085184572299	-0.6332395915791832	0.7533567497698177	-0.9032139606801126	0.4093088809515364	-0.09503339213264869	0.08740386482591711	0.06372197242371758	-0.19116591727115273	0.9514960039399745	-0.23248754115128376
11:15:04.700114	-0.6734654879351447	0.6671788334800677	0.21356314503217974	-0.23602420172604718	0.1431222681318596	0.11840392331590945	-0.6329727261388128	0.7515597483052108	-0.8956313525361363	0.42681954806359557	-0.0900270032023171	0.08697524038189956	0.06372197242371758	-0.19116591727115273	0.9514960039399745	-0.23248754115128376
11:15:04.710236	-0.6741545251368614	0.6670131870254071	0.2134466613312453	-0.2346265273541055	0.14563022758111052	0.12670928434970052	-0.6333633158462632	0.749391422565329	-0.8869202591370722	0.4455048497310226	-0.08575617397891311	0.08685482958860737	0.038269665415279625	-0.17608928982947641	0.941848815028995	-0.28363498434578055
11:15:04.720405	-0.6748051362214865	0.6668095254359389	0.21344008333633668	-0.23333755750495144	0.14563022758111052	0.12670928434970052	-0.6333633158462632	0.749391422565329	-0.8770026159720571	0.46526487170679875	-0.08251844504100642	0.08709602150408	0.01934875620953957	-0.1599782019722499	0.936003711272206	-0.31293713907353116
11:15:04.731007	-0.675377547575378	0.666649215961887	0.21338634490045383	-0.23218582837566543	0.14611824707328905	0.14447029691832713	-0.6347049504240321	0.7449345052337063	-0.8659234409848765	0.4857887267779398	-0.08044597837584178	0.08783138306740236	0.002746611120763299	-0.14526521038703671	0.9282935230153115	-0.3422887814497907
11:15:04.741084	-0.6758694944184751	0.6664697019376258	0.2134485344514953	-0.23121047998348992	0.14550439331334444	0.15270637251257876	-0.6357272486374982	0.742536262185465	-0.8536206650738808	0.5068868599627184	-0.08001549348719131	0.08941472002954635	-0.007018844004212132	-0.13396837034126635	0.9188582302905535	-0.3710832308313892
11:15:04.751187	-0.6763327861210792	0.6662619522874921	0.21356271262861257	-0.23034743568459098	0.14502340924721172	0.15979431204090921	-0.6366137030506811	0.7403762433369857	-0.840096569060604	0.5283868060416775	-0.08142173954714078	0.09173678751075907	-0.012268199835733306	-0.12646621920218612	0.9084571460450473	-0.3981976901906671
11:15:04.761264	-0.6767708256326633	0.666028431575002	0.21368819088563804	-0.2296186729825108	0.14532698763437185	0.16516372471172205	-0.6375222116089937	0.7383538720760169	-0.8253346223367711	0.5501213541725571	-0.08453545717618903	0.09509475976931589	-0.016601522084022033	-0.12042207011682157	0.8975197876674411	-0.4238881282115184
11:15:04.771365	-0.6780140217478949	0.664952990093016	0.2125164122536835	-0.23015490827359003	0.1472115355646828	0.16845101084515943	-0.6380387200635133	0.7367900735227407	-0.8092490821583637	0.5721932381955396	-0.08880439056794774	0.09911912734181934	-0.023010370400445658	-0.11309871711412679	0.8856246008235185	-0.449831378915874
11:15:04.781436	-0.6792154455955498	0.6639562919831408	0.2112477226101903	-0.23065736600517459	0.15033118677011095	0.16955746522426646	-0.6378241582410311	0.7360918036733813	-0.7920587300612012	0.5944255199249471	-0.09320133164856702	0.10302806013279707	-0.03186000487741859	-0.10381967106607094	0.872610133587076	-0.47619110738241355
11:15:04.791527	-0.6803393247590037	0.6630668721792247	0.20983283381371265	-0.23119452428340417	0.15411863197119716	0.16895064288961337	-0.6369219503443336	0.7362292827075565	-0.7737559150581141	0.6166487347031733	-0.09790206576896861	0.10705749585958288	-0.041748340428879864	-0.0925299475002659	0.8583434377943532	-0.5029332238800732
11:15:04.801637	-0.6814028291937002	0.6622986474006486	0.20825389226163607	-0.2316916104997569	0.15869284281638818	0.16638334212210543	-0.635503799770859	0.7370672191733475	-0.7544569014286445	0.6386730051411161	-0.10272234973743295	0.11108418094006416	-0.041748340428879864	-0.0925299475002659	0.8583434377943532	-0.5029332238800732
11:15:04.811707	-0.6816365646808569	0.662471639778476	0.20782346908473476	-0.23089462071881103	0.1635117975267832	0.16241317402716315	-0.6334785168086908	0.7386411995778761	-0.7342036132532568	0.6604719676626063	-0.10736255347181632	0.11486999751788421	-0.057249395289349254	-0.06817438650128264	0.8266373238794738	-0.5556487150471595
11:15:04.821790	-0.6816966293899719	0.6628369052892018	0.20727386099098796	-0.2301618756763886	0.1635117975267832	0.16241317402716315	-0.6334785168086908	0.7386411995778761	-0.7132712311517008	0.6817764549002651	-0.11169659019404522	0.11810541094288388	-0.06372104056067389	-0.056213676586571504	0.8105511672852004	-0.5794708420335611
11:15:04.831858	-0.6815819118459527	0.6633933733190347	0.20654367239963323	-0.22955400469711007	0.17169525797798302	0.15228569806436815	-0.6284302794672283	0.7432396574468181	-0.6922498737864539	0.7020763796654539	-0.11559877102376508	0.12048150686426203	-0.06793039166861842	-0.04479865901596219	0.793802941637063	-0.6027067544722433
11:15:04.841928	-0.6813161865767011	0.6640437256969013	0.20574369479083218	-0.22918053216836987	0.17376441447885171	0.14739763293516928	-0.6260889932293856	0.7457160576405375	-0.6718703708798804	0.7207591941969939	-0.11895669993140326	0.12225257566064686	-0.07031363184619166	-0.034302309980520584	0.7764407211071217	-0.6253152415488139
11:15:04.851996	-0.6808434002471245	0.6648522778029519	0.20489388566827405	-0.22900263897151155	0.17444298593522933	0.14294803116175897	-0.6243447526702103	0.7478831024018072	-0.6523354183223127	0.7380887176058877	-0.12109220340114787	0.12255702844229079	-0.07116559916741755	-0.026061501581893045	0.7599948892218553	-0.6454951773538662
11:15:04.862083	-0.6802477499563387	0.6657211492843237	0.20404380691826296	-0.2290075870647091	0.17389259806700247	0.1394070529957998	-0.6235474839777105	0.7493434280339029	-0.6337819098254243	0.7540808451360859	-0.12188583146392258	0.12176376252905637	-0.07116559916741755	-0.026061501581893045	0.7599948892218553	-0.6454951773538662
11:15:04.872164	-0.6794598198709285	0.6667641998086619	0.20319095763118228	-0.22907049083503367	0.17260839636908146	0.1370857348815265	-0.6234776410573434	0.7501263052956192	-0.6164545568260356	0.7684930024749123	-0.1219481390632098	0.12054433165657626	-0.06707731699488106	-0.022399795575178665	0.7337611509667518	-0.6757169940403351
11:15:04.882234	-0.6786495142703106	0.6679073329130325	0.20214832190514154	-0.22906481041968482	0.1711413457429773	0.13616845305013636	-0.6232865273635108	0.7507880506363637	-0.6006397017579618	0.7811795084646025	-0.12158055948601361	0.11920021720691996	-0.06408716593717384	-0.024108981471603494	0.7225980547906677	-0.6878689143923326
11:15:04.892309	-0.6778538165820583	0.6690647881660835	0.20098799009586873	-0.22906405309134387	0.1703468372145395	0.1362286423012727	-0.6222450753859657	0.7518209748508411	-0.5868462251072865	0.7918609385899048	-0.12103131194880386	0.11797958950934838	-0.0617077551342127	-0.023987287604100488	0.7126604836271686	-0.6983779765041165
11:15:04.902834	-0.6771868371119615	0.670106740392269	0.19982962638166396	-0.22900450769212072	0.17071037840396272	0.13665374946244996	-0.619549893163613	0.7538843739884689	-0.5754273256443828	0.8002150685748307	-0.12115223179933178	0.11773433508358237	-0.0617077551342127	-0.023987287604100488	0.7126604836271686	-0.6983779765041165
11:15:04.912936	-0.676568004028151	0.6710748943878683	0.1986064307719985	-0.22906267199978808	0.17145331176062492	0.13757770192539998	-0.6154984677088436	0.7568604719942147	-0.5669037042787717	0.8059212436796837	-0.12207228774306023	0.11920358898109831	-0.0589577965850296	-0.014037570615483238	0.6971179633480415	-0.7143902784966578
11:15:04.923277	-0.6759492595845394	0.6719820630271583	0.19750535476438552	-0.2291818934302434	0.17145331176062492	0.13757770192539998	-0.6154984677088436	0.7568604719942147	-0.5615881641416716	0.809270456293275	-0.12274250604161521	0.12097247487542583	-0.059325534721470806	-0.008605864604657803	0.6924974454216128	-0.7189253842430089
11:15:04.933371	-0.6754115303645556	0.6727259974406409	0.1965932169983945	-0.22936892563799022	0.17169103267384375	0.14245533958789594	-0.6106536729121247	0.7598228459853114	-0.5597579242354009	0.8104923646191134	-0.12231543781133393	0.12170508133522948	-0.05853395494121315	-0.006836082328900806	0.6914819348581895	-0.7199859567117313
11:15:04.943474	-0.6748836021807524	0.6733576828486986	0.19580596868914296	-0.22974241463401937	0.16992289700114063	0.1477670020257764	-0.6113928373780265	0.7586105196936699	-0.5615758577300454	0.8096189275936369	-0.12029844751504397	0.12115292659429847	-0.0569461352223374	-0.008606007573793754	0.6947062284036917	-0.716984191272023
11:15:04.953587	-0.6744329064653098	0.6738835945957905	0.19512778298367378	-0.23010063867639982	0.16662574378918754	0.15484597508907283	-0.6139517790386219	0.755858319078864	-0.566457166754246	0.8068703528166289	-0.11724644082910318	0.11974883753602313	-0.054749108072553725	-0.012817516940062746	0.7009961050315268	-0.7109449396088136
11:15:04.963708	-0.6740100378003542	0.6743152130415931	0.1945186987657094	-0.23059041228015378	0.16302722901765682	0.16229479668961044	-0.6173183804884242	0.752330072958307	-0.5738099314568295	0.8024549695631248	-0.11365111077253658	0.11786267180546087	-0.05157529159901279	-0.018982148742358554	0.7089313750562528	-0.7031329694918668
11:15:04.974411	-0.6735182083838587	0.6747389029164982	0.19402939596305271	-0.2311995444819263	0.16205129824443137	0.16955875951903215	-0.6204336898887551	0.7483657129095944	-0.5830696176674811	0.7966319114200736	-0.10968032062686732	0.11566177383857183	-0.047118157235081434	-0.0267938743862704	0.717148118539128	-0.6948097175701645
11:15:04.985002	-0.6728635391987968	0.6751829164202731	0.19372903423593804	-0.23205979463296675	0.16504518550995165	0.16779186944040572	-0.6171493604626928	0.7508213117447912	-0.5934991281559723	0.7898469989167459	-0.10546755383109009	0.11303582736989518	-0.05206269745604399	-0.03887917734994141	0.7318684703346114	-0.6783409373112227
11:15:04.995216	-0.672120918357682	0.6755388961480951	0.19360402769983356	-0.2332769841957011	0.16791255708726716	0.16284649302392903	-0.6097587950933474	0.7572850220944106	-0.6041420438416447	0.7826746239827652	-0.10119898046973601	0.1104155341795853	-0.03631609844340272	-0.08001748749462348	0.733585188556735	-0.6738925090985033
11:15:05.005374	-0.6714391419658795	0.6757115481051043	0.19360103248029903	-0.2347382001636917	0.16845311734867266	0.15520879616582411	-0.6033185018085613	0.7638982669333286	-0.6124094410682395	0.7761621349476582	-0.09985069220526609	0.11205737829392942	-0.022095210721542656	-0.11902116272654192	0.7256018371759644	-0.6773830071482884
11:15:05.015526	-0.6710161258003574	0.6754106283524427	0.19366328608009223	-0.23675382499359526	0.16845311734867266	0.15520879616582411	-0.6033185018085613	0.7638982669333286	-0.6173010456592741	0.7748916428406313	-0.09112422989611393	0.10088972003903304	-0.027587757791984444	-0.13256772107121728	0.7307093723133579	-0.669125196180366
11:15:05.026030	-0.6706741886278168	0.6744584805549123	0.1940975536800562	-0.24005838950429592	0.16937145694493472	0.1389761468337356	-0.6014975525017411	0.7682445147985201	-0.6173010456592741	0.7748916428406313	-0.09112422989611393	0.10088972003903304	-0.027587757791984444	-0.13256772107121728	0.7307093723133579	-0.669125196180366
11:15:05.036168	-0.6702212208518973	0.6732119174935276	0.19482252408334905	-0.24419953598291966	0.16937145694493472	0.1389761468337356	-0.6014975525017411	0.7682445147985201	-0.6253806717049658	0.7721125802330487	-0.07721125802330488	0.08233832970232274	-0.027587757791984444	-0.13256772107121728	0.7307093723133579	-0.669125196180366
11:15:05.046274	-0.6699167514822203	0.6720529656132223	0.1955551450208668	-0.24761773512785787	0.16723733366231622	0.13818442460273134	-0.6032751116490268	0.7674606691496219	-0.6361479857553174	0.7665757172682324	-0.0609110323116	0.06298615766089298	0.006042342408434412	-0.14263590109607294	0.7807438796837677	-0.6083235028774322
11:15:05.056367	-0.6699928065430286	0.6713966358725804	0.1956816013279539	-0.24908815190872732	0.15765572119120608	0.1478289418215645	-0.6022411927966048	0.7685029754233356	-0.6524293408456294	0.7547281129718596	-0.048219588293390146	0.04895203773582139	0.043945515909902325	-0.17755209136375816	0.8008459920192061	-0.5702541043697464
11:15:05.066921	-0.6703925285359812	0.6714300989097168	0.19506323026229025	-0.24840655418257862	0.1504464550045138	0.15496290030688056	-0.6048985052940107	0.7664529744205616	-0.6597915605137008	0.7479875646711751	-0.050171014129718965	0.05169689655458876	0.0434566238594005	-0.1805402996855431	0.8035813338944762	-0.5654854214288563
11:15:05.076998	-0.6709684798536673	0.6717619475365653	0.19409440243197143	-0.24670741340566935	0.1437970989411902	0.15881156682723976	-0.6088793968749208	0.7637847606748956	-0.6670073735042227	0.7411667767626076	-0.052491429466840364	0.05493289130250736	0.04547096543715458	-0.1821890360132972	0.8060873027228195	-0.5612154727444782
11:15:05.087064	-0.6715647393831412	0.671747843465496	0.193479980354863	-0.24560360913185134	0.13977257862561582	0.15582506254637432	-0.6098723168677526	0.7643545860823524	-0.6740081634406058	0.7346157978059523	-0.05352758845761218	0.056457262626329836	0.0517573923658571	-0.17834327888329532	0.8057185573368862	-0.5624343993530344
11:15:05.097476	-0.6719493548495864	0.6711558820897495	0.19403460796319696	-0.2457324100848792	0.14019477806476008	0.14483335147917967	-0.6093010315282977	0.7668904598971313	-0.6807252523461175	0.7287599312303993	-0.05090333187991231	0.054138195896261655	0.064515950959259	-0.17316154481685694	0.8022683627327344	-0.5676427094807083
11:15:05.107549	-0.6721702373625732	0.6698509357172651	0.19591995477470805	-0.24718872798678118	0.1443525813492972	0.12884917514941496	-0.6070132860544443	0.7707756436697357	-0.6869450830922051	0.7235048436228343	-0.0460201326211926	0.05029255872660836	0.06689379088449139	-0.16760068409563264	0.8013216975570141	-0.5703672224594636
11:15:05.117679	-0.6723671260717863	0.6680336051975037	0.1987926406695541	-0.24926900352915532	0.1443525813492972	0.12884917514941496	-0.6070132860544443	0.7707756436697357	-0.6923087764688812	0.7187365028385388	-0.04223553498337881	0.04839997000262918	0.05920348689235214	-0.16503734902775277	0.8046181110328642	-0.5673158872829002
11:15:05.127798	-0.6725546673195781	0.6660238251920534	0.20202885459912912	-0.25152897577130245	0.15521330118095616	0.09326225882992568	-0.5960117522737071	0.7822921278947366	-0.6969637284698335	0.7142367589591024	-0.04107685342501076	0.04919456740053295	0.045226553256522216	-0.1646710400622091	0.8110872688608958	-0.5594420879207593
11:15:05.137866	-0.6726747331087601	0.6641297315086125	0.20501900267782644	-0.25378654752438295	0.15826527889604908	0.07800348107564625	-0.5921672718277934	0.7862604407014672	-0.7012847324298158	0.7097074733415055	-0.04247991068504367	0.05206230433095151	0.031189450346427474	-0.1633326206008609	0.8172124279614823	-0.5518274375382598
11:15:05.147954	-0.6726667956354664	0.6625349847221657	0.20776315872816692	-0.2557366730525909	0.15625065134779842	0.06878690783944096	-0.5917383065691039	0.7878450810927274	-0.7054954432312933	0.7051292374471089	-0.04492124285995604	0.055236039114483985	0.021240300168607174	-0.16162159438641321	0.8213526418647895	-0.5466325526150743
11:15:05.158044	-0.6724778861814086	0.6612475421028663	0.21020274460054195	-0.2575655000622204	0.14983968480944138	0.06567311643786514	-0.5934383932391847	0.7880773972543816	-0.7096114799970483	0.7007611733912018	-0.04650988712865567	0.056764035471981326	0.017882975815372758	-0.15911576092381152	0.8248751472517502	-0.5421654408462668
11:15:05.168544	-0.672066579102265	0.6602866454207885	0.21234398589562983	-0.2593416487699141	0.14031715235003953	0.06725946145704373	-0.5959969520218077	0.7877657613666638	-0.7136683657612973	0.6967009659766706	-0.04632466344076154	0.05602903957657325	0.020752316941542906	-0.15710724649273952	0.8277733010623672	-0.5382174435015451
11:15:05.179117	-0.6705211897436752	0.6596571107545642	0.21557262353674322	-0.2622637495292711	0.12866618412938455	0.07184065404188122	-0.5990790309439797	0.7870122287306851	-0.7176623647166662	0.6928817115379822	-0.04461738293994582	0.053711760584339706	0.0275264643684429	-0.15691915718684413	0.8282963369049636	-0.5371627780635609
11:15:05.189259	-0.6696776420694923	0.6598509832677071	0.21655270452629957	-0.26312252232606465	0.11663729220445967	0.07623232755801682	-0.6014358332719758	0.7866761168096708	-0.7216069695409273	0.6891367921074694	-0.04229667849884654	0.05084146203396705	0.03277599587835402	-0.15802058348055595	0.8273344955886195	-0.5380268224724221
11:15:05.199334	-0.6688831747302381	0.660277231885365	0.21704065784658516	-0.2636714403535568	0.1058364278344757	0.07794297482389011	-0.60175394580167	0.7877916805418557	-0.7254794560762551	0.6854395332101921	-0.039673704059361076	0.04773051780680056	0.03600933872027466	-0.1605772375814282	0.8272382661264454	-0.5372105074845043
11:15:05.209403	-0.6681001424288063	0.6607758214812952	0.21741026012528852	-0.26410280616567194	0.0969217791211511	0.07586509537001941	-0.600756342499679	0.7899002930641925	-0.7290528488126082	0.6819955238704132	-0.03698669119970202	0.044676993330333134	0.03863441210160199	-0.1644251282807516	0.8284121255213962	-0.534045980867326
11:15:05.219478	-0.6673558365223202	0.661130274484157	0.21795570625765553	-0.26464742154387966	0.0969217791211511	0.07586509537001941	-0.600756342499679	0.7899002930641925	-0.7322396397016341	0.6788338145170938	-0.034790080405929104	0.04241948400372057	0.040772879212179446	-0.16925627852600839	0.8294351131950696	-0.530779876690288
11:15:05.229565	-0.6666789774093906	0.6613079483869585	0.21874736382269122	-0.2652555924032969	0.08459373215603491	0.0628044375097835	-0.5970999146338308	0.7952177029299993	-0.7350469644925388	0.6759038515976398	-0.03387453834537566	0.04138186846516161	0.04144332793162482	-0.1728534678974396	0.8305755618461717	-0.5277768138803531
11:15:05.239637	-0.6660584194160146	0.6612978076030898	0.21978157869669832	-0.26598392667598203	0.07995691164310104	0.05413876383773329	-0.594977079921335	0.7979211495498166	-0.737533990248111	0.6732042297613923	-0.03387383023731393	0.04113686771162089	0.03863538041917604	-0.17266902244209953	0.8326443280859391	-0.5247819918547797
11:15:05.249713	-0.6653986984441892	0.6611873142768209	0.22106715151025988	-0.2668430663729586	0.07476717261067473	0.04687443964489648	-0.5930104890492373	0.8003444362806348	-0.7398671525304789	0.6705923448979022	-0.03442378106147418	0.041442814433937894	0.03088472734681303	-0.16754659400593236	0.8355356376492561	-0.5223547364308813
11:15:05.259843	-0.6648067229693805	0.6609614398673724	0.22247709375903338	-0.267704947387413	0.06860588690794744	0.04223778802517761	-0.5913290323524866	0.8023958979465099	-0.7421298501643322	0.6680328324737739	-0.03503433950113716	0.0418092727496149	0.020691205674641264	-0.1593650088981957	0.8380243478254411	-0.5214305902019478
11:15:05.270043	-0.6642376636786869	0.6606976669412649	0.22393531085519636	-0.26855147663201523	0.06128063248935129	0.04034511760504104	-0.5900397154129072	0.8040336372332914	-0.7444069551714806	0.6654251086650935	-0.03582870471348468	0.04223758715797512	0.01232891284258981	-0.1514259047646798	0.8394036550699884	-0.5218425980403112
11:15:05.280619	-0.6636450268630221	0.6604711519989664	0.22546718745810757	-0.2692910750041068	0.053099658901321956	0.040160431674792926	-0.5892231115326002	0.8052227584886673	-0.7467643814294525	0.6627190562779726	-0.036560021616366324	0.04254146087914412	0.008361521086910783	-0.14745572953267483	0.8402413197335821	-0.5217100894227253
11:15:05.290723	-0.6631027428251635	0.6602340177779633	0.22687342554134135	-0.2700263746556078	0.04443380753100096	0.04071064508678247	-0.5886258788859522	0.8061562223481602	-0.7491169067002342	0.6600089806954809	-0.03716899105266764	0.04278401104748771	0.009521611166096188	-0.1488667284237731	0.8411366889741767	-0.5198433480874438
11:15:05.300956	-0.6631027428251635	0.6602340177779633	0.22687342554134135	-0.2700263746556078	0.03558359982150586	0.04101574456269629	-0.5879533740661508	0.8070702237388885	-0.7515190548472873	0.6572205947044254	-0.037658349455110554	0.04315146363818989	0.009521611166096188	-0.1488667284237731	0.8411366889741767	-0.5198433480874438
11:15:05.311080	-0.6626081643451835	0.6600446471286675	0.22821406839412686	-0.27057313859084364	0.026916291783783967	0.04034392033805261	-0.5872146105482665	0.8079770309154924	-0.7515190548472873	0.6572205947044254	-0.037658349455110554	0.04315146363818989	0.013427343293448067	-0.15368204733137378	0.8422606247708333	-0.5165254831475045
11:15:05.321706	-0.6621148582079426	0.659917574386456	0.22943305236021905	-0.2710593736450473	0.026916291783783967	0.04034392033805261	-0.5872146105482665	0.8079770309154924	-0.7559966352165335	0.6518685664550765	-0.039246394029083725	0.044678632082876035	0.017333960708632086	-0.160949487284024	0.8447254091812256	-0.5101311394462922
11:15:05.332152	-0.6613178075532729	0.6597308889564676	0.2313239031496912	-0.27185136269887195	0.010559034081424326	0.0362547181755263	-0.5847141416187575	0.8103600895900045	-0.7581181855513844	0.6492313935842586	-0.040466335803926244	0.04602053875740632	0.013427592714347032	-0.15868973207864673	0.8461824790532148	-0.5085395567997248
11:15:05.342216	-0.6609102228339753	0.6597505170495418	0.23206323117979075	-0.2721646364625689	0.002868675998749224	0.03332547011312929	-0.583012620001119	0.8117742719864827	-0.7602391454280926	0.6465938910296414	-0.04162516836720931	0.04711822577637183	0.006469793445503756	-0.15350500486265986	0.8477260487226572	-0.5076956781103796
11:15:05.352286	-0.6605896557257217	0.6597351555704819	0.23266818512671633	-0.27246347807074023	0.004943772782549079	-0.030578150173544302	0.581045887529225	-0.8132811398452652	-0.7624043576204067	0.6439329095264824	-0.04235918855084159	0.04791349137234963	-0.0007324032483495951	-0.14837269139482212	0.8492215664613555	-0.5067620142538907
11:15:05.362354	-0.6603407441181763	0.6597303912721479	0.2330327166136609	-0.2727666868901128	0.013061596862990655	-0.028259436203573237	0.5790437824261324	-0.8147018454542021	-0.7647128327964542	0.6411160983074431	-0.042846867956190506	0.04846212700458014	-0.00616457554887267	-0.14532529090956264	0.8505893549414805	-0.5053120888031369
11:15:05.372427	-0.6602042956848218	0.6596549900861194	0.23321074362685623	-0.2731269504658942	0.02185056579108335	-0.027038549288966266	0.5772089404644559	-0.8158561813670702	-0.7671064642799247	0.6381974212691671	-0.04321382691837895	0.04882918295862028	-0.0088503381103004	-0.1446572504924962	0.851829783912775	-0.5033706096251545
11:15:05.382509	-0.6601004588224734	0.6595511380523021	0.23321718475826822	-0.27362277918642147	0.03155593637141906	-0.027161299197836525	0.57551435985708	-0.8167311113848327	-0.7695269470784134	0.6352503541554669	-0.04339575344009771	0.04901095641687547	-0.008911312129112928	-0.14599903159478167	0.8528613998636639	-0.5012307890703792
11:15:05.392595	-0.6600935058132087	0.6594221208327237	0.23303162322652157	-0.2741081770325585	0.03155593637141906	-0.027161299197836525	0.57551435985708	-0.8167311113848327	-0.7719976526730813	0.6322226191008677	-0.04351947551833546	0.049195928846814	-0.008361789212263701	-0.1475214928908129	0.8537569890594501	-0.4992659544256721
11:15:05.402672	-0.6601395595425655	0.6592850889588381	0.23272116683947877	-0.274590225442123	0.04168657479970319	-0.028136912126886047	0.5739075590653134	-0.8173742455602125	-0.77453705324779	0.6290901030594934	-0.04351811812180254	0.049438535313688727	-0.008361789212263701	-0.1475214928908129	0.8537569890594501	-0.4992659544256721
11:15:05.412738	-0.6602744548832306	0.6591147937034578	0.2322374099492228	-0.2750838388018783	0.051880214269651836	-0.0292360266296038	0.5723913522597588	-0.8178152835283118	-0.7771493146133681	0.6257843338357703	-0.04370053477288711	0.05023120128224314	0.0010376125787651715	-0.15399391389556044	0.8565797017876716	-0.4924997587091864
11:15:05.422847	-0.6604086840586835	0.6590048578356382	0.2315092549569858	-0.27563822709879987	0.06158610814214218	-0.02996905757957563	0.5707549031091889	-0.818259034443566	-0.7797739289531902	0.6223665273587727	-0.04418881688807997	0.05157396446191654	-0.0006103536429797677	-0.15148977418757836	0.8587065403082352	-0.4895646570340717
11:15:05.432933	-0.6604726812169867	0.6588857401106525	0.23071682238242394	-0.27643293348412645	0.07665839984235577	-0.027648292299830544	0.5666374077519355	-0.8199275027724582	-0.7824730671443644	0.618715248178036	-0.04541029344425952	0.053527993750827424	-0.008850285339293974	-0.1434356589471782	0.8612853546398432	-0.48737605816732676
11:15:05.443002	-0.6604739877656566	0.6587039345686134	0.22998484298133204	-0.27747109771580025	0.08166506765975692	-0.024658211759747233	0.5644533226587684	-0.8210452093864351	-0.7855619299442397	0.6144240500931288	-0.047361981014430114	0.055967701791536616	-0.019103992305883017	-0.133666911021993	0.8638300418695283	-0.48535126778396726
11:15:05.453071	-0.6604546302322146	0.6583794562715922	0.22942879170528555	-0.278744690534195	0.08514344444455593	-0.02093491142973669	0.5624960458788727	-0.822137775389368	-0.7888750745237457	0.6097989067363051	-0.04937717100887507	0.058166185378810804	-0.02935756221215915	-0.12481541522633154	0.8662006713408787	-0.4829654673280985
11:15:05.463184	-0.6603505854534181	0.6580312100724005	0.22900780077837368	-0.28015613154923646	0.08777107486602592	-0.017029297557455657	0.5609291919462992	-0.8230216783682153	-0.7924680608615844	0.6047878939523599	-0.05139079692278605	0.05987455080908921	-0.037903207414507464	-0.11908076918792924	0.8685999109756131	-0.4794969363097756
11:15:05.473304	-0.6602206436305563	0.6577181894945803	0.22863885837478634	-0.28149557256393876	0.08984201265358013	-0.01324437278928457	0.5598646617332137	-0.8235924719751428	-0.7964156270641793	0.5993259535670736	-0.05310251345385009	0.06091529704246252	-0.041870590043851935	-0.11816539697506902	0.8712866951544991	-0.47449266326662526
11:15:05.483469	-0.6599615906836578	0.6575812612619744	0.22820645404292947	-0.2827709284784413	0.09179510091103023	-0.00988750422047001	0.55943743015326	-0.8237145491324893	-0.8006557317225897	0.5935033034967573	-0.054443124919694316	0.06115696319454451	-0.04034513391301614	-0.12195094940727118	0.874164913619088	-0.4683331505515474
11:15:05.493959	-0.6597068625344398	0.6575096706525598	0.22771452531371955	-0.28392601762514696	0.09362967351791238	-0.006958137406155158	0.5595807345581622	-0.8234406293547301	-0.8051889464377505	0.5873509120353604	-0.05505461110421854	0.06048682882957935	-0.03711010653549512	-0.12726080941859758	0.8772145577765392	-0.46143487731635374
11:15:05.504227	-0.6594509783108348	0.6574977728956231	0.2272432425260309	-0.28492383994400006	0.09362967351791238	-0.006958137406155158	0.5595807345581622	-0.8234406293547301	-0.8100087068891578	0.5808185407849616	-0.055115504658345985	0.05914388041410549	-0.03711010653549512	-0.12726080941859758	0.8772145577765392	-0.46143487731635374
11:15:05.514356	-0.6592449823920288	0.657413915873025	0.22686914170458025	-0.28589051916713853	0.09509137790749057	-0.004333432497709776	0.560477614457308	-0.822680797699015	-0.8151839555949872	0.5737293488015035	-0.05480946332167554	0.05749500495436343	-0.03149385453233324	-0.13720578486179288	0.8839031033667636	-0.4459798354026337
11:15:05.524477	-0.6590580112443954	0.6572879906548338	0.22662367065664385	-0.2868043707017424	0.09704715801213945	0.0031738693186360075	0.5651928825109506	-0.8192244998987017	-0.820554656761406	0.5662217755709286	-0.05444322774703765	0.0558470329467931	-0.022827524993994742	-0.14966067188576232	0.8912500533751637	-0.4274972862511743
11:15:05.535033	-0.6589222770260217	0.6570912592128705	0.22643586955970177	-0.28771393237316284	0.09704449918856385	0.005371016307291584	0.566886357524139	-0.8180424041662397	-0.8262318451850332	0.5580437143035206	-0.054382254122764616	0.05450432427792234	-0.018798659142253423	-0.1552720417464049	0.8954387281688312	-0.4168053353326254
11:15:05.545152	-0.6588041321227562	0.6569120691159186	0.22613204646236906	-0.2886311599785542	0.09661786302138822	0.007385193572702447	0.5685988704404628	-0.8168878576615666	-0.8320058781792465	0.5494217220781673	-0.05492996554880589	0.053709299647721316	-0.01641839262644378	-0.15905699325097578	0.9000208835298883	-0.4054549524812863
11:15:05.555301	-0.6587621314130966	0.6568089776833441	0.22552821973236284	-0.28943296832770354	0.09594822480659283	0.008606043064713478	0.5700740583292475	-0.8159261254545375	-0.8379081349625984	0.5402944937856149	-0.05603144433971922	0.05340687777478683	-0.017273005779821198	-0.16015677443904885	0.9049712250791834	-0.39380011763747835
11:15:05.565411	-0.6587369017219983	0.6568448565118267	0.22472614399521892	-0.2900322206043673	0.09594822480659283	0.008606043064713478	0.5700740583292475	-0.8159261254545375	-0.8439342309857016	0.5305793208909166	-0.05804451100509165	0.05377204436959595	-0.022033906299799642	-0.15912020422043674	0.9099820194562683	-0.38226691178849076
11:15:05.575548	-0.6585113451423807	0.657290636373927	0.22375591725757418	-0.2902845451383041	0.09448535783072658	0.007751705713502762	0.5722223705833732	-0.8146005074992745	-0.8501376453049786	0.5200676915531426	-0.061521914456703165	0.05486924711961919	-0.0208128737638519	-0.1635122839101444	0.9150340277644213	-0.3681620367846178
11:15:05.586041	-0.6580178574815511	0.6583840672157955	0.22222827373066759	-0.2900991444773038	0.09362563315622191	0.005248894688028086	0.5744488000432598	-0.8131514410302115	-0.8629289490120738	0.49768868653589265	-0.06707871799153127	0.056214285050227755	-0.007446369439258787	-0.1741962162265949	0.9204811271595227	-0.34973522038485944
11:15:05.596818	-0.657157970089506	0.6599045205356867	0.22057851805549128	-0.2898526237536049	0.09173643465258981	0.0017700310079342013	0.5780066774185133	-0.8108573082898574	-0.8629289490120738	0.49768868653589265	-0.06707871799153127	0.056214285050227755	-0.007446369439258787	-0.1741962162265949	0.9204811271595227	-0.34973522038485944
11:15:05.606895	-0.6560629303348883	0.6611898524809605	0.2196642000442146	-0.2900983447652548	0.09173643465258981	0.0017700310079342013	0.5780066774185133	-0.8108573082898574	-0.8697013134940286	0.48517480110632555	-0.06988616772760634	0.05780104876684995	-0.007446369439258787	-0.1741962162265949	0.9204811271595227	-0.34973522038485944
11:15:05.616995	-0.6560629303348883	0.6611898524809605	0.2196642000442146	-0.2900983447652548	0.0885643162943354	-0.0021973228026161778	0.5829009101384582	-0.8076992401949967	-0.8765785054161199	0.47124792092451345	-0.07568286775630056	0.061705951049693446	0.023987564723939647	-0.19415888902506875	0.9306320594043456	-0.30927478487583254
11:15:05.627111	-0.653479753577464	0.6611088718362838	0.22289231904967766	-0.2936295035454543	0.0885643162943354	-0.0021973228026161778	0.5829009101384582	-0.8076992401949967	-0.8832339568247871	0.4559906634951271	-0.0855707281783119	0.06817582266417574	0.02978458455354313	-0.19402703749121641	0.9417543845515789	-0.27306604773063925
11:15:05.637426	-0.6522973253637259	0.6601100003563858	0.22620135564685767	-0.29596610187037586	0.07720830318859496	-0.011535469804462014	0.596243410157616	-0.798999128096361	-0.8952773311595648	0.42169832840069765	-0.11633478273726006	0.08435187289763557	0.010192776109611104	-0.1846296271351712	0.9492099045309693	-0.2545752643903468
11:15:05.647596	-0.6514381543955574	0.6593118095925055	0.229068433753071	-0.2974288509668838	0.07019277723951421	-0.018250122082273695	0.6032916610742247	-0.7942160151657034	-0.9004507896793373	0.40441855435608276	-0.13189684514993885	0.09075918960571915	-0.012572939501540786	-0.17113845806951633	0.9567030421682128	-0.23510176194143256
11:15:05.658160	-0.6509990146107628	0.6590556309550925	0.23089530023181282	-0.2975454899894495	0.06317227029035799	-0.02655066432493307	0.6092004152348436	-0.7900501126941004	-0.9051328810291529	0.389396343962643	-0.1425752130872624	0.09368705140793997	-0.026673074694070913	-0.15796319750172888	0.9632825281964008	-0.2154598482152639
11:15:05.668334	-0.651150529703546	0.6593906235833715	0.23145508142443255	-0.2960330023492874	0.05560309455996413	-0.036254926639537534	0.6134650970605922	-0.7869272208140697	-0.9091906580563947	0.37897185793986	-0.14557060415309486	0.0925304133736234	-0.049133650566415686	-0.1469126669731212	0.9676582559999433	-0.19909809707782358
11:15:05.678461	-0.6518171000946794	0.6602402445663589	0.23096506290460406	-0.2930399754241554	0.034607961654607854	-0.054628087620589114	0.6198304243431089	-0.7820666890308473	-0.9129385983947149	0.3705952112216011	-0.145137584368407	0.09020746412805113	-0.0745844573383311	-0.1441030309130931	0.9704524318162558	-0.17858766135184684
11:15:05.688569	-0.6527427955677833	0.6614094133303475	0.2300315658246821	-0.28905001213735587	0.020630046164008695	-0.06127978209664121	0.6211597035831848	-0.781012043534483	-0.9163335216811707	0.36298111326436566	-0.14410600444209976	0.08838013317753514	-0.06573312603868421	-0.16088441990526609	0.9739732825676162	-0.1455039670159918
11:15:05.698697	-0.6536901348275982	0.6627233878578955	0.22894413592327925	-0.2847305769347101	0.005798274492544614	-0.06585619134163831	0.6210257153856995	-0.7809970569115883	-0.9198196157603636	0.3559646980168839	-0.14068906531702974	0.08618349684496572	-0.01977533603644454	-0.18987984694252766	0.9765598042688661	-0.09942599507212393
11:15:05.709112	-0.6545634569628537	0.664024230538874	0.2277910128110192	-0.28058823309010056	0.005798274492544614	-0.06585619134163831	0.6210257153856995	-0.7809970569115883	-0.9234858086469209	0.3494353109387721	-0.13452496511948536	0.08349825421209436	-0.01977533603644454	-0.18987984694252766	0.9765598042688661	-0.09942599507212393
11:15:05.719184	-0.6553263530062616	0.6652139258093737	0.22662072727132807	-0.2769130728871574	0.009765680861643892	0.06793251749381032	-0.6201207347143871	0.7814986109530524	-0.9234858086469209	0.3494353109387721	-0.13452496511948536	0.08349825421209436	0.0479728071672399	-0.21459591603055406	0.9741043287393751	-0.05261139920885598
11:15:05.729297	-0.6560785687981739	0.6662105850248459	0.22528477043762768	-0.27380858308946027	0.02551219397969175	0.06878526941414498	-0.619372594511751	0.7816618858801728	-0.9295492618241908	0.33916646408122314	-0.12078647335194181	0.07946639126034777	0.10375715834975963	-0.2284488492371472	0.9657350097460273	-0.06634354772128748
11:15:05.739417	-0.6576612320720397	0.6676711106854796	0.22198736900659014	-0.26910704150400216	0.04071023788463605	0.07037316983655977	-0.6191374109471486	0.781062839894584	-0.9307088818866002	0.33800680620945583	-0.11584270823140974	0.07818467294227391	0.06939574379568002	-0.21532821821561926	0.9698924931021558	-0.09014732945138028
11:15:05.749485	-0.6584090464825537	0.6680529353621536	0.22052766153160902	-0.2675263605018108	0.05499288167040623	0.07348660325323984	-0.6195091553325452	0.7796049695628178	-0.9304053282703767	0.34044876155157183	-0.11175361821458014	0.07714722742939886	0.023254656199679664	-0.19690162965922992	0.973094445646963	-0.11737192617318634
11:15:05.759561	-0.659071645311716	0.6682271136203619	0.21942605713054447	-0.26636309132620195	0.0798330741832751	0.08453272763290214	-0.6226735648453918	0.7737948887580746	-0.9290317030937189	0.34558685388060156	-0.1079730032700078	0.07623418942014683	-0.006469737082878249	-0.18023710948810823	0.9733292194401835	-0.14178489852383183
11:15:05.769676	-0.6596862259387589	0.6682924211513204	0.21863398050635033	-0.26532716729790756	0.0901456537908402	0.09258697142904847	-0.625282480086092	0.7696253854451557	-0.9269360801798869	0.3525982574043068	-0.10388129376876062	0.07531698972423655	-0.01507608201779076	-0.17255094681900598	0.971644330531219	-0.16095396065147463
11:15:05.779809	-0.6602818758786522	0.6683385598882641	0.2179577166539718	-0.2642836497092405	0.09948560266300294	0.10156076247315148	-0.6272475696734241	0.7657339699448067	-0.9239177494507538	0.36137646944760954	-0.10064343829067862	0.07519267190668044	-0.010498060426042547	-0.17291282085452636	0.9690564266527762	-0.17584251213621266
11:15:05.789895	-0.6608349458493467	0.6684033889347184	0.21740963121043438	-0.2631865047106662	0.09948560266300294	0.10156076247315148	-0.6272475696734241	0.7657339699448067	-0.9197694900391218	0.3723632155758913	-0.09795819718067621	0.07598626510276753	0.009338502911160276	-0.18060542558250492	0.9659552096210622	-0.18500001518775683
11:15:05.800359	-0.6608349458493467	0.6684033889347184	0.21740963121043438	-0.2631865047106662	0.10955885624217458	0.10961989181668276	-0.6280560616891234	0.7625784679051417	-0.9145007926476355	0.38544166759459514	-0.09576531693680439	0.07714936941244152	0.009338502911160276	-0.18060542558250492	0.9659552096210622	-0.18500001518775683
11:15:05.810538	-0.6614861134740294	0.6683829515274124	0.21697574583873175	-0.2619577780984069	0.11993262753523365	0.11663676906861653	-0.6278000034745106	0.760183651883631	-0.9081891826581442	0.40062861525322974	-0.09271097906301888	0.07806276643950043	0.04937744784433688	-0.20239260451399393	0.9541016869007097	-0.2151489538334827
11:15:05.820607	-0.6628426290232919	0.6683357999820485	0.2161257596106332	-0.25933870448618485	0.12945607422856067	0.12268114530853699	-0.6269555843827324	0.7583647912729214	-0.9010657930848962	0.4172991144971507	-0.08831824172551954	0.07836946950626612	0.04400767576530934	-0.19922476241049886	0.9497967303522589	-0.2371897753453427
11:15:05.830708	-0.6635076814816327	0.6682683841911873	0.21575748818301646	-0.25811553536802734	0.1369656431249756	0.12872573143964955	-0.6260501789362187	0.7567901110100591	-0.893022793553736	0.4351281180537615	-0.08374186813995803	0.07849274229445045	0.026244517238291878	-0.18670227495798802	0.9461453633209318	-0.26317757751515014
11:15:05.840794	-0.6635076814816327	0.6682683841911873	0.21575748818301646	-0.25811553536802734	0.1418492843387092	0.13562354122229425	-0.6255651098052627	0.7550849813055815	-0.8838552407395198	0.4541652404076215	-0.07952927136824767	0.07879684523131829	0.026244517238291878	-0.18670227495798802	0.9461453633209318	-0.26317757751515014
11:15:05.850868	-0.66473527222787	0.6680922128184983	0.2152104095010072	-0.25585990828934263	0.14410214678136837	0.14336973434537667	-0.6257853921852478	0.7530420529388069	-0.8735489135873019	0.474372705170522	-0.07519649675374203	0.07891969992093217	-0.011169319960260219	-0.15649254851424702	0.9337063210495128	-0.32183510464727944
11:15:05.860935	-0.6652688476136955	0.6679543365398426	0.2150832494486847	-0.25493834646627583	0.14422667087632904	0.15179506156133318	-0.6264674354103433	0.7507965630341614	-0.8621156887081203	0.49548001139345277	-0.07104443622345147	0.0787958480794466	-0.011962537260583687	-0.14995894923088837	0.9243501367935711	-0.35063661511251676
11:15:05.871003	-0.6658287567668782	0.667781870729344	0.2149646054938991	-0.25402688474321633	0.14312751018797326	0.1603394325218788	-0.6274417077749959	0.7484134455969843	-0.8494364051559493	0.517340157368817	-0.06781086772495938	0.07885836282686545	-0.005615187675303381	-0.1489855773414734	0.914054898101559	-0.37719412862364016
11:15:05.881076	-0.666387891995346	0.6676086062140588	0.21484570249346197	-0.2531150932501099	0.14141848837733637	0.1684570685893174	-0.6281739673627734	0.7463380560544105	-0.8354550823677285	0.5396766392676399	-0.0664067160736476	0.07971247352222774	-6.103472822355851e-05	-0.1472157644752231	0.9027036304264303	-0.40429403975285155
11:15:05.891154	-0.666387891995346	0.6676086062140588	0.21484570249346197	-0.2531150932501099	0.13976690949247159	0.1755325902621608	-0.6285848912065348	0.7446707697456968	-0.8199934376083189	0.5624294400863906	-0.0675647737575295	0.08196882669951412	-0.0020752082770137165	-0.13958827439795207	0.8910578128271543	-0.43188746376909
11:15:05.901228	-0.666978607570866	0.6674058449659059	0.2146562740507628	-0.2522531648142743	0.13891611834935727	0.18072523129720866	-0.6287236094537475	0.7434697880551498	-0.8030961715983431	0.5852628962955245	-0.07147177511336524	0.08599806245493734	-0.014221187115028566	-0.12493892714362007	0.8798825469967888	-0.4582518148482166
11:15:05.911303	-0.6675419005489527	0.6672367245863721	0.21435559611666105	-0.25146499316647025	0.13933987890568353	0.18395549497228653	-0.6290130494971417	0.7423525830616858	-0.7849232062869682	0.6079797867670678	-0.07714952820736609	0.09112677659303606	-0.033446315210805835	-0.1058319536049951	0.8681393933549311	-0.48375090211833405
11:15:05.921433	-0.6680337619823558	0.6671792647080065	0.21392949618530444	-0.25067287898232393	0.1411100499572388	0.18487125489639977	-0.6287087476684761	0.7420484374481441	-0.7658065706360261	0.630186725258386	-0.08380110157673258	0.09686259883632528	-0.05242983146156271	-0.0870982182720023	0.8541362764529785	-0.5100159158240023
11:15:05.931515	-0.6683912726723995	0.6672316128987921	0.21343843306870433	-0.24999823329980353	0.14343590956367508	0.18414729325685436	-0.6280661742171134	0.7423266094099644	-0.7458480006250492	0.6517319926902025	-0.0911252917293943	0.10321022660040574	-0.06512272886789049	-0.07177537877098333	0.838600088701795	-0.5360571018244444
11:15:05.941919	-0.6685913347318114	0.6674926818173351	0.21277244777022955	-0.24933317531307736	0.14611733178509761	0.182249938475481	-0.6273767975852207	0.7428546554538108	-0.7251569692529031	0.6726058245237768	-0.09844947322657459	0.10980198532833707	-0.06512272886789049	-0.07177537877098333	0.838600088701795	-0.5360571018244444
11:15:05.951991	-0.6685789807659477	0.6679686293137238	0.2120360945025472	-0.24871821678119743	0.14916792666964665	0.17907475321143343	-0.6266395675602546	0.7436423971125101	-0.7044236395317216	0.692338388632555	-0.1050440242296242	0.11584750609403063	-0.06829769995841851	-0.052855950101868124	0.8096237622416637	-0.580560966938764
11:15:05.962062	-0.6683999863049954	0.6686441283874738	0.21118290134373888	-0.24810939131858337	0.1527083894060736	0.17443668142388422	-0.6257870170185741	0.7447433123632733	-0.6843762978060609	0.7108651333761876	-0.10949532491430244	0.11962699934895919	-0.0673829608536277	-0.04547129151807305	0.7948625898521682	-0.6013196832698734
11:15:05.972130	-0.668147173596806	0.6694289028966628	0.2101425704479586	-0.24755685905806565	0.1557599957035893	0.16961482290763114	-0.6246879138033842	0.7461465311427818	-0.6654082889520291	0.7282137493566923	-0.11151173582052441	0.12042290901691005	-0.06811497897804597	-0.03582750238361379	0.7781953243459554	-0.6232886786055605
11:15:05.982231	-0.6677351341009796	0.6704207233057733	0.2089266329092919	-0.24701317072272985	0.15796358590666615	0.16455557480848992	-0.6235533205651087	0.7477634818170661	-0.6473284822041268	0.7446169604837212	-0.11157047571838051	0.11858940608359592	-0.0704979829257413	-0.025208369652234767	0.7611951039540431	-0.6441867634617088
11:15:05.992343	-0.6672906080147304	0.6714409566239868	0.20757846500119803	-0.24657953502053515	0.1596685596965537	0.15936338278581869	-0.6228050394279946	0.7491482804722859	-0.6302962757695966	0.7595659099402178	-0.11114258915236132	0.11590322723796492	-0.07336407060055344	-0.017700150144892263	0.746519091110956	-0.6610700904114761
11:15:06.002414	-0.6667398156147084	0.6725991182784774	0.2061742124813699	-0.2460907118782959	0.16107052837682903	0.1545398172982687	-0.6221265235865928	0.7504214272046658	-0.6143950188320406	0.7729072246642291	-0.11084257442866935	0.11334507748570428	-0.07226649295006847	-0.018066623237517117	0.7351162509211357	-0.6738362180479357
11:15:06.012486	-0.6662486948906882	0.6737558943659131	0.2047085125195464	-0.24547931942564566	0.16235505278155205	0.15063619182889867	-0.6210385947565008	0.7518381729936685	-0.6000396510802233	0.7844277892058823	-0.11071833252563575	0.11120661624129455	-0.0667723195253929	-0.025878851443113884	0.7257675059199699	-0.6842026525408176
11:15:06.022554	-0.6657116445649444	0.6749890049732942	0.20318639999603005	-0.24481245130191545	0.16339327839665838	0.14807325117306433	-0.6194540091324938	0.7534279523826488	-0.5874542072364559	0.7941770539803391	-0.11065501067217606	0.10925122399514349	-0.058837903447515244	-0.03582764452665088	0.717468418076288	-0.6931764205948451
11:15:06.032626	-0.6652189079920604	0.6762051822776436	0.2017812377118774	-0.2439563239970883	0.16455636595909545	0.14697764437296063	-0.6174525957129858	0.7550305070155826	-0.5773943817091928	0.801577210886557	-0.11102329601786698	0.10845981144791074	-0.05126941426664438	-0.0410765664302996	0.7100813875930246	-0.7010482050793777
11:15:06.042701	-0.6648058610843415	0.6773182740041257	0.20050378751946948	-0.24304599144673592	0.16613703865166884	0.14691104042416125	-0.6146826290451716	0.7569550159287278	-0.5701960650743396	0.806587561545429	-0.11175647561026716	0.10864365187672066	-0.04992703001352999	-0.036438186941414916	0.7043495432226602	-0.7071571757173086
11:15:06.052802	-0.664437179961427	0.6782923370302534	0.1994654330437207	-0.242190587000454	0.16699350946624655	0.14801142560513447	-0.6117602139547476	0.7589171406079348	-0.5659961863343913	0.8094728160429956	-0.11206394889571256	0.10882898740798229	-0.05523489170456182	-0.024840443009675868	0.7001098814840095	-0.7114620249724609
11:15:06.062931	-0.6641331495348363	0.679025943256599	0.19879438176959488	-0.24151960965989772	0.16662866252673375	0.1505761576752572	-0.6102393289165875	0.7597168360696904	-0.564992357588449	0.8103493066546222	-0.11144820621761996	0.10815236660329823	-0.05523489170456182	-0.024840443009675868	0.7001098814840095	-0.7114620249724609
11:15:06.073038	-0.6638394865057587	0.6795260208963416	0.1984316081859343	-0.24121861444196013	0.16473549612219973	0.154847704209715	-0.6106016684722069	0.7589795829120244	-0.5671548161343861	0.8092881733884875	-0.10974433484821634	0.1065093794828351	-0.062134781729951474	-0.015320068972709057	0.7005116796804057	-0.7107657497497887
11:15:06.083162	-0.6636251785461446	0.6797382151631024	0.19836124623148807	-0.2412683096470992	0.16125523093159197	0.1607059133394707	-0.6126722210792279	0.7568375713670478	-0.5720431338852938	0.8064880418295335	-0.10718179077065472	0.1041909549234098	-0.056641561770040136	-0.026001406588402044	0.707165015805695	-0.7042963160177728
11:15:06.093240	-0.6633845767246155	0.679863906535605	0.19836230328043059	-0.24157476811813672	0.15674409425405064	0.1674256427332013	-0.6159896414376476	0.7536290232689887	-0.5792308938658783	0.802073042812593	-0.10418831779020593	0.10156377317100332	-0.04882691205211431	-0.03979393332247316	0.7150090933631489	-0.6962717658631501
11:15:06.103345	-0.6631921394461728	0.6798543384217669	0.19829847791833385	-0.24218170525698637	0.15277459019007364	0.17352703152632015	-0.6193993372947931	0.750261790897477	-0.5884252975646894	0.7958786308726844	-0.10131583797919141	0.10033929978180162	-0.048280183985180476	-0.048280183985180476	0.7180380333775767	-0.6926466850364451
11:15:06.113960	-0.662961613567754	0.6798682943777583	0.19811944371579168	-0.24291909611486473	0.15216449297147422	0.17761679684997592	-0.6196445778766171	0.7492254918671665	-0.5953902638928978	0.7901509335066587	-0.10113394846443174	0.10461290746411346	-0.04717938672719338	-0.06194964751371446	0.7268555194490892	-0.6823616346830814
11:15:06.124055	-0.6627189501189154	0.6798698089311658	0.19787574473066158	-0.24377412845597235	0.15216449297147422	0.17761679684997592	-0.6196445778766171	0.7492254918671665	-0.5987017776752569	0.7878522322593757	-0.09924447859108652	0.10485978734285771	-0.016906924019727137	-0.1201185071148845	0.7276691269429132	-0.6751172800801511
11:15:06.134127	-0.6626376019631885	0.6797269018203952	0.19744244656451274	-0.24474318724070976	0.15722402202454985	0.1680270701217336	-0.6088158461548465	0.7592040411348507	-0.6039528708560641	0.7859627203651882	-0.09198150342396044	0.0950943479326678	-0.016906924019727137	-0.1201185071148845	0.7276691269429132	-0.6751172800801511
11:15:06.144264	-0.6626701632697277	0.6791499407481127	0.1970248951860257	-0.24658630004694668	0.15722402202454985	0.1680270701217336	-0.6088158461548465	0.7592040411348507	-0.612725501316042	0.7819131783404537	-0.08087073306542043	0.08148107822063115	-0.03271540870363443	-0.12372039821318469	0.7514778208193044	-0.6472279736816036
11:15:06.154560	-0.6626022277159949	0.6782273355176984	0.19690077253240598	-0.24939136905375414	0.16076724179284155	0.16064517099421374	-0.6077294709686117	0.7609283232465284	-0.6224957834190027	0.7765480784822013	-0.06933573977487863	0.0682981450775433	-0.026732572628428923	-0.1234092736408294	0.7731694750158392	-0.6215017969755519
11:15:06.164637	-0.6627439705038527	0.6771487943239769	0.1967845423562738	-0.25202337946310627	0.1660107279697018	0.1520340894751938	-0.602643355872366	0.7656024160485071	-0.6308566300610421	0.7707485994979527	-0.06372042586916872	0.06249972805558312	-0.004638774990581042	-0.14044501649114444	0.790300770763728	-0.5963877688548337
11:15:06.175274	-0.6633091303916198	0.676309208121967	0.19622183053082973	-0.2532268662122589	0.164065003146776	0.15283436305041928	-0.6019989308172067	0.7663691144013837	-0.6375925411202003	0.7652209159509812	-0.06323433587981307	0.06256292883861815	0.015014954237605372	-0.16180749464996683	0.800431340942914	-0.5769770829596893
11:15:06.185470	-0.6642280619041332	0.6760685694856274	0.19488010674077896	-0.252495772498153	0.15960431809111486	0.1560033028837054	-0.6038109058796938	0.7652462486525423	-0.6440901305935243	0.7593220235680883	-0.06512310900628167	0.06585551510569626	0.027711049485581035	-0.17743616928322484	0.805634674361639	-0.5645363363262974
11:15:06.195630	-0.6652322232728667	0.6764018257005145	0.19287400913315522	-0.25049206755774334	0.15398996563607184	0.15923892998197045	-0.6064995198278422	0.7636022433899703	-0.6565158943733889	0.7476444022108256	-0.06903304913874142	0.07245113114737937	0.0410155641112843	-0.18908663335827194	0.8097522158696558	-0.5539542557649052
11:15:06.205893	-0.6661331615554371	0.6767532064620384	0.19097770409629491	-0.24859449945164883	0.14917000995372817	0.15911874629679595	-0.6089481134649533	0.7626347276480496	-0.6565158943733889	0.7476444022108256	-0.06903304913874142	0.07245113114737937	0.05126929508769002	-0.18969639182445308	0.8103600367610243	-0.5519994104441293
11:15:06.215987	-0.6668659721969937	0.6766315364978832	0.1898791908754208	-0.24780119413507182	0.14788932154539552	0.15246699348757659	-0.6095017601949319	0.7637998224593808	-0.6625429420939415	0.742377688133451	-0.06848209866691869	0.07226631445778228	0.05957192778645048	-0.18341561782611032	0.8073339024911685	-0.5576933444516373
11:15:06.226058	-0.6674730067130311	0.6757736951652048	0.190244455186953	-0.24822720540434323	0.15045369248380355	0.1395892879149934	-0.6077352600654085	0.767161241715589	-0.6683366427643979	0.737672754744339	-0.06542985215008534	0.06988542976851465	0.06073091575331603	-0.17291526063230586	0.8023194850023511	-0.5680629476543843
11:15:06.236131	-0.6679564415808888	0.6742429468333405	0.19213513140502905	-0.2496291891507525	0.15520925494651142	0.12334954944824991	-0.6043578617697034	0.7716518325948658	-0.6735334524252088	0.7334709105386257	-0.061707505247112465	0.06756697162072552	0.052122574451173145	-0.1601517978452908	0.8015524242005351	-0.5737145197201728
11:15:06.246267	-0.6683803907588257	0.6722865495578911	0.1951858724907976	-0.2513979389585977	0.160703604584568	0.10565056571814933	-0.5996020552369146	0.7768459852458721	-0.6779870853748893	0.7296234802458973	-0.05902174212797245	0.06707848459011553	0.040404345806223374	-0.1492275309610516	0.8048521271097698	-0.5729848918864426
11:15:06.256339	-0.6688120179889399	0.6702158030239594	0.1986660995212629	-0.25304751109528606	0.16570728400355583	0.08782791222140583	-0.5948372706809043	0.7816623153714695	-0.6856689427581841	0.7219848605916468	-0.059204101341947535	0.07135009739045017	0.027343950825918534	-0.14422713348581584	0.8095762583816595	-0.5683635493101639
11:15:06.267013	-0.6693142773924032	0.6681546046520735	0.2020882338542994	-0.2544566133912939	0.1680302699641579	0.07299825749260183	-0.591981688478884	0.784853338710173	-0.6856689427581841	0.7219848605916468	-0.059204101341947535	0.07135009739045017	0.01702897572165984	-0.14569234784086754	0.8139728323442855	-0.5620782703253243
11:15:06.277192	-0.6697267166500738	0.6663698434690153	0.20513546839158825	-0.2556106342231394	0.16595415306666922	0.06396467540046684	-0.5919173874367628	0.7861307434713863	-0.6931881289695009	0.7140625095372185	-0.0618907072972681	0.07599006961055108	0.014953364696967187	-0.1496557152529124	0.8176133611451937	-0.5557768935942171
11:15:06.287288	-0.6699541844153795	0.6648274511102058	0.20793786155627203	-0.25676389303411695	0.15990546216083731	0.06084952128792168	-0.5937863516651856	0.7862221998304986	-0.6969244137612853	0.7104136671717989	-0.06176979389791739	0.076113570148916	0.01916545091976055	-0.1524080603396245	0.8219781131732972	-0.5484126640574795
11:15:06.298120	-0.6699678330490755	0.6636203196449483	0.2104444828599082	-0.2578066982599339	0.15063593397002956	0.062378413499744816	-0.5963181016560732	0.7860168386005028	-0.7007912468915732	0.7068946369533358	-0.06024045990959613	0.07458342655473807	0.02478059017191917	-0.15350538000585398	0.826548650512634	-0.5409615041717232
11:15:06.308182	-0.6697748665691711	0.6627560849348121	0.2125775341954094	-0.25877942721462416	0.13903493116737156	0.06713714850048672	-0.5990464659384337	0.7856877387697867	-0.7047146522209429	0.7034939443529004	-0.0575563759782045	0.07183865803430191	0.028259626702036286	-0.15405463886812007	0.8285624891579754	-0.5375432664467248
11:15:06.318735	-0.6694443960554778	0.6623031675417569	0.21411478312934137	-0.2595256721396692	0.1268946156080024	0.07251120891885851	-0.6011472193954861	0.7856601693632549	-0.7087413472485259	0.6999522709478209	-0.05480965637523048	0.06890879960761159	0.02917532127920438	-0.15436064333704577	0.8279565547121494	-0.538339610214608
11:15:06.328804	-0.6690577035144084	0.6622828991821608	0.21502374470728525	-0.259822901282689	0.11590694784378587	0.07592851138371227	-0.6019959065735967	0.7863850005367757	-0.7127691959360176	0.6962896889225971	-0.05249028159830238	0.06622320410948614	0.028625530670050033	-0.15393089200397905	0.8270275918532578	-0.5399177916999202
11:15:06.338878	-0.668639494072994	0.6625359843142263	0.2153928593869097	-0.2599484806259134	0.10656628513984052	0.07629315946437609	-0.60186147638257	0.7877726473653618	-0.7164903953476263	0.6927477627732821	-0.051025297769027644	0.06433093761788893	0.027893247262963102	-0.15350441327429365	0.8269706940172583	-0.5401646351799201
11:15:06.348963	-0.6681613601457352	0.6629122620391733	0.21564027454050264	-0.26001346434829925	0.09918094676901372	0.07336338339467968	-0.6012501579209564	0.7894803362813492	-0.7198290361501614	0.6893122888146449	-0.051024001544983454	0.06396310241524242	0.030944998636524695	-0.1546639576823542	0.8276413836514297	-0.5386382898763914
11:15:06.359075	-0.6676635219867028	0.6632689910804918	0.21594236591909266	-0.2601318155871037	0.0935051445967579	0.06799264430860856	-0.6004592771167783	0.7912537170707372	-0.7227634255361872	0.6860210186646466	-0.052489152673629545	0.06506213575591754	0.03680445944931729	-0.1581432080152257	0.8288022468694518	-0.5354652118554901
11:15:06.369178	-0.6670487969742478	0.6635698161500615	0.21655129761777211	-0.26043528380356074	0.08898802428639156	0.06109534452035525	-0.5992348576432046	0.7932629298012559	-0.725393684796462	0.6829137517196141	-0.05468681039778124	0.06664955017229589	0.03991581042778706	-0.16265387582576837	0.8310911171180067	-0.5303187718762106
11:15:06.379267	-0.6665041880616596	0.6636965696870408	0.21746835366883635	-0.2607422977471987	0.0852033347840283	0.05395397417555947	-0.5973998860072128	0.7955769834597486	-0.7278409439148548	0.6800506328804454	-0.056396229113402585	0.06780975167206739	0.0391226096986484	-0.16521825967900347	0.8340256810172081	-0.5249509610266379
11:15:06.389333	-0.6661507821852602	0.663587255260963	0.21851015211867617	-0.2610524917909436	0.08154543867420462	0.04766990090161213	-0.5952939097226929	0.7979367663082911	-0.7302898573022552	0.6773720715704494	-0.056824058265641415	0.06793252078373672	0.03417948695818322	-0.16345118941788336	0.8361156997145571	-0.522518906873226
11:15:06.399415	-0.6657712189946091	0.663512919113531	0.21960440465187053	-0.2612913997539349	0.07751678509487804	0.04303097125345592	-0.59340014542709	0.8000098442823358	-0.7328544434343481	0.6746875170919701	-0.05639689395630363	0.06738330186986927	0.02624458298481255	-0.15734543008103896	0.8379956380964565	-0.5218399640003426
11:15:06.410029	-0.6651769647978394	0.6632848299190788	0.22192911029592072	-0.2614197963139242	0.0728158052388848	0.039856429858333424	-0.591925967482569	0.801706288191745	-0.7355434336418845	0.6718830070143444	-0.055664725871827955	0.0667122208091096	0.0164795679136877	-0.14874335928021082	0.8403358927246379	-0.5209984878194007
11:15:06.420118	-0.6649336457434369	0.6631635818801581	0.22308908345807435	-0.2613590849158617	0.06768895229960746	0.037720263770205056	-0.5907676909899915	0.8031120237675697	-0.7382400795066225	0.6689633130543682	-0.0554214131618035	0.06646907371498238	0.007629446543510132	-0.14178563456459228	0.8422298628311705	-0.5200841119779986
11:15:06.430669	-0.6647033136223457	0.6631775048958231	0.22411078575165305	-0.2610353569335022	0.06219468184341397	0.03588858971926145	-0.5898423997396984	0.8043194478238561	-0.7408997378978711	0.6658881407418876	-0.05615188721196485	0.0671381260143058	0.004272438591390493	-0.14013598579760816	0.8436235172885627	-0.5183078359726866
11:15:06.440859	-0.6644741552272151	0.6631924470192816	0.22509237480278949	-0.260736069728177	0.0566402037376678	0.03393529448075787	-0.589106946633588	0.8053528968949641	-0.7434710233198469	0.662782353027684	-0.05749525523087561	0.06829850382521212	0.005798358128659036	-0.14324996345223956	0.8452175091123193	-0.5148331664761997
11:15:06.451471	-0.6642356891011658	0.6632591411800395	0.2259487752506217	-0.26043312371539784	0.05090430812207528	0.03167786080978066	-0.5883903240968894	0.8063510966435691	-0.7460252028108734	0.6596613263503166	-0.05889833270984969	0.06945730841845488	0.008300841271844358	-0.14764511056317278	0.8468078809232986	-0.5109289874015376
11:15:06.461539	-0.6640661390273535	0.6633337131387204	0.2265027060597894	-0.2601942969369125	0.04486180198253527	0.029236466870250877	-0.5874149418774415	0.8075124356856349	-0.7486059256865548	0.656563713217307	-0.05981523091502843	0.07025237835020176	0.00860593827639369	-0.14965787697671865	0.8481426828990548	-0.5081165684466488
11:15:06.471620	-0.6638497014898523	0.6634224745053503	0.22710165847602654	-0.2599981362826856	0.03839100887850532	0.027038500688677043	-0.5862410815231218	0.8087746560398633	-0.751161152464841	0.6536267800232374	-0.059875606611522636	0.07031263895665044	0.005066057901103344	-0.1476481212381806	0.8495718063308126	-0.5063616427416066
11:15:06.481686	-0.6636796042862847	0.6634965034206549	0.22765540959976474	-0.2597590947068629	0.031372597701985624	0.025207943289727745	-0.5850318073415023	0.8100111752977649	-0.7537128624406609	0.6508089928095204	-0.05914225959227472	0.06976223190296182	-0.0010986433064002204	-0.1433119157459843	0.8512044195031929	-0.5048876350301457
11:15:06.491763	-0.6635103966802317	0.6634493617803439	0.22820949068046972	-0.2598255688223481	0.023925360788040747	0.023742258537111864	-0.5837910100449228	0.8112040056985959	-0.7563911903972371	0.6478731934210177	-0.05810412436521986	0.06896813081165803	-0.006713945461119712	-0.13989420906260344	0.8527931452978601	-0.5031186585091798
11:15:06.501875	-0.663409060767917	0.6632869871529077	0.22882699133489012	-0.25995576316225577	0.0157468286582719	0.02288783235213939	-0.5825716261364546	0.8123044287323283	-0.7591074856744916	0.6448476791952242	-0.057190939461043554	0.06823849553622913	-0.01000971146275638	-0.138915263958741	0.8541823897638752	-0.5009738517457584
11:15:06.511945	-0.6632700523213392	0.6631479818230744	0.2294315014885354	-0.2601322318021117	0.007141181026040536	0.02246115057763177	-0.581365378402018	0.8133011724101722	-0.7617962182632846	0.641798512542139	-0.05645873743238027	0.06762841197305659	-0.011291250057786258	-0.1397063317960689	0.8553274503233331	-0.4987680836336719
11:15:06.522034	-0.663273615360468	0.6627853307443933	0.2299820541711828	-0.2605608782528608	0.0017700172267086133	-0.022399873179381417	0.5801384048229438	-0.8142079242859621	-0.7645467018848987	0.6385667886891114	-0.056214874056841106	0.06738460473263039	-0.012267898705800568	-0.1404399747365528	0.8564336051731024	-0.4966362774582051
11:15:06.532104	-0.6633446185384461	0.662368034631875	0.2303517289624674	-0.2611141220194583	0.01110871053307256	-0.02270571603463183	0.57887368514099	-0.8150253392753731	-0.7673092577539865	0.6352334357861511	-0.05627260067206296	0.06744167434124682	-0.013793439569174813	-0.14037571242965516	0.8574514712714024	-0.4948549027737583
11:15:06.542196	-0.6634736705224564	0.6618867049811884	0.2305983005734904	-0.26178827717302816	0.020630210326385356	-0.023193727585877028	0.577401744637886	-0.8158698858958374	-0.7700460953631887	0.6318577345592683	-0.05652050446308756	0.06775136064149805	-0.016418744629671418	-0.13922363011256694	0.8585965825486537	-0.49311166491864455
11:15:06.552623	-0.6634736705224564	0.6618867049811884	0.2305983005734904	-0.26178827717302816	0.030090362184910045	-0.02374269957389454	0.5756841706451755	-0.8167732794289375	-0.7728518198167914	0.6282549187627732	-0.05713073000699074	0.06878881700628052	-0.016418744629671418	-0.13922363011256694	0.8585965825486537	-0.49311166491864455
11:15:06.562745	-0.6636095416950829	0.6614733939934985	0.23058188618817468	-0.262502036128994	0.039368570046805905	-0.024170470912457578	0.5738655745427428	-0.8176455261193982	-0.7728518198167914	0.6282549187627732	-0.05713073000699074	0.06878881700628052	-0.010558942962821541	-0.14141659447894514	0.8611947121700112	-0.48809171603285467
11:15:06.573315	-0.6638183853406205	0.6610718032019365	0.23028565353899974	-0.26324463920320856	0.04803475260905177	-0.0240478939364249	0.5718393865237688	-0.8186049580592152	-0.7782066523644982	0.6209173548630619	-0.06005924281777774	0.07244951343973798	-0.013672092152490507	-0.13781957178715878	0.8631728893773248	-0.4855423797904553
11:15:06.583404	-0.6643263738044126	0.6600537859537778	0.22956004151767695	-0.2651445946165351	0.055786525076017834	-0.023254558045911155	0.5695840831612674	-0.8197079122220126	-0.7811633698274915	0.6166179799489918	-0.06262001855168421	0.07513181563072442	-0.021117692679903315	-0.13024611612402798	0.8653371295250555	-0.4835097150583644
11:15:06.593618	-0.66454531261863	0.6594794363376467	0.22924616037799178	-0.2662941953485565	0.06250182395868777	-0.0217901866730972	0.5671552228751238	-0.8209468088323735	-0.7842841329393107	0.6121078264006495	-0.06506201445239729	0.07739083895463392	-0.028929588634523617	-0.12279816947818885	0.8674604288238063	-0.4812443172641745
11:15:06.604283	-0.6646422543910316	0.658965724897197	0.22907543215442575	-0.26746830367724317	0.06768885357598098	-0.019409427806277683	0.565070700095971	-0.8220319927514084	-0.7876574619553275	0.6073598918184785	-0.06701649695675704	0.07885729878700373	-0.036194439383579954	-0.11657905433834352	0.8695820875174765	-0.4784624120200392
11:15:06.614711	-0.6646567884504385	0.6584923866475465	0.22905940560647345	-0.2686092310349293	0.0743414599163095	-0.012573350363513758	0.5623827682010474	-0.8234323774473986	-0.7913661980609503	0.6022830203968423	-0.0684800921043025	0.07940516918689622	-0.04272399208021834	-0.11266927054297579	0.8718135755340554	-0.4747856205600264
11:15:06.625244	-0.6646131051013492	0.6580823307193265	0.2290653855675786	-0.2697148784500746	0.07659698117138358	-0.008849850414223601	0.561568783870837	-0.8238295233875185	-0.7953600692588195	0.5969320449199029	-0.06933689192525662	0.07916368734776218	-0.04125983748209037	-0.1172487393536917	0.8770767228071576	-0.4639900658858742
11:15:06.635391	-0.6645637812411305	0.6577277100160196	0.22906942239143668	-0.2706962132443436	0.07849030318954138	-0.005126893831976264	0.5613338401510203	-0.8238430112382811	-0.799612977841273	0.5913022310759677	-0.06970139841956598	0.07824622834840944	-0.03771837704005966	-0.12212697808601843	0.8799733983229453	-0.4575031622852544
11:15:06.645486	-0.6645617597679273	0.657420528513992	0.22894665327787428	-0.2715498961432319	0.08026426560369272	-0.0017090490014474494	0.5618498592258491	-0.8233343564473088	-0.8040871054011842	0.5853343965991618	-0.06982508338993128	0.07714939283642758	-0.034974141776180516	-0.12640741294671876	0.8830207837277547	-0.45063540791193846
11:15:06.656102	-0.6646569394815985	0.6570887612909908	0.22869325548554176	-0.2723323474717073	0.08178731518760668	0.0014648474361959405	0.5627455567386072	-0.8225728707338621	-0.8088211605956855	0.578906482663	-0.06994484229117534	0.07604823167085906	-0.03210454857836645	-0.13098167537865854	0.8862320253952107	-0.44317704796106233
11:15:06.666194	-0.6647489445348728	0.6568141944853334	0.22839872834904912	-0.27301643824299754	0.0831906247951374	0.004333480822050444	0.5637797514546472	-0.8217134127783821	-0.8137380657139943	0.5720336897593425	-0.07031400027771688	0.07525795342224385	-0.0287475335340205	-0.13592517448038993	0.8897086970815644	-0.4348751091929853
11:15:06.676311	-0.6649097582012956	0.6565480327677012	0.2279027939346097	-0.27367866309662287	0.08447195797227322	0.006774846340261797	0.5648146669620061	-0.8208550309025308	-0.8188307634070815	0.5646856159095347	-0.07104345621689348	0.07482755783669365	-0.02593955966280246	-0.14050086198534414	0.8934194690449468	-0.42589705253420135
11:15:06.686429	-0.6651661779115876	0.6563770487485056	0.22705250337962066	-0.2741720013928108	0.0852028391773593	0.008910898653219524	0.5660251651366978	-0.8199247432010349	-0.8295337252023368	0.548404129272533	-0.07397504782173735	0.07519575818183202	-0.024231563334656064	-0.14392449960483375	0.8974223569507509	-0.41633121789846095
11:15:06.696505	-0.6654561558555954	0.6564230905463567	0.22570456428083935	-0.27447091010571517	0.08544848948100944	0.010925199726500493	0.5672559008832155	-0.8190237716754756	-0.835195504569118	0.5392394243545862	-0.07659824307470352	0.07617100187827092	-0.023559274414200783	-0.14617736326945824	0.9016610386554098	-0.4063059320604524
11:15:06.707029	-0.6658901004137107	0.6566128047892483	0.22393682661942294	-0.27441263899725415	0.08496071911297423	0.012817349866181459	0.5686020540635546	-0.8181131314585537	-0.835195504569118	0.5392394243545862	-0.07659824307470352	0.07617100187827092	-0.024536134000754915	-0.14746094464135293	0.9061890087293737	-0.39556886681316566
11:15:06.717161	-0.666315857458458	0.6570385825355226	0.22186114700572454	-0.2740458184472361	0.08373887536879512	0.014343028944363597	0.5698149711684193	-0.8173695473315629	-0.8470032748498957	0.5189932151076359	-0.08374205470159667	0.07885913606010415	-0.02880954250897975	-0.14673334786353245	0.9109186703474869	-0.38453414789528056
11:15:06.727305	-0.6664800938353331	0.6579965102233266	0.21935251439965084	-0.2733666978286133	0.08197038538943181	0.0153808913761257	0.5709850746970473	-0.816713125015627	-0.853442479896014	0.5076832259010973	-0.08660765779678493	0.07995492016475565	-0.02880954250897975	-0.14673334786353245	0.9109186703474869	-0.38453414789528056
11:15:06.737383	-0.6662825491729593	0.6594463779099168	0.2166211768976578	-0.2725312918703979	0.07952952453479573	0.015686176366417882	0.5728811337556352	-0.8156201353480239	-0.8600901808631543	0.49541243244863914	-0.08990298299825618	0.08202960566847001	-0.015258823197087568	-0.16095006708287965	0.9207173917122639	-0.35516436873541024
11:15:06.747908	-0.6657595921727525	0.6609379009569799	0.21453474206886916	-0.27184573006393836	0.07653625406493415	0.015075322770365818	0.5758529163498036	-0.8138232948180479	-0.8668215974475342	0.4816285893154832	-0.09594729975971862	0.0863037416413754	0.00042725582362931056	-0.17102440254418974	0.9262906256283453	-0.3357620408264054
11:15:06.757989	-0.665055933430123	0.662004098199625	0.21356742943024967	-0.2717354089235415	0.07269319917265152	0.013549865840746127	0.5799586721566202	-0.8112829583567456	-0.8732244796382481	0.4666718649132624	-0.10546808560948437	0.09258974876712256	0.01330560725855317	-0.17773361622434328	0.9311483685159962	-0.3181138762916474
11:15:06.768055	-0.664182681207523	0.6624126667106458	0.2141717541221465	-0.27239912757114276	0.06793052578418324	0.011413304871197004	0.5851912679413737	-0.8079643309353258	-0.8791413351398986	0.45061791706039095	-0.11846801801628319	0.10009662521726143	0.018494108957127612	-0.17883742324879176	0.9366686338484499	-0.3005445297191299
11:15:06.778129	-0.6632120312901925	0.6622964983922215	0.21612679944768742	-0.2735001943872034	0.06225565702478409	0.008300754269971213	0.5913677067775814	-0.8039524650298588	-0.8847544945883207	0.4333441578074694	-0.1334822074823853	0.10772569556763148	0.012939264220720805	-0.17510730683607545	0.9429793972176248	-0.2827717506349033
11:15:06.788205	-0.6622944493284677	0.6620503079776877	0.2184454736104125	-0.2744759136144244	0.05621464431588143	0.0037232283423113653	0.5981579959778914	-0.7993954360533106	-0.8900396189928002	0.41608833374529686	-0.14740403784581077	0.11389479694421652	-0.002014131966826149	-0.1671119189445453	0.9493275336973914	-0.2661705911311768
11:15:06.798299	-0.6615550569410896	0.6619212651098918	0.22045731761889617	-0.27496130007561664	0.04992698714180487	-0.002685559210561631	0.6050442830522148	-0.7946203491432244	-0.8900396189928002	0.41608833374529686	-0.14740403784581077	0.11389479694421652	-0.002014131966826149	-0.1671119189445453	0.9493275336973914	-0.2661705911311768
11:15:06.808425	-0.661070196306115	0.6620467564705409	0.22198433237608162	-0.27459651123453155	0.043944185488426726	-0.010863979190194386	0.6112514134258246	-0.790140868518295	-0.894969263377125	0.4003954421164796	-0.15796088478619652	0.1173109816688832	-0.002014131966826149	-0.1671119189445453	0.9493275336973914	-0.2661705911311768
11:15:06.818541	-0.6610871868980593	0.6623689550565728	0.2228445498444109	-0.27307765434234305	0.0375981193041349	-0.020385993259060153	0.6160964549609377	-0.7865087099887699	-0.9024148738465256	0.3836102456628619	-0.16052425554388652	0.11279422975098946	-0.002014131966826149	-0.1671119189445453	0.9493275336973914	-0.2661705911311768
11:15:06.828644	-0.6613894475160844	0.663037427867038	0.22308771047169512	-0.2705129227935849	0.0375981193041349	-0.020385993259060153	0.6160964549609377	-0.7865087099887699	-0.9024148738465256	0.3836102456628619	-0.16052425554388652	0.11279422975098946	-0.002014131966826149	-0.1671119189445453	0.9493275336973914	-0.2661705911311768
11:15:06.838831	-0.6618844067929076	0.663959662218116	0.22284581051280947	-0.2672196544577047	0.019409110889821196	-0.03814683744068632	0.6235939810103873	-0.7805758464462996	-0.9052472046912674	0.3794445706287493	-0.1570999396490913	0.10894459684290132	-0.010559276158015624	-0.17901940445930534	0.9736507125587586	-0.14087173047803503
11:15:06.848984	-0.6622852676345533	0.6650928542451136	0.22228761816653242	-0.26385210690113114	0.006347778224031082	-0.04419030225190868	0.6255003003833705	-0.7789456316835064	-0.912568013362497	0.37031303170826496	-0.14178954551809783	0.09991798795227126	0.0491935577288621	-0.20904210325229863	0.9717863848125836	-0.09753263678749584
11:15:06.859079	-0.6625430938890249	0.6662662747943432	0.2217428890003526	-0.2606836991248296	0.00793478963146098	0.048280143065274124	-0.6256276440190388	0.778585973376279	-0.9159621035934418	0.36578669199943337	-0.13397326696792194	0.09625323098333163	0.10760734141018127	-0.2277882008750973	0.9643766274990722	-0.08069024693378313
11:15:06.869187	-0.6627024837386527	0.6673410349234139	0.22118565123124675	-0.257988892868234	0.023193268912638742	0.04974345832579099	-0.624631352768276	0.778988660873706	-0.9183829869085023	0.36266576116237925	-0.12768373819449635	0.0935045348537134	0.12048084329751223	-0.232966250692302	0.9600016130833687	-0.09802038213566597
11:15:06.879315	-0.6628406745909469	0.6683338293527502	0.2204586111070442	-0.25567583663549504	0.038636535788685276	0.04974530279269905	-0.6233727330329268	0.7793837685398456	-0.9193180475648302	0.36224622309768073	-0.12353603294856037	0.09149234851279249	0.09368649336639043	-0.22197900740948664	0.96304832496956	-0.12035815304138237
11:15:06.889437	-0.6633736936011488	0.6695991160638701	0.21874425594502875	-0.25243477750799076	0.052794542334961	0.05090248359232078	-0.6226704287875978	0.7790399287438639	-0.918935047792824	0.36474201950118995	-0.12029894920295271	0.08972067748774251	0.09368649336639043	-0.22197900740948664	0.96304832496956	-0.12035815304138237
11:15:06.899562	-0.6633736936011488	0.6695991160638701	0.21874425594502875	-0.25243477750799076	0.0649406259330716	0.05438167077666052	-0.6229783542282535	0.7776395817793846	-0.9177054288517573	0.36925497769041843	-0.11718505077117412	0.08794982195899058	0.019043069947553646	-0.18292333536159705	0.9673513320473647	-0.17437836807743837
11:15:06.909753	-0.6639512212675825	0.6698717276532192	0.21789904945075103	-0.2509196056840441	0.07494980920397269	0.06042370611720926	-0.6238900241718314	0.775559629930685	-0.9157961335633374	0.3756814984059145	-0.11316222551495785	0.08587877632122205	0.0028076582197982137	-0.17059575487686973	0.9651630310797642	-0.19836715683356945
11:15:06.919857	-0.6639512212675825	0.6698717276532192	0.21789904945075103	-0.2509196056840441	0.08300946336398564	0.06854384364540873	-0.6259279755865241	0.7724152638759105	-0.9129740280102435	0.38415954888999015	-0.10888793060370867	0.08392427386776874	0.0028076582197982137	-0.17059575487686973	0.9651630310797642	-0.19836715683356945
11:15:06.929955	-0.6645461666965709	0.6694289452909615	0.2185043420989827	-0.24999826403280256	0.08953861307818699	0.0783081394542017	-0.6284792766640023	0.7686770914156011	-0.9092198396826338	0.3945832223634441	-0.10418461880501147	0.08227350096611333	0.012817617216178266	-0.17334301378069655	0.9590629491324242	-0.22357586601362375
11:15:06.940292	-0.6649146526650167	0.6690650286867921	0.21905440503164542	-0.2495108408384972	0.09558261928508649	0.08874656988538682	-0.6305034848115859	0.7651492435235276	-0.9045889657231069	0.4064882606919838	-0.09973000269830352	0.08087041222475654	0.03240994385271111	-0.18921059499699514	0.953926577163883	-0.23059278319311213
11:15:06.950824	-0.6652748747087169	0.6686928006705232	0.2197238118304019	-0.2489592856822804	0.10266168774109898	0.09826713273672374	-0.6311679625033915	0.7625163287452732	-0.8990202586567259	0.4200920869201795	-0.09496778835504857	0.07916016805687533	0.03240994385271111	-0.18921059499699514	0.953926577163883	-0.23059278319311213
11:15:06.960937	-0.665671654701119	0.6682962541098985	0.22040531314191644	-0.2483603487051947	0.11065945496693187	0.1063868891380928	-0.6306917529913442	0.7606998274974472	-0.8925878976665148	0.43512439294752353	-0.08966162620843204	0.0769051388853808	0.061034994246901245	-0.2114252200712659	0.9389013165000818	-0.2646477350545638
11:15:06.971005	-0.666084588143692	0.6679156646253479	0.22107196721858813	-0.24768361208532044	0.11846947814608572	0.11340354992036439	-0.6297620172649729	0.7592788810599208	-0.8851304164218207	0.4514152916739612	-0.08477769607019092	0.07470691143982268	0.061034994246901245	-0.2114252200712659	0.9389013165000818	-0.2646477350545638
11:15:06.981073	-0.6664966922415076	0.6675342786671583	0.22173832261111698	-0.2470066038004928	0.12487734004238689	0.12017765520208201	-0.6289643153161275	0.7578699566502043	-0.8765390155571854	0.468879097382515	-0.08075072192619986	0.07287706876786292	0.034607205426615564	-0.1913467178349908	0.9293285887577576	-0.3139062742664618
11:15:06.991147	-0.6668640481626377	0.6671692211665562	0.22241008525577996	-0.2463966833637716	0.1290283505945915	0.12774661201252602	-0.6285401865766809	0.7562867985892069	-0.8668766373218929	0.48730149069759865	-0.07733103566055329	0.07128859483151243	0.017821905453279135	-0.17620493508087967	0.9233211838945437	-0.34075239090978565
11:15:07.001223	-0.6672316936806872	0.66686548528679	0.22295987715107488	-0.2457258323050171	0.13085854530134042	0.13635167453507205	-0.6287801929544818	0.7542676785606179	-0.8561929986473652	0.5064648918431591	-0.07427907608738547	0.07006769050806781	0.010681257411833527	-0.16662761562460301	0.9148649562627014	-0.36761836223699046
11:15:07.011306	-0.6676168970532398	0.66657927708159	0.22339347624930128	-0.2450614227161051	0.1309241011071986	0.14551191470375827	-0.62916812783823	0.7522184718159047	-0.8444693444971593	0.5262980021392747	-0.07153209538527541	0.06902969273101237	0.010681257411833527	-0.16662761562460301	0.9148649562627014	-0.36761836223699046
11:15:07.021404	-0.6679552907728863	0.6663073747594664	0.22387244211942134	-0.24444087532395922	0.12982593574103987	0.15472907715257925	-0.6295978030883057	0.7502071350226239	-0.8315925122383604	0.5466843399720362	-0.06988428818443469	0.06860256761511319	0.010681257411833527	-0.16662761562460301	0.9148649562627014	-0.36761836223699046
11:15:07.031473	-0.6682577457702223	0.6660605333446376	0.2242377347666268	-0.24395161291840156	0.12805250293981857	0.16345309955807155	-0.6298864777592601	0.7484174409189968	-0.8174951543184678	0.5674370949454081	-0.07006752554558765	0.06933511238657454	0.02062971877321731	-0.1630236060451581	0.8826834109416235	-0.4403041160650582
11:15:07.042022	-0.6685242190833516	0.6657776117740526	0.2246724779006498	-0.24359355047581996	0.12622277562115658	0.1712674605381844	-0.6301983357294205	0.7467163621611361	-0.802227155665007	0.5883039830687008	-0.072202885358468	0.07153151448869356	0.016357315359658918	-0.15490621784632214	0.8714542862134702	-0.4650848620917946
11:15:07.052427	-0.6687624885520976	0.6655276239091058	0.2250367158247316	-0.24328623522576082	0.12506220688269945	0.17730879013872225	-0.6304990713022378	0.7452462401355588	-0.785713756228043	0.6093203160432341	-0.07574541843230026	0.07513506050778535	0.00537115471810591	-0.14056556040679447	0.8603002926329865	-0.48999579632902557
11:15:07.062523	-0.6689381916794594	0.6653371557935936	0.22527836363949677	-0.243100439549205	0.1248770958131295	0.18145630784576444	-0.6310993014211921	0.7437694474969678	-0.7681819275884045	0.6301826157913775	-0.08019951158836512	0.07958916522924515	-0.008605967258308778	-0.12341323259787482	0.8482065743880645	-0.5150152604653154
11:15:07.072590	-0.6691229926783983	0.6651557396888793	0.2254620391274289	-0.24291795228131213	0.12579731533370944	0.1834773070806068	-0.6313059837440839	0.7429427085113592	-0.7495773292563943	0.6509439147072262	-0.08502249162561333	0.08471731398158744	-0.02020239325483002	-0.10803092465573758	0.8342794966775575	-0.5402766921201068
11:15:07.082711	-0.6691673257739762	0.6651391386615096	0.2255174451600549	-0.2427898232332066	0.12725896401611936	0.18414402610869646	-0.6309847338122984	0.7428017228183083	-0.7301596478275293	0.6712610387701385	-0.09014844101322918	0.09027051066930668	-0.026732637654694153	-0.09612763540215363	0.8191295204649548	-0.5648642956488455
11:15:07.092812	-0.6691703469198002	0.6652642084481778	0.22533536308171306	-0.24260781913591806	0.12908766611664094	0.18365238172339127	-0.6304849129952249	0.7430322682288353	-0.7100052195787265	0.6910847675827319	-0.09515156342501802	0.09612810288287581	-0.026732637654694153	-0.09612763540215363	0.8191295204649548	-0.5648642956488455
11:15:07.102934	-0.6690706367561232	0.6655305804769903	0.22509875099038337	-0.2423717842144285	0.13141220004786228	0.18188962198914516	-0.6294723730114276	0.7439163465784233	-0.6894537568304758	0.7102057289730361	-0.09973153670865771	0.10156259307417774	-0.03143354447626012	-0.07605086682994197	0.7888293763323997	-0.6090783307351452
11:15:07.113010	-0.6688632625932287	0.6659336671370306	0.2246633515471918	-0.2422409242843804	0.13384909791335808	0.17883167208670275	-0.6279860321160698	0.7454778303300299	-0.669321459776966	0.7280381517617773	-0.103456125690494	0.10614171243408206	-0.03479022672915524	-0.06286655005443842	0.7740520269809592	-0.6290317134573227
11:15:07.123276	-0.6685274268609458	0.6665132385028328	0.2240631958373534	-0.24212985504951812	0.13641589132524642	0.17468558432789943	-0.6261092676574397	0.7475712917009477	-0.6499646646215702	0.7446303792265149	-0.1057130997393708	0.1090700399735887	-0.039856951925305875	-0.04742550022352629	0.7586248935369475	-0.6485757598136298
11:15:07.133651	-0.6680410476224324	0.6672475772141098	0.22339243803545938	-0.24206951072366992	0.13830453211883595	0.1702866922381078	-0.6240793649228145	0.7499328270715522	-0.6316436140023092	0.7597545373563382	-0.10711513601063412	0.11102132900475412	-0.04418905458890373	-0.03289765251853469	0.7445611559807136	-0.6652772030649872
11:15:07.143748	-0.6675010708410941	0.6680504042022472	0.2226020853472449	-0.24207290114811442	0.13940622048155668	0.16552962782223368	-0.6220788962994859	0.7524517890090328	-0.6145078673538381	0.7733839081486376	-0.10791119482335974	0.11230576836820244	-0.045653528068080734	-0.024169514859572153	0.7326536777128893	-0.6786384740494514
11:15:07.153871	-0.666881543949024	0.6689567748198154	0.2218055583663512	-0.2420085412555263	0.14001174741509756	0.16064120278837699	-0.6205926101642162	0.7546230361988955	-0.5990097636723487	0.7853534368424813	-0.10809519986384039	0.11279499116226824	-0.045653528068080734	-0.024169514859572153	0.7326536777128893	-0.6786384740494514
11:15:07.163948	-0.6662706433047734	0.669871776316406	0.22101190906985935	-0.2418862733067806	0.14013870205989648	0.15283419423257003	-0.6194545675983839	0.7571518288558431	-0.5855055393087568	0.7957089248377215	-0.10717687136726539	0.11199860988549658	-0.04083183922290952	-0.02392538262388719	0.7125125427328037	-0.700061578306087
11:15:07.174061	-0.6657125894385881	0.6708395590464401	0.220093481022788	-0.24157792509378673	0.14062510110681606	0.15032969792798956	-0.6187748589500439	0.7581182208540634	-0.5743920874685645	0.804124508808664	-0.10595522939596513	0.1105938223879544	-0.034851121022692194	-0.02825931529510768	0.7042245785636122	-0.7085580804771168
11:15:07.184642	-0.6652152924601326	0.671745986679165	0.21923601527817196	-0.2412084444263184	0.14062510110681606	0.15032969792798956	-0.6187748589500439	0.7581182208540634	-0.5660409257575709	0.8101208979491308	-0.1054078799636969	0.11041277061628703	-0.02813690756739252	-0.030151046286967256	0.6971361349994737	-0.7157516595288765
11:15:07.195277	-0.6648064715858978	0.6726191073151482	0.21832654690256667	-0.2407268384075267	0.1439192492772848	0.14806959234380532	-0.6147390494999205	0.7612217459653503	-0.5605363110956673	0.8137664019859029	-0.10558883037843035	0.11150912896034235	-0.02410837062720595	-0.018920493403629987	0.6878514859964837	-0.7252042020062307
11:15:07.205593	-0.6645005453645634	0.6733507868523801	0.21747179600752634	-0.24029931543127453	0.14593154701036767	0.1478235913254331	-0.6113744485164588	0.7635924653478503	-0.5577433229565177	0.8153745952479886	-0.10601883913060531	0.11334311126398046	-0.02532905342376248	-0.013793653189808002	0.6876075081255617	-0.7255095374656979
11:15:07.216064	-0.6642882194632922	0.6739315067359125	0.21666879631520464	-0.23998357946799567	0.1472796461848519	0.14874450797865066	-0.6086500753233912	0.7653292513517852	-0.5609677745048183	0.8131011524266336	-0.1045520397918348	0.11511100236275566	-0.02532905342376248	-0.013793653189808002	0.6876075081255617	-0.7255095374656979
11:15:07.226153	-0.6641104045095785	0.6744251419750797	0.21587707938152553	-0.23980238758552835	0.14739942462261166	0.15142773187937866	-0.607358871395283	0.7658056234947861	-0.5668281220989959	0.8095016026056835	-0.1020498137342006	0.11401259094227675	-0.02532905342376248	-0.013793653189808002	0.6876075081255617	-0.7255095374656979
11:15:07.236502	-0.663877605219185	0.674863903733431	0.21514834590398338	-0.2398675175610368	0.14557323766174796	0.1562547121233018	-0.6079284893547211	0.7647325344503313	-0.5668281220989959	0.8095016026056835	-0.1020498137342006	0.11401259094227675	-0.021300689441823135	-0.023680995711826292	0.6990776414516968	-0.7143360149773581
11:15:07.246646	-0.6636337779874918	0.6752304318840818	0.21447706206640724	-0.24011177067992207	0.14282486265336244	0.16223439527035785	-0.609935407049167	0.762403999744936	-0.5748416056358864	0.8045829311416707	-0.09869599451191637	0.11163572910469699	-0.02117955352209731	-0.03900211729285354	0.7097286696107997	-0.7030757262854147
11:15:07.257469	-0.6632551225269331	0.6755839653308753	0.21392373281097823	-0.24065657017794212	0.1405002289480957	0.16784345334807263	-0.6124149857798402	0.7596289528618588	-0.5931433683633502	0.7924244033197547	-0.09216366394614724	0.10839911733003808	-0.02624553678043724	-0.04937823082645052	0.7187614909916952	-0.6930042432676381
11:15:07.267610	-0.662769851252935	0.6758921938277007	0.2135584961353734	-0.24145110337568937	0.1394660492739681	0.1715707065685446	-0.6137116522756015	0.7579384682206285	-0.5990032732702079	0.7875422085801399	-0.09210270423525002	0.11175616398591305	-0.010742222695798942	-0.08544949871658249	0.7163109406698658	-0.6924461163854488
11:15:07.277818	-0.6623644467395233	0.6760365473725545	0.2133824277369493	-0.24231356925505967	0.14032034826059567	0.17218081880954345	-0.6120628326912804	0.7589750024447618	-0.6022808071070908	0.786297490672948	-0.08776649783340054	0.106259716778825	-0.010315000602245418	-0.10754456249204987	0.7136881777636431	-0.6920816084547976
11:15:07.288302	-0.6621269634329555	0.6757381648383344	0.21332353772107113	-0.24384192652236886	0.14215265691477968	0.1688253538111982	-0.6066970415340962	0.7636814269290354	-0.6090141819161171	0.7838814530315386	-0.07812569180723891	0.09234700914402537	-0.01672414475828722	-0.11798456867798979	0.7221290388149494	-0.6814173433632064
11:15:07.298426	-0.6616785374916614	0.6738244676605426	0.2139270615172284	-0.24975450377417938	0.1431895522133133	0.16327026946743953	-0.6035811943041156	0.7671566418453261	-0.6188228601319156	0.7792810216159679	-0.06451284773246226	0.07494964712910468	-0.00585955201024171	-0.12195192621315558	0.7401957002937626	-0.6612138221557129
11:15:07.308638	-0.6618633000887922	0.6726054561949918	0.2141107023894765	-0.25237963351781223	0.1459908331040816	0.1559392050923614	-0.6034938786509861	0.7682218295489444	-0.6290453135360223	0.7732142472224268	-0.05261372601087243	0.06060954748120223	0.012084826127402503	-0.13018653600883606	0.7608557702232304	-0.6356130267210589
11:15:07.318813	-0.6624648384341267	0.6718030658415729	0.21361958121609023	-0.25335282332228304	0.15020750945905192	0.1488647361115919	-0.6029662681617123	0.7692260226381274	-0.6375163370538548	0.766972742117639	-0.04797394360213785	0.054993032042654204	0.038269181683589754	-0.15020806399252692	0.7771024261490665	-0.609987562592976
11:15:07.329277	-0.6635169555610128	0.6715736419867375	0.21222044471397677	-0.2523818058361501	0.1519792019030373	0.14605872696946515	-0.6013249386139452	0.7706993503733542	-0.644351597511234	0.7611735126042057	-0.048523209247080715	0.05542021886333244	0.061462510644618974	-0.17553741868314218	0.7838758929581345	-0.5924082704237058
11:15:07.339825	-0.6646649133302747	0.6717449068974292	0.21032463648632935	-0.2504852896517399	0.15130565012577726	0.14709423832316387	-0.5971659866198487	0.7738621774686285	-0.6513639723690846	0.7549401212737263	-0.0499875462303486	0.05737276368318399	0.07775818060927338	-0.19372407005795422	0.7851501062462266	-0.5830642852122359
11:15:07.349896	-0.6656466504124856	0.671811175599691	0.2087393677251697	-0.24902240360195685	0.1474003704600608	0.15155077426597555	-0.5960712289494633	0.7745996279538847	-0.6584053278648481	0.7487399793193743	-0.05035546449323256	0.05792404339888206	0.08813456567417975	-0.20257522401149763	0.7885113946985652	-0.5739733072022066
11:15:07.360001	-0.6664946029415444	0.6712552786768411	0.2081880119627846	-0.2487147900171056	0.14080870450989383	0.15838690429266342	-0.5985743238528516	0.7725252592031756	-0.6652857310799322	0.7429227448353151	-0.048462098208941845	0.05578634478963835	0.09814714880588638	-0.20331352778134798	0.7869472571855056	-0.5742340646553352
11:15:07.370180	-0.6671101262154041	0.6700397955711535	0.20910515026660334	-0.24957120824288997	0.13391639158278915	0.16309234198232114	-0.6015250861660835	0.7704770332495658	-0.6719283080445223	0.7376013809354212	-0.04333446259529574	0.05078066602716346	0.10528335737723914	-0.19805477952993683	0.7815381978061143	-0.5821406740081779
11:15:07.380871	-0.6674909946011688	0.6682844641448608	0.2113680792157871	-0.2513467369941124	0.12884464678427832	0.16247486960670243	-0.602841580430278	0.7704433805580033	-0.678174037176428	0.7324963207770959	-0.037415235783381365	0.0461434229237134	0.09997451445036849	-0.18621626592678528	0.7805702474394155	-0.588250531301985
11:15:07.390946	-0.6677107894318005	0.6662459759997745	0.2144731000057904	-0.25353479152648073	0.12811606636370193	0.1543008174213618	-0.6026154946206904	0.772419637843091	-0.6836131481648554	0.727742818354426	-0.033081993420120685	0.044373817742486596	0.08746620949825938	-0.1741999734180267	0.7849985487488582	-0.5880317252660369
11:15:07.401049	-0.6678540490366791	0.6641918992521606	0.21789791217884705	-0.25561805495938694	0.13238561441755262	0.1397708884353137	-0.6007096436595448	0.7759420544446041	-0.688389644823702	0.7231783758769434	-0.031859153701389524	0.04601877756867376	0.07092372082349455	-0.16736044965406371	0.7911473918366061	-0.5839915325638518
11:15:07.411134	-0.6680326196952466	0.6622342552483714	0.22113130937924882	-0.2574473814412563	0.1387335753088424	0.12255918135510582	-0.5961332292307363	0.7812537456899176	-0.6928739833609828	0.7185088558954801	-0.033691546759624956	0.05035421390704817	0.05358855286639542	-0.1644277464943841	0.7967482563985487	-0.5790371310290356
11:15:07.421202	-0.6680837098322745	0.6605764655138595	0.22399663941937212	-0.25909148074529553	0.14551107905657829	0.10437246022934096	-0.5897349185590014	0.7874932642567001	-0.6972392279351527	0.7137180962424435	-0.03704693726861324	0.05560092232571114	0.03906185151004691	-0.16247288862460138	0.8015613998147595	-0.5740871489117207
11:15:07.431305	-0.6679674460940057	0.6593004708248766	0.22631791759106115	-0.26061960844493826	0.15111978931264572	0.08782769661587124	-0.5843379898543094	0.7924633862824685	-0.7016044438737254	0.7089287181899365	-0.040100401881255986	0.05969283567712079	0.03338585468086525	-0.160215481786602	0.8063874077579374	-0.5682919432057338
11:15:07.441419	-0.6676676607926332	0.6583902602587197	0.2281508104984791	-0.2620865650830576	0.1522220012171784	0.0775148121675287	-0.582581796959891	0.7946183776449262	-0.7060094817195118	0.7043614955514106	-0.04132172725201949	0.06097548821974516	0.03674399083927856	-0.15857290398745133	0.8128845016569964	-0.559216684500781
11:15:07.451490	-0.6672354755490203	0.6578971085750905	0.22943085918301934	-0.2633053276178626	0.14831462937160947	0.07421834951270663	-0.5838591541435458	0.7947344810895995	-0.7105168486421698	0.6999576686047937	-0.04040564846672248	0.059937079749730324	0.045166731321118	-0.15826666799413375	0.8177619814058634	-0.551522411104895
11:15:07.461566	-0.6668281467473854	0.6577946853543775	0.22998704411388088	-0.2641066719428775	0.1409256281384934	0.07592528428076474	-0.586406858014138	0.7940417592385445	-0.7149760948125379	0.6958107803365999	-0.03759819655152154	0.056946619127548045	0.05352892890159086	-0.16119715077434604	0.8170943799379669	-0.5509146091969888
11:15:07.471630	-0.666496354575536	0.65801256398158	0.22991682854267806	-0.26446233556554927	0.13134773111421089	0.08087162812561777	-0.5899051213842231	0.7926029908220923	-0.7194739188346281	0.6916422165111983	-0.03399618025032981	0.0532220272500675	0.05853351390930197	-0.16394266773762783	0.8152577114562528	-0.5523146687854782
11:15:07.481704	-0.6662166459468047	0.6585260094475562	0.22931524863235414	-0.26441140725987705	0.12103556744955883	0.0864278182090647	-0.5928484451021507	0.7914615245176144	-0.7238702803524104	0.6874936625539251	-0.030334193029945025	0.04943802083351201	0.06127933419933242	-0.16540537418345702	0.8143925858781798	-0.5528567820493556
11:15:07.491847	-0.6660043772110776	0.6589854527811588	0.2286948681643977	-0.2643387974432897	0.11138818626504277	0.08978192986075502	-0.5938668780048582	0.7917411245096628	-0.7278377173771375	0.6836486601544083	-0.027343505021799382	0.04614216472428646	0.06243851371459712	-0.16790650168998697	0.8138368933239863	-0.5527914161418437
11:15:07.501914	-0.6657687785019677	0.6592990782341634	0.22833159152693996	-0.26446425717354477	0.10327312696025556	0.08978414288329546	-0.5935152993862441	0.7931034348236174	-0.7312690556757702	0.6801211157161429	-0.026062255802817284	0.04473918853270508	0.06512603510602251	-0.1701699961345743	0.8147163229570651	-0.5504889509102315
11:15:07.512036	-0.6655254830562443	0.6594219844955671	0.22833188115493488	-0.2647697675621779	0.0968028988174235	0.08642679995300862	-0.5926583527851086	0.7949312447655257	-0.7342378846030424	0.6768049794150571	-0.02709905409507488	0.04577542921465352	0.06616118105374207	-0.17126224542140242	0.8176154809925541	-0.5457076750936418
11:15:07.522097	-0.665266225680233	0.659407000206352	0.22857082708004334	-0.2652520198904855	0.09204141851106079	0.0800174400981437	-0.5913722174759072	0.7971226298106459	-0.7368684239761468	0.6736367758986773	-0.030028929395863845	0.04833925219821985	0.061094302291363506	-0.17003868749624249	0.8213857345026674	-0.5409988966140321
11:15:07.532253	-0.665113274408246	0.6592537833241685	0.22894740683723322	-0.26569129884363535	0.08831564855256414	0.07183657107558258	-0.5898899400556548	0.799418358494461	-0.7391431781135235	0.67072207962754	-0.033752780965877666	0.051575225888185576	0.052917748473067676	-0.16528404021345705	0.8245891371062796	-0.5384548754664396
11:15:07.542405	-0.6649754832367789	0.6590550957311371	0.2294302745743049	-0.2661122631401887	0.08477823344390767	0.06396514661570572	-0.5883816921521022	0.8015785023893732	-0.7412806741487739	0.6679765910155768	-0.037048774739259424	0.05419985497275514	0.04364056624078531	-0.1576553602796482	0.827217614351557	-0.5375419117239107
11:15:07.552551	-0.6649212824082988	0.6588177274017971	0.2299819526449853	-0.26635914048373566	0.0806894494331533	0.058411348795406735	-0.5868601031011869	0.8035375202628314	-0.7433626564988939	0.6654191379547533	-0.039124350342047046	0.055665222327530274	0.03558356171056363	-0.1499026201734893	0.8291641266518128	-0.5373545065176709
11:15:07.563350	-0.664834977208699	0.6586706209525639	0.23052251068734564	-0.2664710833097567	0.07574398725816059	0.05523634848399302	-0.5855052939303259	0.8052299950821213	-0.7455061331624564	0.6629840853455544	-0.03967406145043366	0.055665760065839225	0.031982555257325136	-0.14556945474946653	0.8300815868313395	-0.5373557566516994
11:15:07.573462	-0.6647808938784786	0.6585554393085552	0.23107422550715387	-0.2664128352717186	0.07000786629286945	0.053894460276027664	-0.5844771818836251	0.8065858352748647	-0.7477374053228618	0.660579702702582	-0.039062275684158966	0.054748220763579054	0.03283583922759785	-0.14629648072221568	0.8307223191948593	-0.5361152635227129
11:15:07.583534	-0.6647482028258656	0.6584614463396784	0.2316334064570893	-0.26624108536648844	0.06396546366423399	0.0531011005609576	-0.5838069274316775	0.8076250145087253	-0.7499398462703845	0.6582038986066432	-0.038208052719562194	0.05383307108411158	0.03564516691466979	-0.15033227073772548	0.83155779802305	-0.5335178150704257
11:15:07.593625	-0.664744214479933	0.6583964596083957	0.23218134164738455	-0.2659343074546936	0.057799853499783144	0.05175741897340666	-0.5834916572945373	0.808404497998551	-0.7521433208422531	0.6557068648712429	-0.038086296535386345	0.05365040810032788	0.03826870830580615	-0.15490587189814356	0.8323291469956595	-0.530818111859005
11:15:07.603761	-0.664726965493723	0.6584404098564213	0.23260255858016513	-0.265500165264686	0.051758050336322844	0.04943870374106309	-0.5833156687078271	0.8090857491253486	-0.7541552537938707	0.653263489912253	-0.039062751896089126	0.05450474600501186	0.03808582647846721	-0.15704299924534634	0.8333715941297937	-0.5285629123453942
11:15:07.613919	-0.6647550925189679	0.658468270874541	0.23291758636051615	-0.26508413982277823	0.04016212859139064	0.04223737535751113	-0.5822287912359807	0.810933192196377	-0.7559845924919121	0.6508816158835581	-0.04107683115994323	0.05615257751433547	0.03405796070543546	-0.15539707519003348	0.8349693592300306	-0.5267997470405259
11:15:07.624470	-0.6647838606223049	0.6585583782698008	0.23315041751535115	-0.264582999981426	0.04016212859139064	0.04223737535751113	-0.5822287912359807	0.810933192196377	-0.7577579617031855	0.6485651309752758	-0.042969118408299846	0.057617681502038436	0.02056910312852154	-0.14618101481545723	0.8384503551231465	-0.5246036836487912
11:15:07.634545	-0.6648675437177383	0.6586418492846886	0.2332193963596326	-0.26410372364515317	0.02801548285008538	0.03479046889879884	-0.5797801124029651	0.8135476490387539	-0.7595173633320683	0.6463587976283031	-0.04406714370988053	0.05841032760437073	0.02056910312852154	-0.14618101481545723	0.8384503551231465	-0.5246036836487912
11:15:07.644614	-0.6649666100561812	0.6587411310083858	0.2331502937507675	-0.26366734790662716	0.020996487033834797	0.032471311343023584	-0.5787461920198301	0.8145904533533698	-0.7613588852718682	0.6441704084623455	-0.04425085712859584	0.05847216707475147	0.015868848121401453	-0.14330790534250235	0.8397062017470814	-0.5235499199437756
11:15:07.655266	-0.6651653651373761	0.6588176684981499	0.23291163822391517	-0.2631852683494555	0.013183753639348724	0.031433486686410154	-0.578009939651076	0.8153175051593531	-0.7633152881893494	0.6419148317517501	-0.04388483065793557	0.0580451654460316	0.013916210552000034	-0.14575399472884246	0.8418086663736161	-0.5195385272746679
11:15:07.665600	-0.664232978415969	0.6600216326922989	0.2316850487978515	-0.2636058287033511	0.004577620833939282	0.031127821670787117	-0.5775736793542323	0.8157320326079801	-0.765289132050074	0.6396127623825749	-0.04351979192468518	0.0577415472100311	0.013305756928110857	-0.14715678877832694	0.842779319556673	-0.5175817373870645
11:15:07.676203	-0.6646034642096663	0.6599648506289946	0.2311982663629549	-0.26324132070312156	0.004089492284878393	-0.03106793392541943	0.5771067097541075	-0.8160673410272256	-0.7691909805065857	0.6348480708021741	-0.04400783184774228	0.05810742845915486	0.011230214035575278	-0.1467251877256683	0.8437918969664577	-0.516101575461003
11:15:07.686275	-0.6650450964446375	0.6599180968024432	0.2304708410586409	-0.26288080308251227	0.012756258792724998	-0.031066678112425954	0.576595104377383	-0.8163395280033342	-0.7712019432716514	0.6322818306569875	-0.044618015079665785	0.058961699817998835	0.013244849190566484	-0.14831789646579058	0.8449237204839255	-0.5137414545483784
11:15:07.696383	-0.6655864510956545	0.6597270930667519	0.22973566271655604	-0.2626335166496654	0.02117914339816493	-0.030944742659566624	0.5757431114550137	-0.8167703082254844	-0.7733333735272261	0.6294701721536136	-0.04559431965468334	0.06036517019877085	0.016845554742445187	-0.15057240416526185	0.8464280911892386	-0.5104935502384476
11:15:07.706474	-0.666255275712413	0.6594193842796731	0.22881925876198578	-0.26251043796620455	0.02929643550567006	-0.030639188799679938	0.5746373755955909	-0.8173095163675579	-0.7754450304853266	0.6265815571005402	-0.04687459924539401	0.06231636175722302	0.01464825597732666	-0.14758117897156608	0.8483171242869302	-0.508294482413235
11:15:07.716558	-0.6669324393247698	0.659119924248942	0.2278446779536346	-0.2623906430545607	0.03698805607079871	-0.030029906908965294	0.57331486909738	-0.8179487448923656	-0.777691335537562	0.6233371221036823	-0.049132124086308064	0.06506191835528496	0.008056691408026312	-0.1403817442307615	0.8507133700384146	-0.5064729189681995
11:15:07.727202	-0.6676111654351938	0.6587609534231164	0.22674853534391526	-0.2625155990616903	0.04406633310462945	-0.029052042323827725	0.5715195889082413	-0.8188891845773038	-0.7801465645870945	0.6196861266040347	-0.05200163300173717	0.06823688461965043	0.000549323955439017	-0.13232603726575431	0.8531611387918421	-0.5045845710682615
11:15:07.737301	-0.6682212522969767	0.6583944691749624	0.22558876036624276	-0.26288170749388734	0.05035576859494869	-0.027588857460505222	0.569600039427953	-0.8199139873162979	-0.7828216724930642	0.6157106683385336	-0.054930571124571795	0.07122664055819476	-0.006774848952380999	-0.12518211893093178	0.8555840776078995	-0.502254342604894
11:15:07.747451	-0.668710371719265	0.6580290724265604	0.2244903931346711	-0.2634923945520324	0.055419707059512144	-0.025390526582331555	0.5678688926009923	-0.8208586346292718	-0.7857717622822751	0.6113931756083228	-0.05773963702959703	0.07366991743628289	-0.01281726024393093	-0.12029914257518029	0.8579629868997003	-0.4992628037874048
11:15:07.758115	-0.6691155211242196	0.6576411329119279	0.22356746820012918	-0.2642160987819709	0.05956849009267338	-0.02258231694087003	0.5664499554816615	-0.8216301369134928	-0.7890149799061902	0.6067608815074987	-0.06012065871490658	0.07537970915016205	-0.0164791314050737	-0.11846664465647427	0.8604547946249224	-0.4952894494524929
11:15:07.768672	-0.6694979572566032	0.6571687944007518	0.2227183923811966	-0.26513803686048726	0.0628654342445555	-0.01946997429515845	0.565300632983566	-0.8222554661579143	-0.7926063628037114	0.6017485084615579	-0.06207305336295815	0.07629431337630058	-0.017760685255078738	-0.11938110088980759	0.8631326834272286	-0.49034139291856554
11:15:07.778744	-0.6701049879577569	0.6562500073341654	0.22119140872200665	-0.2671508818918938	0.06530797336672892	-0.015991298151479417	0.5645782744320024	-0.8226363224642733	-0.7966246006090832	0.596247756922321	-0.06347606379355246	0.07647644993588579	-0.01721173164577393	-0.12200798425497192	0.8658355500955636	-0.48491917704139664
11:15:07.789100	-0.6702891296933381	0.6558848103883274	0.220459327668215	-0.26818889417888614	0.06683313682691294	-0.012268000458638814	0.5643280210973854	-0.8227494834947822	-0.8009775114761694	0.5903417275773459	-0.06433211133855693	0.07611208998024714	-0.01599107326861006	-0.12530409702464296	0.8686448654918258	-0.47906081711954335
11:15:07.799168	-0.670463230129861	0.6555708288415873	0.21960188457052707	-0.2692228773876028	0.06775141604575877	-0.00848418633365808	0.5645951337146564	-0.8225388131825632	-0.8057717351257855	0.5838518723082309	-0.0646961096222794	0.07525500298516084	-0.014404207692596784	-0.12902752144978644	0.8716987045155393	-0.47253125405120466
11:15:07.809237	-0.6707138416157588	0.6552719813983789	0.21874951390944394	-0.27001893123196985	0.06823690533688442	-0.0050658883210746046	0.5654263783907848	-0.8219556387941168	-0.8109188135992752	0.57678630050528	-0.06481979377106957	0.07434134539845831	-0.012206750453199825	-0.1334197824534741	0.8750409062376295	-0.46513822601917937
11:15:07.819547	-0.6710170106949219	0.654964848259706	0.21783333738131494	-0.27075054206318666	0.06848034108144582	-0.0019530935067792036	0.5665802194822296	-0.8211537512564814	-0.8163383754442799	0.5692090982724004	-0.06481879287639815	0.07342467780631542	-0.009948670818143792	-0.1379996608578105	0.8786568410920124	-0.4569674749413654
11:15:07.829618	-0.6715087728023269	0.6546020349304632	0.21679686975039675	-0.27124022780708423	0.06836009200233369	0.0006103579643065508	0.5682432647693988	-0.820015925045851	-0.8220181710203419	0.5610328948633043	-0.06494114448809354	0.07287568281840573	-0.00842315911087995	-0.14203399457259164	0.8826005850965513	-0.4480754422678965
11:15:07.839687	-0.6721128986415426	0.6542907985322681	0.21563520440433798	-0.2714208191299437	0.06787199375019796	0.0028076544177240165	0.5701369546947834	-0.8187364425945642	-0.8280762780123869	0.5520101612990365	-0.06543066042819184	0.07275498808806408	-0.00787373643469069	-0.14520634866766785	0.8869245281588406	-0.43842673496421114
11:15:07.849844	-0.672782281636661	0.6541057527261268	0.21441387602191692	-0.27117587565197177	0.06652959795061715	0.004760833614814805	0.5724597240172827	-0.8172154008814797	-0.8344495117378249	0.5420381885418097	-0.06719784321411243	0.07330118955508541	-0.01000981357936225	-0.14648507677115488	0.891605833947096	-0.4283467786583187
11:15:07.859961	-0.6731719016274299	0.6544947231073471	0.21283438398538837	-0.27051390588564417	0.06463621072408382	0.006408689448563551	0.5747678908297424	-0.815734614095732	-0.8408822388616344	0.5316778095901645	-0.06921394054359391	0.07379158211393742	-0.012451334849191083	-0.1483173709977173	0.8964961091417579	-0.41730282531333057
11:15:07.870069	-0.673090896343287	0.655696001035177	0.210630820029079	-0.2695293251951356	0.06250009289963394	0.007080088648786658	0.5767220486412511	-0.8145153708453271	-0.8475288612474229	0.5208707548527659	-0.0703730935487742	0.0737300060771199	-0.004333363940779216	-0.1572217677668628	0.9018279660416012	-0.40245354683800205
11:15:07.880738	-0.6723430763553763	0.6575119790828312	0.2083677616809418	-0.2687297172469791	0.06005916327731681	0.006958073794323289	0.5784356609544018	-0.8134842765854455	-0.8544360844512806	0.5092802834960701	-0.07128947400807885	0.07409710740223263	0.008972243323950165	-0.1690077671021633	0.9072341820897637	-0.3850740349034122
11:15:07.890876	-0.6711167462902893	0.6592763817231452	0.20690121588978544	-0.26860538381443827	0.05749512093575541	0.0057373050615297325	0.5806885144190838	-0.8120728068473734	-0.8613389032165633	0.4968934248218567	-0.07373139137511397	0.07586764857555188	0.019897406234347763	-0.17748974640945794	0.9128392872420403	-0.3671864905086998
11:15:07.900950	-0.6696125758209085	0.6602742544189761	0.20715204469384407	-0.26971269460874986	0.05480858638805501	0.0036010095733800063	0.5837907893115214	-0.8100440518288041	-0.8682377605722118	0.4831613435985679	-0.0794078964150754	0.08007929292588695	0.028076721155432742	-0.18213246940828542	0.9191463997383948	-0.348151342327366
11:15:07.911062	-0.6679695413054524	0.6602791025075277	0.20947290440061336	-0.2719729784408896	0.05163599802571352	0.0008544964212293017	0.5877714668884411	-0.8073770471443716	-0.8748474406107746	0.4684611809591638	-0.08825991761132909	0.0860015379767377	0.03320435449776031	-0.1839667728975176	0.9254493067923563	-0.32954101090699983
11:15:07.921151	-0.6664989801902694	0.659663093213959	0.21288905154795418	-0.27441203433474826	0.047729777657937976	-0.0025634918946718607	0.5925938763183117	-0.8040819576287402	-0.8810650706592511	0.4527093612109224	-0.10034436966843151	0.09332514672933806	0.03369084190725586	-0.18328550407153868	0.9319912244996322	-0.31090787803543724
11:15:07.931224	-0.6652790853463879	0.6591145727207012	0.21624622012681213	-0.2760603030295149	0.04284662278439522	-0.006591788120676188	0.5982047719513641	-0.8001698357598594	-0.8869204276499207	0.4358001413130847	-0.11493160589531352	0.10119840816485917	0.027954223559962067	-0.17895585912185322	0.9385416936278094	-0.2938245244927017
11:15:07.941308	-0.6644716923741556	0.6588566105611289	0.21880509021414052	-0.2766038127895355	0.037169934795907876	-0.011840668884082311	0.6046675599721828	-0.795522052758396	-0.8920039032551519	0.41905568250084657	-0.13012331999589352	0.10857851138494116	0.013610485282227879	-0.1702226163772805	0.9456540760665415	-0.2767261895498709
11:15:07.951383	-0.6641188951185472	0.6590530125438905	0.22027433990284317	-0.27581594403462134	0.03125036549231484	-0.018799047991470644	0.6110911314630003	-0.7907196971737085	-0.8958161102139629	0.4044203547235619	-0.14428761221951408	0.11462442290535003	-0.009033413974627126	-0.15515498867231184	0.9539407230368064	-0.2565977861441381
11:15:07.961512	-0.664238130107151	0.6596605449047219	0.22076167569581598	-0.27367856063589685	0.025207775380211156	-0.027221955979598488	0.6170106569456527	-0.7860797557427106	-0.8980015845601517	0.394832614050134	-0.15472262739481984	0.11730843781177268	-0.028564937892104517	-0.14319090661298547	0.9615031337912873	-0.23279203658223638
11:15:07.971596	-0.6646230831480575	0.6607167669278835	0.22064583024889595	-0.270268253483295	0.01867720621340096	-0.03668300958906528	0.6221462840954116	-0.7818180862335061	-0.8995457722145234	0.3902019352535926	-0.1585099993514125	0.11590700376139096	-0.04681437825401741	-0.13574338622807655	0.9669885197893061	-0.21051211290496225
11:15:07.981659	-0.6650288927453328	0.6621602842689167	0.22015044200921582	-0.2661092118547771	0.011169314322365223	-0.04638622341528727	0.6262140161063781	-0.7781899322959377	-0.9025778540227013	0.38500548439107385	-0.15643136596295534	0.11248654212630772	-0.05572650788336228	-0.1420934395974451	0.9705445803432022	-0.1864060844203597
11:15:07.991736	-0.665399655245424	0.6636906852998294	0.21954160336798664	-0.26183860952145194	0.0017089356067984398	-0.05535730697736375	0.629376570618054	-0.7751243645121495	-0.9062620240211877	0.3793995650131804	-0.1515523037206768	0.10852194765016647	-0.016601365927125522	-0.17425330780126239	0.971668182205288	-0.15881159611169343
11:15:08.001813	-0.6655750358248027	0.6652698661614259	0.21892871650651696	-0.25786836555339676	0.010070760732458137	0.062438716541240454	-0.63116204081424	0.7730682147716047	-0.9099070825112016	0.3741434408232939	-0.14544597381434085	0.10455264504572634	0.06518415935962464	-0.21215368720417158	0.9667762961202755	-0.12682835500870784
11:15:08.011968	-0.6655780532274314	0.6667377032055443	0.21838040114147175	-0.2545126530910948	0.023803288630558198	0.06719851482626815	-0.6312143872236741	0.7723251649514961	-0.9130015923320498	0.37055974508944206	-0.137823077649804	0.10059009387372764	0.13922297711590054	-0.23254692801910615	0.9550293392952635	-0.12024080005187378
11:15:08.022101	-0.6655836356544566	0.6679029550634313	0.2177718855584687	-0.25195132948020144	0.0396111852098451	0.06878552501000836	-0.6298727756018512	0.7726317312348676	-0.9153094947160078	0.36945641314457156	-0.1286047682959875	0.09576691099022513	0.1273161662990296	-0.2319888533569566	0.9548102136059534	-0.1353115727156992
11:15:08.032636	-0.6655176673212195	0.668813517838034	0.21722096276561081	-0.2501794679337563	0.056639863928345566	0.06756501009555878	-0.6277991814299165	0.7733660730992098	-0.9162689322699837	0.3712195341104477	-0.12017942496933107	0.09057707803681427	0.07513680046234747	-0.21161599285374386	0.9629839974772185	-0.14911389401260347
11:15:08.042711	-0.6654189111279466	0.6693862775949542	0.21680131832016752	-0.24927268694244487	0.07293830754562695	0.06591913987387206	-0.6261097563205366	0.7735122774273894	-0.9158304980808076	0.37512124233286526	-0.11413549026398602	0.08666973057479152	0.01849374345703412	-0.18451018637166386	0.9675950990903033	-0.17138756312657363
11:15:08.052852	-0.6652219015682485	0.669738501321992	0.21667471791607323	-0.24896230264215852	0.08728084163281029	0.06604046898370682	-0.6255533887375333	0.7724659662271658	-0.9142908062742958	0.3806696768179428	-0.11004448088868861	0.08398292052292597	-0.021911901774096538	-0.16144005624647728	0.9660768280791087	-0.20038098474751792
11:15:08.062924	-0.6649671525436279	0.6698498851919519	0.21697643205989878	-0.24908039922262923	0.09900003064594806	0.06878732092354098	-0.6265932889095579	0.7699663295922533	-0.9115543502641283	0.38830323243256676	-0.10723809798554225	0.08239694495189644	-0.034546631112905256	-0.152774236175975	0.9609578802854776	-0.22809321637619598
11:15:08.073049	-0.6646783609519986	0.6698663922358297	0.21759213561008955	-0.24926964427254017	0.1079747572989372	0.0744043126893185	-0.6285607974360968	0.7666268805396559	-0.9076341082426151	0.39794058138268107	-0.10571059615871221	0.0816632665475502	-0.024291527736655535	-0.1619842075705623	0.9557922722513209	-0.24419699114160504
11:15:08.083121	-0.6643695938854609	0.6698017384748781	0.21838441956106378	-0.24957347445086356	0.1148101848724801	0.08282691168099708	-0.6307540938182932	0.7629597612472097	-0.9027801824980038	0.4090617796701793	-0.10510360856342119	0.0812996554044582	0.000976556881190226	-0.17968646613900158	0.9514105414995776	-0.2500595963897722
11:15:08.093299	-0.6639926083025385	0.6697908708072485	0.21935742570450623	-0.24975252809761808	0.119872545612413	0.09368857307283807	-0.6324436444174254	0.7595183083507472	-0.8971677686899031	0.4217585741647208	-0.10357804636143722	0.08050644852724555	0.028626315296746512	-0.198431025649729	0.9447294417122442	-0.25940690833938734
11:15:08.103397	-0.6636262069510266	0.6697906736945246	0.22039494466110154	-0.24981348892215138	0.12481741926354811	0.1050419455024774	-0.6334255144826906	0.7564118713609543	-0.8906944249997307	0.4361613349584099	-0.10089206362807887	0.07904127186833765	0.041748262976711775	-0.20715439260666632	0.937260710921617	-0.27728415015087954
11:15:08.114010	-0.6632792268928898	0.6698100888858537	0.2214389468268523	-0.2497596941608268	0.13476590187650633	0.12463404512310958	-0.6329969059607098	0.7520767404539452	-0.8832825899961809	0.4520170578711799	-0.09753217100704098	0.07732995035414325	0.03350926973936073	-0.20221531993898376	0.9319727498183952	-0.2990198769638036
11:15:08.124546	-0.6629757358074785	0.6698117956869148	0.22247712732629893	-0.2496382580972737	0.13476590187650633	0.12463404512310958	-0.6329969059607098	0.7520767404539452	-0.8749219724483458	0.468985032179497	-0.09405334911356128	0.07562108991025465	-0.013122714003007263	-0.1699238873691731	0.9218859176810311	-0.3479655466564856
11:15:08.134649	-0.6626443814188167	0.669907408165509	0.22332281400123882	-0.2495063305922559	0.1414817778046626	0.13995587424766665	-0.6321513255922737	0.7488524296313224	-0.8654573643071287	0.4870486436650837	-0.09087912661871048	0.07421693617753657	-0.023254476006600997	-0.15765436095813748	0.9136994903381023	-0.3738416418384019
11:15:08.145383	-0.662277206365376	0.6700284924411666	0.2241159249630136	-0.24944493064374637	0.14245568347118515	0.1475215882390122	-0.6315291160567064	0.7477397507307152	-0.8549186214650238	0.5060419997548735	-0.08789054150850535	0.07287590733413568	-0.01995842925236429	-0.15484567282338899	0.9042938464924444	-0.397337536492023
11:15:08.155452	-0.6619286737651713	0.6701684497871443	0.22485433233295443	-0.24932951888711152	0.1414188971954304	0.15576220355750472	-0.6308613385463827	0.746828496367409	-0.8433639065713796	0.5256223739609728	-0.08532513687847652	0.07195875277519587	-0.010925078283169434	-0.1572234729466171	0.8941474684269956	-0.41912018195823747
11:15:08.165578	-0.6615784371604448	0.6702456701225985	0.22571427812707123	-0.249274502939686	0.13848846153348834	0.16467248533157847	-0.630552796871956	0.7457258805712476	-0.8307157765315398	0.5457332665663849	-0.08337676346378277	0.0716576283356376	-0.0036619664312662684	-0.15795281873528505	0.8831442376737151	-0.4416941843845664
11:15:08.175713	-0.6612619564826194	0.6702952562388893	0.22656492361671438	-0.249209208816553	0.13464149070721992	0.17358132346841953	-0.6306666017577985	0.7443123205686977	-0.8170245318403428	0.5661065690138338	-0.08239826071899468	0.0721442549406309	-0.002929713622856211	-0.15265028689090382	0.8723222312054368	-0.46448168062366174
11:15:08.185805	-0.661007223364681	0.670284517727694	0.22747681638782696	-0.2490831466806337	0.13079778753601332	0.18188399760024251	-0.631283955429298	0.742489540539245	-0.8023644382322203	0.5864840930300779	-0.08264121781275112	0.07360805663380934	-0.00994871783066308	-0.14129620722690203	0.8624256622531861	-0.4859612967345978
11:15:08.195917	-0.6607244516939124	0.6702462082264067	0.22840008297816353	-0.24909159236608375	0.12762199220779652	0.18859490957536645	-0.6321286338097315	0.7406469992547159	-0.7867357520560007	0.6067447720084331	-0.08434979125999945	0.07611012279393584	-0.020324937285797262	-0.1273207783128321	0.8524876848970881	-0.5065975359523042
11:15:08.206332	-0.6604746570365284	0.6701794412957288	0.22925263948148975	-0.2491504990318001	0.12591370808784347	0.19299037565378627	-0.6329254255312345	0.7391250629877772	-0.7702646317097539	0.6267708005568512	-0.08697520603695715	0.07928476676632094	-0.02734369198897455	-0.1141965350700254	0.8410016337412507	-0.5281360865638322
11:15:08.216884	-0.6601613542817079	0.6701711973015119	0.22998224694281388	-0.249330541072557	0.12640161335764666	0.19451566478552387	-0.6328625441358949	0.7386956670534031	-0.7353054631268859	0.6654798260539916	-0.09387397711373376	0.08746515552924608	-0.02886935498603316	-0.10540671471644666	0.8278730042929257	-0.5501656783173423
11:15:08.227525	-0.6597830034092906	0.6701588693278455	0.23071043042434028	-0.24969216160475557	0.12866095115322976	0.1934797035843161	-0.6316471458656426	0.7396173653106443	-0.7172835877351253	0.683897430273322	-0.0970456862235236	0.09149149915035337	-0.0260012970336578	-0.10040406953137812	0.8140359120607842	-0.5714792115637042
11:15:08.237681	-0.6592897527703214	0.6702758808483309	0.23131903008697632	-0.250117515909348	0.1324460344683822	0.18920862066911745	-0.6300036717892356	0.7414536528672383	-0.6993339412577827	0.7014701507135361	-0.09960839519398686	0.09460356161193605	-0.02081304026827562	-0.09692407022293749	0.7993794381044158	-0.5925918122131613
11:15:08.247801	-0.6586984169162509	0.6704783274485745	0.2318139906827206	-0.25067405469561177	0.13623343187400025	0.1839029257331374	-0.6283706008704446	0.7434854093446223	-0.6815106018651117	0.7183754060498266	-0.10107303928789405	0.09625131821075417	-0.015930268952978388	-0.09271294459606962	0.7840011674368099	-0.613590014499202
11:15:08.257890	-0.6570484222015753	0.6712697210750511	0.2324846669917139	-0.252260207056118	0.13921985852225252	0.17852612283103406	-0.6263978114922744	0.7459035032882281	-0.6640618939135605	0.7344353648402457	-0.10156240730442691	0.09649649395931427	-0.01275644500433393	-0.08685369014912528	0.7679501963853087	-0.6344652910050297
11:15:08.267988	-0.6570484222015753	0.6712697210750511	0.2324846669917139	-0.252260207056118	0.14105263335978052	0.17309617836795219	-0.6241472214353594	0.7487203173623659	-0.6471412079500319	0.7495558969003435	-0.10107194571020021	0.0957009727497548	-0.011230266579334609	-0.08135839864267953	0.7523057927004261	-0.6536747557862699
11:15:08.278352	-0.6560157069382505	0.6718240497087201	0.23266950826652502	-0.2532997007623502	0.14172464070208793	0.1679699445358079	-0.6220137008591637	0.7515312234990563	-0.6311659004152349	0.7633683315436943	-0.09991476443088092	0.09442158862221917	-0.00836185792976728	-0.08020059357455625	0.7397497672173682	-0.6680331024912619
