Time	Pelvis_x	Pelvis_y	Pelvis_z	UppLeg_x	UppLeg_y	UppLeg_z	LowLeg_x	LowLeg_y	LowLeg_z		Foot_x	Foot_y	Foot_z
11:28:59.445547	-0.25	-9.28	0.02	-3.48	-8.07	-1.01	-0.47000000000000003	-6.12	5.24	0.92	-8.17	3.4
11:28:59.455678	-0.46	-9.14	0.34	-3.71	-7.71	-1.1400000000000001	-0.59	-6.09	5.59	1.04	-8.74	2.81
11:28:59.465749	-0.62	-9.06	0.49	-3.58	-7.05	-1.27	-1.06	-6.16	5.64	0.14	-10.06	1.85
11:28:59.475894	-0.73	-8.99	0.71	-3.5300000000000002	-6.640000000000001	-1.36	-1.7	-6.38	5.67	0.2	-11.9	0.64
11:28:59.485976	-0.84	-8.85	0.89	-3.31	-6.18	-1.35	-2.66	-7.16	5.8500000000000005	0.51	-13.38	-0.65
11:28:59.496047	-0.91	-8.46	1.1300000000000001	-3.43	-6.24	-1.01	-3.23	-7.45	5.92	1.1500000000000001	-13.19	-1.54
11:28:59.506121	-0.81	-8.3	1.31	-3.3200000000000003	-6.140000000000001	-0.77	-3.83	-7.79	5.89	3.89	-13.68	-3.33
11:28:59.516197	-0.89	-8.11	1.3900000000000001	-3.34	-6.0200000000000005	-0.62	-4.18	-8.24	5.36	5.49	-14.07	-3.93
11:28:59.526327	-0.81	-7.84	1.18	-3.34	-5.78	-0.55	-3.09	-8.92	4.61	6.32	-13.98	-4.34
11:28:59.536427	-0.79	-7.8100000000000005	1.01	-3.24	-5.63	-0.66	-1.9100000000000001	-9.49	4.44	6.69	-13.81	-4.84
11:28:59.546542	-0.81	-7.9	0.87	-3.18	-5.54	-0.86	-0.87	-9.17	4.43	7.75	-14.4	-6.640000000000001
11:28:59.556680	-0.8	-7.99	0.7000000000000001	-3.11	-5.43	-1.1500000000000001	-0.19	-9.49	3.2	7.75	-14.4	-6.640000000000001
11:28:59.566789	-0.8300000000000001	-8.33	0.54	-2.62	-5.87	-1.82	-0.38	-9.89	2.7600000000000002	8.03	-14.46	-7.91
11:28:59.577330	-0.96	-8.44	0.55	-2.23	-6.15	-2.33	-0.21	-9.61	3.0700000000000003	8.41	-14.32	-8.42
11:28:59.587402	-1.04	-8.6	0.63	-1.78	-6.38	-2.69	-0.07	-10.13	3.14	8.41	-14.32	-8.42
11:28:59.597473	-1.2	-8.82	0.85	-1.03	-7.3100000000000005	-3.85	-0.75	-11.94	3.95	9.69	-14.530000000000001	-9.32
11:28:59.607551	-1.24	-8.98	0.9500000000000001	-0.68	-7.73	-4.28	-1.05	-12.02	3.77	9.0	-14.280000000000001	-9.370000000000001
11:28:59.617623	-1.36	-9.120000000000001	1.01	-0.53	-8.290000000000001	-4.67	-1.32	-12.09	3.0300000000000002	7.01	-13.93	-12.67
11:28:59.627720	-1.45	-9.26	1.1300000000000001	-0.23	-8.9	-5.08	-1.2	-10.56	2.68	5.15	-12.61	-11.16
11:28:59.637788	-1.6500000000000001	-9.540000000000001	1.25	0.27	-9.86	-5.09	-1.1	-10.17	2.7800000000000002	4.04	-13.370000000000001	-11.92
11:28:59.647861	-1.71	-9.700000000000001	1.35	0.53	-10.05	-5.22	-0.9400000000000001	-9.94	2.56	3.27	-12.6	-12.67
11:28:59.657942	-1.77	-9.92	1.36	0.44	-9.8	-4.94	-1.0	-9.82	2.66	0.24	-12.92	-13.71
11:28:59.668011	-1.86	-10.24	1.3800000000000001	0.48	-9.950000000000001	-5.1000000000000005	-1.47	-10.05	1.8900000000000001	-1.22	-12.76	-13.72
11:28:59.678130	-2.27	-10.68	1.45	0.0	-10.3	-5.7	-1.74	-9.51	1.93	-2.24	-12.63	-14.530000000000001
11:28:59.688204	-2.21	-11.09	1.72	-0.55	-10.27	-5.8500000000000005	-2.04	-8.82	0.99	-2.52	-12.700000000000001	-15.23
11:28:59.698294	-2.56	-11.3	1.6600000000000001	-0.9500000000000001	-10.52	-5.93	-1.55	-8.08	0.14	-1.04	-10.36	-16.4
11:28:59.708367	-2.59	-11.700000000000001	1.87	-2.06	-10.74	-4.96	-0.8	-7.8500000000000005	-0.02	0.03	-9.9	-16.98
11:28:59.718462	-2.92	-12.030000000000001	2.05	-2.16	-11.02	-4.72	-0.12	-7.7	-0.28	0.75	-9.77	-17.12
11:28:59.728570	-3.0	-12.01	2.12	-2.21	-10.88	-4.47	0.23	-7.87	-0.41000000000000003	0.35000000000000003	-10.98	-16.17
11:28:59.738668	-3.0	-11.77	2.06	-2.09	-10.870000000000001	-4.5	0.73	-8.06	-0.24	1.47	-11.870000000000001	-17.25
11:28:59.748761	-2.95	-11.49	2.0	-1.74	-10.34	-4.78	0.99	-8.08	0.11	1.68	-9.65	-15.51
11:28:59.758889	-2.81	-10.66	1.74	-1.45	-9.68	-4.58	1.12	-8.02	0.47000000000000003	1.45	-8.94	-14.39
11:28:59.769639	-2.74	-10.290000000000001	1.62	-1.27	-8.84	-4.51	1.01	-7.83	1.3900000000000001	3.93	-8.31	-13.61
11:28:59.779730	-2.54	-9.91	1.5	-1.32	-8.19	-4.43	0.84	-7.87	2.1	4.17	-6.93	-12.85
11:28:59.789898	-1.3900000000000001	-9.84	1.27	-1.67	-7.54	-3.61	0.5	-7.91	2.48	4.83	-9.23	-10.41
11:28:59.800436	-1.03	-10.99	0.84	-2.37	-9.33	-3.79	0.38	-9.33	0.71	2.27	-16.65	-0.09
11:28:59.810520	-1.3900000000000001	-12.35	-0.02	-2.72	-12.64	-4.28	-3.21	-18.57	-5.7700000000000005	13.84	-19.06	9.23
11:28:59.820607	-1.57	-13.17	-0.89	-2.62	-13.46	-4.38	-1.24	-15.16	-0.6	12.59	-6.83	-4.55
11:28:59.831236	-0.74	-13.6	-2.11	-0.73	-13.31	-3.75	-1.24	-15.16	-0.6	6.09	-6.79	-4.42
11:28:59.841374	-0.51	-12.65	-2.23	-0.44	-13.22	-2.86	-3.92	-9.43	3.59	6.09	-6.79	-4.42
11:28:59.851424	-0.04	-11.450000000000001	-1.82	-1.18	-11.68	-2.19	-3.86	-8.48	2.13	1.6	-9.94	-0.8200000000000001
11:28:59.861534	0.23	-10.43	-1.16	-2.89	-9.22	-1.68	-2.47	-7.930000000000001	2.36	-0.11	-7.26	-1.3900000000000001
11:28:59.871696	-0.1	-9.35	0.23	-5.93	-7.11	-2.56	0.73	-9.47	2.5100000000000002	-0.58	-8.58	-2.0100000000000002
11:28:59.882154	-0.59	-9.290000000000001	0.89	-6.2	-6.5200000000000005	-1.99	2.2600000000000002	-10.55	3.22	-0.58	-8.58	-2.0100000000000002
11:28:59.892295	-0.98	-9.48	1.55	-5.51	-6.3500000000000005	-1.19	3.0700000000000003	-11.27	3.39	0.03	-9.58	-0.14
11:28:59.902394	-1.21	-9.88	2.04	-3.5300000000000002	-7.45	0.33	1.26	-11.13	2.4	0.87	-9.200000000000001	0.77
11:28:59.912523	-1.28	-10.23	2.34	-2.63	-8.18	1.26	0.42	-10.06	3.17	1.24	-7.5200000000000005	-3.11
11:28:59.922712	-1.01	-10.19	2.2600000000000002	-1.96	-8.66	1.6300000000000001	0.22	-9.38	2.98	1.24	-7.5200000000000005	-3.11
11:28:59.933311	-0.64	-10.08	2.0300000000000002	-1.32	-9.23	1.57	-0.8200000000000001	-9.33	1.96	1.24	-7.5200000000000005	-3.11
11:28:59.943466	-0.23	-9.88	1.68	0.16	-10.120000000000001	1.06	-1.93	-10.01	0.59	1.08	-10.51	0.04
11:28:59.953580	0.47000000000000003	-9.19	0.78	0.72	-10.5	0.7000000000000001	-0.91	-9.67	1.16	1.92	-9.18	-3.79
11:28:59.963780	0.78	-8.94	0.35000000000000003	1.37	-10.14	0.72	0.35000000000000003	-9.46	1.53	1.92	-9.18	-3.79
11:28:59.973879	0.97	-8.72	-0.04	1.16	-9.93	0.6900000000000001	2.33	-9.61	0.43	1.32	-8.39	0.5
11:28:59.984519	1.12	-8.81	-0.8200000000000001	0.22	-10.18	0.3	3.0	-9.86	-0.46	1.92	-9.700000000000001	-3.37
11:28:59.994607	1.02	-9.15	-1.2	-0.42	-10.24	-0.14	3.0	-10.1	-0.36	0.91	-9.91	-2.65
11:29:00.004717	0.75	-9.450000000000001	-1.86	-0.9400000000000001	-10.02	-0.51	2.41	-10.1	0.22	1.11	-9.34	-3.3200000000000003
11:29:00.015033	0.75	-9.450000000000001	-1.86	-1.35	-10.05	-0.78	1.18	-10.01	0.44	1.92	-9.27	-1.17
11:29:00.025105	0.35000000000000003	-9.76	-2.0100000000000002	-1.9000000000000001	-9.870000000000001	-1.22	0.51	-10.1	0.84	1.17	-9.32	-3.29
11:29:00.035227	0.07	-9.790000000000001	-1.9100000000000001	-2.85	-8.43	-1.05	0.23	-10.14	1.45	1.06	-8.91	-2.42
11:29:00.045674	-0.32	-9.82	-1.69	-3.31	-8.700000000000001	-1.53	-0.34	-10.35	1.52	1.06	-8.91	-2.42
11:29:00.055789	-0.32	-9.82	-1.69	-3.3000000000000003	-9.16	-1.3	-0.35000000000000003	-10.49	1.4000000000000001	0.85	-10.27	-1.6300000000000001
11:29:00.065868	-1.22	-9.67	-0.78	-3.95	-8.91	-0.96	-0.08	-10.48	1.4000000000000001	0.87	-9.69	-3.38
11:29:00.075986	-1.34	-9.540000000000001	-0.47000000000000003	-3.68	-8.96	-0.99	0.52	-10.22	1.56	1.17	-9.32	-4.28
11:29:00.086084	-1.36	-9.38	-0.17	-3.47	-8.99	-0.92	0.62	-9.55	1.53	1.52	-8.790000000000001	-1.4000000000000001
11:29:00.096156	-1.12	-9.24	0.28	-3.02	-8.76	-0.53	0.32	-9.46	1.1500000000000001	1.52	-8.790000000000001	-1.4000000000000001
11:29:00.106226	-0.99	-9.22	0.34	-2.61	-9.33	-0.22	-0.09	-9.63	0.9	2.07	-9.19	-3.48
11:29:00.116302	-0.89	-9.200000000000001	0.41000000000000003	-2.11	-9.44	-0.15	0.06	-10.05	0.77	2.19	-8.370000000000001	-2.73
11:29:00.126383	-0.77	-9.14	0.36	-1.69	-9.3	-0.02	-0.03	-10.35	0.6	2.19	-8.370000000000001	-2.73
11:29:00.136456	-0.73	-9.11	0.09	-1.32	-9.27	-0.04	0.35000000000000003	-10.38	0.24	1.69	-9.450000000000001	-2.74
11:29:00.146526	-0.76	-9.07	-0.11	-0.84	-9.44	0.02	1.1300000000000001	-9.9	0.07	1.03	-9.46	-2.84
11:29:00.156601	-0.78	-9.01	-0.34	-0.64	-9.44	0.09	1.01	-9.49	-0.04	0.92	-9.13	-3.13
11:29:00.166679	-0.76	-8.99	-0.67	-0.64	-9.450000000000001	0.16	1.04	-9.53	-0.43	1.17	-10.13	-0.55
11:29:00.176787	-0.77	-8.97	-0.77	-0.65	-9.47	0.2	1.32	-9.55	-0.61	1.2	-9.24	-3.54
11:29:00.186855	-0.7000000000000001	-8.98	-0.8200000000000001	-0.47000000000000003	-9.540000000000001	0.08	1.75	-9.25	-0.81	1.47	-8.950000000000001	-3.5
11:29:00.196930	-0.68	-8.98	-0.78	-0.49	-9.64	0.0	1.35	-9.42	0.09	2.0100000000000002	-9.07	-2.0100000000000002
11:29:00.207008	-0.61	-8.98	-0.59	-0.65	-9.81	-0.18	0.67	-9.81	0.0	2.2	-9.57	-1.02
11:29:00.217082	-0.49	-9.040000000000001	-0.38	-0.8	-9.92	-0.72	0.3	-9.9	-0.46	1.74	-9.23	-3.3200000000000003
11:29:00.227148	-0.58	-9.03	-0.3	-1.6	-9.64	-1.22	-0.2	-9.55	0.55	1.92	-9.22	-4.8100000000000005
11:29:00.237226	-0.64	-9.14	-0.17	-1.86	-9.72	-1.12	0.0	-9.790000000000001	0.99	2.06	-9.34	-1.07
11:29:00.247372	-0.78	-9.200000000000001	-0.14	-2.25	-9.67	-0.74	-0.25	-10.6	0.0	1.76	-9.56	-4.65
11:29:00.257526	-0.79	-9.16	-0.12	-2.86	-9.5	-0.48	0.24	-9.51	0.99	1.1400000000000001	-9.28	-4.16
11:29:00.267600	-0.8	-9.09	-0.14	-2.95	-9.53	-0.46	0.07	-9.18	1.67	1.09	-9.33	-4.28
11:29:00.277718	-0.78	-9.03	-0.17	-2.84	-9.39	-0.43	-0.16	-9.78	1.06	1.61	-9.52	-0.71
11:29:00.287787	-0.78	-9.040000000000001	-0.12	-2.99	-9.31	-0.51	-0.21	-10.25	0.25	1.23	-9.64	-4.42
11:29:00.297865	-0.91	-9.08	-0.07	-3.0300000000000002	-9.19	-0.65	0.54	-9.36	0.84	1.16	-9.57	-4.12
11:29:00.307931	-1.04	-9.1	-0.02	-3.02	-9.19	-0.47000000000000003	0.67	-9.49	0.9500000000000001	1.92	-9.25	-4.12
11:29:00.318013	-1.04	-9.1	-0.02	-2.94	-9.02	-0.3	0.9	-9.97	0.06	2.63	-9.16	-1.08
11:29:00.328082	-1.1400000000000001	-9.17	0.08	-2.74	-9.16	-0.36	1.08	-10.040000000000001	0.86	2.63	-9.16	-1.08
11:29:00.338155	-1.32	-9.67	0.31	-2.19	-10.35	-0.05	0.72	-10.200000000000001	1.1300000000000001	1.34	-10.450000000000001	-4.7700000000000005
11:29:00.348228	-1.4000000000000001	-10.05	0.43	-1.84	-10.5	0.48	0.33	-10.59	1.6600000000000001	2.04	-10.26	-3.7600000000000002
11:29:00.358298	-1.48	-10.31	0.5700000000000001	-1.6	-10.63	0.5	0.31	-11.120000000000001	0.91	2.41	-10.61	-2.19
11:29:00.368376	-1.6	-10.66	0.79	-1.3	-10.61	0.06	0.86	-10.52	0.8	-0.49	-11.22	-4.97
11:29:00.378446	-1.79	-10.84	0.86	-1.31	-10.75	0.55	1.07	-10.51	1.0	0.79	-9.93	-4.32
11:29:00.388565	-1.95	-10.93	0.9	-2.24	-10.53	0.07	1.1300000000000001	-10.56	0.72	4.0600000000000005	-10.86	-4.01
11:29:00.398658	-2.21	-10.91	0.9	-2.13	-10.33	0.19	0.28	-10.700000000000001	0.14	1.92	-11.08	-4.8100000000000005
11:29:00.408726	-2.46	-10.82	0.81	-2.0300000000000002	-10.47	0.2	0.7000000000000001	-10.28	-0.38	2.17	-10.65	-5.21
11:29:00.419226	-2.5500000000000003	-10.73	0.74	-2.0300000000000002	-10.47	0.2	0.43	-10.18	0.31	3.49	-10.44	-5.5
11:29:00.429380	-2.52	-10.59	0.61	-2.15	-10.84	-0.53	0.3	-10.46	0.05	4.13	-10.58	-3.21
11:29:00.439432	-2.44	-10.33	0.52	-1.8900000000000001	-10.51	-0.71	-0.03	-10.33	-0.21	2.49	-11.1	-5.0
11:29:00.449602	-2.37	-9.950000000000001	0.28	-1.68	-10.53	-0.44	0.37	-10.13	-0.26	2.49	-11.1	-5.0
11:29:00.459901	-2.25	-9.78	0.28	-1.53	-10.4	-0.77	0.26	-10.17	0.34	3.24	-10.66	-5.66
11:29:00.470028	-2.29	-9.71	0.28	-1.3	-10.48	-1.0	-0.17	-10.72	-0.13	3.11	-10.93	-3.1
11:29:00.480176	-2.27	-9.67	0.31	-1.03	-10.36	-0.98	0.13	-10.24	-0.24	2.19	-11.35	-5.0200000000000005
11:29:00.490884	-2.11	-9.67	0.55	-0.88	-10.59	-0.87	0.22	-10.07	-0.23	2.15	-11.46	-5.13
11:29:00.500956	-1.69	-9.85	0.9400000000000001	-0.79	-10.98	-0.88	0.88	-11.15	-1.42	3.24	-11.71	-4.96
11:29:00.511317	-1.25	-10.35	1.58	-0.79	-11.51	-0.99	0.88	-11.15	-1.42	2.66	-11.96	-4.33
11:29:00.521470	-1.23	-10.91	2.14	-0.7000000000000001	-11.66	-1.05	1.06	-11.02	-1.6400000000000001	2.66	-11.96	-4.33
11:29:00.531734	-1.58	-11.52	2.99	-0.91	-11.59	-0.6	-0.59	-10.98	-2.04	0.2	-13.120000000000001	-4.8
11:29:00.541827	-1.6600000000000001	-11.56	3.21	-0.97	-11.75	-0.54	-1.51	-11.65	-2.5	1.9000000000000001	-13.71	-5.76
11:29:00.552462	-1.85	-11.5	3.15	-1.21	-11.57	-0.38	-1.47	-11.98	-3.35	1.9000000000000001	-13.71	-5.76
11:29:00.562779	-2.0300000000000002	-11.23	2.59	-1.6600000000000001	-11.26	-0.64	-1.36	-12.02	-3.39	0.65	-16.29	-3.45
11:29:00.573526	-1.78	-11.03	1.8900000000000001	-2.34	-10.620000000000001	-1.77	-1.8800000000000001	-12.58	-1.58	-0.22	-17.76	-2.93
11:29:00.583709	-1.12	-10.76	0.96	-2.7	-10.46	-2.32	-1.31	-13.02	-2.17	-1.18	-20.02	0.24
11:29:00.593816	0.02	-10.35	0.15	-3.13	-10.33	-2.69	-1.26	-14.0	-4.1	0.6	-21.400000000000002	2.16
11:29:00.603908	2.83	-9.85	-1.08	-4.3100000000000005	-9.4	-2.85	0.17	-14.69	-3.83	2.11	-22.12	2.5
11:29:00.614030	3.47	-9.35	-1.58	-4.36	-8.85	-2.31	1.43	-14.8	-4.33	4.72	-15.35	2.45
11:29:00.624164	3.0	-8.35	-2.0300000000000002	-4.58	-9.0	-2.71	2.73	-13.65	-3.33	4.97	-12.44	-2.17
11:29:00.634722	3.0	-8.35	-2.0300000000000002	-5.12	-8.2	-0.75	4.17	-12.75	-1.37	5.88	-8.09	-4.4
11:29:00.644796	2.35	-7.76	-0.9500000000000001	-6.22	-8.17	-1.16	4.4	-7.6000000000000005	7.38	5.95	-2.43	-4.59
11:29:00.654960	1.9000000000000001	-7.83	-0.33	-6.0200000000000005	-8.620000000000001	-0.73	3.72	-8.4	11.36	-0.75	-4.13	0.2
11:29:00.665628	1.3	-8.17	0.26	-5.67	-8.73	-0.46	2.2600000000000002	-9.950000000000001	11.73	-0.75	-4.13	0.2
11:29:00.675797	1.3	-8.17	0.26	-5.0600000000000005	-9.96	-0.49	-0.21	-10.68	8.03	-14.72	-0.15	16.16
11:29:00.685870	-0.29	-10.21	2.06	-5.3500000000000005	-12.89	-0.61	-0.88	-11.22	4.64	-12.0	0.12	14.61
11:29:00.696469	-0.67	-10.84	2.48	-5.83	-13.5	-0.89	-1.5	-12.200000000000001	3.21	6.83	-14.07	3.16
11:29:00.706543	-1.16	-11.5	2.77	-5.26	-12.97	-0.59	-2.15	-11.07	4.26	3.5100000000000002	-10.32	3.08
11:29:00.716614	-1.31	-11.27	2.5100000000000002	-4.61	-12.41	-0.23	-0.46	-7.23	5.72	-0.36	-5.68	6.37
11:29:00.726693	-1.27	-10.790000000000001	2.17	-3.59	-10.96	0.56	0.35000000000000003	-6.28	5.92	-0.91	-3.94	5.91
11:29:00.736760	-1.0	-10.25	1.75	-2.9	-9.99	0.35000000000000003	0.56	-6.11	5.62	3.59	-1.3	5.73
11:29:00.746826	-0.48	-9.49	1.06	-3.5	-9.370000000000001	0.34	0.14	-5.65	5.14	3.59	-1.3	5.73
11:29:00.757478	-0.31	-9.21	0.86	-2.5100000000000002	-9.65	-0.3	0.3	-5.8	4.97	0.55	-5.62	5.48
11:29:00.767556	-0.23	-9.02	0.66	-2.18	-9.47	-0.85	0.01	-5.65	5.45	0.21	-8.4	3.45
11:29:00.777639	-0.11	-8.88	0.5	-2.31	-9.23	-0.58	-0.24	-5.5	5.49	0.88	-7.83	4.12
11:29:00.787765	0.03	-8.78	0.28	-2.27	-8.74	-0.75	-0.5	-6.11	5.11	0.56	-6.47	4.72
11:29:00.797838	0.02	-8.69	0.3	-2.56	-8.38	-0.92	-0.32	-6.0600000000000005	5.04	0.65	-7.15	4.22
11:29:00.807913	-0.02	-8.61	0.4	-2.57	-7.5600000000000005	-1.46	-0.37	-6.0	4.95	0.71	-8.91	1.86
11:29:00.817981	-0.11	-8.53	0.55	-2.85	-6.98	-1.62	-0.93	-5.86	5.62	0.62	-9.200000000000001	1.6600000000000001
11:29:00.828055	-0.55	-8.43	0.88	-3.22	-6.05	-1.69	-1.23	-6.11	5.8500000000000005	0.5	-10.120000000000001	1.07
11:29:00.838121	-0.86	-8.370000000000001	1.02	-3.25	-5.84	-1.71	-1.79	-6.49	5.95	0.3	-11.71	-0.15
11:29:00.848190	-0.91	-8.4	1.21	-3.58	-5.86	-1.22	-2.81	-7.03	5.76	1.98	-12.81	-2.89
11:29:00.858261	-1.06	-8.370000000000001	1.27	-3.81	-5.93	-0.96	-4.48	-8.34	5.68	1.98	-12.81	-2.89
11:29:00.868330	-1.1	-8.45	1.51	-3.73	-5.91	-0.71	-4.01	-8.67	5.48	4.49	-13.530000000000001	-4.34
11:29:00.878410	-1.19	-8.49	1.47	-3.7800000000000002	-5.92	-0.62	-2.91	-8.78	5.2	5.39	-13.790000000000001	-4.8
11:29:00.888480	-1.25	-8.64	1.41	-3.61	-6.09	-0.7000000000000001	-1.1	-9.78	4.8100000000000005	5.16	-14.05	-5.87
11:29:00.898549	-1.22	-8.84	1.1	-3.38	-6.1000000000000005	-0.9500000000000001	-0.04	-10.06	4.53	5.48	-15.1	-7.2700000000000005
11:29:00.908650	-1.25	-8.93	0.9400000000000001	-3.0500000000000003	-6.17	-1.24	0.5	-9.85	3.99	5.71	-15.15	-7.96
11:29:00.918726	-1.22	-8.98	0.8200000000000001	-2.74	-6.37	-1.55	0.64	-10.1	3.7	6.74	-14.34	-9.03
11:29:00.928800	-1.18	-8.99	0.73	-1.31	-7.36	-3.17	0.4	-9.93	3.66	6.74	-14.34	-9.03
11:29:00.938868	-1.09	-8.85	0.65	-0.85	-7.69	-3.75	0.01	-10.0	3.75	7.44	-13.07	-9.16
11:29:00.949021	-1.05	-8.81	0.64	-0.28	-8.32	-4.95	-0.39	-10.38	3.64	7.13	-13.280000000000001	-9.01
11:29:00.959150	-1.05	-8.88	0.66	0.12	-8.34	-5.28	-0.84	-11.18	4.01	6.47	-13.3	-9.4
11:29:00.969277	-1.08	-8.93	0.75	0.25	-8.83	-5.34	-0.74	-11.23	3.63	5.34	-13.780000000000001	-9.75
11:29:00.979377	-1.27	-9.21	0.91	0.31	-9.1	-5.21	-0.67	-10.88	3.11	4.59	-13.950000000000001	-10.11
11:29:00.990149	-1.34	-9.39	1.01	0.49	-9.43	-4.61	-0.36	-10.55	2.67	4.07	-13.73	-10.78
11:29:01.000775	-1.4000000000000001	-9.58	1.1400000000000001	0.31	-9.59	-4.38	-0.22	-10.28	2.18	2.74	-13.700000000000001	-11.68
11:29:01.010873	-1.42	-9.93	1.27	0.22	-9.59	-4.29	-0.5700000000000001	-10.18	1.72	2.25	-13.34	-12.39
11:29:01.020944	-1.6400000000000001	-10.28	1.56	0.03	-9.61	-4.37	-1.47	-9.47	0.97	1.7	-12.89	-13.01
11:29:01.031059	-1.72	-10.24	1.6300000000000001	-0.66	-9.88	-4.72	-1.6	-9.13	0.88	1.07	-11.23	-14.5
11:29:01.041183	-1.68	-10.51	1.83	-1.04	-10.07	-4.68	-1.6300000000000001	-8.8	0.81	1.07	-10.73	-14.88
11:29:01.051347	-1.86	-10.51	1.74	-1.34	-10.17	-4.63	-1.49	-7.87	0.45	1.1300000000000001	-10.16	-15.120000000000001
11:29:01.061900	-2.04	-10.76	1.79	-1.55	-10.23	-4.66	-1.08	-7.66	0.43	2.0300000000000002	-9.35	-15.13
11:29:01.072089	-1.96	-10.78	1.85	-1.6300000000000001	-9.950000000000001	-4.53	-0.6	-7.86	0.31	2.3000000000000003	-9.18	-15.08
11:29:01.082794	-1.95	-10.78	1.73	-1.52	-9.89	-4.6000000000000005	-0.16	-8.13	0.39	2.17	-8.97	-14.57
11:29:01.092866	-1.86	-10.88	1.74	-1.49	-10.02	-4.65	0.33	-8.55	0.8300000000000001	1.92	-9.200000000000001	-14.06
11:29:01.103019	-1.99	-11.07	1.44	-1.45	-9.86	-4.7700000000000005	0.38	-8.75	1.11	1.48	-9.15	-12.81
11:29:01.113145	-1.9000000000000001	-11.14	1.35	-1.8900000000000001	-9.450000000000001	-4.74	0.34	-8.700000000000001	1.44	1.1500000000000001	-9.09	-11.8
11:29:01.123830	-2.05	-11.07	1.1500000000000001	-2.11	-9.26	-4.46	0.27	-8.72	1.78	1.42	-9.97	-10.67
11:29:01.133910	-2.18	-10.85	0.88	-2.3000000000000003	-9.13	-4.22	0.09	-8.91	2.43	4.0	-13.88	-11.19
11:29:01.144026	-2.2600000000000002	-10.64	0.81	-2.16	-8.97	-4.14	-0.11	-8.83	2.83	1.4000000000000001	-6.48	-10.05
11:29:01.154148	-2.38	-10.5	0.76	-1.73	-8.18	-3.63	-0.45	-8.6	3.14	-0.9500000000000001	-3.7600000000000002	-6.93
11:29:01.164686	-2.49	-10.27	0.8	-1.32	-7.8500000000000005	-3.43	-1.1	-9.19	3.81	1.24	-5.46	-3.59
11:29:01.174799	-1.68	-10.0	1.04	-1.3800000000000001	-7.45	-2.74	-0.9500000000000001	-11.47	0.64	0.44	-22.86	17.19
11:29:01.184879	-0.8200000000000001	-10.76	0.9400000000000001	-1.6600000000000001	-7.62	-2.21	-0.59	-15.15	-7.43	6.11	-26.05	20.55
11:29:01.195010	-0.48	-12.0	0.46	-2.48	-12.59	-1.19	-1.69	-17.240000000000002	-12.9	11.51	-16.91	-4.73
11:29:01.205631	-0.21	-13.63	-0.76	-3.18	-13.96	-0.85	1.48	-13.64	-1.29	9.870000000000001	-6.83	-7.76
11:29:01.215700	-0.16	-13.950000000000001	-1.27	-2.48	-13.8	-2.75	1.3800000000000001	-11.93	1.8	-5.94	-8.22	-7.54
11:29:01.225769	-0.18	-13.530000000000001	-1.53	-2.0	-13.030000000000001	-4.34	-0.97	-11.21	4.34	-2.49	-9.22	1.8
11:29:01.235847	0.0	-12.61	-1.49	-2.45	-12.27	-2.97	-4.48	-9.71	-0.85	3.9	-10.67	3.74
11:29:01.245916	0.3	-10.74	-0.73	-2.39	-12.1	-4.79	-2.91	-8.58	0.54	5.71	-8.950000000000001	-3.21
11:29:01.255983	0.25	-9.950000000000001	-0.13	-2.77	-10.200000000000001	-5.4	-0.31	-7.75	1.77	-1.94	-6.61	-2.57
11:29:01.266056	0.12	-9.43	0.46	-4.48	-6.84	-1.27	2.6	-10.86	1.43	-1.48	-8.88	-0.2
11:29:01.276141	-0.2	-8.88	1.37	-4.61	-6.93	-0.13	3.21	-11.52	1.03	0.99	-9.42	1.87
11:29:01.286238	-0.37	-8.73	1.6600000000000001	-4.0200000000000005	-7.29	0.01	2.45	-11.14	1.03	2.27	-8.38	-2.57
11:29:01.296307	-0.33	-8.74	1.86	-3.3200000000000003	-7.3500000000000005	0.13	1.31	-10.38	1.75	0.11	-7.68	-4.36
11:29:01.306412	-0.17	-8.75	1.8900000000000001	-1.93	-7.66	1.59	0.11	-9.44	1.3800000000000001	0.0	-10.91	-1.04
11:29:01.316498	0.16	-8.9	1.55	-1.21	-8.51	1.68	-1.04	-9.46	0.43	1.01	-12.14	-0.54
11:29:01.326608	0.45	-8.83	1.22	0.01	-9.52	0.97	-0.93	-9.41	0.74	0.25	-8.97	-2.25
11:29:01.336725	0.78	-8.69	0.89	1.21	-10.22	0.3	0.43	-8.91	1.52	0.74	-8.56	-3.39
11:29:01.346795	1.22	-8.64	0.58	2.22	-10.43	0.3	0.89	-9.47	0.88	1.34	-8.73	-0.61
11:29:01.356885	1.61	-8.85	-0.2	1.72	-10.39	0.47000000000000003	1.25	-9.93	-0.02	2.64	-8.700000000000001	-0.04
11:29:01.366958	1.57	-9.09	-0.52	0.76	-10.36	0.62	1.78	-10.16	-0.55	2.12	-9.96	-1.8
11:29:01.377031	1.3800000000000001	-9.36	-0.89	-0.27	-10.1	0.68	1.74	-10.1	-0.62	1.28	-9.81	-3.3200000000000003
11:29:01.387113	1.1500000000000001	-9.56	-1.24	-1.81	-9.81	0.12	1.59	-10.11	-0.5700000000000001	1.68	-10.58	-1.6300000000000001
11:29:01.397179	0.71	-9.91	-1.75	-1.8900000000000001	-10.0	-0.39	1.47	-10.28	-0.53	1.72	-9.81	-1.72
11:29:01.407259	0.54	-9.97	-1.87	-2.52	-10.16	-1.24	1.02	-9.82	0.98	1.12	-9.01	-3.0
11:29:01.417332	0.34	-9.92	-1.81	-2.77	-8.65	-1.37	0.47000000000000003	-9.82	1.17	0.9400000000000001	-9.200000000000001	-2.4
11:29:01.427406	0.13	-9.81	-1.6400000000000001	-3.37	-8.86	-1.7	-0.06	-10.02	0.96	1.03	-9.72	-0.78
11:29:01.437490	-0.21	-9.58	-1.23	-3.44	-8.98	-1.22	-0.33	-10.18	0.55	0.84	-10.11	-3.31
11:29:01.447561	-0.37	-9.51	-1.01	-3.49	-9.200000000000001	-1.21	0.0	-10.3	0.97	0.9400000000000001	-9.39	-3.77
11:29:01.457695	-0.45	-9.4	-0.8	-3.47	-9.32	-1.23	0.35000000000000003	-10.05	0.65	1.29	-9.41	-1.97
11:29:01.467768	-0.49	-9.19	-0.37	-2.7	-8.78	-0.85	0.64	-9.86	-0.17	1.5	-10.02	-1.08
11:29:01.477858	-0.4	-9.1	-0.25	-2.44	-8.81	-0.81	1.96	-9.32	-0.42	0.81	-9.26	-3.43
11:29:01.487955	-0.33	-9.0	-0.16	-2.09	-8.9	-0.77	2.75	-9.15	-0.6	0.76	-8.950000000000001	-2.2
11:29:01.498142	-0.33	-9.0	-0.16	-1.48	-8.99	-0.52	3.0300000000000002	-9.26	-1.06	0.76	-8.950000000000001	-2.2
11:29:01.508318	-0.3	-8.870000000000001	-0.1	-0.35000000000000003	-9.55	-0.31	2.9	-9.65	-1.56	1.78	-9.67	-2.14
11:29:01.518964	-0.27	-8.61	-0.19	0.03	-9.6	-0.17	1.8800000000000001	-9.27	-1.08	1.47	-8.98	-2.82
11:29:01.529927	-0.25	-8.63	-0.36	0.3	-9.870000000000001	0.25	0.33	-9.21	-0.89	1.75	-9.13	-3.25
11:29:01.540038	-0.36	-8.700000000000001	-0.48	0.15	-10.450000000000001	-0.09	-0.86	-9.49	-0.75	1.78	-9.950000000000001	-0.47000000000000003
11:29:01.550587	-0.31	-8.91	-0.7000000000000001	-0.2	-10.53	-0.52	-0.15	-9.59	-0.84	1.77	-9.35	-3.99
11:29:01.560704	-0.3	-9.07	-0.8200000000000001	-0.25	-10.05	-0.71	0.58	-9.51	-0.87	1.71	-8.94	-3.71
11:29:01.570822	-0.37	-9.14	-0.86	-0.39	-10.0	-1.21	0.93	-9.46	-0.58	2.12	-8.75	-2.9
11:29:01.580982	-0.44	-9.14	-0.87	-0.77	-9.83	-1.4000000000000001	1.19	-9.68	-0.08	2.3000000000000003	-9.77	-0.85
11:29:01.591532	-0.62	-9.09	-0.63	-1.07	-9.47	-1.37	1.33	-9.74	0.06	1.07	-9.35	-4.19
11:29:01.601640	-0.7000000000000001	-9.05	-0.51	-1.21	-8.85	-0.99	1.21	-9.4	0.96	1.34	-9.43	-2.95
11:29:01.611811	-0.76	-9.040000000000001	-0.31	-1.94	-9.34	-0.89	0.29	-10.17	1.27	1.51	-9.94	-0.5700000000000001
11:29:01.621931	-0.89	-9.03	-0.16	-2.02	-9.120000000000001	-0.84	0.21	-9.91	1.21	1.47	-8.97	-3.91
11:29:01.633029	-1.02	-9.03	0.03	-2.2	-9.290000000000001	-0.72	0.18	-9.55	1.1	1.81	-8.8	-5.07
11:29:01.643321	-1.04	-9.09	0.09	-2.15	-9.32	-0.45	0.1	-9.44	2.07	2.0300000000000002	-9.06	-2.23
11:29:01.653440	-1.08	-9.07	0.08	-2.2800000000000002	-9.25	0.11	-0.07	-10.21	1.19	2.05	-9.83	-2.16
11:29:01.663561	-0.9500000000000001	-9.14	-0.03	-2.34	-9.4	0.16	0.2	-9.84	0.77	1.8	-9.22	-3.92
11:29:01.673689	-0.86	-9.25	-0.12	-2.47	-9.36	0.34	0.37	-9.450000000000001	1.35	1.78	-9.02	-4.96
11:29:01.684791	-0.75	-9.370000000000001	-0.24	-2.59	-9.14	0.56	0.45	-9.99	0.79	1.84	-9.16	-1.8800000000000001
11:29:01.695275	-0.67	-9.44	-0.38	-2.79	-9.4	0.67	0.66	-9.9	0.61	1.73	-9.55	-4.23
11:29:01.705344	-0.49	-9.8	-0.76	-2.57	-9.55	0.8300000000000001	1.19	-9.59	0.84	1.44	-9.64	-4.43
11:29:01.715416	-0.48	-9.9	-0.79	-2.49	-9.58	0.91	1.29	-9.56	1.36	1.4000000000000001	-9.74	-4.41
11:29:01.725950	-0.48	-9.9	-0.79	-2.42	-9.700000000000001	0.85	0.85	-10.66	0.68	1.71	-10.120000000000001	-1.7
11:29:01.736641	-0.62	-10.25	-0.7000000000000001	-2.02	-10.040000000000001	0.28	1.01	-10.34	1.11	1.08	-10.44	-4.7
11:29:01.746704	-0.76	-10.34	-0.6	-2.5500000000000003	-10.05	0.08	1.02	-10.16	1.22	1.3	-10.76	-5.1000000000000005
11:29:01.756772	-0.89	-10.44	-0.52	-2.21	-10.18	0.27	0.52	-10.77	1.56	2.13	-11.07	-4.45
11:29:01.766843	-1.03	-10.66	-0.31	-2.23	-10.31	0.5	0.43	-11.25	1.67	1.36	-11.75	-2.87
11:29:01.776916	-1.35	-10.68	0.09	-2.14	-10.370000000000001	0.17	0.9400000000000001	-10.81	1.46	2.35	-10.58	-5.13
11:29:01.786998	-1.61	-10.98	0.07	-2.38	-10.870000000000001	0.39	0.45	-10.61	1.59	3.71	-10.290000000000001	-6.01
11:29:01.797065	-1.77	-11.06	0.25	-2.35	-10.49	0.48	0.1	-11.08	0.92	3.27	-10.67	-3.91
11:29:01.807137	-2.0	-10.99	0.38	-2.5300000000000002	-10.49	0.4	-0.25	-11.19	0.9500000000000001	3.72	-10.46	-5.37
11:29:01.817214	-2.27	-10.85	0.39	-2.05	-10.57	0.22	0.02	-10.5	1.0	3.93	-10.85	-5.54
11:29:01.827286	-2.37	-10.82	0.42	-2.09	-10.77	0.37	-0.13	-10.67	1.12	4.08	-10.02	-5.53
11:29:01.837396	-2.44	-10.620000000000001	0.34	-2.11	-10.76	-0.02	-0.11	-10.94	0.5700000000000001	4.05	-10.74	-3.8200000000000003
11:29:01.847435	-2.27	-10.33	0.22	-1.83	-10.6	-0.42	-0.06	-10.81	0.66	2.61	-11.13	-5.3
11:29:01.857505	-2.19	-10.21	0.14	-1.56	-10.65	-0.48	0.31	-10.370000000000001	0.43	2.35	-10.97	-5.93
11:29:01.867580	-2.0100000000000002	-10.120000000000001	0.06	-1.49	-10.72	-0.42	0.2	-10.23	0.77	2.38	-10.93	-5.93
11:29:01.877648	-1.57	-10.14	0.04	-1.29	-10.540000000000001	-0.5700000000000001	0.16	-10.85	0.01	2.48	-11.370000000000001	-2.21
11:29:01.887724	-0.24	-10.6	0.74	-1.04	-10.35	-0.58	1.0	-10.86	-0.68	3.5700000000000003	-11.71	-5.69
11:29:01.897812	0.29	-11.3	1.33	-0.87	-11.07	-0.3	1.97	-10.57	-0.76	2.77	-12.0	-6.58
11:29:01.907883	0.15	-11.84	1.79	-0.98	-11.73	-0.07	1.24	-11.08	-1.01	0.08	-13.5	-4.54
11:29:01.917951	-0.33	-12.01	2.22	-1.04	-11.790000000000001	-0.18	0.24	-11.64	-1.9000000000000001	-0.76	-13.290000000000001	-1.87
11:29:01.928067	-1.97	-11.950000000000001	2.32	-1.22	-11.56	-0.27	-0.29	-11.09	-2.05	2.61	-14.3	-4.98
11:29:01.938149	-2.71	-11.78	2.0300000000000002	-1.67	-11.59	-0.03	-1.41	-11.200000000000001	-2.11	1.29	-14.99	-4.9
11:29:01.948213	-2.83	-11.41	1.47	-1.87	-11.33	-0.28	-1.6300000000000001	-11.47	-2.47	-0.38	-14.97	-4.5200000000000005
11:29:01.958285	-1.84	-10.68	0.67	-2.16	-11.13	-0.9	-2.11	-11.99	-2.39	-0.77	-15.55	-1.16
11:29:01.968395	1.85	-9.26	-0.72	-2.7	-10.56	-1.97	-1.9000000000000001	-12.5	-1.6	-0.5700000000000001	-17.16	-2.63
11:29:01.978483	3.2800000000000002	-8.81	-1.3800000000000001	-2.92	-10.370000000000001	-2.46	-1.6500000000000001	-12.57	-1.79	-0.87	-19.080000000000002	-1.97
11:29:01.988685	3.52	-8.5	-2.08	-3.12	-10.16	-2.9	-1.81	-13.58	-2.93	-0.1	-20.63	-0.97
11:29:01.999298	3.27	-8.33	-2.37	-3.5300000000000002	-9.82	-3.12	-0.88	-15.25	-3.79	1.98	-19.07	2.96
11:29:02.009409	2.24	-8.45	-2.12	-3.6	-8.120000000000001	-2.47	1.04	-14.120000000000001	-3.25	2.5100000000000002	-16.79	2.83
11:29:02.019508	1.96	-8.6	-1.77	-4.23	-8.13	-1.18	2.49	-12.41	-2.71	4.22	-13.44	0.53
11:29:02.029634	1.8800000000000001	-8.71	-1.25	-5.29	-8.34	-1.17	3.91	-11.19	-1.8800000000000001	3.86	-11.89	-3.95
11:29:02.039746	1.56	-8.72	0.09	-4.73	-8.88	-1.12	4.47	-8.700000000000001	4.94	6.43	-4.13	-4.2
11:29:02.050386	1.12	-8.8	0.7000000000000001	-4.67	-9.53	-0.4	3.95	-7.640000000000001	11.55	5.68	0.44	-7.87
11:29:02.060484	0.67	-8.99	1.3	-4.5	-10.35	-0.27	2.96	-9.05	10.72	0.07	-0.92	-1.32
11:29:02.070582	0.3	-9.24	1.78	-4.28	-11.46	-0.32	1.77	-10.040000000000001	10.040000000000001	-13.63	-1.3900000000000001	16.89
11:29:02.081246	-0.37	-9.94	2.5300000000000002	-4.28	-11.46	-0.32	0.7000000000000001	-10.85	4.45	-13.6	-1.5	15.14
11:29:02.091803	-0.55	-10.31	2.61	-4.54	-12.81	0.38	0.1	-11.88	2.52	-2.29	-10.56	6.0600000000000005
11:29:02.102228	-0.61	-10.540000000000001	2.56	-3.69	-11.94	0.12	-0.96	-11.82	2.9	7.640000000000001	-14.83	2.81
11:29:02.112347	-0.58	-10.61	2.38	-3.24	-11.75	0.39	0.72	-6.65	5.86	1.83	-4.91	5.21
11:29:02.122498	-0.34	-10.290000000000001	1.59	-2.62	-10.38	0.35000000000000003	1.09	-6.21	6.3100000000000005	1.83	-4.91	5.21
11:29:02.133166	-0.17	-10.13	1.24	-1.8800000000000001	-10.13	0.32	0.96	-6.62	5.72	3.02	-1.56	6.66
11:29:02.143794	0.02	-9.96	0.98	-1.7	-9.88	-0.37	0.5	-6.59	4.87	-0.09	-6.8500000000000005	5.26
11:29:02.153860	0.13	-9.88	0.8	-1.84	-9.94	-0.16	0.47000000000000003	-6.44	5.01	-0.09	-6.8500000000000005	5.26
11:29:02.163981	0.14	-9.66	0.41000000000000003	-2.22	-9.6	-0.68	0.17	-6.08	5.16	-1.29	-7.86	4.33
11:29:02.174072	0.12	-9.52	0.27	-2.27	-9.17	-0.78	0.0	-6.12	5.44	0.71	-6.71	3.68
11:29:02.184149	0.09	-9.38	0.23	-2.66	-8.72	-0.8300000000000001	0.31	-5.71	5.67	0.86	-6.07	3.95
11:29:02.194243	0.0	-9.290000000000001	0.18	-2.91	-8.15	-1.1500000000000001	0.28	-5.46	5.69	0.7000000000000001	-7.86	2.73
11:29:02.204312	-0.17	-9.06	0.32	-3.47	-6.8100000000000005	-1.58	-0.17	-5.84	5.69	0.27	-9.35	1.83
11:29:02.214417	-0.3	-8.99	0.43	-3.84	-6.22	-1.62	-1.73	-6.61	6.17	-0.71	-10.200000000000001	0.96
11:29:02.224508	-0.33	-8.88	0.65	-3.89	-6.36	-1.86	-2.2600000000000002	-6.83	6.41	-0.43	-11.32	-0.01
11:29:02.234669	-0.37	-8.77	0.93	-4.1	-6.3500000000000005	-1.56	-2.7	-7.18	6.5	0.13	-12.21	-0.98
11:29:02.245200	-0.45	-8.74	1.07	-4.11	-6.41	-0.58	-3.3200000000000003	-8.18	6.15	1.1400000000000001	-12.73	-1.92
11:29:02.255483	-0.51	-8.74	1.24	-3.88	-6.42	-0.45	-3.14	-8.74	6.01	3.59	-13.84	-3.94
11:29:02.266059	-0.54	-8.71	1.33	-3.99	-6.36	-0.21	-2.48	-8.89	5.65	4.87	-13.77	-4.67
11:29:02.276155	-0.51	-8.76	1.34	-3.71	-6.03	-0.23	-1.56	-8.84	5.57	5.41	-13.72	-4.76
11:29:02.286271	-0.4	-8.71	1.06	-3.58	-5.98	-0.47000000000000003	-0.5700000000000001	-9.36	5.26	5.28	-13.92	-4.92
11:29:02.296353	-0.32	-8.65	0.91	-3.0500000000000003	-6.2700000000000005	-0.81	-0.07	-10.1	5.12	5.67	-15.64	-7.96
11:29:02.306423	-0.12	-8.68	0.53	-2.5500000000000003	-6.58	-1.22	0.4	-10.02	4.7	5.67	-15.64	-7.96
11:29:02.316529	-0.08	-8.69	0.31	-2.0	-6.93	-2.08	0.52	-9.94	4.4	5.62	-15.43	-8.53
11:29:02.326642	-0.04	-8.65	0.2	-1.67	-7.28	-2.77	0.07	-10.38	4.33	5.42	-15.02	-9.82
11:29:02.337004	-0.1	-8.71	0.17	-1.43	-7.45	-3.54	-0.24	-10.46	3.97	5.47	-14.89	-10.42
11:29:02.347483	-0.27	-8.75	0.3	-1.21	-7.76	-3.96	-0.6900000000000001	-10.61	3.91	5.24	-14.48	-10.81
11:29:02.357546	-0.34	-8.88	0.45	-0.55	-8.6	-4.15	-0.8200000000000001	-10.72	3.25	4.92	-14.46	-10.92
11:29:02.367647	-0.45	-9.09	0.64	-0.1	-8.98	-3.7600000000000002	-0.91	-10.19	3.08	4.3100000000000005	-13.32	-14.18
11:29:02.377762	-0.52	-9.32	0.84	0.28	-9.33	-3.47	-0.99	-9.870000000000001	3.1	2.87	-12.02	-12.08
11:29:02.387832	-0.63	-9.75	1.17	0.41000000000000003	-9.55	-3.43	-0.68	-9.950000000000001	3.0	2.9	-12.61	-13.15
11:29:02.397930	-0.72	-9.91	1.33	0.28	-9.94	-3.92	-0.6900000000000001	-9.75	2.44	2.9	-12.61	-13.15
11:29:02.407997	-0.78	-10.01	1.46	0.13	-9.88	-3.95	-0.76	-9.790000000000001	1.74	3.75	-10.69	-14.93
11:29:02.418070	-0.87	-10.26	1.6400000000000001	-0.1	-9.75	-3.98	-0.67	-9.83	1.4000000000000001	3.75	-10.69	-14.93
11:29:02.428167	-0.89	-10.290000000000001	1.6300000000000001	-0.58	-9.77	-3.93	-0.5	-8.94	0.91	3.75	-10.69	-14.93
11:29:02.438274	-1.17	-10.38	1.56	-1.35	-9.67	-3.96	-0.55	-8.76	0.9500000000000001	1.51	-10.120000000000001	-15.32
11:29:02.448448	-1.04	-10.53	1.57	-1.54	-9.65	-3.97	-0.65	-8.46	1.12	0.5	-10.14	-15.39
11:29:02.458568	-1.18	-10.84	1.34	-1.75	-9.72	-3.95	-1.37	-8.2	0.9400000000000001	0.04	-9.93	-15.040000000000001
11:29:02.469055	-1.32	-11.03	1.24	-1.81	-9.89	-4.12	-1.58	-8.22	1.03	0.04	-9.93	-15.040000000000001
11:29:02.479186	-1.3800000000000001	-11.040000000000001	1.12	-1.42	-10.63	-4.64	-1.46	-8.35	1.1	0.89	-10.200000000000001	-14.74
11:29:02.489306	-1.42	-10.98	1.05	-1.26	-10.64	-4.64	-1.1400000000000001	-8.35	1.26	1.22	-10.33	-14.88
11:29:02.499426	-1.36	-11.02	1.03	-1.1300000000000001	-10.51	-4.64	-0.5700000000000001	-8.32	1.35	0.87	-8.88	-14.14
11:29:02.509537	-1.57	-10.73	0.96	-1.08	-9.83	-4.03	-0.25	-8.28	1.6300000000000001	1.12	-8.31	-13.18
11:29:02.519660	-1.49	-10.52	0.97	-1.1300000000000001	-9.4	-3.5300000000000002	-0.09	-8.18	1.93	1.9000000000000001	-8.540000000000001	-12.83
11:29:02.529832	-1.48	-10.24	0.97	-1.44	-9.09	-3.13	0.12	-8.98	1.56	1.9000000000000001	-8.540000000000001	-12.83
11:29:02.539904	-0.37	-10.76	0.77	-1.72	-9.35	-2.7	0.22	-10.52	-0.19	-0.4	-12.530000000000001	-7.23
11:29:02.550057	0.1	-11.82	0.43	-2.65	-12.790000000000001	-2.64	-0.17	-13.67	-4.54	-1.01	-18.78	4.0200000000000005
11:29:02.560569	0.1	-12.73	-0.23	-3.23	-13.25	-2.73	-1.06	-15.9	-7.140000000000001	11.65	-11.540000000000001	3.65
11:29:02.570683	0.14	-13.3	-0.79	-3.13	-12.870000000000001	-2.84	-0.67	-14.34	-2.23	9.43	-8.53	-2.15
11:29:02.580838	0.43	-13.040000000000001	-1.6600000000000001	-2.13	-12.540000000000001	-3.19	-0.27	-11.950000000000001	-0.05	3.5700000000000003	-8.78	-5.21
11:29:02.591500	0.61	-12.24	-1.7	-1.1300000000000001	-10.790000000000001	-2.15	-1.0	-10.52	1.8800000000000001	3.5700000000000003	-8.78	-5.21
11:29:02.601691	0.79	-11.25	-1.46	-1.37	-9.92	-2.67	-1.22	-9.26	2.38	3.5700000000000003	-8.78	-5.21
11:29:02.611797	0.39	-9.83	-0.37	-2.13	-8.68	-2.96	0.97	-9.27	2.3000000000000003	1.32	-8.67	-0.42
11:29:02.621877	-0.23	-9.51	0.27	-3.5500000000000003	-6.88	-1.79	2.18	-9.26	2.8000000000000003	1.32	-8.67	-0.42
11:29:02.632410	-0.78	-9.33	0.88	-4.15	-6.66	-0.61	2.18	-9.26	2.8000000000000003	1.32	-8.67	-0.42
11:29:02.642584	-1.1500000000000001	-9.35	1.44	-4.37	-6.93	0.73	1.35	-11.24	2.59	0.39	-9.47	1.93
11:29:02.652714	-1.29	-9.75	2.0100000000000002	-3.98	-7.62	1.2	-0.44	-10.99	2.54	2.3000000000000003	-9.36	-1.93
11:29:02.663396	-0.91	-9.91	1.93	-2.54	-8.25	1.61	-0.77	-9.41	2.2	2.3000000000000003	-9.36	-1.93
11:29:02.673501	-0.41000000000000003	-10.0	1.74	-1.8900000000000001	-8.790000000000001	1.46	-1.1400000000000001	-9.67	1.5	0.14	-10.74	-0.68
11:29:02.683574	0.11	-10.01	1.42	-1.05	-9.43	0.8	-1.47	-10.21	0.47000000000000003	0.87	-11.03	0.63
11:29:02.693674	0.77	-9.46	0.59	-0.16	-10.07	0.02	-1.07	-9.91	0.08	1.75	-10.17	-2.66
11:29:02.703773	1.06	-9.040000000000001	0.07	1.32	-10.450000000000001	-0.27	0.89	-8.92	1.04	1.75	-10.17	-2.66
11:29:02.713930	1.48	-8.65	-0.39	1.2	-9.89	0.03	1.46	-9.24	0.45	1.47	-8.83	-0.96
11:29:02.724102	1.83	-8.39	-0.7000000000000001	0.67	-9.540000000000001	0.13	1.96	-9.67	-0.7000000000000001	2.31	-9.09	0.31
11:29:02.734218	2.08	-8.41	-1.2	-0.09	-9.74	0.02	2.33	-10.09	-0.8200000000000001	1.62	-9.96	-2.02
11:29:02.744315	1.81	-8.69	-1.3900000000000001	-1.73	-9.73	-0.26	1.97	-10.28	-0.43	1.11	-9.07	-2.88
11:29:02.754548	1.5	-9.02	-1.6	-1.81	-9.74	-0.48	1.73	-10.21	-0.05	1.41	-9.51	-1.34
11:29:02.764637	1.16	-9.52	-1.74	-1.96	-9.370000000000001	-0.71	1.35	-9.97	-0.1	1.55	-10.41	-1.96
11:29:02.774710	1.1500000000000001	-9.620000000000001	-1.62	-2.09	-9.51	-1.07	0.98	-9.46	0.6900000000000001	0.62	-9.200000000000001	-2.97
11:29:02.784784	0.97	-9.74	-1.44	-2.5100000000000002	-8.71	-1.51	1.12	-9.72	0.67	0.62	-9.200000000000001	-2.97
11:29:02.794852	0.74	-9.8	-1.19	-2.65	-8.78	-1.36	1.16	-10.120000000000001	0.06	0.62	-9.200000000000001	-2.97
11:29:02.804987	-0.01	-9.83	-0.66	-2.54	-9.41	-1.55	1.46	-10.31	-0.68	0.74	-10.67	-1.93
11:29:02.815106	-0.33	-9.73	-0.45	-2.34	-9.61	-1.32	1.82	-9.76	-0.46	0.93	-9.9	-3.86
11:29:02.825679	-0.58	-9.52	-0.36	-1.97	-9.1	-0.96	1.87	-9.28	-0.3	1.42	-8.44	-3.3200000000000003
11:29:02.835746	-0.64	-9.290000000000001	-0.22	-1.58	-8.83	-0.92	1.56	-9.01	0.0	1.47	-8.32	0.16
11:29:02.845820	-0.4	-8.84	-0.04	-1.16	-9.03	-0.8	0.56	-9.56	0.0	2.32	-9.14	-3.89
11:29:02.855899	-0.21	-8.71	0.0	-0.92	-9.67	-0.68	0.06	-9.9	0.05	2.31	-9.06	-3.41
11:29:02.865961	-0.09	-8.71	0.04	-0.6	-10.0	-0.4	-0.72	-10.11	0.19	2.63	-8.73	-1.92
11:29:02.876092	0.01	-9.0	-0.24	-0.62	-9.91	-0.33	-0.81	-9.72	-0.01	2.32	-9.31	-1.23
11:29:02.886158	0.06	-9.08	-0.42	-0.63	-9.76	-0.37	0.38	-9.27	-0.17	1.6400000000000001	-9.57	-3.3200000000000003
11:29:02.896271	-0.03	-9.16	-0.49	-0.62	-9.64	-0.43	1.42	-9.15	-0.51	1.37	-9.24	-4.47
11:29:02.906597	-0.03	-9.16	-0.49	-0.63	-9.47	-0.65	1.8800000000000001	-9.27	-0.22	1.2	-9.47	-1.61
11:29:02.917097	-0.3	-9.120000000000001	-0.78	-0.6900000000000001	-9.48	-0.63	2.08	-9.75	-0.19	1.11	-10.13	-1.53
11:29:02.927229	-0.35000000000000003	-9.09	-0.81	-0.65	-9.6	-0.6	1.9000000000000001	-9.620000000000001	-0.19	1.34	-9.09	-3.45
11:29:02.937329	-0.28	-9.06	-0.79	-0.54	-9.48	-0.34	1.57	-9.42	0.31	1.43	-8.540000000000001	-4.34
11:29:02.947403	-0.3	-9.08	-0.7000000000000001	-1.06	-9.09	-0.11	0.93	-9.58	1.43	1.37	-9.31	-1.1300000000000001
11:29:02.957502	-0.27	-9.200000000000001	-0.41000000000000003	-1.05	-9.46	-0.07	0.78	-9.83	0.88	1.68	-9.72	-3.27
11:29:02.967569	-0.31	-9.32	-0.29	-1.51	-9.6	-0.07	0.72	-9.790000000000001	0.84	1.77	-9.22	-3.52
11:29:02.977642	-0.38	-9.39	-0.16	-1.71	-9.78	-0.04	0.51	-9.77	1.6400000000000001	2.02	-9.16	-4.0
11:29:02.987714	-0.55	-9.48	-0.1	-1.84	-9.700000000000001	-0.22	0.09	-10.370000000000001	1.44	1.99	-9.61	-1.31
11:29:02.997787	-0.63	-9.48	-0.08	-2.0100000000000002	-9.69	-0.47000000000000003	-0.06	-10.1	1.57	1.9100000000000001	-9.02	-4.33
11:29:03.007873	-0.67	-9.49	-0.14	-2.07	-9.55	-0.54	0.2	-9.66	1.79	1.74	-9.21	-4.92
11:29:03.017944	-0.7000000000000001	-9.43	-0.22	-2.48	-9.43	-0.32	0.19	-10.15	2.22	1.75	-9.32	-2.85
11:29:03.028013	-0.54	-9.38	-0.43	-2.58	-9.42	-0.14	0.02	-10.53	1.49	1.75	-9.32	-2.85
11:29:03.038104	-0.47000000000000003	-9.42	-0.62	-2.66	-9.36	0.03	0.44	-9.97	1.77	1.37	-9.48	-4.29
11:29:03.048226	-0.39	-9.35	-0.6900000000000001	-2.8000000000000003	-9.450000000000001	0.32	0.66	-9.74	2.46	1.47	-9.620000000000001	-5.18
11:29:03.058850	-0.26	-9.450000000000001	-0.73	-2.7	-9.51	0.66	0.5	-10.44	1.55	1.97	-9.35	-2.37
11:29:03.068912	-0.17	-9.66	-0.78	-2.59	-9.64	0.66	0.34	-10.57	1.5	2.2800000000000002	-9.85	-2.33
11:29:03.079266	-0.19	-9.84	-0.76	-2.46	-9.870000000000001	0.72	0.75	-10.11	1.47	1.48	-10.06	-4.93
11:29:03.089338	-0.17	-9.98	-0.72	-2.24	-10.02	0.92	0.61	-10.03	2.07	2.12	-10.42	-5.45
11:29:03.099407	-0.21	-10.16	-0.65	-2.31	-9.99	0.47000000000000003	0.65	-10.61	1.1500000000000001	1.9000000000000001	-10.9	-2.7600000000000002
11:29:03.109504	-0.41000000000000003	-10.47	-0.52	-2.29	-10.01	0.42	0.96	-10.41	1.23	1.68	-9.34	-4.16
11:29:03.119577	-0.52	-10.64	-0.45	-2.37	-10.05	0.45	0.79	-9.790000000000001	1.57	1.68	-9.34	-4.16
11:29:03.129700	-0.73	-10.72	-0.35000000000000003	-2.56	-9.98	0.29	0.89	-10.01	1.46	2.41	-9.83	-5.17
11:29:03.139796	-0.86	-10.790000000000001	-0.15	-2.44	-10.13	0.24	0.62	-10.84	0.54	2.5100000000000002	-9.76	-2.06
11:29:03.149904	-1.01	-10.85	-0.04	-2.5	-10.24	0.23	0.59	-10.65	0.87	2.5100000000000002	-9.76	-2.06
11:29:03.160066	-1.11	-10.91	0.1	-2.36	-10.28	0.37	0.56	-10.15	1.47	2.5100000000000002	-9.76	-2.06
11:29:03.170616	-1.22	-10.86	0.09	-2.2	-10.290000000000001	0.07	0.44	-10.44	1.2	3.16	-10.0	-2.89
11:29:03.180686	-1.51	-10.75	0.26	-2.0300000000000002	-10.19	0.28	0.13	-10.790000000000001	0.78	3.16	-10.0	-2.89
11:29:03.190808	-1.56	-10.59	0.28	-2.04	-10.26	0.37	0.7000000000000001	-9.99	0.64	1.93	-10.8	-5.08
11:29:03.201491	-1.55	-10.48	0.29	-1.95	-10.43	0.35000000000000003	0.52	-10.17	0.51	2.09	-10.13	-5.7
11:29:03.211672	-1.53	-10.27	0.21	-1.87	-10.39	-0.3	0.52	-10.17	0.51	2.09	-10.13	-5.7
11:29:03.221851	-1.54	-10.01	0.01	-1.77	-10.3	-0.41000000000000003	0.64	-9.85	0.0	1.4000000000000001	-11.27	-5.63
11:29:03.232017	-1.53	-9.950000000000001	-0.05	-1.71	-10.35	-0.5	0.31	-9.72	0.3	1.55	-10.71	-6.22
11:29:03.242568	-1.47	-9.91	-0.17	-1.76	-10.43	-0.8200000000000001	0.21	-10.07	-0.46	1.87	-11.38	-4.13
11:29:03.252663	-1.1400000000000001	-9.89	-0.25	-1.42	-10.26	-0.99	0.96	-10.47	-1.73	2.95	-12.16	-4.82
11:29:03.262801	0.01	-10.4	0.21	-1.07	-10.47	-0.66	1.82	-10.5	-2.29	2.95	-12.16	-4.82
11:29:03.272952	0.39	-11.09	0.79	-0.77	-11.290000000000001	-0.51	1.34	-10.700000000000001	-1.62	2.1	-13.6	-6.45
11:29:03.283334	0.25	-11.88	1.21	-0.62	-12.05	-0.71	0.6	-12.030000000000001	-2.0100000000000002	2.1	-13.6	-6.45
11:29:03.293729	-0.37	-12.21	1.6500000000000001	-0.64	-11.72	-1.3800000000000001	-1.1	-11.89	-2.71	1.84	-14.55	-5.16
11:29:03.303797	-1.59	-12.65	2.12	-0.91	-11.89	-1.6500000000000001	-1.9000000000000001	-12.01	-2.23	2.62	-17.26	-4.14
11:29:03.313877	-1.7	-12.48	2.04	-1.05	-12.040000000000001	-1.77	-1.9000000000000001	-12.01	-2.23	0.31	-18.19	-4.39
11:29:03.324135	-1.09	-11.99	1.86	-1.76	-11.99	-2.21	-2.12	-14.31	-1.19	-1.1300000000000001	-18.71	-2.12
11:29:03.334654	1.3800000000000001	-10.08	-0.09	-1.94	-11.84	-2.45	-2.12	-14.31	-1.19	-0.04	-20.8	-0.29
11:29:03.344771	2.39	-9.56	-0.55	-2.34	-11.19	-2.42	-1.44	-16.03	-4.2	-0.04	-20.8	-0.29
11:29:03.354994	3.31	-8.88	-1.01	-3.13	-10.52	-2.1	-0.54	-17.330000000000002	-3.7800000000000002	2.64	-21.95	1.34
11:29:03.365677	3.4	-7.8100000000000005	-1.32	-3.48	-9.03	-1.87	-0.54	-17.330000000000002	-3.7800000000000002	3.66	-16.8	1.32
11:29:03.376203	3.0300000000000002	-7.44	-1.27	-3.5700000000000003	-8.91	-2.21	3.06	-12.22	-2.18	3.66	-16.8	1.32
11:29:03.386531	2.57	-7.2	-1.05	-4.55	-8.43	-0.92	4.8	-11.05	-0.78	5.0600000000000005	-8.55	-1.97
11:29:03.396609	2.17	-7.11	-0.76	-6.38	-9.11	-2.17	4.8	-11.05	-0.78	6.12	-4.51	-2.02
11:29:03.406716	1.44	-7.86	0.1	-5.18	-9.38	-1.12	4.8	-11.05	-0.78	4.51	0.27	-6.5
11:29:03.416795	1.06	-8.59	0.62	-5.05	-9.13	-0.2	4.8	-11.05	-0.78	-1.71	-3.7	2.11
11:29:03.426858	0.68	-9.450000000000001	1.1	-5.0600000000000005	-10.0	-0.16	2.05	-9.48	9.63	-1.71	-3.7	2.11
11:29:03.436929	0.31	-10.3	1.62	-4.26	-11.39	-0.06	0.78	-10.32	4.54	-13.94	0.73	19.0
11:29:03.447003	0.06	-11.58	2.49	-4.38	-12.96	0.32	0.04	-11.23	3.15	0.02	-11.19	6.29
11:29:03.457106	0.0	-11.8	2.67	-3.63	-13.15	0.58	-0.8300000000000001	-10.78	3.08	8.120000000000001	-12.91	3.0300000000000002
11:29:03.467247	0.0	-11.72	2.6	-3.21	-12.41	0.55	-0.8300000000000001	-10.78	3.08	5.78	-7.59	2.66
11:29:03.477309	-0.27	-11.28	2.22	-2.7600000000000002	-11.66	0.45	0.8200000000000001	-6.23	5.63	5.78	-7.59	2.66
11:29:03.487418	-0.08	-10.17	1.41	-2.0300000000000002	-10.18	0.22	1.47	-6.17	5.63	1.71	-0.96	6.99
11:29:03.497489	0.29	-9.620000000000001	1.07	-2.23	-10.07	0.0	1.35	-6.69	5.01	2.7	-2.92	6.07
11:29:03.507592	0.53	-9.18	0.72	-2.08	-9.870000000000001	0.07	0.81	-6.69	4.87	1.87	-5.88	4.86
11:29:03.517688	0.76	-8.85	0.4	-1.9100000000000001	-9.68	-0.03	0.81	-6.69	4.87	1.87	-5.88	4.86
11:29:03.527793	0.76	-8.85	0.4	-1.98	-9.1	-0.3	-0.01	-5.92	5.18	-0.16	-8.49	3.31
11:29:03.537923	1.0	-8.45	-0.09	-2.29	-8.66	-0.56	-0.54	-6.09	5.18	-0.52	-6.11	4.28
11:29:03.547995	0.97	-8.36	-0.22	-2.57	-8.120000000000001	-1.0	-0.54	-6.09	5.18	-0.1	-6.3	4.03
11:29:03.558113	0.79	-8.31	-0.25	-2.94	-7.11	-1.02	-0.54	-6.09	5.18	0.6900000000000001	-9.14	1.42
11:29:03.568653	0.62	-8.28	-0.06	-3.5100000000000002	-6.38	-2.0	-0.65	-6.0200000000000005	5.4	0.34	-9.31	1.08
11:29:03.578717	0.5700000000000001	-8.370000000000001	0.08	-3.5700000000000003	-6.15	-2.15	-1.33	-6.55	6.08	0.34	-9.31	1.08
11:29:03.589112	0.53	-8.43	0.24	-3.7800000000000002	-5.98	-1.8900000000000001	-1.33	-6.55	6.08	0.49	-10.450000000000001	-0.01
11:29:03.599184	0.4	-8.48	0.42	-3.93	-5.93	-1.52	-1.33	-6.55	6.08	1.28	-12.49	-1.85
11:29:03.609257	0.29	-8.66	0.77	-4.13	-6.1000000000000005	-0.8300000000000001	-2.85	-8.41	5.78	1.8800000000000001	-13.200000000000001	-2.66
11:29:03.619853	0.21	-8.73	0.79	-4.17	-6.2	-0.66	-2.85	-8.41	5.78	2.82	-14.06	-3.98
11:29:03.629919	0.2	-8.8	0.8200000000000001	-3.92	-6.28	-0.54	-1.36	-9.370000000000001	5.09	4.53	-14.18	-5.11
11:29:03.640010	0.13	-8.81	0.8200000000000001	-3.3200000000000003	-6.3	-1.04	-0.16	-9.88	4.96	5.09	-13.89	-5.42
11:29:03.650100	0.18	-8.790000000000001	0.66	-3.09	-6.5200000000000005	-1.2	-0.04	-9.64	4.69	4.92	-14.09	-6.17
11:29:03.660188	0.2	-8.81	0.56	-2.7	-6.890000000000001	-1.68	-0.33	-10.06	4.45	4.92	-14.09	-6.17
11:29:03.670853	0.2	-8.78	0.45	-1.87	-7.36	-2.73	-0.49	-10.34	4.24	4.7	-14.6	-7.62
11:29:03.680963	0.22	-8.8	0.31	-1.36	-7.58	-3.2600000000000002	-0.63	-10.5	4.18	4.7	-14.6	-7.62
11:29:03.691518	0.26	-8.81	0.19	-1.06	-7.65	-3.49	-0.63	-10.35	4.08	5.0200000000000005	-14.3	-7.87
11:29:03.701619	0.22	-8.81	0.18	-0.77	-7.84	-3.85	-0.51	-10.1	3.5300000000000002	5.13	-14.14	-8.19
11:29:03.712072	0.23	-8.790000000000001	0.18	-0.77	-7.84	-3.85	-0.51	-10.1	3.5300000000000002	5.13	-14.14	-8.19
11:29:03.722381	0.16	-8.89	0.31	-0.31	-8.32	-4.0	-0.6900000000000001	-10.08	2.63	5.78	-16.2	-9.25
11:29:03.732467	0.09	-9.01	0.42	0.1	-8.73	-3.67	-0.74	-10.05	2.19	5.9	-14.39	-12.950000000000001
11:29:03.742561	0.0	-9.17	0.56	0.36	-9.07	-3.72	-0.87	-10.33	1.93	3.85	-13.25	-12.32
11:29:03.752646	-0.01	-9.370000000000001	0.73	0.13	-9.42	-3.7600000000000002	-0.79	-10.08	1.59	3.83	-12.370000000000001	-12.77
11:29:03.762714	-0.11	-9.77	0.98	-0.02	-9.59	-3.62	-0.75	-9.91	1.27	3.33	-12.43	-12.67
11:29:03.773246	-0.16	-9.91	1.1	-0.17	-9.89	-3.89	-0.8300000000000001	-9.700000000000001	1.06	3.33	-12.43	-12.67
11:29:03.783345	-0.17	-10.05	1.21	-0.32	-10.18	-4.03	-1.07	-9.1	1.24	2.12	-10.92	-13.96
11:29:03.793658	-0.22	-10.14	1.26	-0.71	-10.200000000000001	-4.16	-1.18	-8.48	0.89	1.67	-11.120000000000001	-14.67
11:29:03.803732	-0.34	-10.42	1.23	-0.87	-10.14	-4.13	-1.3900000000000001	-8.25	0.29	1.84	-11.25	-15.26
11:29:03.813806	-0.36	-10.53	1.23	-1.04	-10.290000000000001	-4.54	-0.85	-8.0	0.13	1.61	-9.61	-15.76
11:29:03.824258	-0.41000000000000003	-10.81	1.0	-1.21	-10.35	-4.93	-0.49	-7.82	0.38	1.53	-9.55	-15.700000000000001
11:29:03.834373	-0.37	-10.96	0.87	-1.45	-10.5	-5.19	-0.23	-7.86	0.53	1.53	-9.55	-15.700000000000001
11:29:03.844508	-0.34	-11.040000000000001	0.8	-1.71	-10.69	-5.24	-0.06	-8.02	0.65	0.8300000000000001	-10.14	-15.66
11:29:03.855117	-0.42	-11.08	0.73	-1.79	-10.77	-5.26	0.2	-8.21	1.1300000000000001	0.8300000000000001	-10.14	-15.66
11:29:03.865346	-0.61	-10.99	0.55	-1.8900000000000001	-10.700000000000001	-5.0	0.27	-8.120000000000001	1.6	0.8300000000000001	-10.14	-15.66
11:29:03.875456	-0.81	-10.68	0.46	-1.85	-10.09	-4.41	0.3	-8.13	2.05	0.8300000000000001	-10.14	-15.66
11:29:03.886111	-0.91	-10.540000000000001	0.5	-1.72	-9.35	-3.97	0.23	-8.42	2.45	0.8300000000000001	-10.14	-15.66
11:29:03.896312	-0.84	-10.38	0.54	-1.37	-8.78	-3.2600000000000002	0.58	-9.51	1.35	0.8300000000000001	-10.14	-15.66
11:29:03.906930	-0.84	-10.38	0.54	-1.2	-8.57	-2.48	0.66	-12.59	-3.0	-2.46	-18.88	2.79
11:29:03.917032	1.09	-12.1	0.27	-1.77	-12.0	-2.09	-0.59	-15.66	-7.34	6.59	-17.91	9.53
11:29:03.927113	1.28	-13.18	-0.32	-2.34	-13.870000000000001	-2.45	-0.48	-15.860000000000001	-1.76	10.08	-8.74	-4.74
11:29:03.937183	1.31	-13.73	-0.93	-2.61	-14.36	-2.77	-0.03	-13.34	0.74	10.08	-8.74	-4.74
11:29:03.947259	1.1500000000000001	-13.05	-1.61	-1.61	-14.15	-3.49	-1.26	-11.38	3.42	10.08	-8.74	-4.74
11:29:03.957337	1.25	-12.09	-1.28	0.14	-10.59	-1.5	-2.6	-8.620000000000001	2.49	0.32	-8.9	-1.49
11:29:03.967435	1.18	-11.120000000000001	-0.79	-0.64	-9.52	-1.2	-0.8	-7.79	2.31	0.32	-8.9	-1.49
11:29:03.977554	0.67	-10.290000000000001	-0.32	-2.08	-8.370000000000001	-1.77	1.25	-7.47	2.75	-1.12	-7.0600000000000005	-1.53
11:29:03.987672	-0.33	-9.4	0.58	-5.0600000000000005	-5.42	-0.66	2.43	-8.51	2.98	-1.97	-7.71	1.58
11:29:03.997743	-0.41000000000000003	-8.97	1.1500000000000001	-5.5200000000000005	-5.65	-0.81	2.48	-10.98	3.02	-1.97	-7.71	1.58
11:29:04.007839	-0.33	-8.77	1.75	-4.76	-6.640000000000001	-0.21	2.12	-11.1	2.59	-1.97	-7.71	1.58
11:29:04.018465	-0.16	-8.86	2.11	-3.73	-7.45	0.18	1.01	-10.8	2.37	1.55	-8.65	0.96
11:29:04.028546	0.22	-9.290000000000001	1.85	-2.09	-8.26	1.26	-0.86	-9.59	1.2	1.55	-8.65	0.96
11:29:04.038618	0.51	-9.5	1.41	-1.33	-8.67	1.23	-1.19	-8.63	1.32	1.18	-11.24	-3.38
11:29:04.048685	0.78	-9.55	0.93	-0.38	-9.24	0.47000000000000003	-1.04	-8.43	1.6	0.68	-9.07	-2.65
11:29:04.058808	1.16	-9.39	0.48	0.79	-9.950000000000001	-0.34	0.9	-10.38	0.38	0.68	-9.07	-2.65
11:29:04.068880	1.95	-8.98	-0.56	1.48	-11.11	-1.12	1.96	-10.43	0.41000000000000003	2.79	-9.23	-0.88
11:29:04.078958	2.16	-8.83	-0.99	0.93	-10.870000000000001	-1.02	2.09	-10.3	0.53	1.47	-9.1	-3.98
11:29:04.089059	2.17	-8.72	-1.3900000000000001	0.14	-10.27	-0.54	1.71	-10.09	-0.11	1.47	-9.1	-3.98
11:29:04.099188	1.97	-8.74	-1.6	-0.44	-9.68	-0.18	1.99	-10.06	-0.22	1.47	-9.1	-3.98
11:29:04.109884	1.43	-9.15	-1.97	-1.45	-9.32	-0.66	2.12	-10.120000000000001	0.39	1.78	-9.700000000000001	-1.8900000000000001
11:29:04.119996	1.1500000000000001	-9.5	-2.02	-1.53	-9.39	-1.8	1.3	-10.08	1.28	1.1500000000000001	-9.99	-3.7800000000000002
11:29:04.130083	0.9400000000000001	-9.81	-1.9100000000000001	-1.82	-9.22	-2.12	-0.45	-10.0	2.09	1.35	-9.34	-3.7600000000000002
11:29:04.140715	0.46	-10.02	-1.42	-1.73	-8.58	-1.42	0.32	-9.88	1.54	0.89	-9.620000000000001	-0.92
11:29:04.150917	0.29	-9.94	-1.12	-2.09	-8.84	-0.85	1.31	-9.69	1.21	0.89	-9.620000000000001	-0.92
11:29:04.161184	0.17	-9.83	-0.84	-2.27	-9.33	-0.39	1.19	-10.23	2.0100000000000002	1.59	-9.620000000000001	-3.36
11:29:04.171256	0.11	-9.75	-0.62	-2.34	-9.81	-0.04	0.86	-10.19	1.6	1.72	-10.21	-2.6
11:29:04.181874	0.11	-9.38	-0.4	-2.14	-9.85	-0.06	0.65	-9.870000000000001	1.32	1.61	-8.75	-1.85
11:29:04.191974	0.22	-9.23	-0.35000000000000003	-2.3000000000000003	-9.67	-0.16	0.01	-9.71	1.62	1.5	-8.790000000000001	-4.67
11:29:04.202622	0.33	-9.120000000000001	-0.35000000000000003	-2.14	-9.21	-0.03	-0.07	-9.6	1.86	1.5	-8.790000000000001	-4.67
11:29:04.212722	0.49	-9.09	-0.41000000000000003	-2.0	-9.14	-0.14	0.5	-9.94	1.47	1.59	-9.4	-2.34
11:29:04.222816	0.61	-9.17	-0.64	-1.71	-9.57	-0.13	1.12	-10.01	1.06	1.01	-9.21	-3.18
11:29:04.233381	0.62	-9.24	-0.74	-1.43	-9.71	0.04	0.8200000000000001	-9.47	1.78	1.57	-8.98	-4.12
11:29:04.243708	0.56	-9.27	-0.9	-1.69	-9.6	0.26	0.44	-9.72	1.24	1.74	-9.4	-1.2
11:29:04.253774	0.5	-9.25	-1.04	-1.85	-9.35	0.35000000000000003	0.54	-9.8	0.96	1.62	-9.38	-3.47
11:29:04.263852	0.41000000000000003	-9.18	-1.3	-2.06	-9.38	0.24	0.76	-9.61	1.01	1.62	-9.38	-3.47
11:29:04.273936	0.48	-9.1	-1.43	-2.17	-9.44	0.04	0.78	-9.74	1.44	1.62	-9.38	-3.47
11:29:04.284007	0.45	-9.02	-1.56	-2.23	-9.24	-0.11	0.68	-10.200000000000001	0.65	2.07	-9.14	-0.92
11:29:04.294125	0.49	-9.06	-1.5	-2.08	-9.31	-0.17	1.19	-9.89	0.79	1.59	-9.31	-4.04
11:29:04.304199	0.49	-9.1	-1.32	-2.0300000000000002	-9.47	-0.32	0.9	-9.51	2.06	1.51	-9.200000000000001	-4.98
11:29:04.314313	0.39	-9.13	-1.21	-1.94	-9.5	-0.2	0.38	-10.05	1.55	1.69	-9.01	-2.5500000000000003
11:29:04.324400	0.3	-9.09	-0.75	-1.92	-9.49	-0.26	0.07	-10.32	1.03	1.69	-9.01	-2.5500000000000003
11:29:04.334550	0.23	-9.11	-0.53	-1.8900000000000001	-9.78	-0.17	0.39	-9.92	1.27	1.87	-9.51	-4.13
11:29:04.344673	0.25	-9.120000000000001	-0.41000000000000003	-2.16	-9.81	-0.09	0.11	-9.85	1.83	2.07	-9.46	-5.22
11:29:04.355367	0.18	-9.11	-0.31	-2.35	-9.68	-0.01	-0.23	-10.19	1.1500000000000001	2.07	-9.46	-5.22
11:29:04.365709	0.13	-9.02	-0.31	-2.4	-9.52	0.12	-0.31	-10.28	0.93	2.0100000000000002	-9.72	-2.32
11:29:04.376438	0.11	-9.040000000000001	-0.39	-2.88	-9.540000000000001	0.01	0.4	-9.53	1.2	2.0100000000000002	-9.72	-2.32
11:29:04.386515	0.05	-9.08	-0.5	-2.73	-9.46	0.03	0.27	-9.63	1.48	2.0100000000000002	-9.72	-2.32
11:29:04.396697	-0.07	-9.120000000000001	-0.61	-2.65	-9.61	0.07	0.12	-10.42	0.45	2.47	-9.63	-1.94
11:29:04.406787	-0.27	-9.41	-0.73	-3.06	-9.57	-0.05	0.28	-10.48	0.44	2.2800000000000002	-10.39	-3.56
11:29:04.416856	-0.28	-9.620000000000001	-0.77	-2.96	-10.040000000000001	-0.08	0.85	-10.01	0.59	1.51	-10.52	-5.25
11:29:04.426975	-0.24	-9.86	-0.73	-2.93	-10.23	-0.1	0.85	-10.25	0.67	1.76	-9.88	-4.42
11:29:04.437097	-0.19	-10.07	-0.68	-2.8000000000000003	-10.28	-0.43	0.72	-10.8	0.04	2.2	-10.13	-2.25
11:29:04.447183	-0.28	-10.55	-0.41000000000000003	-2.57	-10.35	-0.51	0.8200000000000001	-10.08	0.01	1.3	-10.72	-4.97
11:29:04.457288	-0.54	-10.59	-0.19	-2.02	-10.120000000000001	-0.22	0.65	-9.92	0.54	1.3	-10.72	-4.97
11:29:04.467363	-0.63	-10.63	0.05	-1.7	-10.08	-0.18	0.55	-10.06	0.13	1.3	-10.72	-4.97
11:29:04.477463	-1.43	-10.77	0.68	-1.28	-10.11	-0.31	0.27	-10.38	-0.47000000000000003	1.3	-10.72	-4.97
11:29:04.488198	-1.82	-10.700000000000001	0.88	-1.18	-10.1	-0.27	0.63	-9.61	-0.41000000000000003	1.3	-10.72	-4.97
11:29:04.498272	-2.11	-10.65	1.07	-1.03	-10.13	0.08	0.36	-9.52	0.04	3.15	-9.82	-5.8
11:29:04.508373	-2.29	-10.58	1.22	-3.14	-9.85	6.22	0.29	-9.61	-0.67	3.15	-9.82	-5.8
11:29:04.518488	-2.47	-10.23	1.1	0.08	-8.66	-3.09	0.27	-9.53	-0.59	3.48	-9.48	-3.15
11:29:04.528562	-2.27	-10.06	0.9500000000000001	-0.99	-10.47	-3.0300000000000002	0.27	-9.53	-0.59	2.67	-10.57	-5.83
11:29:04.538661	-1.98	-9.85	0.74	-1.6	-10.51	-0.08	-0.34	-10.09	-0.32	2.67	-10.57	-5.83
11:29:04.548725	-1.67	-9.76	0.45	-1.41	-10.38	-0.66	-0.38	-10.36	-0.4	2.96	-11.05	-3.46
11:29:04.558823	-0.8300000000000001	-9.59	0.0	-1.3	-10.21	-0.9400000000000001	0.15	-10.69	-0.26	2.96	-11.05	-3.46
11:29:04.568940	-0.09	-9.81	0.04	-2.4	-10.63	2.95	0.2	-11.040000000000001	-0.71	3.5300000000000002	-12.870000000000001	-5.1000000000000005
11:29:04.579070	0.98	-10.18	0.5	-1.9100000000000001	-11.94	-1.02	-0.39	-13.41	-1.33	5.37	-12.27	-7.91
11:29:04.589670	1.69	-11.31	1.05	-1.8800000000000001	-12.15	0.21	-0.11	-13.13	-2.2800000000000002	5.37	-12.27	-7.91
11:29:04.599761	0.49	-12.9	1.99	-2.12	-11.790000000000001	-0.21	-0.8	-12.74	-1.23	0.21	-14.89	-5.05
11:29:04.609884	-0.9400000000000001	-13.27	2.35	-1.77	-11.83	-0.49	-2.4	-13.030000000000001	0.01	3.25	-16.63	-7.04
11:29:04.619955	-2.3000000000000003	-13.290000000000001	2.38	-2.45	-12.1	-0.54	-3.0500000000000003	-15.120000000000001	-0.81	2.64	-18.61	-4.2700000000000005
11:29:04.630060	-3.18	-13.1	2.18	-2.45	-12.1	-0.54	-2.87	-14.81	-1.36	2.64	-18.61	-4.2700000000000005
11:29:04.640437	-1.53	-11.83	1.18	-2.6	-12.24	-0.24	-2.57	-14.64	-1.93	1.18	-18.75	-1.17
11:29:04.650676	0.66	-10.84	0.36	-3.02	-10.700000000000001	-0.35000000000000003	-0.09	-14.47	-3.36	1.18	-18.75	-1.17
11:29:04.660798	2.34	-9.94	-0.39	-3.77	-8.86	-1.77	1.43	-13.97	-4.15	0.24	-20.830000000000002	-1.84
11:29:04.671247	4.0200000000000005	-8.41	-1.46	-3.49	-8.290000000000001	-1.45	2.74	-13.18	-4.84	0.24	-20.830000000000002	-1.84
11:29:04.681847	3.84	-7.96	-1.6500000000000001	-3.48	-8.93	0.21	4.7	-13.43	-2.97	6.58	-13.290000000000001	2.05
11:29:04.691959	3.0700000000000003	-7.5600000000000005	-1.72	-3.43	-9.93	-1.08	5.69	-8.71	7.05	6.58	-13.290000000000001	2.05
11:29:04.702620	2.34	-7.5600000000000005	-1.56	-4.08	-9.69	-1.24	4.2700000000000005	-7.53	12.4	6.58	-13.290000000000001	2.05
11:29:04.713120	1.6300000000000001	-7.84	-0.7000000000000001	-4.13	-9.28	-1.37	2.5100000000000002	-7.97	11.13	6.58	-13.290000000000001	2.05
11:29:04.723220	1.42	-8.25	-0.03	-3.54	-10.65	0.93	1.9100000000000001	-9.98	5.99	-0.41000000000000003	-3.59	0.62
11:29:04.733346	1.05	-8.76	0.66	-3.75	-11.61	2.41	1.6300000000000001	-9.65	4.59	-0.41000000000000003	-3.59	0.62
11:29:04.743468	0.51	-9.41	1.25	-2.97	-12.040000000000001	3.2800000000000002	0.71	-10.620000000000001	3.3200000000000003	-3.0100000000000002	-10.39	6.3100000000000005
11:29:04.753543	-0.55	-10.790000000000001	2.31	-3.4	-12.11	3.98	-0.68	-10.51	3.22	5.92	-12.280000000000001	4.54
11:29:04.763613	-0.8200000000000001	-11.19	2.66	-3.98	-10.4	2.5	-0.44	-8.25	5.4	4.01	-7.09	3.46
11:29:04.773704	-0.85	-11.28	2.79	-4.01	-10.44	1.5	-0.44	-8.25	5.4	0.75	-3.35	6.84
11:29:04.783793	-0.85	-11.11	2.74	-3.88	-9.53	1.07	0.73	-7.74	5.3100000000000005	2.75	-3.79	6.18
11:29:04.793873	-0.45	-10.200000000000001	2.05	-4.3	-9.950000000000001	1.37	0.93	-8.21	4.83	2.75	-3.79	6.18
11:29:04.803943	-0.03	-9.73	1.68	-2.43	-8.63	0.2	0.23	-7.16	4.0200000000000005	2.33	-5.88	4.24
11:29:04.814327	0.39	-9.26	1.32	-2.16	-9.25	-0.21	0.25	-6.79	4.51	1.1400000000000001	-9.15	3.04
11:29:04.824401	0.65	-8.94	0.98	-1.36	-9.92	0.66	-0.18	-6.28	5.01	0.31	-7.71	3.99
11:29:04.834496	0.73	-8.58	0.5700000000000001	-1.44	-9.33	0.05	-1.07	-6.57	5.03	-0.47000000000000003	-5.03	4.54
11:29:04.844575	0.67	-8.47	0.44	-1.05	-8.25	-1.24	-1.29	-6.390000000000001	4.76	0.26	-6.71	3.18
11:29:04.854693	0.51	-8.46	0.39	-1.05	-7.97	-1.94	-1.03	-6.23	4.9	0.26	-6.71	3.18
11:29:04.864805	0.31	-8.42	0.31	-1.76	-8.16	-1.98	-0.86	-6.12	5.24	-0.04	-8.52	1.28
11:29:04.874914	-0.05	-8.47	0.36	-2.21	-8.21	-1.52	-0.7000000000000001	-6.46	4.86	0.04	-8.870000000000001	0.58
11:29:04.884982	-0.15	-8.5	0.48	-2.89	-7.75	-1.6500000000000001	-0.74	-6.76	4.9	0.28	-10.09	-0.37
11:29:04.895082	-0.26	-8.52	0.63	-2.64	-7.08	-0.08	-0.84	-7.11	5.41	0.28	-10.09	-0.37
11:29:04.905717	-0.17	-8.69	1.01	-2.82	-6.5600000000000005	0.08	-0.92	-7.44	5.5	2.34	-11.91	-2.27
11:29:04.915851	-0.1	-8.72	1.03	-2.85	-6.61	-1.43	-1.37	-8.3	5.19	3.42	-12.35	-3.0100000000000002
11:29:04.925959	0.04	-8.71	1.02	-2.23	-6.49	-1.28	-1.3900000000000001	-8.72	5.0200000000000005	4.53	-12.66	-3.85
11:29:04.936126	0.04	-8.71	1.02	-2.0300000000000002	-7.08	-1.5	-1.16	-8.97	5.0	4.53	-12.66	-3.85
11:29:04.946392	0.19	-8.78	0.81	-2.13	-7.44	-1.12	-1.3	-9.15	4.72	6.3500000000000005	-13.14	-5.46
11:29:04.956672	0.11	-8.76	0.66	-1.8	-7.75	-1.06	-1.23	-9.23	4.2700000000000005	6.3500000000000005	-13.14	-5.46
11:29:04.966741	-0.11	-8.73	0.54	-0.75	-7.71	-1.29	-1.04	-9.73	4.37	5.79	-13.09	-5.93
11:29:04.976816	-0.36	-8.73	0.52	-0.42	-7.58	-1.98	-0.46	-9.55	4.28	5.48	-12.86	-6.07
11:29:04.986917	-0.45	-8.73	0.66	-0.12	-7.3500000000000005	-2.3000000000000003	-0.3	-9.57	4.33	5.48	-12.86	-6.07
11:29:04.997045	-0.51	-8.73	0.8	0.13	-7.390000000000001	-2.59	-0.37	-9.6	4.39	3.8000000000000003	-13.86	-5.8
11:29:05.007480	-0.63	-8.76	0.9500000000000001	0.59	-7.72	-3.27	-0.45	-9.83	4.01	3.8000000000000003	-13.86	-5.8
11:29:05.017946	-0.89	-8.81	1.31	0.97	-8.4	-1.99	-0.86	-10.13	3.81	3.8000000000000003	-13.86	-5.8
11:29:05.028019	-1.02	-8.93	1.46	0.55	-7.78	-4.0600000000000005	-1.08	-10.120000000000001	3.52	4.36	-13.44	-7.87
11:29:05.038165	-1.1	-9.02	1.56	0.6	-7.930000000000001	-3.59	-1.25	-10.0	3.13	4.72	-13.46	-8.91
11:29:05.048248	-1.2	-9.370000000000001	1.6600000000000001	0.26	-8.17	-4.17	-0.99	-10.11	2.2800000000000002	4.39	-14.450000000000001	-10.48
11:29:05.058319	-1.19	-9.5	1.6600000000000001	-0.12	-8.040000000000001	-3.93	-0.61	-10.3	1.69	3.96	-14.47	-11.42
11:29:05.068421	-1.17	-9.64	1.6300000000000001	0.99	-7.97	-3.93	-0.17	-10.41	1.36	3.96	-14.47	-11.42
11:29:05.078504	-1.01	-9.82	1.51	1.72	-9.55	-7.74	0.08	-10.43	1.16	3.96	-14.47	-11.42
11:29:05.088626	-0.76	-10.02	1.27	-2.14	-8.2	-1.36	0.0	-9.5	0.61	3.96	-14.47	-11.42
11:29:05.098801	-0.7000000000000001	-10.15	1.2	3.0300000000000002	-8.790000000000001	-7.0200000000000005	-0.22	-8.88	0.65	2.02	-11.16	-15.11
11:29:05.109369	-0.7000000000000001	-10.24	1.1	1.46	-8.3	-6.69	-0.29	-8.5	0.66	2.02	-11.16	-15.11
11:29:05.119425	-0.8200000000000001	-10.36	1.1300000000000001	2.43	-9.0	-3.86	-0.34	-8.11	0.9500000000000001	0.59	-9.03	-15.49
11:29:05.129496	-1.18	-10.370000000000001	1.03	2.16	-9.790000000000001	-7.07	-0.37	-8.06	0.98	-0.06	-9.46	-15.780000000000001
11:29:05.139572	-1.11	-10.41	1.12	1.2	-9.63	-7.0600000000000005	-0.39	-8.15	1.04	-0.37	-9.56	-15.950000000000001
11:29:05.149652	-1.4000000000000001	-10.5	1.02	0.84	-8.45	-7.24	-0.13	-7.97	1.32	-0.84	-9.32	-15.67
11:29:05.159763	-1.71	-10.57	1.09	0.31	-9.76	-5.13	-0.13	-7.97	1.32	-0.84	-9.32	-15.67
11:29:05.169902	-2.36	-10.73	1.25	-0.58	-9.64	-5.37	0.26	-8.0	1.77	-0.84	-9.32	-15.67
11:29:05.180001	-2.63	-10.71	1.44	-0.56	-9.44	-5.8500000000000005	0.31	-8.08	2.5100000000000002	-0.41000000000000003	-10.86	-11.96
11:29:05.190443	-2.85	-10.76	1.6	0.0	-9.77	-5.12	0.22	-8.21	2.91	1.35	-11.74	-14.41
11:29:05.201029	-3.15	-10.57	1.6600000000000001	0.72	-8.65	-4.12	0.28	-7.9	3.25	1.35	-11.74	-14.41
11:29:05.211429	-3.0700000000000003	-10.21	1.79	0.59	-7.61	-2.7800000000000002	0.24	-7.84	3.63	1.35	-11.74	-14.41
11:29:05.221857	-2.8000000000000003	-10.120000000000001	1.87	-0.19	-7.17	-2.75	1.2	-8.5	2.09	1.35	-11.74	-14.41
11:29:05.232242	-2.0	-10.03	1.92	0.7000000000000001	-8.42	-3.95	1.24	-11.05	-3.34	8.76	-22.53	-4.25
11:29:05.242826	-0.68	-12.09	1.08	1.41	-11.92	-2.13	0.43	-16.15	-11.44	8.76	-22.53	-4.25
11:29:05.252924	-0.35000000000000003	-13.55	0.23	1.3900000000000001	-13.64	-2.64	0.35000000000000003	-18.38	-1.04	9.55	-10.94	2.13
11:29:05.263049	-0.08	-14.700000000000001	-0.8	2.6	-14.370000000000001	-3.75	0.15	-15.35	0.53	-3.25	-8.370000000000001	-4.24
11:29:05.273135	0.1	-15.34	-1.77	3.81	-15.280000000000001	-3.59	-2.6	-12.76	5.13	-3.25	-8.370000000000001	-4.24
11:29:05.283204	0.42	-14.030000000000001	-2.07	2.5500000000000003	-13.0	-4.11	-3.94	-9.5	4.75	-3.25	-8.370000000000001	-4.24
11:29:05.293305	0.64	-12.86	-1.49	-0.41000000000000003	-10.77	-3.68	-3.67	-7.23	2.07	-3.25	-8.370000000000001	-4.24
11:29:05.303405	0.47000000000000003	-11.41	-0.8	-2.91	-8.290000000000001	-2.95	-1.86	-7.37	4.09	-3.25	-8.370000000000001	-4.24
11:29:05.313538	0.2	-9.98	-0.03	-4.19	-6.0	1.76	-0.35000000000000003	-8.15	4.3500000000000005	0.02	-7.19	-0.18
11:29:05.323614	0.21	-8.25	1.71	-2.5500000000000003	-6.87	3.46	0.67	-11.17	2.58	1.19	-11.040000000000001	-0.9500000000000001
11:29:05.333680	-0.08	-7.94	2.2600000000000002	-0.9400000000000001	-7.54	3.83	0.84	-11.09	1.8900000000000001	0.91	-9.16	-1.76
11:29:05.343752	-0.35000000000000003	-8.040000000000001	2.47	0.8200000000000001	-8.32	3.44	1.1500000000000001	-10.49	3.0300000000000002	0.46	-7.51	-5.25
11:29:05.353835	-0.27	-8.36	2.34	3.5	-8.63	1.62	1.1500000000000001	-9.46	4.34	-0.29	-12.620000000000001	-1.93
11:29:05.363961	0.81	-9.27	1.76	3.5300000000000002	-9.01	0.5	-0.71	-8.66	1.77	-0.29	-12.620000000000001	-1.93
11:29:05.374032	1.32	-9.72	1.25	3.46	-9.24	-0.17	-0.74	-9.57	1.33	2.25	-9.1	-2.81
11:29:05.384136	1.3900000000000001	-10.07	0.5	4.0	-9.24	-1.24	-0.04	-10.76	1.57	2.09	-7.640000000000001	-1.79
11:29:05.394205	1.22	-10.39	-0.41000000000000003	4.72	-9.13	-0.71	0.73	-11.17	1.59	2.27	-7.390000000000001	0.28
11:29:05.404305	0.65	-10.32	-1.99	4.43	-8.88	-0.64	1.18	-10.44	1.2	2.21	-8.89	-4.86
11:29:05.414373	0.62	-10.120000000000001	-2.46	2.84	-10.08	0.13	1.16	-9.63	1.46	1.6400000000000001	-8.66	-2.85
11:29:05.424477	0.59	-9.75	-2.74	3.5300000000000002	-8.74	-1.06	0.71	-9.17	2.43	1.92	-8.85	-2.05
11:29:05.434572	0.73	-9.58	-2.65	2.2800000000000002	-8.22	-1.43	0.34	-10.040000000000001	1.1300000000000001	3.0500000000000003	-10.41	-1.87
11:29:05.444688	0.45	-9.46	-2.21	2.2800000000000002	-8.22	-1.43	0.56	-10.870000000000001	0.74	3.0500000000000003	-10.41	-1.87
11:29:05.454813	0.1	-9.46	-1.9000000000000001	3.91	-8.790000000000001	-0.5700000000000001	0.62	-11.01	1.2	1.87	-10.22	-4.53
11:29:05.464947	-0.23	-9.34	-1.52	4.15	-8.13	-1.3	0.02	-9.34	2.61	1.12	-8.23	-1.7
11:29:05.475077	-0.37	-9.02	-0.68	2.25	-8.73	-1.1400000000000001	-0.07	-8.83	2.48	1.02	-9.09	-2.5100000000000002
11:29:05.485707	-0.25	-8.77	-0.37	3.15	-8.27	-0.76	0.2	-8.85	1.27	0.92	-10.52	-4.0
11:29:05.495780	-0.08	-8.69	-0.14	3.74	-7.8500000000000005	-0.37	0.79	-9.36	0.21	1.83	-9.38	-3.52
11:29:05.505857	-0.01	-8.540000000000001	-0.01	4.4	-7.67	0.43	1.62	-10.06	0.72	1.99	-8.56	-0.6
11:29:05.515961	0.0	-8.42	0.09	4.97	-7.43	0.07	1.56	-10.0	0.43	2.33	-8.84	-3.45
11:29:05.526028	-0.02	-8.41	0.09	5.4	-6.94	-0.59	1.41	-9.700000000000001	0.53	1.21	-9.0	-3.81
11:29:05.536098	-0.16	-8.49	-0.02	5.59	-6.53	-0.97	0.5	-9.07	1.3800000000000001	1.25	-9.18	-1.82
11:29:05.546237	-0.3	-9.09	-0.54	6.17	-6.44	-0.59	0.33	-9.35	1.5	1.79	-9.5	-1.81
11:29:05.556318	-0.28	-9.22	-0.74	5.19	-6.74	-0.44	0.63	-9.83	0.86	1.72	-9.58	-3.5300000000000002
11:29:05.566389	-0.38	-9.34	-0.8300000000000001	6.45	-7.390000000000001	0.23	1.19	-10.06	0.32	1.77	-9.06	-4.5
11:29:05.576465	-0.24	-9.28	-0.9400000000000001	5.08	-6.63	-0.15	1.1500000000000001	-9.63	1.43	1.6500000000000001	-9.23	-1.69
11:29:05.586558	-0.16	-9.1	-0.85	5.68	-6.8100000000000005	0.34	0.99	-9.55	1.35	1.58	-9.52	-3.08
11:29:05.596672	-0.03	-9.08	-0.6900000000000001	5.96	-6.8500000000000005	0.33	0.74	-9.6	0.78	1.46	-9.27	-3.69
11:29:05.606752	-0.01	-9.07	-0.54	5.5200000000000005	-7.49	0.16	0.26	-9.83	1.41	2.2600000000000002	-9.1	-4.3500000000000005
11:29:05.617330	-0.05	-9.06	-0.37	5.32	-7.5600000000000005	0.13	-0.16	-9.75	2.11	2.32	-9.21	-1.36
11:29:05.627456	-0.22	-9.18	-0.26	4.92	-7.95	0.27	-0.53	-10.21	1.68	2.6	-9.49	-3.79
11:29:05.637574	-0.33	-9.27	-0.22	4.82	-8.120000000000001	0.53	-0.55	-10.39	1.33	1.8900000000000001	-9.4	-4.61
11:29:05.648012	-0.34	-9.28	-0.25	4.82	-7.83	0.19	0.29	-9.66	2.31	1.6300000000000001	-9.1	-3.81
11:29:05.658444	-0.37	-9.21	-0.32	4.58	-8.08	-0.19	0.17	-10.23	1.6600000000000001	1.6500000000000001	-9.49	-2.0300000000000002
11:29:05.668510	-0.38	-9.16	-0.34	4.33	-8.38	-0.59	0.64	-9.78	2.23	1.56	-9.81	-4.49
11:29:05.678580	-0.44	-9.09	-0.37	4.5	-8.26	-0.28	0.59	-9.78	2.69	1.1400000000000001	-9.68	-5.18
11:29:05.688655	-0.55	-9.01	-0.38	3.96	-7.76	-0.75	0.49	-10.03	2.25	1.79	-9.19	-2.97
11:29:05.698722	-0.53	-8.99	-0.24	3.3000000000000003	-8.47	-0.35000000000000003	0.23	-10.36	1.52	2.44	-9.39	-2.61
11:29:05.708822	-0.52	-9.13	-0.08	5.4	-7.79	0.02	0.78	-9.94	1.6	2.44	-9.66	-4.97
11:29:05.719189	-0.5700000000000001	-9.290000000000001	0.1	6.11	-7.41	0.71	0.78	-9.94	1.6	2.36	-10.15	-5.45
11:29:05.729510	-0.74	-9.450000000000001	0.2	6.54	-7.8500000000000005	1.48	0.28	-10.51	1.1	2.45	-10.44	-3.21
11:29:05.739600	-0.92	-9.94	0.65	6.19	-7.3100000000000005	1.32	0.39	-10.19	0.62	1.8	-10.64	-3.52
11:29:05.749800	-1.08	-10.23	0.8300000000000001	6.11	-7.2700000000000005	1.1	0.49	-9.92	0.56	2.29	-10.42	-5.36
11:29:05.760469	-1.29	-10.61	0.9	5.98	-7.26	1.17	0.24	-10.0	0.62	2.8000000000000003	-9.94	-4.74
11:29:05.770585	-1.51	-10.84	0.93	6.54	-7.53	0.6	0.18	-10.34	-0.38	2.88	-9.83	-3.89
11:29:05.780651	-1.74	-10.950000000000001	0.89	6.47	-7.53	0.7000000000000001	0.52	-9.64	-0.47000000000000003	3.2800000000000002	-10.14	-5.2
11:29:05.790744	-1.81	-11.14	0.81	5.92	-7.6000000000000005	0.41000000000000003	0.39	-9.69	-0.16	3.2800000000000002	-10.14	-5.2
11:29:05.800900	-1.87	-10.92	0.65	5.2	-7.59	-0.41000000000000003	0.05	-9.75	0.1	3.21	-10.120000000000001	-2.99
11:29:05.811465	-1.7	-10.290000000000001	0.41000000000000003	4.61	-8.19	0.61	-0.11	-9.99	-0.06	3.02	-10.14	-4.75
11:29:05.821579	-1.61	-10.06	0.31	5.54	-7.98	0.16	0.17	-9.68	0.21	2.15	-10.47	-6.04
11:29:05.831767	-1.61	-9.82	0.24	4.83	-9.33	0.71	-0.05	-9.84	0.87	2.19	-11.200000000000001	-5.2
11:29:05.842387	-1.6	-9.63	0.21	4.54	-9.16	0.9500000000000001	-0.15	-9.91	0.88	2.16	-10.5	-2.84
11:29:05.852501	-1.41	-9.48	0.15	5.0	-9.34	0.29	-0.77	-10.26	0.32	2.09	-11.48	-4.84
11:29:05.862587	-1.08	-9.61	0.13	4.03	-10.05	-0.7000000000000001	-0.12	-10.36	0.42	3.86	-11.9	-6.33
11:29:05.872740	-0.36	-9.93	0.48	4.74	-9.81	-1.73	0.3	-10.88	0.43	3.93	-13.6	-5.54
11:29:05.883349	0.29	-10.89	1.03	4.8500000000000005	-11.790000000000001	0.71	-0.1	-12.96	0.04	0.93	-14.81	-1.87
11:29:05.893436	0.0	-12.700000000000001	1.95	5.5	-10.4	0.8200000000000001	0.06	-13.280000000000001	-0.96	2.12	-15.33	-6.38
11:29:05.903535	-0.73	-13.19	2.21	3.69	-11.25	0.61	0.06	-12.93	-0.89	2.48	-16.87	-5.87
11:29:05.913620	-1.55	-13.33	2.29	2.83	-11.58	-0.52	-0.96	-13.05	0.58	0.68	-17.55	-2.75
11:29:05.923690	-2.08	-13.22	2.29	2.7600000000000002	-11.68	-0.71	-1.83	-14.31	-0.36	0.28	-16.4	-2.08
11:29:05.933758	-1.8	-12.42	1.53	2.94	-11.36	-0.3	-2.06	-14.24	-1.23	0.72	-18.84	-1.51
11:29:05.943832	-0.99	-11.77	0.8300000000000001	2.12	-10.72	-0.73	-1.78	-14.3	-1.48	-0.22	-18.900000000000002	-2.68
11:29:05.953911	0.24	-10.96	0.21	1.19	-10.51	-1.56	-1.1300000000000001	-13.530000000000001	-2.36	0.23	-19.27	-0.76
11:29:05.964038	1.6500000000000001	-10.02	-0.39	0.8200000000000001	-10.24	-2.11	-0.7000000000000001	-14.56	-2.96	1.77	-19.05	2.07
11:29:05.974175	3.11	-8.68	-1.21	0.52	-9.58	-1.8800000000000001	-0.63	-13.68	-4.51	4.89	-14.200000000000001	1.43
11:29:05.984243	2.97	-8.11	-1.45	0.42	-9.3	-1.8800000000000001	0.07	-13.18	-4.22	6.66	-11.48	-0.98
11:29:05.994374	2.46	-7.87	-1.62	-0.14	-9.3	-0.99	3.79	-10.85	1.08	6.51	-9.870000000000001	-5.19
11:29:06.004464	1.7	-8.08	-1.17	-0.37	-9.86	-0.39	4.25	-9.290000000000001	3.91	7.8500000000000005	-0.47000000000000003	-5.76
11:29:06.014562	1.34	-8.31	-0.72	-0.08	-10.77	-1.3800000000000001	3.1	-8.05	8.73	2.82	-1.49	-3.81
11:29:06.024692	1.02	-8.65	-0.2	0.37	-10.98	-1.06	1.1300000000000001	-9.27	8.13	-6.51	-5.24	4.74
11:29:06.034809	0.74	-9.06	0.33	0.89	-11.36	-0.75	1.53	-9.92	6.890000000000001	-15.15	-1.27	14.27
11:29:06.044922	0.32	-9.9	1.17	1.51	-11.88	-1.02	2.06	-9.450000000000001	6.22	-6.09	-6.74	9.16
11:29:06.055051	0.13	-10.290000000000001	1.54	1.7	-12.17	-1.04	1.52	-9.74	4.79	4.03	-11.73	6.3
11:29:06.065488	0.0	-10.56	1.79	1.27	-11.700000000000001	-0.88	-0.47000000000000003	-9.69	3.06	6.83	-9.98	2.04
11:29:06.075760	-0.18	-10.66	1.92	0.96	-10.97	-0.18	-0.46	-8.4	4.3	2.69	-5.32	4.84
11:29:06.085849	-0.67	-10.370000000000001	1.77	-0.28	-10.24	0.92	0.28	-7.55	4.82	1.9100000000000001	-4.65	6.05
11:29:06.095949	-0.78	-10.02	1.52	-0.71	-10.3	2.09	0.33	-7.42	4.6000000000000005	3.95	-3.0700000000000003	5.43
11:29:06.106054	-0.59	-9.72	1.32	-0.27	-10.72	2.36	0.04	-6.67	4.32	3.83	-4.62	4.21
11:29:06.116152	-0.53	-9.5	1.11	-0.21	-9.64	2.38	-0.34	-6.63	4.25	1.4000000000000001	-6.6000000000000005	2.74
11:29:06.126223	-0.36	-9.290000000000001	0.9	0.51	-11.9	-4.53	-0.39	-5.98	5.2700000000000005	1.77	-6.25	2.73
11:29:06.136290	-0.32	-9.21	0.85	0.48	-7.7700000000000005	4.14	-1.85	-6.44	6.11	0.67	-3.91	5.11
11:29:06.146699	-0.35000000000000003	-9.14	0.87	-0.04	-10.01	-1.01	-1.59	-6.51	5.79	0.2	-5.61	4.0200000000000005
11:29:06.156788	-0.32	-9.02	0.92	-0.41000000000000003	-9.33	-0.74	-1.21	-6.33	5.23	0.3	-9.18	1.49
11:29:06.167225	-0.39	-8.91	0.96	-0.45	-8.53	-1.62	-0.78	-6.75	4.65	0.14	-8.92	0.9500000000000001
11:29:06.177339	-0.48	-8.83	1.08	-0.56	-7.83	-1.6	-0.45	-6.8100000000000005	4.99	-0.2	-8.58	0.52
11:29:06.187956	-0.65	-8.69	1.33	-1.77	-5.58	-0.29	-0.27	-6.76	5.44	0.2	-9.13	-0.32
11:29:06.198102	-0.71	-8.56	1.47	-0.38	-7.95	-1.6300000000000001	-0.15	-6.55	5.37	0.89	-10.94	-1.94
11:29:06.208296	-0.71	-8.46	1.52	-1.08	-7.46	-0.84	-0.7000000000000001	-7.13	5.38	1.74	-11.1	-2.35
11:29:06.218372	-0.66	-8.370000000000001	1.53	-0.61	-6.84	0.17	-1.08	-7.97	5.22	3.11	-11.28	-3.19
11:29:06.228440	-0.52	-8.33	1.3800000000000001	-0.3	-7.36	0.09	-1.02	-8.47	5.0200000000000005	4.36	-11.22	-3.6
11:29:06.238516	-0.46	-8.34	1.21	-0.56	-7.19	0.06	-0.96	-8.55	4.86	5.8500000000000005	-11.77	-4.38
11:29:06.248589	-0.43	-8.34	1.04	-0.46	-6.97	-0.47000000000000003	-0.89	-8.92	4.63	5.82	-12.48	-5.2
11:29:06.258749	-0.3	-8.34	0.89	-0.54	-7.0200000000000005	-0.58	-0.65	-9.26	4.51	5.53	-13.15	-6.04
11:29:06.268828	-0.18	-8.42	0.56	-0.25	-7.21	-1.04	-0.63	-9.47	4.5	5.17	-12.97	-6.18
11:29:06.278938	-0.21	-8.5	0.43	0.16	-7.390000000000001	-1.72	-0.61	-9.540000000000001	4.15	3.74	-13.97	-7.26
11:29:06.289072	-0.21	-8.58	0.42	0.37	-7.45	-2.5300000000000002	-0.53	-9.61	3.8000000000000003	3.62	-14.09	-7.61
11:29:06.299202	-0.29	-8.67	0.36	0.58	-7.6000000000000005	-2.7600000000000002	-0.4	-9.97	3.98	3.5	-13.620000000000001	-7.53
11:29:06.309271	-0.52	-8.9	0.6	0.68	-7.63	-3.0	-0.63	-10.06	3.69	3.52	-13.31	-7.6000000000000005
11:29:06.319478	-0.67	-9.040000000000001	0.8200000000000001	0.8200000000000001	-7.640000000000001	-3.62	-0.92	-10.1	3.67	3.84	-13.18	-7.86
11:29:06.329655	-0.8300000000000001	-9.13	1.0	0.87	-7.87	-3.83	-1.1300000000000001	-10.16	3.49	4.15	-13.1	-7.95
11:29:06.340316	-0.9400000000000001	-9.22	1.24	0.9	-7.99	-3.93	-1.1	-10.43	2.91	4.3100000000000005	-13.05	-8.01
11:29:06.350449	-1.25	-9.34	1.6400000000000001	1.02	-8.07	-3.81	-1.06	-10.21	2.44	4.2700000000000005	-13.200000000000001	-8.72
11:29:06.360542	-1.33	-9.41	1.77	1.53	-8.620000000000001	-3.5700000000000003	-0.99	-10.15	2.14	3.98	-13.450000000000001	-9.06
11:29:06.370627	-1.47	-9.49	1.8800000000000001	1.56	-8.74	-3.27	-0.6	-10.05	1.5	3.65	-12.75	-9.97
11:29:06.380786	-1.5	-9.57	1.93	1.49	-8.790000000000001	-3.54	-0.53	-10.13	1.0	3.65	-12.75	-9.97
11:29:06.390945	-1.58	-9.700000000000001	1.9100000000000001	1.6400000000000001	-9.11	-3.88	-0.42	-10.09	0.6900000000000001	3.87	-11.49	-11.11
11:29:06.401471	-1.6400000000000001	-9.790000000000001	1.92	1.62	-9.370000000000001	-4.25	-0.29	-9.870000000000001	0.56	4.3	-11.59	-11.67
11:29:06.411541	-1.6300000000000001	-9.870000000000001	1.8900000000000001	1.6300000000000001	-9.33	-4.36	-0.5	-9.5	0.09	4.3	-11.59	-11.67
11:29:06.421697	-1.72	-10.15	1.81	1.72	-9.46	-4.39	-0.86	-8.870000000000001	0.15	4.3	-11.59	-11.67
11:29:06.432251	-1.69	-10.370000000000001	1.83	1.78	-9.63	-4.68	-1.02	-8.73	0.01	3.23	-9.61	-13.49
11:29:06.442323	-1.71	-10.42	1.77	1.73	-9.700000000000001	-4.91	-1.12	-8.51	0.36	2.54	-9.69	-13.540000000000001
11:29:06.452423	-1.69	-10.620000000000001	1.77	1.67	-9.74	-5.09	-0.99	-8.5	0.26	1.29	-9.13	-13.48
11:29:06.462536	-1.87	-10.83	1.55	1.53	-9.870000000000001	-5.18	-0.91	-8.42	0.43	1.08	-8.81	-13.14
11:29:06.472659	-1.95	-10.9	1.57	1.61	-9.870000000000001	-4.91	-0.58	-8.09	0.67	1.54	-10.75	-12.780000000000001
11:29:06.482731	-2.07	-10.870000000000001	1.44	1.48	-9.83	-4.96	0.14	-8.370000000000001	1.01	1.71	-10.76	-13.88
11:29:06.492804	-2.0300000000000002	-10.86	1.47	1.05	-10.06	-5.11	0.27	-8.59	1.18	0.5	-9.870000000000001	-12.76
11:29:06.502877	-2.27	-10.81	1.41	0.81	-9.98	-4.94	0.31	-8.540000000000001	1.45	0.4	-9.51	-12.49
11:29:06.513549	-2.31	-10.75	1.47	0.51	-9.51	-4.32	0.34	-8.5	2.04	0.36	-8.98	-12.1
11:29:06.523659	-2.38	-10.61	1.45	0.55	-9.02	-3.7600000000000002	0.39	-8.3	2.35	0.85	-8.78	-12.51
11:29:06.533724	-2.37	-10.49	1.5	0.38	-8.63	-3.2800000000000002	0.36	-8.21	2.79	1.86	-11.56	-9.1
11:29:06.543957	-0.93	-11.18	1.23	0.14	-8.46	-3.15	0.41000000000000003	-8.68	1.71	0.49	-18.61	2.75
11:29:06.554029	-0.93	-11.18	1.23	-0.13	-11.49	-3.39	-0.24	-15.21	-7.46	7.34	-20.01	9.43
11:29:06.564103	-0.55	-12.17	0.72	0.31	-13.09	-3.69	-1.3	-17.47	-7.69	10.3	-8.14	-2.88
11:29:06.574180	-0.31	-12.88	0.07	1.1500000000000001	-13.91	-4.21	-0.5700000000000001	-16.65	-3.02	4.09	-9.23	-4.14
11:29:06.584250	-0.16	-12.66	-1.04	2.7	-14.35	-5.11	0.2	-11.17	1.37	-1.82	-9.39	-3.98
11:29:06.594355	-0.3	-11.72	-0.59	1.45	-9.72	-2.94	-1.55	-9.120000000000001	3.71	-0.09	-9.82	-2.27
11:29:06.604429	-1.01	-10.07	0.48	-1.1300000000000001	-7.53	-0.79	-2.59	-7.71	3.0300000000000002	1.97	-7.38	-1.25
11:29:06.614500	-1.46	-9.58	1.01	-2.95	-7.16	-1.6600000000000001	-2.44	-7.24	2.5100000000000002	0.12	-7.82	-0.8
11:29:06.624672	-1.6500000000000001	-9.33	1.6600000000000001	-3.85	-6.92	-2.99	-1.3800000000000001	-8.11	3.43	-0.4	-7.92	-0.84
11:29:06.634756	-1.6400000000000001	-9.32	2.24	-3.86	-7.0	-0.68	-0.5700000000000001	-9.69	2.4	-0.41000000000000003	-8.65	-3.68
11:29:06.644869	-1.36	-9.77	2.5100000000000002	-2.77	-8.82	-1.0	0.24	-11.34	2.84	1.9000000000000001	-9.36	0.79
11:29:06.655164	-1.0	-10.08	2.16	-0.92	-10.09	-1.47	0.78	-12.13	1.75	2.2800000000000002	-8.59	-1.33
11:29:06.665700	-0.58	-10.33	1.6400000000000001	0.89	-10.84	-1.22	0.67	-11.36	1.86	1.55	-8.39	-3.5700000000000003
11:29:06.676271	-0.09	-10.31	1.16	3.8000000000000003	-9.56	-0.09	0.9400000000000001	-9.92	2.19	0.48	-10.9	-1.4000000000000001
11:29:06.686371	0.96	-9.63	0.38	4.33	-8.89	0.47000000000000003	-0.91	-9.03	0.85	1.29	-10.31	0.85
11:29:06.696445	1.3900000000000001	-9.14	0.01	4.5	-8.63	0.56	-0.78	-9.24	0.11	1.6600000000000001	-10.21	-3.94
11:29:06.706513	1.6600000000000001	-8.66	-0.35000000000000003	4.0200000000000005	-8.77	0.43	0.45	-9.16	0.56	1.44	-8.91	-3.79
11:29:06.716587	1.79	-8.370000000000001	-0.66	2.33	-9.290000000000001	0.0	2.07	-9.64	1.09	0.68	-8.0	-1.61
11:29:06.726670	1.67	-8.53	-1.32	1.52	-9.59	-0.59	3.41	-10.08	0.53	1.29	-9.81	-0.37
11:29:06.736739	1.47	-8.790000000000001	-1.6300000000000001	0.88	-9.48	-0.67	3.0300000000000002	-10.17	-0.19	1.48	-9.59	-2.65
11:29:06.746814	1.17	-9.08	-1.9000000000000001	0.25	-9.44	-1.16	2.2	-9.91	0.14	0.64	-9.58	-3.49
11:29:06.756887	0.49	-9.72	-2.17	-0.2	-9.55	-1.57	1.54	-9.72	0.86	1.8	-9.13	-2.43
11:29:06.767005	0.15	-9.94	-2.04	-0.58	-9.41	-2.1	0.31	-10.28	1.57	2.02	-9.63	-1.3800000000000001
11:29:06.777137	-0.15	-10.13	-1.82	-0.51	-9.43	-2.33	-0.39	-10.66	1.49	1.7	-9.46	-3.21
11:29:06.787390	-0.4	-10.1	-1.52	-0.9	-9.540000000000001	-1.82	-0.8300000000000001	-10.540000000000001	1.62	1.28	-9.44	-2.7
11:29:06.797661	-0.63	-9.67	-0.88	-0.84	-9.620000000000001	-1.6500000000000001	-0.42	-9.83	1.72	1.32	-9.22	-1.97
11:29:06.807861	-0.5700000000000001	-9.38	-0.63	-0.76	-9.620000000000001	-1.33	-0.08	-9.790000000000001	1.83	1.6	-9.78	-3.0300000000000002
11:29:06.817934	-0.49	-9.13	-0.34	-0.46	-9.58	-1.04	0.22	-9.69	1.82	1.6	-10.11	-4.2700000000000005
11:29:06.828032	-0.49	-9.13	-0.34	0.05	-9.49	-0.68	0.7000000000000001	-9.65	1.45	1.57	-8.14	-2.06
11:29:06.838634	-0.41000000000000003	-8.94	-0.14	0.32	-9.200000000000001	-0.3	1.06	-9.85	1.2	1.57	-8.14	-2.06
11:29:06.848794	-0.25	-8.71	0.09	0.74	-9.14	-0.14	0.88	-9.78	1.24	1.83	-9.120000000000001	-3.2800000000000002
11:29:06.858860	-0.18	-8.700000000000001	0.1	1.08	-9.02	-0.03	0.77	-9.61	0.15	1.54	-9.64	-2.7
11:29:06.868928	-0.1	-8.77	0.01	1.29	-9.13	0.25	0.85	-9.700000000000001	0.54	1.35	-8.950000000000001	-1.79
11:29:06.879031	-0.1	-8.83	-0.12	1.27	-9.040000000000001	0.32	0.8	-9.700000000000001	0.42	1.34	-9.42	-1.52
11:29:06.889781	-0.22	-8.93	-0.48	1.32	-9.17	0.08	1.02	-9.52	0.19	1.1500000000000001	-9.64	-3.63
11:29:06.899856	-0.22	-9.01	-0.64	1.31	-9.28	-0.07	0.91	-9.49	0.46	1.1400000000000001	-9.43	-3.77
11:29:06.909927	-0.24	-9.11	-0.81	1.25	-9.38	-0.35000000000000003	0.97	-9.67	0.45	1.58	-9.26	-0.99
11:29:06.920018	-0.24	-9.15	-0.92	1.08	-9.46	-0.39	1.17	-9.94	0.07	1.77	-9.74	-2.29
11:29:06.930142	-0.24	-9.24	-0.98	1.05	-9.63	-0.65	1.45	-9.620000000000001	0.48	1.3900000000000001	-9.44	-4.08
11:29:06.940205	-0.26	-9.27	-0.9500000000000001	0.86	-9.370000000000001	-0.74	1.17	-9.36	1.33	1.27	-9.14	-3.83
11:29:06.950273	-0.27	-9.26	-0.85	0.78	-9.51	-0.76	0.7000000000000001	-9.82	1.09	1.86	-9.38	-0.79
11:29:06.960830	-0.27	-9.200000000000001	-0.7000000000000001	0.39	-9.68	-1.01	0.56	-9.86	0.93	1.76	-9.76	-3.39
11:29:06.971039	-0.35000000000000003	-9.07	-0.32	0.21	-9.620000000000001	-0.6900000000000001	0.59	-9.51	1.49	1.56	-8.9	-3.84
11:29:06.981121	-0.46	-9.07	-0.22	-0.29	-9.47	-0.39	0.63	-9.44	2.3000000000000003	1.9000000000000001	-9.15	-1.45
11:29:06.991328	-0.58	-9.0	-0.13	-0.47000000000000003	-9.28	-0.2	0.01	-10.0	1.7	1.79	-9.38	-3.9
11:29:07.001416	-0.63	-8.92	-0.06	-0.44	-9.58	-0.41000000000000003	0.2	-9.72	1.37	1.24	-9.24	-3.89
11:29:07.011522	-0.65	-8.88	-0.08	-0.77	-9.4	0.03	0.44	-9.370000000000001	1.9000000000000001	1.59	-9.02	-3.33
11:29:07.022287	-0.67	-8.88	-0.12	-0.86	-9.39	0.08	0.36	-9.370000000000001	2.14	2.07	-9.34	-1.95
11:29:07.032428	-0.6900000000000001	-8.870000000000001	-0.14	-0.76	-9.35	0.14	0.38	-10.02	0.99	1.77	-9.65	-4.3100000000000005
11:29:07.042492	-0.6900000000000001	-9.13	-0.26	-0.43	-9.700000000000001	-0.07	0.8200000000000001	-9.69	0.86	1.25	-9.72	-4.09
11:29:07.052829	-0.73	-9.36	-0.26	-0.27	-9.68	0.11	1.12	-9.56	1.17	1.78	-9.48	-2.83
11:29:07.062903	-0.79	-9.620000000000001	-0.26	-0.15	-9.870000000000001	0.21	1.1	-9.72	1.0	2.09	-9.9	-3.0300000000000002
11:29:07.072974	-0.8300000000000001	-9.8	-0.22	-0.02	-9.78	0.26	1.02	-10.0	0.42	1.71	-10.040000000000001	-4.32
11:29:07.083056	-0.8200000000000001	-10.09	-0.03	0.43	-10.19	0.23	1.41	-9.81	0.18	1.71	-10.040000000000001	-4.32
11:29:07.093276	-0.86	-10.16	0.14	0.39	-10.52	-0.23	1.36	-9.89	0.75	0.38	-11.38	-3.19
11:29:07.103346	-0.62	-10.120000000000001	0.27	0.67	-10.55	-0.14	0.81	-10.82	0.51	0.22	-9.790000000000001	-2.58
11:29:07.113419	-0.75	-10.34	0.3	0.56	-10.42	-0.33	0.87	-10.46	0.24	1.75	-10.370000000000001	-4.46
11:29:07.123494	-0.97	-10.39	0.56	0.72	-10.51	-0.49	0.63	-10.1	0.47000000000000003	2.2	-10.71	-5.28
11:29:07.134256	-1.18	-10.42	0.68	0.64	-10.26	-0.06	0.45	-9.81	1.27	2.2	-10.71	-5.28
11:29:07.144457	-2.0	-10.32	0.77	0.67	-10.14	-0.22	-0.13	-10.55	-0.13	3.64	-9.98	-4.34
11:29:07.154533	-2.14	-10.21	0.74	0.68	-10.46	-0.49	0.23	-10.07	-0.04	3.87	-10.82	-5.42
11:29:07.164605	-2.21	-10.24	0.67	0.8200000000000001	-10.47	-0.51	0.34	-10.0	0.25	3.77	-10.950000000000001	-5.17
11:29:07.175238	-2.2600000000000002	-10.27	0.63	0.6	-10.52	-1.1500000000000001	-0.37	-10.51	-0.4	3.69	-10.370000000000001	-3.0500000000000003
11:29:07.185342	-2.05	-10.06	0.45	0.64	-10.33	-1.36	-0.36	-10.42	-0.53	3.11	-10.89	-5.04
11:29:07.195434	-1.81	-10.16	0.42	0.59	-10.39	-1.46	0.09	-9.93	-0.7000000000000001	3.11	-10.89	-5.04
11:29:07.205609	-1.28	-10.27	0.46	0.89	-10.58	-1.2	0.0	-10.19	-0.24	4.36	-12.86	-3.61
11:29:07.215700	-0.48	-10.51	0.75	1.83	-11.8	-0.73	0.68	-11.74	-1.62	5.26	-12.17	-3.7800000000000002
11:29:07.226259	0.29	-12.4	2.14	2.17	-12.46	-0.79	0.68	-12.18	-1.79	2.68	-14.71	-5.8
11:29:07.236452	-0.55	-12.92	2.56	2.33	-12.51	-0.9500000000000001	0.98	-12.620000000000001	-1.3	0.0	-15.08	-5.89
11:29:07.246522	-1.62	-13.06	2.7600000000000002	2.57	-12.51	-1.03	-0.74	-12.43	-1.37	3.16	-16.55	-5.05
11:29:07.256751	-2.52	-12.98	2.85	2.0	-12.61	-0.66	-1.93	-13.07	-1.49	3.16	-16.55	-5.05
11:29:07.266823	-2.95	-12.59	2.45	1.36	-12.6	-0.8300000000000001	-2.16	-13.700000000000001	-1.59	1.57	-17.96	-3.86
11:29:07.276904	-2.32	-12.05	1.61	0.67	-12.56	-1.48	-1.42	-14.24	-2.29	1.32	-20.35	-3.15
11:29:07.287404	-1.05	-11.18	0.49	0.05	-12.120000000000001	-2.33	-1.67	-15.06	-2.64	0.63	-21.5	0.17
11:29:07.297913	0.9	-10.42	-0.25	-0.51	-10.91	-3.31	-1.43	-16.65	-4.0	0.52	-21.34	0.8300000000000001
11:29:07.308025	3.6	-9.02	-1.57	-1.22	-10.16	-2.64	-1.3900000000000001	-15.85	-3.38	0.39	-22.11	1.1300000000000001
11:29:07.318145	3.45	-8.540000000000001	-2.06	-1.93	-10.03	-3.34	-0.46	-15.290000000000001	-4.9	1.6500000000000001	-21.06	3.45
11:29:07.328838	2.94	-8.22	-2.19	-2.02	-9.77	-3.83	0.66	-14.3	-3.7800000000000002	3.7600000000000002	-16.97	4.2
11:29:07.338956	2.2600000000000002	-8.02	-2.12	-2.2	-9.72	-3.21	3.0100000000000002	-13.790000000000001	-2.12	6.03	-11.93	1.81
11:29:07.349112	1.76	-7.9	-1.32	-2.36	-9.68	-1.78	4.66	-12.82	-0.52	6.03	-11.93	1.81
11:29:07.359300	1.6	-8.06	-0.71	-2.6	-9.700000000000001	-1.1	4.61	-8.07	9.74	8.48	4.41	-6.63
11:29:07.369434	1.2	-8.36	-0.06	-3.14	-10.040000000000001	-0.14	2.36	-6.93	11.24	2.39	0.6900000000000001	-3.9
11:29:07.380104	0.44	-9.290000000000001	1.21	-2.38	-11.48	0.33	1.44	-8.24	6.390000000000001	-8.22	-4.12	8.43
11:29:07.390247	0.01	-9.88	1.76	-1.34	-13.71	0.59	0.75	-9.6	3.71	-19.28	2.34	21.63
11:29:07.400320	-0.31	-10.450000000000001	2.21	-1.5	-13.76	0.71	-0.47000000000000003	-11.65	2.88	-6.3500000000000005	-9.6	8.27
11:29:07.410416	-0.49	-10.94	2.5	-1.33	-12.08	0.29	-1.56	-10.74	4.0200000000000005	8.36	-9.28	1.12
11:29:07.420491	-0.58	-11.17	2.39	-0.85	-11.25	0.02	-0.33	-7.11	6.07	8.36	-9.28	1.12
11:29:07.430589	-0.49	-10.96	1.93	-0.45	-10.64	-0.04	0.86	-6.140000000000001	6.37	1.77	-1.96	6.6000000000000005
11:29:07.440706	-0.3	-10.5	1.51	-0.37	-9.88	0.34	1.27	-6.21	5.5200000000000005	4.54	-2.07	6.33
11:29:07.450996	-0.21	-10.1	1.1400000000000001	-0.37	-9.88	0.34	0.59	-5.72	4.53	4.54	-2.07	6.33
11:29:07.461088	0.23	-9.370000000000001	0.63	-0.3	-9.91	0.25	0.59	-5.72	4.53	4.54	-2.07	6.33
11:29:07.471230	0.37	-9.07	0.44	-0.49	-9.35	0.17	0.22	-5.5600000000000005	5.54	-0.66	-8.89	3.34
11:29:07.481376	0.36	-8.98	0.3	-0.8	-8.82	-0.76	-0.43	-5.76	5.61	0.79	-8.83	3.08
11:29:07.491511	0.23	-8.93	0.17	-1.0	-7.99	-0.81	-0.23	-5.78	5.76	0.79	-8.83	3.08
11:29:07.501626	0.07	-8.89	0.15	-1.01	-8.07	-1.9000000000000001	0.0	-5.36	5.75	1.05	-6.75	3.5500000000000003
11:29:07.512265	0.01	-8.83	0.21	-1.24	-7.54	-2.14	-0.16	-5.5600000000000005	5.5200000000000005	1.05	-6.75	3.5500000000000003
11:29:07.522432	-0.1	-8.75	0.31	-1.82	-6.2700000000000005	-1.95	-0.6900000000000001	-6.390000000000001	5.53	-0.33	-10.36	1.08
11:29:07.532526	-0.4	-8.66	0.73	-2.0	-6.2	-1.98	-0.96	-6.63	5.91	-0.33	-10.36	1.08
11:29:07.543156	-0.55	-8.64	0.91	-2.19	-6.09	-1.48	-1.28	-6.68	6.03	0.25	-12.4	-2.2800000000000002
11:29:07.553224	-0.64	-8.61	1.09	-2.39	-6.08	-0.9500000000000001	-1.86	-6.75	6.3500000000000005	0.97	-12.700000000000001	-3.11
11:29:07.563364	-0.77	-8.58	1.25	-2.37	-6.23	-0.38	-3.21	-8.09	5.79	2.09	-13.780000000000001	-4.13
11:29:07.573439	-0.72	-8.41	1.51	-2.42	-6.26	-0.31	-2.95	-8.86	5.58	4.24	-14.4	-5.09
11:29:07.583528	-0.56	-8.370000000000001	1.5	-2.2800000000000002	-6.21	-0.25	-2.04	-9.27	5.19	4.24	-14.4	-5.09
11:29:07.593589	-0.53	-8.290000000000001	1.42	-1.8	-6.3	-0.41000000000000003	-0.27	-9.58	5.1000000000000005	4.24	-14.4	-5.09
11:29:07.604045	-0.47000000000000003	-8.27	1.28	-1.28	-6.62	-1.05	0.37	-9.3	5.01	4.23	-14.76	-7.22
11:29:07.614146	-0.45	-8.23	0.9400000000000001	-0.86	-6.75	-1.33	0.5700000000000001	-9.5	4.75	4.23	-14.76	-7.22
11:29:07.624246	-0.37	-8.24	0.64	-0.52	-6.86	-1.77	0.62	-9.56	4.3500000000000005	4.23	-14.76	-7.22
11:29:07.634457	-0.33	-8.32	0.5	-0.2	-7.08	-2.56	0.58	-10.01	3.93	4.23	-14.76	-7.22
11:29:07.644526	-0.41000000000000003	-8.540000000000001	0.28	0.26	-7.38	-3.83	0.55	-10.370000000000001	3.85	4.23	-14.76	-7.22
11:29:07.655185	-0.41000000000000003	-8.540000000000001	0.28	0.38	-7.68	-4.32	0.28	-10.74	3.5	5.37	-14.64	-9.9
11:29:07.665570	-0.55	-8.77	0.33	0.6	-7.97	-4.5	-0.79	-10.56	3.19	5.14	-14.68	-10.69
11:29:07.675699	-0.66	-8.92	0.41000000000000003	0.9400000000000001	-8.28	-4.75	-0.91	-10.33	2.83	5.0	-14.47	-11.49
11:29:07.685933	-0.9500000000000001	-9.28	0.6900000000000001	1.77	-8.99	-4.98	-0.85	-10.290000000000001	2.43	5.0	-14.47	-11.49
11:29:07.696327	-1.05	-9.49	0.85	2.06	-9.36	-5.04	-0.47000000000000003	-10.28	2.15	2.35	-13.94	-13.43
11:29:07.706412	-1.11	-9.69	0.99	2.2600000000000002	-9.66	-5.18	-0.03	-9.89	1.49	2.04	-13.34	-14.07
11:29:07.716533	-1.16	-10.0	1.3	2.24	-9.9	-5.24	0.04	-9.790000000000001	1.12	1.77	-12.48	-14.620000000000001
11:29:07.726603	-1.2	-10.1	1.42	2.15	-10.17	-5.23	0.0	-9.540000000000001	1.0	0.88	-11.61	-15.65
11:29:07.736730	-1.31	-10.17	1.49	1.85	-10.15	-5.04	-0.46	-8.47	0.19	0.62	-10.93	-16.23
11:29:07.746791	-1.41	-10.27	1.52	1.61	-10.23	-5.07	-0.84	-8.03	-0.24	0.71	-10.21	-16.78
11:29:07.756861	-1.6	-10.42	1.5	1.33	-10.19	-5.0200000000000005	-1.1300000000000001	-7.91	-0.35000000000000003	1.07	-9.25	-17.02
11:29:07.766936	-1.6	-10.42	1.5	1.07	-10.03	-5.05	-1.27	-7.2	-0.02	1.03	-9.3	-16.82
11:29:07.777308	-1.6500000000000001	-10.58	1.68	0.9500000000000001	-9.94	-5.16	-0.79	-7.34	0.0	0.96	-9.27	-16.34
11:29:07.787495	-1.72	-10.76	1.82	0.67	-9.81	-5.28	-0.48	-7.43	0.2	0.96	-9.27	-16.34
11:29:07.797652	-1.94	-10.83	1.99	0.49	-9.71	-4.68	-0.17	-7.59	0.51	2.45	-11.26	-12.51
11:29:07.808058	-2.14	-10.76	2.11	0.55	-9.6	-4.5	0.15	-7.92	1.58	4.66	-12.07	-15.43
11:29:07.818152	-2.33	-10.67	2.19	0.47000000000000003	-9.44	-4.44	0.23	-8.36	1.96	3.95	-8.57	-13.38
11:29:07.828266	-2.42	-10.46	2.27	0.44	-9.09	-4.11	0.09	-8.58	2.46	2.62	-7.73	-12.120000000000001
11:29:07.838421	-2.5100000000000002	-10.28	2.15	0.18	-7.63	-2.7800000000000002	-0.03	-8.370000000000001	3.52	2.14	-8.45	-5.39
11:29:07.848544	-2.14	-10.31	2.07	-0.22	-7.34	-2.5100000000000002	0.02	-10.31	1.34	2.14	-8.45	-5.39
11:29:07.858966	-1.21	-11.21	1.86	-0.5	-9.56	-2.2800000000000002	0.33	-15.44	-7.0600000000000005	5.28	-29.54	18.5
11:29:07.869033	-0.8200000000000001	-12.72	1.07	-0.28	-13.27	-1.78	-1.27	-18.89	-12.66	12.52	-4.61	-7.47
11:29:07.879109	0.43	-14.34	-0.97	-0.38	-15.14	-2.61	0.9400000000000001	-15.38	0.45	4.84	-8.05	-9.07
11:29:07.889186	0.65	-14.51	-1.77	0.74	-14.86	-4.23	0.4	-12.5	2.24	-4.29	-8.98	-8.53
11:29:07.899374	0.43	-13.88	-2.27	0.76	-12.92	-4.03	-4.16	-9.02	2.6	-4.44	-8.31	-0.9400000000000001
11:29:07.909452	0.35000000000000003	-12.290000000000001	-2.0100000000000002	-0.09	-11.31	-3.86	-2.48	-7.71	1.57	4.66	-8.68	-1.7
11:29:07.919624	0.03	-11.4	-1.51	-2.85	-8.96	-4.1	-2.48	-7.71	1.57	1.78	-6.96	-3.5700000000000003
11:29:07.929748	-0.18	-10.49	-0.68	-3.63	-7.62	-3.3200000000000003	0.74	-9.13	1.87	-1.42	-7.38	-1.48
11:29:07.940944	-0.35000000000000003	-9.9	0.19	-3.88	-7.43	-0.73	3.11	-12.01	1.34	-1.29	-8.33	-2.7600000000000002
11:29:07.951042	-0.56	-9.33	1.76	-2.05	-8.43	-0.56	2.86	-11.77	1.16	2.2	-8.86	-2.75
11:29:07.961782	-0.73	-9.25	2.2800000000000002	-0.9400000000000001	-8.43	-0.08	2.15	-10.870000000000001	2.34	0.91	-6.72	-4.3500000000000005
11:29:07.971931	-0.86	-9.26	2.5	-0.03	-8.06	0.6	1.8	-9.58	2.75	0.11	-10.18	-2.82
11:29:07.982053	-0.86	-9.41	2.41	0.84	-8.23	0.81	-1.07	-8.950000000000001	0.55	1.19	-10.88	-1.47
11:29:07.992708	-0.47000000000000003	-9.56	1.84	3.2	-9.71	-0.39	-1.6500000000000001	-9.3	0.9	0.96	-9.36	-2.5500000000000003
11:29:08.002851	-0.12	-9.33	1.44	3.87	-10.01	-0.56	-1.04	-9.1	1.85	1.41	-8.65	-3.09
11:29:08.013503	0.18	-8.88	0.9400000000000001	3.86	-10.0	-0.35000000000000003	0.1	-9.82	1.49	2.12	-7.8100000000000005	0.55
11:29:08.023569	0.65	-8.43	0.49	2.97	-9.790000000000001	-0.08	0.89	-9.89	0.43	2.15	-8.74	-2.88
11:29:08.033638	1.49	-8.03	-0.58	0.8	-8.96	-0.05	1.72	-9.65	-0.23	2.07	-10.18	-3.06
11:29:08.043810	1.8	-8.19	-1.07	0.15	-8.91	-0.46	2.35	-9.83	-0.65	0.93	-9.71	-3.08
11:29:08.053879	1.9100000000000001	-8.56	-1.57	-0.23	-9.14	-1.12	2.71	-10.3	-0.17	1.57	-10.49	-1.87
11:29:08.064006	1.78	-8.96	-1.99	-0.04	-9.540000000000001	-1.51	2.5300000000000002	-10.39	-0.17	1.43	-9.27	-3.7
11:29:08.074108	1.1500000000000001	-9.66	-2.44	-0.24	-9.97	-2.0	1.85	-10.17	0.61	1.01	-8.89	-2.59
11:29:08.084175	0.8	-9.870000000000001	-2.45	-0.53	-9.49	-1.6400000000000001	-0.07	-9.76	1.47	0.8300000000000001	-8.49	-3.1
11:29:08.094289	0.5700000000000001	-9.93	-2.2600000000000002	-0.86	-8.93	-1.1500000000000001	-0.85	-9.84	1.33	1.16	-10.48	-1.8
11:29:08.104440	0.13	-9.790000000000001	-1.72	-1.42	-9.68	-0.93	-0.89	-10.18	0.87	1.17	-10.450000000000001	-4.08
11:29:08.114551	0.0	-9.67	-1.46	-1.44	-9.92	-1.16	-0.61	-10.47	0.26	1.4000000000000001	-9.71	-3.88
11:29:08.125115	-0.19	-9.55	-1.22	-1.37	-9.75	-1.04	0.38	-9.91	0.99	1.72	-9.43	-3.23
11:29:08.135466	-0.32	-9.15	-0.66	-1.02	-9.75	-1.06	0.39	-9.71	1.08	1.8900000000000001	-8.790000000000001	-2.87
11:29:08.145565	-0.27	-9.120000000000001	-0.53	-0.62	-9.34	-0.67	0.59	-9.44	1.04	1.6300000000000001	-8.88	-3.22
11:29:08.156111	-0.22	-9.120000000000001	-0.46	-0.5	-9.290000000000001	-0.38	1.6400000000000001	-9.46	0.58	1.32	-8.73	-3.89
11:29:08.166179	-0.19	-9.13	-0.46	-0.04	-9.31	-0.35000000000000003	1.6400000000000001	-9.46	0.58	1.48	-9.85	-0.43
11:29:08.176255	-0.14	-9.1	-0.5	0.38	-9.28	-0.12	0.75	-10.17	0.51	1.45	-9.56	-4.0
11:29:08.186324	-0.17	-9.120000000000001	-0.6	0.59	-9.34	0.2	0.44	-10.03	0.14	1.19	-9.28	-3.44
11:29:08.196465	-0.26	-9.14	-0.6900000000000001	0.7000000000000001	-8.97	0.49	0.27	-9.43	0.27	1.07	-9.05	-3.62
11:29:08.206530	-0.35000000000000003	-9.05	-0.88	0.8300000000000001	-9.51	0.16	0.43	-9.31	0.73	0.86	-9.96	-1.93
11:29:08.216597	-0.35000000000000003	-9.1	-1.05	0.72	-9.43	0.25	0.87	-9.53	0.33	1.1500000000000001	-9.4	-4.05
11:29:08.226670	-0.41000000000000003	-9.17	-1.1	1.1300000000000001	-9.65	-0.1	1.67	-9.8	-0.37	1.7	-9.25	-3.19
11:29:08.236745	-0.42	-9.26	-1.1500000000000001	1.18	-9.6	-0.17	1.4000000000000001	-9.66	0.7000000000000001	1.7	-9.25	-3.19
11:29:08.246869	-0.39	-9.370000000000001	-1.08	1.12	-9.59	-0.29	1.34	-9.69	0.78	1.7	-9.25	-3.19
11:29:08.256939	-0.41000000000000003	-9.38	-0.88	1.0	-9.72	-0.4	1.09	-10.05	0.1	1.7	-9.25	-3.19
11:29:08.267012	-0.42	-9.33	-0.72	0.52	-9.86	-0.68	1.03	-9.76	0.41000000000000003	1.7	-9.25	-3.19
11:29:08.277307	-0.55	-9.23	-0.62	-0.07	-9.68	-0.56	0.78	-9.6	1.1500000000000001	1.73	-9.620000000000001	-1.1500000000000001
11:29:08.287380	-0.55	-9.0	-0.44	-0.25	-9.56	-0.52	0.31	-9.96	1.17	1.73	-9.620000000000001	-1.1500000000000001
11:29:08.297534	-0.56	-8.94	-0.4	-0.61	-9.48	-0.61	-0.02	-9.71	0.99	1.73	-9.620000000000001	-1.1500000000000001
11:29:08.307639	-0.52	-8.99	-0.4	-1.24	-9.34	-0.3	0.23	-9.48	1.27	1.44	-9.3	-4.88
11:29:08.318213	-0.51	-8.870000000000001	-0.46	-1.34	-9.38	-0.31	0.51	-9.56	1.8900000000000001	1.82	-9.68	-1.25
11:29:08.328344	-0.56	-8.98	-0.5700000000000001	-1.47	-9.47	-0.41000000000000003	0.09	-10.16	1.18	1.45	-9.56	-4.12
11:29:08.338487	-0.63	-9.08	-0.61	-1.46	-9.450000000000001	-0.5	0.54	-9.68	0.87	0.9500000000000001	-9.4	-4.01
11:29:08.348577	-0.72	-9.19	-0.65	-1.32	-9.35	-0.25	0.63	-9.47	1.42	1.12	-9.370000000000001	-5.03
11:29:08.359036	-0.79	-9.28	-0.62	-1.31	-9.41	-0.11	0.48	-9.57	1.6400000000000001	1.94	-9.74	-2.75
11:29:08.369138	-0.9	-9.55	-0.45	-1.1300000000000001	-9.51	-0.01	0.46	-10.06	0.5700000000000001	1.94	-9.74	-2.75
11:29:08.379211	-0.86	-9.700000000000001	-0.36	-0.78	-9.67	0.12	0.46	-10.06	0.5700000000000001	1.32	-9.72	-3.71
11:29:08.389286	-0.8	-9.86	-0.24	-0.32	-9.96	0.8300000000000001	1.06	-9.51	1.24	1.32	-9.72	-3.71
11:29:08.399364	-0.74	-10.01	-0.14	-0.07	-10.24	0.85	0.67	-10.5	0.38	1.32	-9.72	-3.71
11:29:08.409431	-0.67	-10.36	0.09	-0.01	-10.43	0.72	0.75	-10.370000000000001	0.89	1.32	-9.72	-3.71
11:29:08.419503	-0.78	-10.35	0.23	0.36	-10.63	0.66	0.98	-10.1	0.58	1.32	-9.72	-3.71
11:29:08.429621	-0.79	-10.42	0.27	0.12	-10.55	0.54	0.68	-10.17	1.3900000000000001	1.32	-9.72	-3.71
11:29:08.439773	-1.04	-10.540000000000001	0.3	0.06	-10.68	0.03	0.74	-11.07	0.58	-0.08	-9.93	-3.17
11:29:08.449964	-1.45	-10.49	0.33	-0.1	-10.48	-0.14	0.93	-10.26	0.48	-0.08	-9.93	-3.17
11:29:08.460598	-1.6500000000000001	-10.450000000000001	0.28	-0.08	-10.33	0.04	0.93	-10.26	0.48	2.64	-10.26	-5.51
11:29:08.470744	-1.77	-10.44	0.3	0.0	-10.41	-0.2	0.0	-10.83	-0.04	2.8000000000000003	-10.26	-4.19
11:29:08.480836	-1.99	-10.28	0.17	-0.25	-10.46	-0.29	0.44	-10.15	-0.15	2.8000000000000003	-10.26	-4.19
11:29:08.491066	-2.05	-10.200000000000001	0.07	-0.07	-10.44	-0.56	0.54	-9.94	0.0	2.8000000000000003	-10.26	-4.19
11:29:08.501399	-2.06	-10.08	0.0	-0.11	-10.41	-0.9	0.02	-10.32	-0.36	2.8000000000000003	-10.26	-4.19
11:29:08.511489	-2.0	-10.01	-0.11	0.28	-10.38	-1.06	-0.21	-10.36	-0.39	2.8000000000000003	-10.26	-4.19
11:29:08.522254	-1.78	-9.93	-0.14	0.24	-10.33	-1.07	0.3	-9.870000000000001	-0.81	2.8000000000000003	-10.26	-4.19
11:29:08.532454	-1.47	-9.97	-0.15	0.79	-10.68	-0.72	0.36	-9.94	-0.45	2.8000000000000003	-10.26	-4.19
11:29:08.543107	-0.92	-10.24	0.0	1.22	-11.51	-0.71	1.1400000000000001	-11.13	-1.84	2.8000000000000003	-10.26	-4.19
11:29:08.553541	-0.25	-10.75	0.54	1.57	-12.35	-0.8200000000000001	0.93	-11.63	-1.6	2.8000000000000003	-10.26	-4.19
11:29:08.563606	0.42	-12.27	1.75	1.7	-12.450000000000001	-0.78	1.11	-12.05	-1.67	2.8000000000000003	-10.26	-4.19
11:29:08.573722	-0.07	-12.52	2.2800000000000002	1.47	-12.280000000000001	-0.56	-0.35000000000000003	-11.1	-1.6300000000000001	2.5300000000000002	-10.75	-4.76
11:29:08.583795	-0.97	-12.55	2.65	1.42	-12.24	-0.33	-1.55	-11.64	-1.9100000000000001	2.5300000000000002	-10.75	-4.76
11:29:08.593948	-1.93	-12.36	2.65	1.1	-12.06	-0.12	-2.07	-12.25	-2.5500000000000003	2.5300000000000002	-10.75	-4.76
11:29:08.604056	-2.84	-11.89	2.29	0.68	-11.98	-0.59	-2.11	-12.46	-2.49	2.5300000000000002	-10.75	-4.76
11:29:08.614125	-2.7	-11.42	1.43	-0.7000000000000001	-11.200000000000001	-1.8	-2.33	-12.780000000000001	-1.75	2.5300000000000002	-10.75	-4.76
11:29:08.624238	-1.52	-10.74	0.58	-1.16	-11.02	-2.73	-1.77	-13.48	-1.62	2.5300000000000002	-10.75	-4.76
11:29:08.634317	0.35000000000000003	-10.08	-0.14	-1.59	-10.96	-3.2600000000000002	-1.1300000000000001	-13.65	-2.39	2.5300000000000002	-10.75	-4.76
11:29:08.645002	3.5100000000000002	-9.13	-1.3800000000000001	-2.08	-10.8	-3.72	0.27	-16.43	-3.86	2.5300000000000002	-10.75	-4.76
11:29:08.655103	3.65	-8.790000000000001	-1.79	-1.6600000000000001	-9.41	-2.7600000000000002	1.19	-14.55	-2.58	2.5300000000000002	-10.75	-4.76
11:29:08.665166	2.99	-8.52	-2.0100000000000002	-1.47	-9.39	-3.14	2.0300000000000002	-14.71	-3.59	2.5300000000000002	-10.75	-4.76
11:29:08.675235	1.8900000000000001	-8.23	-1.6	-2.0100000000000002	-8.870000000000001	-2.0	3.75	-11.790000000000001	-1.29	4.4	-14.49	-4.34
11:29:08.685350	1.59	-8.2	-1.1	-2.49	-8.72	-0.97	5.26	-9.950000000000001	-0.74	4.4	-14.49	-4.34
11:29:08.695421	1.3800000000000001	-8.23	-0.4	-2.54	-9.46	-1.19	4.09	-8.870000000000001	3.31	4.4	-14.49	-4.34
11:29:08.705505	1.09	-8.27	0.31	-2.54	-9.65	-0.34	3.12	-7.65	10.81	4.4	-14.49	-4.34
11:29:08.715576	0.42	-8.81	1.6600000000000001	-2.21	-10.200000000000001	-0.06	1.29	-8.88	10.950000000000001	4.4	-14.49	-4.34
11:29:08.725646	0.08	-9.27	2.19	-2.45	-11.48	0.03	1.1300000000000001	-9.83	7.62	4.4	-14.49	-4.34
11:29:08.735716	-0.14	-9.78	2.63	-2.5300000000000002	-13.42	0.18	0.71	-10.67	4.38	4.4	-14.49	-4.34
11:29:08.745790	-0.36	-10.290000000000001	2.89	-2.74	-13.47	0.01	-1.29	-12.05	2.89	4.4	-14.49	-4.34
11:29:08.755909	-0.7000000000000001	-11.0	2.68	-2.35	-12.65	0.13	-1.44	-10.24	4.63	4.4	-14.49	-4.34
11:29:08.765977	-0.78	-10.97	2.31	-1.61	-11.86	0.45	-0.68	-8.33	5.9	4.55	-6.5200000000000005	-0.99
11:29:08.776046	-0.73	-10.63	1.81	-1.61	-11.86	0.45	-0.68	-8.33	5.9	-1.72	-4.23	5.66
11:29:08.786694	-0.45	-10.370000000000001	1.35	-1.07	-10.48	0.49	0.35000000000000003	-6.99	5.82	0.46	-4.0600000000000005	5.82
11:29:08.796829	-0.03	-9.83	0.74	-0.67	-9.97	0.34	0.62	-6.41	4.74	0.46	-4.0600000000000005	5.82
11:29:08.807324	0.21	-9.450000000000001	0.39	-0.6	-9.870000000000001	-0.41000000000000003	0.54	-6.49	4.98	0.46	-4.0600000000000005	5.82
11:29:08.817532	0.19	-9.28	0.3	-0.63	-9.74	-0.67	-0.34	-6.0	5.5200000000000005	0.46	-4.0600000000000005	5.82
11:29:08.828204	0.14	-9.03	0.26	-0.81	-9.34	-0.72	-0.72	-6.47	5.29	0.46	-4.0600000000000005	5.82
11:29:08.838783	0.15	-8.94	0.3	-1.09	-9.03	-0.84	-0.72	-6.47	5.29	1.56	-6.47	3.84
11:29:08.849288	0.12	-8.82	0.42	-1.59	-7.97	-1.24	-0.15	-5.74	5.61	1.56	-6.47	3.84
11:29:08.859374	-0.07	-8.58	0.76	-1.81	-7.66	-1.6500000000000001	-0.42	-6.0200000000000005	5.08	1.56	-6.47	3.84
11:29:08.869488	-0.16	-8.49	0.91	-2.04	-7.16	-1.7	-0.88	-6.2700000000000005	5.12	0.8300000000000001	-10.59	-0.38
11:29:08.879554	-0.41000000000000003	-8.39	1.0	-2.24	-6.63	-1.69	-1.37	-6.2700000000000005	5.54	0.8300000000000001	-10.59	-0.38
11:29:08.889685	-0.46	-8.290000000000001	1.1500000000000001	-2.42	-6.6000000000000005	-1.54	-2.15	-6.48	5.97	0.8300000000000001	-10.59	-0.38
11:29:08.899772	-0.53	-8.32	1.34	-2.43	-6.42	-1.06	-2.91	-7.2	5.84	0.8300000000000001	-10.59	-0.38
11:29:08.909924	-0.54	-8.33	1.31	-2.46	-6.53	-0.62	-3.48	-7.72	5.54	1.35	-11.59	-1.8900000000000001
11:29:08.919996	-0.52	-8.41	1.25	-2.52	-6.61	-0.4	-3.4	-8.26	5.29	1.35	-11.59	-1.8900000000000001
11:29:08.930125	-0.53	-8.52	1.1	-2.54	-6.73	-0.32	-1.6300000000000001	-9.06	5.13	2.8000000000000003	-12.23	-3.09
11:29:08.940200	-0.55	-8.83	0.75	-2.3000000000000003	-6.83	-0.74	-1.6300000000000001	-9.06	5.13	5.61	-13.13	-6.25
11:29:08.950325	-0.55	-8.96	0.56	-1.99	-6.8	-1.21	-1.6300000000000001	-9.06	5.13	5.5200000000000005	-13.52	-6.51
11:29:08.960806	-0.56	-9.040000000000001	0.42	-1.34	-6.96	-2.1	-1.6300000000000001	-9.06	5.13	5.92	-13.69	-6.5600000000000005
11:29:08.971034	-0.62	-9.1	0.36	-1.34	-6.96	-2.1	0.22	-9.450000000000001	4.1	6.48	-13.99	-7.4
11:29:08.981460	-0.73	-9.1	0.55	-0.38	-7.29	-3.46	-0.36	-9.86	4.22	6.57	-13.83	-7.53
11:29:08.992021	-0.77	-9.09	0.81	-0.03	-7.3500000000000005	-3.99	-0.36	-9.86	4.22	6.34	-13.89	-7.68
11:29:09.002342	-0.88	-9.11	1.0	0.63	-7.59	-4.61	-0.36	-9.86	4.22	5.8	-13.94	-8.31
11:29:09.012451	-1.01	-9.1	1.34	1.02	-7.84	-4.39	-0.36	-9.86	4.22	5.0200000000000005	-14.450000000000001	-8.72
11:29:09.022598	-1.1500000000000001	-9.07	1.8800000000000001	1.19	-8.15	-4.21	-0.36	-9.86	4.22	4.44	-15.82	-10.64
11:29:09.032709	-1.23	-9.120000000000001	2.06	1.46	-8.34	-4.0	-0.36	-9.86	4.22	3.0500000000000003	-14.19	-12.31
11:29:09.042784	-1.24	-9.23	2.16	1.55	-8.870000000000001	-3.63	-0.36	-9.86	4.22	1.6400000000000001	-14.34	-11.790000000000001
11:29:09.053083	-1.25	-9.52	2.19	1.36	-9.03	-3.47	-0.75	-10.9	3.89	0.8200000000000001	-13.620000000000001	-13.51
11:29:09.063652	-1.52	-9.72	2.12	1.24	-9.65	-3.9	-0.89	-10.450000000000001	2.27	0.8200000000000001	-13.620000000000001	-13.51
11:29:09.073723	-1.1500000000000001	-9.81	2.14	1.12	-9.78	-3.97	-1.56	-9.96	1.3800000000000001	0.47000000000000003	-12.93	-14.8
11:29:09.083888	-1.26	-9.98	1.8900000000000001	0.92	-10.32	-4.59	-1.81	-9.0	1.56	0.47000000000000003	-12.93	-14.8
11:29:09.093997	-1.23	-10.370000000000001	1.51	0.39	-10.450000000000001	-4.72	-1.46	-7.58	0.68	0.47000000000000003	-12.93	-14.8
11:29:09.104094	-1.28	-10.52	1.26	0.39	-10.63	-5.3500000000000005	-0.96	-7.3	0.27	0.47000000000000003	-12.93	-14.8
11:29:09.114786	-1.25	-10.5	1.05	0.39	-10.51	-5.9	-0.44	-7.22	0.29	0.47000000000000003	-12.93	-14.8
11:29:09.124874	-1.27	-10.56	0.9	0.48	-10.51	-6.0600000000000005	-0.13	-7.41	0.18	0.47000000000000003	-12.93	-14.8
11:29:09.134951	-1.2	-10.84	0.84	0.37	-10.450000000000001	-6.0	0.08	-7.5200000000000005	0.09	0.47000000000000003	-12.93	-14.8
11:29:09.145051	-1.47	-10.68	0.76	0.09	-10.38	-6.01	0.08	-7.5200000000000005	0.09	0.81	-10.59	-16.71
11:29:09.155128	-1.46	-10.67	0.92	-0.4	-10.09	-5.47	0.08	-7.5200000000000005	0.09	0.93	-9.72	-16.11
11:29:09.165818	-1.69	-10.52	0.98	-0.42	-9.74	-5.03	0.75	-7.54	1.37	1.29	-8.19	-14.88
11:29:09.175883	-2.08	-10.06	1.21	-0.44	-9.24	-4.59	0.68	-7.7700000000000005	1.82	4.58	-8.86	-13.280000000000001
11:29:09.185952	-2.07	-9.88	1.37	-0.44	-8.6	-3.94	0.65	-8.32	1.34	2.7600000000000002	-15.09	-5.84
11:29:09.196026	-1.68	-9.89	1.46	-0.87	-10.82	-2.99	0.65	-8.32	1.34	2.02	-25.09	11.21
11:29:09.206099	-0.88	-10.700000000000001	1.4000000000000001	-0.87	-14.02	-2.87	0.65	-8.32	1.34	13.88	-8.45	-2.07
11:29:09.216218	-0.26	-14.05	-0.88	-1.06	-14.700000000000001	-2.85	0.65	-8.32	1.34	9.13	-7.61	-7.54
11:29:09.226293	-0.26	-14.05	-0.88	-0.06	-14.02	-3.4	0.9500000000000001	-13.9	-0.31	-0.87	-7.69	-8.78
11:29:09.236365	-0.03	-12.72	-1.74	2.72	-11.31	-2.2600000000000002	0.9500000000000001	-13.9	-0.31	-5.92	-7.98	-2.31
11:29:09.246440	0.21	-11.540000000000001	-1.07	1.98	-10.42	-1.19	0.9500000000000001	-13.9	-0.31	5.16	-9.31	-1.4000000000000001
11:29:09.257072	0.11	-10.56	-0.34	0.4	-9.77	-2.48	0.9500000000000001	-13.9	-0.31	3.31	-6.7	-4.96
11:29:09.267396	0.11	-10.56	-0.34	-2.14	-7.95	-2.34	-0.7000000000000001	-6.97	3.25	-2.87	-6.16	-2.62
11:29:09.277516	-1.01	-9.49	1.6	-4.82	-7.37	-1.41	2.58	-10.120000000000001	2.5100000000000002	-3.5	-8.13	0.78
11:29:09.287635	-1.1300000000000001	-9.450000000000001	2.27	-4.51	-8.07	-1.21	2.58	-10.120000000000001	2.5100000000000002	2.5	-10.31	-2.67
11:29:09.298227	-1.18	-9.65	2.64	-3.5500000000000003	-8.11	-0.89	2.83	-12.06	2.63	2.52	-9.03	-2.21
11:29:09.308437	-1.18	-9.93	2.63	-2.48	-7.930000000000001	-0.14	2.83	-12.06	2.63	1.26	-8.01	-2.32
11:29:09.318569	-0.63	-10.13	2.08	-0.54	-8.22	1.28	-0.02	-9.98	2.5300000000000002	0.42	-7.5600000000000005	0.3
11:29:09.328688	-0.27	-10.0	1.67	0.41000000000000003	-8.9	1.35	-0.02	-9.98	2.5300000000000002	1.77	-11.89	-3.12
11:29:09.339214	0.12	-9.620000000000001	1.17	1.54	-9.290000000000001	0.85	-1.45	-8.78	1.2	0.48	-10.15	-2.23
11:29:09.349283	0.6	-9.13	0.7000000000000001	2.68	-9.67	0.2	-0.67	-9.21	1.67	-0.09	-8.99	-1.33
11:29:09.359422	1.6	-8.4	-0.16	2.85	-9.82	-0.01	0.09	-9.8	1.21	2.62	-8.67	-3.35
11:29:09.369537	1.78	-8.21	-0.6	2.85	-9.82	-0.01	1.0	-9.700000000000001	0.8	1.6400000000000001	-8.78	-2.91
11:29:09.379626	1.81	-8.25	-1.03	1.98	-9.43	0.17	2.46	-9.65	0.06	1.6400000000000001	-8.78	-2.91
11:29:09.389691	1.83	-8.47	-1.37	1.03	-9.19	0.34	2.46	-9.65	0.06	1.1300000000000001	-8.91	-1.16
11:29:09.399766	1.47	-9.09	-1.95	-0.31	-9.51	-0.63	2.07	-10.18	-0.52	1.37	-10.5	-4.15
11:29:09.409834	1.1300000000000001	-9.35	-2.12	-0.64	-9.790000000000001	-1.33	1.79	-10.39	0.09	1.74	-8.620000000000001	-2.94
11:29:09.419922	0.77	-9.56	-2.19	-0.56	-9.89	-1.87	1.35	-10.14	1.41	0.63	-9.73	-1.34
11:29:09.429990	0.26	-9.76	-1.8	-1.16	-9.67	-2.0	1.35	-10.14	1.41	0.88	-9.620000000000001	-3.38
11:29:09.440063	0.0	-9.84	-1.5	-1.6400000000000001	-9.02	-1.21	1.35	-10.14	1.41	0.97	-9.870000000000001	-2.83
11:29:09.450133	-0.24	-9.82	-1.18	-1.6400000000000001	-9.02	-1.21	-0.2	-9.94	0.99	1.08	-9.63	-4.13
11:29:09.460272	-0.47000000000000003	-9.790000000000001	-0.87	-1.25	-9.73	-0.62	-0.2	-9.94	0.99	1.08	-9.63	-4.13
11:29:09.470448	-0.68	-9.6	-0.31	-1.25	-9.73	-0.62	0.51	-10.290000000000001	1.49	1.93	-8.66	-3.5100000000000002
11:29:09.480520	-0.67	-9.49	-0.05	-0.58	-9.65	-0.55	0.52	-10.13	1.25	1.55	-8.11	-3.24
11:29:09.490635	-0.65	-9.39	0.12	-0.37	-9.49	-0.41000000000000003	1.46	-9.48	1.08	2.14	-8.790000000000001	-2.7800000000000002
11:29:09.501184	-0.61	-9.27	0.23	0.19	-9.5	-0.05	1.46	-9.48	1.08	1.77	-9.28	-3.22
11:29:09.511307	-0.46	-9.16	0.23	0.51	-9.55	-0.07	0.6900000000000001	-9.96	1.7	1.33	-9.39	-2.84
11:29:09.521423	-0.4	-9.14	0.19	0.63	-9.24	0.16	0.0	-10.0	1.1400000000000001	1.25	-9.03	-3.75
11:29:09.531519	-0.38	-9.1	0.05	0.6	-9.24	0.23	0.05	-9.68	1.61	1.35	-9.19	-1.9100000000000001
11:29:09.542107	-0.36	-9.01	0.04	0.84	-9.35	0.32	0.24	-9.66	1.0	1.3800000000000001	-9.61	-4.33
11:29:09.552233	-0.4	-9.02	-0.23	0.65	-9.61	0.29	1.18	-9.84	0.3	1.6300000000000001	-9.34	-4.11
11:29:09.562360	-0.45	-9.07	-0.33	0.5700000000000001	-9.72	0.21	1.18	-9.84	0.3	1.6300000000000001	-9.34	-4.11
11:29:09.572544	-0.38	-9.15	-0.47000000000000003	0.62	-9.64	0.09	1.49	-9.72	0.44	2.0300000000000002	-9.39	-0.87
11:29:09.582608	-0.46	-9.21	-0.58	0.35000000000000003	-9.61	-0.15	1.3900000000000001	-9.870000000000001	0.72	1.8900000000000001	-9.09	-4.28
11:29:09.592942	-0.48	-9.27	-0.53	0.3	-9.55	-0.04	1.3900000000000001	-9.870000000000001	0.72	1.6400000000000001	-9.17	-3.99
11:29:09.603013	-0.53	-9.290000000000001	-0.46	0.34	-9.620000000000001	-0.23	0.86	-9.5	0.71	1.47	-9.040000000000001	-3.89
11:29:09.613154	-0.5	-9.23	-0.39	-0.25	-9.540000000000001	-0.29	0.38	-9.86	1.21	2.21	-9.78	-3.52
11:29:09.623235	-0.39	-9.09	-0.19	-0.6	-9.700000000000001	-0.63	0.05	-10.05	0.93	1.62	-9.51	-4.57
11:29:09.633312	-0.34	-9.06	-0.11	-1.02	-9.56	-0.3	0.05	-10.05	0.93	1.28	-9.48	-4.96
11:29:09.643782	-0.31	-9.06	-0.05	-1.21	-9.6	-0.17	0.05	-10.05	0.93	1.84	-9.25	-3.17
11:29:09.653901	-0.25	-9.01	-0.06	-1.6600000000000001	-9.74	-0.39	0.05	-10.05	0.93	2.16	-9.9	-4.25
11:29:09.664065	-0.21	-8.97	-0.14	-1.8900000000000001	-9.91	-0.64	0.45	-9.98	0.77	1.43	-9.99	-4.2
11:29:09.674705	-0.21	-9.08	-0.21	-1.8	-10.11	-0.71	0.44	-9.92	0.97	1.6300000000000001	-10.14	-5.3
11:29:09.684801	-0.26	-9.17	-0.26	-1.75	-10.200000000000001	-0.56	0.17	-10.22	1.54	2.34	-9.72	-2.66
11:29:09.694868	-0.26	-9.17	-0.26	-1.35	-10.28	-0.5	0.17	-10.22	1.54	2.09	-10.3	-4.61
11:29:09.705603	-0.36	-9.4	-0.27	-1.04	-10.200000000000001	-0.43	0.1	-10.1	0.61	1.67	-10.5	-4.5200000000000005
11:29:09.716262	-0.51	-9.72	-0.25	-1.31	-10.01	-0.17	0.13	-9.88	0.91	1.44	-10.43	-5.84
11:29:09.726371	-0.68	-9.8	-0.11	-1.08	-10.13	0.04	0.63	-10.450000000000001	-0.04	2.89	-9.92	-3.27
11:29:09.736438	-0.9500000000000001	-10.22	0.04	-0.8200000000000001	-10.25	0.0	0.67	-10.370000000000001	0.16	2.24	-10.28	-4.65
11:29:09.746553	-0.9500000000000001	-10.22	0.04	-0.46	-10.41	0.01	0.9	-10.01	-0.1	1.31	-10.61	-4.57
11:29:09.756641	-1.3	-10.61	0.43	-0.22	-10.450000000000001	0.09	0.87	-10.05	0.1	2.2	-10.34	-5.28
11:29:09.766714	-1.48	-10.77	0.66	0.21	-10.57	-0.23	0.31	-10.61	-0.39	2.59	-10.28	-3.88
11:29:09.776838	-2.07	-10.89	0.93	0.58	-10.44	0.0	0.34	-10.290000000000001	-0.35000000000000003	2.22	-10.81	-5.1000000000000005
11:29:09.787020	-2.36	-10.82	0.98	0.6900000000000001	-10.38	-0.07	0.52	-9.92	-0.58	2.54	-10.31	-5.18
11:29:09.797179	-2.52	-10.61	0.98	0.23	-10.35	0.0	0.46	-10.1	-0.59	3.3200000000000003	-10.49	-4.89
11:29:09.807809	-2.5300000000000002	-10.06	0.89	0.1	-10.27	-0.13	0.2	-10.39	-0.66	2.62	-10.33	-4.53
11:29:09.817910	-2.5	-9.8	0.8	0.02	-10.25	-0.39	0.52	-10.0	-0.58	2.22	-11.120000000000001	-5.13
11:29:09.828039	-2.44	-9.58	0.63	0.17	-10.27	-0.62	0.54	-9.89	-0.39	2.41	-10.34	-5.5200000000000005
11:29:09.838749	-2.33	-9.39	0.54	0.0	-10.25	-1.11	0.18	-9.99	-0.27	2.5500000000000003	-11.05	-5.13
11:29:09.848821	-2.18	-9.28	0.33	0.0	-10.07	-1.3800000000000001	-0.26	-10.3	-0.36	1.9000000000000001	-10.92	-4.75
11:29:09.858895	-1.99	-9.28	0.3	0.42	-10.13	-1.3800000000000001	0.02	-9.93	-0.77	1.82	-11.71	-5.4
11:29:09.868964	-1.53	-9.39	0.31	0.42	-10.13	-1.3800000000000001	-0.22	-9.73	-0.39	4.87	-11.91	-2.69
11:29:09.879100	-0.74	-9.65	0.61	0.59	-10.35	-1.32	0.39	-10.700000000000001	-1.43	4.87	-11.91	-2.69
11:29:09.889172	0.1	-11.5	1.83	0.99	-11.07	-1.22	0.74	-11.44	-2.59	4.73	-13.13	-6.140000000000001
11:29:09.899242	-0.67	-12.34	2.2600000000000002	1.61	-12.46	-1.06	0.89	-11.53	-2.44	0.71	-16.84	-3.85
11:29:09.909320	-1.48	-12.950000000000001	2.71	1.6500000000000001	-12.08	-0.97	-0.36	-12.33	-2.72	-2.0100000000000002	-15.5	-4.59
11:29:09.919398	-1.93	-13.36	2.93	1.34	-12.18	-1.24	-0.36	-12.33	-2.72	3.12	-17.5	-1.28
11:29:09.929484	-1.8	-13.31	2.79	1.1400000000000001	-12.450000000000001	-1.42	-1.84	-13.120000000000001	-2.72	1.95	-18.29	-2.14
11:29:09.939611	-1.23	-12.64	1.7	-0.51	-12.23	-1.98	-1.9100000000000001	-14.68	-2.17	-0.02	-19.94	-2.7600000000000002
11:29:09.949729	0.0	-11.55	0.44	-0.51	-12.23	-1.98	-2.08	-14.63	-1.98	-2.0	-21.87	-1.6300000000000001
11:29:09.959939	1.77	-10.46	-0.49	-2.0	-10.86	-2.33	-1.75	-15.66	-4.14	0.7000000000000001	-22.42	3.72
11:29:09.970051	4.03	-8.790000000000001	-1.71	-2.61	-9.85	-2.07	-0.44	-17.27	-5.29	4.69	-19.75	3.0700000000000003
11:29:09.980126	3.79	-8.3	-2.13	-3.22	-9.06	-0.68	1.8900000000000001	-15.48	-3.98	4.99	-13.36	-1.25
11:29:09.990806	3.2600000000000002	-8.06	-2.2600000000000002	-3.95	-9.02	-0.04	3.11	-13.44	-2.2	5.93	-9.08	-2.42
11:29:10.000896	2.2	-7.9	-2.04	-4.38	-9.35	-0.97	3.7800000000000002	-11.43	-0.15	6.15	-4.92	-3.69
11:29:10.011544	1.79	-8.03	-1.76	-4.48	-9.74	-1.05	3.8000000000000003	-9.540000000000001	4.76	5.8100000000000005	-2.9	-7.73
11:29:10.021678	1.33	-8.44	-1.37	-4.3	-10.35	-0.91	3.7600000000000002	-8.52	10.19	-4.51	-1.05	4.78
11:29:10.031826	0.91	-9.06	-0.73	-4.12	-11.42	-0.53	1.17	-9.75	11.41	-12.01	3.12	15.040000000000001
11:29:10.041945	-0.01	-10.48	0.73	-3.49	-12.8	-0.71	-0.09	-10.02	7.75	-16.76	6.2	18.01
11:29:10.052386	-0.41000000000000003	-11.02	1.36	-2.57	-13.93	0.07	-0.09	-10.02	7.75	-6.76	-5.45	10.46
11:29:10.062485	-0.78	-11.36	1.97	-2.14	-13.6	0.22	-1.1400000000000001	-10.98	3.4	6.95	-12.16	0.1
11:29:10.072752	-1.01	-11.43	2.45	-2.02	-12.64	0.18	-0.96	-7.55	5.88	1.19	-8.36	4.36
11:29:10.082935	-1.07	-10.96	2.73	-1.8900000000000001	-11.58	0.5700000000000001	0.13	-5.9	6.42	-2.71	-4.98	6.12
11:29:10.093565	-1.12	-10.39	2.36	-1.49	-10.5	0.4	0.68	-5.14	6.09	-1.73	-1.73	6.38
11:29:10.103667	-0.8	-9.9	2.0100000000000002	-1.72	-10.16	0.49	0.56	-5.33	5.65	5.03	-1.8900000000000001	5.5
11:29:10.113796	-0.68	-9.46	1.55	-0.63	-9.69	0.71	-0.05	-6.13	5.09	3.72	-5.76	3.93
11:29:10.124430	-0.2	-8.99	0.86	-0.42	-9.68	0.15	0.01	-5.76	5.49	0.84	-7.12	4.78
11:29:10.134572	-0.03	-8.92	0.39	-0.43	-9.32	-0.06	0.02	-5.87	5.65	-0.1	-8.1	3.49
11:29:10.145071	-0.03	-8.92	0.39	-0.76	-8.91	0.0	-0.9400000000000001	-5.63	5.63	1.3900000000000001	-7.7	3.71
11:29:10.155339	-0.09	-8.93	0.26	-0.9400000000000001	-8.51	-0.22	-1.21	-6.0	5.46	1.58	-6.87	3.99
11:29:10.165456	-0.19	-8.88	0.26	-1.42	-7.51	-1.33	-1.01	-5.75	5.41	1.31	-7.51	3.61
11:29:10.175526	-0.29	-8.8	0.34	-1.47	-6.84	-1.81	-1.12	-5.64	5.62	0.77	-9.52	1.27
11:29:10.185624	-0.32	-8.75	0.44	-1.8900000000000001	-6.49	-1.83	-1.24	-6.05	5.72	1.09	-10.02	0.27
11:29:10.195691	-0.38	-8.56	0.71	-2.02	-6.36	-1.93	-1.34	-6.13	5.98	1.3	-11.06	-0.67
11:29:10.205788	-0.41000000000000003	-8.51	0.8200000000000001	-2.31	-6.1000000000000005	-0.9500000000000001	-1.57	-6.36	6.2	1.69	-12.09	-1.9000000000000001
11:29:10.215883	-0.49	-8.370000000000001	0.85	-2.12	-6.41	-0.93	-3.08	-7.44	5.87	3.66	-12.73	-4.24
11:29:10.225981	-0.43	-8.34	0.91	-2.54	-6.49	-0.45	-3.66	-8.290000000000001	5.97	4.64	-12.94	-4.91
11:29:10.236065	-0.45	-8.32	0.8200000000000001	-2.56	-6.54	-0.34	-2.91	-8.63	6.0600000000000005	5.2	-13.09	-4.92
11:29:10.246150	-0.41000000000000003	-8.41	0.73	-2.71	-6.44	-0.6900000000000001	-0.63	-9.48	5.43	5.29	-13.36	-5.5200000000000005
11:29:10.256236	-0.42	-8.47	0.61	-2.45	-6.42	-0.9	0.27	-9.450000000000001	5.16	5.3500000000000005	-14.38	-7.0200000000000005
11:29:10.266309	-0.42	-8.6	0.46	-2.0100000000000002	-6.5600000000000005	-1.32	0.58	-9.540000000000001	4.83	5.03	-14.81	-7.890000000000001
11:29:10.276390	-0.54	-8.78	0.22	-1.76	-6.74	-1.79	0.37	-9.58	4.66	4.7	-14.67	-7.82
11:29:10.286966	-0.62	-8.84	0.19	-0.87	-7.1000000000000005	-2.77	-0.01	-9.84	4.42	4.6000000000000005	-15.290000000000001	-9.16
11:29:10.297072	-0.71	-8.89	0.21	-0.38	-7.41	-3.47	0.0	-10.17	4.3500000000000005	4.62	-15.1	-9.59
11:29:10.307142	-0.75	-8.9	0.26	0.02	-7.6000000000000005	-4.09	-0.32	-10.5	4.4	4.72	-14.05	-9.33
11:29:10.317324	-0.6900000000000001	-8.92	0.39	0.28	-7.62	-4.37	-1.1300000000000001	-10.32	4.14	4.5	-13.89	-9.41
11:29:10.327988	-0.72	-8.92	0.54	0.71	-7.8	-4.66	-1.41	-10.5	3.73	3.77	-14.51	-10.59
11:29:10.338085	-0.81	-8.98	0.7000000000000001	0.96	-8.17	-4.73	-1.16	-10.370000000000001	3.48	3.61	-14.26	-11.36
11:29:10.348206	-0.92	-9.06	0.8	1.31	-8.5	-4.74	-0.87	-9.93	3.12	3.04	-14.1	-11.74
11:29:10.358322	-1.0	-9.3	0.92	1.5	-8.65	-4.32	-0.43	-9.76	2.34	2.5100000000000002	-14.39	-12.24
11:29:10.369053	-0.98	-9.48	0.98	1.54	-8.91	-4.0	-0.55	-10.09	1.93	2.24	-12.450000000000001	-14.530000000000001
11:29:10.379124	-0.93	-9.66	1.03	1.51	-9.31	-4.21	-0.67	-9.89	1.86	2.24	-12.450000000000001	-14.530000000000001
11:29:10.389196	-0.86	-9.96	1.03	1.23	-9.950000000000001	-5.03	-0.67	-9.43	1.1500000000000001	2.22	-11.83	-14.69
11:29:10.399285	-0.87	-10.14	1.03	0.67	-10.21	-5.2	-0.59	-9.03	1.06	2.35	-10.93	-15.38
11:29:10.409373	-0.9	-10.34	1.06	0.37	-10.16	-5.11	-0.52	-8.870000000000001	0.86	2.19	-10.05	-15.47
11:29:10.419460	-1.05	-10.33	0.93	0.24	-10.06	-5.0	-0.59	-8.44	0.77	2.0300000000000002	-9.21	-15.57
11:29:10.429551	-1.24	-10.52	1.06	0.13	-9.84	-4.79	-0.74	-7.7700000000000005	0.32	1.86	-9.01	-15.41
11:29:10.440102	-1.3	-10.73	1.1	0.14	-9.790000000000001	-4.78	-0.45	-7.83	0.2	1.75	-8.81	-14.8
11:29:10.450209	-1.34	-10.86	1.11	0.16	-9.790000000000001	-4.65	-0.18	-8.11	0.46	1.49	-9.05	-14.19
11:29:10.460369	-1.49	-11.07	1.1300000000000001	0.14	-9.86	-4.48	0.23	-8.35	0.67	1.59	-9.03	-13.63
11:29:10.471005	-1.69	-11.200000000000001	1.21	0.15	-9.78	-4.33	0.35000000000000003	-8.55	1.37	0.99	-8.97	-11.870000000000001
11:29:10.481125	-1.8	-11.17	1.27	0.09	-9.620000000000001	-4.37	0.38	-8.53	1.72	1.5	-11.07	-10.32
11:29:10.491234	-1.86	-11.07	1.29	0.14	-9.27	-4.0	0.48	-8.91	2.15	4.09	-14.23	-12.69
11:29:10.501335	-1.95	-10.99	1.26	0.16	-9.03	-3.7600000000000002	0.42	-9.05	2.44	0.7000000000000001	-4.8	-9.4
11:29:10.511954	-2.02	-10.66	1.32	0.13	-8.120000000000001	-3.14	0.18	-8.72	3.0300000000000002	-0.86	-3.87	-6.0200000000000005
11:29:10.522357	-2.04	-10.370000000000001	1.21	0.03	-7.47	-2.72	-0.41000000000000003	-9.51	2.31	3.3200000000000003	-9.78	-2.54
11:29:10.532471	-2.0300000000000002	-10.11	1.12	-0.38	-7.5200000000000005	-2.54	-0.29	-12.92	-2.57	1.77	-18.41	8.82
11:29:10.542545	-1.61	-9.89	1.0	-0.78	-9.48	-2.22	-0.52	-17.01	-11.950000000000001	13.290000000000001	-23.14	6.2700000000000005
11:29:10.553024	0.18	-11.24	0.46	-1.33	-13.89	-1.92	-2.0100000000000002	-18.25	-11.08	11.22	-10.11	-10.28
11:29:10.563102	0.45	-12.620000000000001	-0.31	-1.18	-14.31	-2.73	1.57	-12.450000000000001	0.33	5.49	-3.38	-11.49
11:29:10.573174	0.52	-13.44	-1.06	-0.33	-14.44	-4.53	0.0	-11.66	3.19	-4.86	-7.55	-8.2
11:29:10.583258	0.45	-13.89	-2.18	-0.42	-13.51	-4.08	-2.85	-11.05	3.94	1.49	-10.700000000000001	1.3800000000000001
11:29:10.593324	0.56	-13.05	-2.24	-1.26	-11.620000000000001	-3.75	-2.88	-8.88	0.31	5.79	-9.26	-4.88
11:29:10.603415	0.8	-12.09	-1.96	-2.23	-10.48	-4.44	-0.5700000000000001	-7.930000000000001	2.1	1.34	-6.63	-3.0700000000000003
11:29:10.613515	0.9400000000000001	-11.15	-1.5	-2.9	-8.86	-4.03	1.48	-8.91	1.98	-1.49	-7.03	2.62
11:29:10.623602	0.29	-9.56	-0.32	-3.49	-7.05	-1.51	2.23	-10.17	1.67	1.49	-9.64	-2.7600000000000002
11:29:10.633726	-0.06	-9.02	0.38	-3.36	-6.32	0.88	2.59	-10.44	2.11	1.55	-8.2	-1.92
11:29:10.644407	-0.23	-8.78	1.01	-2.62	-6.42	1.4000000000000001	1.04	-10.46	2.06	1.6	-7.97	1.19
11:29:10.654522	-0.35000000000000003	-8.89	1.8800000000000001	-1.61	-7.09	1.84	-0.35000000000000003	-10.46	1.86	1.2	-10.58	-4.25
11:29:10.664639	-0.16	-8.91	1.82	-0.48	-8.14	2.13	-0.66	-8.83	1.24	1.1400000000000001	-11.61	-2.54
11:29:10.675360	0.25	-8.89	1.56	2.13	-9.9	1.09	-0.96	-8.6	1.22	0.28	-9.75	-2.42
11:29:10.685547	0.75	-8.82	1.24	3.31	-10.6	0.19	-0.85	-9.38	1.02	-0.04	-8.74	0.81
11:29:10.695622	1.8900000000000001	-8.94	0.43	4.04	-10.97	0.03	-0.41000000000000003	-9.76	0.84	2.42	-9.3	-3.72
11:29:10.705701	2.11	-9.120000000000001	-0.1	3.77	-11.040000000000001	-0.07	1.43	-10.03	0.99	1.27	-8.67	-3.04
11:29:10.715770	1.97	-9.28	-0.6	1.47	-9.97	0.43	1.78	-10.120000000000001	0.66	1.61	-8.84	-2.48
11:29:10.725844	1.75	-9.39	-1.08	0.4	-9.55	0.35000000000000003	2.0100000000000002	-10.17	-0.61	1.57	-9.290000000000001	0.53
11:29:10.735962	1.25	-9.65	-1.84	-0.24	-9.370000000000001	0.0	2.14	-9.9	-0.98	1.47	-10.450000000000001	-3.66
11:29:10.746043	1.1300000000000001	-9.71	-2.1	-0.9500000000000001	-9.290000000000001	-0.61	2.42	-9.97	-0.4	1.26	-9.17	-3.59
11:29:10.756114	0.96	-9.73	-2.22	-1.17	-9.35	-2.09	2.08	-9.96	0.32	1.25	-8.9	-3.13
11:29:10.766185	0.55	-9.5	-1.8900000000000001	-1.07	-8.950000000000001	-2.31	1.6500000000000001	-9.91	0.28	1.24	-10.31	-2.43
11:29:10.776288	0.3	-9.39	-1.56	-1.09	-8.99	-2.0100000000000002	0.62	-9.94	0.4	0.9500000000000001	-9.950000000000001	-2.86
11:29:10.786360	0.07	-9.3	-1.25	-1.01	-9.4	-1.43	0.52	-9.94	0.8300000000000001	0.71	-9.040000000000001	-2.96
11:29:10.796439	-0.1	-9.19	-0.9400000000000001	-0.76	-9.44	-1.09	0.46	-9.790000000000001	0.98	0.7000000000000001	-9.540000000000001	-1.6
11:29:10.806511	-0.33	-9.06	-0.4	-0.71	-9.44	-0.97	0.56	-9.75	0.15	1.4000000000000001	-9.78	-3.25
11:29:10.816601	-0.35000000000000003	-9.040000000000001	-0.17	-0.49	-9.33	-0.8300000000000001	1.02	-9.68	0.29	1.32	-8.99	-2.6
11:29:10.826675	-0.37	-8.97	0.01	-0.13	-9.1	-0.55	1.1500000000000001	-9.49	0.4	1.54	-8.52	-3.74
11:29:10.836761	-0.33	-8.9	0.13	0.23	-9.18	-0.31	0.99	-9.26	0.52	1.75	-8.8	-0.51
11:29:10.846844	-0.17	-8.84	0.28	0.39	-9.52	-0.17	0.47000000000000003	-9.83	-0.04	1.81	-9.39	-3.66
11:29:10.856933	-0.12	-8.94	0.26	0.6	-9.66	-0.16	0.74	-9.78	-0.05	1.87	-8.77	-3.29
11:29:10.867005	-0.18	-9.05	0.15	1.08	-9.61	-0.26	0.65	-9.700000000000001	-0.16	1.84	-8.91	-3.33
11:29:10.877073	-0.2	-9.13	0.0	1.19	-9.52	-0.37	0.59	-9.72	-0.24	1.62	-9.63	-0.47000000000000003
11:29:10.887609	-0.46	-9.16	-0.27	1.29	-9.67	-0.56	1.23	-9.52	-0.39	1.31	-9.57	-3.29
11:29:10.897709	-0.45	-9.19	-0.4	1.37	-9.41	-0.51	1.9100000000000001	-9.34	-0.5700000000000001	1.03	-9.64	-3.43
11:29:10.907859	-0.58	-9.1	-0.52	1.19	-9.16	-0.6900000000000001	1.61	-9.370000000000001	-0.05	1.23	-9.05	-3.2600000000000002
11:29:10.918423	-0.62	-9.02	-0.5700000000000001	1.27	-9.32	-0.96	1.1400000000000001	-9.83	0.48	1.87	-9.73	-3.2600000000000002
11:29:10.928548	-0.65	-8.94	-0.48	1.09	-9.48	-0.97	1.12	-9.75	0.5700000000000001	1.7	-9.03	-4.0600000000000005
11:29:10.938646	-0.59	-8.97	-0.33	0.93	-9.620000000000001	-0.8300000000000001	1.0	-9.56	0.62	1.62	-9.0	-4.16
11:29:10.949383	-0.63	-9.040000000000001	-0.17	0.32	-9.55	-0.55	0.22	-9.94	1.24	2.04	-9.03	-2.02
11:29:10.959647	-0.62	-9.06	0.19	-0.25	-9.74	-0.51	0.12	-10.17	1.02	1.85	-9.89	-4.48
11:29:10.969720	-0.67	-9.15	0.27	-0.64	-9.52	-0.39	0.39	-9.950000000000001	1.04	1.76	-9.07	-4.61
11:29:10.979909	-0.7000000000000001	-9.23	0.32	-1.03	-9.46	-0.58	-0.04	-9.65	1.32	1.76	-9.07	-4.61
11:29:10.990445	-0.72	-9.23	0.32	-1.11	-9.51	-0.68	-0.32	-9.97	1.67	1.8	-9.56	-4.8
11:29:11.000560	-0.67	-9.17	0.18	-1.1400000000000001	-9.49	-0.59	-0.33	-10.39	1.1	1.8	-9.56	-4.8
11:29:11.010627	-0.62	-9.19	0.06	-1.07	-9.38	-0.32	0.06	-9.85	1.43	1.6400000000000001	-9.35	-4.99
11:29:11.020752	-0.54	-9.24	-0.1	-1.53	-9.47	0.07	0.5700000000000001	-9.56	2.0100000000000002	1.95	-9.26	-1.57
11:29:11.030922	-0.47000000000000003	-9.26	-0.22	-1.46	-9.61	0.0	0.66	-10.200000000000001	0.8	1.71	-9.72	-4.68
11:29:11.041480	-0.38	-9.370000000000001	-0.4	-1.43	-9.71	0.35000000000000003	0.66	-10.200000000000001	0.8	1.42	-9.84	-4.39
11:29:11.051653	-0.32	-9.52	-0.47000000000000003	-1.32	-9.84	0.8300000000000001	0.6	-10.23	1.49	1.9000000000000001	-9.78	-4.51
11:29:11.061718	-0.28	-9.65	-0.47000000000000003	-0.97	-10.25	0.76	0.43	-10.83	0.91	2.25	-10.65	-4.13
11:29:11.071785	-0.29	-9.84	-0.44	-0.84	-10.620000000000001	0.79	0.6	-10.57	1.45	1.84	-10.82	-4.88
11:29:11.081959	-0.3	-10.16	-0.37	-0.48	-10.6	0.66	0.59	-10.46	2.48	1.84	-10.82	-4.88
11:29:11.092248	-0.32	-10.33	-0.28	-0.76	-10.8	0.7000000000000001	0.76	-11.03	1.97	0.49	-10.76	-4.44
11:29:11.102529	-0.43	-10.620000000000001	-0.25	-0.97	-10.67	0.1	0.48	-11.46	1.34	3.1	-10.92	-4.8
11:29:11.112635	-0.78	-10.69	0.02	-1.08	-10.56	-0.03	0.25	-10.870000000000001	1.37	2.21	-10.41	-5.04
11:29:11.122803	-0.96	-10.81	0.03	-1.01	-10.46	0.0	0.52	-10.41	1.33	2.2	-10.96	-5.49
11:29:11.133388	-1.19	-10.950000000000001	0.17	-1.0	-10.39	-0.44	0.52	-10.41	1.33	3.52	-9.9	-3.64
11:29:11.143436	-1.41	-10.870000000000001	0.27	-0.72	-10.49	-0.34	-0.34	-11.01	0.64	3.52	-10.65	-4.75
11:29:11.153545	-1.74	-10.790000000000001	0.42	-0.81	-10.620000000000001	0.03	0.18	-10.13	0.49	2.95	-10.63	-5.34
11:29:11.163626	-1.85	-10.84	0.53	-0.47000000000000003	-10.49	-0.04	0.2	-10.14	0.97	3.18	-10.53	-6.22
11:29:11.174301	-2.05	-10.64	0.54	-0.38	-10.51	-0.67	-0.04	-10.700000000000001	0.17	2.96	-10.18	-2.95
11:29:11.184375	-2.16	-10.5	0.53	0.06	-10.56	-0.79	-0.23	-10.76	0.09	2.96	-10.18	-2.95
11:29:11.194504	-2.12	-10.15	0.41000000000000003	0.06	-10.5	-0.72	0.25	-9.950000000000001	0.25	1.97	-10.99	-5.5
11:29:11.204648	-1.82	-9.82	0.28	0.16	-10.450000000000001	-0.75	0.27	-9.950000000000001	0.25	2.06	-10.83	-6.08
11:29:11.214756	-1.6	-9.86	0.23	0.36	-10.3	-0.99	0.01	-10.42	-0.33	2.34	-11.06	-2.32
11:29:11.224927	-0.47000000000000003	-10.15	0.41000000000000003	0.53	-10.57	-0.8300000000000001	1.58	-10.57	-1.6500000000000001	3.5	-12.23	-5.19
11:29:11.235018	0.28	-10.72	0.98	0.86	-11.33	-0.72	1.54	-10.56	-1.3800000000000001	3.99	-12.05	-7.17
11:29:11.245286	0.28	-10.72	0.98	1.07	-12.17	-0.31	0.9500000000000001	-11.200000000000001	-1.1	1.75	-13.77	-5.25
11:29:11.255745	-0.1	-12.23	2.05	0.98	-11.88	-0.24	0.4	-12.06	-2.17	0.11	-12.49	-3.5500000000000003
11:29:11.265816	-1.77	-12.73	2.63	0.74	-12.0	-0.53	-0.35000000000000003	-10.89	-2.29	2.74	-14.35	-5.54
11:29:11.275888	-2.47	-12.64	2.38	0.5	-11.97	-0.66	-1.74	-11.25	-2.07	2.47	-16.15	-4.43
11:29:11.285958	-2.5300000000000002	-12.280000000000001	1.8900000000000001	0.08	-11.82	-0.93	-2.12	-12.11	-2.62	2.47	-16.15	-4.43
11:29:11.296075	-1.81	-11.65	1.32	-0.87	-11.25	-1.6	-2.15	-12.9	-1.98	-0.4	-16.26	-0.48
11:29:11.306153	1.31	-10.16	-0.06	-1.45	-11.13	-2.0100000000000002	-1.77	-13.0	-1.4000000000000001	-0.87	-18.22	-1.95
11:29:11.316220	2.57	-9.55	-0.78	-1.77	-10.81	-2.37	-1.34	-12.98	-2.46	-0.72	-19.81	-1.79
11:29:11.326292	3.5500000000000003	-9.06	-1.29	-2.11	-10.43	-2.66	-1.18	-13.950000000000001	-3.02	1.67	-20.76	2.87
11:29:11.336376	3.43	-8.3	-1.86	-2.7800000000000002	-9.26	-1.93	-1.18	-13.950000000000001	-3.02	2.74	-18.5	3.77
11:29:11.346471	2.94	-8.18	-1.77	-2.8000000000000003	-9.23	-2.14	1.99	-14.11	-4.15	4.3100000000000005	-14.24	2.0
11:29:11.356600	2.46	-8.16	-1.69	-2.68	-8.8	-1.54	3.04	-12.35	-2.3000000000000003	4.92	-11.88	-1.52
11:29:11.367298	2.15	-8.22	-1.45	-3.44	-8.65	-0.28	4.34	-8.85	1.81	4.92	-11.88	-1.52
11:29:11.377451	1.79	-8.28	-0.5700000000000001	-3.35	-9.43	-1.09	4.34	-8.85	1.81	4.92	-11.88	-1.52
11:29:11.387523	1.45	-8.53	-0.02	-3.37	-9.49	-0.7000000000000001	2.32	-8.68	10.67	1.73	-2.46	-3.83
11:29:11.397598	1.08	-8.91	0.56	-2.89	-10.15	-0.52	0.84	-9.99	10.92	-3.81	-2.63	5.18
11:29:11.407673	0.65	-9.370000000000001	1.06	-2.85	-11.67	-0.63	0.16	-11.200000000000001	5.63	-3.81	-2.63	5.18
11:29:11.417743	-0.03	-10.35	2.0	-2.83	-13.280000000000001	0.05	0.16	-11.63	3.25	-5.09	-6.890000000000001	7.65
11:29:11.427810	-0.27	-10.73	2.34	-2.64	-13.23	0.04	-0.19	-12.01	2.31	5.05	-14.83	2.75
11:29:11.437902	-0.46	-10.89	2.43	-2.62	-12.61	0.27	-0.13	-8.57	5.23	1.54	-6.74	4.9
11:29:11.447975	-0.58	-10.83	2.37	-1.96	-11.8	0.48	0.62	-7.13	5.57	-0.58	-3.88	5.11
11:29:11.458319	-0.47000000000000003	-10.28	1.85	-1.1400000000000001	-10.35	0.42	1.12	-6.84	5.84	1.75	-2.38	6.03
11:29:11.468402	-0.39	-10.07	1.51	-0.88	-10.25	0.18	1.23	-6.94	5.97	1.09	-6.12	5.15
11:29:11.479035	-0.05	-9.81	1.29	-0.73	-9.96	-0.09	0.38	-6.51	5.7	1.09	-6.12	5.15
11:29:11.489428	0.0	-9.620000000000001	1.01	-0.68	-9.89	-0.59	0.25	-6.8	5.08	-1.69	-6.79	5.6000000000000005
11:29:11.499534	0.14	-9.35	0.64	-0.71	-9.72	-0.64	-0.07	-6.73	5.17	-1.49	-8.57	4.17
11:29:11.509645	0.17	-9.25	0.53	-0.58	-9.35	-0.59	-0.07	-6.73	5.17	-0.12	-8.94	3.5
11:29:11.520344	0.21	-9.15	0.4	-1.43	-8.43	-0.75	-0.07	-6.73	5.17	0.28	-6.84	3.79
11:29:11.530445	0.22	-8.99	0.37	-1.45	-7.82	-1.09	-0.71	-6.390000000000001	5.91	0.14	-9.21	1.53
11:29:11.540552	0.15	-8.84	0.41000000000000003	-2.2	-7.53	-1.34	-1.17	-6.44	5.89	0.14	-9.8	0.78
11:29:11.551081	0.02	-8.77	0.47000000000000003	-2.37	-7.22	-1.47	-1.97	-6.72	6.15	0.37	-10.39	-0.44
11:29:11.561163	-0.07	-8.74	0.64	-2.61	-6.92	-1.08	-2.72	-6.95	6.62	0.37	-10.39	-0.44
11:29:11.571254	-0.26	-8.68	0.8300000000000001	-2.86	-6.87	-0.8200000000000001	-2.72	-6.95	6.62	1.1400000000000001	-12.030000000000001	-2.19
11:29:11.581538	-0.33	-8.66	0.93	-2.9	-6.8100000000000005	-0.61	-3.5700000000000003	-8.32	6.0200000000000005	2.85	-12.81	-3.7600000000000002
11:29:11.591670	-0.25	-8.69	0.99	-2.95	-6.93	-0.49	-2.42	-8.540000000000001	5.92	3.31	-12.85	-4.13
11:29:11.601761	-0.35000000000000003	-8.700000000000001	1.08	-2.9	-6.79	-0.6900000000000001	-0.35000000000000003	-8.9	5.43	3.72	-13.05	-4.53
11:29:11.611984	-0.42	-8.68	1.02	-2.66	-6.76	-1.12	0.18	-9.24	5.0200000000000005	4.17	-13.31	-5.5600000000000005
11:29:11.622052	-0.35000000000000003	-8.620000000000001	0.91	-2.41	-6.55	-1.27	0.62	-8.8	4.61	5.01	-13.71	-6.92
11:29:11.632157	-0.37	-8.65	0.81	-2.0300000000000002	-6.5600000000000005	-1.56	0.66	-8.99	4.23	5.47	-13.26	-6.99
11:29:11.642253	-0.35000000000000003	-8.59	0.64	-1.3	-6.84	-2.2600000000000002	0.49	-9.11	4.54	5.94	-13.15	-6.95
11:29:11.652340	-0.26	-8.55	0.3	-0.87	-7.140000000000001	-2.86	0.23	-9.58	4.45	6.05	-13.89	-7.7700000000000005
11:29:11.662415	-0.21	-8.55	0.21	-0.7000000000000001	-7.3100000000000005	-3.18	-0.28	-9.88	4.65	5.94	-13.46	-8.07
11:29:11.672621	-0.22	-8.58	0.16	-0.33	-7.51	-3.63	-1.12	-10.39	4.34	5.43	-13.57	-8.21
11:29:11.682837	-0.21	-8.67	0.18	0.21	-7.73	-4.41	-1.21	-10.39	3.89	5.43	-13.57	-8.21
11:29:11.693543	-0.46	-8.99	0.34	0.21	-7.54	-4.46	-1.06	-10.34	3.79	5.43	-13.57	-8.21
11:29:11.703761	-0.63	-9.14	0.53	0.21	-7.54	-4.46	-1.06	-10.34	3.79	5.43	-13.57	-8.21
11:29:11.713844	-0.71	-9.26	0.8200000000000001	0.6900000000000001	-7.94	-4.61	-0.27	-10.38	3.49	3.93	-13.36	-9.92
11:29:11.723925	-0.86	-9.53	1.26	1.3800000000000001	-8.5	-3.48	-0.29	-10.26	2.67	3.93	-13.36	-9.92
11:29:11.734034	-0.9	-9.63	1.51	1.36	-8.84	-3.41	-0.76	-10.24	2.42	2.2600000000000002	-13.530000000000001	-12.19
11:29:11.744108	-0.98	-9.73	1.68	1.23	-9.19	-3.52	-1.24	-10.24	1.92	2.4	-13.280000000000001	-12.68
11:29:11.754210	-0.97	-9.84	1.82	1.24	-9.450000000000001	-3.71	-1.56	-9.83	1.8	2.56	-12.950000000000001	-13.33
11:29:11.764324	-0.87	-10.11	1.93	0.78	-9.870000000000001	-3.98	-1.7	-9.67	1.62	2.64	-12.39	-13.97
11:29:11.774389	-0.87	-10.31	1.8900000000000001	0.46	-10.07	-4.17	-1.7	-9.67	1.62	1.85	-10.9	-14.55
11:29:11.784464	-0.8300000000000001	-10.370000000000001	1.81	0.09	-10.13	-4.24	-1.58	-8.24	0.67	1.24	-10.49	-14.9
11:29:11.794566	-0.96	-10.42	1.71	-0.19	-10.28	-4.49	-1.58	-8.24	0.67	1.4000000000000001	-10.1	-15.200000000000001
11:29:11.804669	-0.8300000000000001	-10.63	1.3900000000000001	-0.1	-10.31	-4.79	-0.85	-7.82	0.51	1.83	-9.38	-15.32
11:29:11.814783	-0.81	-10.82	1.26	-0.16	-10.22	-4.92	-0.24	-8.18	0.35000000000000003	2.5	-8.93	-15.05
11:29:11.824853	-0.98	-10.96	1.1	-0.11	-10.24	-5.2700000000000005	-0.02	-8.36	0.37	2.62	-9.16	-14.8
11:29:11.834958	-1.02	-11.01	0.9500000000000001	-0.3	-10.35	-5.11	0.06	-8.51	0.54	2.3000000000000003	-9.33	-14.33
11:29:11.845062	-1.08	-11.040000000000001	0.64	-0.36	-10.35	-5.24	0.13	-8.56	0.72	1.87	-9.13	-12.92
11:29:11.855165	-1.19	-11.1	0.59	-0.53	-10.05	-5.01	0.33	-8.49	1.1	1.87	-9.13	-12.92
11:29:11.865247	-1.29	-10.91	0.49	-0.64	-9.68	-4.46	0.39	-8.65	1.26	1.87	-9.13	-12.92
11:29:11.875313	-1.33	-10.88	0.61	-0.64	-9.08	-3.6	0.38	-8.76	1.59	3.8000000000000003	-12.700000000000001	-9.61
11:29:11.885392	-1.3800000000000001	-10.53	0.75	-0.51	-8.81	-3.31	-0.05	-9.02	1.99	1.47	-4.36	-8.23
11:29:11.895493	-1.3900000000000001	-10.34	0.77	-0.51	-8.49	-3.02	-0.05	-9.02	1.99	-0.03	-4.97	-4.15
11:29:11.905562	-1.49	-10.17	0.87	-0.32	-8.24	-2.93	-0.81	-9.31	2.2800000000000002	-0.03	-4.97	-4.15
11:29:11.915649	-1.46	-9.82	0.99	-0.48	-7.99	-2.25	-0.81	-11.09	0.76	5.15	-15.38	6.51
11:29:11.925765	-0.77	-10.01	1.02	-0.66	-9.68	-1.67	-0.79	-17.47	-11.56	5.15	-15.38	6.51
11:29:11.936466	-0.07	-10.78	0.8300000000000001	-0.72	-11.74	-1.21	-1.48	-17.03	-8.44	5.15	-15.38	6.51
11:29:11.946545	0.11	-11.83	0.31	-1.16	-12.280000000000001	-0.66	0.56	-13.38	-2.07	12.530000000000001	-18.05	-11.96
11:29:11.957031	0.72	-13.040000000000001	-1.29	-1.18	-11.81	-2.17	-0.04	-9.82	3.3200000000000003	0.89	-5.21	-19.18
11:29:11.967113	0.87	-12.77	-1.59	-1.18	-11.81	-2.17	-2.74	-10.4	2.17	0.89	-5.21	-19.18
11:29:11.977180	1.05	-12.24	-1.61	-0.64	-12.83	-2.59	-4.38	-10.450000000000001	0.21	3.96	-10.09	3.2800000000000002
11:29:11.987296	0.8200000000000001	-10.5	-1.02	0.16	-13.71	-4.4	-4.21	-9.48	1.48	3.96	-10.09	3.2800000000000002
11:29:11.997462	0.58	-9.74	-0.51	-1.55	-9.5	-4.44	-0.08	-9.23	0.44	3.96	-10.09	3.2800000000000002
11:29:12.007569	0.34	-9.17	0.04	-4.38	-7.04	-0.07	1.37	-9.38	0.59	3.96	-10.09	3.2800000000000002
11:29:12.017674	0.25	-8.99	0.62	-4.18	-7.3500000000000005	-0.3	3.04	-9.83	0.53	-0.25	-6.88	-0.65
11:29:12.027738	0.17	-9.15	1.1400000000000001	-1.86	-7.19	0.22	0.81	-10.64	0.77	-0.25	-6.88	-0.65
11:29:12.037863	0.17	-9.11	1.31	-0.6	-7.96	0.8300000000000001	0.81	-10.64	0.77	2.33	-11.57	-3.81
11:29:12.047964	0.31	-9.01	1.3900000000000001	0.35000000000000003	-8.68	1.3900000000000001	-0.08	-9.200000000000001	0.89	2.33	-11.57	-3.81
11:29:12.058076	0.53	-8.96	1.36	1.52	-9.61	1.08	-0.92	-8.73	1.07	2.33	-11.57	-3.81
11:29:12.068559	1.1300000000000001	-8.86	0.97	3.27	-10.63	0.12	-0.42	-9.15	1.6300000000000001	2.33	-11.57	-3.81
11:29:12.078824	1.4000000000000001	-8.82	0.73	3.1	-10.27	0.38	1.24	-9.46	1.4000000000000001	1.85	-7.92	-2.87
11:29:12.088898	1.6400000000000001	-8.89	0.41000000000000003	2.2	-9.85	0.77	1.24	-9.46	1.4000000000000001	0.98	-7.26	-1.9100000000000001
11:29:12.099556	1.53	-9.27	-0.29	1.12	-9.63	0.88	1.52	-10.68	-1.11	0.98	-7.26	-1.9100000000000001
11:29:12.110970	1.33	-9.51	-0.6900000000000001	-0.32	-9.67	0.59	1.95	-10.27	-0.56	1.96	-11.01	-2.7
11:29:12.121643	1.19	-9.69	-1.06	-0.34	-9.57	0.2	2.23	-9.98	0.24	1.96	-11.01	-2.7
11:29:12.131761	1.02	-9.82	-1.3900000000000001	-0.56	-9.43	-0.51	1.2	-9.82	0.84	1.33	-9.4	-3.97
11:29:12.141833	0.85	-9.8	-1.79	-0.98	-9.42	-1.71	0.53	-9.84	0.54	0.79	-8.85	-2.27
11:29:12.152427	0.8	-9.78	-1.77	-1.1	-9.3	-1.85	0.27	-9.72	0.73	0.79	-8.85	-2.27
11:29:12.162542	0.6900000000000001	-9.74	-1.61	-1.09	-9.4	-1.37	0.39	-10.11	0.84	0.79	-8.85	-2.27
11:29:12.172672	0.53	-9.76	-1.3800000000000001	-1.5	-9.700000000000001	-1.21	0.32	-10.49	0.11	0.91	-9.97	-1.48
11:29:12.182747	0.03	-9.64	-0.9500000000000001	-1.83	-9.44	-0.75	0.38	-10.38	-0.11	0.91	-9.97	-1.48
11:29:12.192989	-0.1	-9.49	-0.75	-1.74	-9.22	-0.37	0.73	-9.76	-0.08	0.91	-9.97	-1.48
11:29:12.203544	-0.1	-9.290000000000001	-0.56	-1.37	-9.07	-0.5	0.73	-9.76	-0.08	1.0	-9.14	-3.5300000000000002
11:29:12.214218	-0.04	-9.14	-0.34	-1.09	-9.01	-0.52	1.18	-9.22	-0.33	1.09	-9.68	-0.79
11:29:12.224333	0.06	-8.82	-0.11	0.0	-9.51	-0.48	1.22	-9.42	-0.63	1.83	-8.88	-3.06
11:29:12.234398	0.19	-8.74	-0.03	0.4	-9.67	-0.47000000000000003	1.17	-9.73	-0.64	1.6600000000000001	-8.96	-2.61
11:29:12.244473	0.26	-8.73	-0.1	0.66	-9.64	-0.37	1.21	-9.63	-0.49	1.6600000000000001	-8.96	-2.61
11:29:12.254549	0.27	-8.77	-0.14	0.87	-9.5	-0.19	0.89	-9.64	-0.61	1.56	-9.68	-3.23
11:29:12.264616	0.11	-8.82	-0.35000000000000003	1.11	-9.56	-0.02	0.51	-9.53	-0.5	1.56	-9.68	-3.23
11:29:12.274696	0.04	-8.870000000000001	-0.4	1.5	-9.870000000000001	-0.47000000000000003	0.56	-9.46	-0.56	1.26	-9.31	-3.69
11:29:12.285117	-0.03	-8.92	-0.48	1.33	-9.67	-0.22	1.49	-9.41	-0.76	1.26	-9.31	-3.69
11:29:12.295194	-0.21	-9.19	-0.45	1.27	-9.67	-0.38	1.43	-9.6	-0.86	1.26	-9.31	-3.69
11:29:12.305295	-0.25	-9.25	-0.39	1.1	-9.700000000000001	-0.67	1.17	-9.92	-1.2	1.62	-9.33	-2.85
11:29:12.315417	-0.29	-9.32	-0.31	0.74	-9.58	-0.8300000000000001	1.42	-9.39	-0.98	1.62	-9.33	-2.85
11:29:12.325498	-0.41000000000000003	-9.42	-0.16	0.55	-9.63	-0.8200000000000001	1.56	-9.24	-1.02	1.61	-9.75	-1.6300000000000001
11:29:12.335583	-0.53	-9.32	0.14	0.28	-9.69	-0.93	1.47	-9.65	-0.84	1.61	-9.75	-1.6300000000000001
11:29:12.345666	-0.55	-9.32	0.29	0.04	-9.66	-1.12	1.19	-9.950000000000001	-0.34	1.36	-9.35	-3.0100000000000002
11:29:12.355739	-0.5700000000000001	-9.26	0.44	-0.15	-9.57	-1.09	0.56	-9.57	0.11	1.36	-9.35	-3.0100000000000002
11:29:12.365811	-0.53	-9.16	0.5700000000000001	-0.2	-9.53	-1.04	-0.21	-9.49	1.11	2.32	-9.950000000000001	-2.19
11:29:12.375898	-0.53	-9.16	0.5700000000000001	-0.33	-9.63	-0.9400000000000001	-0.65	-9.78	1.37	2.0	-9.790000000000001	-4.91
11:29:12.385962	-0.49	-9.23	0.49	-0.63	-9.540000000000001	-0.74	-0.04	-9.91	0.62	1.6500000000000001	-9.32	-4.5
11:29:12.396031	-0.43	-9.3	0.26	-0.96	-9.44	-0.37	0.2	-9.49	1.3800000000000001	1.82	-8.92	-3.7800000000000002
11:29:12.406125	-0.43	-9.3	0.26	-1.24	-9.36	-0.08	0.15	-9.42	2.37	2.14	-9.74	-3.7
11:29:12.416197	-0.38	-9.26	0.05	-1.45	-9.33	-0.02	-0.23	-10.19	1.7	1.53	-9.25	-4.3
11:29:12.426301	-0.45	-9.26	-0.16	-1.71	-9.31	0.56	0.33	-9.55	1.04	1.34	-9.63	-4.3500000000000005
11:29:12.436422	-0.45	-9.26	-0.16	-1.68	-9.39	0.72	0.33	-9.55	1.04	1.69	-9.38	-3.81
11:29:12.446535	-0.32	-9.42	-0.29	-1.59	-9.56	0.77	0.8200000000000001	-9.73	1.6500000000000001	2.09	-9.94	-4.07
11:29:12.456635	-0.22	-9.6	-0.3	-1.01	-9.75	0.9	0.5700000000000001	-10.18	1.42	2.09	-9.94	-4.07
11:29:12.466940	-0.16	-9.77	-0.26	-0.92	-9.870000000000001	0.9400000000000001	0.89	-9.700000000000001	1.35	1.55	-9.8	-5.1000000000000005
11:29:12.477461	-0.21	-10.08	-0.17	-0.53	-10.16	0.6900000000000001	0.61	-9.71	1.95	2.31	-9.42	-3.5500000000000003
11:29:12.487527	-0.21	-10.08	-0.17	-0.72	-10.200000000000001	0.53	0.55	-10.06	2.07	2.04	-10.9	-4.71
11:29:12.497624	-0.38	-10.5	-0.07	-1.44	-10.4	0.26	0.34	-10.68	1.74	1.3	-11.620000000000001	-4.49
11:29:12.508250	-0.58	-10.71	0.01	-1.5	-10.56	0.03	0.55	-10.540000000000001	1.51	0.87	-11.290000000000001	-6.29
11:29:12.518419	-0.81	-10.81	0.15	-1.6500000000000001	-10.58	-0.49	0.22	-11.15	1.17	3.24	-10.25	-2.74
11:29:12.528556	-0.96	-10.950000000000001	0.31	-1.07	-10.63	-0.13	0.0	-10.86	1.18	3.5	-10.21	-4.62
11:29:12.538670	-1.1400000000000001	-10.9	0.42	-0.93	-10.75	0.04	0.0	-10.53	1.12	2.36	-10.94	-5.34
11:29:12.548799	-1.22	-10.9	0.53	-0.84	-10.73	0.34	-0.08	-10.48	1.52	2.87	-10.28	-5.73
11:29:12.559480	-1.33	-10.88	0.7000000000000001	-0.8300000000000001	-10.6	0.32	-0.54	-11.09	0.96	4.29	-10.13	-3.81
11:29:12.569593	-1.44	-10.75	0.73	-0.68	-10.77	0.04	-0.11	-10.58	0.64	2.81	-10.46	-5.5200000000000005
11:29:12.579688	-1.42	-10.71	0.64	-0.59	-10.76	-0.05	0.0	-10.28	0.9500000000000001	3.13	-10.61	-5.69
11:29:12.589824	-1.42	-10.56	0.5700000000000001	-0.62	-10.700000000000001	-0.26	0.1	-10.63	0.48	3.13	-10.61	-5.69
11:29:12.599926	-1.48	-10.36	0.33	-0.3	-10.450000000000001	-0.46	-0.11	-10.66	0.36	3.13	-10.61	-5.69
11:29:12.610449	-1.29	-10.22	0.16	-0.37	-10.42	-0.49	0.33	-10.040000000000001	-0.12	1.46	-11.22	-5.36
11:29:12.620614	-1.0	-10.31	0.08	-0.15	-10.6	-0.45	0.28	-9.88	0.08	3.67	-11.28	-2.7
11:29:12.631279	0.09	-10.83	0.5700000000000001	0.18	-11.22	-0.5	1.2	-10.73	-1.29	3.1	-11.65	-4.94
11:29:12.641350	0.09	-10.83	0.5700000000000001	0.18	-11.22	-0.5	1.2	-10.73	-1.29	3.1	-11.65	-4.94
11:29:12.651486	0.09	-12.15	1.41	0.38	-11.71	-0.22	1.2	-11.06	-1.6400000000000001	0.67	-13.94	-4.68
11:29:12.661557	-0.64	-12.34	1.72	0.36	-11.72	-0.58	-0.04	-10.82	-1.6400000000000001	-0.91	-13.23	-5.23
11:29:12.671688	-1.78	-12.09	1.93	0.29	-11.66	-0.75	-0.91	-11.06	-1.96	1.96	-13.93	-3.12
11:29:12.681764	-1.84	-11.73	1.68	0.24	-11.51	-0.91	-1.61	-11.53	-2.2600000000000002	1.1300000000000001	-14.81	-3.63
11:29:12.692215	-1.18	-11.28	1.37	-0.15	-11.09	-1.36	-1.3900000000000001	-11.540000000000001	-2.7600000000000002	1.1300000000000001	-14.81	-3.63
11:29:12.702288	-0.2	-10.68	0.88	-0.5700000000000001	-10.98	-1.78	-2.15	-11.53	-1.8900000000000001	0.28	-16.92	-0.61
11:29:12.712363	1.55	-9.41	-0.38	-0.99	-10.64	-2.19	-2.27	-12.32	-1.55	-0.47000000000000003	-16.68	-1.21
11:29:12.722497	2.24	-9.08	-0.93	-1.44	-10.46	-2.67	-2.05	-13.05	-0.98	0.67	-18.57	-0.5700000000000001
11:29:12.732578	2.54	-8.99	-1.36	-2.4	-10.040000000000001	-2.43	-1.03	-13.8	-2.64	2.0	-19.87	0.11
11:29:12.742652	2.47	-9.02	-1.62	-2.44	-9.69	-2.81	-0.91	-14.46	-2.57	2.36	-18.150000000000002	3.27
11:29:12.753245	2.11	-8.92	-1.74	-2.8000000000000003	-8.86	-1.72	-0.09	-14.82	-2.5100000000000002	3.8000000000000003	-14.05	3.0300000000000002
11:29:12.763361	2.11	-8.73	-1.62	-2.6	-8.88	-1.77	0.86	-12.540000000000001	-1.3	4.07	-11.0	-0.9
11:29:12.773794	2.2800000000000002	-8.4	-1.31	-4.03	-9.34	-1.43	3.4	-11.34	-1.6500000000000001	7.47	-5.96	-4.46
11:29:12.784155	2.37	-8.1	-0.9500000000000001	-3.2	-10.06	-1.56	4.63	-10.58	-0.16	7.15	-2.2800000000000002	-8.67
11:29:12.794243	1.97	-8.06	-0.03	-2.57	-10.34	-0.81	4.46	-9.120000000000001	4.22	7.15	-2.2800000000000002	-8.67
11:29:12.804316	1.51	-8.38	0.49	-1.99	-11.18	0.33	3.2	-9.36	11.56	-4.57	-2.7	5.62
11:29:12.814439	1.0	-8.83	1.01	-2.0300000000000002	-12.18	0.6	1.67	-9.84	10.26	-13.8	2.08	18.25
11:29:12.825078	0.36	-9.88	1.93	-2.2	-13.08	1.04	0.61	-10.3	6.83	-6.73	-5.91	8.99
11:29:12.835180	0.19	-10.38	2.23	-1.6500000000000001	-13.5	0.93	-0.2	-10.71	3.75	4.3	-14.530000000000001	3.38
11:29:12.845251	0.02	-10.81	2.31	-1.36	-12.05	0.6900000000000001	-1.1500000000000001	-11.42	3.2600000000000002	7.5200000000000005	-11.9	2.0300000000000002
11:29:12.855320	0.0	-10.9	2.25	-0.9	-11.34	0.9	-0.89	-9.22	4.78	-0.24	-3.59	5.68
11:29:12.865432	0.04	-10.05	1.19	-0.55	-10.84	0.23	-0.33	-7.6000000000000005	5.64	1.07	-2.2	5.93
11:29:12.875507	0.04	-10.05	1.19	-0.41000000000000003	-10.38	0.04	0.96	-6.5600000000000005	5.29	4.0600000000000005	-1.94	6.28
11:29:12.885604	0.21	-9.71	0.92	-0.65	-9.71	-0.43	0.75	-6.99	4.73	2.17	-6.140000000000001	4.7
11:29:12.895675	0.38	-9.48	0.6900000000000001	-1.04	-9.59	-0.85	0.73	-6.7700000000000005	4.5200000000000005	2.17	-6.140000000000001	4.7
11:29:12.906133	0.46	-9.11	0.39	-1.0	-9.23	-0.74	0.66	-6.82	4.67	0.44	-9.49	2.62
11:29:12.916272	0.32	-8.94	0.18	-1.36	-8.69	-0.53	0.0	-6.18	5.04	0.96	-7.74	3.34
11:29:12.927109	0.22	-8.91	0.2	-1.9100000000000001	-8.28	-1.1500000000000001	-0.3	-6.45	5.14	0.85	-6.0200000000000005	4.07
11:29:12.937185	0.06	-8.92	0.36	-2.11	-7.75	-1.71	0.01	-6.08	5.3	0.89	-7.930000000000001	2.6
11:29:12.947253	0.01	-8.97	0.53	-2.45	-7.390000000000001	-1.53	0.16	-6.23	5.3	0.38	-9.23	1.61
11:29:12.957322	-0.09	-9.040000000000001	0.75	-2.29	-7.15	-1.61	-0.12	-6.41	5.57	-0.49	-9.21	1.37
11:29:12.967429	-0.22	-9.03	0.87	-2.4	-7.07	-1.09	-0.59	-6.66	5.98	-1.48	-11.81	0.07
11:29:12.978439	-0.22	-9.03	0.87	-2.4	-7.07	-1.09	-1.25	-7.0	5.95	-1.24	-13.27	-1.41
11:29:12.988673	-0.32	-8.85	1.27	-2.32	-7.18	-0.8300000000000001	-2.33	-7.68	5.83	-0.54	-13.74	-2.64
11:29:12.998762	-0.35000000000000003	-8.86	1.43	-2.2800000000000002	-7.08	-0.29	-3.0700000000000003	-8.53	5.73	-0.54	-13.74	-2.64
11:29:13.008833	-0.33	-8.63	1.3900000000000001	-2.33	-6.9	-0.48	-1.97	-9.15	5.3500000000000005	3.9	-13.75	-5.32
11:29:13.019521	-0.25	-8.65	1.27	-2.27	-6.75	-0.76	-1.16	-9.36	5.34	3.81	-13.620000000000001	-5.37
11:29:13.029644	-0.18	-8.620000000000001	1.1500000000000001	-2.06	-6.74	-1.12	-0.4	-9.44	5.0200000000000005	3.98	-14.540000000000001	-7.15
11:29:13.039927	-0.1	-8.58	0.93	-1.46	-7.140000000000001	-2.0300000000000002	0.22	-9.950000000000001	4.5600000000000005	3.98	-14.540000000000001	-7.15
11:29:13.050068	-0.02	-8.68	0.5700000000000001	-0.89	-7.47	-2.52	1.0	-9.620000000000001	4.05	4.7	-13.64	-7.47
11:29:13.060522	0.0	-8.68	0.42	-0.49	-7.48	-2.99	0.79	-9.6	4.17	5.19	-13.57	-8.08
11:29:13.070643	-0.05	-8.72	0.27	-0.07	-7.79	-3.72	0.7000000000000001	-9.53	3.99	5.46	-13.39	-8.51
11:29:13.081255	-0.11	-8.73	0.26	0.73	-7.59	-4.28	0.7000000000000001	-9.53	3.99	5.46	-13.39	-8.51
11:29:13.091466	-0.32	-8.71	0.37	1.01	-7.63	-4.33	-0.3	-10.06	3.72	5.36	-13.36	-8.52
11:29:13.101590	-0.39	-8.790000000000001	0.56	1.34	-7.61	-4.18	-0.46	-10.06	3.5100000000000002	4.67	-12.61	-8.78
11:29:13.111655	-0.5700000000000001	-8.83	0.75	1.45	-7.73	-3.85	-0.52	-9.99	3.5100000000000002	4.41	-12.66	-9.14
11:29:13.122158	-0.66	-8.96	0.92	1.58	-8.16	-3.52	-0.18	-9.92	2.92	3.8000000000000003	-13.24	-9.8
11:29:13.132655	-0.91	-9.36	1.32	1.6300000000000001	-8.3	-3.42	-0.04	-10.0	2.6	3.39	-13.41	-10.200000000000001
11:29:13.142722	-0.97	-9.52	1.5	1.55	-8.540000000000001	-3.5100000000000002	-0.1	-10.18	2.23	3.08	-13.280000000000001	-10.47
11:29:13.153127	-1.04	-9.65	1.62	1.25	-9.120000000000001	-3.7600000000000002	-0.42	-10.06	1.44	2.2600000000000002	-12.72	-11.25
11:29:13.163256	-1.0	-9.78	1.71	1.03	-9.22	-3.73	-0.66	-10.040000000000001	1.01	2.15	-12.57	-12.16
11:29:13.173373	-0.93	-10.01	1.61	0.68	-9.39	-3.85	-0.76	-9.88	0.76	1.7	-11.76	-12.47
11:29:13.183806	-0.92	-10.1	1.55	0.52	-9.56	-4.08	-0.64	-9.14	0.8	0.8200000000000001	-10.55	-12.92
11:29:13.193908	-0.9400000000000001	-10.24	1.43	0.37	-10.15	-4.66	-0.88	-8.870000000000001	0.9500000000000001	0.5700000000000001	-10.370000000000001	-13.22
11:29:13.203991	-1.02	-10.57	1.09	0.3	-10.43	-4.94	-1.18	-8.52	0.92	0.48	-10.13	-13.55
11:29:13.214095	-1.06	-10.8	0.9400000000000001	0.31	-10.58	-5.12	-1.35	-8.42	0.42	0.66	-9.790000000000001	-13.71
11:29:13.224166	-1.09	-11.08	0.88	0.23	-10.6	-5.18	-1.0	-8.35	0.44	0.8	-9.5	-13.52
11:29:13.234240	-1.1500000000000001	-11.1	0.8	0.25	-10.56	-5.38	-0.55	-8.42	0.46	0.8	-9.69	-13.5
11:29:13.244365	-1.24	-11.290000000000001	0.87	0.22	-10.450000000000001	-5.34	-0.23	-8.55	0.49	0.9400000000000001	-9.540000000000001	-13.17
11:29:13.254475	-1.3900000000000001	-11.38	0.96	0.03	-10.23	-4.95	0.02	-8.71	0.62	0.93	-9.53	-12.68
11:29:13.265157	-1.56	-11.32	1.02	-0.12	-10.01	-4.58	0.13	-8.700000000000001	0.7000000000000001	3.88	-11.700000000000001	-13.89
11:29:13.275280	-1.6400000000000001	-11.31	1.16	0.03	-9.55	-4.2	0.28	-8.89	0.76	3.83	-9.78	-12.9
11:29:13.285374	-1.86	-10.6	1.46	0.06	-9.21	-3.5700000000000003	0.22	-8.870000000000001	0.91	3.91	-7.86	-11.99
11:29:13.295426	-1.83	-10.3	1.47	0.24	-8.81	-3.0700000000000003	0.0	-8.64	1.87	6.03	-6.73	-11.99
11:29:13.305555	-1.74	-10.08	1.47	0.31	-8.370000000000001	-2.93	-0.17	-8.57	2.33	7.04	-9.51	-9.89
11:29:13.315660	0.04	-10.69	1.24	0.06	-8.68	-2.54	-0.32	-8.63	2.21	2.72	-15.17	1.54
11:29:13.325841	0.04	-10.69	1.24	0.0	-10.88	-2.35	-0.39	-14.46	-4.61	1.75	-23.48	13.88
11:29:13.336425	0.7000000000000001	-13.25	-0.22	0.03	-13.39	-2.6	-1.07	-17.55	-9.620000000000001	10.450000000000001	-9.68	-4.0200000000000005
11:29:13.346478	0.64	-13.99	-0.97	-0.36	-14.200000000000001	-2.5100000000000002	-1.83	-17.26	-5.53	7.12	-7.87	-8.59
11:29:13.356546	0.55	-13.74	-1.84	0.34	-13.51	-3.5	-0.4	-14.1	-0.45	-2.35	-7.36	-8.56
11:29:13.366617	0.67	-12.6	-1.6	-0.37	-11.76	-2.68	-2.49	-11.0	4.11	-6.11	-8.48	-1.1
11:29:13.376822	0.67	-12.6	-1.6	-1.49	-10.450000000000001	-2.14	-4.0200000000000005	-9.81	3.5700000000000003	5.32	-9.64	-1.84
11:29:13.386910	0.3	-9.56	0.06	-2.79	-9.65	-2.67	-4.15	-9.33	1.1	3.7800000000000002	-7.15	-5.74
11:29:13.397023	0.12	-9.08	0.75	-4.16	-7.54	-2.82	-0.09	-7.8	3.1	-1.37	-6.36	-1.03
11:29:13.407085	0.09	-8.86	1.32	-4.37	-7.23	-1.3900000000000001	1.97	-9.31	2.43	-2.81	-8.74	1.83
11:29:13.417157	0.0	-8.8	1.86	-3.93	-7.4	-0.41000000000000003	2.98	-10.86	1.24	1.53	-9.39	-1.06
11:29:13.427265	0.02	-9.0	2.1	-0.78	-8.05	1.54	3.59	-11.22	1.22	1.77	-8.44	-1.27
11:29:13.437380	0.02	-9.0	2.1	-0.78	-8.05	1.54	1.6500000000000001	-10.790000000000001	1.61	0.52	-7.41	-2.36
11:29:13.447481	0.41000000000000003	-9.19	1.61	1.51	-9.03	1.5	0.66	-10.32	1.6400000000000001	1.68	-11.91	-2.5300000000000002
11:29:13.457639	0.77	-9.09	1.26	3.62	-10.05	-0.22	-0.51	-9.43	1.0	0.5	-9.66	-2.0
11:29:13.467748	1.73	-8.84	0.68	3.85	-10.56	-0.4	-0.98	-8.41	1.2	0.93	-9.03	-2.04
11:29:13.478360	1.99	-8.85	0.31	3.22	-10.63	-0.13	-0.3	-8.61	1.06	0.93	-9.03	-2.04
11:29:13.488432	1.92	-8.870000000000001	-0.03	2.2600000000000002	-10.35	0.07	1.46	-10.61	0.08	2.92	-8.4	-1.8900000000000001
11:29:13.498530	1.72	-8.94	-0.32	0.27	-9.36	0.18	2.4	-10.3	0.1	1.87	-9.01	-2.46
11:29:13.508596	1.25	-9.290000000000001	-0.97	-0.53	-9.16	-0.09	1.73	-9.89	-0.04	1.53	-9.370000000000001	-1.44
11:29:13.518669	1.25	-9.290000000000001	-0.97	-0.88	-9.22	-0.7000000000000001	1.11	-9.82	-0.22	1.55	-10.34	-4.39
11:29:13.529427	1.1400000000000001	-9.46	-1.23	-1.06	-9.39	-1.47	1.11	-9.82	-0.22	1.55	-10.34	-4.39
11:29:13.539853	1.07	-9.58	-1.41	-1.06	-9.39	-1.47	1.21	-9.99	1.1	0.92	-8.46	-2.96
11:29:13.549992	1.1500000000000001	-9.700000000000001	-1.46	-1.6300000000000001	-9.27	-2.52	0.76	-10.07	1.34	1.33	-10.23	-1.8
11:29:13.560593	0.7000000000000001	-9.71	-1.19	-1.85	-9.08	-1.76	0.08	-10.16	1.01	1.1300000000000001	-9.86	-3.67
11:29:13.571219	0.41000000000000003	-9.700000000000001	-0.97	-1.82	-9.36	-1.52	-0.15	-10.120000000000001	0.63	1.32	-9.55	-2.79
11:29:13.581315	0.19	-9.64	-0.75	-1.72	-9.55	-1.22	0.18	-10.13	0.65	1.18	-9.58	-3.94
11:29:13.591385	-0.06	-9.47	-0.63	-1.4000000000000001	-9.28	-0.8	0.5700000000000001	-9.8	0.55	2.0100000000000002	-9.4	-1.94
11:29:13.601496	-0.05	-9.09	-0.34	-0.91	-9.200000000000001	-0.5	1.29	-9.66	-0.65	1.67	-8.59	-3.44
11:29:13.611565	0.08	-8.96	-0.23	-0.7000000000000001	-9.32	-0.44	1.54	-9.450000000000001	-0.17	1.49	-8.790000000000001	-2.9
11:29:13.621638	0.15	-8.81	-0.15	-0.33	-9.16	-0.08	1.4000000000000001	-9.26	-0.1	1.6300000000000001	-8.93	-2.25
11:29:13.631713	0.37	-8.69	-0.14	0.41000000000000003	-9.51	0.01	0.78	-9.36	-0.24	1.9000000000000001	-9.48	-3.18
11:29:13.641793	0.44	-8.69	-0.21	0.58	-9.64	0.01	0.23	-9.72	-0.61	1.33	-9.25	-2.71
11:29:13.651864	0.44	-8.72	-0.28	0.76	-9.73	-0.17	0.62	-9.450000000000001	-0.68	1.18	-9.22	-3.5700000000000003
11:29:13.661937	0.37	-8.8	-0.4	0.79	-9.64	-0.16	0.84	-9.24	-0.67	1.31	-9.59	-2.34
11:29:13.672405	0.26	-8.97	-0.68	1.05	-9.51	-0.48	1.44	-9.6	-0.88	1.3900000000000001	-9.55	-3.48
11:29:13.682511	0.1	-8.98	-0.74	1.08	-9.51	-0.4	1.82	-9.76	-0.98	1.22	-9.18	-3.23
11:29:13.692587	0.06	-9.03	-0.8	1.06	-9.71	-0.75	1.92	-9.55	-1.03	1.62	-9.120000000000001	-3.4
11:29:13.702667	0.04	-9.040000000000001	-0.87	0.7000000000000001	-9.53	-0.54	1.34	-9.38	-0.51	1.9000000000000001	-10.17	-1.83
11:29:13.713369	-0.03	-9.11	-0.7000000000000001	0.39	-9.64	-0.61	0.4	-9.88	-0.1	1.47	-9.65	-3.9
11:29:13.723878	-0.06	-9.120000000000001	-0.5700000000000001	0.2	-9.81	-0.75	0.46	-9.99	-0.02	1.3900000000000001	-9.620000000000001	-3.12
11:29:13.734043	-0.16	-9.19	-0.4	0.12	-9.69	-0.87	0.78	-9.9	-0.09	1.86	-9.3	-4.39
11:29:13.744111	-0.23	-9.19	-0.25	-0.28	-9.55	-0.84	0.8	-9.78	1.84	1.41	-9.84	-2.9
11:29:13.754352	-0.33	-9.120000000000001	0.06	-0.51	-9.48	-0.9	0.28	-10.02	1.87	1.42	-8.88	-4.0600000000000005
11:29:13.764901	-0.34	-9.07	0.09	-0.68	-9.4	-0.8	-0.04	-9.67	2.0100000000000002	1.57	-8.9	-3.7600000000000002
11:29:13.775360	-0.34	-9.07	0.09	-0.92	-9.46	-0.5	-0.23	-9.39	2.0100000000000002	1.71	-8.81	-3.97
11:29:13.785433	-0.48	-9.11	-0.25	-1.1400000000000001	-9.42	-0.11	-0.5	-10.08	1.93	1.92	-10.16	-3.89
11:29:13.795550	-0.51	-9.18	-0.36	-1.6500000000000001	-9.46	0.35000000000000003	-0.37	-10.33	1.12	1.81	-9.19	-4.14
11:29:13.806215	-0.51	-9.26	-0.49	-1.84	-9.53	0.44	0.31	-9.74	1.1500000000000001	1.75	-9.47	-4.67
11:29:13.816282	-0.42	-9.33	-0.67	-1.9000000000000001	-9.44	0.7000000000000001	0.68	-9.72	2.38	2.34	-9.72	-1.21
11:29:13.826354	-0.37	-9.4	-0.78	-1.56	-9.67	0.55	0.36	-10.370000000000001	1.44	2.18	-10.31	-4.03
11:29:13.836448	-0.29	-9.58	-0.87	-1.28	-9.76	0.56	0.07	-10.58	1.55	1.6300000000000001	-9.85	-4.51
11:29:13.847269	-0.15	-9.75	-0.97	-1.09	-10.02	0.62	0.55	-10.07	1.7	1.7	-10.02	-5.3100000000000005
11:29:13.857342	0.09	-10.18	-1.19	-1.1400000000000001	-10.19	0.91	0.68	-10.3	2.6	2.08	-11.08	-2.5300000000000002
11:29:13.867443	0.11	-10.450000000000001	-1.19	-1.32	-10.56	0.6900000000000001	0.4	-11.08	1.46	-1.56	-10.64	-3.94
11:29:13.877538	0.04	-10.67	-1.17	-1.3	-10.89	0.86	0.5700000000000001	-10.89	1.76	-1.56	-10.64	-3.94
11:29:13.887647	0.06	-10.540000000000001	-0.97	-2.21	-10.82	0.9	1.1	-10.65	1.95	0.66	-9.86	-4.28
11:29:13.897772	-0.35000000000000003	-10.93	-0.5700000000000001	-1.9000000000000001	-10.47	0.56	0.63	-10.67	1.6600000000000001	2.89	-10.1	-2.98
11:29:13.907906	-0.67	-10.94	-0.3	-1.73	-10.44	-0.04	-0.01	-10.91	1.19	1.6600000000000001	-10.53	-4.87
11:29:13.918037	-0.99	-10.82	0.0	-1.1	-10.55	0.11	0.27	-10.57	1.16	2.54	-10.35	-5.2
11:29:13.928649	-1.24	-10.77	0.25	-0.87	-10.42	0.66	0.34	-10.120000000000001	1.1	3.8000000000000003	-9.8	-5.43
11:29:13.938776	-1.86	-10.48	0.75	-0.12	-10.23	-0.16	0.25	-10.38	0.54	2.58	-10.48	-5.4
11:29:13.948876	-2.09	-10.32	0.87	0.31	-10.22	-0.45	0.72	-9.69	0.08	3.0300000000000002	-9.92	-5.26
11:29:13.959079	-2.31	-10.17	0.9500000000000001	0.47000000000000003	-10.11	-0.42	0.72	-9.69	0.08	3.0300000000000002	-9.92	-5.26
11:29:13.969522	-2.57	-9.85	1.1500000000000001	0.87	-10.120000000000001	-0.6	0.51	-9.78	0.61	1.83	-10.16	-4.15
11:29:13.979590	-2.62	-9.76	1.18	1.16	-9.99	-0.9	0.13	-10.290000000000001	-0.34	1.98	-11.27	-5.0200000000000005
11:29:13.989745	-2.52	-9.68	1.24	1.29	-9.92	-0.86	0.88	-9.78	-0.64	3.13	-11.120000000000001	-5.1000000000000005
11:29:13.999868	-2.14	-9.8	1.28	1.53	-10.22	-0.66	1.48	-10.21	-0.77	4.38	-11.67	-3.62
11:29:14.010006	-0.67	-10.620000000000001	2.09	1.79	-11.040000000000001	-0.58	1.94	-10.870000000000001	-2.31	0.23	-14.17	-3.4
11:29:14.020211	-0.46	-11.49	2.61	1.8900000000000001	-12.32	-0.73	1.3	-11.85	-2.48	-1.28	-13.99	-4.08
11:29:14.030622	-1.06	-12.18	3.0	1.84	-12.14	-0.52	0.32	-11.290000000000001	-2.77	1.98	-13.07	-6.390000000000001
11:29:14.040693	-2.35	-12.51	3.13	1.73	-12.24	-0.54	-0.9400000000000001	-10.790000000000001	-2.12	3.5500000000000003	-14.91	-1.1500000000000001
11:29:14.050807	-3.71	-12.83	2.7	1.49	-12.25	-0.71	-1.6300000000000001	-11.540000000000001	-2.5300000000000002	2.45	-14.3	-3.3200000000000003
11:29:14.060986	-2.95	-12.5	2.42	0.84	-12.31	-1.3800000000000001	-1.31	-12.370000000000001	-4.34	1.8	-16.75	-4.53
11:29:14.071436	-1.57	-12.0	1.71	0.15	-12.05	-1.62	-1.62	-12.1	-3.5500000000000003	0.0	-17.55	-3.24
11:29:14.081545	-0.21	-11.290000000000001	0.8200000000000001	-0.42	-11.35	-1.69	-1.87	-12.39	-2.95	0.44	-18.22	0.25
11:29:14.091620	2.43	-9.9	-0.73	-0.91	-11.06	-2.16	-0.8300000000000001	-13.870000000000001	-1.3800000000000001	0.54	-19.42	0.54
11:29:14.102393	3.42	-9.38	-1.35	-1.48	-10.93	-3.29	-0.2	-14.290000000000001	-2.38	1.42	-20.66	-0.03
11:29:14.112550	3.73	-9.1	-1.76	-1.82	-10.68	-3.45	0.52	-15.21	-3.14	4.8100000000000005	-17.56	1.98
11:29:14.122656	3.34	-8.92	-1.98	-1.98	-10.21	-3.2	1.74	-16.18	-3.2	4.18	-14.6	1.85
11:29:14.133410	2.2	-8.45	-1.96	-2.23	-9.57	-2.5	3.46	-12.780000000000001	-2.9	3.43	-10.92	-2.08
11:29:14.143619	2.06	-8.25	-1.74	-2.31	-9.23	-1.12	4.46	-10.53	-1.71	3.94	-6.4	-3.69
11:29:14.153774	2.06	-8.14	-1.3800000000000001	-3.14	-9.25	-0.23	4.41	-8.9	2.38	1.11	-4.29	-3.5500000000000003
11:29:14.164451	1.95	-8.11	-0.86	-2.94	-9.700000000000001	-0.79	2.31	-8.57	10.19	-5.36	-5.94	3.87
11:29:14.174551	0.84	-8.75	0.77	-3.3000000000000003	-10.120000000000001	-0.06	0.9	-9.81	9.55	-10.4	-6.29	10.700000000000001
11:29:14.184745	0.44	-9.19	1.06	-2.77	-11.19	-0.13	0.18	-10.73	6.34	-11.950000000000001	-4.33	15.530000000000001
11:29:14.195108	0.09	-10.36	1.49	-3.54	-12.58	0.18	-0.34	-11.620000000000001	3.65	3.14	-12.55	4.78
11:29:14.205415	0.01	-10.77	1.54	-4.01	-13.05	0.34	-1.3800000000000001	-12.290000000000001	3.5300000000000002	5.8	-9.53	2.5300000000000002
11:29:14.215590	0.0	-11.0	1.43	-3.18	-12.44	0.5	-1.24	-10.89	5.0	3.16	-6.2	5.09
11:29:14.225662	-0.07	-10.96	1.25	-2.7600000000000002	-11.950000000000001	0.29	-0.42	-9.32	5.43	1.06	-5.65	5.7
11:29:14.235730	0.03	-10.44	0.8	-2.34	-11.61	0.41000000000000003	0.63	-7.59	5.32	2.17	-3.5700000000000003	5.42
11:29:14.245798	0.27	-10.200000000000001	0.67	-2.27	-11.08	0.68	0.49	-7.38	5.0600000000000005	1.4000000000000001	-4.18	4.28
11:29:14.255872	0.42	-9.92	0.5700000000000001	-1.1500000000000001	-10.790000000000001	0.17	0.35000000000000003	-7.12	5.57	1.44	-6.96	3.23
11:29:14.265959	0.41000000000000003	-9.69	0.54	-1.06	-10.49	-0.22	0.35000000000000003	-6.58	5.8	-0.93	-3.66	6.17
11:29:14.276039	0.23	-9.28	0.44	-1.26	-10.26	-0.35000000000000003	-0.76	-6.58	5.5600000000000005	-1.09	-4.68	5.6000000000000005
11:29:14.286111	0.14	-9.1	0.38	-1.34	-10.09	-0.64	-0.62	-6.47	5.44	-0.2	-6.48	4.38
11:29:14.296184	0.08	-8.92	0.38	-1.55	-9.09	-1.01	-0.43	-5.84	5.71	0.36	-7.28	3.52
11:29:14.306260	0.05	-8.76	0.41000000000000003	-1.8	-8.94	-0.92	-0.6900000000000001	-5.7	5.5600000000000005	-0.58	-7.03	2.65
11:29:14.316377	-0.14	-8.58	0.5	-1.67	-8.36	-1.3	-0.78	-5.78	5.63	-0.1	-7.78	1.9000000000000001
11:29:14.326463	-0.3	-8.58	0.63	-2.17	-7.71	-1.47	-0.97	-6.03	5.4	0.67	-9.08	0.79
11:29:14.336536	-0.41000000000000003	-8.58	0.71	-2.14	-6.99	-1.57	-1.58	-6.07	5.57	0.71	-10.33	-0.19
11:29:14.346605	-0.45	-8.61	0.79	-2.68	-6.890000000000001	-1.31	-1.6	-6.55	6.01	1.35	-10.78	-0.89
11:29:14.356683	-0.42	-8.63	0.91	-2.82	-6.67	-1.21	-1.6600000000000001	-6.890000000000001	6.1000000000000005	2.67	-11.120000000000001	-1.82
11:29:14.366758	-0.27	-8.66	0.98	-2.81	-6.640000000000001	-0.84	-1.84	-7.25	5.86	3.9	-11.200000000000001	-2.46
11:29:14.376834	-0.28	-8.67	0.99	-2.74	-6.5	-0.36	-1.95	-7.57	5.63	5.22	-11.32	-2.95
11:29:14.386962	-0.19	-8.68	0.96	-2.61	-6.5200000000000005	-0.27	-1.6400000000000001	-7.88	5.59	5.62	-12.32	-3.74
11:29:14.397037	-0.32	-8.75	0.93	-2.61	-6.55	-0.35000000000000003	-1.18	-8.18	5.55	5.68	-13.02	-4.21
11:29:14.407108	-0.36	-8.76	0.86	-2.42	-6.48	-0.56	-0.91	-8.81	5.59	5.49	-13.15	-4.5
11:29:14.417186	-0.38	-8.8	0.78	-1.78	-6.5600000000000005	-1.16	0.0	-9.06	5.09	4.92	-14.59	-5.71
11:29:14.427256	-0.42	-8.88	0.68	-1.3900000000000001	-6.66	-1.6400000000000001	0.25	-9.5	4.79	4.64	-15.16	-6.36
11:29:14.437332	-0.5	-8.950000000000001	0.64	-0.9400000000000001	-6.97	-2.23	0.19	-9.48	4.92	4.61	-15.65	-7.1000000000000005
11:29:14.447407	-0.61	-9.0	0.65	-0.55	-6.99	-2.66	-0.5	-9.81	4.5	4.8	-15.63	-8.02
11:29:14.457526	-0.61	-9.0	0.65	-0.26	-7.16	-3.24	-0.89	-10.33	4.43	5.24	-14.85	-8.69
11:29:14.467647	-0.92	-9.02	0.9400000000000001	-0.06	-6.98	-3.49	-0.9	-10.82	4.47	5.07	-15.450000000000001	-10.49
11:29:14.477716	-0.99	-9.040000000000001	1.08	0.59	-7.86	-3.27	-0.89	-10.98	4.12	5.07	-15.450000000000001	-10.49
11:29:14.487808	-1.04	-9.120000000000001	1.3	0.97	-8.3	-3.2	-0.98	-11.540000000000001	3.58	4.62	-14.61	-12.09
11:29:14.497928	-1.1500000000000001	-9.26	1.49	1.34	-8.74	-3.2800000000000002	-1.1300000000000001	-11.200000000000001	3.38	4.29	-13.97	-12.71
11:29:14.508057	-1.24	-9.57	1.71	1.53	-9.24	-3.69	-0.91	-10.69	3.3000000000000003	3.94	-13.66	-13.56
11:29:14.518166	-1.19	-9.75	1.71	2.0300000000000002	-9.86	-4.69	-0.47000000000000003	-9.91	2.44	3.68	-13.13	-14.22
11:29:14.528828	-1.18	-9.86	1.73	2.06	-10.07	-4.92	-0.31	-9.68	2.24	3.09	-12.32	-16.19
11:29:14.538920	-1.22	-9.93	1.67	2.0	-10.22	-5.16	-0.32	-9.66	1.94	2.18	-10.71	-17.28
11:29:14.549031	-1.46	-10.03	1.47	1.71	-9.99	-5.32	-0.76	-8.97	1.78	2.04	-10.08	-17.76
11:29:14.559100	-1.48	-10.15	1.46	1.47	-9.97	-6.1000000000000005	-0.92	-8.25	1.25	0.98	-9.23	-18.400000000000002
11:29:14.569474	-1.6	-10.33	1.42	1.16	-9.93	-5.9	-0.58	-7.75	1.1	0.43	-8.790000000000001	-18.28
11:29:14.579545	-1.93	-10.59	1.35	0.85	-10.01	-5.92	-0.5700000000000001	-7.57	0.97	0.43	-8.790000000000001	-18.28
11:29:14.589778	-1.84	-10.71	1.44	0.67	-10.06	-5.94	-0.19	-7.43	0.9	0.24	-8.82	-16.84
11:29:14.599845	-2.04	-10.72	1.3800000000000001	0.48	-10.07	-5.49	0.1	-7.3100000000000005	0.93	0.4	-9.16	-15.290000000000001
11:29:14.609956	-2.13	-10.700000000000001	1.3900000000000001	0.44	-9.91	-5.05	0.21	-7.28	1.25	3.39	-13.38	-15.93
11:29:14.620063	-2.23	-10.47	1.42	0.45	-9.82	-4.92	0.39	-7.68	1.6500000000000001	4.49	-10.35	-16.330000000000002
11:29:14.630162	-2.3000000000000003	-10.27	1.44	0.61	-9.42	-4.47	0.34	-7.8100000000000005	2.11	2.81	-3.96	-11.200000000000001
11:29:14.640292	-2.49	-10.03	1.52	0.72	-7.97	-2.95	0.34	-7.68	2.54	4.8100000000000005	-7.6000000000000005	-7.62
11:29:14.650900	-2.61	-9.69	1.55	0.47000000000000003	-7.23	-2.41	0.29	-9.290000000000001	1.68	3.7	-17.3	5.21
11:29:14.660977	-1.8900000000000001	-9.6	1.85	0.25	-6.97	-2.25	0.67	-14.19	-5.55	4.2	-29.34	23.8
11:29:14.671288	-1.24	-10.86	1.69	-0.2	-8.57	-1.85	-0.8	-19.11	-15.11	13.86	-9.17	-11.200000000000001
11:29:14.681665	-0.98	-12.64	1.11	0.14	-14.63	-2.84	-2.2	-19.580000000000002	-8.73	8.06	-5.67	-12.18
11:29:14.691802	-0.81	-13.9	0.21	0.13	-15.14	-3.22	0.77	-12.18	2.11	-5.59	-6.7700000000000005	-8.86
11:29:14.702467	-0.04	-14.81	-1.3800000000000001	0.62	-14.65	-5.22	-2.4	-11.32	5.42	-8.23	-8.85	2.72
11:29:14.712558	-0.02	-13.88	-1.6400000000000001	-0.05	-12.56	-3.95	-4.34	-9.64	2.72	4.45	-8.76	-4.64
11:29:14.722638	0.38	-12.57	-1.4000000000000001	-1.9100000000000001	-12.25	-3.74	-1.75	-7.33	2.2800000000000002	-0.33	-6.53	-8.91
11:29:14.732703	0.7000000000000001	-11.48	-1.02	-2.57	-10.65	-5.21	0.1	-7.41	4.05	-2.41	-6.08	0.92
11:29:14.742816	0.42	-9.790000000000001	0.37	-3.24	-8.65	-4.28	1.35	-9.66	2.73	2.73	-11.31	-2.71
11:29:14.752969	0.2	-9.19	1.24	-4.09	-7.19	-1.83	2.84	-12.07	2.12	2.95	-11.31	-1.56
11:29:14.763546	-0.04	-8.91	2.09	-3.81	-5.46	0.59	2.7	-10.91	1.94	1.31	-8.36	-1.08
11:29:14.774043	-0.6900000000000001	-9.120000000000001	2.73	-2.49	-6.390000000000001	1.09	1.0	-10.34	2.32	0.0	-6.84	-1.99
11:29:14.784110	-0.88	-9.19	2.57	-1.16	-7.73	1.16	0.23	-9.3	2.71	0.91	-12.26	-3.63
11:29:14.794612	-0.74	-9.08	2.27	0.37	-8.22	1.26	-1.09	-7.54	2.67	0.97	-9.700000000000001	-1.75
11:29:14.804688	-0.28	-8.91	1.8800000000000001	3.4	-9.200000000000001	0.54	-0.92	-8.45	2.79	0.54	-8.22	-2.99
11:29:14.814775	1.05	-8.85	1.07	3.86	-10.01	0.39	-0.1	-9.620000000000001	2.39	2.29	-8.88	0.29
11:29:14.824854	1.4000000000000001	-9.05	0.54	3.49	-10.89	0.68	1.33	-11.38	0.25	1.49	-9.23	-4.55
11:29:14.835454	1.41	-9.35	-0.12	1.29	-11.42	0.55	1.6500000000000001	-11.21	0.8200000000000001	1.78	-9.08	-3.3200000000000003
11:29:14.846139	0.78	-9.71	-1.9100000000000001	0.0	-10.21	0.14	1.1400000000000001	-10.120000000000001	1.52	0.6	-7.75	-1.9100000000000001
11:29:14.856241	0.76	-9.81	-2.34	-0.84	-9.120000000000001	-0.31	0.93	-9.39	1.04	2.39	-11.13	-3.84
11:29:14.866317	0.73	-9.9	-2.59	-1.35	-8.89	-0.92	0.61	-10.370000000000001	0.76	1.84	-9.33	-3.9
11:29:14.876400	0.6900000000000001	-10.0	-2.58	-2.27	-9.53	-2.36	0.42	-10.58	1.72	0.52	-9.72	-3.8200000000000003
11:29:14.886467	0.32	-9.94	-1.95	-2.06	-9.32	-2.42	-0.36	-10.23	2.5100000000000002	0.4	-9.1	-2.86
11:29:14.896536	0.05	-9.790000000000001	-1.5	-2.15	-9.11	-2.1	0.28	-9.89	1.8900000000000001	1.33	-9.03	-3.43
11:29:14.906650	-0.17	-9.57	-1.04	-1.92	-9.02	-1.53	1.07	-9.950000000000001	1.35	1.41	-9.25	-3.62
11:29:14.916723	-0.42	-9.26	-0.31	-1.6500000000000001	-9.44	-0.65	1.75	-9.65	1.59	1.67	-9.82	-4.2700000000000005
11:29:14.926807	-0.47000000000000003	-9.16	-0.03	-1.24	-9.43	-0.3	1.35	-9.84	1.6400000000000001	1.62	-9.71	-1.96
11:29:14.936874	-0.48	-9.11	0.18	-1.01	-9.48	-0.05	0.8	-10.15	1.26	1.6300000000000001	-9.06	-3.5
11:29:14.946982	-0.48	-9.120000000000001	0.29	-0.5700000000000001	-9.66	-0.21	0.93	-9.98	1.09	1.16	-9.47	-3.58
11:29:14.957086	-0.42	-9.09	0.37	0.15	-9.63	0.05	0.68	-9.790000000000001	1.19	1.28	-8.86	-4.43
11:29:14.967160	-0.4	-9.06	0.29	0.38	-9.33	0.3	0.1	-9.620000000000001	1.5	1.62	-9.15	-0.63
11:29:14.977242	-0.41000000000000003	-9.02	0.11	0.59	-9.31	0.32	0.17	-10.07	0.4	1.25	-9.67	-3.81
11:29:14.987313	-0.43	-9.01	-0.12	0.73	-9.5	0.28	0.89	-10.11	0.14	1.3	-9.59	-4.0200000000000005
11:29:14.997383	-0.43	-8.950000000000001	-0.61	0.72	-9.56	0.22	1.16	-9.88	0.58	1.68	-9.17	-3.15
11:29:15.007453	-0.38	-8.870000000000001	-0.84	0.48	-9.46	0.14	0.86	-9.73	0.77	1.8900000000000001	-9.09	-3.22
11:29:15.018269	-0.29	-8.82	-0.98	0.25	-9.44	0.04	0.81	-10.0	0.25	1.2	-9.63	-4.33
11:29:15.028439	-0.2	-8.790000000000001	-1.04	-0.07	-9.64	-0.12	0.8300000000000001	-9.91	0.46	1.43	-9.11	-2.5500000000000003
11:29:15.039053	-0.04	-8.86	-1.07	-0.35000000000000003	-9.540000000000001	-0.16	0.9	-9.6	1.32	1.69	-9.33	-3.83
11:29:15.049243	-0.05	-8.97	-0.97	-0.59	-9.47	-0.24	0.51	-10.19	0.73	1.29	-9.52	-3.24
11:29:15.059313	-0.1	-9.040000000000001	-0.8200000000000001	-0.73	-9.47	-0.51	0.61	-10.09	1.0	1.33	-9.44	-5.0200000000000005
11:29:15.069414	-0.21	-9.13	-0.64	-0.97	-9.52	-0.45	0.9400000000000001	-9.83	1.11	1.73	-9.120000000000001	-1.93
11:29:15.079494	-0.44	-9.19	-0.26	-1.0	-9.57	-0.32	0.23	-9.93	1.73	1.77	-9.66	-4.24
11:29:15.090138	-0.51	-9.25	-0.15	-1.32	-9.620000000000001	-0.08	-0.36	-10.4	1.24	1.62	-9.89	-3.45
11:29:15.100270	-0.44	-9.23	-0.05	-1.6600000000000001	-9.89	-0.06	-0.3	-10.3	1.35	1.6600000000000001	-9.790000000000001	-4.87
11:29:15.110435	-0.42	-9.19	-0.03	-2.41	-9.94	-0.01	-0.18	-10.06	1.31	1.8	-10.18	-3.38
11:29:15.121325	-0.49	-9.3	-0.14	-2.35	-9.93	0.08	-0.31	-10.52	0.22	1.6600000000000001	-10.040000000000001	-4.28
11:29:15.131437	-0.56	-9.35	-0.2	-2.34	-10.03	-0.03	0.19	-10.120000000000001	0.36	1.82	-10.07	-4.21
11:29:15.142157	-0.49	-9.3	-0.33	-1.76	-10.05	-0.28	0.42	-10.01	0.77	2.0	-9.85	-4.45
11:29:15.152863	-0.5700000000000001	-9.620000000000001	-0.48	-1.47	-10.08	-0.34	0.59	-10.25	-0.01	0.74	-9.98	-3.73
11:29:15.162959	-0.54	-9.75	-0.5	-1.06	-10.07	-0.58	0.74	-10.620000000000001	-0.02	1.82	-10.39	-4.13
11:29:15.173612	-0.56	-9.950000000000001	-0.5	-0.74	-10.23	-0.5	1.25	-9.91	-0.08	1.85	-9.88	-5.76
11:29:15.183987	-0.65	-10.200000000000001	-0.42	-0.42	-10.42	0.22	1.12	-9.96	0.38	1.86	-10.03	-3.25
11:29:15.194061	-0.9	-10.44	-0.02	-0.32	-10.39	0.1	0.91	-10.41	-0.6900000000000001	1.26	-10.17	-3.89
11:29:15.204857	-1.08	-10.49	0.24	-0.2	-10.4	0.12	0.55	-10.47	-0.6	1.82	-10.69	-4.9
11:29:15.214935	-1.32	-10.5	0.53	-0.04	-10.5	0.05	1.02	-9.78	-0.5700000000000001	2.5	-9.96	-5.66
11:29:15.225019	-1.6300000000000001	-10.52	0.77	-0.01	-10.41	0.0	0.9	-9.88	-0.38	3.21	-10.58	-3.94
11:29:15.235663	-2.31	-10.46	1.11	0.09	-10.35	-0.31	0.59	-10.3	-0.92	2.2800000000000002	-10.44	-4.5200000000000005
11:29:15.245801	-2.82	-10.23	1.24	0.2	-10.27	-0.52	0.87	-9.64	-1.24	2.35	-10.39	-5.05
11:29:15.255877	-2.93	-10.13	1.23	0.39	-10.21	-0.4	0.92	-9.38	-0.75	2.68	-10.08	-5.79
11:29:15.265949	-2.96	-9.92	1.01	0.16	-10.11	-0.74	0.97	-9.38	-1.0	2.42	-10.02	-2.82
11:29:15.276027	-2.84	-9.78	0.91	0.29	-10.1	-1.24	0.64	-9.93	-1.49	1.62	-11.41	-5.07
11:29:15.286113	-2.59	-9.69	0.81	0.27	-10.18	-1.46	0.74	-9.69	-1.56	1.6	-11.51	-4.95
11:29:15.296201	-1.99	-9.75	0.68	0.26	-10.28	-1.3900000000000001	0.39	-9.870000000000001	-0.68	2.7	-12.030000000000001	-5.03
11:29:15.306329	0.0	-10.6	1.47	0.75	-10.74	-0.92	0.72	-10.51	-0.81	5.26	-11.6	-4.57
11:29:15.316999	0.45	-11.65	2.04	1.24	-11.82	-0.7000000000000001	0.33	-11.82	-1.81	1.19	-15.620000000000001	-4.59
11:29:15.327151	0.08	-12.46	2.45	1.56	-12.9	-0.61	0.44	-12.370000000000001	-1.94	-1.52	-15.200000000000001	-3.27
11:29:15.337231	-1.95	-13.16	3.14	1.3800000000000001	-12.96	-0.55	-0.03	-12.38	-2.33	2.18	-13.41	-6.05
11:29:15.347304	-2.71	-13.21	3.13	0.88	-12.73	-1.08	-0.68	-11.68	-2.29	3.63	-15.94	-1.6600000000000001
11:29:15.357487	-2.88	-13.030000000000001	3.04	0.7000000000000001	-12.72	-1.17	-2.5	-12.700000000000001	-3.0	1.5	-15.870000000000001	-3.21
11:29:15.367652	-2.46	-12.6	2.52	0.37	-12.49	-1.02	-1.92	-12.790000000000001	-3.98	-0.46	-18.6	-0.02
11:29:15.377730	-0.14	-10.99	0.67	-0.08	-12.19	-1.26	-2.5100000000000002	-12.67	-2.84	-0.46	-18.6	-0.02
11:29:15.387834	1.56	-10.21	-0.04	-1.41	-10.93	-1.86	-1.95	-13.540000000000001	-1.18	-0.51	-18.14	-0.5700000000000001
11:29:15.397921	2.79	-9.53	-0.71	-1.92	-10.63	-2.33	-1.29	-13.48	-2.85	1.79	-20.35	0.62
11:29:15.407995	3.39	-8.98	-1.18	-2.37	-10.48	-2.77	-1.1400000000000001	-14.75	-3.3200000000000003	3.37	-21.47	1.26
11:29:15.418082	3.24	-8.13	-1.71	-3.22	-9.120000000000001	-1.9100000000000001	0.27	-16.29	-3.3000000000000003	4.8500000000000005	-15.98	2.65
11:29:15.428209	2.86	-7.640000000000001	-1.92	-2.89	-8.92	-2.13	2.65	-13.34	-3.94	4.67	-9.57	-3.58
11:29:15.438303	2.64	-7.42	-1.83	-3.86	-8.75	-0.6900000000000001	3.71	-11.75	-2.56	4.9	-6.0	-2.96
11:29:15.448421	2.63	-7.34	-1.53	-3.73	-9.1	-0.81	4.87	-10.46	-0.38	2.19	-3.3000000000000003	-2.43
11:29:15.458493	1.9000000000000001	-7.66	-0.67	-3.65	-9.32	-1.04	3.22	-7.83	10.92	-5.84	-5.25	5.87
11:29:15.468586	1.44	-8.23	-0.04	-3.4	-9.96	-0.6900000000000001	2.12	-9.19	10.27	-14.370000000000001	-3.99	15.18
11:29:15.478923	1.44	-8.23	-0.04	-3.4	-9.96	-0.6900000000000001	1.05	-10.52	9.56	-14.370000000000001	-3.99	15.18
11:29:15.489013	0.35000000000000003	-10.44	1.73	-2.91	-11.16	-0.53	0.8200000000000001	-10.700000000000001	7.140000000000001	-15.67	-0.48	17.12
11:29:15.499544	0.05	-11.11	2.27	-3.18	-13.41	0.18	-0.5	-11.13	4.03	7.07	-9.700000000000001	2.13
11:29:15.509615	-0.26	-11.44	2.5	-3.12	-13.030000000000001	0.76	-1.43	-11.31	3.59	1.8900000000000001	-5.48	5.1000000000000005
11:29:15.519776	-0.63	-11.46	2.54	-3.0	-12.280000000000001	0.75	-1.32	-9.77	5.04	0.1	-2.39	6.67
11:29:15.529867	-0.8	-10.61	1.97	-2.19	-11.25	0.53	0.66	-7.01	5.92	2.5	-2.77	6.07
11:29:15.540389	-0.55	-10.02	1.53	-1.93	-10.71	0.72	0.62	-7.21	5.49	2.72	-5.07	4.8
11:29:15.550479	0.0	-9.6	1.25	-1.85	-10.26	0.55	0.26	-6.48	5.3	0.52	-5.49	5.03
11:29:15.560585	0.23	-9.26	0.91	-1.3800000000000001	-10.19	0.14	-0.31	-6.12	5.8	0.08	-8.38	3.61
11:29:15.570706	0.58	-8.870000000000001	0.51	-1.17	-9.88	-0.6	-0.31	-6.12	5.8	0.08	-6.09	5.0600000000000005
11:29:15.580835	0.65	-8.790000000000001	0.37	-1.17	-9.88	-0.6	-0.91	-5.9	5.72	0.08	-6.09	5.0600000000000005
11:29:15.590962	0.64	-8.75	0.27	-1.45	-8.950000000000001	-0.42	-1.33	-6.390000000000001	5.63	0.64	-6.07	4.17
11:29:15.601367	0.55	-8.74	0.2	-1.09	-8.67	-1.12	-0.32	-5.4	5.8100000000000005	0.05	-8.290000000000001	2.44
11:29:15.611476	0.24	-8.76	0.37	-1.92	-7.59	-1.59	-0.46	-5.93	5.47	-0.13	-8.43	2.0
11:29:15.621607	0.02	-8.81	0.54	-2.0300000000000002	-6.84	-1.9000000000000001	-0.8	-5.92	5.5200000000000005	-0.21	-9.11	1.12
11:29:15.631734	-0.21	-8.870000000000001	0.73	-2.45	-6.72	-2.12	-1.1300000000000001	-5.99	6.29	-0.35000000000000003	-11.43	-0.55
11:29:15.642275	-0.41000000000000003	-8.870000000000001	0.92	-2.49	-6.57	-2.3000000000000003	-1.6	-6.19	6.23	0.37	-12.0	-1.61
11:29:15.652371	-0.62	-8.73	1.32	-2.52	-6.22	-1.37	-2.12	-6.55	6.0600000000000005	1.76	-12.23	-2.8000000000000003
11:29:15.662461	-0.65	-8.61	1.48	-2.54	-6.2	-1.04	-2.54	-7.72	5.8100000000000005	3.33	-12.49	-3.63
11:29:15.672576	-0.66	-8.49	1.57	-2.47	-6.16	-0.75	-2.2800000000000002	-8.18	5.7700000000000005	5.2	-13.07	-4.49
11:29:15.682691	-0.63	-8.370000000000001	1.6	-2.47	-6.32	-0.79	-1.58	-8.34	5.41	5.26	-13.4	-4.94
11:29:15.693176	-0.44	-8.28	1.48	-2.39	-6.16	-0.72	-0.92	-8.700000000000001	5.2	5.3	-14.06	-6.03
11:29:15.703288	-0.37	-8.21	1.23	-2.02	-6.2	-0.88	0.0	-9.38	5.2700000000000005	5.44	-14.55	-6.79
11:29:15.713506	-0.26	-8.22	1.08	-1.75	-6.48	-1.27	0.27	-9.85	4.51	5.89	-14.86	-8.25
11:29:15.724218	-0.17	-8.41	0.66	-1.37	-6.44	-1.5	0.3	-9.96	4.22	5.3100000000000005	-15.200000000000001	-9.09
11:29:15.734625	-0.15	-8.53	0.49	-0.55	-6.97	-2.7	0.24	-10.03	4.2700000000000005	4.98	-15.02	-9.66
11:29:15.744695	-0.21	-8.700000000000001	0.41000000000000003	-0.04	-7.24	-3.23	-0.09	-10.3	4.24	5.04	-14.4	-9.53
11:29:15.754796	-0.28	-8.84	0.42	0.38	-7.41	-3.9	-0.41000000000000003	-10.26	4.3	5.11	-14.07	-10.21
11:29:15.764868	-0.68	-9.16	0.77	0.64	-7.7	-4.26	-0.73	-10.74	3.66	5.03	-14.07	-11.11
11:29:15.775201	-0.93	-9.27	0.91	1.61	-8.19	-4.62	-0.93	-10.48	3.5700000000000003	5.03	-13.51	-11.47
11:29:15.785321	-1.09	-9.41	1.1500000000000001	2.04	-8.48	-4.68	-0.78	-10.28	3.35	3.87	-13.07	-12.13
11:29:15.795390	-1.21	-9.5	1.34	2.45	-9.08	-4.64	-0.59	-9.69	2.99	3.24	-12.71	-12.26
11:29:15.805461	-1.18	-9.76	1.69	2.5	-9.17	-4.38	-0.5700000000000001	-9.74	2.36	2.57	-13.02	-13.16
11:29:15.815529	-1.03	-9.9	1.78	2.44	-9.4	-4.5	-0.52	-9.69	2.11	2.66	-12.72	-13.94
11:29:15.825598	-0.9500000000000001	-10.040000000000001	1.8	2.06	-9.58	-4.47	-0.42	-9.78	1.82	3.87	-11.27	-15.040000000000001
11:29:15.835677	-0.8200000000000001	-10.28	1.87	1.86	-9.69	-4.6000000000000005	-0.29	-9.73	1.37	4.14	-10.98	-15.66
11:29:15.845748	-0.97	-10.4	1.77	1.04	-9.790000000000001	-4.69	-0.23	-9.26	0.62	3.97	-10.4	-16.03
11:29:15.855850	-0.81	-10.41	1.8	0.73	-9.78	-4.74	-0.31	-9.06	0.67	3.33	-9.85	-16.04
11:29:15.865917	-0.92	-10.58	1.68	0.27	-9.78	-4.7	-0.37	-8.68	0.73	2.1	-9.31	-15.67
11:29:15.876028	-1.44	-10.96	1.5	0.13	-9.73	-4.68	-0.49	-8.21	0.97	1.6600000000000001	-9.16	-15.38
11:29:15.886160	-1.44	-10.96	1.5	-0.15	-9.82	-4.5200000000000005	-0.39	-8.24	0.97	1.45	-9.03	-15.15
11:29:15.896248	-1.46	-11.02	1.35	-0.12	-9.94	-4.48	-0.34	-8.31	1.18	1.25	-8.24	-14.08
11:29:15.906313	-1.52	-11.14	1.2	0.04	-10.05	-4.54	-0.23	-8.21	1.6	1.16	-8.700000000000001	-13.49
11:29:15.916392	-1.56	-11.05	1.1	0.08	-9.99	-4.55	-0.28	-8.45	2.12	1.23	-8.950000000000001	-12.97
11:29:15.926462	-1.59	-10.93	1.07	0.12	-9.870000000000001	-4.4	-0.42	-8.68	2.27	1.33	-10.08	-11.68
11:29:15.936606	-1.68	-10.74	1.06	0.17	-9.53	-4.18	-0.53	-8.700000000000001	2.54	3.8000000000000003	-9.870000000000001	-13.69
11:29:15.946718	-1.79	-10.370000000000001	1.01	0.09	-9.19	-3.95	-0.46	-8.91	2.95	0.73	-4.33	-11.06
11:29:15.956880	-1.83	-10.200000000000001	1.01	0.03	-8.73	-3.67	-0.61	-8.8	3.0300000000000002	-0.77	-3.24	-4.26
11:29:15.967326	-1.57	-10.14	1.06	-0.11	-7.78	-2.66	-0.68	-9.07	2.8000000000000003	2.86	-10.06	-0.84
11:29:15.977398	-0.79	-10.41	1.05	-0.22	-7.82	-2.16	-0.45	-13.450000000000001	-3.45	2.86	-26.52	24.95
11:29:15.987667	0.13	-12.57	0.11	-0.41000000000000003	-8.700000000000001	-1.74	-0.5700000000000001	-17.01	-11.68	9.790000000000001	-23.55	14.67
11:29:15.997734	0.3	-13.18	-0.52	-0.49	-11.21	-1.49	-1.59	-17.82	-10.83	11.26	-14.44	-11.24
11:29:16.007804	0.54	-13.46	-1.03	-1.42	-13.66	-1.48	-0.23	-14.94	-3.16	6.88	-3.63	-7.48
11:29:16.017874	0.68	-13.39	-1.48	-0.97	-13.49	-2.75	-0.14	-10.790000000000001	1.75	-6.36	-8.52	-7.29
11:29:16.027988	0.99	-11.81	-1.48	-0.64	-12.950000000000001	-4.0200000000000005	-2.37	-10.43	3.83	-1.95	-8.88	1.03
11:29:16.038073	1.1300000000000001	-11.0	-1.27	-0.92	-12.49	-3.06	-3.84	-9.91	1.54	4.2700000000000005	-10.25	3.16
11:29:16.048174	0.97	-10.370000000000001	-0.8200000000000001	-0.34	-12.200000000000001	-4.79	-3.29	-9.65	0.29	0.85	-6.65	-2.93
11:29:16.058244	0.67	-9.84	-0.23	-0.6900000000000001	-10.32	-4.98	1.79	-8.53	2.16	-1.9100000000000001	-8.78	-3.24
11:29:16.068358	-0.01	-9.0	0.9400000000000001	-1.47	-8.43	-3.5700000000000003	2.75	-9.23	2.37	-1.3800000000000001	-8.13	0.17
11:29:16.078452	-0.22	-8.89	1.41	-3.23	-6.88	0.5	3.2600000000000002	-10.56	1.9000000000000001	1.19	-9.48	2.43
11:29:16.088568	-0.33	-8.85	1.77	-2.62	-7.09	1.24	1.16	-11.14	1.08	1.57	-8.31	-3.97
11:29:16.098687	-0.07	-8.790000000000001	2.0100000000000002	-1.71	-7.32	1.9000000000000001	0.65	-10.38	1.9000000000000001	1.04	-10.02	-4.8
11:29:16.108789	0.14	-8.89	1.9000000000000001	-0.59	-8.13	1.75	0.46	-9.36	1.9100000000000001	0.1	-11.290000000000001	-0.6
11:29:16.119424	0.46	-8.950000000000001	1.6500000000000001	2.38	-10.17	-0.2	-1.53	-9.33	0.61	0.08	-10.5	1.26
11:29:16.129555	0.85	-8.9	1.3	3.6	-10.49	-0.84	-0.91	-9.21	1.17	1.6600000000000001	-8.64	-3.43
11:29:16.139699	1.7	-8.93	0.56	4.07	-10.35	-0.56	0.33	-8.75	1.96	1.59	-7.91	-3.52
11:29:16.150360	1.9100000000000001	-8.98	0.09	2.49	-10.07	0.47000000000000003	1.09	-9.38	1.67	1.24	-8.52	-0.45
11:29:16.160453	2.04	-9.07	-0.29	1.23	-9.93	0.62	1.54	-10.63	-0.6900000000000001	2.0	-9.77	-3.0100000000000002
11:29:16.170526	1.92	-9.24	-0.67	0.14	-9.700000000000001	0.44	1.76	-10.33	-0.93	1.86	-9.96	-2.23
11:29:16.180834	1.92	-9.24	-0.67	0.14	-9.700000000000001	0.44	1.96	-10.01	-0.58	1.86	-9.96	-2.23
11:29:16.191192	1.47	-9.56	-1.3800000000000001	-0.71	-9.59	-0.16	1.81	-10.17	-0.17	1.42	-9.97	-4.0
11:29:16.201301	0.98	-9.72	-1.74	-0.8200000000000001	-9.74	-1.9000000000000001	1.56	-10.21	-0.21	1.1400000000000001	-9.33	-3.67
11:29:16.211429	0.76	-9.790000000000001	-1.72	-1.21	-9.42	-2.24	1.03	-9.99	0.62	1.09	-9.23	-3.09
11:29:16.221501	0.33	-9.69	-1.33	-1.41	-9.03	-2.11	0.14	-10.05	0.8300000000000001	0.8300000000000001	-9.03	-2.65
11:29:16.231728	0.08	-9.57	-1.05	-1.25	-9.47	-1.28	0.14	-10.05	0.8300000000000001	0.61	-10.25	-0.35000000000000003
11:29:16.241862	-0.04	-9.5	-0.81	-1.32	-9.68	-1.16	0.14	-10.13	0.89	1.41	-9.67	-4.07
11:29:16.251993	-0.32	-9.28	-0.31	-1.1400000000000001	-9.52	-0.87	0.77	-9.49	0.53	1.1300000000000001	-8.85	-2.75
11:29:16.262286	-0.32	-9.200000000000001	-0.12	-1.05	-9.21	-0.53	0.78	-9.49	0.18	1.6500000000000001	-8.81	-3.21
11:29:16.272398	-0.24	-9.1	0.05	-0.3	-9.25	-0.5	0.9500000000000001	-9.790000000000001	-0.29	1.6400000000000001	-9.55	-0.59
11:29:16.282511	-0.11	-9.02	0.19	0.03	-9.450000000000001	-0.3	1.35	-9.74	-0.39	1.71	-8.92	-3.21
11:29:16.292626	0.01	-9.03	0.19	0.48	-9.48	-0.28	2.2600000000000002	-9.38	-0.78	1.71	-8.92	-3.21
11:29:16.302710	0.1	-8.97	0.13	0.8200000000000001	-9.34	-0.24	1.79	-9.67	-1.2	1.5	-8.74	-3.2600000000000002
11:29:16.312861	0.04	-8.9	0.06	1.48	-9.14	-0.15	1.79	-9.67	-1.2	1.35	-9.56	-3.66
11:29:16.322965	-0.06	-8.88	-0.06	1.56	-9.58	-0.42	1.03	-8.98	-0.84	1.1300000000000001	-9.22	-3.27
11:29:16.333182	-0.1	-8.81	-0.44	1.57	-9.57	-0.29	0.8	-9.02	-0.6900000000000001	1.1300000000000001	-9.22	-3.27
11:29:16.343284	-0.17	-8.85	-0.59	1.59	-9.68	-0.53	0.8200000000000001	-9.64	-0.91	1.29	-9.89	-1.4000000000000001
11:29:16.353417	-0.11	-8.84	-0.73	1.43	-9.790000000000001	-0.73	0.77	-9.93	-0.92	1.6300000000000001	-9.290000000000001	-3.42
11:29:16.363845	-0.12	-8.9	-0.77	1.11	-9.68	-0.86	1.26	-9.39	-0.6900000000000001	1.4000000000000001	-9.07	-3.44
11:29:16.373917	-0.11	-9.0	-0.76	0.89	-9.59	-1.01	1.18	-9.59	0.33	1.75	-9.11	-4.03
11:29:16.384042	-0.22	-9.03	-0.65	0.67	-9.52	-1.1400000000000001	1.09	-9.83	0.78	2.04	-9.56	-1.37
11:29:16.394167	-0.31	-8.92	-0.48	0.26	-9.55	-1.1500000000000001	0.85	-9.71	0.72	1.4000000000000001	-9.450000000000001	-4.0
11:29:16.404627	-0.43	-8.94	-0.36	0.0	-9.48	-0.9500000000000001	0.26	-9.620000000000001	1.47	1.4000000000000001	-9.27	-3.38
11:29:16.414717	-0.64	-8.97	0.0	-0.37	-9.36	-0.92	-0.04	-9.56	2.42	1.79	-8.870000000000001	-4.1
11:29:16.424787	-0.71	-9.0	0.14	-0.72	-9.23	-0.86	-0.28	-9.81	1.98	1.3900000000000001	-9.93	-3.16
11:29:16.434859	-0.74	-9.06	0.22	-0.92	-9.42	-0.87	0.14	-9.72	1.17	1.33	-9.4	-4.47
11:29:16.445002	-0.79	-9.33	0.1	-1.1500000000000001	-9.32	-0.35000000000000003	0.42	-9.61	1.71	1.59	-9.15	-4.0600000000000005
11:29:16.455111	-0.79	-9.33	0.1	-1.22	-9.44	0.02	0.5700000000000001	-9.86	1.93	2.0300000000000002	-9.13	-3.35
11:29:16.465218	-0.73	-9.46	-0.17	-1.24	-9.53	0.36	0.58	-10.040000000000001	1.07	1.58	-10.05	-3.86
11:29:16.475894	-0.62	-9.57	-0.4	-1.1500000000000001	-9.5	0.54	0.68	-9.540000000000001	1.82	1.33	-9.17	-4.07
11:29:16.486012	-0.54	-9.65	-0.51	-1.06	-9.4	1.04	0.76	-9.41	2.65	1.51	-9.42	-4.8500000000000005
11:29:16.496093	-0.45	-9.76	-0.55	-0.96	-9.540000000000001	1.19	0.49	-10.01	1.83	1.71	-9.200000000000001	-3.24
11:29:16.506156	-0.34	-9.89	-0.5700000000000001	-0.74	-9.89	1.17	0.98	-9.9	1.71	1.86	-9.81	-4.23
11:29:16.516247	-0.24	-10.18	-0.54	-0.7000000000000001	-9.96	1.1500000000000001	1.26	-9.88	1.8900000000000001	1.33	-9.97	-4.3500000000000005
11:29:16.526318	-0.22	-10.31	-0.5	-0.64	-10.25	0.9400000000000001	1.23	-10.05	2.33	1.41	-10.19	-5.68
11:29:16.536388	-0.26	-10.51	-0.44	-0.74	-10.22	0.71	0.5700000000000001	-10.84	1.72	1.78	-9.93	-2.62
11:29:16.546466	-0.39	-10.64	-0.38	-1.85	-10.52	0.15	1.03	-10.49	1.57	1.12	-11.84	-5.16
11:29:16.556537	-0.58	-10.74	-0.26	-1.61	-10.51	0.19	1.06	-10.55	2.06	-0.88	-11.42	-5.1000000000000005
11:29:16.566625	-0.7000000000000001	-10.89	-0.12	-1.71	-10.63	0.27	1.02	-10.64	1.6600000000000001	0.06	-9.52	-4.0200000000000005
11:29:16.577058	-0.98	-10.85	-0.02	-1.95	-10.370000000000001	-0.18	0.0	-10.71	1.3	3.38	-10.27	-3.9
11:29:16.587124	-1.17	-10.790000000000001	0.07	-1.36	-10.72	-0.49	0.52	-10.42	0.71	1.8800000000000001	-10.75	-5.14
11:29:16.597207	-1.47	-10.93	0.21	-0.74	-10.86	-0.18	0.21	-10.66	1.09	2.7	-10.75	-5.36
11:29:16.607276	-1.61	-10.85	0.25	-0.76	-10.870000000000001	0.27	-0.4	-11.25	0.47000000000000003	4.25	-10.09	-5.0200000000000005
11:29:16.617379	-1.71	-10.790000000000001	0.23	-0.42	-10.85	0.09	-0.27	-10.75	0.71	3.56	-10.28	-4.5600000000000005
11:29:16.627444	-1.82	-10.620000000000001	0.21	-0.37	-10.89	-0.16	0.12	-10.34	0.48	3.04	-11.08	-5.3100000000000005
11:29:16.637518	-1.86	-10.49	0.15	0.08	-10.89	-0.23	0.08	-10.450000000000001	0.74	3.31	-10.52	-5.19
11:29:16.647678	-1.85	-10.25	0.1	-0.17	-10.8	-0.31	0.17	-10.69	0.0	3.24	-10.84	-5.34
11:29:16.657749	-1.74	-10.16	0.07	-0.14	-10.65	-0.47000000000000003	0.55	-10.200000000000001	-0.09	1.75	-10.71	-4.8500000000000005
11:29:16.667938	-1.46	-9.98	0.11	0.09	-10.49	-0.76	0.73	-10.05	-0.29	1.6600000000000001	-11.66	-5.11
11:29:16.678043	-1.08	-10.06	0.3	0.18	-10.5	-1.04	0.6	-10.47	-0.61	1.61	-11.09	-5.62
11:29:16.688116	-0.34	-10.4	0.79	0.33	-10.44	-1.21	0.66	-11.01	-0.9500000000000001	3.5700000000000003	-11.620000000000001	-5.51
11:29:16.698257	0.27	-11.15	1.44	0.6	-10.68	-1.02	1.46	-10.83	-1.6	3.5700000000000003	-11.620000000000001	-5.51
11:29:16.708776	-0.36	-12.3	2.58	1.08	-12.040000000000001	-0.3	1.02	-11.05	-1.22	3.0	-13.120000000000001	-5.51
11:29:16.719089	-1.26	-12.4	2.86	1.11	-12.01	-0.32	0.22	-11.55	-1.9100000000000001	0.19	-14.030000000000001	-4.51
11:29:16.729251	-2.16	-12.34	2.85	0.8300000000000001	-11.74	-0.51	-0.7000000000000001	-11.42	-1.83	2.6	-13.97	-4.36
11:29:16.739347	-2.77	-12.07	2.52	0.19	-11.540000000000001	-0.84	-1.18	-11.27	-1.8900000000000001	2.6	-13.97	-4.36
11:29:16.749452	-1.84	-10.76	1.1	-0.28	-11.25	-1.1300000000000001	-2.0	-11.81	-2.04	0.17	-15.3	-4.53
11:29:16.759558	-0.14	-10.01	0.24	-0.71	-11.07	-1.6500000000000001	-2.16	-12.14	-1.55	-0.99	-17.01	0.45
11:29:16.769770	1.84	-9.290000000000001	-0.46	-1.08	-10.74	-2.05	-2.11	-12.68	-0.99	-1.24	-17.75	-1.03
11:29:16.780066	3.3200000000000003	-8.67	-1.23	-2.06	-10.09	-2.89	-1.67	-12.56	-3.0	0.43	-19.39	-0.58
11:29:16.790135	3.92	-8.040000000000001	-2.25	-2.25	-9.56	-2.65	-0.44	-14.6	-4.04	1.9000000000000001	-20.48	0.8300000000000001
11:29:16.800267	3.35	-7.91	-2.38	-2.43	-8.99	-2.2800000000000002	0.58	-13.65	-3.64	3.5	-17.400000000000002	3.31
11:29:16.811044	2.73	-8.06	-2.23	-2.32	-8.57	-1.71	1.59	-13.540000000000001	-4.0600000000000005	4.53	-13.24	-0.14
11:29:16.821167	2.21	-8.47	-1.6	-3.46	-8.370000000000001	-0.49	4.0600000000000005	-11.38	-1.76	5.47	-11.68	-3.0300000000000002
11:29:16.831299	2.05	-8.55	-1.09	-3.61	-9.040000000000001	-1.57	5.15	-10.14	0.12	5.94	-6.61	-5.94
11:29:16.841872	1.79	-8.73	-0.67	-3.12	-9.36	-1.3800000000000001	4.47	-9.58	3.54	5.46	-2.98	-9.27
11:29:16.852043	1.79	-8.73	-0.67	-2.89	-10.61	-0.2	4.13	-8.790000000000001	9.290000000000001	1.99	-2.2	-2.65
11:29:16.862171	1.45	-9.01	-0.1	-2.67	-11.73	-0.06	1.2	-10.74	8.32	-6.29	-2.0300000000000002	6.5600000000000005
11:29:16.872578	0.53	-9.71	0.9	-2.69	-13.14	0.15	0.36	-10.85	6.33	-16.56	1.3800000000000001	16.84
11:29:16.883002	0.11	-10.13	1.42	-2.35	-13.83	0.33	-0.3	-11.96	2.9	-4.88	-7.53	8.61
11:29:16.893131	-0.17	-10.61	1.85	-1.87	-13.46	0.63	-0.68	-10.4	4.38	5.58	-15.06	5.01
11:29:16.903346	-0.39	-10.88	2.1	-1.95	-12.74	0.41000000000000003	-0.11	-8.55	5.22	7.03	-13.13	1.01
11:29:16.913810	-0.62	-10.84	2.02	-1.55	-11.97	0.5	0.71	-7.51	5.57	-1.6	-4.32	6.19
11:29:16.923884	-0.59	-10.53	1.72	-0.77	-11.200000000000001	0.22	1.51	-7.2700000000000005	5.5200000000000005	0.73	-2.46	6.84
11:29:16.933993	-0.41000000000000003	-10.19	1.4000000000000001	-0.75	-10.3	-0.32	0.85	-6.71	5.2700000000000005	3.8200000000000003	-0.26	7.08
11:29:16.944658	-0.17	-9.86	1.05	-0.64	-9.950000000000001	-0.53	0.65	-6.41	5.11	1.86	-5.91	5.13
11:29:16.954911	0.18	-9.540000000000001	0.6900000000000001	-0.55	-9.83	-0.62	0.39	-6.15	5.45	-0.89	-7.99	4.71
11:29:16.964983	0.17	-9.25	0.3	-0.73	-9.71	-0.65	0.03	-6.13	6.01	-0.28	-9.33	3.41
11:29:16.975429	0.15	-9.200000000000001	0.22	-1.29	-9.02	-0.8	0.0	-6.11	5.88	1.1400000000000001	-8.290000000000001	3.14
11:29:16.985878	0.09	-9.1	0.11	-1.57	-8.96	-0.76	0.1	-5.6000000000000005	5.95	0.49	-5.46	4.92
11:29:16.995979	0.0	-9.05	0.17	-1.6300000000000001	-8.55	-1.06	-0.01	-6.37	5.24	0.39	-8.13	3.5
11:29:17.006233	-0.16	-9.03	0.27	-1.48	-7.7700000000000005	-1.5	-0.32	-6.51	5.54	-0.55	-10.52	2.08
11:29:17.016299	-0.54	-8.97	0.55	-2.41	-7.390000000000001	-1.57	-0.61	-6.86	5.92	-0.97	-10.94	1.17
11:29:17.026426	-0.67	-8.93	0.74	-2.1	-6.91	-1.58	-1.6600000000000001	-7.0200000000000005	6.6000000000000005	-0.99	-11.64	-0.26
11:29:17.036492	-0.8	-8.91	0.89	-2.22	-6.87	-1.2	-2.31	-7.22	6.49	-1.11	-12.540000000000001	-1.22
11:29:17.046568	-0.76	-8.78	1.01	-2.43	-6.74	-0.76	-2.82	-7.94	6.26	-0.39	-13.26	-2.34
11:29:17.056682	-0.65	-8.64	1.18	-2.56	-6.8	-0.17	-2.95	-8.51	6.24	0.52	-13.56	-3.2800000000000002
11:29:17.066755	-0.64	-8.56	1.18	-2.4	-6.9	-0.25	-1.72	-9.08	5.61	2.5	-14.42	-4.94
11:29:17.076844	-0.5700000000000001	-8.540000000000001	1.03	-2.34	-6.93	-0.49	-1.21	-9.25	5.42	3.18	-14.46	-5.43
11:29:17.086958	-0.55	-8.59	0.9	-2.23	-6.73	-0.75	-0.47000000000000003	-9.67	5.09	3.45	-14.51	-6.16
11:29:17.097071	-0.46	-8.66	0.48	-1.74	-6.7	-1.37	0.88	-9.450000000000001	4.73	4.34	-14.97	-7.930000000000001
11:29:17.107199	-0.36	-8.620000000000001	0.22	-1.37	-6.9	-1.99	0.93	-9.43	4.8100000000000005	4.65	-14.26	-7.8
11:29:17.117265	-0.23	-8.6	-0.02	-0.84	-6.95	-2.34	0.75	-9.49	4.62	4.92	-14.13	-7.8500000000000005
11:29:17.127334	-0.16	-8.57	-0.21	-0.38	-7.12	-2.74	0.46	-9.69	4.53	5.3	-14.33	-8.43
11:29:17.137408	-0.14	-8.540000000000001	-0.27	0.36	-7.42	-3.93	-0.32	-10.31	4.6000000000000005	6.21	-13.77	-8.85
11:29:17.147484	-0.19	-8.65	-0.21	0.68	-7.5	-4.38	-0.34	-10.35	4.26	6.12	-13.66	-8.98
11:29:17.157576	-0.33	-8.83	-0.06	0.97	-7.4	-4.48	-0.56	-10.34	4.14	5.8100000000000005	-13.540000000000001	-9.290000000000001
11:29:17.167662	-0.51	-8.98	0.15	1.4000000000000001	-7.68	-4.7700000000000005	-0.43	-10.26	3.38	4.76	-13.66	-11.14
11:29:17.177790	-0.81	-9.31	0.58	1.6500000000000001	-7.92	-4.59	-0.49	-10.28	3.2600000000000002	4.76	-13.66	-11.14
11:29:17.187896	-0.8	-9.46	0.79	1.81	-8.26	-4.37	-0.25	-10.19	3.12	4.0200000000000005	-13.620000000000001	-11.42
11:29:17.198015	-0.8	-9.55	0.89	1.8900000000000001	-8.43	-4.2	-0.14	-9.98	2.59	3.09	-13.91	-12.33
11:29:17.208090	-0.9400000000000001	-9.700000000000001	0.98	1.61	-9.11	-4.11	-0.7000000000000001	-10.09	1.81	2.68	-13.97	-13.07
11:29:17.218215	-1.01	-9.82	0.96	1.31	-9.34	-4.16	-1.02	-9.53	1.51	2.5500000000000003	-12.450000000000001	-14.26
11:29:17.228311	-1.05	-9.92	0.96	1.05	-9.71	-4.42	-1.17	-9.26	1.12	2.5500000000000003	-11.92	-14.69
11:29:17.238872	-1.1400000000000001	-10.09	0.9500000000000001	0.68	-9.84	-4.62	-1.26	-8.72	0.91	2.68	-11.34	-15.040000000000001
11:29:17.248941	-1.5	-10.53	0.86	0.34	-10.040000000000001	-4.97	-1.16	-8.53	0.73	1.4000000000000001	-9.96	-15.290000000000001
11:29:17.259043	-1.6600000000000001	-10.96	0.89	0.25	-10.16	-4.98	-0.92	-8.25	0.7000000000000001	1.1	-9.69	-15.1
11:29:17.269154	-1.62	-11.22	0.99	0.17	-10.28	-4.84	-0.5700000000000001	-8.22	0.43	1.05	-9.67	-15.02
11:29:17.279260	-1.77	-11.540000000000001	0.96	-0.03	-10.370000000000001	-4.72	0.44	-8.42	0.44	0.62	-9.040000000000001	-14.13
11:29:17.289881	-1.82	-11.86	1.05	0.02	-10.25	-4.83	0.81	-8.45	0.74	0.45	-9.42	-13.59
11:29:17.300059	-1.92	-11.86	1.08	0.12	-10.08	-4.75	0.96	-8.57	1.02	0.77	-9.78	-13.3
11:29:17.310233	-1.98	-11.75	1.1300000000000001	0.19	-9.98	-4.67	0.48	-8.97	1.44	0.8300000000000001	-9.700000000000001	-12.64
11:29:17.320864	-2.0	-11.56	1.1400000000000001	0.0	-9.42	-4.12	0.1	-8.92	1.76	0.63	-9.28	-11.06
11:29:17.330992	-2.3000000000000003	-11.06	1.08	0.09	-8.99	-3.74	-0.07	-8.83	2.08	1.19	-10.22	-10.06
11:29:17.341634	-2.29	-10.700000000000001	1.04	0.11	-8.55	-3.5500000000000003	-0.22	-8.77	2.66	4.2700000000000005	-12.8	-11.47
11:29:17.351771	-2.23	-10.36	0.98	0.2	-8.03	-3.42	-0.36	-8.75	2.9	1.87	-4.0	-7.2700000000000005
11:29:17.361922	-2.05	-10.19	0.96	0.38	-7.28	-2.45	-0.97	-8.85	3.3000000000000003	1.08	-4.88	-4.6000000000000005
11:29:17.372182	-1.92	-9.790000000000001	0.92	0.31	-6.98	-2.07	-0.21	-12.19	-1.79	4.53	-10.9	-0.56
11:29:17.382786	-1.5	-9.81	1.01	0.12	-7.2	-1.99	0.23	-15.870000000000001	-10.07	3.42	-16.46	10.88
11:29:17.392954	-0.66	-10.26	0.98	0.18	-9.22	-2.02	-0.29	-17.53	-12.84	10.16	-24.16	11.11
11:29:17.403590	-0.31	-12.620000000000001	-0.09	-0.53	-13.69	-2.14	0.43	-15.76	-5.51	11.64	-14.07	-14.030000000000001
11:29:17.413860	-0.16	-13.38	-0.68	-0.21	-13.57	-4.01	1.36	-11.22	1.97	7.25	-3.02	-12.41
11:29:17.424470	0.11	-13.76	-1.28	-0.18	-13.32	-5.3500000000000005	-1.35	-11.09	3.3200000000000003	-3.8200000000000003	-5.83	-10.71
11:29:17.434610	0.76	-11.56	-1.8900000000000001	-0.46	-13.52	-3.85	-3.71	-10.51	0.06	0.05	-11.02	2.92
11:29:17.444710	0.93	-10.44	-1.51	0.48	-13.42	-5.4	-2.18	-7.75	1.37	6.72	-10.01	-2.02
11:29:17.454824	0.88	-9.38	-0.92	-0.28	-10.73	-6.19	0.15	-8.25	0.9500000000000001	4.3100000000000005	-6.82	-3.73
11:29:17.464955	0.74	-8.64	-0.22	-1.54	-8.11	-4.6000000000000005	1.29	-9.35	0.09	-0.34	-9.63	-1.22
11:29:17.475025	0.12	-8.36	1.07	-4.24	-5.47	0.72	2.75	-9.97	0.42	0.5700000000000001	-9.040000000000001	-1.97
11:29:17.485569	-0.2	-8.59	1.48	-3.8200000000000003	-6.13	0.04	2.74	-10.790000000000001	1.44	0.29	-8.43	-1.68
11:29:17.495642	-0.45	-8.75	1.73	-2.82	-6.71	-0.26	1.27	-11.040000000000001	1.41	0.37	-7.7	0.06
11:29:17.505717	-0.41000000000000003	-8.78	1.9100000000000001	-1.57	-7.34	0.24	0.19	-9.85	1.1	1.9100000000000001	-11.73	-4.65
11:29:17.515869	0.29	-8.83	1.76	0.4	-8.69	1.67	-0.92	-8.88	1.61	1.04	-11.13	-2.42
11:29:17.525939	0.71	-8.8	1.48	1.9100000000000001	-9.540000000000001	1.12	-0.68	-8.97	1.9000000000000001	-0.53	-9.47	-2.52
11:29:17.536035	1.1300000000000001	-8.76	1.09	3.36	-10.4	0.25	-0.29	-9.21	1.44	-0.81	-9.32	-0.48
11:29:17.546166	1.54	-8.88	0.71	4.28	-10.84	0.05	0.37	-9.55	1.1300000000000001	2.21	-8.1	-2.82
11:29:17.556242	1.6500000000000001	-9.26	-0.17	2.97	-10.5	0.35000000000000003	1.75	-10.28	0.32	1.71	-8.35	-1.35
11:29:17.566739	1.41	-9.46	-0.67	1.48	-9.99	0.38	1.8	-10.43	-0.33	1.45	-8.76	-2.82
11:29:17.576838	1.25	-9.63	-1.1300000000000001	0.52	-9.71	0.41000000000000003	1.71	-10.52	-0.88	1.81	-9.620000000000001	-1.12
11:29:17.586926	1.11	-9.76	-1.79	-0.2	-9.55	0.14	2.04	-9.74	0.19	1.58	-10.65	-4.65
11:29:17.597000	1.03	-9.72	-1.9000000000000001	-1.1	-9.35	-0.75	1.86	-9.82	0.88	1.47	-9.84	-3.3000000000000003
11:29:17.607067	0.91	-9.67	-1.95	-1.22	-9.25	-1.29	1.44	-9.9	1.09	1.31	-8.72	-2.65
11:29:17.617222	0.73	-9.63	-1.85	-1.24	-9.15	-1.69	1.07	-9.83	0.91	1.22	-9.56	-1.8800000000000001
11:29:17.627287	0.17	-9.65	-1.37	-1.12	-9.25	-1.49	0.43	-9.99	1.7	1.1	-9.26	-3.13
11:29:17.637387	-0.08	-9.67	-1.08	-1.68	-9.66	-1.1	0.38	-10.290000000000001	1.57	0.63	-9.59	-3.14
11:29:17.647458	-0.37	-9.65	-0.85	-1.52	-9.5	-0.73	0.06	-10.46	1.22	0.52	-9.89	-2.91
11:29:17.657525	-0.54	-9.58	-0.66	-1.55	-9.55	-0.42	0.03	-9.67	1.01	1.37	-9.81	-3.43
11:29:17.667667	-0.47000000000000003	-9.41	-0.34	-1.44	-9.4	-0.56	0.51	-9.32	0.98	1.0	-8.58	-3.3200000000000003
11:29:17.677729	-0.38	-9.290000000000001	-0.22	-0.9500000000000001	-9.24	-0.08	0.8	-9.34	0.87	1.0	-8.58	-3.3200000000000003
11:29:17.687802	-0.29	-9.19	-0.17	-0.48	-9.26	-0.19	1.43	-10.11	-0.44	1.43	-9.14	-1.6600000000000001
11:29:17.697869	-0.18	-9.120000000000001	-0.2	0.06	-9.51	0.01	2.13	-9.93	-0.42	1.6400000000000001	-9.48	-2.79
11:29:17.707962	-0.13	-8.98	-0.34	0.37	-9.67	0.13	2.7800000000000002	-9.58	-0.25	1.28	-9.07	-3.54
11:29:17.718059	-0.16	-8.94	-0.45	1.05	-9.31	0.01	2.82	-9.35	-0.15	1.25	-8.51	-3.9
11:29:17.728691	-0.21	-8.89	-0.55	1.41	-9.28	-0.04	1.74	-9.78	-0.31	1.5	-9.49	-0.5700000000000001
11:29:17.738801	-0.26	-8.91	-0.66	1.72	-9.52	-0.24	1.7	-9.53	-0.03	0.52	-9.32	-3.67
11:29:17.748872	-0.46	-8.97	-0.81	1.82	-9.57	-0.15	1.49	-9.26	0.29	0.78	-8.9	-3.7600000000000002
11:29:17.758992	-0.48	-9.06	-0.79	1.69	-9.65	-0.21	0.27	-9.86	0.77	1.98	-9.81	-2.42
11:29:17.769233	-0.55	-9.06	-0.78	1.3800000000000001	-9.31	-0.04	0.5700000000000001	-10.040000000000001	0.28	1.67	-9.43	-3.4
11:29:17.779612	-0.8	-9.19	-0.52	1.17	-9.8	-0.29	1.32	-10.01	-0.1	1.35	-9.43	-3.97
11:29:17.789707	-0.89	-9.31	-0.38	0.35000000000000003	-9.5	-0.32	1.46	-9.94	0.11	1.75	-8.86	-3.8000000000000003
11:29:17.799805	-0.96	-9.33	-0.18	0.06	-9.53	-0.3	0.99	-10.02	1.23	2.17	-9.77	-3.5100000000000002
11:29:17.809923	-0.99	-9.33	-0.03	-0.15	-9.59	-0.5	0.7000000000000001	-10.02	0.9500000000000001	1.61	-9.040000000000001	-4.03
11:29:17.820583	-0.96	-9.44	0.2	-0.15	-9.59	-0.5	0.52	-9.81	0.58	1.19	-9.24	-4.32
11:29:17.830699	-0.99	-9.44	0.23	-0.8	-9.46	-0.38	0.47000000000000003	-9.53	1.23	1.3	-9.18	-2.66
11:29:17.840801	-0.93	-9.4	0.19	-1.0	-9.51	-0.28	0.51	-10.03	0.96	1.37	-9.73	-4.09
11:29:17.850938	-0.81	-9.43	0.07	-0.99	-9.58	-0.3	0.53	-9.96	0.5	1.36	-9.36	-3.19
11:29:17.861588	-0.51	-9.5	-0.21	-1.08	-9.66	0.0	0.61	-9.77	0.27	1.43	-9.540000000000001	-5.04
11:29:17.872365	-0.39	-9.44	-0.38	-1.1400000000000001	-9.47	0.15	0.53	-10.07	-0.13	2.0100000000000002	-9.89	-1.69
11:29:17.882505	-0.3	-9.370000000000001	-0.56	-1.22	-9.61	0.03	0.85	-9.67	-0.26	1.79	-9.59	-4.41
11:29:17.892602	-0.23	-9.31	-0.71	-1.1400000000000001	-9.73	0.08	1.29	-9.34	-0.24	1.29	-9.48	-4.17
11:29:17.902731	-0.07	-9.33	-0.8300000000000001	-1.1300000000000001	-10.22	0.33	0.8300000000000001	-10.31	0.55	1.42	-9.75	-4.8500000000000005
11:29:17.912906	-0.05	-9.42	-0.84	-1.21	-10.17	0.63	0.56	-10.58	0.39	1.76	-10.41	-2.74
11:29:17.923506	-0.06	-9.56	-0.85	-0.61	-10.31	0.7000000000000001	0.97	-10.07	1.0	1.1	-10.42	-4.68
11:29:17.933638	-0.06	-9.75	-0.8	-0.72	-10.4	0.49	0.85	-10.11	1.83	0.84	-10.34	-4.44
11:29:17.943710	-0.19	-9.98	-0.6	-0.62	-10.44	0.37	0.78	-10.72	1.08	1.07	-10.56	-4.82
11:29:17.953784	-0.09	-10.05	-0.52	-0.78	-10.48	0.34	1.3900000000000001	-10.8	1.09	-1.06	-10.21	-2.6
11:29:17.964203	-0.24	-10.35	-0.42	-1.06	-10.5	0.5700000000000001	1.02	-10.13	1.61	1.08	-10.49	-4.9
11:29:17.974497	-0.6	-10.57	-0.09	-1.29	-10.5	0.5700000000000001	0.62	-10.32	1.59	2.46	-10.16	-5.88
11:29:17.984562	-0.8300000000000001	-10.620000000000001	0.16	-1.0	-10.43	0.4	0.12	-11.08	0.22	2.75	-10.48	-4.63
11:29:17.994635	-1.07	-10.72	0.32	-0.97	-10.35	0.58	-0.03	-10.59	0.66	2.88	-10.28	-4.67
11:29:18.004762	-1.74	-10.700000000000001	0.76	-0.77	-10.5	0.32	0.03	-10.27	1.17	3.61	-10.49	-5.58
11:29:18.014866	-1.92	-10.6	0.8	-0.84	-10.55	0.36	0.09	-10.58	0.88	4.01	-9.93	-5.8100000000000005
11:29:18.024945	-1.98	-10.48	0.74	-0.43	-10.55	-0.31	-0.17	-11.07	0.59	3.99	-9.99	-2.44
11:29:18.035017	-1.99	-10.43	0.71	-0.41000000000000003	-10.52	-0.08	0.6	-10.32	0.72	2.79	-10.69	-5.0
11:29:18.045126	-2.0300000000000002	-10.3	0.55	-0.19	-10.67	-0.11	0.4	-10.31	1.6400000000000001	2.06	-11.06	-5.43
11:29:18.055236	-2.06	-10.21	0.41000000000000003	-0.42	-10.57	-0.2	0.35000000000000003	-10.540000000000001	1.09	2.36	-10.450000000000001	-5.94
11:29:18.065380	-2.09	-10.14	0.35000000000000003	-0.12	-10.33	-0.62	0.05	-10.82	0.99	1.98	-10.3	-2.88
11:29:18.075990	-2.16	-9.97	0.29	0.09	-10.11	-0.56	0.68	-9.86	0.9	1.21	-10.790000000000001	-4.89
11:29:18.086116	-2.09	-9.700000000000001	0.26	-0.11	-10.07	-0.51	0.53	-9.76	1.23	1.1500000000000001	-10.83	-5.3500000000000005
11:29:18.096192	-1.78	-9.73	0.32	-0.2	-10.03	-0.55	0.44	-10.13	0.67	1.51	-10.41	-5.91
11:29:18.106266	-1.29	-9.84	0.55	0.0	-9.92	-0.5700000000000001	1.6400000000000001	-10.44	-0.71	2.5300000000000002	-10.51	-2.25
11:29:18.116338	-0.5700000000000001	-10.31	1.11	0.3	-10.63	-0.36	1.6600000000000001	-10.450000000000001	-0.59	3.22	-11.24	-5.76
11:29:18.126501	-0.44	-11.73	2.2600000000000002	0.87	-11.49	-0.17	1.03	-11.11	-0.02	2.46	-12.17	-6.140000000000001
11:29:18.136566	-0.99	-12.02	2.65	0.88	-11.74	0.03	0.66	-11.46	-1.1500000000000001	-0.84	-12.65	-2.1
11:29:18.146661	-1.78	-12.09	2.89	0.76	-11.620000000000001	-0.2	-0.48	-10.620000000000001	-1.26	1.03	-11.84	-4.03
11:29:18.156731	-2.68	-11.96	2.6	0.42	-11.870000000000001	-0.01	-0.91	-11.040000000000001	-1.61	2.69	-13.780000000000001	-5.09
11:29:18.166801	-2.36	-11.49	1.93	0.37	-11.81	-0.11	-1.26	-11.3	-1.9000000000000001	2.16	-14.55	-3.6
11:29:18.176913	-1.23	-10.93	1.07	-0.41000000000000003	-11.35	-0.6	-1.92	-11.61	-1.78	-0.41000000000000003	-14.39	-1.8900000000000001
11:29:18.186977	0.43	-10.200000000000001	0.19	-0.98	-10.97	-1.06	-2.04	-11.82	-1.31	-0.39	-15.17	-1.4000000000000001
11:29:18.197066	3.27	-9.0	-1.35	-1.75	-10.67	-1.43	-1.49	-11.64	-1.07	-0.52	-15.21	-2.83
11:29:18.207134	3.63	-8.63	-1.87	-1.73	-10.47	-1.97	-1.6400000000000001	-11.9	-2.2800000000000002	-0.5700000000000001	-16.48	-1.61
11:29:18.217305	3.33	-8.4	-2.17	-2.27	-9.81	-2.61	-0.15	-13.26	-4.46	0.88	-19.080000000000002	0.98
11:29:18.227424	2.84	-8.290000000000001	-2.32	-2.23	-9.25	-2.57	1.6500000000000001	-12.85	-4.9	2.47	-17.31	2.06
11:29:18.237527	2.41	-8.27	-2.1	-2.6	-8.66	-1.79	2.54	-12.1	-4.08	4.3	-14.77	1.08
11:29:18.247702	2.38	-8.31	-1.82	-2.62	-8.69	-1.57	2.54	-12.1	-4.08	5.64	-12.84	-0.86
11:29:18.257854	2.2800000000000002	-8.41	-1.36	-3.06	-8.69	-0.54	3.61	-8.86	2.72	4.34	-10.11	-5.4
11:29:18.267979	1.96	-8.41	-0.79	-3.16	-9.06	-1.11	2.22	-8.46	7.72	3.54	-3.97	-9.53
11:29:18.278414	1.05	-8.8	0.32	-3.31	-9.26	-1.17	0.88	-10.07	9.07	3.54	-3.97	-9.53
11:29:18.288511	0.59	-9.200000000000001	0.85	-3.2	-9.63	-0.68	-0.48	-11.05	7.890000000000001	-13.85	1.05	13.870000000000001
11:29:18.298617	0.29	-9.69	1.29	-2.61	-12.1	-0.16	-0.88	-11.02	6.09	-13.88	-1.96	13.780000000000001
11:29:18.308783	0.0	-10.120000000000001	1.6600000000000001	-3.27	-12.92	0.47000000000000003	-0.67	-11.870000000000001	4.38	-2.14	-8.63	6.2
11:29:18.319438	-0.34	-10.67	1.97	-2.7	-13.19	0.52	-0.34	-10.540000000000001	3.71	4.83	-11.73	3.31
11:29:18.329510	-0.54	-10.65	1.85	-2.74	-12.77	0.6	0.18	-8.99	4.89	-0.87	-8.07	5.89
11:29:18.339575	-0.53	-10.5	1.7	-2.94	-11.790000000000001	0.08	1.04	-8.09	5.37	-1.95	-4.0	6.78
11:29:18.349669	-0.26	-10.19	1.19	-2.34	-11.42	-0.14	1.04	-8.09	5.37	2.44	-1.3800000000000001	6.86
11:29:18.360331	-0.22	-10.07	0.97	-1.95	-10.82	-0.15	1.08	-8.02	5.0600000000000005	5.32	-4.92	5.21
11:29:18.370499	-0.08	-10.0	0.86	-0.8300000000000001	-10.88	-0.45	0.89	-7.23	4.76	1.6500000000000001	-7.29	5.33
11:29:18.380613	0.0	-9.94	0.74	-0.26	-10.11	-0.91	0.58	-7.25	4.66	-1.56	-10.03	4.29
11:29:18.391303	0.0	-9.71	0.46	-0.35000000000000003	-9.85	-0.79	-0.08	-6.890000000000001	4.9	1.9000000000000001	-8.2	3.34
11:29:18.401395	0.01	-9.48	0.32	-0.6	-9.47	-0.46	0.32	-6.3500000000000005	5.57	1.61	-5.14	3.64
11:29:18.411487	0.11	-9.35	0.29	-1.0	-8.64	-0.6	0.44	-6.38	5.58	1.51	-5.76	3.8200000000000003
11:29:18.421655	0.1	-9.16	0.3	-1.1500000000000001	-8.370000000000001	-0.52	0.07	-7.03	5.47	0.97	-8.03	2.59
11:29:18.432258	0.07	-8.94	0.36	-1.24	-8.11	-0.87	-0.48	-7.5	5.5	0.29	-10.07	1.25
11:29:18.442333	-0.02	-8.84	0.47000000000000003	-1.51	-7.76	-0.85	-1.22	-7.97	5.63	-0.13	-11.23	0.12
11:29:18.452527	-0.17	-8.790000000000001	0.58	-1.82	-7.63	-1.09	-2.0300000000000002	-7.7700000000000005	6.48	-0.26	-11.8	-0.68
11:29:18.462622	-0.24	-8.73	0.73	-1.76	-7.55	-1.2	-2.04	-7.96	6.3	-0.27	-11.790000000000001	-1.47
11:29:18.472780	-0.52	-8.700000000000001	0.88	-2.05	-7.5200000000000005	-0.79	-1.82	-8.25	5.95	0.8	-13.030000000000001	-3.11
11:29:18.482901	-0.54	-8.67	0.9400000000000001	-2.44	-7.51	-0.72	-1.62	-8.73	5.71	1.82	-13.43	-3.81
11:29:18.492967	-0.64	-8.76	0.97	-3.0500000000000003	-7.13	-0.64	-0.65	-9.22	5.45	2.5100000000000002	-13.9	-4.65
11:29:18.503138	-0.78	-8.89	0.9	-2.9	-7.12	-1.05	-0.04	-9.53	5.2700000000000005	2.83	-13.52	-4.66
11:29:18.513781	-0.75	-8.9	0.87	-2.73	-7.0	-1.47	0.4	-9.4	5.0	3.88	-14.49	-6.12
11:29:18.524442	-0.73	-8.9	0.76	-1.87	-6.96	-2.0300000000000002	0.4	-9.72	4.34	4.17	-14.89	-6.92
11:29:18.534602	-0.64	-8.89	0.65	-1.49	-7.03	-2.42	0.13	-9.6	4.16	4.34	-14.73	-7.58
11:29:18.544669	-0.52	-8.91	0.54	-0.89	-7.2700000000000005	-2.98	0.01	-9.290000000000001	4.19	4.8500000000000005	-13.89	-8.18
11:29:18.554758	-0.56	-8.86	0.53	-0.38	-7.54	-3.27	-0.13	-9.43	4.04	4.92	-13.59	-8.23
11:29:18.564830	-0.47000000000000003	-8.82	0.55	0.48	-7.66	-3.7600000000000002	-0.33	-10.14	4.19	4.9	-13.43	-8.15
11:29:18.574898	-0.43	-8.76	0.66	0.88	-7.59	-4.08	-0.46	-10.56	3.77	4.57	-13.81	-8.09
11:29:18.584978	-0.41000000000000003	-8.77	0.8300000000000001	1.08	-7.53	-4.0600000000000005	-0.5	-10.73	3.35	4.37	-14.280000000000001	-9.01
11:29:18.595050	-0.46	-8.83	0.9	1.2	-7.640000000000001	-3.98	-0.58	-10.26	3.22	4.47	-13.66	-9.290000000000001
11:29:18.605141	-0.51	-8.870000000000001	1.02	1.36	-7.8500000000000005	-3.97	-0.66	-10.08	2.95	4.5200000000000005	-13.24	-9.25
11:29:18.615209	-0.59	-9.0	1.12	1.27	-7.890000000000001	-3.83	-0.55	-9.94	2.47	4.68	-13.41	-9.66
11:29:18.625281	-0.75	-9.26	1.33	1.19	-7.94	-3.7800000000000002	-0.46	-9.91	2.0100000000000002	4.67	-12.44	-9.96
11:29:18.635359	-0.8300000000000001	-9.41	1.44	1.1	-8.14	-3.68	-0.66	-9.99	1.77	4.7700000000000005	-11.8	-10.370000000000001
11:29:18.645433	-0.91	-9.6	1.5	1.0	-8.65	-3.62	-0.73	-9.53	1.55	4.99	-10.540000000000001	-10.44
11:29:18.655522	-0.98	-9.71	1.49	0.93	-8.91	-3.8200000000000003	-0.75	-9.59	1.24	4.65	-11.46	-11.42
11:29:18.665588	-0.89	-9.94	1.6	0.8	-9.09	-3.99	-0.72	-9.47	0.9400000000000001	4.29	-10.59	-11.24
11:29:18.675692	-0.9	-10.13	1.57	0.71	-9.19	-4.05	-0.8200000000000001	-9.370000000000001	0.7000000000000001	3.67	-10.86	-11.58
11:29:18.685774	-0.98	-10.27	1.47	0.48	-9.55	-4.25	-0.99	-9.22	0.66	3.14	-10.64	-11.75
11:29:18.695872	-1.06	-10.540000000000001	1.47	0.5	-9.73	-4.44	-1.17	-9.1	0.49	1.8900000000000001	-10.120000000000001	-12.1
11:29:18.705990	-1.45	-10.97	1.06	0.49	-9.85	-4.69	-1.07	-8.6	0.46	1.4000000000000001	-9.8	-12.25
11:29:18.716103	-1.47	-11.07	0.9500000000000001	0.53	-9.96	-4.89	-0.8300000000000001	-8.6	0.56	1.24	-9.72	-12.46
11:29:18.726195	-1.72	-11.36	0.6900000000000001	0.34	-10.11	-5.19	-0.52	-8.64	0.67	1.3	-9.73	-12.620000000000001
11:29:18.736330	-1.8900000000000001	-11.36	0.53	0.22	-10.03	-5.3100000000000005	-0.17	-8.59	0.97	0.51	-9.540000000000001	-12.370000000000001
11:29:18.746442	-2.0100000000000002	-11.36	0.47000000000000003	0.15	-9.96	-5.36	-0.17	-8.52	1.04	0.28	-9.66	-12.24
11:29:18.757059	-2.0100000000000002	-11.24	0.42	0.0	-9.92	-5.13	-0.22	-8.42	1.07	0.16	-9.67	-12.120000000000001
11:29:18.767152	-2.09	-10.99	0.41000000000000003	-0.52	-9.77	-4.6000000000000005	-0.22	-8.3	1.27	-0.14	-9.290000000000001	-11.85
11:29:18.777225	-2.19	-10.78	0.43	-0.55	-9.64	-4.36	-0.05	-8.25	1.75	2.24	-12.58	-11.52
11:29:18.787304	-2.12	-10.57	0.44	-0.54	-9.3	-4.17	0.0	-8.2	1.96	3.22	-10.75	-13.71
11:29:18.797408	-2.05	-10.290000000000001	0.45	-0.38	-8.65	-3.97	-0.04	-7.8	2.41	2.48	-7.71	-12.6
11:29:18.807497	-1.59	-9.85	0.68	-0.05	-7.18	-2.9	-0.14	-8.13	2.44	2.02	-6.75	-12.450000000000001
11:29:18.817627	-0.38	-10.08	0.74	0.08	-6.96	-2.77	0.27	-11.78	-2.34	1.18	-11.33	-6.01
11:29:18.828160	0.45	-11.33	0.22	-0.22	-8.01	-2.99	-0.49	-17.42	-11.96	-3.34	-24.05	12.040000000000001
11:29:18.838299	0.67	-13.0	-0.71	-0.19	-11.56	-3.44	-2.5100000000000002	-19.11	-11.23	12.950000000000001	-5.7700000000000005	-7.17
11:29:18.848420	1.27	-14.49	-2.7	-0.98	-15.69	-3.98	1.81	-13.15	-0.68	3.27	-7.97	-12.02
11:29:18.858529	1.68	-14.26	-3.27	-0.01	-15.76	-4.82	-0.32	-12.040000000000001	1.68	-7.09	-8.65	-6.96
11:29:18.869191	2.14	-13.14	-3.09	1.1300000000000001	-14.89	-5.7700000000000005	-3.08	-10.39	2.8000000000000003	-3.96	-8.55	3.09
11:29:18.879460	2.24	-11.69	-2.45	0.73	-11.55	-3.2600000000000002	-3.86	-8.61	-0.16	6.49	-8.6	-3.37
11:29:18.889567	0.97	-9.290000000000001	-0.56	-0.45	-9.98	-3.65	-1.79	-7.23	1.75	1.61	-7.34	-2.73
11:29:18.899690	0.06	-8.74	0.14	-2.23	-8.040000000000001	-2.72	0.19	-7.44	2.0300000000000002	-0.8300000000000001	-7.24	-0.9400000000000001
11:29:18.910328	-0.26	-8.52	0.88	-3.92	-5.75	-1.09	2.14	-8.57	1.1300000000000001	-0.55	-9.44	0.12
11:29:18.920445	-0.38	-8.71	2.21	-3.52	-6.94	-0.71	4.72	-11.13	2.3000000000000003	0.34	-10.36	-2.31
11:29:18.930599	-0.39	-8.790000000000001	2.6	-1.55	-7.8100000000000005	-0.98	3.34	-10.91	2.83	0.36	-7.83	-2.06
11:29:18.940698	-0.21	-8.950000000000001	2.61	0.25	-8.27	-0.13	-0.19	-8.97	1.18	0.17	-7.5	-3.95
11:29:18.951408	0.17	-9.15	2.21	2.64	-9.21	1.55	-1.55	-9.05	1.24	1.35	-11.700000000000001	-0.5
11:29:18.961539	1.25	-9.61	1.06	3.79	-10.44	0.86	-1.5	-9.15	1.85	0.49	-10.3	-2.46
11:29:18.971971	1.81	-9.68	0.52	4.41	-10.94	0.16	-1.09	-9.51	2.09	0.47000000000000003	-9.68	-3.3000000000000003
11:29:18.982072	2.06	-9.69	-0.08	3.93	-11.040000000000001	0.0	0.46	-10.64	0.51	1.2	-8.58	-3.21
11:29:18.992155	2.18	-9.56	-0.55	1.59	-10.42	0.07	1.32	-10.64	0.4	2.61	-8.56	-1.37
11:29:19.002227	2.07	-9.34	-1.32	0.26	-9.59	-0.05	2.2	-10.040000000000001	-0.02	1.84	-9.66	-3.31
11:29:19.012296	1.85	-9.33	-1.78	-0.64	-8.950000000000001	-0.26	1.94	-9.92	-0.24	1.92	-9.82	-2.02
11:29:19.022372	1.92	-9.31	-2.06	-1.02	-8.64	-0.64	1.76	-10.21	-0.03	1.77	-9.75	-3.67
11:29:19.032564	1.92	-9.34	-2.25	-1.12	-9.1	-2.09	1.52	-10.08	0.7000000000000001	1.77	-9.68	-2.61
11:29:19.042670	1.61	-9.39	-2.16	-1.22	-9.32	-2.56	1.06	-9.870000000000001	1.49	1.77	-9.68	-2.61
11:29:19.053046	1.25	-9.49	-1.98	-1.3	-9.43	-2.37	-0.68	-10.03	1.8	1.77	-9.68	-2.61
11:29:19.063216	0.8300000000000001	-9.57	-1.73	-1.51	-9.15	-1.77	-1.36	-10.24	1.3800000000000001	1.16	-9.77	-1.3900000000000001
11:29:19.073650	0.6	-9.64	-1.42	-1.75	-9.51	-1.02	-1.31	-10.27	1.26	1.05	-10.1	-2.91
11:29:19.084006	0.23	-9.52	-0.93	-1.86	-9.11	-0.89	0.44	-9.790000000000001	0.58	1.06	-9.85	-3.56
11:29:19.094289	0.15	-9.38	-0.7000000000000001	-1.7	-8.91	-0.85	1.24	-9.790000000000001	-0.11	1.25	-9.370000000000001	-4.29
11:29:19.104361	0.21	-9.200000000000001	-0.5700000000000001	-0.91	-9.02	-1.1500000000000001	1.93	-9.790000000000001	-0.68	1.77	-10.01	-1.16
11:29:19.114449	0.52	-8.790000000000001	-0.41000000000000003	0.3	-9.120000000000001	-0.77	2.93	-9.68	-1.03	1.52	-9.08	-2.98
11:29:19.124949	0.47000000000000003	-8.620000000000001	-0.45	1.06	-9.18	-0.6	3.84	-9.14	-0.6	1.75	-8.81	-3.19
11:29:19.135015	0.62	-8.52	-0.45	1.6400000000000001	-9.36	-0.28	2.63	-9.5	-0.58	1.33	-8.66	-2.92
11:29:19.145095	0.71	-8.47	-0.47000000000000003	2.15	-9.39	-0.02	0.98	-9.67	-0.29	2.19	-9.370000000000001	-2.72
11:29:19.155198	0.65	-8.52	-0.68	2.52	-9.91	-0.21	-1.2	-9.33	0.21	1.83	-8.99	-3.0
11:29:19.165269	0.65	-8.63	-0.8200000000000001	2.19	-10.01	-0.17	-1.19	-9.48	0.24	1.28	-9.41	-3.46
11:29:19.175343	0.61	-8.78	-0.9	1.72	-10.1	-0.36	-0.47000000000000003	-9.870000000000001	0.03	2.11	-9.790000000000001	-0.43
11:29:19.185410	0.61	-8.94	-0.98	0.88	-10.01	-0.79	0.71	-9.950000000000001	-0.28	1.99	-9.81	-3.44
11:29:19.195492	0.4	-9.14	-1.04	0.55	-9.48	-0.91	1.6500000000000001	-9.620000000000001	-0.19	1.73	-9.25	-3.45
11:29:19.205588	0.33	-9.15	-1.04	0.18	-9.540000000000001	-1.28	1.26	-9.71	0.45	1.83	-9.1	-4.48
11:29:19.215676	0.23	-9.14	-0.9400000000000001	-0.15	-9.3	-1.1	0.77	-10.13	0.26	2.41	-9.6	0.31
11:29:19.225793	0.22	-9.07	-0.81	-0.29	-9.61	-1.62	0.76	-9.61	0.21	1.61	-9.42	-3.63
11:29:19.235867	0.27	-9.01	-0.59	-0.81	-9.47	-1.62	0.63	-9.34	1.2	1.31	-9.55	-3.49
11:29:19.245945	0.31	-8.97	-0.53	-0.87	-9.41	-1.45	0.35000000000000003	-9.6	1.67	1.46	-9.13	-4.68
11:29:19.256033	0.34	-8.94	-0.43	-0.76	-9.39	-1.28	-0.3	-10.28	0.85	2.07	-9.540000000000001	-1.51
11:29:19.266111	0.46	-9.01	-0.39	-0.87	-9.59	-0.85	0.08	-9.48	1.1300000000000001	1.8900000000000001	-9.290000000000001	-4.6000000000000005
11:29:19.276191	0.46	-9.08	-0.35000000000000003	-1.1300000000000001	-9.6	-0.45	0.12	-9.46	1.9100000000000001	1.79	-9.15	-4.18
11:29:19.286308	0.42	-9.09	-0.46	-1.16	-9.59	-0.3	-0.02	-10.1	1.4000000000000001	1.98	-9.3	-4.79
11:29:19.296775	0.3	-9.14	-0.58	-1.18	-9.55	-0.24	0.3	-9.83	0.8300000000000001	1.98	-9.3	-4.79
11:29:19.306847	0.25	-9.14	-0.67	-1.17	-9.57	-0.07	0.6	-9.44	1.22	1.76	-9.46	-4.39
11:29:19.317389	0.21	-9.19	-0.73	-1.17	-9.41	0.07	0.53	-9.36	1.78	1.51	-9.47	-4.8
11:29:19.327499	0.24	-9.27	-0.77	-1.1	-9.44	0.04	0.15	-10.1	1.06	2.44	-9.27	-1.1300000000000001
11:29:19.337628	0.38	-9.6	-0.75	-0.8300000000000001	-9.67	0.0	0.72	-10.11	1.09	2.5500000000000003	-9.9	-3.61
11:29:19.348322	0.47000000000000003	-9.790000000000001	-0.68	-0.59	-9.91	0.65	0.78	-9.91	1.56	1.6500000000000001	-10.02	-4.72
11:29:19.358417	0.52	-9.98	-0.61	-0.56	-10.040000000000001	0.81	0.5	-10.1	2.14	1.32	-10.18	-5.12
11:29:19.368579	0.52	-10.200000000000001	-0.53	-0.72	-10.28	0.89	1.01	-10.8	1.33	1.57	-10.24	-3.0700000000000003
11:29:19.378747	0.35000000000000003	-10.620000000000001	-0.42	-0.98	-10.450000000000001	0.74	0.63	-10.53	1.07	3.38	-10.120000000000001	-5.17
11:29:19.388822	0.24	-10.73	-0.37	-1.49	-10.620000000000001	0.58	-0.36	-10.5	1.85	3.38	-10.120000000000001	-5.17
11:29:19.399300	0.14	-10.76	-0.36	-2.12	-10.82	0.1	-0.22	-10.48	1.72	3.33	-10.46	-5.53
11:29:19.409430	0.08	-10.84	-0.36	-1.77	-10.63	0.31	-0.3	-11.07	0.74	5.19	-10.05	-4.96
11:29:19.419498	-0.13	-10.84	-0.28	-1.55	-10.55	0.0	-0.06	-10.57	0.7000000000000001	4.94	-10.49	-5.36
11:29:19.429612	-0.23	-10.790000000000001	-0.25	-1.81	-10.73	-0.12	-0.16	-10.49	1.03	3.8000000000000003	-10.06	-5.93
11:29:19.439729	-0.33	-10.72	-0.22	-1.56	-10.66	-0.08	0.03	-10.75	0.5700000000000001	3.98	-10.23	-3.34
11:29:19.450169	-0.44	-10.59	-0.2	-1.4000000000000001	-10.63	-0.26	0.03	-10.75	0.5700000000000001	2.88	-11.01	-4.82
11:29:19.460241	-0.71	-10.4	-0.14	-1.02	-10.61	-0.35000000000000003	0.22	-10.13	1.27	1.97	-10.86	-4.8500000000000005
11:29:19.470345	-0.67	-10.11	-0.19	-0.66	-10.53	-0.27	-0.08	-10.63	0.65	2.2600000000000002	-10.78	-2.95
11:29:19.480468	-0.74	-10.200000000000001	-0.26	-0.48	-10.49	-0.19	0.29	-10.27	0.5700000000000001	1.87	-10.200000000000001	-3.5500000000000003
11:29:19.490832	-0.7000000000000001	-9.88	-0.36	-0.29	-10.26	-0.35000000000000003	0.44	-9.93	0.23	1.42	-11.040000000000001	-4.8
11:29:19.501242	-0.62	-9.870000000000001	-0.37	-0.29	-10.26	-0.35000000000000003	0.08	-10.01	-0.16	1.25	-10.74	-5.45
11:29:19.511822	-0.49	-9.85	-0.38	-0.36	-10.27	-0.79	-0.23	-10.540000000000001	-0.67	1.84	-11.19	-2.27
11:29:19.522185	-0.27	-9.870000000000001	-0.38	-0.2	-10.34	-0.92	0.61	-10.34	-1.43	1.77	-10.94	-2.97
11:29:19.532291	0.62	-10.47	0.05	0.33	-11.46	-0.3	1.16	-10.33	-2.31	2.71	-12.52	-4.79
11:29:19.542365	0.6900000000000001	-11.3	0.52	0.51	-12.15	-0.07	0.53	-11.59	-2.85	2.71	-12.52	-4.79
11:29:19.552653	0.19	-12.27	0.84	0.72	-12.06	-0.23	-0.33	-12.17	-3.65	-0.3	-15.22	-0.9400000000000001
11:29:19.562837	-0.64	-13.05	1.0	0.6900000000000001	-11.82	-0.7000000000000001	-0.73	-11.68	-3.52	-1.37	-13.950000000000001	-3.59
11:29:19.572911	-0.78	-13.290000000000001	1.05	0.8	-11.67	-1.87	-2.61	-12.06	-2.41	0.8	-15.38	-5.0600000000000005
11:29:19.583028	0.4	-12.57	0.91	0.77	-11.64	-1.94	-2.38	-12.93	-2.21	-0.34	-17.57	-3.48
11:29:19.593148	1.83	-11.52	0.66	0.53	-11.46	-1.94	-1.82	-13.71	-1.21	-1.09	-18.13	0.24
11:29:19.603749	2.74	-10.46	0.17	0.1	-11.02	-1.93	-0.46	-14.450000000000001	-4.65	-1.09	-18.32	0.9400000000000001
11:29:19.613942	3.1	-8.45	-0.7000000000000001	-1.32	-10.040000000000001	-2.39	1.19	-15.15	-4.65	0.6900000000000001	-19.080000000000002	-0.49
11:29:19.624043	3.29	-7.76	-0.99	-1.97	-9.58	-2.05	2.9	-14.1	-3.68	5.69	-18.5	0.48
11:29:19.634112	3.39	-7.42	-1.23	-2.43	-9.15	-1.98	4.44	-12.61	-2.93	6.390000000000001	-16.11	2.54
11:29:19.644193	3.27	-7.28	-1.35	-2.87	-8.99	-1.3800000000000001	6.16	-10.23	-1.16	6.390000000000001	-16.11	2.54
11:29:19.654684	2.58	-7.15	-1.3	-3.73	-9.25	-0.56	4.53	-9.08	4.94	3.12	-9.76	-3.65
11:29:19.664753	2.2	-7.18	-1.16	-3.9	-9.47	-0.88	3.9	-8.26	10.76	5.93	-2.73	-6.8
11:29:19.674820	1.76	-7.32	-0.9400000000000001	-2.68	-9.86	-0.7000000000000001	1.81	-9.9	9.290000000000001	3.83	-1.51	-4.44
11:29:19.684892	0.75	-9.26	0.48	-1.8800000000000001	-10.15	-0.59	1.4000000000000001	-10.47	6.98	-3.5300000000000002	-4.0	4.14
11:29:19.694962	0.75	-9.26	0.48	-1.56	-12.68	0.01	0.39	-10.700000000000001	5.18	-14.34	-1.53	16.42
11:29:19.705037	0.37	-10.14	0.9500000000000001	-1.62	-13.43	0.33	-0.37	-11.77	3.24	-6.8100000000000005	-5.21	9.25
11:29:19.715104	0.12	-10.870000000000001	1.4000000000000001	-1.6600000000000001	-13.43	0.35000000000000003	-1.09	-10.18	4.67	3.36	-13.14	5.66
11:29:19.725177	-0.04	-11.67	2.12	-1.51	-12.870000000000001	0.72	-0.11	-8.56	5.94	6.4	-11.38	1.94
11:29:19.735266	-0.15	-11.16	1.99	-1.3900000000000001	-11.61	0.85	1.09	-7.45	6.22	-0.1	-3.72	5.69
11:29:19.745378	0.11	-10.73	1.76	-0.76	-11.23	0.8200000000000001	1.68	-6.95	4.86	0.76	-3.71	6.49
11:29:19.755455	0.54	-9.8	0.96	-0.51	-11.05	0.32	1.68	-6.95	4.86	2.99	-2.77	6.68
11:29:19.765567	0.5700000000000001	-9.42	0.6	-0.5	-10.81	-0.12	1.28	-7.08	4.4	2.39	-4.05	5.76
11:29:19.776109	0.67	-9.18	0.28	-0.76	-9.97	-0.65	1.2	-7.05	5.01	-0.76	-9.36	3.02
11:29:19.786197	0.74	-9.07	0.01	-0.87	-9.450000000000001	-0.41000000000000003	1.23	-6.66	5.33	-0.37	-8.51	3.72
11:29:19.796270	0.75	-9.040000000000001	-0.41000000000000003	-1.08	-8.89	-0.05	0.58	-6.26	5.64	-0.43	-5.09	5.3500000000000005
11:29:19.806381	0.66	-9.09	-0.54	-1.47	-8.59	-0.18	0.55	-5.78	5.82	-0.33	-5.94	4.8
11:29:19.816491	0.62	-9.120000000000001	-0.56	-2.32	-8.01	-0.74	0.53	-5.7700000000000005	5.3100000000000005	0.03	-8.91	2.34
11:29:19.826566	0.46	-9.26	-0.35000000000000003	-2.12	-7.61	-1.4000000000000001	-0.26	-6.6000000000000005	5.3100000000000005	-0.41000000000000003	-9.4	1.41
11:29:19.836673	0.39	-9.25	-0.16	-2.42	-7.55	-1.67	-0.61	-6.66	5.74	-0.86	-9.43	1.02
11:29:19.846763	0.26	-9.19	0.0	-2.56	-6.98	-1.54	-0.9500000000000001	-6.83	6.19	-0.86	-9.43	1.02
11:29:19.856897	0.11	-9.13	0.25	-2.5	-7.140000000000001	-1.31	-1.29	-6.86	6.43	-0.81	-11.71	-1.01
11:29:19.866961	0.0	-8.88	0.6900000000000001	-2.67	-7.08	-1.1300000000000001	-2.08	-7.69	6.33	-0.17	-12.05	-1.7
11:29:19.877062	0.02	-8.67	0.8300000000000001	-2.61	-7.18	-0.9	-2.32	-8.08	6.16	0.9400000000000001	-12.85	-2.71
11:29:19.887149	0.06	-8.55	0.9	-2.5100000000000002	-7.3100000000000005	-0.88	-2.17	-8.63	5.99	2.64	-13.41	-3.94
11:29:19.897270	0.07	-8.47	0.89	-2.57	-6.76	-0.68	-1.34	-9.11	5.65	3.44	-13.47	-4.41
11:29:19.907795	0.12	-8.45	0.71	-1.94	-6.76	-0.68	-0.71	-9.1	5.42	3.7	-13.4	-5.12
11:29:19.918192	0.07	-8.43	0.49	-1.8	-6.78	-0.9400000000000001	-0.07	-8.59	5.41	3.79	-13.41	-5.74
11:29:19.928312	0.14	-8.46	0.29	-1.21	-7.0600000000000005	-1.48	0.33	-8.83	5.15	3.92	-14.05	-6.38
11:29:19.938499	0.16	-8.51	0.15	-0.45	-6.95	-2.31	0.74	-9.78	4.4	4.47	-14.74	-7.75
11:29:19.948690	0.18	-8.65	-0.08	-0.51	-6.890000000000001	-2.48	0.74	-9.78	4.4	4.47	-14.74	-7.75
11:29:19.958830	0.1	-8.67	-0.12	0.21	-6.87	-2.88	0.74	-10.040000000000001	4.6000000000000005	4.62	-14.13	-9.55
11:29:19.968925	0.01	-8.74	-0.09	0.6900000000000001	-7.38	-3.61	-0.13	-10.28	3.96	4.87	-14.0	-10.0
11:29:19.979566	-0.09	-8.89	0.02	0.8	-7.78	-3.75	-0.74	-10.290000000000001	3.93	5.22	-13.77	-10.58
11:29:19.989864	-0.26	-9.22	0.35000000000000003	0.91	-7.88	-3.69	-0.9400000000000001	-10.27	3.72	4.61	-13.73	-11.58
11:29:19.999938	-0.26	-9.42	0.58	1.06	-8.05	-3.63	0.02	-9.91	2.99	3.83	-13.52	-12.040000000000001
11:29:20.010058	-0.28	-9.64	0.8	1.83	-8.73	-3.5	0.26	-10.18	2.68	3.17	-13.46	-12.21
11:29:20.020728	-0.38	-9.97	1.09	2.0300000000000002	-9.1	-3.67	0.17	-10.1	2.39	2.66	-13.31	-12.67
11:29:20.030877	-0.44	-10.03	1.19	1.99	-9.540000000000001	-3.85	-0.46	-9.82	2.0300000000000002	2.12	-11.65	-13.35
11:29:20.040984	-0.42	-10.07	1.29	1.44	-9.700000000000001	-3.98	-0.81	-9.41	1.7	2.12	-11.65	-13.35
11:29:20.051596	-0.43	-10.1	1.3	1.44	-9.700000000000001	-3.98	-0.98	-9.08	1.3	2.29	-11.370000000000001	-14.07
11:29:20.061679	-0.43	-10.21	1.1500000000000001	0.78	-9.77	-4.13	-1.1500000000000001	-8.98	1.04	2.49	-10.9	-14.38
11:29:20.071796	-0.44	-10.34	1.04	0.53	-9.85	-4.3500000000000005	-1.5	-8.55	1.04	1.45	-10.290000000000001	-14.47
11:29:20.082356	-0.49	-10.47	0.92	0.09	-10.0	-4.55	-1.48	-8.41	0.7000000000000001	1.23	-10.17	-14.46
11:29:20.092788	-0.61	-10.69	0.8300000000000001	-0.08	-10.19	-4.61	-1.27	-8.42	0.59	1.07	-9.9	-14.33
11:29:20.102857	-0.8200000000000001	-11.120000000000001	0.48	-0.24	-10.32	-4.5	-0.36	-8.57	0.42	0.67	-9.25	-13.25
11:29:20.112943	-0.9400000000000001	-11.290000000000001	0.35000000000000003	-0.24	-10.5	-4.61	0.13	-8.58	0.63	0.38	-9.31	-12.620000000000001
11:29:20.123016	-1.1	-11.35	0.27	0.0	-10.63	-4.78	0.47000000000000003	-8.8	0.75	0.16	-9.67	-12.02
11:29:20.133084	-1.19	-11.47	0.26	0.06	-10.370000000000001	-4.74	0.5700000000000001	-9.01	0.98	0.28	-9.75	-11.450000000000001
11:29:20.143193	-1.35	-11.35	0.33	0.19	-10.120000000000001	-4.47	0.18	-9.26	1.1400000000000001	0.28	-9.75	-11.450000000000001
11:29:20.153323	-1.43	-11.18	0.42	0.25	-9.790000000000001	-4.21	-0.01	-9.4	1.19	2.22	-9.84	-10.540000000000001
11:29:20.163399	-1.48	-11.01	0.5700000000000001	0.26	-9.09	-3.35	-0.19	-9.25	1.5	2.2600000000000002	-8.36	-9.77
11:29:20.173483	-1.48	-10.74	0.67	0.17	-8.75	-3.04	-0.42	-8.84	2.07	3.45	-8.88	-9.57
11:29:20.183559	-1.24	-10.34	0.8	0.25	-8.39	-2.75	-0.45	-9.0	2.08	3.68	-8.49	-7.34
11:29:20.193649	-1.24	-10.34	0.8	0.26	-8.2	-2.41	-0.49	-9.71	1.3800000000000001	0.84	-11.94	0.42
11:29:20.203814	-0.77	-10.39	0.86	0.16	-10.28	-2.13	-0.61	-12.030000000000001	-1.67	0.19	-19.72	8.67
11:29:20.214463	0.29	-12.8	-0.34	-0.06	-12.21	-2.05	-1.41	-16.18	-7.5	6.46	-20.09	11.05
11:29:20.224552	0.49	-13.14	-0.88	-0.43	-13.21	-2.02	-1.34	-15.4	-3.61	9.07	-8.63	-5.58
11:29:20.234663	0.68	-13.22	-1.43	0.3	-12.870000000000001	-3.33	-0.22	-12.88	-0.64	2.49	-8.83	-8.14
11:29:20.244783	0.6900000000000001	-12.66	-1.77	0.36	-11.81	-3.2600000000000002	-1.31	-9.72	2.3000000000000003	-4.18	-8.16	-6.68
11:29:20.254854	0.93	-10.68	-1.24	0.03	-10.69	-2.68	-2.08	-9.200000000000001	1.6600000000000001	2.42	-10.02	2.0100000000000002
11:29:20.265412	0.92	-9.92	-0.74	-0.68	-9.78	-2.87	-1.8900000000000001	-8.96	0.53	4.53	-8.68	-2.13
11:29:20.275509	0.74	-9.370000000000001	-0.18	-2.35	-8.38	-3.38	-0.44	-8.28	1.0	1.86	-7.33	-3.44
11:29:20.285581	0.56	-9.01	0.43	-3.14	-7.8	-2.72	3.77	-9.28	1.6500000000000001	-1.3800000000000001	-6.94	-3.2800000000000002
11:29:20.295655	0.33	-8.76	1.5	-3.41	-7.73	-1.9000000000000001	4.51	-10.49	1.1500000000000001	0.39	-9.81	0.96
11:29:20.305726	0.27	-8.9	1.78	-2.91	-7.94	-1.05	3.91	-11.19	0.58	1.49	-9.540000000000001	-0.62
11:29:20.315802	0.27	-9.08	1.8	-1.51	-7.48	0.9400000000000001	0.4	-10.16	1.33	1.7	-8.89	-2.48
11:29:20.325874	0.4	-9.19	1.6600000000000001	-0.85	-7.6000000000000005	1.77	-0.89	-9.46	1.62	1.2	-9.27	-4.23
11:29:20.335957	0.89	-9.28	1.2	-0.14	-8.6	1.75	-1.72	-9.36	0.9400000000000001	0.89	-11.120000000000001	-0.8
11:29:20.346047	1.12	-9.120000000000001	0.92	1.1300000000000001	-9.790000000000001	0.6	-2.11	-9.370000000000001	0.46	0.78	-9.700000000000001	-2.74
11:29:20.356116	1.3900000000000001	-8.89	0.64	2.99	-10.51	-0.99	-0.36	-8.77	1.67	0.66	-8.73	-2.84
11:29:20.366197	1.7	-8.69	0.38	3.13	-10.370000000000001	-0.86	0.36	-9.3	1.3	1.77	-9.07	0.66
11:29:20.376320	1.99	-8.76	-0.21	2.54	-10.02	-0.63	0.72	-10.11	0.39	3.38	-9.370000000000001	-1.81
11:29:20.386408	1.96	-8.94	-0.53	1.56	-9.84	-0.39	1.58	-10.1	0.03	2.14	-9.17	-3.45
11:29:20.396512	1.86	-9.17	-0.8200000000000001	-0.05	-9.43	0.01	1.82	-9.99	0.49	2.11	-9.55	-3.1
11:29:20.406606	1.71	-9.38	-0.99	-0.46	-9.33	-0.32	1.84	-10.05	0.59	1.34	-10.11	-1.25
11:29:20.416688	1.35	-9.56	-1.24	-0.74	-9.33	-0.88	2.08	-10.03	0.2	1.26	-9.55	-2.47
11:29:20.426758	1.22	-9.61	-1.19	-0.8300000000000001	-9.33	-1.2	1.3900000000000001	-9.74	1.34	1.17	-8.790000000000001	-3.16
11:29:20.436859	0.96	-9.69	-1.12	-1.06	-8.92	-1.6600000000000001	0.89	-9.65	1.55	0.74	-9.200000000000001	-3.16
11:29:20.446972	0.59	-9.74	-0.75	-1.17	-9.07	-1.58	0.26	-9.73	1.47	0.8300000000000001	-10.11	-1.41
11:29:20.457091	0.34	-9.72	-0.61	-1.1	-9.46	-1.3900000000000001	0.01	-10.38	1.07	1.17	-10.27	-3.92
11:29:20.467202	0.1	-9.700000000000001	-0.5	-1.29	-9.71	-1.02	0.47000000000000003	-10.53	0.96	0.99	-10.02	-3.59
11:29:20.477416	0.0	-9.53	-0.39	-0.97	-9.61	-0.5700000000000001	0.84	-10.18	0.86	1.05	-9.3	-3.71
11:29:20.487865	0.09	-9.27	-0.23	-0.77	-9.59	-0.35000000000000003	0.96	-9.72	1.12	1.87	-9.11	-1.35
11:29:20.497991	0.22	-9.19	-0.23	-0.55	-9.540000000000001	-0.41000000000000003	1.02	-9.64	1.01	1.95	-8.870000000000001	-4.05
11:29:20.508106	0.24	-9.17	-0.25	-0.35000000000000003	-9.56	-0.52	1.52	-9.620000000000001	0.85	1.45	-9.06	-3.17
11:29:20.518239	0.47000000000000003	-9.15	-0.27	0.16	-9.57	-0.33	1.1	-9.83	1.09	1.93	-9.5	-0.52
11:29:20.528800	0.47000000000000003	-9.120000000000001	-0.27	0.38	-9.620000000000001	-0.28	0.37	-9.86	1.1400000000000001	1.3900000000000001	-9.8	-2.98
11:29:20.539031	0.3	-9.14	-0.29	0.74	-9.59	-0.35000000000000003	0.64	-9.3	1.21	1.05	-9.3	-3.85
11:29:20.549127	0.23	-9.18	-0.28	0.8300000000000001	-9.57	-0.33	0.93	-9.26	1.55	1.05	-9.3	-3.85
11:29:20.559202	0.14	-9.19	-0.32	0.81	-9.55	-0.02	1.34	-10.21	0.66	1.78	-9.76	-3.48
11:29:20.569860	-0.05	-9.21	-0.39	1.04	-9.81	-0.05	1.34	-10.21	0.66	1.62	-9.14	-4.19
11:29:20.579952	0.0	-9.36	-0.41000000000000003	0.9	-9.94	0.15	0.9500000000000001	-9.700000000000001	1.45	1.68	-9.08	-4.5200000000000005
11:29:20.590083	-0.08	-9.4	-0.41000000000000003	0.29	-9.75	0.36	0.1	-10.31	1.1500000000000001	2.43	-9.4	-1.1
11:29:20.600147	0.0	-9.39	-0.41000000000000003	0.0	-9.790000000000001	0.27	0.34	-10.42	0.61	2.2600000000000002	-9.56	-3.69
11:29:20.610773	0.05	-9.450000000000001	-0.45	-0.13	-9.9	0.04	0.86	-9.96	0.96	1.5	-9.55	-3.64
11:29:20.620892	0.04	-9.48	-0.43	-0.49	-9.91	-0.06	0.8200000000000001	-9.67	1.72	1.53	-9.08	-2.7
11:29:20.631016	0.09	-9.4	-0.43	-1.32	-9.58	-0.53	-0.08	-10.3	1.0	2.1	-9.43	-1.51
11:29:20.641089	0.1	-9.24	-0.4	-1.7	-9.64	-0.55	0.2	-10.19	1.03	1.98	-9.71	-4.26
11:29:20.651604	0.11	-9.18	-0.39	-1.75	-9.67	-0.59	0.76	-9.75	1.06	1.4000000000000001	-9.61	-4.17
11:29:20.661671	0.18	-9.1	-0.37	-1.79	-9.74	-0.6	0.05	-9.89	1.7	1.99	-9.11	-1.84
11:29:20.671805	0.25	-9.06	-0.4	-1.81	-9.85	-0.62	-0.35000000000000003	-10.43	0.97	2.2600000000000002	-9.76	-3.0500000000000003
11:29:20.681877	0.33	-9.0	-0.46	-1.77	-9.82	-0.29	-0.15	-10.09	1.3	1.72	-9.58	-4.55
11:29:20.691949	0.34	-8.97	-0.51	-1.72	-9.83	0.09	0.15	-9.82	1.32	1.5	-9.65	-3.62
11:29:20.702079	0.2	-8.950000000000001	-0.5	-1.33	-9.71	0.46	0.07	-10.09	1.41	1.96	-9.58	-1.92
11:29:20.712730	0.0	-8.98	-0.48	-1.1	-9.81	0.49	-0.02	-10.39	1.07	1.75	-10.39	-3.77
11:29:20.722852	-0.38	-9.15	-0.35000000000000003	-0.84	-9.870000000000001	0.37	0.42	-9.97	1.44	0.43	-10.58	-5.01
11:29:20.732926	-0.53	-9.35	-0.25	-0.65	-9.93	0.6	1.21	-9.700000000000001	1.6600000000000001	-0.01	-9.370000000000001	-4.69
11:29:20.742998	-0.62	-9.63	-0.14	-0.55	-9.950000000000001	0.34	0.89	-10.26	0.89	3.62	-9.3	-2.33
11:29:20.753127	-0.8200000000000001	-9.96	0.0	-0.64	-10.02	0.07	0.46	-10.51	0.88	2.02	-9.88	-4.1
11:29:20.763230	-0.9400000000000001	-10.21	0.36	-0.56	-10.200000000000001	0.24	0.88	-10.1	0.63	1.31	-10.17	-4.49
11:29:20.773308	-1.09	-10.290000000000001	0.61	-0.52	-10.19	0.41000000000000003	0.6	-10.17	1.04	3.9	-10.22	-4.42
11:29:20.783409	-1.17	-10.4	0.87	-0.33	-10.620000000000001	-0.58	0.15	-10.9	0.46	2.91	-10.040000000000001	-2.47
11:29:20.793485	-1.6500000000000001	-10.61	1.27	-0.2	-10.700000000000001	-0.39	-0.27	-11.1	0.51	1.68	-10.84	-4.61
11:29:20.803560	-1.9100000000000001	-10.8	1.44	-0.07	-10.52	0.07	0.2	-10.4	0.47000000000000003	2.25	-10.84	-5.11
11:29:20.813627	-2.18	-10.9	1.6	0.0	-10.47	-0.02	0.3	-10.33	0.54	3.39	-10.53	-3.4
11:29:20.823707	-2.42	-10.92	1.71	0.46	-10.3	-0.32	0.02	-10.73	-0.21	2.96	-9.77	-2.97
11:29:20.833815	-2.7	-10.71	1.78	0.43	-10.11	0.13	0.13	-10.39	-0.08	2.77	-10.55	-5.12
11:29:20.843904	-2.77	-10.58	1.7	0.14	-10.21	0.03	0.56	-9.69	0.26	2.98	-10.24	-5.34
11:29:20.854001	-2.75	-10.47	1.58	-0.01	-10.21	-0.06	0.61	-9.8	0.09	3.24	-10.34	-3.0100000000000002
11:29:20.864098	-2.67	-10.040000000000001	0.93	-0.06	-9.92	-0.21	0.12	-10.450000000000001	-0.21	2.66	-9.71	-2.8000000000000003
11:29:20.874220	-2.52	-9.96	0.8	-0.19	-10.05	-0.29	0.67	-9.69	-0.26	1.79	-10.98	-5.47
11:29:20.884341	-2.34	-9.92	0.6	-0.38	-10.25	-0.55	0.2	-9.68	0.64	1.82	-10.59	-5.94
11:29:20.894978	-2.0100000000000002	-9.93	0.43	-0.37	-10.03	-0.6	0.1	-9.92	0.26	2.27	-11.1	-2.32
11:29:20.905053	-0.9	-10.3	0.77	0.16	-10.540000000000001	-0.33	-0.17	-10.64	-0.24	2.92	-10.93	-2.65
11:29:20.915238	-0.43	-10.96	1.18	0.48	-11.450000000000001	-0.21	1.29	-10.51	-1.47	3.69	-11.58	-5.99
11:29:20.925384	-0.28	-11.63	1.56	0.65	-11.94	-0.34	0.88	-10.9	-0.58	-0.32	-13.790000000000001	-3.71
11:29:20.935513	-0.64	-11.870000000000001	1.9000000000000001	0.98	-11.55	-0.67	0.52	-11.44	-1.26	0.13	-12.48	-2.25
11:29:20.946087	-2.06	-11.98	2.49	1.05	-11.9	-0.41000000000000003	-0.76	-10.88	-1.98	0.13	-12.48	-2.25
11:29:20.956162	-2.49	-11.9	2.63	0.87	-12.06	-0.1	-0.89	-11.17	-2.13	2.99	-15.38	-4.38
11:29:20.966229	-2.62	-11.71	2.62	0.73	-12.0	-0.09	-1.1300000000000001	-11.72	-2.67	0.87	-14.200000000000001	-4.32
11:29:20.976309	-1.6400000000000001	-10.63	1.27	-0.23	-11.64	-1.23	-1.26	-11.84	-2.81	0.92	-16.07	-0.72
11:29:20.986409	0.01	-10.1	0.56	-0.81	-11.14	-1.53	-2.19	-12.68	-2.6	-0.61	-16.64	-0.77
11:29:20.996498	1.72	-9.71	-0.11	-1.29	-11.0	-2.08	-1.35	-12.73	-1.81	-0.84	-16.65	-2.61
11:29:21.006589	2.85	-9.32	-0.63	-1.71	-10.76	-2.36	-0.89	-12.75	-1.72	1.1	-19.88	-0.61
11:29:21.016690	3.0100000000000002	-8.68	-1.49	-2.0	-9.83	-2.33	0.89	-14.34	-4.3100000000000005	2.7600000000000002	-19.68	0.43
11:29:21.026773	2.65	-8.49	-1.6600000000000001	-2.2800000000000002	-9.1	-1.82	2.71	-14.55	-4.64	4.88	-16.57	0.63
11:29:21.036859	2.43	-8.41	-1.6600000000000001	-2.1	-8.96	-1.6	3.2800000000000002	-12.35	-2.44	4.2	-13.26	-7.26
11:29:21.046950	2.36	-8.35	-1.53	-1.69	-8.870000000000001	-1.27	3.17	-11.35	-0.39	3.22	-11.56	-8.66
11:29:21.057023	2.05	-8.47	-0.81	-2.91	-9.56	-1.24	3.08	-9.370000000000001	3.86	2.44	-8.68	-6.15
11:29:21.067098	1.78	-8.69	-0.38	-2.45	-9.91	-1.72	1.6600000000000001	-10.200000000000001	6.2	0.61	-10.73	-4.3500000000000005
11:29:21.077180	1.32	-9.06	0.01	-2.89	-10.3	-0.5700000000000001	0.87	-11.68	7.23	1.35	-7.640000000000001	-1.79
11:29:21.087277	0.93	-9.450000000000001	0.49	-2.46	-11.19	0.11	0.39	-11.47	6.51	-1.1400000000000001	-3.98	0.74
11:29:21.097793	0.54	-10.32	1.2	-3.38	-12.370000000000001	1.24	0.4	-10.870000000000001	7.3	-6.95	-1.6400000000000001	6.4
11:29:21.107958	0.19	-10.68	1.44	-3.5100000000000002	-12.73	1.71	0.84	-9.84	7.8500000000000005	-10.48	-0.53	12.17
11:29:21.118026	-0.16	-10.89	1.43	-3.25	-12.870000000000001	2.17	0.53	-9.290000000000001	7.08	-3.48	-6.33	9.63
11:29:21.128265	-0.33	-10.9	1.37	-3.21	-12.88	1.71	0.5	-9.85	3.7800000000000002	2.16	-9.540000000000001	7.16
11:29:21.138842	-0.48	-10.55	1.05	-3.56	-11.89	0.53	0.23	-8.700000000000001	4.73	5.22	-9.94	4.53
11:29:21.148962	-0.28	-10.36	0.89	-2.31	-11.81	0.0	0.24	-6.99	6.140000000000001	2.5	-2.25	5.72
11:29:21.159026	-0.18	-10.16	0.76	-2.06	-11.22	-0.3	0.24	-6.99	6.140000000000001	4.01	-2.61	6.49
11:29:21.169163	0.01	-9.72	0.64	-1.6300000000000001	-10.76	-0.52	0.22	-7.0200000000000005	5.82	4.74	-2.2	6.26
11:29:21.179601	0.06	-9.48	0.59	-1.37	-10.05	-0.09	0.08	-5.98	5.87	0.96	-8.17	3.88
11:29:21.189972	0.07	-9.21	0.55	-1.27	-9.73	-0.1	-0.34	-5.74	5.72	-0.1	-8.76	4.14
11:29:21.200086	0.13	-8.98	0.58	-1.11	-9.43	-0.19	-0.76	-5.88	5.45	-0.74	-6.13	5.23
11:29:21.210215	0.32	-8.61	0.64	-1.09	-8.96	-0.18	-0.8200000000000001	-5.42	5.54	-1.05	-5.84	4.95
11:29:21.220878	0.25	-8.49	0.73	-1.08	-8.45	-0.8200000000000001	-0.88	-5.41	5.78	-0.39	-8.31	2.81
11:29:21.231039	0.12	-8.370000000000001	0.77	-1.73	-7.4	-0.89	-0.68	-5.46	5.66	-0.58	-9.120000000000001	2.06
11:29:21.241633	-0.05	-8.32	0.81	-1.95	-6.84	-0.9	-0.81	-5.91	5.6000000000000005	-0.93	-9.64	1.4000000000000001
11:29:21.251702	-0.13	-8.43	0.97	-2.27	-6.65	-0.81	-0.96	-6.16	5.7	-0.98	-10.92	0.35000000000000003
11:29:21.261832	-0.16	-8.35	0.93	-2.37	-6.67	-0.79	-1.59	-6.58	6.61	0.88	-12.14	-1.78
11:29:21.271913	-0.06	-8.53	0.99	-2.69	-6.66	-0.66	-2.06	-6.94	6.36	1.48	-12.55	-2.44
11:29:21.281991	-0.15	-8.51	0.9	-3.12	-6.66	-0.44	-2.46	-7.53	6.2	2.29	-12.84	-3.34
11:29:21.292057	-0.17	-8.74	0.67	-3.2600000000000002	-6.640000000000001	-0.66	-2.65	-8.870000000000001	5.8500000000000005	3.88	-13.69	-4.8100000000000005
11:29:21.302131	-0.22	-8.75	0.44	-3.3200000000000003	-6.640000000000001	-0.96	-1.8900000000000001	-8.870000000000001	5.66	4.3500000000000005	-13.85	-5.34
11:29:21.312288	-0.23	-8.8	0.28	-3.11	-6.59	-1.32	-1.01	-8.72	5.64	4.69	-14.14	-5.93
11:29:21.322363	-0.28	-8.81	0.1	-2.6	-6.76	-1.82	-0.5	-9.35	5.42	4.8	-14.540000000000001	-6.43
11:29:21.332445	-0.33	-8.85	-0.11	-2.05	-6.640000000000001	-2.3000000000000003	-0.23	-9.370000000000001	5.36	5.23	-14.17	-6.84
11:29:21.342572	-0.39	-8.88	-0.09	-1.3800000000000001	-6.96	-2.93	-0.09	-9.41	5.33	5.82	-13.63	-6.87
11:29:21.352642	-0.46	-8.88	0.01	-0.84	-7.22	-3.36	0.26	-9.200000000000001	5.2700000000000005	6.19	-13.59	-6.91
11:29:21.362712	-0.58	-8.950000000000001	0.39	0.15	-7.19	-3.85	-0.24	-10.06	4.74	6.17	-14.07	-6.79
11:29:21.372821	-0.67	-9.0	0.6900000000000001	0.4	-7.13	-3.96	-0.78	-10.21	4.57	6.03	-14.72	-7.82
11:29:21.382950	-0.8200000000000001	-9.08	0.97	1.1400000000000001	-7.22	-3.94	-1.08	-10.59	4.3	5.93	-14.530000000000001	-8.07
11:29:21.393619	-0.91	-9.15	1.29	1.22	-7.25	-3.59	-1.2	-10.75	4.24	6.08	-14.870000000000001	-8.45
11:29:21.403686	-1.16	-9.290000000000001	1.9100000000000001	1.35	-7.73	-3.5100000000000002	-0.21	-11.28	3.18	5.92	-15.48	-10.06
11:29:21.413759	-1.22	-9.370000000000001	2.12	1.41	-7.99	-3.48	0.04	-11.22	2.74	5.49	-15.700000000000001	-10.81
11:29:21.423826	-1.31	-9.44	2.24	1.26	-8.23	-3.31	0.17	-11.6	2.29	4.5600000000000005	-15.83	-11.98
11:29:21.433905	-1.36	-9.51	2.34	1.3	-8.67	-3.5500000000000003	-0.86	-10.92	1.8800000000000001	3.59	-15.75	-13.02
11:29:21.443971	-1.29	-9.76	2.32	1.23	-9.56	-4.2	-1.3800000000000001	-10.42	1.42	1.33	-14.35	-14.82
11:29:21.454652	-1.34	-9.950000000000001	2.24	1.37	-10.02	-4.58	-1.92	-9.99	1.58	-0.1	-13.530000000000001	-15.38
11:29:21.464779	-1.25	-9.91	2.11	1.51	-10.35	-4.74	-2.1	-8.89	1.8900000000000001	-1.29	-12.46	-16.26
11:29:21.474907	-1.18	-10.09	1.99	1.49	-10.700000000000001	-4.89	-2.2600000000000002	-7.42	0.42	-0.58	-11.53	-17.35
11:29:21.485048	-1.1	-10.64	1.58	1.77	-11.18	-6.0	-1.69	-7.41	0.2	2.13	-9.94	-19.23
11:29:21.495608	-1.1	-10.64	1.58	1.84	-11.08	-6.45	-1.0	-7.24	-0.02	2.32	-8.790000000000001	-19.490000000000002
11:29:21.505702	-1.35	-10.790000000000001	1.45	1.8900000000000001	-10.91	-6.93	0.32	-6.79	-0.53	2.0100000000000002	-8.13	-19.23
11:29:21.515884	-1.53	-10.85	1.42	1.83	-10.63	-7.140000000000001	0.87	-6.79	-0.59	1.18	-8.88	-18.44
11:29:21.525977	-1.71	-10.77	1.35	0.71	-10.35	-6.5	1.25	-6.890000000000001	-0.55	0.87	-8.88	-17.43
11:29:21.536658	-1.76	-10.700000000000001	1.33	0.03	-10.3	-6.21	1.45	-7.38	-0.11	0.79	-8.83	-16.06
11:29:21.546726	-2.06	-10.290000000000001	1.1400000000000001	-0.5	-10.1	-5.6000000000000005	1.53	-7.7	0.36	1.7	-10.52	-14.1
11:29:21.556866	-2.13	-10.120000000000001	1.02	-0.73	-9.68	-4.8	1.61	-8.22	0.8200000000000001	6.55	-7.99	-16.0
11:29:21.566982	-2.2	-9.83	0.87	-0.86	-8.47	-3.68	1.34	-8.53	1.12	1.6400000000000001	-2.4	-8.21
11:29:21.577620	-1.85	-9.74	0.92	-0.9	-7.79	-3.38	0.6	-9.52	0.88	3.35	-9.64	-0.6900000000000001
11:29:21.587979	-0.4	-11.49	0.45	-1.1400000000000001	-7.91	-2.72	0.66	-13.91	-4.9	2.92	-19.490000000000002	11.94
11:29:21.598100	-0.44	-12.68	-0.25	-1.3	-13.21	-2.36	-0.5700000000000001	-19.6	-13.3	16.84	-21.650000000000002	8.52
11:29:21.608212	-0.34	-13.51	-1.03	-1.02	-12.99	-2.37	-0.03	-15.530000000000001	-1.44	14.41	-9.21	-11.5
11:29:21.618287	0.07	-14.11	-1.59	0.85	-12.47	-3.09	0.99	-10.97	2.2800000000000002	7.49	-3.02	-17.3
11:29:21.628927	0.0	-13.13	-1.69	2.15	-11.65	-3.66	-1.3	-9.620000000000001	6.23	-8.45	-7.44	-12.280000000000001
11:29:21.639029	-0.01	-12.24	-1.1500000000000001	0.93	-11.98	-1.69	-4.48	-9.620000000000001	4.18	8.75	-9.55	-1.22
11:29:21.649144	-0.14	-11.22	-0.53	-0.51	-11.65	-3.73	-2.73	-7.34	3.59	2.77	-7.640000000000001	-5.59
11:29:21.659246	-0.29	-10.15	0.22	-2.87	-9.61	-4.03	-1.49	-8.9	2.31	0.41000000000000003	-7.890000000000001	1.5
11:29:21.669964	0.07	-9.27	1.9100000000000001	-4.79	-7.66	-2.7600000000000002	2.77	-11.52	0.88	0.97	-8.06	-0.81
11:29:21.680238	0.13	-9.64	2.52	-5.45	-8.05	-0.55	4.3500000000000005	-12.040000000000001	1.6500000000000001	1.49	-10.42	-3.98
11:29:21.690861	-0.06	-9.99	2.7800000000000002	-3.67	-8.38	-1.47	3.65	-12.09	2.06	0.53	-9.17	-2.06
11:29:21.701005	-0.42	-10.120000000000001	2.7800000000000002	-0.13	-8.22	-0.15	2.62	-10.790000000000001	1.8800000000000001	0.76	-10.34	-0.68
11:29:21.711222	-0.47000000000000003	-9.49	2.25	2.11	-8.4	1.6500000000000001	-0.93	-8.32	0.0	1.47	-11.8	-1.5
11:29:21.721325	0.23	-9.120000000000001	1.8900000000000001	3.0500000000000003	-8.870000000000001	1.67	-1.03	-8.42	0.54	0.92	-10.19	-2.82
11:29:21.731809	1.1400000000000001	-8.81	1.52	3.6	-9.76	0.96	-0.37	-8.38	1.53	0.31	-9.73	-3.19
11:29:21.741936	2.2600000000000002	-8.4	0.73	3.6	-10.32	0.74	1.04	-9.83	1.01	1.16	-8.4	0.78
11:29:21.752029	2.24	-8.41	0.19	1.72	-10.3	0.9	1.68	-10.32	0.26	2.32	-8.56	-1.36
11:29:21.762101	1.93	-8.63	-0.31	0.48	-9.55	0.55	2.31	-10.41	0.09	1.7	-9.94	-2.91
11:29:21.772617	1.57	-8.870000000000001	-0.85	-0.47000000000000003	-9.03	0.26	2.6	-9.99	-0.62	1.79	-9.97	-2.7800000000000002
11:29:21.782739	0.86	-9.35	-1.73	-0.49	-8.950000000000001	-0.41000000000000003	1.98	-9.86	0.17	1.28	-10.5	-2.07
11:29:21.792867	0.65	-9.57	-1.94	-0.52	-9.56	-2.77	1.71	-9.93	0.96	1.25	-9.55	-3.69
11:29:21.802941	0.32	-9.77	-2.07	-0.79	-9.22	-3.19	1.41	-9.88	1.42	0.9500000000000001	-8.75	-3.0100000000000002
11:29:21.813034	0.04	-9.91	-1.96	-0.8200000000000001	-9.13	-2.6	0.48	-10.16	1.48	0.97	-9.450000000000001	-0.98
11:29:21.823108	-0.4	-9.98	-1.35	-0.91	-9.39	-2.12	-0.07	-10.43	1.49	0.84	-9.4	-1.76
11:29:21.833180	-0.5700000000000001	-9.86	-0.9500000000000001	-0.98	-9.46	-1.08	0.1	-10.16	1.67	1.04	-9.27	-3.61
11:29:21.843261	-0.72	-9.76	-0.59	-0.9500000000000001	-9.48	-0.62	0.54	-9.74	1.74	0.9400000000000001	-9.63	-3.7
11:29:21.853349	-0.8300000000000001	-9.68	-0.21	-0.67	-9.42	-0.17	0.44	-10.03	1.74	1.6500000000000001	-9.700000000000001	-1.1400000000000001
11:29:21.863424	-0.89	-9.450000000000001	0.36	-0.29	-9.57	-0.35000000000000003	0.29	-10.14	1.1500000000000001	2.0	-9.43	-2.82
11:29:21.873495	-0.93	-9.450000000000001	0.56	0.34	-9.59	-0.47000000000000003	0.56	-9.94	1.11	1.84	-8.99	-3.67
11:29:21.883596	-0.92	-9.46	0.75	0.53	-9.43	0.02	0.97	-9.52	1.3800000000000001	1.5	-8.84	-3.58
11:29:21.893717	-0.9500000000000001	-9.46	0.77	0.78	-9.38	0.03	0.8	-9.81	1.16	1.46	-9.68	-1.06
11:29:21.903790	-1.05	-9.39	0.66	1.07	-9.51	-0.03	0.9400000000000001	-9.94	0.63	1.41	-9.52	-3.5
11:29:21.913865	-1.02	-9.370000000000001	0.5	1.16	-9.49	0.17	1.16	-9.8	0.49	1.1	-9.34	-2.48
11:29:21.923950	-0.97	-9.290000000000001	0.32	1.16	-9.31	0.23	0.6900000000000001	-9.41	1.5	1.22	-9.31	-1.06
11:29:21.934056	-0.84	-9.13	0.0	1.02	-9.33	0.12	0.61	-9.81	0.85	1.09	-9.78	-1.42
11:29:21.944174	-0.74	-9.07	-0.13	0.76	-9.64	-0.17	1.01	-10.05	0.74	1.04	-9.33	-3.9
11:29:21.954268	-0.7000000000000001	-9.03	-0.19	0.74	-9.48	-0.3	1.18	-9.77	1.28	1.09	-9.41	-3.27
11:29:21.964341	-0.6900000000000001	-9.01	-0.21	0.41000000000000003	-9.25	-0.23	0.66	-9.8	1.78	1.81	-9.16	-1.04
11:29:21.974414	-0.7000000000000001	-8.91	-0.16	0.1	-9.540000000000001	-0.48	0.3	-10.06	1.35	1.74	-9.57	-3.0100000000000002
11:29:21.984489	-0.76	-8.93	-0.05	-0.42	-9.31	0.04	0.46	-10.08	1.21	1.3900000000000001	-9.14	-3.7600000000000002
11:29:21.994573	-0.76	-8.96	0.04	-0.52	-9.33	-0.03	0.64	-9.75	1.94	1.77	-9.97	-4.8100000000000005
11:29:22.004661	-0.71	-9.0	0.12	-0.71	-9.21	0.3	0.6	-9.85	1.83	1.01	-9.24	-0.12
11:29:22.014748	-0.74	-8.950000000000001	0.28	-0.86	-9.21	0.3	0.05	-10.38	1.1300000000000001	1.56	-9.76	-3.36
11:29:22.024819	-0.67	-8.96	0.35000000000000003	-1.47	-9.28	0.48	0.19	-9.58	0.93	1.36	-9.4	-4.69
11:29:22.034888	-0.63	-9.040000000000001	0.37	-1.51	-9.47	0.24	0.38	-9.450000000000001	1.21	1.53	-9.18	-3.08
11:29:22.045035	-0.62	-9.08	0.32	-1.21	-9.31	0.49	0.42	-9.89	0.62	1.84	-9.72	-1.23
11:29:22.055141	-0.5700000000000001	-9.14	0.19	-1.41	-9.41	0.11	0.53	-10.28	-0.5700000000000001	1.52	-9.93	-3.9
11:29:22.065822	-0.54	-9.200000000000001	0.12	-1.45	-9.370000000000001	0.59	1.6400000000000001	-9.03	-0.68	1.07	-9.38	-4.15
11:29:22.075953	-0.38	-9.36	0.0	-1.17	-9.56	0.49	1.61	-8.97	0.02	1.56	-9.39	-2.15
11:29:22.086071	-0.1	-9.3	0.08	-0.68	-9.69	0.28	1.08	-9.77	-0.4	1.73	-9.93	-1.6300000000000001
11:29:22.096150	-0.11	-9.75	-0.06	-0.11	-10.22	0.4	1.28	-9.93	0.1	1.12	-10.24	-4.13
11:29:22.106254	-0.15	-9.93	0.04	0.21	-10.53	0.71	1.25	-9.86	0.78	0.7000000000000001	-10.36	-4.79
11:29:22.116382	-0.33	-10.28	0.16	-0.17	-10.290000000000001	0.4	0.86	-10.14	1.01	2.02	-10.05	-1.1400000000000001
11:29:22.126498	-0.66	-10.52	0.27	-0.29	-10.41	-0.1	0.42	-10.83	-0.11	1.83	-10.73	-2.98
11:29:22.137243	-0.96	-10.91	0.49	-0.46	-10.58	0.55	1.41	-10.02	-0.2	0.89	-10.950000000000001	-4.74
11:29:22.147328	-1.24	-11.15	0.68	-0.51	-10.99	1.04	1.26	-10.200000000000001	0.74	-0.02	-11.25	-5.14
11:29:22.157396	-1.6500000000000001	-11.1	1.08	-0.6900000000000001	-11.01	0.35000000000000003	1.11	-10.64	0.43	3.65	-10.73	-1.8900000000000001
11:29:22.167520	-1.78	-10.950000000000001	1.24	-0.67	-10.63	0.48	0.04	-10.72	0.37	3.49	-10.56	-4.49
11:29:22.177904	-1.94	-10.71	1.37	-0.55	-10.69	0.54	0.64	-10.11	0.25	1.6600000000000001	-11.03	-5.1000000000000005
11:29:22.188165	-1.97	-10.5	1.43	-0.16	-10.42	0.61	0.63	-10.33	0.96	4.07	-10.200000000000001	-4.5
11:29:22.198356	-2.15	-10.19	1.44	-0.21	-10.53	0.32	0.34	-10.66	0.54	3.97	-10.450000000000001	-2.8000000000000003
11:29:22.208464	-2.18	-10.08	1.3800000000000001	-0.32	-10.46	0.67	0.33	-10.55	0.49	2.5500000000000003	-10.4	-3.9
11:29:22.218585	-2.19	-10.11	1.33	-0.12	-10.5	0.62	0.68	-10.36	0.59	1.9100000000000001	-11.05	-4.84
11:29:22.228774	-2.22	-10.13	1.21	0.0	-10.58	0.17	0.62	-10.33	1.24	2.99	-10.89	-4.59
11:29:22.239238	-2.18	-10.06	0.97	0.1	-10.43	0.0	-0.09	-10.75	0.8200000000000001	2.29	-10.36	-2.5
11:29:22.249338	-1.8900000000000001	-10.14	0.9	0.24	-10.25	0.14	0.4	-10.23	0.44	1.75	-11.26	-4.78
11:29:22.259439	-1.4000000000000001	-10.49	1.08	0.23	-10.26	0.3	0.77	-10.08	0.55	3.98	-11.200000000000001	-4.16
11:29:22.269567	-0.91	-10.91	1.52	0.27	-10.83	0.52	1.12	-10.15	0.76	2.68	-11.01	-2.35
11:29:22.280001	-0.8200000000000001	-11.86	2.43	0.38	-11.27	0.44	1.06	-11.18	-0.71	0.13	-12.73	-3.88
11:29:22.290069	-1.17	-11.85	2.64	0.64	-11.55	0.25	1.06	-11.18	-0.71	0.17	-12.61	-4.61
11:29:22.300218	-1.49	-11.63	2.73	0.41000000000000003	-11.57	0.61	-0.7000000000000001	-10.73	-0.88	3.33	-12.94	-3.88
11:29:22.310376	-1.6400000000000001	-10.66	2.27	0.22	-11.53	0.49	-0.7000000000000001	-10.73	-0.88	2.68	-12.21	-1.71
11:29:22.320495	-1.41	-10.19	1.73	-0.14	-11.3	0.55	-0.99	-10.83	-1.99	1.6	-12.26	-4.0
11:29:22.330593	-0.93	-9.950000000000001	1.1300000000000001	-0.16	-11.0	0.4	-0.89	-10.370000000000001	-1.94	0.87	-13.950000000000001	-5.0200000000000005
11:29:22.341197	-0.24	-9.83	0.39	-0.86	-10.74	-0.3	-1.09	-10.82	-1.74	0.65	-14.18	-2.57
11:29:22.351319	1.44	-9.71	-0.89	-1.75	-10.59	-1.37	-1.37	-11.53	-1.5	-0.23	-14.38	-1.17
11:29:22.361382	2.3000000000000003	-9.81	-1.32	-1.69	-10.43	-1.58	-1.19	-11.620000000000001	-1.1500000000000001	-1.52	-15.870000000000001	-2.04
11:29:22.371513	2.7	-9.74	-1.81	-2.11	-10.27	-2.07	-1.09	-12.8	-3.23	-0.22	-18.34	-1.41
11:29:22.382060	2.61	-9.64	-2.02	-2.24	-9.99	-2.12	-0.24	-13.370000000000001	-3.66	0.84	-18.53	0.47000000000000003
11:29:22.392252	2.36	-9.27	-1.8800000000000001	-2.35	-9.58	-1.76	1.09	-13.76	-4.39	1.99	-17.64	1.8800000000000001
11:29:22.402828	2.32	-9.13	-1.67	-2.54	-9.3	-1.04	1.47	-12.35	-4.15	3.15	-15.74	0.48
11:29:22.413127	2.31	-9.03	-1.33	-2.33	-9.200000000000001	-0.01	3.3200000000000003	-11.200000000000001	-1.19	4.78	-13.17	-3.38
11:29:22.423203	2.24	-8.91	-0.85	-3.63	-9.66	0.12	4.0	-10.49	0.97	3.61	-11.620000000000001	-4.0
11:29:22.433306	1.71	-8.59	0.15	-3.61	-10.1	-0.23	2.75	-10.18	3.49	3.13	-9.47	-5.65
11:29:22.443414	1.42	-8.46	0.51	-3.84	-10.21	0.13	0.87	-10.3	10.5	4.0	-0.68	-3.75
11:29:22.453494	1.22	-8.5	0.86	-2.68	-11.4	0.71	0.3	-11.07	9.34	-2.98	-0.6	6.17
11:29:22.463559	1.04	-8.71	1.04	-2.45	-11.99	1.27	0.61	-10.94	7.37	-12.38	0.97	14.57
11:29:22.473630	0.41000000000000003	-9.52	1.35	-2.05	-12.58	1.57	0.54	-10.99	6.04	-17.16	-0.72	16.580000000000002
11:29:22.483747	0.04	-9.9	1.33	-2.06	-13.06	1.98	0.2	-11.89	3.0	5.17	-14.69	4.08
11:29:22.493816	-0.25	-10.23	1.36	-1.53	-12.35	0.6	-0.25	-10.38	3.58	7.67	-12.42	2.0100000000000002
11:29:22.503892	-0.49	-10.5	1.28	-0.9	-11.65	0.74	-0.01	-8.48	5.1000000000000005	0.72	-8.44	4.6000000000000005
11:29:22.513957	-0.49	-10.48	1.22	-0.56	-11.38	0.9500000000000001	1.93	-7.25	5.32	-2.34	-4.64	7.09
11:29:22.524030	-0.37	-10.290000000000001	1.16	-0.59	-10.870000000000001	0.61	1.97	-7.59	5.53	4.28	-0.33	7.4
11:29:22.534096	-0.41000000000000003	-10.09	1.16	-0.71	-10.33	-0.09	1.34	-7.26	5.28	4.79	-4.44	5.57
11:29:22.544242	-0.38	-9.66	1.1	-0.52	-9.790000000000001	-0.27	0.88	-6.96	4.86	1.41	-6.49	5.22
11:29:22.554358	-0.34	-9.4	1.07	-0.16	-9.540000000000001	-0.51	0.26	-6.41	5.3100000000000005	-0.46	-10.31	3.65
11:29:22.564428	-0.4	-9.200000000000001	1.02	-0.1	-9.41	-0.72	-0.35000000000000003	-6.390000000000001	5.3100000000000005	0.91	-9.0	3.8000000000000003
11:29:22.574568	-0.46	-9.07	0.98	-0.21	-8.790000000000001	-0.75	-0.45	-6.32	5.12	0.34	-6.07	4.7
11:29:22.584699	-0.54	-8.870000000000001	1.06	-0.5	-8.15	-0.73	0.01	-5.62	5.49	0.58	-5.87	4.0
11:29:22.594770	-0.53	-8.8	1.1400000000000001	-0.71	-7.69	-1.16	-0.02	-6.21	5.12	0.09	-8.57	1.95
11:29:22.604851	-0.55	-8.700000000000001	1.18	-1.0	-7.22	-1.27	-0.21	-6.12	5.74	-0.21	-9.21	1.28
11:29:22.614922	-0.59	-8.63	1.2	-1.51	-6.67	-1.0	-0.59	-6.5200000000000005	5.7	-0.38	-10.24	0.74
11:29:22.625038	-0.63	-8.55	1.2	-1.45	-6.65	-0.92	-1.18	-7.4	5.72	-0.11	-11.58	-0.3
11:29:22.635171	-0.6	-8.63	1.3	-1.51	-6.8	-0.7000000000000001	-1.3800000000000001	-7.890000000000001	5.76	0.4	-12.9	-2.5100000000000002
11:29:22.645745	-0.55	-8.66	1.27	-2.0	-7.08	-0.21	-1.48	-8.08	5.68	1.34	-12.97	-3.33
11:29:22.655853	-0.46	-8.68	1.16	-1.95	-7.18	-0.44	-0.9500000000000001	-9.02	5.39	2.24	-13.34	-4.13
11:29:22.665921	-0.29	-8.85	0.93	-2.15	-7.09	-0.62	-0.14	-9.370000000000001	5.5200000000000005	2.84	-13.6	-4.65
11:29:22.676043	-0.22	-8.92	0.81	-2.17	-7.05	-1.02	0.58	-9.57	5.09	3.81	-14.13	-5.74
11:29:22.686117	-0.15	-9.03	0.65	-1.47	-7.28	-1.75	1.05	-9.52	4.86	4.05	-14.84	-7.0200000000000005
11:29:22.696242	-0.07	-9.18	0.25	-1.06	-7.5	-2.14	0.98	-9.870000000000001	4.64	4.09	-14.57	-7.6000000000000005
11:29:22.706320	-0.06	-9.15	0.18	-0.62	-7.73	-2.59	0.63	-9.9	4.33	3.96	-14.040000000000001	-8.1
11:29:22.716434	-0.06	-9.07	0.17	-0.16	-7.96	-3.0100000000000002	0.24	-9.68	4.1	3.9	-14.1	-8.58
11:29:22.726505	-0.17	-8.94	0.39	0.9	-8.07	-3.65	0.2	-9.67	4.26	3.71	-13.92	-9.02
11:29:22.736575	-0.28	-8.950000000000001	0.55	1.18	-7.930000000000001	-3.69	-0.07	-10.14	4.39	3.27	-13.82	-8.66
11:29:22.746686	-0.49	-8.94	0.72	1.46	-8.06	-3.48	-0.3	-10.44	3.95	3.4	-13.67	-9.19
11:29:22.756794	-0.68	-8.98	0.89	1.53	-8.11	-3.45	-0.36	-10.44	3.68	3.37	-13.24	-9.32
11:29:22.767474	-0.9500000000000001	-9.16	1.09	1.53	-8.1	-3.09	-0.39	-9.91	3.5500000000000003	3.39	-12.98	-9.55
11:29:22.777570	-1.0	-9.31	1.21	1.6	-8.08	-3.02	-0.5700000000000001	-9.78	3.3000000000000003	3.6	-12.82	-9.82
11:29:22.787686	-1.01	-9.43	1.29	1.67	-8.13	-3.0700000000000003	-0.68	-9.66	3.2	3.62	-12.63	-10.84
11:29:22.797890	-0.9500000000000001	-9.540000000000001	1.32	1.75	-8.13	-3.33	-0.65	-9.73	2.2800000000000002	3.74	-12.450000000000001	-11.51
11:29:22.808405	-0.9	-9.76	1.21	1.73	-8.51	-3.8000000000000003	-0.67	-9.81	2.22	3.89	-11.93	-12.48
11:29:22.818575	-0.96	-9.91	1.16	1.46	-8.75	-3.87	-0.63	-9.51	2.11	3.68	-10.71	-13.35
11:29:22.829173	-1.05	-10.08	1.08	1.3900000000000001	-8.92	-4.18	-0.54	-9.31	1.81	3.5300000000000002	-10.540000000000001	-13.86
11:29:22.839307	-1.1300000000000001	-10.35	1.01	1.19	-9.24	-4.36	-0.59	-9.17	1.45	3.5	-10.55	-14.38
11:29:22.849376	-1.37	-10.83	0.8200000000000001	0.67	-9.870000000000001	-4.15	-0.6900000000000001	-9.01	1.27	2.27	-9.790000000000001	-15.120000000000001
11:29:22.859508	-1.42	-10.99	0.72	0.49	-10.21	-3.98	-0.79	-8.8	1.17	2.04	-9.83	-15.24
11:29:22.869959	-1.41	-11.370000000000001	0.64	0.37	-10.55	-4.1	-0.79	-8.69	1.32	1.76	-9.78	-15.34
11:29:22.880060	-1.46	-11.68	0.47000000000000003	0.42	-10.82	-4.21	-0.35000000000000003	-8.64	1.21	1.47	-9.47	-15.06
11:29:22.890224	-1.49	-11.63	0.44	0.67	-10.9	-4.54	-0.04	-8.620000000000001	1.2	0.89	-9.39	-14.27
11:29:22.900648	-1.46	-11.450000000000001	0.47000000000000003	0.88	-10.700000000000001	-4.6000000000000005	0.46	-8.58	1.3	0.62	-9.290000000000001	-13.69
11:29:22.910976	-1.37	-11.23	0.52	0.9500000000000001	-10.38	-4.49	0.55	-8.48	1.74	0.33	-9.67	-12.88
11:29:22.921131	-1.21	-10.63	0.5	0.78	-9.370000000000001	-3.87	0.48	-8.52	2.08	1.82	-13.07	-12.950000000000001
11:29:22.931721	-1.29	-10.3	0.48	0.68	-8.91	-3.46	-0.25	-8.41	2.7800000000000002	1.67	-8.55	-11.91
11:29:22.941817	-1.37	-10.0	0.48	0.31	-8.47	-2.96	-0.55	-8.36	3.2800000000000002	1.61	-6.48	-11.38
11:29:22.951911	-1.41	-9.74	0.51	0.08	-7.99	-2.9	-0.99	-8.59	3.2	2.12	-5.79	-6.95
11:29:22.962027	-0.53	-9.870000000000001	0.52	-0.64	-8.02	-1.84	-1.01	-10.38	1.95	-1.75	-20.43	14.66
11:29:22.972147	0.03	-10.82	0.2	-0.54	-10.120000000000001	-1.83	-0.44	-16.19	-10.51	4.8500000000000005	-25.1	20.1
11:29:22.982506	-0.09	-12.19	-0.35000000000000003	-0.23	-12.39	-1.61	-1.02	-16.68	-9.1	12.290000000000001	-17.54	-0.03
11:29:22.992629	-0.11	-13.120000000000001	-0.85	0.06	-13.8	-2.5500000000000003	0.85	-14.47	-2.85	10.53	-9.0	-7.8100000000000005
11:29:23.002701	0.51	-13.82	-1.75	0.18	-13.11	-3.99	0.9400000000000001	-11.27	2.58	-5.5200000000000005	-7.45	-6.62
11:29:23.012786	0.6900000000000001	-13.17	-1.92	-0.58	-12.24	-2.62	-1.72	-10.94	3.24	-3.34	-9.28	0.38
11:29:23.022859	0.99	-12.13	-1.6500000000000001	-0.68	-12.39	-2.9	-3.25	-10.36	0.21	2.5500000000000003	-11.74	0.6
11:29:23.032929	1.18	-11.040000000000001	-1.17	-1.34	-10.01	-4.15	-2.2600000000000002	-9.18	0.77	6.28	-8.53	-5.8
11:29:23.042996	0.66	-9.290000000000001	0.17	-1.81	-8.15	-2.44	1.72	-8.84	1.82	-2.1	-7.58	3.16
11:29:23.053072	0.21	-8.97	0.84	-2.35	-7.25	0.0	2.5100000000000002	-10.15	1.41	-1.11	-10.21	-2.58
11:29:23.063148	-0.1	-9.03	1.35	-2.5	-6.96	1.08	3.16	-10.39	2.16	1.5	-9.01	-1.45
11:29:23.073279	-0.35000000000000003	-9.21	1.85	-1.6500000000000001	-7.3	1.17	1.22	-10.52	2.09	1.45	-7.75	-0.18
11:29:23.083346	-0.25	-9.15	1.8900000000000001	-1.02	-7.8	1.84	0.24	-10.59	1.75	0.61	-8.43	-0.24
11:29:23.093420	0.07	-8.97	1.72	-0.14	-8.56	1.93	-0.47000000000000003	-9.91	1.3900000000000001	1.12	-12.290000000000001	-3.88
11:29:23.103493	0.55	-8.790000000000001	1.43	0.85	-9.19	1.47	-1.0	-8.68	1.52	1.04	-11.200000000000001	-3.25
11:29:23.113575	1.6300000000000001	-8.47	0.72	3.02	-9.99	0.6900000000000001	-0.68	-8.89	1.75	-0.15	-8.73	-0.54
11:29:23.123646	2.0	-8.46	0.22	3.5500000000000003	-10.55	0.62	0.0	-9.620000000000001	1.07	2.2	-9.71	-0.86
11:29:23.133754	2.05	-8.67	-0.31	3.12	-10.78	0.43	0.99	-10.26	0.93	1.8800000000000001	-9.01	-3.0500000000000003
11:29:23.143856	1.97	-8.97	-0.8	2.17	-10.51	0.5	2.32	-10.15	0.43	1.16	-8.85	-2.29
11:29:23.153938	1.73	-9.39	-1.59	0.12	-9.59	0.86	2.41	-9.92	-0.26	1.28	-8.43	-0.06
11:29:23.164016	1.67	-9.49	-1.95	-0.64	-9.540000000000001	0.27	2.15	-10.05	-0.86	1.8900000000000001	-10.92	-1.29
11:29:23.174083	1.5	-9.540000000000001	-2.19	-0.98	-9.63	-0.13	2.0100000000000002	-10.21	-0.64	1.72	-11.18	-4.7700000000000005
11:29:23.184155	1.45	-9.55	-2.2	-1.37	-9.290000000000001	-0.66	2.0300000000000002	-9.86	1.08	1.42	-9.120000000000001	-3.17
11:29:23.194280	0.61	-9.76	-1.7	-1.57	-9.17	-1.02	1.52	-9.78	1.1500000000000001	0.47000000000000003	-9.540000000000001	-1.31
11:29:23.204353	0.61	-9.76	-1.7	-1.79	-9.15	-0.41000000000000003	0.92	-9.66	0.8300000000000001	0.58	-10.07	-1.92
11:29:23.214438	0.29	-9.88	-1.41	-1.53	-9.700000000000001	-0.64	0.01	-10.040000000000001	1.28	0.8200000000000001	-9.61	-2.89
11:29:23.224501	-0.1	-9.91	-1.09	-1.48	-9.89	-0.36	0.17	-10.1	1.12	0.86	-9.35	-3.06
11:29:23.234593	-0.4	-9.82	-0.52	-0.85	-9.96	-0.26	0.28	-10.03	0.78	1.06	-10.14	-1.33
11:29:23.244660	-0.41000000000000003	-9.72	-0.32	-0.68	-9.78	-0.04	0.41000000000000003	-10.15	0.18	1.6300000000000001	-10.05	-2.72
11:29:23.254789	-0.17	-9.21	-0.14	-0.24	-9.49	0.03	1.3900000000000001	-9.52	0.16	1.71	-8.88	-3.2
11:29:23.264874	-0.13	-9.06	-0.13	0.15	-9.36	0.33	1.9100000000000001	-9.34	-0.08	1.74	-9.120000000000001	-1.24
11:29:23.275005	-0.1	-8.96	-0.18	0.97	-9.51	0.79	2.12	-9.48	-0.3	1.8	-9.81	-1.5
11:29:23.285158	-0.17	-8.91	-0.26	1.3800000000000001	-9.69	0.58	2.37	-9.55	-0.24	1.6400000000000001	-9.4	-3.8000000000000003
11:29:23.295783	-0.12	-8.82	-0.41000000000000003	1.53	-9.48	0.66	2.54	-9.19	-0.18	1.1500000000000001	-8.9	-2.87
11:29:23.306405	-0.18	-8.77	-0.55	2.0300000000000002	-9.39	0.32	2.07	-9.13	-0.06	1.21	-9.370000000000001	-1.1300000000000001
11:29:23.316482	-0.24	-8.790000000000001	-0.59	2.04	-9.68	0.16	1.07	-9.540000000000001	-0.08	1.28	-10.26	-2.06
11:29:23.326551	-0.26	-8.8	-0.63	2.38	-9.46	0.07	0.91	-9.61	-0.36	1.07	-9.82	-3.91
11:29:23.336654	-0.35000000000000003	-8.94	-0.55	2.19	-9.790000000000001	-0.08	1.01	-9.38	-0.3	1.1	-9.05	-3.47
11:29:23.346727	-0.43	-8.94	-0.45	1.45	-9.68	-0.26	0.88	-9.43	0.28	1.78	-9.48	-0.62
11:29:23.356798	-0.6	-9.040000000000001	-0.3	1.21	-9.69	-0.41000000000000003	1.07	-9.84	-0.19	2.06	-9.86	-2.88
11:29:23.366882	-0.66	-9.08	-0.17	0.93	-9.67	-0.31	1.27	-9.6	-0.07	1.67	-9.27	-4.04
11:29:23.377307	-0.78	-9.1	0.14	0.44	-9.52	-0.28	1.07	-9.57	0.5	2.18	-8.59	-3.5300000000000002
11:29:23.387410	-0.87	-9.13	0.18	-0.18	-9.51	-0.32	0.59	-9.94	0.9500000000000001	2.33	-9.370000000000001	-0.84
11:29:23.397478	-0.92	-9.21	0.17	-0.25	-9.57	-0.41000000000000003	0.5	-10.03	0.62	1.79	-10.01	-3.5100000000000002
11:29:23.407598	-0.93	-9.21	0.15	-0.55	-9.43	-0.3	0.68	-9.69	0.88	1.23	-9.28	-3.69
11:29:23.417765	-0.8200000000000001	-9.28	-0.07	-0.6900000000000001	-9.31	-0.29	0.68	-9.35	1.76	1.41	-8.870000000000001	-3.29
11:29:23.428465	-0.78	-9.290000000000001	-0.16	-0.75	-9.38	-0.06	0.34	-10.0	1.47	1.49	-9.55	-1.2
11:29:23.438556	-0.74	-9.34	-0.22	-0.76	-9.540000000000001	0.05	0.33	-10.15	1.05	1.6600000000000001	-9.89	-3.98
11:29:23.448689	-0.76	-9.34	-0.38	-0.85	-9.46	0.47000000000000003	0.55	-9.66	1.33	1.06	-9.4	-3.99
11:29:23.458820	-0.74	-9.3	-0.42	-0.8300000000000001	-9.38	0.8200000000000001	0.68	-9.21	2.36	1.51	-9.03	-2.7600000000000002
11:29:23.469437	-0.76	-9.34	-0.4	-0.84	-9.39	1.17	0.29	-10.22	0.9500000000000001	2.17	-9.49	-2.04
11:29:23.479923	-0.74	-9.44	-0.38	-0.63	-9.46	1.37	1.36	-9.23	1.56	1.48	-9.61	-5.3
11:29:23.490452	-0.71	-9.65	-0.21	-0.63	-9.53	1.6500000000000001	1.28	-10.3	1.44	1.81	-9.67	-2.37
11:29:23.500544	-0.6900000000000001	-9.8	-0.14	-0.11	-10.14	1.19	1.16	-10.58	1.5	1.77	-10.57	-3.1
11:29:23.511739	-0.77	-9.97	-0.11	-0.12	-10.33	1.33	1.48	-10.17	2.0100000000000002	0.89	-10.5	-4.68
11:29:23.522282	-0.84	-10.16	-0.08	-0.27	-10.31	1.17	1.06	-10.48	2.66	0.84	-11.27	-5.26
11:29:23.532355	-0.99	-10.57	-0.07	-0.42	-10.44	0.61	1.02	-11.120000000000001	1.99	0.13	-11.76	-2.5100000000000002
11:29:23.542446	-1.06	-10.76	-0.13	-0.73	-10.51	0.81	1.34	-11.05	1.97	-0.68	-10.05	-2.82
11:29:23.552522	-1.06	-10.76	-0.13	-0.88	-10.790000000000001	1.17	1.34	-10.66	1.47	1.53	-10.91	-5.37
11:29:23.562637	-1.26	-10.88	0.0	-1.09	-10.68	1.07	0.39	-10.83	1.79	2.7	-10.94	-4.8
11:29:23.572695	-1.29	-10.88	-0.08	-0.8300000000000001	-10.57	0.9	0.1	-11.43	0.6	3.27	-10.19	-2.23
11:29:23.582762	-1.83	-11.15	-0.03	0.09	-10.8	0.17	0.18	-10.950000000000001	0.93	4.16	-10.19	-4.64
11:29:23.592869	-2.0300000000000002	-11.11	0.01	0.02	-10.81	0.58	0.14	-10.67	1.47	4.01	-10.290000000000001	-5.99
11:29:23.603018	-2.13	-11.02	0.07	0.01	-10.8	0.31	0.09	-10.92	1.12	3.99	-10.92	-4.58
11:29:23.613709	-2.23	-11.03	0.16	0.27	-10.74	0.08	-0.11	-11.25	0.91	3.61	-10.44	-2.94
11:29:23.623793	-2.44	-10.64	0.19	0.7000000000000001	-10.77	0.26	0.49	-10.75	0.88	2.74	-11.040000000000001	-5.45
11:29:23.633861	-2.44	-10.47	0.22	0.43	-10.86	0.38	0.48	-10.52	1.44	2.23	-10.91	-5.96
11:29:23.643952	-2.48	-10.290000000000001	0.24	0.62	-10.68	0.18	0.49	-10.63	0.84	2.16	-11.36	-4.03
11:29:23.654029	-2.52	-10.03	0.25	0.58	-10.46	0.0	0.24	-10.68	0.66	1.78	-10.66	-3.0500000000000003
11:29:23.664151	-2.48	-9.81	0.21	0.4	-10.24	0.1	0.66	-10.200000000000001	0.51	1.44	-11.28	-5.11
11:29:23.674226	-1.67	-9.93	0.27	0.48	-10.46	0.36	1.04	-10.46	0.5	2.79	-11.58	-5.33
11:29:23.684295	-1.67	-9.93	0.27	0.75	-10.91	0.38	1.68	-11.01	-0.65	3.83	-11.63	-4.23
11:29:23.694587	-0.32	-11.61	1.81	1.01	-11.950000000000001	0.51	1.37	-11.57	-0.74	2.54	-12.05	-2.87
11:29:23.704735	-0.88	-12.31	2.12	0.84	-11.86	0.58	0.78	-11.22	-1.25	-0.32	-13.93	-3.71
11:29:23.715277	-1.26	-12.620000000000001	2.5300000000000002	0.42	-11.88	0.6900000000000001	-0.26	-10.72	-0.76	-0.28	-13.6	-6.09
11:29:23.725418	-1.52	-11.540000000000001	2.19	-0.09	-11.93	0.44	-1.04	-11.27	-1.28	1.1400000000000001	-14.89	-2.2800000000000002
11:29:23.736052	-0.96	-10.56	1.46	-1.08	-11.42	-0.14	-1.47	-12.01	-2.5500000000000003	0.31	-14.48	-0.41000000000000003
11:29:23.746288	0.0	-9.790000000000001	0.53	-1.33	-11.1	-0.71	-1.31	-11.620000000000001	-1.69	-1.83	-16.39	-2.79
11:29:23.756422	0.87	-9.34	-0.34	-1.43	-10.76	-1.1300000000000001	-1.52	-11.35	-2.0100000000000002	-2.13	-17.37	-3.1
11:29:23.766505	1.95	-9.1	-1.79	-1.5	-10.32	-1.55	-1.3900000000000001	-12.07	-3.5	-1.2	-18.44	-0.46
11:29:23.776577	2.2600000000000002	-9.11	-2.18	-1.55	-9.3	-1.77	0.11	-13.08	-5.57	0.48	-18.09	2.24
11:29:23.786646	2.38	-9.120000000000001	-2.36	-1.76	-8.790000000000001	-1.75	1.05	-12.63	-5.49	2.84	-16.34	0.91
11:29:23.796724	2.33	-9.14	-2.38	-2.1	-8.47	-1.3900000000000001	1.9000000000000001	-11.41	-4.32	5.41	-14.21	-0.85
11:29:23.806790	2.6	-8.98	-1.81	-2.0100000000000002	-8.3	-1.12	3.84	-10.17	-0.06	6.33	-13.48	-4.47
11:29:23.816858	2.66	-8.76	-1.4000000000000001	-3.63	-8.77	-0.67	3.8200000000000003	-10.19	1.8800000000000001	6.2	-12.96	-7.0600000000000005
11:29:23.826986	2.49	-8.53	-0.9400000000000001	-2.86	-9.3	-0.62	2.42	-10.44	5.3	6.18	-6.3100000000000005	-8.22
11:29:23.837055	1.55	-8.540000000000001	0.1	-3.08	-9.85	0.01	1.68	-11.07	8.040000000000001	6.33	-4.05	-6.94
11:29:23.847130	1.09	-8.75	0.59	-2.8000000000000003	-10.76	0.0	1.08	-11.84	8.36	2.12	-3.24	-0.17
11:29:23.857196	0.7000000000000001	-9.120000000000001	1.05	-2.15	-13.26	0.65	1.17	-11.55	8.040000000000001	-14.15	3.24	15.200000000000001
11:29:23.867265	0.37	-9.56	1.49	-1.55	-13.790000000000001	0.75	0.73	-10.88	7.21	-14.35	-1.02	14.01
11:29:23.877402	-0.32	-10.36	2.06	-1.2	-13.94	1.07	-0.04	-11.36	3.24	-2.07	-9.19	7.9
11:29:23.887473	-0.62	-10.66	2.17	-1.72	-13.530000000000001	0.9	-0.56	-10.57	4.01	5.17	-15.88	4.51
11:29:23.897560	-0.8200000000000001	-10.78	2.1	-2.13	-12.15	0.96	0.0	-9.34	5.1000000000000005	-0.29	-9.16	5.93
11:29:23.907637	-0.9500000000000001	-10.77	1.83	-1.73	-11.9	0.32	1.01	-8.4	5.12	-2.19	-4.45	5.91
11:29:23.917770	-0.5	-10.53	1.1300000000000001	-1.48	-11.61	0.75	1.6600000000000001	-7.59	5.58	0.76	-1.86	6.67
11:29:23.927855	-0.36	-10.36	0.78	-0.9400000000000001	-11.120000000000001	0.8	1.18	-7.41	5.54	4.38	-0.34	6.55
11:29:23.937964	-0.19	-10.21	0.47000000000000003	-0.35000000000000003	-10.38	0.27	1.07	-6.9	5.11	2.34	-6.41	5.18
11:29:23.948037	-0.1	-10.05	0.17	-0.62	-10.05	0.62	0.66	-6.74	5.05	-0.21	-9.19	4.34
11:29:23.958137	0.03	-9.69	-0.26	-0.53	-9.870000000000001	0.41000000000000003	0.3	-6.73	5.26	-0.23	-10.92	2.8000000000000003
11:29:23.968205	0.04	-9.52	-0.34	-0.76	-9.59	0.38	-0.03	-6.7	5.39	0.99	-8.790000000000001	3.9
11:29:23.978341	0.1	-9.32	-0.3	-1.1	-9.33	-0.21	0.0	-6.19	6.12	0.08	-5.6000000000000005	4.32
11:29:23.988411	-0.04	-9.11	-0.18	-1.61	-8.63	-0.19	-0.34	-6.07	6.23	-0.17	-8.16	3.09
11:29:23.998780	-0.55	-8.93	0.23	-1.8900000000000001	-8.19	-0.51	-0.53	-6.61	5.97	-0.71	-9.450000000000001	2.5100000000000002
11:29:24.008886	-0.77	-8.98	0.53	-2.25	-8.08	-0.84	-0.9400000000000001	-6.78	6.19	-1.83	-11.200000000000001	0.85
11:29:24.019005	-1.02	-9.07	0.8	-2.63	-7.23	-0.75	-1.42	-7.37	6.91	-0.35000000000000003	-11.46	-1.1400000000000001
11:29:24.029149	-1.01	-9.14	1.22	-2.81	-7.1000000000000005	-0.64	-1.84	-7.11	7.23	-0.35000000000000003	-11.46	-1.1400000000000001
11:29:24.039243	-0.91	-9.120000000000001	1.29	-2.82	-7.07	-0.52	-2.2600000000000002	-7.390000000000001	6.93	1.82	-13.86	-3.93
11:29:24.049464	-0.87	-9.08	1.35	-2.56	-6.78	-0.41000000000000003	-2.43	-7.92	6.44	2.4	-13.65	-4.42
11:29:24.059901	-0.88	-8.91	1.17	-2.44	-6.640000000000001	-0.63	-0.91	-8.26	6.2	2.84	-13.64	-4.92
11:29:24.070038	-0.76	-8.58	0.85	-1.92	-6.2700000000000005	-0.53	-0.36	-8.48	6.23	3.43	-13.85	-5.75
11:29:24.080149	-0.75	-8.44	0.55	-1.41	-6.55	-1.05	0.11	-8.46	5.86	4.24	-14.07	-6.99
11:29:24.090368	-0.65	-8.33	0.25	-0.63	-6.390000000000001	-1.33	0.79	-8.73	5.3100000000000005	4.42	-14.08	-7.22
11:29:24.100950	-0.6	-8.34	0.02	-0.1	-6.37	-1.92	0.86	-8.97	5.08	4.65	-14.16	-7.73
11:29:24.111534	-0.6	-8.42	-0.14	0.59	-6.7	-2.56	0.54	-9.11	4.89	5.03	-14.89	-9.02
11:29:24.122079	-0.52	-8.5	-0.1	0.9	-7.16	-3.44	-0.31	-9.950000000000001	4.53	5.2	-14.67	-9.68
11:29:24.132492	-0.61	-8.58	-0.01	0.9500000000000001	-6.8500000000000005	-3.6	-0.56	-10.33	4.75	5.49	-14.290000000000001	-10.23
11:29:24.142830	-0.6900000000000001	-8.6	0.12	1.06	-6.93	-3.69	-0.51	-10.41	4.36	5.45	-14.0	-10.71
11:29:24.152906	-0.73	-8.77	0.49	1.27	-7.08	-3.69	-0.26	-10.370000000000001	3.96	5.39	-13.63	-11.950000000000001
11:29:24.163047	-0.76	-8.8	0.66	1.76	-7.91	-3.8200000000000003	-0.07	-10.09	3.59	4.98	-13.18	-12.14
11:29:24.173271	-0.77	-8.78	0.75	2.0300000000000002	-8.36	-3.72	-0.18	-9.92	3.49	4.45	-12.790000000000001	-12.36
11:29:24.183835	-0.73	-8.84	0.74	2.37	-8.69	-3.74	-0.26	-9.620000000000001	3.35	3.98	-12.56	-12.81
11:29:24.193925	-0.81	-9.19	0.52	2.41	-8.99	-3.87	-0.64	-9.22	2.85	2.81	-12.280000000000001	-13.47
11:29:24.203990	-0.81	-9.19	0.52	2.11	-9.27	-4.48	-0.87	-9.22	2.35	2.89	-12.26	-14.22
11:29:24.214109	-0.74	-10.1	0.5	1.81	-9.36	-4.66	-1.02	-9.21	2.05	3.11	-11.72	-14.71
11:29:24.224176	-0.76	-10.41	0.55	1.3900000000000001	-9.69	-4.88	-0.9	-9.52	1.17	3.24	-11.38	-15.11
11:29:24.234418	-0.76	-10.41	0.55	0.91	-9.99	-5.11	-0.72	-9.23	1.21	2.58	-11.33	-15.8
11:29:24.244486	-1.1	-11.03	0.78	0.06	-10.44	-5.14	-0.68	-9.200000000000001	0.99	1.9100000000000001	-11.040000000000001	-15.77
11:29:24.254711	-1.1	-11.03	0.78	-0.19	-10.56	-4.78	-0.63	-8.89	0.91	1.32	-10.67	-15.73
11:29:24.265274	-1.52	-11.59	0.84	-0.34	-10.67	-4.37	-0.58	-8.69	0.87	1.1400000000000001	-10.120000000000001	-15.19
11:29:24.275433	-1.43	-11.66	0.8300000000000001	-0.4	-10.8	-4.09	-0.42	-8.65	1.1300000000000001	1.36	-9.92	-14.74
11:29:24.285544	-1.58	-11.67	0.76	-0.3	-10.72	-3.81	-0.17	-8.84	1.26	1.55	-9.88	-14.24
11:29:24.296050	-1.58	-11.620000000000001	0.62	-0.27	-10.63	-3.69	0.15	-8.89	1.84	1.7	-9.56	-13.620000000000001
11:29:24.306364	-1.6600000000000001	-11.46	0.53	-0.09	-10.34	-3.79	0.21	-9.07	2.14	1.46	-9.450000000000001	-12.1
11:29:24.316432	-1.71	-11.27	0.49	-0.06	-10.02	-4.0	0.18	-9.24	2.24	1.85	-11.56	-10.74
11:29:24.326888	-1.8	-11.02	0.49	0.17	-9.200000000000001	-4.45	0.23	-9.3	2.52	4.03	-13.41	-13.3
11:29:24.336971	-1.84	-10.6	0.5700000000000001	0.35000000000000003	-8.700000000000001	-4.29	0.06	-9.13	2.75	3.59	-9.72	-12.46
11:29:24.347043	-1.97	-10.49	0.65	0.42	-8.02	-3.89	-0.23	-8.78	3.31	0.67	-2.92	-6.24
11:29:24.357111	-1.92	-10.39	0.67	0.34	-7.29	-3.0	-0.65	-8.96	2.95	2.87	-8.63	-1.97
11:29:24.367185	-1.18	-10.58	0.76	0.17	-8.43	-2.48	-0.79	-14.86	-6.7	1.93	-16.59	6.79
11:29:24.377587	-1.18	-10.58	0.76	0.19	-11.08	-1.7	-1.36	-17.3	-11.55	9.290000000000001	-21.64	11.74
11:29:24.387843	-0.47000000000000003	-12.450000000000001	0.03	0.12	-13.57	-1.23	-1.47	-17.0	-7.16	10.36	-11.5	-7.16
11:29:24.397912	0.05	-13.77	-1.05	-0.18	-14.0	-1.96	0.52	-13.71	-1.8900000000000001	7.7700000000000005	-6.46	-8.81
11:29:24.407982	0.6900000000000001	-12.950000000000001	-1.87	0.26	-13.63	-2.77	-1.33	-10.17	1.95	-0.63	-8.01	-12.89
11:29:24.418050	0.92	-11.81	-1.8	0.29	-13.38	-2.29	-3.16	-9.93	1.23	-1.27	-9.86	1.82
11:29:24.428128	1.04	-10.63	-1.47	0.48	-12.66	-2.6	-3.16	-9.93	1.23	4.96	-11.49	3.19
11:29:24.438206	0.89	-9.51	-0.86	-0.85	-9.26	-4.03	-0.9	-8.23	1.23	6.54	-7.3500000000000005	-0.34
11:29:24.448289	0.2	-8.24	0.67	-1.94	-7.05	-2.5500000000000003	1.16	-8.38	1.1400000000000001	1.56	-7.17	-0.67
11:29:24.458392	-0.01	-8.08	1.26	-3.29	-5.7	-0.61	1.16	-8.38	1.1400000000000001	-0.8	-8.38	0.68
11:29:24.468507	-0.1	-8.21	1.82	-4.01	-5.54	-0.03	3.83	-9.15	0.2	0.41000000000000003	-8.06	1.83
11:29:24.478611	-0.17	-8.47	2.0100000000000002	-2.48	-6.7	0.43	3.0300000000000002	-10.91	0.88	0.61	-9.24	-2.83
11:29:24.489025	0.07	-8.72	1.86	-1.05	-7.92	1.18	2.08	-10.53	1.26	1.03	-9.94	-4.0600000000000005
11:29:24.499141	0.56	-8.74	1.6	0.21	-9.06	1.73	0.45	-9.6	0.81	0.09	-9.59	0.59
11:29:24.509210	1.09	-8.72	1.22	1.72	-9.98	1.57	-0.7000000000000001	-9.0	1.05	0.37	-9.94	-2.42
11:29:24.519299	1.6500000000000001	-8.66	0.8300000000000001	3.7800000000000002	-10.9	0.2	-0.26	-8.69	1.3900000000000001	1.3	-7.74	-3.3000000000000003
11:29:24.529818	2.09	-8.9	0.0	3.92	-10.69	0.63	0.06	-9.290000000000001	1.37	1.23	-8.67	0.51
11:29:24.540376	1.98	-9.15	-0.37	3.38	-10.48	1.02	0.66	-9.93	0.78	2.08	-10.16	-0.77
11:29:24.550529	1.83	-9.39	-0.68	2.18	-10.15	1.21	1.79	-10.620000000000001	-1.11	2.2	-10.28	-3.48
11:29:24.560771	1.6300000000000001	-9.58	-0.93	0.32	-9.41	0.85	2.41	-10.02	-0.76	1.31	-9.91	-3.3200000000000003
11:29:24.571117	1.31	-9.64	-1.32	-0.26	-9.3	-0.22	2.43	-9.85	-0.18	1.34	-9.89	-1.11
11:29:24.581234	1.27	-9.46	-1.31	-0.26	-9.3	-0.22	1.98	-9.790000000000001	-0.15	1.34	-9.89	-1.11
11:29:24.591395	1.16	-9.43	-1.23	-0.55	-9.35	-0.5700000000000001	1.83	-9.6	0.53	1.28	-9.0	-2.46
11:29:24.601715	0.62	-9.58	-0.88	-1.33	-9.3	-0.72	1.68	-9.540000000000001	1.1300000000000001	0.78	-9.41	-2.57
11:29:24.611806	0.22	-9.74	-0.66	-1.22	-9.23	-0.38	1.68	-9.540000000000001	1.1300000000000001	0.63	-10.02	-0.9
11:29:24.621927	-0.05	-9.9	-0.42	-1.45	-9.59	-0.19	0.09	-10.39	1.1300000000000001	0.67	-10.3	-3.0
11:29:24.632645	-0.34	-9.97	-0.23	-1.26	-9.61	0.07	0.13	-10.22	1.48	1.04	-9.0	-3.97
11:29:24.643151	-0.5	-9.71	-0.01	-1.25	-9.33	0.07	0.25	-9.59	1.23	0.91	-9.26	-1.6500000000000001
11:29:24.653227	-0.37	-9.48	0.07	-1.12	-9.27	0.26	0.25	-9.59	1.23	1.28	-9.63	-1.04
11:29:24.663897	-0.22	-9.23	0.06	-0.59	-9.43	0.52	0.25	-9.59	1.23	1.7	-9.3	-2.62
11:29:24.674044	-0.08	-9.07	0.01	0.37	-9.56	0.7000000000000001	1.35	-9.99	0.85	1.62	-8.43	-3.52
11:29:24.684383	0.04	-8.78	-0.18	0.66	-9.36	0.87	1.35	-9.99	0.85	1.51	-9.27	-0.9500000000000001
11:29:24.694470	0.06	-8.71	-0.28	0.9500000000000001	-9.27	0.8200000000000001	1.35	-9.99	0.85	1.82	-9.75	-2.04
11:29:24.704537	0.08	-8.66	-0.39	1.5	-9.33	0.66	1.75	-9.85	0.25	1.61	-9.31	-3.63
11:29:24.714650	0.0	-8.74	-0.56	1.6500000000000001	-9.34	0.6900000000000001	0.9400000000000001	-9.43	0.46	1.2	-8.86	-2.87
11:29:24.724753	-0.12	-8.83	-0.51	1.53	-9.540000000000001	0.74	0.46	-9.73	0.11	1.41	-9.77	-0.1
11:29:24.734847	-0.2	-8.88	-0.49	1.62	-9.58	0.58	0.44	-9.97	0.02	1.62	-10.01	-2.96
11:29:24.744932	-0.36	-8.99	-0.44	1.02	-9.47	0.5	0.67	-9.77	0.15	1.32	-9.33	-3.64
11:29:24.755277	-0.36	-8.99	-0.44	1.1	-9.52	0.42	0.87	-9.32	-0.27	1.6600000000000001	-8.98	-3.15
11:29:24.765516	-0.49	-9.23	-0.14	0.6900000000000001	-9.61	0.47000000000000003	0.87	-9.32	-0.27	1.83	-9.69	-0.81
11:29:24.776244	-0.5	-9.31	0.0	0.27	-9.67	0.24	1.3900000000000001	-10.01	-0.67	1.98	-9.83	-3.15
11:29:24.786384	-0.6	-9.370000000000001	0.08	-0.19	-9.6	-0.12	1.3900000000000001	-10.01	-0.67	1.42	-9.19	-4.55
11:29:24.796887	-0.62	-9.33	0.12	-0.56	-9.22	-0.23	1.19	-9.16	-0.75	1.8800000000000001	-8.85	-2.32
11:29:24.806964	-0.65	-9.27	0.08	-0.64	-9.24	-0.26	1.19	-9.16	-0.75	1.7	-9.67	-0.9500000000000001
11:29:24.817032	-0.62	-9.28	0.1	-0.8200000000000001	-9.5	-0.16	0.96	-9.72	-0.88	1.18	-9.71	-4.11
11:29:24.827105	-0.55	-9.36	-0.07	-0.74	-9.950000000000001	0.02	1.01	-9.64	-0.41000000000000003	1.35	-9.88	-4.58
11:29:24.837188	-0.5	-9.4	-0.21	-0.54	-9.78	0.03	1.01	-9.64	-0.41000000000000003	1.6500000000000001	-9.58	-1.85
11:29:24.847314	-0.45	-9.42	-0.31	-0.42	-9.72	0.08	0.56	-10.02	0.85	1.3800000000000001	-10.200000000000001	-1.74
11:29:24.857425	-0.43	-9.4	-0.45	-0.52	-9.53	0.15	0.09	-9.24	0.77	1.33	-9.58	-4.65
11:29:24.867498	-0.3	-9.38	-0.66	-0.79	-9.26	1.09	0.09	-9.24	0.77	1.75	-8.98	-4.18
11:29:24.877570	-0.26	-9.36	-0.74	-0.9	-9.370000000000001	1.53	0.44	-9.73	1.05	2.25	-9.540000000000001	-1.32
11:29:24.887694	-0.23	-9.42	-0.75	-0.92	-9.65	1.69	0.78	-10.0	0.38	2.09	-10.040000000000001	-3.4
11:29:24.897762	-0.16	-9.540000000000001	-0.71	-0.91	-9.76	1.92	0.78	-10.0	0.38	1.37	-9.82	-4.33
11:29:24.907830	-0.28	-10.03	-0.6	-0.6900000000000001	-9.93	1.6400000000000001	1.46	-9.870000000000001	2.02	1.6600000000000001	-9.69	-4.14
11:29:24.917945	-0.33	-10.17	-0.51	-0.64	-9.950000000000001	1.3	1.46	-9.870000000000001	2.02	1.97	-10.26	-1.6500000000000001
11:29:24.928015	-0.45	-10.28	-0.45	-0.62	-10.05	1.28	1.1	-10.17	1.69	1.46	-10.86	-4.33
11:29:24.938096	-0.54	-10.4	-0.41000000000000003	-0.98	-10.22	1.43	1.1	-10.17	1.69	0.73	-11.370000000000001	-5.03
11:29:24.948167	-0.62	-10.43	-0.33	-1.41	-10.700000000000001	1.79	1.1	-10.17	1.69	1.22	-12.14	-4.16
11:29:24.958242	-0.75	-10.66	-0.27	-1.49	-10.84	1.54	0.73	-11.57	1.82	-0.8	-10.82	-2.45
11:29:24.968315	-1.0	-10.77	-0.27	-1.46	-10.61	1.56	0.99	-10.89	1.77	0.45	-10.46	-3.11
11:29:24.978392	-1.32	-10.96	-0.12	-1.23	-10.6	1.07	0.35000000000000003	-10.67	2.5	2.7800000000000002	-10.73	-5.94
11:29:24.988515	-1.51	-11.07	-0.08	-0.9	-10.51	1.02	0.35000000000000003	-10.67	2.5	3.18	-10.74	-4.4
11:29:24.998578	-1.76	-11.040000000000001	0.0	-0.75	-10.51	1.09	-0.17	-10.8	1.31	3.27	-9.81	-2.31
11:29:25.008677	-1.83	-11.03	0.03	-0.72	-10.46	1.08	0.37	-10.370000000000001	0.88	3.7	-10.58	-5.14
11:29:25.019321	-1.9100000000000001	-10.84	0.0	-0.61	-10.65	0.6900000000000001	0.16	-10.42	1.46	3.69	-10.27	-5.98
11:29:25.029389	-1.8800000000000001	-10.64	-0.07	-0.5700000000000001	-10.700000000000001	0.31	0.2	-10.61	1.1	2.86	-10.42	-3.25
11:29:25.040027	-1.81	-10.53	-0.13	-0.33	-10.53	0.35000000000000003	0.25	-10.57	0.62	1.9000000000000001	-11.56	-4.75
11:29:25.050445	-1.6	-10.38	-0.14	-0.27	-10.65	0.4	0.25	-10.57	0.62	2.75	-11.3	-5.07
11:29:25.060916	-0.46	-10.75	0.19	0.07	-10.790000000000001	0.62	0.48	-10.620000000000001	1.02	4.19	-11.790000000000001	-3.2800000000000002
11:29:25.070985	0.4	-11.55	1.06	0.56	-11.27	0.72	0.48	-10.620000000000001	1.02	4.19	-11.790000000000001	-3.2800000000000002
11:29:25.081773	0.52	-12.6	2.0	0.89	-12.06	0.96	1.81	-11.4	-0.62	-1.18	-13.47	-4.09
11:29:25.092115	-0.22	-13.38	2.73	0.37	-12.27	1.34	0.6	-11.19	-0.5700000000000001	0.13	-12.64	-6.49
11:29:25.102886	-2.35	-13.16	3.31	0.06	-12.23	1.29	-1.33	-11.450000000000001	-1.06	2.71	-13.35	-3.27
11:29:25.113505	-3.0300000000000002	-12.18	2.77	-0.39	-12.0	1.09	-1.1400000000000001	-11.63	-1.99	2.37	-13.200000000000001	-2.0300000000000002
11:29:25.123831	-2.37	-11.07	2.1	-0.7000000000000001	-11.68	0.49	-1.02	-11.370000000000001	-2.32	0.11	-13.73	-3.93
11:29:25.133907	-0.86	-10.14	1.17	-1.29	-10.91	-0.43	-1.52	-10.68	-1.78	-0.32	-14.09	-4.55
11:29:25.143990	1.87	-8.88	-0.58	-1.6	-10.48	-0.98	-1.68	-11.200000000000001	-1.79	0.0	-14.59	-1.92
11:29:25.154066	2.52	-8.67	-1.29	-1.8	-10.18	-1.44	-1.68	-11.200000000000001	-1.79	-0.98	-14.530000000000001	-1.24
11:29:25.164606	2.6	-8.59	-1.9000000000000001	-1.81	-9.870000000000001	-1.62	-1.68	-11.200000000000001	-1.79	-0.71	-16.44	-1.3900000000000001
11:29:25.174676	2.18	-9.19	-2.25	-1.81	-9.870000000000001	-1.62	-1.08	-11.32	-0.52	0.04	-17.36	-1.56
11:29:25.184808	2.02	-9.16	-2.07	-1.84	-8.790000000000001	-1.7	-1.07	-11.46	-3.43	1.2	-16.93	1.12
11:29:25.195002	2.06	-8.93	-1.8900000000000001	-1.86	-8.5	-1.36	1.5	-11.98	-5.32	4.64	-13.08	0.42
11:29:25.205134	2.34	-8.65	-1.62	-2.07	-8.31	-0.7000000000000001	1.5	-11.98	-5.32	5.49	-11.27	-1.82
11:29:25.215206	2.84	-8.31	-0.79	-1.98	-8.76	0.32	5.15	-8.64	0.4	4.5200000000000005	-10.040000000000001	-5.67
11:29:25.225779	2.74	-8.28	-0.25	-2.48	-8.96	0.62	3.69	-8.32	4.45	3.06	-7.53	-3.49
11:29:25.235904	1.83	-8.35	0.79	-2.69	-9.42	0.41000000000000003	2.4	-8.91	7.51	1.1500000000000001	-4.73	-3.0500000000000003
11:29:25.246534	1.83	-8.35	0.79	-2.74	-10.07	0.53	0.32	-11.67	7.67	-2.83	-4.72	3.79
11:29:25.256609	0.77	-9.11	1.6600000000000001	-2.38	-11.89	1.41	0.08	-12.05	5.72	-8.74	-3.42	10.0
11:29:25.266745	0.77	-9.11	1.6600000000000001	-2.09	-12.700000000000001	1.5	0.19	-12.34	3.7	-1.7	-7.19	7.21
11:29:25.276823	0.45	-9.82	1.81	-1.8800000000000001	-13.11	1.43	-0.11	-12.370000000000001	3.13	5.0600000000000005	-12.75	4.05
11:29:25.286895	0.17	-10.1	1.59	-1.9000000000000001	-12.91	1.57	0.44	-10.91	4.09	5.74	-11.33	2.84
11:29:25.297030	-0.02	-10.06	1.32	-1.22	-11.78	0.89	1.28	-9.53	5.3100000000000005	1.92	-6.88	5.13
11:29:25.307099	0.11	-10.02	1.16	-0.74	-11.56	0.85	1.8900000000000001	-8.6	5.72	1.82	-4.3500000000000005	6.72
11:29:25.317188	0.33	-9.96	0.9500000000000001	-0.62	-11.26	1.43	1.55	-8.26	4.8500000000000005	2.6	-4.0600000000000005	6.03
11:29:25.327258	0.49	-9.98	0.75	-0.79	-10.98	0.87	1.55	-8.26	4.8500000000000005	1.95	-5.3500000000000005	5.49
11:29:25.337485	0.52	-9.94	0.65	-0.39	-10.76	0.17	0.8	-7.73	5.18	-0.1	-6.84	4.92
11:29:25.347558	0.46	-9.85	0.59	-0.34	-10.46	0.07	0.19	-7.23	5.2700000000000005	1.08	-8.76	3.42
11:29:25.357681	0.35000000000000003	-9.48	0.42	-0.34	-10.08	0.3	0.32	-6.97	5.36	0.79	-6.38	4.63
11:29:25.367750	0.32	-9.36	0.43	-0.4	-9.8	0.15	0.44	-6.5600000000000005	5.58	0.5	-5.95	4.78
11:29:25.377820	0.33	-9.25	0.48	-0.71	-8.89	0.1	0.64	-6.6000000000000005	5.5200000000000005	1.07	-7.25	3.66
11:29:25.387895	0.25	-9.14	0.56	-0.8200000000000001	-8.34	-0.21	0.07	-7.0	5.72	0.6	-8.41	2.16
11:29:25.398003	0.08	-8.91	0.76	-1.5	-8.05	-0.49	-0.35000000000000003	-6.890000000000001	5.8500000000000005	-0.74	-9.33	1.86
11:29:25.408076	-0.04	-8.88	0.8200000000000001	-1.79	-7.5200000000000005	-0.63	-0.84	-7.11	5.54	-0.9400000000000001	-9.89	1.37
11:29:25.418144	-0.08	-8.84	0.92	-1.9000000000000001	-7.390000000000001	-0.63	-1.24	-7.67	6.07	-0.79	-12.120000000000001	-0.85
11:29:25.428218	-0.1	-8.67	0.89	-2.02	-7.22	-0.67	-1.23	-7.890000000000001	6.21	-0.62	-11.97	-1.42
11:29:25.438291	-0.2	-8.700000000000001	1.01	-2.16	-7.33	-0.49	-1.17	-8.15	6.01	0.05	-12.24	-2.07
11:29:25.448375	-0.25	-8.700000000000001	0.98	-2.44	-7.32	-0.27	-1.17	-8.15	6.01	0.75	-13.15	-2.98
11:29:25.458447	-0.23	-8.75	0.9	-2.5	-7.25	-0.34	-0.45	-9.14	5.12	1.97	-13.780000000000001	-4.3
11:29:25.468520	-0.24	-8.77	0.8300000000000001	-2.6	-7.03	-0.42	-0.16	-9.25	5.2700000000000005	2.19	-13.93	-5.3500000000000005
11:29:25.478593	-0.03	-8.69	0.5	-2.49	-6.95	-0.76	-0.12	-9.18	4.95	2.46	-14.31	-6.3
11:29:25.488673	0.08	-8.69	0.3	-1.77	-7.0200000000000005	-1.62	0.16	-9.47	4.5200000000000005	2.73	-14.14	-6.54
11:29:25.498794	0.14	-8.65	0.15	-1.42	-7.07	-1.8900000000000001	0.44	-9.5	4.33	2.79	-14.71	-7.74
11:29:25.508916	0.19	-8.620000000000001	0.04	-1.04	-7.2	-2.11	0.48	-9.43	4.36	3.14	-14.01	-8.34
11:29:25.519006	0.07	-8.59	0.05	-0.71	-7.34	-2.38	0.23	-9.5	4.39	3.34	-13.46	-8.09
11:29:25.529110	0.0	-8.59	0.09	0.0	-7.58	-3.21	-0.43	-10.19	4.51	3.54	-13.75	-8.66
11:29:25.539184	-0.07	-8.66	0.18	0.14	-7.67	-3.31	-0.64	-10.53	4.5200000000000005	3.41	-13.82	-9.13
11:29:25.549292	-0.12	-8.78	0.44	0.42	-7.95	-3.44	-0.37	-10.42	4.18	3.27	-13.57	-9.74
11:29:25.559389	-0.06	-8.9	0.58	0.59	-7.88	-3.34	-0.24	-9.91	4.0	3.33	-12.43	-10.6
11:29:25.569495	-0.1	-9.0	0.67	1.61	-8.61	-3.4	-0.25	-9.700000000000001	3.67	3.1	-12.49	-11.08
11:29:25.579595	-0.13	-9.11	0.75	1.61	-8.61	-3.4	-0.26	-9.57	3.56	3.17	-12.56	-11.86
11:29:25.590017	-0.21	-9.41	0.8200000000000001	1.74	-8.59	-3.38	-0.26	-9.57	3.56	2.77	-11.55	-12.22
11:29:25.600373	-0.24	-9.61	0.8300000000000001	1.81	-8.540000000000001	-3.4	-0.37	-9.71	3.0700000000000003	2.5500000000000003	-12.13	-13.47
11:29:25.610465	-0.3	-9.82	0.8200000000000001	1.75	-8.97	-3.73	-0.62	-9.77	2.7	3.0	-12.27	-14.38
11:29:25.621050	-0.39	-10.03	0.8200000000000001	1.58	-9.24	-3.9	-0.96	-9.67	2.46	2.82	-11.25	-14.89
11:29:25.631122	-0.73	-10.56	0.8300000000000001	0.8300000000000001	-9.91	-3.98	-1.1400000000000001	-9.23	2.14	2.6	-10.78	-15.1
11:29:25.641224	-0.92	-10.88	0.8	0.23	-10.44	-3.95	-0.9500000000000001	-9.15	1.8	2.66	-10.290000000000001	-16.16
11:29:25.651356	-1.1	-11.21	0.75	0.07	-10.69	-3.8000000000000003	-0.53	-8.93	1.48	2.47	-9.58	-16.22
11:29:25.661461	-1.16	-11.49	0.71	0.2	-10.86	-3.92	-0.53	-8.93	1.48	2.32	-9.450000000000001	-16.27
11:29:25.671618	-1.37	-11.950000000000001	0.76	0.3	-10.92	-4.08	0.22	-8.790000000000001	1.85	1.87	-9.27	-16.1
11:29:25.681802	-1.35	-11.98	0.8300000000000001	0.85	-10.46	-4.44	0.43	-8.58	2.18	1.86	-9.03	-15.6
11:29:25.692115	-1.36	-11.86	0.84	0.89	-10.18	-4.3500000000000005	0.43	-8.58	2.18	2.54	-10.51	-15.540000000000001
11:29:25.702242	-1.3	-11.71	0.89	0.88	-9.8	-4.13	0.3	-8.45	3.0300000000000002	2.24	-9.59	-15.4
11:29:25.712880	-1.33	-11.15	0.88	0.39	-9.01	-3.54	0.1	-8.47	3.25	2.42	-9.28	-15.06
11:29:25.723010	-1.34	-10.91	0.88	0.13	-8.64	-3.2	-0.3	-8.47	3.81	3.08	-7.84	-14.44
11:29:25.733121	-1.45	-10.5	0.79	-0.1	-8.24	-3.0700000000000003	-0.52	-8.59	3.61	4.03	-6.74	-13.6
11:29:25.743227	-1.0	-10.14	0.63	-0.29	-7.97	-3.0500000000000003	-0.52	-8.59	3.61	4.32	-7.68	-9.39
11:29:25.753520	-0.33	-10.49	0.46	-0.29	-7.97	-3.0500000000000003	-0.52	-8.59	3.61	4.32	-7.68	-9.39
11:29:25.763724	0.35000000000000003	-11.540000000000001	-0.06	-0.62	-10.53	-3.02	-1.19	-13.61	-2.92	10.05	-20.6	12.85
11:29:25.773796	0.3	-12.96	-0.84	-0.34	-14.85	-2.67	-1.03	-15.21	-1.99	10.98	-11.69	-3.0700000000000003
11:29:25.783876	0.3	-14.0	-2.1	0.0	-14.69	-2.58	-0.13	-11.93	-0.31	8.83	-8.42	-6.6000000000000005
11:29:25.793970	0.46	-13.67	-2.5	-0.33	-11.28	-1.54	-3.3000000000000003	-9.4	3.42	-6.71	-8.41	-4.36
11:29:25.804176	0.6	-12.63	-2.46	-1.2	-9.82	-0.63	-4.11	-8.91	1.73	-1.6600000000000001	-10.22	0.17
11:29:25.814250	0.79	-11.290000000000001	-1.82	-1.8800000000000001	-9.72	-2.34	-3.43	-8.57	1.53	4.53	-9.94	0.34
11:29:25.824317	0.77	-9.43	-0.22	-2.37	-8.91	-3.21	-1.92	-8.19	2.92	0.92	-7.01	-2.63
11:29:25.834385	0.39	-8.93	0.55	-3.3200000000000003	-6.97	-0.63	1.9000000000000001	-9.76	1.86	-2.29	-7.7700000000000005	0.78
11:29:25.844501	0.02	-8.69	1.26	-3.23	-7.33	-0.33	3.45	-10.59	1.3800000000000001	-1.18	-9.48	-0.8
11:29:25.854679	-0.22	-8.68	1.8800000000000001	-2.71	-7.7700000000000005	-0.11	4.21	-10.73	1.75	0.54	-8.700000000000001	-1.54
11:29:25.864746	-0.15	-9.16	2.23	-1.54	-8.18	0.35000000000000003	2.5	-10.96	1.56	0.41000000000000003	-8.44	-2.95
11:29:25.874821	0.11	-9.28	2.05	1.01	-9.28	2.17	1.31	-10.15	0.97	1.03	-10.94	-0.7000000000000001
11:29:25.885154	0.5700000000000001	-9.33	1.74	1.99	-9.53	2.29	0.03	-9.07	0.78	1.36	-11.61	-1.69
11:29:25.895755	0.9500000000000001	-9.24	1.33	2.83	-9.71	1.49	0.03	-9.07	0.78	-0.16	-9.36	-1.84
11:29:25.905870	1.67	-8.72	0.5700000000000001	3.5300000000000002	-9.76	0.98	0.32	-8.870000000000001	1.1400000000000001	0.8300000000000001	-8.66	-2.49
11:29:25.915942	1.93	-8.47	0.16	3.8200000000000003	-10.05	0.35000000000000003	0.77	-10.02	0.15	1.87	-9.22	0.9500000000000001
11:29:25.926022	2.1	-8.4	-0.07	2.97	-10.01	0.21	1.42	-10.46	-0.43	3.19	-8.700000000000001	-0.84
11:29:25.936095	1.9000000000000001	-8.58	-0.41000000000000003	1.78	-9.61	0.53	2.25	-9.870000000000001	-0.26	1.69	-8.9	-2.87
11:29:25.946244	1.6400000000000001	-9.120000000000001	-0.5700000000000001	0.85	-9.32	0.54	1.73	-9.88	-0.44	1.53	-10.06	-2.44
11:29:25.956323	1.46	-9.36	-0.65	-0.02	-9.86	0.39	1.59	-9.98	-0.81	1.55	-10.88	-0.54
11:29:25.966417	1.11	-9.72	-0.88	-0.56	-9.89	-0.21	1.69	-9.950000000000001	-0.37	1.52	-10.16	-3.0
11:29:25.976505	0.9400000000000001	-9.75	-0.88	-0.76	-9.26	-0.42	1.28	-9.68	1.5	1.52	-10.16	-3.0
11:29:25.987128	0.9400000000000001	-9.75	-0.88	-1.0	-9.16	-0.84	0.66	-9.67	1.28	1.52	-10.16	-3.0
11:29:25.997249	0.73	-9.76	-0.85	-1.2	-9.31	-0.61	0.66	-9.67	1.28	1.52	-10.16	-3.0
11:29:26.007332	0.55	-9.8	-0.81	-1.57	-9.93	-0.44	-0.16	-10.3	1.04	0.84	-10.24	-3.08
11:29:26.017667	-0.14	-9.71	-0.72	-1.49	-9.93	-0.31	0.16	-10.16	0.98	1.07	-8.99	-4.0
11:29:26.027741	-0.21	-9.56	-0.67	-1.55	-9.48	-0.54	0.4	-9.78	0.58	1.45	-9.61	-2.21
11:29:26.037813	-0.17	-9.39	-0.61	-1.2	-9.59	-0.18	0.58	-9.74	-0.23	1.72	-10.08	-1.19
11:29:26.047885	0.04	-9.13	-0.5	-0.75	-9.55	0.41000000000000003	1.85	-9.57	-0.16	1.47	-9.370000000000001	-2.99
11:29:26.057966	0.2	-9.040000000000001	-0.45	-0.41000000000000003	-9.51	0.47000000000000003	2.31	-9.5	-0.04	1.31	-8.75	-3.49
11:29:26.068031	0.3	-8.86	-0.49	0.34	-9.47	0.6	2.23	-9.58	0.1	1.57	-9.49	-1.35
11:29:26.078103	0.39	-8.8	-0.47000000000000003	0.8300000000000001	-9.52	0.56	1.49	-9.67	0.56	1.57	-9.49	-1.35
11:29:26.088360	0.39	-8.8	-0.47000000000000003	1.11	-9.39	0.71	0.99	-9.450000000000001	0.55	1.57	-9.49	-1.35
11:29:26.098495	0.34	-8.61	-0.52	1.3	-9.4	0.67	0.31	-9.32	0.65	1.1400000000000001	-9.18	-2.7800000000000002
11:29:26.108576	0.21	-8.61	-0.5700000000000001	1.7	-9.44	0.77	-0.36	-9.68	0.65	1.09	-9.97	-0.65
11:29:26.118647	-0.14	-8.88	-0.59	1.62	-9.42	0.7000000000000001	1.3	-9.6	-0.06	1.1500000000000001	-9.950000000000001	-3.29
11:29:26.128718	-0.27	-8.99	-0.55	1.25	-9.39	0.54	1.73	-9.44	-0.21	1.29	-9.11	-4.12
11:29:26.138792	-0.37	-9.14	-0.46	0.97	-9.450000000000001	0.55	1.56	-9.59	0.36	1.67	-8.99	-2.2800000000000002
11:29:26.148857	-0.49	-9.22	-0.37	0.75	-9.76	0.0	1.2	-9.76	0.1	1.9000000000000001	-9.790000000000001	-0.84
11:29:26.158988	-0.68	-9.4	-0.2	0.34	-9.33	0.58	1.36	-9.34	-0.05	1.72	-9.81	-4.0
11:29:26.169058	-0.67	-9.43	-0.18	0.03	-9.44	0.19	1.05	-9.370000000000001	0.3	1.72	-8.71	-4.38
11:29:26.179463	-0.7000000000000001	-9.43	-0.09	0.03	-9.44	0.19	0.79	-9.56	1.0	2.0100000000000002	-8.92	-1.59
11:29:26.189597	-0.72	-9.35	-0.11	-0.28	-9.49	0.01	0.71	-9.69	0.3	1.06	-9.28	-3.74
11:29:26.199889	-0.54	-9.26	-0.22	-0.38	-9.36	0.03	0.63	-9.38	0.39	1.06	-9.28	-3.74
11:29:26.210266	-0.45	-9.14	-0.29	-0.74	-9.27	0.06	0.5	-9.08	1.07	1.58	-9.19	-1.6
11:29:26.220705	-0.35000000000000003	-9.040000000000001	-0.37	-0.7000000000000001	-9.32	0.37	0.34	-10.200000000000001	0.37	1.58	-9.19	-1.6
11:29:26.230991	-0.24	-8.950000000000001	-0.41000000000000003	-1.01	-9.64	0.66	0.29	-10.06	0.74	1.46	-9.34	-4.62
11:29:26.241087	-0.14	-8.9	-0.49	-1.1400000000000001	-9.44	0.91	0.54	-9.5	1.28	1.67	-9.05	-4.78
11:29:26.251591	-0.12	-8.94	-0.51	-0.98	-9.44	0.76	0.28	-10.22	1.48	2.1	-9.120000000000001	-1.55
11:29:26.261717	-0.15	-8.97	-0.51	-0.65	-9.52	1.1	0.28	-10.22	1.48	1.87	-9.69	-3.17
11:29:26.271939	-0.2	-9.1	-0.52	-0.6	-9.63	1.6400000000000001	1.12	-9.63	2.32	0.96	-10.11	-4.72
11:29:26.282406	-0.31	-9.540000000000001	-0.35000000000000003	-0.66	-9.8	1.87	1.19	-10.39	1.8900000000000001	1.11	-9.82	-4.57
11:29:26.292821	-0.4	-9.84	-0.25	-0.71	-9.86	1.6	1.06	-10.53	1.98	1.6500000000000001	-10.120000000000001	-2.12
11:29:26.302974	-0.53	-10.13	-0.18	-1.3	-9.64	1.33	1.46	-10.120000000000001	1.67	0.48	-11.52	-4.47
11:29:26.313092	-0.7000000000000001	-10.4	-0.08	-1.26	-9.91	1.21	1.49	-10.15	1.83	-1.54	-12.17	-6.07
11:29:26.323684	-1.12	-10.790000000000001	0.11	-0.9	-10.36	0.66	1.53	-11.07	1.58	-0.9500000000000001	-9.67	-2.62
11:29:26.333758	-1.31	-11.11	0.16	-0.8200000000000001	-10.82	0.86	0.41000000000000003	-11.24	2.11	2.13	-10.36	-2.91
11:29:26.343831	-1.61	-11.290000000000001	0.15	-0.5	-10.46	1.49	0.56	-10.72	1.8900000000000001	2.13	-10.36	-2.91
11:29:26.353907	-2.02	-11.34	0.09	-0.64	-10.68	1.59	0.28	-10.96	1.6300000000000001	1.48	-11.07	-5.2
11:29:26.363992	-2.24	-11.52	0.05	-0.37	-10.85	1.28	-0.24	-11.39	1.18	2.38	-10.6	-5.42
11:29:26.374402	-2.43	-11.46	0.03	-0.31	-11.0	0.79	-0.23	-11.13	1.1400000000000001	5.07	-10.15	-3.52
11:29:26.384470	-2.45	-11.38	0.0	-0.37	-11.31	1.05	0.25	-10.790000000000001	0.87	3.45	-10.950000000000001	-5.8500000000000005
11:29:26.394542	-2.58	-11.48	-0.13	-0.42	-11.38	0.67	0.11	-11.15	0.79	3.79	-11.14	-6.26
11:29:26.404653	-2.62	-11.31	-0.21	-0.01	-11.26	0.11	-0.1	-11.5	0.31	3.62	-11.44	-3.5100000000000002
11:29:26.414786	-2.58	-11.18	-0.27	0.44	-11.120000000000001	-0.14	0.33	-10.96	0.23	2.56	-11.1	-3.88
11:29:26.425371	-2.46	-10.950000000000001	-0.31	0.49	-11.18	-0.38	0.4	-10.790000000000001	0.31	1.71	-12.09	-5.64
11:29:26.435500	-2.0100000000000002	-10.51	-0.23	0.45	-11.1	-0.41000000000000003	0.63	-11.14	-0.35000000000000003	1.98	-12.09	-5.3500000000000005
11:29:26.445600	-1.44	-10.46	-0.07	0.86	-11.24	-0.11	1.0	-11.76	-1.21	2.91	-12.72	-2.0300000000000002
11:29:26.455670	0.15	-11.11	1.27	1.95	-12.280000000000001	0.75	1.78	-11.59	-1.93	3.63	-13.19	-6.47
11:29:26.465783	-0.16	-12.19	2.68	1.9100000000000001	-12.48	0.56	1.78	-11.59	-1.93	0.79	-14.86	-4.03
11:29:26.475895	-0.71	-12.48	3.24	1.78	-12.26	0.37	0.43	-11.72	-2.45	-1.19	-14.23	-4.34
11:29:26.486420	-0.71	-12.48	3.24	1.5	-12.27	0.26	0.43	-11.72	-2.45	1.1	-13.780000000000001	-2.95
11:29:26.496535	-1.46	-12.48	3.37	0.79	-12.23	0.15	0.43	-11.72	-2.45	1.71	-16.27	-3.0300000000000002
11:29:26.506658	-1.72	-10.84	1.42	0.02	-11.73	-0.17	0.43	-11.72	-2.45	-0.24	-16.09	-2.56
11:29:26.516741	-0.09	-10.14	0.47000000000000003	-0.65	-11.38	-0.92	0.43	-11.72	-2.45	-1.55	-15.65	-2.97
11:29:26.526860	1.73	-9.51	-0.26	-1.08	-11.09	-1.43	-2.09	-12.44	-1.06	-1.18	-17.1	0.37
11:29:26.536930	4.08	-8.370000000000001	-1.57	-1.67	-10.23	-1.82	-2.09	-12.44	-1.06	-0.52	-18.5	0.07
11:29:26.547002	3.96	-8.0	-2.0100000000000002	-2.06	-9.59	-1.69	-0.37	-13.6	-4.83	-0.52	-18.5	0.07
11:29:26.557072	3.52	-7.7700000000000005	-2.18	-2.15	-8.870000000000001	-1.3	1.08	-13.76	-6.08	2.37	-19.11	1.95
11:29:26.567159	3.1	-7.71	-2.16	-2.22	-8.44	-0.97	3.7	-11.31	-3.29	2.37	-19.11	1.95
11:29:26.577228	3.0300000000000002	-7.87	-1.85	-2.45	-8.26	0.37	5.0600000000000005	-9.86	-0.63	4.34	-18.53	1.19
11:29:26.587364	3.02	-7.88	-1.6	-3.4	-8.51	0.49	4.66	-9.540000000000001	0.55	6.41	-16.19	2.22
11:29:26.597455	2.83	-8.03	-1.3	-3.39	-9.01	-0.41000000000000003	3.2800000000000002	-8.78	5.25	6.41	-16.19	2.22
11:29:26.607582	2.32	-8.4	-0.89	-3.02	-9.41	0.0	1.43	-10.91	9.66	6.41	-16.19	2.22
11:29:26.617662	1.1500000000000001	-9.53	0.05	-2.45	-11.67	0.99	0.71	-10.85	9.31	6.41	-16.19	2.22
11:29:26.627731	0.76	-10.21	0.58	-2.63	-12.98	1.27	0.33	-11.1	7.29	6.41	-16.19	2.22
11:29:26.637807	0.5700000000000001	-10.77	1.06	-2.15	-13.89	1.35	0.28	-12.530000000000001	3.31	6.41	-16.19	2.22
11:29:26.647881	0.4	-11.120000000000001	1.43	-2.36	-13.96	1.9100000000000001	0.21	-12.290000000000001	3.09	6.41	-16.19	2.22
11:29:26.658514	0.4	-11.120000000000001	1.43	-2.04	-12.74	1.74	0.34	-10.3	4.65	6.44	-13.280000000000001	1.92
11:29:26.668587	-0.36	-10.78	1.54	-1.36	-12.1	1.75	1.09	-8.66	5.2	-0.63	-9.42	5.45
11:29:26.678685	-0.31	-10.38	1.31	-1.36	-12.1	1.75	1.94	-7.04	5.89	-0.63	-9.42	5.45
11:29:26.688797	0.0	-9.77	0.9500000000000001	-1.41	-11.700000000000001	1.24	1.94	-7.04	5.89	4.32	-0.3	6.92
11:29:26.698890	0.0	-9.77	0.9500000000000001	-1.46	-10.64	0.86	1.94	-7.04	5.89	4.32	-0.3	6.92
11:29:26.709001	0.04	-9.28	0.67	-1.3800000000000001	-10.11	0.76	1.94	-7.04	5.89	3.0300000000000002	-5.16	5.32
11:29:26.719131	-0.01	-9.16	0.53	-0.86	-9.73	0.49	1.94	-7.04	5.89	3.0300000000000002	-5.16	5.32
11:29:26.729770	-0.01	-8.94	0.3	-0.68	-8.61	0.16	1.94	-7.04	5.89	1.17	-8.88	3.8200000000000003
11:29:26.739837	-0.05	-8.88	0.22	-0.68	-8.61	0.16	-0.46	-5.72	5.96	1.17	-8.88	3.8200000000000003
11:29:26.749964	0.0	-8.85	0.24	-0.67	-7.79	-0.64	-0.46	-5.72	5.96	1.17	-8.88	3.8200000000000003
11:29:26.760029	0.0	-8.86	0.28	-1.23	-6.95	-0.99	-0.46	-5.72	5.96	1.17	-8.88	3.8200000000000003
11:29:26.770148	-0.1	-8.9	0.47000000000000003	-1.28	-6.82	-0.86	0.33	-6.140000000000001	5.5200000000000005	1.17	-8.88	3.8200000000000003
11:29:26.780624	-0.16	-8.91	0.62	-1.54	-6.6000000000000005	-0.46	-0.8200000000000001	-6.93	6.21	1.17	-8.88	3.8200000000000003
11:29:26.790764	-0.15	-8.870000000000001	0.71	-1.84	-6.58	-0.06	-1.29	-7.44	5.86	1.17	-8.88	3.8200000000000003
11:29:26.800889	-0.31	-8.69	0.68	-2.12	-6.8500000000000005	0.28	-1.58	-8.11	5.91	1.17	-8.88	3.8200000000000003
11:29:26.811052	-0.2	-8.63	0.61	-2.38	-6.890000000000001	0.22	-1.58	-8.11	5.91	1.17	-8.88	3.8200000000000003
11:29:26.821172	-0.15	-8.66	0.52	-2.44	-7.04	0.03	-1.58	-8.11	5.91	0.33	-9.9	1.2
11:29:26.831245	-0.16	-8.67	0.32	-2.44	-7.04	0.03	-1.58	-8.11	5.91	2.18	-14.61	-4.98
11:29:26.841337	-0.13	-8.65	0.19	-1.9100000000000001	-6.92	-1.2	-1.58	-8.11	5.91	2.58	-15.18	-6.2
11:29:26.851487	0.0	-8.67	-0.09	-1.76	-6.890000000000001	-1.46	0.07	-9.870000000000001	5.69	2.58	-15.18	-6.2
11:29:26.861616	0.06	-8.66	-0.16	-1.53	-6.97	-2.04	0.0	-9.870000000000001	5.38	2.62	-15.99	-7.7
11:29:26.872215	0.04	-8.68	-0.15	-1.23	-6.98	-2.42	-0.09	-9.94	4.83	2.4	-16.45	-8.18
11:29:26.882327	0.0	-8.65	-0.09	-0.29	-7.29	-3.22	-0.38	-10.3	4.8100000000000005	2.4	-16.45	-8.18
11:29:26.892427	-0.06	-8.59	-0.06	-0.06	-7.36	-3.2600000000000002	-0.33	-10.49	4.51	2.4	-16.45	-8.18
11:29:26.902502	-0.03	-8.51	0.01	0.26	-7.5200000000000005	-3.43	-0.28	-10.68	4.04	2.4	-16.45	-8.18
11:29:26.912567	0.02	-8.540000000000001	0.08	0.5	-7.6000000000000005	-3.52	-0.02	-10.8	3.15	2.4	-16.45	-8.18
11:29:26.922692	0.02	-8.57	0.16	0.9	-8.11	-3.66	-0.02	-10.8	3.15	1.72	-16.41	-9.66
11:29:26.932758	0.05	-8.65	0.18	1.08	-8.43	-3.69	-0.02	-10.8	3.15	2.36	-13.92	-11.39
11:29:26.942872	0.05	-8.77	0.21	1.28	-8.76	-3.8000000000000003	-0.12	-9.6	2.89	2.36	-13.92	-11.39
11:29:26.952972	0.09	-8.85	0.22	1.46	-9.07	-3.99	-0.8300000000000001	-9.75	2.08	2.36	-13.92	-11.39
11:29:26.963068	0.08	-9.14	0.18	1.54	-9.53	-4.14	-1.1300000000000001	-9.13	1.72	2.36	-13.92	-11.39
11:29:26.973385	0.0	-9.34	0.15	1.49	-9.67	-4.23	-1.1300000000000001	-9.13	1.72	2.36	-13.92	-11.39
11:29:26.983718	0.0	-9.34	0.15	1.53	-9.98	-4.63	-1.27	-9.18	1.21	2.93	-12.32	-13.280000000000001
11:29:26.993792	-0.07	-9.56	0.12	1.35	-10.24	-4.9	-0.87	-8.16	0.18	1.73	-11.18	-14.43
11:29:27.004544	-0.25	-9.86	0.09	1.05	-10.48	-5.11	-0.25	-7.99	-0.12	1.73	-11.18	-14.43
11:29:27.014697	-0.58	-10.43	0.16	0.91	-10.61	-4.94	0.19	-8.16	-0.55	1.73	-11.18	-14.43
11:29:27.024806	-0.89	-11.09	0.26	0.77	-10.74	-4.78	0.44	-8.36	-0.5700000000000001	1.73	-11.18	-14.43
11:29:27.034953	-1.09	-11.38	0.34	0.93	-10.93	-4.48	0.27	-8.4	-0.25	1.73	-11.18	-14.43
11:29:27.045389	-1.09	-11.38	0.34	0.9400000000000001	-10.78	-4.38	0.1	-8.49	0.17	1.7	-9.3	-15.24
11:29:27.055503	-1.55	-11.82	0.54	1.12	-10.56	-4.44	0.07	-8.870000000000001	0.92	1.52	-9.4	-13.36
11:29:27.065660	-2.05	-12.13	0.84	1.19	-10.48	-4.29	-0.04	-9.18	1.11	1.3800000000000001	-9.69	-12.64
11:29:27.076382	-2.67	-12.27	1.04	1.1	-9.83	-3.74	-0.2	-9.31	1.54	1.36	-9.65	-11.91
11:29:27.086674	-2.67	-12.27	1.04	1.16	-9.5	-3.38	-0.22	-9.31	2.09	1.36	-9.65	-11.91
11:29:27.096749	-3.0300000000000002	-11.89	1.24	1.3900000000000001	-9.16	-3.2	-0.19	-9.290000000000001	2.7600000000000002	1.36	-9.65	-11.91
11:29:27.106839	-3.06	-11.65	1.26	1.37	-8.71	-2.95	-0.1	-9.35	3.02	1.36	-9.65	-11.91
11:29:27.116909	-2.71	-11.23	1.1400000000000001	1.07	-7.8100000000000005	-2.93	-0.29	-9.040000000000001	3.3000000000000003	1.36	-9.65	-11.91
11:29:27.127040	-2.33	-10.85	0.98	0.81	-7.43	-2.49	-0.76	-10.0	3.02	1.6400000000000001	-9.370000000000001	-2.5300000000000002
11:29:27.137113	-1.61	-10.73	0.88	0.5	-7.43	-1.9000000000000001	-0.39	-12.99	-2.1	-0.07	-15.66	6.38
11:29:27.147187	-0.48	-10.82	0.71	0.15	-8.700000000000001	-1.45	-0.1	-16.36	-10.01	0.24	-24.490000000000002	21.87
11:29:27.157282	0.84	-12.32	-0.62	-0.4	-13.47	-0.59	-1.19	-17.650000000000002	-9.040000000000001	10.22	-22.94	11.31
11:29:27.167409	1.36	-12.8	-1.29	-0.6	-13.870000000000001	-1.25	1.9000000000000001	-11.92	0.13	8.27	-5.78	-10.09
11:29:27.177769	1.36	-12.8	-1.29	-0.35000000000000003	-13.67	-3.36	0.96	-11.08	1.72	-0.9500000000000001	-6.5600000000000005	-11.31
11:29:27.187934	1.6400000000000001	-12.9	-2.49	-0.9400000000000001	-13.16	-2.91	-1.2	-11.02	2.18	-6.26	-8.86	-3.73
11:29:27.198006	1.33	-11.52	-2.33	-0.5700000000000001	-12.41	-3.8000000000000003	-2.38	-9.5	0.78	-0.24	-10.46	1.94
11:29:27.208075	1.3	-10.63	-1.78	-1.05	-10.67	-5.0600000000000005	-1.2	-8.120000000000001	2.1	-0.24	-10.46	1.94
11:29:27.218148	1.07	-9.78	-1.1	-2.05	-8.24	-3.68	0.51	-8.64	1.47	-0.32	-6.73	1.2
11:29:27.228230	0.68	-9.120000000000001	-0.43	-3.19	-6.6000000000000005	-0.54	2.69	-10.11	1.56	-0.75	-9.26	0.72
11:29:27.238358	0.29	-8.540000000000001	0.84	-3.42	-7.04	0.98	1.57	-10.870000000000001	1.6	1.1500000000000001	-8.48	-1.54
11:29:27.248448	0.21	-8.52	1.25	-2.5100000000000002	-7.5	1.12	0.71	-11.0	1.2	0.63	-8.03	-1.78
11:29:27.258563	0.1	-8.44	1.59	-1.32	-8.15	1.16	-0.34	-8.74	1.05	0.51	-8.23	0.19
11:29:27.269090	0.44	-8.45	1.78	2.07	-9.19	1.48	-0.34	-8.65	1.31	1.24	-11.93	-2.42
11:29:27.279627	0.93	-8.5	1.56	3.38	-9.38	1.37	0.0	-8.96	1.23	-0.39	-8.73	-1.5
11:29:27.289760	1.52	-8.52	1.32	4.23	-10.09	1.26	0.39	-9.63	0.8300000000000001	-0.62	-9.06	-1.73
11:29:27.300322	2.05	-8.65	1.03	4.01	-10.6	1.4000000000000001	2.12	-10.120000000000001	0.58	1.0	-10.06	0.0
11:29:27.310453	2.33	-8.91	0.29	1.54	-9.92	1.49	2.33	-10.1	-0.04	0.43	-8.75	-1.77
11:29:27.320542	2.15	-9.09	-0.01	0.59	-9.68	1.29	2.0	-9.98	-0.62	1.51	-9.71	-2.44
11:29:27.330691	1.81	-9.3	-0.39	0.16	-9.68	0.88	1.6600000000000001	-10.01	-0.75	1.69	-10.450000000000001	-0.27
11:29:27.340839	1.55	-9.55	-0.8200000000000001	-0.04	-9.73	0.48	1.9100000000000001	-9.63	0.02	1.58	-10.67	-2.7800000000000002
11:29:27.351014	1.27	-9.83	-1.48	-1.19	-8.94	-0.29	1.61	-9.620000000000001	0.5700000000000001	0.81	-8.700000000000001	-3.2
11:29:27.361662	1.19	-9.82	-1.62	-1.49	-9.040000000000001	-0.52	0.62	-10.08	-0.2	0.81	-8.700000000000001	-3.2
11:29:27.371817	1.23	-9.75	-1.56	-1.26	-9.43	-0.75	0.33	-10.22	-0.1	1.41	-10.08	-0.41000000000000003
11:29:27.382174	0.9500000000000001	-9.66	-1.47	-1.22	-9.78	-1.32	0.55	-9.98	0.33	0.77	-9.61	-3.44
11:29:27.392248	0.53	-9.63	-1.01	-1.3900000000000001	-9.77	-0.79	0.75	-9.93	0.33	0.6	-9.65	-3.43
11:29:27.402537	0.26	-9.56	-0.81	-1.12	-9.55	-0.61	0.66	-9.77	-0.47000000000000003	1.16	-9.9	-1.56
11:29:27.412667	0.09	-9.47	-0.61	-1.03	-9.4	-0.37	1.17	-9.28	-0.71	1.34	-10.11	-1.75
11:29:27.422791	-0.01	-9.34	-0.43	-0.31	-9.3	0.28	1.5	-9.21	-0.63	0.76	-9.3	-2.5100000000000002
11:29:27.432921	0.0	-9.03	-0.18	0.1	-9.31	0.42	1.8900000000000001	-9.47	-1.22	0.9500000000000001	-8.92	-2.93
11:29:27.443542	0.04	-8.9	-0.13	0.47000000000000003	-9.39	0.24	1.94	-9.72	-1.69	1.47	-9.65	-0.4
11:29:27.453636	0.11	-8.74	-0.1	0.96	-9.55	0.28	2.25	-9.58	-1.55	1.69	-9.77	-1.1500000000000001
11:29:27.464158	0.36	-8.64	-0.16	1.49	-9.38	0.47000000000000003	2.7	-9.24	-1.28	0.77	-9.450000000000001	-3.83
11:29:27.474230	0.4	-8.620000000000001	-0.25	1.78	-9.26	0.49	2.11	-9.120000000000001	-1.32	0.71	-9.66	-2.02
11:29:27.484365	0.32	-8.6	-0.41000000000000003	2.12	-9.4	0.37	1.6400000000000001	-9.5	-1.42	0.97	-10.21	-0.37
11:29:27.494436	0.17	-8.700000000000001	-0.55	2.37	-9.49	0.28	1.75	-9.48	-1.18	1.09	-9.450000000000001	-2.66
11:29:27.504722	0.06	-8.77	-0.51	2.3000000000000003	-9.52	0.43	1.1500000000000001	-9.06	-0.24	0.96	-8.92	-4.05
11:29:27.515343	0.03	-8.81	-0.51	2.23	-9.78	0.21	0.46	-9.57	-0.48	1.28	-8.96	-2.34
11:29:27.526330	-0.08	-8.89	-0.37	1.76	-10.040000000000001	0.12	0.0	-10.120000000000001	-0.63	2.11	-9.75	-0.16
11:29:27.536448	-0.33	-9.16	-0.14	1.44	-9.9	0.03	0.44	-9.88	-0.44	1.75	-9.3	-3.8000000000000003
11:29:27.546523	-0.41000000000000003	-9.22	-0.02	0.25	-9.47	-0.24	1.06	-9.41	-0.06	1.6600000000000001	-8.91	-4.7700000000000005
11:29:27.557043	-0.41000000000000003	-9.22	-0.02	-0.23	-9.540000000000001	-0.34	0.85	-10.09	0.0	2.05	-9.28	-1.19
11:29:27.567158	-0.7000000000000001	-9.33	0.12	-0.3	-9.65	-0.59	0.71	-10.21	0.44	2.31	-10.18	-1.35
11:29:27.577256	-0.79	-9.3	0.16	-0.44	-9.55	-0.54	0.68	-9.07	0.87	1.1500000000000001	-9.120000000000001	-3.52
11:29:27.587322	-0.81	-9.25	0.08	-0.74	-9.05	0.01	0.43	-9.24	1.8900000000000001	1.07	-8.89	-4.8100000000000005
11:29:27.597424	-0.79	-9.16	0.03	-0.8200000000000001	-9.14	0.0	0.17	-9.82	1.84	1.48	-9.200000000000001	-0.65
11:29:27.607510	-0.74	-9.07	-0.09	-0.8200000000000001	-9.34	0.0	0.28	-9.870000000000001	1.23	1.16	-9.68	-4.43
11:29:27.617584	-0.54	-9.1	-0.33	-0.92	-9.27	0.48	0.36	-9.16	2.1	0.92	-9.120000000000001	-4.2700000000000005
11:29:27.627699	-0.41000000000000003	-9.14	-0.43	-1.02	-9.26	1.47	0.35000000000000003	-9.36	2.54	1.76	-8.88	-4.46
11:29:27.637782	-0.3	-9.18	-0.51	-0.98	-9.36	1.4000000000000001	0.38	-10.07	1.52	2.09	-9.23	-1.54
11:29:27.647848	-0.14	-9.31	-0.61	-0.9500000000000001	-9.6	1.3800000000000001	0.97	-9.56	1.85	1.43	-9.25	-3.96
11:29:27.657974	-0.14	-9.31	-0.61	-0.9	-9.52	1.62	0.97	-9.56	1.85	1.46	-9.540000000000001	-4.5600000000000005
11:29:27.668065	-0.23	-9.5	-0.64	-0.81	-9.42	1.53	1.03	-9.39	2.59	1.59	-9.200000000000001	-4.54
11:29:27.678227	-0.33	-9.61	-0.5700000000000001	-0.74	-9.48	1.34	1.11	-9.86	2.16	1.79	-9.55	-1.62
11:29:27.688337	-0.42	-9.92	-0.28	-0.3	-10.07	1.55	0.75	-10.3	1.78	1.2	-9.93	-4.3100000000000005
11:29:27.698410	-0.43	-10.06	-0.16	-0.77	-10.23	1.41	1.09	-10.200000000000001	3.5300000000000002	0.92	-10.23	-5.28
11:29:27.708477	-0.44	-10.24	-0.03	-1.03	-10.53	1.32	1.09	-10.200000000000001	3.5300000000000002	1.33	-10.1	-3.7
11:29:27.718569	-0.51	-10.39	0.08	-1.22	-10.4	1.34	1.12	-10.870000000000001	2.87	1.81	-11.18	-2.75
11:29:27.728636	-0.85	-10.78	0.23	-1.75	-10.51	0.98	1.6400000000000001	-10.71	3.06	-2.7600000000000002	-10.81	-4.74
11:29:27.738732	-1.01	-11.01	0.27	-1.55	-10.34	1.04	1.25	-10.73	2.67	0.74	-10.200000000000001	-4.62
11:29:27.748837	-1.44	-11.08	0.3	-1.18	-10.32	1.33	0.04	-11.18	2.25	4.59	-10.3	-4.25
11:29:27.758932	-1.46	-10.96	0.26	-1.18	-10.32	1.33	0.04	-11.18	2.25	1.87	-11.1	-5.23
11:29:27.769033	-1.95	-11.21	0.26	-0.47000000000000003	-10.790000000000001	0.61	0.53	-10.67	0.98	3.11	-10.09	-5.3
11:29:27.779671	-2.13	-11.17	0.24	-0.19	-10.71	0.8300000000000001	0.01	-10.68	1.47	5.22	-10.450000000000001	-6.5
11:29:27.789804	-2.18	-11.15	0.15	0.06	-10.77	0.64	-0.1	-11.05	0.77	5.26	-10.09	-3.14
11:29:27.800471	-2.2800000000000002	-11.18	0.18	0.17	-11.03	0.45	0.63	-10.47	0.45	3.11	-11.4	-5.89
11:29:27.811131	-2.32	-10.99	0.02	0.33	-10.93	0.02	0.46	-10.67	1.03	2.7600000000000002	-11.07	-5.73
11:29:27.821230	-2.25	-10.92	0.02	0.54	-10.77	0.09	0.59	-10.81	0.55	2.45	-11.36	-2.7
11:29:27.831394	-2.15	-10.71	-0.05	0.66	-10.83	0.06	0.63	-10.78	0.02	1.94	-12.27	-4.89
11:29:27.842146	-1.21	-10.700000000000001	0.03	0.68	-11.25	0.48	1.5	-10.65	-0.32	3.08	-12.1	-5.94
11:29:27.852552	-0.51	-11.08	0.41000000000000003	0.99	-12.27	0.54	1.8900000000000001	-11.01	-0.13	3.56	-12.34	-6.26
11:29:27.862697	0.31	-11.65	1.08	1.1	-12.26	0.76	1.09	-12.25	-0.96	3.56	-12.34	-6.26
11:29:27.872789	0.6	-12.31	1.81	0.9400000000000001	-12.23	0.9500000000000001	0.79	-11.9	-1.35	-0.06	-13.65	-4.91
11:29:27.882986	-0.61	-12.540000000000001	2.92	0.48	-12.280000000000001	1.18	0.43	-11.08	-1.5	-0.06	-13.65	-4.91
11:29:27.893082	-1.67	-12.14	2.84	-0.45	-11.96	0.59	-0.5700000000000001	-10.81	-0.77	-0.06	-13.65	-4.91
11:29:27.903150	-2.75	-11.540000000000001	2.2600000000000002	-0.87	-11.5	0.07	-1.73	-12.0	-2.12	-0.06	-13.65	-4.91
11:29:27.913223	-2.92	-10.94	1.52	-1.17	-11.27	-0.36	-1.7	-11.64	-2.41	-0.06	-13.65	-4.91
11:29:27.923383	-0.49	-9.86	0.0	-1.49	-10.96	-0.8	-1.6300000000000001	-11.03	-2.13	-0.09	-14.6	-3.86
11:29:27.933459	1.08	-9.47	-0.68	-1.62	-10.17	-1.7	-2.14	-11.55	-0.6	-1.12	-15.63	-1.95
11:29:27.943589	2.39	-9.09	-1.25	-1.59	-9.82	-1.78	-1.52	-11.76	-1.0	-0.85	-16.44	1.54
11:29:27.953688	3.24	-8.8	-1.86	-1.74	-9.450000000000001	-1.76	-1.58	-11.98	-3.41	1.27	-17.080000000000002	0.63
11:29:27.963869	2.89	-8.57	-2.2600000000000002	-1.8800000000000001	-9.01	-1.6300000000000001	-1.2	-12.44	-4.34	1.27	-17.080000000000002	0.63
11:29:27.974452	2.49	-8.59	-2.16	-2.17	-8.28	-0.6900000000000001	1.45	-11.540000000000001	-5.0	5.64	-15.44	-0.04
11:29:27.985252	2.48	-8.56	-1.55	-1.95	-8.370000000000001	-0.37	2.59	-10.96	-4.16	6.5	-11.24	-4.93
11:29:27.995357	2.81	-8.5	-0.59	-2.23	-8.56	0.44	3.94	-10.3	-2.2	4.5200000000000005	-10.57	-4.48
11:29:28.005675	2.81	-8.5	-0.59	-2.7	-9.05	0.06	3.7	-9.09	2.85	4.48	-8.01	-7.42
11:29:28.015928	2.24	-8.46	0.24	-2.72	-10.01	0.31	2.84	-9.21	6.91	2.19	-2.9	-1.78
11:29:28.025998	1.26	-8.84	0.89	-2.56	-10.55	1.03	1.76	-10.57	8.85	-5.13	-1.71	6.69
11:29:28.036141	0.9400000000000001	-9.15	1.08	-2.06	-11.870000000000001	1.17	1.19	-11.17	8.17	-12.290000000000001	1.1	13.370000000000001
11:29:28.046196	0.8300000000000001	-9.53	1.27	-2.62	-12.83	2.0300000000000002	0.39	-11.41	5.5200000000000005	-13.92	-1.1300000000000001	14.85
11:29:28.056271	0.8300000000000001	-9.53	1.27	-1.78	-12.96	2.3000000000000003	0.64	-12.52	3.39	7.25	-15.22	3.79
11:29:28.066472	0.13	-10.33	1.27	-1.6	-12.790000000000001	1.8800000000000001	0.48	-12.43	2.58	7.76	-12.93	2.02
11:29:28.076561	0.06	-10.370000000000001	1.19	-1.36	-12.18	1.3	0.91	-9.370000000000001	4.5200000000000005	1.59	-8.61	5.09
11:29:28.086632	-0.06	-10.28	1.08	-0.89	-11.33	1.03	1.68	-8.290000000000001	5.01	-2.07	-4.91	6.38
11:29:28.096747	0.04	-10.18	0.96	-1.06	-10.92	1.1400000000000001	2.09	-7.79	5.47	4.64	-0.43	7.3100000000000005
11:29:28.106832	0.35000000000000003	-9.92	0.74	-0.91	-10.92	0.59	1.92	-8.26	5.54	5.66	-3.65	5.7700000000000005
11:29:28.116907	0.32	-9.78	0.64	-0.88	-10.51	0.41000000000000003	1.12	-7.43	5.23	2.42	-5.92	5.26
11:29:28.126979	0.33	-9.65	0.44	-0.77	-10.05	0.62	0.81	-7.18	5.71	0.07	-8.36	4.76
11:29:28.137045	0.23	-9.52	0.26	-0.76	-9.67	0.79	0.37	-6.69	5.7	1.05	-8.48	4.7
11:29:28.147124	0.21	-9.28	0.04	-0.58	-9.36	0.44	0.02	-6.68	5.5600000000000005	0.42	-5.43	5.26
11:29:28.157202	0.26	-9.19	0.08	-0.62	-8.98	0.17	0.34	-6.1000000000000005	5.82	0.72	-6.45	4.3500000000000005
11:29:28.167381	0.09	-9.1	0.11	-1.55	-7.79	-0.67	0.43	-6.1000000000000005	5.69	0.34	-8.84	2.24
11:29:28.177453	0.06	-8.96	0.28	-1.55	-7.79	-0.67	0.46	-6.72	5.5	-0.8200000000000001	-9.56	2.07
11:29:28.187525	-0.22	-8.83	0.63	-1.71	-7.44	-0.72	-0.32	-6.62	6.09	-1.76	-10.540000000000001	1.57
11:29:28.197606	-0.26	-8.81	0.88	-1.93	-7.0200000000000005	-0.51	-0.97	-6.97	6.0	-2.02	-11.950000000000001	0.32
11:29:28.207674	-0.35000000000000003	-8.67	1.02	-2.29	-6.9	-0.08	-1.43	-7.25	6.48	-1.25	-12.89	-1.7
11:29:28.217749	-0.42	-8.58	1.24	-2.31	-7.01	0.19	-1.71	-7.930000000000001	6.3100000000000005	-0.39	-12.85	-2.61
11:29:28.227835	-0.41000000000000003	-8.52	1.28	-2.35	-7.01	0.2	-1.5	-8.23	6.3100000000000005	0.6900000000000001	-13.41	-3.5500000000000003
11:29:28.237939	-0.41000000000000003	-8.48	1.2	-2.19	-6.95	-0.49	-1.1500000000000001	-8.42	6.03	1.3800000000000001	-14.13	-4.21
11:29:28.248020	-0.37	-8.47	1.02	-1.85	-6.91	-0.77	0.02	-9.38	5.33	2.14	-14.55	-5.55
11:29:28.258143	-0.17	-8.42	0.5700000000000001	-1.6300000000000001	-6.86	-1.07	0.02	-9.38	5.33	2.2800000000000002	-14.86	-6.49
11:29:28.268247	0.0	-8.43	0.26	-1.3800000000000001	-6.84	-1.5	0.31	-9.38	5.26	2.39	-15.1	-7.28
11:29:28.278930	0.06	-8.51	0.08	-0.65	-7.15	-2.2600000000000002	0.5	-9.48	4.68	2.5300000000000002	-15.44	-8.08
11:29:28.289032	0.1	-8.52	-0.13	-0.34	-7.21	-2.57	0.2	-9.48	4.72	2.88	-15.31	-8.8
11:29:28.299177	0.1	-8.57	-0.27	-0.05	-7.44	-2.96	-0.27	-9.71	4.62	3.23	-14.74	-8.89
11:29:28.309326	0.08	-8.61	-0.23	0.22	-7.58	-3.22	-0.71	-10.08	4.63	3.69	-14.49	-8.76
11:29:28.319950	0.07	-8.69	-0.21	0.79	-7.98	-3.4	-0.8200000000000001	-10.77	4.04	3.88	-15.19	-9.83
11:29:28.330154	0.03	-8.790000000000001	-0.06	1.1300000000000001	-8.28	-3.58	-0.59	-10.450000000000001	4.05	3.83	-14.58	-10.5
11:29:28.340834	-0.05	-8.950000000000001	0.23	1.37	-8.57	-3.7	-0.29	-10.08	3.79	4.41	-12.0	-12.58
11:29:28.350951	-0.04	-9.05	0.3	1.73	-8.98	-3.77	0.11	-9.6	3.59	3.66	-12.15	-12.530000000000001
11:29:28.361539	0.0	-9.18	0.46	2.11	-9.4	-3.83	0.31	-9.99	3.36	3.68	-12.22	-12.99
11:29:28.371666	-0.02	-9.36	0.58	2.17	-9.55	-3.96	0.23	-9.94	3.23	3.85	-11.950000000000001	-13.780000000000001
11:29:28.381815	-0.13	-9.76	0.77	2.05	-9.61	-3.96	0.04	-10.120000000000001	2.68	3.68	-11.05	-14.08
11:29:28.391932	-0.25	-10.0	0.79	1.37	-10.040000000000001	-4.19	-0.08	-9.99	1.75	2.61	-11.450000000000001	-15.21
11:29:28.402543	-0.39	-10.27	0.87	1.03	-10.15	-4.36	-0.19	-9.39	1.56	2.44	-10.94	-15.790000000000001
11:29:28.412614	-0.74	-10.74	0.8200000000000001	0.72	-10.33	-4.38	-0.28	-9.15	1.5	1.75	-10.72	-15.75
11:29:28.422682	-1.01	-11.13	0.86	0.68	-10.370000000000001	-4.23	-0.78	-8.91	1.1	1.23	-10.23	-16.21
11:29:28.432776	-1.0	-11.24	0.9	0.7000000000000001	-10.700000000000001	-4.0600000000000005	-0.9400000000000001	-8.88	1.23	1.35	-10.25	-16.330000000000002
11:29:28.443315	-1.1	-11.52	0.84	0.72	-10.74	-4.17	-0.9500000000000001	-8.84	1.29	1.62	-9.94	-16.09
11:29:28.453641	-1.5	-12.040000000000001	0.76	0.6900000000000001	-10.700000000000001	-4.1	-0.88	-8.78	1.61	2.13	-11.0	-15.88
11:29:28.463755	-1.71	-12.200000000000001	0.72	0.64	-10.63	-3.98	-0.22	-8.91	1.8800000000000001	1.76	-9.67	-14.69
11:29:28.473855	-1.86	-12.26	0.66	0.65	-10.35	-4.01	0.11	-8.88	2.0100000000000002	2.0300000000000002	-10.120000000000001	-14.98
11:29:28.483922	-2.0300000000000002	-12.23	0.64	0.7000000000000001	-10.06	-3.97	0.36	-8.76	2.44	2.31	-9.49	-14.55
11:29:28.493996	-2.3000000000000003	-12.0	0.65	0.59	-9.57	-3.94	0.23	-8.81	3.14	2.09	-8.950000000000001	-13.89
11:29:28.504161	-2.47	-11.77	0.66	0.49	-9.07	-3.99	0.09	-8.78	3.5300000000000002	3.34	-8.040000000000001	-14.280000000000001
11:29:28.514272	-2.44	-11.47	0.65	0.15	-8.31	-3.23	-0.19	-8.71	3.86	1.82	-7.83	-10.18
11:29:28.524871	-2.19	-11.32	0.7000000000000001	-0.51	-8.97	-2.34	-0.48	-9.33	3.18	-0.42	-12.09	0.03
11:29:28.534942	-0.76	-11.56	0.52	-0.63	-11.25	-1.93	-1.03	-14.66	-4.63	0.48	-19.98	10.71
11:29:28.545090	-0.05	-12.4	-0.02	-0.8200000000000001	-13.33	-1.9100000000000001	-1.75	-16.88	-8.24	10.700000000000001	-11.89	-0.08
11:29:28.555269	0.39	-12.99	-0.72	-0.44	-13.06	-1.7	-1.81	-16.46	-4.44	8.6	-8.45	-3.66
11:29:28.565380	0.98	-13.13	-1.31	0.2	-12.13	-1.96	-0.24	-11.0	0.14	1.72	-9.06	-6.45
11:29:28.575456	1.41	-11.15	-1.82	-0.06	-10.76	-1.71	-1.75	-9.64	2.16	-1.21	-9.58	-3.12
11:29:28.585523	1.33	-10.11	-1.23	-0.86	-9.41	-1.77	-2.73	-8.93	2.6	2.38	-9.450000000000001	-1.42
11:29:28.595629	0.63	-8.84	-0.09	-2.52	-7.97	-2.57	-2.7	-8.870000000000001	1.84	3.92	-8.39	1.06
11:29:28.605745	0.12	-8.53	0.46	-2.74	-7.2	-2.04	-0.76	-8.700000000000001	2.42	1.57	-7.53	0.9400000000000001
11:29:28.615855	-0.19	-8.36	0.97	-2.86	-6.95	-0.86	0.9400000000000001	-9.25	2.1	0.23	-9.370000000000001	-3.68
11:29:28.625987	-0.21	-8.4	1.33	-2.75	-7.46	-0.15	2.27	-9.34	1.84	-0.12	-7.3	-0.27
11:29:28.636133	0.26	-8.91	1.43	-1.25	-9.21	0.0	3.6	-11.14	1.01	0.52	-8.52	1.29
11:29:28.646743	0.67	-9.26	1.16	-0.25	-9.59	0.35000000000000003	2.69	-11.78	1.01	1.01	-10.14	-3.12
11:29:28.656815	1.1300000000000001	-9.49	0.89	0.86	-9.540000000000001	0.86	1.8900000000000001	-10.99	1.07	1.18	-10.46	-2.89
11:29:28.666946	1.51	-9.58	0.71	2.83	-10.0	0.71	0.6900000000000001	-9.51	1.11	-0.51	-9.24	-0.53
11:29:28.677047	1.8	-9.27	0.06	2.83	-10.0	0.71	-1.07	-9.49	0.63	-0.15	-9.52	1.27
11:29:28.687121	1.85	-8.950000000000001	-0.17	3.2800000000000002	-9.81	0.27	-0.91	-9.26	0.66	2.06	-8.34	-2.75
11:29:28.697237	2.04	-8.66	-0.23	3.0	-9.47	0.54	0.07	-8.98	1.0	0.9400000000000001	-7.9	-2.18
11:29:28.707383	2.24	-8.47	-0.22	0.52	-9.370000000000001	0.49	1.51	-9.8	0.2	0.9400000000000001	-9.01	-1.12
11:29:28.717500	2.23	-8.69	-0.17	0.0	-9.48	0.43	1.97	-10.290000000000001	-0.81	2.05	-10.24	-0.18
11:29:28.727615	2.07	-8.950000000000001	-0.22	-0.1	-9.68	0.6	2.16	-10.3	-1.07	1.27	-9.97	-2.77
11:29:28.738296	1.81	-9.15	-0.32	-0.52	-9.67	0.0	2.33	-9.99	-0.43	0.85	-9.52	-3.48
11:29:28.748447	1.68	-9.35	-0.4	-0.72	-9.56	-0.56	1.75	-9.75	0.49	0.91	-9.33	-1.71
11:29:28.758609	1.37	-9.72	-0.54	-0.91	-9.38	-0.42	0.66	-9.700000000000001	0.66	1.4000000000000001	-9.46	-1.01
11:29:28.768718	1.1500000000000001	-9.8	-0.66	-1.61	-9.44	-0.4	0.33	-9.85	1.08	0.6900000000000001	-9.23	-2.84
11:29:28.778891	0.9	-9.89	-0.6900000000000001	-1.67	-9.76	-0.37	0.25	-10.25	0.66	0.56	-9.39	-2.82
11:29:28.788968	0.37	-9.81	-0.66	-1.55	-9.68	-0.43	0.19	-10.46	0.22	0.73	-10.23	-1.6500000000000001
11:29:28.799585	0.18	-9.73	-0.62	-1.3800000000000001	-9.39	-0.39	0.39	-10.21	0.34	1.17	-9.34	-3.72
11:29:28.809692	0.12	-9.52	-0.5700000000000001	-1.02	-9.36	-0.32	1.17	-9.43	0.31	1.22	-9.040000000000001	-2.93
11:29:28.820315	0.18	-9.33	-0.48	-0.12	-9.52	0.07	1.41	-9.48	-0.15	1.21	-9.25	-3.2
11:29:28.830391	0.34	-8.96	-0.37	0.39	-9.540000000000001	0.38	1.6300000000000001	-9.72	-0.55	1.3	-9.75	-0.61
11:29:28.840501	0.46	-8.82	-0.4	0.75	-9.47	0.61	2.38	-9.69	-0.19	1.1500000000000001	-8.99	-2.9
11:29:28.850697	0.54	-8.72	-0.39	1.2	-9.38	0.67	2.34	-9.53	-0.08	1.35	-9.08	-2.34
11:29:28.861393	0.54	-8.63	-0.45	1.62	-9.46	0.85	1.67	-9.46	-0.13	1.57	-9.74	-1.69
11:29:28.871478	0.52	-8.57	-0.44	1.81	-9.6	0.8200000000000001	0.89	-9.66	-0.24	1.41	-9.31	-2.42
11:29:28.881606	0.43	-8.63	-0.43	1.6300000000000001	-9.76	0.6	0.47000000000000003	-9.49	0.23	1.29	-9.15	-3.97
11:29:28.891693	0.27	-8.71	-0.5	1.5	-9.75	0.61	0.3	-9.42	0.26	1.23	-9.52	-1.6500000000000001
11:29:28.901765	0.16	-8.84	-0.43	1.26	-9.65	0.24	0.27	-9.75	0.0	1.54	-9.89	-1.52
11:29:28.912392	-0.04	-9.08	-0.38	0.98	-9.58	0.29	1.0	-9.64	-0.49	1.73	-9.19	-3.25
11:29:28.922507	-0.13	-9.14	-0.25	0.8200000000000001	-9.67	-0.02	1.47	-9.32	-0.6	1.52	-8.81	-3.81
11:29:28.932621	-0.28	-9.21	-0.18	0.5	-9.63	-0.09	1.54	-9.28	-0.6900000000000001	1.7	-9.43	-0.42
11:29:28.943181	-0.3	-9.19	-0.09	0.11	-9.56	-0.73	1.56	-9.73	-1.1400000000000001	1.6400000000000001	-9.59	-3.8000000000000003
11:29:28.953259	-0.35000000000000003	-9.22	0.0	-0.56	-9.18	-0.55	1.98	-9.49	-1.22	1.16	-9.24	-3.09
11:29:28.963341	-0.4	-9.14	0.03	-0.59	-9.26	-0.63	1.82	-9.09	-1.31	1.3	-9.08	-3.79
11:29:28.973412	-0.42	-9.03	0.05	-0.31	-9.5	-0.48	1.31	-9.290000000000001	-0.43	1.58	-9.5	-0.74
11:29:28.983480	-0.37	-8.85	0.03	-0.09	-9.39	-0.06	0.09	-9.83	0.73	1.28	-9.55	-4.34
11:29:28.993553	-0.34	-8.85	-0.02	0.04	-9.39	0.15	0.15	-9.49	0.55	1.27	-9.24	-4.54
11:29:29.003895	-0.26	-8.85	-0.04	0.1	-9.42	0.47000000000000003	0.09	-9.33	1.17	1.75	-8.74	-3.71
11:29:29.014015	-0.23	-8.93	-0.1	-0.12	-9.52	0.67	-0.06	-9.94	1.9100000000000001	2.29	-9.39	-0.74
11:29:29.024142	-0.21	-9.07	-0.16	-0.5700000000000001	-9.52	1.21	0.01	-10.07	1.21	1.6400000000000001	-9.33	-4.1
11:29:29.034764	-0.26	-9.21	-0.23	-0.9400000000000001	-9.51	1.41	0.31	-9.65	1.07	1.62	-9.36	-4.75
11:29:29.044842	-0.29	-9.370000000000001	-0.25	-1.17	-9.38	1.42	0.62	-9.39	1.83	1.75	-8.94	-3.83
11:29:29.055024	-0.34	-9.5	-0.24	-1.1500000000000001	-9.33	1.46	0.93	-10.14	0.74	1.98	-9.63	-1.42
11:29:29.065110	-0.44	-9.76	-0.27	-0.93	-9.24	1.69	1.26	-9.91	0.84	1.21	-9.44	-4.36
11:29:29.075223	-0.43	-9.93	-0.24	-0.93	-9.36	1.76	1.83	-9.25	1.11	1.32	-9.790000000000001	-5.6000000000000005
11:29:29.085297	-0.39	-10.13	-0.17	-0.8300000000000001	-9.65	1.49	1.78	-9.23	1.9000000000000001	1.75	-9.43	-3.0
11:29:29.095374	-0.33	-10.3	-0.12	-0.81	-10.31	1.26	0.72	-10.67	1.1	1.1400000000000001	-10.9	-4.69
11:29:29.105488	-0.26	-10.61	-0.01	-0.65	-10.700000000000001	1.51	1.07	-10.36	1.76	0.6	-11.39	-4.53
11:29:29.115574	-0.31	-10.72	-0.01	-1.11	-10.790000000000001	1.58	1.1300000000000001	-10.47	1.94	1.09	-13.07	-6.69
11:29:29.125644	-0.36	-10.82	-0.06	-1.22	-10.84	1.22	0.99	-11.33	2.8000000000000003	-1.59	-11.77	-4.46
11:29:29.135713	-0.46	-10.99	-0.09	-1.3900000000000001	-10.89	1.49	0.84	-11.73	2.14	3.24	-10.82	-5.41
11:29:29.145803	-0.67	-10.870000000000001	-0.14	-1.35	-10.93	1.18	0.34	-11.28	2.0100000000000002	3.44	-11.14	-5.96
11:29:29.155882	-0.96	-11.16	-0.2	-1.19	-10.85	1.55	0.14	-10.91	2.24	2.48	-11.18	-5.84
11:29:29.165973	-1.07	-11.22	-0.15	-0.84	-10.97	0.85	-0.2	-11.68	1.03	4.43	-10.17	-3.3200000000000003
11:29:29.176039	-1.52	-11.26	-0.07	-0.4	-11.08	0.87	-0.6	-11.41	1.58	5.13	-11.1	-5.49
11:29:29.186106	-1.52	-11.27	0.07	-0.21	-11.07	0.66	-0.29	-10.91	0.86	4.19	-10.57	-5.33
11:29:29.196192	-1.76	-11.28	0.08	-0.05	-11.02	0.2	0.0	-10.78	1.1300000000000001	4.24	-10.99	-5.78
11:29:29.206265	-1.8800000000000001	-11.16	0.15	0.16	-10.91	0.13	-0.11	-11.200000000000001	0.36	2.75	-10.94	-4.39
11:29:29.216428	-1.62	-10.63	0.2	0.39	-10.8	0.32	0.07	-10.88	0.3	1.9000000000000001	-11.97	-4.76
11:29:29.226547	-1.1300000000000001	-10.63	0.3	0.48	-10.84	0.35000000000000003	0.56	-10.47	0.29	1.49	-11.65	-5.13
11:29:29.236614	-0.36	-10.870000000000001	0.64	0.72	-11.1	0.3	1.21	-10.65	-0.33	2.5300000000000002	-12.24	-4.7
11:29:29.246690	0.67	-12.030000000000001	1.96	1.1400000000000001	-11.55	0.53	1.45	-11.34	-1.06	2.57	-12.120000000000001	-5.08
11:29:29.256810	0.14	-12.59	2.48	1.19	-11.99	0.87	1.7	-11.42	-1.27	0.62	-14.040000000000001	-4.01
11:29:29.267357	-0.7000000000000001	-12.780000000000001	2.87	0.42	-11.88	0.52	0.46	-11.35	-0.9500000000000001	-0.98	-13.51	-4.71
11:29:29.277483	-1.6300000000000001	-12.48	2.79	0.0	-11.82	0.45	0.01	-11.06	-1.34	0.29	-13.6	-4.98
11:29:29.287689	-2.36	-11.15	1.55	-0.74	-11.21	-0.08	-0.93	-11.28	-1.3800000000000001	1.8900000000000001	-13.69	-2.73
11:29:29.298295	-1.29	-10.4	0.8200000000000001	-1.22	-10.91	-0.6	-1.49	-11.65	-2.25	0.59	-14.86	-2.65
11:29:29.308361	0.37	-9.700000000000001	0.15	-1.46	-10.620000000000001	-1.1400000000000001	-1.96	-11.28	-1.6500000000000001	-0.71	-14.61	-4.16
11:29:29.318498	2.06	-9.040000000000001	-0.54	-1.53	-10.33	-1.47	-1.9100000000000001	-11.9	-0.74	-0.92	-15.4	-2.85
11:29:29.328589	3.77	-8.18	-1.78	-1.72	-9.76	-1.82	-1.9100000000000001	-11.9	-0.74	-1.29	-15.74	-0.5
11:29:29.338660	3.44	-8.07	-2.12	-1.83	-9.33	-1.6600000000000001	-0.97	-12.11	-3.35	0.26	-17.79	0.0
11:29:29.348808	2.94	-8.18	-2.09	-1.87	-8.86	-1.69	-0.64	-13.02	-3.5700000000000003	1.9000000000000001	-18.72	0.16
11:29:29.359431	2.56	-8.34	-1.76	-1.97	-8.620000000000001	-0.98	0.11	-13.43	-3.6	4.03	-15.47	3.11
11:29:29.369671	2.69	-8.35	-1.51	-2.5	-8.870000000000001	0.12	2.92	-10.69	-2.27	4.88	-12.06	0.91
11:29:29.380125	2.89	-8.36	-1.09	-3.04	-9.51	-0.26	3.91	-9.69	-0.47000000000000003	4.96	-10.46	-3.62
11:29:29.390264	2.87	-8.34	-0.63	-2.82	-9.700000000000001	0.13	3.19	-9.59	1.47	4.92	-10.19	-3.7800000000000002
11:29:29.400362	1.96	-8.58	0.3	-2.63	-9.94	0.99	2.2600000000000002	-9.39	9.07	3.84	-2.07	-2.85
11:29:29.410463	1.43	-8.85	0.77	-2.77	-11.64	1.6600000000000001	1.6400000000000001	-10.21	9.77	-3.5100000000000002	0.54	6.05
11:29:29.421032	0.96	-9.16	1.1300000000000001	-2.23	-12.27	1.92	1.2	-10.36	8.17	-12.34	3.08	15.55
11:29:29.431356	0.72	-9.52	1.44	-2.09	-12.68	2.3000000000000003	1.04	-11.96	3.5500000000000003	-3.98	-8.55	8.73
11:29:29.441427	0.64	-10.14	1.78	-1.58	-12.73	1.58	0.87	-12.74	1.49	6.87	-17.45	3.72
11:29:29.451556	0.51	-10.290000000000001	1.71	-1.07	-12.33	1.01	0.44	-11.450000000000001	2.63	9.67	-14.01	1.07
11:29:29.462111	0.44	-10.35	1.59	-1.1500000000000001	-11.55	1.16	0.58	-9.55	4.15	-2.86	-4.68	6.94
11:29:29.472233	0.37	-10.22	1.35	-0.65	-11.19	0.6	1.94	-7.2	5.26	-0.79	-1.96	7.45
11:29:29.482322	0.45	-9.98	0.93	-0.71	-10.36	0.58	2.38	-7.57	5.5200000000000005	4.0600000000000005	-0.4	7.67
11:29:29.493026	0.5700000000000001	-9.9	0.8200000000000001	-0.63	-10.39	0.53	1.8900000000000001	-7.72	5.16	6.33	-3.5300000000000002	6.25
11:29:29.503102	0.46	-9.89	0.62	-0.65	-10.02	0.56	1.05	-7.2700000000000005	5.33	-0.54	-8.9	4.93
11:29:29.513181	0.4	-9.85	0.52	-0.54	-9.78	0.55	0.63	-6.82	5.5200000000000005	-0.7000000000000001	-10.25	3.94
11:29:29.523290	0.25	-9.67	0.19	-0.76	-9.32	0.64	-0.03	-6.78	5.3100000000000005	0.73	-9.23	3.41
11:29:29.533382	0.36	-9.56	0.09	-1.16	-8.99	0.35000000000000003	-0.4	-6.84	5.37	0.9500000000000001	-6.13	4.5600000000000005
11:29:29.543486	0.46	-9.42	0.02	-1.22	-8.58	-0.13	0.08	-6.55	5.45	0.92	-8.48	2.57
11:29:29.553845	0.55	-9.13	0.0	-1.6600000000000001	-8.21	-0.34	-0.01	-6.6000000000000005	5.87	0.28	-10.42	1.28
11:29:29.564067	0.45	-9.07	0.1	-1.97	-7.5600000000000005	-0.45	-0.44	-6.99	5.95	-0.67	-11.11	0.9
11:29:29.574628	0.35000000000000003	-9.0	0.21	-2.2	-7.62	-0.52	-1.11	-7.67	6.2	-1.49	-11.790000000000001	0.11
11:29:29.584891	0.19	-8.94	0.33	-2.45	-7.48	-0.41000000000000003	-1.43	-7.96	6.42	-1.1300000000000001	-12.44	-1.87
11:29:29.594957	0.01	-8.92	0.61	-2.67	-7.4	-0.19	-1.59	-8.14	6.86	-0.7000000000000001	-12.52	-2.31
11:29:29.605030	-0.04	-8.76	0.66	-2.8000000000000003	-7.48	-0.19	-1.6500000000000001	-8.22	6.5	-0.03	-13.38	-2.91
11:29:29.615110	-0.06	-8.790000000000001	0.76	-2.69	-7.4	-0.32	-0.8	-8.96	5.7700000000000005	1.4000000000000001	-13.950000000000001	-4.23
11:29:29.625180	-0.07	-8.72	0.72	-2.68	-7.16	-0.36	-0.23	-9.17	5.94	1.8	-13.69	-4.62
11:29:29.635255	-0.1	-8.69	0.65	-2.2600000000000002	-7.03	-0.54	0.07	-9.15	5.7	2.45	-14.08	-5.49
11:29:29.645324	-0.07	-8.63	0.54	-1.51	-6.92	-1.23	0.31	-8.950000000000001	5.1000000000000005	2.93	-14.26	-6.23
11:29:29.655416	0.0	-8.58	0.42	-1.01	-6.84	-1.51	0.44	-8.9	4.95	3.5500000000000003	-14.11	-6.59
11:29:29.665491	0.1	-8.58	0.37	-0.53	-7.04	-1.87	0.44	-9.02	5.08	3.75	-14.19	-6.66
11:29:29.675560	0.26	-8.56	0.25	-0.19	-7.12	-2.09	0.28	-9.21	5.08	3.68	-14.88	-7.0
11:29:29.685634	0.31	-8.55	0.26	0.48	-7.11	-2.75	-0.43	-10.09	4.32	3.61	-15.56	-7.92
11:29:29.695700	0.25	-8.56	0.25	0.52	-7.21	-2.9	-0.6	-10.540000000000001	4.48	3.44	-15.13	-9.74
11:29:29.705790	0.11	-8.61	0.22	0.76	-7.42	-2.95	-0.45	-10.46	4.25	3.46	-14.31	-9.97
11:29:29.715903	0.18	-8.700000000000001	0.22	0.93	-7.65	-2.91	0.0	-10.16	3.56	3.5	-14.35	-10.9
11:29:29.726008	0.18	-8.83	0.21	1.4000000000000001	-8.55	-3.18	-0.02	-10.21	3.31	3.66	-14.15	-13.33
11:29:29.736077	0.27	-9.290000000000001	0.3	1.6500000000000001	-8.870000000000001	-3.1	0.09	-10.06	3.3000000000000003	3.19	-12.86	-12.81
11:29:29.746148	0.2	-9.52	0.34	1.75	-9.25	-3.12	0.02	-10.120000000000001	3.04	3.04	-12.43	-13.030000000000001
11:29:29.756220	0.06	-9.76	0.41000000000000003	1.81	-9.6	-3.46	-0.17	-9.82	3.09	2.9	-12.27	-13.35
11:29:29.767412	0.02	-9.99	0.45	1.8800000000000001	-10.06	-4.34	-0.43	-9.69	2.87	2.85	-11.8	-14.35
11:29:29.777570	-0.18	-10.33	0.54	1.55	-10.14	-4.59	-0.52	-9.73	2.52	2.48	-11.09	-14.530000000000001
11:29:29.787728	-0.34	-10.48	0.52	1.18	-9.9	-4.78	-0.85	-9.08	1.7	2.24	-10.86	-14.96
11:29:29.798285	-0.47000000000000003	-10.6	0.56	0.85	-9.89	-4.59	-0.87	-8.89	1.44	2.14	-10.5	-15.290000000000001
11:29:29.808373	-0.55	-10.8	0.66	0.68	-9.89	-4.3500000000000005	-0.74	-8.71	1.18	1.85	-9.71	-15.67
11:29:29.818626	-0.88	-11.18	0.71	0.43	-10.02	-4.09	-0.61	-8.55	1.06	1.77	-9.61	-15.620000000000001
11:29:29.829368	-1.1400000000000001	-11.28	0.75	0.12	-10.57	-3.65	-0.16	-8.700000000000001	0.93	1.46	-9.83	-15.41
11:29:29.839466	-1.1500000000000001	-11.47	0.86	0.23	-10.870000000000001	-3.5500000000000003	-0.11	-8.790000000000001	1.23	1.3900000000000001	-9.83	-15.07
11:29:29.850129	-1.2	-11.66	0.85	0.33	-10.99	-3.5500000000000003	-0.17	-9.01	1.85	1.4000000000000001	-9.35	-13.97
11:29:29.860217	-1.67	-12.02	0.8	0.34	-10.75	-3.72	-0.11	-9.07	1.9000000000000001	1.47	-9.58	-12.55
11:29:29.870448	-1.86	-12.030000000000001	0.8200000000000001	0.51	-9.77	-3.7800000000000002	0.09	-9.11	2.0300000000000002	1.47	-9.58	-12.55
11:29:29.880572	-1.94	-11.85	0.86	0.54	-9.17	-3.45	0.32	-9.14	2.34	2.07	-9.97	-11.43
11:29:29.890686	-1.99	-11.620000000000001	0.8300000000000001	0.71	-8.65	-3.2800000000000002	0.22	-8.9	3.0500000000000003	2.13	-9.32	-12.0
11:29:29.901256	-1.85	-11.09	0.77	0.76	-8.120000000000001	-3.11	-0.12	-8.73	3.45	2.17	-6.69	-11.06
11:29:29.911368	-1.67	-10.72	0.74	0.4	-7.58	-2.3000000000000003	-0.48	-8.74	3.49	2.36	-9.77	-2.22
11:29:29.921865	-1.26	-10.5	0.72	0.16	-8.64	-1.94	-0.93	-12.02	-0.66	0.58	-16.7	8.53
11:29:29.932049	0.4	-11.290000000000001	0.24	-0.01	-10.81	-1.4000000000000001	-0.8200000000000001	-15.290000000000001	-6.94	3.11	-22.1	18.13
11:29:29.942125	0.77	-12.22	-0.37	-0.12	-12.8	-0.9	-1.46	-16.75	-9.07	9.89	-18.47	6.73
11:29:29.952209	1.1	-12.71	-0.96	-0.24	-13.39	-1.75	-1.08	-15.71	-3.87	6.83	-7.86	-9.44
11:29:29.962313	1.27	-12.9	-1.44	-0.18	-12.57	-2.85	0.67	-10.55	0.99	-2.49	-7.68	-9.22
11:29:29.972541	1.1	-11.91	-1.84	-0.75	-11.64	-2.02	-0.96	-9.950000000000001	2.67	-5.39	-8.45	-1.95
11:29:29.983045	1.12	-11.09	-1.53	-0.96	-11.4	-2.18	-2.42	-9.790000000000001	1.56	5.2	-10.06	-0.5
11:29:29.993119	1.08	-10.3	-1.12	-1.85	-8.98	-3.7	-1.71	-8.57	2.04	4.2700000000000005	-7.3500000000000005	-3.43
11:29:30.003222	0.8300000000000001	-9.6	-0.65	-2.46	-7.16	-2.39	0.0	-8.55	2.34	-0.31	-6.68	-0.53
11:29:30.013295	0.5	-8.48	0.48	-3.19	-6.59	-0.81	1.48	-9.1	1.33	-1.23	-9.33	1.18
11:29:30.023531	0.5700000000000001	-8.39	0.91	-3.11	-7.04	0.1	2.65	-10.14	0.41000000000000003	1.34	-8.45	-1.41
11:29:30.033632	0.6	-8.48	1.18	-1.1500000000000001	-8.33	0.64	3.0500000000000003	-10.84	1.6	1.05	-8.61	-3.22
11:29:30.043726	0.62	-8.55	1.31	0.05	-8.83	1.22	2.06	-10.83	1.59	0.52	-9.34	-3.5
11:29:30.053815	0.96	-8.88	1.28	1.2	-9.28	1.79	0.9400000000000001	-10.120000000000001	1.03	0.84	-11.290000000000001	-0.24
11:29:30.063927	1.32	-8.950000000000001	1.06	2.12	-9.65	1.67	-0.74	-8.85	0.86	-0.5	-9.27	-1.83
11:29:30.074679	1.68	-8.94	0.85	3.48	-9.93	1.26	-0.34	-8.57	1.55	0.49	-9.01	-3.06
11:29:30.084767	2.36	-8.83	0.07	3.47	-10.18	1.1300000000000001	0.03	-8.96	1.49	1.0	-8.9	-2.1
11:29:30.094888	2.27	-8.99	-0.18	2.59	-10.290000000000001	0.9500000000000001	0.51	-10.09	0.9	2.02	-8.82	0.9400000000000001
11:29:30.105475	2.15	-9.22	-0.4	0.31	-9.76	0.76	1.8800000000000001	-10.3	0.02	1.34	-9.42	-2.24
11:29:30.115592	1.61	-9.6	-0.93	-0.3	-9.53	0.81	2.08	-9.97	-0.02	1.3	-9.53	-2.99
11:29:30.125806	1.52	-9.700000000000001	-1.07	-0.35000000000000003	-9.53	0.51	1.62	-9.96	0.02	1.3800000000000001	-10.44	-2.31
11:29:30.135870	1.4000000000000001	-9.75	-1.2	-0.62	-9.620000000000001	0.0	1.53	-9.92	-0.24	1.19	-9.57	-3.61
11:29:30.145954	1.28	-9.75	-1.19	-1.41	-8.98	-0.73	1.36	-9.8	0.66	1.06	-8.65	-3.19
11:29:30.156031	0.8300000000000001	-9.75	-0.97	-1.61	-9.34	-1.34	1.1	-9.65	1.37	0.91	-8.73	-3.02
11:29:30.166585	0.5700000000000001	-9.77	-0.8	-1.71	-9.13	-0.49	0.72	-9.84	1.1500000000000001	1.17	-9.56	-1.1300000000000001
11:29:30.176686	0.26	-9.76	-0.6900000000000001	-1.43	-9.74	-0.65	0.28	-10.21	0.59	0.73	-10.0	-3.33
11:29:30.186758	0.09	-9.66	-0.58	-0.9	-9.8	-0.12	0.43	-10.22	0.86	1.04	-9.700000000000001	-3.64
11:29:30.196845	0.0	-9.28	-0.28	-0.92	-9.57	-0.07	0.53	-10.11	1.1300000000000001	1.1400000000000001	-9.13	-3.87
11:29:30.206919	0.06	-9.13	-0.16	-0.73	-9.35	0.16	0.75	-9.73	0.43	1.25	-9.56	-1.16
11:29:30.217013	0.17	-9.01	-0.09	-0.12	-9.49	0.54	0.77	-9.66	0.3	1.34	-9.21	-3.39
11:29:30.227092	0.26	-8.91	-0.05	0.29	-9.32	0.89	1.1500000000000001	-9.59	0.55	1.1500000000000001	-8.77	-2.65
11:29:30.237216	0.47000000000000003	-8.76	-0.09	0.91	-9.51	0.99	1.53	-9.64	0.4	1.25	-8.86	-1.75
11:29:30.247337	0.48	-8.74	-0.17	1.07	-9.46	0.88	1.53	-9.83	-0.32	1.47	-9.71	-3.31
11:29:30.257466	0.53	-8.8	-0.18	1.6500000000000001	-9.34	0.46	1.7	-9.68	-0.44	1.31	-9.22	-2.81
11:29:30.267563	0.34	-8.8	-0.3	1.69	-9.57	0.34	1.94	-9.450000000000001	-0.58	1.31	-9.22	-2.81
11:29:30.277663	0.25	-8.92	-0.39	1.69	-9.57	0.34	1.8	-9.32	-0.79	1.06	-9.92	-1.32
11:29:30.287778	0.11	-8.99	-0.45	1.85	-9.53	0.29	1.67	-9.790000000000001	-1.1	1.06	-9.92	-1.32
11:29:30.297887	0.09	-9.01	-0.44	1.61	-9.73	0.21	2.0100000000000002	-9.68	-1.04	1.06	-9.92	-1.32
11:29:30.308060	-0.2	-9.040000000000001	-0.32	1.4000000000000001	-9.53	0.28	2.13	-9.26	-0.8	1.06	-9.92	-1.32
11:29:30.318226	-0.23	-9.06	-0.19	0.96	-9.68	0.13	0.6900000000000001	-9.52	-0.75	1.06	-9.92	-1.32
11:29:30.329031	-0.25	-9.120000000000001	-0.12	0.68	-9.8	0.06	0.54	-9.94	-0.9500000000000001	1.06	-9.92	-1.32
11:29:30.339166	-0.29	-9.200000000000001	-0.02	0.68	-9.8	0.06	0.79	-9.78	-0.61	1.5	-9.15	-3.31
11:29:30.349623	-0.29	-9.200000000000001	-0.02	-0.19	-9.67	-0.3	0.3	-10.02	0.07	1.5	-9.15	-3.31
11:29:30.359726	-0.32	-9.26	0.15	-0.19	-9.81	-0.48	0.21	-10.32	0.04	1.5	-9.15	-3.31
11:29:30.369901	-0.39	-9.26	0.2	-0.47000000000000003	-9.620000000000001	-0.38	0.63	-9.540000000000001	0.01	1.5	-9.15	-3.31
11:29:30.380086	-0.37	-9.3	0.24	-0.6	-9.41	-0.28	0.9400000000000001	-9.09	1.17	1.5	-9.15	-3.31
11:29:30.390801	-0.35000000000000003	-9.28	0.19	-0.72	-9.34	-0.01	0.61	-9.88	0.76	1.5	-9.15	-3.31
11:29:30.400874	-0.29	-9.25	0.04	-0.76	-9.55	0.14	0.6	-10.02	0.25	0.72	-9.49	-4.09
11:29:30.411062	-0.25	-9.31	-0.05	-0.8	-9.52	0.55	0.6900000000000001	-9.16	1.46	0.72	-9.49	-4.09
11:29:30.421781	-0.19	-9.38	-0.18	-0.85	-9.4	1.08	0.58	-9.36	2.2800000000000002	0.72	-9.49	-4.09
11:29:30.431942	-0.17	-9.39	-0.3	-0.88	-9.55	1.46	0.12	-10.14	1.16	0.72	-9.49	-4.09
11:29:30.442014	-0.11	-9.42	-0.46	-0.79	-9.75	1.54	0.01	-10.16	1.32	1.5	-9.96	-4.67
11:29:30.452467	-0.12	-9.48	-0.52	-0.6900000000000001	-9.77	1.6300000000000001	1.05	-9.78	2.35	1.5	-9.96	-4.67
11:29:30.462956	-0.06	-9.56	-0.55	-0.63	-9.96	1.45	1.02	-10.16	2.72	1.5	-9.96	-4.67
11:29:30.473298	-0.04	-9.71	-0.56	-0.73	-10.01	1.34	0.74	-10.76	1.98	1.55	-10.94	-4.93
11:29:30.483719	0.0	-10.0	-0.43	-0.71	-10.38	1.17	1.2	-10.52	2.52	1.55	-10.94	-4.93
11:29:30.493836	-0.05	-10.19	-0.35000000000000003	-0.92	-10.42	1.3900000000000001	1.07	-10.71	3.35	-1.22	-11.91	-6.26
11:29:30.504503	-0.12	-10.42	-0.23	-1.2	-10.59	1.1300000000000001	1.32	-11.01	2.69	-1.22	-11.91	-6.26
11:29:30.514681	-0.76	-10.96	0.11	-1.54	-10.53	1.07	0.47000000000000003	-11.39	2.02	3.06	-10.58	-5.34
11:29:30.525374	-1.09	-11.040000000000001	0.27	-1.34	-10.4	1.1400000000000001	0.37	-10.53	1.94	1.44	-11.08	-5.25
11:29:30.535847	-1.09	-11.040000000000001	0.27	-1.21	-10.61	1.07	0.27	-10.84	1.77	3.1	-10.38	-5.61
11:29:30.545921	-1.7	-11.36	0.48	-0.67	-10.790000000000001	0.88	-0.13	-11.16	1.26	3.1	-10.38	-5.61
11:29:30.556024	-1.95	-11.24	0.42	-0.53	-10.68	0.51	-0.24	-10.75	0.72	3.1	-10.38	-5.61
11:29:30.566323	-2.11	-11.11	0.48	-0.41000000000000003	-10.700000000000001	0.16	0.0	-10.53	0.99	3.58	-10.700000000000001	-5.53
11:29:30.576390	-2.2	-11.07	0.43	0.05	-10.71	0.21	0.15	-10.51	1.11	3.58	-10.700000000000001	-5.53
11:29:30.586472	-2.2600000000000002	-10.83	0.27	0.03	-10.66	0.05	0.06	-10.9	0.5	3.58	-10.700000000000001	-5.53
11:29:30.596539	-2.18	-10.66	0.19	0.25	-10.57	0.02	0.56	-10.43	0.18	3.58	-10.700000000000001	-5.53
11:29:30.606610	-2.0300000000000002	-10.44	0.19	0.33	-10.55	-0.01	0.33	-10.23	0.71	3.58	-10.700000000000001	-5.53
11:29:30.616743	-1.83	-10.26	0.16	0.35000000000000003	-10.55	-0.14	0.44	-10.24	0.65	3.58	-10.700000000000001	-5.53
11:29:30.626819	-0.81	-10.23	0.34	0.45	-10.56	-0.27	0.75	-11.19	-0.27	3.58	-10.700000000000001	-5.53
11:29:30.636897	-0.81	-10.23	0.34	0.64	-10.9	0.02	1.82	-11.040000000000001	-1.03	3.59	-12.6	-5.8
11:29:30.647003	0.8300000000000001	-11.34	1.6400000000000001	0.93	-11.58	0.36	1.31	-11.17	-0.39	3.59	-12.6	-5.8
11:29:30.657079	0.9400000000000001	-12.07	2.25	1.1	-12.14	0.67	0.22	-12.030000000000001	-1.26	3.59	-12.6	-5.8
11:29:30.667195	-0.32	-12.52	3.17	0.84	-11.83	0.64	-0.46	-11.75	-1.56	3.59	-12.6	-5.8
11:29:30.677268	-1.43	-12.23	3.02	0.52	-11.98	0.54	-0.89	-11.38	-1.52	3.59	-12.6	-5.8
11:29:30.687343	-2.43	-11.73	2.42	0.13	-11.97	0.4	-1.85	-11.56	-1.3	3.59	-12.6	-5.8
11:29:30.697413	-1.4000000000000001	-10.5	0.9	-0.44	-11.71	0.11	-2.0300000000000002	-12.21	-1.33	3.59	-12.6	-5.8
11:29:30.707482	0.34	-9.86	0.11	-1.4000000000000001	-11.19	-0.75	-2.0	-12.27	-0.87	3.59	-12.6	-5.8
11:29:30.717607	0.34	-9.86	0.11	-1.57	-10.84	-1.2	-1.7	-11.93	-2.61	-0.9500000000000001	-17.79	-0.65
11:29:30.727711	3.56	-8.81	-1.29	-1.85	-10.38	-1.47	-0.75	-13.02	-3.75	0.7000000000000001	-18.51	-0.76
11:29:30.738364	4.26	-7.96	-2.18	-2.04	-8.76	-1.59	0.39	-13.38	-4.44	3.35	-16.86	2.79
11:29:30.748429	3.8200000000000003	-7.72	-2.23	-2.17	-8.49	-0.8	1.33	-12.08	-3.77	4.92	-13.030000000000001	1.69
11:29:30.758529	3.33	-7.67	-2.09	-1.9100000000000001	-8.49	-0.91	2.61	-11.23	-2.39	6.03	-10.950000000000001	-2.07
11:29:30.768639	2.93	-7.74	-1.87	-2.92	-8.52	0.0	3.89	-9.040000000000001	0.43	6.390000000000001	-10.72	-6.41
11:29:30.778712	2.61	-8.05	-1.05	-2.69	-9.4	-0.52	3.16	-8.97	3.09	7.92	-7.1000000000000005	-11.51
11:29:30.788795	2.37	-8.290000000000001	-0.58	-2.85	-9.76	0.5	2.48	-9.33	6.75	6.19	-4.14	-6.74
11:29:30.799304	1.98	-8.620000000000001	-0.03	-2.14	-10.73	0.54	1.3800000000000001	-10.43	9.040000000000001	0.66	-1.8900000000000001	1.53
11:29:30.809430	1.51	-9.03	0.47000000000000003	-2.05	-12.780000000000001	1.26	0.79	-10.540000000000001	7.58	-17.39	5.98	16.85
11:29:30.819569	0.8300000000000001	-10.02	1.3900000000000001	-1.78	-12.99	2.02	0.37	-10.42	6.13	-11.55	-2.75	11.55
11:29:30.830343	0.67	-10.450000000000001	1.74	-2.18	-12.96	1.98	0.54	-10.65	3.09	1.31	-10.33	6.9
11:29:30.840482	0.46	-10.71	1.99	-2.57	-12.49	2.18	0.6900000000000001	-9.26	4.0200000000000005	9.99	-14.65	3.44
11:29:30.850547	0.21	-10.8	2.07	-1.71	-11.700000000000001	0.98	1.34	-8.21	4.58	-3.6	-4.72	6.7
11:29:30.860653	-0.22	-10.5	1.81	-1.55	-11.23	1.27	1.6500000000000001	-7.7	5.29	0.73	-0.73	7.22
11:29:30.870745	-0.12	-10.23	1.6600000000000001	-0.92	-10.91	0.8300000000000001	1.25	-8.1	5.22	4.98	-0.3	7.43
11:29:30.881349	0.1	-10.01	1.44	-1.02	-10.58	0.51	1.0	-7.24	5.2700000000000005	3.16	-6.67	4.79
11:29:30.891480	0.28	-9.51	1.08	-0.56	-10.0	0.49	0.53	-7.07	5.07	-0.43	-8.14	5.19
11:29:30.901549	0.34	-9.370000000000001	0.91	-0.3	-9.6	0.29	-0.01	-6.43	5.2700000000000005	-0.32	-10.05	3.8000000000000003
11:29:30.912035	0.3	-9.200000000000001	0.75	-0.42	-9.18	0.52	-0.1	-6.54	5.14	0.97	-6.23	4.38
11:29:30.922131	0.28	-9.040000000000001	0.61	-0.56	-8.99	0.1	0.3	-6.18	5.61	0.59	-6.05	4.0
11:29:30.932201	0.38	-8.950000000000001	0.42	-0.65	-8.290000000000001	-0.3	0.09	-6.38	5.8500000000000005	0.43	-7.7700000000000005	3.37
11:29:30.942313	0.38	-8.92	0.4	-1.18	-7.97	-0.33	-0.01	-6.5600000000000005	5.55	-0.16	-9.5	2.37
11:29:30.952419	0.3	-8.93	0.4	-1.42	-7.8500000000000005	-0.6900000000000001	-0.5	-7.0	5.74	-1.58	-11.56	0.5700000000000001
11:29:30.962526	0.39	-8.91	0.52	-1.61	-7.54	-0.64	-1.0	-7.47	6.07	-1.37	-12.05	-0.56
11:29:30.972602	0.05	-9.01	0.71	-2.02	-7.4	-0.52	-1.49	-7.7	6.66	-1.01	-12.700000000000001	-1.6400000000000001
11:29:30.982674	-0.02	-9.01	0.79	-2.33	-7.4	-0.41000000000000003	-1.76	-7.84	6.28	-0.72	-12.91	-2.25
11:29:30.992901	-0.21	-9.02	0.96	-2.5	-7.36	-0.19	-1.61	-8.21	5.78	-0.72	-12.91	-2.25
11:29:31.003014	-0.22	-8.96	1.07	-2.6	-7.43	-0.1	-0.6900000000000001	-9.08	5.33	1.6400000000000001	-14.55	-4.7
11:29:31.013621	-0.42	-8.870000000000001	1.17	-2.7600000000000002	-7.18	-0.29	-0.2	-9.44	5.3	2.1	-14.24	-5.03
11:29:31.023687	-0.48	-8.83	1.1	-2.5500000000000003	-7.09	-0.54	0.1	-9.38	5.16	2.52	-14.450000000000001	-5.88
11:29:31.033855	-0.48	-8.76	1.0	-2.17	-7.0200000000000005	-0.8	0.27	-9.42	4.84	2.94	-14.86	-6.91
11:29:31.044204	-0.45	-8.65	0.9	-1.85	-6.97	-1.1400000000000001	0.72	-9.6	4.4	3.17	-14.88	-7.3100000000000005
11:29:31.054301	-0.08	-8.38	0.35000000000000003	-0.86	-7.15	-1.82	0.68	-9.48	4.36	2.97	-14.91	-7.95
11:29:31.064469	-0.08	-8.38	0.35000000000000003	-0.52	-7.25	-2.0100000000000002	0.43	-9.38	4.57	3.0300000000000002	-13.74	-7.74
11:29:31.074559	0.0	-8.38	0.21	-0.28	-7.25	-2.27	-0.29	-10.03	4.22	3.0300000000000002	-13.74	-7.74
11:29:31.084764	0.11	-8.45	0.03	0.15	-7.5200000000000005	-2.75	-0.53	-10.67	4.2	3.38	-14.86	-9.03
11:29:31.094904	0.1	-8.69	0.01	0.37	-7.47	-3.25	-0.45	-10.65	4.1	3.63	-14.280000000000001	-9.76
11:29:31.105437	0.0	-8.78	0.11	0.67	-7.71	-3.39	-0.28	-10.44	4.12	3.93	-13.73	-10.16
11:29:31.115512	-0.08	-9.19	0.36	0.86	-7.8500000000000005	-3.5500000000000003	-0.21	-10.07	3.67	4.2	-14.07	-10.57
11:29:31.125584	-0.12	-9.44	0.51	1.47	-8.78	-3.7600000000000002	-0.38	-10.11	3.5	4.08	-12.94	-11.69
11:29:31.135653	-0.18	-9.64	0.67	1.72	-9.1	-3.66	-0.54	-10.1	3.37	3.52	-12.55	-11.450000000000001
11:29:31.145735	-0.29	-9.78	0.76	1.78	-9.11	-3.63	-0.72	-10.06	2.82	3.11	-12.85	-12.17
11:29:31.155804	-0.35000000000000003	-10.01	0.89	1.77	-9.27	-3.79	-0.77	-10.01	2.52	2.68	-12.22	-13.59
11:29:31.165874	-0.44	-10.14	0.93	1.59	-9.71	-4.13	-0.86	-9.99	2.12	2.27	-12.21	-12.9
11:29:31.175943	-0.52	-10.27	0.92	1.25	-9.84	-4.0200000000000005	-0.93	-9.46	1.87	2.33	-11.0	-14.49
11:29:31.186015	-0.59	-10.52	0.9500000000000001	0.89	-9.93	-3.94	-0.93	-9.22	1.1400000000000001	1.76	-11.28	-15.08
11:29:31.196098	-0.91	-11.03	0.98	0.45	-10.120000000000001	-3.97	-0.9400000000000001	-9.09	0.8	1.8800000000000001	-10.84	-15.530000000000001
11:29:31.206211	-0.97	-11.15	1.07	0.03	-10.68	-4.04	-0.93	-8.86	0.61	1.8800000000000001	-10.05	-15.65
11:29:31.216278	-1.04	-11.46	1.01	-0.11	-10.78	-3.94	-0.61	-8.67	1.0	1.6	-9.790000000000001	-15.46
11:29:31.226440	-1.11	-11.700000000000001	0.93	0.06	-11.06	-4.01	-0.34	-8.75	1.11	1.58	-10.0	-15.16
11:29:31.236530	-1.46	-12.35	0.86	0.14	-11.07	-3.89	-0.2	-8.950000000000001	1.19	1.43	-10.0	-14.73
11:29:31.246610	-1.75	-12.27	0.8200000000000001	0.23	-10.9	-4.03	-0.1	-8.99	1.27	1.2	-9.67	-14.16
11:29:31.256681	-1.9100000000000001	-12.06	0.85	0.15	-10.56	-4.04	0.0	-8.700000000000001	1.86	1.98	-10.06	-12.42
11:29:31.266755	-2.1	-11.49	0.86	0.14	-10.22	-3.97	0.0	-8.82	2.13	3.71	-11.44	-13.42
11:29:31.276829	-2.14	-11.25	0.88	0.28	-9.790000000000001	-3.98	-0.01	-8.96	2.39	4.11	-10.01	-12.77
11:29:31.286909	-2.07	-11.0	0.86	0.53	-8.9	-3.54	-0.42	-8.9	2.91	4.18	-9.46	-12.84
11:29:31.297029	-1.98	-10.74	0.85	0.51	-8.58	-3.38	-0.76	-8.89	3.2800000000000002	2.2	-4.68	-9.71
11:29:31.307102	-1.18	-10.27	0.72	0.33	-8.14	-3.12	-0.9500000000000001	-9.03	3.18	2.38	-8.23	-3.94
11:29:31.317170	-0.28	-10.39	0.59	0.19	-7.87	-2.9	-1.11	-10.75	1.35	1.3900000000000001	-14.17	6.5600000000000005
11:29:31.327266	0.47000000000000003	-11.07	0.17	-0.52	-9.66	-2.11	-1.24	-16.78	-9.16	9.26	-20.76	14.11
11:29:31.337481	0.78	-11.91	-0.55	-0.6	-11.94	-1.73	-1.55	-16.73	-7.25	10.65	-12.6	-6.84
11:29:31.347935	1.2	-12.47	-1.57	-0.76	-12.92	-0.98	0.02	-13.790000000000001	-1.9000000000000001	7.08	-7.65	-7.67
11:29:31.358001	1.09	-12.35	-1.95	-0.21	-12.1	-1.93	-0.41000000000000003	-9.94	1.61	-1.37	-8.0	-10.23
11:29:31.368103	0.9	-11.870000000000001	-2.0100000000000002	-0.6900000000000001	-11.61	-1.54	-2.21	-9.48	2.2800000000000002	-0.6900000000000001	-10.03	0.45
11:29:31.378175	0.91	-11.23	-1.6600000000000001	-0.64	-11.13	-2.74	-3.14	-9.49	0.6	4.41	-10.72	-1.21
11:29:31.388298	0.62	-9.82	-0.6	-1.1500000000000001	-10.31	-4.5200000000000005	-2.71	-9.120000000000001	1.26	4.29	-7.55	-1.9100000000000001
11:29:31.398391	0.34	-9.23	0.02	-2.44	-7.38	-2.11	0.17	-9.370000000000001	0.64	0.49	-6.98	2.5300000000000002
11:29:31.408997	0.1	-8.74	0.64	-3.11	-7.08	-0.37	1.52	-9.76	0.19	1.6400000000000001	-9.84	-1.45
11:29:31.419064	0.1	-8.45	1.1500000000000001	-3.39	-7.1000000000000005	0.38	3.06	-9.69	0.45	1.35	-7.41	-1.34
11:29:31.429189	0.41000000000000003	-8.42	1.78	-2.77	-7.640000000000001	0.62	3.0700000000000003	-10.9	0.55	0.1	-7.640000000000001	-1.54
11:29:31.439805	0.58	-8.5	1.82	-0.3	-8.620000000000001	0.88	2.0300000000000002	-11.16	0.58	1.56	-12.1	-2.83
11:29:31.449931	0.81	-8.64	1.71	1.27	-9.17	0.9400000000000001	0.62	-9.88	0.64	1.35	-9.93	-1.9000000000000001
11:29:31.460043	1.48	-8.89	1.27	2.56	-9.52	0.92	-0.21	-8.81	0.99	-0.64	-8.39	-2.68
11:29:31.470155	1.81	-8.93	1.0	4.07	-10.44	0.78	-0.3	-8.92	1.47	2.2600000000000002	-8.5	-2.67
11:29:31.480280	2.12	-9.03	0.86	3.77	-10.66	0.8	0.68	-10.19	1.09	1.09	-7.8500000000000005	-1.6500000000000001
11:29:31.490958	2.2600000000000002	-9.17	0.64	2.65	-10.120000000000001	1.12	1.96	-10.32	-0.2	1.1500000000000001	-9.120000000000001	-2.2600000000000002
11:29:31.501062	1.96	-9.4	0.1	1.31	-9.69	1.37	2.0100000000000002	-10.31	-0.85	1.49	-10.03	-0.81
11:29:31.511174	1.74	-9.55	-0.18	-0.21	-9.700000000000001	1.4000000000000001	1.9000000000000001	-10.19	-0.8300000000000001	1.56	-10.46	-4.66
11:29:31.521268	1.41	-9.68	-0.51	-0.51	-9.77	0.38	1.8900000000000001	-9.72	0.19	0.79	-9.040000000000001	-2.99
11:29:31.531859	1.28	-9.77	-0.75	-0.47000000000000003	-9.51	-0.14	1.06	-9.66	0.81	0.67	-8.88	-2.9
11:29:31.541996	1.1300000000000001	-9.57	-0.9500000000000001	-0.87	-9.26	-0.34	0.64	-9.75	0.59	0.85	-9.6	-1.31
11:29:31.552110	1.09	-9.57	-0.9	-1.32	-9.43	-1.06	0.3	-9.93	0.37	1.26	-9.34	-2.94
11:29:31.562761	0.9400000000000001	-9.59	-0.78	-1.47	-9.67	-0.85	0.27	-10.18	0.63	1.05	-9.75	-3.23
11:29:31.572827	0.8300000000000001	-9.69	-0.71	-1.6500000000000001	-9.57	-0.78	0.32	-10.25	0.53	1.07	-9.46	-3.61
11:29:31.582896	0.28	-9.620000000000001	-0.38	-1.43	-9.86	-0.88	0.42	-10.25	-0.17	1.61	-10.120000000000001	-2.04
11:29:31.593001	0.06	-9.52	-0.3	-1.3	-9.67	-0.27	0.49	-9.82	-0.36	1.26	-9.48	-3.5100000000000002
11:29:31.603123	0.02	-9.36	-0.19	-0.8300000000000001	-9.4	-0.05	1.35	-9.02	-0.26	0.8200000000000001	-9.0	-2.97
11:29:31.613240	0.09	-9.26	-0.12	-0.5	-9.200000000000001	0.14	1.49	-9.28	-0.53	1.1500000000000001	-9.43	-1.6500000000000001
11:29:31.623406	0.22	-8.98	-0.04	-0.06	-9.200000000000001	0.38	1.55	-9.67	-0.9500000000000001	1.61	-9.33	-2.56
11:29:31.633495	0.25	-8.83	-0.05	0.81	-9.53	0.53	2.05	-9.63	-0.28	1.29	-9.16	-2.56
11:29:31.644120	0.27	-8.73	-0.1	0.98	-9.38	0.7000000000000001	1.98	-9.44	-0.04	1.11	-8.89	-3.0700000000000003
11:29:31.654260	0.17	-8.6	-0.13	1.18	-9.31	0.66	1.54	-9.31	0.08	1.12	-9.78	-1.42
11:29:31.664331	0.32	-8.57	-0.17	1.41	-9.22	0.71	1.23	-9.540000000000001	-0.1	1.05	-9.39	-3.16
11:29:31.674398	0.1	-8.55	-0.2	1.83	-9.49	0.73	1.17	-9.65	0.53	0.99	-8.96	-2.82
11:29:31.684486	0.05	-8.64	-0.23	1.8900000000000001	-9.59	0.75	0.98	-9.450000000000001	0.71	1.1	-8.96	-3.77
11:29:31.694574	-0.13	-8.84	-0.15	1.73	-9.25	0.77	0.65	-9.56	0.35000000000000003	1.43	-9.55	-0.37
11:29:31.704656	-0.29	-8.98	-0.06	1.48	-9.51	0.56	1.08	-9.6	-0.41000000000000003	1.74	-9.06	-3.92
11:29:31.714725	-0.41000000000000003	-9.09	0.08	0.76	-9.48	0.22	1.6300000000000001	-9.38	-0.71	1.67	-9.22	-3.21
11:29:31.724799	-0.56	-9.28	0.22	0.61	-9.64	0.03	1.52	-9.44	-0.77	1.72	-9.03	-4.03
11:29:31.734878	-0.66	-9.69	0.44	0.29	-9.69	-0.01	1.32	-9.83	-1.06	1.84	-10.26	-3.27
11:29:31.744949	-0.67	-9.78	0.49	0.15	-9.82	-0.23	1.1500000000000001	-9.6	-0.37	1.45	-9.17	-4.26
11:29:31.755035	-0.67	-9.81	0.52	-0.25	-9.59	-0.48	0.99	-9.06	-0.76	1.21	-9.15	-3.22
11:29:31.765118	-0.42	-9.44	0.36	-0.29	-9.51	-0.52	0.51	-9.3	-0.29	1.73	-9.23	-3.16
11:29:31.775191	-0.31	-9.32	0.26	-0.48	-9.6	-0.48	0.66	-9.94	0.54	1.18	-10.36	-4.0600000000000005
11:29:31.785264	-0.21	-9.22	0.14	-0.45	-9.61	-0.18	1.04	-9.450000000000001	0.48	0.79	-9.57	-4.21
11:29:31.795334	-0.16	-9.15	0.08	-0.45	-9.33	0.25	0.8	-9.28	0.87	1.07	-9.23	-4.3
11:29:31.805409	-0.09	-9.11	-0.09	-0.54	-9.26	0.6900000000000001	0.46	-9.33	1.95	1.9000000000000001	-8.67	-3.1
11:29:31.815507	-0.1	-9.13	-0.16	-0.43	-9.36	0.89	0.19	-9.94	1.31	1.94	-9.99	-4.63
11:29:31.825580	-0.1	-9.26	-0.23	-0.35000000000000003	-9.55	1.67	0.62	-9.49	1.61	1.57	-9.200000000000001	-4.76
11:29:31.835673	-0.21	-9.6	-0.35000000000000003	-0.47000000000000003	-9.61	1.81	0.73	-9.36	2.5	1.52	-9.27	-5.21
11:29:31.845745	-0.28	-9.73	-0.45	-1.11	-9.59	1.84	0.61	-10.57	1.42	1.96	-10.21	-1.72
11:29:31.856509	-0.4	-9.870000000000001	-0.48	-1.08	-9.66	1.58	1.06	-10.35	1.47	1.46	-10.49	-4.6000000000000005
11:29:31.866576	-0.4	-10.0	-0.48	-1.16	-9.83	1.16	1.6300000000000001	-9.84	2.15	0.77	-10.370000000000001	-4.86
11:29:31.876670	-0.37	-10.3	-0.43	-1.11	-10.21	1.11	1.24	-10.02	2.95	0.91	-10.25	-5.68
11:29:31.886790	-0.4	-10.44	-0.4	-1.1400000000000001	-10.33	1.29	0.09	-11.32	2.23	2.21	-11.15	-3.06
11:29:31.896900	-0.43	-10.540000000000001	-0.34	-1.1300000000000001	-10.36	1.32	0.48	-10.98	2.5100000000000002	1.05	-12.25	-5.25
11:29:31.907062	-0.5	-10.63	-0.28	-1.3	-10.69	1.19	0.88	-10.68	2.52	-0.87	-11.58	-6.3100000000000005
11:29:31.917133	-0.78	-10.98	-0.17	-1.45	-10.84	1.29	0.56	-11.24	2.32	0.17	-9.47	-3.41
11:29:31.927243	-0.89	-10.77	-0.06	-1.21	-10.75	1.11	-0.37	-11.48	2.0300000000000002	3.48	-10.16	-3.95
11:29:31.937764	-1.12	-10.98	-0.06	-1.51	-10.540000000000001	1.09	0.15	-10.76	1.78	1.71	-11.28	-5.5200000000000005
11:29:31.947863	-1.35	-11.08	0.09	-0.68	-10.6	1.41	0.42	-10.55	1.73	2.35	-10.040000000000001	-5.08
11:29:31.957999	-1.8	-10.97	0.26	-0.35000000000000003	-10.6	0.9	-0.13	-11.02	1.1	4.8	-9.99	-2.82
11:29:31.968069	-1.9000000000000001	-10.94	0.39	-0.17	-10.51	0.31	-0.38	-11.0	1.04	3.69	-10.22	-4.84
11:29:31.978696	-2.07	-10.85	0.42	-0.09	-10.57	0.58	0.17	-10.290000000000001	0.71	2.7	-11.02	-5.74
11:29:31.988927	-2.15	-10.64	0.43	0.01	-10.57	0.31	0.46	-10.32	0.9400000000000001	2.67	-10.32	-5.8100000000000005
11:29:31.999014	-2.0300000000000002	-10.25	0.28	0.06	-10.5	0.15	0.39	-10.55	0.41000000000000003	2.49	-10.48	-2.7600000000000002
11:29:32.009155	-1.93	-10.06	0.19	0.21	-10.370000000000001	0.2	0.07	-10.58	0.46	1.51	-10.73	-4.5600000000000005
11:29:32.019823	-1.72	-9.85	0.11	0.48	-10.38	-0.1	0.52	-9.870000000000001	0.56	1.1500000000000001	-11.43	-5.37
11:29:32.029946	-1.4000000000000001	-9.51	0.01	0.49	-10.32	-0.46	0.41000000000000003	-9.92	0.52	1.48	-11.09	-1.97
11:29:32.040060	-1.1500000000000001	-9.33	-0.02	0.45	-10.13	-0.67	0.16	-10.32	-0.13	1.87	-11.71	-3.93
11:29:32.050187	-0.72	-9.33	0.09	0.55	-10.23	-0.48	0.22	-10.620000000000001	-0.55	2.93	-12.64	-5.84
11:29:32.060305	0.0	-9.71	0.62	1.09	-11.69	0.3	0.78	-11.07	-0.96	2.92	-12.74	-6.890000000000001
11:29:32.070952	0.56	-11.35	1.68	1.19	-12.07	0.46	0.78	-11.07	-0.96	-1.4000000000000001	-13.13	-1.3900000000000001
11:29:32.081025	0.08	-12.15	2.2800000000000002	1.23	-11.72	0.33	-0.23	-11.16	-2.35	0.3	-13.47	-5.32
11:29:32.091132	-0.52	-12.700000000000001	2.7	0.9	-11.67	0.18	-1.62	-11.42	-1.96	2.52	-16.15	-4.66
11:29:32.101218	-1.12	-12.97	2.82	0.32	-11.99	-0.1	-2.2600000000000002	-12.23	-2.2800000000000002	-0.6900000000000001	-16.41	-1.05
11:29:32.111399	-1.47	-12.200000000000001	1.83	-0.07	-11.81	-0.52	-2.18	-12.9	-1.71	-2.13	-16.9	0.99
11:29:32.122086	-0.48	-11.27	0.89	-0.52	-11.41	-0.92	-1.77	-12.82	-4.33	-1.57	-17.8	-1.19
11:29:32.132180	1.18	-10.28	0.14	-0.96	-10.98	-1.24	-1.05	-13.48	-4.91	1.43	-19.29	-0.8300000000000001
11:29:32.142299	2.9	-9.34	-0.59	-2.08	-9.88	-1.42	0.29	-13.47	-5.53	5.86	-17.47	0.84
11:29:32.152890	4.34	-7.86	-1.72	-2.34	-9.38	-1.29	3.15	-12.08	-3.0100000000000002	7.09	-15.48	0.6
11:29:32.163002	3.98	-7.54	-2.0300000000000002	-2.57	-8.99	-0.93	4.09	-11.21	-1.34	6.48	-13.36	-2.5500000000000003
11:29:32.173132	3.42	-7.53	-2.12	-2.98	-8.8	-0.17	4.62	-10.16	0.78	5.98	-11.59	-5.64
11:29:32.183256	2.96	-7.640000000000001	-2.06	-3.5700000000000003	-9.03	-0.3	3.5500000000000003	-9.99	3.5100000000000002	6.66	-5.07	-7.51
11:29:32.193492	2.44	-7.78	-1.73	-3.5300000000000002	-9.23	-0.76	1.47	-10.57	9.69	6.21	-4.01	-5.78
11:29:32.203932	2.15	-8.11	-1.35	-3.1	-9.63	-0.42	0.87	-11.28	9.120000000000001	1.6400000000000001	-3.75	1.74
11:29:32.214013	1.77	-8.620000000000001	-0.84	-2.42	-11.870000000000001	0.6	0.6900000000000001	-11.290000000000001	8.13	-8.71	-0.97	8.8
11:29:32.224122	1.21	-9.33	-0.34	-1.68	-13.040000000000001	0.5700000000000001	0.32	-10.67	5.39	-12.69	-3.31	12.66
11:29:32.234195	0.45	-10.76	0.9	-1.3	-13.85	1.4000000000000001	0.13	-11.02	3.1	-0.04	-10.35	6.03
11:29:32.244269	0.15	-11.290000000000001	1.45	-1.5	-14.14	1.7	-0.18	-10.540000000000001	3.36	7.12	-14.01	3.0700000000000003
11:29:32.254343	-0.09	-11.61	1.9000000000000001	-2.07	-12.93	1.9000000000000001	-0.01	-9.36	4.89	-0.61	-5.97	5.73
11:29:32.264424	-0.37	-11.34	2.31	-2.34	-11.99	1.77	1.55	-7.53	6.18	-1.51	-2.47	6.66
11:29:32.274860	-0.33	-10.89	2.2	-2.0	-11.52	1.79	1.56	-7.34	6.04	1.6400000000000001	-0.17	7.95
11:29:32.284927	-0.29	-10.36	1.87	-1.71	-11.25	1.61	1.1500000000000001	-7.75	5.66	4.38	-1.48	6.74
11:29:32.295003	-0.01	-9.89	1.6	-1.01	-10.9	0.54	0.71	-7.15	5.2700000000000005	1.1300000000000001	-6.84	5.45
11:29:32.305080	0.18	-9.27	0.9	-1.0	-10.32	0.64	0.61	-6.7	5.22	-0.51	-8.83	4.53
11:29:32.315163	0.33	-9.13	0.61	-0.7000000000000001	-9.86	0.61	0.15	-6.5	5.03	0.17	-10.35	3.3200000000000003
11:29:32.325235	0.37	-9.01	0.31	-0.7000000000000001	-9.46	0.6	-0.05	-6.55	5.2	0.84	-7.84	4.22
11:29:32.335315	0.47000000000000003	-8.950000000000001	0.12	-0.8200000000000001	-8.74	0.18	0.22	-5.44	6.390000000000001	0.28	-6.23	4.0600000000000005
11:29:32.345399	0.41000000000000003	-8.91	-0.06	-1.09	-8.1	-0.09	0.18	-5.7700000000000005	6.12	-0.14	-7.94	3.15
11:29:32.355465	0.36	-8.88	-0.04	-1.23	-7.640000000000001	-0.63	-0.24	-5.79	5.73	-0.55	-9.49	2.18
11:29:32.365544	0.26	-8.86	0.06	-1.54	-7.26	-0.85	-1.05	-6.91	5.57	-0.63	-11.53	-0.36
11:29:32.375614	0.15	-8.89	0.18	-1.6400000000000001	-6.97	-0.86	-1.3	-7.08	6.17	0.12	-11.69	-1.58
11:29:32.385690	-0.08	-8.97	0.54	-1.8900000000000001	-6.75	-0.52	-1.87	-7.3500000000000005	6.57	0.5	-11.85	-2.56
11:29:32.395775	-0.2	-8.91	0.72	-1.94	-7.16	-0.7000000000000001	-2.08	-7.92	6.76	0.71	-12.21	-3.02
11:29:32.405847	-0.18	-8.86	0.8300000000000001	-2.31	-7.21	-0.18	-1.28	-8.78	5.92	2.43	-13.74	-4.45
11:29:32.415930	-0.24	-8.86	0.88	-2.58	-7.4	0.07	-0.07	-8.97	5.69	2.7600000000000002	-13.72	-5.01
11:29:32.426032	-0.11	-8.71	0.53	-2.9	-7.42	0.07	0.5700000000000001	-9.26	5.62	2.87	-13.76	-5.65
11:29:32.436103	-0.11	-8.71	0.53	-2.71	-7.47	-0.49	0.93	-9.34	5.22	3.34	-14.09	-6.65
11:29:32.446172	-0.01	-8.75	-0.17	-2.36	-7.5	-0.98	0.61	-9.38	4.86	3.39	-14.9	-7.6000000000000005
11:29:32.456246	-0.03	-8.77	-0.25	-1.68	-7.63	-1.8900000000000001	0.35000000000000003	-9.620000000000001	4.61	3.5500000000000003	-14.99	-8.040000000000001
11:29:32.466362	-0.1	-8.8	-0.26	-1.16	-7.48	-2.19	0.14	-9.61	4.7	3.48	-15.22	-8.85
11:29:32.476432	-0.19	-8.78	-0.25	-0.75	-7.5	-2.62	-0.56	-9.56	4.91	3.09	-14.49	-8.8
11:29:32.486554	-0.36	-8.790000000000001	-0.03	0.14	-7.19	-3.08	-0.96	-9.85	4.78	2.87	-14.200000000000001	-8.47
11:29:32.496647	-0.47000000000000003	-8.91	0.18	0.49	-7.33	-3.46	-1.27	-10.28	4.62	2.66	-14.700000000000001	-9.36
11:29:32.506720	-0.56	-8.97	0.32	0.6900000000000001	-7.28	-3.64	-0.77	-10.48	4.21	2.43	-14.63	-10.18
11:29:32.517529	-0.65	-9.07	0.53	0.87	-7.41	-3.67	-0.56	-10.34	4.03	2.85	-13.82	-10.58
11:29:32.528165	-0.62	-9.28	0.77	1.2	-8.02	-3.5700000000000003	-0.37	-10.15	3.67	3.0100000000000002	-13.6	-11.24
11:29:32.538282	-0.54	-9.370000000000001	0.8	1.47	-8.42	-3.63	-0.18	-9.870000000000001	3.33	2.82	-13.33	-11.5
11:29:32.548397	-0.47000000000000003	-9.44	0.8	1.6	-8.68	-3.36	-0.02	-9.42	3.2800000000000002	2.95	-12.67	-11.94
11:29:32.558540	-0.43	-9.53	0.77	1.6600000000000001	-8.86	-3.31	-0.2	-9.17	2.98	3.42	-11.200000000000001	-12.07
11:29:32.568707	-0.32	-9.72	0.6900000000000001	1.6600000000000001	-8.97	-3.73	-0.59	-9.290000000000001	2.36	3.25	-11.36	-12.48
11:29:32.578827	-0.3	-9.8	0.63	1.56	-9.0	-3.99	-1.03	-9.3	2.16	3.27	-10.82	-13.19
11:29:32.589379	-0.36	-9.9	0.48	1.28	-9.05	-4.0600000000000005	-1.23	-8.99	1.99	3.21	-10.08	-13.41
11:29:32.599475	-0.47000000000000003	-10.0	0.42	0.29	-9.43	-4.39	-1.06	-8.870000000000001	1.29	3.41	-9.93	-13.91
11:29:32.609604	-0.78	-10.39	0.33	0.13	-9.71	-4.34	-0.93	-8.78	0.97	3.19	-9.67	-14.1
11:29:32.620227	-0.91	-10.64	0.3	0.01	-9.93	-4.09	-0.39	-8.83	0.92	2.54	-9.35	-13.950000000000001
11:29:32.630352	-1.09	-10.93	0.27	0.0	-10.13	-3.93	-0.26	-8.9	0.92	1.04	-9.370000000000001	-13.290000000000001
11:29:32.640459	-1.37	-11.47	0.25	0.02	-10.6	-3.7	-0.31	-8.89	0.99	0.75	-9.41	-12.83
11:29:32.650564	-1.43	-11.73	0.35000000000000003	0.16	-10.73	-3.7600000000000002	-0.41000000000000003	-8.86	1.12	0.85	-9.74	-12.75
11:29:32.660639	-1.5	-11.86	0.49	0.34	-10.86	-3.83	-0.62	-9.06	1.37	0.8200000000000001	-9.09	-11.81
11:29:32.671289	-1.69	-11.97	0.56	0.42	-10.8	-3.8000000000000003	-0.62	-9.06	1.37	1.05	-9.01	-11.26
11:29:32.681494	-2.0	-11.72	0.73	0.24	-10.01	-3.3200000000000003	-0.2	-8.92	1.56	1.3	-9.64	-11.06
11:29:32.691625	-2.15	-11.52	0.8200000000000001	0.59	-9.66	-2.96	-0.12	-9.01	1.6300000000000001	1.26	-10.03	-10.63
11:29:32.702164	-2.05	-11.15	0.79	0.67	-9.3	-2.75	-0.12	-9.120000000000001	1.82	3.04	-10.24	-12.15
11:29:32.712254	-1.8800000000000001	-10.91	0.8200000000000001	0.59	-9.0	-2.86	-0.31	-8.870000000000001	2.37	1.6300000000000001	-7.32	-8.99
11:29:32.722372	-1.59	-10.34	0.67	0.47000000000000003	-8.370000000000001	-3.12	-0.76	-8.75	3.0300000000000002	0.36	-4.91	-8.0
11:29:32.732876	-1.37	-10.07	0.5700000000000001	0.35000000000000003	-8.13	-3.0500000000000003	-0.89	-9.57	2.69	2.61	-7.86	-2.47
11:29:32.743074	-0.92	-9.91	0.48	0.24	-7.84	-2.7	-0.6	-11.77	-0.24	-0.07	-20.93	19.34
11:29:32.753167	-0.08	-10.03	0.37	0.01	-8.25	-2.15	-0.45	-16.82	-11.09	4.3500000000000005	-24.42	19.080000000000002
11:29:32.763242	0.68	-11.68	-0.51	-0.16	-12.75	-1.07	-0.33	-16.26	-5.83	11.42	-16.13	-6.1000000000000005
11:29:32.773325	0.76	-12.36	-1.03	-0.55	-13.290000000000001	-0.9500000000000001	1.76	-12.94	-1.37	4.12	-6.25	-13.0
11:29:32.783440	0.8	-12.8	-1.43	-0.32	-12.92	-2.33	0.35000000000000003	-10.38	1.81	-4.8	-8.77	-7.43
11:29:32.794033	0.81	-12.93	-1.81	-0.41000000000000003	-12.49	-3.0100000000000002	-1.6400000000000001	-10.14	0.89	-2.97	-9.48	-1.1500000000000001
11:29:32.804142	0.62	-11.96	-1.71	0.16	-12.67	-2.35	-2.29	-9.82	0.0	2.45	-10.42	2.33
11:29:32.814228	0.55	-11.07	-1.26	0.51	-11.92	-4.26	-2.1	-8.790000000000001	0.87	2.32	-6.6000000000000005	-0.64
11:29:32.824311	0.44	-10.11	-0.65	-0.07	-9.77	-4.8500000000000005	1.26	-9.08	1.03	-0.12	-9.3	-2.45
11:29:32.834382	0.25	-8.56	0.71	-2.5300000000000002	-6.7700000000000005	0.01	2.32	-9.32	1.1	-0.35000000000000003	-9.21	-3.2800000000000002
11:29:32.844451	0.29	-8.27	1.25	-3.08	-7.16	0.54	2.74	-9.94	0.54	-0.29	-7.25	2.49
11:29:32.854555	0.34	-8.25	1.6600000000000001	-2.5500000000000003	-7.82	0.63	0.87	-11.38	1.28	1.8	-9.620000000000001	-4.24
11:29:32.864624	0.33	-8.36	1.84	-1.7	-8.120000000000001	0.71	0.39	-9.89	1.61	1.86	-10.120000000000001	-4.03
11:29:32.874703	0.67	-8.65	1.78	0.42	-8.57	1.4000000000000001	-0.32	-9.05	1.1300000000000001	0.55	-9.92	-2.91
11:29:32.884774	0.9400000000000001	-8.77	1.58	1.43	-9.14	1.48	-0.79	-9.16	0.96	-1.02	-9.28	1.17
11:29:32.894847	1.3	-8.85	1.32	2.5300000000000002	-9.61	1.11	0.53	-9.290000000000001	1.1300000000000001	1.77	-10.09	-3.8000000000000003
11:29:32.904955	1.68	-8.93	1.01	3.16	-10.15	0.88	1.3800000000000001	-9.72	1.52	1.6300000000000001	-8.27	-3.08
11:29:32.915071	2.0100000000000002	-9.36	0.44	2.79	-10.42	1.09	1.69	-10.18	0.89	0.12	-7.26	-1.62
11:29:32.925187	1.84	-9.47	0.04	1.7	-10.16	1.37	1.6	-10.370000000000001	-1.07	2.4	-10.81	-1.78
11:29:32.935250	1.62	-9.55	-0.33	0.66	-9.97	1.4000000000000001	1.81	-9.790000000000001	-0.68	1.6400000000000001	-10.02	-3.02
11:29:32.945381	1.36	-9.66	-0.75	0.12	-9.71	1.41	1.82	-9.74	-0.21	1.23	-9.85	-3.18
11:29:32.955486	1.2	-9.700000000000001	-1.31	-0.53	-9.23	0.4	1.61	-9.8	0.16	1.07	-9.370000000000001	-3.42
11:29:32.965559	1.1400000000000001	-9.64	-1.48	-0.86	-9.01	-0.26	1.1400000000000001	-9.78	-0.07	1.1500000000000001	-9.71	-1.8900000000000001
11:29:32.975639	1.11	-9.48	-1.3800000000000001	-0.89	-8.870000000000001	-0.51	0.96	-9.72	0.31	1.07	-9.55	-3.0100000000000002
11:29:32.985705	1.01	-9.44	-1.26	-1.05	-9.24	-0.91	0.88	-9.82	0.53	1.3	-9.02	-2.6
11:29:32.995778	0.63	-9.35	-0.8300000000000001	-1.1500000000000001	-9.5	-0.76	0.59	-10.31	-0.12	1.07	-9.450000000000001	-1.94
11:29:33.005852	0.45	-9.4	-0.59	-1.06	-9.8	-0.6900000000000001	0.59	-10.16	-0.31	1.19	-10.33	-2.52
11:29:33.015924	0.22	-9.38	-0.39	-1.17	-9.82	-0.48	0.8200000000000001	-9.73	-0.05	1.09	-9.67	-2.66
11:29:33.026371	-0.09	-9.14	-0.03	-1.06	-9.53	-0.14	1.05	-9.41	-0.01	1.17	-9.21	-3.47
11:29:33.036441	-0.09	-9.03	-0.02	-0.72	-9.13	0.1	1.18	-9.48	-0.73	1.31	-9.540000000000001	-0.36
11:29:33.046934	-0.02	-8.97	-0.03	-0.27	-9.26	0.28	1.3	-9.66	-0.77	1.54	-9.32	-2.42
11:29:33.057111	0.12	-8.86	-0.1	0.16	-9.53	0.43	1.74	-9.6	-0.41000000000000003	1.16	-9.26	-3.08
11:29:33.067230	0.15	-8.85	-0.2	0.48	-9.53	0.61	1.61	-9.48	-0.49	1.04	-9.08	-2.94
11:29:33.077945	0.24	-8.91	-0.23	1.07	-9.56	0.52	1.18	-9.58	-0.78	1.6600000000000001	-9.78	-2.16
11:29:33.088584	0.19	-8.89	-0.25	1.37	-9.4	0.64	1.12	-9.4	-0.72	1.2	-9.370000000000001	-3.2600000000000002
11:29:33.098797	-0.04	-8.93	-0.37	1.51	-9.4	0.77	1.41	-9.42	-0.52	1.07	-9.290000000000001	-2.69
11:29:33.108868	-0.19	-9.02	-0.32	1.69	-9.290000000000001	0.6	1.51	-9.58	-0.66	0.9400000000000001	-9.450000000000001	-2.61
11:29:33.119124	-0.28	-9.09	-0.3	1.6600000000000001	-9.52	0.2	1.69	-9.870000000000001	-1.04	1.81	-9.700000000000001	-2.62
11:29:33.129673	-0.44	-9.07	-0.21	1.54	-9.290000000000001	0.4	2.11	-9.67	-0.97	1.4000000000000001	-9.13	-3.5700000000000003
11:29:33.139791	-0.6900000000000001	-9.23	0.1	1.19	-9.49	0.11	1.94	-9.21	-0.58	1.19	-8.89	-3.7800000000000002
11:29:33.149865	-0.79	-9.28	0.27	0.91	-9.81	0.11	1.27	-9.74	-0.73	1.78	-10.200000000000001	-0.81
11:29:33.160005	-0.8	-9.38	0.37	0.51	-9.86	-0.02	0.38	-9.78	0.51	1.61	-9.040000000000001	-3.3200000000000003
11:29:33.170212	-0.81	-9.5	0.49	0.13	-9.75	-0.02	0.38	-9.78	0.51	1.6500000000000001	-9.1	-4.13
11:29:33.180314	-0.84	-9.48	0.54	-0.31	-9.61	-0.08	-0.17	-9.46	0.71	2.08	-10.06	-1.05
11:29:33.190402	-0.8200000000000001	-9.43	0.51	-0.43	-9.69	-0.17	0.06	-10.040000000000001	0.7000000000000001	1.74	-9.96	-4.5
11:29:33.200495	-0.78	-9.4	0.4	-0.64	-9.540000000000001	-0.07	0.3	-10.27	0.36	1.29	-9.42	-3.97
11:29:33.211081	-0.6	-9.4	0.1	-0.63	-9.42	0.04	0.8300000000000001	-9.3	0.58	1.5	-9.200000000000001	-5.0
11:29:33.221207	-0.5	-9.34	-0.01	-0.9400000000000001	-9.31	0.53	0.62	-9.8	1.06	1.6600000000000001	-10.120000000000001	-1.71
11:29:33.231343	-0.42	-9.25	-0.2	-0.77	-9.52	0.61	0.56	-10.07	0.56	1.37	-9.94	-4.45
11:29:33.241438	-0.34	-9.27	-0.28	-1.11	-9.36	1.01	0.85	-9.040000000000001	1.35	1.16	-9.290000000000001	-4.3500000000000005
11:29:33.252055	-0.27	-9.25	-0.55	-1.2	-9.23	1.48	0.86	-9.200000000000001	1.7	1.49	-8.84	-5.22
11:29:33.262177	-0.2	-9.19	-0.6	-1.05	-9.38	1.42	0.44	-10.15	0.8300000000000001	2.25	-10.16	-2.72
11:29:33.272276	-0.18	-9.23	-0.6	-1.06	-9.65	1.19	1.02	-9.85	1.33	1.72	-10.01	-4.6000000000000005
11:29:33.282352	-0.13	-9.36	-0.59	-0.8300000000000001	-9.88	1.3900000000000001	0.8300000000000001	-9.78	2.41	1.19	-10.02	-4.98
11:29:33.292421	-0.09	-9.73	-0.53	-0.73	-10.01	1.51	0.6	-10.31	2.33	2.0300000000000002	-9.98	-1.84
11:29:33.302507	-0.11	-9.91	-0.48	-0.7000000000000001	-10.08	0.86	0.52	-10.64	2.18	1.9100000000000001	-10.64	-4.0
11:29:33.312607	-0.11	-10.09	-0.41000000000000003	-0.98	-10.23	0.91	0.8300000000000001	-10.43	1.98	1.18	-11.38	-4.54
11:29:33.322716	-0.18	-10.36	-0.28	-1.1	-10.38	1.17	0.91	-10.58	2.8000000000000003	0.25	-12.33	-6.2700000000000005
11:29:33.332845	-0.44	-10.52	0.06	-1.33	-10.52	1.43	1.03	-11.08	1.94	2.93	-10.450000000000001	-2.48
11:29:33.342912	-0.74	-10.950000000000001	0.13	-1.52	-10.67	1.16	0.0	-10.85	1.68	3.6	-10.5	-4.97
11:29:33.353002	-1.06	-11.09	0.36	-1.45	-10.55	1.25	-0.06	-10.51	1.62	1.79	-11.07	-5.13
11:29:33.363385	-1.42	-11.15	0.52	-1.17	-10.55	1.02	0.0	-10.61	1.52	2.96	-10.35	-5.9
11:29:33.374108	-1.82	-11.14	0.75	-0.8300000000000001	-10.620000000000001	0.76	-0.23	-11.11	1.07	5.04	-10.01	-3.18
11:29:33.384746	-2.04	-11.08	0.79	-0.23	-10.51	0.61	0.23	-10.59	0.86	3.46	-10.8	-5.29
11:29:33.394851	-2.24	-10.78	0.6	-0.39	-10.77	0.65	0.21	-10.68	1.3900000000000001	2.81	-11.0	-5.11
11:29:33.404953	-2.23	-10.700000000000001	0.46	-0.29	-10.97	0.63	0.31	-10.81	1.29	3.2	-10.69	-6.07
11:29:33.415627	-2.12	-10.57	0.3	-0.13	-10.870000000000001	0.48	0.08	-10.82	0.98	2.08	-10.51	-3.62
11:29:33.425699	-1.8800000000000001	-10.39	0.22	-0.08	-10.57	0.49	0.63	-10.23	0.39	1.4000000000000001	-11.51	-5.2700000000000005
11:29:33.435784	-1.21	-10.35	0.03	-0.07	-10.59	0.52	0.47000000000000003	-10.17	0.9500000000000001	1.31	-11.32	-5.23
11:29:33.445879	-0.68	-10.56	0.21	-0.19	-10.58	0.41000000000000003	0.8	-11.02	-0.24	2.37	-11.790000000000001	-2.35
11:29:33.455946	0.11	-10.950000000000001	0.76	-0.24	-10.68	0.23	1.45	-11.200000000000001	-0.84	2.95	-11.38	-3.71
11:29:33.466066	0.6	-11.6	1.31	0.45	-11.53	0.45	1.74	-11.03	-1.2	2.9	-12.530000000000001	-6.15
11:29:33.476139	-0.3	-12.33	2.24	0.76	-12.16	0.8300000000000001	0.93	-11.35	-0.55	0.8300000000000001	-13.75	-5.1000000000000005
11:29:33.486254	-1.11	-12.26	2.49	0.91	-12.120000000000001	0.85	-0.05	-11.47	-1.71	0.32	-13.13	-2.3000000000000003
11:29:33.496323	-1.82	-12.05	2.3000000000000003	0.55	-11.98	0.55	-0.81	-11.4	-1.6600000000000001	2.2	-12.65	-3.19
11:29:33.506425	-2.33	-11.65	1.83	0.3	-12.06	0.3	-1.12	-11.38	-2.0100000000000002	2.2800000000000002	-14.790000000000001	-4.16
11:29:33.516503	-1.03	-10.33	0.55	-0.2	-11.78	0.37	-2.12	-11.32	-2.0100000000000002	0.56	-15.280000000000001	-4.03
11:29:33.526576	0.64	-9.64	-0.05	-0.66	-11.41	-0.1	-2.09	-11.74	-1.83	-0.9500000000000001	-15.200000000000001	-0.11
11:29:33.536660	2.25	-9.11	-0.5700000000000001	-1.19	-10.68	-1.2	-2.09	-12.09	-1.1500000000000001	-0.86	-15.0	-0.67
11:29:33.546747	3.15	-8.69	-1.2	-1.36	-10.44	-1.55	-1.47	-11.73	-1.77	-0.68	-16.48	-1.4000000000000001
11:29:33.556834	3.1	-8.31	-1.76	-1.58	-10.15	-1.83	-1.37	-12.96	-4.05	1.51	-18.78	-0.29
11:29:33.566919	2.6	-8.26	-1.71	-1.86	-9.82	-1.9100000000000001	-0.18	-13.32	-4.92	3.2	-17.61	1.82
11:29:33.577043	2.23	-8.21	-1.6	-2.04	-8.78	-1.7	1.29	-12.68	-4.73	5.42	-14.89	1.8900000000000001
11:29:33.587122	2.36	-8.28	-1.07	-2.15	-8.53	-0.93	3.14	-10.39	-1.45	5.7700000000000005	-12.26	-1.99
11:29:33.597760	2.46	-8.25	-0.7000000000000001	-1.87	-8.45	-0.6900000000000001	3.65	-9.06	1.18	6.16	-10.53	-6.98
11:29:33.607876	2.3000000000000003	-8.23	-0.31	-2.31	-8.540000000000001	0.11	2.43	-9.05	3.43	6.5	-8.69	-6.94
11:29:33.617966	1.9000000000000001	-8.41	0.14	-2.8000000000000003	-9.41	-0.58	1.76	-9.88	6.3	6.2	-6.79	-7.12
11:29:33.628109	0.85	-9.05	0.93	-3.0700000000000003	-9.5	0.63	1.23	-11.34	7.58	4.17	-5.53	-3.4
11:29:33.638777	0.62	-9.49	1.34	-2.36	-10.39	0.65	1.37	-10.91	7.54	-11.57	3.18	11.75
11:29:33.648880	0.52	-9.92	1.71	-1.49	-13.0	2.04	1.07	-10.290000000000001	7.26	-14.76	5.12	14.75
11:29:33.659029	0.33	-10.24	1.9000000000000001	-1.8900000000000001	-13.06	2.27	0.99	-11.14	3.5300000000000002	-5.79	-4.2	10.84
11:29:33.669557	-0.07	-10.55	1.86	-1.71	-12.8	1.54	0.9	-10.81	3.0700000000000003	3.7600000000000002	-12.65	8.14
11:29:33.679626	-0.24	-10.450000000000001	1.6600000000000001	-1.43	-12.31	1.3800000000000001	0.91	-9.61	3.74	3.2	-11.97	4.3
11:29:33.689753	-0.16	-10.35	1.45	-1.09	-11.32	0.8300000000000001	2.21	-7.37	6.03	-1.31	-6.890000000000001	6.16
11:29:33.699852	-0.05	-10.16	1.22	-0.8	-10.97	0.6	1.8	-7.47	6.23	-1.3900000000000001	-3.11	6.23
11:29:33.709979	-0.05	-10.16	1.22	-0.71	-10.700000000000001	0.3	1.49	-6.97	5.54	4.91	-4.71	6.12
11:29:33.720088	0.16	-9.89	0.91	-0.63	-10.35	0.26	0.56	-6.99	5.25	1.25	-7.51	5.62
11:29:33.730223	0.18	-9.73	0.75	-0.61	-9.86	0.62	0.05	-6.69	5.23	-0.58	-10.25	3.87
11:29:33.740344	0.11	-9.57	0.53	-0.8300000000000001	-9.52	0.8300000000000001	-0.3	-6.68	5.5	0.98	-6.55	4.65
11:29:33.750458	0.07	-9.44	0.42	-0.28	-9.48	0.23	0.0	-6.37	5.93	0.73	-5.07	4.36
11:29:33.760640	0.14	-9.25	0.18	-0.81	-9.21	0.17	-0.1	-6.2	5.94	0.73	-5.07	4.36
11:29:33.771214	0.21	-9.15	0.16	-0.81	-8.13	-0.47000000000000003	-0.42	-6.5200000000000005	5.69	0.0	-9.23	2.44
11:29:33.781775	0.21	-9.1	0.19	-1.53	-7.86	-0.5	-0.58	-6.93	5.75	-1.44	-11.14	0.62
11:29:33.791895	-0.07	-8.98	0.41000000000000003	-1.55	-7.53	-0.62	-1.29	-7.3	6.37	-1.21	-11.3	-0.17
11:29:33.802087	-0.1	-8.96	0.55	-1.86	-7.4	-0.63	-1.25	-7.47	6.48	-0.8300000000000001	-11.71	-1.03
11:29:33.812749	-0.29	-8.98	0.6900000000000001	-2.38	-7.3100000000000005	-0.36	-1.37	-7.69	6.3	-0.8	-12.75	-1.9100000000000001
11:29:33.822862	-0.37	-8.88	0.78	-2.69	-7.24	-0.01	-1.35	-7.97	6.09	0.5700000000000001	-13.700000000000001	-3.58
11:29:33.832965	-0.49	-8.89	1.04	-2.8000000000000003	-7.32	-0.01	-0.39	-8.85	5.68	1.33	-13.84	-4.3100000000000005
11:29:33.843541	-0.45	-8.83	1.03	-2.5300000000000002	-7.16	-0.37	-0.05	-9.17	5.7	1.98	-13.84	-4.79
11:29:33.853711	-0.48	-8.8	0.97	-2.34	-7.0	-0.6900000000000001	0.05	-9.33	5.24	3.33	-14.59	-6.72
11:29:33.863783	-0.39	-8.74	0.9400000000000001	-2.19	-6.79	-0.85	0.12	-9.46	5.18	3.65	-14.48	-7.34
11:29:33.873856	-0.27	-8.57	0.67	-1.55	-6.87	-1.16	0.32	-9.38	5.08	3.5	-14.18	-7.68
11:29:33.883930	-0.18	-8.49	0.53	-0.77	-7.0200000000000005	-1.7	0.42	-9.290000000000001	4.96	3.29	-14.120000000000001	-7.8
11:29:33.894041	0.0	-8.36	0.2	-0.23	-7.0600000000000005	-2.1	0.3	-9.33	4.88	3.13	-14.3	-8.32
11:29:33.904129	0.02	-8.35	0.08	0.06	-7.15	-2.49	-0.4	-9.77	4.7700000000000005	2.97	-14.120000000000001	-8.700000000000001
11:29:33.914195	0.04	-8.45	0.06	0.41000000000000003	-7.390000000000001	-3.0100000000000002	-0.75	-10.1	4.89	3.27	-13.8	-8.81
11:29:33.924269	0.0	-8.59	0.07	0.59	-7.54	-3.38	-0.73	-10.120000000000001	4.5200000000000005	3.8000000000000003	-13.88	-9.22
11:29:33.934352	-0.08	-8.73	0.13	0.6900000000000001	-7.68	-3.54	-0.33	-9.83	4.18	3.47	-13.98	-9.84
11:29:33.944436	-0.22	-9.08	0.29	0.86	-7.8	-3.65	-0.09	-9.86	3.87	3.99	-14.66	-10.64
11:29:33.955095	-0.25	-9.25	0.38	1.05	-8.05	-3.67	-0.01	-9.83	3.58	3.47	-12.36	-11.48
11:29:33.965169	-0.25	-9.370000000000001	0.49	1.55	-8.75	-3.48	-0.12	-10.02	3.31	2.96	-13.41	-12.18
11:29:33.975285	-0.36	-9.83	0.73	1.72	-8.84	-3.61	-0.63	-10.290000000000001	2.92	3.3200000000000003	-12.8	-12.52
11:29:33.985374	-0.38	-9.99	0.78	1.67	-9.06	-3.77	-0.84	-10.22	2.58	3.19	-12.88	-12.88
11:29:33.995444	-0.4	-10.27	0.84	1.6300000000000001	-9.33	-4.0200000000000005	-0.9500000000000001	-10.13	2.22	3.0	-12.09	-13.14
11:29:34.005515	-0.49	-10.41	0.87	1.19	-9.85	-4.0	-1.0	-10.040000000000001	1.54	3.15	-12.13	-14.09
11:29:34.015589	-0.78	-10.96	0.96	0.8	-10.15	-4.0200000000000005	-1.1500000000000001	-9.47	1.2	2.86	-12.02	-14.280000000000001
11:29:34.025656	-0.97	-11.1	0.88	0.39	-10.44	-4.01	-1.03	-9.44	0.73	2.75	-12.05	-15.02
11:29:34.035729	-1.34	-11.49	0.93	0.09	-10.64	-3.9	-0.88	-8.97	0.6	2.39	-10.21	-15.26
11:29:34.045812	-1.3	-11.57	1.0	0.0	-11.11	-3.99	-0.04	-8.790000000000001	0.54	2.14	-9.76	-15.33
11:29:34.055913	-1.57	-12.22	0.98	-0.02	-11.07	-3.81	0.17	-8.91	0.58	2.0300000000000002	-9.86	-15.200000000000001
11:29:34.066033	-1.75	-12.46	0.9500000000000001	0.34	-11.19	-3.81	0.09	-8.98	0.81	1.6	-9.65	-14.84
11:29:34.076135	-2.0300000000000002	-12.49	0.9500000000000001	0.56	-11.290000000000001	-3.87	-0.23	-8.97	1.26	1.75	-10.42	-14.21
11:29:34.086208	-2.12	-12.36	0.89	0.77	-10.99	-4.19	-0.13	-8.92	1.5	2.66	-9.48	-13.98
11:29:34.096287	-2.14	-11.84	0.72	0.84	-10.67	-4.33	0.02	-8.870000000000001	1.6300000000000001	2.7800000000000002	-9.950000000000001	-13.790000000000001
11:29:34.106351	-1.98	-11.58	0.64	0.8	-10.22	-4.2	0.05	-8.81	2.0100000000000002	3.11	-9.84	-13.620000000000001
11:29:34.116428	-1.83	-11.22	0.53	0.77	-9.700000000000001	-3.8000000000000003	-0.28	-8.73	2.73	3.47	-8.69	-12.81
11:29:34.126496	-1.77	-10.77	0.44	0.56	-8.93	-3.67	-0.54	-8.700000000000001	3.0300000000000002	2.18	-6.37	-11.38
11:29:34.136565	-1.01	-10.06	0.33	0.52	-8.45	-3.52	-0.8	-9.48	2.43	1.23	-8.290000000000001	-4.12
11:29:34.146686	-0.21	-9.97	0.3	0.29	-8.13	-3.19	-0.59	-15.1	-5.87	0.13	-14.540000000000001	6.8100000000000005
11:29:34.156784	0.5	-10.42	0.05	-0.11	-8.71	-2.68	-1.02	-16.44	-8.290000000000001	9.200000000000001	-19.02	12.67
11:29:34.166955	0.91	-11.59	-0.9	-0.49	-11.9	-1.49	-0.77	-15.01	-4.12	10.02	-11.71	-4.58
11:29:34.177030	0.89	-11.89	-1.26	-0.87	-12.11	-0.68	0.55	-12.05	-1.29	6.8	-8.65	-8.4
11:29:34.187115	0.76	-12.05	-1.59	-0.6900000000000001	-12.0	-0.96	-0.73	-9.49	1.6400000000000001	-1.33	-8.33	-10.1
11:29:34.197230	0.71	-11.8	-1.72	-0.44	-10.96	-1.54	-2.06	-9.55	1.35	-0.19	-10.1	0.56
11:29:34.207379	0.63	-10.82	-1.12	-0.43	-10.700000000000001	-1.6400000000000001	-2.5300000000000002	-9.49	0.64	4.8500000000000005	-10.63	-0.39
11:29:34.217912	0.31	-10.11	-0.67	-0.5700000000000001	-10.48	-2.88	-0.8300000000000001	-9.15	1.7	4.17	-7.2700000000000005	-1.46
11:29:34.227985	0.1	-9.370000000000001	-0.13	-1.01	-9.52	-3.8000000000000003	0.45	-9.34	0.64	0.73	-10.16	-0.37
11:29:34.238093	0.04	-8.83	0.35000000000000003	-2.46	-7.44	-0.97	1.81	-9.49	0.11	1.75	-9.44	-1.8
11:29:34.248288	0.24	-8.42	1.05	-3.0500000000000003	-7.2700000000000005	0.34	2.67	-9.75	0.37	1.6500000000000001	-7.53	-1.04
11:29:34.258393	0.49	-8.41	1.24	-2.9	-7.66	0.38	0.8200000000000001	-10.78	0.38	0.29	-7.62	-1.9000000000000001
11:29:34.268495	0.6900000000000001	-8.49	1.28	-2.23	-8.0	0.52	0.8200000000000001	-10.78	0.38	1.44	-11.71	-2.79
11:29:34.278939	0.89	-8.68	1.11	0.01	-9.11	0.61	0.0	-9.69	0.67	1.25	-9.56	-1.78
11:29:34.289057	1.47	-9.01	0.6900000000000001	2.16	-9.93	0.53	0.51	-9.38	1.1300000000000001	-0.44	-8.73	-2.1
11:29:34.299187	1.75	-9.08	0.42	2.99	-10.03	0.5700000000000001	0.8	-10.040000000000001	0.85	-0.18	-9.14	-1.4000000000000001
11:29:34.309289	2.04	-9.19	0.19	2.88	-10.25	0.91	1.41	-10.05	1.1	1.9000000000000001	-8.69	-2.57
11:29:34.319943	2.17	-9.290000000000001	0.0	2.02	-9.76	1.3900000000000001	1.8	-10.06	-0.23	1.04	-8.11	-1.67
11:29:34.330091	1.92	-9.23	-0.31	1.25	-9.55	1.6600000000000001	1.82	-10.1	-0.45	1.18	-9.35	-1.74
11:29:34.340678	1.68	-9.290000000000001	-0.46	0.54	-9.46	1.55	1.6400000000000001	-10.1	-0.45	1.32	-9.82	-1.93
11:29:34.350790	1.49	-9.42	-0.7000000000000001	-0.21	-9.450000000000001	0.66	1.29	-9.700000000000001	0.65	1.2	-9.22	-2.94
11:29:34.360904	1.32	-9.52	-0.92	-0.23	-9.44	0.32	0.85	-9.78	0.88	1.06	-8.77	-3.0
11:29:34.371601	1.17	-9.5	-1.12	-0.42	-9.370000000000001	-0.11	0.6	-9.9	0.54	1.48	-9.78	-0.46
11:29:34.382045	1.1300000000000001	-9.55	-1.05	-0.91	-9.25	-0.31	0.45	-10.09	0.25	1.52	-9.5	-3.21
11:29:34.392463	0.9400000000000001	-9.61	-0.98	-1.68	-9.57	-0.75	0.62	-10.21	0.67	0.9400000000000001	-9.65	-2.84
11:29:34.402792	0.53	-9.82	-0.81	-1.75	-9.700000000000001	-0.44	0.6	-10.200000000000001	0.5700000000000001	1.07	-9.540000000000001	-3.59
11:29:34.412890	0.26	-9.82	-0.65	-1.62	-9.69	-0.31	0.53	-10.17	0.12	1.58	-9.92	-1.6500000000000001
11:29:34.422967	0.02	-9.72	-0.59	-1.43	-9.63	-0.23	0.96	-9.370000000000001	0.14	1.22	-9.65	-3.77
11:29:34.433533	-0.1	-9.56	-0.53	-1.03	-9.33	-0.18	1.23	-9.38	0.12	0.84	-9.21	-2.7
11:29:34.443701	-0.02	-9.200000000000001	-0.37	-0.65	-9.31	0.25	1.32	-9.540000000000001	-0.15	1.1500000000000001	-8.97	-2.49
11:29:34.453768	0.05	-9.040000000000001	-0.37	-0.23	-9.36	0.53	1.3900000000000001	-9.85	-0.46	1.68	-9.450000000000001	-2.31
11:29:34.463837	0.13	-8.950000000000001	-0.35000000000000003	0.16	-9.41	0.58	1.77	-9.72	-0.36	1.35	-9.18	-2.33
11:29:34.473910	0.21	-8.86	-0.36	0.72	-9.370000000000001	0.93	1.83	-9.41	-0.3	1.29	-9.38	-3.18
11:29:34.484021	0.21	-8.75	-0.52	1.0	-9.28	0.9400000000000001	1.69	-9.27	-0.23	1.23	-9.99	-0.68
11:29:34.494111	0.21	-8.75	-0.58	1.24	-9.290000000000001	0.85	1.16	-9.64	-0.42	1.4000000000000001	-9.56	-2.92
11:29:34.504249	0.11	-8.73	-0.51	1.5	-9.59	0.98	1.44	-9.56	-0.1	1.32	-9.36	-3.14
11:29:34.514518	0.11	-8.73	-0.51	1.76	-9.56	1.05	1.37	-9.4	0.08	1.06	-8.950000000000001	-3.99
11:29:34.524591	-0.2	-8.98	-0.46	1.46	-9.73	0.9500000000000001	0.96	-9.65	-0.14	2.07	-9.83	-0.61
11:29:34.535230	-0.22	-9.06	-0.31	1.18	-9.620000000000001	0.8300000000000001	0.89	-9.93	-0.28	1.98	-9.41	-3.44
11:29:34.545368	-0.31	-9.11	-0.24	0.48	-9.450000000000001	0.5	1.12	-9.48	-0.13	1.49	-9.19	-3.42
11:29:34.555423	-0.55	-9.24	0.03	0.46	-9.61	0.09	1.12	-9.26	-0.17	1.37	-9.08	-4.28
11:29:34.565498	-0.62	-9.22	0.11	0.28	-9.56	0.23	0.8300000000000001	-10.120000000000001	0.1	2.02	-9.9	-1.9100000000000001
11:29:34.575573	-0.65	-9.26	0.19	0.06	-9.59	0.06	0.97	-9.8	0.02	1.79	-9.48	-3.92
11:29:34.585645	-0.55	-9.35	0.35000000000000003	-0.44	-9.5	-0.11	0.88	-9.370000000000001	-0.46	1.34	-9.33	-3.16
11:29:34.595722	-0.51	-9.34	0.36	-0.64	-9.46	-0.12	0.85	-9.33	0.0	1.45	-9.14	-4.04
11:29:34.605820	-0.51	-9.33	0.33	-0.74	-9.41	0.06	0.86	-9.88	-0.02	1.19	-10.450000000000001	-2.7800000000000002
11:29:34.615888	-0.44	-9.28	0.23	-0.74	-9.56	0.0	1.25	-9.39	-0.42	0.89	-9.57	-4.28
11:29:34.625992	-0.34	-9.3	-0.02	-0.76	-9.49	0.22	1.18	-9.200000000000001	-0.11	1.17	-9.36	-3.49
11:29:34.636064	-0.24	-9.3	-0.14	-0.74	-9.620000000000001	0.6	0.43	-10.05	0.49	1.8900000000000001	-9.620000000000001	-0.58
11:29:34.646134	-0.17	-9.31	-0.31	-0.77	-9.61	0.89	0.15	-10.1	0.17	1.67	-10.32	-3.34
11:29:34.656275	-0.1	-9.36	-0.44	-0.75	-9.71	1.06	0.46	-9.43	0.35000000000000003	1.44	-9.47	-4.8100000000000005
11:29:34.666414	-0.08	-9.53	-0.67	-0.65	-9.6	1.51	0.67	-9.26	0.87	1.73	-9.16	-4.61
11:29:34.676512	-0.09	-9.6	-0.68	-0.55	-9.59	1.31	0.53	-10.290000000000001	0.63	2.19	-10.040000000000001	-1.25
11:29:34.686584	-0.14	-9.69	-0.65	-0.77	-9.64	1.21	0.78	-10.040000000000001	0.86	1.41	-10.42	-4.21
11:29:34.696653	-0.15	-9.870000000000001	-0.62	-0.72	-9.790000000000001	1.07	1.3	-9.700000000000001	1.18	1.3	-9.83	-4.12
11:29:34.706736	-0.19	-10.23	-0.47000000000000003	-1.09	-9.870000000000001	1.68	1.12	-10.32	1.6400000000000001	1.53	-10.03	-5.23
11:29:34.716801	-0.33	-10.35	-0.31	-1.1400000000000001	-9.950000000000001	1.36	0.56	-10.93	1.34	1.3900000000000001	-10.97	-1.8900000000000001
11:29:34.726911	-0.21	-10.13	-0.16	-1.23	-10.23	1.24	0.72	-10.74	1.87	0.61	-12.36	-5.17
11:29:34.737032	-0.4	-10.51	-0.13	-1.6	-10.58	1.3900000000000001	1.2	-10.82	2.82	-1.71	-12.48	-5.64
11:29:34.747129	-0.75	-10.77	0.04	-1.54	-10.620000000000001	1.72	0.63	-11.19	1.85	3.34	-10.18	-3.13
11:29:34.757251	-0.93	-10.73	0.09	-1.35	-10.39	0.96	-0.27	-11.120000000000001	2.1	4.3100000000000005	-10.17	-3.48
11:29:34.767321	-1.16	-10.81	0.17	-1.2	-10.19	0.98	0.14	-10.52	1.78	2.2	-10.43	-4.93
11:29:34.777692	-1.53	-11.040000000000001	0.37	-0.76	-10.18	1.7	0.0	-10.67	1.98	2.82	-10.49	-5.0600000000000005
11:29:34.787910	-1.73	-11.07	0.35000000000000003	-0.92	-10.52	1.71	-0.27	-10.88	1.56	5.36	-10.31	-3.89
11:29:34.797998	-1.8900000000000001	-11.07	0.39	-0.63	-10.59	1.1400000000000001	-0.72	-11.11	1.29	4.28	-9.72	-3.5100000000000002
11:29:34.808080	-2.08	-10.92	0.4	-0.73	-10.53	0.96	0.34	-10.4	1.45	3.17	-10.81	-5.47
11:29:34.818166	-2.05	-10.73	0.23	-0.6	-10.57	0.77	0.43	-10.47	1.71	2.94	-10.66	-5.58
11:29:34.828236	-1.98	-10.56	0.19	-0.42	-10.55	0.8	0.33	-10.790000000000001	1.09	2.48	-10.73	-3.0
11:29:34.838605	-1.8900000000000001	-10.39	0.14	-0.39	-10.39	0.59	0.22	-10.66	1.21	1.33	-10.55	-4.32
11:29:34.848713	-1.71	-10.28	0.12	-0.22	-10.31	0.62	0.75	-10.290000000000001	1.28	1.09	-11.43	-4.93
11:29:34.858923	-1.01	-10.41	0.21	-0.14	-10.26	0.8300000000000001	1.25	-10.59	1.0	1.51	-11.06	-4.83
11:29:34.869605	-0.33	-10.74	0.74	0.12	-10.58	0.85	1.68	-11.120000000000001	0.09	3.69	-10.84	-3.14
11:29:34.879774	0.24	-11.48	1.4000000000000001	0.36	-11.11	1.02	1.47	-11.3	-0.08	2.24	-11.34	-4.3100000000000005
11:29:34.889885	0.27	-12.15	1.99	0.44	-11.76	1.3	0.9	-10.99	-0.08	-0.79	-13.56	-3.88
11:29:34.900019	-0.53	-12.46	2.94	0.09	-11.870000000000001	1.37	0.35000000000000003	-10.49	0.09	1.27	-12.38	-5.68
11:29:34.910190	-1.45	-12.02	2.89	-0.28	-11.790000000000001	1.43	-0.61	-10.99	-0.21	2.5	-12.780000000000001	-2.0300000000000002
11:29:34.920790	-2.31	-11.450000000000001	2.5500000000000003	-0.58	-11.620000000000001	1.2	-0.74	-11.21	-1.74	1.62	-12.56	-2.58
11:29:34.930999	-2.5100000000000002	-10.89	2.0100000000000002	-1.35	-11.040000000000001	0.19	-1.23	-10.59	-1.27	-0.34	-14.0	-3.96
11:29:34.941127	-0.55	-9.72	0.21	-1.57	-10.71	-0.46	-1.49	-10.32	-1.28	-0.28	-13.41	-1.19
11:29:34.951753	1.1	-9.13	-0.54	-1.7	-10.41	-0.93	-1.21	-11.120000000000001	-1.3900000000000001	-0.27	-12.99	-1.54
11:29:34.961877	2.64	-8.73	-1.16	-1.69	-10.290000000000001	-1.22	-1.0	-11.200000000000001	-0.84	-0.32	-15.16	-1.55
11:29:34.972443	3.21	-8.85	-2.23	-1.6500000000000001	-9.89	-1.28	-1.03	-11.15	-1.36	-0.41000000000000003	-16.96	-1.1
11:29:34.982680	2.5500000000000003	-9.0	-2.39	-1.73	-9.48	-1.52	-1.37	-11.28	-2.95	0.73	-16.830000000000002	1.2
11:29:34.992795	2.23	-9.13	-2.21	-1.79	-9.06	-1.67	0.45	-12.18	-4.38	2.62	-15.32	0.55
11:29:35.002908	2.2800000000000002	-9.21	-1.94	-1.81	-8.76	-1.41	1.56	-12.4	-4.0600000000000005	3.95	-13.74	-1.22
11:29:35.013526	2.63	-9.16	-1.28	-2.08	-8.72	-0.21	2.31	-11.06	-2.37	5.91	-12.23	-9.63
11:29:35.023596	2.68	-9.05	-0.8300000000000001	-1.92	-9.06	-0.05	2.6	-9.49	1.8800000000000001	6.05	-9.94	-7.86
11:29:35.033669	2.52	-8.92	-0.31	-2.63	-9.44	-0.03	1.83	-10.03	3.59	5.67	-9.94	-7.45
11:29:35.043736	2.15	-8.790000000000001	0.08	-2.94	-9.9	-0.2	0.88	-10.65	5.73	0.96	-9.81	-2.68
11:29:35.053851	1.33	-8.73	0.8300000000000001	-2.89	-10.84	0.89	0.33	-11.9	5.99	-2.57	-6.49	0.5
11:29:35.063930	0.98	-8.75	1.06	-2.31	-11.23	1.48	0.88	-12.14	5.0200000000000005	-7.87	-2.4	6.4
11:29:35.074002	0.74	-8.86	1.31	-2.02	-12.08	1.59	1.2	-11.28	6.8	-10.43	1.75	10.63
11:29:35.084071	0.55	-9.05	1.3800000000000001	-2.41	-12.27	1.9100000000000001	1.27	-10.19	8.13	0.66	-3.61	7.75
11:29:35.094140	0.28	-9.61	1.41	-1.85	-12.52	1.62	1.03	-9.75	4.82	4.61	-6.65	6.68
11:29:35.104230	0.15	-9.74	1.2	-1.62	-12.120000000000001	1.31	0.88	-9.82	3.5100000000000002	4.22	-9.17	4.0
11:29:35.114311	0.28	-9.88	1.16	-1.05	-11.93	1.1400000000000001	0.91	-9.58	3.69	2.23	-9.11	4.32
11:29:35.124440	0.25	-10.03	1.03	-0.99	-11.73	0.75	1.1	-8.620000000000001	4.61	-0.05	-3.5500000000000003	6.96
11:29:35.134507	0.26	-10.34	0.81	-0.59	-11.09	0.34	1.06	-6.97	5.61	2.0300000000000002	-1.9100000000000001	7.5200000000000005
11:29:35.144581	0.23	-10.36	0.71	-0.55	-10.78	0.06	1.04	-6.91	5.54	4.12	-3.47	6.33
11:29:35.154656	0.22	-10.31	0.64	-0.7000000000000001	-10.68	0.12	0.72	-6.9	5.5600000000000005	2.08	-6.75	4.75
11:29:35.164736	0.23	-9.97	0.42	-0.85	-10.23	0.12	0.35000000000000003	-6.58	4.89	-0.15	-7.2	4.48
11:29:35.174801	0.17	-9.75	0.34	-0.87	-9.33	0.23	0.33	-6.4	5.37	-0.38	-8.14	3.81
11:29:35.184904	0.17	-9.55	0.31	-0.92	-8.94	0.28	0.0	-6.0200000000000005	6.07	0.72	-7.42	4.36
11:29:35.194977	0.06	-9.35	0.3	-1.26	-8.63	0.26	-0.2	-5.92	5.83	0.46	-7.33	3.86
11:29:35.205058	-0.23	-9.15	0.48	-1.6500000000000001	-8.03	-0.38	-0.37	-6.16	5.63	-0.62	-8.870000000000001	3.09
11:29:35.215131	-0.28	-9.06	0.61	-1.8	-7.7	-0.39	-0.73	-6.17	6.25	-0.98	-9.8	2.11
11:29:35.225243	-0.2	-8.93	0.8200000000000001	-1.8900000000000001	-7.53	-0.59	-1.05	-6.51	5.97	-0.78	-10.31	1.43
11:29:35.235333	-0.16	-8.81	0.99	-1.95	-7.34	-0.58	-1.28	-7.34	6.16	0.43	-12.84	-1.16
11:29:35.245469	-0.13	-8.69	0.96	-2.19	-7.04	-0.04	-1.25	-7.59	5.98	0.9	-13.26	-2.25
11:29:35.255571	-0.1	-8.66	0.9400000000000001	-2.15	-7.21	0.13	-1.47	-8.02	5.62	1.53	-13.370000000000001	-3.14
11:29:35.265649	-0.12	-8.69	0.88	-2.22	-7.18	0.24	-1.56	-8.22	5.9	2.04	-13.620000000000001	-3.88
11:29:35.275767	-0.06	-8.61	0.66	-2.23	-7.15	0.08	-1.08	-8.4	6.05	2.97	-14.18	-4.59
11:29:35.286484	0.02	-8.65	0.44	-2.05	-6.78	-0.42	-0.76	-8.91	5.63	3.0	-14.790000000000001	-5.1000000000000005
11:29:35.296558	0.12	-8.69	0.24	-1.94	-6.76	-0.86	-0.37	-9.44	5.3100000000000005	2.92	-15.27	-6.08
11:29:35.306630	0.2	-8.72	0.04	-1.75	-6.74	-1.29	0.38	-9.88	5.25	3.0500000000000003	-15.65	-7.87
11:29:35.316779	0.11	-8.81	-0.2	-1.3800000000000001	-6.84	-1.69	0.62	-9.94	4.97	3.27	-15.18	-8.21
11:29:35.326848	0.03	-8.81	-0.22	-0.62	-7.48	-2.57	0.49	-9.69	5.03	3.43	-15.13	-8.53
11:29:35.336930	-0.01	-8.82	-0.13	-0.15	-7.67	-2.98	0.19	-9.66	4.92	3.83	-14.950000000000001	-8.59
11:29:35.347020	-0.17	-8.88	0.2	0.25	-7.88	-3.14	-0.58	-10.3	4.79	4.34	-15.25	-8.53
11:29:35.357087	-0.27	-8.98	0.38	0.52	-7.86	-3.34	-1.04	-10.84	4.75	4.33	-15.44	-9.34
11:29:35.367535	-0.37	-9.11	0.64	0.8200000000000001	-8.0	-3.12	-1.18	-10.98	4.3500000000000005	4.2	-15.08	-9.9
11:29:35.378179	-0.42	-9.17	0.86	1.0	-8.120000000000001	-3.09	-0.8200000000000001	-10.24	3.97	4.4	-15.49	-10.22
11:29:35.388285	-0.52	-9.44	1.07	1.19	-8.27	-3.08	-0.53	-9.63	3.64	3.83	-12.65	-11.47
11:29:35.398405	-0.54	-9.55	1.2	1.42	-8.46	-2.99	-0.15	-9.870000000000001	3.02	3.43	-11.450000000000001	-12.700000000000001
11:29:35.408532	-0.48	-9.71	1.29	1.54	-8.63	-2.82	0.25	-9.790000000000001	2.95	3.27	-11.61	-12.3
11:29:35.418707	-0.42	-9.91	1.24	1.36	-8.870000000000001	-3.0100000000000002	0.35000000000000003	-10.23	2.42	3.15	-11.96	-13.05
11:29:35.429060	-0.43	-10.21	1.1500000000000001	1.69	-9.24	-3.69	0.12	-10.28	2.06	2.8000000000000003	-11.85	-13.93
11:29:35.439357	-0.43	-10.36	1.02	1.62	-9.64	-4.09	-0.5	-9.27	1.03	2.43	-12.25	-14.5
11:29:35.449453	-0.47000000000000003	-10.51	0.9500000000000001	1.2	-10.120000000000001	-4.41	-0.85	-8.92	1.18	2.36	-11.93	-15.620000000000001
11:29:35.459582	-0.55	-10.65	0.87	0.71	-10.44	-4.44	-0.9500000000000001	-8.72	1.02	1.07	-9.86	-15.6
11:29:35.469723	-0.71	-11.03	0.63	0.71	-10.44	-4.44	-1.1400000000000001	-8.24	0.84	1.07	-9.94	-15.99
11:29:35.480235	-0.76	-11.19	0.49	0.51	-10.67	-4.26	-0.9400000000000001	-8.65	0.5	1.1400000000000001	-10.15	-16.23
11:29:35.490313	-0.87	-11.41	0.39	0.66	-11.4	-3.81	-0.78	-8.63	0.55	1.26	-10.15	-16.35
11:29:35.500386	-0.86	-11.540000000000001	0.36	0.59	-11.47	-3.92	-0.55	-8.5	0.6900000000000001	1.1500000000000001	-9.39	-15.860000000000001
11:29:35.510457	-1.1500000000000001	-11.59	0.3	0.59	-11.47	-3.92	-0.02	-8.36	0.96	1.31	-8.96	-15.19
11:29:35.520569	-1.25	-11.5	0.34	0.28	-10.6	-4.28	0.26	-8.55	1.08	2.5300000000000002	-11.290000000000001	-14.44
11:29:35.530672	-1.35	-11.38	0.41000000000000003	0.26	-10.19	-3.97	0.39	-8.86	1.17	3.22	-10.97	-15.44
11:29:35.540812	-1.42	-10.97	0.53	0.29	-9.73	-3.66	0.43	-8.99	1.46	3.24	-9.8	-13.39
11:29:35.551307	-1.45	-10.64	0.56	0.29	-8.78	-3.11	0.05	-8.86	2.15	4.23	-8.81	-13.52
11:29:35.561400	-1.22	-10.5	0.63	0.4	-8.540000000000001	-2.9	-0.31	-9.02	2.45	1.37	-14.88	5.1000000000000005
11:29:35.571734	-0.89	-10.36	0.62	0.3	-8.78	-2.54	-0.68	-10.81	0.74	2.82	-22.19	18.900000000000002
11:29:35.582327	0.23	-11.5	0.01	0.2	-10.32	-2.07	-1.59	-16.89	-8.11	9.82	-20.63	13.57
11:29:35.592394	0.27	-12.34	-0.52	-0.39	-12.18	-1.07	-2.13	-16.28	-6.11	10.81	-12.05	-5.12
11:29:35.602556	0.37	-12.64	-1.0	-0.51	-11.59	-0.87	-0.77	-13.15	-1.29	-1.1300000000000001	-8.26	-10.31
11:29:35.612623	0.56	-12.67	-1.3900000000000001	-0.3	-11.18	-1.4000000000000001	0.07	-10.59	-0.04	-6.51	-8.5	-6.46
11:29:35.622703	0.6900000000000001	-11.63	-1.72	-0.38	-10.620000000000001	-1.2	-2.06	-9.24	2.8000000000000003	-2.05	-9.5	-2.36
11:29:35.632773	0.73	-10.81	-1.36	-0.5700000000000001	-10.43	-2.0	-2.81	-9.3	1.93	3.14	-9.53	0.6900000000000001
11:29:35.643406	0.75	-10.06	-0.91	-1.02	-10.02	-3.21	-2.59	-9.200000000000001	1.74	2.22	-7.63	-0.1
11:29:35.653843	0.64	-9.41	-0.48	-1.67	-9.07	-3.25	0.78	-9.47	1.1300000000000001	1.1400000000000001	-8.71	-3.08
11:29:35.664025	0.24	-8.69	0.56	-2.46	-8.13	-2.0100000000000002	3.06	-9.27	1.1	-0.39	-8.19	-3.8000000000000003
11:29:35.674142	0.29	-8.790000000000001	0.98	-3.12	-8.46	0.03	4.94	-10.040000000000001	1.1400000000000001	0.05	-9.81	1.67
11:29:35.684683	0.34	-9.07	1.1300000000000001	-2.4	-8.5	0.28	5.07	-11.120000000000001	0.85	1.8800000000000001	-10.21	-3.0700000000000003
11:29:35.694755	0.38	-9.27	1.09	-1.31	-8.040000000000001	0.54	1.07	-10.49	1.11	2.46	-10.89	-3.93
11:29:35.704831	0.75	-9.38	0.87	-0.45	-7.66	1.42	-0.49	-8.97	1.28	1.43	-9.870000000000001	-3.1
11:29:35.714972	0.98	-9.33	0.76	0.9500000000000001	-9.09	1.6500000000000001	-2.0	-8.99	1.23	0.48	-9.69	1.43
11:29:35.725053	1.24	-9.21	0.5700000000000001	1.8	-10.1	1.03	-2.0300000000000002	-9.34	1.05	1.98	-9.6	-3.21
11:29:35.735125	1.77	-8.73	0.13	2.74	-10.72	0.23	-0.63	-9.120000000000001	1.35	1.94	-8.24	-2.7600000000000002
11:29:35.745194	2.07	-8.700000000000001	0.02	2.96	-10.48	0.19	0.8300000000000001	-9.32	1.3800000000000001	1.1	-8.0	-2.64
11:29:35.755264	2.21	-8.77	-0.15	1.55	-9.77	0.6900000000000001	1.45	-9.99	0.92	2.74	-10.56	0.26
11:29:35.765338	2.13	-8.950000000000001	-0.37	0.6900000000000001	-9.75	0.79	1.9100000000000001	-10.59	-1.3800000000000001	2.35	-10.93	-4.59
11:29:35.775417	1.74	-9.540000000000001	-0.91	0.14	-9.76	0.78	1.8800000000000001	-10.18	-0.6	1.57	-9.82	-3.13
11:29:35.785488	1.58	-9.65	-1.12	-0.08	-9.59	0.5700000000000001	1.85	-9.83	0.47000000000000003	1.07	-8.69	-3.33
11:29:35.795564	1.47	-9.57	-1.25	-0.33	-9.17	0.12	1.31	-9.36	0.54	1.07	-9.4	-0.61
11:29:35.805678	1.43	-9.55	-1.16	-0.52	-9.15	-0.29	1.05	-9.58	0.21	1.26	-9.44	-3.5300000000000002
11:29:35.815755	1.22	-9.47	-1.0	-0.93	-9.540000000000001	-1.03	0.97	-9.84	0.58	0.89	-9.46	-3.33
11:29:35.825876	0.91	-9.540000000000001	-0.89	-1.43	-9.19	-0.77	1.12	-10.16	0.93	0.7000000000000001	-10.6	-1.45
11:29:35.836005	0.32	-9.57	-0.64	-1.45	-9.53	-0.23	0.73	-10.32	0.51	1.55	-10.67	-2.81
11:29:35.846072	0.32	-9.57	-0.64	-1.2	-9.69	-0.09	0.48	-10.21	0.36	1.32	-9.35	-3.7600000000000002
11:29:35.856185	-0.07	-9.28	-0.43	-0.96	-9.52	-0.17	0.79	-9.83	0.65	1.29	-8.67	-3.0300000000000002
11:29:35.866272	-0.02	-9.18	-0.34	-0.46	-9.290000000000001	0.11	1.36	-9.24	0.63	1.52	-9.74	-0.9500000000000001
11:29:35.876347	0.03	-9.09	-0.3	-0.03	-9.52	0.31	1.3	-9.6	0.45	1.81	-9.290000000000001	-2.66
11:29:35.886476	0.16	-9.0	-0.29	0.36	-9.68	0.37	1.24	-9.97	0.41000000000000003	1.7	-8.77	-3.34
11:29:35.896568	0.25	-9.01	-0.3	0.65	-9.700000000000001	0.47000000000000003	1.29	-9.94	0.61	1.6600000000000001	-8.73	-3.5
11:29:35.906641	0.26	-8.93	-0.31	0.9400000000000001	-9.34	0.79	0.51	-9.59	1.1300000000000001	1.81	-9.63	-1.6600000000000001
11:29:35.916742	0.2	-9.0	-0.33	0.96	-9.52	0.78	-0.16	-9.78	1.05	1.55	-9.44	-3.69
11:29:35.926874	0.1	-9.08	-0.34	1.05	-9.67	0.66	-0.17	-9.8	1.0	1.44	-9.370000000000001	-3.29
11:29:35.936944	-0.06	-9.19	-0.3	1.06	-9.73	0.6	0.62	-9.61	0.81	1.57	-9.43	-1.07
11:29:35.947548	-0.15	-9.290000000000001	-0.31	1.0	-9.55	0.79	0.56	-9.92	0.77	1.77	-9.73	-1.85
11:29:35.957669	-0.31	-9.32	-0.23	0.6900000000000001	-9.64	0.56	0.6	-10.15	0.01	1.83	-9.24	-3.97
11:29:35.968013	-0.4	-9.4	-0.17	0.68	-9.48	0.61	1.27	-9.42	-0.14	1.61	-9.07	-3.86
11:29:35.978099	-0.44	-9.41	-0.12	0.63	-9.43	0.33	1.32	-9.36	0.31	2.14	-9.540000000000001	-0.73
11:29:35.988259	-0.43	-9.4	-0.11	-0.01	-9.540000000000001	0.27	1.12	-10.040000000000001	-0.1	1.98	-9.97	-3.0100000000000002
11:29:35.998754	-0.36	-9.38	-0.04	-0.11	-9.700000000000001	0.09	1.12	-10.040000000000001	-0.1	1.58	-9.120000000000001	-3.9
11:29:36.008852	-0.35000000000000003	-9.32	-0.04	-0.18	-9.77	0.09	0.64	-9.63	0.13	1.48	-9.33	-3.68
11:29:36.018932	-0.26	-9.24	-0.02	-0.61	-9.56	0.11	0.05	-9.700000000000001	0.77	1.83	-9.450000000000001	-0.45
11:29:36.029050	-0.13	-9.11	-0.03	-0.76	-9.57	-0.02	-0.02	-10.14	0.17	1.83	-9.91	-3.5300000000000002
11:29:36.039171	0.01	-9.07	-0.07	-0.8300000000000001	-9.58	0.02	0.6	-9.35	1.07	1.82	-9.200000000000001	-4.3500000000000005
11:29:36.049288	0.02	-9.06	-0.09	-0.89	-9.5	0.12	0.45	-9.39	1.93	1.68	-9.3	-4.72
11:29:36.059628	0.02	-9.040000000000001	-0.11	-1.11	-9.48	0.37	0.03	-10.16	1.18	2.09	-9.48	-1.17
11:29:36.069740	0.05	-9.03	-0.13	-1.04	-9.67	0.51	0.43	-9.83	1.1	2.13	-9.91	-3.85
11:29:36.080186	0.02	-9.22	-0.27	-1.1500000000000001	-9.75	0.56	0.54	-9.64	1.6300000000000001	1.6400000000000001	-9.56	-3.99
11:29:36.090563	-0.03	-9.3	-0.29	-1.2	-9.700000000000001	0.97	0.44	-9.82	1.82	1.6600000000000001	-9.38	-3.29
11:29:36.100842	-0.08	-9.39	-0.37	-1.21	-9.72	1.24	0.23	-10.33	1.44	2.27	-9.9	-2.06
11:29:36.111154	-0.15	-9.51	-0.39	-0.9	-10.040000000000001	1.25	0.68	-9.97	1.1	2.08	-10.040000000000001	-4.43
11:29:36.121518	-0.15	-9.82	-0.34	-1.01	-9.93	1.26	0.6900000000000001	-10.01	1.54	1.56	-10.17	-3.91
11:29:36.131961	-0.17	-9.99	-0.26	-1.01	-9.92	1.1500000000000001	0.9500000000000001	-10.16	1.29	2.06	-11.89	-3.73
11:29:36.142479	-0.17	-10.18	-0.15	-0.87	-10.57	0.52	0.9	-10.76	1.51	-0.19	-10.84	-5.21
11:29:36.153136	-0.29	-10.700000000000001	0.12	-0.9400000000000001	-10.8	0.79	1.33	-10.66	1.2	0.6900000000000001	-10.01	-3.31
11:29:36.163660	-0.51	-11.0	0.24	-1.09	-10.790000000000001	0.98	0.66	-10.91	1.77	3.25	-10.69	-3.37
11:29:36.174136	-0.92	-11.18	0.35000000000000003	-1.09	-10.65	0.67	-0.49	-11.31	1.1500000000000001	1.94	-10.53	-3.94
11:29:36.184236	-1.1300000000000001	-11.040000000000001	0.48	-0.9400000000000001	-10.65	0.86	-0.12	-10.84	0.84	3.0300000000000002	-10.8	-5.44
11:29:36.194530	-1.62	-11.33	0.56	-0.63	-10.68	1.0	-0.11	-10.59	0.8300000000000001	4.67	-10.16	-5.41
11:29:36.204606	-1.85	-11.3	0.59	-0.56	-10.77	1.04	-0.24	-10.71	1.1500000000000001	4.54	-10.200000000000001	-2.65
11:29:36.214678	-2.0100000000000002	-11.26	0.5700000000000001	-1.04	-10.83	0.49	-0.51	-11.16	0.59	3.91	-10.540000000000001	-5.09
11:29:36.224755	-2.05	-11.15	0.6	-0.48	-10.73	0.78	0.05	-10.5	0.4	3.62	-11.200000000000001	-5.8500000000000005
11:29:36.234822	-2.08	-10.92	0.55	-0.35000000000000003	-10.69	0.45	0.06	-10.42	0.87	3.24	-10.93	-4.74
11:29:36.245328	-2.04	-10.74	0.44	-0.31	-10.63	0.22	0.05	-10.75	0.42	2.56	-10.73	-2.56
11:29:36.255446	-1.8900000000000001	-10.53	0.41000000000000003	-0.14	-10.370000000000001	0.28	0.0	-10.69	0.47000000000000003	1.56	-10.81	-4.99
11:29:36.265518	-1.84	-10.33	0.33	-0.09	-10.43	0.18	0.63	-10.08	0.14	1.26	-11.57	-5.38
11:29:36.275598	-1.55	-10.02	0.18	-0.36	-10.25	0.43	0.48	-9.99	0.62	1.26	-11.57	-5.38
11:29:36.286028	-1.23	-9.950000000000001	0.19	-0.18	-10.200000000000001	0.32	0.58	-10.75	-0.12	2.46	-11.120000000000001	-1.73
11:29:36.296103	-0.73	-9.99	0.35000000000000003	0.37	-10.83	0.55	1.19	-10.85	-0.64	2.85	-11.33	-5.65
11:29:36.306176	0.49	-11.23	1.34	0.59	-11.55	0.61	1.8	-10.52	-0.74	2.16	-12.72	-5.43
11:29:36.316267	-0.26	-11.97	2.35	0.71	-11.68	0.5700000000000001	0.51	-11.28	-0.6900000000000001	-1.05	-12.74	-2.98
11:29:36.326389	-0.91	-11.97	2.72	0.55	-11.44	0.4	0.03	-11.120000000000001	-1.1400000000000001	0.9400000000000001	-12.16	-3.06
11:29:36.336926	-2.33	-11.450000000000001	2.47	0.14	-11.48	0.56	-0.81	-10.86	-1.07	2.39	-13.38	-4.3100000000000005
11:29:36.347296	-2.42	-10.96	2.0	-0.24	-11.35	0.51	-0.98	-10.85	-1.52	-0.16	-13.55	-4.14
11:29:36.357416	-1.59	-10.35	1.31	-0.65	-11.05	0.13	-1.58	-10.93	-1.86	-0.89	-14.08	-1.77
11:29:36.367537	-0.03	-9.74	0.66	-0.99	-10.78	-0.32	-1.6300000000000001	-11.22	-1.6500000000000001	-0.77	-14.700000000000001	0.04
11:29:36.377636	2.91	-8.68	-0.65	-1.37	-10.33	-1.1500000000000001	-1.9000000000000001	-11.55	-1.35	-0.45	-14.59	-2.37
11:29:36.387699	3.5700000000000003	-8.43	-1.19	-1.52	-10.13	-1.3800000000000001	-1.32	-11.450000000000001	-2.27	0.9	-17.96	-0.8300000000000001
11:29:36.397768	3.38	-8.27	-1.59	-1.75	-9.86	-1.57	-1.3	-12.36	-3.3000000000000003	1.6	-17.78	0.51
11:29:36.407835	3.0300000000000002	-8.19	-1.72	-2.02	-9.450000000000001	-1.6400000000000001	0.0	-13.040000000000001	-4.36	4.11	-16.2	1.34
11:29:36.417903	2.49	-8.2	-1.69	-1.8900000000000001	-8.65	-1.23	1.55	-13.4	-4.5600000000000005	4.9	-14.25	-1.24
11:29:36.428040	2.49	-8.25	-1.49	-1.8900000000000001	-8.620000000000001	-0.72	2.65	-10.66	-0.48	5.5	-9.97	-9.66
11:29:36.438161	2.5	-8.35	-1.18	-1.82	-8.75	-0.49	3.0700000000000003	-9.32	0.89	6.32	-7.3500000000000005	-9.21
11:29:36.448234	2.37	-8.45	-0.85	-2.64	-9.14	-0.3	2.87	-9.040000000000001	2.47	5.82	-9.81	-8.13
11:29:36.458319	1.55	-9.05	0.07	-2.47	-9.9	-0.09	1.48	-11.83	6.8100000000000005	-0.07	-7.45	-1.09
11:29:36.468642	1.17	-9.450000000000001	0.6	-2.59	-10.64	0.7000000000000001	1.48	-11.83	6.8100000000000005	-6.05	-3.04	4.03
11:29:36.478716	0.8300000000000001	-9.88	1.1500000000000001	-2.44	-11.52	0.9500000000000001	1.06	-10.59	8.03	-10.76	1.22	10.27
11:29:36.488868	0.66	-10.26	1.6	-2.98	-12.24	1.68	0.36	-9.78	6.12	-11.76	2.06	11.33
11:29:36.499241	0.21	-10.61	2.02	-2.33	-13.33	2.06	0.7000000000000001	-10.31	3.3000000000000003	2.86	-7.0200000000000005	8.17
11:29:36.509336	0.02	-10.59	1.9100000000000001	-2.5	-13.11	2.02	0.5700000000000001	-10.27	2.9	5.98	-10.39	4.74
11:29:36.519433	-0.09	-10.370000000000001	1.6400000000000001	-2.54	-12.450000000000001	1.9100000000000001	0.84	-8.45	4.5200000000000005	4.04	-10.07	3.97
11:29:36.529510	0.07	-10.1	1.11	-2.1	-11.870000000000001	1.25	0.98	-7.59	4.96	1.1300000000000001	-6.9	6.22
11:29:36.540140	0.23	-10.02	0.9500000000000001	-1.45	-11.08	0.73	0.98	-7.21	5.42	1.6500000000000001	-2.04	7.2
11:29:36.550211	0.32	-9.82	0.67	-0.88	-10.39	0.09	0.81	-7.3100000000000005	5.23	4.2	-1.85	7.2700000000000005
11:29:36.560286	0.36	-9.75	0.47000000000000003	-0.75	-9.97	0.23	0.39	-6.640000000000001	5.04	5.15	-4.21	5.84
11:29:36.570499	0.25	-9.49	0.1	-0.75	-9.97	0.23	0.45	-6.640000000000001	4.83	2.0100000000000002	-7.25	5.01
11:29:36.580604	0.19	-9.36	-0.03	-0.86	-9.63	0.18	0.27	-6.54	5.15	2.0100000000000002	-7.25	5.01
11:29:36.590730	0.19	-9.21	-0.09	-0.92	-9.41	0.28	-0.34	-6.18	5.5200000000000005	2.0100000000000002	-7.25	5.01
11:29:36.601208	0.22	-9.11	-0.1	-0.92	-9.040000000000001	0.18	-0.22	-6.48	5.7	-0.39	-6.8	4.33
11:29:36.611607	0.15	-8.92	0.05	-1.4000000000000001	-8.290000000000001	-0.36	-0.31	-6.3500000000000005	6.09	-0.54	-9.48	2.77
11:29:36.621696	0.07	-8.88	0.21	-1.69	-7.97	-0.26	-0.77	-6.72	5.71	-1.29	-11.49	0.55
11:29:36.631825	0.02	-8.81	0.34	-1.75	-7.83	-0.48	-1.7	-7.74	5.33	-1.29	-11.49	0.55
11:29:36.642026	-0.06	-8.81	0.5	-2.05	-7.36	-0.22	-1.8	-7.86	6.34	-0.71	-12.530000000000001	-1.06
11:29:36.652098	-0.17	-8.71	0.75	-2.57	-7.5200000000000005	-0.03	-1.95	-7.96	6.5600000000000005	0.65	-12.950000000000001	-3.42
11:29:36.662199	-0.08	-8.65	0.86	-2.65	-7.43	0.03	-2.19	-8.700000000000001	5.8500000000000005	1.42	-13.86	-4.23
11:29:36.672315	-0.07	-8.72	0.89	-2.91	-7.4	0.08	-1.43	-9.17	5.58	1.95	-14.41	-4.98
11:29:36.682474	0.0	-8.700000000000001	0.88	-2.65	-7.43	-0.52	-0.66	-9.450000000000001	5.58	2.98	-14.01	-6.12
11:29:36.692588	0.0	-8.74	0.76	-2.41	-7.43	-0.92	0.01	-9.65	5.53	3.75	-14.16	-6.99
11:29:36.703007	0.0	-8.72	0.58	-2.06	-7.49	-1.29	0.55	-9.51	5.21	4.14	-14.42	-7.43
11:29:36.713107	0.11	-8.75	0.41000000000000003	-1.6600000000000001	-7.53	-1.59	0.42	-9.59	4.64	4.5200000000000005	-14.540000000000001	-7.65
11:29:36.723277	0.29	-8.74	0.04	-0.62	-7.73	-2.3000000000000003	0.45	-9.74	4.49	4.7700000000000005	-13.9	-8.44
11:29:36.733767	0.3	-8.71	-0.06	-0.22	-7.74	-2.62	-0.02	-9.27	4.66	4.47	-12.99	-7.83
11:29:36.744068	0.33	-8.72	-0.13	0.21	-7.79	-2.92	-0.42	-9.38	4.8	4.14	-12.59	-7.26
11:29:36.754136	0.33	-8.82	-0.05	0.49	-7.68	-3.16	-0.65	-9.33	4.94	3.75	-13.620000000000001	-7.8
11:29:36.764208	0.05	-9.040000000000001	0.12	0.75	-7.5200000000000005	-3.73	-0.8300000000000001	-9.83	4.7	3.75	-13.620000000000001	-7.8
11:29:36.774325	-0.1	-9.120000000000001	0.29	0.89	-7.46	-3.74	-0.49	-10.36	4.47	4.39	-13.27	-8.2
11:29:36.784426	-0.28	-9.24	0.53	0.8200000000000001	-7.3500000000000005	-3.5	-0.36	-10.31	4.08	4.58	-13.33	-8.52
11:29:36.794497	-0.4	-9.32	0.72	0.9	-7.4	-3.36	-0.33	-10.26	3.75	4.58	-13.33	-8.52
11:29:36.804571	-0.67	-9.53	1.09	1.05	-7.74	-2.93	-0.41000000000000003	-10.22	3.2	4.57	-13.32	-9.88
11:29:36.814936	-0.75	-9.57	1.2	1.2	-7.97	-2.83	-0.58	-10.19	2.92	4.47	-13.23	-10.59
11:29:36.825034	-0.84	-9.71	1.41	1.2	-8.17	-2.75	-0.74	-10.13	2.58	4.28	-12.620000000000001	-11.27
11:29:36.835493	-0.84	-9.71	1.41	1.11	-8.35	-2.81	-0.81	-10.02	2.43	3.74	-11.82	-12.52
11:29:36.845978	-0.8	-10.18	1.48	0.98	-9.07	-3.63	-0.86	-9.85	2.06	3.6	-11.58	-13.19
11:29:36.856054	-0.8	-10.450000000000001	1.34	1.01	-9.34	-3.88	-0.91	-9.700000000000001	1.68	3.19	-11.47	-13.85
11:29:36.866145	-0.88	-10.63	1.26	0.75	-9.76	-3.85	-1.02	-9.44	1.56	3.19	-11.47	-13.85
11:29:36.876574	-0.88	-10.63	1.26	0.68	-10.120000000000001	-4.0600000000000005	-1.16	-9.06	1.5	0.86	-11.120000000000001	-15.46
11:29:36.886656	-1.19	-11.59	0.9400000000000001	0.56	-11.16	-4.5600000000000005	-1.17	-8.82	1.1300000000000001	0.66	-10.81	-16.06
11:29:36.896725	-1.3	-11.83	0.8	0.49	-11.52	-4.74	-1.22	-8.700000000000001	0.89	0.6900000000000001	-10.22	-16.330000000000002
11:29:36.906796	-1.69	-12.07	0.58	0.47000000000000003	-11.61	-4.79	-1.07	-8.59	0.92	0.67	-10.01	-16.36
11:29:36.916870	-1.78	-11.96	0.52	0.7000000000000001	-11.27	-4.78	-0.26	-8.36	0.89	0.85	-9.89	-16.2
11:29:36.926977	-1.73	-11.67	0.43	0.65	-11.19	-4.6000000000000005	0.0	-8.31	0.79	0.79	-9.46	-15.620000000000001
11:29:36.937057	-1.73	-11.48	0.37	0.48	-10.89	-4.58	0.17	-8.15	0.78	1.1300000000000001	-9.17	-15.02
11:29:36.947124	-1.51	-10.950000000000001	0.33	0.3	-10.5	-4.5200000000000005	0.44	-8.31	1.07	1.8900000000000001	-9.200000000000001	-13.59
11:29:36.957194	-1.44	-10.57	0.26	0.04	-9.58	-3.85	0.51	-8.42	1.27	2.27	-9.97	-12.17
11:29:36.967297	-1.33	-10.18	0.27	-0.01	-9.05	-3.34	0.46	-8.42	1.7	5.74	-13.49	-13.01
11:29:36.977387	-1.21	-9.84	0.35000000000000003	-0.05	-8.6	-2.98	0.24	-8.620000000000001	2.04	4.59	-5.03	-13.41
11:29:36.987480	-0.8	-9.36	0.5	-0.02	-8.11	-2.91	-0.64	-8.700000000000001	2.77	2.57	-7.97	-1.56
11:29:36.997583	-0.04	-9.44	0.61	0.1	-7.0200000000000005	-2.56	-0.8	-9.540000000000001	2.84	2.57	-7.97	-1.56
11:29:37.007691	0.45	-10.07	0.41000000000000003	0.14	-6.8	-1.9100000000000001	-0.49	-11.72	-0.15	0.45	-21.86	23.21
11:29:37.017765	0.48	-11.05	-0.01	0.24	-8.66	-1.3	-0.79	-17.07	-12.280000000000001	11.69	-17.68	-2.9
11:29:37.027833	0.73	-12.47	-0.92	0.03	-11.370000000000001	-0.55	-1.1500000000000001	-16.240000000000002	-6.91	10.53	-8.82	-9.84
11:29:37.037928	0.85	-12.89	-1.34	-0.34	-12.46	-1.42	1.1	-12.35	-1.44	4.3500000000000005	-4.96	-19.93
11:29:37.048010	0.99	-12.81	-1.6400000000000001	-0.8200000000000001	-12.56	-2.41	1.44	-10.1	1.07	-7.930000000000001	-7.84	-11.86
11:29:37.058083	1.06	-12.4	-1.69	-1.3800000000000001	-13.1	-1.41	-2.8000000000000003	-10.85	1.6300000000000001	1.45	-11.53	6.57
11:29:37.068164	0.89	-10.57	-0.81	-0.46	-14.35	-2.4	-4.53	-10.790000000000001	-0.15	8.39	-8.15	1.75
11:29:37.078247	0.8300000000000001	-9.68	-0.2	-0.05	-11.290000000000001	-5.45	-4.34	-9.39	1.33	4.0200000000000005	-7.16	-3.46
11:29:37.088397	0.77	-9.1	0.3	-1.77	-8.38	-3.12	0.66	-9.01	1.05	0.19	-9.22	-3.5500000000000003
11:29:37.098503	0.71	-8.66	1.04	-3.24	-6.94	0.34	2.56	-9.61	0.53	1.44	-6.6000000000000005	4.2
11:29:37.108602	0.63	-8.53	1.34	-3.88	-6.86	1.18	3.93	-10.15	0.0	1.23	-9.1	-2.33
11:29:37.118759	0.59	-8.42	1.54	-2.14	-7.0	0.37	3.79	-10.9	0.4	1.04	-8.82	-4.34
11:29:37.129388	0.73	-8.370000000000001	1.6	-0.89	-7.15	0.79	1.76	-9.620000000000001	1.57	0.25	-10.34	-1.12
11:29:37.139542	0.73	-8.370000000000001	1.6	0.37	-7.61	1.6500000000000001	-0.62	-9.16	0.61	0.01	-10.3	0.75
11:29:37.149632	1.37	-8.68	1.45	1.43	-8.71	2.1	0.84	-9.25	2.35	0.41000000000000003	-10.450000000000001	-3.04
11:29:37.159747	1.77	-8.99	1.25	3.88	-10.76	1.5	1.1300000000000001	-9.97	2.27	0.43	-9.06	-2.68
11:29:37.170028	1.9100000000000001	-9.3	0.9500000000000001	4.39	-11.24	1.45	1.5	-10.33	1.1	0.72	-8.16	-0.21
11:29:37.180481	1.87	-9.59	0.6900000000000001	3.93	-11.08	1.71	1.74	-10.55	-0.07	1.58	-10.0	-0.35000000000000003
11:29:37.190627	1.44	-9.83	-0.09	2.7600000000000002	-10.56	1.79	2.02	-9.75	-0.01	1.9000000000000001	-10.120000000000001	-4.09
11:29:37.200743	1.25	-9.9	-0.51	-0.06	-9.1	0.73	1.74	-9.82	0.03	1.11	-9.66	-3.21
11:29:37.211429	1.1	-9.86	-0.93	-0.28	-9.24	0.09	1.6400000000000001	-9.97	-0.06	1.27	-10.13	-1.3800000000000001
11:29:37.221516	1.0	-9.77	-1.21	-0.54	-9.39	-0.38	1.32	-9.73	0.9	1.45	-9.78	-2.0100000000000002
11:29:37.231659	0.99	-9.55	-1.35	-1.51	-8.96	-1.31	0.87	-9.82	1.28	1.1500000000000001	-8.77	-3.36
11:29:37.241819	0.89	-9.53	-1.29	-1.7	-9.58	-1.47	0.21	-10.06	1.33	1.26	-8.8	-2.19
11:29:37.252283	0.73	-9.55	-1.1	-1.82	-9.36	-0.65	-0.25	-10.34	1.06	1.56	-9.91	-0.62
11:29:37.262383	0.5700000000000001	-9.55	-0.92	-1.75	-9.91	-0.48	-0.34	-10.290000000000001	0.96	1.11	-9.58	-4.24
11:29:37.273092	0.08	-9.53	-0.62	-1.72	-9.55	-0.58	0.14	-9.950000000000001	1.22	1.08	-9.23	-2.3000000000000003
11:29:37.283328	-0.05	-9.48	-0.53	-1.48	-9.49	-0.31	0.4	-9.64	0.99	1.35	-9.700000000000001	-0.86
11:29:37.293667	-0.09	-9.38	-0.42	-0.99	-9.43	0.14	0.56	-9.78	-0.2	1.49	-9.41	-2.18
11:29:37.304282	-0.15	-9.21	-0.3	0.0	-9.42	0.58	0.93	-9.69	-0.02	1.57	-8.950000000000001	-2.29
11:29:37.314352	-0.1	-9.06	-0.29	0.27	-9.31	0.8200000000000001	1.37	-9.66	0.1	1.36	-9.33	-1.48
11:29:37.324490	0.02	-8.97	-0.26	0.89	-9.42	0.77	1.61	-9.6	-0.05	1.68	-10.02	-1.0
11:29:37.334631	0.02	-8.97	-0.26	1.21	-9.36	0.84	1.52	-9.93	-0.64	1.68	-10.02	-1.0
11:29:37.344735	0.0	-8.91	-0.34	1.52	-9.58	0.73	1.85	-9.51	-0.47000000000000003	1.34	-9.13	-2.83
11:29:37.354857	0.02	-8.870000000000001	-0.3	1.74	-9.4	0.8	1.99	-9.33	-0.53	1.17	-10.11	-0.59
11:29:37.365229	0.01	-8.9	-0.37	2.09	-9.49	0.8200000000000001	1.59	-9.71	-0.76	1.42	-10.31	-1.67
11:29:37.375564	-0.36	-8.97	-0.34	1.86	-9.57	0.8300000000000001	1.55	-9.74	-0.71	1.29	-9.24	-3.13
11:29:37.386215	-0.39	-8.98	-0.19	1.74	-9.57	0.26	1.8800000000000001	-9.540000000000001	-0.65	1.08	-8.99	-3.96
11:29:37.396799	-0.51	-8.99	-0.12	1.55	-9.52	0.12	1.82	-9.34	-0.5700000000000001	1.72	-9.84	-0.37
11:29:37.406868	-0.61	-9.02	-0.02	1.06	-9.66	0.09	0.61	-9.94	-0.49	2.29	-9.89	-2.6
11:29:37.416942	-0.73	-9.11	0.17	0.78	-9.78	0.01	0.33	-10.1	-0.22	1.87	-9.09	-3.91
11:29:37.427018	-0.73	-9.16	0.25	0.18	-9.72	0.0	0.47000000000000003	-9.73	-0.03	1.8900000000000001	-9.03	-3.09
11:29:37.437093	-0.72	-9.22	0.31	-0.12	-9.620000000000001	-0.01	0.36	-9.74	0.23	2.13	-9.84	-0.6900000000000001
11:29:37.447175	-0.6900000000000001	-9.200000000000001	0.33	-0.41000000000000003	-9.620000000000001	-0.07	0.46	-10.24	0.1	1.84	-9.9	-3.89
11:29:37.457244	-0.64	-9.14	0.23	-0.6900000000000001	-9.56	-0.36	0.8300000000000001	-10.0	0.21	1.33	-9.4	-3.36
11:29:37.467317	-0.61	-9.14	0.09	-0.88	-9.31	-0.02	1.05	-9.47	-0.08	1.5	-9.02	-3.43
11:29:37.477395	-0.52	-9.15	0.0	-0.98	-9.27	0.14	1.22	-9.38	0.42	1.47	-9.71	-0.84
11:29:37.487468	-0.43	-9.14	-0.27	-0.65	-9.41	0.37	0.86	-9.91	-0.15	1.47	-9.71	-0.84
11:29:37.497570	-0.33	-9.16	-0.37	-0.78	-9.36	0.6900000000000001	0.93	-9.5	-0.32	0.79	-9.33	-3.93
11:29:37.507635	-0.3	-9.200000000000001	-0.46	-1.1	-9.370000000000001	1.09	1.03	-8.85	0.49	1.83	-9.03	-2.44
11:29:37.517702	-0.27	-9.25	-0.56	-1.04	-9.42	1.07	0.8300000000000001	-9.47	0.43	1.79	-9.84	-1.93
11:29:37.527775	-0.29	-9.41	-0.7000000000000001	-1.07	-9.57	0.97	0.81	-9.98	-0.14	1.79	-9.84	-1.93
11:29:37.537849	-0.3	-9.57	-0.74	-0.67	-9.73	0.8300000000000001	1.08	-9.71	0.13	1.25	-9.68	-5.4
11:29:37.547926	-0.31	-9.790000000000001	-0.73	-0.29	-9.74	1.5	1.1400000000000001	-9.540000000000001	2.18	1.59	-9.53	-1.71
11:29:37.557994	-0.3	-9.94	-0.68	-0.21	-9.77	1.36	0.78	-10.39	1.26	1.72	-10.57	-2.34
11:29:37.568162	-0.44	-10.4	-0.42	-0.4	-9.94	1.23	0.49	-10.48	1.46	1.07	-10.76	-5.04
11:29:37.578236	-0.49	-10.39	-0.21	-1.22	-10.38	1.6600000000000001	0.93	-10.01	2.25	1.22	-10.34	-4.92
11:29:37.588308	-0.62	-10.66	-0.14	-1.56	-10.58	1.56	0.58	-10.67	2.36	2.13	-10.8	-1.44
11:29:37.598404	-0.8	-10.97	0.05	-1.5	-10.58	1.32	-0.01	-11.56	1.57	2.13	-10.8	-1.44
11:29:37.608520	-1.31	-11.13	0.37	-1.76	-10.71	1.19	0.26	-11.19	2.1	-1.72	-11.3	-5.3
11:29:37.618635	-1.54	-11.22	0.53	-1.44	-10.71	1.19	0.99	-11.01	2.3000000000000003	5.29	-10.76	-5.7700000000000005
11:29:37.628753	-1.8	-11.28	0.67	-1.07	-10.67	0.77	0.14	-11.22	2.21	4.37	-10.41	-2.56
11:29:37.638825	-2.05	-11.18	0.8	-0.48	-10.83	0.72	-0.71	-11.56	2.0300000000000002	2.39	-10.99	-4.65
11:29:37.648907	-2.21	-11.0	0.89	-0.14	-11.03	1.17	-0.1	-11.14	1.6	2.81	-10.96	-5.32
11:29:37.659000	-2.31	-10.96	0.86	0.0	-10.99	0.78	-0.31	-11.09	2.2600000000000002	2.81	-10.96	-5.32
11:29:37.669079	-2.43	-10.83	0.77	0.07	-10.77	0.23	-0.41000000000000003	-11.27	1.18	4.1	-10.53	-2.99
11:29:37.679749	-2.38	-10.47	0.49	0.12	-10.78	0.15	-0.55	-11.290000000000001	1.1	2.81	-11.01	-4.78
11:29:37.689852	-2.41	-10.41	0.33	0.15	-10.8	0.37	0.44	-10.51	0.9	2.81	-10.790000000000001	-5.96
11:29:37.699949	-2.35	-10.31	0.26	0.24	-10.63	0.14	0.18	-10.6	0.47000000000000003	2.5	-11.25	-4.17
11:29:37.710481	-2.18	-10.15	0.17	0.14	-10.42	-0.16	0.18	-10.6	0.47000000000000003	1.74	-10.73	-2.83
11:29:37.720837	-1.58	-10.01	0.22	0.32	-10.26	-0.2	1.22	-10.35	-0.39	1.48	-11.6	-4.5600000000000005
11:29:37.731009	-1.12	-10.09	0.51	0.47000000000000003	-10.36	-0.11	1.54	-10.52	-0.81	3.0700000000000003	-11.26	-6.05
11:29:37.741138	-0.48	-10.43	1.04	1.19	-11.65	0.49	1.16	-11.200000000000001	-1.12	2.73	-12.39	-3.34
11:29:37.751771	-0.07	-10.97	1.57	1.1400000000000001	-11.52	0.5700000000000001	1.06	-11.07	-2.2600000000000002	0.37	-13.14	-1.19
11:29:37.762142	-0.59	-11.790000000000001	2.6	1.02	-11.53	0.56	0.21	-10.51	-1.49	-1.07	-13.13	-4.4
11:29:37.772261	-1.08	-11.94	2.89	0.5	-11.69	0.35000000000000003	-0.92	-10.81	-1.35	1.31	-14.72	-1.69
11:29:37.782702	-1.57	-11.870000000000001	2.86	0.0	-11.33	0.01	-1.6400000000000001	-11.83	-2.69	-0.1	-13.65	-0.48
11:29:37.792880	-1.81	-11.61	2.6	-0.47000000000000003	-11.02	-0.19	-1.46	-11.51	-2.35	-0.48	-16.080000000000002	-2.97
11:29:37.802995	-0.52	-10.5	1.1300000000000001	-0.88	-10.76	-0.53	-1.51	-11.4	-1.19	-0.96	-16.62	-3.62
11:29:37.813686	0.78	-9.89	0.35000000000000003	-1.47	-10.200000000000001	-1.28	-1.53	-11.19	-1.3	-0.45	-17.7	0.29
11:29:37.823811	2.08	-9.3	-0.42	-1.93	-9.790000000000001	-1.48	-0.8200000000000001	-12.870000000000001	-4.33	1.0	-17.85	2.68
11:29:37.833917	3.0500000000000003	-8.790000000000001	-1.04	-2.3000000000000003	-9.3	-1.4000000000000001	0.23	-13.48	-5.11	4.2700000000000005	-15.74	0.6
11:29:37.844503	3.15	-8.15	-1.81	-2.21	-9.02	-1.35	1.57	-13.49	-4.87	5.98	-13.97	-2.0100000000000002
11:29:37.854918	2.7800000000000002	-8.06	-1.96	-2.29	-8.64	-0.62	2.42	-10.47	-1.49	6.16	-12.63	-8.13
11:29:37.865459	2.59	-8.040000000000001	-1.96	-2.68	-8.67	-0.15	2.92	-9.540000000000001	1.54	5.74	-11.19	-8.43
11:29:37.875564	2.5	-8.27	-1.3	-3.45	-9.0	-0.5	2.46	-9.56	3.5100000000000002	5.79	-9.55	-7.32
11:29:37.885638	2.09	-8.55	-0.9	-3.2600000000000002	-9.36	-0.91	0.98	-11.67	7.3	4.86	-9.13	-4.73
11:29:37.895732	1.56	-8.96	-0.44	-2.88	-10.64	0.55	0.84	-12.08	6.8	1.4000000000000001	-6.26	-0.6
11:29:37.905865	0.7000000000000001	-9.83	0.6	-2.27	-11.67	0.72	1.03	-11.89	6.3100000000000005	-6.8100000000000005	-2.2800000000000002	5.39
11:29:37.916507	0.48	-10.31	1.09	-2.11	-12.68	1.36	1.23	-10.85	7.88	-12.22	1.32	11.43
11:29:37.926580	0.24	-10.620000000000001	1.48	-2.36	-13.370000000000001	2.61	0.74	-9.71	6.66	-2.67	-3.5700000000000003	8.71
11:29:37.936677	0.0	-10.85	1.75	-1.87	-13.08	1.96	0.78	-9.98	4.34	3.49	-8.58	8.09
11:29:37.946746	-0.36	-10.65	1.7	-2.07	-12.870000000000001	1.8	0.39	-9.870000000000001	3.72	2.47	-11.0	4.26
11:29:37.956831	-0.2	-10.47	1.53	-2.22	-12.44	1.3900000000000001	0.9500000000000001	-8.61	4.4	-0.42	-6.34	5.89
11:29:37.966903	-0.18	-10.25	1.2	-1.77	-11.74	0.9500000000000001	1.1500000000000001	-7.6000000000000005	5.26	-0.84	-2.58	6.3500000000000005
11:29:37.976970	-0.09	-10.08	0.96	-1.22	-11.22	0.67	1.25	-6.890000000000001	6.05	1.9100000000000001	-0.48	7.49
11:29:37.987037	0.0	-9.84	0.56	-0.9	-10.86	0.23	1.07	-7.19	5.73	1.9100000000000001	-0.48	7.49
11:29:37.997571	0.01	-9.73	0.37	-1.21	-10.28	0.18	0.31	-6.55	5.41	1.8	-6.96	4.99
11:29:38.007654	0.03	-9.6	0.16	-0.7000000000000001	-9.56	0.62	0.25	-6.33	5.18	-0.24	-8.83	4.16
11:29:38.017728	0.04	-9.43	0.0	-0.8	-9.200000000000001	0.64	-0.03	-6.21	5.22	0.13	-9.41	3.65
11:29:38.027797	0.04	-9.14	-0.14	-0.85	-8.97	0.43	-0.34	-5.88	5.55	0.54	-6.18	4.66
11:29:38.037870	-0.02	-9.11	-0.13	-1.01	-8.59	0.08	-0.26	-5.86	5.72	0.23	-7.86	3.7800000000000002
11:29:38.047990	-0.08	-9.03	-0.03	-1.36	-7.87	-0.36	-0.18	-6.1000000000000005	5.71	-0.26	-9.01	2.85
11:29:38.058068	-0.24	-8.94	0.2	-1.8	-7.54	-0.24	-0.38	-5.98	5.78	-1.24	-10.98	1.03
11:29:38.068140	-0.38	-8.84	0.34	-1.85	-7.24	-0.39	-1.27	-6.83	6.25	-1.43	-12.05	-0.2
11:29:38.078245	-0.38	-8.78	0.54	-1.96	-6.8	-0.15	-1.85	-7.28	6.48	-0.98	-12.24	-1.23
11:29:38.088313	-0.52	-8.76	0.65	-2.65	-7.1000000000000005	-0.1	-2.24	-7.37	6.74	-0.98	-12.24	-1.23
11:29:38.098385	-0.55	-8.81	0.87	-2.77	-7.05	0.08	-2.49	-8.15	6.3500000000000005	1.23	-13.700000000000001	-3.62
11:29:38.108492	-0.63	-8.8	0.86	-2.91	-7.15	0.11	-1.69	-8.55	6.04	1.23	-13.700000000000001	-3.62
11:29:38.118561	-0.59	-8.82	0.86	-2.91	-7.08	0.06	-0.77	-8.77	5.86	1.23	-13.700000000000001	-3.62
11:29:38.128632	-0.55	-8.84	0.78	-2.46	-7.04	-0.64	-0.21	-9.03	5.7	2.71	-14.68	-6.05
11:29:38.138702	-0.43	-8.82	0.49	-2.17	-7.08	-0.97	0.22	-9.31	5.13	3.7800000000000002	-15.15	-7.34
11:29:38.148820	-0.38	-8.83	0.33	-1.85	-7.140000000000001	-1.32	0.37	-9.55	4.73	4.2	-15.39	-8.120000000000001
11:29:38.158896	-0.35000000000000003	-8.78	0.18	-1.4000000000000001	-7.21	-1.6500000000000001	0.61	-9.790000000000001	4.72	4.2	-15.39	-8.120000000000001
11:29:38.169009	-0.33	-8.69	0.0	-0.41000000000000003	-7.26	-2.3000000000000003	0.48	-9.56	4.65	4.2	-15.39	-8.120000000000001
11:29:38.179119	-0.19	-8.6	-0.14	-0.03	-7.4	-2.5500000000000003	0.12	-9.58	4.69	4.87	-13.59	-8.61
11:29:38.189216	-0.13	-8.65	-0.1	0.43	-7.49	-3.19	-0.26	-9.85	4.62	4.87	-13.59	-8.61
11:29:38.199373	-0.16	-8.72	-0.08	0.72	-7.55	-3.58	-0.56	-10.58	4.41	5.0600000000000005	-14.81	-9.92
11:29:38.209515	-0.2	-8.83	-0.05	1.11	-7.75	-3.96	0.0	-10.8	4.09	5.0600000000000005	-14.81	-9.92
11:29:38.220114	-0.34	-9.13	0.2	1.26	-7.94	-3.98	0.08	-10.5	4.0	4.63	-12.89	-10.55
11:29:38.230441	-0.42	-9.26	0.33	1.48	-8.16	-4.07	-0.06	-10.11	3.23	4.63	-12.89	-10.55
11:29:38.240557	-0.45	-9.42	0.49	2.04	-9.05	-3.95	-0.43	-10.06	3.2	4.38	-12.94	-11.59
11:29:38.250677	-0.6	-9.82	0.87	2.04	-9.05	-3.95	-0.8300000000000001	-10.11	2.92	4.38	-12.94	-11.59
11:29:38.260773	-0.67	-9.98	0.9500000000000001	1.86	-9.22	-3.97	-1.21	-9.870000000000001	2.63	2.92	-13.01	-12.620000000000001
11:29:38.270925	-0.76	-10.120000000000001	1.1	1.86	-9.22	-3.97	-1.69	-9.78	1.78	2.92	-13.01	-12.620000000000001
11:29:38.281586	-0.9500000000000001	-10.290000000000001	1.3	0.98	-9.78	-4.18	-1.85	-9.09	1.58	1.53	-11.18	-14.55
11:29:38.291661	-1.12	-10.58	1.44	0.6	-9.89	-4.22	-1.6300000000000001	-8.91	1.29	1.53	-11.18	-14.55
11:29:38.302271	-1.44	-10.700000000000001	1.55	0.15	-10.08	-4.09	-0.84	-8.5	0.66	1.53	-11.18	-14.55
11:29:38.312399	-1.36	-10.84	1.75	-0.02	-10.44	-3.95	-0.48	-8.48	0.8	1.98	-10.31	-15.24
11:29:38.322578	-1.46	-11.09	1.7	0.02	-10.56	-3.9	-0.12	-8.5	0.89	2.31	-9.59	-15.38
11:29:38.333027	-1.58	-11.66	1.62	-0.04	-10.6	-3.94	0.08	-8.58	1.02	2.31	-9.59	-15.38
11:29:38.343116	-1.6600000000000001	-11.82	1.5	0.13	-10.69	-4.09	0.12	-8.85	1.36	2.31	-9.59	-15.38
11:29:38.353205	-1.6400000000000001	-11.88	1.36	0.26	-10.5	-4.21	0.06	-8.81	1.67	2.31	-9.59	-15.38
11:29:38.363368	-1.69	-11.85	1.11	0.23	-10.16	-4.3500000000000005	0.08	-8.72	1.9100000000000001	2.31	-9.59	-15.38
11:29:38.373592	-1.56	-11.48	0.86	0.3	-9.66	-4.26	0.1	-8.83	2.47	2.31	-9.59	-15.38
11:29:38.384030	-1.53	-11.21	0.73	0.39	-9.24	-3.97	0.1	-8.83	2.47	1.6	-9.620000000000001	-14.63
11:29:38.394131	-1.41	-10.85	0.65	0.56	-8.63	-3.52	-0.05	-9.15	2.94	4.3	-12.16	-14.51
11:29:38.404267	-1.26	-10.56	0.62	0.53	-8.290000000000001	-3.21	-0.35000000000000003	-9.03	3.11	4.3	-12.16	-14.51
11:29:38.415023	-0.79	-9.74	0.48	0.38	-8.11	-3.18	-0.92	-9.27	2.3000000000000003	4.3	-12.16	-14.51
11:29:38.425089	0.03	-9.9	0.35000000000000003	0.1	-8.28	-3.2	-0.9500000000000001	-12.41	-2.18	4.3	-12.16	-14.51
11:29:38.435164	0.03	-9.9	0.35000000000000003	-1.1	-12.38	-2.02	-1.1400000000000001	-16.94	-9.63	2.31	-17.93	10.72
11:29:38.445284	0.18	-12.530000000000001	-1.31	-1.37	-13.71	-1.56	-0.97	-16.1	-6.05	9.38	-21.57	16.26
11:29:38.455400	0.18	-12.530000000000001	-1.31	-1.42	-13.22	-1.09	1.33	-11.98	-2.68	8.14	-5.92	-5.73
11:29:38.466123	0.39	-12.97	-2.12	-1.05	-12.84	-1.69	0.9400000000000001	-9.31	-1.11	8.14	-5.92	-5.73
11:29:38.476225	0.72	-11.76	-2.02	-0.73	-12.32	-2.43	-0.46	-8.48	1.41	8.14	-5.92	-5.73
11:29:38.486915	0.79	-10.790000000000001	-1.44	-0.18	-11.77	-3.2	-0.46	-8.48	1.41	4.69	-10.35	3.0100000000000002
11:29:38.496987	0.74	-9.71	-0.8	0.15	-10.48	-5.1000000000000005	-2.34	-8.47	1.74	4.69	-10.35	3.0100000000000002
11:29:38.507105	0.45	-8.81	-0.1	-0.62	-8.66	-5.1000000000000005	0.14	-8.83	1.05	4.69	-10.35	3.0100000000000002
11:29:38.517730	0.45	-8.81	-0.1	-3.25	-5.37	0.85	2.54	-9.3	0.85	4.69	-10.35	3.0100000000000002
11:29:38.527805	-0.2	-7.8	1.6300000000000001	-4.54	-5.54	2.69	2.83	-9.6	0.39	4.69	-10.35	3.0100000000000002
11:29:38.537924	-0.27	-8.03	1.84	-4.09	-6.94	1.6600000000000001	2.48	-10.46	0.98	4.69	-10.35	3.0100000000000002
11:29:38.547993	-0.12	-8.53	1.8900000000000001	-2.93	-7.9	1.03	1.86	-11.370000000000001	1.87	4.69	-10.35	3.0100000000000002
11:29:38.558072	0.44	-9.200000000000001	1.41	0.8200000000000001	-9.77	1.18	-0.9500000000000001	-9.96	0.91	4.69	-10.35	3.0100000000000002
11:29:38.568141	0.92	-9.51	1.07	2.36	-10.6	0.86	-1.48	-9.3	1.3800000000000001	4.69	-10.35	3.0100000000000002
11:29:38.578216	1.3900000000000001	-9.6	0.75	3.3200000000000003	-10.86	0.26	-0.92	-8.75	2.29	4.69	-10.35	3.0100000000000002
11:29:38.588673	1.3900000000000001	-9.6	0.75	4.0600000000000005	-10.540000000000001	0.24	-0.92	-8.75	2.29	0.14	-9.450000000000001	-2.18
11:29:38.598819	1.95	-9.59	-0.15	3.42	-10.120000000000001	1.3	0.81	-10.47	0.47000000000000003	1.27	-8.52	0.73
11:29:38.608912	1.76	-9.44	-0.29	2.15	-9.8	1.73	1.46	-10.290000000000001	-0.13	1.27	-8.52	0.73
11:29:38.618995	1.57	-9.36	-0.41000000000000003	0.87	-9.25	1.93	2.15	-9.9	-0.37	1.27	-8.52	0.73
11:29:38.629091	1.57	-9.36	-0.41000000000000003	-0.48	-9.38	1.48	2.13	-10.3	-0.06	1.27	-8.52	0.73
11:29:38.639159	1.07	-9.620000000000001	-0.93	-0.46	-9.72	0.42	2.0	-10.24	0.25	1.27	-8.52	0.73
11:29:38.649930	1.05	-9.64	-0.97	-0.41000000000000003	-9.69	-0.3	1.59	-9.73	0.99	1.27	-8.52	0.73
11:29:38.660014	0.96	-9.61	-0.9400000000000001	-0.74	-9.35	-0.7000000000000001	0.71	-9.58	1.58	1.27	-8.52	0.73
11:29:38.670088	0.6900000000000001	-9.790000000000001	-0.76	-1.9100000000000001	-9.46	-0.84	0.21	-10.11	1.22	1.27	-8.52	0.73
11:29:38.680194	0.4	-9.83	-0.63	-1.95	-9.55	-0.2	0.04	-10.5	0.85	1.27	-8.52	0.73
11:29:38.690271	0.4	-9.83	-0.63	-1.78	-9.82	-0.04	0.04	-10.5	0.85	0.64	-10.11	-2.7600000000000002
11:29:38.700401	-0.22	-9.73	-0.44	-1.97	-9.71	0.03	0.48	-10.01	0.89	0.64	-10.11	-2.7600000000000002
11:29:38.710548	-0.33	-9.370000000000001	-0.27	-1.6600000000000001	-9.27	0.02	0.6	-9.61	0.43	0.64	-10.11	-2.7600000000000002
11:29:38.721021	-0.21	-9.200000000000001	-0.17	-1.22	-9.200000000000001	0.48	1.75	-9.63	-0.05	0.64	-10.11	-2.7600000000000002
11:29:38.731132	-0.06	-9.05	-0.13	-0.67	-9.33	0.65	2.0300000000000002	-9.72	-0.16	0.64	-10.11	-2.7600000000000002
11:29:38.741250	0.06	-8.950000000000001	-0.14	0.7000000000000001	-9.34	1.01	1.97	-9.870000000000001	-0.46	0.64	-10.11	-2.7600000000000002
11:29:38.751346	0.21	-8.77	-0.22	0.92	-9.26	1.16	1.82	-9.88	-0.59	0.64	-10.11	-2.7600000000000002
11:29:38.761454	0.43	-8.75	-0.28	0.92	-9.26	1.16	1.7	-9.200000000000001	-0.29	0.64	-10.11	-2.7600000000000002
11:29:38.771556	0.27	-8.58	-0.3	1.4000000000000001	-9.18	1.09	1.3800000000000001	-9.21	-0.45	0.64	-10.11	-2.7600000000000002
11:29:38.782176	0.2	-8.540000000000001	-0.36	1.3	-9.55	1.01	1.3800000000000001	-9.21	-0.45	0.64	-10.11	-2.7600000000000002
11:29:38.792249	0.05	-8.790000000000001	-0.37	1.3	-9.55	1.01	1.3800000000000001	-9.21	-0.45	1.29	-10.18	-2.35
11:29:38.802343	-0.07	-8.92	-0.33	1.29	-9.69	0.8200000000000001	1.57	-9.24	-0.62	1.29	-10.18	-2.35
11:29:38.812495	-0.22	-9.13	-0.22	1.24	-9.76	0.59	1.07	-9.3	-0.7000000000000001	1.29	-10.18	-2.35
11:29:38.823013	-0.47000000000000003	-9.370000000000001	0.0	0.71	-9.92	0.05	0.7000000000000001	-9.97	-0.74	1.29	-10.18	-2.35
11:29:38.833141	-0.58	-9.46	0.06	0.43	-9.76	-0.03	0.88	-9.77	-0.51	1.29	-10.18	-2.35
11:29:38.843763	-0.74	-9.55	0.19	0.1	-9.64	-0.04	0.8200000000000001	-9.35	-0.51	1.29	-10.18	-2.35
11:29:38.853913	-0.77	-9.58	0.32	-0.02	-9.56	-0.18	0.88	-9.51	-0.27	1.29	-10.18	-2.35
11:29:38.864127	-0.76	-9.52	0.47000000000000003	-0.45	-9.77	-0.33	0.61	-10.15	0.16	1.29	-10.18	-2.35
11:29:38.874196	-0.72	-9.48	0.5	-0.6	-9.84	-0.19	0.79	-9.59	-0.29	1.29	-10.18	-2.35
11:29:38.884265	-0.6900000000000001	-9.42	0.53	-0.31	-9.69	0.07	0.85	-9.42	0.21	1.29	-10.18	-2.35
11:29:38.894335	-0.62	-9.36	0.53	-0.75	-9.49	0.25	0.85	-9.42	0.21	1.29	-10.18	-2.35
11:29:38.904453	-0.48	-9.15	0.31	-0.75	-9.49	0.25	0.85	-9.42	0.21	1.29	-10.18	-2.35
11:29:38.914774	-0.35000000000000003	-9.14	0.21	-0.6	-9.47	0.43	0.63	-9.44	0.51	1.29	-10.18	-2.35
11:29:38.924848	-0.24	-9.13	0.08	-1.34	-9.34	1.48	0.31	-9.01	1.59	1.29	-10.18	-2.35
11:29:38.934920	-0.21	-9.11	-0.1	-1.3800000000000001	-9.44	1.6	0.71	-10.14	-0.09	1.29	-10.18	-2.35
11:29:38.944997	-0.12	-9.21	-0.37	-0.76	-9.67	1.57	1.19	-9.74	0.01	1.29	-10.18	-2.35
11:29:38.955092	-0.12	-9.370000000000001	-0.42	-0.93	-9.63	1.58	1.6	-9.26	0.44	1.29	-10.18	-2.35
11:29:38.965168	-0.06	-9.48	-0.49	-0.84	-9.540000000000001	1.3900000000000001	1.49	-9.120000000000001	1.44	1.29	-10.18	-2.35
11:29:38.975254	-0.1	-9.59	-0.49	-0.51	-9.59	0.75	0.62	-10.09	0.75	1.29	-10.18	-2.35
11:29:38.985328	-0.09	-9.83	-0.46	-0.45	-9.84	0.91	1.25	-9.89	0.93	1.26	-9.27	-4.14
11:29:38.995400	-0.13	-9.9	-0.32	-0.71	-10.08	1.25	1.33	-9.96	1.56	1.26	-9.27	-4.14
11:29:39.005473	-0.01	-10.05	-0.27	-0.8200000000000001	-10.34	1.25	0.41000000000000003	-10.950000000000001	1.44	1.26	-9.27	-4.14
11:29:39.015573	-0.31	-10.59	-0.02	-1.28	-10.6	1.21	0.43	-11.15	1.99	1.26	-9.27	-4.14
11:29:39.025643	-0.42	-10.69	0.08	-1.61	-10.9	1.11	1.19	-10.950000000000001	1.55	1.26	-9.27	-4.14
11:29:39.035717	-0.59	-10.98	0.27	-1.71	-10.870000000000001	1.5	0.66	-10.94	2.07	1.26	-9.27	-4.14
11:29:39.045785	-0.91	-11.200000000000001	0.42	-1.6	-10.65	1.33	-0.54	-11.38	1.61	1.26	-9.27	-4.14
11:29:39.055858	-1.6500000000000001	-11.24	0.71	-1.0	-10.870000000000001	1.28	-0.42	-11.24	1.28	1.26	-9.27	-4.14
11:29:39.065936	-1.82	-11.23	0.8	-0.88	-11.08	1.17	-0.3	-10.98	1.1500000000000001	1.26	-9.27	-4.14
11:29:39.075998	-2.16	-11.14	0.89	-0.68	-11.02	0.9500000000000001	-0.27	-11.13	1.21	1.26	-9.27	-4.14
11:29:39.086069	-2.21	-10.83	0.79	-0.58	-11.02	0.55	-0.66	-11.51	1.31	1.79	-10.31	-3.34
11:29:39.096642	-2.21	-10.83	0.79	-0.06	-10.9	0.4	-0.12	-11.07	1.1400000000000001	1.79	-10.31	-3.34
11:29:39.106733	-2.14	-10.65	0.73	-0.06	-10.9	0.4	-0.12	-11.07	1.1400000000000001	1.79	-10.31	-3.34
11:29:39.117020	-2.04	-10.53	0.67	0.04	-10.790000000000001	0.29	0.36	-10.76	0.89	1.79	-10.31	-3.34
11:29:39.127169	-1.61	-10.36	0.45	-0.03	-10.59	0.18	-0.01	-10.92	0.85	1.79	-10.31	-3.34
11:29:39.137238	-1.17	-10.450000000000001	0.59	0.14	-10.41	0.28	0.6	-10.4	0.44	1.79	-10.31	-3.34
11:29:39.147369	-0.54	-10.66	0.96	0.23	-10.73	0.45	0.6	-10.4	0.44	1.79	-10.31	-3.34
11:29:39.157680	-0.54	-10.66	0.96	0.51	-11.24	0.43	0.6	-10.4	0.44	3.29	-11.33	-5.2700000000000005
11:29:39.168285	-0.04	-11.24	1.61	0.71	-11.700000000000001	0.41000000000000003	0.6	-10.4	0.44	2.88	-12.05	-3.6
11:29:39.178379	-0.12	-12.1	2.59	0.53	-11.620000000000001	0.89	0.85	-11.370000000000001	-1.31	2.88	-12.05	-3.6
11:29:39.188452	-1.11	-11.94	3.0	0.19	-11.71	1.06	0.85	-11.370000000000001	-1.31	2.88	-12.05	-3.6
11:29:39.198523	-1.68	-10.9	2.24	-0.14	-11.65	0.85	-1.1400000000000001	-11.120000000000001	-1.4000000000000001	2.88	-12.05	-3.6
11:29:39.208595	-1.24	-10.33	1.54	-0.49	-11.18	0.63	-1.1400000000000001	-11.120000000000001	-1.4000000000000001	0.07	-12.52	-0.68
11:29:39.218703	-0.38	-9.8	0.77	-1.02	-10.51	-0.16	-1.07	-10.51	-1.74	0.07	-12.52	-0.68
11:29:39.228773	0.75	-9.290000000000001	0.02	-1.22	-10.200000000000001	-0.6	-1.07	-10.51	-1.74	0.07	-12.52	-0.68
11:29:39.238863	3.46	-8.56	-1.05	-1.26	-9.94	-1.1	-1.07	-10.51	-1.74	-1.57	-16.080000000000002	-0.31
11:29:39.248970	4.0200000000000005	-8.32	-1.5	-1.6	-9.72	-1.32	-1.1300000000000001	-11.65	-3.27	-1.57	-16.080000000000002	-0.31
11:29:39.259079	3.79	-8.13	-1.83	-1.8800000000000001	-9.200000000000001	-1.77	0.4	-12.52	-4.8	-1.57	-16.080000000000002	-0.31
11:29:39.269164	3.17	-7.930000000000001	-1.96	-1.93	-8.81	-1.44	0.4	-12.52	-4.8	3.95	-16.01	-0.13
11:29:39.279733	2.59	-7.79	-1.84	-2.07	-8.53	-0.9	1.79	-10.94	-2.62	3.95	-16.01	-0.13
11:29:39.289846	2.66	-7.94	-1.59	-2.11	-8.47	-0.22	1.79	-10.94	-2.62	5.45	-10.43	-7.24
11:29:39.299962	2.67	-8.11	-1.23	-2.82	-8.78	-0.17	1.79	-10.94	-2.62	6.38	-9.200000000000001	-7.51
11:29:39.310097	2.44	-8.22	-0.81	-3.16	-9.39	-0.75	1.6500000000000001	-10.07	4.47	6.38	-9.200000000000001	-7.51
11:29:39.320209	1.59	-8.88	0.09	-2.81	-9.78	-0.48	1.08	-11.14	6.96	6.38	-9.200000000000001	-7.51
11:29:39.330791	1.19	-9.34	0.63	-2.47	-12.57	1.41	0.77	-11.47	7.32	6.38	-9.200000000000001	-7.51
11:29:39.340933	0.85	-9.870000000000001	1.17	-2.6	-13.370000000000001	1.67	0.85	-11.01	8.540000000000001	6.38	-9.200000000000001	-7.51
11:29:39.351113	0.68	-10.4	1.6600000000000001	-2.22	-13.68	2.13	0.85	-11.01	8.540000000000001	-9.700000000000001	-0.35000000000000003	10.27
11:29:39.361844	0.13	-10.96	2.16	-2.2600000000000002	-12.96	1.7	0.97	-11.120000000000001	3.69	5.46	-12.790000000000001	2.0
11:29:39.371949	-0.1	-10.96	2.11	-2.0100000000000002	-12.5	0.9400000000000001	0.97	-11.120000000000001	3.69	5.46	-12.790000000000001	2.0
11:29:39.382021	-0.14	-10.8	1.81	-1.74	-11.76	0.93	1.1300000000000001	-8.58	4.0200000000000005	5.46	-12.790000000000001	2.0
11:29:39.392608	-0.14	-10.8	1.81	-1.74	-11.76	0.93	1.1300000000000001	-8.58	4.0200000000000005	5.46	-12.790000000000001	2.0
11:29:39.402705	0.0	-10.33	1.18	-1.53	-11.36	0.45	1.1300000000000001	-8.58	4.0200000000000005	3.25	1.26	8.01
11:29:39.412800	0.11	-9.94	0.73	-1.01	-10.450000000000001	-0.01	1.55	-7.2	6.24	3.25	1.26	8.01
11:29:39.423189	0.19	-9.790000000000001	0.44	-0.67	-10.1	0.1	1.1500000000000001	-6.68	5.4	3.25	1.26	8.01
11:29:39.433291	0.33	-9.5	0.06	-0.27	-9.870000000000001	0.18	1.1500000000000001	-6.68	5.4	-0.73	-9.8	3.8200000000000003
11:29:39.443653	0.42	-9.370000000000001	-0.06	-0.41000000000000003	-9.35	0.11	0.15	-6.96	5.04	-0.47000000000000003	-6.7	4.3
11:29:39.453782	0.49	-9.22	-0.07	-0.59	-8.99	0.02	0.02	-6.640000000000001	5.57	0.17	-6.55	4.18
11:29:39.463897	0.53	-9.16	-0.05	-0.61	-8.6	-0.03	0.02	-6.640000000000001	5.57	0.26	-8.56	3.17
11:29:39.474057	0.35000000000000003	-9.09	0.17	-1.27	-8.2	0.02	-0.62	-6.61	5.17	0.26	-8.56	3.17
11:29:39.484125	0.2	-9.03	0.33	-1.79	-7.78	-0.47000000000000003	-0.93	-7.17	6.08	0.26	-8.56	3.17
11:29:39.494543	0.02	-9.01	0.55	-2.07	-7.29	-0.32	-2.27	-7.54	6.44	0.26	-8.56	3.17
11:29:39.504648	-0.04	-8.91	0.75	-2.49	-7.24	-0.36	-2.27	-7.54	6.44	-0.73	-13.01	-3.22
11:29:39.515294	-0.11	-8.66	1.07	-2.81	-7.3100000000000005	-0.33	-2.94	-8.61	6.25	-0.73	-13.01	-3.22
11:29:39.525774	-0.15	-8.51	1.1	-2.82	-7.41	-0.21	-2.94	-8.61	6.25	1.45	-13.530000000000001	-4.8100000000000005
11:29:39.535845	-0.05	-8.36	1.07	-2.85	-7.28	-0.2	0.01	-9.38	5.82	1.61	-13.59	-5.44
11:29:39.545916	-0.01	-8.32	1.01	-2.49	-7.36	-0.63	0.56	-9.4	5.79	1.61	-13.59	-5.44
11:29:39.556158	0.16	-8.36	0.75	-2.31	-7.26	-1.01	0.56	-9.4	5.79	3.4	-13.42	-7.36
11:29:39.566248	0.29	-8.3	0.3	-1.22	-7.58	-1.76	0.56	-9.4	5.79	3.84	-13.39	-7.67
11:29:39.576779	0.29	-8.3	0.3	-0.85	-7.54	-1.97	1.23	-9.1	4.8500000000000005	3.84	-13.39	-7.67
11:29:39.587424	0.34	-8.56	-0.12	-0.31	-7.5200000000000005	-2.32	0.99	-9.19	5.03	3.84	-13.39	-7.67
11:29:39.597496	0.27	-8.65	-0.16	0.07	-7.42	-2.66	0.99	-9.19	5.03	5.08	-13.07	-7.82
11:29:39.607569	0.22	-8.75	-0.15	0.75	-7.54	-3.18	0.99	-9.19	5.03	4.92	-13.67	-8.16
11:29:39.617642	0.02	-8.88	-0.02	1.21	-7.57	-3.36	0.99	-9.19	5.03	5.0200000000000005	-13.94	-8.94
11:29:39.627720	-0.16	-9.01	0.13	1.35	-7.63	-3.37	0.99	-9.19	5.03	4.22	-12.23	-9.14
11:29:39.637788	-0.25	-9.040000000000001	0.29	1.3800000000000001	-7.3100000000000005	-3.16	0.99	-9.19	5.03	3.62	-12.51	-8.98
11:29:39.647863	-0.47000000000000003	-9.17	0.44	1.59	-7.47	-3.12	0.99	-9.19	5.03	3.73	-13.030000000000001	-9.8
11:29:39.658324	-0.47000000000000003	-9.17	0.44	1.61	-7.75	-3.0700000000000003	-0.04	-9.93	3.7800000000000002	3.43	-12.63	-10.700000000000001
11:29:39.668482	-0.87	-9.69	0.86	1.72	-7.99	-2.97	-0.54	-10.22	3.8200000000000003	3.43	-12.63	-10.700000000000001
11:29:39.678611	-0.92	-9.83	0.99	1.77	-8.47	-2.94	-1.01	-9.82	3.49	3.43	-12.63	-10.700000000000001
11:29:39.688680	-0.96	-10.1	1.06	1.8800000000000001	-8.85	-3.18	-1.01	-9.82	3.49	3.43	-12.63	-10.700000000000001
11:29:39.698769	-1.07	-10.53	1.1	1.77	-9.07	-3.37	-1.01	-9.82	3.49	2.86	-11.77	-12.91
11:29:39.708893	-1.09	-10.700000000000001	1.09	1.57	-9.21	-3.42	-1.26	-9.61	2.35	2.64	-11.76	-13.51
11:29:39.719045	-1.24	-10.92	1.08	0.93	-9.55	-3.85	-1.26	-9.61	2.35	2.5300000000000002	-11.26	-14.14
11:29:39.729640	-1.33	-11.07	1.04	0.68	-9.72	-4.22	-0.62	-9.3	1.87	2.5300000000000002	-11.26	-14.14
11:29:39.739743	-1.56	-11.32	1.1400000000000001	0.4	-9.950000000000001	-4.49	-0.62	-9.3	1.87	1.67	-9.88	-14.89
11:29:39.749845	-1.6	-11.46	1.02	0.43	-10.290000000000001	-4.61	-0.62	-9.3	1.87	1.32	-9.41	-14.8
11:29:39.759918	-1.67	-11.790000000000001	1.03	0.35000000000000003	-10.59	-4.24	0.07	-8.67	1.8800000000000001	1.32	-9.41	-14.8
11:29:39.770026	-1.9000000000000001	-12.09	0.84	0.37	-10.68	-4.03	0.07	-8.67	1.8800000000000001	0.68	-9.96	-14.88
11:29:39.780108	-1.8800000000000001	-11.99	0.76	0.44	-10.59	-3.48	-0.27	-8.8	2.07	0.68	-9.96	-14.88
11:29:39.790537	-1.77	-11.81	0.67	0.44	-10.59	-3.48	-0.2	-8.8	2.08	0.68	-9.96	-14.88
11:29:39.800917	-1.6	-11.55	0.47000000000000003	0.68	-9.8	-3.62	-0.12	-8.8	2.24	0.68	-9.96	-14.88
11:29:39.811012	-1.26	-10.85	0.3	0.75	-9.450000000000001	-3.74	-0.11	-8.81	2.3000000000000003	0.68	-9.96	-14.88
11:29:39.821127	-1.11	-10.42	0.2	0.8200000000000001	-9.03	-3.47	-0.26	-8.43	3.3200000000000003	0.68	-9.96	-14.88
11:29:39.831230	-0.98	-9.98	0.07	0.62	-8.370000000000001	-3.14	-0.61	-8.45	3.74	0.68	-9.96	-14.88
11:29:39.841475	-0.78	-9.620000000000001	0.01	0.33	-8.120000000000001	-2.88	-0.61	-8.45	3.74	0.68	-9.96	-14.88
11:29:39.851608	0.51	-9.82	-0.11	0.06	-8.540000000000001	-2.5500000000000003	-0.53	-11.11	1.02	0.68	-9.96	-14.88
11:29:39.861842	1.01	-10.8	-0.51	0.05	-10.32	-1.84	-0.26	-16.96	-11.67	0.68	-9.96	-14.88
11:29:39.872030	0.85	-11.98	-1.18	-0.88	-14.21	-0.72	-0.26	-16.96	-11.67	0.68	-9.96	-14.88
11:29:39.882112	0.67	-12.82	-1.81	-0.88	-14.21	-0.72	-0.26	-16.96	-11.67	12.42	-14.06	-12.14
11:29:39.892567	0.64	-13.4	-2.65	-1.07	-12.84	-3.33	-0.26	-16.96	-11.67	-0.21	-6.95	-14.71
11:29:39.902723	0.7000000000000001	-12.81	-2.5300000000000002	-1.24	-12.23	-2.67	1.19	-11.42	-0.53	-0.21	-6.95	-14.71
11:29:39.912841	0.72	-11.83	-2.13	0.28	-11.6	-4.97	-1.86	-8.13	1.48	-0.21	-6.95	-14.71
11:29:39.923023	0.6900000000000001	-10.67	-1.46	0.0	-9.34	-4.69	-0.11	-8.71	2.02	-0.21	-6.95	-14.71
11:29:39.933167	-0.03	-8.85	0.07	-0.91	-7.0200000000000005	-2.16	0.71	-9.22	0.93	-0.21	-6.95	-14.71
11:29:39.943298	-0.41000000000000003	-8.46	0.76	-2.22	-5.98	0.99	0.71	-9.22	0.93	0.64	-6.42	1.52
11:29:39.953565	-0.65	-8.28	1.34	-2.97	-6.92	1.21	1.58	-10.11	0.39	1.31	-9.35	-0.54
11:29:39.963639	-0.71	-8.36	2.32	-2.08	-7.54	0.66	1.58	-10.11	0.39	0.63	-10.24	-1.73
11:29:39.974097	-0.48	-8.57	2.4	-0.74	-8.42	0.45	1.24	-10.91	0.87	0.63	-10.24	-1.73
11:29:39.984211	-0.02	-8.85	2.22	2.2600000000000002	-10.3	0.27	-0.14	-8.75	1.17	0.07	-9.49	-1.58
11:29:39.994278	0.55	-9.040000000000001	1.86	3.48	-9.96	0.29	-0.14	-8.75	1.17	0.02	-9.02	-2.43
11:29:40.004346	1.7	-9.32	1.09	4.26	-9.96	0.55	0.89	-8.88	0.8300000000000001	1.1	-9.5	-0.08
11:29:40.014631	2.0100000000000002	-9.42	0.76	4.64	-10.4	0.53	1.77	-10.65	-0.21	1.1	-9.5	-0.08
11:29:40.024733	2.04	-9.51	0.35000000000000003	2.42	-10.1	0.92	2.36	-10.36	-0.41000000000000003	1.1	-9.5	-0.08
11:29:40.035071	1.8	-9.51	0.07	1.21	-9.49	0.89	2.36	-10.36	-0.41000000000000003	1.1500000000000001	-10.05	-2.52
11:29:40.045300	1.06	-9.49	-0.6	0.48	-9.35	0.8	2.06	-9.75	-1.06	1.75	-11.19	-0.98
11:29:40.055408	0.9	-9.49	-1.27	-0.01	-9.35	0.33	1.81	-9.74	-0.42	1.75	-11.19	-0.98
11:29:40.065476	0.9500000000000001	-9.43	-1.45	-0.44	-9.06	-0.64	1.6	-9.47	0.5700000000000001	1.75	-11.19	-0.98
11:29:40.076114	0.9500000000000001	-9.43	-1.45	-0.48	-8.870000000000001	-0.7000000000000001	1.6	-9.47	0.5700000000000001	0.74	-9.25	-2.46
11:29:40.086196	0.86	-9.44	-1.3	-0.53	-9.16	-0.88	0.24	-9.91	0.28	1.45	-9.790000000000001	-0.05
11:29:40.096265	0.54	-9.64	-1.12	-0.87	-9.64	-1.22	0.24	-9.91	0.28	1.45	-9.790000000000001	-0.05
11:29:40.106632	0.21	-9.75	-0.91	-1.43	-9.81	-0.91	0.23	-10.22	0.8200000000000001	1.45	-9.790000000000001	-0.05
11:29:40.116698	-0.27	-9.72	-0.7000000000000001	-1.58	-9.73	-0.8	0.23	-10.22	0.8200000000000001	1.45	-9.790000000000001	-0.05
11:29:40.126803	-0.49	-9.620000000000001	-0.62	-1.67	-9.55	-0.8	0.09	-9.72	-0.1	1.45	-9.790000000000001	-0.05
11:29:40.136884	-0.44	-9.450000000000001	-0.56	-1.5	-9.53	-0.72	0.35000000000000003	-9.28	0.12	1.45	-9.790000000000001	-0.05
11:29:40.146958	-0.25	-9.040000000000001	-0.4	-0.78	-9.09	-0.01	0.79	-9.23	0.41000000000000003	1.45	-9.790000000000001	-0.05
11:29:40.157497	-0.25	-9.040000000000001	-0.4	-0.25	-9.33	0.07	0.79	-9.23	0.41000000000000003	1.53	-9.6	-0.75
11:29:40.167575	-0.05	-8.76	-0.36	0.37	-9.53	0.03	1.23	-9.89	-0.34	1.9000000000000001	-9.55	-1.59
11:29:40.177652	-0.06	-8.74	-0.36	0.67	-9.47	0.33	1.23	-9.89	-0.34	1.25	-8.99	-3.4
11:29:40.187730	-0.1	-8.6	-0.41000000000000003	1.2	-9.15	0.5	1.74	-9.43	0.39	1.25	-8.99	-3.4
11:29:40.197796	-0.12	-8.66	-0.44	1.27	-9.33	0.34	1.74	-9.43	0.39	1.02	-9.78	-0.71
11:29:40.207866	-0.17	-8.71	-0.42	1.6500000000000001	-9.46	0.19	1.02	-9.68	0.32	1.02	-9.78	-0.71
11:29:40.217938	-0.25	-8.790000000000001	-0.4	1.78	-9.46	0.23	1.3800000000000001	-9.67	0.39	1.02	-9.78	-0.71
11:29:40.228015	-0.53	-9.0	-0.34	1.86	-9.49	0.47000000000000003	1.1	-9.620000000000001	0.9500000000000001	1.02	-9.78	-0.71
11:29:40.238140	-0.6	-9.15	-0.12	1.68	-9.6	0.35000000000000003	1.1	-9.620000000000001	0.9500000000000001	1.8	-9.53	-0.71
11:29:40.248251	-0.78	-9.290000000000001	-0.01	1.54	-9.67	0.13	0.36	-9.98	0.52	2.04	-9.47	-3.44
11:29:40.258375	-0.88	-9.48	0.14	1.21	-9.66	0.07	0.8300000000000001	-9.78	0.35000000000000003	2.04	-9.47	-3.44
11:29:40.268487	-1.01	-9.71	0.41000000000000003	0.49	-9.66	-0.07	0.8300000000000001	-9.78	0.35000000000000003	2.04	-9.47	-3.44
11:29:40.278582	-0.98	-9.8	0.52	0.24	-9.790000000000001	-0.25	0.3	-10.16	0.84	2.04	-9.47	-3.44
11:29:40.288686	-0.9	-9.77	0.5700000000000001	-0.07	-9.77	-0.27	0.3	-10.16	0.84	2.15	-9.51	-4.41
11:29:40.298804	-0.85	-9.66	0.59	-0.31	-9.64	-0.06	0.22	-9.44	1.19	1.3900000000000001	-9.28	-4.29
11:29:40.309440	-0.65	-9.36	0.38	-0.81	-9.32	0.15	0.23	-9.38	1.86	1.3900000000000001	-9.28	-4.29
11:29:40.319519	-0.51	-9.24	0.19	-0.98	-9.38	0.02	0.22	-9.8	1.03	1.3900000000000001	-9.28	-4.29
11:29:40.329679	-0.41000000000000003	-9.19	0.0	-1.06	-9.44	0.07	0.4	-9.86	0.73	1.3900000000000001	-9.28	-4.29
11:29:40.339824	-0.22	-9.120000000000001	-0.47000000000000003	-1.19	-9.4	0.51	0.63	-9.450000000000001	1.72	1.3900000000000001	-9.28	-4.29
11:29:40.349949	-0.18	-9.03	-0.64	-1.37	-9.39	0.73	0.64	-9.450000000000001	1.95	1.3900000000000001	-9.28	-4.29
11:29:40.360081	-0.15	-9.03	-0.8200000000000001	-1.32	-9.49	1.16	0.64	-9.450000000000001	1.95	1.3900000000000001	-9.28	-4.29
11:29:40.370202	-0.2	-9.05	-0.92	-1.32	-9.49	1.16	0.76	-9.59	1.31	1.3900000000000001	-9.28	-4.29
11:29:40.380713	-0.43	-9.19	-1.01	-1.3	-9.32	1.57	0.76	-9.59	1.31	1.5	-9.120000000000001	-5.22
11:29:40.390888	-0.47000000000000003	-9.32	-0.96	-1.27	-9.290000000000001	1.43	0.88	-9.76	2.2	1.72	-9.06	-1.6400000000000001
11:29:40.400982	-0.55	-9.56	-0.92	-0.75	-9.55	1.31	0.88	-9.76	2.2	0.99	-9.97	-5.21
11:29:40.411147	-0.59	-9.82	-0.8	-0.8300000000000001	-9.76	1.58	1.02	-9.76	2.24	0.99	-9.97	-5.21
11:29:40.421688	-0.65	-10.25	-0.42	-1.01	-9.85	1.36	1.02	-9.76	2.24	1.32	-9.4	-4.41
11:29:40.432028	-0.73	-10.450000000000001	-0.24	-1.07	-10.22	0.9400000000000001	1.02	-9.76	2.24	1.32	-9.4	-4.41
11:29:40.442360	-0.91	-10.65	-0.07	-1.6400000000000001	-10.3	1.27	0.55	-10.53	1.85	1.32	-9.4	-4.41
11:29:40.452725	-0.77	-10.540000000000001	0.13	-1.83	-10.59	1.0	0.6	-10.44	1.84	1.16	-10.950000000000001	-4.68
11:29:40.462866	-1.09	-11.02	0.24	-1.71	-10.53	0.78	0.6	-10.44	1.84	2.87	-10.48	-2.32
11:29:40.473001	-1.26	-11.07	0.3	-1.47	-10.59	0.62	0.6	-10.44	1.84	1.76	-10.91	-5.5600000000000005
11:29:40.483494	-1.29	-11.11	0.36	-1.21	-10.83	0.78	0.6	-10.44	1.84	1.76	-10.91	-5.5600000000000005
11:29:40.493847	-1.36	-11.22	0.42	-0.45	-10.93	1.31	0.16	-10.46	1.48	1.76	-10.91	-5.5600000000000005
11:29:40.503997	-1.56	-11.200000000000001	0.48	-0.47000000000000003	-10.89	0.84	0.04	-10.86	0.98	1.76	-10.91	-5.5600000000000005
11:29:40.514418	-1.6400000000000001	-11.15	0.41000000000000003	-0.11	-10.93	0.7000000000000001	0.16	-10.47	0.1	1.76	-10.91	-5.5600000000000005
11:29:40.524532	-1.68	-10.620000000000001	0.39	-0.04	-11.01	0.71	0.16	-10.47	0.1	1.76	-10.91	-5.5600000000000005
11:29:40.535097	-1.68	-10.620000000000001	0.39	-0.05	-10.870000000000001	0.34	0.16	-10.47	0.1	3.96	-10.53	-6.47
11:29:40.545466	-1.62	-10.36	0.38	0.08	-10.700000000000001	0.32	0.18	-10.540000000000001	0.15	3.0500000000000003	-10.32	-3.44
11:29:40.555531	-1.61	-10.25	0.39	0.05	-10.700000000000001	0.31	0.18	-10.540000000000001	0.15	3.0500000000000003	-10.32	-3.44
11:29:40.565765	-1.61	-10.25	0.39	0.03	-10.64	0.39	0.18	-10.540000000000001	0.15	2.21	-11.31	-5.7
11:29:40.575836	-0.72	-10.44	0.6900000000000001	0.19	-10.74	0.3	0.18	-10.540000000000001	0.15	2.21	-11.31	-5.7
11:29:40.585989	-0.72	-10.44	0.6900000000000001	0.45	-11.31	0.79	1.6	-11.27	-0.75	2.21	-11.31	-5.7
11:29:40.596571	0.05	-11.0	1.16	0.62	-12.120000000000001	0.8300000000000001	1.6	-11.27	-0.75	-0.2	-13.9	-4.0
11:29:40.606636	0.01	-12.780000000000001	2.35	0.48	-12.27	0.75	0.67	-11.69	-0.35000000000000003	-0.2	-13.9	-4.0
11:29:40.616705	-1.6	-12.85	2.85	-0.01	-11.950000000000001	0.55	-1.1400000000000001	-11.24	-0.55	-0.2	-13.9	-4.0
11:29:40.626780	-2.45	-12.26	2.5	-0.2	-11.86	0.76	-1.7	-11.35	-1.18	-0.2	-13.9	-4.0
11:29:40.636857	-2.73	-11.42	1.9000000000000001	-0.73	-11.52	0.59	-1.67	-11.27	-1.6300000000000001	-0.2	-13.9	-4.0
11:29:40.646935	-2.06	-10.5	1.18	-1.43	-10.64	-0.3	-1.92	-10.67	-1.45	-0.2	-13.9	-4.0
11:29:40.657009	0.6	-8.81	-0.19	-1.82	-10.17	-1.0	-2.07	-11.120000000000001	-1.37	-0.2	-13.9	-4.0
11:29:40.667135	0.6	-8.81	-0.19	-1.67	-9.86	-1.52	-2.07	-11.120000000000001	-1.37	-0.98	-14.85	-1.47
11:29:40.677258	2.62	-7.95	-1.42	-1.44	-9.71	-1.96	-1.0	-11.14	-1.52	-0.98	-14.85	-1.47
11:29:40.687332	2.72	-8.02	-1.83	-1.67	-9.46	-2.0	-1.0	-11.14	-1.52	-0.98	-14.85	-1.47
11:29:40.697406	1.92	-8.69	-1.94	-1.6400000000000001	-9.1	-1.72	0.17	-13.030000000000001	-3.62	-0.98	-14.85	-1.47
11:29:40.707479	1.87	-8.89	-1.73	-1.37	-8.72	-1.74	1.27	-13.4	-3.77	-0.98	-14.85	-1.47
11:29:40.717548	2.0	-8.9	-1.5	-1.46	-8.58	-1.06	1.27	-13.4	-3.77	4.55	-12.26	-3.88
11:29:40.727621	2.45	-8.78	-0.71	-1.94	-9.01	-0.23	1.27	-13.4	-3.77	5.78	-11.85	-9.21
11:29:40.737696	2.36	-8.76	-0.18	-2.52	-9.67	-0.61	2.74	-9.21	3.0	7.9	-8.55	-9.32
11:29:40.747805	2.0300000000000002	-8.78	0.29	-2.16	-10.41	-0.65	1.81	-10.290000000000001	5.19	7.9	-8.55	-9.32
11:29:40.757877	1.51	-8.96	0.74	-2.17	-11.0	0.48	1.81	-10.290000000000001	5.19	7.9	-8.55	-9.32
11:29:40.768009	0.74	-9.47	1.42	-2.23	-12.43	1.11	1.76	-11.35	8.14	7.9	-8.55	-9.32
11:29:40.778079	0.58	-9.74	1.75	-2.38	-12.84	1.83	1.3900000000000001	-10.98	8.57	7.9	-8.55	-9.32
11:29:40.788164	0.4	-10.040000000000001	1.98	-1.57	-13.39	1.9100000000000001	1.01	-10.3	5.26	2.58	-5.11	-2.54
11:29:40.798270	0.29	-10.19	2.02	-2.14	-13.15	2.2600000000000002	1.01	-10.3	5.26	2.58	-5.11	-2.54
11:29:40.808436	0.18	-10.200000000000001	1.71	-1.32	-12.6	1.16	0.42	-10.1	3.21	2.58	-5.11	-2.54
11:29:40.819039	0.15	-10.17	1.43	-1.27	-11.9	1.19	0.42	-10.1	3.21	0.47000000000000003	-6.58	6.09
11:29:40.829114	0.27	-10.120000000000001	1.25	-0.97	-11.370000000000001	0.62	1.54	-7.16	5.0200000000000005	0.47000000000000003	-6.58	6.09
11:29:40.839189	0.25	-10.16	1.0	-0.73	-10.85	-0.09	1.94	-7.5200000000000005	5.59	0.47000000000000003	-6.58	6.09
11:29:40.849326	0.23	-10.15	0.77	-0.29	-10.07	0.32	1.6	-6.96	5.96	0.47000000000000003	-6.58	6.09
11:29:40.859394	0.22	-10.02	0.68	-0.43	-9.790000000000001	0.37	0.76	-6.66	4.78	0.47000000000000003	-6.58	6.09
11:29:40.869478	0.24	-9.86	0.56	-0.99	-9.51	0.59	-0.19	-6.36	5.17	0.47000000000000003	-6.58	6.09
11:29:40.879593	0.25	-9.67	0.43	-0.77	-9.42	0.3	-0.19	-6.36	5.17	-0.41000000000000003	-10.44	2.5500000000000003
11:29:40.889853	0.3	-9.26	0.26	-1.07	-8.98	0.11	-0.19	-6.36	5.17	-0.41000000000000003	-10.44	2.5500000000000003
11:29:40.899935	0.29	-9.09	0.26	-1.19	-8.69	-0.22	-0.19	-6.36	5.17	-0.41000000000000003	-10.44	2.5500000000000003
11:29:40.910095	0.16	-9.0	0.32	-1.87	-7.8	-0.47000000000000003	-0.19	-6.36	5.17	0.42	-8.67	2.2600000000000002
11:29:40.920418	-0.02	-8.88	0.56	-1.87	-7.8	-0.47000000000000003	-0.81	-6.63	5.8100000000000005	0.42	-8.67	2.2600000000000002
11:29:40.930583	-0.06	-8.88	0.7000000000000001	-2.57	-7.29	-0.55	-0.81	-6.63	5.8100000000000005	0.42	-8.67	2.2600000000000002
11:29:40.940668	-0.13	-8.81	0.8	-2.6	-7.24	-0.47000000000000003	-1.58	-7.9	6.23	0.42	-8.67	2.2600000000000002
11:29:40.950824	-0.14	-8.77	0.85	-2.73	-7.19	-0.18	-1.47	-8.07	6.05	0.42	-8.67	2.2600000000000002
11:29:40.961415	-0.1	-8.59	0.9400000000000001	-2.65	-7.11	-0.1	-0.68	-8.57	5.91	0.42	-8.67	2.2600000000000002
11:29:40.971531	-0.12	-8.64	0.9500000000000001	-2.5100000000000002	-6.99	-0.22	-0.09	-8.73	5.73	0.42	-8.67	2.2600000000000002
11:29:40.981931	-0.09	-8.61	0.91	-2.5100000000000002	-6.99	-0.22	-0.09	-8.73	5.73	2.54	-12.97	-4.42
11:29:40.992013	-0.12	-8.620000000000001	0.85	-1.6500000000000001	-7.16	-1.01	-0.09	-8.73	5.73	2.84	-13.72	-5.32
11:29:41.002136	-0.07	-8.64	0.58	-0.98	-7.19	-1.6600000000000001	0.33	-9.4	5.04	2.84	-13.72	-5.32
11:29:41.012421	0.0	-8.63	0.43	-0.48	-7.16	-1.98	0.58	-9.23	4.8500000000000005	2.84	-13.72	-5.32
11:29:41.022523	0.01	-8.68	0.33	-0.17	-7.3500000000000005	-2.35	0.47000000000000003	-9.08	4.91	3.8000000000000003	-14.120000000000001	-7.17
11:29:41.032592	0.05	-8.700000000000001	0.26	0.4	-7.53	-3.17	0.47000000000000003	-9.08	4.91	3.48	-13.6	-6.99
11:29:41.043098	0.06	-8.69	0.26	0.64	-7.4	-3.21	-0.48	-9.82	4.96	3.48	-13.6	-6.99
11:29:41.053291	0.05	-8.69	0.29	0.78	-7.2700000000000005	-3.24	-0.56	-10.17	4.7700000000000005	3.58	-14.39	-7.28
11:29:41.063360	0.03	-8.68	0.33	0.84	-7.2700000000000005	-2.97	-0.55	-10.43	3.95	3.45	-14.59	-7.6000000000000005
11:29:41.073626	-0.06	-8.67	0.44	0.79	-7.32	-2.69	-0.44	-10.120000000000001	3.83	3.45	-14.59	-7.6000000000000005
11:29:41.083696	-0.24	-8.81	0.6900000000000001	0.74	-7.47	-2.59	-0.27	-9.67	3.5100000000000002	3.45	-14.59	-7.6000000000000005
11:29:41.093827	-0.33	-8.950000000000001	0.86	0.84	-7.63	-2.45	-0.1	-10.08	2.83	3.11	-14.06	-9.85
11:29:41.103911	-0.43	-9.14	0.99	0.62	-7.890000000000001	-2.48	-0.05	-10.14	2.0100000000000002	3.11	-14.06	-9.85
11:29:41.114637	-0.6	-9.51	1.29	0.71	-8.45	-2.47	-0.2	-10.27	1.78	2.7600000000000002	-13.8	-12.01
11:29:41.124709	-0.55	-9.85	1.49	0.81	-8.82	-2.9	-0.42	-10.26	1.43	2.7600000000000002	-13.8	-12.01
11:29:41.134821	-0.46	-9.870000000000001	1.49	0.76	-9.16	-3.2800000000000002	-1.05	-9.36	1.56	2.7600000000000002	-13.8	-12.01
11:29:41.144896	-0.46	-9.870000000000001	1.49	0.77	-9.51	-3.56	-1.41	-9.17	1.61	0.68	-12.14	-14.05
11:29:41.155268	-0.44	-10.08	1.5	0.71	-10.47	-4.0	-1.6300000000000001	-8.75	0.88	0.68	-12.14	-14.05
11:29:41.165398	-0.51	-10.21	1.45	0.6900000000000001	-10.97	-4.17	-1.77	-8.540000000000001	0.37	0.68	-12.14	-14.05
11:29:41.175521	-0.55	-10.370000000000001	1.36	0.79	-11.35	-4.64	-1.32	-7.930000000000001	0.27	1.81	-10.450000000000001	-16.1
11:29:41.185658	-0.46	-10.82	0.87	0.76	-11.42	-4.82	-0.9500000000000001	-7.84	-0.07	1.81	-10.450000000000001	-16.1
11:29:41.195788	-0.46	-11.02	0.75	0.71	-11.42	-4.87	-0.68	-8.02	-0.19	1.81	-10.450000000000001	-16.1
11:29:41.206403	-0.52	-11.13	0.58	0.58	-11.46	-4.93	0.03	-8.25	-0.08	1.8900000000000001	-9.32	-15.73
11:29:41.216494	-0.48	-11.24	0.47000000000000003	0.35000000000000003	-11.41	-4.73	0.14	-8.34	0.08	1.8900000000000001	-9.32	-15.73
11:29:41.226570	-0.77	-11.25	0.39	0.17	-11.13	-4.75	0.21	-8.47	0.31	1.8900000000000001	-9.32	-15.73
11:29:41.237128	-0.77	-11.25	0.39	-0.19	-10.290000000000001	-4.48	0.22	-8.53	0.68	1.8900000000000001	-9.32	-15.73
11:29:41.247249	-1.11	-11.120000000000001	0.5700000000000001	-0.25	-10.03	-3.71	0.03	-9.19	1.04	1.8900000000000001	-9.32	-15.73
11:29:41.257565	-1.24	-11.03	0.72	-0.24	-9.81	-3.35	-0.16	-9.22	1.45	3.45	-7.0600000000000005	-11.36
11:29:41.267636	-1.22	-10.790000000000001	0.93	-0.19	-9.52	-3.2800000000000002	-0.22	-9.26	1.81	3.0500000000000003	-8.32	-6.95
11:29:41.277757	-0.67	-10.82	1.01	-0.03	-9.200000000000001	-2.63	-0.32	-14.11	-3.47	0.74	-16.04	4.3
11:29:41.287882	0.29	-11.53	0.89	0.09	-10.73	-2.27	-0.97	-17.82	-9.09	0.74	-16.04	4.3
11:29:41.297996	0.62	-13.68	-0.43	0.25	-13.38	-1.87	-1.81	-18.25	-6.78	10.68	-9.25	-6.61
11:29:41.308158	0.68	-13.92	-1.1	-0.21	-14.280000000000001	-1.24	-0.51	-14.84	-1.18	6.53	-6.97	-8.36
11:29:41.318283	0.81	-13.84	-1.6500000000000001	0.44	-13.0	-1.55	-1.81	-9.9	2.59	-3.67	-8.24	-8.870000000000001
11:29:41.328891	0.9	-13.14	-1.95	0.78	-11.52	-1.29	-3.62	-8.99	2.48	-5.58	-8.65	-2.52
11:29:41.338964	1.16	-10.9	-1.24	0.8	-10.51	-0.43	-4.12	-8.78	1.36	4.93	-9.55	-1.35
11:29:41.349039	0.91	-9.86	-0.56	-0.74	-8.55	-2.5100000000000002	-1.47	-8.13	3.0	4.93	-9.55	-1.35
11:29:41.359120	0.46	-9.03	0.09	-1.98	-7.07	-2.46	-0.1	-9.26	1.72	0.25	-7.86	2.36
11:29:41.369275	-0.03	-8.370000000000001	0.76	-3.4	-6.05	-1.03	2.25	-9.15	1.01	0.25	-7.86	2.36
11:29:41.379352	-0.53	-7.79	1.97	-4.62	-6.09	-0.14	3.63	-11.05	0.6900000000000001	2.2	-7.86	-2.2
11:29:41.389451	-0.41000000000000003	-8.06	2.21	-3.89	-7.6000000000000005	-0.36	3.63	-11.05	0.6900000000000001	2.2	-7.86	-2.2
11:29:41.399572	-0.09	-8.58	2.08	-2.29	-8.65	-0.37	1.94	-10.49	1.21	2.2	-7.86	-2.2
11:29:41.410258	0.31	-9.03	1.59	-0.81	-9.43	-0.15	-1.17	-9.08	0.75	2.2	-7.86	-2.2
11:29:41.420365	1.51	-9.65	0.64	0.63	-9.65	0.19	-1.6	-9.21	0.66	0.4	-9.0	-1.5
11:29:41.430438	1.98	-9.700000000000001	0.16	2.2	-10.16	0.9500000000000001	-1.32	-9.47	0.66	1.24	-9.43	0.92
11:29:41.441006	2.24	-9.59	-0.34	2.6	-10.74	0.51	-0.28	-9.42	0.86	2.43	-8.98	-0.92
11:29:41.451147	2.37	-9.36	-0.78	2.48	-10.09	0.08	1.04	-9.77	-0.13	2.43	-8.98	-0.92
11:29:41.461272	2.5	-8.870000000000001	-1.09	0.9	-9.0	0.81	1.57	-10.1	-1.17	2.45	-10.32	0.11
11:29:41.471815	2.48	-8.77	-1.09	0.27	-9.08	0.8	2.05	-10.25	-1.68	2.45	-10.32	0.11
11:29:41.481913	2.2800000000000002	-8.78	-1.1	0.01	-9.35	0.49	2.18	-10.05	0.27	2.45	-10.32	0.11
11:29:41.492015	1.77	-9.13	-1.1300000000000001	0.11	-9.69	-0.24	1.78	-9.63	0.97	2.45	-10.32	0.11
11:29:41.502090	1.59	-9.26	-1.04	0.14	-9.21	-1.19	1.52	-9.23	0.54	1.07	-9.15	-3.39
11:29:41.512206	1.53	-9.28	-0.87	-0.13	-9.200000000000001	-1.53	1.32	-9.25	0.25	1.01	-9.040000000000001	-0.5
11:29:41.522306	1.3900000000000001	-9.35	-0.7000000000000001	-0.45	-8.89	-1.19	1.43	-10.16	1.18	0.79	-9.56	-3.2600000000000002
11:29:41.532989	0.9	-9.6	-0.28	-0.84	-8.99	-0.96	1.2	-10.41	1.03	1.11	-9.82	-2.56
11:29:41.543112	0.61	-9.72	-0.07	-0.6	-9.540000000000001	0.0	0.81	-10.370000000000001	0.99	1.29	-10.120000000000001	-2.41
11:29:41.553182	0.24	-9.8	0.0	-0.71	-9.51	0.05	0.33	-9.88	1.75	1.53	-8.88	-3.31
11:29:41.563267	-0.04	-9.8	0.05	-0.77	-9.51	0.12	0.0	-9.64	2.08	1.53	-8.88	-3.31
11:29:41.573559	-0.23	-9.6	0.07	-0.27	-9.450000000000001	0.08	-0.25	-9.52	1.94	2.0300000000000002	-8.64	-1.44
11:29:41.583631	-0.08	-9.49	0.03	0.15	-9.76	0.49	-0.47000000000000003	-9.94	1.56	2.0300000000000002	-8.64	-1.44
11:29:41.593706	0.09	-9.41	-0.01	0.31	-9.96	0.5	0.46	-10.4	1.1500000000000001	2.0300000000000002	-8.64	-1.44
11:29:41.603830	0.33	-9.38	-0.11	0.45	-9.89	0.67	0.96	-10.07	1.1300000000000001	2.0300000000000002	-8.64	-1.44
11:29:41.613927	0.37	-9.35	-0.35000000000000003	0.56	-9.6	0.76	1.1300000000000001	-9.68	1.3	2.05	-8.99	-0.9500000000000001
11:29:41.624030	0.35000000000000003	-9.33	-0.42	0.58	-9.32	0.68	0.97	-9.47	1.04	1.44	-9.290000000000001	-3.69
11:29:41.634132	0.38	-9.28	-0.44	0.75	-9.290000000000001	0.62	1.16	-9.41	0.91	1.44	-9.290000000000001	-3.69
11:29:41.644492	0.27	-9.23	-0.48	0.77	-9.34	0.6900000000000001	0.85	-9.55	1.1	1.19	-9.25	-2.27
11:29:41.655022	-0.02	-9.07	-0.6	0.9	-9.540000000000001	0.58	1.02	-10.09	0.5700000000000001	1.42	-9.97	-0.5700000000000001
11:29:41.665542	-0.05	-9.03	-0.6	0.64	-9.55	0.45	1.42	-9.81	0.62	1.42	-9.97	-0.5700000000000001
11:29:41.675985	-0.07	-9.03	-0.46	0.55	-9.49	0.42	1.19	-9.61	0.46	1.3900000000000001	-8.97	-3.48
11:29:41.686056	0.0	-9.040000000000001	-0.41000000000000003	0.31	-9.450000000000001	0.66	0.89	-9.61	0.71	1.3900000000000001	-8.97	-3.48
11:29:41.696182	0.04	-9.05	-0.31	-0.1	-9.73	0.68	0.81	-10.18	0.0	2.2600000000000002	-10.120000000000001	-1.11
11:29:41.706252	0.06	-9.14	-0.29	-0.21	-9.88	0.5	0.91	-9.84	0.06	2.2600000000000002	-10.120000000000001	-1.11
11:29:41.716332	0.05	-9.26	-0.15	-0.12	-9.85	0.34	0.68	-9.56	0.61	1.67	-9.05	-3.91
11:29:41.726403	0.02	-9.19	-0.11	-0.14	-9.61	0.24	0.41000000000000003	-9.93	0.51	1.67	-9.05	-3.91
11:29:41.736471	0.01	-9.14	-0.09	-0.34	-9.42	-0.11	0.53	-9.96	0.11	1.8900000000000001	-9.790000000000001	-1.96
11:29:41.746539	0.01	-9.120000000000001	-0.07	-0.51	-9.39	-0.16	0.84	-9.540000000000001	0.18	1.26	-9.4	-3.49
11:29:41.756610	0.06	-9.18	-0.12	-0.84	-9.39	0.11	0.85	-9.370000000000001	0.74	1.26	-9.4	-3.49
11:29:41.766742	0.09	-9.24	-0.14	-0.9500000000000001	-9.51	0.23	0.41000000000000003	-10.22	0.18	1.26	-9.4	-3.49
11:29:41.776807	0.06	-9.28	-0.18	-1.02	-9.870000000000001	0.6900000000000001	0.41000000000000003	-10.22	0.18	1.84	-9.66	-4.58
11:29:41.786879	0.03	-9.28	-0.25	-1.1300000000000001	-9.72	1.09	0.71	-9.74	0.61	1.84	-9.66	-4.58
11:29:41.796952	0.03	-9.38	-0.47000000000000003	-0.85	-9.74	1.32	0.59	-9.77	1.36	1.84	-9.66	-4.58
11:29:41.807030	0.05	-9.36	-0.51	-0.85	-9.78	1.48	0.27	-10.39	0.4	1.84	-9.66	-4.58
11:29:41.817106	0.11	-9.53	-0.56	-0.64	-9.84	1.09	0.6900000000000001	-10.05	0.86	1.33	-10.07	-4.79
11:29:41.827212	0.19	-9.72	-0.62	-0.51	-10.06	1.37	1.28	-9.67	0.6900000000000001	1.33	-10.07	-4.79
11:29:41.837365	0.24	-10.27	-0.62	-0.65	-10.23	1.59	1.11	-10.46	0.98	1.33	-10.07	-4.79
11:29:41.847517	0.15	-10.5	-0.53	-0.75	-10.450000000000001	1.52	0.76	-10.93	0.7000000000000001	1.71	-11.27	-1.92
11:29:41.857589	0.11	-10.71	-0.39	-1.03	-10.64	1.27	1.48	-10.49	1.18	-0.76	-9.96	-3.5700000000000003
11:29:41.867712	-0.26	-10.88	-0.09	-1.19	-10.620000000000001	1.21	0.15	-10.77	1.16	2.0	-10.34	-5.63
11:29:41.877810	-0.24	-10.63	-0.03	-1.3	-10.55	1.11	0.15	-10.77	1.16	3.75	-10.19	-4.19
11:29:41.887944	-0.41000000000000003	-10.8	0.07	-1.41	-10.64	0.8200000000000001	-0.27	-11.06	1.1	2.2600000000000002	-10.69	-4.8500000000000005
11:29:41.898066	-0.52	-10.77	0.15	-1.01	-10.790000000000001	1.3800000000000001	-0.11	-10.700000000000001	0.77	2.2600000000000002	-10.69	-4.8500000000000005
11:29:41.908650	-0.68	-10.85	0.29	-0.93	-10.83	1.17	-0.08	-10.66	1.48	4.74	-10.07	-5.8500000000000005
11:29:41.918727	-0.8	-10.93	0.34	-0.89	-10.82	1.04	-0.35000000000000003	-10.72	1.3	4.57	-10.06	-3.72
11:29:41.928844	-1.05	-10.85	0.42	-0.85	-10.57	0.8300000000000001	0.25	-10.05	1.34	4.57	-10.06	-3.72
11:29:41.938982	-1.17	-10.76	0.45	-0.67	-10.39	0.68	0.38	-10.040000000000001	1.35	2.88	-10.27	-5.04
11:29:41.949610	-1.28	-10.5	0.53	-0.77	-10.34	0.76	0.28	-10.33	0.81	2.7800000000000002	-10.05	-5.58
11:29:41.959683	-1.3	-10.36	0.51	-0.76	-10.22	0.62	0.54	-10.120000000000001	1.04	2.7800000000000002	-10.05	-5.58
11:29:41.969758	-1.27	-10.17	0.51	-0.63	-10.06	0.68	0.68	-9.74	1.34	1.21	-10.72	-5.0600000000000005
11:29:41.979830	-1.22	-9.99	0.49	-0.45	-9.93	0.71	0.63	-9.71	1.1500000000000001	0.9	-10.450000000000001	-5.18
11:29:41.989959	-1.27	-9.81	0.46	-0.45	-9.93	0.71	0.16	-10.05	0.88	0.9500000000000001	-10.44	-5.68
11:29:42.000036	-1.29	-9.65	0.42	-0.45	-9.85	0.49	0.54	-9.5	0.67	1.27	-10.34	-2.86
11:29:42.010133	-1.24	-9.51	0.42	-0.17	-9.63	0.63	0.61	-9.74	1.16	1.27	-10.34	-2.86
11:29:42.020810	-1.02	-9.52	0.42	-0.17	-9.63	0.63	1.61	-10.23	0.09	0.78	-11.06	-4.8
11:29:42.030908	0.18	-10.17	1.04	0.37	-10.700000000000001	0.54	1.46	-10.85	-0.35000000000000003	1.99	-12.73	-3.11
11:29:42.041525	0.79	-11.120000000000001	1.68	1.02	-11.700000000000001	0.86	0.97	-11.5	-0.77	-1.21	-14.02	-4.25
11:29:42.051717	0.8200000000000001	-11.9	2.14	0.9	-11.540000000000001	1.11	-0.02	-10.68	-0.21	-1.41	-12.13	-6.13
11:29:42.061853	-0.77	-12.49	2.97	0.46	-11.76	1.1	-1.35	-10.8	0.11	1.2	-13.370000000000001	-5.8100000000000005
11:29:42.072370	-1.76	-12.51	2.92	-0.06	-11.88	0.8200000000000001	-2.29	-12.21	-1.74	0.93	-13.57	-1.82
11:29:42.082893	-2.5100000000000002	-12.24	2.45	-0.96	-11.4	0.02	-2.06	-11.88	-1.23	0.93	-13.57	-1.82
11:29:42.093706	-2.48	-11.66	1.75	-1.57	-11.02	-0.45	-2.37	-11.53	-0.02	-0.78	-15.620000000000001	-3.79
11:29:42.103775	0.61	-9.89	0.18	-1.71	-10.700000000000001	-0.87	-2.18	-11.38	-0.41000000000000003	-0.9	-16.28	-3.45
11:29:42.113849	2.41	-9.120000000000001	-0.63	-1.83	-10.49	-1.3900000000000001	-1.53	-13.61	-3.44	0.85	-17.7	1.44
11:29:42.123925	3.63	-8.66	-1.3	-2.23	-9.78	-1.99	0.16	-14.27	-4.53	1.83	-17.740000000000002	0.96
11:29:42.134041	4.05	-8.39	-1.83	-1.98	-9.46	-1.92	2.36	-13.81	-4.33	4.49	-16.080000000000002	-1.1
11:29:42.144401	3.04	-8.35	-2.05	-1.6	-9.08	-1.25	2.66	-11.3	-0.24	5.83	-13.34	-4.37
11:29:42.154610	2.37	-8.38	-1.86	-1.48	-9.22	-1.11	2.48	-9.73	2.33	4.8500000000000005	-10.55	-10.8
11:29:42.164706	2.11	-8.33	-1.61	-1.6500000000000001	-9.69	-0.64	3.0100000000000002	-9.01	4.75	4.65	-7.6000000000000005	-9.64
11:29:42.175243	2.17	-8.3	-1.22	-1.55	-10.43	-1.19	1.9100000000000001	-9.98	6.22	3.08	-9.120000000000001	-6.09
11:29:42.185348	2.21	-8.56	-0.31	-1.48	-10.98	-0.67	0.51	-12.32	6.34	2.39	-11.77	-4.0600000000000005
11:29:42.195443	1.3900000000000001	-9.22	0.73	-1.24	-11.49	0.19	1.0	-12.81	3.98	3.4	-7.07	-0.91
11:29:42.205597	0.98	-9.63	1.17	-2.27	-12.33	1.5	1.27	-11.71	3.86	3.4	-7.07	-0.91
11:29:42.215758	0.53	-10.26	2.02	-1.6400000000000001	-12.38	1.86	1.68	-7.32	9.77	-8.85	1.5	5.39
11:29:42.225884	0.32	-10.36	2.22	-2.13	-12.08	3.11	1.42	-7.24	8.67	-5.87	5.76	10.38
11:29:42.235994	0.22	-10.25	2.22	-2.22	-11.97	2.96	1.3900000000000001	-8.43	5.59	1.0	0.35000000000000003	10.43
11:29:42.246146	0.37	-9.89	1.6	-1.93	-11.58	2.19	1.16	-9.38	3.02	5.89	-7.3	8.27
11:29:42.256703	0.55	-9.78	1.24	-1.62	-11.49	1.45	0.98	-9.27	2.54	5.89	-7.3	8.27
11:29:42.266829	0.67	-9.68	0.91	-0.92	-11.16	0.75	0.92	-7.87	3.62	-1.44	-7.76	5.89
11:29:42.276909	0.7000000000000001	-9.61	0.68	-0.47000000000000003	-10.68	0.18	0.92	-7.87	3.62	-1.44	-7.76	5.89
11:29:42.286978	0.66	-9.540000000000001	0.32	-0.44	-9.8	-0.33	1.01	-6.7	4.89	2.07	-0.31	5.97
11:29:42.297047	0.65	-9.5	0.22	-0.38	-9.53	0.11	1.09	-6.25	6.26	5.8500000000000005	-3.23	5.45
11:29:42.307182	0.68	-9.51	0.13	-1.09	-9.15	0.48	0.93	-5.83	5.82	5.8500000000000005	-3.23	5.45
11:29:42.317284	0.76	-9.450000000000001	0.12	-0.8	-8.950000000000001	0.18	0.73	-5.99	5.16	5.8500000000000005	-3.23	5.45
11:29:42.327574	0.71	-9.370000000000001	0.24	-1.35	-8.84	-0.1	0.45	-6.01	5.0	-1.45	-9.44	3.84
11:29:42.337701	0.39	-9.4	0.38	-1.4000000000000001	-8.92	-0.45	-0.4	-6.05	5.48	0.5700000000000001	-6.74	3.86
11:29:42.347858	0.22	-9.38	0.59	-1.62	-8.59	-0.68	-0.6	-6.1000000000000005	5.5	0.36	-8.51	2.75
11:29:42.358373	0.0	-9.36	0.77	-1.69	-8.38	-0.87	-0.81	-6.16	5.6000000000000005	-0.87	-10.08	1.67
11:29:42.369853	-0.14	-9.11	1.07	-2.13	-7.71	-0.58	-0.92	-6.84	6.11	-1.41	-10.450000000000001	0.97
11:29:42.379933	-0.19	-8.99	1.23	-2.36	-7.3	-0.44	-0.98	-7.05	6.5200000000000005	0.65	-12.08	-1.07
11:29:42.390282	-0.21	-8.82	1.3	-2.36	-7.3	-0.44	-1.12	-7.23	6.32	0.65	-12.08	-1.07
11:29:42.400725	-0.17	-8.75	1.4000000000000001	-2.29	-6.97	-0.04	-1.45	-8.13	5.57	1.06	-13.43	-2.13
11:29:42.410829	-0.07	-8.58	1.17	-1.9000000000000001	-6.8	-0.22	-1.3	-8.42	5.74	2.82	-13.77	-4.33
11:29:42.420943	-0.08	-8.52	0.98	-1.72	-6.73	-0.37	-0.58	-8.620000000000001	5.61	2.9	-14.14	-4.8
11:29:42.431046	0.07	-8.52	0.78	-1.35	-6.68	-0.84	0.66	-9.0	5.61	2.87	-14.63	-5.42
11:29:42.441144	0.27	-8.66	0.3	-0.96	-6.69	-1.22	0.71	-9.35	5.29	3.17	-15.56	-6.82
11:29:42.451725	0.34	-8.75	0.11	-0.8	-6.92	-1.51	0.5	-9.71	5.1000000000000005	3.31	-16.03	-7.5200000000000005
11:29:42.461797	0.4	-8.870000000000001	-0.02	-0.56	-7.22	-2.0100000000000002	0.2	-10.0	5.01	3.16	-16.0	-8.21
11:29:42.471950	0.37	-8.97	-0.08	0.26	-8.0	-3.04	-0.34	-10.15	4.84	2.83	-15.47	-8.49
11:29:42.482025	0.12	-9.09	0.06	0.48	-7.97	-3.11	-0.37	-10.14	5.09	2.99	-15.06	-7.74
11:29:42.492095	0.03	-9.17	0.2	0.68	-8.040000000000001	-3.08	-0.4	-10.13	4.88	3.22	-15.67	-8.55
11:29:42.502384	-0.02	-9.17	0.35000000000000003	0.86	-8.31	-2.91	-0.52	-10.65	4.0600000000000005	3.45	-15.6	-9.19
11:29:42.512478	-0.02	-9.19	0.51	1.03	-8.39	-2.59	-0.45	-10.67	3.8000000000000003	3.93	-14.77	-9.07
11:29:42.522550	-0.1	-9.120000000000001	0.8200000000000001	1.19	-8.39	-2.5	-0.29	-10.26	3.5700000000000003	4.08	-13.47	-9.85
11:29:42.532672	-0.11	-9.14	0.91	1.21	-8.35	-2.37	-0.21	-10.17	3.3200000000000003	4.19	-13.26	-10.1
11:29:42.542743	-0.12	-9.17	1.0	1.16	-8.35	-2.36	0.1	-10.040000000000001	2.27	3.85	-13.52	-10.52
11:29:42.552939	-0.17	-9.290000000000001	1.09	1.08	-8.620000000000001	-2.64	-0.1	-9.96	1.9000000000000001	3.0	-12.91	-11.49
11:29:42.563055	-0.12	-9.56	1.1	1.1300000000000001	-8.81	-3.0	-0.09	-10.120000000000001	1.48	2.6	-12.63	-11.99
11:29:42.573646	-0.13	-9.74	1.18	1.1	-8.99	-3.08	0.02	-9.94	1.09	2.15	-12.27	-12.39
11:29:42.583765	-0.09	-9.94	1.1500000000000001	1.0	-9.26	-3.36	-0.1	-9.64	0.9500000000000001	2.15	-12.27	-12.39
11:29:42.594286	-0.13	-10.07	1.0	1.01	-9.77	-4.11	-0.27	-9.4	0.99	0.2	-10.88	-13.200000000000001
11:29:42.604377	-0.21	-10.450000000000001	0.93	1.17	-10.18	-4.19	-0.41000000000000003	-9.040000000000001	1.09	0.27	-10.93	-13.83
11:29:42.614455	-0.23	-10.6	0.85	1.1	-10.65	-4.33	-0.99	-8.540000000000001	0.3	0.89	-10.91	-14.66
11:29:42.624530	-0.25	-10.700000000000001	0.75	0.98	-11.07	-4.47	-1.08	-8.540000000000001	0.09	1.19	-10.17	-14.85
11:29:42.634667	-0.28	-10.9	0.5	1.06	-11.58	-4.6000000000000005	-0.93	-8.43	0.04	0.73	-9.74	-15.15
11:29:42.644734	-0.29	-10.950000000000001	0.28	0.97	-11.67	-4.62	-0.62	-8.14	-0.15	0.65	-9.48	-15.0
11:29:42.654806	-0.31	-11.0	0.17	0.96	-11.58	-4.5600000000000005	-0.29	-8.08	-0.33	0.63	-9.34	-14.56
11:29:42.664906	-0.39	-11.0	0.08	0.65	-11.24	-4.41	0.07	-8.02	-0.51	0.81	-9.22	-14.02
11:29:42.674980	-0.63	-10.85	0.0	0.68	-10.49	-4.08	0.32	-7.97	-0.37	1.77	-9.06	-12.5
11:29:42.685054	-0.72	-10.71	0.07	0.66	-9.97	-3.88	0.7000000000000001	-8.27	-0.13	1.77	-9.06	-12.5
11:29:42.695122	-0.81	-10.55	0.18	0.71	-9.52	-3.49	0.77	-8.43	0.24	4.22	-14.31	-10.27
11:29:42.705787	-0.9	-10.41	0.28	0.78	-8.99	-3.0300000000000002	0.71	-8.58	0.59	3.12	-7.54	-10.06
11:29:42.715877	-1.1	-10.09	0.56	1.03	-8.65	-2.91	0.19	-8.96	1.51	0.44	-5.55	-8.86
11:29:42.725948	-1.19	-9.97	0.68	1.05	-8.18	-2.7800000000000002	-0.04	-8.68	2.06	1.93	-7.48	-3.39
11:29:42.736028	-1.1	-9.83	0.78	1.02	-7.82	-2.41	-0.3	-8.91	1.9100000000000001	0.22	-14.97	3.91
11:29:42.746096	-0.46	-9.97	0.92	0.86	-10.5	-1.74	-0.46	-11.22	-0.03	9.4	-24.27	17.19
11:29:42.756213	0.54	-12.96	-0.25	0.53	-12.4	-1.02	-1.07	-17.6	-11.02	12.290000000000001	-13.41	-7.69
11:29:42.766283	0.67	-13.43	-0.77	-0.05	-12.950000000000001	-0.49	-1.1	-16.22	-4.48	9.34	-5.64	-8.02
11:29:42.776350	0.9	-13.63	-1.25	0.05	-13.25	-1.31	0.98	-12.6	-0.34	0.73	-6.55	-13.31
11:29:42.786427	1.16	-12.43	-1.51	0.18	-12.64	-1.61	-0.93	-10.67	2.66	0.73	-6.55	-13.31
11:29:42.796543	1.1	-11.47	-1.2	0.35000000000000003	-12.530000000000001	-2.2	-2.92	-10.31	1.18	4.07	-10.99	0.07
11:29:42.806630	0.8200000000000001	-10.43	-0.6900000000000001	-0.31	-11.28	-3.63	-2.86	-9.77	0.9400000000000001	4.8100000000000005	-7.0	1.1300000000000001
11:29:42.816761	0.25	-8.92	0.56	-1.43	-9.25	-3.77	-1.85	-8.36	2.31	0.8	-8.77	-3.37
11:29:42.827220	0.23	-8.67	1.03	-3.65	-6.55	0.27	1.46	-8.89	1.34	0.73	-8.81	-3.3200000000000003
11:29:42.837380	0.25	-8.69	1.3900000000000001	-3.75	-6.63	0.8200000000000001	3.1	-9.08	1.48	-0.16	-7.7700000000000005	-1.2
11:29:42.847478	0.27	-8.790000000000001	1.56	-2.97	-7.11	0.5	4.29	-9.65	1.44	0.28	-8.69	1.57
11:29:42.857646	0.68	-8.72	1.3900000000000001	-1.6600000000000001	-7.68	0.7000000000000001	1.4000000000000001	-11.47	1.35	2.1	-10.18	-4.59
11:29:42.868343	1.22	-8.66	1.06	0.5700000000000001	-8.120000000000001	1.7	-0.86	-8.52	1.99	1.49	-10.18	-2.79
11:29:42.878453	1.92	-8.71	0.74	1.3800000000000001	-8.63	2.0	-1.42	-8.53	1.85	-0.32	-9.24	-1.8800000000000001
11:29:42.888577	2.46	-8.81	0.34	2.34	-9.68	1.51	-0.4	-9.63	1.52	-0.63	-10.34	0.12
11:29:42.898683	2.57	-9.26	-0.35000000000000003	2.91	-10.88	0.96	0.6900000000000001	-10.22	1.6600000000000001	1.96	-8.51	-2.74
11:29:42.909238	2.19	-9.5	-0.68	2.17	-10.97	1.0	1.45	-10.49	1.23	1.34	-8.2	-2.13
11:29:42.919360	1.75	-9.65	-1.02	1.04	-10.25	1.09	1.82	-10.27	-0.24	1.35	-9.74	-3.02
11:29:42.929431	1.48	-9.8	-1.33	0.09	-9.64	0.85	1.57	-9.99	-0.61	2.57	-9.26	0.6
11:29:42.939569	1.42	-9.71	-1.84	-0.27	-9.36	0.48	1.54	-9.700000000000001	0.05	1.56	-10.05	-4.61
11:29:42.949704	1.46	-9.61	-1.8900000000000001	-0.74	-8.99	-0.53	1.72	-9.450000000000001	0.74	0.75	-9.38	-3.92
11:29:42.960342	1.47	-9.53	-1.78	-0.75	-8.47	-0.79	1.2	-9.98	0.63	0.85	-9.040000000000001	-2.7600000000000002
11:29:42.970508	1.32	-9.52	-1.58	-1.0	-9.26	-1.4000000000000001	0.88	-10.19	0.38	1.6	-9.14	-3.06
11:29:42.980604	0.65	-9.6	-1.02	-1.2	-9.540000000000001	-0.9400000000000001	0.71	-10.11	0.88	1.1400000000000001	-9.07	-3.47
11:29:42.990684	0.36	-9.6	-0.76	-0.97	-9.28	-0.48	1.19	-9.91	0.88	0.8200000000000001	-9.9	-1.6600000000000001
11:29:43.000776	0.11	-9.52	-0.5	-0.66	-9.36	-0.29	1.29	-9.98	0.37	1.41	-10.01	-4.65
11:29:43.010897	0.0	-9.23	-0.14	-0.22	-9.35	-0.22	1.43	-9.96	0.33	0.91	-8.64	-3.45
11:29:43.021229	0.06	-9.06	0.02	0.54	-9.1	0.53	1.6600000000000001	-9.52	0.93	1.06	-8.26	-2.82
11:29:43.031341	0.12	-8.85	0.17	0.92	-9.31	0.8	1.26	-9.44	1.04	1.8900000000000001	-8.99	-0.14
11:29:43.041486	0.24	-8.78	0.3	1.18	-9.540000000000001	0.9400000000000001	0.18	-9.84	0.9	2.5500000000000003	-8.91	-3.83
11:29:43.051603	0.25	-8.92	0.38	1.2	-9.92	0.7000000000000001	-0.38	-9.88	0.9500000000000001	2.07	-8.8	-3.43
11:29:43.062151	0.26	-9.03	0.27	1.32	-9.91	0.43	-0.34	-9.72	0.9	2.16	-8.61	-2.41
11:29:43.072222	0.09	-9.19	0.15	1.21	-9.82	0.35000000000000003	-0.24	-9.86	0.9500000000000001	2.0300000000000002	-9.94	-3.93
11:29:43.082315	-0.03	-9.36	0.06	1.21	-9.86	0.15	0.18	-9.97	0.64	1.52	-9.51	-3.83
11:29:43.092447	-0.19	-9.43	-0.19	1.1300000000000001	-9.540000000000001	0.0	0.99	-9.72	0.48	1.3800000000000001	-9.13	-4.21
11:29:43.102546	-0.28	-9.47	-0.26	0.76	-9.27	0.13	1.82	-9.57	0.89	1.94	-8.99	-1.98
11:29:43.112621	-0.26	-9.39	-0.24	0.67	-9.38	0.01	1.6300000000000001	-9.93	0.62	1.76	-9.68	-4.11
11:29:43.122747	-0.26	-9.36	-0.27	0.75	-9.59	-0.01	1.52	-10.14	0.33	0.93	-9.34	-3.5100000000000002
11:29:43.133174	-0.09	-9.290000000000001	-0.13	-0.29	-9.32	0.49	1.2	-9.4	0.71	0.99	-9.31	-4.49
11:29:43.143298	-0.03	-9.25	-0.07	-0.32	-9.35	0.56	0.71	-9.58	1.6	1.75	-9.02	-2.34
11:29:43.153383	-0.02	-9.16	0.0	-0.44	-9.58	0.5	0.36	-9.75	1.8	2.25	-9.11	-4.47
11:29:43.163456	0.05	-9.14	0.11	-0.45	-9.870000000000001	0.18	0.32	-10.1	1.1500000000000001	1.76	-9.15	-3.9
11:29:43.173533	0.06	-9.23	0.19	-0.88	-9.59	0.27	0.15	-9.77	1.81	1.6400000000000001	-9.26	-4.63
11:29:43.183622	0.02	-9.31	0.19	-0.97	-9.61	0.39	-0.05	-9.56	2.5300000000000002	2.06	-9.27	-1.8900000000000001
11:29:43.193705	0.0	-9.33	0.12	-1.07	-9.69	0.39	-0.26	-10.200000000000001	1.62	1.95	-9.3	-4.49
11:29:43.203778	0.0	-9.48	-0.03	-1.26	-9.67	0.44	0.37	-9.89	1.16	1.35	-9.78	-4.3
11:29:43.213851	0.01	-9.48	-0.17	-1.6300000000000001	-9.53	0.89	0.6	-9.67	1.44	1.41	-9.59	-5.11
11:29:43.223951	0.05	-9.38	-0.36	-1.78	-9.46	1.0	0.5700000000000001	-9.72	1.79	2.31	-9.71	-3.5
11:29:43.234052	0.12	-9.26	-0.49	-1.68	-9.55	0.9	0.26	-10.18	0.98	1.74	-9.8	-4.33
11:29:43.244202	0.16	-9.14	-0.6900000000000001	-1.61	-9.73	1.11	0.72	-9.84	0.97	1.29	-10.08	-5.21
11:29:43.254284	0.2	-9.17	-0.75	-1.1	-9.94	1.47	0.8	-9.74	1.3900000000000001	1.54	-9.74	-4.3100000000000005
11:29:43.264361	0.2	-9.27	-0.8300000000000001	-0.7000000000000001	-10.24	1.27	0.84	-10.07	1.49	2.35	-10.6	-4.72
11:29:43.274447	0.21	-9.42	-0.86	-0.61	-10.38	1.11	0.79	-10.5	1.09	1.19	-11.540000000000001	-4.97
11:29:43.284906	0.26	-10.0	-0.76	-0.43	-10.57	1.0	1.1	-10.24	1.1500000000000001	-0.5	-10.25	-5.09
11:29:43.295460	0.19	-10.33	-0.68	-0.78	-10.540000000000001	1.04	1.16	-10.34	1.82	1.81	-9.68	-3.0700000000000003
11:29:43.305691	0.09	-10.66	-0.53	-0.92	-10.540000000000001	0.8200000000000001	0.9400000000000001	-10.71	0.9400000000000001	1.81	-9.68	-3.0700000000000003
11:29:43.315759	-0.05	-10.870000000000001	-0.37	-0.88	-10.51	0.75	0.15	-10.53	1.03	1.57	-10.82	-5.14
11:29:43.325865	-0.32	-10.84	-0.01	-1.25	-10.43	0.75	0.5700000000000001	-10.290000000000001	0.49	2.96	-9.66	-5.73
11:29:43.336045	-0.56	-11.05	0.19	-1.04	-10.73	0.5	0.52	-10.31	1.07	4.04	-10.0	-3.29
11:29:43.346216	-0.99	-10.93	0.59	-0.8300000000000001	-10.63	0.43	-0.27	-11.11	0.8	2.82	-10.58	-4.92
11:29:43.356675	-1.25	-10.96	0.85	-0.67	-10.61	0.61	0.01	-10.58	0.6900000000000001	2.9	-10.48	-5.3
11:29:43.366973	-1.4000000000000001	-10.84	0.91	-0.65	-10.35	0.8200000000000001	0.22	-10.290000000000001	1.05	3.5700000000000003	-10.1	-5.91
11:29:43.377064	-1.3800000000000001	-10.71	0.9400000000000001	-0.65	-10.25	0.65	0.37	-10.22	1.22	2.34	-9.86	-3.49
11:29:43.387170	-1.3800000000000001	-10.71	0.9400000000000001	-0.63	-10.21	1.01	0.04	-10.49	0.8300000000000001	1.68	-11.0	-5.37
11:29:43.397277	-1.28	-10.21	0.79	-0.47000000000000003	-10.32	1.22	0.85	-9.870000000000001	0.43	1.57	-10.46	-5.65
11:29:43.407933	-1.17	-10.120000000000001	0.66	-0.49	-10.33	0.8200000000000001	0.9400000000000001	-9.75	1.19	1.57	-10.46	-5.65
11:29:43.418272	-1.1500000000000001	-10.01	0.56	-0.37	-10.17	0.67	0.5	-10.450000000000001	0.65	1.02	-10.23	-3.83
11:29:43.428394	-1.12	-9.77	0.33	-0.17	-10.13	0.67	0.86	-9.71	0.29	0.63	-11.27	-5.51
11:29:43.438669	-0.97	-9.72	0.23	-0.13	-10.13	0.6900000000000001	0.86	-9.71	0.29	0.45	-10.73	-5.7700000000000005
11:29:43.448753	-0.58	-9.78	0.29	-0.26	-9.9	0.28	0.44	-9.57	0.96	0.9400000000000001	-11.02	-4.91
11:29:43.458868	0.04	-10.02	0.66	-0.04	-10.120000000000001	0.27	1.52	-10.58	-1.04	2.9	-10.39	-4.42
11:29:43.468976	0.42	-11.5	1.55	0.44	-10.91	0.59	2.04	-10.28	-1.04	2.67	-12.33	-6.79
11:29:43.479545	-0.34	-11.75	1.9100000000000001	0.88	-11.63	0.71	0.28	-11.22	-0.93	-0.55	-14.24	-4.21
11:29:43.489796	-1.11	-11.870000000000001	2.24	0.93	-11.3	0.44	-0.51	-11.26	-1.33	0.41000000000000003	-12.65	-2.88
11:29:43.499922	-1.8	-11.78	2.32	0.67	-11.41	0.18	-1.61	-11.07	-1.21	2.22	-13.57	-4.08
11:29:43.510479	-2.0100000000000002	-11.18	1.69	0.49	-11.41	0.1	-1.67	-11.27	-1.8	2.22	-13.57	-4.08
11:29:43.520601	-0.9	-10.55	1.1	-0.39	-11.01	-0.92	-2.04	-11.61	-1.45	-0.44	-16.23	0.34
11:29:43.530735	0.66	-9.94	0.49	-0.65	-10.8	-1.16	-2.08	-12.1	-0.7000000000000001	-0.44	-16.23	0.34
11:29:43.541273	1.92	-9.450000000000001	-0.22	-1.08	-10.55	-1.43	-1.8	-12.27	-1.45	-0.16	-16.9	-0.78
11:29:43.551442	2.95	-9.08	-1.35	-1.71	-10.31	-1.28	-0.91	-14.1	-3.52	1.1400000000000001	-18.080000000000002	-0.99
11:29:43.561539	2.81	-9.17	-1.56	-1.6600000000000001	-9.700000000000001	-1.43	0.42	-14.280000000000001	-3.64	1.1400000000000001	-18.080000000000002	-0.99
11:29:43.571861	2.52	-9.18	-1.62	-1.78	-9.07	-0.8300000000000001	1.8800000000000001	-14.21	-3.5	4.78	-13.13	-3.88
11:29:43.582310	2.5500000000000003	-8.58	-1.42	-1.95	-9.07	-0.61	2.5	-12.06	-1.08	5.0200000000000005	-10.67	-8.6
11:29:43.592467	2.73	-8.3	-1.27	-2.2	-9.55	-0.33	2.94	-9.51	2.54	5.17	-7.930000000000001	-11.370000000000001
11:29:43.603110	2.7800000000000002	-8.2	-0.99	-2.24	-10.68	-0.5	3.0500000000000003	-9.24	4.01	5.17	-7.930000000000001	-11.370000000000001
11:29:43.613214	2.5	-8.26	-0.6900000000000001	-1.6500000000000001	-11.42	-0.27	1.8900000000000001	-10.540000000000001	6.43	2.2600000000000002	-12.76	-4.8
11:29:43.623317	1.31	-9.23	0.23	-1.82	-12.14	0.11	1.1300000000000001	-12.6	6.61	-1.26	-8.94	-0.72
11:29:43.633386	0.75	-9.85	0.79	-1.87	-12.77	0.38	1.33	-12.370000000000001	4.46	-10.01	0.33	4.44
11:29:43.643671	0.48	-10.39	1.32	-2.0	-12.71	1.73	1.24	-10.93	5.3100000000000005	-11.82	5.0	9.67
11:29:43.653784	0.27	-10.78	1.77	-2.37	-12.370000000000001	2.43	1.01	-9.24	8.81	-7.7	7.23	9.56
11:29:43.663854	0.19	-10.69	2.12	-2.39	-11.93	2.34	0.73	-7.6000000000000005	9.35	-2.05	4.66	9.69
11:29:43.673963	0.14	-10.44	1.93	-2.19	-12.08	2.31	0.62	-8.09	6.41	5.37	-9.620000000000001	5.78
11:29:43.684033	0.21	-10.19	1.57	-1.21	-11.82	1.56	0.73	-8.94	3.84	4.76	-14.24	4.28
11:29:43.694100	0.44	-10.11	1.23	-0.76	-11.68	1.07	0.8300000000000001	-8.89	2.4	1.72	-12.620000000000001	3.91
11:29:43.704184	0.49	-9.86	0.5700000000000001	-0.21	-11.25	0.68	0.55	-7.66	3.14	1.72	-12.620000000000001	3.91
11:29:43.714256	0.44	-9.77	0.26	-0.74	-10.07	-0.03	0.84	-6.49	4.63	3.84	-2.81	4.86
11:29:43.724347	0.49	-9.63	0.09	-0.98	-9.4	0.28	1.21	-6.33	5.5	7.5600000000000005	-2.2	5.59
11:29:43.734472	0.55	-9.1	-0.31	-1.09	-8.96	0.36	0.84	-5.22	6.0	5.3100000000000005	-4.01	4.07
11:29:43.744596	0.54	-8.92	-0.31	-1.46	-8.59	0.21	0.33	-5.41	4.78	-1.33	-9.6	4.49
11:29:43.754958	0.52	-8.790000000000001	-0.25	-1.3800000000000001	-8.13	-0.38	0.05	-5.69	4.73	-1.83	-9.78	3.59
11:29:43.765479	0.27	-8.620000000000001	0.05	-1.49	-7.79	-0.41000000000000003	-0.8300000000000001	-5.71	5.13	0.17	-7.74	4.59
11:29:43.775585	0.16	-8.65	0.22	-1.6600000000000001	-7.7	-0.63	-0.99	-5.63	5.41	0.64	-6.68	3.33
11:29:43.786185	0.13	-8.63	0.38	-1.62	-7.48	-0.46	-1.06	-5.9	5.37	-1.37	-9.39	1.73
11:29:43.796696	0.1	-8.620000000000001	0.5700000000000001	-2.06	-7.25	-0.13	-0.99	-5.79	5.99	-1.74	-10.27	1.17
11:29:43.806777	0.0	-8.61	0.84	-2.29	-7.1000000000000005	-0.16	-0.53	-6.67	6.16	-1.74	-10.27	1.17
11:29:43.816897	0.0	-8.76	0.92	-2.43	-6.98	0.01	-0.6900000000000001	-7.390000000000001	5.92	-0.49	-12.8	-1.49
11:29:43.827010	-0.07	-8.77	0.87	-2.49	-7.0600000000000005	0.2	-1.02	-7.75	5.96	0.8200000000000001	-13.92	-3.5700000000000003
11:29:43.837120	-0.03	-8.870000000000001	0.88	-2.46	-7.25	0.27	-1.79	-8.16	6.03	1.52	-14.13	-4.39
11:29:43.847846	-0.02	-8.97	0.64	-2.41	-7.22	0.02	-1.87	-8.4	6.15	2.25	-14.39	-5.25
11:29:43.857947	-0.01	-9.0	0.43	-2.27	-7.140000000000001	-0.44	-1.56	-8.91	6.0200000000000005	2.85	-14.13	-5.5200000000000005
11:29:43.868071	0.1	-9.01	0.29	-2.04	-7.16	-0.92	-0.91	-9.17	5.86	3.71	-14.34	-6.3
11:29:43.878141	0.26	-9.040000000000001	0.19	-1.3800000000000001	-7.03	-1.72	0.37	-9.56	5.8	3.5300000000000002	-15.1	-6.94
11:29:43.888262	0.34	-9.0	0.04	-0.75	-7.28	-2.35	0.81	-9.59	5.57	3.4	-15.22	-7.17
11:29:43.898329	0.31	-8.91	0.03	-0.27	-7.74	-2.72	0.77	-9.48	5.37	4.09	-14.19	-7.51
11:29:43.908866	0.37	-8.92	0.1	0.14	-7.92	-2.99	0.77	-9.48	5.37	4.18	-14.08	-7.61
11:29:43.918972	0.35000000000000003	-8.99	0.2	0.93	-7.9	-3.21	0.3	-9.76	4.97	4.3	-14.35	-7.53
11:29:43.929139	0.23	-9.19	0.5	1.05	-7.86	-2.98	-0.15	-10.16	4.57	4.44	-14.86	-7.74
11:29:43.939266	0.01	-9.26	0.7000000000000001	1.2	-7.84	-2.79	-0.93	-10.44	4.2	4.3	-14.790000000000001	-8.75
11:29:43.949883	-0.11	-9.290000000000001	0.8300000000000001	1.18	-7.79	-2.5100000000000002	-0.8	-10.3	3.86	4.32	-14.21	-8.870000000000001
11:29:43.959993	-0.29	-9.48	1.03	1.16	-7.92	-2.2	-0.47000000000000003	-10.290000000000001	3.3200000000000003	3.8200000000000003	-14.540000000000001	-9.75
11:29:43.970079	-0.33	-9.58	1.11	1.11	-8.02	-2.39	0.11	-10.46	2.75	4.12	-14.69	-10.39
11:29:43.980196	-0.34	-9.63	1.16	1.1	-8.22	-2.52	0.22	-10.77	2.02	4.23	-14.8	-12.14
11:29:43.990837	-0.38	-9.76	1.23	1.1500000000000001	-8.94	-3.0500000000000003	0.05	-10.5	1.67	3.99	-13.74	-12.72
11:29:44.000935	-0.38	-10.03	1.16	1.1500000000000001	-9.42	-3.36	-0.47000000000000003	-9.72	1.36	3.5	-11.49	-14.42
11:29:44.011082	-0.43	-10.11	1.1500000000000001	1.27	-9.83	-3.71	-0.65	-9.47	1.04	2.74	-10.92	-14.74
11:29:44.021183	-0.43	-10.11	1.1500000000000001	1.42	-10.18	-4.0200000000000005	-0.79	-9.17	1.06	1.94	-10.81	-15.01
11:29:44.031820	-0.44	-10.32	1.16	1.42	-11.3	-4.64	-0.79	-8.9	1.4000000000000001	1.27	-10.97	-15.74
11:29:44.041961	-0.4	-10.6	1.11	1.33	-11.78	-4.82	-0.78	-8.61	0.07	0.6	-10.44	-16.97
11:29:44.052560	-0.53	-11.14	0.84	1.22	-12.01	-4.96	-0.64	-8.47	-0.14	0.42	-9.57	-16.93
11:29:44.062643	-0.68	-11.27	0.7000000000000001	1.22	-11.98	-5.0	-0.31	-8.08	-0.13	0.51	-9.42	-16.72
11:29:44.072731	-0.73	-11.34	0.48	0.99	-11.870000000000001	-4.82	0.0	-7.66	-0.1	0.68	-9.55	-16.330000000000002
11:29:44.082801	-0.79	-11.38	0.33	0.85	-11.63	-4.61	0.13	-7.930000000000001	-0.22	1.17	-9.56	-14.97
11:29:44.092906	-0.81	-11.18	0.13	0.71	-11.18	-4.45	0.33	-8.13	-0.09	1.71	-9.33	-14.09
11:29:44.102980	-0.84	-10.97	0.09	0.51	-10.02	-3.66	0.5700000000000001	-8.17	0.11	2.5100000000000002	-10.21	-12.42
11:29:44.113059	-0.8200000000000001	-10.81	0.13	0.45	-9.57	-3.19	0.67	-8.56	0.68	5.37	-13.700000000000001	-13.8
11:29:44.123131	-0.84	-10.6	0.14	0.47000000000000003	-9.1	-2.7800000000000002	0.68	-8.9	1.02	3.7	-5.73	-10.16
11:29:44.133201	-0.98	-10.13	0.33	0.47000000000000003	-8.620000000000001	-2.5100000000000002	0.39	-8.68	1.82	1.9000000000000001	-4.8100000000000005	-6.0200000000000005
11:29:44.143277	-1.01	-9.86	0.41000000000000003	0.43	-7.57	-2.31	-0.59	-9.620000000000001	2.58	3.43	-10.55	-0.47000000000000003
11:29:44.153350	-0.68	-9.63	0.72	0.62	-7.91	-2.19	-0.48	-12.44	0.28	2.73	-23.7	25.27
11:29:44.163462	-0.68	-9.63	0.72	0.8	-9.32	-1.49	-0.21	-15.950000000000001	-6.55	10.17	-20.150000000000002	8.700000000000001
11:29:44.173548	0.31	-11.01	0.53	0.66	-10.950000000000001	-0.49	-1.11	-17.0	-9.28	10.43	-11.67	-11.33
11:29:44.183619	0.22	-11.94	0.13	0.25	-11.790000000000001	-1.03	0.74	-11.49	0.2	6.8100000000000005	-5.5600000000000005	-12.52
11:29:44.193693	0.24	-12.52	-0.29	-0.64	-11.48	-0.9	0.5700000000000001	-9.88	2.41	-7.3	-8.85	-1.75
11:29:44.203767	0.65	-13.1	-1.0	-1.54	-11.78	0.37	-0.88	-10.14	3.49	-0.72	-11.76	1.8900000000000001
11:29:44.213848	0.79	-12.790000000000001	-1.11	-1.4000000000000001	-13.07	-1.33	-3.45	-10.11	1.17	5.83	-9.5	-1.06
11:29:44.223922	0.79	-12.14	-1.07	-1.6400000000000001	-10.53	-4.25	-2.8000000000000003	-9.0	2.92	3.85	-6.3500000000000005	-0.35000000000000003
11:29:44.233994	0.76	-11.18	-0.79	-2.5100000000000002	-8.74	-2.36	-0.87	-9.21	1.51	1.34	-9.8	-3.04
11:29:44.244064	0.6900000000000001	-9.49	0.05	-3.2800000000000002	-7.69	-0.3	0.06	-9.72	0.93	1.78	-8.040000000000001	-2.09
11:29:44.254400	1.01	-8.88	0.8300000000000001	-3.23	-7.46	0.66	3.5300000000000002	-9.950000000000001	0.86	0.81	-7.94	-1.9100000000000001
11:29:44.264535	1.06	-8.84	1.01	-1.68	-7.7	0.91	3.44	-11.17	0.88	-0.11	-8.28	1.09
11:29:44.274653	0.87	-8.65	0.97	-0.56	-7.91	0.86	2.29	-11.41	0.9	1.5	-11.49	-4.34
11:29:44.284814	1.09	-8.53	0.92	0.35000000000000003	-7.97	1.17	-0.15	-8.370000000000001	1.27	1.21	-9.450000000000001	-2.31
11:29:44.295079	1.45	-8.46	0.85	1.1500000000000001	-8.44	1.68	-0.52	-8.28	1.49	-0.42	-9.07	-2.42
11:29:44.305185	1.8900000000000001	-8.41	0.77	2.64	-10.370000000000001	1.08	-0.33	-8.71	1.51	1.76	-9.05	-1.82
11:29:44.315302	2.25	-8.89	0.39	3.09	-10.92	0.8300000000000001	0.07	-9.72	1.52	1.6500000000000001	-8.05	-2.47
11:29:44.325415	2.12	-9.200000000000001	0.15	2.73	-10.75	1.1300000000000001	1.53	-10.14	1.08	1.27	-8.700000000000001	-1.6400000000000001
11:29:44.335557	1.9100000000000001	-9.47	-0.1	1.74	-10.23	1.43	1.81	-10.22	0.4	1.67	-8.88	-2.61
11:29:44.345777	1.37	-9.790000000000001	-0.75	0.43	-9.6	0.88	1.6500000000000001	-9.99	-0.25	2.13	-10.76	-3.12
11:29:44.355852	1.18	-9.86	-1.04	0.0	-9.51	0.37	1.36	-9.82	-0.48	1.6500000000000001	-10.17	-4.15
11:29:44.366069	1.12	-9.790000000000001	-1.25	-0.17	-9.38	-0.34	1.6400000000000001	-9.69	0.14	1.25	-9.28	-3.39
11:29:44.376250	1.05	-9.68	-1.34	-0.42	-9.15	-0.8	1.55	-9.64	0.43	0.88	-8.700000000000001	-2.79
11:29:44.386322	0.91	-9.55	-1.1300000000000001	-0.64	-9.5	-1.8800000000000001	1.16	-9.68	0.46	1.98	-9.56	-2.42
11:29:44.396422	0.72	-9.53	-0.91	-1.08	-9.24	-1.3	0.79	-9.98	0.01	1.92	-9.4	-3.83
11:29:44.406512	0.48	-9.540000000000001	-0.68	-1.05	-9.450000000000001	-1.1300000000000001	0.98	-10.09	0.72	0.92	-9.35	-3.66
11:29:44.416655	0.14	-9.48	-0.5	-0.67	-9.6	-0.29	1.11	-10.14	0.9	1.27	-10.23	-1.3900000000000001
11:29:44.426729	-0.15	-9.32	-0.2	-0.51	-9.58	-0.19	1.04	-9.86	0.45	1.6	-9.31	-2.7800000000000002
11:29:44.436799	-0.19	-9.25	-0.07	-0.47000000000000003	-9.36	0.21	1.17	-9.59	0.79	1.33	-9.05	-3.44
11:29:44.446932	-0.14	-9.16	0.01	-0.21	-9.26	0.64	1.19	-9.6	1.1300000000000001	1.1300000000000001	-8.53	-4.12
11:29:44.457480	-0.07	-9.05	0.05	0.32	-9.19	1.07	1.0	-9.5	1.36	2.1	-9.36	-0.9400000000000001
11:29:44.467800	0.1	-8.99	0.07	0.74	-9.49	0.87	0.34	-9.9	1.12	1.96	-9.1	-3.4
11:29:44.477870	0.2	-9.07	-0.02	0.81	-9.63	0.99	0.44	-10.02	1.25	1.37	-8.98	-3.84
11:29:44.488025	0.11	-9.120000000000001	-0.1	1.07	-9.66	0.73	0.8300000000000001	-9.870000000000001	1.21	1.53	-8.64	-3.5100000000000002
11:29:44.498647	0.0	-9.18	-0.13	1.11	-9.67	0.6	0.79	-9.69	1.1400000000000001	1.7	-9.89	-2.79
11:29:44.508722	-0.24	-9.32	-0.32	1.2	-9.790000000000001	0.38	1.11	-9.99	0.46	1.36	-9.58	-2.91
11:29:44.518840	-0.34	-9.4	-0.31	1.0	-9.56	0.53	1.57	-9.83	0.16	1.3900000000000001	-9.700000000000001	-3.95
11:29:44.528942	-0.45	-9.4	-0.37	1.17	-9.55	0.33	1.52	-9.59	1.09	1.3900000000000001	-8.96	-3.87
11:29:44.539070	-0.49	-9.39	-0.35000000000000003	1.04	-9.36	0.18	1.43	-9.74	0.85	1.6400000000000001	-9.67	-3.2600000000000002
11:29:44.549191	-0.55	-9.28	-0.13	0.6	-9.28	0.34	1.26	-9.69	0.36	1.58	-9.27	-3.92
11:29:44.559732	-0.53	-9.32	0.0	0.71	-9.5	0.32	0.81	-9.84	0.29	1.62	-9.13	-4.5200000000000005
11:29:44.569833	-0.47000000000000003	-9.31	0.07	-0.22	-9.66	0.42	0.93	-10.05	0.1	2.37	-9.950000000000001	-1.3800000000000001
11:29:44.579906	-0.38	-9.200000000000001	0.21	-0.37	-9.58	0.41000000000000003	1.17	-9.96	0.17	1.87	-9.91	-4.4
11:29:44.590035	-0.33	-9.18	0.21	-0.61	-9.56	0.25	1.12	-9.56	0.52	1.27	-9.14	-4.0
11:29:44.600626	-0.28	-9.17	0.15	-0.88	-9.450000000000001	0.15	0.31	-9.58	1.52	1.5	-9.08	-4.46
11:29:44.610715	-0.25	-9.13	0.03	-0.85	-9.57	0.31	0.05	-10.23	0.77	1.29	-9.96	-4.64
11:29:44.620795	-0.08	-9.07	-0.2	-0.99	-9.52	0.49	0.46	-9.950000000000001	0.5700000000000001	1.03	-9.69	-4.43
11:29:44.630900	-0.01	-9.11	-0.36	-1.2	-9.48	0.71	1.1300000000000001	-9.43	1.56	1.34	-9.4	-5.22
11:29:44.641013	0.05	-9.16	-0.45	-1.18	-9.65	0.86	0.71	-10.02	1.36	2.17	-9.97	-2.5
11:29:44.651740	0.09	-9.16	-0.58	-1.19	-9.83	1.3900000000000001	0.22	-10.57	0.63	1.62	-9.950000000000001	-4.53
11:29:44.661810	0.13	-9.11	-0.71	-1.17	-9.950000000000001	1.46	0.59	-9.94	1.04	1.19	-10.1	-4.7700000000000005
11:29:44.671916	0.12	-9.21	-0.81	-1.24	-9.96	1.53	0.55	-9.78	2.24	2.2800000000000002	-9.700000000000001	-1.29
11:29:44.681993	0.12	-9.33	-0.9	-1.11	-10.06	1.35	0.22	-10.52	1.21	2.12	-10.58	-3.6
11:29:44.692066	0.13	-9.5	-0.91	-1.1300000000000001	-10.39	1.41	0.26	-10.73	1.21	1.28	-10.66	-4.7
11:29:44.702236	0.12	-10.05	-0.86	-1.27	-10.4	1.48	1.12	-10.17	1.45	1.32	-11.49	-5.82
11:29:44.712365	-0.01	-10.38	-0.75	-1.43	-10.4	1.3900000000000001	1.1300000000000001	-10.44	1.79	1.3	-9.46	-0.98
11:29:44.722448	-0.05	-10.35	-0.55	-0.97	-10.73	0.65	1.03	-11.14	0.8300000000000001	2.22	-11.0	-4.67
11:29:44.733047	-0.17	-10.71	-0.49	-1.26	-10.81	0.7000000000000001	0.68	-11.07	1.22	1.54	-10.96	-4.88
11:29:44.743148	-0.66	-11.11	-0.09	-0.9400000000000001	-10.91	0.92	0.28	-10.700000000000001	1.67	1.75	-11.15	-5.79
11:29:44.753220	-0.92	-11.21	0.07	-0.72	-10.76	0.98	0.44	-10.92	1.1400000000000001	3.93	-10.23	-2.8000000000000003
11:29:44.763323	-1.23	-11.290000000000001	0.26	-0.49	-10.52	1.11	0.0	-11.19	0.97	3.5	-10.56	-4.9
11:29:44.773405	-1.76	-11.41	0.56	-0.53	-10.67	1.35	0.42	-10.41	0.43	2.88	-10.77	-4.95
11:29:44.783470	-1.93	-11.39	0.72	-0.54	-10.75	1.32	0.55	-10.290000000000001	1.22	3.33	-10.28	-5.96
11:29:44.793537	-2.04	-11.31	0.8200000000000001	-0.34	-10.72	1.04	0.58	-10.5	0.78	3.0100000000000002	-10.22	-3.34
11:29:44.803627	-2.15	-11.17	0.87	0.0	-10.69	0.77	0.1	-10.88	0.58	2.0100000000000002	-11.1	-5.3
11:29:44.813692	-1.99	-10.69	0.8300000000000001	-0.11	-10.700000000000001	0.79	0.71	-10.22	0.49	1.6	-11.17	-4.84
11:29:44.823774	-1.85	-10.53	0.78	-0.25	-10.55	0.67	0.6	-10.22	0.91	1.8	-10.98	-3.58
11:29:44.833840	-1.7	-10.35	0.6900000000000001	-0.27	-10.41	0.35000000000000003	0.66	-10.22	0.34	1.36	-10.48	-3.5700000000000003
11:29:44.843911	-1.59	-10.11	0.52	-0.04	-10.19	0.56	0.54	-10.02	0.09	1.1	-11.11	-4.89
11:29:44.853979	-1.29	-9.72	0.34	0.02	-10.200000000000001	0.51	0.65	-9.92	0.12	1.24	-11.4	-4.8100000000000005
11:29:44.864089	-0.28	-9.790000000000001	0.49	0.23	-10.5	0.46	0.89	-10.07	0.27	2.8000000000000003	-11.72	-3.21
11:29:44.874217	0.37	-10.18	0.9500000000000001	0.51	-11.11	0.42	1.46	-10.67	-0.77	1.7	-11.64	-3.43
11:29:44.884288	0.21	-11.540000000000001	1.85	1.04	-11.75	0.66	1.22	-11.24	-1.04	-0.46	-14.030000000000001	-4.45
11:29:44.894353	-0.9500000000000001	-12.09	2.21	0.8200000000000001	-11.58	0.74	0.62	-11.07	-1.18	-1.41	-13.780000000000001	-5.05
11:29:44.904459	-1.94	-12.43	2.39	0.33	-11.63	0.52	-0.36	-10.75	-0.99	1.18	-14.27	-1.9100000000000001
11:29:44.914560	-2.72	-12.3	2.12	-0.06	-11.52	0.08	-2.0	-11.63	-1.74	0.52	-14.41	-1.3900000000000001
11:29:44.924663	-2.14	-11.120000000000001	1.1500000000000001	-1.02	-10.950000000000001	-0.72	-1.9000000000000001	-11.61	-2.31	-0.27	-14.61	-3.27
11:29:44.934790	-0.24	-10.3	0.53	-1.02	-10.73	-0.9500000000000001	-1.8	-11.36	-1.6300000000000001	-1.17	-15.82	-2.0300000000000002
11:29:44.944903	1.67	-9.51	-0.12	-1.1400000000000001	-10.55	-1.17	-2.14	-11.540000000000001	-0.47000000000000003	-0.98	-17.28	0.36
11:29:44.955341	3.25	-8.540000000000001	-1.23	-1.24	-10.23	-1.54	-1.49	-12.32	-3.18	0.19	-17.93	1.27
11:29:44.965447	3.06	-8.38	-1.41	-1.6	-9.59	-1.58	-0.7000000000000001	-13.5	-4.41	2.43	-17.67	0.65
11:29:44.975586	2.58	-8.46	-1.35	-1.43	-9.22	-1.56	1.0	-13.73	-5.03	5.89	-15.46	-4.62
11:29:44.985716	2.12	-8.52	-1.33	-1.43	-8.86	-0.77	2.08	-11.32	-0.77	4.64	-13.540000000000001	-8.66
11:29:44.995860	2.15	-8.43	-1.22	-1.03	-8.9	-0.93	2.06	-10.67	0.53	4.54	-9.870000000000001	-11.28
11:29:45.006560	2.38	-8.4	-1.06	-2.38	-9.81	-1.19	2.56	-9.200000000000001	3.1	5.1000000000000005	-7.51	-8.33
11:29:45.016685	2.36	-8.42	-0.84	-1.86	-10.41	-1.33	2.37	-10.28	4.26	0.65	-15.22	-4.8500000000000005
11:29:45.026806	2.12	-8.6	-0.56	-2.1	-10.83	0.58	0.86	-12.700000000000001	6.79	1.18	-14.3	-2.75
11:29:45.036876	1.26	-9.31	0.16	-1.8900000000000001	-11.76	0.96	1.01	-13.66	4.62	2.87	-10.17	0.17
11:29:45.046950	0.91	-9.73	0.61	-2.36	-12.63	2.42	1.49	-13.22	3.39	1.37	-6.42	2.0300000000000002
11:29:45.057400	0.68	-10.02	0.98	-1.85	-12.370000000000001	2.4	2.27	-9.58	7.08	-8.67	5.72	8.28
11:29:45.067768	0.5700000000000001	-10.17	1.37	-2.05	-12.14	2.7600000000000002	2.4	-7.45	10.4	-7.8100000000000005	8.52	12.57
11:29:45.077849	0.21	-10.07	1.55	-1.9100000000000001	-11.85	1.99	1.8800000000000001	-6.7	10.08	-1.9000000000000001	8.23	11.93
11:29:45.087916	0.01	-9.94	1.44	-1.28	-12.27	1.35	1.6300000000000001	-7.5	6.86	7.140000000000001	-11.4	7.87
11:29:45.098013	0.15	-9.96	1.3	-1.32	-11.97	1.4000000000000001	1.1500000000000001	-9.950000000000001	2.46	4.61	-17.38	2.5500000000000003
11:29:45.108132	0.28	-9.89	1.01	-0.53	-11.81	0.41000000000000003	0.87	-9.34	2.59	0.39	-13.200000000000001	4.5
11:29:45.118726	0.29	-9.83	0.61	-0.53	-10.76	-0.04	0.97	-7.9	3.56	-4.41	-6.53	7.96
11:29:45.128853	0.24	-9.71	0.42	-0.52	-9.69	0.23	1.49	-6.25	6.3	3.21	-0.25	6.2700000000000005
11:29:45.138923	0.19	-9.57	0.3	-0.96	-9.17	0.65	1.6500000000000001	-5.65	6.74	5.99	-1.81	6.41
11:29:45.149127	0.21	-9.24	0.08	-1.21	-8.53	0.37	1.4000000000000001	-5.05	6.01	3.65	-4.87	5.37
11:29:45.159694	0.17	-9.13	0.05	-1.41	-8.5	-0.08	0.78	-5.29	5.23	-1.21	-10.06	5.39
11:29:45.169812	0.16	-9.0	0.09	-1.6400000000000001	-8.19	-0.36	-1.0	-5.96	5.62	-2.14	-10.19	3.74
11:29:45.179969	0.03	-8.92	0.19	-1.73	-7.86	-0.52	-1.29	-6.04	5.8500000000000005	-0.14	-7.07	4.16
11:29:45.190069	-0.21	-8.85	0.53	-2.23	-7.28	-0.67	-1.24	-5.8500000000000005	6.21	0.52	-6.87	3.25
11:29:45.200661	-0.41000000000000003	-8.86	0.67	-2.23	-7.19	-0.67	-1.07	-6.24	6.13	-0.18	-8.77	2.31
11:29:45.210735	-0.45	-8.91	0.8	-2.33	-7.0	-0.55	-0.9400000000000001	-6.95	6.140000000000001	-0.4	-12.23	-0.92
11:29:45.220839	-0.46	-8.82	0.87	-2.35	-6.8	0.02	-0.9400000000000001	-7.41	6.16	0.47000000000000003	-12.92	-1.9100000000000001
11:29:45.230978	-0.4	-8.870000000000001	1.07	-1.99	-6.93	0.06	-0.6900000000000001	-7.68	6.32	1.1400000000000001	-13.93	-3.2600000000000002
11:29:45.241068	-0.36	-8.92	1.07	-1.8	-6.95	-0.08	-0.61	-7.79	6.3	1.84	-14.23	-3.94
11:29:45.251667	-0.39	-9.03	1.06	-1.6	-6.86	-0.29	-0.4	-8.040000000000001	6.21	2.42	-14.06	-4.38
11:29:45.261796	-0.38	-8.97	1.03	-1.36	-6.84	-0.6	0.44	-8.82	5.99	2.8000000000000003	-14.36	-4.86
11:29:45.271881	-0.15	-8.92	0.81	-0.8200000000000001	-6.66	-1.03	0.68	-9.19	5.9	3.5700000000000003	-15.33	-6.25
11:29:45.282010	0.0	-8.86	0.65	-0.48	-6.84	-1.47	0.76	-9.55	5.69	3.73	-15.67	-7.11
11:29:45.292075	0.15	-8.8	0.43	-0.1	-6.91	-1.75	0.8	-9.71	5.6000000000000005	3.61	-15.42	-7.49
11:29:45.302147	0.25	-8.82	0.25	0.34	-7.17	-2.1	0.27	-9.68	5.43	3.11	-15.24	-7.8500000000000005
11:29:45.312271	0.29	-8.790000000000001	0.02	0.73	-7.51	-2.7800000000000002	0.11	-9.67	5.39	3.12	-15.200000000000001	-8.24
11:29:45.322359	0.23	-8.82	-0.03	0.73	-7.390000000000001	-2.81	-0.06	-9.93	5.4	3.56	-15.76	-8.89
11:29:45.332437	0.13	-8.85	0.01	0.78	-7.4	-2.88	-0.23	-10.59	4.75	3.99	-15.8	-9.93
11:29:45.342543	-0.15	-9.02	0.18	0.77	-7.49	-2.74	-0.29	-10.68	4.36	4.65	-15.25	-11.09
11:29:45.352609	-0.21	-9.09	0.3	1.09	-8.09	-2.66	-0.34	-10.57	4.15	4.93	-14.540000000000001	-11.6
11:29:45.362708	-0.29	-9.16	0.41000000000000003	1.4000000000000001	-8.36	-2.67	-0.38	-10.15	3.94	4.17	-14.06	-12.040000000000001
11:29:45.372889	-0.34	-9.200000000000001	0.49	1.49	-8.59	-2.86	-0.4	-10.09	3.24	3.54	-14.35	-12.9
11:29:45.383538	-0.49	-9.49	0.75	1.6400000000000001	-9.0	-3.63	-0.54	-9.67	2.75	3.0	-13.73	-13.98
11:29:45.393610	-0.48	-9.64	0.8300000000000001	1.8800000000000001	-9.32	-4.03	-0.47000000000000003	-10.1	2.06	2.7	-13.01	-14.38
11:29:45.403675	-0.5	-9.88	0.9400000000000001	1.82	-9.69	-4.18	0.14	-9.84	1.4000000000000001	2.9	-12.71	-15.13
11:29:45.413747	-0.5	-10.05	0.96	1.59	-9.9	-4.3100000000000005	0.34	-9.73	0.92	3.21	-12.13	-15.790000000000001
11:29:45.423826	-0.63	-10.450000000000001	0.99	1.1300000000000001	-10.81	-4.5200000000000005	0.31	-9.540000000000001	0.87	1.85	-11.34	-16.080000000000002
11:29:45.433937	-0.78	-10.67	0.97	1.05	-11.35	-4.5	0.01	-9.620000000000001	0.99	1.07	-11.11	-16.45
11:29:45.444007	-0.91	-10.92	0.89	1.09	-11.68	-4.2	-0.97	-8.57	0.22	1.07	-10.51	-16.65
11:29:45.454082	-1.05	-11.19	0.76	1.11	-11.94	-4.04	-1.1500000000000001	-8.49	0.17	0.89	-10.05	-16.41
11:29:45.464145	-1.19	-11.75	0.28	1.23	-12.06	-4.16	-0.92	-8.540000000000001	0.14	1.1	-9.92	-16.09
11:29:45.474219	-1.3	-11.97	0.22	1.12	-11.73	-4.04	-0.22	-8.42	0.2	1.21	-9.67	-15.65
11:29:45.484298	-1.35	-11.870000000000001	0.07	1.03	-11.3	-3.87	0.07	-8.36	0.14	1.35	-9.76	-14.93
11:29:45.494368	-1.35	-11.86	0.04	0.9500000000000001	-11.07	-4.03	0.31	-8.36	0.11	2.07	-9.39	-13.3
11:29:45.504438	-1.27	-11.46	0.07	0.88	-10.1	-4.1	0.44	-8.51	0.28	2.32	-9.22	-12.19
11:29:45.514512	-1.31	-11.16	0.16	0.79	-9.41	-3.69	0.45	-8.76	1.18	2.85	-9.68	-10.86
11:29:45.524580	-1.3	-10.76	0.23	0.67	-8.74	-3.19	0.48	-8.74	1.55	6.5600000000000005	-14.14	-11.07
11:29:45.534659	-1.22	-10.07	0.48	0.6	-8.14	-2.8000000000000003	0.65	-9.05	1.7	1.78	-3.61	-2.37
11:29:45.545319	-1.29	-9.78	0.56	0.9500000000000001	-7.1000000000000005	-2.43	0.07	-9.26	3.08	2.3000000000000003	-7.65	-0.98
11:29:45.555782	-1.28	-9.56	0.74	1.17	-6.2700000000000005	-1.74	-0.21	-9.44	2.81	4.23	-14.55	3.04
11:29:45.565893	-0.29	-9.73	0.8	1.23	-6.3100000000000005	-0.77	-0.04	-11.41	0.68	-2.2600000000000002	-17.88	18.17
11:29:45.576012	-0.14	-10.67	0.47000000000000003	0.7000000000000001	-8.56	0.27	0.8	-14.39	-6.03	9.61	-20.830000000000002	0.98
11:29:45.586171	-0.04	-11.63	0.0	-1.0	-11.83	0.11	-0.53	-15.19	-5.62	10.3	-10.790000000000001	-10.15
11:29:45.596608	0.36	-12.49	-0.48	-1.71	-12.08	-1.47	1.02	-12.19	-0.92	7.29	-5.03	-18.7
11:29:45.606729	1.09	-13.48	-1.7	-2.36	-12.88	-1.99	0.92	-10.620000000000001	1.6400000000000001	-6.84	-9.81	1.46
11:29:45.616820	1.18	-13.18	-2.11	-1.9000000000000001	-14.41	-2.09	-3.17	-12.1	0.17	1.18	-12.24	4.93
11:29:45.626891	1.24	-12.35	-2.17	0.86	-14.55	-4.71	-4.51	-11.43	-0.1	8.06	-10.43	-0.56
11:29:45.636972	1.3800000000000001	-11.120000000000001	-1.85	0.2	-11.43	-4.64	-3.79	-9.120000000000001	1.36	4.11	-5.39	-4.09
11:29:45.647080	1.55	-9.25	-0.68	-1.58	-8.870000000000001	-2.17	-1.42	-8.3	1.2	0.85	-9.93	0.92
11:29:45.657719	1.36	-8.73	-0.12	-2.72	-8.09	0.32	2.02	-10.06	-0.06	2.13	-8.18	-0.93
11:29:45.667839	1.07	-8.53	0.37	-3.27	-7.140000000000001	0.1	3.25	-10.11	0.03	2.1	-8.99	-2.42
11:29:45.677914	0.78	-8.39	0.8300000000000001	-1.51	-6.390000000000001	1.16	3.2	-10.72	0.25	0.73	-8.43	-3.11
11:29:45.688009	0.71	-8.07	1.32	-1.51	-6.390000000000001	1.16	1.17	-9.77	0.85	1.24	-11.17	-0.6
11:29:45.698078	1.02	-8.02	1.45	-0.43	-6.96	2.16	-0.09	-9.08	0.3	1.08	-10.3	-2.38
11:29:45.708755	1.5	-8.15	1.44	2.27	-9.44	2.49	0.0	-8.44	0.72	-0.44	-9.450000000000001	-2.12
11:29:45.718877	1.97	-8.85	1.05	3.79	-11.19	1.72	1.2	-9.56	2.08	-0.56	-9.0	-2.96
11:29:45.728986	1.97	-9.33	0.8200000000000001	2.25	-10.74	1.69	1.37	-10.31	1.47	1.24	-8.870000000000001	0.11
11:29:45.739107	1.8	-9.69	0.47000000000000003	1.23	-10.03	1.69	1.57	-10.53	0.44	1.22	-9.64	-2.91
11:29:45.749690	1.53	-9.92	0.0	0.49	-9.6	1.32	1.9100000000000001	-10.17	0.15	1.34	-9.450000000000001	-1.85
11:29:45.759796	1.1300000000000001	-10.0	-1.04	-0.09	-9.27	0.75	1.47	-9.9	-0.6	1.41	-10.27	-1.62
11:29:45.769901	1.0	-9.950000000000001	-1.45	-1.03	-9.08	-0.32	1.75	-9.91	-0.8	1.55	-10.47	-1.73
11:29:45.780451	1.12	-9.85	-1.68	-1.1300000000000001	-8.61	-0.5	1.93	-9.61	-0.34	1.0	-8.790000000000001	-3.16
11:29:45.790552	1.04	-9.78	-1.81	-1.44	-9.4	-1.6500000000000001	1.93	-9.61	-0.34	1.0	-8.790000000000001	-3.16
11:29:45.800677	0.73	-9.68	-1.52	-1.3	-9.290000000000001	-1.42	0.68	-10.19	-0.11	1.9100000000000001	-10.22	-2.25
11:29:45.810866	0.56	-9.64	-1.25	-0.89	-10.040000000000001	-1.07	0.4	-10.200000000000001	-0.09	1.9100000000000001	-10.22	-2.25
11:29:45.820962	0.28	-9.620000000000001	-1.0	-1.17	-9.83	-0.73	0.42	-9.83	0.65	0.98	-9.39	-3.56
11:29:45.831074	0.03	-9.540000000000001	-0.77	-1.07	-9.6	-0.36	0.3	-9.69	0.48	1.45	-9.82	-0.51
11:29:45.841202	-0.08	-9.290000000000001	-0.34	-0.68	-9.47	0.14	0.37	-9.65	-0.29	1.37	-9.77	-2.38
11:29:45.851293	0.0	-9.15	-0.16	-0.14	-9.16	0.55	1.1500000000000001	-9.25	-0.28	1.12	-9.16	-3.23
11:29:45.861825	0.0	-9.02	-0.03	0.24	-9.040000000000001	0.77	1.57	-9.25	-0.32	0.99	-8.82	-2.92
11:29:45.871918	0.02	-8.91	0.05	0.62	-9.040000000000001	0.85	1.78	-9.39	-0.59	1.41	-9.96	-1.45
11:29:45.882191	0.02	-8.75	0.07	0.97	-9.32	0.6	1.78	-9.620000000000001	-0.9500000000000001	1.35	-9.51	-3.16
11:29:45.892743	0.07	-8.77	0.07	1.62	-9.34	0.59	2.08	-9.38	-0.35000000000000003	1.25	-9.0	-3.3000000000000003
11:29:45.902816	-0.03	-8.75	-0.06	2.0300000000000002	-9.42	0.53	2.1	-9.31	-0.11	1.3900000000000001	-9.94	-0.31
11:29:45.912888	-0.16	-8.92	-0.12	2.06	-9.67	0.62	1.84	-9.55	-0.2	1.8	-10.07	-2.12
11:29:45.922965	-0.3	-9.01	-0.18	2.17	-9.78	0.49	1.17	-9.8	0.2	1.51	-9.24	-3.63
11:29:45.933044	-0.38	-9.13	-0.19	1.79	-9.47	0.67	1.3900000000000001	-9.57	0.4	1.1300000000000001	-8.98	-3.31
11:29:45.943118	-0.51	-9.25	-0.16	1.7	-9.48	0.37	1.33	-9.38	0.42	1.93	-9.69	-0.68
11:29:45.953209	-0.65	-9.32	-0.04	1.27	-9.540000000000001	0.26	1.08	-9.68	0.21	1.93	-9.69	-0.68
11:29:45.963587	-0.72	-9.39	0.08	0.9500000000000001	-9.540000000000001	0.15	1.1500000000000001	-9.88	-0.24	1.49	-9.49	-3.7800000000000002
11:29:45.973658	-0.71	-9.450000000000001	0.19	-0.04	-9.61	0.13	1.21	-9.39	-0.07	1.34	-9.28	-4.5200000000000005
11:29:45.983776	-0.67	-9.5	0.31	-0.33	-9.64	-0.04	0.84	-9.34	0.04	2.29	-9.790000000000001	-0.32
11:29:45.993848	-0.6	-9.49	0.39	-0.52	-9.73	-0.22	0.62	-10.27	-0.02	1.86	-9.92	-3.1
11:29:46.003919	-0.54	-9.41	0.31	-0.65	-9.71	-0.34	0.8200000000000001	-9.88	0.01	1.26	-9.56	-3.87
11:29:46.013991	-0.45	-9.370000000000001	0.26	-0.61	-9.59	-0.06	0.71	-9.44	0.39	2.04	-9.040000000000001	-3.15
11:29:46.024078	-0.36	-9.370000000000001	0.11	-0.58	-9.58	0.25	0.52	-9.290000000000001	1.61	1.82	-9.88	-0.84
11:29:46.034153	-0.15	-9.34	-0.26	-0.7000000000000001	-9.64	0.5	0.45	-10.31	1.08	1.4000000000000001	-10.11	-3.8200000000000003
11:29:46.044247	-0.02	-9.35	-0.4	-0.8200000000000001	-9.61	0.92	0.88	-9.88	1.25	1.07	-9.4	-3.81
11:29:46.054312	0.12	-9.36	-0.5700000000000001	-1.04	-9.28	1.6	0.88	-9.38	2.04	1.57	-8.83	-2.74
11:29:46.064379	0.13	-9.34	-0.67	-1.27	-9.35	1.96	0.29	-10.200000000000001	1.95	1.74	-9.85	-1.41
11:29:46.074514	0.11	-9.26	-0.78	-1.1400000000000001	-9.57	1.9000000000000001	0.34	-10.44	1.73	1.51	-10.1	-4.26
11:29:46.084783	0.02	-9.33	-0.8	-1.29	-9.790000000000001	2.11	0.98	-9.91	1.92	1.03	-9.870000000000001	-4.4
11:29:46.094864	-0.03	-9.47	-0.77	-1.51	-10.0	1.9100000000000001	1.08	-9.75	2.73	1.67	-9.59	-1.75
11:29:46.104974	-0.09	-9.73	-0.78	-1.27	-10.09	1.58	0.33	-11.07	1.8900000000000001	2.02	-10.58	-2.66
11:29:46.115103	-0.11	-9.88	-0.68	-1.43	-10.3	1.44	0.53	-10.76	2.2800000000000002	1.19	-10.59	-5.08
11:29:46.125648	-0.13	-10.09	-0.59	-1.6600000000000001	-10.57	1.36	0.87	-10.35	2.06	0.73	-11.64	-5.18
11:29:46.135802	-0.17	-10.32	-0.54	-1.58	-10.58	1.05	0.92	-10.950000000000001	2.12	0.73	-11.64	-5.18
11:29:46.145873	-0.48	-10.700000000000001	-0.34	-1.76	-10.57	0.8300000000000001	0.52	-11.21	1.4000000000000001	0.73	-11.64	-5.18
11:29:46.155964	-0.34	-10.620000000000001	-0.3	-1.82	-10.61	0.91	0.34	-10.76	1.45	2.75	-10.46	-5.25
11:29:46.166087	-0.71	-11.01	-0.16	-1.1	-10.61	1.24	0.36	-10.36	1.29	3.0700000000000003	-9.94	-5.05
11:29:46.176179	-0.93	-11.09	0.05	-0.6900000000000001	-10.69	0.6	0.23	-10.9	0.54	4.38	-9.950000000000001	-2.71
11:29:46.186292	-1.04	-11.11	0.24	-0.56	-10.66	0.8200000000000001	-0.2	-11.03	0.8200000000000001	4.22	-10.16	-4.63
11:29:46.196368	-1.26	-11.0	0.4	-0.38	-10.6	1.12	0.07	-10.540000000000001	0.27	4.22	-10.16	-4.63
11:29:46.206467	-1.3800000000000001	-10.870000000000001	0.6	-0.27	-10.55	0.58	0.38	-10.26	1.0	3.7600000000000002	-10.35	-4.8
11:29:46.216595	-1.57	-10.450000000000001	0.75	-0.04	-10.48	0.23	0.42	-10.73	0.33	3.48	-10.06	-3.0
11:29:46.226712	-1.68	-10.26	0.79	0.09	-10.47	0.44	0.29	-10.75	0.76	2.24	-10.55	-4.8
11:29:46.236784	-1.73	-10.14	0.79	0.13	-10.5	0.76	0.78	-10.33	0.66	1.37	-11.040000000000001	-5.29
11:29:46.247375	-1.74	-9.94	0.74	-0.01	-10.3	0.66	0.67	-10.05	1.26	1.99	-10.63	-3.8000000000000003
11:29:46.257808	-1.82	-9.83	0.61	-0.07	-10.01	0.38	0.5	-10.42	0.73	1.99	-10.63	-3.8000000000000003
11:29:46.267909	-1.75	-9.82	0.59	-0.19	-9.9	0.44	0.49	-10.22	0.65	1.99	-10.63	-3.8000000000000003
11:29:46.278363	-1.6	-9.74	0.56	-0.13	-10.13	0.59	0.62	-9.56	0.96	1.31	-10.99	-5.38
11:29:46.288437	-0.6	-10.26	0.9400000000000001	0.39	-10.76	0.8200000000000001	0.9500000000000001	-10.03	0.43	2.61	-11.16	-2.67
11:29:46.298512	-0.03	-10.93	1.42	0.91	-11.620000000000001	1.08	1.43	-10.700000000000001	-0.6900000000000001	2.61	-11.16	-2.67
11:29:46.308627	0.27	-11.63	1.84	0.8300000000000001	-11.74	1.3800000000000001	1.62	-10.73	-0.8	2.61	-11.16	-2.67
11:29:46.318749	0.1	-12.09	2.15	0.21	-11.6	0.77	0.73	-11.08	-0.9	2.61	-11.16	-2.67
11:29:46.329420	-1.21	-12.200000000000001	2.46	-0.19	-11.68	0.37	0.25	-10.77	-1.05	1.1300000000000001	-12.74	-3.27
11:29:46.339520	-1.93	-11.99	2.13	-0.59	-11.68	0.09	-0.8200000000000001	-10.94	-1.1400000000000001	1.37	-14.0	-2.2800000000000002
11:29:46.350058	-2.0100000000000002	-11.6	1.6300000000000001	-0.9500000000000001	-11.370000000000001	-0.13	-1.34	-11.35	-2.25	0.37	-14.530000000000001	-3.58
11:29:46.360126	-1.12	-10.96	0.99	-1.32	-10.63	-1.07	-1.9100000000000001	-11.34	-1.43	-1.55	-15.59	-0.78
11:29:46.370246	1.74	-9.46	-0.16	-1.46	-10.42	-1.41	-1.74	-11.85	-0.76	-1.55	-16.12	-0.42
11:29:46.380362	2.68	-9.06	-0.73	-1.7	-10.15	-1.73	-1.74	-11.85	-0.76	-0.86	-16.48	-0.58
11:29:46.390517	2.91	-8.85	-1.22	-1.7	-10.15	-1.73	-1.24	-12.11	-3.35	-0.86	-16.48	-0.58
11:29:46.400767	2.59	-8.66	-1.42	-1.68	-9.02	-1.47	-0.46	-13.08	-4.15	3.06	-17.97	-0.84
11:29:46.411000	1.81	-8.43	-1.42	-1.57	-8.59	-0.93	2.64	-10.73	-1.6500000000000001	4.8	-13.5	-3.59
11:29:46.421665	1.8800000000000001	-8.28	-1.28	-1.5	-8.6	-0.77	3.23	-9.85	-0.75	3.93	-8.96	-7.59
11:29:46.432284	2.04	-8.2	-1.05	-2.0300000000000002	-9.23	-1.11	3.41	-8.97	1.46	5.47	-9.32	-7.59
11:29:46.442419	2.2	-8.09	-0.76	-1.71	-9.540000000000001	-0.9500000000000001	2.15	-9.82	3.74	5.48	-10.3	-7.61
11:29:46.452498	1.81	-8.17	-0.02	-2.0	-9.9	0.44	1.68	-11.59	6.36	3.86	-8.42	-3.56
11:29:46.462570	1.31	-8.53	0.43	-2.0	-10.77	0.91	1.96	-11.950000000000001	5.72	-9.1	-1.18	6.88
11:29:46.472644	0.81	-8.950000000000001	0.86	-2.29	-12.24	2.79	2.02	-11.15	6.48	-11.27	2.16	12.120000000000001
11:29:46.482932	0.35000000000000003	-9.97	1.6	-1.48	-12.790000000000001	2.42	1.27	-9.39	7.140000000000001	-9.24	1.56	10.61
11:29:46.493026	0.34	-10.36	1.9000000000000001	-1.98	-12.89	2.71	1.27	-9.39	7.140000000000001	-9.24	1.56	10.61
11:29:46.503400	0.21	-10.57	2.0	-1.9100000000000001	-12.71	2.2600000000000002	1.46	-10.69	2.43	6.79	-13.200000000000001	3.0100000000000002
11:29:46.513472	0.04	-10.59	1.96	-1.54	-12.040000000000001	0.97	1.07	-10.24	2.92	2.62	-11.4	5.07
11:29:46.523541	-0.07	-10.34	1.51	-1.1400000000000001	-11.55	0.8300000000000001	1.25	-8.540000000000001	4.04	-0.4	-6.6000000000000005	6.75
11:29:46.533618	0.06	-10.16	1.25	-0.73	-10.98	0.15	1.5	-7.8	4.92	2.63	-2.06	7.63
11:29:46.543719	0.16	-10.05	0.99	-0.62	-10.46	0.06	1.95	-7.7700000000000005	5.63	5.57	-1.4000000000000001	7.48
11:29:46.553797	0.22	-9.83	0.8	-0.6900000000000001	-9.93	0.37	1.23	-6.54	5.48	4.26	-3.69	6.3
11:29:46.563914	0.23	-9.49	0.42	-0.49	-9.83	0.37	0.89	-6.76	4.84	1.46	-8.56	5.14
11:29:46.574031	0.26	-9.36	0.27	-0.66	-9.450000000000001	0.63	0.51	-6.9	5.0	1.1	-8.71	4.76
11:29:46.584217	0.22	-9.24	0.15	-0.52	-9.21	0.33	0.18	-6.73	5.5200000000000005	0.41000000000000003	-6.15	4.93
11:29:46.594349	0.2	-9.13	0.09	-0.68	-8.51	-0.44	-0.31	-6.29	5.72	-0.27	-7.16	4.59
11:29:46.604564	0.05	-8.93	0.16	-1.25	-8.120000000000001	-0.52	-0.5	-6.5	5.91	-0.7000000000000001	-9.16	3.54
11:29:46.614858	0.01	-8.86	0.27	-1.62	-7.84	-0.62	-0.68	-6.51	6.19	-1.4000000000000001	-10.71	1.8900000000000001
11:29:46.624959	-0.16	-8.83	0.38	-1.8900000000000001	-7.36	-0.35000000000000003	-1.41	-7.43	5.98	-1.62	-11.64	0.79
11:29:46.635113	-0.23	-8.81	0.58	-2.45	-7.3	-0.41000000000000003	-1.6600000000000001	-7.73	6.26	-1.29	-12.41	-0.27
11:29:46.645310	-0.3	-8.81	0.8	-2.48	-7.25	-0.13	-1.56	-7.94	6.3	-0.67	-13.41	-1.36
11:29:46.655700	-0.33	-8.73	0.88	-2.62	-7.29	0.1	-1.52	-8.23	6.18	0.67	-14.950000000000001	-3.23
11:29:46.665804	-0.58	-8.96	0.87	-2.68	-7.23	0.24	-1.59	-8.96	5.5200000000000005	1.41	-15.25	-4.25
11:29:46.675872	-0.58	-8.96	0.87	-2.5500000000000003	-7.18	-0.22	-1.1400000000000001	-9.0	5.71	2.02	-15.040000000000001	-5.0200000000000005
11:29:46.685951	-0.63	-9.01	0.77	-2.45	-7.08	-0.73	-0.7000000000000001	-9.11	5.72	2.68	-14.98	-5.4
11:29:46.696039	-0.61	-8.93	0.5700000000000001	-2.13	-7.03	-1.09	-0.29	-9.84	4.98	2.86	-15.82	-6.15
11:29:46.706119	-0.14	-8.790000000000001	-0.01	-1.81	-7.04	-1.44	0.01	-9.96	4.95	2.94	-16.3	-6.94
11:29:46.716182	-0.14	-8.790000000000001	-0.01	-0.85	-7.3	-1.75	0.13	-9.950000000000001	4.95	3.08	-15.65	-6.97
11:29:46.726257	0.05	-8.69	-0.25	-0.47000000000000003	-7.49	-1.99	0.27	-9.870000000000001	5.23	3.14	-14.700000000000001	-7.0
11:29:46.736356	0.12	-8.66	-0.29	-0.06	-7.7	-2.45	0.0	-9.72	4.9	3.16	-14.74	-6.96
11:29:46.746442	0.18	-8.78	-0.19	0.48	-7.91	-2.9	-0.17	-10.01	4.84	3.73	-14.85	-7.19
11:29:46.756578	0.1	-8.94	-0.06	0.63	-8.040000000000001	-2.85	-0.36	-10.42	4.53	4.41	-15.06	-7.67
11:29:46.766653	-0.05	-9.11	0.07	0.81	-8.06	-2.77	-0.26	-10.86	3.92	5.46	-15.07	-8.620000000000001
11:29:46.777031	-0.22	-9.3	0.21	0.99	-8.07	-2.75	0.0	-10.82	3.69	6.18	-15.030000000000001	-9.53
11:29:46.787234	-0.41000000000000003	-9.52	0.5	1.51	-8.26	-2.84	0.11	-10.35	3.3200000000000003	7.07	-14.94	-10.25
11:29:46.797304	-0.41000000000000003	-9.58	0.58	1.6400000000000001	-8.43	-2.91	0.23	-10.75	2.64	6.98	-14.35	-11.16
11:29:46.807924	-0.45	-9.66	0.68	1.76	-8.66	-3.1	0.21	-10.8	1.57	4.63	-14.790000000000001	-12.1
11:29:46.817989	-0.46	-9.72	0.76	1.77	-9.32	-3.56	0.23	-10.74	0.65	3.95	-12.950000000000001	-12.3
11:29:46.828103	-0.54	-9.94	0.85	1.72	-9.65	-3.58	0.38	-10.200000000000001	0.81	3.09	-11.86	-12.530000000000001
11:29:46.838734	-0.53	-10.08	0.88	1.75	-10.040000000000001	-3.7800000000000002	-0.2	-9.290000000000001	1.1	1.32	-11.24	-13.08
11:29:46.848826	-0.6	-10.32	0.91	1.79	-10.51	-3.93	-0.5700000000000001	-8.78	0.81	1.11	-11.27	-13.96
11:29:46.858930	-0.88	-10.75	0.88	1.74	-11.26	-4.13	-1.01	-8.45	-0.08	1.8800000000000001	-11.24	-15.290000000000001
11:29:46.869000	-1.06	-10.96	0.86	1.8	-11.63	-4.5200000000000005	-1.25	-8.4	-0.38	2.47	-10.59	-16.03
11:29:46.879090	-1.12	-11.18	0.8300000000000001	1.6	-11.8	-4.94	-1.0	-7.9	-0.4	1.6400000000000001	-9.6	-16.35
11:29:46.889165	-1.25	-11.450000000000001	0.84	1.7	-11.76	-5.32	-0.87	-7.94	-0.48	1.42	-9.51	-16.45
11:29:46.899236	-1.54	-11.67	0.92	1.48	-11.48	-4.87	-0.51	-7.930000000000001	-0.43	0.8200000000000001	-9.38	-16.11
11:29:46.909853	-1.59	-11.700000000000001	0.98	1.28	-11.26	-4.67	0.41000000000000003	-8.15	-0.24	0.34	-9.6	-15.4
11:29:46.919922	-1.67	-11.53	1.06	1.03	-10.69	-3.98	0.58	-8.36	-0.05	1.23	-9.51	-14.120000000000001
11:29:46.930058	-1.76	-11.44	1.1	0.92	-10.15	-3.34	0.54	-8.48	0.02	1.96	-9.200000000000001	-13.21
11:29:46.940132	-1.68	-10.86	1.1400000000000001	0.35000000000000003	-9.200000000000001	-2.75	0.41000000000000003	-8.61	0.59	2.79	-9.51	-11.56
11:29:46.950265	-1.57	-10.64	1.11	0.36	-8.75	-2.56	0.26	-8.83	1.49	3.72	-11.14	-9.040000000000001
11:29:46.960395	-1.54	-10.35	1.06	0.31	-8.18	-2.45	0.0	-9.03	1.87	3.72	-11.14	-9.040000000000001
11:29:46.971033	-1.56	-10.07	0.98	0.29	-7.68	-2.5500000000000003	-0.34	-8.950000000000001	2.25	0.9	-4.62	-6.23
11:29:46.981107	-1.45	-9.61	0.85	0.71	-7.0	-2.5100000000000002	-0.71	-8.9	3.73	2.7600000000000002	-12.69	1.7
11:29:46.991196	-1.26	-9.43	0.79	0.71	-6.57	-2.1	-0.32	-9.85	3.2	-0.74	-16.990000000000002	10.950000000000001
11:29:47.001566	-0.73	-9.49	0.73	0.41000000000000003	-6.83	-1.27	-0.32	-9.85	3.2	-0.74	-16.990000000000002	10.950000000000001
11:29:47.011930	-0.1	-10.14	0.48	0.25	-9.290000000000001	-0.18	0.62	-12.49	-0.85	7.32	-25.12	13.82
11:29:47.022028	0.44	-12.16	-0.59	-1.03	-12.94	-0.6900000000000001	1.25	-14.83	-3.02	9.47	-2.79	-12.23
11:29:47.032093	0.72	-12.92	-1.18	-1.24	-13.11	-2.7600000000000002	2.5	-11.35	-0.24	0.24	-5.16	-16.45
11:29:47.042169	0.8300000000000001	-13.41	-1.84	-2.0	-13.44	-2.14	-0.63	-11.46	1.69	-8.09	-9.67	-3.99
11:29:47.052267	1.23	-12.9	-2.34	-1.42	-14.66	-1.82	-3.3200000000000003	-11.75	-0.19	-1.3900000000000001	-11.32	2.07
11:29:47.062396	1.28	-12.05	-2.19	1.03	-13.74	-5.45	-3.71	-10.68	0.78	5.73	-6.62	0.29
11:29:47.072945	1.3900000000000001	-10.85	-1.69	0.1	-10.32	-4.49	-2.37	-8.56	1.09	0.59	-6.890000000000001	-0.46
11:29:47.083033	1.21	-9.74	-0.97	-2.0	-7.66	-1.21	0.85	-9.01	1.1	0.91	-9.41	-2.16
11:29:47.093104	0.84	-8.59	0.42	-3.96	-6.68	0.8300000000000001	2.34	-9.07	0.91	0.59	-7.45	-0.58
11:29:47.103173	0.62	-8.5	0.98	-3.42	-6.73	0.59	2.86	-9.9	0.86	1.11	-9.5	1.19
11:29:47.113258	0.35000000000000003	-8.45	1.41	-2.2	-6.8	0.62	0.92	-10.57	1.44	0.92	-9.69	-2.98
11:29:47.123423	0.07	-8.370000000000001	1.7	-0.87	-7.03	1.29	0.21	-8.99	1.6400000000000001	0.9500000000000001	-10.98	-3.31
11:29:47.133494	0.6	-8.28	1.92	1.45	-8.46	2.35	-0.3	-8.22	1.26	-1.09	-9.36	-0.56
11:29:47.143567	1.1300000000000001	-8.57	1.9000000000000001	2.98	-9.83	2.05	-0.45	-8.76	1.23	-0.27	-10.32	0.32
11:29:47.153637	1.57	-8.9	1.71	3.89	-11.05	1.33	0.45	-9.98	1.81	1.23	-9.5	-3.15
11:29:47.164275	1.82	-9.370000000000001	1.47	3.9	-11.450000000000001	1.2	1.46	-10.08	1.5	1.34	-8.19	-2.5
11:29:47.174345	1.46	-10.05	0.32	1.84	-10.65	1.58	1.8900000000000001	-10.28	0.7000000000000001	1.3900000000000001	-9.41	-1.44
11:29:47.184417	1.17	-10.07	-0.25	1.16	-10.18	1.1300000000000001	1.8800000000000001	-10.08	-0.86	1.83	-10.0	-0.93
11:29:47.194491	1.03	-9.97	-0.8200000000000001	0.56	-9.620000000000001	0.47000000000000003	1.72	-10.02	-0.8	2.09	-10.3	-3.7
11:29:47.204587	1.06	-9.52	-1.48	0.08	-9.17	-0.16	1.85	-9.56	-0.25	1.36	-9.98	-3.27
11:29:47.214861	1.06	-9.52	-1.48	-0.76	-8.16	-0.84	1.74	-9.59	0.0	1.43	-9.11	-1.1400000000000001
11:29:47.225476	1.02	-9.21	-1.43	-1.03	-8.78	-1.81	1.12	-9.75	0.02	1.77	-9.24	-1.32
11:29:47.235592	0.59	-9.23	-0.87	-1.11	-9.28	-1.9100000000000001	0.84	-9.63	0.34	1.54	-9.23	-3.73
11:29:47.246118	0.29	-9.290000000000001	-0.6	-1.0	-9.01	-1.26	0.67	-9.53	0.99	1.28	-9.61	-1.95
11:29:47.256262	0.0	-9.35	-0.34	-0.91	-9.65	-0.99	0.18	-10.22	0.42	1.35	-10.33	-1.49
11:29:47.266342	-0.14	-9.33	-0.13	-0.76	-9.72	-0.8300000000000001	0.2	-10.17	0.41000000000000003	1.49	-10.25	-3.48
11:29:47.276422	-0.28	-9.19	0.22	-0.78	-9.47	-0.34	0.44	-9.72	0.87	1.41	-9.32	-3.29
11:29:47.286551	-0.24	-9.03	0.35000000000000003	-0.59	-9.18	0.09	0.93	-9.49	1.0	1.02	-9.26	-2.0100000000000002
11:29:47.296697	-0.14	-8.92	0.5	0.26	-9.06	0.36	1.18	-9.46	0.54	1.35	-9.540000000000001	-0.8
11:29:47.306800	-0.06	-8.8	0.54	0.7000000000000001	-9.28	0.37	1.23	-9.66	0.33	1.6400000000000001	-8.99	-3.31
11:29:47.316883	-0.02	-8.81	0.51	0.88	-9.35	0.6	1.43	-9.57	0.72	1.52	-8.64	-3.65
11:29:47.326969	-0.06	-8.81	0.41000000000000003	0.99	-9.34	0.71	1.24	-9.61	1.0	1.58	-8.88	-1.21
11:29:47.337045	-0.1	-8.93	0.26	1.49	-9.69	0.31	0.78	-9.94	0.5700000000000001	2.11	-9.61	-1.7
11:29:47.347119	-0.25	-9.13	0.08	1.72	-9.6	0.33	0.54	-10.040000000000001	0.2	2.0100000000000002	-9.48	-3.73
11:29:47.357819	-0.45	-9.44	-0.09	1.72	-9.6	0.33	0.65	-9.83	0.41000000000000003	1.56	-8.9	-4.15
11:29:47.367896	-0.49	-9.48	-0.09	1.1500000000000001	-9.56	0.01	0.67	-9.55	0.8200000000000001	1.86	-9.290000000000001	-0.96
11:29:47.378064	-0.58	-9.52	-0.05	0.92	-9.59	-0.01	0.68	-9.94	0.51	2.33	-9.78	-2.32
11:29:47.388784	-0.58	-9.52	0.02	0.68	-9.52	-0.01	0.85	-10.11	0.42	2.11	-9.53	-3.96
11:29:47.398875	-0.67	-9.46	0.2	0.41000000000000003	-9.36	0.18	1.26	-9.5	0.64	1.54	-8.81	-3.8000000000000003
11:29:47.409346	-0.62	-9.34	0.29	0.35000000000000003	-9.73	0.25	0.92	-9.6	1.24	2.15	-9.96	-3.0700000000000003
11:29:47.420012	-0.52	-9.290000000000001	0.32	-0.49	-9.51	0.39	0.58	-9.870000000000001	1.07	1.76	-9.47	-3.86
11:29:47.430099	-0.36	-9.26	0.31	-0.86	-9.53	0.3	0.72	-9.94	0.54	1.76	-9.47	-3.86
11:29:47.440223	-0.36	-9.26	0.31	-1.02	-9.3	0.34	0.73	-9.870000000000001	1.47	1.6300000000000001	-9.73	-1.3
11:29:47.450844	-0.27	-9.21	0.27	-1.11	-9.450000000000001	0.59	0.68	-9.63	2.52	1.51	-9.84	-4.19
11:29:47.461005	-0.17	-9.21	0.2	-1.2	-9.64	0.92	0.44	-10.17	1.5	1.61	-8.98	-3.99
11:29:47.471150	-0.09	-9.26	0.11	-1.4000000000000001	-9.6	1.06	0.42	-9.65	2.75	1.57	-9.38	-3.04
11:29:47.481777	0.03	-9.53	-0.18	-1.6300000000000001	-9.620000000000001	1.28	0.32	-10.23	2.12	1.56	-9.91	-1.94
11:29:47.491847	0.0	-9.56	-0.31	-1.8	-9.63	1.6400000000000001	0.18	-10.55	1.28	1.52	-10.03	-4.68
11:29:47.501951	0.0	-9.540000000000001	-0.45	-1.6400000000000001	-9.72	1.71	0.75	-9.74	1.99	1.33	-9.93	-5.34
11:29:47.512029	-0.07	-9.5	-0.58	-1.72	-9.8	1.87	0.5700000000000001	-9.92	2.29	1.94	-9.47	-2.5300000000000002
11:29:47.522161	-0.08	-9.51	-0.77	-1.5	-10.13	1.49	0.5700000000000001	-9.92	2.29	2.52	-10.290000000000001	-2.33
11:29:47.532230	-0.09	-9.55	-0.8200000000000001	-1.3800000000000001	-10.3	1.3900000000000001	0.81	-10.38	1.49	1.8800000000000001	-10.51	-5.07
11:29:47.542304	-0.06	-9.67	-0.85	-1.45	-10.42	1.33	0.8300000000000001	-10.23	1.59	1.87	-10.92	-5.37
11:29:47.552389	-0.03	-9.85	-0.86	-1.49	-10.41	1.1500000000000001	0.7000000000000001	-10.57	1.78	1.37	-10.950000000000001	-3.0300000000000002
11:29:47.563185	0.03	-10.290000000000001	-0.79	-1.24	-10.700000000000001	0.47000000000000003	0.7000000000000001	-10.57	1.78	0.37	-9.63	-2.7
11:29:47.573603	-0.02	-10.46	-0.64	-1.27	-10.89	0.71	0.72	-10.5	0.99	1.82	-11.0	-5.32
11:29:47.583677	-0.13	-10.36	-0.44	-1.1500000000000001	-10.83	0.99	0.35000000000000003	-10.56	1.52	3.12	-11.03	-5.3
11:29:47.593744	-0.07	-10.51	-0.31	-1.05	-10.78	0.87	0.28	-10.94	0.92	2.7800000000000002	-9.98	-2.3000000000000003
11:29:47.603814	-0.52	-10.81	0.03	-0.8300000000000001	-10.81	0.75	0.04	-10.76	0.45	2.68	-10.64	-4.26
11:29:47.613930	-0.7000000000000001	-10.790000000000001	0.18	-0.76	-10.82	1.24	0.26	-10.23	0.06	3.25	-10.14	-5.97
11:29:47.623993	-1.3800000000000001	-11.02	0.56	-0.51	-10.81	1.08	0.18	-10.27	0.65	3.7800000000000002	-10.61	-4.91
11:29:47.634067	-1.46	-10.94	0.63	-0.28	-10.72	0.54	0.34	-10.49	0.17	3.5100000000000002	-10.23	-2.56
11:29:47.644137	-1.51	-10.75	0.67	-0.13	-10.52	0.46	0.4	-10.26	-0.3	2.59	-10.42	-4.51
11:29:47.654246	-1.56	-10.6	0.74	-0.26	-10.44	0.71	0.7000000000000001	-9.77	-0.24	2.2800000000000002	-10.120000000000001	-5.93
11:29:47.664363	-1.56	-10.6	0.74	-0.35000000000000003	-10.35	0.55	0.62	-9.75	0.41000000000000003	2.73	-10.67	-4.58
11:29:47.674464	-1.41	-9.78	0.7000000000000001	-0.48	-10.24	0.23	0.07	-10.38	0.03	2.09	-10.18	-2.6
11:29:47.684538	-1.3800000000000001	-9.58	0.62	-0.2	-10.14	0.26	0.53	-9.96	-0.2	1.3800000000000001	-10.5	-4.3100000000000005
11:29:47.694665	-1.33	-9.48	0.56	-0.22	-10.24	0.15	0.54	-9.75	0.1	0.81	-10.950000000000001	-6.42
11:29:47.705241	-1.34	-9.290000000000001	0.49	-0.3	-10.13	0.12	0.41000000000000003	-9.620000000000001	0.56	1.21	-11.02	-3.59
11:29:47.715553	-1.22	-9.31	0.43	-0.32	-9.98	-0.05	-0.21	-10.26	-0.11	0.8300000000000001	-10.540000000000001	-1.78
11:29:47.726203	-0.93	-9.4	0.42	0.37	-10.3	0.21	0.8300000000000001	-10.1	-0.6900000000000001	1.3	-11.89	-3.7800000000000002
11:29:47.736393	-0.19	-9.700000000000001	0.72	0.72	-11.14	0.72	1.51	-10.13	-1.17	3.13	-11.36	-7.0200000000000005
11:29:47.746465	0.44	-11.42	1.8800000000000001	0.99	-11.89	0.74	0.6900000000000001	-11.68	-1.1	0.63	-14.57	-1.21
11:29:47.756533	-0.28	-11.93	2.2800000000000002	0.59	-11.43	0.47000000000000003	0.09	-12.0	-2.34	-1.84	-13.18	-1.4000000000000001
11:29:47.766601	-0.28	-11.93	2.2800000000000002	0.46	-11.65	0.24	-0.04	-11.06	-2.15	2.1	-15.72	-5.21
11:29:47.777149	-1.11	-12.36	2.64	0.49	-11.72	0.14	-2.33	-11.48	-1.69	0.91	-16.09	-3.89
11:29:47.787320	-1.84	-11.9	1.8900000000000001	0.01	-11.59	-0.01	-2.21	-12.33	-1.8900000000000001	-0.72	-15.66	-0.27
11:29:47.797426	-0.67	-11.08	1.01	-1.77	-10.48	-1.28	-2.11	-12.81	-1.09	-1.6	-15.46	1.03
11:29:47.807541	0.76	-10.27	0.25	-2.12	-9.86	-1.26	-1.79	-12.18	-2.16	0.98	-18.36	-1.48
11:29:47.817654	3.02	-8.83	-1.09	-2.0	-9.34	-1.36	-0.84	-13.15	-3.75	2.6	-19.02	-0.87
11:29:47.827787	3.39	-8.47	-1.46	-2.08	-8.64	-0.41000000000000003	1.02	-13.49	-4.42	5.23	-17.68	0.51
11:29:47.837874	3.16	-8.33	-1.61	-2.16	-8.81	-0.54	2.36	-13.68	-3.87	5.72	-16.080000000000002	-1.3800000000000001
11:29:47.847966	2.57	-8.32	-1.61	-2.34	-9.15	-0.21	2.59	-10.59	1.04	5.08	-8.81	-10.69
11:29:47.858122	1.9000000000000001	-8.290000000000001	-1.5	-2.79	-9.81	-1.31	3.0700000000000003	-8.96	3.54	5.45	-6.94	-10.49
11:29:47.868193	2.0	-8.2	-1.32	-2.34	-10.74	0.01	2.5300000000000002	-10.01	4.55	3.87	-11.15	-7.23
11:29:47.878522	2.08	-8.19	-1.1400000000000001	-1.99	-11.57	0.59	1.2	-11.41	7.28	-0.72	-14.65	-2.88
11:29:47.888657	1.95	-8.48	-0.8200000000000001	-1.86	-12.55	0.99	0.73	-13.22	5.54	0.86	-10.27	-0.16
11:29:47.898791	0.8	-9.59	0.11	-1.86	-12.98	1.87	0.93	-12.32	4.24	1.42	-6.28	0.98
11:29:47.909397	0.33	-10.06	0.6900000000000001	-2.2800000000000002	-12.25	3.24	1.19	-11.09	4.84	-0.09	0.6	2.7600000000000002
11:29:47.919554	0.07	-10.450000000000001	1.22	-1.95	-12.15	2.83	1.4000000000000001	-7.09	11.48	-8.68	8.02	11.57
11:29:47.930094	-0.14	-10.700000000000001	1.62	-2.27	-11.88	2.32	1.19	-6.54	10.52	-1.98	0.37	12.72
11:29:47.940799	-0.22	-10.540000000000001	1.96	-1.47	-12.16	1.9100000000000001	1.17	-7.51	6.72	3.6	-9.44	9.200000000000001
11:29:47.950907	-0.12	-10.32	1.87	-0.55	-12.25	0.2	0.61	-8.91	2.3000000000000003	4.28	-13.67	1.02
11:29:47.961519	-0.05	-9.96	1.56	-0.12	-11.25	-0.01	0.61	-8.91	2.3000000000000003	4.28	-13.67	1.02
11:29:47.971815	0.07	-9.88	1.2	-0.4	-10.67	-0.5700000000000001	1.4000000000000001	-6.15	5.39	-3.66	-3.0300000000000002	6.8
11:29:47.981895	0.13	-9.620000000000001	0.59	-0.59	-9.8	-0.07	1.6300000000000001	-5.7	5.94	1.32	-1.58	6.29
11:29:47.991994	0.23	-9.56	0.3	-1.01	-8.81	0.53	1.29	-5.3	5.66	5.5600000000000005	-3.7600000000000002	5.0200000000000005
11:29:48.002139	0.24	-9.48	0.05	-1.1400000000000001	-8.53	0.43	0.64	-5.53	5.1000000000000005	1.67	-7.88	5.2
11:29:48.012713	0.26	-9.36	-0.25	-1.37	-8.48	0.2	0.39	-5.62	5.2	-2.18	-11.71	4.14
11:29:48.023353	0.2	-9.27	-0.34	-1.36	-8.47	-0.1	0.39	-5.62	5.2	-0.67	-7.41	4.55
11:29:48.033423	0.11	-9.25	-0.29	-1.6	-8.08	-0.17	-1.05	-6.18	5.58	0.0	-6.91	3.35
11:29:48.043527	0.03	-9.23	-0.26	-1.6	-8.08	-0.17	-1.54	-6.17	6.16	0.27	-8.13	3.22
11:29:48.053594	-0.25	-9.200000000000001	0.0	-2.0300000000000002	-7.890000000000001	-0.5700000000000001	-1.37	-6.82	6.17	-0.9	-11.05	1.3
11:29:48.063668	-0.37	-9.21	0.17	-2.0300000000000002	-7.890000000000001	-0.5700000000000001	-1.09	-7.41	6.3	-0.85	-13.17	-1.19
11:29:48.073746	-0.35000000000000003	-9.24	0.34	-2.25	-7.71	-0.6	-0.9500000000000001	-7.8	6.42	0.39	-13.31	-2.37
11:29:48.083813	-0.41000000000000003	-9.14	0.47000000000000003	-2.61	-7.3	-0.24	-1.08	-7.72	6.48	0.91	-13.55	-3.22
11:29:48.093902	-0.47000000000000003	-9.13	0.73	-2.71	-7.29	0.04	-1.6500000000000001	-8.15	6.26	1.27	-14.02	-3.99
11:29:48.103996	-0.44	-9.14	0.8300000000000001	-2.81	-7.18	0.2	-1.21	-8.45	6.25	2.15	-14.84	-5.18
11:29:48.114072	-0.46	-9.11	0.8	-2.46	-7.12	-0.32	-0.5700000000000001	-8.870000000000001	5.91	2.46	-14.950000000000001	-5.44
11:29:48.124347	-0.25	-8.83	0.47000000000000003	-1.9000000000000001	-7.08	-0.63	0.8	-9.78	5.62	3.16	-14.77	-6.07
11:29:48.134439	-0.25	-8.83	0.47000000000000003	-1.57	-7.05	-0.9500000000000001	1.1400000000000001	-9.85	5.58	3.5100000000000002	-15.48	-7.1000000000000005
11:29:48.144548	-0.06	-8.75	0.33	-1.22	-7.0200000000000005	-1.24	1.19	-9.85	5.29	3.33	-15.6	-8.0
11:29:48.154711	0.1	-8.72	0.08	-0.11	-7.18	-1.83	0.78	-9.790000000000001	5.3	3.45	-14.700000000000001	-8.25
11:29:48.165377	0.02	-8.700000000000001	0.03	0.35000000000000003	-7.5200000000000005	-2.2800000000000002	0.38	-9.28	5.63	3.49	-14.22	-8.19
11:29:48.175471	0.0	-8.78	0.09	0.74	-7.71	-2.63	0.14	-9.65	5.2700000000000005	4.11	-14.67	-7.91
11:29:48.185538	0.0	-8.88	0.17	1.08	-7.72	-2.92	-0.26	-10.28	5.14	4.51	-14.83	-8.61
11:29:48.196221	-0.11	-9.120000000000001	0.37	1.36	-7.640000000000001	-3.08	-0.49	-10.44	4.84	4.63	-14.63	-9.03
11:29:48.206293	-0.29	-9.18	0.45	1.23	-7.62	-2.8000000000000003	-0.65	-10.17	4.53	4.8500000000000005	-14.5	-9.290000000000001
11:29:48.216367	-0.41000000000000003	-9.290000000000001	0.55	1.2	-7.65	-2.56	-0.54	-10.040000000000001	3.95	4.47	-13.790000000000001	-10.34
11:29:48.226594	-0.5	-9.36	0.64	1.34	-7.78	-2.44	-0.38	-9.950000000000001	3.44	4.66	-13.74	-10.65
11:29:48.236664	-0.54	-9.540000000000001	0.79	1.4000000000000001	-7.87	-2.2600000000000002	0.31	-10.24	2.38	4.08	-14.08	-11.11
11:29:48.246733	-0.6	-9.700000000000001	0.87	1.52	-7.9	-2.42	0.58	-10.42	2.04	3.39	-14.200000000000001	-11.66
11:29:48.256961	-0.6	-9.83	0.91	1.49	-8.36	-2.7600000000000002	0.5700000000000001	-10.63	1.79	2.98	-13.05	-12.77
11:29:48.267028	-0.68	-9.96	0.96	1.44	-8.64	-2.99	-0.05	-9.790000000000001	1.19	3.08	-12.8	-13.55
11:29:48.277110	-0.8300000000000001	-10.23	1.01	1.35	-9.18	-3.36	-0.54	-9.51	0.92	3.0	-12.47	-14.25
11:29:48.287173	-0.79	-10.34	0.99	1.24	-9.47	-3.56	-1.07	-9.43	1.3	1.29	-11.63	-14.98
11:29:48.297304	-0.75	-10.5	0.9400000000000001	1.41	-10.64	-3.85	-1.45	-9.03	1.25	0.51	-11.55	-15.530000000000001
11:29:48.307406	-0.73	-10.73	0.8200000000000001	1.3800000000000001	-11.85	-4.12	-2.02	-8.56	0.25	0.6900000000000001	-11.31	-16.36
11:29:48.317533	-0.78	-11.17	0.53	1.43	-12.18	-4.2700000000000005	-1.55	-8.4	0.23	0.77	-10.57	-16.68
11:29:48.327615	-0.79	-11.290000000000001	0.33	1.37	-12.280000000000001	-4.5	-0.66	-8.02	0.17	0.77	-9.69	-16.5
11:29:48.337848	-0.8200000000000001	-11.46	0.2	1.28	-12.120000000000001	-4.6000000000000005	0.63	-7.8100000000000005	-0.24	0.7000000000000001	-9.67	-16.17
11:29:48.348480	-0.84	-11.38	0.02	0.9400000000000001	-11.48	-4.43	0.75	-7.98	-0.4	0.6900000000000001	-9.59	-15.66
11:29:48.358664	-0.75	-11.02	-0.14	0.78	-11.08	-4.44	0.79	-8.1	-0.24	0.79	-9.5	-14.950000000000001
11:29:48.368771	-0.78	-10.83	-0.17	0.66	-10.63	-4.41	0.77	-8.13	0.06	2.0300000000000002	-9.05	-13.06
11:29:48.379012	-0.86	-10.63	-0.1	0.45	-10.11	-4.19	0.6900000000000001	-8.290000000000001	0.8	4.3500000000000005	-12.9	-9.85
11:29:48.389166	-1.1300000000000001	-10.06	0.11	0.29	-8.88	-3.0700000000000003	0.63	-8.5	1.1300000000000001	4.3500000000000005	-12.9	-9.85
11:29:48.399393	-1.23	-9.83	0.25	0.3	-8.27	-2.66	0.64	-8.9	1.24	6.57	-9.870000000000001	-14.93
11:29:48.409485	-1.29	-9.63	0.39	0.52	-7.73	-2.43	0.0	-8.96	1.95	1.1	-6.57	-1.0
11:29:48.419579	-1.25	-9.46	0.55	0.74	-7.2700000000000005	-2.16	-0.07	-10.28	1.4000000000000001	2.84	-15.44	4.09
11:29:48.429988	-0.08	-10.040000000000001	0.61	0.9500000000000001	-8.24	-1.1300000000000001	0.68	-14.07	-3.12	-1.82	-21.54	22.38
11:29:48.440304	0.16	-11.3	0.28	1.04	-10.36	-0.5	0.74	-17.03	-10.51	12.41	-18.59	1.61
11:29:48.450397	0.1	-12.27	-0.09	0.3	-11.61	0.4	0.44	-14.030000000000001	-2.83	6.3100000000000005	-4.97	-20.07
11:29:48.460651	0.23	-12.84	-0.56	-0.42	-12.38	-2.09	0.78	-9.25	2.1	-6.45	-7.48	-13.280000000000001
11:29:48.470806	0.6900000000000001	-13.200000000000001	-1.44	-0.97	-12.31	-2.17	0.78	-9.25	2.1	-6.45	-7.48	-13.280000000000001
11:29:48.481176	0.8300000000000001	-12.64	-1.6500000000000001	-1.02	-13.21	-1.5	-4.3500000000000005	-10.39	0.92	7.92	-8.540000000000001	4.04
11:29:48.491284	1.03	-11.94	-1.67	0.14	-14.41	-2.75	-4.3500000000000005	-10.39	0.92	7.92	-8.540000000000001	4.04
11:29:48.501544	1.1300000000000001	-11.01	-1.41	0.11	-10.81	-4.51	-0.24	-9.09	0.85	0.85	-8.94	-2.24
11:29:48.511675	0.8	-9.290000000000001	-0.26	-1.6	-8.4	-1.6500000000000001	2.29	-9.46	0.32	1.19	-6.5	1.11
11:29:48.521858	0.65	-9.0	0.28	-3.2800000000000002	-7.57	0.75	2.48	-10.450000000000001	-0.39	1.81	-9.01	1.26
11:29:48.531974	0.5700000000000001	-8.950000000000001	0.72	-4.19	-7.47	0.34	2.02	-11.27	-0.29	1.3900000000000001	-9.81	-2.68
11:29:48.542406	0.44	-8.97	0.98	-2.43	-6.78	0.52	0.48	-8.82	1.1500000000000001	0.37	-10.02	-3.25
11:29:48.552476	0.37	-8.61	1.28	-1.26	-6.76	0.9500000000000001	-0.45	-8.39	1.04	-0.49	-9.01	0.17
11:29:48.562574	0.68	-8.370000000000001	1.29	0.01	-7.09	1.7	-0.29	-8.790000000000001	0.9	-0.1	-10.35	0.9500000000000001
11:29:48.572710	1.23	-8.3	1.23	1.2	-8.2	1.97	0.35000000000000003	-9.21	1.25	0.73	-10.22	-3.11
11:29:48.582879	2.04	-8.66	0.91	3.24	-11.14	1.3900000000000001	1.78	-10.25	1.94	0.48	-7.66	-2.67
11:29:48.592944	2.09	-9.06	0.63	3.33	-11.35	1.1300000000000001	1.9000000000000001	-10.49	0.77	0.73	-9.28	-0.9
11:29:48.603245	2.0100000000000002	-9.51	0.3	2.74	-10.82	1.5	1.81	-10.39	-0.44	1.9100000000000001	-10.38	-0.17
11:29:48.613339	1.79	-9.82	-0.03	1.78	-10.36	1.83	1.93	-9.68	-0.38	2.0300000000000002	-10.57	-3.38
11:29:48.623413	1.23	-10.08	-0.91	0.35000000000000003	-9.38	1.06	2.0	-9.69	0.0	0.9400000000000001	-9.35	-3.61
11:29:48.633679	1.08	-10.01	-1.27	-0.02	-9.06	0.4	1.73	-9.81	0.05	1.12	-9.44	-1.29
11:29:48.643748	1.05	-9.8	-1.46	0.0	-8.98	-0.21	1.35	-9.78	-0.15	1.51	-9.55	-1.41
11:29:48.653818	1.12	-9.63	-1.51	-0.23	-8.81	-0.8	0.91	-9.64	0.55	1.57	-9.25	-3.0300000000000002
11:29:48.663904	0.91	-9.46	-1.11	-0.56	-9.51	-1.98	0.6	-9.82	0.72	1.3	-9.11	-2.94
11:29:48.673992	0.68	-9.48	-0.8	-0.98	-9.200000000000001	-1.1	0.45	-10.01	0.42	1.3	-9.11	-2.94
11:29:48.684072	0.38	-9.48	-0.54	-0.78	-9.63	-1.25	0.38	-9.98	0.06	1.5	-10.75	-2.77
11:29:48.694133	0.06	-9.48	-0.29	-0.72	-9.790000000000001	-0.59	0.77	-9.42	0.55	1.25	-8.6	-3.12
11:29:48.704200	-0.24	-9.33	0.04	-0.96	-9.33	-0.2	1.03	-9.200000000000001	0.52	1.25	-8.6	-3.12
11:29:48.714291	-0.23	-9.200000000000001	0.16	-0.64	-8.92	0.08	1.1	-9.31	-0.06	1.25	-8.6	-3.12
11:29:48.724385	-0.13	-9.02	0.21	-0.17	-8.83	0.49	1.56	-9.540000000000001	-0.2	1.25	-8.6	-3.12
11:29:48.734467	-0.01	-8.92	0.23	0.28	-8.99	0.39	1.98	-9.620000000000001	0.1	1.25	-8.6	-3.12
11:29:48.745099	0.13	-8.84	0.12	0.97	-9.1	0.5	2.08	-9.49	0.32	1.25	-8.6	-3.12
11:29:48.755204	0.04	-8.790000000000001	0.02	1.1300000000000001	-9.290000000000001	0.33	1.21	-9.73	0.1	1.2	-8.66	-3.44
11:29:48.765328	0.03	-8.81	-0.03	1.26	-9.39	0.38	1.1	-9.59	0.5	1.53	-9.26	-3.69
11:29:48.775462	-0.25	-9.02	-0.15	1.6300000000000001	-9.450000000000001	0.54	1.25	-9.39	0.84	1.3800000000000001	-8.700000000000001	-3.47
11:29:48.785672	-0.39	-9.11	-0.23	1.84	-9.55	0.5	1.05	-9.48	0.85	1.3800000000000001	-8.700000000000001	-3.47
11:29:48.796132	-0.43	-9.28	-0.21	1.92	-9.69	0.66	0.12	-10.39	0.11	2.25	-9.98	-2.57
11:29:48.806201	-0.48	-9.53	-0.05	1.84	-9.84	0.59	0.89	-9.950000000000001	0.34	1.8	-9.34	-3.7
11:29:48.816333	-0.48	-9.6	0.01	1.47	-9.78	0.25	1.09	-9.57	0.32	2.1	-9.03	-3.63
11:29:48.826435	-0.53	-9.67	0.15	0.93	-9.6	0.21	1.3	-10.05	0.28	2.21	-9.68	-0.77
11:29:48.836514	-0.56	-9.65	0.21	0.7000000000000001	-9.61	0.04	1.27	-10.19	0.24	2.21	-9.68	-0.77
11:29:48.846588	-0.51	-9.6	0.36	0.55	-9.8	0.04	1.33	-9.67	0.4	1.6400000000000001	-9.25	-3.99
11:29:48.856662	-0.46	-9.51	0.34	-0.38	-9.55	0.16	0.98	-9.49	0.36	2.08	-9.08	-3.14
11:29:48.866728	-0.39	-9.370000000000001	0.32	-0.64	-9.49	0.06	0.34	-10.13	1.31	1.58	-9.85	-1.03
11:29:48.876830	-0.27	-9.26	0.21	-0.67	-9.46	0.01	0.68	-9.81	1.24	1.58	-9.85	-1.03
11:29:48.886928	-0.03	-9.17	0.0	-0.85	-9.39	0.02	1.09	-9.49	1.1	1.48	-9.44	-4.41
11:29:48.896995	0.01	-9.200000000000001	-0.14	-0.87	-9.46	0.8200000000000001	0.71	-9.9	2.59	1.71	-9.17	-3.23
11:29:48.907063	0.0	-9.15	-0.27	-0.98	-9.55	0.99	0.32	-10.540000000000001	1.78	1.71	-9.17	-3.23
11:29:48.917137	0.03	-9.17	-0.46	-0.92	-9.59	1.16	0.28	-10.35	1.74	1.6300000000000001	-9.950000000000001	-4.34
11:29:48.927208	0.08	-9.26	-0.64	-1.02	-9.66	1.47	0.58	-9.75	2.11	1.6300000000000001	-9.950000000000001	-4.34
11:29:48.937378	0.06	-9.34	-0.72	-1.04	-9.75	1.92	0.54	-10.18	2.13	1.6400000000000001	-9.44	-2.69
11:29:48.947492	0.05	-9.450000000000001	-0.8200000000000001	-1.04	-9.84	1.62	0.44	-10.620000000000001	1.4000000000000001	2.0300000000000002	-10.05	-2.42
11:29:48.957560	0.07	-9.870000000000001	-0.91	-0.98	-9.96	1.74	1.03	-10.200000000000001	1.56	1.01	-10.39	-4.44
11:29:48.967625	0.07	-10.16	-0.93	-1.04	-10.42	1.6	0.98	-10.24	2.04	1.01	-10.39	-4.44
11:29:48.977696	0.02	-10.39	-0.9	-1.35	-10.39	1.3800000000000001	0.8200000000000001	-10.790000000000001	1.27	1.01	-10.39	-4.44
11:29:48.987770	-0.05	-10.57	-0.8200000000000001	-1.6600000000000001	-10.26	0.91	0.8200000000000001	-10.92	1.3800000000000001	-0.38	-11.26	-3.89
11:29:48.997894	-0.26	-10.8	-0.53	-1.76	-10.22	0.71	1.51	-10.27	1.1	2.45	-10.4	-5.51
11:29:49.007980	-0.2	-10.48	-0.36	-1.55	-10.84	0.74	0.51	-10.51	1.78	3.8000000000000003	-10.370000000000001	-5.41
11:29:49.018656	-0.33	-10.86	-0.29	-1.12	-10.96	0.78	0.37	-11.36	0.9400000000000001	3.8000000000000003	-10.370000000000001	-5.41
11:29:49.028779	-0.46	-10.94	-0.09	-0.76	-10.74	1.34	0.13	-11.49	1.03	2.37	-10.15	-3.77
11:29:49.038878	-0.73	-11.07	0.25	-0.61	-10.81	1.21	0.12	-10.5	1.43	2.37	-10.15	-3.77
11:29:49.048966	-0.9500000000000001	-11.18	0.4	-0.44	-10.6	1.1	-0.05	-10.81	1.02	2.37	-10.15	-3.77
11:29:49.059529	-1.21	-11.14	0.59	-0.36	-10.48	1.04	-0.05	-10.81	1.02	3.7	-10.040000000000001	-2.72
11:29:49.069830	-1.4000000000000001	-11.02	0.78	-0.03	-10.540000000000001	1.1500000000000001	1.02	-9.99	0.9500000000000001	3.7	-10.040000000000001	-2.72
11:29:49.080490	-1.59	-10.700000000000001	0.89	-0.01	-10.68	1.16	1.02	-10.17	0.5	3.7	-10.040000000000001	-2.72
11:29:49.091090	-1.61	-10.47	0.89	-0.07	-10.66	0.58	0.46	-10.63	0.11	2.13	-10.98	-4.22
11:29:49.101427	-1.5	-10.19	0.8	-0.05	-10.46	0.43	0.91	-9.93	-0.16	2.13	-10.98	-4.22
11:29:49.111497	-1.31	-10.08	0.71	0.03	-10.42	0.5	0.62	-9.83	0.36	0.88	-10.82	-5.97
11:29:49.121637	-1.06	-9.78	0.44	0.08	-10.450000000000001	0.35000000000000003	0.71	-10.07	-0.25	1.56	-11.32	-3.39
11:29:49.131761	-0.76	-9.71	0.32	0.0	-10.23	0.38	0.67	-10.51	-0.81	1.82	-10.950000000000001	-2.18
11:29:49.142030	-0.34	-9.81	0.3	0.28	-10.22	0.58	1.9000000000000001	-10.18	-1.54	2.0300000000000002	-12.19	-6.18
11:29:49.152529	0.2	-10.1	0.55	0.72	-10.68	0.75	1.23	-10.58	-0.81	0.17	-13.38	-5.44
11:29:49.162603	0.24	-11.18	1.24	1.09	-11.58	0.5	0.64	-11.27	-1.35	-1.1300000000000001	-13.63	-1.94
11:29:49.172704	-0.47000000000000003	-11.620000000000001	1.6400000000000001	1.07	-11.42	0.17	-0.81	-10.84	-1.86	-0.01	-12.08	-2.46
11:29:49.182883	-1.1	-11.89	1.92	0.9400000000000001	-11.38	0.09	-1.42	-10.790000000000001	-1.6300000000000001	-0.01	-12.08	-2.46
11:29:49.193386	-2.0300000000000002	-11.700000000000001	1.76	0.63	-11.46	-0.03	-2.17	-11.11	-1.6	-0.01	-12.08	-2.46
11:29:49.203527	-1.73	-11.15	1.49	0.16	-10.99	-0.23	-2.13	-11.39	-1.73	-0.41000000000000003	-14.51	-4.0
11:29:49.214248	-0.79	-10.42	1.0	-0.14	-10.72	-0.64	-2.15	-11.97	-0.8300000000000001	-0.48	-15.9	-2.1
11:29:49.224984	0.42	-9.72	0.52	-0.74	-10.49	-0.99	-1.69	-11.8	-2.11	0.37	-17.94	-1.36
11:29:49.235054	2.19	-8.76	-0.49	-0.85	-10.290000000000001	-1.46	-1.62	-12.91	-2.89	1.37	-18.97	-0.07
11:29:49.245131	2.49	-8.48	-0.88	-2.46	-9.67	-1.37	0.63	-13.700000000000001	-3.47	2.16	-18.67	1.61
11:29:49.255195	2.59	-8.35	-1.03	-1.9000000000000001	-9.48	-1.54	1.5	-12.73	-2.38	5.54	-13.44	1.6400000000000001
11:29:49.265272	2.49	-8.25	-1.1	-1.56	-9.18	-1.4000000000000001	2.35	-11.81	-1.08	5.48	-11.790000000000001	-4.5
11:29:49.275396	2.3000000000000003	-8.01	-1.16	-1.95	-8.790000000000001	-0.44	2.82	-10.52	-0.51	6.61	-10.76	-9.200000000000001
11:29:49.285469	2.37	-7.87	-1.1300000000000001	-2.42	-9.33	-0.6	3.22	-9.48	3.0	8.46	-9.05	-11.07
11:29:49.295840	2.42	-7.78	-0.9500000000000001	-2.54	-9.73	-0.6900000000000001	3.04	-10.15	6.3100000000000005	6.53	-6.9	-6.54
11:29:49.305912	1.3800000000000001	-8.75	0.08	-1.92	-10.14	-0.08	2.96	-10.51	9.14	0.99	-1.61	-0.04
11:29:49.315982	0.97	-9.33	0.59	-1.8900000000000001	-10.56	1.23	1.45	-10.14	8.69	-9.74	1.86	9.22
11:29:49.326071	0.61	-9.88	1.03	-0.98	-11.93	1.97	0.79	-10.14	8.01	-17.330000000000002	5.36	15.55
11:29:49.336279	0.21	-10.68	1.7	-1.01	-12.63	2.24	0.49	-10.22	6.3100000000000005	-1.6600000000000001	-5.07	8.71
11:29:49.346416	0.08	-10.77	1.79	-1.37	-12.91	2.63	0.71	-10.78	3.4	7.34	-9.48	9.24
11:29:49.356944	0.07	-10.73	1.74	-1.51	-13.05	2.46	0.51	-8.83	3.58	9.4	-13.05	1.6
11:29:49.367032	0.0	-10.44	1.4000000000000001	-1.41	-12.3	1.52	1.01	-7.73	4.15	-1.5	-5.39	7.65
11:29:49.377103	0.21	-10.01	0.86	-1.22	-11.68	0.71	1.17	-6.98	4.95	-1.1300000000000001	-0.43	7.48
11:29:49.387174	0.26	-9.71	0.63	-0.9	-11.06	0.34	1.41	-7.08	5.3100000000000005	3.45	2.07	8.4
11:29:49.397255	0.23	-9.57	0.43	-0.41000000000000003	-10.48	0.1	1.42	-6.11	5.47	7.890000000000001	-1.51	6.83
11:29:49.407329	0.22	-9.44	0.29	-1.07	-9.33	-0.16	0.89	-5.91	4.92	2.06	-8.52	5.2
11:29:49.417418	0.21	-9.28	0.0	-1.21	-9.11	0.07	0.84	-6.18	4.3500000000000005	-0.93	-11.370000000000001	3.5700000000000003
11:29:49.427483	0.25	-9.27	-0.08	-1.03	-8.88	0.23	0.4	-6.43	4.69	-0.72	-11.120000000000001	2.95
11:29:49.437551	0.24	-9.26	-0.07	-0.86	-8.6	-0.2	0.35000000000000003	-6.49	5.24	-0.55	-8.05	3.19
11:29:49.447679	0.27	-9.3	-0.05	-1.01	-8.52	-0.51	0.33	-6.53	5.6000000000000005	0.86	-7.88	2.9
11:29:49.457789	0.14	-9.34	0.14	-1.31	-8.4	-0.5700000000000001	-0.18	-7.18	5.58	0.09	-9.950000000000001	1.6600000000000001
11:29:49.467918	0.0	-9.32	0.31	-1.51	-8.03	-0.8200000000000001	-0.68	-7.79	5.43	-1.55	-12.11	0.44
11:29:49.477987	-0.23	-9.31	0.49	-1.86	-8.13	-0.9	-1.53	-8.38	6.48	-2.0100000000000002	-12.19	-0.93
11:29:49.488062	-0.4	-9.27	0.71	-2.0	-7.98	-0.63	-1.53	-8.38	6.48	-1.75	-12.68	-1.8
11:29:49.498776	-0.51	-9.16	0.96	-2.11	-8.040000000000001	-0.29	-2.06	-8.74	5.88	-1.79	-13.44	-2.22
11:29:49.508845	-0.51	-9.15	1.03	-2.36	-7.95	0.08	-1.71	-9.200000000000001	5.75	-1.48	-14.76	-3.21
11:29:49.518955	-0.51	-9.14	1.01	-2.44	-7.930000000000001	0.01	-0.38	-9.14	5.49	0.24	-15.22	-5.21
11:29:49.529637	-0.5	-9.120000000000001	0.99	-2.38	-7.8	-0.43	-0.2	-9.3	5.26	0.92	-14.58	-5.44
11:29:49.539808	-0.33	-9.0	0.74	-2.3000000000000003	-7.7	-0.89	-0.08	-9.56	4.89	1.92	-14.38	-5.47
11:29:49.549907	-0.15	-8.94	0.58	-1.82	-7.53	-1.49	0.22	-9.66	4.87	2.4	-15.24	-6.26
11:29:49.560032	0.0	-8.88	0.35000000000000003	-1.4000000000000001	-7.49	-1.74	0.54	-9.55	4.92	2.84	-15.040000000000001	-6.93
11:29:49.570706	0.22	-8.8	-0.03	-0.98	-7.51	-2.08	0.41000000000000003	-9.28	4.84	3.22	-14.22	-6.94
11:29:49.580837	0.28	-8.75	-0.14	-0.47000000000000003	-7.62	-2.42	0.26	-9.450000000000001	4.21	3.11	-14.58	-7.23
11:29:49.590929	0.32	-8.77	-0.19	0.24	-7.75	-2.8000000000000003	-0.33	-9.73	4.61	4.55	-13.030000000000001	-7.43
11:29:49.601063	0.32	-8.85	-0.17	0.42	-7.82	-2.91	-0.32	-9.91	4.68	5.58	-12.31	-6.83
11:29:49.611659	0.04	-9.08	0.05	0.56	-7.72	-2.93	-0.3	-10.06	4.09	5.82	-13.530000000000001	-7.33
11:29:49.621767	-0.17	-9.21	0.25	0.5700000000000001	-7.62	-2.7800000000000002	-0.21	-10.25	3.5	6.96	-12.68	-10.4
11:29:49.631888	-0.32	-9.34	0.49	0.76	-7.5	-2.35	-0.09	-10.27	3.3000000000000003	5.89	-12.09	-9.120000000000001
11:29:49.642042	-0.44	-9.450000000000001	0.77	0.87	-7.5600000000000005	-2.21	0.03	-10.620000000000001	2.58	4.18	-12.58	-10.47
11:29:49.652173	-0.7000000000000001	-9.6	1.1500000000000001	1.01	-7.72	-2.0	0.08	-10.61	2.2	4.0600000000000005	-12.23	-10.72
11:29:49.662271	-0.81	-9.61	1.36	1.1500000000000001	-7.97	-2.13	0.24	-9.89	2.08	3.3200000000000003	-11.51	-11.5
11:29:49.672346	-0.87	-9.71	1.49	1.58	-8.57	-2.41	0.02	-9.55	1.94	2.58	-11.8	-11.67
11:29:49.682476	-0.89	-9.76	1.6	1.59	-8.870000000000001	-2.59	-0.34	-9.77	1.87	2.74	-11.61	-12.25
11:29:49.692559	-0.9	-10.02	1.62	1.8900000000000001	-9.27	-2.83	-0.87	-10.05	1.6	2.71	-12.1	-12.65
11:29:49.703023	-0.9	-10.22	1.58	1.99	-9.71	-3.27	-2.0100000000000002	-9.5	1.96	1.55	-11.09	-13.870000000000001
11:29:49.713581	-0.88	-10.4	1.4000000000000001	1.7	-10.39	-3.94	-2.25	-9.01	1.22	0.71	-11.16	-14.68
11:29:49.723653	-0.9400000000000001	-11.07	0.96	1.6500000000000001	-10.91	-4.14	-2.41	-8.71	0.64	0.78	-10.93	-15.82
11:29:49.733727	-1.28	-11.33	0.75	1.49	-11.48	-4.29	-1.08	-8.41	0.09	1.6300000000000001	-9.950000000000001	-16.490000000000002
11:29:49.743800	-1.08	-11.46	0.71	1.32	-11.75	-4.43	-0.37	-8.16	-0.07	2.11	-9.56	-16.62
11:29:49.753928	-1.07	-11.57	0.44	1.18	-11.64	-4.6000000000000005	-0.37	-8.16	-0.07	2.25	-9.120000000000001	-16.42
11:29:49.764026	-1.02	-11.63	0.2	1.01	-11.540000000000001	-4.4	0.06	-7.95	-0.23	2.32	-8.92	-16.11
11:29:49.774112	-1.09	-11.540000000000001	0.23	0.68	-11.25	-4.14	0.3	-7.88	-0.36	3.69	-9.93	-14.16
11:29:49.784277	-1.05	-11.13	0.17	0.71	-11.22	-4.0200000000000005	0.48	-8.07	0.06	5.67	-13.07	-16.1
11:29:49.794720	-1.0	-10.88	0.28	0.25	-10.51	-3.74	0.45	-8.22	0.47000000000000003	5.18	-9.84	-14.93
11:29:49.804797	-1.02	-10.4	0.33	0.06	-10.05	-3.52	0.5	-8.64	0.85	3.43	-7.83	-12.94
11:29:49.814883	-1.09	-10.16	0.39	-0.03	-9.48	-3.5	0.16	-8.52	1.9000000000000001	0.74	-9.200000000000001	-2.95
11:29:49.825269	-0.96	-9.86	0.45	-0.19	-8.5	-2.85	-0.06	-8.82	2.08	-2.91	-18.79	11.950000000000001
11:29:49.835341	-0.37	-9.84	0.54	-0.19	-8.91	-2.38	-0.13	-11.55	-0.02	2.3000000000000003	-26.54	25.330000000000002
11:29:49.845429	0.65	-11.620000000000001	-0.01	-0.09	-11.01	-1.87	0.07	-16.02	-5.82	13.86	-19.48	7.890000000000001
11:29:49.855507	0.44	-12.450000000000001	-0.6	-0.2	-12.52	-1.1500000000000001	-1.06	-16.51	-4.37	6.1000000000000005	-5.93	-10.8
11:29:49.865577	0.46	-12.86	-1.1	-0.76	-12.040000000000001	-1.23	0.68	-12.33	-0.39	-4.3	-8.39	-10.01
11:29:49.875650	0.63	-13.1	-1.54	-0.27	-11.63	-2.44	0.17	-9.86	0.88	-6.2700000000000005	-8.75	-2.87
11:29:49.885752	0.75	-12.290000000000001	-1.72	-0.26	-11.15	-1.74	-3.2	-9.51	1.22	6.25	-10.76	-0.98
11:29:49.895851	0.85	-11.5	-1.29	0.09	-11.16	-1.01	-3.7600000000000002	-9.950000000000001	1.11	3.3200000000000003	-6.53	-0.55
11:29:49.905932	0.79	-10.56	-0.73	0.11	-10.24	-3.1	-3.06	-9.19	2.33	0.19	-7.28	3.44
11:29:49.916000	0.11	-8.97	0.48	-0.63	-8.78	-2.24	-0.9	-9.06	1.8900000000000001	0.75	-10.24	-1.73
11:29:49.926071	-0.01	-8.51	0.9500000000000001	-2.19	-7.69	-0.35000000000000003	2.67	-9.34	0.58	0.54	-7.37	-2.58
11:29:49.936403	0.03	-8.34	1.36	-3.62	-7.22	0.58	4.33	-9.02	0.68	-0.47000000000000003	-7.86	-1.68
11:29:49.946532	0.35000000000000003	-8.78	1.59	-3.47	-7.37	0.23	4.44	-10.1	0.63	0.29	-10.14	0.0
11:29:49.956638	0.55	-8.790000000000001	1.32	-2.22	-7.58	0.49	1.86	-11.06	1.01	1.58	-12.370000000000001	-2.59
11:29:49.966788	0.88	-8.85	1.0	-0.62	-7.8100000000000005	0.91	0.0	-9.52	0.88	-0.35000000000000003	-8.32	-2.15
11:29:49.977001	1.33	-8.83	0.77	0.6	-8.47	1.17	-1.07	-8.700000000000001	1.41	0.04	-8.9	-0.81
11:29:49.987276	2.12	-8.91	0.17	2.35	-9.69	1.49	-1.1	-9.0	1.6600000000000001	0.04	-8.9	-0.81
11:29:49.997368	2.2800000000000002	-9.16	-0.06	3.14	-10.57	0.71	-0.43	-9.790000000000001	1.11	1.81	-8.66	-2.95
11:29:50.007430	2.24	-9.39	-0.25	3.25	-10.91	0.55	0.76	-10.02	1.12	0.99	-9.28	-2.42
11:29:50.017499	2.07	-9.64	-0.46	2.49	-10.39	1.07	1.59	-10.06	0.87	1.71	-10.28	-0.87
11:29:50.027568	1.42	-9.89	-1.01	0.64	-9.75	1.51	2.02	-10.6	-0.85	2.18	-11.040000000000001	-1.74
11:29:50.037701	1.27	-9.85	-1.19	0.18	-9.82	0.62	2.02	-10.55	-0.9400000000000001	2.18	-11.040000000000001	-1.74
11:29:50.047804	1.1400000000000001	-9.65	-1.22	-0.03	-9.5	-0.15	2.0300000000000002	-9.98	-0.02	1.09	-8.26	-3.16
11:29:50.057919	1.16	-9.48	-1.1	-0.32	-8.58	-0.93	1.67	-9.53	0.74	1.0	-8.93	-0.45
11:29:50.068077	0.99	-9.44	-0.6900000000000001	-0.6900000000000001	-9.14	-1.57	1.11	-9.26	0.45	1.0	-8.93	-0.45
11:29:50.078483	0.77	-9.51	-0.48	-0.6900000000000001	-9.14	-1.57	0.81	-10.02	0.62	1.2	-9.89	-2.94
11:29:50.088858	0.49	-9.6	-0.27	-1.09	-9.5	-1.01	0.81	-10.02	0.62	1.2	-9.89	-2.94
11:29:50.098967	-0.16	-9.58	0.0	-1.22	-9.64	-0.41000000000000003	0.63	-10.43	0.36	1.35	-10.290000000000001	-1.51
11:29:50.109096	-0.26	-9.5	0.07	-1.04	-9.53	-0.15	0.64	-9.83	0.37	1.2	-10.15	-2.92
11:29:50.119208	-0.32	-9.4	0.15	-0.99	-9.200000000000001	0.09	1.12	-9.14	0.89	0.85	-8.73	-2.7600000000000002
11:29:50.129322	-0.3	-9.3	0.16	-0.6900000000000001	-9.01	0.12	1.0	-9.39	0.55	1.22	-8.88	-2.3000000000000003
11:29:50.139972	-0.21	-9.120000000000001	0.14	0.41000000000000003	-9.53	0.75	0.67	-9.98	0.32	1.94	-8.71	-3.22
11:29:50.150037	-0.12	-9.14	0.13	0.75	-9.75	0.63	0.44	-10.24	0.45	1.58	-8.43	-3.6
11:29:50.160115	-0.04	-9.09	0.01	0.89	-9.59	0.68	0.72	-9.56	0.65	1.58	-8.43	-3.6
11:29:50.170220	-0.07	-9.08	-0.08	1.02	-9.36	0.5	0.6900000000000001	-9.44	0.54	1.58	-8.43	-3.6
11:29:50.180396	-0.06	-9.14	-0.14	1.09	-9.4	0.55	0.76	-9.76	0.09	1.79	-10.14	-1.32
11:29:50.191066	-0.13	-9.14	-0.24	1.27	-9.55	0.48	1.72	-9.78	-0.03	1.03	-9.15	-4.07
11:29:50.201134	-0.19	-9.22	-0.29	1.44	-9.55	0.53	1.7	-9.5	0.19	1.44	-9.33	-1.56
11:29:50.211261	-0.19	-9.25	-0.22	1.12	-9.4	0.62	1.57	-9.450000000000001	0.29	2.22	-9.83	-1.3800000000000001
11:29:50.221824	-0.28	-9.25	-0.09	1.07	-9.41	0.58	1.17	-9.91	-0.11	1.24	-9.370000000000001	-3.85
11:29:50.231918	-0.33	-9.28	0.02	0.85	-9.5	0.46	1.41	-9.6	-0.08	1.35	-9.25	-3.9
11:29:50.241985	-0.32	-9.25	0.17	0.92	-9.58	0.37	1.21	-9.41	0.46	1.77	-9.39	-1.36
11:29:50.252053	-0.27	-9.22	0.27	0.08	-9.64	0.45	1.0	-9.77	1.12	2.08	-9.57	-2.52
11:29:50.262218	-0.2	-9.32	0.46	-0.11	-9.77	0.48	0.67	-10.17	0.87	2.08	-9.57	-2.52
11:29:50.272317	-0.19	-9.36	0.52	-0.22	-9.82	0.59	0.4	-10.06	0.66	1.7	-9.11	-4.53
11:29:50.282458	-0.21	-9.39	0.52	-0.51	-9.78	0.63	0.34	-9.69	1.55	1.3800000000000001	-9.67	-1.04
11:29:50.292824	-0.21	-9.38	0.47000000000000003	-1.21	-9.52	0.58	0.27	-9.81	1.81	1.47	-9.26	-3.8200000000000003
11:29:50.302892	-0.16	-9.4	0.25	-1.32	-9.57	0.55	0.41000000000000003	-9.97	0.86	1.61	-9.63	-4.28
11:29:50.312977	-0.09	-9.39	0.05	-1.27	-9.61	0.71	0.7000000000000001	-9.81	0.55	1.78	-9.33	-3.48
11:29:50.323049	-0.01	-9.35	-0.14	-1.28	-9.58	0.89	0.7000000000000001	-9.81	0.55	1.58	-9.99	-1.98
11:29:50.333121	0.11	-9.3	-0.58	-1.59	-9.55	1.05	0.77	-10.09	0.22	1.24	-9.32	-3.84
11:29:50.343743	0.16	-9.26	-0.76	-1.3800000000000001	-9.68	1.09	0.71	-9.68	0.26	1.3	-9.69	-4.34
11:29:50.353844	0.17	-9.26	-0.93	-1.31	-9.72	0.9400000000000001	0.8300000000000001	-9.44	0.61	1.78	-9.61	-2.54
11:29:50.363949	0.17	-9.28	-1.06	-1.3800000000000001	-9.58	1.18	0.8200000000000001	-9.66	0.66	1.78	-9.61	-2.54
11:29:50.374072	0.35000000000000003	-9.540000000000001	-1.07	-0.87	-10.3	0.9400000000000001	0.78	-10.200000000000001	0.52	1.1400000000000001	-10.44	-4.19
11:29:50.384161	0.41000000000000003	-9.8	-1.03	-0.55	-10.68	0.99	1.04	-10.040000000000001	0.93	1.87	-10.85	-5.25
11:29:50.394599	0.38	-10.05	-0.98	-0.39	-10.67	1.6	0.8200000000000001	-10.36	1.3800000000000001	1.1300000000000001	-11.620000000000001	-2.57
11:29:50.404666	0.3	-10.27	-0.8	-0.49	-10.620000000000001	1.48	0.67	-11.1	1.17	0.85	-10.22	-4.37
11:29:50.414743	0.15	-10.36	-0.44	-0.87	-10.71	0.8200000000000001	1.1300000000000001	-10.58	1.19	3.3000000000000003	-10.71	-5.0600000000000005
11:29:50.424813	-0.18	-10.69	-0.31	-1.22	-10.66	1.01	0.93	-10.370000000000001	0.92	3.0	-10.4	-5.18
11:29:50.434889	-0.51	-10.790000000000001	-0.08	-1.37	-10.540000000000001	1.21	0.21	-10.5	1.67	2.67	-10.450000000000001	-2.2600000000000002
11:29:50.444961	-0.66	-10.83	0.14	-1.36	-10.49	0.98	-0.13	-11.08	0.15	4.42	-10.65	-5.51
11:29:50.455062	-1.27	-11.03	0.76	-1.01	-10.56	1.45	0.05	-10.49	0.5700000000000001	4.55	-9.9	-5.5
11:29:50.465139	-1.27	-11.03	0.76	-0.81	-10.57	1.47	0.16	-10.290000000000001	0.45	4.47	-9.89	-5.19
11:29:50.475265	-1.3800000000000001	-10.94	0.84	-0.64	-10.56	1.12	-0.04	-10.620000000000001	0.74	4.4	-10.19	-2.82
11:29:50.485332	-1.47	-10.74	0.87	-0.44	-10.53	0.67	-0.21	-10.94	0.84	4.4	-10.19	-2.82
11:29:50.496017	-1.44	-10.32	0.81	-0.17	-10.58	0.91	0.33	-10.42	0.77	2.04	-10.35	-5.63
11:29:50.506089	-1.46	-10.13	0.76	-0.31	-10.540000000000001	1.11	0.5700000000000001	-10.24	1.1400000000000001	2.5	-10.63	-4.65
11:29:50.516168	-1.41	-9.89	0.5700000000000001	-0.34	-10.42	0.99	0.52	-10.6	1.03	1.77	-10.5	-2.2
11:29:50.526240	-1.42	-9.85	0.51	-0.35000000000000003	-10.200000000000001	0.7000000000000001	0.42	-10.6	1.04	0.61	-10.85	-5.08
11:29:50.536327	-1.44	-9.75	0.48	-0.24	-9.97	0.67	1.04	-9.89	0.77	0.78	-10.25	-6.17
11:29:50.546479	-1.33	-9.790000000000001	0.41000000000000003	-0.3	-9.9	0.67	0.74	-9.58	1.24	1.54	-10.59	-3.86
11:29:50.556555	-0.54	-10.27	0.88	-0.4	-9.76	0.51	0.54	-10.11	0.54	2.12	-10.73	-4.86
11:29:50.567033	-0.54	-10.27	0.88	0.03	-10.0	0.84	0.88	-10.34	0.09	2.21	-11.26	-6.4
11:29:50.577134	-0.12	-11.39	1.8	0.41000000000000003	-10.76	0.84	2.0300000000000002	-9.99	-0.66	0.45	-12.5	-4.9
11:29:50.587208	-0.55	-11.6	2.06	0.61	-11.31	0.91	1.18	-10.88	-0.02	0.45	-12.5	-4.9
11:29:50.597282	-1.59	-11.540000000000001	2.23	0.56	-11.3	0.86	0.64	-11.15	-0.99	1.81	-12.200000000000001	-5.19
11:29:50.607358	-1.84	-11.290000000000001	1.8900000000000001	0.37	-11.28	0.78	-0.17	-10.72	-0.99	1.85	-14.46	-4.05
11:29:50.617442	-1.57	-10.97	1.44	0.24	-11.28	0.8200000000000001	-1.12	-10.68	-1.07	0.5700000000000001	-13.17	-4.38
11:29:50.627506	-0.73	-10.67	0.9	-0.07	-11.07	0.79	-1.28	-10.78	-1.54	0.14	-12.85	-2.7
11:29:50.637582	1.53	-9.77	-0.41000000000000003	-0.41000000000000003	-10.83	0.37	-1.2	-10.89	-1.69	0.03	-14.14	-2.69
11:29:50.647652	2.5300000000000002	-9.57	-0.93	-1.05	-10.450000000000001	-0.47000000000000003	-1.53	-11.17	-1.56	-0.08	-15.42	-2.66
11:29:50.657740	3.09	-9.46	-1.3800000000000001	-1.09	-10.3	-0.89	-0.9	-11.13	-1.25	-0.33	-17.11	-1.87
11:29:50.668073	3.09	-9.46	-1.3800000000000001	-1.56	-10.23	-1.04	-1.37	-11.53	-2.67	-0.33	-17.11	-1.87
11:29:50.678175	2.44	-9.120000000000001	-1.78	-1.96	-10.13	-1.3	1.84	-13.34	-4.5200000000000005	3.9	-16.16	1.08
11:29:50.688310	2.57	-8.77	-1.74	-2.04	-9.23	-0.77	2.71	-12.14	-3.49	3.9	-16.16	1.08
11:29:50.698436	2.85	-8.46	-1.6300000000000001	-2.21	-9.21	-0.32	3.15	-11.18	-1.76	5.36	-13.23	-4.43
11:29:50.708534	2.7600000000000002	-8.13	-1.06	-2.04	-9.31	-0.36	3.72	-10.26	0.4	4.29	-10.01	-6.38
11:29:50.718945	2.25	-8.17	-0.7000000000000001	-2.94	-10.01	-0.53	3.72	-10.26	0.4	5.16	-8.36	-9.790000000000001
11:29:50.729105	1.56	-8.42	-0.26	-3.36	-9.84	0.99	1.0	-10.68	9.57	6.13	-4.48	-7.5
11:29:50.739219	0.98	-8.74	0.18	-2.62	-10.48	1.33	0.44	-11.14	9.69	3.41	-2.2	-0.24
11:29:50.749339	0.41000000000000003	-9.6	1.05	-2.0300000000000002	-11.8	1.34	0.44	-11.14	9.69	-16.09	-3.0500000000000003	13.9
11:29:50.760038	0.37	-10.05	1.37	-1.22	-13.280000000000001	1.43	0.44	-11.14	9.69	-16.09	-3.0500000000000003	13.9
11:29:50.770386	0.23	-10.33	1.58	-1.79	-13.22	1.9100000000000001	0.73	-11.32	3.09	5.61	-11.81	7.0
11:29:50.780522	0.21	-10.47	1.6500000000000001	-1.93	-12.780000000000001	1.9100000000000001	0.71	-10.66	2.7800000000000002	5.61	-11.81	7.0
11:29:50.791082	0.09	-10.33	1.32	-1.73	-12.33	1.26	1.25	-8.3	4.33	5.61	-11.81	7.0
11:29:50.801224	0.09	-10.17	1.1300000000000001	-1.52	-11.19	0.49	1.6400000000000001	-7.5	5.01	-0.11	-0.47000000000000003	8.16
11:29:50.811377	0.06	-10.040000000000001	0.91	-1.16	-10.93	0.39	2.02	-7.54	5.49	5.98	-5.04	6.6000000000000005
11:29:50.821525	0.19	-9.91	0.81	-1.07	-10.35	-0.07	1.47	-7.390000000000001	5.28	2.5500000000000003	-8.16	5.39
11:29:50.832020	0.2	-9.59	0.53	-0.85	-10.21	0.1	0.84	-7.48	4.61	-0.72	-11.19	4.7700000000000005
11:29:50.842128	0.13	-9.450000000000001	0.36	-0.64	-9.89	0.41000000000000003	0.54	-7.68	4.54	-1.68	-12.61	3.31
11:29:50.852226	0.14	-9.370000000000001	0.24	-0.38	-9.84	0.28	-0.14	-7.33	4.59	-0.71	-7.07	3.5
11:29:50.862910	0.17	-9.3	0.2	-0.62	-9.63	0.53	-0.81	-6.76	5.72	-0.06	-6.6000000000000005	3.2600000000000002
11:29:50.873028	0.1	-9.22	0.21	-0.98	-8.85	0.06	-0.93	-6.42	6.2700000000000005	0.64	-7.87	2.45
11:29:50.883149	-0.01	-9.23	0.33	-1.55	-8.34	-0.02	-1.02	-6.640000000000001	6.2700000000000005	0.35000000000000003	-9.540000000000001	1.6400000000000001
11:29:50.893786	-0.09	-9.200000000000001	0.49	-1.77	-7.92	-0.37	-1.02	-6.640000000000001	6.2700000000000005	-0.87	-11.6	0.13
11:29:50.903905	-0.09	-9.200000000000001	0.49	-1.8900000000000001	-7.58	-0.58	-1.28	-7.67	6.0200000000000005	-0.48	-12.17	-0.77
11:29:50.914340	-0.38	-9.08	0.76	-2.22	-7.5200000000000005	-0.65	-1.09	-7.8100000000000005	6.17	0.07	-12.88	-1.94
11:29:50.924416	-0.34	-8.73	0.98	-2.4	-7.390000000000001	-0.44	-1.06	-7.7700000000000005	6.41	0.62	-13.49	-2.92
11:29:50.934673	-0.32	-8.69	1.07	-2.43	-7.34	-0.36	-1.07	-8.36	5.61	1.98	-14.07	-4.34
11:29:50.944749	-0.3	-8.47	0.9400000000000001	-2.43	-7.1000000000000005	-0.27	-0.56	-8.56	5.65	2.94	-14.0	-4.83
11:29:50.954858	-0.24	-8.42	0.86	-2.02	-6.82	-0.65	0.14	-8.72	5.7	3.93	-13.88	-5.23
11:29:50.965328	-0.27	-8.39	0.68	-1.82	-6.67	-0.79	0.53	-9.200000000000001	5.2	5.0	-14.05	-6.51
11:29:50.975480	-0.21	-8.51	0.46	-1.45	-6.71	-0.98	0.35000000000000003	-9.33	5.15	5.1000000000000005	-14.24	-7.11
11:29:50.985743	-0.21	-8.51	0.46	-1.06	-6.890000000000001	-1.2	0.14	-9.43	5.22	5.03	-14.1	-7.2
11:29:50.995900	-0.13	-8.76	0.13	0.04	-7.3100000000000005	-1.8900000000000001	0.2	-9.68	5.18	5.03	-14.1	-7.2
11:29:51.005967	-0.07	-9.040000000000001	0.02	0.45	-7.59	-2.35	0.27	-9.73	5.11	5.03	-14.1	-7.2
11:29:51.016037	0.0	-9.11	0.04	0.91	-7.78	-2.72	0.23	-9.81	5.01	5.03	-14.1	-7.2
11:29:51.026114	-0.15	-9.200000000000001	0.35000000000000003	1.3900000000000001	-7.9	-2.96	-0.14	-10.0	4.87	5.03	-14.1	-7.2
11:29:51.036180	-0.44	-9.17	0.53	1.61	-7.69	-3.09	-0.74	-9.93	4.28	5.03	-14.1	-7.2
11:29:51.046257	-0.58	-9.120000000000001	0.84	1.72	-7.71	-3.0500000000000003	-0.5700000000000001	-9.57	4.2700000000000005	5.03	-14.1	-7.2
11:29:51.056386	-0.66	-9.09	0.96	1.62	-7.65	-2.73	-0.3	-9.46	3.87	5.03	-14.1	-7.2
11:29:51.066563	-0.66	-9.09	0.96	1.8900000000000001	-7.69	-2.41	-0.15	-9.73	3.48	5.03	-14.1	-7.2
11:29:51.076642	-0.7000000000000001	-9.33	1.3	1.97	-7.8500000000000005	-1.77	-0.34	-9.96	3.09	5.03	-14.1	-7.2
11:29:51.086706	-0.67	-9.450000000000001	1.26	2.21	-8.36	-2.23	-0.42	-10.08	2.69	4.22	-14.24	-8.27
11:29:51.096778	-0.65	-9.76	1.22	1.9100000000000001	-8.86	-2.86	-0.61	-10.05	2.43	4.22	-14.24	-8.27
11:29:51.106850	-0.59	-9.92	1.05	1.8	-9.16	-3.18	-0.38	-9.98	1.73	4.22	-14.24	-8.27
11:29:51.116967	-0.6	-10.16	0.92	1.23	-9.78	-3.63	-0.21	-9.42	1.6300000000000001	4.22	-14.24	-8.27
11:29:51.127045	-0.71	-10.53	0.81	0.86	-10.14	-3.72	-0.06	-9.76	1.1300000000000001	4.22	-14.24	-8.27
11:29:51.137145	-1.12	-11.06	0.41000000000000003	0.65	-10.53	-4.1	-0.17	-9.58	0.96	4.22	-14.24	-8.27
11:29:51.147224	-1.21	-11.200000000000001	0.28	0.32	-10.78	-4.34	-0.61	-8.64	1.24	4.22	-14.24	-8.27
11:29:51.157294	-1.28	-11.44	0.2	0.3	-11.08	-4.47	-0.74	-8.52	1.23	4.22	-14.24	-8.27
11:29:51.167395	-1.31	-11.55	0.08	0.43	-11.31	-4.2700000000000005	-0.61	-8.42	1.17	4.22	-14.24	-8.27
11:29:51.177476	-1.47	-11.63	0.15	0.59	-11.34	-4.15	-0.18	-8.41	1.21	4.22	-14.24	-8.27
11:29:51.187736	-1.47	-11.63	0.15	0.8200000000000001	-11.370000000000001	-4.24	-0.18	-8.41	1.21	1.3900000000000001	-9.85	-15.93
11:29:51.197857	-1.47	-11.44	0.24	1.09	-10.69	-4.0	0.05	-8.31	1.41	0.08	-9.370000000000001	-14.8
11:29:51.207924	-1.41	-11.200000000000001	0.26	1.07	-10.3	-3.95	0.01	-8.31	1.75	0.08	-9.370000000000001	-14.8
11:29:51.218024	-1.48	-10.370000000000001	0.42	1.04	-9.83	-3.7	-0.35000000000000003	-8.5	2.13	0.08	-9.370000000000001	-14.8
11:29:51.228129	-1.53	-10.13	0.45	0.4	-8.16	-2.69	-0.9	-8.53	2.97	0.08	-9.370000000000001	-14.8
11:29:51.238245	-1.55	-9.97	0.51	0.32	-7.75	-2.2600000000000002	-1.31	-11.25	1.06	0.08	-9.370000000000001	-14.8
11:29:51.248360	-1.41	-9.9	0.48	0.13	-8.03	-1.82	-0.89	-14.98	-4.9	0.08	-9.370000000000001	-14.8
11:29:51.258431	-0.33	-11.040000000000001	0.1	0.47000000000000003	-12.040000000000001	-1.1400000000000001	-1.34	-17.150000000000002	-10.09	0.08	-9.370000000000001	-14.8
11:29:51.268565	-0.44	-12.11	-0.45	0.04	-12.77	-0.64	-1.48	-16.16	-6.3500000000000005	0.08	-9.370000000000001	-14.8
11:29:51.278661	-0.3	-12.86	-0.93	0.06	-12.91	-1.44	-1.48	-16.16	-6.3500000000000005	3.0300000000000002	-5.73	-9.32
11:29:51.288781	-0.3	-12.86	-0.93	0.06	-12.91	-1.44	-1.48	-16.16	-6.3500000000000005	-5.71	-7.43	-8.6
11:29:51.299234	0.29	-12.83	-1.94	-0.58	-12.4	-1.95	-2.17	-10.22	1.94	-5.71	-7.43	-8.6
11:29:51.309484	0.44	-11.96	-1.76	-0.6900000000000001	-12.38	-3.67	-1.8900000000000001	-9.33	1.05	-5.71	-7.43	-8.6
11:29:51.320087	0.67	-10.99	-1.32	-1.01	-10.93	-4.49	0.25	-8.81	2.09	-5.71	-7.43	-8.6
11:29:51.330316	0.64	-9.47	-0.05	-1.73	-8.85	-3.25	2.67	-9.56	1.1500000000000001	-5.71	-7.43	-8.6
11:29:51.340439	0.37	-9.120000000000001	0.6	-2.81	-7.44	0.37	4.0	-10.08	1.07	-5.71	-7.43	-8.6
11:29:51.350583	0.15	-8.99	1.11	-2.6	-7.37	0.8300000000000001	4.34	-10.09	1.76	-5.71	-7.43	-8.6
11:29:51.361023	0.0	-9.08	1.54	-1.95	-7.03	1.17	2.34	-10.540000000000001	1.68	-5.71	-7.43	-8.6
11:29:51.371115	-0.07	-9.120000000000001	1.84	-1.26	-7.05	1.93	0.73	-10.19	1.56	-5.71	-7.43	-8.6
11:29:51.381436	0.1	-9.06	1.76	0.44	-8.3	2.45	-1.25	-8.71	1.47	-1.35	-7.55	2.0300000000000002
11:29:51.392001	0.45	-9.03	1.57	1.6400000000000001	-9.36	1.94	-1.33	-8.92	1.79	-1.35	-7.55	2.0300000000000002
11:29:51.402078	0.8200000000000001	-8.96	1.3	2.84	-10.0	1.52	-0.81	-9.08	1.53	-1.35	-7.55	2.0300000000000002
11:29:51.412150	1.68	-8.86	0.74	3.5	-10.700000000000001	1.21	-0.14	-9.68	0.86	-1.35	-7.55	2.0300000000000002
11:29:51.422227	1.9000000000000001	-9.01	0.46	2.74	-10.67	0.68	1.52	-10.17	0.93	-1.35	-7.55	2.0300000000000002
11:29:51.432303	1.9000000000000001	-9.24	0.13	1.59	-10.15	0.64	1.6	-10.26	0.27	-1.35	-7.55	2.0300000000000002
11:29:51.442375	1.7	-9.42	-0.18	0.79	-10.02	0.5700000000000001	1.44	-10.28	-0.49	-1.35	-7.55	2.0300000000000002
11:29:51.452900	1.23	-9.77	-0.96	0.22	-10.17	0.2	1.44	-10.03	0.02	-1.35	-7.55	2.0300000000000002
11:29:51.462976	1.17	-9.84	-1.29	-0.43	-9.26	-0.36	1.76	-9.540000000000001	0.9400000000000001	-1.35	-7.55	2.0300000000000002
11:29:51.473110	1.12	-9.76	-1.5	-1.1	-8.73	-0.52	1.55	-9.59	1.09	-1.35	-7.55	2.0300000000000002
11:29:51.483232	0.9	-9.55	-1.34	-1.26	-8.81	-0.85	1.25	-9.8	0.54	-0.55	-8.8	-2.31
11:29:51.493296	0.68	-9.63	-1.12	-1.33	-8.97	-0.73	0.92	-10.040000000000001	0.77	-0.55	-8.8	-2.31
11:29:51.503373	0.38	-9.82	-0.87	-1.23	-9.73	-0.68	0.76	-10.09	1.1	-0.55	-8.8	-2.31
11:29:51.513483	0.0	-9.97	-0.65	-1.05	-9.78	-0.47000000000000003	0.54	-10.200000000000001	0.97	-0.55	-8.8	-2.31
11:29:51.523604	-0.55	-10.0	-0.38	-1.1	-9.93	-0.25	-0.1	-9.93	0.06	-0.55	-8.8	-2.31
11:29:51.534257	-0.64	-9.870000000000001	-0.27	-1.17	-9.69	-0.06	0.19	-9.39	0.43	-0.55	-8.8	-2.31
11:29:51.544378	-0.39	-9.38	-0.15	-0.5700000000000001	-9.14	0.25	0.73	-9.13	0.54	-0.55	-8.8	-2.31
11:29:51.554507	-0.03	-8.98	-0.15	-0.27	-9.09	0.37	1.26	-9.22	0.26	-0.55	-8.8	-2.31
11:29:51.564619	0.1	-8.86	-0.18	0.25	-9.28	0.23	1.9100000000000001	-9.91	-0.36	-0.55	-8.8	-2.31
11:29:51.574691	0.2	-8.78	-0.23	0.9400000000000001	-9.49	0.47000000000000003	2.38	-9.8	-0.01	-0.55	-8.8	-2.31
11:29:51.584776	0.23	-8.68	-0.36	1.3	-9.370000000000001	0.52	2.42	-9.51	0.18	0.99	-9.53	-2.8000000000000003
11:29:51.595176	0.27	-8.69	-0.49	1.53	-9.48	0.51	0.98	-9.48	0.27	0.99	-9.53	-2.8000000000000003
11:29:51.605254	0.16	-8.84	-0.55	1.71	-9.66	0.5700000000000001	0.42	-9.76	0.14	0.99	-9.53	-2.8000000000000003
11:29:51.615370	-0.01	-8.950000000000001	-0.62	1.6500000000000001	-9.71	0.28	0.52	-9.68	0.37	0.99	-9.53	-2.8000000000000003
11:29:51.625483	-0.01	-8.950000000000001	-0.62	1.28	-9.5	0.47000000000000003	0.52	-9.68	0.37	1.41	-8.83	-2.87
11:29:51.635732	-0.23	-9.040000000000001	-0.64	1.28	-9.5	0.47000000000000003	0.52	-9.68	0.37	1.41	-9.74	-0.88
11:29:51.645831	-0.6	-9.23	-0.41000000000000003	1.17	-9.53	0.24	0.91	-10.08	0.66	1.48	-9.15	-3.6
11:29:51.656559	-0.8	-9.4	-0.06	0.72	-9.53	0.14	1.6500000000000001	-9.52	0.41000000000000003	1.48	-9.15	-3.6
11:29:51.666688	-0.9	-9.43	0.36	0.21	-9.39	0.2	1.23	-9.89	1.11	1.48	-9.15	-3.6
11:29:51.676804	-0.92	-9.41	0.55	0.03	-9.48	0.06	1.23	-9.89	1.11	1.0	-9.26	-4.14
11:29:51.686890	-0.91	-9.42	0.68	-0.06	-9.65	-0.05	1.36	-9.97	1.1400000000000001	0.9500000000000001	-9.11	-4.18
11:29:51.696954	-0.89	-9.370000000000001	0.73	-0.4	-9.5	0.03	1.16	-9.64	1.33	0.9500000000000001	-9.11	-4.18
11:29:51.707026	-0.79	-9.17	0.68	-0.5700000000000001	-9.49	0.14	1.16	-9.64	1.33	1.67	-9.86	-0.9400000000000001
11:29:51.717099	-0.73	-9.120000000000001	0.5700000000000001	-0.54	-9.55	0.12	-0.45	-10.38	1.25	1.08	-9.25	-4.11
11:29:51.727168	-0.62	-9.14	0.41000000000000003	-0.49	-9.58	0.19	-0.45	-10.38	1.25	1.53	-9.46	-4.58
11:29:51.737251	-0.55	-9.15	0.26	-0.47000000000000003	-9.48	0.6	0.75	-9.42	2.24	2.04	-9.040000000000001	-2.56
11:29:51.747323	-0.38	-9.040000000000001	0.0	-0.49	-9.44	0.6900000000000001	0.71	-10.16	1.0	2.04	-9.040000000000001	-2.56
11:29:51.757396	-0.3	-9.03	-0.09	-0.53	-9.49	0.8200000000000001	0.5700000000000001	-10.38	0.55	1.3	-9.89	-4.57
11:29:51.767469	-0.22	-9.07	-0.12	-0.58	-9.56	1.1	0.5700000000000001	-10.38	0.55	1.59	-9.75	-4.8500000000000005
11:29:51.777612	-0.19	-9.11	-0.17	-0.79	-9.81	1.58	0.5700000000000001	-10.38	0.55	1.1500000000000001	-10.26	-4.8
11:29:51.787692	-0.18	-9.33	-0.16	-0.75	-10.01	1.32	0.54	-10.55	0.74	1.1500000000000001	-10.26	-4.8
11:29:51.797765	-0.19	-9.52	-0.13	-0.54	-10.13	1.19	0.6900000000000001	-10.42	0.96	0.97	-10.28	-4.47
11:29:51.807830	-0.22	-9.700000000000001	-0.1	-0.26	-10.19	1.09	1.08	-10.1	1.52	0.97	-10.28	-4.47
11:29:51.817906	-0.22	-9.88	-0.08	-0.4	-10.370000000000001	0.86	0.8300000000000001	-10.42	1.6300000000000001	1.32	-10.31	-4.95
11:29:51.828043	-0.24	-10.4	-0.07	-0.93	-10.35	0.74	0.8300000000000001	-10.42	1.6300000000000001	0.49	-10.41	-3.74
11:29:51.838156	-0.39	-10.65	-0.01	-1.02	-10.540000000000001	0.97	1.24	-10.74	1.18	3.3200000000000003	-10.47	-5.67
11:29:51.848271	-0.36	-10.51	0.15	-1.53	-10.700000000000001	0.9	0.55	-10.51	1.52	3.5300000000000002	-10.71	-5.6000000000000005
11:29:51.858897	-0.93	-11.07	0.11	-0.87	-10.55	1.1	0.13	-10.67	0.85	3.5300000000000002	-10.71	-5.6000000000000005
11:29:51.869515	-1.19	-11.11	0.16	-0.84	-10.450000000000001	1.23	0.15	-10.07	-0.03	3.5300000000000002	-10.71	-5.6000000000000005
11:29:51.879786	-1.5	-11.07	0.2	-0.61	-10.69	0.76	0.15	-10.07	-0.03	4.9	-10.05	-5.55
11:29:51.890229	-1.76	-11.08	0.23	-0.37	-10.65	0.64	0.05	-10.19	0.21	3.29	-10.66	-4.79
11:29:51.900350	-2.11	-10.9	0.36	0.0	-10.68	0.36	0.05	-10.19	0.21	2.35	-11.32	-5.17
11:29:51.910449	-2.17	-10.81	0.38	0.31	-10.85	0.42	0.05	-10.19	0.21	2.23	-10.92	-6.0200000000000005
11:29:51.920584	-2.14	-10.63	0.39	0.3	-10.85	0.52	0.05	-10.19	0.21	2.16	-11.67	-4.87
11:29:51.930658	-2.13	-10.51	0.39	0.47000000000000003	-10.69	0.06	0.61	-10.39	0.26	1.74	-11.61	-3.63
11:29:51.940894	-1.57	-10.28	0.55	0.6900000000000001	-10.61	0.09	0.46	-10.71	0.27	2.7	-12.5	-5.12
11:29:51.951247	-1.02	-10.5	0.89	0.78	-10.950000000000001	0.56	0.46	-10.71	0.27	2.92	-12.11	-6.98
11:29:51.961343	-0.35000000000000003	-10.950000000000001	1.42	0.97	-12.18	0.9500000000000001	1.77	-11.03	-0.64	1.3800000000000001	-13.540000000000001	-3.86
11:29:51.971874	0.02	-11.64	2.07	0.99	-12.21	0.86	1.77	-11.03	-0.64	0.41000000000000003	-12.870000000000001	-4.73
11:29:51.982294	-0.92	-12.25	2.63	0.8200000000000001	-12.01	0.8200000000000001	1.77	-11.03	-0.64	2.12	-14.35	-5.53
11:29:51.992665	-1.6400000000000001	-12.15	2.54	0.8200000000000001	-12.01	0.8200000000000001	1.77	-11.03	-0.64	2.12	-14.35	-5.53
11:29:52.002766	-2.17	-11.81	2.24	0.24	-11.56	0.08	1.77	-11.03	-0.64	-0.09	-13.68	-0.79
11:29:52.013250	-1.68	-10.72	1.12	-0.32	-11.08	-0.35000000000000003	1.77	-11.03	-0.64	-0.17	-14.5	-3.04
11:29:52.023427	-0.72	-10.16	0.56	-0.78	-10.64	-0.76	1.77	-11.03	-0.64	0.21	-15.73	-3.47
11:29:52.033550	0.56	-9.61	0.04	-1.17	-10.27	-1.1300000000000001	1.77	-11.03	-0.64	-0.23	-16.0	-2.7800000000000002
11:29:52.043680	1.62	-9.16	-0.43	-0.11	-9.8	-1.57	1.77	-11.03	-0.64	0.0	-18.07	2.21
11:29:52.053753	2.6	-8.82	-1.05	-2.31	-9.72	-1.79	-1.36	-11.120000000000001	-2.67	1.49	-16.9	1.23
11:29:52.064122	2.34	-8.82	-1.1400000000000001	-2.89	-9.14	-1.43	0.44	-13.540000000000001	-3.94	1.49	-16.9	1.23
11:29:52.074645	1.9100000000000001	-8.81	-1.11	-1.79	-8.74	-1.37	0.44	-13.540000000000001	-3.94	1.49	-16.9	1.23
11:29:52.084815	1.6400000000000001	-8.68	-1.04	-1.79	-8.47	-0.62	0.44	-13.540000000000001	-3.94	3.47	-11.9	-4.66
11:29:52.094944	2.25	-8.26	-0.44	-1.55	-8.65	-0.61	0.44	-13.540000000000001	-3.94	3.47	-11.9	-4.66
11:29:52.105536	2.25	-8.26	-0.44	-2.5	-9.13	-0.13	3.27	-9.69	0.01	3.47	-11.9	-4.66
11:29:52.115820	1.93	-8.18	0.19	-3.17	-9.48	-0.22	3.27	-9.69	0.01	1.99	-2.15	0.96
11:29:52.125932	1.12	-8.81	0.8300000000000001	-2.48	-10.3	1.1	3.27	-9.69	0.01	1.99	-2.15	0.96
11:29:52.135998	0.8200000000000001	-9.27	1.02	-2.91	-11.13	1.7	3.27	-9.69	0.01	1.99	-2.15	0.96
11:29:52.146085	0.68	-9.81	1.2	-2.56	-12.48	1.79	3.27	-9.69	0.01	1.99	-2.15	0.96
11:29:52.156172	0.58	-10.200000000000001	1.3	-2.5100000000000002	-13.120000000000001	2.2	3.27	-9.69	0.01	1.99	-2.15	0.96
11:29:52.166238	0.4	-10.49	1.16	-2.0100000000000002	-13.07	1.81	3.27	-9.69	0.01	1.99	-2.15	0.96
11:29:52.176311	0.24	-10.450000000000001	0.9400000000000001	-1.87	-12.38	1.24	3.27	-9.69	0.01	1.99	-2.15	0.96
11:29:52.186668	0.24	-10.450000000000001	0.9400000000000001	-1.18	-12.120000000000001	1.02	3.27	-9.69	0.01	-3.04	-3.73	7.09
11:29:52.196832	0.08	-10.42	0.79	-1.24	-11.82	0.6	2.08	-6.87	5.88	3.62	-0.73	8.66
11:29:52.207388	0.01	-10.31	0.61	-0.63	-10.65	0.27	2.08	-6.87	5.88	3.62	-0.73	8.66
11:29:52.217506	-0.06	-9.870000000000001	0.37	-0.88	-10.290000000000001	0.2	1.58	-6.890000000000001	5.33	3.62	-0.73	8.66
11:29:52.227581	-0.12	-9.69	0.24	-0.67	-10.23	0.2	1.58	-6.890000000000001	5.33	-0.97	-9.48	4.76
11:29:52.237655	-0.13	-9.290000000000001	0.19	-0.53	-10.17	0.36	1.58	-6.890000000000001	5.33	0.45	-8.65	3.73
11:29:52.247736	-0.16	-9.16	0.24	-0.59	-9.450000000000001	0.0	-0.8	-6.65	5.19	0.45	-8.65	3.73
11:29:52.257801	-0.17	-8.99	0.33	-0.78	-9.13	-0.15	-0.8	-6.65	5.19	-0.04	-6.05	4.05
11:29:52.267935	-0.22	-8.88	0.51	-1.32	-8.56	-0.07	-0.8	-6.65	5.19	-0.04	-6.05	4.05
11:29:52.278143	-0.45	-8.68	0.8300000000000001	-1.8800000000000001	-7.63	-0.63	-0.9500000000000001	-6.63	5.46	-0.04	-6.05	4.05
11:29:52.288214	-0.52	-8.620000000000001	0.91	-1.75	-6.76	-0.59	-0.9500000000000001	-6.63	5.46	0.45	-10.0	1.06
11:29:52.298292	-0.62	-8.66	1.0	-2.06	-7.01	-0.42	-1.84	-8.01	5.91	0.45	-10.0	1.06
11:29:52.308365	-0.5700000000000001	-8.63	1.08	-2.45	-7.41	0.07	-1.7	-8.08	6.05	0.45	-10.0	1.06
11:29:52.318733	-0.67	-8.74	1.03	-2.45	-7.41	0.07	-1.7	-8.08	6.05	0.45	-10.0	1.06
11:29:52.329247	-0.66	-8.82	0.93	-2.4	-7.5	-0.02	-1.7	-8.08	6.05	0.45	-10.0	1.06
11:29:52.339367	-0.72	-8.99	0.85	-2.29	-7.58	-0.33	0.17	-9.370000000000001	5.17	0.45	-10.0	1.06
11:29:52.349439	-0.78	-9.06	0.67	-1.83	-7.5200000000000005	-1.1500000000000001	0.17	-9.370000000000001	5.17	2.95	-13.85	-5.13
11:29:52.359807	-0.72	-9.26	0.2	-1.45	-7.58	-1.6400000000000001	0.17	-9.370000000000001	5.17	4.58	-13.92	-7.09
11:29:52.370077	-0.66	-9.290000000000001	0.09	-1.11	-7.63	-2.06	0.54	-9.68	4.8500000000000005	4.11	-13.55	-7.140000000000001
11:29:52.380185	-0.63	-9.27	-0.05	-0.61	-7.48	-2.33	0.54	-9.68	4.8500000000000005	4.17	-13.870000000000001	-7.3
11:29:52.390289	-0.62	-9.23	-0.16	0.41000000000000003	-7.54	-3.12	0.54	-9.68	4.8500000000000005	4.37	-13.950000000000001	-7.61
11:29:52.400759	-0.63	-9.22	-0.1	0.8200000000000001	-7.6000000000000005	-3.35	0.54	-9.68	4.8500000000000005	4.41	-13.870000000000001	-7.53
11:29:52.411122	-0.7000000000000001	-9.16	0.0	1.05	-7.61	-3.35	0.34	-9.51	4.5600000000000005	4.41	-13.870000000000001	-7.53
11:29:52.421228	-0.76	-9.18	0.14	1.42	-7.5	-3.36	-0.51	-10.53	4.16	4.41	-13.870000000000001	-7.53
11:29:52.431377	-0.93	-9.25	0.52	1.6	-7.63	-3.12	-0.78	-10.56	3.47	3.77	-14.61	-8.92
11:29:52.441796	-1.03	-9.27	0.66	1.61	-7.6000000000000005	-3.0	-0.7000000000000001	-10.17	3.25	3.3200000000000003	-14.05	-9.41
11:29:52.451879	-1.09	-9.34	0.81	1.58	-7.640000000000001	-3.0300000000000002	-0.38	-10.03	2.72	2.77	-13.58	-9.73
11:29:52.462444	-1.1400000000000001	-9.370000000000001	0.88	1.69	-7.890000000000001	-2.91	-0.17	-9.8	2.41	2.49	-13.39	-11.41
11:29:52.472563	-1.05	-9.53	0.89	1.72	-8.72	-3.0	0.13	-10.26	2.19	2.68	-12.89	-12.030000000000001
11:29:52.482633	-0.91	-9.66	0.86	1.6500000000000001	-9.06	-3.16	0.09	-10.540000000000001	1.9000000000000001	3.0100000000000002	-12.32	-13.370000000000001
11:29:52.492708	-0.79	-9.83	0.76	1.56	-9.58	-3.46	-0.26	-9.88	1.9100000000000001	2.5300000000000002	-11.42	-14.11
11:29:52.502790	-0.67	-9.96	0.64	1.5	-10.06	-3.97	-0.91	-9.27	1.49	2.32	-10.74	-14.530000000000001
11:29:52.512896	-0.6900000000000001	-10.42	0.4	1.24	-10.68	-4.7700000000000005	-1.05	-9.040000000000001	1.27	2.06	-10.05	-14.870000000000001
11:29:52.523559	-0.79	-10.65	0.25	1.17	-10.73	-4.89	-1.05	-9.040000000000001	1.27	1.47	-9.94	-15.58
11:29:52.533666	-0.92	-10.82	0.18	0.76	-10.78	-4.92	-0.87	-8.36	0.9500000000000001	1.47	-9.59	-15.950000000000001
11:29:52.544148	-1.04	-11.0	0.12	0.31	-10.540000000000001	-4.91	-0.37	-8.38	0.32	1.48	-8.97	-15.75
11:29:52.554598	-1.26	-11.3	0.19	0.11	-10.49	-4.6000000000000005	-0.13	-8.25	0.59	1.41	-9.200000000000001	-15.44
11:29:52.564670	-1.41	-11.53	0.3	0.16	-10.46	-4.38	-0.11	-8.38	0.52	1.72	-9.27	-14.58
11:29:52.574744	-1.57	-11.57	0.44	0.24	-10.51	-4.22	-0.27	-8.56	0.81	1.8	-9.01	-13.82
11:29:52.585430	-1.99	-11.48	0.52	0.19	-10.44	-4.14	-0.27	-8.56	0.81	1.8800000000000001	-8.8	-12.98
11:29:52.595524	-2.13	-11.26	0.85	0.24	-10.09	-3.64	-0.27	-8.56	0.81	1.97	-8.86	-12.06
11:29:52.605592	-2.11	-10.96	0.92	0.23	-9.790000000000001	-3.14	-0.27	-8.56	0.81	4.5600000000000005	-13.33	-12.65
11:29:52.615759	-2.11	-10.96	0.92	0.21	-9.42	-2.81	0.1	-8.92	2.18	4.5600000000000005	-13.33	-12.65
11:29:52.625829	-1.57	-10.14	0.76	0.41000000000000003	-9.03	-2.72	-0.12	-9.09	2.35	4.5600000000000005	-13.33	-12.65
11:29:52.635898	-1.57	-9.71	0.54	0.5700000000000001	-8.06	-2.65	-0.56	-8.9	2.71	4.5600000000000005	-13.33	-12.65
11:29:52.645978	-1.02	-9.55	0.52	0.53	-7.57	-2.64	-0.56	-8.9	2.71	1.6300000000000001	-18.09	11.41
11:29:52.656152	0.38	-10.5	-0.04	0.26	-7.38	-2.4	-1.08	-12.88	-1.6	1.6300000000000001	-18.09	11.41
11:29:52.666817	0.45	-11.58	-0.7000000000000001	-0.23	-10.44	-1.81	-1.06	-16.27	-8.92	1.6300000000000001	-18.09	11.41
11:29:52.676885	0.43	-12.35	-1.29	-0.51	-12.27	-0.97	-2.14	-17.06	-10.09	1.6300000000000001	-18.09	11.41
11:29:52.686957	0.59	-12.84	-1.78	-0.99	-13.01	-0.86	-2.14	-17.06	-10.09	-2.58	-6.28	-13.57
11:29:52.697076	0.7000000000000001	-12.67	-2.48	-0.6	-13.290000000000001	-2.27	0.85	-10.4	2.22	-2.58	-6.28	-13.57
11:29:52.707147	0.86	-12.05	-2.3000000000000003	-0.98	-13.16	-1.5	-0.9400000000000001	-10.97	2.86	-2.58	-6.28	-13.57
11:29:52.717235	0.9500000000000001	-11.27	-1.86	-0.72	-13.530000000000001	-2.43	-3.37	-10.24	-0.05	-0.32	-11.1	4.83
11:29:52.727379	0.89	-10.47	-1.26	-0.85	-12.4	-4.3500000000000005	-1.54	-8.93	1.67	5.49	-7.33	-5.4
11:29:52.737444	0.59	-9.32	0.04	-1.6600000000000001	-9.74	-4.82	1.3900000000000001	-8.9	1.58	5.49	-7.33	-5.4
11:29:52.747522	0.43	-9.08	0.54	-3.2600000000000002	-7.18	-0.36	2.93	-9.58	1.51	5.49	-7.33	-5.4
11:29:52.757789	0.25	-8.870000000000001	0.9500000000000001	-2.84	-7.58	0.76	4.01	-10.49	0.79	2.86	-8.42	-2.15
11:29:52.767881	0.15	-8.66	1.27	-2.16	-7.49	1.21	2.41	-10.450000000000001	1.24	1.35	-7.78	-4.61
11:29:52.778241	0.45	-8.42	1.56	-1.43	-7.11	1.8900000000000001	1.36	-9.84	1.75	0.28	-10.09	-2.09
11:29:52.788719	0.75	-8.38	1.48	0.33	-7.67	2.77	-0.9500000000000001	-9.040000000000001	0.81	0.28	-10.09	-2.09
11:29:52.799070	1.18	-8.38	1.42	2.93	-9.58	1.78	-1.07	-9.040000000000001	0.79	0.78	-8.84	-3.8000000000000003
11:29:52.809200	1.8	-8.700000000000001	1.09	3.67	-10.4	1.68	-0.11	-8.77	1.52	0.78	-8.84	-3.8000000000000003
11:29:52.819894	1.81	-9.01	0.84	3.0500000000000003	-11.07	1.5	0.98	-10.31	1.45	0.79	-8.59	-0.38
11:29:52.829990	1.62	-9.3	0.42	2.06	-10.69	1.31	1.28	-10.75	0.28	1.44	-9.120000000000001	-2.99
11:29:52.840643	1.34	-9.63	-0.11	1.23	-10.32	0.88	1.25	-10.42	-0.24	1.61	-9.9	-3.73
11:29:52.851288	1.05	-9.91	-1.25	0.0	-9.61	0.75	1.46	-9.61	0.01	1.58	-10.42	-1.76
11:29:52.861684	1.05	-9.92	-1.58	-0.85	-9.18	-0.56	1.7	-10.09	-0.8200000000000001	1.3	-8.99	-3.0
11:29:52.871750	1.07	-9.84	-1.76	-1.1400000000000001	-8.91	-0.63	1.8900000000000001	-9.97	-0.36	1.07	-9.05	-2.63
11:29:52.882176	0.86	-9.700000000000001	-1.84	-1.6600000000000001	-8.77	-1.08	1.35	-9.76	0.78	0.98	-9.32	-3.5500000000000003
11:29:52.892521	0.46	-9.59	-1.47	-1.6	-9.59	-1.6600000000000001	0.92	-9.82	0.8	0.89	-10.33	-1.8800000000000001
11:29:52.902635	0.26	-9.540000000000001	-1.26	-1.6	-9.58	-0.86	0.49	-10.07	0.3	0.96	-10.1	-3.89
11:29:52.912705	0.0	-9.450000000000001	-1.04	-1.27	-9.870000000000001	-0.46	0.1	-10.120000000000001	0.54	1.0	-9.27	-3.36
11:29:52.922780	-0.17	-9.4	-0.8200000000000001	-1.04	-9.76	-0.45	0.33	-9.77	0.91	1.0	-9.27	-3.36
11:29:52.932850	-0.3	-9.27	-0.38	-0.86	-9.57	-0.07	0.45	-9.71	0.34	1.3	-9.450000000000001	-1.98
11:29:52.943262	-0.28	-9.21	-0.23	-0.15	-9.450000000000001	0.49	0.65	-9.67	0.03	1.35	-9.15	-3.15
11:29:52.954016	-0.24	-9.15	-0.05	0.22	-9.35	0.7000000000000001	1.51	-9.48	0.34	1.41	-8.57	-3.5
11:29:52.964149	-0.12	-9.0	0.17	0.51	-9.22	0.92	1.7	-9.53	0.06	1.54	-9.25	-0.84
11:29:52.974396	-0.08	-8.98	0.18	0.71	-9.39	1.07	1.49	-9.81	-0.18	1.62	-9.120000000000001	-3.94
11:29:52.984488	-0.03	-8.9	0.08	1.08	-9.56	0.62	1.3	-9.97	-0.18	1.3800000000000001	-8.93	-3.17
11:29:52.994560	-0.19	-8.92	0.08	1.22	-9.4	0.6900000000000001	1.69	-9.28	0.07	1.4000000000000001	-8.950000000000001	-3.12
11:29:53.004824	-0.28	-8.98	-0.1	1.48	-9.38	0.61	1.22	-9.370000000000001	0.17	1.55	-10.01	-0.7000000000000001
11:29:53.014894	-0.46	-9.09	-0.19	1.71	-9.39	0.36	0.85	-9.83	-0.1	1.21	-9.450000000000001	-3.95
11:29:53.024994	-0.53	-9.1	-0.25	1.46	-9.52	0.26	1.62	-9.52	-0.13	0.99	-9.21	-3.0
11:29:53.035084	-0.6	-9.15	-0.32	1.22	-9.290000000000001	0.55	1.68	-9.23	0.22	1.24	-8.83	-3.44
11:29:53.045149	-0.63	-9.25	-0.25	1.27	-9.52	0.14	1.3800000000000001	-9.38	0.65	2.09	-9.82	-3.0700000000000003
11:29:53.055276	-0.71	-9.34	-0.18	0.98	-9.64	0.19	0.6900000000000001	-9.9	0.31	1.75	-9.23	-4.64
11:29:53.065378	-0.7000000000000001	-9.33	-0.04	0.47000000000000003	-9.73	0.24	0.6900000000000001	-9.63	0.41000000000000003	1.42	-9.17	-4.78
11:29:53.075435	-0.65	-9.370000000000001	0.0	-0.05	-9.65	0.31	0.56	-9.450000000000001	0.88	1.74	-8.85	-2.69
11:29:53.085502	-0.58	-9.35	0.12	-0.42	-9.58	0.15	0.48	-9.68	1.11	1.74	-10.17	-3.7600000000000002
11:29:53.095574	-0.53	-9.28	0.14	-0.64	-9.61	0.0	0.34	-10.08	0.38	1.07	-9.290000000000001	-3.85
11:29:53.105651	-0.47000000000000003	-9.290000000000001	0.12	-0.77	-9.56	0.02	0.4	-9.48	0.9400000000000001	1.1500000000000001	-9.49	-4.99
11:29:53.115803	-0.43	-9.34	-0.11	-0.96	-9.51	0.02	0.36	-9.14	2.06	1.59	-8.92	-3.36
11:29:53.125879	-0.43	-9.34	-0.11	-1.01	-9.47	0.15	0.32	-9.63	1.84	1.8	-10.06	-3.91
11:29:53.135957	-0.42	-9.290000000000001	-0.19	-1.2	-9.620000000000001	0.32	0.45	-10.21	1.02	1.29	-9.65	-4.11
11:29:53.146054	-0.42	-9.26	-0.27	-1.34	-9.53	0.85	0.99	-9.38	1.36	1.1500000000000001	-9.53	-5.58
11:29:53.156166	-0.35000000000000003	-9.15	-0.44	-1.32	-9.44	1.17	0.91	-9.27	2.24	2.31	-9.620000000000001	-2.2
11:29:53.166252	-0.34	-9.19	-0.39	-1.25	-9.4	1.4000000000000001	0.37	-10.290000000000001	1.12	1.93	-9.92	-4.12
11:29:53.176412	-0.27	-9.28	-0.38	-0.8300000000000001	-9.68	1.32	0.87	-9.950000000000001	1.58	1.26	-10.1	-4.23
11:29:53.187005	-0.13	-9.63	-0.33	-0.61	-9.9	1.47	1.09	-9.86	1.81	1.26	-10.06	-5.53
11:29:53.197380	-0.09	-9.870000000000001	-0.31	-0.53	-10.1	1.6600000000000001	0.9400000000000001	-10.08	2.35	2.17	-10.55	-3.15
11:29:53.207612	-0.07	-10.08	-0.29	-0.51	-10.22	1.47	0.41000000000000003	-10.86	1.76	1.29	-11.43	-4.82
11:29:53.217682	-0.15	-10.31	-0.17	-0.79	-10.200000000000001	1.18	0.88	-10.47	1.41	-0.9500000000000001	-11.25	-5.66
11:29:53.227755	-0.54	-10.86	0.0	-1.69	-10.25	0.89	1.22	-10.28	1.92	0.56	-9.950000000000001	-4.23
11:29:53.237854	-0.67	-10.73	0.14	-1.58	-10.6	0.72	0.39	-11.28	1.16	3.39	-10.58	-4.29
11:29:53.248497	-1.04	-11.0	0.07	-1.68	-10.69	0.51	-0.04	-11.21	1.3800000000000001	1.41	-11.33	-4.9
11:29:53.258577	-1.28	-11.16	0.18	-0.88	-10.86	0.97	0.42	-10.85	0.9400000000000001	4.8500000000000005	-10.33	-5.2
11:29:53.268669	-1.69	-11.15	0.22	-0.6	-10.8	1.16	0.09	-10.870000000000001	1.3	4.08	-10.23	-4.78
11:29:53.279287	-1.84	-11.120000000000001	0.21	-0.64	-10.71	0.58	-0.6900000000000001	-11.14	0.71	3.52	-11.07	-5.99
11:29:53.289527	-1.93	-11.08	0.27	-0.39	-10.86	1.04	-0.37	-10.78	0.68	3.63	-10.5	-6.05
11:29:53.299731	-2.0100000000000002	-10.96	0.28	-0.16	-10.92	0.81	0.15	-10.38	0.79	2.84	-10.64	-2.93
11:29:53.309846	-2.04	-10.72	0.22	0.02	-10.86	0.37	0.21	-10.870000000000001	0.74	1.82	-11.040000000000001	-5.0600000000000005
11:29:53.320436	-2.05	-10.61	0.16	0.09	-10.63	0.23	0.06	-11.01	0.58	1.59	-11.38	-5.51
11:29:53.330560	-1.96	-10.5	0.15	-0.02	-10.46	0.37	0.59	-10.08	0.61	1.48	-10.85	-5.9
11:29:53.340680	-1.85	-10.21	0.22	-0.17	-10.34	0.23	0.49	-10.26	0.32	1.87	-10.92	-1.74
11:29:53.350828	-1.56	-10.09	0.2	-0.02	-10.120000000000001	0.19	0.37	-10.68	0.02	2.56	-11.36	-4.0200000000000005
11:29:53.360957	-1.04	-10.26	0.45	0.22	-10.55	0.88	1.37	-10.56	-0.64	3.0700000000000003	-11.86	-6.61
11:29:53.371381	-0.38	-10.57	0.99	0.5700000000000001	-11.25	0.9	1.31	-10.74	0.07	1.53	-12.69	-5.87
11:29:53.381450	0.07	-11.56	2.02	0.76	-11.74	0.71	0.81	-11.61	-0.7000000000000001	-1.1300000000000001	-11.76	-2.37
11:29:53.391577	-0.32	-11.82	2.5100000000000002	0.89	-11.55	0.55	0.26	-11.46	-1.42	1.53	-12.84	-5.68
11:29:53.402348	-0.91	-11.98	2.79	0.48	-11.64	0.58	-0.07	-10.620000000000001	-1.08	2.08	-15.11	-4.6000000000000005
11:29:53.412968	-1.59	-11.97	2.83	0.1	-11.59	0.58	-1.61	-11.27	-1.57	0.5	-14.120000000000001	-3.63
11:29:53.423064	-1.85	-11.120000000000001	1.93	-0.42	-11.34	0.28	-1.33	-11.53	-2.0	-1.1	-14.290000000000001	-1.04
11:29:53.433133	-0.85	-10.59	1.18	-1.18	-11.09	-0.2	-1.3900000000000001	-11.67	-1.71	-0.9	-15.35	-2.43
11:29:53.443263	0.62	-9.950000000000001	0.51	-0.61	-10.64	-0.78	-1.1	-11.35	-1.41	-0.36	-16.76	-2.63
11:29:53.453334	1.9000000000000001	-9.47	-0.22	-1.51	-10.48	-1.29	-1.4000000000000001	-11.72	-2.64	0.67	-17.73	1.42
11:29:53.463618	3.14	-8.91	-1.48	-3.41	-10.08	-1.23	-0.97	-12.68	-3.5500000000000003	1.87	-17.22	2.27
11:29:53.474009	3.0300000000000002	-8.8	-1.83	-2.74	-9.44	-1.6	0.14	-13.22	-4.21	3.79	-14.69	1.18
11:29:53.484100	2.73	-8.59	-2.02	-1.9000000000000001	-8.67	-0.89	1.86	-11.28	-2.63	5.01	-12.86	-1.5
11:29:53.494242	2.58	-8.46	-2.1	-2.18	-8.53	-0.63	2.08	-10.26	-1.3	6.4	-9.89	-7.8
11:29:53.504306	2.7600000000000002	-8.25	-1.9100000000000001	-2.29	-8.6	-0.65	2.77	-9.35	0.19	6.5600000000000005	-7.74	-7.91
11:29:53.514427	2.74	-8.17	-1.6	-3.13	-8.94	-0.58	1.84	-9.43	5.45	6.71	-6.24	-9.55
11:29:53.524491	2.52	-8.21	-1.17	-2.94	-9.67	-0.18	1.1500000000000001	-10.26	8.49	4.53	-3.41	-4.43
11:29:53.534565	1.4000000000000001	-8.71	-0.08	-3.36	-10.06	0.8300000000000001	0.68	-10.59	9.74	-11.67	2.85	12.47
11:29:53.544635	1.0	-9.11	0.46	-2.4	-11.200000000000001	0.87	0.24	-10.64	9.11	-15.39	2.88	16.79
11:29:53.555191	0.77	-9.57	0.9400000000000001	-3.0500000000000003	-12.120000000000001	1.73	0.55	-11.06	5.09	-5.89	-5.5600000000000005	10.16
11:29:53.565278	0.65	-10.03	1.32	-2.5300000000000002	-13.42	1.62	0.5	-11.58	2.24	9.34	-15.48	0.38
11:29:53.575399	0.38	-10.56	1.69	-2.54	-13.15	1.94	0.29	-10.83	1.98	3.71	-10.49	4.0200000000000005
11:29:53.585521	0.05	-10.39	1.46	-2.37	-12.36	1.72	1.06	-8.36	4.38	-1.61	-5.24	6.140000000000001
11:29:53.595595	0.05	-10.39	1.46	-1.79	-11.73	1.3800000000000001	1.49	-7.46	5.24	-1.27	-1.9000000000000001	6.54
11:29:53.605693	0.3	-9.99	0.81	-1.62	-10.66	0.9500000000000001	1.84	-7.34	5.83	5.9	-2.67	7.21
11:29:53.615774	0.31	-9.870000000000001	0.63	-1.18	-10.5	0.76	1.17	-7.58	5.5	4.3100000000000005	-6.04	4.5
11:29:53.625844	0.39	-9.69	0.36	-0.77	-10.22	0.59	0.29	-7.46	4.86	0.77	-9.13	4.76
11:29:53.636000	0.4	-9.58	0.15	-0.76	-10.23	0.53	0.12	-7.29	4.84	-0.13	-10.78	3.2800000000000002
11:29:53.646101	0.4	-9.370000000000001	-0.09	-0.51	-9.89	0.54	-0.32	-7.1000000000000005	4.95	-0.13	-10.78	3.2800000000000002
11:29:53.656776	0.43	-9.28	-0.11	-0.49	-9.65	0.18	-0.34	-6.91	5.6000000000000005	0.74	-6.48	4.15
11:29:53.666858	0.39	-9.14	-0.05	-0.61	-9.450000000000001	-0.06	-0.15	-6.69	5.63	0.73	-6.38	3.5
11:29:53.676927	0.38	-9.05	0.06	-0.97	-9.0	0.05	0.0	-7.01	5.59	0.27	-10.0	1.02
11:29:53.687002	0.26	-8.8	0.32	-1.31	-8.15	-0.24	-0.24	-6.91	5.7700000000000005	0.27	-10.0	1.02
11:29:53.697067	0.16	-8.73	0.42	-1.35	-7.79	-0.39	-1.27	-7.73	5.79	-0.73	-10.82	0.31
11:29:53.707134	0.16	-8.66	0.55	-1.52	-7.37	-0.3	-1.6500000000000001	-7.92	5.91	-0.9	-11.450000000000001	-0.51
11:29:53.717216	0.09	-8.56	0.71	-1.6600000000000001	-7.26	-0.37	-1.98	-8.11	6.17	-0.65	-12.5	-1.58
11:29:53.727287	0.01	-8.53	0.6900000000000001	-1.8900000000000001	-7.47	-0.46	-1.44	-8.25	6.11	0.21	-12.950000000000001	-3.12
11:29:53.737374	0.0	-8.58	0.64	-2.32	-7.48	-0.42	-1.09	-8.53	5.8100000000000005	0.8	-13.55	-4.07
11:29:53.747540	-0.02	-8.700000000000001	0.5700000000000001	-2.4	-7.53	-0.37	-0.79	-8.8	5.46	1.48	-13.92	-4.8500000000000005
11:29:53.757662	0.0	-8.78	0.36	-2.57	-7.5	-0.7000000000000001	-0.43	-9.18	5.13	2.31	-13.780000000000001	-5.22
11:29:53.768248	-0.05	-8.77	0.23	-2.45	-7.43	-1.06	0.16	-9.5	5.0600000000000005	3.36	-14.1	-6.58
11:29:53.778565	0.03	-8.83	0.14	-2.19	-7.3100000000000005	-1.34	0.24	-9.63	4.68	3.6	-14.200000000000001	-7.51
11:29:53.789270	0.03	-8.870000000000001	0.06	-0.78	-7.5	-2.4	0.19	-9.56	4.54	3.66	-13.42	-7.390000000000001
11:29:53.799372	-0.02	-8.83	0.02	-0.3	-7.57	-2.7800000000000002	0.55	-8.96	4.6000000000000005	3.41	-13.17	-7.43
11:29:53.809493	-0.07	-8.81	0.07	0.06	-7.5600000000000005	-3.11	0.32	-9.040000000000001	4.51	3.45	-13.3	-7.24
11:29:53.819625	-0.13	-8.76	0.15	0.46	-7.46	-3.31	-0.17	-9.3	4.46	3.5	-13.47	-7.5
11:29:53.830259	-0.25	-8.78	0.27	0.98	-7.3500000000000005	-3.31	-0.65	-9.6	4.43	3.56	-13.25	-8.02
11:29:53.840322	-0.38	-8.89	0.52	1.3800000000000001	-7.390000000000001	-3.22	-0.63	-9.93	4.03	3.49	-13.120000000000001	-8.25
11:29:53.850413	-0.46	-9.06	0.67	1.4000000000000001	-7.42	-3.09	-0.63	-9.93	4.03	3.56	-13.290000000000001	-8.63
11:29:53.860533	-0.53	-9.17	0.8	1.5	-7.55	-3.0500000000000003	0.02	-9.870000000000001	3.04	4.01	-13.32	-9.27
11:29:53.870614	-0.61	-9.32	0.97	1.95	-7.97	-2.92	0.02	-9.59	2.7800000000000002	4.63	-11.94	-10.790000000000001
11:29:53.880774	-0.59	-9.57	1.23	1.95	-8.07	-2.88	0.04	-9.89	2.57	4.6000000000000005	-12.08	-10.98
11:29:53.891339	-0.55	-9.73	1.36	2.0300000000000002	-8.290000000000001	-2.99	-0.01	-9.97	2.4	4.57	-12.040000000000001	-11.86
11:29:53.901439	-0.53	-9.85	1.44	1.96	-8.61	-3.14	-0.36	-9.47	1.86	4.47	-11.16	-12.09
11:29:53.912058	-0.52	-10.06	1.37	1.86	-9.24	-3.67	-0.6	-9.3	1.6300000000000001	4.09	-11.23	-13.280000000000001
11:29:53.922302	-0.53	-10.17	1.32	1.72	-9.4	-3.8200000000000003	-0.85	-9.13	1.34	3.79	-11.05	-14.05
11:29:53.932434	-0.51	-10.370000000000001	1.23	1.5	-9.71	-3.93	-0.96	-9.05	1.1500000000000001	3.0100000000000002	-10.6	-14.32
11:29:53.943001	-0.53	-10.53	1.06	1.27	-9.97	-4.0200000000000005	-0.97	-8.73	1.27	2.5500000000000003	-10.57	-14.83
11:29:53.953074	-0.74	-11.01	0.86	0.75	-10.52	-4.07	-0.93	-8.63	0.97	1.37	-10.38	-15.36
11:29:53.963196	-0.81	-11.38	0.76	0.66	-10.870000000000001	-4.24	-0.91	-8.58	0.81	1.04	-10.28	-15.64
11:29:53.973307	-0.98	-11.49	0.55	0.42	-11.21	-4.43	-0.28	-8.66	0.67	0.8200000000000001	-10.040000000000001	-15.6
11:29:53.983424	-1.45	-11.74	0.41000000000000003	0.2	-11.450000000000001	-4.74	0.17	-8.49	0.9400000000000001	0.76	-10.47	-15.68
11:29:53.993867	-1.45	-11.74	0.41000000000000003	-0.08	-11.33	-4.7	0.44	-8.540000000000001	1.01	0.1	-10.38	-14.56
11:29:54.003939	-1.57	-11.64	0.39	-0.11	-11.08	-4.69	0.44	-8.5	1.23	0.55	-11.11	-14.94
11:29:54.014011	-1.74	-11.22	0.42	-0.08	-10.76	-4.55	0.09	-8.3	1.73	1.1400000000000001	-10.27	-14.56
11:29:54.024398	-1.74	-11.22	0.42	-0.11	-10.31	-4.39	-0.2	-8.31	2.09	2.8000000000000003	-8.05	-13.16
11:29:54.034470	-1.46	-10.72	0.47000000000000003	-0.14	-8.91	-3.46	-0.47000000000000003	-8.5	2.35	4.68	-8.22	-13.07
11:29:54.044587	0.14	-11.1	0.37	-0.24	-8.53	-2.77	-0.89	-11.9	-1.52	5.67	-9.53	-9.200000000000001
11:29:54.054686	0.74	-12.26	-0.06	-0.37	-9.0	-2.07	-1.52	-16.080000000000002	-7.23	3.09	-16.04	3.99
11:29:54.065321	0.74	-13.42	-1.24	-0.86	-14.07	-2.31	-2.74	-18.19	-8.05	11.14	-17.04	7.9
11:29:54.075431	0.81	-13.33	-1.54	-1.0	-14.27	-2.2600000000000002	-0.9500000000000001	-12.77	-0.64	11.370000000000001	-9.3	-5.16
11:29:54.085495	0.93	-12.51	-1.59	-0.2	-13.42	-2.47	-1.58	-10.64	2.35	5.76	-7.11	-6.55
11:29:54.095572	0.84	-10.35	-0.63	0.79	-12.11	-2.6	-3.0500000000000003	-9.47	3.5700000000000003	-4.59	-9.950000000000001	-1.52
11:29:54.105643	0.47000000000000003	-9.63	-0.15	0.49	-9.44	-1.31	-3.68	-8.56	2.69	1.4000000000000001	-10.77	-0.33
11:29:54.115709	0.05	-9.11	0.24	-0.53	-8.8	-2.1	-1.3	-7.8500000000000005	2.88	4.8100000000000005	-8.52	-2.7800000000000002
11:29:54.125790	-0.1	-8.83	0.76	-2.4	-7.73	-1.6600000000000001	0.44	-8.58	3.3000000000000003	1.79	-6.640000000000001	-1.95
11:29:54.135860	0.12	-8.86	1.57	-4.08	-6.92	-1.23	2.15	-10.040000000000001	1.8900000000000001	-1.06	-8.82	-1.82
11:29:54.145988	0.28	-9.11	1.67	-4.4	-7.5600000000000005	-0.46	5.08	-10.82	2.58	-0.09	-9.46	-3.25
11:29:54.156054	0.4	-9.34	1.52	-2.98	-8.43	-0.5	4.2700000000000005	-11.290000000000001	2.5300000000000002	-0.46	-9.13	-2.5500000000000003
11:29:54.166128	0.56	-9.52	1.21	-1.6600000000000001	-8.84	0.16	2.23	-11.59	1.8800000000000001	-0.37	-7.9	1.02
11:29:54.176256	0.56	-9.52	1.21	-0.24	-8.74	1.61	0.3	-10.450000000000001	1.21	2.56	-11.33	-4.14
11:29:54.186322	1.24	-9.46	0.6	1.86	-8.89	2.91	-1.03	-8.67	1.68	1.81	-9.73	-2.38
11:29:54.196400	1.81	-9.22	0.32	2.69	-9.59	1.78	-0.96	-8.92	1.41	-0.76	-9.11	-2.86
11:29:54.206475	2.25	-9.05	0.07	3.35	-10.5	1.06	-0.81	-9.52	0.81	0.0	-9.700000000000001	-0.49
11:29:54.216550	2.46	-8.88	-0.14	3.34	-10.99	0.74	0.78	-10.46	0.77	2.93	-9.07	-3.13
11:29:54.226689	2.32	-8.9	-0.7000000000000001	1.54	-10.28	0.9400000000000001	1.35	-10.53	0.77	2.16	-8.34	-2.14
11:29:54.236786	2.07	-9.040000000000001	-0.9	0.7000000000000001	-9.64	1.1	1.5	-10.31	0.43	1.21	-8.68	-2.8000000000000003
11:29:54.246898	1.8	-9.21	-1.17	-0.01	-9.39	0.9	1.46	-9.96	-0.34	2.19	-10.89	-1.85
11:29:54.256986	1.69	-9.42	-1.28	-0.4	-9.46	0.45	1.69	-9.44	0.4	1.45	-10.03	-4.3500000000000005
11:29:54.267109	1.28	-9.620000000000001	-1.41	-1.21	-9.23	-0.77	1.7	-9.620000000000001	0.9400000000000001	1.1400000000000001	-8.94	-2.75
11:29:54.277252	0.99	-9.620000000000001	-1.36	-1.32	-8.51	-0.46	1.29	-9.85	1.04	1.21	-8.67	-3.4
11:29:54.287378	0.75	-9.69	-1.1500000000000001	-1.46	-9.42	-1.35	0.13	-10.31	0.89	1.3900000000000001	-9.88	-1.5
11:29:54.297482	0.2	-9.620000000000001	-0.72	-1.74	-9.35	-0.97	-0.11	-10.15	1.4000000000000001	0.97	-9.370000000000001	-3.33
11:29:54.307994	-0.1	-9.56	-0.52	-1.68	-9.57	-0.3	-0.1	-10.03	1.51	0.64	-9.39	-3.36
11:29:54.318071	-0.1	-9.38	-0.34	-1.46	-9.59	0.1	-0.18	-9.92	1.22	0.71	-9.8	-3.35
11:29:54.328158	-0.1	-9.290000000000001	-0.16	-1.21	-9.77	0.17	0.13	-9.94	0.43	1.58	-9.11	-2.59
11:29:54.338284	0.04	-9.05	0.08	-0.87	-9.65	0.43	0.68	-9.870000000000001	0.49	1.6400000000000001	-8.88	-2.71
11:29:54.348404	0.12	-8.93	0.13	-0.04	-9.41	0.53	1.16	-9.77	0.35000000000000003	1.9000000000000001	-9.3	-0.84
11:29:54.358523	0.18	-8.83	0.15	0.53	-9.35	0.76	1.61	-9.81	0.0	1.72	-9.34	-3.2600000000000002
11:29:54.368589	0.23	-8.76	0.11	0.74	-9.47	0.66	1.76	-9.82	0.1	1.51	-9.14	-3.5500000000000003
11:29:54.378959	0.22	-8.75	-0.09	0.74	-9.47	0.66	1.93	-9.59	0.37	1.46	-8.68	-3.85
11:29:54.389381	0.13	-8.69	-0.22	1.1300000000000001	-9.34	0.8200000000000001	1.68	-9.28	0.54	1.41	-9.94	-1.32
11:29:54.399492	0.03	-8.76	-0.35000000000000003	1.23	-9.49	0.7000000000000001	0.29	-9.88	0.14	1.24	-9.59	-3.44
11:29:54.409566	-0.14	-8.78	-0.47000000000000003	1.27	-9.35	0.52	0.47000000000000003	-9.94	0.11	1.1500000000000001	-9.56	-2.98
11:29:54.419713	-0.26	-8.94	-0.56	0.87	-9.34	0.5	0.86	-9.66	0.0	1.11	-9.3	-4.12
11:29:54.430367	-0.42	-8.96	-0.59	0.67	-9.39	0.51	0.9	-9.6	0.07	1.87	-9.89	-2.0
11:29:54.440437	-0.55	-9.03	-0.49	0.27	-9.75	0.24	0.9500000000000001	-9.950000000000001	-0.15	1.96	-9.01	-3.61
11:29:54.450542	-0.51	-9.06	-0.4	0.0	-9.55	0.11	1.01	-9.44	-0.6	1.71	-8.94	-3.83
11:29:54.461205	-0.51	-9.15	-0.16	-0.16	-9.53	0.03	1.01	-9.44	-0.6	1.85	-9.03	-3.91
11:29:54.471310	-0.54	-9.200000000000001	-0.08	-0.32	-9.55	-0.01	0.67	-10.1	-0.28	2.15	-9.97	-2.89
11:29:54.481915	-0.5	-9.21	0.04	-0.35000000000000003	-9.61	-0.05	0.88	-9.77	-0.8200000000000001	1.46	-9.450000000000001	-3.7800000000000002
11:29:54.492105	-0.45	-9.18	0.1	-0.46	-9.6	0.07	0.89	-9.34	1.04	1.09	-9.540000000000001	-4.15
11:29:54.502172	-0.35000000000000003	-9.21	0.1	-0.61	-9.56	0.3	0.67	-10.0	0.78	1.53	-9.81	-0.19
11:29:54.512310	-0.29	-9.15	0.04	-0.58	-9.64	0.46	0.38	-10.26	0.15	1.33	-10.39	-3.42
11:29:54.522383	-0.32	-9.14	-0.03	-0.64	-9.63	0.47000000000000003	0.2	-9.49	0.34	1.07	-9.53	-4.22
11:29:54.532466	-0.2	-9.26	-0.25	-0.87	-9.52	0.78	0.39	-9.17	1.22	1.1400000000000001	-9.26	-4.94
11:29:54.542536	-0.1	-9.34	-0.35000000000000003	-1.21	-9.55	1.2	0.31	-10.06	-0.18	2.33	-9.58	-1.1
11:29:54.553143	-0.04	-9.42	-0.46	-1.26	-9.67	1.16	0.54	-9.91	-0.34	2.0300000000000002	-10.11	-4.0600000000000005
11:29:54.563776	0.0	-9.51	-0.51	-1.23	-9.77	1.37	1.46	-9.17	0.63	1.31	-9.73	-4.48
11:29:54.573878	0.07	-9.82	-0.59	-1.18	-9.68	1.41	1.37	-9.69	0.41000000000000003	1.3800000000000001	-9.8	-5.14
11:29:54.584012	0.02	-9.96	-0.6	-1.1500000000000001	-9.71	1.12	0.98	-10.26	-0.04	2.16	-10.16	-1.85
11:29:54.594133	0.0	-10.1	-0.58	-0.96	-9.94	0.9400000000000001	1.1	-9.98	0.8300000000000001	1.18	-10.96	-4.89
11:29:54.604461	-0.08	-10.19	-0.59	-0.81	-10.34	0.86	0.78	-10.32	1.95	0.63	-10.81	-4.94
11:29:54.614639	-0.12	-10.23	-0.5	-0.9500000000000001	-10.85	1.1500000000000001	0.42	-11.3	1.71	1.1500000000000001	-12.63	-3.19
11:29:54.624785	-0.36	-10.75	-0.29	-1.05	-10.93	1.33	0.59	-11.790000000000001	1.73	-0.93	-10.93	-2.54
11:29:54.634928	-0.5	-10.89	-0.32	-1.11	-11.08	1.12	0.25	-10.98	2.08	0.96	-11.01	-4.7700000000000005
11:29:54.645494	-0.9500000000000001	-11.25	-0.17	-1.32	-11.14	1.42	-0.36	-10.97	2.37	3.9	-11.21	-5.93
11:29:54.655601	-1.3	-11.33	-0.14	-1.49	-10.950000000000001	1.53	-0.33	-11.450000000000001	1.17	3.52	-10.84	-3.06
11:29:54.665674	-1.56	-11.32	-0.07	-1.2	-10.92	1.49	-0.9	-11.57	1.23	3.99	-10.4	-3.36
11:29:54.675749	-2.05	-11.35	0.04	-0.98	-11.01	1.24	-0.42	-10.81	1.3	4.84	-11.290000000000001	-5.74
11:29:54.685849	-2.27	-11.290000000000001	0.08	-0.8200000000000001	-11.01	0.9500000000000001	-0.36	-10.78	1.6600000000000001	4.68	-10.57	-6.19
11:29:54.695925	-2.44	-11.08	0.16	-0.37	-10.75	0.09	-0.48	-11.200000000000001	0.97	4.46	-10.8	-2.87
11:29:54.705991	-2.45	-10.9	0.24	0.0	-10.67	0.14	0.28	-10.65	0.74	3.44	-10.86	-4.05
11:29:54.716061	-2.47	-10.540000000000001	0.36	0.2	-10.69	0.32	0.24	-10.44	1.3	2.69	-11.48	-5.07
11:29:54.726132	-2.39	-10.38	0.4	0.31	-10.6	0.41000000000000003	0.17	-10.3	1.28	2.13	-11.05	-6.0600000000000005
11:29:54.736219	-2.17	-10.200000000000001	0.47000000000000003	0.5	-10.370000000000001	0.03	-0.12	-10.65	0.93	2.21	-11.03	-2.08
11:29:54.746366	-1.84	-10.13	0.5700000000000001	0.63	-10.22	0.25	1.03	-10.450000000000001	0.12	1.99	-11.01	-3.35
11:29:54.756441	-0.41000000000000003	-10.82	1.43	0.78	-10.370000000000001	0.61	1.35	-10.49	0.07	2.54	-12.08	-4.34
11:29:54.766509	-0.01	-11.47	2.0300000000000002	0.86	-10.9	0.8200000000000001	1.47	-10.76	-0.01	2.22	-12.68	-4.64
11:29:54.776578	-0.14	-11.97	2.44	0.9400000000000001	-11.67	0.49	0.4	-11.64	-1.32	0.16	-12.91	0.16
11:29:54.786659	-0.38	-12.13	2.88	0.64	-11.49	0.78	0.26	-10.700000000000001	-1.26	-1.18	-12.27	-3.47
11:29:54.796748	-1.35	-11.56	2.97	0.37	-11.49	0.9500000000000001	-1.11	-10.450000000000001	-0.59	0.81	-13.870000000000001	-5.71
11:29:54.806817	-1.76	-10.73	2.36	-0.62	-11.07	0.63	-1.62	-11.1	-1.41	0.46	-14.49	-2.08
11:29:54.816883	-1.47	-9.9	1.52	-1.09	-10.68	0.02	-1.59	-11.64	-1.6500000000000001	-0.7000000000000001	-13.700000000000001	0.51
11:29:54.826985	-0.32	-9.47	0.67	-1.35	-10.5	-0.56	-1.18	-11.06	-1.9000000000000001	-1.55	-14.280000000000001	-1.51
11:29:54.837155	2.5300000000000002	-8.56	-0.98	-1.51	-10.31	-1.1300000000000001	-1.34	-11.13	-2.94	-1.43	-16.92	-2.5500000000000003
11:29:54.847777	3.79	-8.44	-1.52	-1.8900000000000001	-9.66	-1.4000000000000001	0.07	-12.56	-4.23	-0.34	-18.14	0.05
11:29:54.857843	3.86	-8.32	-2.0300000000000002	-1.92	-9.26	-1.48	1.1500000000000001	-13.32	-4.69	0.4	-18.64	3.59
11:29:54.867912	2.84	-8.370000000000001	-2.2800000000000002	-1.77	-8.75	-1.47	2.0	-12.85	-4.15	1.83	-16.6	2.61
11:29:54.878043	2.75	-8.51	-2.18	-1.87	-8.45	-0.9400000000000001	2.93	-11.22	-2.15	7.09	-11.58	-8.21
11:29:54.888189	2.85	-8.64	-1.95	-2.61	-8.4	-0.74	3.7	-9.63	0.17	7.0200000000000005	-9.950000000000001	-9.05
11:29:54.898299	2.97	-8.71	-1.61	-3.2	-8.89	-0.9	3.52	-9.74	1.83	7.17	-6.82	-11.52
11:29:54.908565	2.39	-8.9	-0.58	-2.69	-9.41	-0.87	2.9	-9.83	6.5200000000000005	0.01	-1.43	1.3
11:29:54.919187	1.79	-9.15	-0.02	-2.5100000000000002	-9.85	0.06	1.23	-10.96	11.040000000000001	-10.22	1.87	11.3
11:29:54.929304	1.21	-9.44	0.59	-2.27	-13.55	1.44	0.24	-11.5	8.89	-17.7	2.34	16.9
11:29:54.939435	0.79	-9.8	1.1	-2.21	-14.33	1.45	0.24	-11.6	6.3500000000000005	-11.61	-5.0200000000000005	11.19
11:29:54.949730	0.35000000000000003	-10.5	1.94	-1.74	-14.280000000000001	1.25	0.12	-12.08	3.69	8.93	-14.47	4.8
11:29:54.960108	0.06	-10.69	2.14	-2.49	-12.540000000000001	1.44	-0.6	-10.82	3.02	5.8100000000000005	-12.5	1.6600000000000001
11:29:54.970204	-0.07	-10.72	2.13	-2.2800000000000002	-11.790000000000001	0.76	-0.07	-9.17	4.24	-0.4	-7.5	6.09
11:29:54.980660	-0.22	-10.6	2.04	-2.19	-10.88	0.64	0.86	-7.65	4.88	-1.98	-3.45	7.01
11:29:54.991092	-0.27	-10.11	1.52	-1.8800000000000001	-10.74	0.28	1.8800000000000001	-8.05	5.03	4.7	-1.78	7.41
11:29:55.001208	0.05	-9.870000000000001	1.32	-1.02	-10.1	0.5	0.9	-7.16	4.99	4.51	-5.44	5.16
11:29:55.011342	0.04	-9.72	1.0	-0.36	-10.03	0.24	0.53	-7.07	4.87	0.93	-8.55	5.09
11:29:55.022120	0.13	-9.63	0.78	-0.37	-9.85	0.39	0.17	-6.95	4.89	-0.07	-10.85	2.89
11:29:55.032188	0.08	-9.6	0.29	-0.45	-9.94	0.48	0.01	-7.01	5.2	0.3	-7.7700000000000005	4.32
11:29:55.042351	0.11	-9.51	0.11	-0.5700000000000001	-9.55	0.15	0.04	-6.36	5.72	-0.11	-5.88	4.04
11:29:55.052422	0.09	-9.43	-0.05	-0.78	-9.11	0.1	-0.11	-6.57	5.8100000000000005	0.28	-6.73	4.09
11:29:55.062836	0.19	-9.21	-0.13	-1.16	-8.56	0.04	-0.5700000000000001	-6.83	5.86	-0.28	-9.44	2.12
11:29:55.072945	0.16	-9.14	-0.07	-1.5	-8.19	-0.16	-1.21	-7.390000000000001	5.98	-0.5700000000000001	-10.33	1.2
11:29:55.083063	0.17	-9.14	0.04	-1.6300000000000001	-7.61	-0.36	-1.97	-7.79	6.38	-0.49	-11.15	0.36
11:29:55.093178	0.02	-9.08	0.2	-2.06	-7.49	-0.16	-1.82	-7.54	6.44	0.0	-11.68	-0.64
11:29:55.103293	-0.04	-8.93	0.53	-2.61	-7.23	-0.03	-1.6300000000000001	-7.75	6.28	0.28	-12.98	-2.21
11:29:55.113986	-0.02	-8.78	0.6	-3.02	-7.16	0.01	-1.27	-8.07	5.8100000000000005	1.07	-13.5	-3.18
11:29:55.124060	-0.07	-8.67	0.68	-3.0700000000000003	-7.05	0.03	-0.49	-8.65	5.8	2.13	-13.72	-4.17
11:29:55.134163	-0.06	-8.56	0.73	-2.87	-6.84	-0.09	-0.31	-8.950000000000001	5.74	2.86	-13.24	-4.39
11:29:55.144263	-0.08	-8.33	0.54	-2.7800000000000002	-6.62	-0.54	-0.2	-9.16	5.53	3.63	-14.17	-5.25
11:29:55.154333	0.0	-8.17	0.29	-1.43	-6.8	-0.85	0.12	-9.64	4.89	4.03	-14.86	-6.11
11:29:55.164453	0.18	-8.14	0.17	-0.89	-6.84	-1.07	0.34	-9.450000000000001	4.84	4.24	-15.05	-6.890000000000001
11:29:55.174577	0.27	-8.17	-0.08	-0.36	-6.99	-1.58	0.29	-9.07	5.01	4.3500000000000005	-13.35	-7.29
11:29:55.184644	0.27	-8.31	-0.13	0.01	-7.08	-1.87	0.03	-9.09	5.22	4.37	-13.31	-6.9
11:29:55.194730	0.27	-8.38	-0.14	0.79	-7.45	-2.9	-0.13	-9.8	4.6000000000000005	4.63	-13.82	-7.09
11:29:55.204799	0.23	-8.56	-0.11	0.99	-7.43	-3.2	-0.47000000000000003	-10.4	4.61	5.0	-14.09	-7.8500000000000005
11:29:55.214930	0.11	-8.84	0.05	1.12	-7.24	-3.3000000000000003	-0.45	-10.56	4.1	4.7	-14.72	-9.02
11:29:55.225592	0.01	-8.97	0.18	1.1500000000000001	-7.43	-3.46	-0.33	-10.57	3.62	4.34	-14.84	-9.43
11:29:55.235664	-0.07	-9.09	0.3	1.3800000000000001	-7.86	-3.46	-0.25	-10.28	3.2600000000000002	4.62	-15.6	-9.97
11:29:55.245745	-0.26	-9.24	0.52	1.44	-8.08	-3.45	-0.17	-10.19	2.97	4.7700000000000005	-14.44	-12.4
11:29:55.255811	-0.33	-9.35	0.66	1.58	-8.31	-3.2600000000000002	-0.28	-10.040000000000001	2.79	3.2800000000000002	-13.58	-12.0
11:29:55.265883	-0.34	-9.48	0.75	1.6600000000000001	-8.61	-3.0700000000000003	-0.67	-10.22	2.69	3.45	-13.41	-12.42
11:29:55.275968	-0.35000000000000003	-9.6	0.8300000000000001	1.82	-9.28	-3.38	-1.02	-9.75	2.72	3.31	-13.13	-13.17
11:29:55.286039	-0.41000000000000003	-10.01	0.9	1.72	-9.540000000000001	-3.59	-1.4000000000000001	-9.78	2.44	2.47	-12.540000000000001	-14.05
11:29:55.296115	-0.44	-10.34	0.9400000000000001	1.55	-9.82	-3.88	-1.8	-9.040000000000001	1.97	2.41	-11.120000000000001	-15.0
11:29:55.306185	-0.58	-10.57	0.93	1.19	-9.97	-4.04	-1.56	-9.05	1.72	2.06	-10.620000000000001	-14.89
11:29:55.316261	-0.8	-10.93	1.02	0.77	-10.51	-4.63	-1.24	-9.21	1.19	1.54	-10.91	-15.69
11:29:55.326365	-1.11	-11.52	1.1	0.42	-10.76	-4.72	-1.03	-8.77	0.92	1.29	-9.77	-16.75
11:29:55.336591	-1.2	-11.700000000000001	1.07	0.24	-10.91	-4.65	-0.06	-8.290000000000001	0.92	0.93	-9.58	-16.95
11:29:55.346685	-1.26	-12.06	1.09	0.08	-10.97	-4.42	0.36	-8.38	0.92	0.68	-9.790000000000001	-17.12
11:29:55.356758	-1.44	-12.26	1.07	0.17	-11.11	-4.8100000000000005	0.54	-8.43	1.1	0.71	-9.73	-16.94
11:29:55.366825	-1.68	-12.040000000000001	1.05	0.24	-11.14	-5.01	0.47000000000000003	-8.540000000000001	1.54	0.6	-9.38	-15.82
11:29:55.376930	-1.77	-11.89	0.99	0.36	-10.92	-4.84	0.28	-8.59	1.86	1.1500000000000001	-9.75	-15.030000000000001
11:29:55.387123	-1.72	-11.58	0.89	0.37	-10.58	-4.5	0.12	-8.88	2.0100000000000002	2.85	-12.73	-15.540000000000001
11:29:55.397230	-1.58	-11.44	0.85	0.62	-9.89	-3.38	0.03	-9.1	2.18	2.62	-9.370000000000001	-13.370000000000001
11:29:55.407801	-1.33	-10.89	0.62	0.73	-9.51	-2.99	-0.14	-8.96	3.04	3.71	-9.05	-13.65
11:29:55.417944	-1.1300000000000001	-10.68	0.54	0.75	-9.05	-2.73	-0.39	-9.16	3.19	2.5100000000000002	-7.65	-4.7
11:29:55.428053	-0.5700000000000001	-10.57	0.47000000000000003	0.59	-8.53	-2.39	-0.62	-10.47	1.62	2.43	-22.19	21.45
11:29:55.438179	0.74	-11.88	-0.28	0.02	-9.26	-2.23	-1.29	-17.330000000000002	-9.18	9.5	-22.39	19.47
11:29:55.448281	0.65	-12.66	-0.99	-0.28	-11.370000000000001	-1.9100000000000001	-2.17	-17.8	-8.08	12.6	-13.77	-7.0200000000000005
11:29:55.458432	0.61	-12.99	-1.54	-0.59	-12.94	-1.7	-0.79	-14.48	-1.51	8.88	-7.79	-7.04
11:29:55.469036	0.6	-13.02	-2.0100000000000002	-0.25	-12.07	-1.87	0.46	-11.16	0.16	-7.29	-8.24	-5.8100000000000005
11:29:55.479112	0.78	-11.75	-2.12	-0.26	-10.66	-1.29	-1.85	-9.3	3.25	-3.1	-9.61	0.67
11:29:55.489257	0.98	-10.81	-1.41	-0.53	-10.46	-1.56	-2.68	-8.99	1.9100000000000001	3.42	-10.91	1.1300000000000001
11:29:55.499391	0.86	-9.950000000000001	-0.76	-2.21	-8.88	-3.12	-2.56	-8.57	1.84	5.29	-7.94	-1.86
11:29:55.509506	0.52	-9.290000000000001	-0.25	-3.2	-7.58	-1.79	-0.03	-9.48	1.37	0.36	-9.120000000000001	-0.25
11:29:55.520128	-0.01	-8.33	0.8	-4.05	-7.11	-0.34	0.9400000000000001	-9.78	0.79	1.6300000000000001	-9.51	-2.11
11:29:55.530260	0.17	-8.24	1.2	-4.21	-7.48	0.32	2.5300000000000002	-9.89	0.72	1.1500000000000001	-7.71	-1.1300000000000001
11:29:55.540978	0.46	-8.52	1.41	-1.84	-8.85	0.17	3.2	-10.21	0.5	0.15	-9.55	-0.75
11:29:55.551520	0.67	-8.91	1.28	-0.51	-9.22	0.11	0.11	-10.07	0.59	1.52	-12.26	-2.44
11:29:55.562007	1.11	-9.370000000000001	0.75	1.04	-9.41	0.53	-0.79	-8.94	0.71	1.83	-10.51	-2.2
11:29:55.572145	1.46	-9.450000000000001	0.5	2.11	-9.55	0.8200000000000001	-0.23	-8.84	1.3900000000000001	0.12	-8.84	-2.0300000000000002
11:29:55.582534	1.75	-9.34	0.25	3.16	-10.22	0.53	0.19	-9.48	0.8	0.53	-9.42	0.15
11:29:55.592854	2.02	-9.15	0.06	3.31	-10.44	0.78	0.78	-10.07	0.64	2.16	-8.88	-1.55
11:29:55.602936	2.11	-8.98	-0.13	3.02	-10.290000000000001	0.96	1.54	-10.16	0.72	1.49	-8.33	-2.37
11:29:55.613128	1.97	-8.96	-0.17	1.8900000000000001	-9.73	1.1300000000000001	1.9100000000000001	-10.07	-0.49	1.42	-8.8	-2.14
11:29:55.623264	1.87	-9.08	-0.21	0.15	-9.18	0.9	1.79	-10.11	-0.9400000000000001	1.6400000000000001	-11.14	-0.84
11:29:55.633861	1.51	-9.44	-0.4	-0.11	-9.43	0.49	1.8800000000000001	-9.76	-0.48	1.69	-10.790000000000001	-3.65
11:29:55.643936	1.4000000000000001	-9.55	-0.48	-0.2	-9.5	-0.12	1.6300000000000001	-9.53	0.85	0.97	-9.44	-2.69
11:29:55.654020	1.28	-9.55	-0.55	-0.37	-9.49	-0.37	1.09	-9.56	0.88	0.65	-8.64	-3.3000000000000003
11:29:55.664086	1.1500000000000001	-9.58	-0.52	-0.55	-9.23	-0.98	0.45	-9.91	0.27	1.4000000000000001	-9.78	0.16
11:29:55.674159	0.79	-9.620000000000001	-0.48	-0.74	-9.57	-0.98	0.0	-10.1	0.32	1.8800000000000001	-9.61	-2.86
11:29:55.684228	0.59	-9.700000000000001	-0.43	-1.07	-9.67	-0.74	0.16	-10.3	0.92	1.09	-9.67	-3.22
11:29:55.694327	0.28	-9.75	-0.41000000000000003	-1.12	-9.73	-0.73	0.23	-10.26	0.6	1.24	-9.97	-2.16
11:29:55.704399	0.01	-9.74	-0.41000000000000003	-1.18	-9.55	-0.48	0.49	-9.92	0.26	1.49	-10.01	-1.84
11:29:55.714470	-0.18	-9.49	-0.34	-0.8300000000000001	-9.5	-0.29	1.23	-9.39	0.5	1.37	-9.42	-3.04
11:29:55.724539	-0.12	-9.31	-0.3	-0.58	-9.370000000000001	-0.18	1.37	-9.5	0.51	1.21	-9.03	-2.94
11:29:55.734607	-0.01	-9.16	-0.27	-0.33	-9.290000000000001	-0.1	1.21	-9.77	0.19	1.57	-9.4	-0.48
11:29:55.744736	0.09	-9.01	-0.26	0.35000000000000003	-9.52	0.23	1.03	-9.91	0.12	1.69	-9.33	-2.06
11:29:55.754835	0.27	-8.8	-0.39	0.6	-9.61	0.4	1.11	-9.620000000000001	0.53	1.57	-9.08	-2.8000000000000003
11:29:55.764900	0.41000000000000003	-8.700000000000001	-0.51	0.67	-9.52	0.54	0.9500000000000001	-9.48	0.63	1.42	-8.870000000000001	-3.24
11:29:55.775001	0.44	-8.63	-0.61	0.71	-9.27	0.6	0.89	-9.58	0.38	1.18	-9.9	-0.91
11:29:55.785070	0.39	-8.64	-0.73	0.89	-9.58	0.41000000000000003	1.3	-9.71	0.34	0.98	-9.84	-2.82
11:29:55.795143	0.31	-8.74	-0.8200000000000001	0.96	-9.450000000000001	0.63	1.28	-9.65	0.49	1.07	-9.290000000000001	-2.49
11:29:55.805227	0.22	-8.82	-0.8300000000000001	1.1400000000000001	-9.48	0.62	0.93	-9.56	0.75	1.33	-9.42	-2.3000000000000003
11:29:55.815300	0.04	-8.86	-0.79	0.96	-9.53	0.67	0.51	-9.82	0.58	1.93	-9.64	-1.04
11:29:55.825402	-0.2	-9.07	-0.58	0.9500000000000001	-9.74	0.49	0.08	-9.86	0.64	1.97	-9.09	-3.54
11:29:55.835489	-0.36	-9.290000000000001	-0.24	0.52	-9.58	0.5	0.22	-9.540000000000001	0.47000000000000003	1.6300000000000001	-8.98	-3.04
11:29:55.845588	-0.43	-9.43	-0.02	0.12	-9.47	0.47000000000000003	0.48	-9.75	0.32	2.07	-9.38	-1.23
11:29:55.855667	-0.56	-9.58	0.31	-0.13	-9.77	0.1	0.85	-10.15	0.2	2.32	-9.75	-2.48
11:29:55.865732	-0.65	-9.63	0.39	-0.42	-9.68	0.09	0.96	-9.81	0.0	1.8900000000000001	-9.28	-3.75
11:29:55.875853	-0.72	-9.59	0.42	-0.46	-9.56	0.06	0.84	-9.49	0.34	1.46	-9.4	-3.0
11:29:55.886108	-0.78	-9.48	0.43	-0.58	-9.4	0.01	0.92	-9.540000000000001	0.5	1.46	-9.57	-1.5
11:29:55.896687	-0.79	-9.26	0.35000000000000003	-0.71	-9.24	-0.14	1.17	-9.78	-0.41000000000000003	1.17	-9.97	-2.21
11:29:55.906768	-0.75	-9.16	0.27	-0.63	-9.13	0.03	1.23	-9.52	-0.79	1.03	-9.55	-3.97
11:29:55.916886	-0.61	-9.09	0.21	-0.77	-9.15	0.49	1.12	-9.28	0.0	1.05	-9.47	-4.0600000000000005
11:29:55.926958	-0.44	-9.05	0.12	-0.55	-9.370000000000001	0.85	0.9	-9.88	-0.04	1.77	-9.33	-0.86
11:29:55.937093	-0.21	-9.13	-0.05	-0.48	-9.61	1.12	1.0	-9.78	-0.19	1.62	-10.15	-3.0700000000000003
11:29:55.947163	-0.14	-9.22	-0.22	-0.27	-9.620000000000001	1.1300000000000001	1.21	-9.35	0.02	0.99	-9.73	-4.61
11:29:55.957823	-0.1	-9.31	-0.32	-0.09	-9.61	1.18	1.3800000000000001	-9.05	1.04	1.25	-9.15	-3.5500000000000003
11:29:55.967896	-0.11	-9.39	-0.37	0.11	-9.56	1.24	0.85	-10.19	-0.05	1.73	-9.72	-0.97
11:29:55.977988	-0.15	-9.65	-0.39	0.01	-9.53	1.21	1.26	-9.49	0.4	0.74	-9.76	-4.46
11:29:55.988062	-0.1	-9.77	-0.37	-0.06	-9.52	1.36	1.78	-9.05	0.96	1.76	-8.98	-3.2600000000000002
11:29:55.998135	-0.31	-9.870000000000001	-0.23	-0.36	-9.43	1.42	1.07	-9.99	0.59	2.2600000000000002	-9.700000000000001	-1.55
11:29:56.008329	-0.18	-10.11	-0.02	-0.56	-9.370000000000001	1.26	0.64	-10.39	0.66	1.54	-10.89	-4.3100000000000005
11:29:56.018428	-0.29	-10.23	0.06	-1.16	-10.23	1.19	0.87	-10.120000000000001	1.25	0.92	-10.65	-4.48
11:29:56.028538	-0.35000000000000003	-10.4	0.14	-1.47	-10.5	1.6500000000000001	0.5700000000000001	-10.36	1.9100000000000001	2.09	-10.52	-3.5500000000000003
11:29:56.038659	-0.39	-10.58	0.13	-1.73	-10.75	1.21	-0.17	-11.34	1.84	2.05	-12.57	-3.0700000000000003
11:29:56.048853	-0.64	-10.94	0.14	-1.75	-10.700000000000001	0.87	0.07	-11.3	2.18	2.05	-12.57	-3.0700000000000003
11:29:56.059426	-0.77	-11.06	0.11	-1.71	-10.93	1.6	1.27	-10.86	1.92	3.6	-11.03	-6.48
11:29:56.069544	-0.9500000000000001	-11.24	0.06	-1.76	-10.9	1.8800000000000001	0.14	-10.83	2.39	4.14	-10.63	-4.07
11:29:56.079953	-1.18	-11.35	0.07	-1.43	-10.75	1.44	-0.27	-11.26	1.74	2.81	-10.83	-3.24
11:29:56.090138	-1.67	-11.22	0.07	-1.43	-10.75	1.44	-0.17	-11.31	1.27	2.68	-10.450000000000001	-4.58
11:29:56.100205	-1.81	-11.25	0.04	-0.75	-11.07	1.1	0.04	-10.89	1.22	4.42	-10.78	-6.1000000000000005
11:29:56.110323	-1.98	-11.200000000000001	0.06	-0.55	-11.06	0.74	-0.11	-11.09	1.28	4.09	-10.89	-3.33
11:29:56.120435	-2.08	-11.09	0.1	-0.1	-10.98	0.6	-0.41000000000000003	-11.450000000000001	1.1500000000000001	3.23	-10.790000000000001	-3.79
11:29:56.131060	-2.13	-10.98	0.18	0.14	-11.0	0.81	0.09	-11.02	0.9	2.35	-11.5	-5.3100000000000005
11:29:56.141211	-2.04	-10.91	0.24	0.28	-10.86	0.71	0.38	-10.58	1.48	2.41	-11.26	-5.47
11:29:56.151309	-1.92	-10.83	0.34	0.41000000000000003	-10.6	0.47000000000000003	0.28	-11.25	0.51	2.72	-11.4	-2.05
11:29:56.161433	-1.54	-10.84	0.62	1.04	-11.05	0.59	1.48	-10.94	-0.14	2.99	-11.200000000000001	-3.7
11:29:56.171993	-0.4	-11.56	1.77	1.03	-11.64	0.79	1.17	-11.3	0.31	3.4	-11.84	-5.5200000000000005
11:29:56.182119	-0.19	-12.040000000000001	2.45	0.91	-11.97	0.77	0.67	-11.59	-0.52	0.39	-13.08	-4.07
11:29:56.192187	-0.38	-12.23	2.95	0.7000000000000001	-11.88	0.71	-0.25	-11.33	-0.7000000000000001	0.49	-12.15	-1.82
11:29:56.202807	-1.44	-11.64	3.2600000000000002	0.14	-11.68	0.92	-0.99	-10.61	-0.99	1.34	-11.8	-4.47
11:29:56.213039	-2.14	-10.93	2.84	-0.18	-11.38	0.97	-1.37	-10.67	-1.31	1.16	-13.09	-3.94
11:29:56.223134	-2.42	-10.22	2.09	-0.75	-10.85	0.85	-1.03	-10.540000000000001	-1.9100000000000001	0.68	-12.34	-3.21
11:29:56.233261	-2.06	-9.72	1.26	-0.88	-10.42	0.23	-1.24	-10.59	-2.09	0.67	-12.8	-0.77
11:29:56.243938	0.44	-9.15	-0.26	-1.1500000000000001	-9.89	-0.79	-0.9500000000000001	-10.58	-1.43	0.3	-12.94	-2.32
11:29:56.254012	2.08	-8.84	-0.89	-1.2	-9.89	-1.29	-0.99	-10.620000000000001	-0.56	-0.58	-15.08	-2.82
11:29:56.264217	3.2800000000000002	-8.86	-1.3900000000000001	-1.12	-9.73	-1.25	-1.08	-10.790000000000001	-2.33	-1.69	-16.26	-1.19
11:29:56.274296	3.49	-9.06	-1.85	-1.3800000000000001	-9.66	-1.61	0.35000000000000003	-12.49	-5.14	-1.0	-17.37	1.75
11:29:56.284371	2.45	-9.14	-1.81	-1.1500000000000001	-8.98	-1.55	1.6600000000000001	-12.530000000000001	-5.5200000000000005	0.88	-16.73	1.4000000000000001
11:29:56.294439	2.2	-9.13	-1.56	-1.3800000000000001	-8.9	-1.26	2.65	-12.61	-4.0	5.41	-14.52	0.17
11:29:56.304507	2.35	-9.07	-1.29	-1.68	-8.790000000000001	-0.73	3.1	-10.53	-1.33	5.63	-13.17	-1.7
11:29:56.314592	2.74	-8.94	-0.97	-1.7	-8.99	-0.47000000000000003	3.18	-9.72	1.16	5.04	-12.22	-5.86
11:29:56.324659	2.9	-8.64	-0.14	-2.75	-9.63	-0.24	1.92	-9.790000000000001	3.96	4.62	-10.41	-6.41
11:29:56.334740	2.46	-8.51	0.28	-2.67	-9.88	-0.33	0.9500000000000001	-10.49	8.61	5.54	-5.54	-7.66
11:29:56.344813	1.8900000000000001	-8.5	0.65	-3.0700000000000003	-10.07	1.53	-0.1	-11.34	8.38	1.55	-2.17	1.52
11:29:56.354890	1.4000000000000001	-8.61	0.98	-2.46	-11.03	1.83	-0.14	-11.27	6.33	-7.22	1.8800000000000001	9.57
11:29:56.364965	0.91	-9.23	1.37	-2.02	-13.09	1.71	0.53	-12.1	4.59	-10.53	-3.35	12.47
11:29:56.375035	0.86	-9.63	1.42	-2.23	-13.51	2.0300000000000002	0.58	-12.24	2.96	1.73	-11.07	6.33
11:29:56.385123	0.64	-9.96	1.36	-1.92	-13.31	1.8	0.46	-9.93	3.7600000000000002	9.540000000000001	-14.93	4.57
11:29:56.395199	0.37	-10.28	1.12	-2.16	-12.71	1.1300000000000001	0.99	-8.49	4.89	5.78	-12.15	3.4
11:29:56.405274	0.35000000000000003	-10.26	0.98	-1.82	-11.57	0.28	1.57	-7.8500000000000005	5.47	-2.6	-3.96	7.33
11:29:56.415356	0.32	-10.23	0.89	-1.69	-11.01	0.54	1.52	-7.890000000000001	5.18	1.61	-0.85	7.3
11:29:56.425433	0.39	-10.14	0.8	-1.22	-10.44	0.38	1.1400000000000001	-7.1000000000000005	5.43	5.55	-1.57	7.91
11:29:56.435503	0.47000000000000003	-9.88	0.67	-0.9500000000000001	-10.31	0.3	0.65	-7.11	5.34	4.83	-4.53	5.26
11:29:56.445569	0.33	-9.74	0.54	-0.6	-10.290000000000001	0.41000000000000003	0.36	-6.84	5.0600000000000005	-0.8300000000000001	-10.69	4.11
11:29:56.455740	0.31	-9.53	0.43	-0.48	-10.05	0.54	-0.48	-7.11	5.09	0.02	-11.18	3.3200000000000003
11:29:56.465819	0.31	-9.32	0.31	-0.41000000000000003	-9.77	0.18	-0.42	-6.7700000000000005	5.57	0.61	-7.75	4.22
11:29:56.475888	0.45	-9.02	0.22	-0.71	-9.370000000000001	0.04	-0.4	-6.7700000000000005	5.7700000000000005	0.98	-6.82	2.97
11:29:56.485989	0.5	-8.88	0.27	-1.07	-8.28	-0.16	-0.59	-6.75	5.92	1.18	-8.01	2.06
11:29:56.496109	0.35000000000000003	-8.73	0.48	-1.52	-7.75	-0.17	-0.93	-7.24	5.33	0.76	-9.36	1.58
11:29:56.506213	0.35000000000000003	-8.73	0.48	-1.45	-7.46	-0.45	-1.1400000000000001	-7.7700000000000005	5.12	0.17	-10.82	0.51
11:29:56.516291	-0.04	-8.73	0.87	-2.07	-6.93	-0.05	-1.02	-7.97	5.4	0.52	-12.43	-1.82
11:29:56.526357	-0.09	-8.58	0.9	-2.07	-7.3	-0.23	-0.8300000000000001	-8.06	5.73	0.71	-12.64	-2.68
11:29:56.536428	-0.06	-8.64	0.98	-2.34	-7.18	0.04	-0.4	-8.31	5.61	0.85	-12.71	-3.19
11:29:56.546496	0.0	-8.68	0.85	-2.38	-7.25	0.01	0.06	-8.59	5.5200000000000005	1.19	-13.05	-3.8200000000000003
11:29:56.556621	-0.08	-8.76	0.76	-2.44	-7.3100000000000005	-0.2	0.63	-9.700000000000001	5.11	2.2800000000000002	-13.69	-4.36
11:29:56.566749	-0.14	-8.83	0.5700000000000001	-2.38	-7.43	-0.5700000000000001	0.53	-9.92	5.0200000000000005	2.57	-14.08	-5.0600000000000005
11:29:56.577409	-0.12	-8.89	0.25	-2.08	-7.41	-0.8300000000000001	0.31	-10.0	5.2	2.91	-14.65	-6.0600000000000005
11:29:56.587484	-0.04	-8.96	0.17	-1.75	-7.28	-0.98	0.1	-9.68	5.43	2.7600000000000002	-13.780000000000001	-6.76
11:29:56.597979	0.05	-8.97	0.07	-0.74	-7.58	-1.77	-0.04	-9.3	5.05	2.66	-13.81	-6.53
11:29:56.608047	0.16	-8.96	0.01	-0.38	-7.73	-2.13	-0.28	-9.43	5.05	2.63	-14.200000000000001	-6.87
11:29:56.618181	0.3	-8.91	0.0	-0.07	-7.86	-2.54	-0.49	-9.57	4.98	2.64	-13.98	-6.97
11:29:56.628308	0.27	-8.9	0.06	0.19	-7.8	-2.83	-0.5700000000000001	-9.950000000000001	4.65	2.98	-14.0	-6.53
11:29:56.638414	0.26	-8.92	0.17	0.62	-7.58	-2.96	-0.52	-10.03	4.11	2.96	-14.09	-6.78
11:29:56.648898	0.17	-8.950000000000001	0.26	0.77	-7.45	-2.94	-0.45	-10.17	3.93	2.62	-14.950000000000001	-7.51
11:29:56.659191	0.04	-9.02	0.53	1.12	-7.5	-3.04	-0.15	-10.11	3.79	2.49	-14.76	-7.99
11:29:56.669332	0.06	-9.02	0.71	1.05	-7.57	-2.91	0.4	-10.09	2.5	2.54	-13.66	-9.8
11:29:56.679669	0.02	-9.040000000000001	0.8200000000000001	1.12	-7.71	-2.82	0.34	-10.53	1.99	2.18	-13.86	-10.89
11:29:56.690303	-0.02	-9.120000000000001	0.9	1.18	-7.930000000000001	-2.84	-0.7000000000000001	-9.52	1.96	2.96	-13.38	-11.57
11:29:56.700372	0.0	-9.33	1.0	1.0	-8.540000000000001	-2.86	-0.8300000000000001	-9.46	1.72	4.54	-11.99	-13.98
11:29:56.710466	0.05	-9.51	1.05	1.1300000000000001	-9.42	-3.59	-0.79	-9.16	1.47	4.22	-10.65	-14.19
11:29:56.720600	0.11	-9.63	0.9500000000000001	1.26	-9.8	-3.97	-0.79	-8.85	1.23	3.73	-10.790000000000001	-14.68
11:29:56.731157	0.16	-9.77	0.96	1.32	-10.19	-4.26	-0.68	-8.370000000000001	1.1300000000000001	2.5100000000000002	-9.9	-15.71
11:29:56.741317	0.06	-10.25	0.84	1.24	-10.55	-4.46	-0.79	-8.13	0.85	1.3800000000000001	-9.3	-15.85
11:29:56.751734	-0.1	-10.39	0.64	0.98	-10.98	-4.92	-0.76	-8.120000000000001	0.43	0.72	-9.47	-16.3
11:29:56.762247	-0.3	-10.8	0.64	0.99	-11.13	-5.34	-0.13	-7.930000000000001	0.65	0.72	-9.55	-16.81
11:29:56.772326	-0.56	-11.16	0.5700000000000001	0.9400000000000001	-11.05	-5.43	0.02	-7.99	0.73	0.6900000000000001	-9.06	-16.31
11:29:56.782396	-0.75	-11.32	0.58	0.91	-10.94	-5.21	-0.05	-8.23	0.89	0.73	-9.540000000000001	-15.94
11:29:56.792507	-0.97	-11.53	0.7000000000000001	0.6	-10.69	-4.69	-0.21	-8.52	1.01	1.1400000000000001	-9.540000000000001	-15.34
11:29:56.802573	-1.24	-11.620000000000001	0.71	0.43	-10.42	-4.18	-0.25	-8.73	1.55	1.22	-9.450000000000001	-14.52
11:29:56.812741	-1.7	-11.63	1.02	0.17	-10.11	-3.64	-0.15	-8.99	1.82	3.46	-13.5	-12.74
11:29:56.822865	-1.83	-11.55	1.11	0.06	-9.68	-2.38	0.0	-9.24	2.09	4.36	-11.21	-14.450000000000001
11:29:56.833506	-1.87	-11.370000000000001	1.27	0.19	-9.42	-2.0300000000000002	-0.13	-9.11	2.77	3.47	-8.74	-12.15
11:29:56.843789	-1.9100000000000001	-11.3	1.3	0.25	-9.14	-2.14	-0.5700000000000001	-9.23	3.0	2.9	-7.73	-12.0
11:29:56.853864	-1.31	-10.89	1.28	0.27	-8.74	-2.59	-1.07	-10.74	2.35	3.52	-10.19	-2.12
11:29:56.864326	-0.34	-10.96	1.08	0.29	-9.11	-2.75	-0.91	-13.94	-1.9100000000000001	2.31	-17.28	8.45
11:29:56.874768	0.52	-11.63	0.7000000000000001	0.34	-10.49	-2.04	-2.0300000000000002	-17.13	-7.91	3.7	-24.3	23.64
11:29:56.884833	0.81	-12.51	-0.06	0.17	-12.27	-1.19	-0.5700000000000001	-13.950000000000001	-1.32	10.290000000000001	-11.41	-8.39
11:29:56.894908	1.17	-13.06	-1.32	-0.53	-13.02	-0.47000000000000003	1.04	-11.36	0.46	7.42	-6.58	-8.65
11:29:56.904997	1.21	-13.0	-1.9000000000000001	-0.99	-11.17	-1.67	-1.05	-9.98	4.19	-2.62	-7.38	-11.52
11:29:56.915078	1.17	-12.48	-2.09	-1.6400000000000001	-10.63	-0.22	-2.5300000000000002	-9.75	2.54	-7.22	-8.65	-4.75
11:29:56.925190	1.12	-11.66	-1.8800000000000001	-1.07	-11.4	-2.17	-2.79	-9.33	2.38	4.39	-9.69	2.22
11:29:56.935255	0.97	-10.18	-0.77	-0.64	-11.27	-4.05	-2.06	-8.93	2.58	5.23	-7.74	-0.36
11:29:56.945327	0.59	-9.58	-0.17	-2.05	-8.17	-2.09	1.9000000000000001	-9.53	2.24	1.36	-6.73	-2.7600000000000002
11:29:56.955408	0.3	-9.17	0.42	-3.18	-7.34	-0.13	3.33	-10.49	1.72	-1.04	-9.13	-2.94
11:29:56.965484	0.28	-8.92	1.27	-3.36	-7.72	0.72	3.48	-11.14	1.1	0.45	-8.59	1.72
11:29:56.975609	0.38	-8.92	1.3800000000000001	-2.72	-8.19	1.1400000000000001	1.2	-10.72	1.41	2.16	-9.65	-0.15
11:29:56.985681	0.6900000000000001	-9.08	1.32	-0.28	-8.61	1.84	0.42	-9.41	1.6	2.06	-9.11	-4.61
11:29:56.995954	1.67	-9.28	0.67	0.62	-8.76	2.24	-0.78	-9.0	1.34	2.06	-9.11	-4.61
11:29:57.006041	1.8900000000000001	-9.120000000000001	0.36	1.48	-9.18	1.81	-1.1300000000000001	-9.21	1.16	-0.35000000000000003	-9.24	0.65
11:29:57.016929	2.1	-8.88	0.17	2.07	-9.8	1.03	0.02	-9.16	1.24	0.79	-9.56	-1.6300000000000001
11:29:57.027023	2.24	-8.69	0.06	3.19	-10.17	0.8300000000000001	0.88	-9.8	1.12	1.75	-9.05	-3.61
11:29:57.037091	2.08	-8.77	-0.23	2.71	-10.11	0.8200000000000001	1.35	-10.32	0.5700000000000001	0.86	-7.95	-1.56
11:29:57.047539	1.8800000000000001	-8.99	-0.44	1.78	-9.83	0.6	1.52	-10.14	-1.17	1.77	-9.540000000000001	1.07
11:29:57.058298	1.72	-9.200000000000001	-0.68	0.73	-9.61	0.66	1.5	-9.69	-0.37	2.41	-10.44	-2.44
11:29:57.068492	1.62	-9.4	-0.92	-0.41000000000000003	-9.63	0.39	1.49	-9.75	0.28	1.85	-10.58	-4.61
11:29:57.079114	1.47	-9.49	-1.12	-0.68	-9.44	0.08	1.05	-10.0	0.23	1.27	-9.56	-0.51
11:29:57.089676	1.4000000000000001	-9.49	-1.11	-0.9500000000000001	-9.13	-0.62	0.73	-9.52	0.91	1.27	-9.56	-0.51
11:29:57.099796	1.25	-9.5	-1.03	-0.9500000000000001	-9.13	-0.62	0.45	-9.73	0.96	0.9500000000000001	-9.26	-2.47
11:29:57.109989	1.02	-9.53	-0.93	-1.21	-9.25	-0.67	0.33	-10.6	-0.12	0.96	-10.05	-1.35
11:29:57.120183	0.59	-9.63	-0.67	-1.36	-9.450000000000001	-0.55	0.32	-10.32	0.0	1.56	-10.94	-1.76
11:29:57.130690	0.38	-9.6	-0.51	-1.51	-9.77	-0.33	0.88	-9.76	0.43	1.44	-9.89	-3.71
11:29:57.140813	0.23	-9.51	-0.37	-0.79	-9.450000000000001	-0.15	1.33	-9.290000000000001	-0.01	1.12	-8.77	-2.88
11:29:57.151088	0.23	-9.19	-0.08	-0.33	-9.290000000000001	0.08	1.32	-9.68	-0.38	1.27	-9.78	-0.61
11:29:57.161705	0.3	-9.040000000000001	-0.01	0.18	-9.450000000000001	0.24	1.5	-9.85	-0.32	1.69	-9.66	-1.92
11:29:57.171783	0.34	-8.93	0.04	0.93	-9.63	0.6	1.78	-9.790000000000001	-0.05	1.68	-8.85	-2.75
11:29:57.182453	0.38	-8.82	0.07	1.29	-9.65	0.64	1.53	-9.5	-0.22	1.43	-9.06	-3.3200000000000003
11:29:57.192533	0.38	-8.790000000000001	0.02	1.31	-9.42	0.87	1.08	-9.700000000000001	-0.37	1.6500000000000001	-9.83	-1.12
11:29:57.202605	0.27	-8.72	-0.01	1.56	-9.39	0.74	0.87	-9.65	-0.19	1.44	-9.82	-2.64
11:29:57.212719	0.25	-8.81	-0.09	1.47	-9.56	0.64	1.19	-9.39	-0.34	1.23	-9.34	-3.15
11:29:57.222813	0.21	-8.870000000000001	-0.17	1.26	-9.55	0.71	1.3800000000000001	-9.8	-0.53	1.17	-9.6	-2.47
11:29:57.233096	0.05	-9.08	-0.32	1.16	-9.51	0.7000000000000001	1.4000000000000001	-10.03	-0.49	1.6400000000000001	-10.28	-0.63
11:29:57.243567	-0.02	-9.200000000000001	-0.33	1.21	-9.55	0.56	1.6300000000000001	-9.700000000000001	-0.43	1.6400000000000001	-10.28	-0.63
11:29:57.253820	-0.1	-9.26	-0.37	0.73	-9.42	0.43	1.32	-9.41	-0.35000000000000003	1.4000000000000001	-9.17	-3.63
11:29:57.263894	-0.19	-9.34	-0.31	0.46	-9.42	0.48	0.9400000000000001	-9.8	-0.07	1.9100000000000001	-9.39	-2.38
11:29:57.273971	-0.24	-9.33	-0.15	0.33	-9.68	0.21	0.64	-10.0	0.22	1.8	-9.99	-1.07
11:29:57.284614	-0.24	-9.38	-0.05	0.05	-9.75	0.1	0.32	-9.41	0.23	1.49	-9.65	-3.85
11:29:57.294746	-0.11	-9.42	0.06	-0.27	-9.76	0.01	0.04	-9.4	0.91	1.49	-9.65	-3.85
11:29:57.304872	-0.1	-9.36	0.09	-0.41000000000000003	-9.63	0.0	-0.16	-9.88	0.72	1.8	-8.99	-1.73
11:29:57.315517	-0.03	-9.31	0.07	-0.54	-9.67	-0.04	0.07	-10.14	0.24	1.81	-9.98	-1.58
11:29:57.325594	0.0	-9.34	-0.01	-0.53	-9.68	-0.11	0.9	-9.6	0.2	1.75	-9.86	-4.32
11:29:57.335659	0.11	-9.26	-0.23	-0.51	-9.67	0.15	1.16	-9.23	1.42	1.59	-9.290000000000001	-4.8500000000000005
11:29:57.345730	0.16	-9.200000000000001	-0.32	-0.56	-9.66	0.44	0.87	-10.0	0.76	1.73	-9.3	-1.32
11:29:57.355804	0.25	-9.19	-0.39	-0.63	-9.65	0.59	0.62	-9.52	0.58	1.6500000000000001	-10.28	-2.15
11:29:57.365879	0.3	-9.21	-0.46	-0.72	-9.63	0.91	0.91	-9.26	1.3800000000000001	1.51	-9.64	-4.79
11:29:57.375989	0.25	-9.18	-0.53	-0.88	-9.52	1.62	0.81	-9.61	1.99	1.36	-9.21	-4.58
11:29:57.386053	0.22	-9.24	-0.53	-0.9	-9.49	1.6400000000000001	0.38	-10.39	0.81	2.06	-9.41	-0.89
11:29:57.396125	0.22	-9.41	-0.56	-0.88	-9.64	1.6300000000000001	1.01	-9.63	1.22	2.15	-10.31	-3.44
11:29:57.406247	0.17	-9.620000000000001	-0.49	-0.88	-9.8	1.52	0.9400000000000001	-9.83	2.0100000000000002	0.98	-10.08	-4.64
11:29:57.416323	0.13	-10.11	-0.4	-0.96	-10.06	1.3900000000000001	0.76	-10.43	1.96	1.68	-9.91	-4.66
11:29:57.426406	0.08	-10.32	-0.31	-0.9500000000000001	-10.34	1.1500000000000001	0.44	-10.81	2.16	2.4	-10.14	-1.6300000000000001
11:29:57.436475	0.0	-10.64	-0.26	-1.1300000000000001	-10.42	1.28	1.21	-10.63	2.04	1.81	-11.450000000000001	-4.14
11:29:57.446596	-0.09	-10.89	-0.18	-0.98	-10.61	1.42	1.2	-10.71	2.58	0.11	-10.01	-4.38
11:29:57.456704	-0.41000000000000003	-10.98	-0.03	-1.83	-10.57	1.41	0.22	-11.22	2.07	3.63	-10.32	-4.41
11:29:57.466833	-0.62	-11.200000000000001	-0.02	-1.86	-10.620000000000001	1.28	0.13	-10.77	1.32	4.07	-10.290000000000001	-3.06
11:29:57.476940	-0.86	-11.24	0.05	-1.81	-10.47	1.27	0.26	-10.64	1.23	1.5	-10.64	-4.66
11:29:57.487001	-1.02	-11.21	0.08	-1.43	-10.65	1.55	0.01	-10.71	1.55	4.24	-9.85	-5.36
11:29:57.497106	-1.19	-11.23	0.19	-1.21	-10.63	1.11	-0.19	-10.86	0.77	4.84	-10.51	-3.98
11:29:57.507179	-1.26	-11.03	0.21	-0.8200000000000001	-10.43	1.17	0.59	-10.25	0.59	3.66	-9.77	-3.0300000000000002
11:29:57.517820	-1.3	-10.96	0.17	-0.63	-10.52	1.07	0.5700000000000001	-10.36	0.97	2.84	-10.63	-5.39
11:29:57.527921	-1.29	-10.59	0.18	-0.13	-10.75	0.87	0.51	-10.47	1.08	2.83	-10.35	-5.55
11:29:57.538011	-1.33	-10.39	0.11	-0.01	-10.59	0.64	0.48	-10.63	0.87	1.6400000000000001	-10.290000000000001	-3.39
11:29:57.548131	-1.29	-10.09	0.14	0.11	-10.32	0.73	1.02	-10.05	0.54	1.6400000000000001	-10.290000000000001	-3.39
11:29:57.558835	-1.26	-10.040000000000001	0.15	0.33	-10.36	0.75	0.8200000000000001	-9.950000000000001	1.07	1.4000000000000001	-10.78	-5.12
11:29:57.569020	-1.37	-9.82	0.23	0.14	-10.15	0.75	0.6	-10.22	0.51	1.97	-10.24	-2.77
11:29:57.579161	-1.32	-9.700000000000001	0.24	0.14	-9.93	0.71	0.48	-9.99	0.51	1.31	-9.9	-3.8200000000000003
11:29:57.589651	-1.32	-9.700000000000001	0.24	0.21	-9.8	0.58	0.81	-9.85	0.49	1.31	-9.9	-3.8200000000000003
11:29:57.600093	-1.02	-9.71	0.42	0.21	-9.89	0.71	1.1300000000000001	-10.68	-0.31	2.86	-10.31	-5.54
11:29:57.610197	-0.51	-9.9	0.8300000000000001	0.59	-11.0	0.45	1.1300000000000001	-10.68	-0.31	2.86	-10.31	-5.54
11:29:57.620874	0.13	-10.790000000000001	1.72	0.78	-11.23	0.47000000000000003	0.7000000000000001	-11.14	-0.54	2.86	-10.31	-5.54
11:29:57.631118	-0.12	-11.21	2.12	0.56	-11.11	0.8300000000000001	0.71	-10.56	-0.9500000000000001	2.86	-10.31	-5.54
11:29:57.641643	-0.47000000000000003	-11.5	2.49	-0.04	-11.26	0.86	-0.9400000000000001	-10.32	-0.45	2.86	-10.31	-5.54
11:29:57.652116	-0.88	-11.63	2.57	-0.54	-11.120000000000001	0.66	-1.31	-11.16	-1.32	1.73	-12.73	-5.3
11:29:57.662250	-1.34	-11.370000000000001	2.04	-0.93	-11.06	0.27	-1.56	-11.4	-2.02	0.42	-13.35	-2.99
11:29:57.672708	-0.8300000000000001	-11.06	1.37	-1.25	-10.93	-0.12	-1.41	-11.09	-1.92	0.48	-14.85	-3.7
11:29:57.682837	0.23	-10.6	0.65	-1.44	-10.6	-0.8200000000000001	-2.1	-11.19	-0.48	-0.7000000000000001	-15.48	-3.88
11:29:57.693610	3.14	-9.370000000000001	-1.24	-1.6	-10.43	-1.1400000000000001	-1.8800000000000001	-11.28	-1.08	-0.9	-16.46	0.08
11:29:57.703704	3.14	-9.370000000000001	-1.24	-2.14	-10.200000000000001	-1.34	-1.94	-12.08	-3.54	2.08	-17.18	-0.26
11:29:57.713772	3.24	-9.120000000000001	-1.56	-2.72	-9.74	-1.28	0.74	-13.450000000000001	-5.99	5.92	-15.94	-0.6
11:29:57.723851	3.04	-8.88	-1.79	-2.52	-9.05	-0.96	2.34	-12.42	-3.5	6.72	-14.33	-0.27
11:29:57.734141	2.92	-8.38	-1.86	-2.45	-8.93	-0.56	3.15	-11.63	-1.09	5.83	-13.120000000000001	-2.67
11:29:57.744240	2.95	-8.13	-1.3800000000000001	-2.5	-9.05	-0.3	2.72	-10.13	0.29	5.05	-10.23	-7.45
11:29:57.754374	2.56	-8.13	-0.96	-2.82	-9.39	-0.76	1.2	-10.15	3.64	6.26	-10.68	-10.09
11:29:57.764495	1.59	-8.53	0.07	-2.7800000000000002	-9.950000000000001	0.0	0.38	-11.06	6.13	7.63	-9.08	-8.93
11:29:57.775106	1.23	-8.88	0.62	-2.05	-10.64	0.36	0.07	-11.63	7.66	6.84	-4.41	-4.57
11:29:57.785268	0.91	-9.3	1.11	-2.34	-11.35	0.89	0.53	-10.870000000000001	7.95	-9.73	4.53	12.370000000000001
11:29:57.795333	0.78	-9.68	1.6300000000000001	-1.48	-12.18	0.96	0.72	-9.94	7.51	-9.73	4.53	12.370000000000001
11:29:57.805408	0.44	-10.33	2.12	-1.8800000000000001	-12.94	2.12	0.87	-9.91	6.38	-7.65	-1.92	10.73
11:29:57.815486	0.26	-10.42	2.13	-1.81	-12.950000000000001	1.52	1.28	-10.36	4.32	6.32	-12.5	6.9
11:29:57.825579	0.13	-10.41	1.94	-2.4	-12.33	1.6600000000000001	1.1400000000000001	-9.93	3.06	4.8100000000000005	-14.24	1.36
11:29:57.835659	0.19	-10.31	1.67	-2.27	-11.74	1.26	1.69	-9.17	3.58	-0.17	-10.1	5.43
11:29:57.845725	0.35000000000000003	-10.15	1.1	-1.52	-11.08	0.66	1.75	-8.17	4.75	-3.22	-4.18	6.99
11:29:57.855795	0.39	-10.05	0.87	-1.07	-10.77	0.33	1.51	-8.32	5.33	3.9	-2.45	8.01
11:29:57.865865	0.43	-9.93	0.73	-0.9	-10.3	0.46	1.12	-7.98	4.94	6.65	-6.67	5.46
11:29:57.875938	0.46	-9.870000000000001	0.51	-0.62	-10.02	0.07	0.62	-7.68	4.5600000000000005	3.13	-8.52	4.47
11:29:57.886019	0.45	-9.58	0.27	-0.68	-9.870000000000001	0.0	0.3	-7.61	4.59	-0.8	-11.11	3.7
11:29:57.896090	0.52	-9.44	0.19	-0.89	-9.76	-0.01	-0.66	-7.0600000000000005	5.47	-0.8	-11.11	3.7
11:29:57.906168	0.49	-9.32	0.18	-1.19	-9.3	-0.04	-0.79	-7.01	5.45	0.43	-6.3	3.34
11:29:57.916239	0.35000000000000003	-9.22	0.34	-1.73	-8.64	-0.14	-0.88	-6.63	5.5200000000000005	1.43	-7.0200000000000005	3.04
11:29:57.926312	0.14	-9.16	0.53	-1.86	-8.36	-0.14	-0.7000000000000001	-7.04	5.74	0.22	-9.9	1.44
11:29:57.936392	-0.01	-9.13	0.64	-1.8	-8.11	-0.46	-0.87	-7.48	5.78	-0.33	-10.66	0.43
11:29:57.946905	0.0	-9.040000000000001	0.8	-1.94	-7.73	-0.47000000000000003	-1.1	-7.65	5.74	-0.38	-11.26	-0.62
11:29:57.956984	-0.06	-8.89	1.11	-2.15	-7.28	-0.52	-0.97	-7.5200000000000005	6.12	0.0	-11.46	-1.07
11:29:57.967110	-0.18	-8.88	1.25	-2.5500000000000003	-7.36	-0.45	-0.79	-7.84	5.95	-0.3	-13.38	-2.41
11:29:57.977778	-0.27	-8.76	1.33	-2.56	-7.29	-0.4	-0.28	-7.99	5.68	0.14	-13.59	-3.18
11:29:57.987969	-0.31	-8.72	1.36	-2.65	-7.0200000000000005	-0.43	0.39	-8.24	5.55	0.91	-13.120000000000001	-3.46
11:29:57.998067	-0.28	-8.58	1.1500000000000001	-2.4	-6.86	-0.76	0.93	-8.790000000000001	5.33	0.91	-13.120000000000001	-3.46
11:29:58.008160	-0.18	-8.52	0.99	-2.14	-6.83	-0.91	0.6	-9.02	5.23	2.85	-13.83	-5.45
11:29:58.018234	-0.02	-8.46	0.79	-1.7	-6.84	-0.99	0.17	-9.15	5.23	3.2600000000000002	-14.21	-5.96
11:29:58.028337	0.11	-8.52	0.53	-1.18	-6.91	-1.23	-0.29	-9.26	5.09	3.38	-14.38	-6.390000000000001
11:29:58.038945	0.15	-8.59	0.21	-0.46	-7.09	-1.8	-0.53	-9.32	5.19	3.17	-14.24	-6.48
11:29:58.049101	0.12	-8.67	0.09	-0.13	-7.23	-2.25	-0.6	-9.09	5.48	2.5100000000000002	-14.030000000000001	-6.47
11:29:58.059230	0.08	-8.76	0.05	0.24	-7.3500000000000005	-2.58	-0.33	-9.93	4.82	2.63	-14.620000000000001	-6.82
11:29:58.069865	0.02	-8.9	0.13	0.4	-7.34	-2.91	0.11	-10.31	4.39	3.7600000000000002	-14.65	-8.16
11:29:58.080002	-0.09	-9.21	0.38	0.71	-7.45	-3.18	0.44	-10.49	4.1	4.07	-14.370000000000001	-8.700000000000001
11:29:58.090132	-0.19	-9.28	0.58	1.02	-7.59	-3.27	0.5	-10.26	3.93	4.5	-14.370000000000001	-9.71
11:29:58.100222	-0.23	-9.34	0.78	1.02	-7.59	-3.27	0.05	-10.32	3.09	5.08	-14.22	-10.540000000000001
11:29:58.110346	-0.36	-9.42	1.04	1.16	-7.86	-3.14	-0.26	-10.200000000000001	2.73	4.83	-14.030000000000001	-11.98
11:29:58.120977	-0.36	-9.41	1.19	1.69	-8.63	-2.89	-0.54	-10.290000000000001	2.46	4.71	-13.51	-12.66
11:29:58.131130	-0.27	-9.43	1.27	1.71	-8.93	-3.06	-0.85	-9.85	1.95	4.49	-12.950000000000001	-13.19
11:29:58.141272	-0.17	-9.49	1.35	1.61	-9.22	-3.2	-0.89	-9.88	1.67	4.32	-12.65	-13.93
11:29:58.151392	0.0	-9.72	1.29	1.35	-9.82	-3.77	-0.76	-9.99	1.34	3.44	-11.28	-14.82
11:29:58.162079	-0.04	-9.93	1.21	1.18	-10.14	-3.95	-0.8300000000000001	-9.48	1.23	2.66	-11.14	-15.21
11:29:58.172199	-0.13	-10.200000000000001	1.1300000000000001	0.9400000000000001	-10.52	-4.16	-1.19	-8.82	1.01	1.8900000000000001	-10.83	-15.47
11:29:58.182272	-0.34	-10.47	1.01	0.87	-10.82	-4.55	-1.55	-8.46	0.58	1.73	-10.03	-16.14
11:29:58.192351	-0.71	-11.01	0.8300000000000001	0.71	-11.3	-4.92	-1.75	-8.32	0.4	1.67	-9.73	-16.19
11:29:58.203087	-0.98	-11.36	0.71	0.7000000000000001	-11.28	-4.82	-1.19	-8.36	0.52	1.56	-9.6	-16.080000000000002
11:29:58.213178	-0.99	-11.540000000000001	0.77	0.7000000000000001	-11.38	-4.68	-0.79	-8.46	0.62	1.55	-9.64	-15.74
11:29:58.223775	-1.17	-11.69	0.71	0.58	-11.040000000000001	-4.6000000000000005	-0.49	-8.6	0.56	1.55	-9.64	-15.74
11:29:58.233912	-1.52	-11.78	0.66	0.41000000000000003	-10.65	-4.51	-0.27	-8.66	0.59	1.96	-9.120000000000001	-13.64
11:29:58.243996	-1.71	-11.75	0.73	0.37	-10.27	-4.15	-0.08	-8.5	0.91	2.6	-8.98	-12.84
11:29:58.254068	-1.8800000000000001	-11.56	0.76	0.36	-9.86	-3.62	-0.04	-8.66	0.98	2.79	-9.08	-12.0
11:29:58.264138	-1.57	-10.73	0.79	0.12	-9.1	-2.75	0.07	-8.78	1.1300000000000001	6.0	-14.08	-10.85
11:29:58.274221	-1.45	-10.6	0.77	0.03	-8.88	-2.69	0.14	-9.16	1.48	6.73	-9.85	-12.74
11:29:58.284289	-1.37	-10.28	0.76	-0.02	-8.64	-2.86	-0.21	-9.03	1.9000000000000001	2.45	-4.45	-8.5
11:29:58.294364	-1.05	-9.77	0.5700000000000001	0.0	-8.38	-3.0100000000000002	-0.72	-9.14	2.5	2.45	-4.45	-8.5
11:29:58.304436	-0.48	-9.71	0.52	0.17	-7.41	-2.5100000000000002	-0.93	-9.59	3.04	4.43	-14.26	4.92
11:29:58.314605	0.2	-10.040000000000001	0.35000000000000003	0.16	-7.62	-1.78	-0.47000000000000003	-13.74	-3.5500000000000003	0.0	-19.740000000000002	21.38
11:29:58.325249	0.54	-10.73	-0.1	0.12	-9.84	-0.75	-0.6	-15.950000000000001	-10.25	2.98	-23.72	23.44
11:29:58.335347	0.9	-12.19	-1.01	-0.38	-12.16	-0.17	-0.96	-16.1	-8.32	9.26	-8.58	-8.83
11:29:58.345424	0.98	-12.64	-1.51	-0.85	-12.57	-1.99	1.2	-10.72	0.23	3.83	-4.5200000000000005	-16.080000000000002
11:29:58.355493	0.9400000000000001	-12.75	-1.86	-1.26	-12.56	-1.82	0.32	-10.38	2.57	-7.36	-7.5	-6.92
11:29:58.365561	0.87	-12.44	-1.9100000000000001	-0.8	-13.23	-1.41	-1.79	-10.89	1.44	-4.38	-10.53	1.69
11:29:58.375650	0.84	-10.93	-1.16	0.25	-13.71	-3.22	-3.14	-10.700000000000001	0.33	-4.38	-10.53	1.69
11:29:58.385726	0.5700000000000001	-10.11	-0.63	-0.55	-9.08	-4.62	-1.08	-8.49	1.9000000000000001	6.94	-7.96	-2.42
11:29:58.396206	0.3	-9.43	-0.03	-2.23	-7.16	-1.8900000000000001	0.26	-9.0	0.97	-0.54	-8.8	0.31
11:29:58.406269	0.26	-8.91	0.47000000000000003	-3.24	-6.640000000000001	0.75	1.44	-9.23	1.11	1.51	-9.07	-1.85
11:29:58.416342	0.63	-8.700000000000001	1.29	-3.38	-7.12	0.8200000000000001	3.12	-10.23	0.97	0.74	-8.45	-2.74
11:29:58.426414	0.68	-8.63	1.55	-1.73	-8.03	0.9	2.2600000000000002	-11.4	1.1500000000000001	0.74	-8.45	-2.74
11:29:58.436488	0.73	-8.64	1.62	-0.5	-8.31	1.2	0.8300000000000001	-11.14	1.06	1.11	-11.700000000000001	-2.12
11:29:58.446607	0.97	-8.700000000000001	1.6300000000000001	0.52	-8.6	1.33	-0.36	-9.76	0.9500000000000001	0.39	-8.76	-2.14
11:29:58.456691	1.73	-8.88	1.45	1.48	-9.3	1.23	-0.13	-8.620000000000001	1.48	-0.62	-9.07	-2.56
11:29:58.466766	1.95	-8.950000000000001	1.21	3.08	-10.39	1.34	0.11	-9.040000000000001	1.44	-0.62	-9.07	-2.56
11:29:58.476839	2.11	-9.09	0.93	3.23	-10.76	1.17	0.45	-10.0	1.25	-0.62	-9.07	-2.56
11:29:58.486914	2.0100000000000002	-9.4	0.19	2.67	-10.63	1.02	1.29	-10.1	0.66	1.93	-9.27	-1.47
11:29:58.497037	1.78	-9.51	-0.25	1.41	-10.1	0.9	1.28	-10.16	0.22	1.93	-9.27	-1.47
11:29:58.507103	1.59	-9.59	-0.68	-0.09	-9.5	0.77	1.17	-10.17	-0.25	1.92	-10.63	-1.08
11:29:58.517177	1.44	-9.64	-1.05	-0.42	-9.59	0.24	1.1300000000000001	-10.22	-0.43	2.0	-10.81	-3.54
11:29:58.527243	1.23	-9.48	-1.37	-0.75	-9.28	-0.15	1.5	-9.5	1.01	0.99	-8.83	-2.33
11:29:58.537374	1.1400000000000001	-9.39	-1.32	-1.09	-8.53	-0.24	1.27	-9.66	1.08	1.0	-8.72	-1.77
11:29:58.547641	0.98	-9.35	-1.17	-1.19	-9.16	-1.01	0.9500000000000001	-9.700000000000001	0.98	1.0	-8.72	-1.77
11:29:58.557712	0.8300000000000001	-9.43	-1.04	-1.1500000000000001	-9.64	-0.96	0.45	-9.91	0.92	1.0	-8.72	-1.77
11:29:58.567799	0.47000000000000003	-9.58	-0.64	-1.26	-9.65	-0.51	0.45	-10.14	1.11	0.9400000000000001	-9.65	-3.91
11:29:58.578084	0.23	-9.540000000000001	-0.47000000000000003	-1.1500000000000001	-9.82	-0.06	0.34	-10.31	0.93	1.29	-9.92	-1.8900000000000001
11:29:58.588580	0.05	-9.47	-0.35000000000000003	-0.8300000000000001	-9.78	-0.01	0.7000000000000001	-9.53	0.43	1.29	-9.92	-1.8900000000000001
11:29:58.599241	0.0	-9.4	-0.21	-0.56	-9.56	0.17	1.35	-9.370000000000001	0.54	1.29	-9.92	-1.8900000000000001
11:29:58.610043	0.14	-9.16	-0.02	-0.37	-9.36	0.34	1.6	-9.370000000000001	0.53	1.36	-9.64	-0.53
11:29:58.620616	0.1	-9.1	0.13	0.4	-9.38	0.44	1.8900000000000001	-10.08	-0.36	1.92	-9.67	-1.8
11:29:58.631185	0.26	-9.02	0.13	1.02	-9.47	0.59	2.32	-9.86	-0.1	1.1400000000000001	-8.98	-3.4
11:29:58.641275	0.19	-8.92	0.07	1.26	-9.36	0.74	2.24	-9.4	0.36	1.1400000000000001	-8.98	-3.4
11:29:58.651707	0.23	-8.9	0.01	1.26	-9.36	0.74	1.67	-9.15	0.7000000000000001	1.22	-9.63	-0.45
11:29:58.661819	0.14	-8.91	-0.09	1.36	-9.53	0.9400000000000001	0.23	-9.71	0.41000000000000003	1.33	-9.93	-2.49
11:29:58.672497	0.11	-8.97	-0.14	1.26	-9.700000000000001	0.88	0.61	-9.56	0.34	1.45	-9.14	-4.1
11:29:58.682564	0.0	-9.28	-0.21	1.24	-9.700000000000001	0.75	0.62	-9.46	0.52	1.82	-8.94	-2.86
11:29:58.692671	-0.02	-9.36	-0.23	0.79	-9.77	0.52	0.67	-10.120000000000001	0.52	2.23	-9.74	-0.37
11:29:58.702837	-0.09	-9.44	-0.2	0.71	-9.790000000000001	0.48	1.1	-10.0	0.41000000000000003	1.4000000000000001	-9.33	-3.59
11:29:58.712905	-0.15	-9.49	-0.18	0.38	-9.74	0.51	1.52	-9.72	0.27	1.3800000000000001	-9.22	-4.34
11:29:58.723512	-0.24	-9.6	0.0	0.14	-9.61	0.47000000000000003	1.2	-9.72	1.42	1.3800000000000001	-9.22	-4.34
11:29:58.733604	-0.39	-9.56	0.07	-0.53	-9.540000000000001	0.28	0.71	-10.14	1.1	2.13	-9.8	-1.26
11:29:58.743695	-0.36	-9.52	0.1	-0.72	-9.57	0.24	0.45	-10.0	1.1	1.03	-9.1	-3.6
11:29:58.753828	-0.3	-9.49	0.13	-0.9400000000000001	-9.55	0.18	0.26	-9.66	1.22	1.28	-9.24	-4.62
11:29:58.763910	-0.22	-9.43	0.08	-1.28	-9.33	0.34	0.01	-9.77	1.95	1.83	-8.950000000000001	-1.9000000000000001
11:29:58.773985	-0.17	-9.33	-0.02	-1.24	-9.52	0.47000000000000003	0.02	-10.38	1.09	1.94	-9.91	-2.27
11:29:58.784058	-0.07	-9.23	-0.08	-1.34	-9.56	0.64	0.4	-9.96	1.23	1.4000000000000001	-9.26	-4.05
11:29:58.794128	0.01	-9.26	-0.17	-1.5	-9.64	0.89	0.6	-9.83	2.2	1.4000000000000001	-9.26	-4.05
11:29:58.804698	0.16	-9.28	-0.47000000000000003	-1.41	-9.700000000000001	1.22	0.35000000000000003	-10.38	1.37	1.77	-9.4	-1.81
11:29:58.814803	0.23	-9.27	-0.64	-1.47	-9.89	1.55	0.23	-10.43	1.1500000000000001	1.77	-9.4	-1.81
11:29:58.824870	0.28	-9.34	-0.6900000000000001	-1.42	-9.93	1.6400000000000001	0.6	-9.870000000000001	1.62	1.26	-9.83	-4.33
11:29:58.834979	0.24	-9.48	-0.77	-1.16	-10.01	1.72	0.53	-10.07	2.07	1.26	-9.83	-4.33
11:29:58.845086	0.16	-9.59	-0.8200000000000001	-0.64	-10.07	1.67	0.39	-10.63	1.3	2.36	-9.67	-1.75
11:29:58.855204	0.13	-9.72	-0.8200000000000001	-0.96	-10.21	1.1400000000000001	0.49	-10.67	1.44	1.23	-10.8	-4.5
11:29:58.865314	0.08	-10.14	-0.75	-0.88	-10.33	1.0	1.05	-10.4	1.51	0.23	-11.44	-5.32
11:29:58.875944	0.05	-10.4	-0.66	-1.18	-10.16	0.97	1.53	-10.370000000000001	1.59	-0.51	-9.66	-4.24
11:29:58.886012	-0.14	-10.61	-0.49	-1.1400000000000001	-10.59	0.54	1.07	-11.07	1.08	1.93	-10.39	-1.58
11:29:58.896091	-0.05	-10.57	-0.3	-1.19	-10.9	0.91	0.33	-11.15	1.44	1.3800000000000001	-10.98	-5.1000000000000005
11:29:58.906167	-0.52	-11.200000000000001	0.03	-1.01	-10.89	1.1400000000000001	0.24	-10.82	1.1300000000000001	1.87	-11.05	-5.5600000000000005
11:29:58.916284	-0.78	-11.290000000000001	0.2	-0.85	-10.76	1.12	0.18	-10.89	0.51	3.7	-10.06	-4.18
11:29:58.926358	-0.78	-11.290000000000001	0.2	-0.98	-10.700000000000001	0.72	-0.25	-11.14	0.1	4.53	-10.290000000000001	-2.58
11:29:58.936917	-1.32	-11.47	0.52	-0.88	-10.74	1.33	0.28	-10.15	-0.13	4.53	-10.290000000000001	-2.58
11:29:58.946994	-1.82	-11.36	0.76	-0.6900000000000001	-10.85	1.26	0.18	-10.31	0.45	4.53	-10.290000000000001	-2.58
11:29:58.957116	-1.95	-11.15	0.74	-0.59	-10.83	0.89	0.36	-10.43	0.08	4.18	-10.65	-4.66
11:29:58.967180	-1.92	-10.93	0.77	0.12	-10.6	0.61	-0.12	-10.82	0.15	2.24	-10.78	-4.8100000000000005
11:29:58.977256	-1.8800000000000001	-10.620000000000001	0.74	0.12	-10.6	0.7000000000000001	0.62	-10.09	0.15	2.24	-10.78	-4.8100000000000005
11:29:58.987348	-1.6300000000000001	-10.11	0.62	-0.04	-10.450000000000001	0.79	0.61	-9.950000000000001	0.9	2.24	-10.78	-4.8100000000000005
11:29:58.997420	-1.46	-9.71	0.56	-0.05	-10.3	0.6	0.74	-10.26	0.35000000000000003	2.15	-10.71	-3.38
11:29:59.007498	-1.32	-9.59	0.52	0.12	-10.01	0.64	0.67	-9.94	0.21	0.88	-11.0	-4.91
11:29:59.017622	-1.17	-9.51	0.46	0.08	-10.05	0.6	0.56	-9.68	0.39	0.73	-10.950000000000001	-5.14
11:29:59.027688	-0.38	-9.39	0.61	-0.01	-10.0	0.38	0.38	-9.700000000000001	0.64	0.73	-10.950000000000001	-5.14
11:29:59.037765	0.27	-9.68	1.09	0.11	-10.14	0.17	0.6900000000000001	-10.19	-0.02	1.9100000000000001	-11.78	-2.5
11:29:59.048331	0.71	-10.44	1.74	0.8	-11.31	0.8	1.7	-10.46	-1.2	2.04	-11.78	-5.71
11:29:59.058464	-0.31	-11.63	2.42	0.98	-11.64	0.9500000000000001	1.17	-10.77	-0.67	-0.47000000000000003	-14.13	-3.33
11:29:59.068648	-1.01	-12.1	2.67	0.75	-11.38	0.89	0.4	-11.15	-1.32	-1.85	-13.02	-4.41
11:29:59.078782	-1.62	-12.4	2.57	0.46	-11.39	0.32	-1.18	-10.74	-1.34	1.08	-15.26	-2.65
11:29:59.088932	-1.8900000000000001	-12.31	2.25	-0.23	-11.43	-0.07	-1.84	-11.36	-2.35	1.08	-15.26	-2.65
11:29:59.099035	-0.16	-10.98	1.11	-0.63	-11.21	-0.25	-1.92	-11.33	-2.09	-1.12	-14.05	-2.64
11:29:59.109774	1.3	-10.21	0.5	-1.06	-10.93	-0.45	-1.77	-11.870000000000001	-0.59	-1.29	-16.57	-0.54
11:29:59.119849	2.5300000000000002	-9.55	-0.12	-1.37	-10.57	-0.77	-1.3900000000000001	-11.67	-2.52	-0.29	-16.7	-0.27
11:29:59.129965	3.5100000000000002	-9.07	-0.66	-1.75	-10.08	-1.09	-0.76	-12.64	-3.95	2.5300000000000002	-18.17	0.53
11:29:59.140343	3.89	-8.540000000000001	-1.31	-2.19	-9.85	-1.2	2.09	-13.450000000000001	-4.14	5.93	-17.55	0.01
11:29:59.150422	3.5100000000000002	-8.39	-1.54	-2.6	-9.49	-0.97	3.4	-12.85	-2.98	6.17	-13.13	-4.05
11:29:59.160529	3.08	-8.25	-1.69	-2.41	-9.33	-0.09	3.65	-10.73	-1.46	4.8500000000000005	-11.02	-7.05
11:29:59.170667	2.91	-8.23	-1.68	-2.58	-9.56	-0.27	3.96	-9.72	0.65	4.88	-8.950000000000001	-7.37
11:29:59.181323	2.81	-8.3	-1.37	-3.35	-9.82	-0.32	2.17	-10.24	6.69	6.13	-7.99	-9.67
11:29:59.191392	2.58	-8.48	-1.0	-2.87	-9.98	-0.09	1.71	-11.27	8.91	1.22	-4.43	0.52
11:29:59.201471	2.02	-8.81	-0.55	-2.88	-11.46	1.29	1.06	-11.450000000000001	8.94	-8.040000000000001	0.38	7.95
11:29:59.211550	1.48	-9.16	-0.05	-1.86	-12.790000000000001	1.44	-0.13	-10.98	6.83	-13.41	3.22	15.18
11:29:59.221620	0.79	-9.950000000000001	0.98	-2.25	-13.41	2.19	-0.1	-11.26	4.88	0.39	-8.72	8.28
11:29:59.231741	0.63	-10.32	1.45	-2.23	-13.16	1.96	-0.19	-11.52	2.64	7.86	-14.120000000000001	6.09
11:29:59.241811	0.6	-10.58	1.84	-2.39	-12.47	1.78	-0.13	-11.040000000000001	2.41	6.71	-13.38	1.93
11:29:59.251887	0.31	-10.450000000000001	2.0300000000000002	-1.93	-12.120000000000001	1.07	0.88	-8.09	4.87	0.76	-8.99	6.0600000000000005
11:29:59.261968	0.23	-10.25	2.0100000000000002	-2.25	-11.24	0.92	1.08	-7.23	5.4	0.52	0.1	7.0200000000000005
11:29:59.272049	0.12	-9.9	1.77	-1.09	-10.41	0.01	1.09	-7.22	5.5200000000000005	3.98	0.8	8.22
11:29:59.282111	0.2	-9.67	1.61	-1.08	-9.97	0.03	0.3	-6.5600000000000005	5.71	5.66	-3.48	6.57
11:29:59.292187	0.28	-9.27	1.32	-0.9	-9.83	0.11	0.09	-6.57	5.2700000000000005	2.32	-5.79	6.19
11:29:59.302304	0.26	-9.15	1.19	-0.86	-9.49	0.24	0.04	-6.72	4.8	-0.55	-12.0	3.75
11:29:59.312414	0.24	-9.040000000000001	0.98	-0.66	-8.92	0.39	-0.26	-6.97	4.57	0.42	-9.93	4.73
11:29:59.322476	0.16	-8.98	0.88	-0.81	-8.790000000000001	0.21	-0.3	-6.57	4.82	-0.23	-7.38	4.21
11:29:59.332664	0.18	-8.84	0.74	-1.12	-8.06	0.23	-0.14	-6.390000000000001	5.49	0.5700000000000001	-7.3500000000000005	3.42
11:29:59.342735	0.05	-8.78	0.75	-1.59	-7.54	-0.03	-0.13	-6.2	5.93	1.24	-8.93	2.16
11:29:59.353375	-0.01	-8.78	0.75	-2.19	-6.91	-0.43	-0.89	-6.8500000000000005	5.58	0.5700000000000001	-9.53	1.81
11:29:59.364080	-0.05	-8.86	0.85	-2.19	-6.91	-0.43	-0.89	-6.8500000000000005	5.58	0.5700000000000001	-9.53	1.81
11:29:59.374211	-0.22	-8.83	1.03	-2.1	-6.5600000000000005	-0.23	-1.36	-7.26	5.84	-0.53	-10.98	1.1400000000000001
11:29:59.384289	-0.29	-8.75	1.03	-2.23	-6.79	-0.18	-1.94	-7.91	5.58	0.49	-13.96	-2.58
11:29:59.394358	-0.28	-8.71	1.05	-2.2800000000000002	-7.0200000000000005	-0.33	-1.71	-8.4	5.72	1.05	-13.75	-3.4
11:29:59.404833	-0.33	-8.69	1.06	-2.2800000000000002	-6.94	-0.23	-1.1500000000000001	-8.64	5.7700000000000005	1.71	-14.0	-4.12
11:29:59.414912	-0.24	-8.6	0.98	-2.48	-6.97	-0.41000000000000003	-0.74	-8.93	5.41	3.04	-14.870000000000001	-5.18
11:29:59.425070	-0.22	-8.59	0.84	-2.34	-6.75	-0.62	-0.17	-9.75	4.89	3.14	-14.93	-5.88
11:29:59.435166	-0.2	-8.59	0.74	-1.83	-6.88	-1.05	0.23	-10.0	4.96	3.4	-14.98	-6.55
11:29:59.445237	-0.18	-8.56	0.47000000000000003	-1.5	-6.93	-1.28	0.61	-9.91	5.13	3.63	-14.82	-7.0600000000000005
11:29:59.455312	-0.2	-8.57	0.42	-1.07	-7.15	-1.6300000000000001	0.55	-9.75	5.0600000000000005	3.24	-14.76	-7.18
11:29:59.465443	-0.15	-8.620000000000001	0.41000000000000003	-0.49	-7.5	-2.22	0.4	-9.85	4.8100000000000005	3.69	-14.58	-7.5
11:29:59.475510	-0.13	-8.68	0.4	0.44	-7.92	-3.19	0.24	-10.11	4.66	4.12	-14.22	-7.7
11:29:59.486096	-0.17	-8.96	0.58	0.71	-8.05	-3.36	-0.06	-10.36	4.55	4.86	-14.96	-8.55
11:29:59.496192	-0.21	-9.14	0.76	1.23	-8.33	-3.67	-0.45	-10.39	3.83	4.8	-14.8	-8.77
11:29:59.506282	-0.24	-9.200000000000001	0.81	1.51	-8.15	-3.59	-0.47000000000000003	-10.63	3.56	4.48	-14.700000000000001	-9.22
11:29:59.516361	-0.36	-9.290000000000001	0.93	2.04	-8.31	-3.5700000000000003	-0.27	-10.39	3.1	4.39	-14.76	-9.950000000000001
11:29:59.526476	-0.34	-9.32	1.03	2.02	-8.31	-3.24	-0.13	-10.24	2.65	3.86	-14.19	-11.02
11:29:59.537040	-0.32	-9.39	1.1500000000000001	2.17	-8.41	-3.0	-0.13	-10.28	1.81	3.56	-13.77	-11.31
11:29:59.547109	-0.34	-9.43	1.1400000000000001	1.9000000000000001	-8.82	-2.8000000000000003	-0.33	-9.94	1.67	3.3200000000000003	-13.6	-11.81
11:29:59.557224	-0.44	-9.77	1.26	1.69	-9.21	-3.12	-0.6	-10.120000000000001	1.16	3.31	-13.370000000000001	-12.48
11:29:59.567378	-0.51	-9.94	1.3	1.53	-9.51	-3.41	-1.25	-9.620000000000001	1.04	3.23	-11.93	-13.39
11:29:59.577495	-0.55	-10.19	1.32	1.32	-9.77	-3.72	-1.43	-9.200000000000001	0.99	2.74	-11.36	-13.92
11:29:59.587613	-0.62	-10.450000000000001	1.26	0.89	-10.44	-3.68	-1.6300000000000001	-8.66	0.58	2.3000000000000003	-10.74	-14.39
11:29:59.597679	-0.8200000000000001	-10.85	1.1300000000000001	0.73	-10.77	-3.9	-1.81	-8.290000000000001	0.08	2.5500000000000003	-10.31	-14.96
11:29:59.607777	-0.6900000000000001	-11.01	1.18	0.71	-11.05	-4.18	-1.24	-8.11	-0.17	2.81	-9.5	-15.65
11:29:59.617910	-0.8	-11.13	1.05	0.75	-11.21	-4.43	-0.73	-8.16	-0.18	2.67	-9.6	-15.82
11:29:59.628463	-0.72	-11.3	1.12	0.58	-11.09	-4.9	-0.23	-8.26	-0.29	2.36	-9.61	-15.84
11:29:59.638558	-0.86	-11.72	1.12	0.51	-10.950000000000001	-5.05	0.61	-8.36	-0.13	1.37	-9.15	-14.030000000000001
11:29:59.648649	-1.12	-11.74	1.11	0.5	-11.07	-5.0	0.7000000000000001	-8.47	0.45	1.19	-9.38	-13.17
11:29:59.659291	-1.34	-11.66	1.19	0.36	-11.25	-4.96	0.7000000000000001	-8.55	0.76	1.19	-9.38	-13.17
11:29:59.669405	-1.73	-11.35	1.08	-0.22	-10.85	-4.49	0.6	-8.870000000000001	0.9500000000000001	1.98	-11.28	-10.36
11:29:59.679494	-1.68	-11.17	0.99	-0.1	-10.47	-4.38	0.3	-9.44	1.67	5.6000000000000005	-14.540000000000001	-11.81
11:29:59.689563	-1.53	-10.950000000000001	0.85	-0.26	-9.72	-3.72	0.33	-9.48	1.83	5.64	-8.88	-12.09
11:29:59.699636	-1.46	-10.66	0.7000000000000001	-0.29	-9.01	-2.97	-0.29	-8.870000000000001	2.7	2.25	-4.76	-8.18
11:29:59.709784	-1.32	-9.93	0.5700000000000001	-0.23	-7.54	-1.45	-0.64	-9.19	2.79	4.61	-10.8	-1.1500000000000001
11:29:59.719906	-0.8	-9.75	0.6900000000000001	-0.17	-7.17	-1.37	-0.61	-11.07	1.01	3.8200000000000003	-16.19	9.0
11:29:59.730477	-0.01	-10.1	0.6900000000000001	-0.18	-7.26	-1.45	-0.5700000000000001	-14.9	-4.93	3.09	-23.48	24.78
11:29:59.740578	0.23	-11.07	0.39	-0.08	-8.61	-1.22	-2.12	-16.79	-6.65	10.77	-13.52	-10.91
11:29:59.750679	0.15	-12.780000000000001	-0.49	-0.18	-12.51	-0.56	-0.53	-12.540000000000001	-0.76	8.19	-5.26	-12.05
11:29:59.761183	0.31	-13.16	-0.8200000000000001	-0.18	-12.51	-0.56	-0.37	-10.15	1.9100000000000001	-4.73	-6.15	-11.94
11:29:59.771473	0.58	-13.09	-0.96	-0.03	-12.200000000000001	-1.6300000000000001	-4.64	-10.44	1.71	-8.49	-8.81	-1.75
11:29:59.781566	0.7000000000000001	-12.64	-1.06	-0.84	-13.51	-3.0100000000000002	-5.42	-10.540000000000001	0.6900000000000001	6.88	-10.76	0.74
11:29:59.791698	0.67	-11.0	-0.41000000000000003	-0.88	-12.24	-4.18	-4.33	-9.25	2.41	4.67	-7.25	-3.48
11:29:59.801800	0.53	-10.02	0.07	-1.53	-9.77	-3.6	-1.72	-8.74	2.27	-0.16	-7.05	0.81
11:29:59.812390	0.37	-9.23	0.55	-2.67	-8.09	-1.42	1.79	-9.5	0.13	0.46	-9.59	0.31
11:29:59.822535	0.36	-8.78	0.9500000000000001	-4.32	-6.67	0.49	4.12	-9.370000000000001	0.25	0.99	-8.290000000000001	-2.05
11:29:59.832607	0.63	-8.67	1.3900000000000001	-3.56	-6.67	0.32	5.01	-10.28	0.37	-0.33	-8.57	-3.19
11:29:59.842734	0.64	-8.71	1.42	-2.05	-7.0200000000000005	0.41000000000000003	2.77	-10.86	0.67	-0.36	-10.120000000000001	-0.46
11:29:59.852830	0.64	-8.65	1.42	-0.17	-7.53	0.96	0.51	-9.51	0.22	1.44	-12.11	-1.12
11:29:59.863349	1.1400000000000001	-8.59	1.23	2.73	-9.370000000000001	1.77	-0.19	-8.72	1.02	-0.06	-8.870000000000001	-2.57
11:29:59.873469	1.59	-8.58	1.12	3.74	-10.1	1.6300000000000001	0.22	-8.290000000000001	1.74	-0.19	-9.11	-2.84
11:29:59.883585	2.06	-8.6	0.9400000000000001	4.17	-10.68	1.78	0.74	-9.78	1.01	0.3	-9.36	0.22
11:29:59.893700	2.31	-8.81	0.73	4.18	-11.14	1.56	1.16	-10.290000000000001	0.58	1.52	-8.3	-2.52
11:29:59.904327	2.17	-9.38	0.19	1.74	-10.05	1.44	1.69	-10.3	0.27	1.93	-9.200000000000001	-2.54
11:29:59.914399	1.85	-9.540000000000001	-0.17	0.49	-9.700000000000001	1.19	1.48	-10.27	-0.46	1.68	-9.43	-2.64
11:29:59.924478	1.51	-9.72	-0.51	-0.08	-9.66	0.49	1.19	-10.26	-0.61	1.85	-10.9	-1.0
11:29:59.934581	1.36	-9.81	-0.79	-0.8200000000000001	-9.43	-0.4	1.21	-9.92	-0.21	1.33	-9.42	-3.7
11:29:59.944654	1.24	-9.67	-1.1400000000000001	-1.1400000000000001	-9.040000000000001	-0.39	1.3	-9.53	0.72	1.03	-8.83	-3.18
11:29:59.954727	1.11	-9.61	-1.1300000000000001	-1.48	-8.700000000000001	-0.86	0.4	-9.71	1.16	0.97	-8.96	-2.48
11:29:59.965126	0.98	-9.61	-1.04	-1.81	-9.66	-1.74	0.01	-9.99	0.61	1.85	-9.620000000000001	-0.06
11:29:59.975270	0.74	-9.700000000000001	-0.92	-2.09	-9.75	-0.56	-0.31	-10.16	0.89	1.17	-9.6	-3.65
11:29:59.985342	0.21	-9.72	-0.65	-1.9000000000000001	-9.870000000000001	-0.35000000000000003	0.14	-10.33	1.1300000000000001	0.91	-9.200000000000001	-3.56
11:29:59.995446	0.05	-9.69	-0.52	-1.5	-9.85	-0.26	0.15	-10.25	0.91	1.42	-9.65	-2.13
11:30:00.005519	-0.05	-9.6	-0.37	-1.18	-9.73	-0.16	0.22	-9.870000000000001	0.47000000000000003	1.5	-9.58	-3.36
11:30:00.015596	-0.03	-9.450000000000001	-0.23	-0.48	-9.290000000000001	0.29	0.5700000000000001	-9.55	0.36	1.26	-9.0	-2.31
11:30:00.025701	0.1	-9.15	-0.03	-0.05	-9.120000000000001	0.58	1.5	-9.64	0.54	1.48	-8.71	-3.62
11:30:00.035801	0.13	-9.03	0.06	0.38	-9.15	0.73	1.6500000000000001	-9.63	0.42	1.53	-9.540000000000001	-1.16
11:30:00.045914	0.11	-8.89	0.1	0.71	-9.34	0.8200000000000001	1.6500000000000001	-9.77	0.2	1.4000000000000001	-8.89	-3.69
11:30:00.056018	-0.03	-8.8	0.07	1.2	-9.290000000000001	0.72	2.05	-9.48	0.5700000000000001	1.1300000000000001	-8.870000000000001	-3.2
11:30:00.066090	0.0	-8.83	0.08	1.42	-9.06	0.72	1.82	-9.4	0.66	1.22	-8.82	-2.7
11:30:00.076184	-0.17	-8.83	-0.03	1.7	-9.43	0.53	1.11	-9.61	0.73	1.61	-9.51	-1.06
11:30:00.086278	-0.53	-9.14	-0.1	1.8900000000000001	-9.66	0.49	0.4	-9.84	0.67	1.47	-9.200000000000001	-3.42
11:30:00.096354	-0.65	-9.26	-0.03	1.48	-9.620000000000001	0.43	0.18	-9.700000000000001	0.9	1.55	-9.0	-3.68
11:30:00.106439	-0.76	-9.24	0.02	1.28	-9.48	0.28	-0.3	-9.74	1.05	1.95	-8.98	-2.35
11:30:00.116511	-0.74	-9.39	0.16	1.03	-9.53	0.12	-0.5700000000000001	-10.08	0.46	2.31	-9.8	-0.92
11:30:00.126658	-0.73	-9.65	0.28	0.8	-9.64	0.06	1.35	-9.790000000000001	-0.48	1.85	-9.28	-3.87
11:30:00.136762	-0.7000000000000001	-9.68	0.31	-0.01	-9.57	-0.2	1.76	-9.65	-0.38	1.87	-9.08	-3.98
11:30:00.147406	-0.59	-9.58	0.34	-0.42	-9.49	-0.08	1.4000000000000001	-9.75	-0.06	2.16	-9.09	-1.6300000000000001
11:30:00.157511	-0.51	-9.53	0.33	-0.49	-9.64	-0.2	0.85	-10.05	0.0	1.9000000000000001	-9.69	-4.54
11:30:00.167717	-0.39	-9.370000000000001	0.18	-0.65	-9.64	-0.09	0.96	-9.49	0.11	1.11	-9.05	-3.72
11:30:00.177842	-0.31	-9.290000000000001	0.14	-0.98	-9.14	-0.01	0.39	-9.33	0.4	0.86	-9.09	-3.92
11:30:00.187910	-0.26	-9.22	0.04	-0.91	-9.36	-0.01	0.1	-9.450000000000001	1.04	1.41	-9.49	-0.99
11:30:00.198022	-0.19	-9.25	-0.06	-0.9500000000000001	-9.58	0.15	0.39	-9.83	-0.33	1.46	-9.88	-4.7700000000000005
11:30:00.208831	-0.1	-9.34	-0.29	-1.04	-9.68	0.54	0.81	-9.68	-0.03	1.48	-9.14	-4.05
11:30:00.219026	-0.11	-9.290000000000001	-0.41000000000000003	-1.25	-9.68	0.86	1.1	-9.290000000000001	1.43	1.79	-9.3	-0.81
11:30:00.229763	-0.06	-9.25	-0.49	-1.1300000000000001	-9.63	0.99	0.17	-9.92	1.07	1.45	-9.65	-4.9
11:30:00.239851	-0.06	-9.31	-0.52	-1.02	-9.72	1.04	0.67	-9.39	1.75	1.07	-9.450000000000001	-4.38
11:30:00.249922	-0.08	-9.38	-0.5	-0.4	-9.69	1.52	0.84	-9.44	2.5	1.34	-9.27	-4.2700000000000005
11:30:00.260028	-0.06	-9.450000000000001	-0.48	-0.9	-9.64	1.53	0.6	-10.33	0.9	1.8800000000000001	-10.25	-3.93
11:30:00.272191	-0.06	-9.59	-0.37	-0.9500000000000001	-9.65	1.5	1.33	-9.69	1.23	1.05	-9.91	-4.76
11:30:00.282262	-0.1	-9.96	-0.19	-1.19	-9.85	1.06	1.56	-9.620000000000001	1.22	0.97	-10.16	-5.13
11:30:00.292578	-0.11	-10.16	-0.09	-1.18	-10.17	0.63	1.16	-10.06	1.74	1.73	-10.01	-4.46
11:30:00.302666	-0.24	-10.38	0.01	-1.12	-10.68	0.55	0.27	-11.16	1.98	-0.5700000000000001	-12.44	-4.59
11:30:00.312761	-0.25	-10.27	0.19	-1.18	-10.870000000000001	1.06	0.96	-10.870000000000001	2.07	-1.73	-10.42	-3.7800000000000002
11:30:00.322828	-0.5	-10.99	0.42	-1.08	-10.700000000000001	1.32	1.02	-10.92	2.05	1.92	-10.71	-5.8100000000000005
11:30:00.333056	-0.8	-11.02	0.51	-0.9400000000000001	-10.540000000000001	0.73	-0.29	-11.1	1.73	4.51	-10.25	-4.7700000000000005
11:30:00.343675	-1.06	-11.02	0.61	-1.06	-10.540000000000001	1.05	-0.16	-11.120000000000001	1.2	2.29	-10.58	-4.61
11:30:00.353799	-1.23	-11.07	0.7000000000000001	-0.79	-10.6	1.97	0.17	-10.53	1.01	3.84	-10.24	-5.41
11:30:00.363902	-1.61	-11.19	0.9	-0.74	-10.700000000000001	1.1400000000000001	-0.09	-10.4	1.7	4.92	-10.09	-6.34
11:30:00.373990	-1.76	-11.23	0.9400000000000001	-0.37	-10.64	0.5700000000000001	-0.34	-11.040000000000001	0.85	4.68	-10.09	-4.0200000000000005
11:30:00.384487	-1.85	-11.07	0.97	-0.14	-10.57	0.39	0.02	-10.6	0.84	3.24	-10.85	-5.53
11:30:00.394558	-1.92	-10.94	0.96	0.06	-10.64	0.52	0.54	-10.27	0.56	2.65	-10.76	-5.22
11:30:00.404646	-1.8	-10.450000000000001	0.89	0.0	-10.66	0.5700000000000001	0.51	-10.46	0.61	2.52	-10.56	-5.9
11:30:00.414766	-1.62	-10.35	0.84	-0.02	-10.540000000000001	0.41000000000000003	0.14	-10.74	0.44	1.47	-10.58	-3.85
11:30:00.424855	-1.49	-10.200000000000001	0.76	0.09	-10.33	0.45	0.54	-10.21	0.28	1.05	-11.450000000000001	-5.0600000000000005
11:30:00.434978	-0.97	-10.15	0.67	0.05	-10.35	0.15	0.61	-10.07	0.3	1.37	-11.17	-4.7700000000000005
11:30:00.445107	-0.44	-10.43	0.96	0.29	-10.61	0.47000000000000003	1.1500000000000001	-10.59	-0.32	2.63	-11.120000000000001	-5.0
11:30:00.455180	-0.07	-10.9	1.41	0.5700000000000001	-11.120000000000001	0.55	1.1500000000000001	-10.92	-0.63	2.49	-11.09	-4.33
11:30:00.465248	0.06	-11.63	1.8800000000000001	0.74	-11.55	0.5	1.26	-10.94	-0.63	0.09	-13.530000000000001	-3.7800000000000002
11:30:00.475319	-0.22	-12.09	2.58	0.72	-11.53	0.53	-0.13	-10.52	-0.47000000000000003	-0.84	-12.64	-4.73
11:30:00.485392	-0.66	-11.92	2.68	0.15	-11.49	0.61	-0.7000000000000001	-10.48	-0.51	0.99	-12.280000000000001	-6.0
11:30:00.495464	-1.92	-10.97	2.21	0.0	-11.32	0.59	-1.47	-11.26	-1.02	1.79	-13.02	-2.2600000000000002
11:30:00.505734	-1.37	-10.11	1.01	-0.49	-11.15	0.37	-1.06	-11.120000000000001	-1.9000000000000001	1.01	-13.71	-3.5500000000000003
11:30:00.515850	0.01	-9.74	0.39	-0.56	-10.96	0.03	-1.59	-10.93	-1.34	0.5700000000000001	-14.15	-4.3500000000000005
11:30:00.526488	1.81	-9.3	-0.14	-0.63	-10.700000000000001	-0.9500000000000001	-1.79	-11.4	-1.1500000000000001	-0.27	-15.5	-0.91
11:30:00.536569	3.16	-8.94	-0.68	-0.73	-10.63	-1.27	-1.74	-11.950000000000001	-0.41000000000000003	-1.35	-15.5	-0.52
11:30:00.546641	3.11	-8.82	-1.72	-0.8200000000000001	-10.620000000000001	-1.57	-1.73	-12.530000000000001	-3.5300000000000002	-0.64	-17.48	-0.25
11:30:00.556761	2.71	-8.790000000000001	-1.83	-1.6600000000000001	-10.61	-1.97	-1.34	-13.34	-3.97	0.98	-19.13	-0.08
11:30:00.566835	2.62	-8.65	-1.79	-2.37	-9.26	-1.5	-0.29	-13.46	-4.55	4.28	-16.71	1.6500000000000001
11:30:00.576937	2.82	-8.53	-1.72	-2.45	-8.88	-1.09	1.44	-13.35	-4.54	5.8100000000000005	-13.84	1.99
11:30:00.587016	2.98	-8.41	-1.18	-1.79	-8.83	-0.68	3.68	-11.25	-1.26	6.2700000000000005	-11.89	-2.0300000000000002
11:30:00.597088	2.86	-8.41	-0.6900000000000001	-1.61	-8.99	-0.74	4.13	-9.790000000000001	0.12	6.61	-11.47	-5.88
11:30:00.607161	2.5300000000000002	-8.47	-0.2	-3.18	-9.84	-0.56	3.33	-9.950000000000001	2.06	7.8100000000000005	-8.84	-12.74
11:30:00.617239	1.5	-9.05	0.77	-2.5	-10.14	-0.14	1.7	-10.370000000000001	9.48	7.63	-3.7800000000000002	-7.5600000000000005
11:30:00.627314	1.18	-9.42	1.22	-2.82	-10.540000000000001	1.05	1.1500000000000001	-10.38	10.17	3.65	0.0	-0.38
11:30:00.637395	1.01	-9.85	1.6600000000000001	-1.81	-12.81	1.37	0.48	-10.82	9.040000000000001	-7.11	4.09	10.94
11:30:00.647509	0.8200000000000001	-10.25	1.96	-1.92	-13.39	2.19	0.32	-11.49	5.26	-14.75	-3.43	14.27
11:30:00.657575	0.39	-10.48	1.9100000000000001	-1.6	-13.5	2.34	0.42	-12.1	2.92	-2.5	-10.17	7.61
11:30:00.667645	0.26	-10.34	1.69	-1.86	-13.21	1.97	0.18	-11.42	2.29	8.64	-15.67	5.19
11:30:00.677718	0.39	-10.120000000000001	1.34	-1.97	-11.99	0.93	-0.03	-9.41	3.75	1.09	-9.24	5.5600000000000005
11:30:00.687793	0.43	-9.97	1.1	-2.04	-11.14	0.97	1.09	-7.17	5.04	-3.71	-4.3500000000000005	8.72
11:30:00.697971	0.56	-9.620000000000001	0.76	-1.3800000000000001	-10.75	0.55	1.5	-7.53	5.13	-0.9500000000000001	0.29	7.390000000000001
11:30:00.708036	0.61	-9.44	0.66	-1.2	-10.34	0.3	0.89	-7.96	4.8500000000000005	4.79	-1.3	8.34
11:30:00.718126	0.58	-9.31	0.55	-0.85	-9.81	0.52	0.14	-7.09	4.87	4.91	-6.69	3.46
11:30:00.728280	0.58	-9.17	0.49	-0.87	-9.44	0.32	-0.06	-6.82	4.87	1.28	-8.97	4.7700000000000005
11:30:00.739009	0.54	-8.92	0.43	-0.64	-9.35	0.13	-0.52	-6.5200000000000005	5.03	-0.48	-10.82	3.31
11:30:00.749116	0.51	-8.86	0.48	-0.74	-9.02	-0.02	-0.86	-6.74	4.91	1.5	-6.44	3.43
11:30:00.759324	0.43	-8.81	0.56	-1.17	-8.290000000000001	-0.39	-0.32	-6.46	5.37	1.5	-8.25	2.5300000000000002
11:30:00.769934	0.29	-8.81	0.71	-1.46	-7.83	-0.41000000000000003	-0.34	-6.3500000000000005	5.76	0.41000000000000003	-9.83	1.56
11:30:00.780021	0.1	-8.85	0.89	-1.67	-7.5200000000000005	-0.41000000000000003	-0.53	-6.95	5.41	-0.35000000000000003	-10.790000000000001	0.21
11:30:00.790137	0.02	-8.81	1.01	-1.8800000000000001	-7.5200000000000005	-0.56	-0.89	-7.68	5.96	-0.39	-11.540000000000001	-0.56
11:30:00.800252	0.04	-8.8	1.1300000000000001	-2.07	-7.3500000000000005	-0.15	-0.89	-7.68	5.96	-0.44	-12.75	-1.78
11:30:00.810375	0.07	-8.700000000000001	1.26	-2.2	-7.46	-0.15	-1.25	-7.98	5.94	-0.26	-13.19	-2.38
11:30:00.820871	0.09	-8.61	1.2	-2.31	-7.45	0.0	-0.9500000000000001	-8.63	5.82	1.35	-13.96	-3.93
11:30:00.831014	0.02	-8.69	1.12	-2.35	-7.6000000000000005	0.02	-0.9500000000000001	-8.63	5.82	2.19	-14.24	-4.5200000000000005
11:30:00.841111	-0.03	-8.74	1.01	-2.58	-7.4	-0.24	-0.75	-9.49	5.6000000000000005	2.92	-14.24	-4.78
11:30:00.851571	0.07	-8.84	0.73	-2.54	-7.2700000000000005	-0.43	-0.4	-9.92	5.23	3.3000000000000003	-14.46	-5.2
11:30:00.862002	0.13	-8.84	0.58	-2.49	-7.12	-0.59	-0.21	-9.93	5.05	3.42	-15.3	-6.72
11:30:00.872151	0.17	-8.91	0.39	-1.54	-7.13	-1.52	-0.04	-9.74	4.94	3.4	-14.75	-7.01
11:30:00.882272	0.18	-8.94	0.29	-0.9	-7.24	-1.86	-0.24	-9.38	4.93	3.12	-14.280000000000001	-6.96
11:30:00.892410	0.11	-8.93	0.22	-0.53	-7.5200000000000005	-2.6	-0.03	-9.31	4.75	2.93	-14.1	-6.7
11:30:00.903005	0.08	-8.94	0.25	-0.02	-7.61	-3.0100000000000002	-0.19	-9.74	4.63	3.4	-14.950000000000001	-7.15
11:30:00.913133	0.01	-8.92	0.35000000000000003	0.56	-7.59	-3.35	-0.38	-10.32	4.61	3.56	-14.99	-7.5600000000000005
11:30:00.923239	-0.02	-8.91	0.53	0.55	-7.51	-3.29	-0.28	-10.21	3.99	3.79	-14.56	-7.74
11:30:00.933522	-0.11	-8.92	0.89	0.98	-7.43	-3.04	-0.26	-10.06	3.63	4.21	-14.25	-8.82
11:30:00.944020	-0.22	-9.01	1.1	1.28	-7.7	-2.93	-0.04	-10.39	3.18	4.3500000000000005	-13.65	-9.32
11:30:00.954097	-0.33	-9.1	1.3	1.33	-7.88	-2.67	0.01	-9.9	2.99	4.57	-13.71	-9.78
11:30:00.964204	-0.43	-9.22	1.44	1.22	-8.06	-2.45	-0.13	-10.55	1.82	4.6000000000000005	-14.23	-10.88
11:30:00.974741	-0.58	-9.49	1.6300000000000001	1.1400000000000001	-8.33	-2.65	-0.23	-10.36	1.71	4.59	-13.01	-12.64
11:30:00.984816	-0.6	-9.64	1.6400000000000001	1.01	-8.94	-3.0500000000000003	-0.35000000000000003	-10.08	1.68	3.87	-12.540000000000001	-13.08
11:30:00.995271	-0.3	-10.14	1.4000000000000001	1.16	-9.39	-3.4	-0.8	-9.72	1.43	2.99	-12.450000000000001	-13.5
11:30:01.005405	-0.28	-10.23	1.25	1.1400000000000001	-9.9	-3.73	-1.04	-9.23	1.69	2.09	-11.98	-14.030000000000001
11:30:01.016006	-0.43	-10.55	1.1300000000000001	1.09	-10.34	-3.92	-1.44	-8.51	0.9400000000000001	0.28	-10.99	-15.11
11:30:01.026078	-0.35000000000000003	-10.64	1.07	0.96	-11.23	-4.6000000000000005	-1.83	-8.11	0.17	1.19	-10.76	-16.46
11:30:01.036168	-0.34	-10.97	0.84	1.1400000000000001	-11.35	-4.84	-1.18	-7.640000000000001	-0.13	1.95	-9.68	-16.990000000000002
11:30:01.046249	-0.43	-11.290000000000001	0.72	1.6600000000000001	-11.790000000000001	-4.8500000000000005	-0.75	-7.73	-0.18	1.78	-9.8	-17.39
11:30:01.056317	-0.43	-11.290000000000001	0.72	1.03	-11.42	-4.71	-0.41000000000000003	-7.99	-0.12	1.53	-9.870000000000001	-17.2
11:30:01.066389	-0.48	-11.5	0.7000000000000001	1.16	-11.35	-5.41	-0.24	-8.25	0.15	0.74	-9.67	-16.46
11:30:01.076467	-0.72	-11.57	0.65	0.8200000000000001	-11.18	-5.67	-0.23	-8.28	0.25	0.73	-9.370000000000001	-15.47
11:30:01.086535	-1.24	-11.48	0.6900000000000001	0.33	-10.96	-5.4	-0.17	-8.4	0.39	1.68	-9.43	-13.700000000000001
11:30:01.096680	-1.46	-11.34	0.77	0.05	-10.57	-4.57	0.11	-8.51	0.65	2.38	-9.15	-12.73
11:30:01.106752	-1.71	-11.28	0.81	-0.39	-9.89	-3.06	0.55	-8.86	1.2	2.86	-9.3	-11.83
11:30:01.116822	-1.8800000000000001	-11.02	0.87	-0.56	-9.47	-3.0300000000000002	0.65	-9.25	1.23	5.99	-15.01	-9.77
11:30:01.126921	-1.92	-10.68	0.9400000000000001	-0.64	-8.98	-2.86	0.47000000000000003	-9.64	1.1300000000000001	3.75	-3.66	-6.57
11:30:01.137011	-1.8900000000000001	-10.57	0.9400000000000001	-0.68	-8.57	-2.72	-0.52	-9.57	2.0100000000000002	0.89	-5.8500000000000005	-3.7800000000000002
11:30:01.147083	-1.7	-10.38	0.96	-0.25	-7.59	-2.19	-0.91	-11.03	0.6	4.88	-12.47	2.57
11:30:01.157157	-0.9400000000000001	-10.34	0.97	-0.52	-8.31	-1.69	-0.8	-14.81	-3.98	4.2700000000000005	-18.02	12.98
11:30:01.167241	0.05	-11.68	0.22	-0.45	-10.31	-1.06	-1.29	-18.02	-10.65	10.43	-21.3	13.41
11:30:01.177321	0.23	-12.25	-0.36	-0.47000000000000003	-11.74	-0.46	-0.15	-12.9	-1.86	11.19	-12.450000000000001	-14.950000000000001
11:30:01.187425	0.6	-12.66	-0.8200000000000001	-0.19	-12.13	-0.99	0.37	-9.93	1.07	6.16	-3.79	-12.280000000000001
11:30:01.197495	0.8300000000000001	-12.73	-1.6600000000000001	0.15	-12.030000000000001	-2.09	-0.9500000000000001	-9.06	3.61	-8.77	-8.44	-3.49
11:30:01.207560	0.87	-12.280000000000001	-1.6600000000000001	0.04	-12.290000000000001	-1.6300000000000001	-4.51	-10.61	0.52	-0.75	-11.11	3.0700000000000003
11:30:01.217628	0.87	-11.68	-1.47	0.28	-13.14	-2.15	-4.41	-9.92	2.0300000000000002	6.66	-9.78	1.01
11:30:01.227712	0.79	-10.83	-1.06	-0.85	-10.93	-4.82	-2.09	-9.68	1.93	4.49	-7.71	-0.27
11:30:01.237786	0.54	-9.22	0.01	-2.44	-8.52	-3.58	-0.55	-9.58	0.63	1.09	-9.56	-1.75
11:30:01.247911	0.6	-8.82	0.53	-4.1	-7.4	-0.8	2.65	-9.17	0.3	2.43	-7.2	-1.12
11:30:01.258018	0.71	-8.63	0.96	-4.75	-7.29	0.12	3.38	-10.0	0.16	0.99	-7.92	-3.23
11:30:01.268137	0.71	-8.61	1.17	-3.17	-7.390000000000001	0.47000000000000003	3.27	-11.32	0.03	0.32	-8.34	0.56
11:30:01.278273	0.7000000000000001	-8.68	1.36	-1.81	-7.54	0.7000000000000001	0.73	-9.58	0.26	1.08	-12.19	-3.0500000000000003
11:30:01.288340	0.77	-8.69	1.29	-0.38	-7.88	0.98	-0.45	-8.65	0.54	1.16	-9.83	-2.11
11:30:01.298446	1.06	-8.69	1.2	0.8300000000000001	-8.370000000000001	1.34	-0.46	-8.52	1.22	1.42	-9.5	-1.06
11:30:01.308550	1.45	-8.69	1.05	3.15	-10.01	1.17	-0.16	-8.84	1.1400000000000001	1.33	-8.48	-3.12
11:30:01.318626	2.22	-8.72	0.77	3.9	-10.58	1.2	1.01	-9.46	1.6	0.8300000000000001	-8.05	-1.74
11:30:01.328713	2.37	-8.91	0.53	3.92	-10.61	1.42	1.51	-9.76	1.1500000000000001	1.35	-8.870000000000001	-1.83
11:30:01.338834	2.37	-9.040000000000001	0.23	1.67	-9.89	1.6500000000000001	1.6300000000000001	-10.15	0.2	1.8800000000000001	-11.34	-3.43
11:30:01.348958	2.23	-9.28	-0.1	0.8200000000000001	-9.85	1.46	1.83	-10.53	-1.07	1.55	-10.28	-4.82
11:30:01.359065	1.6300000000000001	-9.81	-0.9500000000000001	0.4	-9.84	0.79	2.18	-10.11	-0.01	0.87	-8.77	-3.73
11:30:01.369560	1.36	-9.870000000000001	-1.26	0.03	-9.75	0.03	2.09	-9.83	0.68	0.5700000000000001	-8.63	-2.4
11:30:01.379656	1.19	-9.76	-1.41	-0.45	-9.21	-0.86	1.55	-9.6	0.97	1.18	-9.28	-3.0
11:30:01.389820	1.01	-9.64	-1.24	-0.6900000000000001	-8.64	-0.8200000000000001	0.8300000000000001	-9.38	0.48	1.27	-9.41	-2.3000000000000003
11:30:01.400541	0.8	-9.74	-1.03	-1.25	-9.39	-1.78	0.5700000000000001	-9.73	0.8300000000000001	1.4000000000000001	-9.47	-3.3200000000000003
11:30:01.410673	0.5700000000000001	-9.8	-0.8	-1.32	-9.36	-1.18	0.33	-10.4	1.03	1.41	-9.63	-2.38
11:30:01.420801	0.3	-9.83	-0.63	-1.61	-9.83	-0.6900000000000001	0.06	-10.6	0.6	1.45	-9.86	-3.99
11:30:01.430938	-0.12	-9.65	-0.26	-1.31	-9.790000000000001	-0.34	0.02	-10.19	0.58	1.25	-9.22	-3.3000000000000003
11:30:01.441446	-0.19	-9.5	-0.13	-0.81	-9.24	-0.04	0.27	-9.1	0.8200000000000001	1.43	-8.870000000000001	-3.02
11:30:01.451588	-0.18	-9.32	0.02	-0.81	-9.24	-0.04	0.77	-9.77	0.01	1.98	-9.63	-2.1
11:30:01.461712	0.0	-9.15	0.15	0.36	-9.5	0.4	1.23	-9.9	0.3	1.82	-9.09	-3.13
11:30:01.471962	0.18	-8.93	0.26	0.71	-9.52	0.32	1.68	-9.89	0.6	1.69	-8.78	-3.44
11:30:01.482472	0.2	-8.82	0.22	0.8200000000000001	-9.43	0.49	1.52	-9.540000000000001	0.88	1.3900000000000001	-8.71	-3.02
11:30:01.492640	0.23	-8.75	0.21	1.18	-9.35	0.44	0.93	-9.75	0.62	1.41	-9.67	-2.64
11:30:01.502773	0.28	-8.790000000000001	0.19	1.3900000000000001	-9.48	0.46	0.78	-9.65	0.55	1.28	-9.52	-3.37
11:30:01.512865	0.13	-8.86	-0.02	1.37	-9.59	0.66	0.9400000000000001	-9.52	0.53	1.09	-9.23	-4.03
11:30:01.523031	0.04	-9.0	-0.08	1.35	-9.66	0.67	0.5	-9.8	1.05	1.1500000000000001	-8.99	-2.0300000000000002
11:30:01.533455	-0.1	-9.120000000000001	-0.17	1.32	-9.67	0.24	0.33	-9.99	0.75	1.75	-9.71	-3.89
11:30:01.543567	-0.12	-9.18	-0.16	1.08	-9.55	0.0	1.09	-9.75	0.38	1.42	-8.950000000000001	-3.73
11:30:01.553693	-0.22	-9.33	-0.03	0.62	-9.41	0.03	0.87	-9.6	1.1	1.35	-8.85	-4.53
11:30:01.563978	-0.26	-9.41	0.03	0.33	-9.38	0.15	0.64	-10.040000000000001	0.96	2.42	-9.68	-0.84
11:30:01.574076	-0.38	-9.48	0.2	0.33	-9.81	-0.16	0.72	-10.17	0.52	2.25	-9.950000000000001	-4.57
11:30:01.584579	-0.52	-9.59	0.45	-0.25	-9.6	0.13	0.92	-9.84	0.18	1.48	-9.27	-3.74
11:30:01.594879	-0.61	-9.73	0.63	-0.68	-9.59	0.22	0.15	-9.700000000000001	1.58	1.45	-9.05	-4.59
11:30:01.605437	-0.62	-9.61	0.66	-0.77	-9.55	0.12	0.0	-9.870000000000001	1.19	1.78	-9.99	-2.24
11:30:01.615508	-0.53	-9.46	0.51	-0.91	-9.55	-0.02	0.13	-10.07	0.64	1.4000000000000001	-9.44	-4.58
11:30:01.625580	-0.4	-9.41	0.37	-1.17	-9.44	0.03	0.4	-9.55	1.37	1.21	-9.33	-3.7600000000000002
11:30:01.635693	-0.4	-9.41	0.37	-1.09	-9.38	0.19	0.4	-9.55	1.37	1.37	-9.27	-4.71
11:30:01.646644	-0.21	-9.22	0.06	-0.8300000000000001	-9.43	0.6	0.44	-10.200000000000001	0.8	1.85	-10.09	-3.13
11:30:01.656774	-0.04	-9.09	-0.14	-0.86	-9.53	0.73	0.59	-10.14	0.99	1.5	-9.39	-4.59
11:30:01.666850	0.01	-9.06	-0.24	-1.07	-9.51	1.25	1.11	-9.36	2.18	0.99	-9.46	-4.68
11:30:01.676951	0.02	-9.06	-0.23	-0.89	-9.48	1.46	0.56	-9.97	2.0	1.07	-9.17	-3.79
11:30:01.687020	-0.02	-9.03	-0.26	-0.67	-9.77	1.67	0.2	-10.540000000000001	1.06	1.83	-10.25	-4.12
11:30:01.697099	-0.04	-9.35	-0.23	-0.93	-9.85	1.6500000000000001	1.12	-9.64	1.81	1.26	-9.64	-4.65
11:30:01.707174	-0.06	-9.52	-0.25	-0.74	-9.84	1.62	1.02	-9.85	2.23	1.2	-9.86	-5.13
11:30:01.717239	-0.09	-9.69	-0.21	-0.73	-9.870000000000001	1.3900000000000001	0.81	-10.39	1.49	2.13	-9.91	-2.0300000000000002
11:30:01.727313	-0.08	-9.84	-0.16	-0.8300000000000001	-10.24	0.92	0.81	-10.39	1.49	1.7	-10.620000000000001	-4.7700000000000005
11:30:01.737381	-0.23	-10.42	-0.03	-1.16	-10.290000000000001	1.17	0.99	-10.290000000000001	1.86	0.22	-11.120000000000001	-4.86
11:30:01.747453	-0.2	-10.33	0.12	-1.35	-10.51	1.17	1.17	-10.57	2.33	-1.41	-10.8	-5.34
11:30:01.757558	-0.28	-10.64	0.06	-1.55	-10.55	0.63	0.91	-11.040000000000001	1.07	3.47	-10.11	-3.21
11:30:01.767631	-0.76	-10.85	0.25	-1.28	-10.290000000000001	1.01	0.3	-10.3	1.12	2.49	-10.540000000000001	-5.1000000000000005
11:30:01.777700	-0.93	-10.870000000000001	0.3	-1.08	-10.44	1.07	0.59	-10.28	0.89	1.1300000000000001	-10.84	-5.2700000000000005
11:30:01.787771	-1.1300000000000001	-10.950000000000001	0.4	-0.89	-10.540000000000001	1.53	0.31	-10.44	0.97	3.2800000000000002	-9.88	-5.75
11:30:01.797861	-1.37	-11.1	0.43	-0.7000000000000001	-10.39	1.5	-0.12	-10.8	0.33	4.63	-9.71	-3.5100000000000002
11:30:01.807938	-1.77	-11.08	0.53	-0.18	-10.57	0.97	0.3	-10.02	0.19	3.39	-10.26	-5.36
11:30:01.818003	-1.87	-10.96	0.58	-0.14	-10.63	0.99	0.3	-10.02	0.19	3.69	-10.22	-5.72
11:30:01.828076	-1.93	-10.88	0.58	0.04	-10.620000000000001	0.59	0.41000000000000003	-10.38	0.78	4.15	-10.13	-6.22
11:30:01.838145	-2.0	-10.66	0.59	0.08	-10.48	0.6	0.34	-10.56	0.49	2.34	-10.25	-3.5300000000000002
11:30:01.848212	-1.81	-10.23	0.64	0.06	-10.57	0.74	0.93	-10.17	0.4	1.71	-11.22	-5.0600000000000005
11:30:01.858313	-1.8	-10.11	0.65	-0.01	-10.540000000000001	0.6900000000000001	0.76	-10.23	1.16	1.67	-10.700000000000001	-5.59
11:30:01.868383	-1.67	-9.950000000000001	0.68	0.03	-10.35	0.22	0.8	-10.23	0.9400000000000001	1.6500000000000001	-10.75	-2.46
11:30:01.878485	-1.57	-9.81	0.52	0.01	-10.13	0.12	0.62	-10.56	0.53	1.3800000000000001	-10.6	-3.11
11:30:01.888587	-0.48	-10.17	1.06	0.38	-10.47	0.99	0.62	-10.56	0.53	2.21	-11.76	-4.53
11:30:01.898665	0.2	-10.78	1.73	0.54	-11.27	1.2	1.78	-10.5	0.37	-0.21	-13.18	0.06
11:30:01.908738	0.27	-11.57	2.23	0.73	-11.93	0.9500000000000001	0.8200000000000001	-12.25	-0.18	-1.52	-11.77	-3.63
11:30:01.918804	-0.1	-12.09	2.67	0.81	-11.71	0.9500000000000001	0.71	-11.39	-0.79	1.3900000000000001	-12.83	-6.55
11:30:01.929224	-1.68	-12.26	3.0100000000000002	0.22	-11.86	1.09	0.71	-11.39	-0.79	1.3900000000000001	-12.83	-6.55
11:30:01.939348	-2.54	-11.870000000000001	2.61	0.03	-11.91	1.27	-1.0	-10.66	0.13	0.52	-12.71	-0.45
11:30:01.949891	-2.7600000000000002	-11.31	1.9100000000000001	-0.6	-11.72	1.05	-1.0	-10.66	0.13	-0.17	-12.44	-2.65
11:30:01.960013	-0.73	-10.25	0.24	-1.09	-11.34	0.64	-1.3800000000000001	-11.0	-1.8800000000000001	0.26	-14.44	-4.6000000000000005
11:30:01.970110	0.97	-9.72	-0.48	-1.71	-10.9	-0.41000000000000003	-1.1400000000000001	-10.48	-1.81	-0.41000000000000003	-14.51	-1.97
11:30:01.980773	2.5300000000000002	-9.28	-1.2	-2.23	-10.42	-1.19	-1.76	-11.19	-0.42	-1.42	-16.11	0.88
11:30:01.990865	3.41	-9.1	-1.82	-1.36	-10.11	-1.37	-1.43	-11.46	-1.09	-1.44	-16.56	-0.05
11:30:02.000976	2.79	-9.38	-2.39	-1.8	-9.89	-1.48	-1.3	-12.52	-3.94	0.33	-16.92	-0.43
11:30:02.011111	2.2800000000000002	-9.41	-2.24	-2.04	-9.52	-1.3900000000000001	0.89	-12.27	-4.13	3.95	-15.700000000000001	-0.28
11:30:02.021179	2.16	-9.34	-2.05	-2.18	-9.09	-0.88	2.08	-11.57	-3.0700000000000003	4.59	-13.780000000000001	-0.93
11:30:02.031741	2.36	-9.200000000000001	-1.9100000000000001	-3.42	-8.44	0.4	2.7	-10.75	-2.3000000000000003	4.65	-12.58	-6.2
11:30:02.041844	2.97	-8.84	-1.3	-2.29	-8.73	-0.41000000000000003	2.59	-9.51	2.12	4.69	-9.85	-6.41
11:30:02.051964	2.73	-8.64	-0.87	-3.08	-9.28	-0.45	1.41	-9.22	6.86	5.97	-5.53	-9.84
11:30:02.062095	2.29	-8.46	-0.41000000000000003	-3.09	-9.66	-0.34	0.26	-10.85	8.700000000000001	3.8200000000000003	-4.8500000000000005	-3.22
11:30:02.072218	1.87	-8.46	0.02	-2.71	-11.57	0.55	0.26	-10.85	8.700000000000001	-3.46	-2.87	5.83
11:30:02.082629	1.25	-8.92	0.78	-2.71	-11.57	0.55	0.26	-10.85	8.700000000000001	-13.700000000000001	-0.54	15.34
11:30:02.092746	1.02	-9.290000000000001	0.97	-2.59	-12.950000000000001	0.96	0.11	-11.3	5.69	-4.47	-6.59	8.38
11:30:02.102878	0.74	-9.64	1.1500000000000001	-2.38	-13.0	1.81	0.76	-12.06	2.12	6.390000000000001	-13.1	5.61
11:30:02.113002	0.56	-9.94	1.23	-2.21	-12.11	1.4000000000000001	1.04	-9.52	3.94	8.92	-13.450000000000001	2.1
11:30:02.123075	0.31	-10.24	1.1	-2.23	-11.68	1.2	1.53	-8.47	4.5	-1.71	-5.8500000000000005	6.79
11:30:02.133694	0.32	-10.13	0.98	-1.93	-11.01	1.29	1.86	-8.16	4.7	-0.59	-3.0300000000000002	6.98
11:30:02.144228	0.33	-9.98	0.81	-1.45	-10.68	1.19	1.86	-8.16	4.7	3.47	-1.11	7.25
11:30:02.154537	0.27	-9.75	0.58	-0.72	-10.47	0.5700000000000001	0.64	-7.22	5.45	5.89	-2.67	6.11
11:30:02.165066	0.25	-9.63	0.5	-0.51	-10.290000000000001	0.47000000000000003	0.12	-7.140000000000001	5.64	0.58	-7.54	5.2700000000000005
11:30:02.175527	0.15	-9.38	0.34	-0.45	-10.09	0.37	0.12	-7.140000000000001	5.64	-0.2	-10.06	4.2700000000000005
11:30:02.185658	0.12	-9.11	0.33	-0.33	-9.81	0.37	-0.42	-7.0600000000000005	5.11	0.41000000000000003	-9.19	5.0
11:30:02.195746	-0.02	-9.040000000000001	0.41000000000000003	-0.35000000000000003	-9.36	0.2	-0.21	-6.66	5.22	-0.29	-7.33	4.89
11:30:02.206286	-0.02	-9.040000000000001	0.41000000000000003	-0.7000000000000001	-8.83	0.04	-0.21	-6.66	5.22	0.31	-8.46	2.98
11:30:02.216584	-0.32	-9.120000000000001	0.8200000000000001	-1.04	-8.22	-0.12	-0.09	-6.65	5.67	0.48	-9.120000000000001	2.07
11:30:02.226654	-0.5	-9.18	1.23	-1.33	-7.76	-0.05	-1.1	-7.17	6.03	0.24	-9.5	1.53
11:30:02.236759	-0.52	-9.17	1.52	-1.57	-7.33	-0.18	-1.27	-7.33	6.36	-0.39	-11.13	0.51
11:30:02.246825	-0.55	-8.91	1.6400000000000001	-1.75	-6.91	0.09	-1.49	-7.53	6.38	0.01	-12.120000000000001	-0.5
11:30:02.256894	-0.55	-8.92	1.78	-1.97	-6.96	0.09	-1.85	-8.09	6.07	0.33	-13.51	-1.87
11:30:02.266972	-0.43	-8.71	1.79	-1.93	-7.19	0.1	-1.72	-8.51	6.01	0.79	-14.05	-2.85
11:30:02.277191	-0.43	-8.76	1.62	-2.1	-7.33	0.0	-1.1300000000000001	-8.6	6.01	2.23	-14.58	-4.61
11:30:02.287304	-0.44	-8.86	1.37	-2.23	-7.15	-0.14	-1.1300000000000001	-8.6	6.01	3.31	-14.31	-5.04
11:30:02.297392	-0.46	-8.92	1.04	-2.19	-7.25	-0.61	-0.06	-9.77	5.38	4.38	-14.25	-5.25
11:30:02.307480	-0.2	-8.93	0.39	-1.93	-7.2	-1.06	0.38	-9.950000000000001	5.18	4.5200000000000005	-14.85	-5.76
11:30:02.317588	-0.02	-8.93	0.07	-1.46	-7.22	-1.78	0.38	-9.950000000000001	5.18	4.76	-14.48	-7.01
11:30:02.327690	0.02	-8.870000000000001	-0.17	-1.12	-7.2	-2.0	0.33	-9.370000000000001	5.08	4.73	-13.58	-6.75
11:30:02.337762	0.15	-8.82	-0.44	-0.66	-7.390000000000001	-2.56	0.42	-9.26	4.97	4.44	-13.41	-6.44
11:30:02.347862	0.11	-8.8	-0.35000000000000003	0.48	-7.38	-3.27	0.22	-9.55	4.82	4.28	-14.31	-6.61
11:30:02.357930	0.0	-8.78	-0.15	0.76	-7.22	-3.6	0.05	-9.92	4.65	4.55	-14.83	-6.94
11:30:02.368023	-0.15	-8.83	0.16	0.9	-7.13	-3.62	-0.33	-10.49	4.15	4.9	-15.290000000000001	-7.62
11:30:02.378094	-0.58	-8.89	0.8200000000000001	1.05	-7.18	-3.35	-0.32	-10.59	3.65	4.34	-15.370000000000001	-8.21
11:30:02.388168	-0.75	-8.91	1.11	1.28	-7.3100000000000005	-2.97	-0.44	-10.46	3.29	3.5700000000000003	-15.17	-8.950000000000001
11:30:02.398242	-0.78	-8.96	1.33	1.22	-7.47	-2.8000000000000003	-0.37	-10.14	2.23	3.31	-15.14	-9.88
11:30:02.408313	-0.8300000000000001	-9.01	1.47	1.09	-7.72	-2.42	-0.24	-10.4	1.78	2.92	-14.89	-10.43
11:30:02.418438	-0.78	-9.32	1.56	1.06	-8.1	-2.27	-0.29	-10.16	1.6600000000000001	2.32	-14.6	-11.0
11:30:02.428509	-0.66	-9.57	1.6500000000000001	0.88	-8.98	-2.7	-0.4	-10.14	0.93	1.83	-14.27	-12.19
11:30:02.438630	-0.59	-9.76	1.57	1.02	-9.5	-3.27	-0.85	-9.92	1.18	0.39	-13.0	-13.01
11:30:02.448713	-0.53	-9.91	1.3800000000000001	1.01	-9.950000000000001	-3.48	-1.1500000000000001	-9.13	1.16	-0.58	-12.31	-13.39
11:30:02.458826	-0.52	-10.36	1.08	1.03	-10.57	-3.72	-1.72	-8.44	0.12	1.3800000000000001	-10.950000000000001	-15.17
11:30:02.468968	-0.52	-10.36	1.08	1.07	-11.46	-4.5600000000000005	-1.72	-8.44	0.12	1.3800000000000001	-10.950000000000001	-15.17
11:30:02.479033	-0.6	-10.71	0.79	1.24	-11.48	-4.7700000000000005	-1.72	-8.44	0.12	3.0300000000000002	-9.56	-15.77
11:30:02.489111	-0.5700000000000001	-10.84	0.74	1.27	-11.51	-4.74	-1.72	-8.44	0.12	3.1	-9.22	-15.64
11:30:02.499224	-0.47000000000000003	-11.13	0.39	1.3	-11.56	-4.62	-1.72	-8.44	0.12	2.79	-9.14	-15.02
11:30:02.509314	-0.55	-11.33	0.35000000000000003	1.19	-11.47	-4.58	0.03	-8.16	-0.91	2.97	-9.35	-14.5
11:30:02.519991	-0.75	-11.41	0.32	0.93	-11.36	-4.3500000000000005	-0.07	-8.32	-0.56	3.22	-9.07	-13.69
11:30:02.530055	-1.09	-11.41	0.4	0.71	-11.17	-4.25	-0.24	-8.48	-0.28	4.01	-9.13	-12.01
11:30:02.540153	-1.3	-11.32	0.51	0.46	-10.700000000000001	-4.26	-0.14	-8.950000000000001	0.23	4.47	-9.24	-11.25
11:30:02.550523	-1.47	-11.21	0.66	0.13	-9.63	-3.73	0.0	-9.09	0.48	4.5600000000000005	-9.34	-10.42
11:30:02.560863	-1.55	-11.08	0.78	0.21	-9.19	-3.48	0.21	-9.27	0.73	4.3500000000000005	-9.49	-9.700000000000001
11:30:02.570985	-1.6400000000000001	-10.68	0.96	0.37	-9.0	-3.3000000000000003	0.27	-9.52	1.42	4.7700000000000005	-11.64	-7.23
11:30:02.581142	-1.7	-10.5	1.01	0.52	-8.81	-3.17	0.21	-9.52	1.71	6.5	-10.69	-10.76
11:30:02.591775	-1.59	-10.38	1.06	0.62	-8.47	-2.89	0.21	-9.52	1.71	2.63	-4.84	-2.52
11:30:02.601879	-1.59	-10.26	1.04	0.98	-7.51	-2.5500000000000003	-0.17	-10.15	2.77	4.44	-12.69	3.36
11:30:02.611959	-1.32	-9.93	0.89	1.01	-6.7700000000000005	-2.21	-0.42	-9.58	2.87	0.24	-16.490000000000002	9.92
11:30:02.622127	-0.56	-9.92	0.84	0.21	-8.97	-0.42	-0.42	-9.58	2.87	-4.7	-23.93	29.43
11:30:02.632740	0.11	-10.4	0.59	-0.41000000000000003	-11.47	0.0	-0.68	-15.4	-5.17	5.42	-24.39	12.38
11:30:02.642813	0.41000000000000003	-11.28	0.09	-1.51	-12.01	0.45	0.41000000000000003	-12.65	-1.27	9.120000000000001	-3.2	-12.64
11:30:02.652883	0.74	-12.74	-0.99	-2.04	-12.280000000000001	-0.25	-0.14	-11.290000000000001	1.2	0.8	-5.38	-16.05
11:30:02.662982	0.8300000000000001	-13.200000000000001	-1.61	-1.83	-14.55	-2.08	-1.37	-11.3	1.56	-8.17	-10.03	-4.62
11:30:02.673056	0.92	-13.26	-2.1	-0.22	-15.56	-2.85	-4.1	-10.39	-0.23	-1.61	-11.03	3.0700000000000003
11:30:02.683846	0.97	-12.94	-2.33	1.06	-14.84	-4.7	-4.1	-10.39	-0.23	5.6000000000000005	-6.8	-0.8300000000000001
11:30:02.693972	1.24	-11.07	-1.79	-1.21	-8.84	-4.6000000000000005	-0.68	-8.540000000000001	0.09	0.87	-7.24	-1.4000000000000001
11:30:02.704051	1.3	-9.99	-1.12	-2.7800000000000002	-7.42	-1.72	0.77	-8.72	0.31	0.96	-9.66	-3.5100000000000002
11:30:02.714689	1.1500000000000001	-9.05	-0.39	-3.81	-6.91	0.21	0.77	-8.72	0.31	1.24	-7.75	-0.62
11:30:02.724771	0.71	-8.23	0.74	-4.0	-6.96	0.8300000000000001	0.77	-8.72	0.31	1.34	-9.78	-0.55
11:30:02.734902	0.61	-8.1	1.1400000000000001	-2.65	-6.58	1.3	1.79	-10.27	-0.07	1.05	-9.94	-4.32
11:30:02.744969	0.47000000000000003	-8.07	1.42	-1.21	-6.88	1.44	1.79	-10.27	-0.07	0.84	-11.03	-3.77
11:30:02.755036	0.44	-8.1	1.59	0.15	-7.75	1.62	0.0	-8.92	0.36	-0.64	-9.52	1.6400000000000001
11:30:02.765125	0.59	-8.35	1.48	1.79	-9.0	1.22	0.31	-8.81	0.84	0.5700000000000001	-10.450000000000001	-1.49
11:30:02.775744	1.25	-8.700000000000001	1.24	4.2700000000000005	-10.700000000000001	0.96	0.31	-8.81	0.84	0.79	-9.18	-3.18
11:30:02.785831	1.54	-9.1	1.03	4.42	-10.83	1.1500000000000001	1.18	-9.870000000000001	0.8300000000000001	0.68	-7.68	-2.61
11:30:02.795967	1.62	-9.78	0.3	3.43	-10.66	1.6	1.37	-10.35	-0.36	1.86	-10.08	0.44
11:30:02.806074	1.42	-10.06	-0.19	2.18	-10.27	1.59	1.54	-10.34	-0.85	2.36	-10.91	-3.21
11:30:02.816684	1.17	-10.18	-0.73	0.45	-9.61	1.4000000000000001	1.54	-10.34	-0.85	1.84	-10.0	-3.48
11:30:02.826768	0.92	-10.200000000000001	-1.23	-0.03	-9.44	0.81	1.47	-10.09	0.33	1.6	-9.26	-3.18
11:30:02.836857	0.8300000000000001	-9.96	-1.7	-0.43	-9.290000000000001	0.02	0.97	-9.92	0.22	1.8800000000000001	-9.65	-1.06
11:30:02.846928	0.8200000000000001	-9.85	-1.72	-0.77	-9.28	-0.8	0.38	-9.540000000000001	1.29	1.71	-9.18	-3.29
11:30:02.857005	0.75	-9.78	-1.62	-1.21	-9.18	-1.48	0.02	-9.93	1.67	1.52	-9.17	-2.75
11:30:02.867072	0.64	-9.77	-1.44	-1.51	-9.78	-1.85	-0.19	-10.290000000000001	1.61	1.59	-9.68	-0.9500000000000001
11:30:02.877546	0.64	-9.77	-1.44	-1.92	-9.44	-0.8200000000000001	-0.19	-10.290000000000001	1.61	1.8900000000000001	-10.28	-1.29
11:30:02.887633	0.03	-9.78	-0.75	-1.98	-9.870000000000001	-0.84	-0.03	-10.23	1.56	1.77	-9.56	-3.74
11:30:02.897708	-0.09	-9.65	-0.56	-1.86	-9.4	-0.07	0.33	-9.68	1.6600000000000001	1.62	-8.950000000000001	-3.73
11:30:02.907784	-0.12	-9.51	-0.31	-1.49	-9.17	0.01	0.27	-9.5	1.28	1.2	-9.86	-1.05
11:30:02.917849	-0.1	-9.19	0.03	-1.1300000000000001	-9.3	0.06	0.27	-9.5	1.28	1.45	-9.72	-2.09
11:30:02.927922	0.07	-9.16	0.15	-0.99	-9.33	0.45	0.27	-9.5	1.28	1.74	-9.07	-2.57
11:30:02.937992	-0.02	-8.97	0.06	-0.02	-9.28	0.76	1.6500000000000001	-9.91	0.81	1.59	-8.84	-2.93
11:30:02.948061	0.08	-8.91	0.11	0.44	-9.42	0.56	1.6500000000000001	-9.91	0.81	1.55	-9.22	-1.06
11:30:02.958182	0.03	-8.88	0.02	0.84	-9.23	0.72	1.06	-9.69	0.85	1.61	-9.26	-3.63
11:30:02.968253	0.02	-8.950000000000001	-0.03	1.1	-9.43	0.67	0.78	-9.61	1.06	1.56	-8.85	-3.5100000000000002
11:30:02.978379	-0.09	-9.09	-0.17	1.3800000000000001	-9.74	0.8300000000000001	0.34	-9.63	0.99	1.69	-8.73	-3.54
11:30:02.988443	-0.22	-9.31	-0.26	1.43	-9.85	0.65	-0.5	-10.19	0.31	2.34	-9.83	-1.6500000000000001
11:30:02.998511	-0.26	-9.41	-0.22	1.22	-9.790000000000001	0.5	0.01	-10.08	0.24	2.21	-9.47	-3.75
11:30:03.008580	-0.24	-9.43	-0.23	0.93	-9.65	0.06	0.77	-9.75	-0.06	2.05	-9.19	-3.06
11:30:03.018649	-0.31	-9.46	-0.09	0.59	-9.47	-0.04	0.9400000000000001	-9.47	-0.14	1.99	-9.43	-2.04
11:30:03.028729	-0.27	-9.38	0.06	0.3	-9.49	-0.08	1.16	-9.97	-0.35000000000000003	2.13	-9.35	-4.37
11:30:03.038828	-0.28	-9.35	0.17	0.24	-9.75	-0.38	1.19	-9.77	-0.09	1.78	-9.35	-3.44
11:30:03.048899	-0.27	-9.28	0.21	-0.59	-9.48	-0.49	0.96	-9.46	-0.43	2.12	-9.370000000000001	-0.92
11:30:03.058970	-0.17	-9.18	0.24	-0.6900000000000001	-9.51	-0.49	0.96	-9.46	-0.43	1.57	-9.78	-2.21
11:30:03.069071	-0.03	-9.02	0.2	-0.88	-9.6	-0.54	0.43	-9.86	0.2	1.21	-9.44	-4.16
11:30:03.079189	0.05	-8.950000000000001	0.13	-0.8300000000000001	-9.58	-0.39	0.43	-9.86	0.2	1.3800000000000001	-9.59	-4.11
11:30:03.089257	0.13	-8.94	0.09	-0.77	-9.46	-0.03	0.43	-9.86	0.2	1.92	-9.33	-0.61
11:30:03.099411	0.17	-8.950000000000001	-0.05	-0.86	-9.51	0.04	0.13	-10.02	1.03	1.98	-9.97	-3.18
11:30:03.110070	0.16	-8.98	-0.1	-0.86	-9.65	0.21	0.08	-10.41	0.48	1.84	-9.4	-4.16
11:30:03.120169	0.16	-9.040000000000001	-0.16	-0.92	-9.700000000000001	0.47000000000000003	0.46	-9.870000000000001	0.6900000000000001	1.7	-9.53	-4.82
11:30:03.130732	0.12	-9.11	-0.23	-0.86	-9.55	1.1400000000000001	0.46	-9.870000000000001	0.6900000000000001	1.87	-9.450000000000001	-1.34
11:30:03.140877	0.09	-9.18	-0.29	-0.87	-9.63	1.34	0.15	-10.200000000000001	1.18	2.0300000000000002	-9.950000000000001	-3.71
11:30:03.151551	0.1	-9.3	-0.34	-0.87	-9.63	1.34	0.15	-10.200000000000001	1.18	1.61	-9.71	-4.24
11:30:03.161622	0.11	-9.48	-0.38	-0.9	-9.72	1.5	0.15	-10.200000000000001	1.18	1.79	-9.57	-3.93
11:30:03.171757	0.11	-9.69	-0.46	-0.84	-10.1	1.43	0.68	-10.1	1.62	2.37	-10.09	-1.77
11:30:03.181877	0.14	-10.11	-0.54	-1.36	-10.31	1.1400000000000001	0.68	-10.1	1.62	2.13	-10.58	-4.32
11:30:03.192630	0.09	-10.36	-0.52	-1.36	-10.31	1.1400000000000001	0.68	-10.1	1.62	2.13	-10.58	-4.32
11:30:03.202742	0.04	-10.58	-0.44	-1.67	-10.3	0.84	0.66	-10.200000000000001	1.68	1.56	-10.53	-4.97
11:30:03.212845	-0.08	-10.72	-0.29	-1.78	-10.450000000000001	0.59	0.35000000000000003	-10.9	1.49	1.05	-9.74	-2.35
11:30:03.222933	-0.28	-11.120000000000001	0.05	-1.48	-10.94	0.74	0.21	-11.1	1.62	1.85	-10.57	-4.5
11:30:03.233642	-0.43	-11.07	0.32	-1.3800000000000001	-10.94	1.32	-0.26	-10.870000000000001	2.17	3.35	-10.69	-5.69
11:30:03.243761	-0.51	-11.23	0.45	-0.97	-10.71	0.99	-0.32	-11.21	1.19	3.46	-10.17	-3.02
11:30:03.254130	-0.71	-11.33	0.53	-0.92	-10.69	1.12	-0.56	-11.18	1.28	3.48	-10.02	-3.24
11:30:03.264201	-0.96	-11.1	0.8300000000000001	-0.92	-10.77	1.1	0.12	-10.39	1.27	3.5300000000000002	-10.92	-5.65
11:30:03.274684	-0.98	-11.040000000000001	0.9	-0.98	-10.85	1.49	0.18	-10.540000000000001	1.33	3.5	-10.38	-5.44
11:30:03.285407	-1.08	-10.98	0.92	-0.98	-10.85	1.49	0.18	-10.540000000000001	1.33	3.09	-10.620000000000001	-3.0
11:30:03.295503	-1.17	-10.74	0.89	-0.6	-10.61	0.59	0.29	-10.82	0.9400000000000001	2.33	-10.48	-4.21
11:30:03.305579	-1.21	-10.57	0.77	-0.18	-10.540000000000001	0.64	0.33	-10.19	1.2	1.84	-11.16	-5.53
11:30:03.315711	-1.23	-10.35	0.61	-0.13	-10.5	0.71	0.35000000000000003	-10.23	1.02	1.98	-10.700000000000001	-4.96
11:30:03.325777	-1.21	-10.22	0.5	-0.25	-10.18	0.52	0.21	-10.540000000000001	0.49	2.02	-10.46	-2.5
11:30:03.336405	-1.19	-9.92	0.33	-0.19	-10.11	0.5700000000000001	0.6	-9.75	0.35000000000000003	1.6400000000000001	-10.06	-4.5200000000000005
11:30:03.346478	-1.1	-9.620000000000001	0.26	-0.03	-10.11	0.41000000000000003	0.33	-9.61	0.79	1.1	-10.94	-5.34
11:30:03.356544	-0.87	-9.61	0.31	-0.08	-9.97	0.05	0.6	-9.91	0.31	1.6300000000000001	-11.1	-3.73
11:30:03.366676	0.11	-10.01	0.98	0.17	-10.200000000000001	-0.08	0.79	-10.52	-0.46	2.27	-10.77	-1.93
11:30:03.376798	0.38	-10.450000000000001	1.32	0.52	-10.790000000000001	-0.09	1.24	-10.28	-0.71	2.34	-10.63	-5.19
11:30:03.387217	0.18	-10.91	1.59	0.76	-11.24	0.18	0.41000000000000003	-10.55	-0.67	-0.97	-13.14	-4.5
11:30:03.397378	-0.33	-11.22	1.87	0.6	-10.92	0.36	0.22	-10.56	-1.42	-0.43	-11.91	-3.8200000000000003
11:30:03.407441	-1.32	-11.77	2.2	0.32	-11.08	0.14	-1.1500000000000001	-10.81	-1.87	1.47	-12.52	-2.37
11:30:03.417510	-1.53	-11.77	2.0300000000000002	0.08	-11.07	-0.06	-1.12	-10.86	-2.23	1.6400000000000001	-13.75	-3.61
11:30:03.427585	-1.2	-11.5	1.81	-0.26	-11.040000000000001	-0.4	-1.47	-11.01	-1.86	-0.22	-14.18	-3.75
11:30:03.437705	-0.12	-10.9	1.42	-0.73	-10.9	-1.1400000000000001	-1.84	-11.43	-1.6	-0.58	-14.76	-1.9000000000000001
11:30:03.447793	2.72	-9.65	0.49	-0.8	-10.790000000000001	-1.53	-1.6300000000000001	-12.01	-1.83	-0.87	-16.55	0.65
11:30:03.457866	3.37	-9.22	0.0	-1.11	-10.58	-1.74	-1.36	-12.540000000000001	-3.89	-0.6	-16.34	-0.8
11:30:03.467938	3.35	-8.89	-0.36	-1.74	-10.27	-1.53	-0.59	-13.48	-4.07	3.0700000000000003	-19.05	-0.67
11:30:03.478012	2.95	-8.65	-0.61	-1.98	-9.71	-1.08	1.71	-13.24	-3.74	5.73	-17.490000000000002	-0.6900000000000001
11:30:03.488151	2.44	-8.22	-0.89	-1.87	-9.120000000000001	-1.11	2.12	-11.97	-1.31	6.24	-14.85	-2.5300000000000002
11:30:03.498216	2.45	-7.97	-0.89	-2.21	-8.86	-0.6	2.46	-9.99	0.37	5.12	-12.19	-6.07
11:30:03.508400	2.49	-7.86	-0.84	-2.63	-9.1	-0.93	2.56	-9.13	2.5300000000000002	5.8100000000000005	-7.17	-7.2
11:30:03.518497	2.11	-8.08	-0.46	-3.42	-9.61	0.11	1.01	-11.25	6.7700000000000005	5.75	-11.14	-7.9
11:30:03.528594	1.72	-8.56	-0.06	-2.75	-10.02	0.48	1.1400000000000001	-11.96	7.2700000000000005	4.69	-10.38	-5.84
11:30:03.538733	1.27	-9.15	0.39	-3.3200000000000003	-10.5	1.3900000000000001	1.1	-11.73	7.0200000000000005	-3.34	-0.48	4.04
11:30:03.548800	0.9500000000000001	-9.71	0.9500000000000001	-2.02	-11.59	1.12	1.1300000000000001	-9.75	8.02	-12.94	2.7800000000000002	12.65
11:30:03.558877	0.54	-10.61	1.81	-1.58	-13.36	1.51	0.5	-8.63	7.21	-4.95	-2.37	11.55
11:30:03.569505	0.36	-10.84	2.04	-1.8900000000000001	-13.17	1.97	0.58	-9.33	3.88	-4.95	-2.37	11.55
11:30:03.579620	0.3	-10.85	2.04	-2.0	-12.72	1.55	0.51	-10.32	2.5500000000000003	4.5600000000000005	-11.4	3.3000000000000003
11:30:03.589763	0.22	-10.73	1.9100000000000001	-2.05	-12.22	1.25	0.75	-8.56	3.65	1.23	-6.94	7.17
11:30:03.600441	0.36	-10.18	1.34	-1.72	-11.370000000000001	0.48	1.1500000000000001	-7.640000000000001	3.88	-0.12	-3.49	6.95
11:30:03.610528	0.48	-9.94	1.06	-1.48	-10.75	0.38	1.4000000000000001	-7.28	5.04	4.28	-2.64	7.51
11:30:03.620651	0.5	-9.75	0.8200000000000001	-1.5	-10.4	0.0	1.16	-6.69	5.83	3.94	-5.44	5.6000000000000005
11:30:03.630834	0.46	-9.57	0.6	-1.32	-10.17	-0.02	0.67	-6.67	5.0600000000000005	1.31	-8.35	5.41
11:30:03.641481	0.38	-9.21	0.29	-1.08	-9.58	0.22	0.41000000000000003	-6.69	4.64	-0.62	-10.69	4.08
11:30:03.651577	0.37	-9.08	0.22	-1.02	-9.200000000000001	0.1	-0.96	-6.61	5.5200000000000005	-0.89	-7.75	4.59
11:30:03.661671	0.37	-8.97	0.19	-1.1	-9.040000000000001	-0.04	-1.16	-6.38	6.04	-0.77	-7.13	3.79
11:30:03.671745	0.43	-8.85	0.23	-1.3800000000000001	-8.11	-0.39	-1.25	-6.24	5.98	-0.02	-8.08	3.41
11:30:03.682307	0.17	-8.75	0.48	-1.56	-7.51	-0.6	-1.6	-7.0600000000000005	5.98	-0.22	-10.16	1.41
11:30:03.692385	0.03	-8.76	0.68	-1.82	-7.12	-0.46	-1.54	-7.33	5.97	-0.52	-11.24	0.35000000000000003
11:30:03.702524	-0.04	-8.69	0.86	-2.2	-6.72	-0.28	-1.47	-7.45	6.05	-0.07	-12.16	-0.73
11:30:03.712645	-0.11	-8.69	1.09	-2.47	-7.04	-0.29	-1.41	-7.6000000000000005	6.08	0.54	-12.73	-1.69
11:30:03.723185	-0.19	-8.71	1.1300000000000001	-2.54	-6.91	-0.1	-1.56	-8.19	5.68	1.37	-13.790000000000001	-3.39
11:30:03.733302	-0.19	-8.73	1.1	-2.7	-6.890000000000001	-0.09	-1.12	-8.49	5.59	2.04	-14.08	-4.05
11:30:03.743430	-0.19	-8.74	1.0	-2.5300000000000002	-6.78	-0.4	-0.43	-8.71	5.34	2.88	-14.16	-4.79
11:30:03.753554	-0.1	-8.73	0.64	-2.21	-6.84	-0.76	0.14	-9.44	5.0200000000000005	3.5300000000000002	-14.11	-5.07
11:30:03.764189	-0.01	-8.72	0.41000000000000003	-1.97	-6.86	-1.06	0.26	-9.55	4.88	3.92	-14.42	-5.86
11:30:03.774280	0.0	-8.700000000000001	0.19	-1.6600000000000001	-7.0200000000000005	-1.22	0.28	-9.49	4.91	3.97	-15.08	-6.99
11:30:03.784397	0.01	-8.66	0.05	-0.8300000000000001	-7.19	-1.73	0.09	-9.47	5.0600000000000005	3.95	-14.58	-7.16
11:30:03.794469	0.02	-8.700000000000001	0.01	-0.3	-7.32	-2.32	0.09	-9.47	5.0600000000000005	3.77	-14.09	-7.5200000000000005
11:30:03.805047	0.01	-8.74	0.13	0.14	-7.38	-2.7600000000000002	-0.24	-9.72	4.99	4.2	-13.72	-7.17
11:30:03.815163	0.0	-8.82	0.41000000000000003	0.54	-7.42	-3.12	-0.42	-10.32	4.79	4.83	-14.22	-7.21
11:30:03.825240	0.0	-8.82	0.41000000000000003	0.9400000000000001	-7.5600000000000005	-3.14	-0.31	-10.41	3.99	4.88	-14.8	-8.25
11:30:03.835312	-0.02	-8.84	0.67	1.25	-7.73	-3.14	-0.09	-10.49	3.63	4.98	-16.35	-8.57
11:30:03.845425	-0.04	-8.88	0.79	1.47	-7.92	-3.08	-0.05	-10.38	3.25	4.99	-16.07	-12.9
11:30:03.855496	-0.07	-8.92	0.87	1.71	-8.22	-3.0100000000000002	-0.12	-10.35	2.92	4.11	-13.41	-11.23
11:30:03.865571	-0.11	-9.03	0.89	1.61	-8.72	-2.6	-0.13	-10.43	2.47	2.41	-14.15	-12.05
11:30:03.875692	-0.1	-9.620000000000001	0.9500000000000001	1.52	-9.07	-2.91	-0.12	-10.18	2.25	3.0500000000000003	-13.290000000000001	-12.73
11:30:03.885763	-0.16	-9.82	0.9500000000000001	1.56	-9.46	-3.24	0.04	-10.41	1.6300000000000001	2.98	-13.15	-12.92
11:30:03.895897	-0.2	-10.18	0.9400000000000001	1.51	-9.83	-3.63	-0.68	-9.73	1.06	3.08	-12.89	-13.93
11:30:03.906025	-0.22	-10.39	0.89	1.24	-10.35	-3.8000000000000003	-1.07	-9.22	1.2	2.47	-11.63	-14.3
11:30:03.916098	-0.27	-10.51	0.89	1.07	-10.52	-3.95	-1.3900000000000001	-8.68	1.19	2.42	-11.59	-15.540000000000001
11:30:03.926556	-0.35000000000000003	-10.65	0.88	0.86	-10.700000000000001	-4.1	-1.58	-8.290000000000001	0.5700000000000001	1.58	-9.83	-15.17
11:30:03.936624	-0.46	-10.96	0.76	0.8300000000000001	-10.950000000000001	-4.23	-1.33	-8.13	-0.07	1.68	-9.93	-15.72
11:30:03.946701	-0.59	-11.03	0.66	0.92	-11.14	-4.0200000000000005	-0.81	-8.27	-0.07	2.14	-9.56	-15.92
11:30:03.956772	-0.73	-11.22	0.58	0.79	-11.26	-4.0200000000000005	-0.4	-8.28	-0.03	1.74	-9.91	-15.77
11:30:03.966843	-0.75	-11.33	0.63	0.58	-11.4	-4.22	-0.25	-8.53	0.02	1.94	-9.84	-15.450000000000001
11:30:03.976956	-1.05	-11.450000000000001	0.6	0.47000000000000003	-11.450000000000001	-4.42	-0.23	-8.620000000000001	0.1	2.47	-11.26	-14.700000000000001
11:30:03.987030	-1.26	-11.43	0.64	0.04	-10.97	-4.33	-0.11	-8.68	0.27	2.66	-9.71	-13.13
11:30:03.997112	-1.44	-11.35	0.75	-0.11	-10.67	-4.05	0.04	-8.78	0.58	3.25	-10.43	-13.13
11:30:04.007191	-1.52	-11.21	0.85	-0.17	-10.26	-3.7600000000000002	0.22	-9.13	1.12	3.7	-9.63	-12.44
11:30:04.017262	-1.46	-10.84	0.91	-0.18	-9.86	-3.59	0.22	-9.22	1.37	4.45	-9.24	-11.94
11:30:04.027336	-1.11	-10.74	0.9	-0.14	-9.03	-2.82	0.05	-9.3	1.87	4.4	-8.9	-10.31
11:30:04.037438	-0.58	-10.85	0.79	-0.12	-8.950000000000001	-2.63	-0.67	-12.44	-0.9500000000000001	1.6300000000000001	-11.36	-3.39
11:30:04.047561	0.09	-11.38	0.6	-0.15	-9.68	-2.43	-0.98	-15.31	-4.69	0.17	-17.990000000000002	6.38
11:30:04.057630	0.44	-12.63	-0.49	-0.35000000000000003	-12.52	-2.02	-1.61	-16.27	-5.93	9.77	-13.47	5.79
11:30:04.067697	0.46	-12.75	-0.99	-0.52	-12.31	-1.54	-1.74	-14.9	-2.2	8.99	-9.33	-2.68
11:30:04.077770	0.53	-12.65	-1.37	-0.06	-11.93	-1.32	-0.9500000000000001	-10.28	1.86	5.17	-8.91	-7.48
11:30:04.087840	0.51	-11.370000000000001	-1.18	0.55	-11.35	-1.25	-1.34	-9.38	3.37	-2.37	-9.040000000000001	-8.1
11:30:04.097917	0.43	-10.56	-0.67	0.01	-9.5	-0.35000000000000003	-1.95	-9.200000000000001	3.4	-0.3	-10.0	0.66
11:30:04.107987	0.23	-9.9	-0.15	-1.21	-8.950000000000001	-0.98	-1.95	-8.92	2.73	4.04	-9.11	1.26
11:30:04.118085	-0.08	-9.42	0.35000000000000003	-2.16	-8.370000000000001	-1.81	-0.62	-9.290000000000001	3.0300000000000002	3.0500000000000003	-7.54	-0.9400000000000001
11:30:04.128157	-0.48	-8.84	1.23	-2.8000000000000003	-7.78	-1.8800000000000001	1.21	-9.290000000000001	3.06	0.62	-8.38	-3.35
11:30:04.138231	-0.32	-8.96	1.58	-3.75	-7.67	-0.19	2.9	-9.68	2.09	-0.79	-7.930000000000001	1.44
11:30:04.148467	-0.06	-9.18	1.59	-3.02	-8.46	0.37	3.89	-11.27	1.3	-0.05	-9.22	-0.18
11:30:04.158637	0.27	-9.52	1.43	-1.77	-8.94	0.35000000000000003	2.79	-11.02	1.58	1.22	-10.38	-2.74
11:30:04.168709	0.93	-9.77	0.87	-0.64	-9.05	0.77	1.1400000000000001	-10.08	1.52	1.62	-9.85	-3.49
11:30:04.179073	1.32	-9.64	0.5700000000000001	1.47	-9.21	2.02	-1.17	-9.59	0.65	0.37	-9.61	0.88
11:30:04.189140	1.61	-9.31	0.26	2.2800000000000002	-9.870000000000001	1.28	-1.07	-9.08	1.01	1.18	-9.59	-2.73
11:30:04.199410	1.92	-8.93	0.08	2.95	-10.0	0.79	0.12	-9.31	1.21	1.18	-9.59	-2.73
11:30:04.209534	1.92	-8.93	0.08	3.41	-10.06	0.6	0.12	-9.31	1.21	1.22	-8.34	-1.42
11:30:04.219624	1.94	-8.69	-0.26	2.23	-9.97	0.36	1.94	-10.200000000000001	-0.45	1.76	-9.44	0.43
11:30:04.229700	1.72	-9.02	-0.43	0.97	-9.64	0.44	2.14	-10.06	-0.2	1.74	-9.75	-2.6
11:30:04.240291	1.45	-9.34	-0.65	0.44	-9.620000000000001	0.66	1.74	-9.88	0.26	1.3	-9.86	-2.5100000000000002
11:30:04.250662	1.23	-9.75	-0.93	0.08	-9.81	0.66	1.74	-9.88	0.26	1.3	-9.86	-2.5100000000000002
11:30:04.260736	1.02	-9.78	-1.02	-0.6	-9.55	-0.13	1.33	-9.700000000000001	1.01	1.36	-9.1	-3.42
11:30:04.271114	0.87	-9.81	-1.03	-0.5700000000000001	-9.1	-0.02	1.06	-9.75	1.3800000000000001	0.9	-8.9	-3.2
11:30:04.281246	0.48	-9.8	-0.86	-0.9	-9.31	-0.53	0.29	-10.38	1.27	0.9	-9.73	-1.6400000000000001
11:30:04.291357	0.2	-9.8	-0.76	-1.73	-9.76	-0.46	0.02	-10.5	1.01	0.9	-9.73	-1.6400000000000001
11:30:04.301500	0.02	-9.77	-0.61	-1.73	-9.76	-0.46	-0.04	-10.290000000000001	1.11	1.18	-9.86	-3.77
11:30:04.312110	-0.17	-9.69	-0.53	-1.61	-9.51	-0.02	0.23	-9.540000000000001	1.18	1.43	-8.78	-4.16
11:30:04.322247	-0.22	-9.36	-0.3	-1.3	-9.33	0.17	0.4	-9.49	0.5700000000000001	1.45	-9.32	-1.06
11:30:04.332983	-0.14	-9.200000000000001	-0.16	-0.38	-9.48	0.45	0.49	-9.82	0.09	1.87	-9.44	-1.18
11:30:04.343051	-0.04	-9.11	-0.07	0.02	-9.46	0.77	1.06	-9.88	0.16	1.8900000000000001	-9.19	-3.36
11:30:04.353193	0.0	-9.03	0.0	0.42	-9.49	0.81	1.8800000000000001	-9.8	0.28	1.46	-8.82	-2.75
11:30:04.363318	-0.01	-8.89	-0.09	0.59	-9.25	0.89	1.57	-9.85	0.11	1.57	-9.790000000000001	-0.7000000000000001
11:30:04.373769	-0.08	-8.85	-0.14	1.16	-9.31	0.73	1.41	-9.73	0.05	1.6	-9.700000000000001	-2.95
11:30:04.383889	-0.01	-8.82	-0.22	1.32	-9.44	0.7000000000000001	1.49	-9.370000000000001	0.21	1.42	-9.17	-2.92
11:30:04.393984	-0.03	-8.870000000000001	-0.29	1.49	-9.36	0.8	1.18	-9.27	0.48	0.9400000000000001	-9.44	-2.7
11:30:04.404151	-0.28	-8.93	-0.44	1.58	-9.25	0.99	0.78	-9.9	0.28	1.12	-10.25	-0.42
11:30:04.414755	-0.41000000000000003	-9.05	-0.5	1.1300000000000001	-9.620000000000001	0.9	1.48	-9.870000000000001	0.03	1.41	-9.84	-3.02
11:30:04.424828	-0.37	-9.07	-0.46	1.11	-9.370000000000001	0.9400000000000001	1.43	-9.35	0.32	1.5	-8.77	-4.26
11:30:04.435397	-0.37	-9.07	-0.46	0.71	-9.35	0.86	1.16	-9.46	0.26	1.77	-9.18	-1.72
11:30:04.445852	-0.46	-9.22	-0.36	0.28	-9.55	0.67	0.99	-9.92	0.12	2.06	-9.9	-1.75
11:30:04.456021	-0.48	-9.28	-0.24	0.04	-9.61	0.43	1.02	-9.72	-0.31	1.79	-9.49	-3.5
11:30:04.466092	-0.45	-9.39	-0.13	-0.21	-9.700000000000001	0.3	0.72	-9.51	-0.01	1.6400000000000001	-9.200000000000001	-4.7700000000000005
11:30:04.476166	-0.42	-9.540000000000001	0.1	-0.33	-9.700000000000001	0.2	0.55	-9.700000000000001	0.25	1.96	-9.200000000000001	-1.6600000000000001
11:30:04.486242	-0.4	-9.52	0.11	-0.71	-9.82	0.11	0.53	-9.83	-0.6900000000000001	1.6400000000000001	-10.09	-1.83
11:30:04.496319	-0.36	-9.53	0.08	-0.98	-9.69	0.22	0.79	-9.53	-1.43	1.3900000000000001	-9.83	-3.9
11:30:04.506400	-0.28	-9.52	-0.04	-0.97	-9.700000000000001	0.22	1.08	-9.38	-0.46	1.53	-9.51	-4.5
11:30:04.516470	-0.01	-9.51	-0.36	-0.8200000000000001	-9.73	0.14	1.17	-9.36	0.15	1.59	-9.59	-1.3800000000000001
11:30:04.526544	0.1	-9.44	-0.53	-0.87	-9.8	0.49	0.6900000000000001	-9.6	-0.55	1.33	-10.3	-2.75
11:30:04.536612	0.23	-9.38	-0.7000000000000001	-0.85	-9.83	0.75	0.8300000000000001	-9.49	-0.18	1.29	-9.64	-3.91
11:30:04.546687	0.34	-9.36	-0.8200000000000001	-0.65	-9.9	0.97	1.09	-9.41	0.8200000000000001	1.96	-9.450000000000001	-4.11
11:30:04.556768	0.44	-9.47	-0.91	-0.43	-10.01	1.12	0.8200000000000001	-10.25	0.27	1.8900000000000001	-10.16	-2.1
11:30:04.566840	0.45	-9.58	-0.9	-0.46	-10.120000000000001	1.19	1.02	-9.98	0.63	1.3	-10.69	-3.61
11:30:04.576943	0.42	-9.73	-0.8200000000000001	-0.51	-10.290000000000001	1.48	1.09	-9.83	1.24	1.4000000000000001	-10.31	-4.94
11:30:04.587012	0.3	-9.86	-0.78	-0.5	-10.32	1.3900000000000001	0.97	-10.13	1.6500000000000001	1.73	-10.200000000000001	-4.11
11:30:04.597087	-0.01	-10.22	-0.58	-0.61	-10.44	1.3800000000000001	0.68	-10.94	1.72	1.83	-11.42	-2.21
11:30:04.607167	-0.02	-10.1	-0.44	-1.07	-10.620000000000001	1.62	1.74	-10.66	1.69	-0.85	-12.41	-4.69
11:30:04.617234	-0.11	-10.41	-0.36	-1.3900000000000001	-10.88	1.58	1.35	-10.89	2.11	2.36	-10.870000000000001	-5.83
11:30:04.627303	-0.29	-10.57	-0.14	-1.54	-10.9	1.6	-0.48	-11.540000000000001	2.22	4.2	-10.71	-5.0200000000000005
11:30:04.637384	-0.66	-10.77	0.16	-1.49	-10.91	1.01	-0.59	-11.58	1.81	2.23	-10.75	-2.74
11:30:04.647458	-0.92	-10.89	0.31	-1.1400000000000001	-10.65	1.44	-0.33	-10.91	1.6	2.22	-10.81	-4.75
11:30:04.657536	-1.17	-11.02	0.44	-1.1500000000000001	-10.67	1.25	-0.48	-10.68	2.23	5.4	-10.16	-6.0200000000000005
11:30:04.667607	-1.55	-11.16	0.66	-1.18	-10.57	0.9500000000000001	-0.89	-11.09	1.1	5.28	-9.81	-3.7800000000000002
11:30:04.677674	-1.6400000000000001	-11.07	0.68	-1.09	-10.540000000000001	0.68	-0.37	-10.620000000000001	1.11	4.75	-9.93	-3.46
11:30:04.687803	-1.71	-11.02	0.72	-0.53	-10.69	0.88	0.1	-10.290000000000001	0.85	3.9	-10.55	-5.39
11:30:04.698229	-1.71	-10.89	0.65	-0.29	-10.68	0.9500000000000001	0.03	-10.620000000000001	0.64	3.18	-10.49	-5.72
11:30:04.708863	-1.6300000000000001	-10.34	0.5700000000000001	0.0	-10.67	0.71	0.03	-10.620000000000001	0.64	2.82	-10.88	-3.5700000000000003
11:30:04.718979	-1.59	-10.14	0.45	0.1	-10.370000000000001	0.58	0.72	-9.76	0.5	1.82	-10.3	-3.47
11:30:04.729096	-1.52	-9.92	0.38	0.38	-10.13	0.23	0.7000000000000001	-9.99	0.11	1.11	-10.870000000000001	-5.57
11:30:04.739821	-1.4000000000000001	-9.76	0.34	0.29	-10.0	0.23	0.85	-10.540000000000001	-0.36	1.09	-10.68	-5.59
11:30:04.749923	-0.8	-9.68	0.47000000000000003	0.33	-9.84	0.25	2.0300000000000002	-10.33	-1.26	2.09	-11.07	-2.77
11:30:04.760066	-0.17	-9.86	0.84	0.89	-10.5	0.73	1.24	-10.96	-0.48	1.3	-12.76	-5.8500000000000005
11:30:04.770196	0.46	-10.46	1.51	1.09	-11.36	0.9	0.76	-11.48	-1.52	-1.33	-14.02	-3.24
11:30:04.780266	0.41000000000000003	-11.19	2.02	1.16	-11.61	0.9500000000000001	-0.08	-11.28	-1.81	-1.41	-13.05	-1.9000000000000001
11:30:04.790787	-0.91	-11.84	2.71	0.9400000000000001	-11.44	0.8300000000000001	-0.8	-10.86	-1.48	0.79	-12.68	-3.74
11:30:04.801244	-1.58	-11.96	2.7600000000000002	0.39	-11.58	0.18	-1.78	-11.57	-1.81	0.1	-16.15	-3.67
11:30:04.811755	-2.07	-11.78	2.39	0.13	-11.51	0.03	-1.61	-11.99	-1.6	-1.8800000000000001	-15.11	-3.0700000000000003
11:30:04.821824	-1.73	-11.44	1.75	-0.6	-11.01	-0.86	-1.44	-12.36	-1.01	-1.44	-15.34	0.8200000000000001
11:30:04.831890	1.1500000000000001	-10.25	0.3	-1.17	-10.59	-1.49	-0.91	-12.33	-3.93	-0.35000000000000003	-17.21	-2.04
11:30:04.842006	2.47	-9.59	-0.36	-1.61	-10.21	-1.45	-0.26	-13.14	-4.08	1.4000000000000001	-18.98	-0.32
11:30:04.853845	3.09	-9.19	-0.97	-2.11	-9.81	-1.07	1.02	-13.540000000000001	-4.88	2.92	-18.88	0.63
11:30:04.863968	2.68	-8.81	-1.59	-2.27	-9.450000000000001	-1.22	2.36	-13.56	-4.86	4.42	-17.080000000000002	1.59
11:30:04.874066	2.7	-8.68	-1.61	-2.57	-8.9	-0.8300000000000001	3.5700000000000003	-10.39	-0.9400000000000001	4.36	-12.73	-3.79
11:30:04.884184	2.7800000000000002	-8.47	-1.48	-2.35	-9.02	-0.86	3.38	-9.72	0.96	4.59	-10.290000000000001	-6.26
11:30:04.894308	2.62	-8.120000000000001	-0.99	-3.27	-9.56	-0.96	1.9100000000000001	-10.040000000000001	3.94	4.8100000000000005	-9.040000000000001	-5.9
11:30:04.904413	2.22	-8.2	-0.5700000000000001	-3.1	-9.57	-0.53	1.1300000000000001	-11.21	8.33	5.91	-9.26	-8.86
11:30:04.914555	1.69	-8.51	-0.1	-2.63	-10.620000000000001	1.1	0.64	-10.88	9.14	1.35	-2.42	0.06
11:30:04.924678	1.27	-8.94	0.45	-3.18	-11.41	1.83	0.68	-10.81	8.42	-8.52	2.37	8.23
11:30:04.935300	0.65	-9.98	1.46	-1.98	-12.57	1.37	0.54	-10.290000000000001	7.58	-13.32	4.8100000000000005	17.03
11:30:04.945463	0.48	-10.33	1.87	-1.71	-13.46	1.62	0.26	-10.96	2.92	-0.49	-7.53	10.08
11:30:04.955582	0.33	-10.48	2.09	-2.09	-12.9	1.5	-0.2	-10.24	3.1	6.18	-14.16	7.5200000000000005
11:30:04.966164	0.17	-10.52	2.09	-2.59	-12.14	1.0	0.09	-9.03	3.84	5.8	-13.49	1.48
11:30:04.976236	0.12	-10.1	1.61	-2.69	-11.51	0.84	1.36	-7.09	4.61	0.29	-8.64	7.33
11:30:04.986312	0.27	-9.82	1.28	-1.73	-11.36	0.6900000000000001	1.86	-7.5600000000000005	5.04	-0.56	-1.23	7.57
11:30:04.996389	0.41000000000000003	-9.63	0.99	-1.18	-10.17	0.52	1.73	-7.21	5.22	3.5	-2.0100000000000002	8.82
11:30:05.007095	0.47000000000000003	-9.46	0.76	-1.47	-9.700000000000001	0.16	1.46	-6.75	4.98	5.0	-5.07	5.6000000000000005
11:30:05.017171	0.53	-9.48	0.35000000000000003	-0.91	-9.74	0.32	0.64	-6.47	4.86	1.84	-7.51	5.38
11:30:05.027234	0.52	-9.450000000000001	0.17	-0.88	-9.64	0.35000000000000003	0.16	-6.7	4.65	-1.4000000000000001	-12.24	2.83
11:30:05.037309	0.52	-9.34	0.06	-0.59	-9.35	0.15	-0.52	-6.76	5.28	0.1	-9.35	3.52
11:30:05.047382	0.46	-9.14	0.0	-0.99	-8.96	0.44	-0.52	-6.76	5.28	-0.16	-5.64	4.24
11:30:05.057461	0.42	-9.0	0.06	-1.17	-8.23	0.21	-0.77	-6.640000000000001	5.96	0.42	-6.51	3.64
11:30:05.067536	0.33	-8.92	0.15	-1.55	-7.74	0.24	-0.98	-6.68	6.08	0.3	-10.31	1.11
11:30:05.077626	0.21	-8.83	0.29	-1.97	-7.58	-0.07	-1.23	-7.19	5.86	-0.22	-11.27	0.09
11:30:05.087749	-0.08	-8.74	0.62	-2.04	-7.6000000000000005	-0.07	-1.3900000000000001	-7.54	5.79	-0.18	-11.94	-0.8
11:30:05.097821	-0.25	-8.69	0.75	-2.31	-7.51	0.0	-1.25	-7.930000000000001	6.25	0.63	-12.92	-2.67
11:30:05.107975	-0.31	-8.66	0.88	-2.6	-7.47	-0.18	-1.25	-7.930000000000001	6.25	0.74	-13.18	-3.17
11:30:05.118627	-0.32	-8.69	0.93	-2.7	-7.3100000000000005	-0.14	-1.02	-8.02	6.16	1.17	-13.67	-3.62
11:30:05.128702	-0.38	-8.75	0.86	-2.74	-7.23	-0.18	0.09	-8.88	5.5	2.11	-14.02	-4.42
11:30:05.138810	-0.34	-8.84	0.75	-2.39	-7.23	-0.6	0.43	-9.22	5.6000000000000005	3.39	-13.74	-4.78
11:30:05.148999	-0.28	-8.91	0.54	-1.79	-7.13	-1.21	0.56	-9.46	5.2700000000000005	3.83	-14.42	-5.55
11:30:05.159801	-0.13	-8.96	0.32	-1.31	-7.23	-1.44	0.17	-9.75	5.15	4.55	-15.15	-7.37
11:30:05.169881	0.07	-9.02	0.07	-0.87	-7.37	-1.62	0.14	-9.41	5.23	4.25	-14.24	-7.57
11:30:05.180562	0.16	-9.07	0.02	-0.52	-7.48	-2.0	-0.06	-9.53	5.07	4.24	-14.530000000000001	-7.71
11:30:05.190655	0.18	-9.07	0.05	0.65	-7.7	-2.91	-0.59	-10.200000000000001	4.59	4.25	-14.620000000000001	-7.76
11:30:05.200749	0.11	-9.02	0.08	0.65	-7.7	-2.91	-0.73	-10.5	4.68	4.88	-13.280000000000001	-8.31
11:30:05.210826	-0.07	-8.91	0.25	0.84	-7.5200000000000005	-3.1	-0.5700000000000001	-10.28	4.7700000000000005	4.86	-12.84	-8.28
11:30:05.221325	-0.13	-8.83	0.4	0.73	-7.44	-3.06	-0.22	-9.83	4.43	4.95	-14.85	-8.67
11:30:05.231711	-0.14	-8.83	0.55	1.03	-7.73	-2.81	0.37	-10.44	3.22	4.58	-14.81	-11.97
11:30:05.241774	-0.25	-9.14	0.76	1.22	-8.03	-2.61	0.34	-10.51	3.09	3.0100000000000002	-14.59	-12.07
11:30:05.251893	-0.38	-9.38	0.85	1.32	-8.42	-2.33	0.04	-10.5	3.0500000000000003	3.04	-13.82	-12.33
11:30:05.262012	-0.44	-9.52	0.9	1.3900000000000001	-9.24	-3.15	-0.86	-10.27	2.22	3.25	-12.91	-12.89
11:30:05.272511	-0.48	-9.700000000000001	0.89	1.41	-9.48	-3.65	-0.91	-10.39	1.62	3.14	-11.72	-13.030000000000001
11:30:05.282637	-0.38	-9.870000000000001	0.91	1.36	-9.63	-3.81	-0.97	-9.53	2.06	3.37	-11.75	-14.08
11:30:05.292711	-0.22	-9.98	0.9500000000000001	1.23	-9.84	-3.8000000000000003	-0.9400000000000001	-8.96	1.92	2.93	-11.56	-15.23
11:30:05.303316	-0.11	-10.18	1.03	0.99	-10.58	-4.29	-0.97	-9.24	1.46	1.76	-10.96	-14.98
11:30:05.313392	-0.14	-10.38	0.99	0.85	-11.02	-4.57	-1.08	-9.09	1.17	1.32	-10.94	-15.84
11:30:05.323474	-0.47000000000000003	-10.89	1.01	0.6900000000000001	-11.46	-4.62	-1.34	-8.700000000000001	0.68	1.37	-9.8	-16.67
11:30:05.333596	-0.73	-11.1	0.92	0.52	-11.65	-4.46	-1.03	-8.27	0.3	1.59	-9.46	-16.52
11:30:05.343667	-0.8300000000000001	-11.4	0.89	0.23	-11.790000000000001	-4.12	-0.5700000000000001	-8.35	0.28	1.84	-9.53	-16.41
11:30:05.353741	-1.01	-11.63	0.79	0.24	-11.6	-4.05	-0.28	-8.4	0.47000000000000003	1.72	-9.0	-15.25
11:30:05.364324	-1.3800000000000001	-11.68	0.6900000000000001	0.25	-11.28	-4.0	-0.23	-8.4	0.58	1.94	-9.25	-14.58
11:30:05.374722	-1.5	-11.58	0.64	0.31	-10.85	-3.8000000000000003	-0.18	-8.58	0.73	2.48	-9.73	-13.65
11:30:05.384808	-1.55	-11.120000000000001	0.67	0.27	-9.98	-3.6	-0.14	-8.82	1.03	4.6000000000000005	-12.81	-13.84
11:30:05.394909	-1.48	-10.77	0.65	0.31	-9.46	-3.31	-0.13	-8.98	1.29	4.87	-8.61	-12.02
11:30:05.405034	-1.44	-10.56	0.6900000000000001	0.26	-8.93	-2.98	-0.09	-8.9	2.0300000000000002	5.29	-7.5	-11.18
11:30:05.415534	-1.36	-10.28	0.67	0.33	-8.09	-2.5100000000000002	-0.18	-8.83	2.44	3.83	-5.38	-9.74
11:30:05.425751	-0.65	-9.91	0.71	0.39	-7.75	-2.25	-0.55	-9.3	3.25	4.28	-9.06	-3.42
11:30:05.435818	0.1	-10.26	0.58	0.46	-7.86	-1.67	-0.36	-10.53	2.59	-0.3	-21.31	18.63
11:30:05.445885	0.3	-11.15	0.09	0.7000000000000001	-9.78	-0.96	-0.28	-16.09	-7.36	7.07	-21.55	14.43
11:30:05.456013	0.3	-11.97	-0.46	-0.27	-12.450000000000001	0.1	-1.1	-16.11	-7.8	9.69	-13.67	-4.43
11:30:05.466615	0.49	-12.96	-1.16	-0.46	-11.9	-0.72	-0.33	-13.69	-1.22	0.84	-6.45	-12.77
11:30:05.476714	0.56	-12.96	-1.43	-1.43	-11.370000000000001	-0.37	-0.23	-10.370000000000001	2.96	-7.28	-7.91	-4.91
11:30:05.486780	0.67	-12.56	-1.48	-2.1	-11.700000000000001	0.17	-2.0	-10.73	2.7600000000000002	-2.63	-10.56	2.07
11:30:05.496869	0.7000000000000001	-11.92	-1.26	-1.18	-12.23	-3.43	-3.73	-10.81	1.03	3.98	-11.35	2.05
11:30:05.506936	0.54	-10.0	-0.42	-1.61	-10.3	-3.92	-3.72	-9.92	1.76	0.86	-6.91	-3.35
11:30:05.517007	0.63	-9.31	0.08	-2.62	-8.290000000000001	-1.9000000000000001	-0.24	-8.89	2.08	-1.42	-8.1	0.37
11:30:05.527107	0.88	-8.91	0.48	-3.48	-7.75	-0.39	1.51	-9.35	1.32	-0.27	-9.01	0.62
11:30:05.537175	1.09	-8.74	0.77	-2.35	-8.08	0.17	3.16	-10.51	0.73	0.88	-9.07	-2.04
11:30:05.547249	0.9500000000000001	-8.59	0.96	-1.59	-8.05	0.45	2.56	-11.05	0.9400000000000001	1.21	-8.33	-3.16
11:30:05.557413	0.92	-8.61	0.97	-0.5	-7.79	1.33	1.23	-10.5	0.9500000000000001	0.93	-11.1	-0.91
11:30:05.567499	1.01	-8.59	0.93	0.33	-8.05	2.07	-0.13	-9.55	0.62	1.3900000000000001	-10.74	-0.84
11:30:05.577790	1.32	-8.53	0.89	2.13	-9.23	1.53	-0.85	-8.73	0.4	0.45	-9.1	-1.98
11:30:05.588375	1.94	-8.63	0.79	3.09	-9.98	1.28	0.35000000000000003	-8.53	1.32	0.67	-8.790000000000001	-2.42
11:30:05.598767	2.04	-8.78	0.72	3.5100000000000002	-10.61	1.05	1.18	-10.51	0.25	1.58	-8.97	0.68
11:30:05.609407	1.95	-9.01	0.5	3.08	-10.78	1.0	1.8	-10.06	-0.15	1.8	-9.3	-2.1
11:30:05.619474	1.49	-9.59	-0.17	1.05	-9.99	1.3	1.51	-9.94	-0.13	1.59	-10.41	-3.29
11:30:05.629655	1.36	-9.8	-0.56	0.24	-9.65	1.1300000000000001	1.26	-9.91	-0.24	1.6500000000000001	-10.67	-1.1500000000000001
11:30:05.639777	1.16	-9.86	-0.89	-0.06	-9.47	0.62	1.4000000000000001	-9.91	-0.44	1.5	-9.9	-2.91
11:30:05.650414	1.04	-9.86	-1.1300000000000001	-0.43	-9.48	-0.02	1.54	-9.620000000000001	0.68	0.97	-8.9	-1.96
11:30:05.660658	0.73	-9.74	-1.19	-0.8300000000000001	-8.83	-0.62	1.11	-9.88	0.9400000000000001	1.1500000000000001	-9.35	-1.8
11:30:05.670805	0.5700000000000001	-9.73	-1.09	-1.26	-9.46	-1.31	0.61	-10.06	0.62	1.53	-9.83	-1.06
11:30:05.681319	0.36	-9.700000000000001	-0.92	-1.33	-9.51	-0.8300000000000001	0.38	-9.98	0.48	1.37	-9.76	-3.48
11:30:05.691423	0.17	-9.63	-0.76	-1.24	-9.71	-0.17	0.48	-9.94	0.76	1.47	-9.3	-3.9
11:30:05.701517	-0.13	-9.43	-0.47000000000000003	-0.88	-9.61	0.06	0.52	-9.88	0.77	1.37	-9.5	-2.18
11:30:05.711678	-0.12	-9.32	-0.28	-0.89	-9.42	0.23	0.7000000000000001	-9.620000000000001	0.52	1.53	-9.620000000000001	-1.07
11:30:05.722321	-0.06	-9.23	-0.09	-0.54	-9.3	0.45	1.12	-9.61	0.12	1.42	-8.97	-3.35
11:30:05.732424	-0.01	-9.120000000000001	0.02	0.31	-9.19	0.65	1.58	-9.61	0.5	1.42	-8.64	-3.3200000000000003
11:30:05.742531	-0.01	-8.94	0.21	0.77	-9.21	0.6	1.82	-9.52	0.51	1.24	-9.44	-0.35000000000000003
11:30:05.753196	0.05	-8.82	0.27	1.12	-9.23	0.72	1.44	-9.94	0.08	1.4000000000000001	-9.77	-1.7
11:30:05.763315	-0.02	-8.82	0.23	1.6	-9.34	0.7000000000000001	1.44	-9.78	0.35000000000000003	1.47	-8.870000000000001	-3.31
11:30:05.773391	-0.2	-8.72	0.22	1.76	-9.35	0.8	1.54	-9.56	0.52	1.46	-8.81	-3.23
11:30:05.783460	-0.37	-8.82	0.11	1.75	-9.56	0.8300000000000001	1.06	-9.41	0.75	1.74	-9.99	-0.79
11:30:05.793531	-0.47000000000000003	-8.9	0.03	1.7	-9.69	0.6	-0.48	-10.27	0.6	1.99	-9.97	-2.83
11:30:05.803601	-0.51	-9.03	0.0	1.1300000000000001	-9.540000000000001	0.63	-0.29	-10.25	0.43	1.84	-8.94	-4.48
11:30:05.813955	-0.58	-9.370000000000001	0.02	1.02	-9.51	0.5	0.39	-9.69	0.26	2.17	-8.99	-2.54
11:30:05.824112	-0.6900000000000001	-9.48	0.09	0.5700000000000001	-9.51	0.18	1.02	-10.06	-0.19	2.45	-9.8	-0.66
11:30:05.834201	-0.72	-9.55	0.21	0.36	-9.5	0.1	1.68	-10.06	-0.02	2.02	-9.74	-3.6
11:30:05.844286	-0.78	-9.59	0.26	-0.18	-9.46	0.04	2.05	-9.57	-0.05	1.43	-9.32	-4.28
11:30:05.854355	-0.8200000000000001	-9.57	0.42	-0.33	-9.39	0.15	1.5	-9.43	-0.13	2.0300000000000002	-9.200000000000001	-2.64
11:30:05.864429	-0.79	-9.5	0.46	-0.6	-9.55	0.01	0.15	-10.120000000000001	0.79	2.07	-9.8	-1.49
11:30:05.874496	-0.71	-9.41	0.46	-0.77	-9.57	-0.08	-0.25	-10.06	0.7000000000000001	1.3	-9.450000000000001	-3.3000000000000003
11:30:05.884570	-0.5700000000000001	-9.35	0.4	-0.9400000000000001	-9.620000000000001	0.25	-0.14	-9.620000000000001	0.39	1.74	-9.620000000000001	-4.8
11:30:05.894655	-0.26	-9.32	0.19	-1.12	-9.61	0.51	0.75	-9.71	1.05	1.94	-9.4	-2.39
11:30:05.904780	-0.19	-9.28	0.06	-0.84	-9.6	0.68	0.96	-10.18	0.63	1.92	-9.94	-2.35
11:30:05.914847	-0.11	-9.23	-0.06	-1.01	-9.6	0.8200000000000001	0.8	-10.05	0.54	1.6400000000000001	-9.31	-3.52
11:30:05.924924	-0.04	-9.21	-0.15	-1.21	-9.59	1.42	0.71	-9.59	0.72	1.6300000000000001	-9.3	-4.97
11:30:05.934999	-0.03	-9.24	-0.36	-1.05	-9.6	1.51	0.54	-9.620000000000001	1.18	1.79	-9.39	-1.79
11:30:05.945070	-0.02	-9.34	-0.39	-0.71	-9.870000000000001	1.41	0.45	-10.14	0.19	1.99	-10.14	-3.09
11:30:05.955779	-0.03	-9.47	-0.4	-1.11	-9.94	1.3800000000000001	0.78	-9.94	0.38	1.27	-10.09	-4.5600000000000005
11:30:05.965906	0.12	-10.14	-0.46	-0.72	-10.28	1.2	1.05	-9.67	0.91	1.77	-9.97	-4.55
11:30:05.976556	0.15	-10.3	-0.45	-0.86	-10.18	0.58	0.9400000000000001	-10.22	0.23	2.5100000000000002	-10.01	-1.97
11:30:05.986676	0.02	-10.34	-0.36	-1.01	-10.08	0.44	0.68	-10.44	-0.06	2.48	-10.790000000000001	-4.24
11:30:05.996741	0.03	-10.65	-0.34	-1.07	-10.8	0.54	1.07	-10.03	0.02	-1.07	-11.63	-5.7
11:30:06.006834	-0.18	-10.85	-0.26	-1.1	-11.42	1.16	1.04	-11.0	1.67	1.17	-10.36	-3.39
11:30:06.016906	-0.35000000000000003	-10.96	-0.2	-1.19	-11.14	1.02	0.2	-11.700000000000001	1.03	3.81	-11.14	-3.04
11:30:06.026998	-0.5	-11.03	-0.09	-0.97	-11.0	0.24	-0.75	-11.74	1.4000000000000001	2.35	-11.34	-5.25
11:30:06.037132	-1.09	-11.22	0.25	-0.8200000000000001	-10.84	0.9	-0.18	-10.58	1.27	3.7600000000000002	-10.200000000000001	-5.8
11:30:06.047240	-1.32	-11.21	0.43	-0.93	-10.82	1.24	-0.38	-10.65	1.3900000000000001	5.33	-10.48	-4.42
11:30:06.057328	-1.52	-11.1	0.6	-0.93	-10.72	1.0	-0.55	-11.13	0.87	5.2	-10.09	-3.17
11:30:06.067396	-1.7	-11.02	0.76	-0.66	-10.72	0.71	-0.48	-11.06	0.8	3.24	-11.03	-5.62
11:30:06.077502	-1.94	-10.700000000000001	0.87	-0.42	-10.74	0.58	0.22	-10.46	1.3800000000000001	3.36	-10.620000000000001	-6.03
11:30:06.088127	-2.05	-10.53	0.89	-0.07	-10.41	0.2	0.11	-10.64	1.25	3.2	-11.08	-3.48
11:30:06.098239	-2.13	-10.3	0.92	0.06	-10.11	0.35000000000000003	0.6900000000000001	-9.92	0.76	2.42	-10.52	-2.8000000000000003
11:30:06.108331	-2.22	-10.06	0.9500000000000001	0.14	-9.950000000000001	0.46	0.52	-9.78	1.43	1.3	-10.97	-5.48
11:30:06.118401	-2.19	-9.8	0.93	0.12	-9.98	0.27	0.67	-9.92	1.1	1.48	-10.65	-6.15
11:30:06.128511	-1.97	-9.67	0.93	0.05	-9.91	0.04	0.3	-10.42	0.84	1.83	-10.870000000000001	-3.18
11:30:06.138658	-1.46	-9.69	0.9400000000000001	0.12	-10.02	0.17	1.04	-10.33	0.15	1.74	-11.82	-4.2
11:30:06.149202	-0.13	-10.58	1.53	0.37	-10.51	0.49	0.93	-10.39	0.45	1.93	-11.68	-5.99
11:30:06.159319	-0.12	-11.06	1.6	0.87	-11.47	0.54	0.63	-11.0	0.43	0.09	-13.370000000000001	-0.84
11:30:06.169394	-0.44	-11.39	1.85	0.7000000000000001	-11.22	0.4	0.16	-11.17	-1.26	0.59	-12.81	-5.12
11:30:06.179492	-0.86	-11.48	2.0	0.54	-11.03	0.11	-0.22	-10.41	-0.89	1.19	-14.620000000000001	-4.78
11:30:06.189602	-1.48	-11.28	1.72	0.28	-11.25	-0.01	-1.23	-10.74	-0.65	-0.27	-15.120000000000001	-3.7600000000000002
11:30:06.199709	-1.09	-10.97	1.47	-0.21	-11.200000000000001	0.02	-1.26	-11.41	-1.23	-1.34	-14.83	-0.21
11:30:06.209830	-0.18	-10.5	1.07	-0.55	-11.07	-0.16	-1.35	-12.040000000000001	-1.11	-1.03	-16.45	-1.52
11:30:06.219959	1.01	-10.03	0.6900000000000001	-0.96	-11.0	-0.54	-1.19	-11.94	-2.44	0.51	-18.150000000000002	-1.56
11:30:06.230590	2.62	-9.16	-0.48	-1.51	-10.97	-0.78	-1.43	-12.73	-2.91	0.91	-17.93	-1.05
11:30:06.240718	2.88	-9.01	-0.93	-2.2600000000000002	-10.31	-1.4000000000000001	0.11	-13.31	-3.5500000000000003	3.64	-15.76	2.61
11:30:06.250826	2.86	-9.03	-1.23	-2.22	-9.56	-1.24	1.18	-12.58	-3.44	4.11	-13.36	0.7000000000000001
11:30:06.260988	2.68	-9.0	-1.41	-2.38	-8.9	-0.77	2.16	-12.33	-2.93	5.24	-12.23	-4.8100000000000005
11:30:06.271662	2.59	-8.76	-1.56	-2.75	-9.33	-0.72	2.75	-9.620000000000001	0.37	6.8500000000000005	-11.0	-10.0
11:30:06.281789	2.61	-8.72	-1.44	-3.18	-9.66	-0.37	2.81	-9.43	3.13	7.11	-11.32	-10.35
11:30:06.291906	2.5	-8.75	-1.29	-2.97	-9.83	-0.01	1.69	-10.23	5.4	6.2700000000000005	-11.31	-7.49
11:30:06.302381	2.17	-8.950000000000001	-0.93	-3.24	-10.370000000000001	0.8	1.23	-11.450000000000001	7.22	4.67	-6.140000000000001	-4.12
11:30:06.313028	0.9400000000000001	-9.75	0.25	-1.62	-12.01	1.37	1.25	-11.83	5.48	0.05	-1.4000000000000001	-0.19
11:30:06.323236	0.61	-9.96	0.88	-0.81	-12.32	2.14	1.31	-10.69	6.94	-14.97	4.87	10.200000000000001
11:30:06.333670	0.42	-10.1	1.47	-0.73	-12.42	2.48	1.08	-9.1	8.69	-10.8	6.2	13.780000000000001
11:30:06.343736	0.41000000000000003	-10.16	1.97	-1.42	-12.34	2.63	0.24	-8.22	5.63	-5.17	1.58	14.0
11:30:06.353803	0.27	-9.97	2.2	-1.9000000000000001	-11.9	1.3900000000000001	0.08	-9.15	2.23	0.37	-7.71	11.88
11:30:06.363871	0.07	-9.76	2.0100000000000002	-2.0100000000000002	-11.43	0.74	-0.13	-9.8	1.6600000000000001	4.93	-15.84	1.58
11:30:06.373945	0.08	-9.64	1.73	-1.6500000000000001	-10.92	0.49	0.25	-8.84	2.8000000000000003	0.56	-8.65	7.86
11:30:06.384023	0.12	-9.49	1.18	-1.32	-10.700000000000001	0.05	1.26	-7.0	4.79	-1.94	-3.0700000000000003	8.77
11:30:06.394094	0.17	-9.41	0.91	-1.3900000000000001	-9.69	0.12	1.44	-7.48	4.34	6.12	-4.15	8.040000000000001
11:30:06.404281	0.25	-9.35	0.76	-1.48	-9.38	0.44	1.28	-6.62	4.3	5.89	-6.140000000000001	4.13
11:30:06.414349	0.32	-9.27	0.59	-1.42	-9.07	0.55	0.58	-6.43	4.82	1.94	-9.28	3.99
11:30:06.424537	0.29	-9.07	0.4	-1.3900000000000001	-8.8	0.42	0.03	-6.01	4.79	-0.98	-11.74	3.8200000000000003
11:30:06.434639	0.34	-8.97	0.38	-1.47	-8.42	-0.1	-0.89	-6.29	4.73	-0.37	-7.7700000000000005	4.51
11:30:06.444780	0.33	-8.9	0.36	-1.23	-7.96	-0.14	-1.75	-6.55	4.87	0.28	-6.4	3.61
11:30:06.454918	0.26	-8.82	0.41000000000000003	-1.72	-7.73	-0.26	-1.68	-6.890000000000001	5.38	1.4000000000000001	-8.21	2.92
11:30:06.465043	0.03	-8.790000000000001	0.64	-1.95	-7.66	-0.2	-1.3800000000000001	-7.34	5.68	0.79	-10.55	0.65
11:30:06.475131	-0.05	-8.82	0.79	-2.36	-7.5200000000000005	0.0	-1.1500000000000001	-7.57	6.21	0.2	-10.790000000000001	-0.24
11:30:06.485725	-0.14	-8.870000000000001	0.87	-2.54	-7.61	-0.03	-0.74	-7.99	6.01	0.15	-12.49	-1.1500000000000001
11:30:06.495806	-0.17	-8.93	0.97	-2.65	-7.68	0.09	-0.76	-8.3	5.71	0.04	-14.22	-2.74
11:30:06.505905	-0.2	-8.96	1.02	-2.7800000000000002	-7.72	0.13	-0.81	-8.52	5.55	0.42	-14.43	-3.6
11:30:06.515974	-0.23	-9.1	1.09	-2.61	-7.640000000000001	-0.08	-0.27	-8.790000000000001	5.58	1.51	-13.92	-4.34
11:30:06.526661	-0.26	-8.94	0.88	-2.3000000000000003	-7.59	-0.43	0.67	-9.040000000000001	5.51	2.63	-14.11	-5.0
11:30:06.536734	-0.14	-8.870000000000001	0.64	-2.0100000000000002	-7.5	-0.64	0.59	-9.38	5.0600000000000005	3.72	-14.4	-5.72
11:30:06.547248	-0.01	-8.85	0.55	-1.23	-7.54	-1.26	0.49	-9.83	4.9	4.55	-14.57	-7.0200000000000005
11:30:06.557373	0.01	-8.86	0.44	-0.8	-7.51	-1.53	0.12	-9.68	5.13	4.44	-13.84	-6.99
11:30:06.567428	0.03	-8.83	0.46	-0.4	-7.6000000000000005	-2.05	-0.15	-9.41	5.33	4.08	-13.07	-6.61
11:30:06.577562	0.0	-8.82	0.47000000000000003	0.16	-7.69	-2.5100000000000002	-0.39	-9.26	5.2700000000000005	3.5500000000000003	-13.15	-6.38
11:30:06.588143	0.0	-8.870000000000001	0.51	1.04	-7.67	-2.79	-0.08	-9.43	5.18	2.84	-14.49	-6.92
11:30:06.598228	0.0	-8.92	0.6	1.06	-7.55	-2.82	0.26	-10.32	4.49	3.14	-14.870000000000001	-7.41
11:30:06.608299	-0.27	-9.02	0.81	1.24	-7.6000000000000005	-2.89	0.05	-10.21	4.15	3.52	-14.870000000000001	-8.08
11:30:06.618366	-0.41000000000000003	-9.1	0.9500000000000001	1.24	-7.67	-2.5300000000000002	-0.3	-10.200000000000001	3.56	4.08	-14.34	-8.35
11:30:06.628479	-0.53	-9.200000000000001	1.02	0.91	-7.59	-2.47	-0.34	-10.120000000000001	3.31	4.96	-14.42	-9.9
11:30:06.638690	-0.6	-9.31	1.11	0.84	-7.640000000000001	-2.4	-0.21	-10.49	2.86	5.21	-14.33	-10.26
11:30:06.649334	-0.67	-9.47	1.33	0.85	-7.8100000000000005	-2.47	-0.02	-10.97	2.58	4.96	-14.57	-10.88
11:30:06.659444	-0.63	-9.540000000000001	1.3800000000000001	0.85	-8.02	-2.5100000000000002	-0.28	-10.03	2.18	3.58	-13.120000000000001	-11.67
11:30:06.669512	-0.63	-9.67	1.42	1.06	-8.82	-3.12	-0.44	-10.07	1.67	3.75	-12.18	-13.290000000000001
11:30:06.679603	-0.54	-9.75	1.41	1.2	-9.3	-3.61	-0.63	-10.05	1.47	3.3200000000000003	-11.3	-13.49
11:30:06.689675	-0.51	-10.03	1.35	0.99	-10.09	-3.85	-1.1500000000000001	-9.26	1.29	2.29	-11.42	-14.57
11:30:06.699752	-0.58	-10.19	1.23	0.99	-10.09	-3.85	-1.34	-8.790000000000001	1.1400000000000001	1.76	-10.67	-15.07
11:30:06.709845	-0.73	-10.5	1.1400000000000001	0.76	-11.02	-4.25	-1.4000000000000001	-8.290000000000001	0.58	1.36	-10.02	-15.540000000000001
11:30:06.719972	-0.65	-10.83	1.07	0.66	-11.42	-4.37	-1.48	-8.1	0.09	1.19	-9.94	-16.240000000000002
11:30:06.730172	-0.9500000000000001	-11.35	0.8300000000000001	0.53	-11.76	-4.25	-0.51	-8.38	-0.13	0.8	-9.77	-16.22
11:30:06.740503	-1.2	-11.57	0.77	0.52	-12.040000000000001	-4.41	-0.04	-8.22	-0.09	0.62	-9.69	-16.03
11:30:06.750586	-1.43	-11.73	0.7000000000000001	0.6	-11.52	-4.8100000000000005	0.17	-8.09	-0.04	0.51	-9.66	-15.42
11:30:06.760723	-1.73	-11.540000000000001	0.76	0.6	-11.52	-4.8100000000000005	0.19	-8.19	0.15	1.29	-9.49	-13.96
11:30:06.771175	-1.78	-11.39	0.79	0.63	-10.73	-4.28	0.19	-8.34	0.31	1.98	-9.34	-13.17
11:30:06.781728	-1.8	-11.24	0.93	0.5	-9.6	-3.34	0.09	-8.53	0.63	2.5	-9.16	-12.21
11:30:06.791801	-1.86	-10.89	0.91	0.22	-9.14	-2.7	0.0	-8.64	0.9500000000000001	5.18	-13.17	-10.58
11:30:06.802260	-1.7	-10.18	1.01	0.18	-8.65	-2.33	0.01	-8.89	1.6300000000000001	7.17	-6.72	-9.78
11:30:06.812362	-1.58	-9.88	0.97	0.16	-7.74	-2.06	-0.25	-8.85	1.98	4.57	-3.77	-7.62
11:30:06.822462	-1.46	-9.56	0.9400000000000001	0.33	-7.37	-2.07	-0.76	-8.86	2.34	4.4	-7.2700000000000005	-1.99
11:30:06.832532	-1.16	-9.3	0.93	0.48	-7.13	-1.98	-0.91	-11.94	0.0	4.57	-13.3	3.61
11:30:06.842605	0.12	-9.75	0.76	0.47000000000000003	-8.07	-1.6300000000000001	-0.6900000000000001	-15.68	-6.32	7.0	-24.44	20.32
11:30:06.852720	0.34	-10.94	0.27	-0.24	-12.77	-0.76	-1.26	-17.37	-11.0	9.93	-16.4	-7.57
11:30:06.863144	0.41000000000000003	-11.950000000000001	-0.32	-0.59	-13.200000000000001	-1.34	-1.26	-15.22	-5.07	8.370000000000001	-6.54	-8.040000000000001
11:30:06.873566	0.6	-12.780000000000001	-0.8200000000000001	-0.86	-13.05	-2.24	-0.1	-10.16	2.2	0.07	-5.08	-13.77
11:30:06.883631	0.65	-13.43	-1.67	-1.68	-13.02	-1.03	-2.06	-10.77	2.82	-2.9	-10.32	0.59
11:30:06.893699	0.61	-12.93	-1.81	-1.18	-13.99	-3.14	-4.0	-10.870000000000001	0.75	3.5700000000000003	-11.06	3.61
11:30:06.903786	0.63	-12.05	-1.6400000000000001	-1.1400000000000001	-11.71	-4.7700000000000005	-3.37	-9.26	2.12	6.92	-8.38	1.28
11:30:06.913874	0.65	-10.91	-1.11	-2.21	-9.120000000000001	-4.09	-0.86	-8.93	1.75	-0.11	-8.39	-3.1
11:30:06.923966	0.79	-9.23	0.13	-3.36	-7.29	-1.6500000000000001	1.32	-8.68	1.8	-1.29	-7.54	-2.2
11:30:06.934042	1.0	-8.91	0.74	-3.65	-6.94	0.7000000000000001	3.49	-9.290000000000001	1.55	-1.29	-7.54	-2.2
11:30:06.944132	1.03	-8.74	1.12	-2.34	-7.3100000000000005	0.89	3.7600000000000002	-11.52	0.74	-1.29	-7.54	-2.2
11:30:06.954205	0.7000000000000001	-8.5	1.55	-0.96	-7.22	1.16	2.24	-10.99	1.37	1.72	-9.49	-4.19
11:30:06.964281	0.74	-8.41	1.6400000000000001	0.05	-7.0	2.2600000000000002	1.08	-9.07	2.08	0.21	-9.16	-2.44
11:30:06.974357	1.05	-8.41	1.7	2.25	-9.1	2.61	-0.89	-8.950000000000001	0.64	-0.9	-10.0	0.84
11:30:06.984424	1.4000000000000001	-8.51	1.6600000000000001	3.27	-10.370000000000001	2.1	-0.58	-9.3	0.89	0.89	-11.07	-1.54
11:30:06.994494	1.8900000000000001	-9.11	1.28	3.5300000000000002	-11.08	1.82	0.34	-9.5	1.67	1.56	-7.8	-1.41
11:30:07.004576	1.87	-9.44	0.93	3.36	-11.24	1.51	1.23	-9.85	1.54	0.91	-8.08	-2.15
11:30:07.014687	1.67	-9.69	0.51	1.57	-10.49	0.76	1.87	-10.39	0.24	1.43	-9.72	-1.4000000000000001
11:30:07.024841	1.36	-9.85	-0.11	0.76	-9.8	0.36	1.75	-10.290000000000001	-0.26	1.43	-9.72	-1.4000000000000001
11:30:07.035367	0.92	-9.94	-1.18	0.3	-9.25	-0.09	1.68	-9.85	0.18	1.43	-9.72	-1.4000000000000001
11:30:07.045578	0.84	-9.84	-1.49	-0.03	-8.96	-0.45	1.7	-9.71	0.71	1.18	-9.61	-3.64
11:30:07.055784	0.8200000000000001	-9.69	-1.62	-0.91	-8.620000000000001	-0.89	1.41	-9.950000000000001	0.56	1.52	-9.78	-1.36
11:30:07.065854	0.74	-9.6	-1.6	-1.51	-9.47	-1.77	1.12	-10.01	0.77	1.4000000000000001	-8.83	-2.72
11:30:07.075921	0.37	-9.41	-1.2	-1.35	-9.41	-1.1	0.8300000000000001	-9.88	1.35	1.12	-8.89	-3.29
11:30:07.086027	0.11	-9.26	-0.67	-1.53	-9.46	-0.46	0.19	-9.86	1.4000000000000001	1.04	-9.53	-2.5300000000000002
11:30:07.096156	-0.03	-9.23	-0.45	-1.29	-9.870000000000001	-0.48	0.03	-10.13	0.81	1.04	-9.53	-2.5300000000000002
11:30:07.106291	-0.1	-9.14	-0.11	-1.02	-9.9	-0.29	0.01	-10.22	0.66	1.18	-9.34	-3.63
11:30:07.116956	-0.07	-9.06	0.02	-0.54	-9.65	-0.07	0.85	-9.68	0.51	1.32	-9.03	-2.96
11:30:07.127085	-0.08	-9.0	0.14	0.4	-9.33	0.38	1.2	-9.74	0.11	1.34	-9.38	-0.8200000000000001
11:30:07.137791	-0.15	-8.790000000000001	0.24	0.72	-9.31	0.51	1.26	-9.73	-0.26	1.57	-9.26	-2.06
11:30:07.147865	-0.17	-8.82	0.25	0.9	-9.32	0.88	1.42	-9.71	-0.39	1.77	-8.790000000000001	-3.16
11:30:07.157946	-0.27	-8.85	0.17	0.89	-9.41	1.03	1.35	-9.43	0.22	1.97	-8.49	-3.66
11:30:07.168022	-0.34	-8.950000000000001	0.07	1.26	-9.58	0.34	0.89	-9.48	0.28	2.17	-9.36	-0.9
11:30:07.178096	-0.6	-9.200000000000001	-0.16	1.3	-9.67	0.05	0.34	-9.790000000000001	0.08	1.99	-9.18	-3.62
11:30:07.188172	-0.78	-9.35	-0.27	1.42	-9.540000000000001	-0.13	0.22	-9.6	0.42	1.73	-8.97	-4.12
11:30:07.198245	-0.86	-9.44	-0.28	1.22	-9.370000000000001	-0.2	0.66	-9.290000000000001	0.31	1.59	-8.86	-2.7
11:30:07.208323	-0.92	-9.48	-0.25	1.21	-9.48	-0.11	0.78	-9.47	0.13	1.47	-9.82	-0.31
11:30:07.218389	-1.02	-9.540000000000001	-0.07	1.18	-9.55	-0.02	0.8	-9.8	-0.29	1.71	-9.65	-3.49
11:30:07.228462	-1.09	-9.52	0.07	1.25	-9.41	-0.17	1.75	-9.620000000000001	-0.6	1.47	-9.75	-3.45
11:30:07.238536	-1.11	-9.450000000000001	0.27	0.8300000000000001	-9.15	0.06	1.6500000000000001	-9.69	-0.32	1.76	-9.14	-2.41
11:30:07.248606	-1.1500000000000001	-9.42	0.42	0.48	-9.450000000000001	-0.28	1.6	-9.76	0.43	1.78	-9.55	-1.06
11:30:07.258764	-1.17	-9.370000000000001	0.6900000000000001	0.13	-9.42	0.05	1.46	-9.51	0.45	1.7	-9.41	-4.07
11:30:07.268834	-1.11	-9.4	0.74	0.14	-9.47	0.01	0.43	-9.700000000000001	1.94	1.83	-8.99	-4.82
11:30:07.278919	-1.05	-9.370000000000001	0.6900000000000001	-0.02	-9.370000000000001	0.15	0.22	-9.75	1.78	1.82	-8.85	-1.74
11:30:07.289127	-1.01	-9.39	0.61	-0.39	-9.63	0.27	0.5700000000000001	-9.74	1.05	1.52	-9.89	-1.61
11:30:07.299222	-0.87	-9.53	0.27	-0.53	-9.6	0.7000000000000001	0.58	-9.53	1.74	1.52	-9.89	-1.61
11:30:07.309842	-0.8	-9.49	0.08	-0.76	-9.450000000000001	0.81	0.71	-9.31	2.7800000000000002	1.52	-9.89	-1.61
11:30:07.319908	-0.76	-9.49	-0.17	-0.62	-9.39	0.62	0.5	-10.120000000000001	1.35	1.85	-9.02	-1.74
11:30:07.330143	-0.64	-9.52	-0.48	-0.68	-9.61	0.96	0.8200000000000001	-9.69	1.67	1.56	-9.63	-4.72
11:30:07.340270	-0.59	-9.55	-0.64	-0.9500000000000001	-9.620000000000001	1.28	0.92	-9.42	2.46	1.56	-9.63	-4.72
11:30:07.350882	-0.55	-9.57	-0.7000000000000001	-1.18	-9.57	1.27	0.79	-9.75	2.7600000000000002	1.81	-9.290000000000001	-1.45
11:30:07.361267	-0.53	-9.64	-0.74	-1.06	-9.64	1.2	0.56	-10.19	1.93	1.34	-9.94	-4.84
11:30:07.371761	-0.54	-9.74	-0.66	-0.86	-9.84	1.26	1.23	-9.72	2.18	1.37	-10.14	-5.03
11:30:07.381887	-0.5700000000000001	-9.82	-0.54	-1.18	-10.07	1.26	1.18	-9.94	2.61	1.74	-9.950000000000001	-4.89
11:30:07.392436	-0.61	-9.93	-0.48	-0.85	-10.32	0.79	0.58	-11.11	2.4	2.06	-10.22	-2.04
11:30:07.402790	-0.67	-10.05	-0.38	-0.64	-10.65	1.41	0.6900000000000001	-10.76	2.6	1.09	-11.63	-5.29
11:30:07.412907	-0.79	-10.1	-0.13	-1.24	-10.85	1.16	0.64	-10.68	2.74	0.16	-11.6	-6.2
11:30:07.423021	-0.89	-10.48	-0.09	-1.28	-10.72	0.86	0.5700000000000001	-10.92	3.42	0.05	-9.450000000000001	-2.98
11:30:07.433093	-1.1	-10.620000000000001	0.0	-1.12	-10.69	0.67	0.0	-11.39	2.23	3.23	-10.370000000000001	-5.07
11:30:07.443865	-1.35	-10.76	0.21	-0.8300000000000001	-10.64	0.98	0.05	-10.790000000000001	1.8800000000000001	2.49	-11.02	-5.5200000000000005
11:30:07.454035	-1.83	-11.16	0.6	-0.62	-10.51	1.5	0.2	-10.59	1.59	2.46	-9.86	-5.66
11:30:07.464134	-2.25	-11.24	0.76	-0.45	-10.540000000000001	1.07	-0.02	-10.67	0.76	4.15	-10.33	-4.24
11:30:07.474206	-2.42	-11.290000000000001	0.88	0.21	-10.53	0.78	-0.17	-10.75	0.47000000000000003	4.19	-10.22	-5.59
11:30:07.484276	-2.57	-11.21	0.97	0.29	-10.57	0.8200000000000001	0.51	-10.13	0.31	3.3000000000000003	-10.5	-5.82
11:30:07.494614	-2.71	-10.97	0.9500000000000001	0.3	-10.68	0.7000000000000001	0.56	-10.08	0.8200000000000001	3.14	-10.24	-6.04
11:30:07.505560	-2.5100000000000002	-10.43	0.8	0.21	-10.68	0.56	0.28	-10.67	0.18	3.19	-10.69	-3.3000000000000003
11:30:07.516158	-2.19	-9.97	0.54	0.05	-10.48	0.58	0.43	-10.56	0.17	1.54	-11.22	-5.2
11:30:07.526231	-1.95	-9.71	0.42	0.11	-10.51	0.12	0.87	-10.1	0.14	1.1500000000000001	-11.18	-5.39
11:30:07.536459	-1.53	-9.57	0.31	0.04	-10.53	-0.21	0.59	-10.25	0.63	1.17	-11.03	-5.99
11:30:07.546528	-0.84	-9.61	0.42	0.1	-10.42	-0.18	0.42	-10.69	0.31	1.17	-11.03	-5.99
11:30:07.556625	0.44	-10.41	1.49	0.9500000000000001	-10.99	0.62	0.92	-10.94	-0.31	1.17	-11.03	-5.99
11:30:07.566686	0.06	-11.15	2.09	1.21	-11.700000000000001	0.92	2.09	-10.81	-1.05	2.27	-11.99	-6.86
11:30:07.576762	-0.93	-11.72	2.57	1.24	-11.96	0.77	1.17	-11.5	-0.48	2.27	-11.99	-6.86
11:30:07.587121	-1.97	-12.22	2.83	0.92	-11.78	0.31	0.5700000000000001	-11.83	-1.57	2.27	-11.99	-6.86
11:30:07.597790	-3.2800000000000002	-12.24	2.27	0.45	-12.05	0.03	0.01	-11.25	-1.58	2.27	-11.99	-6.86
11:30:07.607877	-2.64	-11.63	1.57	-0.01	-12.01	0.02	-1.67	-11.450000000000001	-1.46	2.27	-11.99	-6.86
11:30:07.617945	-1.05	-10.870000000000001	0.8200000000000001	-0.49	-11.71	-0.21	-1.58	-11.67	-2.09	2.27	-11.99	-6.86
11:30:07.628041	0.81	-10.120000000000001	0.18	-0.52	-11.32	-0.5	-1.57	-11.96	-1.76	2.27	-11.99	-6.86
11:30:07.638663	2.88	-9.0	-1.03	-0.17	-10.64	-1.06	-1.79	-12.09	-1.36	-1.06	-16.27	-2.79
11:30:07.648750	3.0100000000000002	-8.76	-1.3800000000000001	-0.54	-10.46	-1.32	-1.52	-12.030000000000001	-3.0	0.36	-17.88	-1.6600000000000001
11:30:07.658981	2.72	-8.66	-1.48	-1.61	-10.08	-1.28	-1.35	-12.91	-3.61	1.0	-18.56	-0.5
11:30:07.669044	2.24	-8.68	-1.46	-2.09	-9.59	-1.4000000000000001	1.71	-11.540000000000001	-3.35	4.16	-16.4	1.68
11:30:07.679677	1.99	-8.59	-1.44	-2.2800000000000002	-8.540000000000001	-0.22	1.71	-11.540000000000001	-3.35	5.57	-13.41	-0.31
11:30:07.689994	2.2800000000000002	-8.55	-1.29	-2.62	-8.71	-0.7000000000000001	2.2800000000000002	-10.78	-2.12	6.13	-12.63	-5.13
11:30:07.700592	2.49	-8.49	-1.11	-2.62	-8.71	-0.7000000000000001	2.2800000000000002	-10.78	-2.12	9.25	-9.27	-9.700000000000001
11:30:07.710810	2.49	-8.49	-1.11	-3.48	-9.21	-1.87	0.88	-11.63	6.640000000000001	9.11	-12.35	-10.06
11:30:07.720898	1.94	-8.73	-0.5700000000000001	-3.31	-9.91	0.63	1.12	-12.450000000000001	6.03	7.3500000000000005	-12.31	-6.640000000000001
11:30:07.731025	1.32	-9.040000000000001	-0.25	-2.74	-11.700000000000001	1.68	1.42	-11.9	5.79	-10.23	4.46	12.43
11:30:07.741156	0.9	-9.36	0.19	-2.83	-12.35	2.6	0.7000000000000001	-9.65	9.46	-16.4	5.38	12.99
11:30:07.751688	0.6900000000000001	-9.67	0.63	-2.83	-12.35	2.6	0.09	-9.26	8.13	-5.3100000000000005	2.27	13.040000000000001
11:30:07.761994	0.44	-10.16	1.3	-2.11	-12.88	2.7600000000000002	0.41000000000000003	-9.78	4.96	-5.3100000000000005	2.27	13.040000000000001
11:30:07.772696	0.11	-10.16	1.48	-2.13	-12.68	1.01	0.34	-9.9	2.77	3.98	-15.42	2.4
11:30:07.782823	-0.08	-10.14	1.44	-2.2800000000000002	-12.290000000000001	0.19	0.99	-8.75	3.36	0.5700000000000001	-11.64	5.24
11:30:07.792900	-0.21	-10.06	1.34	-0.8300000000000001	-11.5	-0.18	1.42	-7.36	4.69	0.5700000000000001	-11.64	5.24
11:30:07.803410	-0.18	-9.91	0.97	-0.8	-11.0	-0.2	1.6	-6.57	5.98	-1.8800000000000001	0.1	7.99
11:30:07.813712	-0.11	-9.85	0.8200000000000001	-0.74	-10.26	0.03	1.28	-6.78	5.57	6.23	-5.0200000000000005	7.59
11:30:07.823873	0.0	-9.63	0.59	-0.62	-9.66	0.56	0.87	-6.59	4.72	5.0200000000000005	-7.17	4.8500000000000005
11:30:07.833946	0.0	-9.63	0.59	-0.7000000000000001	-9.64	0.42	0.4	-6.61	5.0	1.0	-9.42	4.28
11:30:07.844020	0.05	-9.43	0.39	-0.77	-9.22	0.39	-0.59	-6.71	5.59	-1.1300000000000001	-11.07	3.52
11:30:07.854088	0.0	-9.17	0.28	-0.77	-8.98	0.1	-1.24	-6.890000000000001	5.2	-0.28	-8.24	3.85
11:30:07.864207	-0.05	-9.11	0.3	-1.6	-8.26	-0.28	-1.6300000000000001	-7.11	5.44	0.13	-8.01	2.8000000000000003
11:30:07.874297	-0.2	-9.11	0.43	-1.82	-7.92	-0.35000000000000003	-1.49	-6.71	6.24	0.5	-9.370000000000001	1.83
11:30:07.884411	-0.2	-9.11	0.43	-1.9100000000000001	-7.74	-0.37	-1.25	-7.48	5.96	0.5	-9.370000000000001	1.83
11:30:07.894531	-0.48	-9.05	0.67	-2.17	-7.8100000000000005	-0.25	-1.45	-7.96	5.8500000000000005	-0.85	-13.89	-1.81
11:30:07.904627	-0.7000000000000001	-9.13	0.86	-3.0500000000000003	-7.29	0.15	-1.58	-8.27	5.99	-0.24	-14.33	-3.2800000000000002
11:30:07.914707	-0.86	-9.02	0.9	-3.14	-7.5200000000000005	-0.16	-1.06	-8.14	6.23	0.25	-14.290000000000001	-4.21
11:30:07.924775	-0.9	-9.06	0.96	-3.02	-7.3500000000000005	-0.2	-0.74	-8.3	5.95	1.3	-13.65	-4.53
11:30:07.934905	-0.97	-8.94	0.92	-3.0300000000000002	-7.32	-0.41000000000000003	-0.22	-8.870000000000001	5.64	2.25	-13.73	-4.8500000000000005
11:30:07.944974	-0.89	-8.81	0.79	-2.21	-7.03	-1.2	0.47000000000000003	-9.120000000000001	5.59	3.41	-14.05	-5.84
11:30:07.955216	-0.78	-8.73	0.64	-1.77	-6.98	-1.25	0.55	-9.21	5.58	4.39	-13.85	-6.640000000000001
11:30:07.965344	-0.78	-8.73	0.64	-0.98	-7.1000000000000005	-1.54	0.26	-9.14	5.26	4.69	-13.8	-6.8
11:30:07.975484	-0.67	-8.69	0.5	-0.4	-6.99	-1.8800000000000001	0.02	-9.14	5.29	4.58	-13.69	-7.07
11:30:07.985993	-0.47000000000000003	-8.66	0.13	0.54	-7.01	-2.56	0.04	-9.15	5.36	4.07	-13.88	-7.28
11:30:07.996102	-0.46	-8.64	0.08	0.73	-7.04	-2.94	0.05	-8.93	5.59	3.99	-13.25	-6.72
11:30:08.006268	-0.52	-8.66	0.1	1.3800000000000001	-7.08	-3.2	-0.16	-9.290000000000001	5.29	4.24	-13.14	-6.88
11:30:08.016351	-0.59	-8.68	0.19	1.44	-6.87	-3.5500000000000003	-0.43	-9.61	5.24	4.24	-13.14	-6.88
11:30:08.026464	-0.77	-8.72	0.43	1.73	-6.68	-3.48	-0.02	-9.790000000000001	4.63	4.24	-13.14	-6.88
11:30:08.036591	-0.88	-8.81	0.62	1.72	-6.63	-3.2800000000000002	-0.05	-9.9	4.5	4.69	-13.84	-9.14
11:30:08.046664	-0.9500000000000001	-8.88	0.76	1.72	-6.8100000000000005	-2.89	-0.02	-9.81	4.17	4.58	-13.61	-9.76
11:30:08.056779	-0.96	-8.98	0.87	1.8	-7.1000000000000005	-2.66	-0.17	-9.950000000000001	3.56	4.2700000000000005	-13.82	-10.290000000000001
11:30:08.067435	-1.03	-9.290000000000001	1.03	1.82	-7.69	-2.67	-0.25	-9.75	3.0700000000000003	4.2700000000000005	-13.82	-10.290000000000001
11:30:08.077812	-1.01	-9.39	1.11	1.7	-8.08	-2.68	-0.26	-10.02	2.5100000000000002	4.2700000000000005	-13.82	-10.290000000000001
11:30:08.087914	-1.01	-9.48	1.18	1.59	-8.65	-2.92	-0.4	-10.22	2.35	4.2700000000000005	-13.82	-10.290000000000001
11:30:08.097988	-0.89	-9.870000000000001	1.2	1.46	-9.14	-3.08	-1.02	-10.15	1.59	2.88	-13.42	-14.02
11:30:08.108060	-0.8300000000000001	-10.0	1.1500000000000001	1.06	-10.08	-3.66	-1.27	-9.370000000000001	1.35	2.88	-13.42	-14.02
11:30:08.118193	-1.08	-10.22	1.1300000000000001	0.75	-10.540000000000001	-4.03	-1.36	-9.49	1.33	1.6	-11.44	-15.69
11:30:08.128254	-0.81	-10.5	1.29	0.55	-10.97	-4.41	-1.09	-8.19	0.58	1.6	-11.44	-15.69
11:30:08.138345	-1.01	-11.16	1.1500000000000001	0.33	-11.700000000000001	-4.58	-1.05	-7.99	0.28	1.6	-11.44	-15.69
11:30:08.148462	-1.26	-11.56	1.04	0.48	-11.88	-4.84	-0.67	-8.11	0.38	1.6	-11.44	-15.69
11:30:08.158790	-1.3900000000000001	-11.790000000000001	1.02	0.28	-11.790000000000001	-4.8	-0.04	-8.21	0.25	1.6	-11.44	-15.69
11:30:08.169225	-1.48	-11.91	0.96	0.23	-11.64	-4.72	0.35000000000000003	-8.24	0.35000000000000003	1.6	-11.44	-15.69
11:30:08.179296	-1.58	-11.78	0.77	0.15	-11.19	-4.44	0.22	-8.27	0.51	1.6	-11.44	-15.69
11:30:08.189485	-1.62	-11.700000000000001	0.74	0.17	-10.77	-4.34	0.28	-8.370000000000001	0.65	1.95	-9.69	-14.59
11:30:08.199633	-1.58	-11.370000000000001	0.67	0.18	-10.28	-4.03	0.3	-8.83	1.08	2.35	-9.85	-13.75
11:30:08.209759	-1.68	-11.07	0.66	0.14	-8.8	-3.41	0.16	-8.81	1.76	2.35	-9.85	-13.75
11:30:08.219893	-1.6500000000000001	-10.39	0.73	0.21	-8.41	-3.0100000000000002	-0.08	-9.1	1.9000000000000001	2.35	-9.85	-13.75
11:30:08.230036	-1.62	-10.15	0.79	0.26	-7.83	-2.45	-1.1500000000000001	-9.700000000000001	2.09	2.35	-9.85	-13.75
11:30:08.240184	-1.7	-10.0	0.78	0.29	-7.62	-2.15	-1.46	-11.16	0.25	2.35	-9.85	-13.75
11:30:08.250352	-0.88	-10.01	0.9500000000000001	-0.08	-11.03	-1.19	-1.22	-15.280000000000001	-5.0	2.35	-9.85	-13.75
11:30:08.260903	-0.28	-10.77	0.75	-0.32	-12.620000000000001	-0.53	-2.2600000000000002	-17.79	-8.65	2.35	-9.85	-13.75
11:30:08.271008	-0.42	-11.96	0.09	-0.72	-12.14	0.31	-0.16	-13.540000000000001	-2.42	2.35	-9.85	-13.75
11:30:08.281131	-0.53	-12.67	-0.56	-0.54	-12.01	-0.65	0.46	-9.950000000000001	0.84	2.35	-9.85	-13.75
11:30:08.291248	-0.01	-13.370000000000001	-1.45	-0.6	-12.84	-1.31	-0.9400000000000001	-8.83	3.16	2.35	-9.85	-13.75
11:30:08.301320	0.15	-13.11	-1.6600000000000001	-0.6	-12.84	-1.31	-0.9400000000000001	-8.83	3.16	-6.8100000000000005	-9.39	-0.72
11:30:08.311422	0.34	-12.530000000000001	-1.6300000000000001	0.42	-13.81	-3.85	-4.78	-10.22	1.3900000000000001	-6.8100000000000005	-9.39	-0.72
11:30:08.321946	0.6	-11.73	-1.45	-0.29	-11.57	-5.0	-2.04	-9.88	1.25	-6.8100000000000005	-9.39	-0.72
11:30:08.332701	0.64	-9.71	-0.26	-3.6	-7.15	-1.28	2.27	-8.950000000000001	0.7000000000000001	-6.8100000000000005	-9.39	-0.72
11:30:08.342765	0.61	-9.0	0.35000000000000003	-4.65	-6.95	0.59	4.71	-8.98	0.44	-6.8100000000000005	-9.39	-0.72
11:30:08.352883	0.61	-8.700000000000001	0.86	-4.47	-7.0600000000000005	0.78	5.1000000000000005	-10.65	-0.17	-6.8100000000000005	-9.39	-0.72
11:30:08.362951	0.54	-8.790000000000001	1.18	-3.25	-7.05	0.72	3.99	-12.040000000000001	-0.02	-6.8100000000000005	-9.39	-0.72
11:30:08.373051	0.32	-8.93	1.41	-0.12	-7.15	2.2600000000000002	0.55	-9.16	0.37	-6.8100000000000005	-9.39	-0.72
11:30:08.383119	0.4	-8.81	1.45	0.8300000000000001	-8.2	2.64	-0.9500000000000001	-8.74	0.56	-6.8100000000000005	-9.39	-0.72
11:30:08.393312	0.65	-8.68	1.43	2.15	-9.6	2.19	-1.06	-8.76	1.04	-0.43	-5.99	-0.79
11:30:08.403925	0.96	-8.56	1.35	3.12	-10.540000000000001	1.61	-0.07	-9.33	1.6400000000000001	-0.3	-9.42	0.87
11:30:08.413996	1.92	-8.8	0.86	3.8000000000000003	-10.89	1.01	0.63	-9.74	1.6600000000000001	-0.3	-9.42	0.87
11:30:08.424093	1.92	-9.09	0.62	2.75	-10.41	1.47	0.86	-10.25	0.67	-0.3	-9.42	0.87
11:30:08.434184	1.78	-9.35	0.26	1.5	-9.99	1.58	0.8	-10.65	-0.56	-0.3	-9.42	0.87
11:30:08.444313	1.27	-9.77	-0.66	0.55	-9.92	1.59	0.9	-10.120000000000001	-0.74	-0.3	-9.42	0.87
11:30:08.454399	1.1500000000000001	-9.85	-1.04	-0.54	-9.58	0.59	1.19	-9.96	-0.2	-0.3	-9.42	0.87
11:30:08.465067	1.1500000000000001	-9.790000000000001	-1.29	-0.81	-9.36	-0.12	1.28	-9.8	0.17	-0.3	-9.42	0.87
11:30:08.475570	1.02	-9.63	-1.33	-1.1300000000000001	-9.05	-0.38	1.19	-9.65	-0.23	-0.3	-9.42	0.87
11:30:08.486094	0.86	-9.63	-1.16	-1.46	-8.82	-0.97	1.21	-9.64	-0.08	-0.3	-9.42	0.87
11:30:08.496555	0.86	-9.63	-1.16	-1.9100000000000001	-9.23	-1.05	1.1400000000000001	-9.91	0.18	1.26	-9.1	-3.11
11:30:08.506652	0.24	-9.65	-0.72	-1.28	-9.82	-0.77	1.0	-10.23	0.1	1.28	-9.39	-2.74
11:30:08.516788	-0.2	-9.48	-0.32	-1.42	-10.06	-0.36	0.7000000000000001	-10.28	-0.24	1.28	-9.39	-2.74
11:30:08.526872	-0.26	-9.4	-0.15	-1.3900000000000001	-9.07	0.16	0.8300000000000001	-9.61	0.12	1.28	-9.39	-2.74
11:30:08.537105	-0.21	-9.19	0.05	-1.02	-8.870000000000001	0.47000000000000003	0.8300000000000001	-9.61	0.12	0.98	-9.44	-2.99
11:30:08.547765	-0.09	-9.01	0.19	-0.63	-8.870000000000001	0.59	0.8300000000000001	-9.61	0.12	1.1	-10.01	-0.21
11:30:08.558116	0.05	-8.67	0.38	0.0	-9.1	0.49	1.0	-9.6	0.06	1.1	-10.01	-0.21
11:30:08.568751	0.09	-8.6	0.32	0.61	-9.33	0.72	1.23	-9.55	0.48	1.1	-10.01	-0.21
11:30:08.578874	0.04	-8.6	0.35000000000000003	0.75	-9.38	0.78	1.19	-9.58	0.66	1.1	-10.01	-0.21
11:30:08.588996	0.04	-8.620000000000001	0.24	1.11	-9.4	0.79	1.19	-9.58	0.66	1.95	-9.73	-0.38
11:30:08.599089	-0.17	-8.89	0.04	1.11	-9.4	0.79	0.37	-9.790000000000001	0.27	1.6300000000000001	-9.08	-2.72
11:30:08.609176	-0.27	-9.08	-0.01	1.32	-9.6	0.88	0.37	-9.790000000000001	0.27	1.51	-9.18	-3.8200000000000003
11:30:08.619243	-0.4	-9.25	-0.12	1.08	-9.620000000000001	0.8200000000000001	0.37	-9.790000000000001	0.27	1.36	-9.35	-2.44
11:30:08.629326	-0.52	-9.34	-0.07	1.22	-9.5	0.52	0.37	-9.790000000000001	0.27	2.21	-9.38	-3.35
11:30:08.639426	-0.65	-9.39	-0.03	0.99	-9.450000000000001	0.7000000000000001	0.37	-9.790000000000001	0.27	1.8900000000000001	-8.88	-3.7800000000000002
11:30:08.649500	-0.68	-9.44	0.12	0.18	-9.49	0.37	0.37	-9.790000000000001	0.27	1.56	-8.59	-3.92
11:30:08.659639	-0.76	-9.41	0.28	-0.16	-9.59	0.14	0.37	-9.790000000000001	0.27	1.8	-9.41	-0.9500000000000001
11:30:08.669740	-0.74	-9.450000000000001	0.53	-0.16	-9.59	0.14	0.85	-10.290000000000001	-0.87	1.84	-9.8	-4.0
11:30:08.679860	-0.68	-9.41	0.59	-0.56	-9.42	-0.06	1.28	-9.76	-0.64	1.23	-9.32	-3.22
11:30:08.689979	-0.62	-9.34	0.66	-0.74	-9.6	-0.11	0.52	-9.05	-0.9500000000000001	1.23	-9.32	-3.22
11:30:08.700099	-0.55	-9.26	0.61	-0.77	-9.83	-0.06	0.1	-10.07	-0.84	1.55	-9.98	-4.82
11:30:08.710768	-0.31	-9.18	0.49	-0.59	-10.03	-0.06	0.1	-10.07	-0.84	1.55	-9.98	-4.82
11:30:08.720834	-0.14	-9.290000000000001	0.35000000000000003	-0.36	-10.09	-0.03	0.1	-10.07	-0.84	1.8800000000000001	-9.27	-4.23
11:30:08.730957	-0.04	-9.41	0.19	-0.35000000000000003	-9.9	-0.1	0.86	-9.53	-0.06	1.8800000000000001	-9.27	-4.23
11:30:08.741077	0.0	-9.4	0.0	-0.3	-9.78	-0.24	0.86	-9.53	-0.06	1.3800000000000001	-9.52	-4.51
11:30:08.751529	0.11	-9.36	-0.26	-0.32	-9.64	0.12	0.44	-9.89	-0.54	1.3800000000000001	-9.52	-4.51
11:30:08.761674	0.15	-9.200000000000001	-0.41000000000000003	-0.45	-9.51	1.07	0.44	-9.89	-0.54	1.92	-9.18	-3.84
11:30:08.772391	0.19	-9.200000000000001	-0.44	-0.49	-9.52	1.16	0.88	-9.950000000000001	-0.32	1.57	-10.19	-4.04
11:30:08.782488	0.18	-9.18	-0.48	-0.63	-9.55	1.32	0.9400000000000001	-9.71	-0.25	1.31	-9.76	-4.53
11:30:08.792609	0.08	-9.23	-0.49	-0.76	-9.57	1.51	1.3800000000000001	-9.21	1.02	1.58	-9.67	-5.18
11:30:08.803124	0.04	-9.34	-0.44	-0.64	-9.950000000000001	1.45	1.11	-9.82	1.3	2.15	-9.370000000000001	-3.46
11:30:08.813196	0.03	-9.46	-0.36	-0.71	-10.24	1.27	0.34	-10.67	1.12	2.15	-9.370000000000001	-3.46
11:30:08.823264	-0.08	-9.85	-0.1	-1.31	-10.35	1.78	0.39	-10.540000000000001	1.98	1.74	-11.08	-4.5200000000000005
11:30:08.833348	-0.21	-10.18	-0.02	-1.46	-10.74	1.8800000000000001	0.15	-10.85	2.91	1.74	-11.08	-4.5200000000000005
11:30:08.843414	-0.29	-10.25	0.12	-1.93	-10.63	0.97	0.18	-11.36	2.62	0.8300000000000001	-11.15	-3.77
11:30:08.853482	-0.46	-10.6	0.1	-1.92	-10.53	0.92	0.18	-11.36	2.62	3.17	-10.89	-4.91
11:30:08.863638	-0.99	-10.950000000000001	0.3	-1.8900000000000001	-10.44	1.04	-0.1	-10.6	2.24	3.49	-10.57	-6.04
11:30:08.873714	-1.25	-10.99	0.32	-1.45	-10.53	1.57	-0.03	-10.48	2.63	3.34	-10.76	-6.36
11:30:08.883812	-1.48	-11.08	0.36	-1.35	-10.49	1.44	-0.28	-11.28	1.4000000000000001	4.66	-9.97	-2.98
11:30:08.893875	-1.67	-11.19	0.45	-0.9500000000000001	-10.57	1.23	-0.28	-10.69	1.1	4.0600000000000005	-10.97	-5.47
11:30:08.904000	-1.94	-11.07	0.51	-0.48	-10.78	1.05	-0.13	-10.52	1.55	3.52	-10.4	-5.57
11:30:08.914075	-1.96	-11.05	0.56	-0.22	-10.68	0.33	0.14	-10.53	1.76	3.95	-10.540000000000001	-6.16
11:30:08.924232	-2.0300000000000002	-10.91	0.55	0.05	-10.52	0.31	0.0	-11.03	1.07	2.61	-10.32	-3.43
11:30:08.934313	-1.99	-10.61	0.54	0.2	-10.47	0.44	0.63	-10.290000000000001	0.55	1.78	-11.370000000000001	-5.3
11:30:08.944415	-1.83	-10.32	0.52	0.22	-10.56	0.6	0.53	-10.11	1.08	1.52	-10.950000000000001	-6.0
11:30:08.954538	-1.72	-10.22	0.59	0.03	-10.46	0.33	0.58	-10.28	0.9500000000000001	1.87	-11.15	-5.32
11:30:08.964669	-1.52	-10.15	0.52	0.28	-10.5	0.55	1.1	-11.040000000000001	-0.32	2.88	-11.03	-3.54
11:30:08.974741	-1.09	-10.23	0.66	0.65	-11.1	0.73	2.05	-10.620000000000001	-0.99	3.1	-11.58	-6.16
11:30:08.984840	-0.08	-11.11	1.68	0.8300000000000001	-11.85	0.93	1.53	-10.82	-0.21	1.24	-12.81	-5.3100000000000005
11:30:08.994904	-0.44	-12.02	2.33	0.63	-11.77	0.89	0.96	-11.43	-0.76	-0.84	-13.76	-3.98
11:30:09.005060	-0.44	-12.02	2.33	0.43	-11.78	0.71	-0.48	-10.91	-1.3900000000000001	1.97	-12.23	-4.14
11:30:09.015648	-1.83	-11.97	2.36	0.04	-11.83	0.63	-0.8300000000000001	-10.86	-1.6600000000000001	2.45	-14.370000000000001	-4.26
11:30:09.025784	-2.18	-11.200000000000001	1.34	-0.35000000000000003	-11.64	0.46	-1.32	-11.200000000000001	-1.98	0.9	-14.540000000000001	-4.24
11:30:09.036201	-1.31	-10.78	0.67	-1.09	-11.03	-0.67	-1.7	-11.36	-2.29	-0.73	-14.52	-0.72
11:30:09.046729	1.46	-9.53	-0.51	-1.37	-10.66	-1.1500000000000001	-1.92	-11.6	-2.39	-0.74	-14.56	-1.73
11:30:09.056795	2.49	-9.21	-1.0	-1.55	-10.43	-1.51	-1.62	-11.61	-2.0100000000000002	0.25	-15.38	-2.82
11:30:09.066870	2.87	-9.15	-1.35	-1.67	-10.17	-1.48	-1.28	-11.53	-1.9000000000000001	0.76	-16.42	-2.04
11:30:09.076942	2.5300000000000002	-9.17	-1.46	-2.35	-9.61	-1.58	-1.1400000000000001	-12.48	-5.83	3.39	-17.61	1.1
11:30:09.087071	1.87	-9.16	-1.34	-2.54	-9.3	-1.59	0.32	-12.76	-4.99	4.26	-16.3	1.74
11:30:09.097198	2.0100000000000002	-9.1	-1.24	-2.44	-8.99	-1.31	1.8900000000000001	-12.07	-4.14	5.26	-14.47	1.41
11:30:09.107735	2.33	-8.91	-1.12	-2.2800000000000002	-8.81	-0.87	3.2600000000000002	-10.81	-1.52	6.78	-13.38	-0.64
11:30:09.117847	2.61	-8.700000000000001	-0.87	-2.2	-8.83	-0.63	3.14	-10.370000000000001	0.76	5.73	-9.92	-3.74
11:30:09.128011	2.2600000000000002	-8.23	-0.2	-2.41	-9.01	-0.86	2.04	-10.24	3.77	7.63	-5.6000000000000005	-6.91
11:30:09.138115	1.83	-8.23	0.13	-2.7600000000000002	-9.18	-0.06	1.37	-10.23	7.16	8.26	-2.37	-7.47
11:30:09.148182	1.51	-8.4	0.49	-2.91	-9.870000000000001	0.78	1.19	-11.06	8.49	-5.99	-0.34	8.1
11:30:09.158249	1.28	-8.71	0.8200000000000001	-1.8900000000000001	-12.25	2.14	0.8	-11.1	7.09	-10.23	1.01	15.91
11:30:09.168786	0.85	-9.78	1.24	-1.18	-13.46	1.59	1.33	-11.43	4.75	-7.62	-2.57	13.52
11:30:09.178859	0.61	-10.14	1.43	-1.45	-14.030000000000001	1.8900000000000001	0.79	-12.23	3.37	1.79	-13.290000000000001	6.97
11:30:09.188993	0.31	-10.39	1.46	-2.48	-12.05	1.46	0.93	-10.540000000000001	4.54	1.53	-10.18	5.12
11:30:09.199063	0.11	-10.46	1.45	-2.48	-12.05	1.46	1.26	-8.83	4.69	-2.94	-5.8100000000000005	6.98
11:30:09.209249	-0.05	-10.15	1.22	-1.8	-10.81	0.81	1.6	-8.25	4.3	-2.74	-3.31	7.54
11:30:09.219400	-0.08	-9.93	1.1	-1.11	-10.13	0.22	1.97	-8.59	5.23	0.79	-2.5	8.25
11:30:09.229468	0.01	-9.790000000000001	1.04	-0.74	-10.26	-0.1	1.49	-7.55	5.78	1.29	-6.8500000000000005	5.94
11:30:09.239549	0.01	-9.49	0.9400000000000001	-0.59	-10.07	0.03	0.89	-7.3500000000000005	5.33	-0.48	-7.69	5.58
11:30:09.249666	0.0	-9.34	0.87	-0.99	-9.67	0.23	-0.36	-6.5	5.58	-0.8200000000000001	-9.46	4.55
11:30:09.259795	-0.03	-9.24	0.84	-1.37	-8.73	0.04	-0.84	-6.53	5.66	0.09	-7.8100000000000005	4.43
11:30:09.270481	0.0	-9.05	0.8200000000000001	-1.75	-8.23	0.01	-0.78	-6.36	6.2	0.15	-7.78	3.34
11:30:09.280563	0.04	-8.9	0.89	-2.2	-7.8500000000000005	0.04	-0.81	-6.2700000000000005	6.48	0.35000000000000003	-9.46	2.11
11:30:09.291139	-0.14	-8.84	0.9	-2.37	-7.57	-0.11	-0.8200000000000001	-6.88	5.43	0.45	-10.05	0.58
11:30:09.301311	-0.29	-8.84	0.98	-2.5	-7.16	-0.45	-0.8200000000000001	-6.88	5.43	0.22	-10.64	0.11
11:30:09.311451	-0.56	-8.870000000000001	1.04	-2.42	-6.9	-0.39	-0.61	-7.36	6.32	0.27	-11.67	-0.62
11:30:09.321579	-0.67	-8.74	1.12	-2.21	-6.8500000000000005	-0.32	-0.85	-7.9	6.21	0.6	-13.040000000000001	-1.58
11:30:09.331711	-0.78	-8.77	1.1400000000000001	-2.2600000000000002	-7.04	-0.14	-0.39	-8.2	5.96	1.04	-13.88	-2.92
11:30:09.342327	-0.73	-8.73	1.06	-2.0	-6.88	-0.18	0.29	-8.46	5.84	1.56	-14.290000000000001	-3.7600000000000002
11:30:09.352398	-0.6	-8.74	0.96	-1.87	-6.93	-0.43	0.62	-8.75	5.73	2.27	-14.17	-4.15
11:30:09.362465	-0.54	-8.82	0.72	-1.81	-6.88	-0.51	0.27	-9.120000000000001	5.49	3.0100000000000002	-14.46	-4.79
11:30:09.372537	-0.5	-8.83	0.53	-1.7	-6.99	-0.74	-0.16	-9.42	5.41	4.47	-14.870000000000001	-6.47
11:30:09.382611	-0.42	-8.96	0.36	-1.01	-7.15	-1.3800000000000001	-0.55	-9.58	5.53	4.83	-14.38	-6.3500000000000005
11:30:09.392693	-0.36	-9.05	0.2	-0.78	-7.3	-1.69	-0.65	-9.540000000000001	5.2700000000000005	4.8500000000000005	-14.74	-6.99
11:30:09.402759	-0.34	-9.05	0.27	-0.25	-7.390000000000001	-2.07	-0.45	-9.77	5.13	4.3500000000000005	-15.26	-7.37
11:30:09.413240	-0.39	-9.02	0.32	0.12	-7.23	-2.49	-0.33	-10.03	4.99	4.09	-15.31	-7.79
11:30:09.423402	-0.42	-9.03	0.43	0.9	-7.48	-3.11	-0.24	-10.14	4.44	4.12	-15.19	-8.61
11:30:09.433488	-0.61	-8.89	0.79	1.29	-7.65	-3.13	-0.11	-9.93	4.18	4.43	-14.69	-9.3
11:30:09.443571	-0.65	-8.78	0.92	1.55	-7.73	-3.27	0.12	-9.83	3.92	4.8	-14.450000000000001	-10.51
11:30:09.453641	-0.61	-8.76	1.02	1.82	-7.69	-3.12	0.46	-10.27	2.96	4.47	-14.71	-11.200000000000001
11:30:09.463712	-0.5700000000000001	-8.82	1.06	1.95	-8.120000000000001	-2.86	0.28	-10.370000000000001	2.65	4.24	-14.69	-12.040000000000001
11:30:09.473779	-0.58	-8.97	1.1400000000000001	1.8800000000000001	-8.5	-3.21	-0.13	-10.24	2.21	4.15	-14.3	-12.86
11:30:09.483853	-0.64	-9.1	1.18	1.84	-8.89	-3.64	-0.5	-10.290000000000001	1.81	3.79	-12.530000000000001	-13.85
11:30:09.493979	-0.66	-9.23	1.1300000000000001	1.76	-9.21	-3.71	-1.12	-9.540000000000001	1.44	3.31	-12.14	-14.31
11:30:09.504047	-0.62	-9.41	1.04	1.44	-10.08	-4.0	-1.18	-9.44	0.99	3.0500000000000003	-11.98	-14.950000000000001
11:30:09.514120	-0.65	-9.93	0.93	1.34	-10.38	-4.13	-1.26	-9.21	1.0	2.66	-11.61	-15.26
11:30:09.524209	-0.72	-10.200000000000001	0.86	1.06	-10.74	-4.22	-1.2	-8.370000000000001	0.4	1.45	-10.69	-15.950000000000001
11:30:09.534316	-0.74	-10.59	0.79	0.84	-11.07	-4.25	-1.41	-8.2	0.24	1.3900000000000001	-10.15	-16.31
11:30:09.544393	-0.85	-10.790000000000001	0.62	0.58	-11.47	-4.51	-1.37	-8.16	0.15	1.19	-9.57	-16.240000000000002
11:30:09.554481	-1.2	-11.24	0.56	0.49	-11.52	-4.86	-1.06	-8.13	0.04	1.33	-9.51	-15.91
11:30:09.564548	-1.33	-11.46	0.55	0.51	-11.5	-4.99	-0.37	-8.22	0.0	1.28	-9.67	-15.48
11:30:09.574621	-1.43	-11.58	0.56	0.48	-11.200000000000001	-4.59	-0.18	-8.44	0.03	1.09	-9.57	-14.8
11:30:09.584736	-1.81	-11.71	0.78	0.55	-10.93	-4.62	0.04	-8.540000000000001	0.22	1.22	-9.290000000000001	-14.040000000000001
11:30:09.594819	-1.98	-11.57	0.91	0.51	-10.39	-4.48	0.38	-8.74	0.5	2.11	-9.450000000000001	-12.530000000000001
11:30:09.604933	-2.13	-11.35	0.98	0.43	-9.84	-4.09	0.53	-8.86	0.68	2.3000000000000003	-9.52	-11.73
11:30:09.615048	-2.16	-11.09	1.07	0.43	-8.97	-2.7	0.6	-8.92	1.04	2.65	-9.42	-10.870000000000001
11:30:09.625124	-2.07	-10.69	1.06	0.43	-8.76	-2.42	0.54	-9.040000000000001	1.24	2.74	-9.67	-10.07
11:30:09.635384	-1.92	-10.41	1.03	0.5	-8.48	-2.19	0.19	-9.18	1.94	7.07	-8.97	-9.370000000000001
11:30:09.645655	-1.87	-10.23	1.02	0.58	-8.22	-2.15	0.0	-9.72	2.15	4.89	-4.95	-3.5
11:30:09.655757	-1.7	-10.040000000000001	0.9500000000000001	1.06	-6.91	-2.52	-0.28	-9.83	2.71	3.58	-5.73	0.38
11:30:09.665872	-1.6600000000000001	-9.51	0.78	1.46	-5.84	-2.08	0.0	-10.120000000000001	1.6500000000000001	5.2700000000000005	-16.71	8.07
11:30:09.675942	-1.31	-9.34	0.76	1.23	-5.9	-1.0	0.61	-12.57	-2.8000000000000003	0.17	-20.87	22.2
11:30:09.686056	-0.33	-9.99	0.53	0.53	-7.930000000000001	-0.01	0.84	-15.05	-9.36	0.42	-24.490000000000002	25.740000000000002
11:30:09.696139	0.02	-11.89	-0.24	-1.55	-11.22	0.74	0.54	-13.61	-3.98	9.68	-21.23	-9.34
11:30:09.706284	0.45	-12.72	-0.6900000000000001	-1.94	-12.32	-0.41000000000000003	1.7	-11.05	1.16	4.2700000000000005	-1.6500000000000001	-20.97
11:30:09.716362	0.66	-13.31	-1.19	-1.9000000000000001	-14.450000000000001	-2.22	0.61	-11.040000000000001	4.14	-8.5	-6.58	-10.23
11:30:09.726476	0.64	-13.370000000000001	-1.54	-0.88	-16.67	-3.17	-2.56	-12.18	3.23	-5.7700000000000005	-10.65	1.49
11:30:09.737042	0.53	-12.58	-1.7	1.26	-15.64	-5.84	-5.95	-10.84	0.35000000000000003	2.97	-11.09	7.53
11:30:09.747376	0.51	-11.82	-1.32	-0.41000000000000003	-11.02	-5.93	-3.48	-9.17	1.32	3.61	-7.59	-6.2700000000000005
11:30:09.757468	0.54	-10.84	-0.76	-2.62	-7.8100000000000005	-3.63	-0.55	-8.700000000000001	1.1	-0.85	-8.03	-3.5700000000000003
11:30:09.768126	0.5700000000000001	-9.370000000000001	0.3	-3.41	-7.25	-0.81	3.5	-10.36	0.46	-0.09	-7.09	-0.09
11:30:09.778220	0.45	-8.88	0.76	-3.14	-7.390000000000001	0.6900000000000001	3.46	-10.86	-0.22	0.19	-8.34	2.74
11:30:09.788314	0.48	-8.4	1.11	-2.24	-7.0200000000000005	1.5	2.67	-10.700000000000001	0.21	2.0100000000000002	-8.5	-2.96
11:30:09.798468	0.43	-7.92	1.47	-1.41	-6.86	2.11	2.02	-9.16	1.09	0.62	-10.21	-4.36
11:30:09.809122	0.91	-7.72	1.8800000000000001	-0.29	-7.08	2.36	-0.08	-8.45	0.29	0.49	-10.290000000000001	-1.3800000000000001
11:30:09.819219	1.21	-8.03	1.93	4.32	-10.39	1.61	-0.21	-8.86	0.24	0.4	-10.620000000000001	-2.5100000000000002
11:30:09.829306	1.4000000000000001	-8.53	1.74	4.4	-11.4	1.52	0.36	-9.22	1.24	0.88	-9.26	-2.88
11:30:09.839411	1.47	-9.08	1.3900000000000001	3.79	-11.57	1.29	1.06	-10.36	1.4000000000000001	1.3	-7.53	-2.2
11:30:09.849540	1.1500000000000001	-10.05	0.3	1.1500000000000001	-10.5	0.72	1.23	-10.61	0.17	0.79	-7.94	-0.8300000000000001
11:30:09.860234	0.85	-10.28	-0.42	0.14	-9.620000000000001	0.26	1.12	-10.64	-0.72	2.44	-10.18	-3.16
11:30:09.870351	0.5700000000000001	-10.32	-1.11	-0.48	-9.16	-0.28	1.44	-9.790000000000001	0.25	1.56	-9.58	-3.65
11:30:09.880464	0.49	-10.200000000000001	-1.58	-1.07	-8.84	-0.73	1.44	-9.790000000000001	0.25	1.27	-10.19	-2.2
11:30:09.890554	0.45	-9.74	-1.98	-1.69	-8.85	-1.59	1.44	-9.98	-0.2	1.46	-9.0	-2.73
11:30:09.900656	0.45	-9.59	-1.92	-1.6300000000000001	-9.51	-2.0300000000000002	0.54	-9.94	1.09	1.55	-8.65	-1.78
11:30:09.911170	0.46	-9.46	-1.73	-1.71	-9.23	-1.32	0.54	-9.94	1.09	1.55	-8.65	-1.78
11:30:09.921413	0.4	-9.290000000000001	-1.45	-1.19	-9.94	-0.7000000000000001	-0.14	-9.97	0.71	1.4000000000000001	-10.22	-2.25
11:30:09.931542	0.21	-9.19	-0.92	-1.09	-9.92	-0.07	-0.34	-9.98	0.38	1.46	-9.88	-4.14
11:30:09.941672	0.13	-9.23	-0.67	-0.9	-9.68	-0.03	0.16	-9.71	0.65	1.51	-9.290000000000001	-3.19
11:30:09.952306	0.02	-9.16	-0.43	-0.58	-9.44	0.05	0.53	-9.64	0.31	1.41	-9.17	-2.09
11:30:09.962380	-0.02	-9.13	-0.18	0.21	-9.16	0.06	0.87	-9.6	-0.21	1.28	-9.44	-2.98
11:30:09.972513	-0.2	-9.040000000000001	0.18	0.48	-9.09	0.31	1.95	-9.49	-0.02	1.3	-9.200000000000001	-2.33
11:30:09.982583	-0.31	-9.03	0.25	0.6	-9.05	0.43	2.24	-9.52	-0.05	1.41	-8.88	-2.75
11:30:09.993022	-0.36	-9.01	0.34	0.8300000000000001	-9.1	0.5	2.2800000000000002	-9.71	-0.18	1.45	-9.28	-1.6500000000000001
11:30:10.003105	-0.48	-9.07	0.31	1.33	-9.51	0.55	1.97	-9.86	-0.35000000000000003	1.86	-9.05	-3.85
11:30:10.013176	-0.56	-9.14	0.19	1.48	-9.55	0.52	1.07	-9.540000000000001	0.28	1.86	-9.05	-3.85
11:30:10.023245	-0.64	-9.26	0.1	1.68	-9.61	0.49	0.51	-9.450000000000001	0.59	1.59	-9.03	-3.69
11:30:10.033320	-0.6	-9.39	0.05	1.5	-9.790000000000001	0.55	-0.02	-9.85	0.6	1.93	-9.44	-1.31
11:30:10.043394	-0.63	-9.56	-0.05	1.34	-9.93	-0.01	0.23	-10.0	0.44	1.9100000000000001	-9.3	-3.87
11:30:10.053476	-0.71	-9.61	-0.05	0.93	-9.790000000000001	-0.01	1.06	-9.58	0.39	1.58	-9.19	-3.5300000000000002
11:30:10.063544	-0.75	-9.66	0.0	0.88	-9.620000000000001	-0.05	1.36	-9.57	0.51	1.8800000000000001	-8.96	-4.43
11:30:10.073618	-0.74	-9.66	0.09	0.73	-9.49	-0.17	1.29	-9.98	0.44	2.0100000000000002	-9.8	-2.35
11:30:10.083692	-0.78	-9.47	0.28	0.03	-9.450000000000001	-0.05	1.67	-9.74	0.0	1.6300000000000001	-9.370000000000001	-4.23
11:30:10.093766	-0.71	-9.35	0.38	-0.3	-9.43	0.07	1.56	-9.44	0.48	1.37	-9.22	-4.2700000000000005
11:30:10.103843	-0.65	-9.25	0.43	-0.59	-9.35	0.15	1.0	-9.35	1.6300000000000001	1.44	-9.09	-3.5
11:30:10.113911	-0.53	-9.13	0.45	-0.6900000000000001	-9.3	0.15	0.0	-10.06	0.89	1.48	-9.49	-3.64
11:30:10.123987	-0.35000000000000003	-8.92	0.36	-0.71	-9.450000000000001	0.16	0.11	-9.68	0.73	1.47	-9.040000000000001	-3.89
11:30:10.134165	-0.28	-8.92	0.25	-0.98	-9.39	0.39	0.18	-9.43	1.19	1.59	-9.49	-4.4
11:30:10.144236	-0.22	-8.99	0.13	-0.9400000000000001	-9.450000000000001	0.41000000000000003	0.5700000000000001	-9.53	1.58	1.78	-9.19	-3.63
11:30:10.154321	-0.21	-9.040000000000001	-0.02	-1.08	-9.56	0.52	0.47000000000000003	-10.31	0.54	1.9000000000000001	-9.89	-3.83
11:30:10.164449	-0.2	-9.15	-0.25	-1.02	-9.49	1.1400000000000001	0.72	-9.55	1.04	1.6600000000000001	-9.1	-4.14
11:30:10.174545	-0.21	-9.21	-0.29	-0.98	-9.39	1.4000000000000001	0.72	-9.120000000000001	1.31	1.31	-9.13	-4.8
11:30:10.184861	-0.21	-9.24	-0.39	-0.66	-9.38	1.36	0.62	-10.03	0.41000000000000003	2.27	-9.57	-2.04
11:30:10.195003	-0.32	-9.370000000000001	-0.44	-0.78	-9.51	1.06	0.93	-9.69	0.89	1.75	-9.75	-4.38
11:30:10.205634	-0.29	-9.49	-0.4	-0.43	-9.870000000000001	1.07	1.06	-9.5	0.9	1.18	-9.74	-3.94
11:30:10.215710	-0.21	-9.700000000000001	-0.43	-0.55	-10.02	1.17	0.9500000000000001	-9.700000000000001	1.18	1.3800000000000001	-9.86	-5.28
11:30:10.225811	-0.14	-9.89	-0.44	-0.7000000000000001	-9.99	0.97	0.8	-10.370000000000001	0.86	1.98	-10.24	-2.7
11:30:10.235899	-0.15	-10.34	-0.36	-0.6900000000000001	-10.07	0.73	0.96	-10.22	0.89	1.41	-10.6	-4.49
11:30:10.245972	-0.15	-10.34	-0.36	-0.96	-10.43	1.04	0.8	-10.15	0.93	1.08	-11.0	-4.93
11:30:10.256530	-0.21	-10.33	-0.21	-1.23	-10.65	1.08	0.7000000000000001	-10.9	1.56	0.44	-11.870000000000001	-5.69
11:30:10.266633	-0.59	-10.73	0.05	-1.24	-10.85	1.05	0.78	-11.25	1.21	2.1	-10.34	-2.66
11:30:10.276755	-0.73	-10.76	0.23	-1.25	-10.58	0.6900000000000001	0.58	-10.870000000000001	1.26	3.7600000000000002	-10.27	-5.17
11:30:10.287228	-0.9	-10.76	0.33	-0.9500000000000001	-10.53	0.86	0.26	-10.41	1.73	2.89	-10.51	-5.72
11:30:10.297339	-1.03	-10.83	0.5	-0.85	-10.8	1.27	0.06	-10.99	1.06	3.18	-10.5	-5.43
11:30:10.307414	-1.41	-10.84	0.73	-0.5700000000000001	-10.620000000000001	1.54	-0.48	-11.14	1.26	4.76	-10.16	-4.37
11:30:10.317513	-1.49	-10.83	0.81	-0.24	-10.9	1.11	-0.04	-10.6	0.9400000000000001	4.76	-10.16	-4.37
11:30:10.328122	-1.61	-10.76	0.8200000000000001	-0.29	-10.84	0.86	0.12	-10.53	1.6	3.47	-10.11	-5.74
11:30:10.338597	-1.7	-10.41	0.76	-0.34	-10.53	0.32	0.2	-10.85	0.8200000000000001	3.65	-9.9	-2.97
11:30:10.349226	-1.61	-10.15	0.77	-0.12	-10.28	0.15	0.54	-10.64	1.02	2.5500000000000003	-10.47	-4.57
11:30:10.359389	-1.55	-10.02	0.73	0.14	-10.66	0.67	0.92	-10.290000000000001	1.04	1.6500000000000001	-11.33	-5.29
11:30:10.369518	-1.55	-10.0	0.59	0.07	-10.36	0.53	0.59	-10.46	1.5	1.41	-10.69	-5.97
11:30:10.379605	-1.52	-9.790000000000001	0.41000000000000003	0.07	-10.36	0.53	0.38	-10.76	1.0	1.83	-10.34	-2.64
11:30:10.390233	-1.5	-9.67	0.36	0.09	-9.93	0.46	0.43	-10.41	0.8300000000000001	1.3800000000000001	-10.39	-4.98
11:30:10.400325	-1.36	-9.6	0.32	0.04	-9.950000000000001	0.35000000000000003	0.44	-9.46	1.07	1.11	-10.950000000000001	-5.58
11:30:10.410442	-1.11	-9.620000000000001	0.3	0.26	-10.08	0.26	0.99	-10.58	-0.37	1.06	-10.67	-5.98
11:30:10.420588	0.25	-9.96	0.93	0.63	-10.6	0.45	1.7	-10.52	-1.04	2.96	-11.03	-6.49
11:30:10.431299	0.59	-10.66	1.32	1.1300000000000001	-11.46	0.9	0.6900000000000001	-11.03	-0.59	0.64	-13.71	-4.46
11:30:10.441410	0.06	-11.28	1.6600000000000001	0.87	-11.200000000000001	0.77	0.3	-11.120000000000001	-1.56	-0.37	-12.58	-3.75
11:30:10.452039	-0.91	-11.58	2.0100000000000002	0.6900000000000001	-11.26	0.32	-0.45	-11.02	-1.51	1.8800000000000001	-12.83	-3.2800000000000002
11:30:10.462490	-2.17	-12.14	2.11	0.24	-11.36	0.3	-1.51	-11.28	-2.04	1.72	-14.57	-4.07
11:30:10.472602	-2.16	-12.08	1.71	-0.56	-11.21	-0.31	-1.72	-11.43	-1.8900000000000001	0.66	-15.5	-3.88
11:30:10.482680	-1.24	-11.53	1.2	-0.5	-11.14	-0.68	-1.73	-11.76	-1.56	-0.07	-15.44	-0.81
11:30:10.492755	0.29	-10.870000000000001	0.7000000000000001	0.12	-11.07	-1.16	-1.62	-12.38	-1.01	0.23	-16.5	0.37
11:30:10.502822	2.65	-9.49	-0.58	-0.33	-10.93	-1.12	-1.44	-13.34	-3.81	0.62	-17.53	-1.46
11:30:10.512964	2.94	-9.1	-1.1500000000000001	-4.86	-10.56	-1.09	-1.16	-14.13	-3.19	1.93	-19.06	0.21
11:30:10.523029	2.83	-8.85	-1.51	-2.6	-9.52	-1.11	-0.32	-13.65	-3.5	4.1	-16.85	0.47000000000000003
11:30:10.533096	2.44	-8.620000000000001	-1.86	-1.48	-8.82	-1.48	1.61	-11.35	-1.71	5.71	-13.52	-1.3900000000000001
11:30:10.543171	2.47	-8.38	-1.9100000000000001	-2.27	-8.620000000000001	-0.62	2.17	-10.63	-0.25	4.9	-11.96	-7.25
11:30:10.553245	2.59	-8.120000000000001	-1.85	-2.99	-9.59	-1.4000000000000001	2.62	-9.38	3.1	5.66	-9.11	-9.8
11:30:10.563328	2.61	-7.96	-1.7	-3.29	-9.88	-0.75	2.19	-9.76	4.7700000000000005	5.66	-10.86	-7.05
11:30:10.573400	1.87	-8.3	-1.07	-3.1	-10.15	-0.09	1.27	-12.25	6.94	4.03	-10.870000000000001	-5.01
11:30:10.583469	1.3	-8.85	-0.56	-3.02	-10.77	0.74	1.62	-12.280000000000001	6.0600000000000005	1.81	-6.47	-0.92
11:30:10.593534	0.79	-9.44	0.04	-1.71	-12.32	1.58	1.32	-11.3	6.43	-9.46	3.34	11.11
11:30:10.603608	0.38	-9.99	0.66	-1.29	-13.11	1.96	0.96	-8.02	8.38	-14.26	4.38	13.22
11:30:10.613687	0.06	-10.78	1.73	-1.47	-13.09	2.39	0.63	-8.58	5.68	-6.51	-0.96	12.73
11:30:10.623838	0.0	-10.93	2.06	-1.47	-13.09	2.39	0.63	-8.58	5.68	-6.51	-0.96	12.73
11:30:10.634052	0.0	-10.950000000000001	2.12	-2.05	-12.34	0.71	0.22	-9.94	3.08	4.24	-13.52	3.2600000000000002
11:30:10.644127	-0.05	-10.700000000000001	1.97	-1.97	-11.68	0.53	1.27	-8.27	3.6	0.99	-9.040000000000001	7.19
11:30:10.654196	0.36	-10.15	1.32	-1.1	-11.48	0.06	1.51	-7.48	4.61	-0.58	-4.22	6.74
11:30:10.664322	0.45	-9.91	0.96	-0.67	-10.27	0.1	1.68	-7.6000000000000005	5.45	1.82	-1.9100000000000001	6.86
11:30:10.674416	0.5700000000000001	-9.71	0.67	-0.65	-9.790000000000001	0.47000000000000003	1.16	-6.53	5.16	6.3100000000000005	-2.93	6.32
11:30:10.684505	0.68	-9.52	0.38	-0.91	-9.59	0.37	0.78	-6.7	4.71	3.02	-8.02	4.86
11:30:10.694579	0.6900000000000001	-9.23	-0.01	-0.88	-9.44	0.47000000000000003	0.19	-6.48	4.61	-0.02	-12.0	3.39
11:30:10.704648	0.47000000000000003	-9.02	-0.16	-1.21	-9.040000000000001	-0.06	-0.68	-6.62	4.97	-1.16	-7.28	4.72
11:30:10.714731	0.21	-8.92	0.02	-1.17	-8.61	-0.12	-1.47	-6.5600000000000005	5.8100000000000005	-0.68	-6.96	3.79
11:30:10.724851	0.02	-8.94	0.18	-1.31	-8.18	-0.41000000000000003	-1.59	-6.390000000000001	6.51	0.23	-8.18	3.18
11:30:10.735014	-0.02	-8.98	0.4	-1.72	-7.86	-0.15	-1.25	-6.51	6.140000000000001	0.04	-9.83	2.02
11:30:10.745665	-0.23	-8.93	0.61	-2.11	-7.6000000000000005	-0.18	-1.08	-7.47	5.74	-1.18	-12.25	-0.09
11:30:10.755733	-0.31	-8.89	0.98	-2.46	-7.21	0.04	-0.98	-7.72	5.82	-0.37	-13.02	-1.53
11:30:10.765846	-0.36	-8.75	0.98	-2.68	-7.36	-0.18	-1.08	-7.86	6.0	0.53	-13.24	-2.6
11:30:10.776379	-0.26	-8.83	1.08	-2.92	-7.0600000000000005	0.0	-1.07	-7.99	6.08	1.06	-13.07	-3.25
11:30:10.786451	-0.29	-8.8	0.9500000000000001	-2.85	-6.78	-0.02	-0.76	-8.41	5.73	2.58	-14.120000000000001	-4.86
11:30:10.796558	-0.16	-8.88	0.71	-2.57	-6.82	-0.4	-0.41000000000000003	-8.91	5.6000000000000005	3.5500000000000003	-14.15	-5.4
11:30:10.806625	-0.12	-8.78	0.46	-2.16	-6.86	-0.86	-0.06	-9.34	5.45	3.81	-13.86	-5.76
11:30:10.816708	0.0	-8.790000000000001	0.3	-1.74	-6.95	-1.09	0.31	-9.34	5.49	3.98	-13.93	-6.36
11:30:10.826780	0.07	-8.69	0.18	-0.71	-7.24	-1.59	0.19	-9.620000000000001	5.39	4.22	-14.88	-7.97
11:30:10.837156	0.14	-8.74	0.1	-0.2	-7.3100000000000005	-2.02	0.37	-9.9	5.4	4.14	-14.65	-8.48
11:30:10.847233	0.07	-8.73	0.15	0.18	-7.3500000000000005	-2.11	0.38	-9.65	5.29	4.0	-14.280000000000001	-8.82
11:30:10.857327	0.04	-8.76	0.21	1.32	-7.94	-3.2	0.19	-9.58	5.3500000000000005	3.8000000000000003	-12.950000000000001	-8.21
11:30:10.867424	0.0	-8.81	0.31	1.68	-7.43	-3.46	-0.04	-9.67	5.24	4.13	-13.34	-8.66
11:30:10.877493	-0.16	-8.8	0.58	1.9100000000000001	-7.61	-3.49	-0.1	-9.64	4.84	4.12	-13.22	-9.43
11:30:10.887990	-0.22	-8.88	0.77	2.06	-7.69	-3.31	-0.36	-9.53	4.53	3.94	-12.870000000000001	-9.3
11:30:10.898267	-0.26	-9.040000000000001	0.87	2.05	-7.78	-3.0500000000000003	-0.26	-9.51	4.29	3.88	-13.07	-9.86
11:30:10.908381	-0.34	-9.51	1.02	2.08	-7.7700000000000005	-2.87	-0.15	-9.69	3.87	3.69	-13.790000000000001	-10.91
11:30:10.918523	-0.38	-9.66	1.02	1.9100000000000001	-7.86	-2.8000000000000003	-0.09	-9.74	3.22	3.56	-14.11	-11.26
11:30:10.929191	-0.37	-9.77	1.04	1.8	-8.07	-2.91	-0.12	-9.83	2.64	3.36	-13.69	-12.13
11:30:10.939782	-0.35000000000000003	-9.84	1.05	1.18	-8.870000000000001	-3.3200000000000003	-0.3	-9.91	1.74	3.61	-12.68	-12.74
11:30:10.949902	-0.3	-10.02	1.02	0.9500000000000001	-9.09	-3.45	-0.3	-9.91	1.74	3.95	-12.02	-13.18
11:30:10.960027	-0.29	-10.16	1.0	0.76	-9.28	-3.37	0.0	-9.48	1.06	4.04	-11.74	-13.65
11:30:10.970145	-0.38	-10.39	0.97	0.78	-10.15	-3.58	0.0	-9.48	1.06	3.96	-11.57	-14.08
11:30:10.980239	-0.47000000000000003	-10.620000000000001	0.96	0.6900000000000001	-10.66	-3.75	-0.46	-8.700000000000001	1.0	2.96	-10.8	-14.620000000000001
11:30:10.990365	-0.52	-11.0	0.84	0.64	-11.05	-3.88	-0.62	-8.56	0.77	1.98	-10.46	-14.82
11:30:11.000991	-0.65	-11.19	0.6900000000000001	0.72	-11.36	-4.05	-0.68	-8.63	0.7000000000000001	1.5	-10.14	-14.950000000000001
11:30:11.011109	-0.53	-11.36	0.6900000000000001	0.77	-11.620000000000001	-4.19	-0.56	-8.6	0.74	1.34	-9.61	-15.19
11:30:11.021225	-0.62	-11.4	0.55	0.76	-11.48	-4.23	-0.17	-8.43	0.84	1.0	-9.47	-14.790000000000001
11:30:11.031347	-0.62	-11.4	0.55	0.63	-11.19	-4.13	-0.01	-8.49	0.75	1.19	-9.76	-14.64
11:30:11.041525	-0.76	-11.41	0.42	0.58	-10.8	-4.0600000000000005	0.05	-8.59	0.96	3.0500000000000003	-11.53	-15.57
11:30:11.051896	-0.81	-11.31	0.47000000000000003	0.59	-9.82	-3.77	-0.07	-8.49	1.53	2.68	-9.41	-13.67
11:30:11.062000	-0.93	-11.07	0.49	0.55	-9.26	-3.33	-0.22	-8.52	2.0	3.2	-8.64	-12.93
11:30:11.072175	-0.9400000000000001	-10.83	0.56	0.62	-8.72	-3.14	-0.38	-8.47	2.41	4.13	-8.09	-12.83
11:30:11.082299	-0.9	-10.290000000000001	0.62	0.61	-8.120000000000001	-2.62	-0.5700000000000001	-8.540000000000001	2.58	3.33	-7.36	-7.5200000000000005
11:30:11.092781	-0.92	-10.06	0.64	0.33	-8.31	-1.87	-0.41000000000000003	-13.040000000000001	-2.57	0.99	-14.15	2.09
11:30:11.103037	-0.66	-9.83	0.74	0.15	-10.68	-1.31	-0.67	-16.86	-9.450000000000001	-0.06	-23.41	18.14
11:30:11.113104	0.18	-9.93	0.7000000000000001	-0.16	-13.370000000000001	-0.92	-1.79	-17.62	-8.540000000000001	11.28	-12.74	-3.79
11:30:11.123206	1.07	-12.24	-0.3	-0.6	-14.08	-0.62	0.42	-11.870000000000001	0.09	9.15	-8.08	-7.51
11:30:11.133277	1.1400000000000001	-13.030000000000001	-0.8200000000000001	0.02	-13.21	-2.5500000000000003	-0.71	-10.49	2.5300000000000002	0.33	-6.890000000000001	-13.25
11:30:11.143353	1.1	-13.44	-1.29	-0.1	-12.24	-2.16	-2.42	-9.790000000000001	3.27	-7.95	-7.1000000000000005	-5.45
11:30:11.153419	1.07	-12.75	-1.67	-0.12	-11.66	-2.1	-3.83	-9.89	0.88	4.24	-11.48	1.8900000000000001
11:30:11.163494	1.11	-11.88	-1.47	-0.52	-10.790000000000001	-2.91	-0.98	-8.3	2.23	6.51	-8.76	-3.48
11:30:11.173573	0.96	-11.02	-1.06	-2.57	-7.68	-2.13	1.6500000000000001	-8.58	2.5	1.71	-6.93	-3.7600000000000002
11:30:11.183643	0.62	-10.16	-0.53	-3.5300000000000002	-6.88	-0.7000000000000001	3.24	-9.23	1.77	-1.71	-6.83	-0.76
11:30:11.193759	0.41000000000000003	-8.78	0.64	-3.5100000000000002	-6.78	0.23	4.61	-10.700000000000001	0.97	0.23	-9.63	-0.46
11:30:11.203943	0.55	-8.61	1.16	-2.56	-7.140000000000001	0.56	2.87	-10.72	1.6400000000000001	1.9100000000000001	-9.74	-3.0300000000000002
11:30:11.214015	0.59	-8.63	1.42	-0.01	-7.62	1.76	1.32	-10.25	2.17	1.6500000000000001	-7.5	-3.5300000000000002
11:30:11.224155	0.65	-8.8	1.16	1.1500000000000001	-8.16	2.24	-0.02	-9.33	1.46	0.87	-11.790000000000001	0.49
11:30:11.234455	1.09	-8.85	0.98	2.1	-9.13	1.82	-1.03	-8.57	0.73	0.44	-10.76	-2.19
11:30:11.244560	1.71	-8.91	0.87	2.98	-9.92	1.2	-0.3	-8.76	1.2	0.33	-9.75	-2.87
11:30:11.254681	2.14	-8.98	0.67	3.37	-11.200000000000001	0.7000000000000001	-0.03	-9.83	1.3	1.23	-8.73	-3.47
11:30:11.265257	2.32	-9.27	0.11	2.64	-11.01	0.64	0.85	-11.120000000000001	-0.41000000000000003	2.5300000000000002	-8.89	0.27
11:30:11.275461	2.06	-9.48	-0.26	1.5	-10.49	0.75	1.4000000000000001	-10.39	-0.37	2.14	-10.18	-4.18
11:30:11.285530	1.73	-9.67	-0.6900000000000001	0.4	-9.83	0.67	1.6600000000000001	-9.48	-0.12	1.98	-9.33	-2.2
11:30:11.295680	1.37	-9.71	-1.37	-0.66	-8.73	-0.34	1.51	-9.41	-0.12	1.6400000000000001	-9.040000000000001	-3.09
11:30:11.305754	1.44	-9.58	-1.54	-0.86	-8.81	-0.76	1.51	-9.41	-0.12	1.34	-10.68	-2.13
11:30:11.316192	1.35	-9.39	-1.62	-0.72	-8.4	-0.93	1.51	-9.41	-0.12	0.9	-9.19	-3.79
11:30:11.326390	1.28	-9.34	-1.49	-0.72	-9.15	-1.76	1.8900000000000001	-9.84	1.3800000000000001	1.12	-8.89	-2.4
11:30:11.336515	0.74	-9.290000000000001	-1.04	-1.06	-8.870000000000001	-0.9400000000000001	0.62	-9.8	1.1300000000000001	1.35	-8.72	-2.34
11:30:11.346594	0.5	-9.3	-0.77	-0.64	-9.25	-0.66	0.6	-9.75	0.88	1.05	-10.16	-2.72
11:30:11.356666	0.21	-9.370000000000001	-0.51	-0.79	-9.3	-0.01	0.6	-9.75	0.88	0.93	-10.120000000000001	-3.7800000000000002
11:30:11.366743	0.07	-9.4	-0.33	-0.11	-9.43	0.03	1.23	-9.870000000000001	0.97	1.22	-9.53	-3.33
11:30:11.376827	-0.01	-9.24	0.11	0.39	-9.34	0.28	1.23	-9.870000000000001	0.97	1.32	-9.58	-0.72
11:30:11.386893	0.01	-9.14	0.29	0.8200000000000001	-9.43	0.35000000000000003	1.23	-9.870000000000001	0.97	1.53	-8.46	-3.4
11:30:11.396969	0.07	-9.040000000000001	0.47000000000000003	1.12	-9.52	0.38	0.51	-9.6	1.04	2.4	-7.96	-4.46
11:30:11.407043	0.12	-8.98	0.56	1.34	-9.92	0.66	-0.61	-10.09	1.11	2.88	-8.26	-3.66
11:30:11.417118	0.28	-9.09	0.47000000000000003	1.23	-10.08	0.7000000000000001	-1.03	-10.53	0.51	2.97	-9.53	-1.43
11:30:11.427194	0.35000000000000003	-9.200000000000001	0.3	1.12	-10.13	0.49	-0.79	-10.38	0.31	2.59	-9.14	-4.21
11:30:11.437323	0.21	-9.36	0.03	0.85	-10.07	0.12	0.1	-9.8	0.44	2.3000000000000003	-8.92	-3.37
11:30:11.447390	0.18	-9.46	-0.13	0.43	-9.450000000000001	-0.05	0.81	-9.44	0.64	2.11	-8.8	-4.5200000000000005
11:30:11.457544	0.0	-9.5	-0.44	0.43	-9.3	-0.06	0.88	-9.83	0.0	1.82	-10.16	-2.11
11:30:11.467616	-0.08	-9.41	-0.54	0.42	-9.31	-0.05	1.42	-9.86	-0.11	1.84	-9.67	-4.22
11:30:11.477726	-0.09	-9.28	-0.63	0.4	-9.4	0.0	1.69	-9.370000000000001	0.99	1.11	-9.26	-3.31
11:30:11.488375	-0.04	-9.22	-0.59	-0.24	-9.22	0.38	0.91	-9.47	1.16	1.72	-9.22	-0.8200000000000001
11:30:11.498519	0.05	-9.05	-0.6	-0.24	-9.22	0.38	0.43	-9.72	0.67	2.02	-9.44	-2.7800000000000002
11:30:11.509116	0.19	-9.01	-0.47000000000000003	-0.19	-9.4	0.22	0.89	-9.56	1.21	2.25	-9.1	-4.08
11:30:11.519567	0.34	-8.97	-0.4	-0.84	-9.6	0.31	0.78	-9.64	1.79	2.09	-9.25	-4.43
11:30:11.530096	0.5	-9.03	-0.18	-0.81	-9.63	0.09	0.78	-9.64	1.79	2.05	-9.35	-0.74
11:30:11.540783	0.41000000000000003	-9.06	-0.13	-0.64	-9.6	0.22	0.78	-9.64	1.79	1.83	-9.8	-3.52
11:30:11.550870	0.31	-9.120000000000001	-0.14	-0.63	-9.49	0.4	0.72	-9.290000000000001	2.06	1.72	-9.22	-4.59
11:30:11.560987	0.22	-9.16	-0.1	-0.92	-9.34	0.78	0.72	-9.290000000000001	2.06	1.86	-9.72	-1.69
11:30:11.571552	0.1	-9.24	-0.22	-1.0	-9.33	0.9500000000000001	0.72	-9.290000000000001	2.06	1.78	-9.39	-3.84
11:30:11.581679	0.04	-9.23	-0.29	-1.03	-9.32	1.27	0.46	-9.43	1.95	1.78	-9.39	-3.84
11:30:11.592052	0.02	-9.24	-0.34	-1.03	-9.290000000000001	1.6400000000000001	0.36	-9.65	2.0100000000000002	1.61	-9.5	-4.88
11:30:11.602125	0.05	-9.25	-0.44	-1.06	-9.78	1.67	0.4	-10.370000000000001	0.92	2.39	-9.97	-2.44
11:30:11.612201	0.25	-9.41	-0.61	-1.21	-9.98	1.76	1.21	-9.97	1.3900000000000001	1.98	-9.9	-4.82
11:30:11.622354	0.29	-9.57	-0.65	-1.05	-10.120000000000001	1.9100000000000001	1.16	-9.92	1.87	1.36	-10.01	-4.54
11:30:11.632436	0.38	-9.74	-0.67	-1.03	-10.19	1.9000000000000001	0.85	-10.370000000000001	1.9000000000000001	2.2600000000000002	-10.08	-2.11
11:30:11.642606	0.4	-9.89	-0.68	-0.61	-10.47	1.16	0.51	-10.9	1.1300000000000001	2.31	-10.8	-3.5100000000000002
11:30:11.652678	0.39	-10.13	-0.66	-1.11	-10.43	1.08	0.51	-10.9	1.1300000000000001	1.61	-11.65	-5.61
11:30:11.662750	0.4	-10.25	-0.63	-0.98	-10.55	0.96	0.51	-10.9	1.1300000000000001	0.33	-11.35	-5.43
11:30:11.673375	0.39	-10.41	-0.56	-1.1400000000000001	-10.57	0.9500000000000001	0.98	-10.84	1.1400000000000001	3.24	-10.24	-2.62
11:30:11.683573	0.11	-10.93	-0.32	-1.25	-10.61	0.9500000000000001	0.98	-10.84	1.1400000000000001	3.0100000000000002	-10.11	-4.21
11:30:11.693641	0.16	-10.66	-0.24	-1.1400000000000001	-10.69	1.06	0.75	-10.41	0.6900000000000001	2.22	-11.040000000000001	-5.66
11:30:11.703715	0.07	-11.01	-0.03	-1.0	-10.77	1.31	0.75	-10.41	0.6900000000000001	2.97	-10.06	-5.5600000000000005
11:30:11.713793	-0.15	-11.05	0.12	-0.5700000000000001	-10.76	0.93	0.75	-10.41	0.6900000000000001	4.69	-10.16	-2.84
11:30:11.723947	-0.54	-10.98	0.37	-0.49	-10.75	1.37	0.18	-10.450000000000001	0.75	3.71	-10.1	-4.91
11:30:11.734061	-0.8	-10.91	0.53	-0.36	-10.77	1.3800000000000001	0.18	-10.450000000000001	0.75	2.91	-10.93	-5.5200000000000005
11:30:11.744188	-0.89	-10.85	0.51	-0.21	-10.71	1.35	0.54	-10.3	1.25	3.25	-10.120000000000001	-5.73
11:30:11.754319	-1.01	-10.5	0.44	-0.23	-10.38	0.87	0.54	-10.3	1.25	3.13	-10.11	-2.69
11:30:11.764405	-1.08	-10.34	0.34	0.0	-10.32	0.92	0.54	-10.3	1.25	1.97	-10.52	-4.63
11:30:11.774506	-1.03	-10.23	0.25	-0.02	-10.39	0.98	0.54	-10.3	1.25	1.26	-11.19	-5.22
11:30:11.784615	-0.98	-10.16	0.19	-0.29	-10.4	0.98	0.54	-10.3	1.25	1.58	-10.84	-4.66
11:30:11.795220	-0.98	-10.16	0.19	-0.36	-10.13	0.5	1.01	-9.81	1.1400000000000001	1.1	-10.35	-2.73
11:30:11.805342	-0.65	-9.92	-0.04	-0.2	-10.11	0.53	1.01	-9.81	1.1400000000000001	0.63	-10.9	-4.68
11:30:11.815451	-0.35000000000000003	-9.97	-0.01	0.12	-10.21	0.7000000000000001	0.79	-9.84	-0.02	0.63	-12.040000000000001	-4.58
11:30:11.825562	0.14	-10.120000000000001	0.25	0.42	-10.58	0.87	0.79	-9.84	-0.02	2.97	-11.33	-5.82
11:30:11.835646	0.58	-11.18	1.06	0.77	-11.59	0.72	1.6300000000000001	-10.77	-0.89	1.76	-12.5	-1.98
11:30:11.845936	0.05	-11.63	1.41	0.71	-11.41	0.53	1.6300000000000001	-10.77	-0.89	-0.9	-13.620000000000001	-2.52
11:30:11.856133	-0.54	-11.94	1.61	0.73	-11.38	0.04	1.6300000000000001	-10.77	-0.89	-1.12	-13.35	-5.44
11:30:11.866245	-1.16	-12.31	1.6600000000000001	0.55	-11.65	0.0	1.6300000000000001	-10.77	-0.89	1.61	-15.06	-2.96
11:30:11.876313	-0.78	-11.870000000000001	1.5	-0.01	-11.55	0.0	-1.8	-11.36	-1.33	0.51	-14.540000000000001	-0.44
11:30:11.886654	-0.06	-11.42	1.22	-0.42	-11.32	-0.18	-1.8	-11.36	-1.33	0.25	-13.790000000000001	-2.36
11:30:11.896724	0.6	-10.85	0.74	-0.63	-11.02	-0.54	-1.78	-12.02	-2.34	0.13	-16.73	-3.45
11:30:11.906853	2.45	-9.57	-0.28	-0.74	-10.77	-0.86	-1.78	-12.02	-2.34	-0.51	-17.59	-2.02
11:30:11.916923	3.3200000000000003	-9.08	-0.58	-1.05	-10.3	-1.5	-1.61	-12.030000000000001	-1.78	1.43	-18.01	1.7
11:30:11.926998	3.5700000000000003	-8.71	-0.96	-3.5300000000000002	-10.040000000000001	-1.33	-1.61	-12.030000000000001	-1.78	3.49	-17.73	1.52
11:30:11.937099	3.18	-8.370000000000001	-1.23	-3.21	-9.370000000000001	-1.1300000000000001	-1.61	-12.030000000000001	-1.78	6.51	-15.23	-2.58
11:30:11.947256	2.56	-7.75	-1.5	-1.8	-8.9	-1.21	2.41	-12.57	-3.3000000000000003	5.45	-12.99	-4.57
11:30:11.957373	2.62	-7.53	-1.54	-2.37	-9.1	-0.78	2.81	-10.69	-0.65	3.83	-9.69	-7.22
11:30:11.967433	2.61	-7.390000000000001	-1.44	-2.85	-9.67	-1.19	3.38	-9.620000000000001	1.27	3.62	-7.0	-5.1000000000000005
11:30:11.977502	2.4	-7.3100000000000005	-1.31	-3.42	-9.82	0.09	1.47	-9.97	5.48	5.78	-8.98	-6.79
11:30:11.987836	1.79	-8.09	-0.53	-2.43	-10.13	0.62	1.47	-9.97	5.48	4.11	-5.57	-4.33
11:30:11.997905	1.44	-8.67	0.07	-2.2600000000000002	-11.49	1.17	0.86	-11.33	7.03	-1.3800000000000001	-0.85	1.84
11:30:12.008045	1.1300000000000001	-9.26	0.58	-1.84	-12.82	1.77	0.86	-11.33	7.03	-8.18	2.95	9.56
11:30:12.018455	0.92	-9.92	1.11	-1.84	-12.82	1.77	1.01	-9.35	7.46	-8.35	-1.55	14.52
11:30:12.028574	0.61	-10.92	1.87	-1.8800000000000001	-12.35	1.2	0.85	-9.57	5.18	-0.88	-10.76	9.48
11:30:12.039029	0.54	-11.08	1.96	-1.95	-11.66	0.54	0.89	-10.27	2.41	5.51	-16.18	4.0200000000000005
11:30:12.049563	0.48	-10.96	1.85	-1.5	-11.33	0.44	0.89	-10.27	2.41	1.46	-6.84	6.18
11:30:12.059688	0.59	-10.23	1.23	-1.03	-10.370000000000001	0.36	1.8	-7.43	4.67	-0.32	-2.77	5.32
11:30:12.070349	0.6	-9.93	0.92	-0.78	-10.120000000000001	0.54	1.82	-7.86	5.44	1.83	-1.2	7.57
11:30:12.080442	0.68	-9.64	0.64	-0.7000000000000001	-9.83	0.52	0.9500000000000001	-7.34	4.95	1.55	-9.24	4.62
11:30:12.090908	0.72	-9.38	0.35000000000000003	-0.64	-9.68	0.41000000000000003	0.27	-7.5	5.18	1.55	-9.24	4.62
11:30:12.101495	0.85	-9.07	-0.07	-1.02	-9.4	0.15	-0.37	-7.38	4.8100000000000005	-1.51	-11.6	3.5100000000000002
11:30:12.111568	0.87	-8.96	-0.23	-1.2	-9.05	-0.03	-1.29	-7.03	5.33	-1.51	-11.6	3.5100000000000002
11:30:12.121865	0.93	-8.88	-0.26	-1.48	-8.63	-0.15	-1.55	-6.68	5.61	-1.84	-7.96	4.59
11:30:12.132187	0.91	-8.83	-0.27	-1.3	-8.35	-0.32	-1.29	-6.72	5.53	0.62	-8.78	2.17
11:30:12.142430	0.76	-8.83	0.06	-1.87	-7.63	-0.14	-1.29	-6.72	5.53	-0.13	-10.73	0.48
11:30:12.153024	0.64	-8.88	0.26	-2.0100000000000002	-7.78	-0.15	-0.81	-7.6000000000000005	6.0200000000000005	-0.13	-10.73	0.48
11:30:12.163204	0.52	-8.94	0.49	-2.23	-7.75	-0.14	-0.9400000000000001	-7.83	5.89	0.96	-12.72	-2.25
11:30:12.173274	0.29	-9.03	0.72	-2.5500000000000003	-7.59	0.01	-1.1300000000000001	-7.97	5.92	1.43	-12.950000000000001	-3.02
11:30:12.183428	0.04	-9.05	0.91	-2.34	-7.18	-0.41000000000000003	-1.1300000000000001	-7.97	5.92	1.81	-12.790000000000001	-3.27
11:30:12.193674	0.02	-9.040000000000001	1.0	-2.14	-7.0600000000000005	-0.55	-0.76	-8.3	5.8	4.07	-12.950000000000001	-4.49
11:30:12.203749	0.04	-9.0	0.96	-1.83	-7.16	-0.68	-0.76	-8.3	5.8	4.94	-12.72	-4.62
11:30:12.213855	0.05	-8.92	0.9	-1.6400000000000001	-7.01	-0.88	0.9400000000000001	-9.14	5.5	5.24	-12.88	-5.07
11:30:12.223996	0.41000000000000003	-8.77	0.5700000000000001	-0.68	-7.2	-0.9500000000000001	0.9400000000000001	-9.14	5.5	5.29	-13.36	-5.67
11:30:12.234276	0.56	-8.71	0.37	-0.17	-7.24	-1.11	0.89	-9.35	5.44	4.59	-13.450000000000001	-6.25
11:30:12.244369	0.67	-8.71	0.19	0.19	-7.25	-1.4000000000000001	0.61	-9.32	5.5200000000000005	4.2700000000000005	-13.530000000000001	-6.75
11:30:12.254698	0.65	-8.73	0.0	0.6900000000000001	-7.3	-1.77	0.61	-9.32	5.5200000000000005	3.93	-13.96	-7.04
11:30:12.264896	0.59	-8.81	0.01	1.05	-6.890000000000001	-2.5100000000000002	0.05	-9.5	5.96	3.97	-14.0	-7.3100000000000005
11:30:12.275003	0.41000000000000003	-8.950000000000001	0.15	1.32	-6.9	-2.5100000000000002	0.05	-9.5	5.96	3.54	-13.870000000000001	-8.24
11:30:12.285091	0.18	-9.0	0.38	1.4000000000000001	-7.0200000000000005	-2.54	0.05	-9.5	5.96	3.5	-13.96	-9.27
11:30:12.295531	0.18	-9.0	0.38	1.5	-7.22	-2.91	-0.56	-9.63	5.15	3.5700000000000003	-13.63	-10.0
11:30:12.306049	0.12	-9.120000000000001	0.63	1.99	-7.5200000000000005	-2.7800000000000002	-0.56	-9.63	5.15	3.42	-15.89	-11.68
11:30:12.316124	0.17	-9.19	0.77	2.17	-7.94	-2.82	0.07	-9.58	4.75	2.63	-14.38	-13.39
11:30:12.326230	0.18	-9.450000000000001	0.96	2.18	-8.46	-2.88	0.07	-9.58	4.75	1.97	-13.75	-13.17
11:30:12.336320	0.13	-9.63	1.01	2.05	-8.99	-3.14	0.07	-9.58	4.75	2.2	-12.870000000000001	-13.870000000000001
11:30:12.346651	0.1	-9.89	1.04	1.7	-9.73	-3.3200000000000003	-0.79	-10.33	3.15	3.62	-12.82	-15.89
11:30:12.356738	0.08	-10.07	1.08	1.27	-9.92	-3.33	-0.9	-9.65	2.36	3.63	-11.85	-15.92
11:30:12.366834	-0.03	-10.450000000000001	1.05	0.98	-10.18	-3.58	-0.9	-9.65	2.36	4.0600000000000005	-11.790000000000001	-16.9
11:30:12.376909	-0.12	-10.56	0.9	0.46	-10.43	-3.72	-0.24	-9.540000000000001	1.45	3.97	-11.370000000000001	-17.46
11:30:12.386987	-0.19	-10.700000000000001	0.77	0.25	-10.88	-4.34	-0.09	-9.17	1.27	1.81	-9.92	-17.66
11:30:12.397056	-0.19	-10.870000000000001	0.6	0.25	-10.88	-4.34	0.0	-8.19	1.3800000000000001	0.72	-9.99	-17.35
11:30:12.407124	-0.27	-11.200000000000001	0.09	0.24	-11.21	-4.58	-0.14	-8.3	1.1300000000000001	0.43	-10.08	-17.39
11:30:12.417194	-0.33	-11.34	-0.05	0.15	-11.55	-4.84	-0.25	-8.33	1.1	0.85	-10.91	-17.43
11:30:12.427337	-0.45	-11.28	-0.23	0.25	-11.42	-4.71	-0.1	-8.22	1.1400000000000001	0.92	-10.01	-16.66
11:30:12.437432	-0.59	-11.27	-0.27	0.37	-11.15	-4.49	0.05	-8.24	1.26	0.91	-9.68	-15.92
11:30:12.447523	-0.66	-11.14	-0.18	0.52	-10.83	-4.21	0.05	-8.24	1.26	1.1400000000000001	-9.370000000000001	-15.31
11:30:12.457614	-0.78	-10.96	-0.08	0.45	-9.1	-2.77	0.05	-8.24	1.26	2.17	-9.02	-13.85
11:30:12.467714	-0.8200000000000001	-10.73	0.04	0.3	-8.55	-2.38	0.05	-8.24	1.26	2.62	-8.43	-13.09
11:30:12.478410	-0.64	-10.27	0.38	0.3	-8.55	-2.38	-0.26	-8.700000000000001	3.11	2.77	-8.07	-11.35
11:30:12.488517	0.11	-10.6	0.43	-0.26	-10.870000000000001	-1.61	-0.19	-9.05	2.87	0.97	-10.96	-2.23
11:30:12.498961	0.87	-11.35	0.22	0.0	-12.22	-0.99	0.15	-14.58	-3.99	6.22	-21.72	16.45
11:30:12.509590	1.21	-12.49	-0.13	0.02	-12.9	-0.48	-1.02	-16.39	-4.51	11.3	-14.73	4.0
11:30:12.519685	1.08	-13.040000000000001	-1.18	0.63	-12.950000000000001	-1.28	-1.02	-16.39	-4.51	10.32	-9.53	-7.05
11:30:12.529755	0.87	-12.9	-1.59	-0.56	-9.9	0.12	-1.02	-16.39	-4.51	4.7	-7.5600000000000005	-10.32
11:30:12.539998	0.9	-12.3	-1.57	-1.3	-10.05	-0.72	-1.02	-16.39	-4.51	-4.92	-8.82	-0.63
11:30:12.550100	1.0	-11.71	-1.24	-1.76	-10.05	-2.34	-1.02	-16.39	-4.51	0.72	-10.83	-0.15
11:30:12.560214	0.26	-10.65	-0.42	-1.99	-8.92	-2.95	-1.47	-9.53	3.47	4.78	-9.01	-2.81
11:30:12.570397	-0.25	-10.16	-0.01	-3.0700000000000003	-7.59	0.26	-0.04	-9.93	2.02	0.2	-7.55	1.9100000000000001
11:30:12.580514	-0.32	-9.6	0.4	-2.72	-8.040000000000001	1.16	1.28	-10.42	1.26	1.08	-9.48	-1.86
11:30:12.590623	0.06	-9.200000000000001	0.85	-1.67	-8.65	0.97	3.27	-10.67	1.6	0.78	-8.35	-1.09
11:30:12.600686	0.99	-9.06	1.09	-0.42	-9.05	0.91	3.27	-10.67	1.6	1.3800000000000001	-10.92	-1.41
11:30:12.610777	1.27	-9.07	0.96	1.29	-9.18	1.07	0.99	-10.52	0.92	1.3800000000000001	-10.92	-1.41
11:30:12.621526	1.45	-9.040000000000001	0.78	1.87	-9.16	0.84	0.99	-10.52	0.92	2.12	-11.5	-2.75
11:30:12.631836	1.9100000000000001	-8.84	0.26	2.46	-9.17	0.47000000000000003	-0.04	-8.42	0.8200000000000001	-0.13	-9.06	-3.0100000000000002
11:30:12.641951	2.15	-8.67	0.07	2.77	-9.58	0.48	-0.04	-8.42	0.8200000000000001	2.0300000000000002	-8.950000000000001	0.43
11:30:12.652045	2.23	-8.56	-0.1	2.2800000000000002	-10.15	0.3	-0.04	-8.42	0.8200000000000001	2.83	-8.19	-2.38
11:30:12.662410	2.22	-8.5	-0.25	1.32	-9.9	0.45	-0.04	-8.42	0.8200000000000001	1.68	-8.870000000000001	-2.33
11:30:12.672566	1.87	-8.71	-0.7000000000000001	0.24	-9.59	0.5700000000000001	-0.04	-8.42	0.8200000000000001	1.6600000000000001	-9.88	-1.92
11:30:12.682639	1.73	-9.01	-0.93	-0.28	-9.48	0.22	-0.04	-8.42	0.8200000000000001	2.0300000000000002	-11.14	-1.6400000000000001
11:30:12.693148	1.62	-9.22	-1.19	-0.65	-9.55	-0.64	1.28	-9.88	-0.29	1.49	-10.25	-4.0600000000000005
11:30:12.703263	1.51	-9.42	-1.41	-0.76	-9.08	-0.85	0.67	-9.91	-0.53	1.1300000000000001	-8.88	-3.66
11:30:12.713426	1.3900000000000001	-9.5	-1.52	-1.04	-9.07	-1.54	0.67	-9.91	-0.53	1.16	-9.24	-1.11
11:30:12.723494	1.25	-9.540000000000001	-1.47	-1.09	-9.26	-1.21	0.67	-9.91	-0.53	2.14	-9.66	-0.68
11:30:12.733631	1.01	-9.58	-1.34	-1.11	-9.3	-0.78	0.36	-10.08	0.24	1.6	-9.55	-3.19
11:30:12.743758	0.78	-9.6	-1.16	-1.02	-9.57	-0.54	0.36	-10.08	0.24	1.19	-9.89	-3.25
11:30:12.753827	0.4	-9.58	-0.8200000000000001	-0.96	-9.450000000000001	-0.12	0.36	-10.08	0.24	1.74	-9.76	-1.1300000000000001
11:30:12.764388	0.25	-9.370000000000001	-0.66	-0.16	-9.46	-0.05	1.01	-9.92	0.62	1.6400000000000001	-9.870000000000001	-1.6300000000000001
11:30:12.774853	0.2	-9.25	-0.5	0.23	-9.25	-0.05	1.01	-9.92	0.62	1.42	-9.370000000000001	-4.0
11:30:12.784927	0.19	-8.98	-0.32	0.44	-9.040000000000001	0.21	1.01	-9.92	0.62	1.1400000000000001	-8.64	-3.48
11:30:12.795035	0.32	-8.76	-0.04	0.81	-9.21	0.41000000000000003	1.8	-9.27	0.77	2.04	-9.23	-0.65
11:30:12.805104	0.37	-8.65	0.04	1.42	-9.88	0.39	1.8	-9.27	0.77	1.98	-9.43	-3.29
11:30:12.815182	0.45	-8.68	0.0	1.28	-9.73	0.67	-0.09	-9.9	0.79	1.71	-8.88	-3.92
11:30:12.825253	0.38	-8.88	-0.14	1.07	-9.56	0.76	-0.04	-9.66	0.93	2.02	-8.84	-2.15
11:30:12.835327	0.3	-9.03	-0.32	1.1400000000000001	-9.64	0.53	-0.04	-9.66	0.93	1.83	-10.17	-0.89
11:30:12.845410	0.17	-9.19	-0.4	0.67	-9.84	0.21	0.19	-10.18	-0.13	2.09	-10.1	-3.88
11:30:12.855480	0.13	-9.34	-0.48	0.62	-9.76	0.09	1.35	-9.84	-0.55	1.92	-9.23	-3.81
11:30:12.865550	0.08	-9.59	-0.75	0.39	-9.51	0.14	1.9000000000000001	-9.540000000000001	-0.26	2.07	-9.200000000000001	-1.87
11:30:12.875622	0.16	-9.620000000000001	-0.8200000000000001	0.2	-9.43	0.09	1.8800000000000001	-9.56	-0.2	2.0300000000000002	-10.1	-1.49
11:30:12.885692	0.24	-9.61	-0.86	-0.26	-9.59	0.03	1.84	-9.85	-0.6	1.57	-9.620000000000001	-3.93
11:30:12.895833	0.33	-9.57	-0.91	-0.42	-9.64	0.09	1.75	-9.51	-0.17	1.08	-9.52	-3.2800000000000002
11:30:12.905904	0.5700000000000001	-9.38	-0.79	-0.59	-9.63	0.17	1.04	-9.23	0.61	1.79	-8.99	-1.23
11:30:12.916011	0.64	-9.28	-0.75	-0.6	-9.700000000000001	0.0	-0.43	-9.84	1.43	1.87	-9.82	-1.93
11:30:12.926082	0.71	-9.19	-0.72	-1.07	-9.85	0.25	-0.42	-10.120000000000001	1.01	1.86	-9.540000000000001	-4.78
11:30:12.936154	0.6	-9.14	-0.6	-1.24	-9.540000000000001	0.22	0.12	-9.83	1.16	1.76	-9.33	-4.3500000000000005
11:30:12.946365	0.48	-9.05	-0.6	-1.16	-9.55	0.29	0.47000000000000003	-9.46	1.92	2.2	-9.01	-1.42
11:30:12.956450	0.39	-9.07	-0.6	-1.19	-9.51	0.45	0.34	-10.24	1.71	2.27	-9.66	-3.2800000000000002
11:30:12.966521	0.36	-9.15	-0.5700000000000001	-0.9400000000000001	-9.64	0.97	0.35000000000000003	-10.21	1.71	1.68	-9.51	-4.72
11:30:12.976891	0.3	-9.27	-0.6	-1.05	-9.53	1.3800000000000001	0.67	-9.69	2.2800000000000002	1.53	-9.24	-4.62
11:30:12.987005	0.28	-9.3	-0.59	-0.97	-9.61	1.55	0.2	-9.950000000000001	2.56	1.87	-9.33	-1.79
11:30:12.997299	0.23	-9.34	-0.62	-0.97	-9.61	1.55	-0.07	-10.31	1.6600000000000001	1.95	-9.81	-3.84
11:30:13.007366	0.27	-9.53	-0.67	-0.81	-9.89	1.7	0.44	-9.9	2.13	1.59	-9.69	-4.5600000000000005
11:30:13.017493	0.27	-9.66	-0.68	-0.86	-10.11	1.46	0.9	-9.71	1.93	2.4	-9.72	-4.3100000000000005
11:30:13.027608	0.29	-9.86	-0.64	-0.6900000000000001	-10.36	1.4000000000000001	0.76	-10.49	1.73	2.81	-10.14	-2.73
11:30:13.038254	0.25	-10.01	-0.62	-0.67	-10.65	1.33	0.66	-10.81	1.6400000000000001	2.36	-10.75	-4.69
11:30:13.048375	0.26	-10.41	-0.48	-0.85	-10.700000000000001	1.24	0.99	-10.51	1.72	1.67	-11.19	-4.9
11:30:13.058472	0.18	-10.61	-0.37	-0.92	-10.66	1.1	0.35000000000000003	-10.98	1.86	1.9100000000000001	-9.47	-3.4
11:30:13.068583	0.13	-10.76	-0.29	-1.1	-10.67	0.99	-0.2	-11.31	1.9100000000000001	2.64	-10.55	-3.13
11:30:13.078695	0.05	-10.86	-0.19	-1.24	-10.73	0.88	0.21	-10.83	1.84	1.82	-10.39	-4.53
11:30:13.089238	-0.2	-11.07	0.06	-1.12	-10.69	0.86	0.21	-10.83	1.84	2.54	-10.33	-5.5200000000000005
11:30:13.099490	-0.41000000000000003	-11.13	0.09	-0.98	-10.58	0.75	0.39	-11.03	0.76	3.0	-10.64	-4.0200000000000005
11:30:13.109656	-0.6	-11.14	0.15	-0.51	-10.57	1.05	0.33	-10.790000000000001	0.79	2.73	-10.16	-3.66
11:30:13.120248	-0.78	-11.14	0.21	-0.21	-10.64	1.04	0.66	-10.11	0.47000000000000003	2.45	-10.73	-4.92
11:30:13.130356	-0.91	-10.98	0.21	0.05	-10.52	0.8200000000000001	0.61	-10.02	0.67	2.92	-10.44	-6.29
11:30:13.140479	-1.01	-10.83	0.16	0.24	-10.34	0.72	0.28	-10.41	0.2	3.11	-10.450000000000001	-3.46
11:30:13.150579	-1.03	-10.59	0.12	0.25	-10.26	0.68	0.21	-10.31	0.14	2.58	-10.0	-3.95
11:30:13.161180	-1.05	-10.370000000000001	0.04	0.12	-10.17	0.71	0.53	-9.64	0.48	2.12	-10.8	-5.42
11:30:13.171313	-1.04	-10.07	-0.14	-0.03	-10.18	0.15	0.5700000000000001	-9.77	0.12	2.0300000000000002	-10.540000000000001	-2.95
11:30:13.181442	-0.97	-9.93	-0.19	-0.12	-10.14	-0.08	0.37	-10.22	-0.19	1.48	-10.26	-4.12
11:30:13.191983	-0.8300000000000001	-9.74	-0.27	0.06	-10.23	-0.26	0.52	-9.68	-0.07	0.43	-11.4	-5.69
11:30:13.202084	-0.48	-9.38	-0.39	0.02	-10.200000000000001	-0.45	0.0	-9.72	0.5	0.59	-11.83	-4.62
11:30:13.212275	-0.21	-9.34	-0.38	0.03	-10.19	-0.43	-0.15	-10.1	0.25	1.59	-12.1	-1.59
11:30:13.222410	0.36	-9.34	-0.27	0.23	-10.67	-0.12	-0.04	-10.84	-0.5700000000000001	2.98	-11.64	-4.15
11:30:13.233088	1.02	-9.71	0.2	0.85	-11.93	0.15	0.97	-10.870000000000001	-1.34	0.41000000000000003	-15.450000000000001	-3.67
11:30:13.243164	0.85	-11.44	0.96	0.74	-11.82	0.12	0.22	-11.75	-0.8300000000000001	-1.59	-15.200000000000001	-3.52
11:30:13.253376	0.2	-12.41	1.34	0.62	-11.83	-0.14	-0.37	-12.27	-1.79	-0.39	-14.67	-2.74
11:30:13.263429	-0.27	-13.08	1.6600000000000001	0.46	-12.08	-0.35000000000000003	-2.2600000000000002	-12.58	-1.09	1.18	-15.4	-2.87
11:30:13.273547	-0.28	-13.36	1.83	-0.36	-11.950000000000001	-0.4	-2.62	-12.83	-0.73	-0.59	-18.8	-2.08
11:30:13.283614	0.78	-12.22	1.41	-0.79	-11.56	-0.6	-2.59	-13.200000000000001	-2.2600000000000002	0.86	-18.42	-1.6300000000000001
11:30:13.293686	1.5	-11.14	0.85	-1.31	-10.9	-0.8300000000000001	-2.35	-13.92	-3.47	3.56	-18.900000000000002	1.32
11:30:13.303769	2.32	-10.03	0.2	-1.52	-10.11	-1.05	-0.6	-13.94	-4.95	4.67	-16.93	1.06
11:30:13.313836	2.94	-9.0	-0.45	-2.57	-9.26	-1.0	1.09	-12.66	-4.38	7.1000000000000005	-14.58	-1.06
11:30:13.323947	3.52	-7.73	-1.24	-2.7600000000000002	-9.59	-1.3	2.82	-12.200000000000001	-3.0	7.390000000000001	-14.65	-6.5600000000000005
11:30:13.334172	3.2600000000000002	-7.42	-1.44	-3.12	-9.65	-0.64	2.93	-10.73	1.73	8.25	-11.61	-8.41
11:30:13.344710	2.7800000000000002	-7.22	-1.6500000000000001	-3.22	-10.02	-0.2	2.57	-10.81	4.17	7.13	-6.58	-5.68
11:30:13.354795	2.44	-7.11	-1.79	-2.34	-10.66	0.33	1.79	-11.290000000000001	6.17	6.3500000000000005	-4.45	-4.18
11:30:13.364867	2.04	-7.48	-1.81	-1.84	-10.93	0.78	1.57	-11.51	7.43	2.24	-1.6	-0.12
11:30:13.374978	2.0300000000000002	-8.08	-1.48	-1.02	-11.69	0.75	1.3900000000000001	-10.98	7.78	-5.59	0.8200000000000001	7.51
11:30:13.385082	1.83	-8.88	-0.98	-0.4	-13.06	1.3900000000000001	1.76	-9.73	7.69	-13.39	-0.62	17.44
11:30:13.395160	0.88	-10.52	0.41000000000000003	-0.92	-13.34	1.08	1.22	-8.64	7.11	-4.09	-7.98	10.57
11:30:13.405284	0.65	-11.13	0.96	-1.77	-12.790000000000001	0.71	0.59	-10.25	1.74	4.08	-14.48	7.82
11:30:13.415359	0.55	-11.5	1.42	-2.21	-12.32	0.38	0.14	-9.42	3.25	5.96	-13.120000000000001	3.37
11:30:13.425425	0.58	-11.49	1.73	-2.21	-10.67	0.19	0.68	-8.77	3.86	-0.06	-3.75	7.25
11:30:13.435530	0.52	-10.540000000000001	1.6500000000000001	-1.9000000000000001	-10.540000000000001	0.67	1.34	-8.08	4.3	1.71	-1.42	6.36
11:30:13.445601	0.52	-10.05	1.49	-1.5	-10.3	0.42	1.61	-7.83	5.0600000000000005	5.04	-2.24	8.18
11:30:13.455684	0.5700000000000001	-9.540000000000001	1.21	-1.36	-10.06	0.35000000000000003	1.35	-7.29	5.0200000000000005	5.0200000000000005	-3.86	5.64
11:30:13.465750	0.6	-9.25	1.01	-1.07	-9.74	0.62	0.8300000000000001	-7.3100000000000005	4.84	0.0	-12.32	3.23
11:30:13.475815	0.78	-8.78	0.5700000000000001	-0.92	-9.67	0.23	-0.37	-7.28	4.58	-0.12	-12.370000000000001	2.52
11:30:13.485916	0.8200000000000001	-8.68	0.39	-0.85	-9.5	0.14	-1.1400000000000001	-7.24	5.2	-0.44	-8.65	4.04
11:30:13.496015	0.8	-8.78	0.23	-0.54	-9.01	-0.06	-1.33	-7.11	5.72	0.68	-7.640000000000001	2.83
11:30:13.506089	0.72	-8.82	0.12	-1.19	-8.01	-0.28	-1.18	-6.98	5.97	0.39	-9.51	1.3900000000000001
11:30:13.516159	0.7000000000000001	-8.91	0.08	-1.31	-7.44	-0.15	-0.81	-7.0600000000000005	5.93	-0.41000000000000003	-11.040000000000001	0.58
11:30:13.526248	0.6	-9.02	0.24	-1.61	-7.11	-0.47000000000000003	-0.72	-7.57	5.54	-0.92	-12.32	-0.75
11:30:13.536362	0.6	-9.02	0.24	-1.6600000000000001	-7.07	-0.5700000000000001	-0.9400000000000001	-7.930000000000001	5.83	-0.14	-13.15	-3.02
11:30:13.546690	0.23	-8.76	0.65	-2.07	-7.05	-0.44	-0.44	-7.82	6.07	0.17	-12.97	-3.96
11:30:13.556818	0.16	-8.64	0.71	-2.12	-7.0	-0.53	-0.26	-7.78	6.23	0.58	-12.41	-4.0
11:30:13.567385	0.17	-8.51	0.72	-1.94	-6.96	-0.77	-0.16	-8.03	6.0600000000000005	1.62	-12.120000000000001	-4.51
11:30:13.577455	0.18	-8.34	0.5700000000000001	-1.18	-6.98	-1.4000000000000001	0.11	-8.34	5.75	3.19	-13.120000000000001	-6.08
11:30:13.587553	0.3	-8.33	0.42	-0.78	-7.0600000000000005	-1.62	0.47000000000000003	-8.85	5.19	3.8000000000000003	-13.22	-7.07
11:30:13.597643	0.35000000000000003	-8.35	0.27	-0.34	-7.21	-1.8800000000000001	0.33	-8.83	5.29	4.0200000000000005	-12.85	-7.23
11:30:13.607811	0.41000000000000003	-8.370000000000001	0.15	0.03	-7.3	-2.18	0.1	-8.76	5.5200000000000005	4.47	-12.620000000000001	-7.22
11:30:13.618188	0.43	-8.58	-0.06	0.86	-7.28	-2.9	-0.02	-8.81	5.6000000000000005	4.65	-12.71	-7.32
11:30:13.628297	0.44	-8.72	-0.04	0.9400000000000001	-7.1000000000000005	-3.11	0.33	-8.98	5.62	4.42	-12.61	-7.51
11:30:13.638422	0.42	-8.86	-0.03	1.02	-6.91	-3.23	0.58	-8.94	5.54	4.03	-12.51	-7.62
11:30:13.648542	0.34	-8.98	0.02	1.1300000000000001	-6.95	-3.43	0.23	-9.09	5.54	3.36	-12.76	-8.86
11:30:13.658623	0.06	-9.09	0.23	1.23	-7.09	-3.65	-0.54	-8.92	5.13	3.16	-12.73	-9.28
11:30:13.669176	0.0	-9.1	0.36	1.34	-7.24	-3.46	-0.75	-9.01	4.83	3.5	-12.63	-10.200000000000001
11:30:13.679265	-0.02	-9.17	0.47000000000000003	1.42	-7.44	-2.99	-0.04	-9.38	3.9	3.61	-12.39	-10.66
11:30:13.689395	0.0	-9.23	0.56	1.47	-7.7700000000000005	-2.86	0.1	-9.49	3.48	2.94	-12.58	-11.35
11:30:13.699531	0.08	-9.39	0.76	1.28	-8.63	-3.08	0.06	-9.51	3.29	2.96	-12.44	-11.88
11:30:13.709697	0.11	-9.53	0.8	1.1500000000000001	-8.9	-3.0700000000000003	-0.5	-9.21	2.61	3.0100000000000002	-11.92	-12.040000000000001
11:30:13.720394	0.15	-9.67	0.84	0.9500000000000001	-9.120000000000001	-3.06	-0.58	-9.24	2.49	2.87	-11.540000000000001	-12.09
11:30:13.730521	0.18	-9.82	0.89	0.56	-9.47	-3.39	-0.49	-9.41	2.24	3.49	-11.43	-12.73
11:30:13.740614	0.1	-10.200000000000001	0.89	0.46	-9.66	-3.65	-0.42	-9.69	1.93	3.7800000000000002	-11.33	-13.01
11:30:13.751174	0.0	-10.36	0.86	0.38	-9.86	-3.72	-0.59	-9.58	1.6	3.75	-10.99	-13.19
11:30:13.761300	-0.11	-10.56	0.76	0.29	-9.92	-3.74	-0.62	-9.290000000000001	1.52	2.04	-10.71	-13.44
11:30:13.771388	-0.22	-10.91	0.51	0.1	-10.18	-4.14	-0.66	-9.23	1.24	1.44	-10.56	-13.24
11:30:13.782039	-0.19	-10.950000000000001	0.39	0.05	-10.39	-4.19	-0.85	-9.38	1.53	0.87	-10.55	-13.17
11:30:13.792116	-0.28	-11.22	0.25	0.17	-10.620000000000001	-4.15	-0.91	-9.26	1.56	0.21	-10.17	-12.63
11:30:13.802187	-0.49	-11.43	0.14	0.25	-10.67	-4.15	-0.84	-9.15	1.48	0.53	-10.18	-12.58
11:30:13.812269	-0.8300000000000001	-11.540000000000001	-0.01	0.35000000000000003	-10.58	-4.26	-0.62	-9.1	1.32	0.76	-10.13	-12.42
11:30:13.822363	-0.92	-11.48	-0.05	0.37	-10.290000000000001	-4.19	-0.07	-9.02	1.02	0.88	-9.89	-12.18
11:30:13.832479	-0.98	-11.38	-0.07	0.35000000000000003	-10.11	-4.12	0.1	-8.71	1.26	3.11	-11.9	-12.07
11:30:13.842552	-1.08	-11.27	-0.02	0.28	-9.89	-3.7	0.23	-8.55	1.33	2.81	-9.86	-12.99
11:30:13.852883	-1.1300000000000001	-11.02	0.01	0.14	-9.33	-3.45	0.11	-8.56	1.54	2.47	-8.42	-10.96
11:30:13.863611	-1.17	-10.73	0.04	0.16	-8.83	-3.18	-0.01	-8.48	2.0	4.0600000000000005	-7.45	-11.3
11:30:13.873682	-1.17	-10.41	0.05	0.15	-8.18	-2.65	-0.21	-8.31	2.2600000000000002	4.58	-6.26	-11.290000000000001
11:30:13.883775	-1.08	-10.19	0.11	0.15	-7.86	-2.45	-0.42	-8.120000000000001	2.5300000000000002	4.32	-8.92	-3.75
11:30:13.893897	0.4	-10.03	0.25	-0.41000000000000003	-10.57	-2.06	-0.77	-12.530000000000001	-3.91	2.34	-18.97	8.81
11:30:13.904601	1.31	-10.9	-0.04	-0.29	-13.63	-1.85	-1.48	-16.85	-11.63	11.16	-16.81	2.86
11:30:13.914678	1.73	-12.15	-0.59	-0.13	-15.0	-1.74	-2.65	-18.6	-8.91	10.06	-8.44	-5.89
11:30:13.924747	1.8900000000000001	-13.1	-1.62	0.44	-15.4	-2.2600000000000002	0.53	-12.88	0.48	4.12	-6.49	-8.57
11:30:13.934826	1.6600000000000001	-13.07	-1.99	1.3900000000000001	-12.9	-3.06	-1.09	-10.950000000000001	3.21	-5.0200000000000005	-8.040000000000001	-8.08
11:30:13.944899	1.1500000000000001	-11.98	-1.81	0.41000000000000003	-11.39	-3.1	-2.77	-9.16	2.95	0.7000000000000001	-10.69	1.37
11:30:13.954993	0.25	-10.05	-0.85	-1.3	-10.19	-3.56	-3.42	-8.56	0.36	4.93	-9.59	0.04
11:30:13.965119	0.04	-9.24	-0.15	-2.47	-8.11	-3.3000000000000003	-1.6300000000000001	-7.72	1.75	3.36	-7.66	-2.4
11:30:13.975244	0.11	-8.61	0.63	-4.29	-5.3	-0.5700000000000001	-0.34	-8.71	1.78	0.9500000000000001	-7.15	-0.72
11:30:13.985861	0.36	-8.22	1.23	-4.05	-5.37	0.9400000000000001	0.63	-9.22	1.24	0.59	-8.01	1.51
11:30:13.995967	0.96	-7.96	1.86	-2.68	-6.79	1.19	3.37	-10.69	0.27	0.64	-8.71	1.8
11:30:14.006080	1.18	-7.91	1.86	-0.77	-8.56	0.64	2.7600000000000002	-10.96	0.8200000000000001	0.85	-9.120000000000001	-3.75
11:30:14.016392	1.46	-8.14	1.6500000000000001	2.47	-9.43	1.23	2.18	-10.0	1.79	1.25	-10.790000000000001	-4.57
11:30:14.026463	1.8800000000000001	-8.540000000000001	1.35	3.42	-9.94	1.09	1.34	-8.72	1.52	0.44	-10.09	0.2
11:30:14.036542	2.45	-9.61	0.32	3.84	-10.700000000000001	0.53	0.01	-9.870000000000001	0.18	0.39	-10.78	-0.4
11:30:14.046701	2.43	-9.93	-0.25	3.7600000000000002	-11.13	0.34	0.31	-10.06	0.66	1.3800000000000001	-10.26	-3.87
11:30:14.056772	2.15	-10.01	-0.8300000000000001	1.98	-10.35	0.56	0.84	-10.040000000000001	1.24	2.2	-6.95	-2.62
11:30:14.066911	1.7	-9.96	-1.4000000000000001	0.81	-9.59	0.18	1.19	-10.01	1.01	1.6500000000000001	-8.08	-0.39
11:30:14.077035	1.07	-9.67	-2.05	-1.2	-8.39	-1.26	0.9	-9.83	0.65	2.2800000000000002	-9.41	-2.0100000000000002
11:30:14.087160	0.93	-9.52	-2.12	-1.17	-8.64	-1.5	0.8200000000000001	-9.200000000000001	0.51	2.02	-9.99	-4.66
11:30:14.097317	0.89	-9.41	-2.05	-1.03	-9.25	-2.11	0.7000000000000001	-9.14	0.88	1.83	-9.85	-3.49
11:30:14.107446	0.74	-9.39	-1.58	-0.9500000000000001	-9.65	-1.92	0.44	-10.49	1.18	1.8800000000000001	-9.67	-1.68
11:30:14.117551	0.51	-9.47	-1.24	-0.96	-9.4	-0.58	0.36	-10.51	1.52	1.93	-8.97	-2.61
11:30:14.128204	0.41000000000000003	-9.52	-0.87	-0.84	-9.36	-0.2	0.17	-10.120000000000001	2.25	1.87	-8.38	-3.5500000000000003
11:30:14.138321	0.3	-9.5	-0.62	-0.59	-9.370000000000001	-0.04	-0.27	-9.49	2.52	1.46	-9.06	-2.52
11:30:14.148394	0.06	-9.58	-0.3	-0.33	-9.77	-0.29	-0.3	-9.75	1.8900000000000001	1.6	-10.0	-1.62
11:30:14.158463	0.02	-9.6	-0.18	0.51	-9.67	-0.18	-0.13	-10.07	1.1400000000000001	1.74	-9.81	-3.7800000000000002
11:30:14.168588	0.06	-9.48	-0.18	1.03	-9.450000000000001	-0.21	0.5	-10.05	1.1500000000000001	1.48	-8.76	-4.0
11:30:14.178719	-0.01	-9.36	-0.15	1.16	-9.27	0.01	1.54	-9.69	1.11	1.6	-9.08	-1.53
11:30:14.188884	0.13	-9.1	-0.18	1.19	-9.22	0.0	1.6400000000000001	-9.46	0.79	2.06	-9.03	-2.05
11:30:14.199443	0.17	-9.0	-0.16	1.56	-9.59	0.03	1.59	-9.51	0.54	1.9100000000000001	-8.61	-3.73
11:30:14.209538	0.17	-8.97	-0.29	1.79	-9.870000000000001	-0.06	1.6500000000000001	-9.75	0.8	1.68	-8.92	-3.5700000000000003
11:30:14.219663	0.17	-8.950000000000001	-0.41000000000000003	1.46	-9.950000000000001	-0.24	0.49	-10.040000000000001	0.99	2.18	-9.33	-1.35
11:30:14.229762	0.08	-9.1	-0.5700000000000001	1.1300000000000001	-9.78	-0.52	-0.06	-10.01	1.05	2.38	-9.24	-3.31
11:30:14.239895	0.01	-9.16	-0.63	0.67	-9.52	-0.8200000000000001	-0.33	-9.57	1.3900000000000001	2.37	-8.75	-4.28
11:30:14.250137	-0.03	-9.17	-0.65	0.43	-9.6	-0.96	-0.33	-9.57	1.3900000000000001	2.33	-8.65	-2.75
11:30:14.260493	-0.07	-9.200000000000001	-0.59	0.17	-9.74	-1.01	-0.39	-10.22	0.64	2.36	-9.76	-0.73
11:30:14.270714	-0.2	-9.26	-0.36	-0.22	-9.51	-0.92	0.9	-9.82	0.54	2.29	-9.83	-4.3
11:30:14.281388	-0.28	-9.200000000000001	-0.28	-0.48	-9.26	-0.8200000000000001	0.87	-9.49	1.05	1.94	-9.32	-4.17
11:30:14.291470	-0.22	-9.06	-0.16	-0.31	-9.48	-0.68	0.73	-9.52	1.58	2.09	-9.39	-0.68
11:30:14.301561	-0.07	-8.81	-0.08	-0.21	-9.55	-0.48	0.59	-9.88	0.72	2.14	-9.86	-4.44
11:30:14.311713	0.02	-8.73	-0.11	-0.2	-9.4	-0.2	0.97	-9.49	0.8200000000000001	1.6600000000000001	-8.92	-4.59
11:30:14.322356	0.13	-8.73	-0.18	-0.51	-9.18	0.09	0.33	-9.49	1.54	1.95	-8.69	-1.73
11:30:14.332439	0.21	-8.620000000000001	-0.24	-0.49	-9.35	0.12	-0.15	-9.55	1.99	1.97	-9.790000000000001	-1.61
11:30:14.342556	0.21	-8.620000000000001	-0.24	-0.76	-9.42	0.3	0.16	-9.78	0.77	1.69	-9.8	-4.72
11:30:14.352677	0.25	-8.68	-0.45	-0.9500000000000001	-9.27	0.52	0.28	-9.61	1.19	2.33	-8.83	-5.0200000000000005
11:30:14.363226	0.23	-8.78	-0.56	-1.09	-9.19	0.54	0.24	-9.24	2.02	2.52	-8.65	-2.05
11:30:14.373377	0.2	-8.870000000000001	-0.64	-1.06	-9.370000000000001	0.59	0.23	-9.48	1.54	2.42	-9.5	-2.5
11:30:14.383452	0.23	-8.93	-0.73	-1.03	-9.450000000000001	0.74	0.33	-9.67	0.8300000000000001	2.11	-9.56	-4.83
11:30:14.393581	0.27	-9.13	-0.8200000000000001	-1.1400000000000001	-9.38	0.9	0.7000000000000001	-9.08	1.51	1.61	-9.09	-5.0200000000000005
11:30:14.403781	0.24	-9.31	-0.8300000000000001	-1.16	-9.33	0.79	0.74	-9.11	2.22	2.02	-8.82	-1.94
11:30:14.413902	0.22	-9.4	-0.8300000000000001	-1.23	-9.51	0.72	0.17	-9.950000000000001	1.29	2.43	-9.700000000000001	-3.33
11:30:14.424550	0.17	-9.49	-0.79	-1.3900000000000001	-9.67	0.8	0.81	-9.47	1.93	1.43	-9.81	-4.7
11:30:14.434676	0.01	-9.93	-0.7000000000000001	-1.69	-9.94	0.88	0.9	-9.6	2.47	1.72	-9.790000000000001	-5.72
11:30:14.444796	0.01	-10.1	-0.58	-1.43	-10.1	0.91	0.8	-9.99	2.68	2.2	-9.63	-2.7600000000000002
11:30:14.455405	-0.02	-10.28	-0.51	-1.94	-10.24	1.1	0.0	-10.75	2.43	2.43	-10.41	-3.62
11:30:14.465474	-0.16	-10.67	-0.36	-1.95	-10.46	1.25	0.45	-10.5	2.05	2.23	-11.89	-6.3
11:30:14.475910	-0.27	-10.96	-0.29	-1.75	-10.89	0.99	0.4	-10.46	2.75	1.74	-11.19	-5.86
11:30:14.485979	-0.35000000000000003	-11.200000000000001	-0.21	-1.6300000000000001	-10.93	0.88	0.07	-11.4	1.84	1.34	-9.120000000000001	-1.59
11:30:14.496051	-0.66	-11.41	-0.09	-1.58	-10.93	1.1500000000000001	-0.11	-11.02	1.94	1.34	-9.120000000000001	-1.59
11:30:14.506214	-0.89	-11.540000000000001	-0.03	-1.12	-10.9	1.04	-0.03	-10.620000000000001	1.8800000000000001	3.0300000000000002	-10.82	-6.17
11:30:14.516290	-1.1400000000000001	-11.51	0.01	-0.47000000000000003	-10.83	0.49	0.09	-10.67	1.94	3.34	-10.4	-4.87
11:30:14.526374	-1.3	-11.44	0.06	-0.16	-10.86	0.74	-0.3	-11.120000000000001	1.21	4.19	-10.13	-3.1
11:30:14.536513	-1.59	-11.34	0.22	-0.16	-10.76	1.1500000000000001	-0.08	-10.76	1.08	3.56	-11.040000000000001	-5.94
11:30:14.546582	-1.77	-11.26	0.29	0.07	-10.86	0.68	0.19	-10.41	1.19	3.34	-10.51	-6.2700000000000005
11:30:14.556655	-1.92	-11.13	0.35000000000000003	0.41000000000000003	-10.73	0.18	0.26	-10.72	0.81	3.64	-10.85	-4.15
11:30:14.566733	-1.99	-10.950000000000001	0.38	0.46	-10.59	0.3	0.05	-10.94	0.66	3.33	-10.44	-3.45
11:30:14.576808	-2.07	-10.53	0.46	0.38	-10.53	0.34	0.59	-10.33	0.5	2.3000000000000003	-11.3	-5.5600000000000005
11:30:14.586885	-1.94	-10.35	0.49	0.51	-10.57	0.06	0.53	-10.19	0.77	2.17	-11.05	-5.79
11:30:14.596957	-1.6500000000000001	-10.26	0.55	0.7000000000000001	-10.8	0.03	0.47000000000000003	-10.89	0.5700000000000001	2.4	-12.14	-3.22
11:30:14.607029	-1.06	-10.370000000000001	0.75	0.96	-11.52	0.19	0.6900000000000001	-11.42	0.24	3.0	-11.72	-2.99
11:30:14.617098	0.42	-11.34	1.69	1.1500000000000001	-12.290000000000001	0.4	1.57	-11.34	-0.31	2.2800000000000002	-13.700000000000001	-5.59
11:30:14.627198	0.36	-11.950000000000001	2.17	0.28	-12.14	0.77	0.44	-12.1	0.1	-0.56	-14.36	-4.62
11:30:14.637268	-0.21	-12.36	2.63	-0.32	-12.18	0.55	-0.07	-12.19	-0.73	-0.84	-14.200000000000001	-3.08
11:30:14.647335	-0.96	-12.530000000000001	2.66	-0.85	-12.09	-0.09	-1.1500000000000001	-11.99	-0.66	1.8900000000000001	-14.88	-4.1
11:30:14.657429	-2.36	-11.85	1.55	-1.12	-11.85	-0.92	-1.61	-11.86	-0.85	0.61	-16.22	-3.0300000000000002
11:30:14.667532	-1.74	-11.15	0.89	-1.23	-10.81	-1.6400000000000001	-1.6400000000000001	-12.34	-1.1400000000000001	-0.73	-15.42	-3.69
11:30:14.677657	-0.25	-10.46	0.26	-1.26	-10.38	-1.67	-1.04	-12.23	-1.43	-0.73	-16.25	-0.54
11:30:14.688302	2.31	-9.36	-0.98	-1.03	-9.99	-1.73	-1.02	-12.58	-2.58	0.73	-16.27	-1.5
11:30:14.698370	3.17	-9.0	-1.3800000000000001	-1.1	-9.56	-1.67	0.0	-12.96	-3.21	1.28	-17.7	-0.67
11:30:14.708439	3.45	-8.76	-1.56	-0.26	-8.83	-2.08	0.3	-13.0	-3.06	1.17	-18.51	-0.13
11:30:14.718511	3.15	-8.56	-1.6600000000000001	-2.12	-9.0	-2.1	0.64	-12.48	-3.58	1.77	-17.25	-1.48
11:30:14.728588	2.24	-8.24	-1.31	-2.32	-8.97	-0.61	0.92	-11.290000000000001	-3.39	5.75	-11.0	-6.84
11:30:14.738700	2.24	-8.19	-1.08	-2.1	-9.55	-0.42	2.0100000000000002	-10.49	2.37	5.94	-7.99	-9.18
11:30:14.748776	2.36	-8.14	-0.8200000000000001	-2.65	-10.36	0.37	2.66	-10.06	4.49	6.13	-7.5200000000000005	-5.29
11:30:14.758861	2.5100000000000002	-8.24	-0.5700000000000001	-2.05	-11.26	0.66	1.86	-10.74	5.18	3.43	-11.85	-3.14
11:30:14.768937	2.15	-8.71	0.07	-2.5	-11.8	1.45	0.41000000000000003	-12.32	5.25	-0.32	-8.56	-0.6900000000000001
11:30:14.779047	1.72	-9.07	0.55	-2.36	-12.64	1.44	0.56	-11.71	4.82	-0.27	-3.36	1.09
11:30:14.789134	1.28	-9.47	0.9500000000000001	-2.62	-12.42	1.52	0.72	-10.5	6.04	-3.62	0.32	4.5200000000000005
11:30:14.799201	0.9500000000000001	-9.77	1.29	-2.67	-12.46	1.17	1.27	-8.6	8.4	-5.58	3.0300000000000002	14.02
11:30:14.809309	0.66	-10.200000000000001	1.67	-2.68	-12.1	0.89	1.32	-8.31	5.3500000000000005	-2.45	-2.52	11.370000000000001
11:30:14.819408	0.63	-10.21	1.67	-1.87	-11.46	0.03	1.35	-9.51	2.97	2.83	-9.27	7.5200000000000005
11:30:14.830194	0.46	-10.22	1.52	-1.04	-11.200000000000001	-0.3	1.03	-9.8	2.6	6.49	-11.14	4.7
11:30:14.840622	0.46	-10.24	1.33	-0.79	-10.51	0.18	0.9500000000000001	-8.01	4.16	2.7	-4.65	5.04
11:30:14.850790	0.49	-10.040000000000001	0.9500000000000001	-0.33	-10.24	0.1	1.04	-7.08	5.15	1.28	-3.97	5.8
11:30:14.860911	0.46	-9.96	0.87	-0.33	-9.82	0.28	1.06	-7.04	4.93	2.66	-3.77	7.37
11:30:14.871078	0.55	-9.71	0.76	-0.58	-9.72	0.39	0.58	-6.38	5.22	3.34	-3.86	6.41
11:30:14.881806	0.6	-9.290000000000001	0.5	-0.73	-9.57	0.25	0.3	-5.97	5.5200000000000005	0.08	-8.91	3.49
11:30:14.891943	0.63	-9.05	0.42	-0.81	-9.22	0.16	-0.34	-5.99	5.3100000000000005	0.13	-6.69	4.58
11:30:14.902081	0.64	-8.9	0.36	-1.1	-8.45	-0.13	-1.23	-6.57	5.7700000000000005	-0.42	-8.19	3.15
11:30:14.912714	0.59	-8.81	0.35000000000000003	-1.26	-8.09	-0.26	-1.3800000000000001	-6.66	5.75	0.09	-9.81	1.67
11:30:14.922828	0.43	-8.73	0.5	-1.73	-7.78	-0.48	-1.31	-6.8500000000000005	5.75	0.2	-10.89	0.62
11:30:14.932908	0.22	-8.77	0.67	-1.94	-7.63	-0.48	-1.1300000000000001	-7.18	5.7700000000000005	0.2	-10.89	0.62
11:30:14.943537	0.03	-8.790000000000001	0.8300000000000001	-1.94	-7.63	-0.48	-1.18	-7.22	6.28	1.32	-11.56	-2.07
11:30:14.953645	-0.06	-8.81	0.91	-2.61	-6.99	-0.33	-1.23	-7.4	6.2	1.79	-12.48	-3.1
11:30:14.963737	-0.04	-8.790000000000001	1.05	-2.74	-7.03	-0.36	-1.56	-7.75	5.95	2.45	-13.07	-4.0
11:30:14.973857	0.02	-8.77	1.01	-2.71	-6.8100000000000005	-0.14	-1.48	-8.71	5.69	3.12	-13.040000000000001	-4.8
11:30:14.984508	0.05	-8.73	0.93	-2.49	-6.98	-0.29	-0.66	-8.8	5.89	3.87	-12.13	-4.99
11:30:14.994595	0.1	-8.53	0.55	-1.92	-6.95	-0.9400000000000001	0.11	-8.700000000000001	5.94	3.91	-12.52	-5.39
11:30:15.004723	0.1	-8.53	0.55	-1.57	-6.91	-0.97	0.6	-9.0	5.15	4.21	-13.46	-6.5
11:30:15.014801	0.18	-8.58	0.21	-1.21	-6.93	-1.2	0.64	-9.08	5.17	4.07	-13.790000000000001	-7.05
11:30:15.025296	0.14	-8.52	0.07	-0.8300000000000001	-7.05	-1.54	0.53	-9.23	5.24	3.93	-13.68	-7.18
11:30:15.035376	0.23	-8.66	-0.01	0.04	-7.36	-2.2600000000000002	0.22	-9.33	5.26	3.93	-13.68	-7.18
11:30:15.045500	0.23	-8.66	0.01	0.29	-7.54	-2.7	-0.28	-9.53	5.17	3.84	-13.8	-8.08
11:30:15.055573	0.21	-8.71	0.09	0.46	-7.5200000000000005	-3.0700000000000003	-0.6900000000000001	-9.66	5.13	3.49	-13.69	-7.87
11:30:15.065706	0.17	-8.8	0.2	0.61	-7.44	-3.47	-1.1300000000000001	-10.0	4.96	3.4	-14.120000000000001	-8.91
11:30:15.075780	-0.05	-8.950000000000001	0.61	0.63	-7.24	-3.83	-1.25	-9.85	4.67	2.85	-13.86	-9.19
11:30:15.085854	-0.16	-8.96	0.77	0.7000000000000001	-7.37	-3.89	-0.9500000000000001	-9.93	4.05	3.06	-13.93	-9.61
11:30:15.095942	-0.25	-9.03	0.9400000000000001	0.7000000000000001	-7.57	-3.81	-0.67	-9.91	3.6	3.2600000000000002	-13.6	-10.83
11:30:15.106186	-0.25	-9.13	1.16	0.89	-7.930000000000001	-3.74	-0.52	-9.950000000000001	3.06	2.89	-14.34	-11.870000000000001
11:30:15.116298	-0.18	-9.200000000000001	1.23	1.2	-8.44	-3.04	-0.76	-9.9	2.2800000000000002	2.83	-14.22	-12.69
11:30:15.126369	-0.06	-9.28	1.25	1.18	-8.74	-3.0100000000000002	-0.78	-9.620000000000001	2.11	3.0500000000000003	-13.34	-13.33
11:30:15.136454	0.02	-9.42	1.21	1.08	-9.08	-3.21	-0.79	-9.53	2.0	4.39	-11.8	-14.44
11:30:15.146524	0.09	-9.72	1.03	0.88	-9.6	-3.69	-0.8200000000000001	-9.36	0.96	4.71	-11.18	-14.96
11:30:15.156596	0.18	-9.89	0.98	0.86	-9.81	-3.8200000000000003	-0.81	-8.93	1.11	4.71	-10.22	-15.3
11:30:15.166669	0.13	-10.02	0.89	0.5	-9.89	-3.99	-0.76	-8.49	1.22	4.07	-9.59	-15.24
11:30:15.176958	0.13	-10.02	0.89	0.33	-9.83	-4.34	-0.66	-8.47	0.96	2.29	-9.55	-14.870000000000001
11:30:15.187419	-0.07	-10.59	0.66	0.23	-9.98	-4.72	-0.63	-8.52	1.17	1.6300000000000001	-9.26	-14.64
11:30:15.197539	-0.23	-10.75	0.58	0.26	-10.11	-4.86	-0.51	-8.51	1.22	0.8200000000000001	-9.47	-14.25
11:30:15.207634	-0.33	-10.93	0.55	0.35000000000000003	-10.15	-4.8500000000000005	-0.32	-8.65	1.16	0.64	-9.5	-13.49
11:30:15.217763	-0.45	-11.05	0.44	0.35000000000000003	-10.15	-4.8500000000000005	-0.11	-8.65	1.4000000000000001	0.4	-9.39	-12.8
11:30:15.228427	-0.89	-11.22	0.42	-0.17	-10.25	-4.5200000000000005	-0.06	-8.700000000000001	1.56	0.11	-9.76	-11.88
11:30:15.238508	-1.2	-11.26	0.46	-0.24	-10.28	-4.26	-0.04	-8.84	1.77	1.2	-11.93	-12.120000000000001
11:30:15.248575	-1.35	-11.15	0.51	-0.26	-10.15	-3.99	-0.09	-8.870000000000001	1.83	-0.36	-9.3	-10.59
11:30:15.258647	-1.57	-10.98	0.62	-0.06	-9.52	-3.16	-0.16	-8.620000000000001	2.7	0.27	-9.09	-10.620000000000001
11:30:15.268778	-1.55	-10.870000000000001	0.66	-0.08	-8.81	-2.44	-0.08	-8.540000000000001	3.08	0.84	-8.370000000000001	-10.73
11:30:15.278941	-1.53	-10.71	0.73	-0.03	-8.26	-2.24	-0.09	-8.34	3.45	1.43	-7.75	-10.16
11:30:15.289499	-1.32	-10.48	0.77	-0.18	-7.73	-2.0300000000000002	0.31	-9.21	2.71	2.98	-12.48	-9.21
11:30:15.299598	0.37	-10.9	0.78	-0.1	-8.96	-2.17	0.4	-11.8	-2.06	0.8300000000000001	-19.900000000000002	3.18
11:30:15.309737	0.85	-11.96	0.32	0.2	-12.21	-1.98	-0.44	-15.43	-8.93	6.11	-20.3	9.89
11:30:15.319812	1.1300000000000001	-12.84	-0.3	0.39	-15.09	-2.34	-1.53	-17.95	-6.88	10.01	-8.41	-6.8
11:30:15.330236	1.36	-13.49	-0.86	0.39	-15.09	-2.34	1.69	-14.13	0.8300000000000001	3.12	-7.48	-6.390000000000001
11:30:15.340574	1.25	-13.6	-1.44	-0.03	-12.86	-2.57	0.25	-12.06	4.2700000000000005	-4.33	-8.31	-2.83
11:30:15.350676	1.11	-12.98	-1.35	-1.19	-11.31	-2.96	-2.71	-7.74	2.14	3.46	-7.54	-5.25
11:30:15.360788	0.72	-12.17	-1.1500000000000001	-2.52	-9.34	-2.7800000000000002	-2.14	-7.43	3.56	1.16	-6.42	-0.17
11:30:15.370915	0.08	-11.21	-0.78	-3.47	-7.33	-1.77	-1.59	-8.98	2.79	0.86	-7.75	2.31
11:30:15.381484	-0.5700000000000001	-9.5	0.37	-3.5500000000000003	-5.7700000000000005	0.68	-0.9	-10.11	1.24	1.81	-9.15	-2.12
11:30:15.391656	-0.47000000000000003	-8.97	0.98	-2.7600000000000002	-6.38	0.42	2.31	-10.11	1.18	0.28	-8.47	-2.73
11:30:15.401784	-0.13	-8.55	1.48	-1.55	-7.73	0.02	2.19	-10.85	1.45	-0.23	-7.97	-0.74
11:30:15.412388	0.3	-8.32	1.79	-0.04	-9.6	-0.05	1.9100000000000001	-10.71	1.28	1.58	-10.91	-1.78
11:30:15.422553	1.04	-8.34	1.61	2.94	-10.200000000000001	0.88	0.68	-8.36	0.58	0.9	-10.03	-2.65
11:30:15.432622	1.51	-8.49	1.25	3.61	-9.44	1.36	0.47000000000000003	-9.05	0.43	0.25	-9.81	-3.37
11:30:15.442759	1.95	-8.8	0.8200000000000001	3.8000000000000003	-9.51	1.11	0.84	-9.82	0.3	0.9400000000000001	-10.15	-0.91
11:30:15.453323	2.18	-9.09	0.29	3.54	-10.03	0.6	1.24	-10.370000000000001	-0.13	3.13	-9.38	-0.36
11:30:15.463394	2.06	-9.39	-0.86	2.18	-10.52	-0.15	1.8	-10.07	0.75	1.2	-7.78	-2.27
11:30:15.473575	1.83	-9.450000000000001	-1.3900000000000001	1.09	-9.92	-0.48	1.7	-9.4	1.07	1.58	-8.96	-3.37
11:30:15.484209	1.55	-9.370000000000001	-1.78	0.19	-9.19	-0.55	1.06	-9.26	0.58	2.05	-10.17	-1.43
11:30:15.494336	1.33	-9.21	-2.23	-1.05	-8.69	-1.04	0.22	-10.07	0.29	2.32	-10.82	-3.11
11:30:15.504410	1.09	-9.22	-2.31	-1.37	-8.61	-1.1	0.29	-10.34	1.01	1.9100000000000001	-9.1	-3.5100000000000002
11:30:15.514481	1.09	-9.32	-2.21	-1.58	-9.25	-1.86	0.09	-10.5	1.76	1.59	-8.51	-3.15
11:30:15.524556	0.84	-9.450000000000001	-2.11	-1.26	-9.99	-1.8900000000000001	-0.2	-10.26	2.06	1.6300000000000001	-8.96	-0.73
11:30:15.534684	0.31	-9.67	-1.32	-1.12	-9.700000000000001	-1.01	-0.73	-9.540000000000001	1.6400000000000001	1.73	-9.07	-2.74
11:30:15.544808	0.24	-9.61	-1.07	-0.81	-9.52	-0.47000000000000003	-0.48	-9.47	1.78	1.3900000000000001	-9.18	-3.8000000000000003
11:30:15.554895	0.13	-9.43	-0.92	-0.78	-9.5	-0.15	0.0	-9.61	1.46	1.29	-9.51	-2.42
11:30:15.565107	0.16	-9.22	-0.62	-0.93	-9.47	0.13	0.91	-9.96	0.27	1.8800000000000001	-9.85	-1.34
11:30:15.575237	0.16	-9.14	-0.53	-0.35000000000000003	-9.56	0.2	1.23	-9.93	0.2	1.68	-8.66	-3.2600000000000002
11:30:15.585336	0.17	-9.02	-0.5	0.0	-9.4	0.2	1.48	-9.49	0.73	1.53	-8.11	-4.2700000000000005
11:30:15.595928	0.18	-8.94	-0.55	0.34	-9.17	0.09	1.4000000000000001	-9.09	0.88	1.6300000000000001	-8.8	-1.18
11:30:15.605998	0.15	-8.99	-0.7000000000000001	0.56	-8.94	0.17	0.65	-9.71	0.26	2.1	-9.55	-2.11
11:30:15.616094	0.2	-9.1	-0.85	1.06	-9.57	-0.13	0.8300000000000001	-9.96	0.17	1.85	-9.02	-3.59
11:30:15.626169	0.19	-9.27	-0.98	1.33	-9.73	-0.3	1.24	-9.97	0.17	1.95	-8.66	-3.5500000000000003
11:30:15.636240	-0.03	-9.47	-1.11	1.3800000000000001	-9.65	-0.34	0.72	-9.84	0.55	2.04	-9.6	-0.98
11:30:15.646341	-0.03	-9.49	-1.1	1.46	-9.66	-0.51	0.3	-9.950000000000001	0.26	2.31	-9.91	-2.93
11:30:15.656430	-0.14	-9.51	-1.08	1.17	-9.66	-0.59	0.51	-9.78	0.42	1.75	-9.09	-4.11
11:30:15.666510	-0.14	-9.48	-0.9400000000000001	0.86	-9.59	-0.66	0.73	-9.52	0.53	1.9000000000000001	-8.88	-3.5500000000000003
11:30:15.676584	-0.19	-9.31	-0.7000000000000001	0.59	-9.5	-0.76	0.19	-9.94	0.77	2.0	-9.6	-0.62
11:30:15.686661	-0.16	-9.19	-0.49	0.32	-9.56	-0.84	0.17	-10.07	0.49	2.17	-9.76	-3.7800000000000002
11:30:15.696760	-0.15	-9.03	-0.38	-0.3	-9.5	-0.73	0.78	-9.56	0.47000000000000003	2.0100000000000002	-8.75	-4.41
11:30:15.706831	-0.08	-8.870000000000001	-0.25	-0.66	-9.33	-0.78	0.44	-9.53	1.95	2.18	-8.66	-3.06
11:30:15.716955	0.06	-8.69	-0.08	-0.8	-9.19	-0.66	0.13	-9.81	2.0100000000000002	1.9000000000000001	-9.450000000000001	-1.3900000000000001
11:30:15.727072	0.11	-8.69	-0.12	-0.88	-9.28	-0.85	0.23	-9.66	1.59	1.48	-9.1	-4.0600000000000005
11:30:15.737142	0.09	-8.77	-0.15	-0.8	-9.36	-0.17	0.15	-9.49	1.73	1.94	-9.14	-5.26
11:30:15.747225	0.08	-8.82	-0.24	-0.89	-9.39	0.12	0.12	-9.59	2.42	2.3000000000000003	-8.59	-2.5100000000000002
11:30:15.757299	0.07	-9.05	-0.45	-0.9500000000000001	-9.38	0.18	0.0	-10.16	1.6300000000000001	2.35	-9.71	-1.8800000000000001
11:30:15.767434	0.09	-9.200000000000001	-0.61	-1.12	-9.48	0.6	-0.07	-10.21	1.32	1.72	-9.47	-4.3500000000000005
11:30:15.777570	0.09	-9.35	-0.73	-1.4000000000000001	-9.25	0.68	-0.05	-9.26	2.21	1.73	-9.3	-5.38
11:30:15.787672	0.13	-9.46	-0.86	-1.23	-9.33	0.64	0.1	-9.47	2.0100000000000002	1.78	-8.94	-1.96
11:30:15.797747	0.28	-9.53	-0.99	-1.18	-9.46	0.53	-0.22	-10.06	0.79	2.17	-9.73	-2.95
11:30:15.807851	0.37	-9.620000000000001	-1.02	-1.3900000000000001	-9.61	0.85	0.25	-9.64	1.09	1.93	-9.71	-4.64
11:30:15.817979	0.47000000000000003	-9.68	-0.96	-1.6	-9.84	0.76	0.87	-9.6	2.14	1.87	-9.61	-5.11
11:30:15.828646	0.65	-9.93	-0.71	-1.61	-10.05	0.48	0.46	-10.51	1.44	1.99	-9.69	-1.73
11:30:15.838732	0.65	-10.08	-0.62	-1.22	-10.35	0.72	0.12	-10.73	1.3	1.82	-10.31	-5.12
11:30:15.848922	0.56	-10.23	-0.47000000000000003	-0.86	-10.44	0.91	0.56	-10.17	2.29	1.59	-10.93	-5.6000000000000005
11:30:15.859011	0.39	-10.36	-0.29	-1.3900000000000001	-10.57	0.75	0.26	-10.46	2.9	2.06	-11.78	-5.91
11:30:15.869382	0.05	-10.67	0.0	-1.4000000000000001	-10.47	0.79	0.26	-11.09	2.08	0.77	-10.31	-3.02
11:30:15.879620	-0.11	-10.790000000000001	0.14	-1.21	-10.620000000000001	1.3900000000000001	0.38	-11.01	1.98	3.9	-10.58	-5.83
11:30:15.889691	-0.28	-10.85	0.19	-0.97	-10.63	1.32	-0.14	-10.46	2.17	3.7800000000000002	-10.370000000000001	-5.76
11:30:15.899819	-0.46	-10.85	0.2	-0.74	-10.76	1.19	0.1	-10.68	1.83	3.24	-10.67	-5.45
11:30:15.909933	-0.7000000000000001	-10.93	0.15	-0.41000000000000003	-10.65	1.18	0.13	-11.15	0.99	3.87	-9.76	-2.61
11:30:15.920547	-0.7000000000000001	-11.03	0.09	-0.1	-11.02	0.97	0.36	-10.63	0.9	3.99	-11.08	-6.1000000000000005
11:30:15.930617	-0.75	-11.09	0.02	0.0	-11.03	0.48	0.23	-10.77	1.19	2.72	-11.22	-4.33
11:30:15.940720	-0.91	-11.1	-0.08	-0.04	-10.91	0.07	0.0	-11.08	0.43	2.24	-11.19	-5.17
11:30:15.950806	-1.09	-10.73	-0.12	0.04	-10.81	0.0	0.54	-10.14	0.33	1.82	-11.26	-5.41
11:30:15.960895	-1.11	-10.68	-0.07	-0.06	-10.23	0.05	0.39	-10.02	0.86	1.82	-10.85	-6.2700000000000005
11:30:15.971050	-1.23	-10.43	-0.06	-0.03	-10.32	-0.02	0.22	-10.24	0.79	2.19	-11.620000000000001	-4.29
11:30:15.981609	-1.17	-10.07	-0.01	0.13	-10.64	-0.77	-0.2	-10.540000000000001	0.4	1.95	-11.290000000000001	-5.0
11:30:15.991732	-0.98	-9.76	-0.02	0.29	-10.46	-0.56	0.08	-10.27	0.33	2.34	-12.14	-5.0200000000000005
11:30:16.001859	-0.77	-9.700000000000001	-0.03	0.27	-10.25	-0.45	0.09	-10.34	0.65	2.68	-12.23	-6.05
11:30:16.012446	-0.29	-9.84	0.09	0.47000000000000003	-10.91	-0.43	0.74	-10.88	-0.51	3.46	-12.620000000000001	-4.68
11:30:16.022547	0.36	-10.22	0.55	0.54	-11.8	0.05	0.06	-12.32	-1.26	0.42	-14.43	-2.92
11:30:16.032662	0.56	-11.63	1.24	0.66	-12.09	0.5700000000000001	-0.1	-12.08	-1.71	-0.25	-14.81	-5.37
11:30:16.042766	0.12	-12.18	1.55	0.61	-11.700000000000001	0.28	-0.99	-11.6	-0.85	0.53	-15.07	-6.37
11:30:16.053457	-0.39	-12.65	1.55	0.4	-11.91	-0.55	-2.07	-13.01	-1.06	1.09	-16.91	-2.34
11:30:16.063575	-0.22	-12.56	1.2	0.18	-12.01	-1.07	-1.6600000000000001	-13.450000000000001	-3.29	0.24	-16.59	-1.06
11:30:16.073747	0.77	-11.89	0.91	-0.1	-11.85	-1.18	-0.9500000000000001	-13.92	-4.0600000000000005	2.0300000000000002	-17.66	-1.57
11:30:16.084423	1.76	-11.01	0.49	-0.66	-11.02	-1.28	-0.36	-14.1	-3.18	2.18	-18.830000000000002	-1.53
11:30:16.094497	2.5	-10.11	-0.03	-0.99	-10.47	-1.2	0.92	-13.09	-3.88	2.97	-16.73	1.3900000000000001
11:30:16.104611	3.66	-8.56	-0.8300000000000001	-1.26	-9.950000000000001	-1.5	1.8900000000000001	-13.200000000000001	-3.79	5.28	-13.450000000000001	-2.22
11:30:16.114682	3.89	-8.05	-1.04	-1.43	-9.38	-1.98	2.2600000000000002	-12.15	-1.43	5.83	-12.120000000000001	-6.87
11:30:16.124764	3.63	-7.66	-1.2	-2.08	-9.57	-1.73	2.64	-9.73	4.7700000000000005	6.88	-10.23	-9.75
11:30:16.134848	3.1	-7.38	-1.25	-2.94	-9.9	-0.8	1.41	-10.040000000000001	6.3100000000000005	4.9	-9.51	-3.59
11:30:16.144923	2.07	-7.34	-1.29	-2.91	-10.13	-0.8300000000000001	0.13	-10.73	7.23	2.4	-11.74	-3.41
11:30:16.155000	1.74	-7.72	-1.18	-2.5500000000000003	-10.33	-0.23	-0.11	-11.790000000000001	5.98	1.54	-8.55	-0.81
11:30:16.165088	1.58	-8.31	-0.87	-1.81	-11.36	0.76	0.75	-10.540000000000001	5.44	0.46	-3.15	1.46
11:30:16.175168	1.49	-9.1	-0.34	-1.8	-11.950000000000001	1.09	1.25	-8.88	7.45	-9.0	3.48	11.82
11:30:16.185237	0.81	-10.5	0.88	-1.8	-12.4	1.46	1.55	-7.28	8.39	-8.2	3.92	13.16
11:30:16.195313	0.54	-11.01	1.36	-1.79	-12.52	1.23	1.07	-8.24	4.42	-3.16	-0.85	13.22
11:30:16.205389	0.23	-11.25	1.72	-2.23	-12.38	1.08	0.8200000000000001	-9.39	2.16	3.73	-12.84	5.54
11:30:16.215462	0.29	-10.97	1.85	-2.5100000000000002	-11.98	0.87	0.59	-9.39	2.37	2.94	-11.44	4.36
11:30:16.225577	0.46	-10.620000000000001	1.51	-2.19	-11.5	0.58	0.91	-8.8	3.0300000000000002	0.13	-7.05	6.17
11:30:16.235692	0.6	-10.31	1.19	-1.73	-10.89	-0.09	0.97	-7.38	5.25	-0.52	-4.21	6.390000000000001
11:30:16.245792	0.6900000000000001	-9.89	0.79	-1.62	-10.450000000000001	0.07	0.9	-7.47	4.93	4.74	-3.24	7.5200000000000005
11:30:16.255929	0.88	-8.92	-0.08	-1.29	-10.03	0.31	0.67	-6.74	4.78	3.19	-6.04	5.13
11:30:16.266050	0.91	-8.75	-0.2	-1.34	-9.69	0.6	-0.28	-6.33	4.98	0.78	-10.06	3.5500000000000003
11:30:16.276175	0.8300000000000001	-8.700000000000001	-0.33	-1.77	-9.290000000000001	0.28	-1.0	-6.4	5.16	0.22	-11.59	2.92
11:30:16.286311	0.8	-8.68	-0.34	-1.58	-9.02	-0.04	-1.79	-6.69	5.43	-0.39	-6.5600000000000005	4.22
11:30:16.296382	0.8300000000000001	-8.66	-0.3	-1.12	-9.11	-0.27	-2.16	-6.95	5.45	-0.17	-7.94	3.5700000000000003
11:30:16.306500	0.77	-8.68	-0.24	-1.1400000000000001	-8.53	-0.42	-1.86	-7.0	5.47	0.59	-9.66	1.95
11:30:16.316598	0.75	-8.74	-0.14	-1.31	-7.72	-0.48	-1.4000000000000001	-7.22	5.55	1.32	-10.68	0.85
11:30:16.326667	0.6900000000000001	-8.77	0.06	-1.77	-7.5600000000000005	-0.45	-1.0	-7.46	5.79	1.3900000000000001	-11.89	-1.44
11:30:16.337159	0.63	-8.75	0.15	-2.07	-7.29	-0.21	-0.89	-7.67	5.6000000000000005	1.72	-12.07	-1.98
11:30:16.347233	0.58	-8.76	0.19	-2.44	-7.25	-0.17	-0.8300000000000001	-7.74	5.91	1.87	-12.47	-2.75
11:30:16.357309	0.53	-8.71	0.2	-2.57	-7.2	0.05	-0.72	-7.98	5.73	2.66	-13.06	-3.7600000000000002
11:30:16.367440	0.51	-8.6	0.11	-2.48	-7.26	0.05	-0.4	-8.5	5.4	3.09	-13.25	-4.08
11:30:16.377527	0.51	-8.59	0.05	-2.25	-7.12	-0.17	0.23	-9.36	5.57	3.5500000000000003	-13.56	-4.8100000000000005
11:30:16.387622	0.47000000000000003	-8.61	-0.07	-1.46	-6.99	-0.93	0.5	-9.5	5.38	4.01	-13.9	-5.61
11:30:16.397729	0.44	-8.65	-0.11	-0.99	-7.140000000000001	-1.11	0.28	-9.450000000000001	5.28	4.79	-14.23	-7.0600000000000005
11:30:16.407806	0.35000000000000003	-8.72	-0.18	-0.64	-7.25	-1.36	-0.48	-9.4	5.22	4.74	-14.18	-7.5
11:30:16.417877	0.33	-8.73	-0.17	-0.37	-7.38	-1.79	-0.45	-9.49	5.26	4.32	-14.17	-7.8100000000000005
11:30:16.427970	0.29	-8.77	-0.09	0.46	-7.46	-2.92	-0.33	-9.450000000000001	5.19	3.74	-13.8	-7.53
11:30:16.438085	0.17	-8.88	0.06	0.75	-7.38	-3.35	-0.21	-9.73	5.14	3.19	-14.98	-8.68
11:30:16.448217	0.11	-8.99	0.11	0.92	-7.2700000000000005	-3.58	-0.31	-10.09	4.89	2.93	-14.92	-9.620000000000001
11:30:16.458380	0.04	-9.07	0.21	1.07	-7.45	-3.75	-0.26	-10.08	4.57	3.0	-14.06	-9.77
11:30:16.468478	0.0	-9.1	0.34	1.55	-7.98	-3.7800000000000002	-0.19	-10.05	4.48	4.16	-13.280000000000001	-10.57
11:30:16.479088	0.03	-9.3	0.5700000000000001	1.8	-8.25	-3.66	0.17	-9.72	3.68	4.62	-12.790000000000001	-11.17
11:30:16.489222	0.02	-9.41	0.72	1.99	-8.31	-3.24	0.38	-9.67	3.44	4.49	-12.65	-11.65
11:30:16.499933	0.03	-9.52	0.8300000000000001	2.07	-8.5	-3.04	0.3	-9.42	3.17	4.47	-12.290000000000001	-11.6
11:30:16.510060	-0.04	-9.65	0.89	1.98	-8.85	-3.2800000000000002	0.25	-9.53	2.69	3.94	-12.370000000000001	-12.57
11:30:16.520130	-0.05	-9.99	1.04	1.81	-8.99	-3.44	-0.01	-10.0	2.14	3.94	-12.370000000000001	-12.57
11:30:16.530294	-0.03	-10.14	1.11	1.6600000000000001	-9.200000000000001	-3.54	-0.23	-9.85	2.13	3.04	-11.700000000000001	-13.14
11:30:16.540902	-0.09	-10.25	1.12	1.1400000000000001	-9.42	-3.9	-0.42	-9.65	1.85	3.09	-11.48	-13.46
11:30:16.551028	-0.07	-10.33	1.1300000000000001	0.9400000000000001	-9.55	-3.93	-0.71	-9.09	1.07	2.62	-10.65	-14.71
11:30:16.561104	-0.17	-10.56	0.9400000000000001	0.7000000000000001	-9.72	-3.79	-0.67	-8.870000000000001	1.19	2.07	-10.5	-14.9
11:30:16.571224	-0.18	-10.63	0.79	0.58	-9.93	-3.74	-0.64	-8.77	1.17	1.41	-10.19	-14.72
11:30:16.581397	-0.26	-10.75	0.63	0.56	-10.370000000000001	-4.03	-0.66	-8.52	1.34	0.7000000000000001	-9.83	-14.64
11:30:16.592000	-0.3	-11.07	0.26	0.56	-10.59	-4.2700000000000005	-0.48	-8.56	1.36	0.45	-9.57	-14.35
11:30:16.602098	-0.42	-11.24	0.1	0.53	-10.75	-4.46	-0.22	-8.52	1.35	0.11	-9.450000000000001	-13.88
11:30:16.612228	-0.53	-11.26	0.0	0.51	-10.790000000000001	-4.45	0.34	-8.370000000000001	1.55	0.46	-9.3	-13.280000000000001
11:30:16.622867	-0.85	-11.18	-0.12	0.38	-10.370000000000001	-4.43	0.5	-8.43	1.6400000000000001	0.4	-9.26	-12.700000000000001
11:30:16.632940	-0.93	-11.03	-0.04	0.4	-10.13	-4.26	0.61	-8.45	1.6	0.31	-9.44	-12.18
11:30:16.643068	-0.96	-10.93	0.0	0.25	-9.83	-3.7600000000000002	0.51	-8.41	1.87	0.6	-9.450000000000001	-11.700000000000001
11:30:16.653625	-1.07	-10.76	0.02	0.09	-9.5	-3.46	0.32	-8.540000000000001	2.42	5.46	-11.02	-13.72
11:30:16.663752	-1.17	-10.57	0.1	-0.1	-8.53	-2.87	0.19	-8.63	2.62	3.7800000000000002	-5.22	-10.93
11:30:16.673843	-1.06	-10.040000000000001	0.19	-0.18	-7.94	-2.36	-0.18	-8.42	3.04	0.29	-2.82	-5.01
11:30:16.684000	-1.04	-9.77	0.21	-0.25	-7.44	-1.94	-0.47000000000000003	-9.11	2.8000000000000003	2.65	-6.01	-2.65
11:30:16.694667	-0.78	-9.44	0.3	-0.23	-7.0200000000000005	-1.54	-0.07	-11.9	-2.02	2.7600000000000002	-21.84	20.59
11:30:16.704731	0.1	-9.38	0.4	-0.34	-7.7700000000000005	-1.4000000000000001	-0.03	-16.42	-11.24	4.5200000000000005	-27.29	29.740000000000002
11:30:16.714808	1.56	-11.370000000000001	-0.36	-0.19	-10.86	-0.64	-1.43	-18.61	-13.94	12.38	-18.98	-8.74
11:30:16.724881	1.71	-12.370000000000001	-0.99	-0.42	-14.040000000000001	-0.4	2.0	-12.46	0.24	12.38	-18.98	-8.74
11:30:16.735470	1.81	-12.93	-1.49	-0.42	-14.91	-1.34	0.56	-11.09	3.72	-9.05	-8.17	-8.67
11:30:16.745542	1.79	-13.33	-1.95	-0.68	-14.36	-2.63	-2.16	-10.76	4.61	-7.51	-9.94	2.49
11:30:16.755618	1.6400000000000001	-12.96	-2.21	-0.32	-14.57	-2.48	-4.53	-8.86	0.88	1.7	-11.5	4.09
11:30:16.765700	1.1	-12.19	-1.94	0.24	-14.08	-4.32	-3.17	-8.01	2.66	3.56	-6.16	-3.3200000000000003
11:30:16.775770	0.59	-11.03	-1.45	-0.55	-11.22	-5.38	-0.92	-8.93	1.72	0.76	-8.21	-2.73
11:30:16.785845	0.41000000000000003	-9.24	0.0	-2.77	-6.01	-0.9	0.14	-9.6	1.3800000000000001	1.27	-8.19	0.3
11:30:16.795912	0.5700000000000001	-8.77	0.67	-3.5500000000000003	-5.28	0.79	3.29	-10.24	-0.13	0.6	-7.76	3.09
11:30:16.805984	0.74	-8.44	1.18	-3.34	-5.72	1.48	3.34	-11.35	0.12	1.09	-9.620000000000001	-4.54
11:30:16.816067	0.76	-8.11	1.59	-1.87	-6.84	1.36	3.02	-10.200000000000001	1.5	0.74	-10.82	-4.68
11:30:16.826137	1.1300000000000001	-8.07	1.77	1.54	-8.65	0.98	0.89	-8.36	0.52	0.37	-10.07	-2.06
11:30:16.836253	1.51	-8.51	1.58	2.82	-8.93	1.59	0.6900000000000001	-8.97	0.38	-0.8	-10.46	-0.01
11:30:16.846374	1.73	-8.97	1.1500000000000001	3.93	-9.96	0.9	1.01	-9.450000000000001	1.31	-0.8	-10.46	-0.01
11:30:16.856654	1.84	-9.68	-0.02	4.66	-11.34	0.55	1.27	-10.02	1.84	2.09	-7.0200000000000005	-1.62
11:30:16.867388	1.71	-9.85	-0.59	3.83	-11.09	1.04	1.19	-10.57	0.07	1.49	-7.68	-0.36
11:30:16.877454	1.45	-9.9	-1.1500000000000001	2.23	-10.58	0.9500000000000001	1.0	-10.14	-0.15	2.08	-9.52	-3.65
11:30:16.887526	1.28	-9.84	-1.61	0.87	-9.67	0.52	1.16	-9.200000000000001	-0.02	1.4000000000000001	-9.98	-2.96
11:30:16.897622	0.89	-9.65	-2.09	-0.8200000000000001	-8.42	-0.5	1.07	-9.77	0.1	1.6400000000000001	-10.870000000000001	-4.55
11:30:16.907741	0.76	-9.59	-2.08	-1.21	-8.5	-1.24	1.07	-10.17	0.24	1.61	-10.22	-2.0100000000000002
11:30:16.917847	0.65	-9.61	-1.93	-1.24	-9.22	-2.0	0.63	-10.38	0.6	1.8900000000000001	-8.65	-3.39
11:30:16.927940	0.52	-9.6	-1.68	-1.24	-9.22	-2.0	0.24	-10.07	1.57	1.8900000000000001	-8.65	-3.39
11:30:16.938142	0.3	-9.51	-1.16	-1.18	-9.24	-0.7000000000000001	-0.34	-9.51	1.95	1.57	-8.52	-2.34
11:30:16.948708	0.3	-9.38	-0.91	-1.03	-9.56	-0.41000000000000003	-0.42	-9.84	1.31	1.3	-9.94	-1.12
11:30:16.958813	0.26	-9.33	-0.76	-0.91	-9.73	0.0	-0.34	-10.07	1.1	1.6500000000000001	-9.540000000000001	-3.96
11:30:16.968976	0.39	-9.09	-0.4	-0.46	-9.71	0.05	0.68	-10.03	1.43	1.69	-9.17	-3.31
11:30:16.979573	0.38	-8.93	-0.31	-0.12	-9.5	0.09	0.76	-9.77	1.1400000000000001	1.48	-9.28	-2.2800000000000002
11:30:16.989669	0.38	-8.86	-0.27	0.22	-9.38	0.12	0.84	-9.81	0.65	1.86	-9.42	-0.75
11:30:16.999742	0.38	-8.88	-0.24	0.46	-9.38	0.06	0.9500000000000001	-9.6	0.6	1.33	-8.81	-3.45
11:30:17.009867	0.19	-8.86	-0.37	0.9	-9.31	0.37	1.7	-9.36	0.99	1.2	-8.64	-4.34
11:30:17.019962	0.19	-8.97	-0.43	1.2	-9.49	0.22	1.46	-9.99	0.64	1.21	-9.07	-1.96
11:30:17.030343	0.13	-9.1	-0.53	1.4000000000000001	-9.73	0.12	1.46	-9.99	0.64	1.86	-9.08	-3.41
11:30:17.040762	-0.07	-9.17	-0.59	1.52	-9.81	0.13	0.84	-9.870000000000001	0.9400000000000001	1.67	-9.15	-3.43
11:30:17.050859	-0.15	-9.22	-0.75	1.36	-9.64	0.15	0.52	-9.63	1.16	1.92	-9.1	-1.74
11:30:17.060977	-0.25	-9.27	-0.72	1.2	-9.700000000000001	0.07	0.28	-9.97	0.98	1.96	-9.43	-3.3000000000000003
11:30:17.071515	-0.2	-9.31	-0.67	0.93	-9.78	-0.14	0.28	-9.97	0.98	1.96	-9.43	-3.3000000000000003
11:30:17.081796	-0.18	-9.39	-0.62	0.76	-9.74	-0.14	0.9500000000000001	-9.49	0.38	2.04	-8.86	-4.29
11:30:17.091920	-0.12	-9.26	-0.48	0.08	-9.38	-0.13	0.81	-9.56	0.63	2.27	-9.16	-1.79
11:30:17.102277	-0.11	-9.15	-0.36	-0.16	-9.34	-0.18	0.81	-9.56	0.63	2.27	-9.16	-1.79
11:30:17.112394	-0.08	-8.97	-0.28	-0.4	-9.46	-0.28	0.9400000000000001	-9.53	-0.02	2.27	-9.16	-1.79
11:30:17.122783	-0.03	-8.89	-0.26	-0.53	-9.39	-0.14	0.9500000000000001	-9.51	0.9400000000000001	1.53	-9.05	-4.44
11:30:17.133211	0.0	-8.91	-0.33	-1.24	-9.200000000000001	-0.13	0.78	-9.55	1.54	1.61	-9.74	-3.61
11:30:17.143345	0.0	-8.92	-0.38	-0.98	-9.34	-0.33	0.13	-9.66	1.18	1.61	-9.74	-3.61
11:30:17.153476	0.01	-8.92	-0.48	-0.9500000000000001	-9.35	-0.25	0.04	-9.6	1.25	1.52	-9.59	-4.39
11:30:17.163818	0.01	-9.040000000000001	-0.64	-1.1500000000000001	-9.34	0.1	0.11	-9.57	2.15	1.7	-8.84	-3.86
11:30:17.174361	-0.05	-9.02	-0.72	-1.1	-9.27	0.8200000000000001	-0.25	-10.02	1.45	1.97	-9.86	-4.49
11:30:17.184526	-0.06	-9.11	-0.7000000000000001	-1.18	-9.36	1.1	0.09	-9.78	1.3800000000000001	2.0	-8.97	-3.86
11:30:17.194597	-0.09	-9.200000000000001	-0.7000000000000001	-1.07	-9.43	1.35	0.6900000000000001	-9.47	1.79	1.95	-9.53	-5.21
11:30:17.204702	-0.08	-9.46	-0.64	-0.77	-9.44	1.71	1.1	-9.46	2.45	1.6	-9.76	-3.68
11:30:17.214805	-0.04	-9.57	-0.56	-0.86	-9.39	1.67	0.6	-10.01	1.54	1.6	-9.76	-3.68
11:30:17.224881	-0.01	-9.68	-0.52	-0.64	-9.6	1.68	1.28	-9.56	1.73	1.44	-9.43	-4.57
11:30:17.234951	0.09	-10.16	-0.48	-0.65	-9.8	1.7	1.3900000000000001	-9.59	2.2	1.51	-10.040000000000001	-5.65
11:30:17.245078	0.06	-10.33	-0.44	-1.02	-10.03	1.47	0.61	-11.01	1.21	1.8800000000000001	-10.88	-2.6
11:30:17.255673	0.01	-10.56	-0.4	-1.37	-10.23	1.09	0.73	-10.77	1.67	1.26	-11.15	-5.03
11:30:17.265825	-0.02	-10.78	-0.36	-1.36	-10.46	0.8	1.1300000000000001	-10.38	1.53	1.05	-11.290000000000001	-5.04
11:30:17.275909	-0.21	-10.78	-0.3	-1.53	-10.69	1.08	0.78	-10.53	2.13	1.72	-11.5	-6.45
11:30:17.285979	-0.36	-11.040000000000001	-0.17	-1.36	-10.66	1.08	0.16	-11.18	1.28	1.8	-10.1	-2.52
11:30:17.296051	-0.52	-11.07	-0.06	-1.09	-10.59	1.06	0.21	-10.76	1.3	2.48	-10.59	-5.25
11:30:17.306124	-0.65	-11.02	0.02	-1.02	-10.61	1.31	0.38	-10.27	1.1400000000000001	3.0	-10.75	-5.98
11:30:17.316242	-0.87	-11.11	0.15	-0.75	-10.83	1.21	0.17	-10.67	1.04	3.02	-10.42	-6.03
11:30:17.326358	-0.87	-11.11	0.15	-0.59	-10.82	1.51	-0.22	-11.040000000000001	0.59	3.62	-10.040000000000001	-3.88
11:30:17.336434	-1.11	-10.950000000000001	0.19	-0.41000000000000003	-10.8	1.08	0.14	-10.41	0.51	3.62	-10.040000000000001	-3.88
11:30:17.346563	-1.17	-10.66	0.04	-0.34	-10.88	0.79	0.44	-10.09	0.22	2.56	-10.74	-5.7700000000000005
11:30:17.356637	-1.1500000000000001	-10.44	-0.1	-0.25	-10.92	0.61	0.32	-10.370000000000001	0.01	2.73	-10.870000000000001	-5.86
11:30:17.366703	-1.05	-10.25	-0.21	-0.34	-10.78	0.04	-0.1	-10.700000000000001	-0.24	2.73	-10.870000000000001	-5.86
11:30:17.376820	-0.9500000000000001	-10.040000000000001	-0.29	-0.2	-10.57	0.09	0.3	-10.18	-0.39	1.6400000000000001	-11.84	-5.79
11:30:17.386883	-0.72	-9.84	-0.42	0.0	-10.63	0.0	0.0	-9.94	0.3	1.5	-11.28	-6.3100000000000005
11:30:17.397013	-0.32	-9.92	-0.35000000000000003	0.19	-10.6	-0.12	-0.23	-10.48	-0.46	2.69	-11.94	-1.71
11:30:17.407085	0.44	-10.21	0.2	0.52	-10.38	-0.43	-0.16	-11.07	-0.8	3.99	-11.83	-4.28
11:30:17.417201	0.86	-10.96	0.87	0.96	-11.06	-0.39	1.02	-10.96	-1.6600000000000001	4.54	-13.07	-6.7
11:30:17.427285	-0.17	-12.38	1.9100000000000001	1.19	-11.96	-0.07	0.26	-12.1	-0.6900000000000001	1.83	-14.65	-5.24
11:30:17.437368	-0.87	-12.75	2.19	1.29	-12.31	0.13	-0.34	-12.55	-1.76	1.83	-14.65	-5.24
11:30:17.447420	-1.3800000000000001	-12.870000000000001	2.1	1.03	-12.07	-0.22	-1.46	-12.58	-1.6500000000000001	1.83	-14.65	-5.24
11:30:17.457724	-1.18	-12.51	1.8900000000000001	0.72	-12.290000000000001	-0.41000000000000003	-2.49	-13.27	-0.68	2.12	-17.81	-2.95
11:30:17.468458	1.04	-10.97	0.77	-0.09	-12.200000000000001	-1.06	-2.35	-13.42	-1.8	-0.08	-18.42	-2.99
11:30:17.478567	2.06	-10.040000000000001	0.08	-0.4	-11.19	-0.63	-1.73	-14.16	-3.39	1.8800000000000001	-19.54	0.5
11:30:17.488665	2.69	-9.26	-0.56	0.19	-10.86	-1.05	-1.31	-15.3	-3.61	1.8800000000000001	-19.54	0.5
11:30:17.499326	3.09	-8.700000000000001	-1.12	-1.46	-10.370000000000001	-1.18	-0.04	-15.13	-3.8000000000000003	1.8800000000000001	-19.54	0.5
11:30:17.509398	3.09	-8.03	-1.59	-3.36	-9.11	-0.77	0.35000000000000003	-12.0	-2.39	4.97	-16.25	1.71
11:30:17.519545	2.92	-7.69	-1.74	-2.33	-9.06	-1.72	3.5500000000000003	-11.01	1.46	5.7700000000000005	-14.13	-1.55
11:30:17.529669	2.92	-7.69	-1.74	-2.33	-9.06	-1.72	3.5500000000000003	-11.01	1.46	7.83	-11.450000000000001	-2.65
11:30:17.539858	2.12	-7.33	-1.73	-3.25	-9.36	-0.85	4.01	-10.38	3.74	7.83	-11.450000000000001	-2.65
11:30:17.549945	1.9100000000000001	-7.72	-1.45	-2.85	-10.51	-0.2	2.09	-10.14	9.63	7.83	-11.450000000000001	-2.65
11:30:17.560056	1.6600000000000001	-8.38	-1.03	-3.36	-10.72	0.9400000000000001	1.37	-10.26	8.67	7.83	-11.450000000000001	-2.65
11:30:17.570339	1.21	-9.08	-0.48	-2.8000000000000003	-11.55	0.9400000000000001	1.37	-10.26	8.67	-3.54	-0.77	4.0600000000000005
11:30:17.580514	0.37	-10.56	0.71	-1.79	-12.97	1.05	1.07	-8.950000000000001	7.51	-11.540000000000001	5.39	15.450000000000001
11:30:17.590579	0.26	-11.120000000000001	1.24	-1.1500000000000001	-13.74	1.31	-0.45	-10.41	3.38	-11.540000000000001	5.39	15.450000000000001
11:30:17.600787	0.14	-11.370000000000001	1.62	-1.76	-13.370000000000001	1.31	-0.8	-9.58	3.47	2.33	-11.99	9.68
11:30:17.610942	0.17	-11.41	1.85	-1.74	-12.950000000000001	0.9	-0.09	-8.120000000000001	4.39	6.37	-13.66	3.3200000000000003
11:30:17.621484	0.17	-11.41	1.85	-1.93	-12.21	0.37	-0.09	-8.120000000000001	4.39	1.68	-10.26	3.81
11:30:17.631699	0.07	-10.83	1.61	-1.31	-10.81	0.47000000000000003	1.35	-7.44	5.48	-0.64	-2.1	6.36
11:30:17.641789	0.1	-10.34	1.32	-0.97	-10.290000000000001	0.36	1.12	-6.33	5.42	2.64	-1.31	7.07
11:30:17.652490	0.12	-9.82	1.01	-0.9400000000000001	-9.91	0.27	0.38	-6.45	4.8100000000000005	2.64	-1.31	7.07
11:30:17.662569	0.24	-9.46	0.8	-0.9	-9.73	0.39	-0.64	-5.99	5.34	-0.07	-11.39	2.21
11:30:17.672698	0.33	-9.03	0.35000000000000003	-1.21	-9.25	0.28	-1.24	-6.28	5.78	0.67	-9.25	3.34
11:30:17.683305	0.29	-8.97	0.2	-1.24	-8.77	0.1	-1.3800000000000001	-6.45	5.7	0.43	-4.92	4.7
11:30:17.693848	0.24	-8.950000000000001	0.08	-1.42	-8.42	-0.35000000000000003	-0.98	-6.11	5.63	1.19	-10.06	1.31
11:30:17.704301	0.05	-9.09	-0.02	-1.49	-7.99	-0.65	-0.8200000000000001	-6.66	5.68	0.28	-11.120000000000001	0.28
11:30:17.714419	0.05	-9.09	-0.02	-1.8800000000000001	-7.51	-0.97	-0.73	-7.05	6.2	0.28	-11.120000000000001	0.28
11:30:17.724945	-0.04	-9.15	0.07	-1.85	-7.26	-0.9400000000000001	-1.17	-7.33	6.66	-0.54	-10.42	-0.7000000000000001
11:30:17.735258	-0.26	-9.05	0.58	-1.94	-6.8	-0.62	-1.62	-7.44	6.45	-0.54	-10.42	-0.7000000000000001
11:30:17.745384	-0.25	-8.93	0.72	-2.37	-7.0200000000000005	-0.79	-1.42	-7.84	6.0	0.59	-13.14	-3.2
11:30:17.755458	-0.25	-8.81	0.8200000000000001	-2.62	-6.99	-0.56	-0.8300000000000001	-8.120000000000001	5.8	1.6500000000000001	-13.15	-3.97
11:30:17.765530	-0.25	-8.700000000000001	0.88	-2.2800000000000002	-7.0600000000000005	-0.51	-0.03	-8.620000000000001	5.78	2.71	-13.040000000000001	-4.66
11:30:17.775598	-0.12	-8.53	0.79	-2.11	-6.93	-0.42	0.05	-8.84	5.8	4.58	-13.120000000000001	-5.84
11:30:17.785671	-0.06	-8.51	0.6900000000000001	-1.69	-7.0	-0.61	-0.07	-8.91	5.42	5.37	-13.3	-6.26
11:30:17.795759	0.0	-8.52	0.43	-0.96	-6.97	-0.88	-0.25	-9.0	5.11	5.5600000000000005	-13.67	-6.88
11:30:17.805830	-0.01	-8.55	0.31	-0.62	-7.05	-1.08	-0.34	-9.120000000000001	5.45	5.07	-13.5	-7.19
11:30:17.815903	-0.34	-8.57	0.08	-0.2	-7.24	-1.5	-0.25	-9.32	5.12	5.3100000000000005	-13.63	-7.69
11:30:17.825969	-0.49	-8.63	0.03	0.15	-7.24	-1.86	-0.36	-9.49	4.86	5.5600000000000005	-13.63	-8.38
11:30:17.836057	-0.56	-8.72	0.04	0.8200000000000001	-7.24	-2.95	-0.43	-10.1	4.48	5.55	-13.68	-8.81
11:30:17.846124	-0.58	-8.73	0.04	1.0	-7.11	-3.47	-0.29	-10.13	4.22	5.03	-13.58	-9.97
11:30:17.856194	-0.5700000000000001	-8.870000000000001	0.13	1.04	-6.98	-3.9	-0.2	-10.05	3.72	4.72	-13.17	-10.28
11:30:17.866267	-0.61	-8.89	0.24	1.42	-7.57	-4.18	-0.14	-9.74	3.65	4.63	-12.76	-10.78
11:30:17.876375	-0.66	-8.92	0.34	1.51	-7.79	-4.21	-0.01	-9.040000000000001	3.0100000000000002	4.59	-12.08	-10.88
11:30:17.886454	-0.71	-8.93	0.49	1.71	-8.0	-4.26	-0.11	-8.950000000000001	2.69	3.64	-12.870000000000001	-11.84
11:30:17.896525	-0.9400000000000001	-9.02	0.81	1.84	-7.98	-3.92	-0.42	-8.99	2.43	3.5	-12.76	-12.290000000000001
11:30:17.906603	-1.1	-9.16	1.0	1.98	-8.27	-3.7600000000000002	-1.02	-9.13	1.8900000000000001	3.24	-12.120000000000001	-12.35
11:30:17.916669	-1.25	-9.26	1.21	1.85	-8.49	-3.8000000000000003	-1.22	-9.1	1.6600000000000001	2.99	-11.55	-12.83
11:30:17.926743	-1.41	-9.49	1.6400000000000001	1.75	-8.73	-3.92	-1.29	-9.1	1.48	2.77	-11.49	-12.97
11:30:17.936820	-1.51	-9.700000000000001	1.79	1.72	-9.05	-4.01	-1.22	-9.14	1.25	2.52	-11.370000000000001	-13.13
11:30:17.946928	-1.58	-9.950000000000001	1.8900000000000001	1.19	-9.64	-4.19	-1.23	-8.91	0.99	2.15	-11.01	-13.24
11:30:17.956993	-1.47	-10.15	1.93	0.89	-9.82	-4.14	-1.17	-8.73	0.75	1.22	-10.24	-13.200000000000001
11:30:17.967091	-1.45	-10.52	1.84	0.51	-9.89	-3.93	-1.07	-8.64	0.6	1.12	-10.01	-13.290000000000001
11:30:17.977196	-1.41	-10.86	1.71	0.17	-10.02	-3.66	-0.5700000000000001	-8.700000000000001	0.64	1.12	-10.03	-13.280000000000001
11:30:17.987293	-1.22	-11.1	1.55	0.09	-10.36	-3.44	-0.11	-8.82	0.89	1.1400000000000001	-9.92	-13.27
11:30:17.997455	-1.18	-11.36	1.32	0.15	-10.53	-3.77	0.2	-8.88	1.07	1.23	-9.73	-12.790000000000001
11:30:18.008118	-1.05	-11.46	0.88	0.18	-10.58	-4.18	0.33	-8.9	1.2	1.25	-9.59	-12.38
11:30:18.018213	-0.99	-11.24	0.72	0.0	-10.55	-4.3	0.58	-8.84	1.8800000000000001	0.98	-9.5	-11.99
11:30:18.028288	-1.03	-11.13	0.53	-0.24	-9.9	-4.18	0.58	-8.84	1.8800000000000001	2.65	-11.36	-13.8
11:30:18.038399	-0.93	-11.0	0.45	-0.31	-9.59	-3.81	0.58	-8.91	2.18	1.68	-9.620000000000001	-11.69
11:30:18.048599	-1.37	-10.66	0.42	-0.46	-9.23	-3.6	0.44	-8.67	3.12	1.62	-8.86	-12.18
11:30:18.059325	-1.46	-10.38	0.51	-0.64	-7.98	-2.5300000000000002	0.02	-8.620000000000001	3.2800000000000002	2.92	-6.94	-12.36
11:30:18.069424	-1.58	-10.27	0.73	-0.62	-7.63	-2.38	0.05	-10.96	-0.02	5.53	-9.89	-3.1
11:30:18.079548	-1.52	-10.24	0.9500000000000001	-0.6	-8.13	-2.23	-1.6300000000000001	-19.34	-11.64	4.78	-20.98	10.450000000000001
11:30:18.090232	-0.55	-11.88	0.9	-0.25	-11.120000000000001	-2.19	-1.09	-18.080000000000002	-4.89	9.290000000000001	-24.28	17.05
11:30:18.100344	-0.53	-13.120000000000001	0.28	0.71	-15.92	-2.11	1.06	-13.77	-0.7000000000000001	1.06	-7.71	-8.36
11:30:18.110533	-0.34	-13.92	-0.43	1.08	-15.44	-3.11	-3.43	-9.6	3.81	1.06	-7.71	-8.36
11:30:18.120940	0.07	-14.31	-1.46	1.02	-13.9	-3.8200000000000003	-5.32	-8.66	1.3900000000000001	-6.640000000000001	-8.76	-6.01
11:30:18.131104	-0.09	-13.59	-1.61	0.1	-12.09	-2.25	-5.14	-8.45	0.46	-2.2800000000000002	-10.05	0.48
11:30:18.141219	-0.26	-12.52	-1.3	-1.7	-9.65	-4.53	-3.63	-7.75	2.24	2.36	-6.99	-1.78
11:30:18.151306	-0.53	-11.26	-0.71	-2.6	-7.33	-3.85	-1.22	-9.56	1.41	-0.2	-8.18	-1.34
11:30:18.161389	-0.89	-9.07	0.87	-3.49	-5.71	-1.8800000000000001	0.42	-10.43	0.88	0.56	-9.58	-0.05
11:30:18.171670	-0.93	-8.39	1.77	-3.89	-5.43	-0.07	2.0	-10.88	0.85	1.48	-8.58	-1.45
11:30:18.182355	-0.88	-8.14	2.5300000000000002	-1.81	-7.84	-0.37	3.3200000000000003	-10.99	1.62	0.23	-9.63	-5.67
11:30:18.192503	-0.91	-8.35	2.91	-0.05	-9.4	-0.55	2.87	-10.05	1.55	0.52	-10.48	-4.8
11:30:18.202624	-0.89	-9.39	2.47	1.69	-10.14	-0.51	1.18	-9.25	0.26	0.58	-9.84	-0.21
11:30:18.213368	-0.5700000000000001	-9.59	2.0300000000000002	4.48	-9.86	0.62	0.35000000000000003	-8.950000000000001	-0.31	1.05	-10.18	-2.79
11:30:18.223867	-0.02	-9.5	1.55	4.82	-9.63	0.72	0.48	-9.08	0.65	1.52	-8.81	-2.33
11:30:18.234287	0.67	-9.28	1.1	4.44	-9.63	0.67	0.66	-9.98	0.47000000000000003	2.02	-6.86	-1.6600000000000001
11:30:18.244400	1.6400000000000001	-8.58	-0.46	3.41	-9.81	0.63	0.93	-10.53	-0.11	2.37	-7.9	0.88
11:30:18.254518	1.46	-8.68	-1.03	0.68	-9.61	0.05	1.4000000000000001	-9.67	-0.24	1.45	-9.43	-2.56
11:30:18.264645	1.23	-8.93	-1.53	-0.4	-8.99	-0.36	1.24	-9.44	-0.24	1.53	-10.69	-2.18
11:30:18.274768	0.86	-9.46	-2.23	-0.99	-8.76	-0.84	0.81	-10.0	0.02	1.85	-11.59	-4.8100000000000005
11:30:18.285337	0.72	-9.76	-2.2800000000000002	-1.26	-9.16	-1.28	0.67	-10.5	0.39	1.61	-10.07	-1.3
11:30:18.295414	0.53	-10.05	-2.18	-1.43	-9.71	-1.77	0.12	-10.18	1.79	1.26	-8.65	-3.34
11:30:18.305504	-0.08	-10.13	-1.56	-1.42	-9.91	-1.8800000000000001	-0.16	-9.73	2.18	1.24	-8.56	-2.52
11:30:18.315534	-0.34	-9.88	-1.24	-1.55	-9.290000000000001	-0.26	-0.51	-9.63	1.98	0.86	-8.69	-2.63
11:30:18.325607	-0.27	-9.58	-0.92	-0.98	-8.18	0.79	-0.51	-10.33	0.96	1.56	-10.09	-3.08
11:30:18.335680	-0.3	-9.28	-0.64	-1.52	-9.46	0.36	-0.15	-10.27	1.0	1.71	-9.44	-3.62
11:30:18.345764	-0.11	-8.85	-0.25	-1.1400000000000001	-9.790000000000001	2.2800000000000002	0.26	-9.96	0.89	1.53	-9.09	-3.5500000000000003
11:30:18.355834	-0.1	-8.64	-0.08	-0.76	-9.02	0.15	0.43	-9.58	0.6	1.48	-9.120000000000001	-2.77
11:30:18.365907	-0.11	-8.52	-0.01	-1.03	-9.42	-1.07	0.4	-9.57	0.0	2.35	-8.93	-3.29
11:30:18.376022	-0.13	-8.45	0.01	0.01	-9.02	0.1	0.5700000000000001	-9.46	0.15	1.84	-8.81	-3.36
11:30:18.386091	-0.3	-8.6	-0.22	0.4	-9.700000000000001	-0.4	0.63	-9.38	0.13	1.57	-8.86	-2.94
11:30:18.396173	-0.37	-8.71	-0.45	1.05	-9.290000000000001	0.76	0.41000000000000003	-9.91	-0.05	1.73	-9.6	-1.47
11:30:18.406246	-0.39	-8.85	-0.71	1.27	-9.67	0.81	0.54	-9.77	-0.11	1.6400000000000001	-9.02	-3.34
11:30:18.416318	-0.33	-8.950000000000001	-0.92	1.07	-9.33	0.64	0.92	-9.38	0.06	1.59	-9.07	-2.93
11:30:18.426387	-0.25	-9.01	-1.19	0.96	-9.33	0.63	1.03	-9.23	0.09	1.4000000000000001	-9.17	-4.26
11:30:18.436510	-0.27	-8.97	-1.27	0.73	-9.21	0.72	0.97	-9.97	0.17	1.69	-9.75	-2.13
11:30:18.446592	-0.21	-8.89	-1.23	0.54	-9.35	0.91	1.18	-10.07	-0.1	1.42	-9.24	-3.36
11:30:18.456665	-0.32	-8.89	-1.01	0.27	-9.620000000000001	0.64	1.42	-9.77	-0.22	1.23	-9.14	-3.58
11:30:18.466772	-0.4	-8.86	-0.75	0.21	-9.57	0.12	0.76	-9.57	0.43	1.48	-9.02	-3.6
11:30:18.476891	-0.54	-8.790000000000001	-0.52	0.32	-9.56	-0.37	0.33	-9.85	0.44	1.92	-9.55	-3.11
11:30:18.486958	-0.65	-8.78	-0.23	0.26	-9.47	-0.53	0.1	-9.8	0.25	1.67	-9.370000000000001	-3.47
11:30:18.497200	-0.9400000000000001	-8.9	0.16	0.13	-9.950000000000001	0.61	-0.22	-9.74	-0.11	1.75	-9.48	-4.05
11:30:18.507299	-1.03	-8.89	0.32	-0.6	-9.1	0.17	-0.05	-9.6	0.8200000000000001	1.9100000000000001	-8.96	-3.37
11:30:18.517866	-1.0	-8.96	0.38	-0.54	-9.42	0.41000000000000003	-0.18	-9.950000000000001	0.07	2.0100000000000002	-9.77	-4.14
11:30:18.527943	-0.99	-9.01	0.31	-0.37	-9.42	0.72	0.14	-9.61	-0.42	1.8	-9.25	-4.23
11:30:18.538016	-0.81	-9.11	0.04	-0.63	-9.08	1.32	0.99	-9.49	0.36	1.72	-9.23	-4.8
11:30:18.548139	-0.71	-9.13	-0.12	-1.0	-8.89	1.1300000000000001	0.99	-9.49	0.36	1.78	-9.09	-2.5100000000000002
11:30:18.558229	-0.5700000000000001	-9.18	-0.25	-0.9400000000000001	-8.97	0.74	0.74	-9.64	0.2	1.3900000000000001	-9.99	-3.73
11:30:18.568336	-0.5	-9.23	-0.37	-0.6	-9.33	0.7000000000000001	0.81	-9.28	1.92	1.3	-9.540000000000001	-4.09
11:30:18.578407	-0.48	-9.42	-0.52	-0.3	-9.55	1.11	0.22	-10.1	0.99	1.3	-9.3	-5.32
11:30:18.588534	-0.47000000000000003	-9.58	-0.52	-0.33	-9.53	1.43	0.29	-10.23	1.1300000000000001	2.15	-10.07	-2.85
11:30:18.598610	-0.37	-9.8	-0.46	-0.49	-9.950000000000001	1.8900000000000001	0.92	-9.72	2.25	1.67	-9.91	-4.47
11:30:18.608684	-0.32	-10.120000000000001	-0.41000000000000003	-0.63	-9.89	1.95	0.6900000000000001	-10.28	1.92	1.49	-10.120000000000001	-4.73
11:30:18.618792	-0.45	-10.16	-0.15	-0.63	-9.89	1.95	0.26	-10.84	1.29	2.06	-9.97	-5.09
11:30:18.628894	-0.62	-10.44	-0.29	-0.85	-10.22	1.1300000000000001	0.43	-10.57	1.61	2.2800000000000002	-10.81	-4.01
11:30:18.639000	-0.76	-10.59	-0.11	-0.66	-10.25	0.85	0.28	-10.53	2.05	1.3800000000000001	-10.83	-4.82
11:30:18.649164	-1.02	-10.64	-0.03	-0.22	-10.22	0.6	0.28	-10.75	1.47	1.47	-11.1	-4.63
11:30:18.659451	-1.4000000000000001	-10.82	0.11	-0.36	-10.290000000000001	0.65	0.06	-11.07	1.49	2.5100000000000002	-11.41	-5.24
11:30:18.669556	-1.6500000000000001	-10.99	0.18	-0.56	-10.63	0.6900000000000001	0.08	-10.63	1.69	1.79	-10.08	-3.8000000000000003
11:30:18.679685	-1.9100000000000001	-11.03	0.28	-0.85	-11.35	0.11	-0.24	-10.55	2.15	2.14	-10.8	-5.09
11:30:18.689758	-2.2	-10.94	0.28	1.1400000000000001	-9.94	1.07	-0.28	-10.74	1.31	3.19	-10.450000000000001	-5.67
11:30:18.700447	-2.35	-10.85	0.32	0.54	-10.32	0.78	-0.49	-10.86	1.22	3.18	-10.26	-2.98
11:30:18.710548	-2.35	-10.63	0.25	0.32	-10.83	-0.12	0.08	-10.47	0.9400000000000001	2.65	-10.89	-5.13
11:30:18.720619	-2.2600000000000002	-10.65	0.21	-0.96	-11.66	-0.5	-0.04	-10.370000000000001	0.88	2.54	-11.23	-5.05
11:30:18.730738	-2.18	-10.47	0.14	1.81	-9.96	0.54	-0.32	-10.56	0.26	2.39	-10.89	-5.94
11:30:18.741371	-1.98	-10.42	0.08	0.26	-10.68	-0.41000000000000003	0.76	-11.200000000000001	-1.45	2.69	-11.540000000000001	-2.68
11:30:18.751471	-1.53	-10.49	0.23	0.48	-10.88	-1.4000000000000001	0.7000000000000001	-11.48	-1.2	4.4	-12.92	-6.34
11:30:18.761569	-0.85	-10.77	0.73	1.81	-12.41	-0.45	0.17	-12.0	-0.89	2.5	-13.97	-6.36
11:30:18.771639	-0.06	-12.39	1.75	1.83	-12.36	-0.33	-0.35000000000000003	-12.67	-2.0	1.56	-13.52	-3.0
11:30:18.781770	-0.44	-12.74	2.08	1.56	-12.040000000000001	-0.68	-1.48	-12.34	-1.81	3.68	-15.040000000000001	-5.42
11:30:18.792370	-1.07	-12.77	2.31	1.23	-12.5	-1.2	-2.24	-12.82	-1.45	3.68	-16.67	-4.63
11:30:18.802451	-1.74	-12.44	2.37	0.77	-12.49	-1.6300000000000001	-2.5500000000000003	-13.57	-1.6400000000000001	1.5	-17.23	-2.12
11:30:18.812523	-2.02	-11.290000000000001	1.6500000000000001	0.3	-12.040000000000001	-2.0	-2.24	-14.05	-1.9000000000000001	1.36	-17.3	-0.53
11:30:18.822612	-1.3800000000000001	-10.73	0.97	-0.08	-11.700000000000001	-2.29	-1.95	-14.09	-2.7	2.05	-17.080000000000002	-1.93
11:30:18.832714	-0.32	-10.3	0.36	-0.67	-11.1	-2.44	-1.62	-13.77	-2.45	2.86	-17.47	-2.16
11:30:18.842796	1.83	-9.44	-0.61	-1.3800000000000001	-10.3	-1.96	-1.62	-13.77	-2.45	2.44	-18.26	1.72
11:30:18.852893	2.24	-9.120000000000001	-0.99	-1.49	-10.21	-1.7	-1.19	-13.200000000000001	-2.69	3.49	-16.69	3.1
11:30:18.862968	2.21	-8.99	-1.06	-1.75	-9.51	-1.82	0.44	-11.17	-4.17	4.29	-14.82	2.19
11:30:18.873239	1.77	-9.03	-1.07	-2.36	-9.35	-2.13	1.82	-11.74	-3.9	6.92	-13.280000000000001	0.16
11:30:18.883884	1.34	-9.14	-0.6	-2.6	-8.98	-2.1	3.14	-11.69	-2.5500000000000003	7.65	-10.82	-2.18
11:30:18.894004	1.55	-9.1	-0.17	-2.19	-9.07	-1.43	2.91	-11.08	3.25	8.61	-5.78	-7.51
11:30:18.904525	1.6300000000000001	-8.94	0.25	-1.6600000000000001	-9.55	-0.62	2.08	-10.1	7.65	8.540000000000001	-0.14	-6.26
11:30:18.914672	1.52	-8.84	0.68	-0.61	-11.05	0.09	1.2	-9.99	8.9	2.21	-1.21	1.45
11:30:18.924777	0.77	-9.120000000000001	1.28	0.16	-11.790000000000001	0.19	0.9400000000000001	-10.700000000000001	8.700000000000001	-19.66	1.58	20.76
11:30:18.934866	0.33	-9.4	1.45	1.0	-12.42	0.42	1.48	-9.36	6.3100000000000005	-14.59	-3.1	16.41
11:30:18.944943	-0.02	-9.700000000000001	1.6500000000000001	1.2	-12.63	0.7000000000000001	0.65	-9.6	5.25	-1.72	-10.21	7.69
11:30:18.955065	-0.64	-10.42	1.84	0.41000000000000003	-12.05	0.76	-0.35000000000000003	-10.81	3.68	3.71	-9.4	4.26
11:30:18.965188	-0.9400000000000001	-10.3	1.73	-0.24	-11.36	0.88	-1.22	-8.66	4.66	-2.43	-6.21	8.39
11:30:18.975287	-0.8	-10.18	1.81	-0.67	-10.870000000000001	1.0	-0.34	-7.73	4.7	-3.65	-3.17	8.18
11:30:18.985368	-0.8	-9.950000000000001	1.67	-0.59	-10.61	0.93	0.9500000000000001	-7.37	5.11	0.74	-2.48	7.75
11:30:18.995430	-0.46	-9.51	1.6300000000000001	-0.81	-10.07	0.37	1.6300000000000001	-7.44	4.87	3.56	-7.0600000000000005	4.44
11:30:19.005550	-0.34	-9.31	1.56	-0.88	-9.86	0.11	1.1500000000000001	-6.6000000000000005	4.13	1.46	-7.36	4.03
11:30:19.015637	-0.31	-9.09	1.46	-0.8300000000000001	-9.36	0.16	0.8300000000000001	-6.3500000000000005	4.33	1.25	-9.85	2.71
11:30:19.026326	-0.33	-8.700000000000001	1.23	-0.46	-9.08	0.04	0.1	-5.88	4.8500000000000005	1.82	-9.71	2.67
11:30:19.036395	-0.33	-8.53	1.1	-0.72	-8.59	-1.16	-1.92	-7.21	4.84	1.61	-6.61	2.85
11:30:19.046465	-0.38	-8.48	1.02	-0.7000000000000001	-8.3	-1.56	-1.8900000000000001	-7.45	5.01	2.74	-8.74	0.98
11:30:19.056567	-0.38	-8.44	0.98	-0.87	-8.08	-1.78	-1.74	-6.98	5.07	3.52	-8.82	0.31
11:30:19.066661	-0.44	-8.620000000000001	0.98	-1.12	-7.88	-1.72	-1.53	-6.8500000000000005	5.64	1.6	-10.32	-0.21
11:30:19.076748	-0.55	-8.81	0.9500000000000001	-1.6600000000000001	-7.61	-1.2	-0.9400000000000001	-7.28	5.29	1.53	-11.82	-1.6600000000000001
11:30:19.086817	-0.56	-8.91	0.98	-1.54	-7.6000000000000005	-0.8300000000000001	-0.86	-7.73	5.09	2.09	-12.21	-2.64
11:30:19.096891	-0.62	-8.9	0.92	-1.6300000000000001	-7.5600000000000005	-0.48	-0.79	-8.07	5.29	2.09	-12.21	-2.64
11:30:19.107377	-0.33	-8.85	0.84	-1.55	-7.55	-0.19	0.0	-8.47	5.38	3.47	-12.26	-4.16
11:30:19.117814	-0.22	-8.84	0.78	-1.34	-7.46	0.03	0.27	-8.68	5.21	4.36	-12.47	-4.74
11:30:19.127936	-0.19	-8.81	0.7000000000000001	-1.21	-7.41	0.15	0.18	-9.11	5.05	4.86	-12.71	-5.26
11:30:19.138052	-0.19	-8.74	0.59	-1.1400000000000001	-7.36	0.14	0.42	-9.16	4.88	5.18	-13.06	-5.82
11:30:19.148123	-0.17	-8.67	0.52	-0.8300000000000001	-7.43	-0.28	-0.8300000000000001	-9.5	4.94	5.26	-13.18	-6.36
11:30:19.158203	-0.2	-8.65	0.47000000000000003	-0.46	-7.45	-1.46	-0.92	-9.39	5.11	4.69	-13.17	-6.34
11:30:19.168325	-0.21	-8.620000000000001	0.48	-0.4	-7.62	-1.94	-0.99	-9.72	5.01	3.99	-13.290000000000001	-6.26
11:30:19.178392	-0.32	-8.57	0.53	-0.29	-7.640000000000001	-2.35	-0.98	-9.42	4.86	3.18	-13.450000000000001	-6.26
11:30:19.188484	-0.61	-8.56	0.78	-0.32	-7.61	-2.88	-1.06	-9.6	4.59	2.31	-13.77	-6.54
11:30:19.198658	-0.8200000000000001	-8.61	0.86	-0.78	-7.44	-3.84	-1.06	-9.6	4.59	2.2600000000000002	-13.67	-6.91
11:30:19.209024	-0.99	-8.64	1.0	-0.88	-7.43	-4.19	-0.89	-9.47	4.24	2.72	-13.290000000000001	-7.2700000000000005
11:30:19.219120	-1.2	-8.76	1.35	-0.78	-7.43	-4.34	-0.71	-9.33	3.66	3.22	-13.02	-8.28
11:30:19.229221	-1.26	-8.88	1.51	-0.49	-7.46	-4.2	-0.73	-9.22	3.3000000000000003	3.69	-13.44	-9.35
11:30:19.239337	-1.33	-9.01	1.57	-0.35000000000000003	-7.58	-4.0200000000000005	-0.24	-9.98	2.47	4.33	-13.13	-10.06
11:30:19.249990	-1.37	-9.1	1.6600000000000001	-0.23	-7.75	-3.9	-0.07	-9.9	2.36	4.6000000000000005	-13.030000000000001	-11.02
11:30:19.260097	-1.24	-9.22	1.69	-0.16	-8.23	-3.87	-0.12	-9.700000000000001	2.16	4.24	-12.82	-12.83
11:30:19.270160	-1.24	-9.25	1.68	-0.06	-8.45	-4.04	-0.51	-9.700000000000001	1.79	3.64	-11.34	-14.39
11:30:19.280807	-1.26	-9.35	1.75	0.14	-8.72	-4.15	-1.25	-8.78	1.42	3.64	-11.34	-14.39
11:30:19.291099	-1.31	-9.38	1.71	0.33	-8.85	-4.32	-1.56	-8.42	1.28	2.35	-10.21	-16.17
11:30:19.301231	-1.53	-9.69	1.67	0.53	-9.39	-5.09	-1.57	-8.3	1.19	1.81	-9.72	-16.64
11:30:19.311358	-1.8	-9.870000000000001	1.6600000000000001	0.66	-9.58	-5.37	-1.1300000000000001	-7.8	0.81	1.67	-9.25	-17.06
11:30:19.321727	-1.71	-9.94	1.71	0.54	-9.67	-5.54	-0.9400000000000001	-7.72	0.61	0.54	-8.99	-17.21
11:30:19.331910	-1.77	-10.23	1.58	0.34	-9.73	-5.74	-0.73	-7.67	0.87	-0.04	-9.01	-16.64
11:30:19.342457	-1.8900000000000001	-10.74	1.41	-0.06	-9.84	-6.04	-0.25	-7.67	1.1300000000000001	-0.24	-9.17	-16.0
11:30:19.352845	-2.09	-10.89	1.4000000000000001	-0.33	-9.86	-6.08	-0.04	-7.75	1.28	-0.51	-9.4	-15.11
11:30:19.362949	-2.22	-10.89	1.41	-0.62	-9.78	-5.96	0.1	-7.8500000000000005	1.45	3.27	-12.620000000000001	-17.400000000000002
11:30:19.373503	-2.31	-10.84	1.46	-0.59	-9.72	-5.64	0.26	-7.890000000000001	1.61	1.09	-7.78	-14.13
11:30:19.383575	-2.66	-10.66	1.67	-0.49	-9.52	-4.73	0.52	-7.930000000000001	2.31	-1.49	-6.22	-11.85
11:30:19.393647	-2.71	-10.48	1.72	-0.5	-9.23	-4.2	0.71	-7.8100000000000005	3.02	0.62	-8.290000000000001	-12.9
11:30:19.403938	-2.66	-10.28	1.75	-0.55	-8.93	-3.84	0.71	-8.31	3.83	4.82	-27.18	10.86
11:30:19.414019	-0.96	-10.96	1.6300000000000001	-1.07	-8.790000000000001	-3.5700000000000003	-0.58	-16.51	-10.51	14.16	-25.69	14.780000000000001
11:30:19.424087	-0.61	-12.450000000000001	0.88	0.17	-13.05	-2.58	-3.19	-21.01	-12.21	14.82	-8.49	-4.13
11:30:19.434249	-0.66	-13.67	-0.19	1.45	-14.47	-1.71	-1.82	-20.36	-1.72	10.15	-5.45	-7.46
11:30:19.444323	-0.21	-14.64	-1.11	2.15	-14.75	-2.13	2.0300000000000002	-15.22	0.9500000000000001	-7.53	-8.68	-3.14
11:30:19.454400	-0.24	-14.82	-2.29	2.61	-13.540000000000001	-3.23	-2.2800000000000002	-9.43	5.16	-0.99	-10.92	-0.25
11:30:19.464786	-0.23	-13.71	-1.85	-0.37	-10.73	-3.5	-4.07	-7.5600000000000005	2.11	5.01	-9.71	-0.84
11:30:19.474853	-0.21	-12.200000000000001	-0.96	-2.09	-9.19	-3.41	-3.72	-7.12	2.17	0.8300000000000001	-6.390000000000001	-1.6400000000000001
11:30:19.484927	-0.6	-10.83	-0.22	-3.96	-7.84	-2.63	-1.55	-8.5	3.8000000000000003	-0.98	-7.66	-0.53
11:30:19.495005	-1.0	-9.44	1.3800000000000001	-5.3	-7.23	-1.07	-0.16	-10.56	2.34	0.07	-8.73	-3.84
11:30:19.505079	-0.99	-9.28	2.23	-4.2	-8.370000000000001	1.3900000000000001	1.21	-11.88	2.91	1.32	-9.41	-0.19
11:30:19.515157	-1.04	-9.540000000000001	2.73	-1.79	-9.64	1.73	1.94	-12.21	2.8000000000000003	1.3800000000000001	-7.75	-3.75
11:30:19.525222	-1.19	-10.0	2.79	0.54	-10.46	1.32	0.68	-11.11	2.52	1.1400000000000001	-8.35	-4.33
11:30:19.535300	-1.1500000000000001	-10.19	1.9000000000000001	2.14	-10.03	0.87	0.5	-9.17	3.08	0.43	-10.98	-3.02
11:30:19.545401	-0.62	-9.870000000000001	1.55	3.27	-8.65	-0.04	-0.8	-8.17	1.78	0.59	-10.49	0.67
11:30:19.555475	0.1	-9.48	1.19	3.5	-8.2	-0.15	-1.5	-9.200000000000001	0.55	2.2	-10.02	-3.7800000000000002
11:30:19.565552	0.75	-9.040000000000001	0.79	3.0500000000000003	-8.65	-0.27	-0.29	-9.31	0.92	2.7	-8.870000000000001	-2.27
11:30:19.575625	1.41	-8.15	-0.24	2.79	-8.74	-0.31	0.64	-9.93	1.03	0.96	-7.84	-2.18
11:30:19.585693	1.41	-8.02	-0.87	1.93	-9.040000000000001	-0.01	1.22	-10.47	1.0	2.35	-9.88	-2.65
11:30:19.595809	1.31	-8.13	-1.49	1.62	-8.85	0.01	1.86	-9.77	-0.23	2.35	-9.88	-2.65
11:30:19.605925	0.98	-8.790000000000001	-2.38	1.34	-8.66	-0.09	1.9000000000000001	-9.4	0.27	0.96	-10.0	-3.73
11:30:19.616001	0.73	-9.200000000000001	-2.64	0.71	-8.85	-0.37	1.68	-9.76	0.99	1.4000000000000001	-9.48	-3.14
11:30:19.626090	0.52	-9.57	-2.72	0.71	-9.26	-0.9	1.06	-10.31	1.27	1.44	-9.040000000000001	-3.02
11:30:19.636205	0.1	-9.84	-2.6	0.5700000000000001	-9.44	-1.6500000000000001	0.46	-10.26	1.56	0.9	-8.82	-2.8000000000000003
11:30:19.646273	-0.6900000000000001	-9.68	-1.52	0.4	-9.38	-2.15	0.09	-10.05	2.13	0.56	-8.71	-3.43
11:30:19.656349	-0.68	-9.46	-1.1500000000000001	-0.03	-9.31	-2.02	-0.23	-9.89	2.14	1.19	-9.4	-1.1300000000000001
11:30:19.666488	-0.61	-9.26	-0.79	-0.13	-9.49	-1.43	-0.38	-10.09	1.27	1.43	-10.08	-4.73
11:30:19.676648	-0.59	-8.86	-0.28	-0.02	-9.78	-1.01	-0.1	-10.05	0.96	1.34	-9.28	-3.42
11:30:19.686720	-0.55	-8.77	-0.1	0.1	-9.77	-0.66	0.5700000000000001	-9.93	0.98	1.85	-8.53	-2.98
11:30:19.696796	-0.55	-8.66	-0.01	0.47000000000000003	-9.41	-0.31	0.8200000000000001	-9.66	0.84	2.45	-8.94	-0.43
11:30:19.707359	-0.49	-8.66	0.06	0.58	-9.26	-0.33	0.53	-9.61	0.77	2.06	-8.92	-3.49
11:30:19.717460	-0.49	-8.89	-0.05	0.71	-9.25	-0.39	0.56	-9.5	0.46	1.6300000000000001	-9.07	-3.49
11:30:19.727586	-0.5700000000000001	-9.040000000000001	-0.22	0.79	-9.200000000000001	-0.34	0.72	-9.52	0.19	1.83	-9.15	-2.84
11:30:19.737751	-0.66	-9.08	-0.46	0.81	-9.120000000000001	-0.38	0.33	-10.01	0.78	1.56	-9.73	-3.21
11:30:19.748353	-0.65	-9.18	-0.61	0.93	-9.15	-0.35000000000000003	0.02	-10.18	0.27	0.96	-9.290000000000001	-3.49
11:30:19.758494	-0.6900000000000001	-9.19	-0.86	1.1	-9.17	-0.2	0.68	-9.11	1.33	0.93	-9.09	-4.6000000000000005
11:30:19.768870	-0.63	-9.22	-0.88	1.1300000000000001	-9.040000000000001	-0.02	0.87	-9.65	1.08	1.23	-9.200000000000001	-2.38
11:30:19.779306	-0.61	-9.200000000000001	-0.8300000000000001	1.27	-9.18	0.09	0.76	-10.17	0.64	1.8	-9.46	-3.77
11:30:19.789428	-0.5700000000000001	-9.27	-0.56	1.58	-9.3	0.0	0.79	-10.18	0.43	1.99	-9.03	-5.11
11:30:19.799549	-0.6	-9.22	-0.38	1.3900000000000001	-9.370000000000001	-0.13	0.52	-9.71	1.67	1.99	-9.03	-5.11
11:30:19.809641	-0.66	-9.18	-0.16	0.8	-9.17	-0.14	-0.1	-10.06	1.22	2.31	-9.06	-1.8
11:30:19.819723	-0.72	-9.1	0.0	0.64	-9.33	-0.29	-0.45	-10.31	0.85	1.93	-9.53	-4.1
11:30:19.829812	-0.71	-9.18	0.25	0.39	-9.57	-0.17	0.14	-9.72	1.19	1.72	-9.68	-3.91
11:30:19.840122	-0.7000000000000001	-9.18	0.23	-0.1	-9.56	-0.03	0.33	-9.65	1.84	1.59	-9.35	-4.99
11:30:19.850313	-0.67	-9.1	0.18	-0.39	-9.51	0.03	-0.07	-10.28	0.87	1.45	-10.06	-3.31
11:30:19.860435	-0.56	-9.040000000000001	0.06	-0.49	-9.49	-0.02	-0.03	-10.14	0.43	1.3	-9.6	-4.19
11:30:19.870814	-0.41000000000000003	-8.89	-0.18	-0.54	-9.39	-0.13	0.65	-9.22	0.9500000000000001	1.23	-9.56	-4.39
11:30:19.880883	-0.41000000000000003	-8.83	-0.32	-0.84	-9.31	-0.11	0.6900000000000001	-9.4	0.84	1.98	-9.69	-4.44
11:30:19.891303	-0.33	-8.85	-0.34	-0.54	-9.4	-0.23	0.37	-9.88	-0.04	1.98	-9.69	-4.44
11:30:19.901453	-0.29	-9.02	-0.31	-0.02	-9.73	-0.07	0.81	-9.58	0.33	1.98	-9.69	-4.44
11:30:19.912146	-0.28	-9.6	-0.2	0.23	-9.81	0.28	0.67	-9.76	0.98	2.16	-9.790000000000001	-3.66
11:30:19.922268	-0.48	-9.89	-0.11	0.33	-10.13	0.68	0.5	-10.24	0.06	2.14	-10.6	-4.74
11:30:19.932433	-0.51	-9.89	0.1	0.8200000000000001	-10.49	0.71	0.25	-10.55	0.23	1.8	-10.67	-4.37
11:30:19.942985	-0.73	-10.42	0.05	0.92	-10.620000000000001	0.5700000000000001	0.45	-10.38	0.42	1.95	-10.85	-5.5200000000000005
11:30:19.953225	-1.23	-10.84	0.22	1.05	-10.56	0.37	0.22	-10.34	0.96	2.7600000000000002	-10.84	-3.2800000000000002
11:30:19.963349	-1.52	-10.93	0.26	0.85	-10.66	-0.03	0.09	-10.74	0.06	2.11	-10.59	-4.76
11:30:19.973833	-1.76	-11.08	0.32	0.8300000000000001	-10.67	0.1	0.44	-10.33	0.15	2.46	-10.9	-5.39
11:30:19.984124	-2.27	-11.18	0.48	0.73	-10.57	0.28	0.31	-10.17	0.71	3.23	-10.44	-5.61
11:30:19.994196	-2.46	-11.0	0.55	0.54	-10.27	0.15	0.19	-10.25	0.58	2.7600000000000002	-10.6	-3.33
11:30:20.004796	-2.56	-10.74	0.61	0.63	-10.52	-0.37	-0.12	-10.76	0.08	2.49	-11.48	-5.4
11:30:20.014920	-2.62	-10.5	0.55	0.88	-10.72	-0.45	0.24	-10.38	0.36	2.5500000000000003	-10.98	-5.95
11:30:20.024990	-2.41	-10.25	0.4	0.88	-10.78	-0.48	0.0	-10.34	1.03	2.56	-11.43	-6.03
11:30:20.035064	-2.22	-10.11	0.35000000000000003	0.87	-10.41	-0.99	-0.14	-10.450000000000001	0.62	2.0300000000000002	-11.14	-4.04
11:30:20.045134	-2.05	-10.01	0.26	0.86	-10.540000000000001	-0.88	-0.5	-10.450000000000001	-0.18	1.84	-12.61	-5.53
11:30:20.055207	-1.8	-9.96	0.23	0.89	-10.64	-1.0	-0.05	-10.18	-0.34	2.48	-12.43	-5.42
11:30:20.065277	-0.65	-10.18	0.47000000000000003	1.21	-11.02	-0.59	-0.13	-10.58	-0.11	2.48	-12.43	-5.42
11:30:20.075389	0.21	-10.78	1.0	1.6400000000000001	-11.68	-0.23	0.15	-11.4	-1.41	1.68	-15.24	-3.31
11:30:20.085484	0.42	-11.72	1.47	2.08	-12.4	-0.51	-0.52	-12.950000000000001	-2.2800000000000002	0.44	-16.27	-4.0600000000000005
11:30:20.095624	0.09	-12.5	1.94	1.69	-12.3	-0.89	-0.33	-13.06	-2.89	0.44	-16.27	-4.0600000000000005
11:30:20.105761	-1.36	-13.34	2.54	1.09	-12.540000000000001	-1.3800000000000001	-0.9500000000000001	-12.780000000000001	-2.2800000000000002	2.98	-18.94	-0.59
11:30:20.115832	-2.13	-13.19	2.36	0.59	-12.89	-1.75	-2.48	-14.93	-1.45	2.31	-18.26	-1.1500000000000001
11:30:20.125913	-2.5500000000000003	-12.69	1.79	-0.02	-12.38	-2.13	-2.83	-15.63	-2.72	2.57	-17.98	-1.85
11:30:20.135983	-2.04	-11.91	1.04	-0.49	-11.58	-2.2600000000000002	-2.6	-15.57	-2.3000000000000003	2.48	-17.87	-1.79
11:30:20.146064	1.6300000000000001	-9.47	-0.5	-0.86	-10.97	-2.24	-2.72	-14.26	-1.3800000000000001	3.0700000000000003	-17.46	2.21
11:30:20.156156	2.47	-8.85	-0.77	-1.2	-10.46	-1.99	-1.1500000000000001	-12.14	-3.83	4.38	-17.03	2.81
11:30:20.166287	2.61	-8.22	-1.09	-3.29	-9.26	-0.78	-0.25	-10.85	-4.26	6.3100000000000005	-15.6	2.43
11:30:20.176362	2.34	-8.2	-1.0	-2.42	-9.040000000000001	-0.71	1.74	-12.3	-4.59	9.040000000000001	-12.89	1.37
11:30:20.187069	2.08	-8.24	-0.8300000000000001	-3.14	-9.63	-1.56	5.3100000000000005	-11.46	0.18	9.06	-2.44	-1.53
11:30:20.197170	1.82	-8.2	-0.58	-1.79	-8.56	-0.2	4.38	-9.33	6.38	7.84	1.49	-7.7700000000000005
11:30:20.207330	1.26	-8.58	0.24	-2.3000000000000003	-9.94	-0.41000000000000003	3.18	-8.35	10.72	0.91	-0.99	1.67
11:30:20.217778	0.88	-9.0	0.71	-1.6500000000000001	-10.38	-0.63	1.84	-9.33	9.700000000000001	-9.66	-3.11	12.790000000000001
11:30:20.227979	0.4	-9.51	0.99	-0.86	-11.33	-0.18	0.71	-9.83	5.93	-11.34	-5.1000000000000005	13.61
11:30:20.238104	-0.11	-10.06	1.34	0.07	-12.59	-0.24	-1.43	-11.77	2.57	0.37	-12.75	4.99
11:30:20.248220	-0.79	-10.71	1.82	-0.13	-13.5	-0.22	-1.81	-8.65	5.2	8.19	-11.51	2.86
11:30:20.258334	-1.09	-10.73	1.97	-1.07	-12.72	-0.19	-0.48	-7.48	5.66	-0.43	-3.13	7.83
11:30:20.268800	-1.18	-10.57	2.13	-1.83	-11.77	0.13	-0.48	-7.48	5.66	-0.63	-1.8800000000000001	7.36
11:30:20.278881	-1.24	-10.26	2.14	-1.78	-10.53	0.26	0.58	-7.5	4.87	2.23	-4.11	7.28
11:30:20.288993	-0.84	-9.56	2.19	-2.5500000000000003	-8.950000000000001	2.74	0.4	-6.95	4.18	3.13	-6.66	5.28
11:30:20.299105	-0.5700000000000001	-9.27	2.13	-2.5100000000000002	-11.68	3.3200000000000003	0.17	-6.43	4.68	1.04	-9.14	2.86
11:30:20.309226	-0.51	-8.96	2.0	0.42	-8.6	-0.61	-0.64	-6.46	5.01	1.6	-8.72	2.14
11:30:20.319940	-0.39	-8.700000000000001	1.8900000000000001	-0.44	-9.040000000000001	-0.28	-1.06	-6.87	4.91	2.09	-5.39	3.91
11:30:20.330119	-0.38	-8.35	1.69	-0.53	-8.3	-0.92	-0.86	-6.65	4.9	1.82	-5.51	3.5300000000000002
11:30:20.340217	-0.48	-8.33	1.6	-0.6900000000000001	-8.26	-1.49	-0.76	-6.5200000000000005	4.98	3.0	-8.88	1.0
11:30:20.350707	-0.52	-8.290000000000001	1.5	-0.87	-7.22	-1.24	-0.73	-6.62	5.04	1.55	-8.39	0.6900000000000001
11:30:20.360870	-0.67	-8.35	1.44	-1.1	-6.94	-1.43	-0.71	-6.67	5.26	0.93	-10.620000000000001	-1.17
11:30:20.371045	-0.71	-8.45	1.44	-1.45	-6.58	-1.17	-0.67	-7.08	5.2	1.23	-11.73	-2.16
11:30:20.381663	-0.81	-8.52	1.37	-1.53	-6.49	-1.06	-0.9	-7.45	5.39	1.77	-12.21	-3.13
11:30:20.392256	-0.77	-8.61	1.36	-1.95	-6.5	-0.72	-0.55	-8.24	4.88	2.66	-11.96	-3.62
11:30:20.402330	-0.49	-8.67	1.1500000000000001	-1.94	-6.82	-0.75	-0.32	-8.38	5.09	4.37	-12.42	-4.67
11:30:20.412514	-0.43	-8.61	0.96	-1.84	-7.01	-0.45	-0.15	-8.77	4.74	4.53	-12.68	-5.28
11:30:20.422638	-0.31	-8.66	0.89	-1.69	-7.08	-0.35000000000000003	-0.29	-9.16	4.65	4.29	-13.280000000000001	-6.04
11:30:20.432777	-0.21	-8.700000000000001	0.74	-1.3900000000000001	-7.49	-0.62	-0.7000000000000001	-9.3	4.5600000000000005	4.1	-13.67	-6.53
11:30:20.442889	-0.17	-8.790000000000001	0.44	-1.27	-8.0	-1.26	-0.98	-9.52	4.41	3.52	-14.02	-7.3100000000000005
11:30:20.453024	-0.18	-8.790000000000001	0.3	-1.16	-7.87	-1.56	-1.04	-9.620000000000001	4.28	3.11	-13.700000000000001	-7.09
11:30:20.463527	-0.16	-8.8	0.2	-1.05	-8.07	-1.95	-0.81	-9.94	4.32	3.21	-13.57	-6.9
11:30:20.473864	-0.13	-8.83	0.19	-0.5700000000000001	-8.3	-3.0300000000000002	-0.71	-10.11	4.3500000000000005	2.97	-13.99	-7.04
11:30:20.483964	-0.13	-8.9	0.37	-0.49	-8.2	-3.25	-0.73	-10.22	4.1	2.66	-13.89	-7.73
11:30:20.494032	-0.31	-8.96	0.62	-0.34	-8.2	-3.5100000000000002	-0.75	-10.26	3.79	3.0700000000000003	-12.69	-7.8100000000000005
11:30:20.504137	-0.55	-9.120000000000001	0.67	-0.17	-8.120000000000001	-3.72	-0.5700000000000001	-10.02	3.54	3.35	-11.67	-7.74
11:30:20.514212	-0.58	-9.13	0.91	0.11	-8.23	-3.88	-0.32	-9.57	3.16	3.17	-13.56	-9.13
11:30:20.524279	-0.73	-9.290000000000001	1.37	0.22	-8.16	-3.5700000000000003	-0.07	-9.72	2.66	3.75	-13.16	-9.74
11:30:20.534359	-0.79	-9.36	1.53	0.41000000000000003	-8.290000000000001	-3.63	0.0	-10.200000000000001	1.92	3.9	-12.790000000000001	-10.450000000000001
11:30:20.544425	-0.8300000000000001	-9.31	1.67	0.67	-8.35	-3.42	-0.16	-10.28	1.62	3.4	-12.6	-11.09
11:30:20.554547	-0.84	-9.32	1.67	0.74	-8.46	-3.35	-0.52	-9.76	1.79	2.59	-12.290000000000001	-12.21
11:30:20.564618	-0.89	-9.3	1.7	0.6900000000000001	-8.73	-3.7	-0.73	-9.39	1.62	2.2800000000000002	-11.6	-12.72
11:30:20.574779	-0.9500000000000001	-9.34	1.73	0.71	-8.96	-3.88	-1.23	-8.86	1.2	2.0100000000000002	-10.77	-13.15
11:30:20.585562	-1.12	-9.52	1.8	0.72	-9.22	-3.86	-1.34	-8.76	1.05	1.87	-10.290000000000001	-13.51
11:30:20.595650	-1.28	-9.66	1.77	0.72	-9.66	-4.37	-1.49	-8.41	1.12	1.75	-9.790000000000001	-14.5
11:30:20.605722	-1.42	-9.86	1.79	0.76	-9.76	-4.69	-1.45	-8.040000000000001	1.01	1.59	-9.450000000000001	-14.88
11:30:20.615792	-1.6	-10.02	1.75	0.98	-9.81	-4.74	-1.34	-7.95	0.8	1.62	-9.1	-15.040000000000001
11:30:20.625901	-1.74	-10.620000000000001	1.72	1.11	-9.84	-4.72	-1.0	-8.03	0.79	0.98	-9.18	-14.9
11:30:20.636030	-1.71	-10.9	1.75	1.29	-9.84	-4.57	-0.6900000000000001	-8.07	0.84	0.44	-9.03	-14.36
11:30:20.646100	-2.0	-10.99	1.71	1.25	-9.98	-4.96	-0.19	-8.040000000000001	1.07	0.17	-9.02	-13.85
11:30:20.656175	-2.17	-10.96	1.73	1.02	-10.09	-5.2700000000000005	0.1	-7.84	0.98	0.29	-9.01	-13.25
11:30:20.666246	-2.43	-10.58	1.77	0.52	-9.85	-5.22	0.39	-7.76	1.03	4.12	-10.48	-15.08
11:30:20.676320	-2.5100000000000002	-10.35	1.75	0.49	-9.53	-4.68	0.88	-8.11	1.31	2.7	-7.78	-12.5
11:30:20.686394	-2.5100000000000002	-10.27	1.83	0.43	-8.99	-3.7600000000000002	0.79	-7.98	1.83	1.75	-6.69	-11.700000000000001
11:30:20.696464	-2.49	-10.07	1.8900000000000001	0.49	-8.33	-3.2	0.65	-7.91	2.39	3.33	-6.13	-11.61
11:30:20.706531	-0.9400000000000001	-10.39	2.08	0.08	-7.29	-1.9000000000000001	0.17	-7.86	2.82	8.0	-21.490000000000002	6.67
11:30:20.716690	-0.59	-11.68	1.61	-0.39	-8.06	-1.6	-0.84	-14.14	-6.47	10.370000000000001	-28.11	17.31
11:30:20.726979	-0.68	-12.8	0.74	-0.19	-11.59	-1.72	-3.08	-19.75	-13.63	13.82	-14.99	2.7600000000000002
11:30:20.737098	0.25	-14.34	-0.8200000000000001	0.8200000000000001	-15.46	-2.21	-3.83	-20.69	-6.0	10.99	-5.43	-8.59
11:30:20.747216	0.41000000000000003	-14.4	-1.3800000000000001	2.71	-15.55	-3.2800000000000002	0.61	-12.22	2.74	-7.8	-8.72	-7.73
11:30:20.757671	0.46	-13.72	-1.53	2.4	-13.69	-3.25	-2.19	-10.58	5.98	-4.8500000000000005	-9.42	-0.46
11:30:20.768056	0.44	-12.68	-1.33	0.25	-11.92	-2.42	-4.3100000000000005	-8.36	4.14	2.8000000000000003	-10.61	0.91
11:30:20.778130	-0.07	-10.58	-0.33	-1.6	-11.27	-4.57	-4.58	-7.97	1.31	2.32	-6.54	-3.17
11:30:20.788815	-0.29	-9.82	0.48	-4.6000000000000005	-6.78	-3.29	-1.49	-7.73	3.66	-0.01	-7.140000000000001	-0.29
11:30:20.798906	-0.52	-9.36	1.21	-5.4	-5.71	-1.06	0.18	-9.81	2.49	-0.46	-8.46	-0.5700000000000001
11:30:20.809024	-0.66	-9.21	1.79	-5.34	-6.11	0.27	2.64	-11.26	2.24	-0.46	-8.46	-0.5700000000000001
11:30:20.819640	-0.56	-9.28	2.02	-4.25	-7.36	0.48	1.41	-11.1	2.37	0.64	-7.5200000000000005	-2.31
11:30:20.829753	-0.1	-9.3	1.75	0.89	-10.1	1.1500000000000001	0.85	-9.97	2.9	1.21	-10.700000000000001	-1.19
11:30:20.839908	0.44	-9.27	1.35	2.17	-9.52	1.5	-0.38	-8.67	2.18	0.71	-11.06	-0.52
11:30:20.849996	0.44	-9.27	1.35	3.0	-9.23	1.69	-1.8900000000000001	-8.98	0.68	1.55	-9.81	-3.02
11:30:20.860109	1.04	-9.26	0.93	3.0500000000000003	-9.61	0.53	-0.89	-9.03	1.3900000000000001	2.68	-8.63	-3.11
11:30:20.870716	1.84	-9.15	0.02	2.42	-9.84	0.03	0.07	-9.84	1.19	2.68	-8.63	-3.11
11:30:20.880790	1.82	-9.01	-0.44	1.77	-10.09	-0.24	1.69	-10.76	0.68	1.85	-7.91	-0.01
11:30:20.890975	1.7	-8.97	-0.85	0.96	-9.9	-0.07	2.11	-10.07	0.79	2.08	-8.85	-4.23
11:30:20.901721	1.47	-9.03	-1.31	-0.19	-9.28	-0.17	2.15	-9.1	0.61	1.71	-10.55	-3.89
11:30:20.911795	1.27	-9.1	-2.0	-0.56	-9.25	-0.66	1.56	-9.31	0.55	1.76	-10.55	-2.24
11:30:20.921869	1.07	-9.18	-2.21	-0.89	-9.38	-1.1400000000000001	1.27	-10.47	0.87	1.76	-10.55	-2.24
11:30:20.931946	0.85	-9.36	-2.33	-0.9500000000000001	-8.85	-1.04	1.03	-10.48	1.6500000000000001	1.69	-8.51	-3.38
11:30:20.942094	0.22	-9.65	-2.13	-1.06	-9.3	-1.51	0.59	-10.200000000000001	2.09	1.1300000000000001	-9.120000000000001	-2.87
11:30:20.952166	-0.07	-9.72	-1.85	-1.07	-9.06	-1.16	-0.36	-9.72	1.82	1.25	-9.63	-1.28
11:30:20.962297	-0.34	-9.68	-1.51	-0.9500000000000001	-9.41	-0.78	-0.67	-9.94	1.45	1.25	-9.63	-1.28
11:30:20.972417	-0.48	-9.65	-1.21	-0.73	-9.540000000000001	-0.18	-0.65	-10.06	1.56	1.42	-9.72	-3.7600000000000002
11:30:20.982543	-0.51	-9.47	-0.52	0.05	-10.120000000000001	-0.06	0.37	-9.74	1.1300000000000001	1.42	-9.72	-3.7600000000000002
11:30:20.992818	-0.49	-9.24	-0.29	0.4	-9.700000000000001	0.12	0.6	-9.9	0.74	2.21	-9.16	-0.96
11:30:21.002903	-0.4	-9.13	-0.05	0.93	-9.57	-0.15	0.86	-9.71	0.43	1.97	-8.38	-3.2800000000000002
11:30:21.012978	-0.4	-9.03	0.09	0.8	-9.0	-0.02	1.12	-9.43	0.58	1.97	-8.38	-3.2800000000000002
11:30:21.023445	-0.37	-8.71	0.26	0.87	-9.03	-0.04	1.22	-9.44	0.55	1.97	-8.38	-3.2800000000000002
11:30:21.033953	-0.38	-8.67	0.24	1.22	-9.28	-0.18	1.02	-9.96	0.18	1.86	-9.39	-1.28
11:30:21.044558	-0.39	-8.71	0.17	1.44	-9.48	-0.33	0.89	-10.16	0.11	1.99	-9.05	-3.9
11:30:21.054670	-0.48	-8.99	-0.34	1.31	-9.36	-0.02	0.91	-9.83	0.66	1.99	-9.05	-3.9
11:30:21.065340	-0.46	-9.0	-0.46	1.1500000000000001	-9.31	0.04	0.25	-9.44	1.1	1.43	-8.99	-3.84
11:30:21.075594	-0.4	-8.99	-0.52	1.07	-9.53	-0.09	-0.19	-9.88	0.96	1.33	-8.93	-3.41
11:30:21.085669	-0.48	-9.040000000000001	-0.5700000000000001	1.08	-9.69	-0.33	-0.09	-10.040000000000001	0.68	1.33	-8.93	-3.41
11:30:21.095933	-0.48	-9.040000000000001	-0.5700000000000001	0.6900000000000001	-9.44	-0.55	0.8300000000000001	-9.51	1.0	1.68	-8.98	-3.2600000000000002
11:30:21.106005	-0.52	-8.94	-0.27	0.45	-9.4	-0.58	0.51	-9.84	1.46	2.24	-9.65	-0.79
11:30:21.116075	-0.59	-8.9	-0.09	0.1	-9.5	-0.5700000000000001	0.17	-10.21	0.86	2.15	-9.02	-3.94
11:30:21.126148	-0.67	-8.93	0.14	-0.26	-9.48	-0.58	0.84	-9.700000000000001	0.35000000000000003	2.19	-9.19	-4.09
11:30:21.136218	-0.68	-9.0	0.2	-0.97	-9.25	-0.07	0.28	-9.9	1.22	2.3000000000000003	-8.93	-3.36
11:30:21.146331	-0.68	-9.03	0.16	-0.9	-9.23	0.0	0.0	-9.78	1.6600000000000001	2.3000000000000003	-8.93	-3.36
11:30:21.156394	-0.63	-9.13	0.11	-0.91	-9.32	-0.02	-0.03	-9.59	1.05	2.3000000000000003	-8.93	-3.36
11:30:21.166467	-0.5	-9.33	-0.11	-1.1300000000000001	-9.31	0.22	-0.05	-9.72	0.61	1.31	-9.16	-3.56
11:30:21.176537	-0.41000000000000003	-9.34	-0.27	-1.01	-9.450000000000001	0.42	0.08	-9.52	1.26	1.4000000000000001	-9.36	-2.89
11:30:21.186638	-0.43	-9.38	-0.37	-0.75	-9.32	0.55	0.49	-9.46	0.85	1.51	-9.78	-4.54
11:30:21.196770	-0.42	-9.38	-0.56	-1.32	-9.46	0.5	0.61	-9.67	-0.03	1.6	-9.56	-4.0200000000000005
11:30:21.206836	-0.43	-9.38	-0.63	-1.16	-9.540000000000001	0.38	0.7000000000000001	-9.26	0.56	1.67	-9.47	-5.2700000000000005
11:30:21.216946	-0.35000000000000003	-9.38	-0.63	-0.97	-9.42	0.56	0.78	-9.11	1.19	2.1	-9.11	-2.17
11:30:21.227023	-0.31	-9.48	-0.6	-0.78	-9.53	0.62	0.41000000000000003	-9.72	0.49	2.1	-9.11	-2.17
11:30:21.237139	-0.23	-9.6	-0.53	-0.55	-9.790000000000001	1.07	0.8200000000000001	-9.58	1.08	2.1	-9.11	-2.17
11:30:21.247768	-0.21	-9.950000000000001	-0.39	-0.3	-9.98	1.36	0.92	-9.620000000000001	1.72	1.46	-10.17	-4.39
11:30:21.257869	-0.28	-10.09	-0.34	-0.53	-10.21	1.27	0.78	-10.01	1.95	1.51	-9.950000000000001	-5.25
11:30:21.268048	-0.34	-10.36	-0.28	-0.8300000000000001	-10.36	1.03	0.33	-10.49	1.8	1.93	-9.92	-1.93
11:30:21.278182	-0.59	-10.59	-0.25	-0.79	-10.370000000000001	0.97	0.8200000000000001	-10.33	1.54	1.45	-10.68	-4.73
11:30:21.288745	-0.91	-10.75	-0.08	-0.96	-10.52	0.91	0.67	-10.43	2.27	2.81	-10.85	-4.76
11:30:21.298851	-1.18	-10.88	0.11	-0.85	-10.76	0.46	0.71	-10.85	2.05	3.35	-10.57	-5.47
11:30:21.308964	-1.49	-10.97	0.26	-0.8300000000000001	-10.700000000000001	0.7000000000000001	0.16	-10.8	1.62	3.14	-10.69	-6.16
11:30:21.319065	-1.93	-11.01	0.43	-0.74	-10.68	0.64	-0.26	-10.52	2.39	3.5100000000000002	-10.47	-4.99
11:30:21.329218	-2.23	-11.07	0.48	-0.05	-10.77	0.9400000000000001	-0.77	-11.33	1.45	4.0	-10.5	-5.12
11:30:21.339605	-2.37	-11.03	0.5700000000000001	-0.05	-10.77	0.9400000000000001	-0.77	-11.33	1.45	3.24	-11.3	-6.15
11:30:21.350271	-2.42	-11.040000000000001	0.5	0.09	-10.84	0.8200000000000001	0.15	-10.370000000000001	1.3800000000000001	2.77	-10.65	-6.37
11:30:21.360405	-2.35	-10.84	0.41000000000000003	0.01	-10.84	0.02	0.11	-10.41	1.69	2.84	-11.26	-5.04
11:30:21.370525	-2.3000000000000003	-10.71	0.19	0.0	-10.6	-0.02	-0.27	-10.8	0.71	1.8800000000000001	-11.26	-5.0200000000000005
11:30:21.381113	-2.17	-10.58	0.13	0.04	-10.540000000000001	0.02	0.14	-10.26	0.19	1.6400000000000001	-11.88	-5.0
11:30:21.391858	-1.98	-10.38	0.02	0.0	-10.49	-0.09	0.14	-10.23	0.28	2.0	-11.66	-5.53
11:30:21.401978	-1.24	-10.040000000000001	0.02	-0.04	-10.56	-0.45	0.89	-10.92	-1.01	3.99	-12.02	-3.37
11:30:21.412049	-0.43	-9.99	0.28	0.33	-11.57	-0.18	0.73	-11.63	-1.3900000000000001	2.06	-14.15	-5.08
11:30:21.422122	0.36	-10.53	0.87	0.9400000000000001	-12.700000000000001	0.07	0.73	-11.63	-1.3900000000000001	-0.07	-15.34	-4.25
11:30:21.432190	0.75	-11.32	1.43	1.12	-12.73	0.47000000000000003	0.47000000000000003	-12.01	-0.91	-0.13	-14.42	-5.82
11:30:21.442259	-0.56	-12.540000000000001	2.2	0.49	-12.290000000000001	-0.16	0.47000000000000003	-12.01	-0.91	1.76	-15.8	-1.23
11:30:21.452386	-1.46	-12.67	2.24	0.13	-12.21	-0.43	-0.29	-12.43	-0.88	0.65	-16.35	-2.6
11:30:21.462457	-2.08	-12.51	1.92	-0.44	-12.02	-0.46	-0.29	-12.43	-0.88	0.8200000000000001	-17.18	-2.69
11:30:21.472885	-2.04	-12.040000000000001	1.44	-1.06	-11.75	-0.72	-1.74	-12.5	-0.89	0.99	-17.63	-3.16
11:30:21.483041	0.43	-10.51	0.15	-1.93	-10.59	-1.8800000000000001	-1.74	-12.5	-0.89	1.26	-17.7	1.05
11:30:21.493111	1.77	-9.68	-0.55	-2.0	-9.81	-1.9000000000000001	-2.56	-13.05	-2.2600000000000002	2.07	-17.07	1.1400000000000001
11:30:21.503251	2.73	-8.99	-1.08	-1.77	-9.25	-2.36	-0.78	-13.34	-5.92	4.0	-17.45	1.82
11:30:21.513583	3.12	-8.21	-1.71	-2.4	-9.01	-2.33	-0.78	-13.34	-5.92	6.62	-16.35	0.64
11:30:21.523652	2.84	-8.040000000000001	-1.86	-2.85	-9.1	-1.9100000000000001	1.95	-12.540000000000001	-2.84	8.98	-10.97	-4.11
11:30:21.533770	2.54	-8.15	-1.78	-3.24	-8.99	-0.93	1.95	-12.540000000000001	-2.84	8.49	-8.73	-4.32
11:30:21.543839	2.31	-8.32	-1.59	-2.65	-9.42	-1.02	2.87	-12.17	-0.71	9.34	-3.59	-10.52
11:30:21.553922	1.52	-8.97	-0.29	-2.36	-9.67	-0.6	2.87	-12.17	-0.71	1.25	1.07	2.88
11:30:21.563994	1.1400000000000001	-9.27	0.3	-1.79	-11.13	0.35000000000000003	2.87	-12.17	-0.71	-12.46	1.29	16.3
11:30:21.574076	0.71	-9.56	0.84	-1.62	-12.22	0.73	2.87	-12.17	-0.71	-23.75	-0.93	18.830000000000002
11:30:21.584165	0.71	-9.56	0.84	-1.08	-13.280000000000001	1.01	1.1400000000000001	-9.52	8.06	-10.88	-5.08	11.24
11:30:21.594260	-0.14	-10.23	1.79	-1.1500000000000001	-13.790000000000001	1.05	-0.54	-11.01	3.23	9.5	-13.05	1.76
11:30:21.604438	-0.59	-10.57	2.37	-2.25	-12.81	0.9500000000000001	-1.2	-10.78	3.2800000000000002	4.11	-9.18	2.54
11:30:21.614605	-0.68	-10.52	2.42	-2.52	-11.78	0.8	0.33	-7.61	5.24	-1.43	-4.9	8.26
11:30:21.624718	-0.78	-10.19	2.21	-2.21	-11.02	0.81	1.31	-6.96	5.0200000000000005	-2.24	-1.6600000000000001	6.99
11:30:21.634835	-0.8200000000000001	-10.040000000000001	1.98	-1.83	-10.72	0.71	1.79	-7.22	5.04	4.53	-4.47	5.76
11:30:21.644965	-0.68	-9.76	1.7	-1.22	-9.58	0.4	1.22	-7.51	4.86	4.17	-5.57	4.36
11:30:21.655039	-0.36	-9.43	1.2	-0.9500000000000001	-9.48	0.23	0.38	-6.55	4.91	1.57	-6.94	4.41
11:30:21.665219	-0.22	-9.28	0.96	-0.79	-9.41	0.33	-0.22	-5.96	5.19	0.78	-9.69	2.66
11:30:21.675300	-0.14	-9.14	0.8	-0.79	-9.41	0.15	-0.92	-6.03	5.19	0.98	-5.79	4.16
11:30:21.685377	-0.08	-9.040000000000001	0.66	-0.75	-8.77	-0.21	-1.41	-6.84	5.37	0.6	-6.59	3.24
11:30:21.695501	-0.05	-8.9	0.45	-0.93	-8.43	-0.67	-1.06	-6.12	5.41	0.81	-8.89	1.53
11:30:21.705626	-0.04	-8.9	0.42	-1.24	-8.14	-0.78	-0.9500000000000001	-6.32	5.2700000000000005	1.07	-9.18	0.02
11:30:21.715692	-0.12	-8.89	0.44	-1.59	-7.61	-1.27	-1.01	-6.78	5.42	0.36	-9.65	-0.76
11:30:21.725811	-0.28	-8.94	0.49	-1.95	-7.390000000000001	-1.17	-1.19	-7.08	5.94	0.5700000000000001	-10.51	-1.77
11:30:21.735882	-0.3	-8.88	0.74	-2.05	-7.37	-1.26	-1.34	-7.390000000000001	6.18	0.73	-11.33	-2.5300000000000002
11:30:21.745956	-0.32	-8.88	0.8	-2.32	-7.23	-1.24	-1.3	-7.69	6.3100000000000005	1.3	-12.22	-3.5500000000000003
11:30:21.756062	-0.33	-8.88	0.8300000000000001	-2.48	-7.17	-0.5	-0.45	-8.39	5.71	2.02	-12.27	-4.36
11:30:21.766148	-0.31	-8.85	0.89	-2.29	-7.5	-0.47000000000000003	-0.15	-8.8	5.54	3.0	-12.5	-5.22
11:30:21.776216	-0.33	-8.85	0.85	-2.45	-7.5200000000000005	-0.33	0.35000000000000003	-8.84	5.38	3.67	-12.77	-6.21
11:30:21.786285	-0.3	-8.84	0.75	-1.8900000000000001	-7.6000000000000005	-0.61	0.34	-8.92	5.26	4.59	-12.69	-7.2
11:30:21.796413	-0.34	-8.8	0.62	-1.09	-7.74	-1.29	0.1	-9.03	4.73	4.74	-12.6	-7.62
11:30:21.806491	-0.34	-8.74	0.43	-0.64	-7.67	-1.59	-0.07	-9.040000000000001	4.88	4.55	-12.5	-7.49
11:30:21.816563	-0.28	-8.63	0.22	-0.27	-7.57	-1.95	-0.15	-8.950000000000001	4.94	3.83	-12.84	-7.5200000000000005
11:30:21.826936	-0.24	-8.63	0.16	0.23	-7.54	-2.49	-0.14	-9.42	4.7	3.77	-12.76	-7.67
11:30:21.837047	-0.25	-8.63	0.13	0.89	-7.59	-3.44	-0.22	-9.5	4.74	3.63	-12.71	-8.07
11:30:21.847173	-0.29	-8.75	0.15	1.11	-7.59	-3.85	-0.3	-9.540000000000001	4.43	3.68	-12.46	-8.1
11:30:21.857777	-0.56	-8.98	0.33	1.26	-7.57	-4.28	-0.35000000000000003	-9.53	4.13	4.0200000000000005	-12.35	-7.97
11:30:21.867848	-0.75	-9.11	0.46	1.29	-7.3	-4.37	-0.1	-9.67	3.77	3.92	-12.44	-8.09
11:30:21.877962	-0.9	-9.25	0.62	1.5	-7.41	-4.15	0.06	-9.69	3.43	3.8000000000000003	-12.83	-8.48
11:30:21.888028	-1.02	-9.47	0.9400000000000001	1.59	-7.58	-3.84	0.04	-9.64	3.0100000000000002	2.98	-13.93	-10.450000000000001
11:30:21.898696	-1.07	-9.57	1.09	1.58	-7.75	-3.39	-0.59	-10.14	2.1	2.98	-13.93	-10.450000000000001
11:30:21.908773	-1.12	-9.67	1.28	1.57	-7.97	-3.0	-0.92	-10.05	1.8900000000000001	2.82	-12.83	-11.950000000000001
11:30:21.918942	-1.1300000000000001	-9.72	1.41	1.5	-8.57	-2.66	-1.19	-9.99	1.67	3.65	-10.81	-12.5
11:30:21.929566	-0.98	-9.77	1.62	1.3800000000000001	-8.870000000000001	-2.77	-1.24	-9.1	1.19	3.91	-10.14	-12.98
11:30:21.939657	-0.92	-9.78	1.6300000000000001	1.1500000000000001	-9.21	-2.81	-1.0	-8.68	1.1300000000000001	3.91	-9.78	-13.22
11:30:21.949778	-0.8	-9.8	1.67	0.84	-9.88	-3.37	-0.71	-8.69	1.05	3.38	-9.1	-13.65
11:30:21.959895	-0.74	-9.85	1.59	0.71	-9.94	-3.69	0.06	-8.27	1.2	1.55	-8.67	-13.44
11:30:21.969979	-0.6	-10.01	1.36	0.67	-9.870000000000001	-4.03	0.33	-8.290000000000001	1.1400000000000001	1.48	-8.99	-13.540000000000001
11:30:21.980111	-0.71	-10.24	1.28	0.73	-9.83	-4.3	0.5	-8.39	0.97	1.53	-8.99	-13.69
11:30:21.990698	-0.65	-10.26	1.17	0.9500000000000001	-9.77	-4.8500000000000005	0.39	-8.47	1.04	1.02	-8.84	-13.5
11:30:22.000892	-0.81	-10.42	1.01	1.06	-9.64	-5.0200000000000005	-0.28	-8.43	1.6400000000000001	1.47	-8.9	-12.94
11:30:22.010970	-0.97	-10.700000000000001	0.84	0.9500000000000001	-9.5	-4.76	-0.5700000000000001	-8.5	1.81	1.43	-9.14	-12.59
11:30:22.021476	-1.04	-10.8	0.77	0.37	-9.31	-3.75	-0.81	-8.68	1.95	1.19	-8.97	-11.99
11:30:22.031571	-1.22	-10.870000000000001	0.7000000000000001	0.14	-9.25	-3.2800000000000002	-0.96	-8.6	2.35	1.71	-10.8	-10.84
11:30:22.041666	-1.37	-10.83	0.65	-0.02	-9.25	-2.93	-0.86	-8.59	2.46	2.94	-9.07	-12.040000000000001
11:30:22.051805	-1.48	-10.66	0.68	-0.06	-9.370000000000001	-2.9	-0.59	-8.77	2.44	2.18	-8.21	-11.48
11:30:22.061886	-1.47	-10.55	0.66	-0.11	-9.21	-2.84	-0.59	-8.77	2.44	2.13	-6.99	-11.38
11:30:22.072502	-1.46	-10.44	0.67	-0.21	-8.85	-2.56	-0.4	-8.53	3.12	3.31	-10.47	-2.06
11:30:22.082596	-1.35	-10.26	0.62	-0.19	-8.69	-2.64	-0.76	-9.76	1.76	2.66	-19.84	9.71
11:30:22.092701	-0.65	-10.35	0.63	-0.64	-9.08	-2.38	-0.87	-13.14	-3.6	6.0	-25.62	19.19
11:30:22.102800	0.37	-11.21	0.34	-1.45	-14.17	-1.26	-2.41	-18.81	-9.32	11.66	-17.91	2.41
11:30:22.112974	0.77	-12.61	-0.42	-1.55	-15.3	-1.03	-1.0	-16.76	-2.81	5.3500000000000005	-6.45	-9.41
11:30:22.123515	0.92	-13.77	-1.8	-1.0	-15.39	-1.9100000000000001	0.5	-12.99	-0.34	-3.34	-7.47	-8.700000000000001
11:30:22.133581	1.1500000000000001	-13.67	-2.24	0.3	-14.55	-4.0600000000000005	-0.38	-10.6	2.6	-6.08	-8.86	-0.86
11:30:22.143676	1.41	-12.81	-2.45	-0.04	-10.5	-2.45	-2.41	-8.38	2.5100000000000002	0.2	-10.97	1.6500000000000001
11:30:22.153744	1.45	-11.72	-2.1	-0.79	-9.38	-2.41	-1.86	-7.92	1.77	3.38	-6.71	-3.67
11:30:22.163828	0.31	-10.040000000000001	-1.0	-1.52	-8.26	-3.65	-0.76	-7.54	3.5700000000000003	0.14	-5.93	-1.9100000000000001
11:30:22.173952	-0.32	-9.58	-0.45	-2.33	-6.44	-3.22	2.0	-9.870000000000001	1.94	-1.07	-8.48	0.7000000000000001
11:30:22.184096	-0.6	-9.26	0.18	-3.49	-6.38	1.12	3.0	-11.3	1.2	0.63	-9.53	0.71
11:30:22.194445	-0.61	-9.14	0.86	-2.69	-7.930000000000001	1.42	3.24	-11.370000000000001	1.45	2.24	-7.65	-2.58
11:30:22.204514	-0.26	-9.19	1.83	-1.22	-9.21	1.08	2.19	-11.17	1.82	0.89	-8.370000000000001	-5.01
11:30:22.214630	-0.15	-9.28	1.9000000000000001	0.29	-9.76	1.44	0.12	-9.69	1.45	0.65	-11.61	-0.26
11:30:22.224713	0.06	-9.53	1.75	2.31	-10.0	1.6400000000000001	-1.31	-9.040000000000001	0.0	0.9500000000000001	-9.73	-3.27
11:30:22.234779	0.78	-9.72	1.1500000000000001	3.22	-10.31	0.8200000000000001	-1.6600000000000001	-9.11	0.24	0.9	-8.91	-3.27
11:30:22.244847	1.11	-9.52	0.8200000000000001	3.97	-10.28	0.03	-0.27	-9.28	1.1400000000000001	1.52	-8.23	-3.0100000000000002
11:30:22.254926	1.47	-9.17	0.49	3.91	-10.02	-0.05	0.28	-10.23	0.73	1.97	-8.69	0.88
11:30:22.265020	1.79	-8.88	0.23	1.84	-9.75	-0.29	0.72	-10.55	0.12	1.41	-9.07	-3.63
11:30:22.275093	1.92	-8.71	-0.48	0.58	-9.44	-0.22	1.23	-10.16	-0.1	2.12	-9.33	-3.17
11:30:22.285191	1.62	-9.03	-1.28	-0.08	-9.3	-0.11	1.12	-9.69	0.17	1.73	-10.27	-3.18
11:30:22.295265	1.62	-9.03	-1.28	-0.46	-9.24	-0.1	1.12	-9.69	0.17	2.06	-10.46	-1.16
11:30:22.305959	1.41	-9.23	-1.6600000000000001	-0.56	-9.47	-0.59	1.35	-10.09	-0.2	1.18	-8.66	-3.08
11:30:22.316257	0.97	-9.44	-1.95	-0.75	-9.03	-0.67	1.35	-9.57	1.44	0.96	-8.57	-3.2
11:30:22.326355	0.63	-9.55	-1.76	-0.87	-9.35	-1.35	0.8200000000000001	-9.51	1.36	1.17	-9.13	-2.62
11:30:22.336422	0.45	-9.620000000000001	-1.58	-0.67	-9.01	-1.21	0.26	-9.77	0.96	1.34	-10.34	-3.43
11:30:22.346499	0.1	-9.61	-1.16	-0.67	-9.6	-1.06	0.09	-10.01	0.45	1.02	-9.790000000000001	-3.74
11:30:22.356571	-0.01	-9.51	-1.0	-0.74	-9.67	-0.58	0.48	-10.120000000000001	1.2	1.28	-9.14	-4.05
11:30:22.366716	-0.1	-9.32	-0.77	-0.62	-9.78	-0.26	0.6	-9.85	1.11	1.71	-9.46	-1.48
11:30:22.376802	-0.05	-9.18	-0.5700000000000001	-0.14	-9.55	0.02	0.54	-9.57	0.58	1.94	-8.92	-3.5700000000000003
11:30:22.386870	0.17	-8.91	-0.35000000000000003	0.07	-9.51	0.16	0.65	-9.36	0.76	1.84	-8.86	-2.67
11:30:22.396938	0.27	-8.84	-0.32	0.25	-9.43	0.44	0.88	-9.58	0.78	2.0300000000000002	-8.55	-3.49
11:30:22.407012	0.36	-8.81	-0.36	0.48	-9.41	0.49	0.79	-9.63	0.76	2.22	-9.25	-1.48
11:30:22.417146	0.52	-8.81	-0.45	0.9500000000000001	-9.53	0.34	0.75	-9.81	0.46	1.78	-8.91	-3.27
11:30:22.427456	0.34	-9.02	-0.6900000000000001	1.06	-9.55	0.26	0.76	-9.68	0.55	1.73	-9.13	-3.64
11:30:22.437525	0.25	-9.120000000000001	-0.9	0.99	-9.52	0.25	0.85	-9.48	0.7000000000000001	1.53	-9.14	-3.61
11:30:22.447645	0.11	-9.13	-1.04	0.93	-9.32	0.22	0.64	-9.32	0.8200000000000001	1.61	-9.9	-0.77
11:30:22.457775	0.13	-9.21	-1.16	0.92	-9.66	0.25	0.68	-9.83	0.16	1.55	-8.94	-4.23
11:30:22.467920	0.11	-9.26	-1.11	0.71	-9.790000000000001	0.14	1.3	-9.63	0.79	1.35	-8.86	-3.5700000000000003
11:30:22.478038	0.23	-9.24	-1.06	0.63	-9.68	0.1	1.51	-9.44	1.1500000000000001	1.3800000000000001	-8.82	-3.41
11:30:22.488462	0.36	-9.27	-0.92	0.45	-9.56	0.32	1.26	-9.46	1.42	1.9000000000000001	-9.17	-4.19
11:30:22.498597	0.31	-9.26	-0.52	0.42	-9.72	0.26	0.93	-10.06	0.34	1.9000000000000001	-9.17	-4.19
11:30:22.508866	0.25	-9.38	-0.29	0.07	-9.61	0.31	1.32	-9.72	0.3	2.2800000000000002	-9.01	-3.04
11:30:22.518961	0.18	-9.49	-0.02	-0.14	-9.51	0.44	1.42	-9.540000000000001	0.7000000000000001	2.2800000000000002	-9.01	-3.04
11:30:22.529510	0.07	-9.58	0.17	-0.43	-9.6	0.36	0.33	-9.950000000000001	1.3900000000000001	1.46	-9.200000000000001	-4.38
11:30:22.539609	-0.02	-9.76	0.3	-0.7000000000000001	-10.05	0.11	-0.08	-9.870000000000001	0.92	2.06	-9.11	-5.46
11:30:22.549761	0.01	-9.77	0.31	-1.03	-10.0	0.25	-0.31	-9.53	1.25	2.1	-8.69	-2.75
11:30:22.559879	0.08	-9.700000000000001	0.3	-1.41	-9.75	0.15	-0.34	-9.44	2.09	1.57	-10.07	-4.29
11:30:22.570029	0.22	-9.6	0.25	-1.31	-9.97	0.03	0.65	-10.19	0.9400000000000001	1.5	-9.32	-4.5200000000000005
11:30:22.580185	0.31	-9.32	0.07	-1.31	-9.61	0.38	0.56	-9.71	1.6	1.82	-8.94	-5.39
11:30:22.590814	0.31	-9.14	-0.03	-1.3800000000000001	-9.24	0.62	-0.41000000000000003	-9.66	2.18	2.5300000000000002	-9.67	-2.2600000000000002
11:30:22.600885	0.25	-9.05	-0.13	-1.3800000000000001	-9.24	0.62	-0.41000000000000003	-9.66	2.18	2.1	-9.93	-4.61
11:30:22.611009	0.22	-9.040000000000001	-0.16	-0.55	-9.86	0.89	0.39	-10.17	1.35	1.67	-9.8	-4.75
11:30:22.621332	0.11	-9.46	-0.23	-0.51	-9.98	1.28	0.5	-9.73	1.96	1.6400000000000001	-9.63	-5.46
11:30:22.631658	0.05	-9.66	-0.2	-0.53	-9.99	1.42	-0.11	-10.3	1.6500000000000001	2.44	-10.25	-2.89
11:30:22.641800	0.02	-9.83	-0.09	-0.38	-10.120000000000001	1.28	-0.15	-10.55	1.5	2.06	-10.28	-4.98
11:30:22.652095	-0.14	-10.08	0.08	-0.55	-10.4	0.87	0.49	-10.13	1.48	1.94	-10.55	-5.0600000000000005
11:30:22.662205	-0.26	-10.19	0.17	-0.36	-10.63	0.8	0.07	-10.5	2.3000000000000003	2.41	-10.290000000000001	-5.3
11:30:22.672880	-0.36	-10.27	0.21	-0.49	-10.68	0.61	-0.32	-11.0	1.33	3.12	-11.24	-4.91
11:30:22.682995	-0.49	-10.31	0.29	-0.44	-10.700000000000001	-0.01	-0.42	-11.01	1.5	1.6400000000000001	-9.59	-4.7
11:30:22.693562	-0.74	-10.36	0.44	-0.49	-10.73	-0.03	0.13	-10.5	1.31	2.09	-10.040000000000001	-4.66
11:30:22.703651	-0.86	-10.35	0.53	-0.59	-10.620000000000001	-0.18	-0.4	-10.64	1.49	3.4	-10.26	-5.28
11:30:22.713997	-1.03	-10.370000000000001	0.67	-0.61	-10.49	-0.37	-0.78	-10.91	1.01	3.06	-9.99	-4.49
11:30:22.724342	-1.18	-10.32	0.78	-0.21	-10.36	-0.05	-0.6	-10.73	1.06	3.39	-10.56	-5.7
11:30:22.734618	-1.46	-10.33	0.91	0.05	-10.43	0.1	-0.07	-10.17	1.55	3.91	-10.01	-5.87
11:30:22.744690	-1.57	-10.32	0.97	0.24	-10.53	0.12	-0.23	-10.43	1.27	3.24	-9.98	-2.58
11:30:22.754766	-1.67	-10.31	1.01	0.38	-10.56	0.03	-0.51	-10.85	0.68	2.62	-10.24	-5.05
11:30:22.764833	-1.74	-10.22	1.01	0.39	-10.43	0.09	-0.17	-10.36	0.89	2.47	-10.950000000000001	-5.7700000000000005
11:30:22.774920	-1.71	-10.06	0.9	0.34	-10.42	0.24	-0.09	-9.92	0.98	2.23	-10.38	-5.92
11:30:22.784991	-1.6500000000000001	-9.96	0.76	0.25	-10.32	0.02	0.0	-10.040000000000001	0.39	2.09	-10.58	-2.82
11:30:22.795063	-1.46	-9.92	0.65	-0.04	-10.21	0.01	-0.35000000000000003	-10.370000000000001	-0.08	2.1	-11.040000000000001	-4.7700000000000005
11:30:22.805137	-1.11	-9.82	0.5	-0.06	-10.13	-0.11	0.36	-10.06	-0.6900000000000001	2.7	-12.09	-5.39
11:30:22.815207	0.04	-10.39	0.68	-0.15	-10.41	-0.01	0.49	-10.32	-0.84	3.16	-11.74	-6.7700000000000005
11:30:22.825334	0.63	-11.01	1.04	-0.17	-11.06	-0.11	0.61	-10.88	-1.42	1.52	-13.44	-2.17
11:30:22.835424	0.84	-11.75	1.36	-0.29	-11.83	-0.22	-0.1	-11.97	-1.68	0.49	-13.9	-4.3500000000000005
11:30:22.845527	-0.13	-12.3	1.55	-0.54	-12.22	-0.32	-1.1	-11.8	-1.6400000000000001	1.45	-14.43	-5.65
11:30:22.855596	-0.6	-12.01	1.4000000000000001	-0.66	-12.040000000000001	-0.42	-2.43	-11.64	-0.99	1.6400000000000001	-16.22	-2.77
11:30:22.865669	-0.88	-11.35	0.98	-0.71	-11.75	-0.75	-2.79	-12.27	-1.1500000000000001	0.93	-15.5	-1.01
11:30:22.875796	0.43	-9.6	-0.25	-0.86	-11.42	-1.18	-2.9	-12.9	-1.86	0.85	-15.73	-2.79
11:30:22.885885	0.43	-9.6	-0.25	-1.07	-10.700000000000001	-2.1	-2.41	-12.86	-2.0100000000000002	1.76	-17.18	-2.49
11:30:22.895955	1.25	-9.34	-0.6900000000000001	-1.35	-10.23	-1.76	-2.04	-12.88	-2.2600000000000002	1.03	-19.19	-0.15
11:30:22.906025	1.8900000000000001	-9.17	-1.06	-1.34	-10.01	-1.9000000000000001	-0.9500000000000001	-12.89	-2.86	2.0100000000000002	-19.09	2.67
11:30:22.916097	2.2600000000000002	-9.18	-1.31	-1.72	-9.57	-2.22	0.9	-14.370000000000001	-5.19	3.62	-17.330000000000002	2.29
11:30:22.926225	1.6400000000000001	-9.76	-1.06	-2.4	-9.23	-2.2800000000000002	1.9100000000000001	-13.450000000000001	-3.21	6.84	-14.8	1.98
11:30:22.936305	1.34	-9.790000000000001	-0.8	-2.2800000000000002	-9.63	-2.09	3.29	-13.46	-1.34	9.64	-9.67	-4.68
11:30:22.946374	1.26	-9.64	-0.42	-2.65	-9.47	-0.22	3.15	-10.66	4.0	10.01	-6.03	-7.09
11:30:22.956493	1.25	-9.1	0.51	-2.5500000000000003	-9.9	0.49	2.74	-9.0	6.46	9.35	-1.44	-5.89
11:30:22.966609	0.9400000000000001	-8.93	0.97	-2.68	-10.5	0.96	1.8	-8.01	9.78	6.47	0.58	-6.2
11:30:22.976945	0.5700000000000001	-8.870000000000001	1.45	-2.36	-11.3	0.89	1.36	-8.13	10.85	-8.49	0.92	11.24
11:30:22.987312	0.11	-8.98	1.82	-2.38	-11.98	1.02	0.25	-8.57	8.59	-17.53	1.98	16.490000000000002
11:30:22.997381	-0.67	-9.69	2.17	-2.25	-12.83	0.7000000000000001	0.25	-8.57	8.59	-11.17	-1.49	14.51
11:30:23.007483	-0.86	-10.11	2.2	-1.46	-12.790000000000001	0.9400000000000001	-0.68	-9.450000000000001	4.47	4.1	-14.33	3.54
11:30:23.017549	-0.96	-10.39	2.14	-1.08	-12.19	0.86	-0.52	-8.88	3.69	3.15	-10.38	3.43
11:30:23.027694	-1.0	-10.65	1.77	-0.98	-11.3	0.72	0.5700000000000001	-7.96	4.46	-1.31	-5.33	6.91
11:30:23.037804	-0.96	-10.540000000000001	1.48	-0.17	-9.99	0.07	1.45	-7.3	4.83	-0.88	-1.98	6.73
11:30:23.048468	-0.88	-10.32	1.19	-0.27	-9.65	0.04	2.22	-7.0	4.68	3.3000000000000003	-4.71	6.1000000000000005
11:30:23.058581	-0.6900000000000001	-10.09	0.97	-0.25	-9.49	0.15	1.44	-6.3500000000000005	5.16	0.71	-7.04	4.76
11:30:23.068690	-0.34	-9.53	0.5700000000000001	-0.45	-9.38	0.28	0.89	-6.23	4.63	0.46	-11.33	1.81
11:30:23.078901	-0.26	-9.39	0.38	-0.78	-9.27	-0.21	0.39	-5.89	4.5	1.1	-6.5200000000000005	3.58
11:30:23.089601	-0.28	-9.290000000000001	0.22	-0.84	-9.09	-0.6	-1.33	-6.76	4.79	0.63	-6.65	3.15
11:30:23.099754	-0.29	-9.25	0.14	-0.98	-8.74	-1.05	-1.57	-7.19	5.25	1.23	-8.31	1.86
11:30:23.110454	-0.36	-9.16	0.15	-1.59	-7.9	-1.71	-1.3900000000000001	-6.55	5.4	2.02	-9.42	0.55
11:30:23.120579	-0.34	-9.14	0.23	-1.95	-7.65	-1.6400000000000001	-1.27	-6.74	4.99	1.3	-10.57	-0.13
11:30:23.130768	-0.36	-9.14	0.37	-2.05	-7.5200000000000005	-1.41	-0.88	-7.6000000000000005	5.4	1.42	-11.790000000000001	-1.09
11:30:23.141303	-0.44	-9.13	0.53	-2.59	-7.4	-1.01	-0.88	-7.6000000000000005	5.4	1.76	-12.43	-2.33
11:30:23.151382	-0.55	-9.15	0.79	-2.74	-7.24	-0.49	-0.91	-8.74	5.29	2.14	-13.26	-3.49
11:30:23.161506	-0.56	-9.120000000000001	0.84	-2.77	-7.41	-0.47000000000000003	-0.33	-8.74	4.98	3.06	-13.16	-3.89
11:30:23.171622	-0.56	-9.1	0.88	-2.33	-7.37	-0.55	0.26	-8.89	4.53	3.93	-12.99	-4.37
11:30:23.182280	-0.55	-8.94	0.87	-2.0	-7.42	-0.63	0.6	-9.05	4.4	4.36	-12.870000000000001	-4.69
11:30:23.192388	-0.48	-8.870000000000001	0.85	-1.31	-7.4	-0.73	0.23	-9.63	4.66	4.09	-14.01	-5.8100000000000005
11:30:23.202509	-0.38	-8.82	0.6900000000000001	-0.87	-7.51	-1.08	-0.08	-9.9	4.42	4.12	-14.18	-6.15
11:30:23.212598	-0.28	-8.82	0.5700000000000001	-0.42	-7.6000000000000005	-1.44	-0.31	-10.02	4.29	4.01	-14.46	-6.72
11:30:23.223781	-0.18	-8.870000000000001	0.31	0.0	-7.82	-1.99	-0.6	-9.89	4.34	3.46	-14.88	-7.18
11:30:23.234477	-0.13	-8.94	0.23	0.54	-8.02	-3.2	-0.65	-10.09	4.16	3.0700000000000003	-14.75	-7.78
11:30:23.244548	-0.17	-9.03	0.25	0.72	-8.02	-3.77	-0.9	-10.17	4.07	3.22	-13.93	-7.72
11:30:23.254615	-0.22	-9.1	0.32	0.8	-7.84	-4.01	-0.91	-10.08	3.92	3.13	-13.33	-8.18
11:30:23.264743	-0.49	-9.14	0.7000000000000001	0.67	-7.930000000000001	-3.81	-0.38	-9.68	3.33	2.58	-13.81	-9.19
11:30:23.274881	-0.63	-9.18	0.9400000000000001	0.74	-8.05	-3.33	-0.11	-9.73	3.0	2.95	-13.63	-10.07
11:30:23.284945	-0.68	-9.26	1.1500000000000001	0.9400000000000001	-8.17	-3.31	-0.03	-9.9	2.74	3.29	-13.450000000000001	-10.790000000000001
11:30:23.295034	-0.71	-9.370000000000001	1.42	1.19	-8.31	-3.0100000000000002	-0.3	-10.08	2.33	3.5	-13.290000000000001	-11.58
11:30:23.305103	-0.7000000000000001	-9.5	1.6	1.3	-8.540000000000001	-2.75	-0.46	-10.47	2.04	4.74	-12.55	-13.17
11:30:23.315250	-0.55	-9.53	1.6600000000000001	1.34	-9.3	-3.22	-0.74	-9.89	2.0300000000000002	5.03	-11.88	-13.9
11:30:23.325385	-0.56	-9.52	1.6500000000000001	1.2	-9.46	-3.5100000000000002	-0.84	-9.48	1.72	4.7	-11.09	-14.39
11:30:23.335437	-0.5700000000000001	-9.51	1.59	1.04	-9.57	-3.67	-0.73	-9.47	1.52	4.15	-10.42	-14.73
11:30:23.345511	-0.55	-9.73	1.48	0.92	-9.66	-3.9	-0.73	-8.84	1.54	3.18	-9.89	-15.56
11:30:23.355576	-0.62	-9.9	1.42	0.33	-9.68	-4.09	-0.68	-8.75	1.32	2.66	-9.49	-15.77
11:30:23.365649	-0.77	-10.14	1.3	0.29	-9.69	-4.3100000000000005	-0.84	-8.13	1.36	2.14	-8.870000000000001	-15.94
11:30:23.375803	-1.22	-10.8	1.09	0.2	-9.64	-4.03	-0.89	-7.84	1.71	1.74	-7.97	-15.57
11:30:23.385871	-1.22	-10.8	1.09	0.27	-9.86	-4.03	-0.8200000000000001	-7.58	2.02	1.03	-8.09	-14.540000000000001
11:30:23.395959	-1.23	-10.81	1.03	0.39	-9.9	-4.57	-0.77	-7.83	2.14	0.38	-8.92	-14.33
11:30:23.406033	-1.23	-10.83	1.02	0.49	-9.790000000000001	-5.0200000000000005	-0.61	-8.22	2.25	0.06	-8.98	-13.61
11:30:23.416108	-1.3800000000000001	-10.25	1.06	0.55	-9.75	-5.07	-0.71	-8.19	2.4	-0.17	-8.66	-12.35
11:30:23.426284	-1.47	-9.92	1.06	0.15	-9.42	-4.03	-0.75	-8.11	2.52	1.5	-11.89	-11.52
11:30:23.436374	-1.49	-9.71	1.1400000000000001	0.03	-9.22	-3.66	-0.43	-8.13	2.56	2.37	-10.19	-13.22
11:30:23.446497	-1.57	-9.41	1.11	-0.18	-8.790000000000001	-2.85	-0.24	-8.120000000000001	2.5100000000000002	1.6400000000000001	-8.34	-11.14
11:30:23.456609	-1.68	-9.27	1.06	-0.29	-8.28	-1.9100000000000001	-0.34	-8.290000000000001	3.06	-0.18	-4.3100000000000005	-4.7700000000000005
11:30:23.467137	-1.68	-9.08	1.01	-0.32	-7.61	-1.26	-0.43	-8.44	3.69	3.33	-7.5200000000000005	-2.43
11:30:23.477213	-1.1400000000000001	-9.06	1.07	-0.31	-6.75	-1.3800000000000001	-0.84	-9.72	2.32	4.24	-14.96	5.21
11:30:23.487342	0.23	-10.96	0.47000000000000003	-0.52	-6.36	-0.9500000000000001	-0.12	-13.24	-4.93	12.23	-17.06	-15.700000000000001
11:30:23.497410	0.4	-12.51	-0.29	-0.9500000000000001	-8.96	0.0	-0.86	-17.06	-14.55	12.23	-17.06	-15.700000000000001
11:30:23.507480	0.79	-13.63	-0.96	-1.69	-14.8	-0.5	1.37	-14.94	-1.44	10.51	-5.07	-9.89
11:30:23.517581	1.01	-14.41	-1.55	-1.75	-14.52	-1.86	1.87	-13.030000000000001	1.78	2.65	-3.11	-14.89
11:30:23.527705	1.05	-13.59	-2.19	-1.09	-15.040000000000001	-3.4	0.03	-12.3	4.79	-2.91	-11.370000000000001	4.3500000000000005
11:30:23.538225	0.96	-12.4	-1.95	0.02	-15.5	-4.24	-2.94	-11.57	1.44	4.1	-11.61	-0.46
11:30:23.548536	0.84	-11.120000000000001	-1.3900000000000001	1.87	-11.88	-5.73	-2.92	-7.36	1.56	5.19	-7.9	-6.62
11:30:23.558644	0.5	-9.03	0.09	0.26	-8.8	-4.17	-0.5700000000000001	-7.29	2.62	1.57	-8.2	-0.45
11:30:23.569000	0.26	-8.53	0.8200000000000001	-1.41	-7.04	-0.84	0.52	-9.02	1.45	1.82	-10.09	-2.91
11:30:23.579080	0.19	-8.28	1.47	-2.37	-6.44	1.73	3.2	-10.18	1.36	1.58	-8.77	-2.52
11:30:23.589166	0.0	-8.290000000000001	2.0	-2.35	-6.8100000000000005	2.05	2.74	-10.34	1.0	0.34	-7.69	-3.22
11:30:23.599480	-0.44	-8.620000000000001	2.27	-1.68	-7.59	1.4000000000000001	1.74	-10.8	1.32	1.57	-11.18	-2.83
11:30:23.609572	-0.27	-8.72	2.09	-1.05	-8.08	1.25	1.02	-10.200000000000001	1.42	0.46	-9.09	-2.0300000000000002
11:30:23.619774	0.11	-8.82	1.82	0.31	-8.73	1.0	-0.74	-8.290000000000001	0.9	-0.11	-9.06	-3.0500000000000003
11:30:23.630361	0.67	-8.83	1.47	4.17	-9.85	1.26	-0.26	-8.24	1.56	0.97	-8.99	-1.92
11:30:23.640426	1.3800000000000001	-9.05	0.51	4.17	-9.85	1.26	0.2	-8.69	1.75	3.1	-8.71	-3.02
11:30:23.650522	1.46	-9.19	-0.13	3.35	-11.06	0.48	0.9400000000000001	-10.790000000000001	0.35000000000000003	1.29	-9.38	-2.38
11:30:23.660652	1.45	-9.48	-0.7000000000000001	1.01	-9.91	0.68	1.21	-10.74	0.23	1.79	-9.11	-3.21
11:30:23.670745	1.3	-9.65	-1.25	0.14	-9.46	0.44	1.52	-10.15	0.12	2.16	-11.18	-2.73
11:30:23.681079	0.89	-9.790000000000001	-2.06	0.14	-9.46	0.44	1.51	-9.69	0.06	1.81	-9.59	-3.45
11:30:23.691194	0.68	-9.790000000000001	-2.24	-0.8300000000000001	-9.35	-1.23	1.45	-9.92	1.01	1.6500000000000001	-8.55	-2.38
11:30:23.701561	0.45	-9.82	-2.2600000000000002	-1.1500000000000001	-9.14	-1.23	1.45	-9.92	1.01	1.77	-8.36	-3.3200000000000003
11:30:23.711665	0.18	-9.78	-2.02	-1.24	-8.51	-0.77	0.07	-9.8	1.33	1.29	-9.74	-2.2800000000000002
11:30:23.721783	-0.14	-9.48	-1.3	-1.23	-9.47	-1.34	-0.28	-9.91	1.37	1.09	-9.6	-3.64
11:30:23.732458	-0.22	-9.43	-0.92	-1.26	-9.71	-0.39	-0.01	-9.96	1.6	0.9400000000000001	-9.620000000000001	-3.97
11:30:23.742597	-0.33	-9.370000000000001	-0.62	-1.41	-9.69	-0.09	0.35000000000000003	-10.02	1.53	1.42	-9.22	-3.54
11:30:23.752714	-0.34	-9.32	-0.13	-0.99	-9.58	0.03	0.43	-10.09	1.09	1.62	-9.1	-2.92
11:30:23.762820	-0.27	-9.24	0.03	-0.59	-9.75	0.03	0.13	-9.75	0.96	1.52	-8.700000000000001	-3.7600000000000002
11:30:23.772911	-0.23	-9.19	0.1	-0.02	-9.34	0.35000000000000003	0.36	-9.66	1.08	1.7	-8.84	-4.12
11:30:23.783036	-0.17	-9.13	0.16	0.23	-9.32	0.49	1.3900000000000001	-9.59	0.58	2.33	-9.61	-1.06
11:30:23.793102	-0.05	-9.11	0.08	0.41000000000000003	-9.32	0.72	1.56	-10.16	0.12	1.84	-9.67	-3.81
11:30:23.803548	-0.05	-9.120000000000001	-0.03	0.79	-9.59	0.65	1.7	-10.14	0.23	1.46	-9.35	-3.7800000000000002
11:30:23.813622	-0.14	-9.25	-0.16	1.1500000000000001	-9.46	0.92	0.8300000000000001	-9.19	1.6300000000000001	1.32	-9.16	-4.8
11:30:23.823713	-0.1	-9.370000000000001	-0.27	1.37	-9.370000000000001	0.77	0.36	-9.25	1.98	1.23	-9.44	-1.1300000000000001
11:30:23.834255	-0.31	-9.34	-0.51	1.23	-9.44	0.8	0.22	-9.700000000000001	1.31	1.52	-9.31	-3.88
11:30:23.844444	-0.27	-9.41	-0.61	1.24	-9.71	0.77	0.73	-9.78	0.74	2.0	-9.450000000000001	-3.61
11:30:23.854538	-0.3	-9.5	-0.75	0.44	-9.790000000000001	1.06	1.23	-9.92	1.37	2.42	-9.25	-4.93
11:30:23.864611	-0.18	-9.61	-0.87	0.06	-9.8	0.85	1.01	-10.09	1.67	2.02	-9.8	-2.73
11:30:23.874679	-0.19	-9.620000000000001	-0.8	-0.21	-9.870000000000001	0.45	0.61	-10.38	1.57	1.78	-9.38	-4.37
11:30:23.884806	-0.19	-9.620000000000001	-0.8	-0.47000000000000003	-9.91	0.25	0.22	-9.77	2.42	1.6400000000000001	-9.120000000000001	-4.42
11:30:23.894878	-0.2	-9.46	-0.77	-1.42	-9.620000000000001	0.63	0.01	-9.64	3.34	1.74	-8.68	-4.2
11:30:23.905065	-0.3	-9.3	-0.67	-1.6300000000000001	-9.5	0.67	-0.41000000000000003	-10.18	2.74	1.6500000000000001	-9.91	-3.9
11:30:23.915132	-0.24	-9.370000000000001	-0.62	-1.83	-9.56	0.67	-0.58	-10.38	2.11	1.41	-9.32	-4.41
11:30:23.925560	-0.2	-9.39	-0.56	-1.72	-9.63	0.73	0.13	-9.73	2.69	1.6300000000000001	-9.53	-4.8100000000000005
11:30:23.935638	-0.24	-9.31	-0.54	-1.9100000000000001	-9.77	0.87	0.06	-9.93	2.83	2.19	-9.68	-1.76
11:30:23.945708	-0.29	-9.24	-0.54	-1.82	-9.620000000000001	1.05	0.06	-9.93	2.83	1.6	-10.120000000000001	-4.59
11:30:23.955783	-0.33	-9.24	-0.56	-1.37	-9.83	0.84	0.46	-9.9	1.3800000000000001	1.4000000000000001	-9.77	-4.5200000000000005
11:30:23.965858	-0.41000000000000003	-9.25	-0.63	-1.55	-9.81	1.09	0.61	-9.94	1.9000000000000001	2.04	-10.07	-5.15
11:30:23.975926	-0.44	-9.51	-0.72	-1.26	-10.1	1.12	0.45	-10.28	1.52	1.97	-10.57	-2.47
11:30:23.986035	-0.5	-9.72	-0.7000000000000001	-0.98	-10.27	0.71	0.26	-10.82	0.61	1.26	-10.57	-4.86
11:30:23.996104	-0.52	-9.99	-0.63	-0.6900000000000001	-10.290000000000001	0.59	1.23	-10.14	0.77	1.1	-10.66	-4.7
11:30:24.006177	-0.63	-10.16	-0.5	-0.38	-10.39	0.75	1.04	-10.27	1.1	1.58	-10.69	-5.46
11:30:24.016248	-0.78	-10.290000000000001	-0.19	-0.13	-10.91	0.3	0.75	-10.81	0.68	0.88	-10.5	-2.5300000000000002
11:30:24.026326	-1.01	-10.55	-0.03	0.0	-10.93	0.49	0.38	-11.3	0.33	0.6	-11.46	-5.12
11:30:24.036449	-1.23	-10.620000000000001	0.06	-0.05	-10.91	0.71	0.89	-10.41	0.19	1.43	-11.040000000000001	-5.49
11:30:24.046519	-1.45	-10.59	0.17	-0.04	-10.68	0.12	0.89	-10.41	0.19	2.63	-10.75	-2.7
11:30:24.056595	-1.71	-10.61	0.33	0.13	-10.63	-0.09	0.89	-10.41	0.19	2.08	-10.450000000000001	-3.11
11:30:24.066667	-1.86	-10.58	0.4	0.08	-10.52	0.49	0.67	-10.15	-0.81	1.71	-11.11	-5.4
11:30:24.076805	-1.8900000000000001	-10.56	0.43	0.1	-10.49	0.8	0.67	-10.15	-0.81	2.38	-10.58	-5.5200000000000005
11:30:24.086929	-1.95	-10.36	0.48	-0.04	-10.49	0.33	0.49	-9.74	-0.25	3.56	-10.33	-2.69
11:30:24.097027	-1.95	-10.36	0.48	0.06	-10.21	-0.18	0.49	-9.74	-0.25	2.98	-9.86	-3.63
11:30:24.107100	-2.16	-10.040000000000001	0.52	0.5	-10.17	-0.27	0.31	-9.540000000000001	-1.2	2.29	-11.01	-5.87
11:30:24.117172	-2.17	-9.74	0.5	0.41000000000000003	-10.200000000000001	0.02	0.24	-9.33	-0.75	2.3000000000000003	-10.69	-6.68
11:30:24.127244	-2.23	-9.5	0.39	0.12	-10.19	-0.41000000000000003	0.24	-9.33	-0.75	2.5	-11.18	-2.29
11:30:24.137323	-2.17	-9.24	0.29	0.49	-10.72	-1.09	-0.75	-10.69	-0.53	1.72	-11.9	-4.67
11:30:24.147390	-2.14	-9.13	0.13	0.74	-10.8	-0.78	-0.75	-10.69	-0.53	1.36	-12.91	-5.83
11:30:24.157463	-2.1	-9.17	0.05	0.66	-10.67	-0.5	-0.75	-10.69	-0.53	1.62	-12.39	-5.36
11:30:24.167765	-1.84	-9.22	0.05	0.87	-10.53	-0.86	-0.6900000000000001	-10.620000000000001	-1.12	3.92	-13.09	-1.58
11:30:24.177834	-0.5	-10.14	1.1300000000000001	1.34	-11.15	-0.28	-0.16	-11.65	-3.12	3.5100000000000002	-14.0	-5.43
11:30:24.188346	-0.11	-11.39	1.75	1.73	-12.370000000000001	0.19	-0.1	-12.16	-2.49	-1.1400000000000001	-17.84	-3.22
11:30:24.198410	-0.19	-12.57	2.2	1.8	-12.91	0.0	-1.03	-13.21	-2.39	0.49	-20.27	1.82
11:30:24.208500	-0.68	-13.44	2.54	1.3900000000000001	-12.83	-0.78	-2.43	-14.59	-1.1	0.09	-21.47	1.28
11:30:24.218625	-1.6500000000000001	-13.82	2.22	0.96	-12.92	-1.28	-3.2800000000000002	-15.41	-2.42	2.05	-21.67	0.54
11:30:24.228756	-1.53	-13.18	1.59	0.04	-12.58	-1.37	-2.91	-16.17	-5.25	6.94	-19.54	1.24
11:30:24.239552	-0.8200000000000001	-12.08	0.7000000000000001	-0.91	-11.98	-1.1	1.02	-15.25	-6.7	8.58	-16.91	2.61
11:30:24.250116	0.58	-10.99	0.04	-2.11	-10.06	-1.34	3.4	-14.36	-6.13	9.35	-12.93	-0.6
11:30:24.260204	3.62	-9.09	-0.5700000000000001	-2.74	-9.33	-0.97	4.86	-13.030000000000001	-2.63	8.370000000000001	-10.74	-7.01
11:30:24.270323	4.3100000000000005	-8.4	-0.76	-3.23	-9.44	-0.98	5.0200000000000005	-12.69	-0.96	8.13	-7.3	-7.28
11:30:24.281039	3.9	-7.930000000000001	-0.9400000000000001	-3.2800000000000002	-9.78	0.28	4.24	-10.52	5.51	4.16	-5.54	-2.95
11:30:24.291408	3.02	-7.63	-1.09	-2.61	-10.23	0.72	2.74	-10.57	10.08	-5.0	-3.45	5.98
11:30:24.301523	1.56	-7.8500000000000005	-1.09	-1.97	-11.1	1.1	1.51	-11.06	11.16	-16.82	2.75	18.84
11:30:24.312085	1.1400000000000001	-8.44	-0.81	-1.33	-12.47	1.17	-0.25	-9.83	8.5	-7.23	-2.98	9.68
11:30:24.322213	0.62	-9.21	-0.33	-1.07	-14.3	0.93	-1.1400000000000001	-10.08	5.44	4.8100000000000005	-8.66	10.23
11:30:24.332376	-0.53	-10.84	0.98	-1.7	-14.07	0.85	-1.26	-9.86	3.98	10.47	-10.870000000000001	6.54
11:30:24.342485	-0.97	-11.17	1.49	-2.8000000000000003	-12.82	0.86	-0.23	-7.38	4.97	-2.18	-6.18	9.76
11:30:24.353009	-1.3	-11.39	1.95	-2.77	-11.81	0.25	-0.23	-7.38	4.97	-2.22	-1.49	7.76
11:30:24.363082	-1.62	-11.28	2.2	-3.22	-10.44	1.11	-0.23	-7.38	4.97	2.95	0.42	7.43
11:30:24.373205	-1.3900000000000001	-10.49	2.15	-2.4	-9.98	0.36	1.06	-5.75	5.5	6.9	-1.6600000000000001	7.87
11:30:24.383750	-0.9400000000000001	-10.03	1.95	-2.36	-9.67	0.62	1.06	-5.75	5.5	1.74	-8.26	5.47
11:30:24.393832	-0.74	-9.64	1.6	-2.06	-9.43	0.68	1.06	-5.75	5.5	-0.38	-12.0	2.94
11:30:24.403923	-0.43	-9.22	1.31	-1.74	-9.18	0.38	0.54	-5.45	5.45	0.6	-10.040000000000001	3.98
11:30:24.414031	-0.17	-8.71	0.8	-1.42	-8.8	0.34	-1.09	-6.55	5.84	0.28	-5.74	5.17
11:30:24.424161	-0.09	-8.64	0.64	-1.3800000000000001	-8.13	0.19	-1.09	-6.55	5.84	1.62	-7.75	3.34
11:30:24.434238	-0.23	-8.51	0.61	-1.56	-7.37	-0.18	-1.35	-5.8100000000000005	5.6000000000000005	1.6600000000000001	-10.040000000000001	1.96
11:30:24.444319	-0.23	-8.51	0.61	-1.73	-6.94	-0.43	-1.35	-5.8100000000000005	5.6000000000000005	0.68	-10.540000000000001	1.51
11:30:24.454445	-0.54	-8.67	0.97	-1.85	-6.84	-0.59	-1.17	-6.92	6.23	0.79	-12.27	-0.99
11:30:24.464955	-0.54	-8.67	0.97	-1.8800000000000001	-6.72	-0.73	-1.31	-7.22	6.24	1.1	-13.05	-2.47
11:30:24.475072	-0.77	-8.73	1.27	-2.57	-6.36	-0.34	-1.31	-7.22	6.24	1.6500000000000001	-13.18	-3.54
11:30:24.485141	-0.85	-8.69	1.53	-2.7800000000000002	-6.36	-0.2	-2.0300000000000002	-7.59	6.03	2.44	-13.620000000000001	-4.05
11:30:24.495359	-0.85	-8.69	1.53	-2.8000000000000003	-6.25	-0.09	-1.97	-8.16	5.86	4.3	-14.09	-4.8500000000000005
11:30:24.505895	-0.92	-8.58	1.62	-2.88	-6.32	0.03	-1.42	-8.89	5.76	4.65	-14.48	-5.62
11:30:24.515964	-0.72	-8.44	1.47	-2.47	-6.4	-0.52	-0.48	-9.39	5.71	4.88	-14.950000000000001	-6.74
11:30:24.526094	-0.76	-8.38	1.31	-2.08	-6.36	-0.77	-0.4	-9.72	5.33	4.96	-15.33	-7.3500000000000005
11:30:24.536161	-0.8200000000000001	-8.28	1.21	-1.6400000000000001	-6.61	-1.11	-0.77	-9.67	5.04	4.58	-15.36	-9.07
11:30:24.546245	-0.9	-8.3	1.11	-1.08	-6.99	-1.6500000000000001	-0.77	-9.67	5.04	3.98	-14.89	-9.21
11:30:24.556340	-1.05	-8.34	1.11	-0.45	-7.04	-2.98	-0.71	-9.38	4.69	4.25	-15.06	-9.93
11:30:24.566409	-1.1500000000000001	-8.39	1.11	-0.19	-7.2	-3.7	-0.53	-9.67	4.16	4.09	-14.65	-10.18
11:30:24.576477	-1.33	-8.46	1.21	0.03	-7.32	-4.45	-0.53	-9.67	4.16	3.92	-14.46	-11.08
11:30:24.586551	-1.47	-8.53	1.31	0.31	-7.47	-4.98	-0.53	-9.67	4.16	3.96	-14.39	-11.48
11:30:24.596980	-1.67	-8.870000000000001	1.54	1.28	-7.73	-4.91	-0.38	-10.48	3.4	3.67	-14.42	-12.05
11:30:24.607067	-1.74	-9.05	1.59	1.6300000000000001	-8.34	-4.93	-0.71	-10.06	3.14	2.72	-14.46	-13.64
11:30:24.617159	-1.78	-9.23	1.75	1.77	-8.73	-5.08	-1.03	-9.76	2.77	2.73	-13.75	-14.19
11:30:24.627305	-1.86	-9.41	1.82	1.79	-9.19	-5.2700000000000005	-1.03	-9.76	2.77	2.99	-12.84	-14.84
11:30:24.637388	-1.97	-9.68	1.94	1.72	-9.43	-4.47	-0.91	-9.700000000000001	0.9500000000000001	3.37	-11.950000000000001	-15.46
11:30:24.647473	-2.0100000000000002	-9.82	1.9000000000000001	1.3900000000000001	-9.68	-4.3	-0.6	-8.99	0.63	2.52	-11.27	-16.4
11:30:24.657537	-1.99	-10.040000000000001	1.86	1.19	-9.89	-4.45	-0.45	-8.51	0.27	1.6500000000000001	-10.63	-16.27
11:30:24.667611	-1.95	-10.02	1.77	0.93	-10.07	-4.28	-0.45	-8.51	0.27	1.22	-9.950000000000001	-16.38
11:30:24.677690	-1.76	-10.42	1.68	0.75	-10.370000000000001	-3.7600000000000002	-0.45	-8.51	0.27	1.07	-9.620000000000001	-16.47
11:30:24.688078	-1.74	-10.6	1.52	0.8300000000000001	-10.540000000000001	-3.88	-0.45	-8.51	0.27	1.32	-8.98	-15.59
11:30:24.698157	-1.6400000000000001	-10.74	1.41	0.97	-10.66	-4.22	-0.45	-8.51	0.27	1.4000000000000001	-9.11	-15.0
11:30:24.708315	-1.9000000000000001	-10.84	1.45	1.21	-10.59	-4.73	-0.44	-7.91	0.78	1.4000000000000001	-9.11	-15.0
11:30:24.718430	-2.02	-10.74	1.44	1.31	-10.26	-5.17	-0.44	-7.91	0.78	0.45	-9.58	-12.55
11:30:24.729202	-2.05	-10.73	1.5	1.25	-10.24	-5.11	0.64	-8.69	1.1	0.25	-9.52	-11.5
11:30:24.739337	-2.18	-10.58	1.55	0.98	-10.26	-4.84	0.79	-8.78	1.24	0.44	-9.450000000000001	-10.4
11:30:24.749457	-2.41	-10.19	1.62	0.43	-9.6	-3.72	0.84	-8.77	1.45	6.74	-13.08	-10.65
11:30:24.759591	-2.52	-10.07	1.62	0.19	-9.08	-3.2	0.88	-8.63	1.87	5.95	-5.6000000000000005	-9.33
11:30:24.770016	-2.66	-9.89	1.68	-0.14	-8.44	-2.64	0.7000000000000001	-8.870000000000001	2.08	2.68	-3.5500000000000003	-2.34
11:30:24.780154	-2.77	-9.69	1.6500000000000001	-0.44	-8.18	-2.41	0.7000000000000001	-8.870000000000001	2.08	2.27	-6.43	0.8300000000000001
11:30:24.790226	-2.8000000000000003	-9.32	1.48	-0.55	-6.68	-1.6300000000000001	-0.37	-9.3	2.99	8.67	-18.41	13.63
11:30:24.800360	-2.56	-9.18	1.48	-0.34	-5.97	-1.03	-0.58	-11.200000000000001	-0.9500000000000001	7.04	-27.78	24.44
11:30:24.810465	-1.85	-9.36	1.47	-0.59	-6.45	-0.01	-0.8200000000000001	-15.280000000000001	-9.540000000000001	9.59	-22.7	-4.23
11:30:24.820917	-1.33	-10.27	1.17	-1.3900000000000001	-10.13	0.27	-2.23	-18.3	-13.83	8.69	-8.63	-11.02
11:30:24.831014	-1.3800000000000001	-12.88	-0.32	-2.25	-13.700000000000001	-1.6300000000000001	-1.58	-12.4	5.38	-5.84	-5.89	-7.74
11:30:24.841119	-1.1300000000000001	-13.86	-1.1300000000000001	-1.43	-15.21	-3.71	-4.72	-12.15	5.1000000000000005	-4.4	-11.1	0.8200000000000001
11:30:24.851231	-0.88	-14.15	-1.74	-0.05	-16.9	-4.66	-6.5200000000000005	-10.63	1.08	2.1	-12.35	2.93
11:30:24.861320	-0.85	-13.71	-2.13	0.15	-11.66	-5.45	-4.29	-7.57	2.2	2.43	-6.29	-4.12
11:30:24.871391	-1.04	-11.91	-1.87	-1.87	-7.74	-3.29	-1.69	-8.27	1.98	0.33	-7.0200000000000005	-2.37
11:30:24.881509	-0.9500000000000001	-10.88	-1.22	-3.2600000000000002	-6.54	-0.78	0.36	-9.73	1.8	0.15	-7.24	-1.86
11:30:24.891637	-0.66	-10.18	-0.36	-3.41	-6.2700000000000005	0.84	3.13	-10.56	1.78	-0.41000000000000003	-9.25	0.08
11:30:24.901763	-0.36	-9.41	1.19	-3.41	-6.2700000000000005	0.84	3.13	-10.56	1.78	1.01	-8.52	-3.49
11:30:24.912281	-0.54	-9.27	1.76	-0.8300000000000001	-8.77	1.18	3.94	-10.36	0.93	1.54	-8.9	-4.12
11:30:24.922809	-0.8300000000000001	-9.08	2.12	0.8200000000000001	-8.9	1.28	3.0100000000000002	-8.82	1.44	1.0	-10.3	-3.61
11:30:24.932877	-0.87	-8.74	2.22	2.35	-8.370000000000001	2.04	0.22	-8.92	0.41000000000000003	0.22	-9.89	-0.22
11:30:24.943003	0.03	-8.26	2.19	4.63	-9.36	2.8000000000000003	0.2	-9.01	0.6	1.51	-10.28	-4.22
11:30:24.953136	0.45	-8.33	1.86	4.3500000000000005	-10.23	2.3000000000000003	0.75	-9.35	1.1500000000000001	1.41	-8.33	-2.59
11:30:24.963804	0.51	-8.6	1.27	3.66	-10.8	1.55	1.16	-10.14	1.53	1.3	-7.2	-1.21
11:30:24.973911	0.22	-9.06	0.56	2.8000000000000003	-10.94	0.88	0.76	-10.92	0.1	2.2	-10.6	-2.84
11:30:24.984059	-0.3	-9.71	-0.93	0.51	-10.33	-0.25	0.47000000000000003	-10.36	-0.1	2.23	-9.9	-4.22
11:30:24.994208	-0.5700000000000001	-10.07	-2.05	-0.58	-9.83	-0.8200000000000001	0.5	-9.63	0.02	2.2800000000000002	-9.73	-3.5500000000000003
11:30:25.004315	-0.5700000000000001	-10.07	-2.05	-1.24	-9.67	-1.59	0.44	-10.22	0.28	2.02	-9.8	-3.59
11:30:25.014726	-0.75	-10.1	-2.33	-2.0300000000000002	-9.5	-2.11	0.43	-10.34	0.21	1.85	-9.31	-2.38
11:30:25.024812	-1.1500000000000001	-9.61	-1.9000000000000001	-2.85	-8.81	-1.6400000000000001	0.29	-10.22	0.72	1.6300000000000001	-8.73	-3.19
11:30:25.035441	-1.29	-9.38	-1.46	-2.57	-9.58	-1.9000000000000001	0.29	-9.950000000000001	1.43	1.68	-8.58	-2.9
11:30:25.045667	-1.29	-9.38	-1.46	-2.24	-8.76	-0.89	-0.19	-9.77	1.49	1.6500000000000001	-8.96	-2.23
11:30:25.055872	-1.23	-8.78	0.03	-2.14	-8.59	-0.35000000000000003	-0.38	-9.74	1.08	1.41	-9.83	-3.18
11:30:25.065958	-1.2	-8.71	0.45	-0.49	-9.16	0.77	-0.58	-9.700000000000001	1.08	1.56	-9.44	-3.39
11:30:25.076030	-1.27	-8.59	0.71	-0.29	-9.27	0.85	0.04	-9.620000000000001	1.01	1.82	-8.63	-3.45
11:30:25.086097	-1.4000000000000001	-8.58	0.93	0.1	-8.950000000000001	1.01	0.14	-9.52	0.6	1.84	-9.01	-1.93
11:30:25.096166	-1.44	-8.44	0.97	0.79	-8.84	0.68	0.34	-9.55	0.11	1.69	-9.05	-2.66
11:30:25.106250	-1.61	-8.64	0.86	0.7000000000000001	-8.86	0.8200000000000001	0.88	-9.49	-0.02	1.45	-9.13	-3.33
11:30:25.116323	-1.69	-8.85	0.61	0.74	-9.05	0.66	1.84	-9.26	-0.19	1.51	-9.06	-3.79
11:30:25.126392	-1.72	-9.19	0.11	0.8300000000000001	-9.21	0.51	1.86	-9.6	-0.33	2.18	-9.53	-2.65
11:30:25.136467	-1.73	-9.370000000000001	-0.1	1.16	-9.450000000000001	0.05	1.53	-10.02	-0.53	2.0300000000000002	-9.4	-2.87
11:30:25.146570	-1.6600000000000001	-9.450000000000001	-0.25	1.07	-9.52	0.08	1.12	-9.6	0.08	1.67	-9.23	-3.49
11:30:25.156648	-1.6500000000000001	-9.48	-0.32	0.96	-9.63	0.06	0.39	-9.58	0.46	1.78	-8.98	-3.3200000000000003
11:30:25.166720	-1.49	-9.41	-0.33	0.71	-9.58	0.03	-0.06	-9.92	0.32	2.16	-9.66	-3.54
11:30:25.176786	-1.36	-9.41	-0.26	0.08	-9.72	-0.12	0.05	-10.17	-0.01	1.8	-9.44	-3.59
11:30:25.186857	-1.28	-9.28	-0.21	-0.13	-9.64	-0.06	1.11	-9.66	0.16	1.93	-9.57	-4.01
11:30:25.196932	-1.1400000000000001	-9.25	-0.1	-0.55	-9.53	-0.07	1.16	-9.85	0.45	2.05	-9.44	-2.47
11:30:25.207015	-1.25	-9.14	0.01	-0.79	-9.47	-0.19	0.62	-10.03	0.75	1.43	-9.47	-4.58
11:30:25.217086	-1.33	-9.11	0.04	-1.3	-9.35	0.61	0.17	-9.53	0.77	1.17	-9.47	-3.16
11:30:25.227159	-1.33	-9.120000000000001	0.01	-1.06	-9.540000000000001	0.77	0.0	-9.65	1.56	1.43	-9.48	-4.29
11:30:25.237273	-1.3900000000000001	-9.21	-0.06	-1.8900000000000001	-9.44	1.16	0.04	-9.69	1.72	1.48	-9.25	-2.04
11:30:25.247347	-1.23	-9.27	-0.28	-1.9000000000000001	-9.34	1.12	-0.02	-10.120000000000001	1.06	1.42	-9.4	-5.14
11:30:25.257429	-1.21	-9.33	-0.29	-1.6500000000000001	-9.41	1.4000000000000001	0.68	-9.3	1.1300000000000001	1.43	-9.3	-4.04
11:30:25.267495	-1.1500000000000001	-9.24	-0.42	-1.72	-9.53	1.41	0.92	-9.46	1.83	1.47	-9.39	-4.59
11:30:25.277580	-1.18	-9.39	-0.48	-1.32	-9.55	1.4000000000000001	1.2	-9.91	1.0	1.52	-10.26	-3.5300000000000002
11:30:25.288260	-1.23	-9.48	-0.49	-1.16	-9.48	1.22	1.06	-9.69	1.37	1.37	-10.040000000000001	-4.23
11:30:25.298386	-1.17	-9.65	-0.34	-0.31	-10.07	1.01	0.96	-9.75	1.16	1.86	-9.99	-4.8500000000000005
11:30:25.308515	-1.19	-9.89	-0.23	-0.37	-10.120000000000001	1.11	0.6900000000000001	-10.03	1.44	2.07	-10.950000000000001	-3.89
11:30:25.319057	-1.34	-10.13	0.19	-0.22	-10.31	0.93	0.7000000000000001	-10.48	0.46	1.62	-10.94	-5.36
11:30:25.329148	-1.48	-10.23	0.32	-0.19	-10.38	0.8300000000000001	1.01	-10.14	0.19	1.95	-11.14	-5.94
11:30:25.339232	-1.7	-10.35	0.53	-0.78	-10.68	0.68	1.01	-10.14	0.19	1.54	-10.93	-4.51
11:30:25.349375	-1.96	-10.5	0.64	-0.67	-11.07	0.3	0.8	-10.56	1.02	2.5100000000000002	-11.33	-5.0200000000000005
11:30:25.359481	-2.52	-10.78	0.81	-0.56	-11.4	0.24	-0.1	-11.450000000000001	0.75	3.2	-11.28	-5.5600000000000005
11:30:25.369601	-2.72	-10.92	0.85	-0.37	-11.290000000000001	0.78	0.12	-10.78	0.8	3.3200000000000003	-10.65	-5.96
11:30:25.379699	-2.89	-10.96	0.84	0.15	-10.950000000000001	0.84	-0.03	-10.58	0.97	3.94	-10.16	-2.72
11:30:25.389835	-3.0500000000000003	-10.85	0.81	0.07	-10.82	0.6900000000000001	-0.29	-10.620000000000001	0.51	3.56	-10.950000000000001	-5.29
11:30:25.400198	-3.16	-10.4	0.74	0.16	-10.72	0.8200000000000001	-0.29	-10.620000000000001	0.51	2.84	-11.13	-5.59
11:30:25.410333	-3.11	-10.19	0.75	0.36	-10.83	0.75	0.25	-10.27	0.38	2.5	-10.99	-6.15
11:30:25.420432	-3.08	-10.0	0.62	0.25	-10.89	0.36	-0.49	-10.790000000000001	-0.12	2.5100000000000002	-11.22	-3.44
11:30:25.430543	-3.0100000000000002	-9.84	0.5700000000000001	0.23	-10.82	-0.26	-0.19	-10.43	-0.64	1.74	-12.01	-5.18
11:30:25.441062	-2.72	-9.53	0.41000000000000003	0.23	-10.82	-0.26	0.16	-10.13	-0.92	1.34	-12.26	-5.16
11:30:25.451230	-2.5500000000000003	-9.38	0.42	0.23	-10.64	-0.4	-0.06	-10.200000000000001	-0.8300000000000001	1.72	-12.61	-5.29
11:30:25.461380	-2.14	-9.28	0.37	0.23	-10.5	-0.59	0.24	-11.24	-2.5	4.24	-12.57	-3.75
11:30:25.471478	-0.63	-9.8	0.89	0.75	-10.96	-0.65	0.2	-11.620000000000001	-2.8000000000000003	2.5100000000000002	-15.23	-4.59
11:30:25.481949	-0.22	-10.63	1.28	1.8	-12.620000000000001	-0.53	0.04	-12.52	-2.17	-0.17	-17.19	-3.1
11:30:25.492039	-0.4	-11.64	1.72	1.57	-12.74	-0.53	-1.09	-13.43	-2.0	-1.09	-16.82	-5.5600000000000005
11:30:25.502140	-1.21	-12.59	2.11	1.32	-12.83	-0.78	-1.8800000000000001	-14.1	-1.3	0.91	-19.28	-0.85
11:30:25.512270	-2.48	-13.540000000000001	2.38	0.5	-12.97	-0.73	-2.4	-14.99	-3.21	1.34	-20.52	-0.71
11:30:25.522613	-2.5500000000000003	-13.22	2.12	-0.35000000000000003	-12.77	-0.79	-2.54	-16.13	-3.64	1.41	-21.46	-0.8200000000000001
11:30:25.533233	-1.86	-12.36	1.53	-1.53	-12.08	-0.97	-1.72	-15.93	-3.81	0.53	-20.830000000000002	3.11
11:30:25.543355	-0.64	-11.19	0.67	-1.48	-10.61	-0.99	-1.18	-13.19	-3.75	1.95	-18.91	3.98
11:30:25.553445	1.8800000000000001	-9.13	-0.6	-2.92	-10.01	-1.32	-0.11	-12.97	-5.76	4.73	-16.53	3.5
11:30:25.563545	2.69	-8.290000000000001	-0.99	-3.33	-8.950000000000001	-1.29	4.37	-13.01	-1.43	8.42	-14.34	2.07
11:30:25.573674	2.97	-7.73	-1.25	-3.5500000000000003	-8.92	-0.97	6.04	-12.07	0.98	10.68	-6.07	-1.5
11:30:25.584113	2.92	-7.36	-1.49	-3.95	-8.77	-0.9	4.66	-9.540000000000001	6.91	10.32	0.9500000000000001	-8.8
11:30:25.594570	1.96	-7.09	-1.62	-3.69	-8.81	-1.05	3.59	-7.7700000000000005	12.790000000000001	4.88	2.79	-3.3200000000000003
11:30:25.604692	1.45	-7.26	-1.51	-3.17	-9.52	0.18	0.68	-8.76	9.83	-5.09	-1.6600000000000001	10.92
11:30:25.614769	0.9500000000000001	-7.7700000000000005	-1.1400000000000001	-2.34	-11.120000000000001	0.29	0.28	-8.74	6.75	-19.22	1.94	22.69
11:30:25.624873	0.5	-8.52	-0.54	-1.27	-12.76	0.77	-0.34	-10.18	3.5700000000000003	-3.75	-9.1	7.890000000000001
11:30:25.634945	-0.76	-10.33	0.78	-0.9	-13.86	1.1300000000000001	-2.45	-10.38	3.72	7.33	-17.62	4.29
11:30:25.645018	-1.31	-11.03	1.46	-2.0100000000000002	-13.34	0.88	-1.41	-7.930000000000001	4.64	1.04	-4.74	7.7
11:30:25.655094	-1.7	-11.38	2.04	-1.9000000000000001	-12.16	0.84	-0.09	-6.66	5.25	-1.97	-1.61	8.6
11:30:25.665177	-2.38	-11.13	2.71	-2.14	-10.67	1.32	1.3	-6.2	6.07	-0.44	-0.85	6.73
11:30:25.675848	-2.37	-10.700000000000001	2.79	-1.77	-9.89	0.73	1.44	-6.69	4.98	3.68	-2.93	7.54
11:30:25.685969	-1.99	-10.21	2.79	-1.69	-9.78	0.44	1.09	-6.18	4.88	1.32	-6.2700000000000005	5.36
11:30:25.696516	-1.11	-9.02	2.0300000000000002	-1.58	-9.67	0.65	0.73	-6.28	5.04	-0.35000000000000003	-9.18	4.94
11:30:25.706586	-0.97	-8.75	1.67	-1.21	-9.49	0.44	-1.1300000000000001	-6.63	5.0600000000000005	0.42	-10.75	3.04
11:30:25.716670	-0.75	-8.61	1.3900000000000001	-0.98	-9.25	0.03	-1.44	-7.57	5.12	1.22	-8.09	4.16
11:30:25.726735	-0.7000000000000001	-8.55	1.1500000000000001	-0.8200000000000001	-8.38	-0.03	-1.01	-7.04	5.2	1.9000000000000001	-9.36	1.9000000000000001
11:30:25.737382	-0.7000000000000001	-8.55	1.1500000000000001	-1.0	-8.02	-0.36	-0.86	-6.75	5.3500000000000005	2.31	-10.24	0.38
11:30:25.747452	-1.26	-8.75	0.84	-1.01	-7.46	-0.45	-0.86	-6.94	5.98	2.07	-10.11	0.2
11:30:25.757527	-1.35	-8.81	0.79	-1.19	-7.22	-1.09	-1.1300000000000001	-7.2	6.0	0.99	-10.78	-0.47000000000000003
11:30:25.767604	-1.31	-8.84	0.81	-1.6300000000000001	-6.84	-0.78	-1.69	-7.49	6.140000000000001	1.16	-12.67	-2.89
11:30:25.777675	-1.28	-8.78	0.9500000000000001	-1.74	-7.13	-1.08	-2.61	-8.66	6.3100000000000005	1.83	-12.94	-3.67
11:30:25.788268	-1.28	-8.63	1.01	-1.79	-7.03	-0.88	-1.73	-8.82	5.94	3.59	-12.89	-5.28
11:30:25.798363	-1.1400000000000001	-8.57	1.05	-2.44	-7.51	-0.84	-0.67	-8.620000000000001	5.58	4.4	-12.91	-6.0200000000000005
11:30:25.808483	-1.07	-8.51	1.04	-2.5100000000000002	-7.43	-0.65	0.19	-8.78	4.8	5.2	-13.3	-6.78
11:30:25.819087	-0.9	-8.39	0.86	-2.2800000000000002	-7.41	-0.64	0.19	-8.78	4.8	5.87	-13.85	-7.47
11:30:25.829270	-0.87	-8.43	0.74	-1.82	-7.55	-0.8300000000000001	-0.53	-9.48	4.61	5.96	-13.94	-7.84
11:30:25.839400	-1.0	-8.45	0.64	-1.18	-7.23	-1.2	-0.53	-9.48	4.61	5.96	-13.94	-7.84
11:30:25.849510	-1.3	-8.53	0.52	-0.81	-7.29	-1.77	-0.58	-9.89	4.93	5.69	-13.15	-8.24
11:30:25.860016	-1.47	-8.52	0.58	-0.45	-7.26	-2.3000000000000003	-0.5700000000000001	-9.65	5.01	5.37	-12.67	-7.97
11:30:25.870131	-1.58	-8.52	0.6900000000000001	-0.07	-7.19	-2.67	-0.86	-9.65	4.69	5.2	-12.06	-8.74
11:30:25.880247	-1.69	-8.56	0.8300000000000001	0.44	-7.09	-3.31	-0.51	-9.5	4.33	4.73	-12.32	-8.76
11:30:25.890362	-2.0300000000000002	-8.620000000000001	1.12	0.49	-7.17	-3.58	-0.06	-9.74	3.68	3.56	-13.540000000000001	-9.82
11:30:25.900462	-2.09	-8.75	1.3	1.05	-7.47	-4.24	0.35000000000000003	-9.84	3.33	2.43	-13.6	-11.76
11:30:25.911139	-2.19	-8.86	1.46	1.35	-7.58	-4.65	0.09	-9.33	3.2	1.8900000000000001	-13.120000000000001	-12.16
11:30:25.921824	-2.27	-9.03	1.59	2.12	-7.6000000000000005	-4.55	-0.43	-9.23	3.22	1.84	-13.22	-13.06
11:30:25.932027	-2.42	-9.39	1.84	2.52	-7.9	-3.86	-0.81	-9.620000000000001	2.7600000000000002	1.92	-13.040000000000001	-13.98
11:30:25.942226	-2.48	-9.42	1.92	2.5	-8.88	-3.42	-1.08	-9.5	2.6	2.7	-11.84	-15.96
11:30:25.952299	-2.69	-9.68	2.09	1.8800000000000001	-9.63	-3.22	-1.1300000000000001	-9.03	2.12	3.11	-11.11	-16.68
11:30:25.962370	-2.63	-9.71	2.27	1.6	-9.96	-3.2600000000000002	-1.0	-8.56	1.82	3.3200000000000003	-10.4	-17.48
11:30:25.972487	-2.74	-10.120000000000001	2.37	1.3	-10.14	-3.48	-0.87	-8.17	1.6	2.95	-9.41	-17.61
11:30:25.982932	-2.68	-10.43	2.37	1.16	-10.11	-3.52	-0.41000000000000003	-7.91	1.51	1.31	-9.33	-17.68
11:30:25.993165	-2.73	-10.57	2.2800000000000002	0.76	-9.91	-3.24	-0.31	-7.91	1.55	0.92	-9.35	-17.56
11:30:26.003288	-2.63	-10.69	2.1	0.86	-10.02	-3.86	-0.21	-7.8500000000000005	1.71	0.71	-9.120000000000001	-17.02
11:30:26.014924	-2.41	-10.74	1.6500000000000001	0.99	-10.0	-4.72	-0.12	-7.86	1.98	0.49	-9.120000000000001	-16.39
11:30:26.025050	-2.38	-10.69	1.37	1.03	-9.89	-5.37	-0.01	-7.97	2.56	0.46	-10.91	-13.780000000000001
11:30:26.035208	-2.47	-10.69	1.11	0.72	-9.71	-5.54	0.14	-8.16	2.84	2.7600000000000002	-13.33	-16.32
11:30:26.045276	-2.6	-10.41	0.92	0.39	-9.47	-5.15	0.37	-8.53	2.82	1.68	-9.6	-14.69
11:30:26.055343	-2.75	-10.19	0.92	0.02	-9.1	-4.42	0.38	-8.46	4.12	0.63	-6.21	-11.27
11:30:26.065420	-2.93	-10.08	0.96	-0.32	-8.92	-3.7600000000000002	0.45	-8.55	4.37	1.77	-5.44	-6.12
11:30:26.075494	-3.12	-9.98	1.03	-0.78	-7.71	-2.57	0.39	-9.44	3.41	4.7700000000000005	-12.75	3.14
11:30:26.085564	-2.68	-9.94	1.44	-0.55	-7.18	-1.79	0.87	-12.76	-3.0	3.49	-24.42	20.8
11:30:26.095765	-1.97	-10.91	1.43	-0.63	-10.03	-0.52	-1.83	-20.34	-11.22	13.06	-14.77	-12.93
11:30:26.105831	-1.8800000000000001	-12.39	0.9500000000000001	-0.53	-15.58	-0.23	0.36	-17.02	-0.63	10.57	-5.73	-10.34
11:30:26.115996	-2.08	-13.57	0.08	-0.15	-13.94	-2.08	1.34	-13.35	1.79	-1.3900000000000001	-5.42	-10.61
11:30:26.126075	-1.47	-15.33	-1.25	0.42	-13.790000000000001	-3.31	-4.92	-10.55	3.29	-7.8500000000000005	-8.18	-1.35
11:30:26.136147	-1.3900000000000001	-14.91	-1.51	1.32	-14.19	-4.6000000000000005	-5.99	-8.99	0.42	6.79	-10.870000000000001	-2.99
11:30:26.146261	-1.46	-12.43	-0.66	0.22	-10.66	-5.97	-4.91	-7.36	2.61	5.0200000000000005	-6.640000000000001	-4.37
11:30:26.156326	-2.22	-10.11	0.64	-1.71	-7.5600000000000005	-3.5100000000000002	-3.06	-7.28	3.54	-0.25	-5.95	1.96
11:30:26.166437	-2.35	-9.43	1.25	-2.94	-6.08	0.03	-0.1	-10.66	1.43	0.17	-8.36	1.81
11:30:26.176691	-2.22	-8.870000000000001	1.9000000000000001	-3.38	-5.76	1.5	1.72	-10.24	2.31	2.36	-8.99	-3.18
11:30:26.186938	-1.55	-8.65	2.86	-2.57	-6.92	0.29	2.0100000000000002	-10.25	1.3	0.85	-7.84	-0.13
11:30:26.197313	-1.41	-8.88	2.83	-1.3800000000000001	-9.1	-0.27	2.2600000000000002	-11.18	0.84	0.17	-9.28	-0.85
11:30:26.207379	-1.23	-9.01	2.5100000000000002	0.15	-10.44	-0.47000000000000003	1.97	-9.56	0.7000000000000001	1.1400000000000001	-10.56	-2.29
11:30:26.217453	-0.9500000000000001	-9.08	2.0100000000000002	1.97	-10.15	0.2	1.01	-8.55	0.34	-0.64	-9.09	-2.27
11:30:26.227607	0.04	-8.97	1.0	5.0600000000000005	-9.06	1.1500000000000001	1.02	-9.72	-0.22	-0.5700000000000001	-9.11	-0.96
11:30:26.238325	0.58	-8.89	0.5700000000000001	5.15	-9.450000000000001	1.22	1.02	-9.72	-0.22	2.0	-9.51	0.01
11:30:26.248458	0.91	-8.86	0.07	4.4	-9.86	1.17	2.32	-10.18	0.13	0.65	-8.86	-3.19
11:30:26.258605	0.97	-8.8	-0.41000000000000003	3.21	-10.01	0.93	1.61	-9.620000000000001	-0.73	1.18	-9.64	-0.28
11:30:26.269488	0.77	-8.88	-1.2	1.1400000000000001	-9.42	0.23	1.1400000000000001	-9.73	-1.1	1.8900000000000001	-11.24	-1.24
11:30:26.279953	0.5700000000000001	-8.97	-1.57	0.37	-9.3	-0.15	1.17	-9.950000000000001	-0.5700000000000001	1.71	-9.84	-2.94
11:30:26.290223	0.3	-9.18	-1.85	-0.41000000000000003	-9.450000000000001	-0.63	0.74	-10.370000000000001	0.31	1.3900000000000001	-8.59	-3.94
11:30:26.300328	0.05	-9.41	-1.97	-0.87	-9.68	-1.01	-0.59	-10.05	0.8200000000000001	1.53	-9.0	-0.81
11:30:26.310451	-0.39	-9.540000000000001	-1.86	-1.48	-9.21	-1.24	-1.25	-9.870000000000001	0.31	1.83	-9.47	-3.1
11:30:26.320595	-0.56	-9.39	-1.69	-2.16	-9.18	-1.76	-1.31	-9.57	0.5700000000000001	1.5	-9.47	-3.21
11:30:26.331092	-0.5	-9.31	-1.46	-2.04	-9.44	-1.85	-0.79	-9.8	0.27	1.75	-9.47	-3.14
11:30:26.341210	-0.39	-9.15	-1.22	-1.93	-9.36	-0.76	-0.37	-9.86	-0.34	1.9000000000000001	-10.040000000000001	-1.69
11:30:26.351345	-0.27	-8.92	-0.7000000000000001	-1.81	-9.27	-0.41000000000000003	0.15	-9.68	-0.44	1.78	-9.290000000000001	-2.5300000000000002
11:30:26.361467	-0.28	-8.790000000000001	-0.5	-1.48	-9.3	-0.18	0.58	-9.31	-0.12	1.6300000000000001	-8.790000000000001	-3.2800000000000002
11:30:26.372583	-0.33	-8.77	-0.31	-0.9500000000000001	-9.07	-0.07	0.53	-9.02	0.17	1.56	-8.92	-1.9100000000000001
11:30:26.382988	-0.39	-8.620000000000001	-0.17	-0.34	-8.700000000000001	0.11	0.2	-9.48	-0.12	1.61	-9.620000000000001	-0.36
11:30:26.393170	-0.41000000000000003	-8.49	-0.03	0.05	-9.03	0.11	0.2	-9.48	-0.12	1.37	-9.28	-3.56
11:30:26.403887	-0.44	-8.59	0.0	0.22	-9.32	0.29	0.28	-9.76	0.03	1.29	-8.75	-3.88
11:30:26.413961	-0.53	-8.68	-0.04	0.5	-9.43	0.31	1.01	-9.56	1.04	1.41	-9.26	-1.4000000000000001
11:30:26.424210	-0.62	-8.8	-0.31	0.8200000000000001	-9.44	0.6	0.8300000000000001	-9.4	0.89	1.68	-9.66	-1.87
11:30:26.434858	-0.6	-8.84	-0.41000000000000003	0.9400000000000001	-9.57	0.46	0.55	-9.64	0.28	1.74	-9.25	-2.74
11:30:26.444929	-0.55	-8.9	-0.5700000000000001	0.86	-9.58	0.36	0.8300000000000001	-9.71	0.44	1.6600000000000001	-9.21	-3.8200000000000003
11:30:26.455001	-0.49	-8.99	-0.65	0.8200000000000001	-9.65	0.05	0.55	-9.76	0.4	1.98	-9.67	-1.51
11:30:26.465075	-0.43	-9.11	-0.7000000000000001	0.61	-9.84	-0.05	0.66	-9.8	0.61	2.31	-8.88	-3.89
11:30:26.475153	-0.36	-9.1	-0.66	0.45	-9.9	-0.17	0.85	-10.09	0.2	1.97	-9.05	-3.5700000000000003
11:30:26.485262	-0.31	-9.08	-0.44	0.15	-9.69	-0.19	1.26	-9.55	0.39	2.05	-9.28	-3.58
11:30:26.495575	-0.31	-9.08	-0.44	-0.39	-9.47	-0.22	0.86	-9.51	0.47000000000000003	1.99	-9.78	-1.29
11:30:26.505854	-0.36	-8.99	-0.17	-0.84	-9.36	-0.05	0.71	-9.82	0.58	1.24	-9.23	-3.99
11:30:26.515926	-0.43	-8.96	-0.16	-1.09	-9.21	0.07	0.74	-9.5	0.66	1.33	-9.1	-4.13
11:30:26.526061	-0.5	-8.96	-0.12	-1.21	-9.07	0.33	0.3	-9.34	0.99	1.62	-8.790000000000001	-3.75
11:30:26.536132	-0.55	-8.97	-0.11	-1.26	-9.14	0.31	-0.06	-9.34	1.72	1.67	-9.46	-1.1400000000000001
11:30:26.546571	-0.59	-9.01	-0.25	-1.36	-9.290000000000001	0.55	-0.31	-9.47	1.55	1.9000000000000001	-9.34	-4.2700000000000005
11:30:26.556642	-0.59	-9.1	-0.29	-1.5	-9.36	0.8200000000000001	0.03	-9.66	0.86	2.06	-9.24	-5.43
11:30:26.566714	-0.5700000000000001	-9.18	-0.34	-1.55	-9.3	0.86	0.29	-9.38	1.31	1.95	-8.950000000000001	-2.86
11:30:26.576817	-0.55	-9.32	-0.38	-1.52	-9.38	1.01	0.65	-9.3	2.23	1.95	-8.950000000000001	-2.86
11:30:26.586900	-0.6	-9.49	-0.37	-1.27	-9.42	1.22	0.37	-10.28	1.43	1.76	-9.94	-4.63
11:30:26.596971	-0.64	-9.64	-0.35000000000000003	-0.98	-9.44	1.56	0.73	-9.6	2.21	1.41	-9.450000000000001	-4.65
11:30:26.607221	-0.5700000000000001	-9.8	-0.16	-0.87	-9.49	2.07	0.68	-9.32	3.15	1.35	-9.56	-5.63
11:30:26.617292	-0.5700000000000001	-9.9	-0.05	-0.98	-9.85	1.86	0.46	-9.92	3.09	1.81	-9.23	-2.31
11:30:26.627403	-0.55	-10.08	0.08	-0.79	-10.14	1.83	0.32	-10.43	2.56	1.53	-10.59	-5.03
11:30:26.637502	-0.56	-10.21	0.19	-1.01	-10.35	1.86	0.99	-10.16	2.38	1.32	-10.540000000000001	-4.99
11:30:26.647569	-0.79	-10.47	0.38	-1.32	-10.34	1.56	0.84	-10.43	2.86	1.92	-10.540000000000001	-5.97
11:30:26.657642	-0.98	-10.620000000000001	0.45	-1.21	-10.6	0.77	0.29	-11.42	1.68	2.2600000000000002	-10.46	-2.42
11:30:26.667713	-1.2	-10.69	0.61	-1.09	-10.66	1.02	0.55	-10.98	1.57	0.85	-11.620000000000001	-5.36
11:30:26.677795	-1.23	-10.84	0.5700000000000001	-1.06	-10.85	1.3900000000000001	0.81	-10.69	1.43	1.09	-10.56	-4.97
11:30:26.688132	-1.57	-11.27	0.68	-0.76	-10.93	1.18	0.6	-10.67	2.09	3.18	-11.08	-3.0700000000000003
11:30:26.698240	-1.75	-11.28	0.59	-0.06	-10.78	1.07	0.35000000000000003	-10.77	0.71	2.5	-11.71	-5.9
11:30:26.708306	-1.77	-11.32	0.56	0.0	-10.99	1.07	0.5	-10.55	0.68	2.89	-10.91	-5.87
11:30:26.718372	-1.87	-11.370000000000001	0.51	-0.05	-11.120000000000001	1.49	0.15	-11.05	-0.05	3.56	-11.290000000000001	-5.39
11:30:26.728492	-1.95	-11.14	0.27	0.06	-11.21	0.8	-0.17	-11.16	-0.22	2.77	-11.370000000000001	-4.61
11:30:26.738562	-1.86	-10.96	0.19	0.24	-11.15	0.24	0.3	-10.53	-0.6900000000000001	2.36	-12.08	-5.5600000000000005
11:30:26.748680	-1.73	-10.81	0.01	0.23	-11.28	0.21	0.26	-10.39	-0.43	2.58	-11.6	-5.93
11:30:26.758776	-0.96	-10.69	-0.16	0.04	-11.25	0.08	-0.04	-11.05	-1.32	3.12	-12.3	-4.96
11:30:26.769432	-0.25	-10.91	0.13	0.08	-11.28	-0.25	0.04	-11.43	-1.84	3.95	-12.9	-4.49
11:30:26.779601	0.5700000000000001	-11.34	0.66	0.6900000000000001	-11.96	0.37	0.89	-11.41	-2.73	4.0	-13.81	-6.0200000000000005
11:30:26.790340	0.87	-12.290000000000001	1.23	1.03	-12.81	0.72	-0.13	-12.280000000000001	-2.04	1.69	-15.07	-5.57
11:30:26.800430	-0.21	-12.950000000000001	1.95	0.09	-12.870000000000001	-0.35000000000000003	-0.97	-12.81	-3.02	0.52	-15.92	-3.39
11:30:26.810525	-0.98	-12.700000000000001	1.83	0.09	-12.870000000000001	-0.35000000000000003	-1.96	-12.65	-3.04	2.11	-15.64	-3.93
11:30:26.821219	-1.44	-12.08	1.32	-0.01	-12.01	-0.92	-2.27	-12.5	-2.75	1.79	-18.1	-2.67
11:30:26.831364	-0.8200000000000001	-11.370000000000001	0.8	-0.01	-12.01	-0.92	-2.64	-13.36	-1.86	-0.5700000000000001	-18.56	-2.7
11:30:26.841467	1.57	-9.72	-0.45	-1.17	-10.84	-1.79	-2.47	-13.620000000000001	-3.2	0.72	-19.84	2.08
11:30:26.851558	2.56	-9.1	-1.03	-1.6400000000000001	-10.21	-1.53	-2.29	-14.72	-4.6000000000000005	1.9100000000000001	-19.85	1.83
11:30:26.862104	3.27	-8.58	-1.54	-1.52	-9.58	-1.58	0.58	-15.01	-5.41	3.6	-19.54	1.84
11:30:26.872176	3.65	-8.13	-1.83	-1.6300000000000001	-8.91	-1.27	1.43	-12.25	-3.73	5.0600000000000005	-18.95	2.86
11:30:26.882434	3.38	-7.88	-1.84	-2.84	-8.63	-0.92	2.48	-12.24	-3.5500000000000003	7.54	-13.81	1.98
11:30:26.892531	2.94	-7.98	-1.61	-3.85	-8.870000000000001	-0.81	3.44	-11.67	-1.23	8.370000000000001	-10.51	-1.74
11:30:26.902980	2.5	-8.17	-1.36	-3.7	-9.19	-0.56	4.0	-10.31	3.3200000000000003	6.99	-8.6	-2.42
11:30:26.913112	2.13	-8.45	-1.02	-2.98	-9.870000000000001	-0.23	3.23	-9.35	7.98	7.29	-5.53	-10.44
11:30:26.923180	1.6500000000000001	-9.34	-0.06	-3.18	-11.94	1.3900000000000001	2.17	-9.4	11.67	0.3	0.68	4.61
11:30:26.933861	1.27	-9.84	0.5	-2.99	-13.450000000000001	1.6	0.12	-10.21	9.65	-9.47	3.4	14.02
11:30:26.943949	0.73	-10.3	0.98	-2.36	-14.5	1.73	-0.47000000000000003	-10.4	7.07	-18.06	7.55	21.35
11:30:26.954611	0.0	-10.83	1.86	-2.2	-14.77	1.83	-0.36	-12.3	4.2	-9.35	-4.95	14.58
11:30:26.964698	-0.2	-10.81	2.0300000000000002	-2.4	-13.33	1.6500000000000001	-1.07	-12.700000000000001	2.81	9.5	-16.72	0.81
11:30:26.974846	-0.22	-10.61	2.0100000000000002	-2.06	-12.24	1.3	-0.6900000000000001	-8.23	5.03	3.86	-10.98	4.48
11:30:26.985026	0.29	-9.540000000000001	1.37	-1.55	-11.21	1.53	0.5700000000000001	-7.08	4.96	-2.25	-6.26	7.96
11:30:26.995155	0.29	-9.540000000000001	1.37	-1.1	-10.450000000000001	1.22	1.52	-6.59	5.5200000000000005	0.76	-0.92	6.5600000000000005
11:30:27.005224	0.38	-9.14	0.99	-0.58	-9.52	0.5700000000000001	1.21	-6.19	5.63	4.08	-2.98	6.88
11:30:27.015297	0.37	-9.01	0.84	-0.68	-9.33	0.75	0.8200000000000001	-6.1000000000000005	4.84	3.79	-4.96	5.33
11:30:27.025853	0.59	-8.870000000000001	0.6	-0.52	-9.06	0.67	0.49	-6.36	4.92	0.96	-6.55	5.07
11:30:27.036399	0.59	-8.870000000000001	0.6	-0.62	-8.94	0.73	0.12	-5.8	5.49	1.2	-9.38	2.98
11:30:27.046880	0.64	-8.84	0.31	-0.99	-8.4	0.77	-0.89	-6.43	5.48	1.43	-6.33	4.78
11:30:27.056951	0.5700000000000001	-8.86	0.24	-1.37	-8.03	0.44	-0.72	-6.74	5.37	1.43	-6.33	4.78
11:30:27.067025	0.34	-8.85	0.22	-1.73	-7.72	0.12	-0.66	-6.43	5.84	1.43	-6.33	4.78
11:30:27.077096	0.2	-8.89	0.26	-1.96	-7.640000000000001	-0.23	-0.92	-6.86	6.04	1.43	-6.33	4.78
11:30:27.087178	0.13	-8.91	0.32	-2.31	-7.24	-0.6900000000000001	-0.99	-7.05	6.3100000000000005	1.43	-6.33	4.78
11:30:27.097250	0.12	-8.870000000000001	0.41000000000000003	-2.5300000000000002	-7.03	-0.52	-1.55	-7.07	6.8100000000000005	-0.23	-11.67	-0.67
11:30:27.107349	-0.02	-8.75	0.65	-3.14	-6.93	-0.38	-2.04	-7.33	6.78	0.1	-13.07	-2.45
11:30:27.117421	-0.05	-8.69	0.72	-3.21	-6.5600000000000005	-0.04	-1.8800000000000001	-8.14	6.3	0.1	-13.07	-2.45
11:30:27.127519	-0.07	-8.61	0.77	-3.09	-6.69	-0.19	-0.38	-8.3	5.8	0.1	-13.07	-2.45
11:30:27.137595	0.0	-8.41	0.71	-2.7800000000000002	-6.51	-0.08	-0.38	-8.3	5.8	2.71	-13.49	-4.21
11:30:27.147666	0.06	-8.4	0.64	-2.38	-6.69	-0.09	-0.19	-8.61	5.63	4.23	-14.3	-5.91
11:30:27.157732	0.16	-8.34	0.58	-1.2	-6.92	-0.4	-0.37	-8.91	5.57	5.14	-14.61	-6.58
11:30:27.167859	0.25	-8.370000000000001	0.48	-0.6	-6.88	-0.48	-0.63	-9.3	5.53	5.6000000000000005	-14.84	-7.07
11:30:27.177926	0.34	-8.39	0.38	-0.15	-7.15	-1.21	-0.33	-9.55	5.44	4.9	-14.4	-9.040000000000001
11:30:27.188130	0.27	-8.370000000000001	0.37	0.25	-6.95	-1.79	0.13	-9.58	5.55	4.65	-13.67	-9.25
11:30:27.198199	0.18	-8.42	0.39	1.02	-7.25	-3.19	0.23	-9.53	4.88	4.75	-13.81	-9.94
11:30:27.208814	0.05	-8.52	0.5	1.36	-7.55	-3.92	0.23	-9.53	4.88	4.75	-13.81	-9.94
11:30:27.218893	-0.14	-8.81	0.6900000000000001	1.73	-7.63	-4.64	0.75	-9.46	4.2700000000000005	5.47	-13.14	-12.23
11:30:27.229460	-0.19	-8.99	0.8	2.22	-7.66	-4.98	0.79	-9.49	3.97	5.47	-13.14	-12.23
11:30:27.239590	-0.19	-9.17	0.91	2.75	-7.78	-4.5600000000000005	0.5	-9.38	3.69	4.9	-12.950000000000001	-13.23
11:30:27.249910	-0.2	-9.34	0.99	3.0500000000000003	-8.23	-4.45	-0.46	-9.83	2.83	3.93	-12.83	-14.02
11:30:27.260200	-0.33	-9.71	1.22	2.94	-8.540000000000001	-4.18	-0.78	-9.97	2.49	3.7	-12.74	-14.8
11:30:27.270344	-0.4	-9.85	1.26	2.72	-9.01	-4.0	-0.88	-9.66	2.06	3.7	-12.74	-14.8
11:30:27.281074	-0.47000000000000003	-9.98	1.35	1.8900000000000001	-9.65	-3.7	-0.68	-9.040000000000001	1.21	3.7	-12.74	-14.8
11:30:27.291198	-0.5	-10.14	1.3800000000000001	1.1500000000000001	-9.85	-3.0100000000000002	-0.66	-9.03	1.05	3.43	-10.6	-15.96
11:30:27.301795	-0.52	-10.41	1.23	0.81	-9.86	-2.35	-0.79	-8.55	1.05	3.43	-10.6	-15.96
11:30:27.311907	-0.47000000000000003	-10.51	1.03	0.42	-10.23	-2.5500000000000003	-0.91	-8.53	0.9500000000000001	2.66	-10.0	-15.870000000000001
11:30:27.321974	-0.49	-10.61	0.9	0.43	-10.46	-3.3000000000000003	-1.07	-8.31	1.3900000000000001	2.39	-9.33	-15.57
11:30:27.332708	-0.52	-10.85	0.61	0.5	-10.59	-4.07	-1.02	-8.32	1.61	1.45	-9.03	-14.69
11:30:27.343073	-0.76	-11.03	0.5	0.47000000000000003	-10.57	-4.88	-0.79	-8.39	1.74	1.07	-9.03	-14.24
11:30:27.353160	-0.62	-11.06	0.55	0.37	-10.35	-5.12	-0.15	-8.51	2.08	0.87	-9.28	-13.82
11:30:27.363556	-0.89	-11.15	0.43	0.23	-10.07	-4.82	0.15	-8.59	2.24	0.87	-9.28	-13.82
11:30:27.373716	-0.89	-11.15	0.43	0.11	-9.72	-4.42	0.22	-8.48	2.43	0.87	-9.28	-13.82
11:30:27.384266	-1.1300000000000001	-11.120000000000001	0.61	-0.17	-9.21	-3.69	0.27	-8.59	2.46	0.87	-9.28	-13.82
11:30:27.394828	-1.12	-10.98	0.77	-0.48	-8.38	-2.45	0.12	-8.65	2.92	3.93	-12.39	-14.34
11:30:27.404976	-1.32	-10.51	0.93	-0.53	-8.31	-2.33	-0.04	-8.540000000000001	3.19	1.04	-4.51	-10.120000000000001
11:30:27.415332	-0.93	-10.200000000000001	0.98	-0.6	-8.02	-1.98	-0.25	-8.5	3.65	1.04	-4.51	-10.120000000000001
11:30:27.425404	0.2	-10.51	0.96	-0.73	-8.290000000000001	-1.9000000000000001	-0.01	-12.81	-2.56	2.79	-13.8	2.5500000000000003
11:30:27.435478	1.01	-11.81	0.55	-0.92	-13.58	-0.71	-0.25	-17.38	-12.72	2.79	-13.8	2.5500000000000003
11:30:27.445563	1.1300000000000001	-13.24	-0.3	-0.84	-15.71	-0.32	-1.8900000000000001	-19.54	-11.76	2.79	-13.8	2.5500000000000003
11:30:27.455632	1.37	-14.08	-1.83	-0.63	-15.780000000000001	-0.9500000000000001	-0.41000000000000003	-16.92	-2.09	2.79	-13.8	2.5500000000000003
11:30:27.465748	1.7	-13.870000000000001	-2.29	0.9	-13.47	-3.47	-0.31	-11.35	3.19	2.79	-13.8	2.5500000000000003
11:30:27.475816	1.6400000000000001	-13.07	-2.39	0.84	-11.68	-2.81	-2.6	-9.98	4.14	2.79	-13.8	2.5500000000000003
11:30:27.485895	1.42	-12.040000000000001	-1.96	0.16	-10.290000000000001	-2.93	-3.94	-8.86	1.07	2.79	-13.8	2.5500000000000003
11:30:27.495975	0.33	-9.94	-0.91	-0.88	-8.52	-3.3200000000000003	-2.11	-6.91	3.49	9.67	-5.66	-7.66
11:30:27.506041	-0.05	-9.08	-0.17	-3.2	-5.53	-0.44	-0.21	-8.8	2.12	9.67	-5.66	-7.66
11:30:27.516164	-0.17	-8.41	0.6900000000000001	-3.87	-5.63	0.7000000000000001	0.58	-9.8	1.2	5.2	-7.51	-3.77
11:30:27.526236	-0.14	-8.26	1.9100000000000001	-3.35	-6.72	0.79	2.62	-10.09	1.51	5.2	-7.51	-3.77
11:30:27.536311	-0.15	-8.67	2.08	-1.92	-8.36	0.37	3.35	-11.58	1.08	5.2	-7.51	-3.77
11:30:27.546458	-0.15	-8.67	2.08	1.07	-9.950000000000001	0.55	2.23	-11.88	1.01	0.53	-9.06	0.0
11:30:27.556849	0.05	-9.450000000000001	1.73	2.36	-9.55	1.1500000000000001	1.06	-10.1	0.87	1.96	-11.44	-3.37
11:30:27.566918	0.9500000000000001	-9.69	0.98	3.37	-9.65	1.05	-0.71	-8.46	0.65	1.96	-11.44	-3.37
11:30:27.576986	1.57	-9.540000000000001	0.63	4.24	-10.14	0.35000000000000003	-0.74	-8.950000000000001	0.8200000000000001	1.96	-11.44	-3.37
11:30:27.587082	2.07	-9.31	0.17	3.84	-10.43	0.29	-0.46	-9.49	0.42	1.43	-9.32	0.03
11:30:27.597191	2.37	-9.05	-0.18	2.39	-10.17	0.38	0.23	-10.01	0.43	2.5	-7.84	-2.24
11:30:27.607320	2.36	-8.83	-0.88	1.01	-9.35	0.43	1.21	-10.19	0.09	2.5	-7.84	-2.24
11:30:27.617387	2.14	-8.92	-1.23	-0.01	-9.26	0.1	1.1300000000000001	-9.99	-0.66	1.85	-9.57	-0.81
11:30:27.627462	1.87	-9.09	-1.55	-0.97	-9.48	-0.59	1.06	-10.040000000000001	-1.26	2.14	-11.13	-4.8
11:30:27.637595	1.6	-9.290000000000001	-1.77	-1.07	-9.700000000000001	-1.41	1.31	-9.98	0.42	2.14	-11.13	-4.8
11:30:27.647718	0.9400000000000001	-9.67	-1.95	-0.97	-9.53	-1.59	1.01	-10.08	1.22	1.46	-8.66	-3.66
11:30:27.657784	0.6900000000000001	-9.78	-1.79	-0.87	-8.67	-1.51	0.58	-9.88	1.29	1.46	-8.66	-3.66
11:30:27.667859	0.46	-9.86	-1.57	-0.88	-9.1	-1.27	0.14	-9.71	0.9400000000000001	1.68	-9.22	-2.66
11:30:27.678011	0.22	-9.88	-1.32	-1.1	-9.17	-0.65	-0.02	-9.91	1.11	1.68	-9.22	-2.66
11:30:27.688145	-0.02	-9.66	-0.81	-1.0	-9.36	-0.35000000000000003	0.29	-10.19	1.29	1.26	-9.59	-4.25
11:30:27.698581	-0.09	-9.47	-0.58	-0.75	-9.44	-0.18	0.62	-10.33	1.16	1.44	-9.86	-1.45
11:30:27.708697	-0.02	-9.25	-0.31	-0.11	-9.46	-0.01	0.99	-9.26	1.16	1.56	-9.34	-3.5
11:30:27.719293	0.13	-8.83	0.08	0.29	-9.25	0.04	0.88	-9.34	1.23	1.56	-9.34	-3.5
11:30:27.729900	0.17	-8.82	0.18	0.67	-9.290000000000001	0.27	0.53	-9.68	0.8300000000000001	1.53	-8.44	-2.33
11:30:27.740017	0.18	-8.74	0.18	1.35	-9.89	0.27	0.28	-9.950000000000001	0.8300000000000001	1.53	-8.44	-2.33
11:30:27.750091	0.22	-8.81	0.11	1.35	-9.89	0.27	0.49	-9.89	0.97	1.53	-8.44	-2.33
11:30:27.760758	0.25	-8.99	-0.29	1.41	-9.81	0.06	0.62	-9.67	0.74	1.53	-8.44	-2.33
11:30:27.770852	0.19	-9.14	-0.47000000000000003	1.43	-9.69	-0.06	0.72	-9.86	0.06	1.53	-8.44	-2.33
11:30:27.780949	0.15	-9.21	-0.59	0.98	-9.620000000000001	-0.28	1.2	-9.72	0.34	1.53	-8.44	-2.33
11:30:27.791044	0.01	-9.23	-0.76	0.98	-9.620000000000001	-0.28	1.43	-9.58	0.56	1.97	-9.68	-3.97
11:30:27.801328	-0.08	-9.200000000000001	-0.89	0.9500000000000001	-9.55	-0.38	1.43	-9.6	0.7000000000000001	1.56	-9.0	-4.34
11:30:27.811446	-0.15	-9.120000000000001	-0.84	0.1	-9.67	-0.43	0.37	-10.040000000000001	-0.04	2.08	-9.05	-3.73
11:30:27.821565	-0.1	-9.07	-0.77	-0.08	-9.6	-0.45	0.55	-9.75	-0.16	1.71	-9.18	-3.39
11:30:27.831661	-0.14	-9.040000000000001	-0.75	-0.29	-9.51	-0.48	0.67	-9.39	-0.07	2.0	-9.24	-4.66
11:30:27.842339	-0.01	-8.93	-0.46	-0.3	-9.57	-0.64	0.47000000000000003	-9.9	0.3	2.14	-9.16	-1.47
11:30:27.852467	0.0	-8.83	-0.36	-0.54	-9.370000000000001	-0.63	0.52	-9.91	0.17	2.14	-9.16	-1.47
11:30:27.862567	-0.04	-8.85	-0.21	-0.58	-9.24	-0.6	0.67	-9.4	0.47000000000000003	1.52	-9.21	-4.69
11:30:27.872769	-0.11	-8.8	-0.17	-0.56	-9.040000000000001	-0.63	0.23	-9.23	1.05	1.77	-8.72	-3.91
11:30:27.882844	-0.25	-8.76	-0.09	-0.5	-9.09	-0.5	0.22	-9.790000000000001	0.87	2.2	-9.17	-0.61
11:30:27.893177	-0.3	-8.74	-0.08	-0.58	-9.27	0.17	0.56	-9.58	0.43	1.46	-9.25	-4.04
11:30:27.903575	-0.3	-8.790000000000001	-0.04	-0.65	-9.120000000000001	0.63	0.77	-9.43	0.14	1.75	-9.48	-4.61
11:30:27.913660	-0.29	-8.85	-0.06	-0.67	-9.1	0.9	0.68	-9.290000000000001	1.59	2.05	-8.76	-4.63
11:30:27.923772	-0.29	-8.91	-0.1	-0.49	-9.22	1.01	0.1	-9.88	0.66	2.05	-8.76	-4.63
11:30:27.934392	-0.23	-9.07	-0.11	-0.39	-9.51	1.43	0.07	-9.89	0.27	1.95	-9.49	-4.18
11:30:27.944503	-0.02	-9.78	-0.14	-0.31	-9.55	1.69	0.5700000000000001	-9.57	0.4	2.0300000000000002	-9.57	-5.5200000000000005
11:30:27.954619	0.02	-9.950000000000001	-0.16	-0.35000000000000003	-9.58	1.83	1.01	-9.72	1.6600000000000001	1.75	-8.98	-3.33
11:30:27.964711	0.06	-10.06	-0.11	-0.49	-9.69	1.75	0.51	-10.200000000000001	0.78	2.0	-9.86	-4.49
11:30:27.974837	0.09	-10.19	-0.15	-0.99	-9.96	1.53	0.78	-9.83	0.97	1.83	-9.69	-3.86
11:30:27.985024	0.04	-10.39	-0.16	-1.27	-10.09	1.22	1.08	-9.91	2.14	1.68	-10.290000000000001	-5.29
11:30:27.995156	0.0	-10.450000000000001	-0.13	-1.24	-10.32	1.1300000000000001	0.5700000000000001	-10.6	1.24	1.97	-9.91	-3.2600000000000002
11:30:28.005653	-0.09	-10.53	-0.16	-1.3900000000000001	-10.61	1.07	0.36	-10.86	1.85	2.3000000000000003	-10.94	-4.83
11:30:28.015758	-0.22	-10.64	-0.14	-1.86	-10.82	1.27	0.84	-10.75	1.6400000000000001	1.77	-11.34	-4.7700000000000005
11:30:28.025832	-0.45	-10.96	-0.19	-1.56	-11.040000000000001	1.1	0.37	-11.05	2.59	1.98	-11.61	-6.24
11:30:28.035905	-0.66	-10.950000000000001	-0.09	-1.25	-11.14	1.02	-0.13	-11.700000000000001	2.18	1.6300000000000001	-9.88	-2.77
11:30:28.045978	-0.7000000000000001	-10.99	-0.14	-1.07	-11.1	0.99	-0.11	-11.59	2.22	1.29	-10.89	-4.84
11:30:28.056055	-1.0	-11.25	-0.14	-0.7000000000000001	-11.02	1.06	-0.06	-10.92	2.56	2.59	-11.15	-4.95
11:30:28.066170	-1.43	-11.14	-0.03	-0.67	-10.98	0.5700000000000001	0.07	-11.06	1.81	3.2600000000000002	-10.84	-5.97
11:30:28.076246	-1.59	-11.07	0.02	-0.42	-10.93	0.49	0.0	-11.31	1.47	3.11	-10.44	-3.69
11:30:28.086317	-1.71	-11.08	0.1	-0.39	-10.86	0.81	0.1	-11.05	1.28	3.11	-10.44	-3.69
11:30:28.096385	-1.97	-10.89	0.18	-0.15	-10.91	0.32	0.16	-10.58	1.34	2.83	-11.14	-5.67
11:30:28.106490	-1.97	-10.77	0.18	-0.04	-10.75	0.01	0.21	-10.69	0.65	2.83	-11.05	-5.8100000000000005
11:30:28.116557	-1.98	-10.59	0.2	0.15	-10.64	-0.03	-0.19	-10.950000000000001	0.24	2.43	-10.69	-4.23
11:30:28.126625	-1.8900000000000001	-10.35	0.16	0.37	-10.49	-0.11	0.18	-10.03	-0.06	2.19	-11.69	-5.83
11:30:28.136701	-1.45	-9.83	0.26	0.48	-10.26	-0.68	-0.22	-10.06	0.21	1.87	-11.33	-5.82
11:30:28.146771	-0.98	-9.67	0.33	0.33	-10.17	-0.74	-0.12	-10.3	-0.4	1.99	-11.57	-5.37
11:30:28.156846	-0.19	-9.76	0.6900000000000001	0.7000000000000001	-10.76	-0.7000000000000001	0.0	-10.89	-1.01	3.45	-11.85	-3.45
11:30:28.166915	0.5	-10.28	1.16	1.26	-12.44	0.06	0.87	-11.15	-1.45	4.0600000000000005	-13.07	-6.22
11:30:28.176987	0.18	-12.120000000000001	2.14	1.18	-12.370000000000001	0.0	0.02	-11.85	-0.9	2.04	-14.71	-5.94
11:30:28.187075	-0.42	-12.780000000000001	2.47	0.81	-12.040000000000001	-0.27	-0.48	-12.58	-1.87	-0.53	-14.9	-1.9000000000000001
11:30:28.197148	-1.1	-13.15	2.49	0.5700000000000001	-12.120000000000001	-0.62	-1.48	-12.73	-2.0300000000000002	1.6	-14.76	-3.0500000000000003
11:30:28.207230	-1.49	-13.08	2.21	-0.52	-12.09	-0.63	-1.8800000000000001	-12.99	-1.59	2.12	-17.490000000000002	-2.25
11:30:28.217302	0.03	-11.66	1.12	-0.78	-11.86	-0.58	-1.85	-13.16	-2.77	0.41000000000000003	-18.61	-2.9
11:30:28.227395	1.32	-10.67	0.46	-0.66	-11.370000000000001	-1.01	-1.6300000000000001	-13.99	-3.59	1.07	-20.04	2.13
11:30:28.237469	2.24	-9.8	-0.31	-0.66	-10.78	-1.35	-0.73	-14.67	-4.28	1.4000000000000001	-18.43	2.42
11:30:28.247593	3.14	-9.01	-0.8	-2.4	-8.93	-1.08	0.21	-13.96	-5.3100000000000005	1.46	-17.76	1.19
11:30:28.257669	3.62	-7.7700000000000005	-1.5	-2.5100000000000002	-9.06	-2.02	0.92	-11.65	-3.66	3.67	-16.97	1.6400000000000001
11:30:28.267795	3.27	-7.42	-1.61	-2.5500000000000003	-9.28	-1.44	3.02	-11.63	0.07	7.46	-13.72	-3.41
11:30:28.277929	2.72	-7.4	-1.62	-3.77	-9.41	-0.61	3.74	-10.53	2.52	8.24	-10.26	-5.65
11:30:28.288303	1.78	-7.76	-1.45	-3.3000000000000003	-10.08	0.02	2.94	-10.33	5.07	6.51	-1.92	-3.98
11:30:28.298454	1.53	-8.25	-1.04	-3.08	-10.38	0.76	2.18	-10.06	7.97	6.51	-1.92	-3.98
11:30:28.308569	1.23	-8.950000000000001	-0.46	-2.83	-10.9	1.16	0.62	-9.370000000000001	8.85	-10.19	3.63	13.790000000000001
11:30:28.318663	0.86	-9.61	0.19	-1.8800000000000001	-12.32	0.91	0.42	-8.620000000000001	7.3100000000000005	-18.76	5.7700000000000005	21.21
11:30:28.328770	0.14	-10.84	1.52	-1.5	-13.59	1.48	-0.36	-10.35	2.15	0.42	-14.200000000000001	8.26
11:30:28.339487	-0.07	-11.1	2.0300000000000002	-2.04	-12.91	1.25	-0.79	-9.57	2.88	8.2	-15.82	2.5500000000000003
11:30:28.349627	-0.2	-11.08	2.33	-2.2	-12.47	1.27	-0.05	-8.41	3.97	3.75	-10.17	3.73
11:30:28.360362	-0.22	-10.84	2.4	-2.08	-11.77	0.68	0.97	-7.59	4.17	-0.2	-5.05	7.04
11:30:28.370476	-0.15	-10.07	2.05	-1.52	-10.22	0.91	1.96	-7.2700000000000005	5.32	1.31	-0.53	7.1000000000000005
11:30:28.380598	-0.07	-9.65	1.76	-1.59	-9.69	0.8300000000000001	1.59	-6.86	4.8100000000000005	4.44	-2.73	7.91
11:30:28.390707	0.0	-9.26	1.41	-1.12	-9.620000000000001	0.73	1.04	-6.7700000000000005	4.72	3.58	-5.18	5.34
11:30:28.400835	0.19	-9.040000000000001	1.1400000000000001	-1.02	-9.21	0.72	0.0	-6.37	4.63	-0.4	-12.83	2.11
11:30:28.411210	0.43	-8.67	0.61	-1.02	-9.21	0.72	-0.9400000000000001	-6.67	4.93	0.73	-10.94	3.11
11:30:28.421313	0.45	-8.59	0.34	-1.2	-8.55	0.23	-1.6300000000000001	-7.09	5.48	0.41000000000000003	-6.07	4.2
11:30:28.431440	0.36	-8.58	0.18	-1.3900000000000001	-8.2	0.05	-1.52	-6.87	5.34	0.62	-6.42	3.67
11:30:28.442183	0.28	-8.61	0.09	-1.55	-7.5	-0.43	-1.21	-6.63	5.87	1.04	-10.24	0.97
11:30:28.452279	0.18	-8.77	0.15	-1.73	-7.16	-0.58	-1.27	-6.9	5.43	0.87	-10.75	0.17
11:30:28.462379	0.21	-8.75	0.23	-1.87	-7.18	-0.67	-1.6400000000000001	-7.21	5.7	0.32	-11.15	-0.66
11:30:28.472790	0.14	-8.82	0.43	-2.5300000000000002	-6.88	-0.58	-1.29	-7.37	6.32	0.26	-11.52	-1.46
11:30:28.483192	-0.1	-8.83	0.8300000000000001	-2.59	-6.88	-0.5	-1.2	-7.46	5.92	1.06	-12.57	-2.87
11:30:28.493818	-0.27	-8.8	0.9500000000000001	-2.5500000000000003	-6.94	-0.48	-0.7000000000000001	-8.02	5.4	1.73	-13.07	-3.49
11:30:28.504062	-0.36	-8.77	1.01	-2.5	-6.79	-0.51	0.15	-8.42	5.48	2.6	-13.1	-3.92
11:30:28.514137	-0.36	-8.74	1.02	-2.0	-7.05	-0.76	1.1	-9.22	5.24	3.5100000000000002	-13.07	-4.41
11:30:28.524241	-0.19	-8.69	0.85	-1.67	-7.12	-0.99	0.71	-9.46	5.07	4.68	-14.22	-6.53
11:30:28.534310	-0.09	-8.67	0.6900000000000001	-1.1500000000000001	-7.19	-1.12	0.31	-9.52	5.0200000000000005	4.83	-14.040000000000001	-6.82
11:30:28.544381	0.0	-8.66	0.49	-0.89	-7.3100000000000005	-1.34	-0.25	-9.24	5.19	4.7700000000000005	-13.75	-6.99
11:30:28.554448	0.03	-8.68	0.32	0.02	-7.49	-2.17	-0.28	-9.64	5.11	3.88	-14.43	-7.57
11:30:28.564531	-0.05	-8.82	0.19	0.34	-7.49	-2.7600000000000002	-0.19	-9.77	5.11	3.69	-14.040000000000001	-7.62
11:30:28.574629	-0.06	-8.9	0.23	0.67	-7.41	-3.35	-0.39	-10.3	5.2	3.68	-13.75	-7.71
11:30:28.584703	-0.14	-9.01	0.33	0.76	-7.49	-3.52	-0.15	-10.19	4.7	3.58	-14.08	-8.28
11:30:28.594777	-0.49	-9.16	0.9	1.32	-7.75	-3.73	-0.14	-10.22	4.3	3.37	-14.14	-9.21
11:30:28.604874	-0.59	-9.24	0.99	1.6300000000000001	-8.02	-3.75	0.06	-10.08	4.0200000000000005	3.66	-14.0	-9.98
11:30:28.614956	-0.66	-9.26	1.1400000000000001	2.02	-8.26	-3.59	0.1	-10.120000000000001	3.43	3.64	-13.98	-10.42
11:30:28.625028	-0.66	-9.32	1.25	2.2800000000000002	-8.42	-3.27	-0.21	-9.83	3.27	3.2800000000000002	-14.02	-11.24
11:30:28.635102	-0.61	-9.46	1.32	2.17	-8.790000000000001	-3.12	-0.52	-9.9	2.73	2.93	-14.0	-13.09
11:30:28.645175	-0.53	-9.55	1.28	2.0100000000000002	-9.13	-3.42	-0.79	-10.17	2.31	3.0300000000000002	-13.56	-14.290000000000001
11:30:28.655271	-0.51	-9.67	1.21	1.7	-9.42	-3.5	-0.87	-9.28	1.78	3.5700000000000003	-12.43	-14.950000000000001
11:30:28.665430	-0.49	-9.86	1.05	1.5	-9.66	-3.5700000000000003	-0.92	-8.81	1.62	3.92	-11.84	-15.77
11:30:28.676012	-0.43	-10.01	0.97	1.06	-10.25	-3.98	-0.9400000000000001	-8.76	1.32	3.98	-10.77	-16.7
11:30:28.686082	-0.46	-10.18	0.81	0.8	-10.41	-4.21	-0.87	-8.89	1.03	3.5300000000000002	-10.200000000000001	-16.81
11:30:28.696150	-0.44	-10.34	0.72	0.77	-10.46	-4.54	-0.84	-8.18	1.18	2.97	-9.700000000000001	-16.7
11:30:28.706228	-0.6	-10.78	0.4	0.65	-10.450000000000001	-4.42	-0.8300000000000001	-8.040000000000001	1.05	1.86	-9.17	-16.55
11:30:28.716305	-0.67	-10.870000000000001	0.29	0.39	-10.57	-4.57	-0.31	-7.99	1.29	1.33	-8.870000000000001	-16.14
11:30:28.726375	-0.79	-11.15	0.28	0.23	-10.58	-4.68	0.03	-8.24	1.33	0.8200000000000001	-9.200000000000001	-15.610000000000001
11:30:28.736449	-1.01	-11.21	0.28	0.25	-10.63	-4.78	0.15	-8.5	1.41	0.67	-9.55	-14.99
11:30:28.746519	-1.54	-11.18	0.52	0.13	-10.49	-4.76	0.05	-8.58	1.69	0.81	-9.31	-13.25
11:30:28.756590	-1.76	-11.07	0.71	-0.07	-10.01	-3.91	-0.09	-8.57	2.12	0.96	-9.4	-12.47
11:30:28.766701	-1.98	-10.9	0.89	-0.26	-9.5	-3.09	-0.09	-8.58	2.45	1.6400000000000001	-10.1	-11.21
11:30:28.776770	-2.12	-10.700000000000001	1.06	-0.26	-8.9	-2.33	0.0	-8.73	2.48	4.95	-12.67	-12.07
11:30:28.786845	-2.0100000000000002	-10.370000000000001	1.1500000000000001	-0.18	-8.42	-1.69	-0.36	-9.0	2.85	3.08	-4.62	-9.25
11:30:28.796918	-1.86	-10.21	1.22	-0.09	-7.73	-1.02	-0.37	-9.26	3.8200000000000003	1.8900000000000001	-4.14	-4.16
11:30:28.806995	-1.35	-10.040000000000001	1.1300000000000001	0.13	-7.04	-0.9	-0.45	-9.540000000000001	3.36	3.68	-6.48	-1.31
11:30:28.817079	-0.48	-10.22	1.12	0.37	-7.0200000000000005	-0.62	-0.29	-11.24	0.63	2.23	-21.17	18.38
11:30:28.827148	0.66	-11.97	0.14	-0.25	-13.11	0.17	-0.41000000000000003	-17.03	-12.73	3.4	-25.29	23.91
11:30:28.837235	0.8	-12.71	-0.49	-0.48	-13.84	-0.68	-0.75	-16.79	-6.640000000000001	10.11	-19.12	-9.43
11:30:28.847311	1.07	-13.21	-1.02	-0.55	-12.99	-2.12	1.22	-13.77	0.34	9.32	-8.02	-9.22
11:30:28.857408	1.1400000000000001	-12.83	-1.79	-0.78	-13.51	-2.31	0.88	-12.030000000000001	3.22	-6.640000000000001	-7.6000000000000005	-6.76
11:30:28.867505	0.9	-12.290000000000001	-1.77	0.65	-14.91	-4.45	-3.63	-10.540000000000001	2.41	-5.01	-10.84	0.48
11:30:28.877661	0.53	-11.540000000000001	-1.53	0.37	-12.32	-4.84	-4.18	-9.27	1.06	1.45	-11.08	0.86
11:30:28.888166	0.01	-10.73	-1.16	-1.29	-8.91	-3.77	-3.58	-8.07	2.2800000000000002	0.03	-7.68	-1.94
11:30:28.898276	-0.18	-9.48	0.08	-2.91	-6.88	-1.68	0.35000000000000003	-9.28	1.81	0.12	-8.61	-1.77
11:30:28.908353	-0.1	-9.14	0.64	-3.41	-6.53	0.8	2.2600000000000002	-10.07	1.6600000000000001	-0.16	-8.28	-0.8200000000000001
11:30:28.918483	0.04	-8.86	1.04	-2.54	-7.34	1.12	3.2600000000000002	-10.41	1.36	1.95	-9.34	2.2
11:30:28.928553	0.18	-8.58	1.49	-1.37	-8.040000000000001	1.5	1.03	-11.14	0.14	2.36	-11.06	-5.72
11:30:28.939276	0.62	-8.31	1.78	-0.31	-8.46	1.75	-0.07	-8.28	1.36	1.16	-10.24	-3.48
11:30:28.949488	0.98	-8.32	1.8	2.48	-9.06	1.73	-0.45	-8.44	0.93	-0.65	-9.02	-1.46
11:30:28.960129	1.45	-8.41	1.69	3.65	-9.540000000000001	1.26	0.48	-9.66	0.55	1.79	-9.99	-2.7600000000000002
11:30:28.970239	1.82	-8.66	1.48	4.28	-10.56	1.03	1.55	-10.23	0.9400000000000001	2.57	-8.24	-3.0
11:30:28.980390	1.8800000000000001	-9.25	0.53	3.97	-11.0	1.06	1.96	-10.65	0.41000000000000003	1.87	-7.99	-1.74
11:30:28.990509	1.6	-9.52	-0.08	1.69	-10.48	0.59	1.41	-10.03	-0.58	1.16	-8.93	-2.39
11:30:29.001172	1.25	-9.75	-0.71	0.09	-9.370000000000001	0.06	1.11	-9.51	-0.58	1.98	-10.03	-3.27
11:30:29.011282	0.93	-9.870000000000001	-1.26	-0.32	-9.15	-0.29	1.16	-9.26	0.0	1.72	-10.74	-3.99
11:30:29.021384	0.62	-9.83	-1.86	-1.22	-8.9	-1.07	1.12	-9.69	0.16	1.47	-10.14	-3.94
11:30:29.032031	0.45	-9.74	-1.8900000000000001	-1.24	-8.68	-1.01	0.62	-10.25	0.34	1.42	-9.17	-1.93
11:30:29.042159	0.24	-9.700000000000001	-1.72	-1.57	-9.43	-1.6600000000000001	0.3	-10.1	0.6	1.96	-9.09	-2.88
11:30:29.052236	-0.1	-9.58	-1.19	-1.02	-9.53	-1.54	0.18	-9.700000000000001	1.22	1.55	-9.11	-3.08
11:30:29.062361	-0.19	-9.51	-0.91	-1.1300000000000001	-9.55	-0.64	0.03	-9.71	0.66	1.2	-8.97	-3.64
11:30:29.072467	-0.21	-9.35	-0.59	-0.75	-9.66	-0.16	-0.11	-10.01	0.12	2.0	-10.11	-2.1
11:30:29.082985	-0.21	-9.23	-0.34	-0.52	-9.66	-0.14	0.21	-9.91	0.08	1.87	-9.63	-3.75
11:30:29.093634	-0.13	-8.94	0.07	-0.08	-9.46	-0.07	0.71	-9.65	0.38	1.71	-9.09	-3.2600000000000002
11:30:29.103942	-0.12	-8.790000000000001	0.22	0.55	-9.16	0.09	1.02	-9.42	0.16	1.42	-8.83	-2.83
11:30:29.114043	-0.07	-8.65	0.28	0.63	-9.15	0.25	0.92	-9.540000000000001	-0.34	2.23	-9.32	-2.6
11:30:29.124124	-0.06	-8.6	0.31	0.78	-9.24	0.22	0.98	-9.56	0.08	1.73	-9.01	-3.31
11:30:29.134195	-0.11	-8.59	0.16	0.9400000000000001	-9.28	0.24	0.97	-9.450000000000001	0.76	1.44	-8.85	-3.31
11:30:29.144274	-0.22	-8.66	0.04	1.19	-9.39	0.11	0.71	-9.66	0.86	1.5	-8.870000000000001	-2.74
11:30:29.154361	-0.27	-8.75	-0.1	1.28	-9.6	0.11	0.45	-9.86	0.48	1.8900000000000001	-9.44	-3.91
11:30:29.164431	-0.39	-8.92	-0.22	1.5	-9.56	0.12	0.63	-9.76	0.67	1.75	-9.09	-3.5500000000000003
11:30:29.174509	-0.58	-9.21	-0.37	1.07	-9.48	0.32	0.72	-9.65	1.1	1.52	-8.9	-3.99
11:30:29.184578	-0.64	-9.200000000000001	-0.29	0.8200000000000001	-9.6	0.17	0.78	-9.94	1.01	1.7	-9.15	-1.85
11:30:29.194649	-0.73	-9.26	-0.25	0.55	-9.67	0.14	0.85	-10.17	0.88	2.38	-9.200000000000001	-4.49
11:30:29.204726	-0.78	-9.39	-0.19	0.24	-9.68	0.12	1.0	-9.66	0.88	1.85	-9.01	-3.64
11:30:29.214799	-0.72	-9.49	0.08	-0.3	-9.48	0.2	0.5700000000000001	-9.85	1.1300000000000001	2.1	-9.07	-4.49
11:30:29.224913	-0.65	-9.46	0.17	-0.56	-9.57	0.24	0.3	-10.07	1.09	2.21	-9.94	-1.95
11:30:29.234986	-0.56	-9.42	0.22	-0.68	-9.5	0.29	0.18	-10.0	1.1	1.51	-9.39	-4.58
11:30:29.245102	-0.39	-9.35	0.23	-0.98	-9.370000000000001	0.41000000000000003	-0.14	-9.57	1.62	1.31	-9.18	-4.07
11:30:29.255172	-0.34	-9.3	0.12	-1.37	-9.290000000000001	0.24	-0.26	-9.53	1.95	1.93	-8.94	-4.73
11:30:29.265249	-0.3	-9.28	0.0	-1.52	-9.44	0.47000000000000003	-0.12	-9.97	1.3900000000000001	1.71	-10.0	-3.0
11:30:29.275323	-0.22	-9.27	-0.18	-1.43	-9.44	0.75	0.28	-9.6	1.32	1.54	-9.540000000000001	-4.84
11:30:29.285388	-0.06	-9.370000000000001	-0.48	-1.5	-9.5	1.02	0.18	-9.540000000000001	1.6300000000000001	1.8900000000000001	-9.43	-4.3100000000000005
11:30:29.295463	0.0	-9.39	-0.6	-1.82	-9.47	1.49	0.24	-9.61	1.95	2.02	-8.86	-4.93
11:30:29.305539	0.05	-9.39	-0.68	-1.56	-9.67	1.53	-0.11	-10.22	0.85	2.18	-10.19	-3.34
11:30:29.315656	0.06	-9.44	-0.74	-1.67	-9.76	1.7	0.8	-9.52	1.16	2.0100000000000002	-9.83	-4.61
11:30:29.325736	0.07	-9.6	-0.74	-1.7	-9.700000000000001	1.76	0.97	-9.49	1.87	1.85	-9.870000000000001	-5.25
11:30:29.335807	0.04	-9.74	-0.72	-1.08	-10.040000000000001	1.28	0.88	-10.02	1.6600000000000001	2.32	-9.81	-1.8900000000000001
11:30:29.345874	0.0	-9.89	-0.7000000000000001	-1.23	-9.94	1.09	0.88	-10.3	1.31	2.02	-10.61	-4.08
11:30:29.355947	0.0	-10.02	-0.62	-1.19	-10.14	0.98	1.22	-10.06	1.18	1.36	-10.34	-4.3500000000000005
11:30:29.366015	-0.09	-10.38	-0.47000000000000003	-1.21	-10.39	1.02	0.9400000000000001	-10.26	1.92	1.3	-10.78	-5.46
11:30:29.376098	-0.26	-10.4	-0.22	-1.07	-10.870000000000001	0.98	0.62	-10.82	1.56	2.12	-11.13	-2.54
11:30:29.386164	-0.49	-10.8	-0.23	-0.97	-10.82	1.22	0.39	-10.93	1.5	1.36	-10.48	-4.62
11:30:29.396292	-0.85	-11.03	0.16	-0.85	-10.8	1.1	0.39	-10.75	1.55	1.33	-10.61	-4.45
11:30:29.406363	-1.07	-11.09	0.28	-0.86	-10.72	0.51	0.39	-10.75	1.55	2.04	-10.370000000000001	-5.5600000000000005
11:30:29.416499	-1.27	-11.13	0.45	-0.9500000000000001	-10.53	1.23	-0.33	-11.08	1.22	3.45	-9.99	-2.7600000000000002
11:30:29.426602	-1.76	-11.06	0.7000000000000001	-0.85	-10.620000000000001	1.28	0.23	-10.49	0.75	2.65	-10.9	-5.34
11:30:29.436707	-1.9100000000000001	-10.91	0.6900000000000001	-0.67	-10.81	1.22	0.23	-10.49	0.75	2.7	-10.790000000000001	-5.33
11:30:29.447369	-1.96	-10.78	0.7000000000000001	-0.64	-10.82	0.98	0.15	-10.35	1.19	3.41	-10.370000000000001	-6.29
11:30:29.457456	-2.0	-10.540000000000001	0.6	-0.32	-10.46	0.48	-0.21	-10.73	0.48	3.02	-10.14	-2.86
11:30:29.467584	-1.69	-10.13	0.33	-0.03	-10.450000000000001	0.4	0.47000000000000003	-10.19	0.0	2.46	-10.91	-5.11
11:30:29.477707	-1.55	-9.98	0.23	-0.11	-10.57	0.52	0.56	-9.9	0.61	2.42	-10.93	-5.7700000000000005
11:30:29.487778	-1.36	-9.8	0.13	-0.11	-10.43	0.26	0.09	-10.44	0.0	1.6400000000000001	-10.66	-3.62
11:30:29.498002	-1.1500000000000001	-9.57	0.08	-0.01	-10.3	-0.01	-0.02	-10.28	-0.06	1.6400000000000001	-10.66	-3.62
11:30:29.508231	-0.36	-9.74	0.05	0.26	-10.39	0.03	0.35000000000000003	-10.03	-0.41000000000000003	1.36	-11.790000000000001	-4.55
11:30:29.518354	0.34	-10.27	0.55	0.43	-10.88	0.49	0.5	-10.39	-0.28	3.67	-12.91	-4.65
11:30:29.528460	0.65	-11.22	1.1400000000000001	0.8	-12.52	0.63	0.78	-11.61	-1.22	1.32	-13.950000000000001	-2.6
11:30:29.538583	0.28	-12.25	1.74	0.8200000000000001	-12.48	0.6	0.2	-12.41	-1.33	-1.03	-15.14	-3.5100000000000002
11:30:29.549251	-1.55	-13.57	2.27	0.55	-12.25	0.18	0.17	-12.42	-2.23	-0.73	-14.65	-5.38
11:30:29.559345	-2.25	-13.620000000000001	2.04	0.17	-12.38	-0.2	-1.69	-11.700000000000001	-1.34	1.11	-17.23	-0.85
11:30:29.569508	-2.16	-13.07	1.61	-0.42	-12.1	-0.93	-2.71	-12.790000000000001	-1.72	-0.63	-16.68	-0.43
11:30:29.580253	-0.91	-12.09	1.0	-0.9400000000000001	-11.700000000000001	-1.26	-2.11	-13.040000000000001	-2.69	-1.09	-17.43	-1.5
11:30:29.590370	2.19	-10.07	-0.25	-1.53	-11.25	-1.57	-1.73	-13.88	-3.7	1.3	-19.650000000000002	-1.07
11:30:29.600472	2.83	-9.27	-0.88	-1.57	-9.75	-1.29	-0.66	-14.18	-4.28	2.22	-19.740000000000002	1.26
11:30:29.610576	2.92	-8.69	-1.34	-1.57	-9.75	-1.29	0.33	-14.58	-4.57	3.19	-18.92	3.79
11:30:29.621058	2.6	-8.17	-1.56	-2.7	-9.32	-0.81	1.87	-12.3	-2.81	5.49	-15.4	2.23
11:30:29.631196	2.38	-8.040000000000001	-1.61	-2.36	-8.89	-0.75	2.48	-10.66	-0.01	7.11	-12.0	-5.88
11:30:29.641318	2.29	-7.9	-1.61	-3.47	-9.48	-1.28	2.63	-9.76	3.14	8.17	-9.44	-7.11
11:30:29.651482	2.34	-7.8100000000000005	-1.48	-3.35	-9.63	-0.36	2.0100000000000002	-9.69	5.36	8.07	-8.06	-6.49
11:30:29.662175	1.98	-8.07	-0.91	-2.91	-10.57	0.34	1.6400000000000001	-10.8	8.41	6.76	-7.29	-6.8
11:30:29.672266	1.52	-8.56	-0.42	-2.83	-11.32	1.07	1.21	-10.77	8.69	-3.5700000000000003	0.45	4.39
11:30:29.682390	0.93	-9.14	0.13	-2.2600000000000002	-13.3	1.77	0.96	-10.01	9.58	-12.61	7.97	16.61
11:30:29.692997	0.43	-9.82	0.71	-1.75	-13.49	2.39	0.87	-9.96	5.83	-18.39	6.87	17.04
11:30:29.703114	0.05	-10.84	1.61	-2.12	-13.19	2.17	0.78	-10.6	2.93	-5.5	-3.87	11.85
11:30:29.713202	0.06	-11.07	1.9100000000000001	-2.02	-12.89	1.6600000000000001	0.22	-10.14	2.38	8.63	-15.64	1.54
11:30:29.723881	0.08	-10.97	1.99	-1.3800000000000001	-11.69	1.34	0.16	-8.69	3.74	3.0100000000000002	-11.23	3.04
11:30:29.734421	0.11	-10.74	1.9000000000000001	-0.66	-10.950000000000001	0.76	1.1500000000000001	-6.75	5.0600000000000005	-1.41	-5.55	8.14
11:30:29.744483	-0.01	-9.93	1.48	-0.76	-10.46	0.25	1.55	-6.71	5.68	1.17	0.5	7.29
11:30:29.754586	0.17	-9.6	1.29	-0.74	-9.92	0.34	0.9	-6.97	5.7700000000000005	4.7	-2.35	8.69
11:30:29.764653	0.15	-9.25	1.07	-0.47000000000000003	-9.49	0.77	0.0	-6.49	4.63	5.34	-5.47	5.59
11:30:29.774728	0.31	-9.03	0.9400000000000001	-0.56	-9.21	0.9400000000000001	-0.41000000000000003	-6.32	4.68	1.95	-8.24	5.01
11:30:29.784843	0.43	-8.72	0.58	-0.64	-8.84	0.93	-0.8200000000000001	-6.21	5.1000000000000005	0.48	-11.18	2.5500000000000003
11:30:29.794931	0.41000000000000003	-8.66	0.41000000000000003	-0.78	-8.61	0.48	-1.25	-6.47	5.6000000000000005	1.59	-7.98	3.69
11:30:29.805060	0.35000000000000003	-8.61	0.27	-1.51	-7.65	-0.03	-1.06	-6.01	5.84	1.43	-5.62	3.91
11:30:29.815135	0.25	-8.71	0.23	-1.79	-7.34	-0.37	-0.93	-6.17	5.82	1.24	-7.72	3.3200000000000003
11:30:29.825250	0.12	-8.75	0.3	-1.72	-6.97	-0.71	-1.17	-6.69	5.78	0.58	-10.78	0.98
11:30:29.835334	0.04	-8.75	0.42	-2.16	-6.6000000000000005	-0.78	-1.4000000000000001	-7.24	6.05	0.29	-11.24	0.02
11:30:29.845403	0.0	-8.77	0.6	-2.39	-6.58	-0.45	-1.26	-7.640000000000001	5.74	0.19	-12.26	-0.91
11:30:29.855480	-0.13	-8.76	0.8200000000000001	-2.45	-6.67	-0.05	-1.31	-7.84	5.82	0.59	-14.26	-3.64
11:30:29.865546	-0.19	-8.66	0.84	-2.41	-6.84	0.07	-1.25	-8.06	5.78	1.34	-14.120000000000001	-4.24
11:30:29.875619	-0.12	-8.56	0.8	-2.37	-6.95	-0.1	-0.84	-8.77	5.3500000000000005	2.32	-14.200000000000001	-4.8500000000000005
11:30:29.885700	-0.1	-8.47	0.68	-2.23	-6.8500000000000005	-0.32	-0.45	-9.290000000000001	5.0600000000000005	3.42	-14.18	-5.38
11:30:29.895773	0.03	-8.47	0.3	-1.93	-6.87	-0.65	-0.29	-9.59	5.05	4.69	-14.47	-6.61
11:30:29.905846	0.03	-8.47	0.3	-1.47	-7.04	-1.0	-0.11	-9.76	4.71	5.09	-14.88	-7.4
11:30:29.915919	0.05	-8.53	0.16	-0.7000000000000001	-7.43	-1.54	0.12	-9.57	4.86	5.39	-14.88	-8.14
11:30:29.925996	0.11	-8.63	0.05	-0.13	-7.61	-1.99	0.32	-9.63	4.9	5.26	-14.05	-8.02
11:30:29.936076	0.2	-8.77	0.0	0.4	-7.72	-2.68	0.42	-9.51	4.92	5.0	-13.370000000000001	-7.75
11:30:29.946145	0.21	-8.86	0.11	0.84	-7.7	-3.2	0.07	-10.19	4.61	5.26	-13.870000000000001	-8.07
11:30:29.956245	0.1	-9.1	0.39	1.6300000000000001	-7.890000000000001	-4.1	-0.1	-10.39	4.3	5.49	-14.21	-8.78
11:30:29.966376	-0.09	-9.09	0.76	1.82	-7.87	-4.28	-0.2	-10.22	4.28	5.26	-13.66	-9.19
11:30:29.976448	-0.14	-9.14	0.87	2.13	-7.96	-4.18	0.06	-10.01	3.75	4.79	-13.27	-9.56
11:30:29.986553	-0.17	-9.23	0.93	2.25	-8.08	-4.09	0.25	-9.85	3.49	4.42	-13.4	-10.15
11:30:29.996627	-0.25	-9.49	1.07	2.2600000000000002	-8.07	-3.16	0.39	-10.03	2.99	4.11	-13.68	-10.99
11:30:30.006744	-0.35000000000000003	-9.65	1.12	2.1	-8.35	-2.9	0.31	-10.17	2.4	3.5300000000000002	-13.76	-12.38
11:30:30.016980	-0.41000000000000003	-9.8	1.1400000000000001	1.86	-8.66	-3.09	-0.29	-9.96	2.0	3.35	-13.19	-12.97
11:30:30.027299	-0.46	-9.950000000000001	1.11	1.61	-9.02	-3.13	-0.59	-10.26	1.5	3.23	-12.66	-13.5
11:30:30.037427	-0.4	-10.16	1.01	1.08	-9.75	-3.12	-0.93	-9.65	1.41	3.11	-12.35	-14.200000000000001
11:30:30.047587	-0.35000000000000003	-10.25	0.93	0.78	-10.07	-3.18	-1.22	-8.85	1.1300000000000001	2.7800000000000002	-11.14	-15.280000000000001
11:30:30.057998	-0.26	-10.41	0.88	0.62	-10.5	-3.58	-1.1300000000000001	-8.39	1.22	2.04	-10.5	-15.49
11:30:30.068114	-0.25	-10.59	0.8	0.52	-10.71	-3.63	-1.27	-8.03	0.96	1.28	-10.03	-15.72
11:30:30.078792	-0.4	-10.89	0.59	0.55	-11.06	-4.07	-1.24	-7.91	0.71	1.07	-9.8	-16.01
11:30:30.088891	-0.45	-10.97	0.64	0.56	-11.120000000000001	-4.34	-0.61	-8.09	0.5700000000000001	0.68	-9.36	-15.68
11:30:30.099002	-0.55	-11.11	0.6	0.32	-11.200000000000001	-4.98	-0.24	-8.1	0.73	0.48	-9.48	-15.200000000000001
11:30:30.109640	-0.67	-11.27	0.62	0.32	-11.200000000000001	-4.98	0.02	-8.24	0.64	0.5	-9.63	-14.61
11:30:30.119750	-1.09	-11.3	0.75	0.06	-10.81	-4.59	0.54	-8.620000000000001	1.22	0.36	-9.68	-12.8
11:30:30.129868	-1.22	-11.22	0.8200000000000001	-0.14	-10.13	-3.7800000000000002	0.36	-8.86	1.45	0.81	-9.790000000000001	-11.950000000000001
11:30:30.139951	-1.34	-11.05	0.93	-0.06	-9.65	-3.06	0.23	-8.99	1.81	2.48	-12.21	-10.18
11:30:30.150037	-1.28	-10.8	0.98	0.1	-8.870000000000001	-2.23	0.05	-9.34	2.2	6.04	-6.69	-10.78
11:30:30.160152	-1.1500000000000001	-10.55	1.07	0.21	-8.31	-2.0100000000000002	-0.28	-9.290000000000001	2.5300000000000002	3.15	-4.16	-6.44
11:30:30.170286	-1.1	-10.28	1.02	0.22	-7.84	-1.73	-0.53	-9.4	2.86	2.75	-5.72	-4.39
11:30:30.180409	-0.97	-10.040000000000001	0.99	0.47000000000000003	-7.23	-1.1	-0.23	-11.67	0.08	5.49	-9.42	-0.5
11:30:30.191011	0.23	-10.42	0.8	0.47000000000000003	-8.42	-0.06	-0.35000000000000003	-15.21	-6.17	4.4	-20.830000000000002	21.77
11:30:30.201698	0.52	-11.47	0.34	0.53	-11.26	0.9	-1.07	-17.47	-11.11	6.04	-23.63	22.96
11:30:30.211767	0.45	-12.31	-0.18	-0.03	-13.15	0.98	-1.28	-16.07	-5.73	10.26	-17.37	-13.39
11:30:30.221858	0.61	-12.93	-0.6900000000000001	-0.62	-12.94	-2.0	-0.27	-10.74	2.84	7.92	-7.140000000000001	-8.61
11:30:30.231929	0.8300000000000001	-13.17	-1.27	-1.1500000000000001	-12.91	-1.43	-2.14	-10.55	4.44	-8.42	-7.69	-6.03
11:30:30.242008	0.8300000000000001	-12.72	-1.32	-0.64	-13.98	-2.42	-3.85	-10.17	2.4	-3.99	-10.84	0.56
11:30:30.252082	0.72	-12.13	-1.16	-0.12	-13.68	-4.6000000000000005	-3.56	-8.77	2.64	3.52	-11.1	0.71
11:30:30.262155	0.49	-11.27	-0.8200000000000001	-2.23	-8.39	-3.43	-1.43	-9.34	1.32	1.8800000000000001	-6.28	1.17
11:30:30.272231	0.5	-9.39	0.21	-3.63	-6.91	-0.73	-0.08	-9.53	1.01	1.34	-9.18	-1.41
11:30:30.282298	0.64	-8.8	0.77	-4.55	-6.23	0.75	1.97	-9.74	1.04	1.46	-8.42	-1.57
11:30:30.292425	0.76	-8.540000000000001	1.1	-4.26	-6.33	1.18	3.06	-11.23	0.39	0.63	-7.82	-2.49
11:30:30.302590	0.81	-8.49	1.35	-1.32	-8.02	1.22	2.12	-11.73	0.44	1.25	-11.03	-1.6500000000000001
11:30:30.312660	0.5700000000000001	-8.46	1.34	0.12	-8.71	1.23	0.5700000000000001	-10.27	0.9	1.99	-12.01	-4.8500000000000005
11:30:30.322748	0.72	-8.6	1.3	1.46	-9.25	1.32	-0.8200000000000001	-8.52	1.28	1.33	-9.8	-2.19
11:30:30.332900	0.99	-8.64	1.1300000000000001	2.63	-9.92	0.93	-0.58	-8.65	1.59	-0.03	-8.540000000000001	-2.66
11:30:30.343557	1.47	-8.66	0.9400000000000001	3.9	-10.42	0.66	-0.3	-9.39	1.12	2.06	-8.89	-0.52
11:30:30.353624	2.21	-8.91	0.43	3.2600000000000002	-10.700000000000001	1.06	0.29	-10.0	1.05	2.45	-7.58	-3.0700000000000003
11:30:30.363750	2.18	-9.09	0.09	2.3000000000000003	-10.23	1.29	1.09	-10.63	-0.03	1.86	-8.27	-2.31
11:30:30.373865	2.11	-9.34	-0.23	1.12	-10.05	1.23	1.12	-10.4	-0.71	1.97	-9.99	0.25
11:30:30.384579	1.33	-9.75	-1.05	-0.4	-9.38	0.81	1.18	-10.14	-1.42	2.2600000000000002	-11.68	-2.54
11:30:30.394661	1.16	-9.75	-1.16	-0.8	-9.49	0.02	1.57	-9.61	0.07	1.85	-10.76	-5.04
11:30:30.404732	0.84	-9.67	-1.2	-0.86	-9.36	-0.54	1.04	-9.8	0.59	1.32	-8.93	-3.5500000000000003
11:30:30.414804	0.6	-9.59	-0.91	-0.74	-9.3	-1.35	0.52	-9.870000000000001	0.34	1.5	-9.49	-0.33
11:30:30.424880	0.6	-9.59	-0.91	-1.24	-8.86	-1.42	0.2	-9.83	0.08	2.04	-9.370000000000001	-2.45
11:30:30.435562	0.23	-9.42	-0.45	-1.19	-9.56	-1.55	0.39	-9.77	0.34	1.47	-9.3	-2.81
11:30:30.445635	0.15	-9.28	-0.25	-1.32	-9.22	-0.37	0.5700000000000001	-9.96	0.12	1.1	-9.4	-3.31
11:30:30.455703	0.15	-8.94	0.15	-0.97	-9.39	-0.16	0.77	-10.03	-0.47000000000000003	1.77	-10.35	-1.06
11:30:30.465778	0.19	-8.790000000000001	0.33	-0.72	-9.33	-0.07	1.18	-9.36	-0.62	1.56	-10.0	-2.88
11:30:30.475846	0.23	-8.64	0.44	-0.41000000000000003	-9.01	0.14	1.31	-9.14	-0.3	1.3800000000000001	-9.48	-3.23
11:30:30.485913	0.33	-8.49	0.5	0.01	-9.040000000000001	0.16	1.09	-9.08	-0.1	1.55	-8.83	-3.04
11:30:30.495997	0.41000000000000003	-8.42	0.42	0.45	-9.24	0.06	0.58	-9.35	-0.26	2.27	-9.41	-1.56
11:30:30.506074	0.4	-8.47	0.32	0.96	-9.56	0.32	0.12	-9.8	0.07	2.0300000000000002	-9.0	-2.69
11:30:30.516146	0.33	-8.6	0.22	1.03	-9.59	0.41000000000000003	0.23	-9.58	0.28	1.85	-8.92	-2.99
11:30:30.526224	0.39	-8.700000000000001	0.07	0.93	-9.5	0.49	0.32	-9.34	0.4	1.78	-9.76	-1.42
11:30:30.536322	0.17	-8.99	-0.19	1.02	-9.57	0.24	0.59	-9.950000000000001	-0.3	2.06	-9.82	-2.22
11:30:30.546406	0.16	-9.18	-0.29	0.96	-9.51	0.2	1.32	-9.74	-0.31	1.77	-9.17	-3.43
11:30:30.556475	0.09	-9.290000000000001	-0.3	0.9400000000000001	-9.5	0.26	1.69	-9.32	-0.13	1.36	-9.36	-3.23
11:30:30.566566	0.04	-9.44	-0.26	0.84	-9.39	0.34	1.68	-9.41	-0.29	2.18	-9.56	-1.1
11:30:30.576725	0.07	-9.44	-0.27	0.29	-9.540000000000001	0.17	1.02	-9.76	-0.24	2.14	-9.51	-2.86
11:30:30.586798	0.05	-9.450000000000001	-0.19	-0.05	-9.64	0.18	0.64	-9.32	0.18	1.73	-9.19	-4.07
11:30:30.596880	0.1	-9.44	-0.12	-0.35000000000000003	-9.65	0.09	0.05	-9.21	0.52	1.52	-9.200000000000001	-3.8000000000000003
11:30:30.606988	0.21	-9.35	0.01	-0.59	-9.73	0.03	-0.46	-10.17	0.74	2.69	-9.69	-0.81
11:30:30.617382	0.28	-9.35	0.02	-0.7000000000000001	-9.84	-0.16	-0.19	-9.9	0.87	2.24	-9.76	-4.3100000000000005
11:30:30.627714	0.38	-9.26	-0.01	-1.18	-9.53	0.0	0.09	-9.49	0.9	1.94	-9.22	-4.25
11:30:30.637823	0.39	-9.19	-0.06	-1.3	-9.44	0.12	-0.03	-9.38	2.0300000000000002	2.14	-9.24	-4.71
11:30:30.647930	0.42	-9.040000000000001	-0.21	-1.3900000000000001	-9.49	0.12	-0.18	-10.22	1.47	1.94	-9.9	-5.1000000000000005
11:30:30.658093	0.36	-9.05	-0.3	-1.68	-9.42	0.67	0.2	-9.83	2.1	1.94	-9.9	-5.1000000000000005
11:30:30.668162	0.31	-9.040000000000001	-0.38	-1.84	-9.3	1.08	0.31	-9.43	2.66	1.98	-8.950000000000001	-2.34
11:30:30.678305	0.27	-9.07	-0.47000000000000003	-1.97	-9.21	1.3900000000000001	-0.34	-10.17	2.5300000000000002	2.49	-9.78	-2.21
11:30:30.688672	0.27	-9.07	-0.47000000000000003	-1.8900000000000001	-9.33	1.58	-0.4	-10.370000000000001	2.23	2.14	-10.01	-5.43
11:30:30.699017	0.18	-9.22	-0.55	-1.84	-9.64	2.0	0.34	-9.84	2.56	1.98	-9.6	-4.57
11:30:30.709147	0.14	-9.44	-0.5700000000000001	-1.78	-9.78	2.14	0.64	-9.8	2.57	2.85	-9.67	-2.2800000000000002
11:30:30.719267	0.1	-9.64	-0.59	-1.68	-9.93	1.97	0.32	-10.83	2.22	2.4	-10.450000000000001	-3.25
11:30:30.729825	0.11	-9.82	-0.59	-1.32	-10.23	1.54	0.44	-10.92	2.31	1.74	-10.66	-5.36
11:30:30.739956	0.14	-10.36	-0.46	-1.4000000000000001	-10.56	1.58	0.79	-10.48	2.58	1.73	-10.83	-4.9
11:30:30.750065	0.09	-10.63	-0.39	-1.25	-10.700000000000001	1.26	0.2	-10.74	3.04	1.93	-9.86	-2.46
11:30:30.760187	-0.03	-10.790000000000001	-0.28	-1.49	-10.58	0.88	0.09	-11.14	2.08	1.87	-9.99	-3.35
11:30:30.770759	-0.38	-10.97	-0.05	-1.45	-10.8	0.77	-0.17	-11.24	2.17	1.97	-11.21	-5.5200000000000005
11:30:30.780879	-0.54	-11.17	0.08	-1.42	-10.66	0.71	0.23	-10.74	1.68	2.48	-10.73	-5.64
11:30:30.791037	-0.79	-11.26	0.16	-1.44	-10.61	0.42	0.11	-11.23	0.67	3.2	-10.4	-2.3000000000000003
11:30:30.801707	-0.85	-11.08	0.33	-1.23	-10.46	0.59	0.15	-10.85	0.65	3.02	-10.21	-4.1
11:30:30.811780	-1.1	-11.24	0.42	-0.6900000000000001	-10.42	0.64	0.29	-9.96	0.81	2.54	-11.17	-5.71
11:30:30.822033	-1.23	-11.09	0.5	-0.49	-10.3	0.35000000000000003	0.48	-10.01	0.32	3.5	-10.18	-5.58
11:30:30.832625	-1.31	-10.91	0.53	-0.28	-10.32	0.37	0.16	-10.48	0.17	3.67	-10.040000000000001	-2.64
11:30:30.842694	-1.31	-10.73	0.5700000000000001	0.15	-10.5	0.61	0.02	-10.35	0.44	2.64	-10.26	-4.63
11:30:30.852778	-1.41	-10.33	0.49	0.14	-10.5	0.73	0.1	-9.91	1.12	1.93	-11.21	-5.5600000000000005
11:30:30.863040	-1.37	-10.17	0.42	0.08	-10.43	0.29	0.19	-10.120000000000001	0.66	2.56	-10.89	-4.97
11:30:30.873112	-1.29	-9.99	0.36	0.0	-10.290000000000001	0.1	-0.24	-10.450000000000001	0.26	2.36	-10.290000000000001	-2.95
11:30:30.883188	-1.29	-9.78	0.25	-0.15	-10.11	0.14	0.18	-9.63	-0.03	1.6400000000000001	-10.74	-5.07
11:30:30.893314	-0.64	-9.56	0.08	-0.18	-10.19	0.1	0.0	-9.870000000000001	0.3	1.11	-11.6	-5.11
11:30:30.903416	-0.64	-9.56	0.08	-0.07	-10.67	0.09	0.65	-10.49	-0.43	2.34	-12.59	-3.87
11:30:30.913481	-0.17	-9.72	0.12	0.29	-11.5	0.35000000000000003	0.96	-11.24	-1.36	3.86	-11.63	-3.61
11:30:30.923740	0.4	-10.200000000000001	0.62	0.7000000000000001	-12.33	0.92	0.26	-12.06	-1.34	2.98	-12.8	-4.97
11:30:30.933844	0.59	-12.51	1.76	0.43	-12.15	0.66	-0.45	-12.01	-1.8900000000000001	-2.22	-14.82	-6.01
11:30:30.943971	0.01	-13.280000000000001	2.3000000000000003	0.11	-12.19	0.05	-0.97	-11.81	-1.5	-0.01	-15.51	-4.61
11:30:30.954568	-0.86	-13.76	2.56	-0.33	-12.1	-0.4	-2.72	-13.1	-1.73	0.98	-16.330000000000002	-0.36
11:30:30.964661	-0.72	-12.08	1.32	-1.33	-11.700000000000001	-1.03	-2.05	-13.030000000000001	-2.33	-0.08	-16.64	-0.68
11:30:30.974760	0.89	-11.040000000000001	0.71	-1.53	-11.36	-0.8	-1.95	-13.38	-3.18	0.53	-18.72	-1.93
11:30:30.984853	2.25	-10.08	-0.09	-1.51	-10.83	-0.81	-1.82	-13.93	-3.36	1.78	-19.64	0.38
11:30:30.995322	4.08	-8.55	-1.23	-1.35	-10.13	-0.97	0.03	-13.38	-3.17	2.63	-18.52	2.49
11:30:31.005725	4.2	-7.98	-1.61	-2.54	-8.67	-0.09	1.56	-12.59	-3.52	3.79	-16.25	2.1
11:30:31.015795	3.72	-7.65	-1.73	-2.65	-8.85	-0.91	2.22	-11.370000000000001	-2.62	7.78	-12.8	-4.12
11:30:31.025864	3.08	-7.45	-1.76	-2.87	-9.22	-0.67	3.2600000000000002	-9.92	2.36	9.38	-10.72	-8.36
11:30:31.035941	2.22	-7.62	-1.62	-3.48	-9.35	-0.3	3.2	-9.67	4.63	9.23	-7.3500000000000005	-7.26
11:30:31.046011	1.95	-7.84	-1.45	-3.17	-10.25	0.02	2.61	-10.120000000000001	8.13	4.32	-5.91	-4.96
11:30:31.056090	1.86	-8.32	-1.0	-3.18	-10.700000000000001	0.88	0.86	-10.82	9.35	-1.61	-2.57	3.34
11:30:31.066156	1.76	-8.97	-0.47000000000000003	-2.87	-11.75	1.3900000000000001	0.27	-10.3	8.47	-10.83	3.42	11.620000000000001
11:30:31.076226	0.92	-10.34	0.81	-1.72	-13.14	1.51	0.29	-10.23	6.0600000000000005	-16.65	6.5200000000000005	17.330000000000002
11:30:31.086329	0.61	-10.9	1.41	-2.0300000000000002	-13.51	1.84	0.22	-10.85	3.37	2.6	-9.84	8.74
11:30:31.096398	0.36	-11.18	1.8800000000000001	-2.09	-12.620000000000001	1.05	-0.16	-9.26	3.71	9.31	-13.9	4.39
11:30:31.106471	0.24	-11.200000000000001	2.14	-2.57	-11.91	1.07	0.65	-7.930000000000001	4.38	4.99	-11.69	2.36
11:30:31.117145	0.0	-10.55	1.99	-2.52	-11.28	1.1	1.36	-7.69	4.32	-0.92	-7.99	7.82
11:30:31.127798	0.05	-10.15	1.72	-1.56	-10.41	0.9	1.76	-7.79	5.59	0.84	-0.11	6.86
11:30:31.138003	0.14	-9.8	1.42	-1.3900000000000001	-10.08	0.8200000000000001	1.36	-7.15	5.43	5.22	-1.24	7.72
11:30:31.148171	0.35000000000000003	-9.22	0.87	-1.1400000000000001	-9.86	0.74	0.97	-7.05	4.71	6.18	-5.08	5.54
11:30:31.158723	0.45	-8.99	0.65	-0.98	-9.77	0.78	0.59	-7.15	4.66	1.76	-8.120000000000001	5.13
11:30:31.168792	0.48	-8.86	0.42	-0.8200000000000001	-9.41	0.5	-0.4	-6.890000000000001	5.33	0.71	-8.77	3.71
11:30:31.178903	0.5	-8.8	0.29	-0.76	-9.07	0.51	-0.68	-6.91	5.42	0.21	-6.22	3.5300000000000002
11:30:31.189004	0.46	-8.72	0.15	-0.84	-8.59	0.26	-0.8200000000000001	-6.5600000000000005	5.75	0.35000000000000003	-8.98	2.0
11:30:31.199121	0.36	-8.71	0.15	-1.47	-7.54	-0.42	-0.9	-6.74	6.01	0.14	-10.24	1.2
11:30:31.209758	0.33	-8.75	0.23	-1.55	-7.32	-0.53	-0.91	-6.94	6.11	-0.39	-11.33	0.27
11:30:31.220431	0.23	-8.76	0.33	-1.58	-7.25	-0.65	-0.98	-7.2	6.24	-0.52	-11.58	-0.46
11:30:31.230610	0.17	-8.81	0.71	-2.4	-6.94	-0.25	-1.53	-7.45	6.34	0.29	-13.23	-2.7600000000000002
11:30:31.240718	0.08	-8.82	0.87	-2.5300000000000002	-6.87	-0.38	-1.1400000000000001	-7.97	5.94	0.78	-13.49	-3.21
11:30:31.250825	-0.05	-8.84	0.97	-2.6	-6.61	-0.29	-0.5700000000000001	-8.19	5.78	1.55	-13.66	-4.0
11:30:31.261025	-0.2	-8.82	1.06	-2.5	-6.65	-0.56	0.43	-8.94	5.4	2.66	-13.620000000000001	-4.65
11:30:31.271970	-0.24	-8.76	1.06	-1.8900000000000001	-6.59	-0.88	0.62	-9.17	5.47	4.09	-13.530000000000001	-5.29
11:30:31.282078	-0.17	-8.69	0.97	-1.46	-6.72	-0.99	0.61	-9.370000000000001	5.22	4.23	-14.22	-6.2
11:30:31.292545	-0.1	-8.6	0.84	-0.9500000000000001	-6.97	-1.26	0.49	-9.6	5.13	4.34	-14.42	-6.65
11:30:31.302644	0.09	-8.49	0.55	-0.41000000000000003	-7.22	-1.6	0.12	-9.91	5.12	4.86	-14.19	-7.47
11:30:31.312716	0.16	-8.47	0.38	0.6	-7.47	-2.5100000000000002	0.31	-9.68	5.23	4.57	-14.030000000000001	-7.640000000000001
11:30:31.322788	0.18	-8.53	0.3	0.96	-7.34	-2.95	0.18	-9.91	5.11	4.05	-14.31	-7.78
11:30:31.332961	0.26	-8.58	0.28	1.24	-7.36	-3.2	-0.11	-10.3	4.48	3.89	-14.69	-8.11
11:30:31.343042	0.27	-8.78	0.28	1.44	-7.44	-3.2600000000000002	-0.39	-10.39	4.3100000000000005	3.23	-14.86	-8.97
11:30:31.353116	0.19	-8.85	0.33	1.9100000000000001	-7.97	-3.37	-0.42	-9.99	4.0	2.94	-15.030000000000001	-10.0
11:30:31.363190	0.07	-8.92	0.39	2.13	-8.1	-3.0500000000000003	-0.33	-10.05	3.38	2.68	-14.73	-10.66
11:30:31.373265	-0.05	-8.99	0.48	2.2800000000000002	-8.33	-2.91	-0.07	-9.82	2.91	2.46	-14.530000000000001	-11.19
11:30:31.383335	-0.21	-9.26	0.74	2.22	-8.65	-2.99	-0.05	-9.86	2.58	1.9000000000000001	-13.56	-12.34
11:30:31.393443	-0.2	-9.370000000000001	0.8	2.1	-9.21	-3.25	-0.02	-9.950000000000001	2.2	2.23	-13.69	-12.81
11:30:31.403514	-0.19	-9.540000000000001	0.92	2.07	-9.5	-3.14	-0.32	-9.65	1.55	2.98	-13.280000000000001	-14.16
11:30:31.413596	-0.13	-9.68	1.0	1.79	-9.88	-3.21	-0.6	-9.15	1.41	3.09	-12.120000000000001	-14.32
11:30:31.424115	-0.17	-9.99	1.02	1.69	-10.01	-3.5700000000000003	-0.76	-9.01	1.06	3.6	-11.0	-15.42
11:30:31.434268	-0.15	-10.09	1.05	1.25	-10.32	-3.87	-0.87	-8.69	1.05	3.1	-10.64	-15.66
11:30:31.444411	-0.08	-10.19	0.98	1.06	-10.370000000000001	-3.89	-0.97	-8.14	0.85	2.2600000000000002	-10.1	-15.75
11:30:31.454486	-0.17	-10.540000000000001	0.79	0.88	-10.43	-3.94	-1.02	-8.040000000000001	0.78	1.93	-9.4	-15.83
11:30:31.464798	-0.21	-10.65	0.7000000000000001	0.8	-10.5	-3.91	-0.9500000000000001	-8.14	0.8	1.8800000000000001	-9.39	-15.58
11:30:31.474988	-0.26	-10.81	0.59	0.68	-10.75	-3.75	-0.5700000000000001	-8.49	0.75	1.98	-9.51	-15.41
11:30:31.485377	-0.5700000000000001	-11.09	0.36	0.64	-10.73	-3.84	-0.3	-8.51	0.93	2.22	-9.24	-14.92
11:30:31.495911	-0.68	-11.18	0.33	0.55	-10.69	-3.92	-0.12	-8.56	1.09	1.92	-9.06	-13.26
11:30:31.506568	-0.89	-11.19	0.26	0.41000000000000003	-10.6	-4.0200000000000005	0.01	-8.77	1.24	1.82	-9.34	-12.6
11:30:31.517169	-1.01	-11.200000000000001	0.3	0.12	-10.040000000000001	-3.86	0.1	-9.09	1.55	1.71	-9.46	-11.52
11:30:31.527622	-1.1400000000000001	-10.950000000000001	0.4	-0.07	-9.67	-3.2	0.28	-9.25	1.52	3.6	-13.21	-10.41
11:30:31.537710	-1.12	-10.76	0.42	-0.13	-9.33	-2.7	0.27	-9.23	1.74	3.69	-8.3	-10.63
11:30:31.547812	-1.1	-10.67	0.5	-0.19	-8.6	-1.95	0.0	-8.97	2.63	2.86	-7.01	-9.18
11:30:31.557927	-1.12	-10.48	0.55	-0.19	-8.41	-1.75	-0.36	-9.040000000000001	3.11	3.0500000000000003	-6.93	-9.14
11:30:31.568057	-0.5	-10.16	0.64	-0.24	-8.38	-1.62	-0.59	-9.98	2.7	1.08	-17.6	10.65
11:30:31.578776	0.23	-10.52	0.5	-0.3	-8.65	-1.45	-0.49	-12.36	-0.9500000000000001	3.91	-22.8	18.22
11:30:31.588865	0.89	-11.39	0.14	-0.07	-12.09	-0.5	-1.31	-16.35	-8.75	9.97	-18.06	3.41
11:30:31.598991	0.98	-12.33	-0.36	-0.17	-13.620000000000001	-1.55	-0.64	-15.21	-3.33	5.38	-6.72	-9.620000000000001
11:30:31.609094	1.18	-13.15	-1.28	-0.17	-13.620000000000001	-1.55	1.05	-12.68	0.37	5.38	-6.72	-9.620000000000001
11:30:31.619342	1.06	-13.06	-1.53	0.02	-13.22	-2.82	-0.74	-10.66	4.07	-4.55	-9.120000000000001	-2.43
11:30:31.629730	0.76	-12.47	-1.43	-0.27	-11.65	-1.94	-2.1	-9.81	2.87	-0.07	-10.98	-1.5
11:30:31.639850	0.62	-11.78	-0.97	-1.31	-8.84	-3.09	-2.42	-9.16	2.38	3.23	-6.45	0.99
11:30:31.649973	-0.42	-10.4	-0.11	-2.23	-7.3500000000000005	-1.5	-2.33	-8.51	2.94	0.78	-7.18	-0.77
11:30:31.660155	-0.81	-9.71	0.42	-3.25	-6.91	1.17	0.5700000000000001	-9.26	2.23	-0.01	-9.55	-3.73
11:30:31.670715	-0.73	-9.23	0.9500000000000001	-2.54	-7.6000000000000005	1.35	3.36	-10.51	1.73	0.34	-8.17	-2.14
11:30:31.680810	-0.38	-8.97	1.35	-1.25	-8.43	1.02	1.01	-11.32	0.37	1.98	-9.28	1.33
11:30:31.690955	0.21	-8.8	1.74	0.08	-9.120000000000001	0.96	0.48	-9.66	0.76	2.23	-10.36	-4.55
11:30:31.701056	0.5	-8.81	1.58	2.15	-9.43	1.19	0.0	-8.540000000000001	0.85	1.83	-11.05	-4.26
11:30:31.711169	0.85	-8.82	1.3800000000000001	3.21	-9.52	0.98	-0.4	-8.700000000000001	0.56	-0.32	-9.11	-0.5700000000000001
11:30:31.721573	1.75	-8.8	0.9500000000000001	3.94	-9.82	0.81	0.31	-9.540000000000001	-0.14	1.02	-10.34	0.25
11:30:31.731684	2.1	-8.74	0.74	3.85	-10.59	0.64	1.2	-10.09	0.27	2.25	-9.61	-3.5700000000000003
11:30:31.741805	2.25	-8.78	0.4	2.08	-10.26	0.27	1.69	-10.21	0.28	2.25	-8.2	-2.46
11:30:31.751956	2.07	-8.84	0.04	0.98	-9.67	0.23	1.41	-9.81	-1.1	1.81	-9.27	-1.08
11:30:31.762182	1.54	-9.13	-0.64	0.18	-9.3	0.05	1.3	-9.64	-1.1400000000000001	2.22	-10.38	-0.33
11:30:31.772589	1.35	-9.23	-0.9400000000000001	-0.3	-9.09	-0.12	1.48	-9.4	-0.35000000000000003	1.81	-11.1	-4.01
11:30:31.782655	1.2	-9.33	-1.17	-0.68	-9.07	-1.16	1.6300000000000001	-9.44	0.43	1.24	-9.82	-3.9
11:30:31.792778	1.07	-9.34	-1.31	-1.06	-8.76	-1.29	0.9400000000000001	-9.94	0.37	1.1400000000000001	-9.28	-0.72
11:30:31.802853	0.75	-9.39	-1.25	-1.08	-8.78	-1.25	0.46	-10.07	0.31	1.61	-10.02	-1.08
11:30:31.812961	0.58	-9.47	-1.09	-1.26	-9.61	-1.56	0.3	-9.92	1.11	1.99	-9.35	-3.2600000000000002
11:30:31.823031	0.32	-9.6	-0.91	-1.1500000000000001	-9.39	-0.38	0.29	-9.65	1.1	1.41	-9.040000000000001	-3.31
11:30:31.833098	0.11	-9.64	-0.7000000000000001	-0.8200000000000001	-9.65	-0.13	0.13	-9.83	0.81	1.32	-10.14	-2.0
11:30:31.843175	-0.08	-9.49	-0.29	-0.65	-9.72	0.0	0.27	-9.73	0.6	1.77	-9.65	-2.91
11:30:31.853249	-0.04	-9.38	-0.13	-0.31	-9.63	0.02	0.6900000000000001	-9.6	0.8	1.73	-9.040000000000001	-4.1
11:30:31.863348	-0.07	-9.25	0.04	0.19	-9.370000000000001	0.15	0.87	-9.65	0.97	1.68	-8.370000000000001	-2.87
11:30:31.873415	-0.01	-9.03	0.24	0.39	-9.25	0.23	0.74	-9.75	0.8200000000000001	1.99	-9.33	-1.32
11:30:31.883533	0.0	-9.01	0.29	0.61	-9.44	0.25	0.67	-9.88	0.76	2.05	-9.36	-3.0100000000000002
11:30:31.893608	0.02	-9.03	0.31	0.9	-9.47	0.5	0.96	-9.49	0.91	1.73	-8.98	-3.42
11:30:31.903699	-0.04	-9.11	0.24	1.1300000000000001	-9.53	0.56	0.8300000000000001	-9.57	1.32	1.73	-8.98	-3.42
11:30:31.913776	-0.18	-9.28	0.05	1.02	-9.43	0.54	0.34	-9.91	1.05	1.6300000000000001	-9.84	-1.34
11:30:31.924339	-0.22	-9.34	-0.06	0.9	-9.540000000000001	0.63	0.42	-9.83	0.87	1.6	-9.540000000000001	-3.74
11:30:31.934406	-0.2	-9.41	-0.18	0.77	-9.43	0.67	0.91	-9.450000000000001	1.1500000000000001	1.5	-9.34	-3.85
11:30:31.944481	-0.38	-9.48	-0.27	0.42	-9.56	0.72	0.8300000000000001	-9.83	1.34	1.95	-9.17	-1.61
11:30:31.954573	-0.41000000000000003	-9.55	-0.48	0.36	-9.67	0.58	0.91	-10.06	1.07	2.19	-9.540000000000001	-1.77
11:30:31.964697	-0.3	-9.55	-0.52	0.02	-9.69	0.53	0.9400000000000001	-9.540000000000001	1.24	1.84	-9.49	-4.45
11:30:31.975168	-0.33	-9.6	-0.5700000000000001	-0.72	-9.53	0.59	0.53	-9.59	2.06	1.99	-8.700000000000001	-4.68
11:30:31.985240	-0.12	-9.48	-0.62	-0.85	-9.620000000000001	0.4	0.23	-9.94	2.0	2.3000000000000003	-9.1	-1.17
11:30:31.995316	-0.12	-9.48	-0.62	-1.1300000000000001	-9.72	0.33	-0.03	-10.26	1.52	1.9000000000000001	-9.97	-2.61
11:30:32.005422	0.05	-9.370000000000001	-0.61	-1.24	-9.67	0.42	0.2	-9.63	2.2800000000000002	1.9000000000000001	-9.97	-2.61
11:30:32.015607	0.05	-9.370000000000001	-0.61	-1.76	-9.38	0.55	0.1	-9.58	3.1	1.92	-8.96	-4.25
11:30:32.026042	0.24	-9.06	-0.6900000000000001	-1.8	-9.34	0.65	-0.11	-10.26	2.41	1.97	-9.36	-1.3
11:30:32.036276	0.32	-8.97	-0.74	-1.76	-9.48	0.6	0.49	-9.86	2.0	1.69	-9.84	-3.7800000000000002
11:30:32.046348	0.43	-9.06	-0.81	-1.86	-9.57	1.02	0.67	-9.71	2.61	1.46	-9.370000000000001	-4.3100000000000005
11:30:32.056425	0.46	-9.07	-0.85	-1.74	-9.46	1.5	0.54	-9.83	2.91	1.6300000000000001	-9.02	-3.94
11:30:32.066589	0.42	-9.05	-0.93	-1.68	-9.57	1.58	-0.02	-10.39	1.78	1.84	-9.59	-1.5
11:30:32.076657	0.41000000000000003	-9.11	-0.91	-1.55	-9.790000000000001	1.72	0.52	-9.92	1.77	1.6500000000000001	-10.15	-4.08
11:30:32.086745	0.36	-9.26	-0.89	-1.44	-9.97	1.95	0.67	-9.92	1.98	1.54	-10.09	-5.28
11:30:32.096822	0.23	-9.63	-0.73	-1.18	-10.120000000000001	1.77	0.59	-10.290000000000001	1.94	2.0100000000000002	-9.69	-3.59
11:30:32.106899	0.16	-9.83	-0.65	-0.93	-10.18	1.51	0.85	-10.52	1.1	2.2	-10.3	-1.93
11:30:32.117103	0.12	-10.05	-0.51	-0.72	-10.23	1.37	1.44	-10.06	0.89	1.81	-10.44	-4.67
11:30:32.127279	0.06	-10.3	-0.4	-0.53	-10.46	1.18	1.19	-10.22	1.47	1.79	-10.88	-5.87
11:30:32.137428	-0.08	-10.870000000000001	-0.15	-0.72	-10.620000000000001	0.97	1.03	-10.540000000000001	1.19	1.4000000000000001	-9.64	-3.31
11:30:32.148011	-0.22	-10.83	0.05	-0.68	-10.6	0.92	0.67	-10.76	0.9	1.62	-10.28	-2.2800000000000002
11:30:32.158090	-0.34	-11.02	0.09	-0.75	-10.78	1.02	0.89	-10.31	0.61	1.4000000000000001	-10.56	-4.82
11:30:32.168269	-0.53	-11.24	0.16	-0.96	-10.700000000000001	1.06	0.64	-10.47	1.04	2.37	-10.31	-5.84
11:30:32.178943	-0.93	-11.28	0.29	-0.72	-10.78	0.49	0.1	-11.02	0.08	3.06	-10.66	-3.84
11:30:32.189057	-1.05	-11.27	0.29	-0.8300000000000001	-10.77	1.3900000000000001	0.25	-10.52	0.22	2.54	-10.86	-5.13
11:30:32.199393	-1.2	-11.28	0.25	-0.78	-10.72	0.81	0.49	-10.14	-0.1	2.54	-10.86	-5.13
11:30:32.209561	-1.34	-11.15	0.23	-0.58	-10.55	0.64	0.32	-10.09	0.72	3.62	-10.620000000000001	-3.71
11:30:32.220637	-1.4000000000000001	-10.58	0.01	-0.42	-10.52	0.54	-0.32	-10.68	0.06	2.93	-10.09	-3.27
11:30:32.230927	-1.35	-10.290000000000001	-0.1	-0.53	-10.52	0.61	0.07	-10.17	-0.04	2.13	-10.61	-5.9
11:30:32.241034	-1.17	-10.040000000000001	-0.19	-0.64	-10.46	0.18	0.35000000000000003	-9.870000000000001	0.05	2.22	-10.81	-6.24
11:30:32.251146	-0.86	-9.700000000000001	-0.33	-0.53	-10.23	-0.03	-0.28	-10.34	-0.1	2.15	-10.9	-3.3200000000000003
11:30:32.261803	-0.65	-9.59	-0.34	-0.33	-10.290000000000001	0.0	0.17	-9.96	-0.41000000000000003	1.51	-10.36	-3.9
11:30:32.271938	-0.37	-9.56	-0.33	0.03	-10.450000000000001	0.37	0.33	-10.17	-0.46	2.0100000000000002	-12.38	-4.37
11:30:32.282060	0.09	-9.73	-0.22	0.6900000000000001	-12.02	1.03	1.18	-11.09	-1.85	3.63	-12.33	-6.16
11:30:32.292196	1.1	-11.42	1.25	0.89	-12.35	0.84	0.49	-11.91	-1.67	3.04	-12.700000000000001	-3.93
11:30:32.302609	0.71	-12.51	1.93	0.84	-12.27	0.48	0.29	-12.13	-2.45	3.04	-12.700000000000001	-3.93
11:30:32.312679	-0.12	-13.52	2.61	0.76	-12.17	0.09	-1.81	-11.41	-1.53	-0.07	-14.58	-6.01
11:30:32.322763	-0.96	-14.05	2.83	0.15	-11.86	-0.3	-2.8000000000000003	-12.26	-1.98	1.3	-16.12	-4.14
11:30:32.332926	-1.3800000000000001	-13.23	2.35	-0.3	-11.5	-0.5700000000000001	-2.89	-13.120000000000001	-2.41	0.76	-16.97	0.79
11:30:32.343608	-0.05	-11.92	1.78	-0.72	-11.120000000000001	-0.87	-2.16	-12.93	-1.54	-0.47000000000000003	-15.22	-1.21
11:30:32.353683	1.52	-10.540000000000001	0.99	-1.03	-10.57	-1.07	-2.0100000000000002	-12.91	-2.46	0.49	-19.16	-1.58
11:30:32.363771	2.7	-9.36	0.18	-2.06	-9.46	-0.87	-0.96	-13.780000000000001	-3.59	1.86	-18.900000000000002	-0.75
11:30:32.373849	3.71	-7.28	-1.04	-2.22	-9.25	-0.79	0.96	-13.71	-4.37	3.65	-17.67	1.9000000000000001
11:30:32.383915	3.33	-6.78	-1.37	-2.19	-8.97	-0.88	3.0700000000000003	-11.51	-1.43	7.05	-13.05	0.24
11:30:32.393991	2.94	-6.7700000000000005	-1.45	-2.64	-8.77	0.05	4.68	-10.53	-0.88	6.5600000000000005	-11.06	-3.2600000000000002
11:30:32.404059	2.5	-6.8100000000000005	-1.55	-3.5	-9.06	-0.14	4.58	-8.77	1.79	5.63	-9.23	-5.05
11:30:32.414131	2.0100000000000002	-7.23	-1.35	-3.02	-9.43	-0.67	3.18	-7.9	7.96	5.09	-5.28	-3.77
11:30:32.424614	1.94	-7.5200000000000005	-0.96	-2.61	-9.46	-0.16	0.9500000000000001	-9.94	9.97	-1.09	-2.5	0.38
11:30:32.434699	1.81	-8.06	-0.4	-2.5500000000000003	-10.26	0.17	0.3	-10.42	8.790000000000001	-6.97	-1.8	7.79
11:30:32.444824	1.46	-8.72	0.26	-1.79	-13.040000000000001	1.08	-0.03	-10.6	6.32	-10.41	0.85	15.26
11:30:32.454997	0.63	-10.33	1.54	-1.54	-13.56	1.28	-0.7000000000000001	-11.78	2.29	-9.57	-2.46	14.030000000000001
11:30:32.465420	0.31	-11.02	2.13	-1.67	-13.16	1.21	-0.59	-10.700000000000001	3.3200000000000003	7.0600000000000005	-14.49	3.02
11:30:32.475697	0.15	-11.41	2.65	-2.2800000000000002	-12.32	1.72	0.31	-9.08	4.58	4.72	-9.9	3.23
11:30:32.485800	0.07	-10.64	2.5300000000000002	-1.79	-11.26	1.59	1.56	-8.0	5.3100000000000005	1.25	-5.51	5.24
11:30:32.495907	0.2	-10.07	2.11	-1.42	-10.700000000000001	1.44	1.6	-7.45	5.28	2.97	-1.3800000000000001	6.43
11:30:32.506007	0.41000000000000003	-9.620000000000001	1.7	-1.26	-10.49	1.25	1.03	-7.390000000000001	4.82	3.69	-2.99	5.72
11:30:32.516130	0.6900000000000001	-9.18	0.9400000000000001	-0.79	-10.22	1.06	0.54	-7.36	5.11	1.92	-5.2	5.0600000000000005
11:30:32.526247	0.76	-9.08	0.65	-0.47000000000000003	-9.96	0.65	-0.23	-7.11	5.49	0.02	-7.68	4.32
11:30:32.536887	0.85	-9.03	0.38	-0.5	-9.8	0.34	-0.73	-7.34	5.2700000000000005	0.36	-8.69	3.97
11:30:32.546997	0.88	-9.14	0.09	-0.7000000000000001	-9.620000000000001	0.32	-0.75	-7.3500000000000005	4.7	0.0	-7.21	4.45
11:30:32.557101	0.78	-9.33	-0.21	-1.29	-9.040000000000001	0.43	-0.35000000000000003	-7.17	4.46	0.21	-8.46	3.25
11:30:32.567215	0.75	-9.34	-0.23	-1.55	-8.47	0.1	0.08	-7.07	5.53	0.98	-9.63	1.6
11:30:32.577835	0.71	-9.32	-0.17	-1.83	-8.08	-0.1	-0.35000000000000003	-6.9	5.93	0.98	-9.63	1.6
11:30:32.588001	0.63	-9.26	-0.03	-2.09	-7.82	-0.4	-0.89	-6.92	5.87	0.98	-9.63	1.6
11:30:32.598097	0.46	-9.02	0.37	-2.12	-7.29	-0.65	-2.02	-7.82	6.05	0.05	-10.22	-0.64
11:30:32.608186	0.39	-8.84	0.62	-2.12	-7.29	-0.65	-2.3000000000000003	-8.26	6.140000000000001	0.13	-11.34	-1.62
11:30:32.618308	0.33	-8.66	0.78	-2.25	-7.47	-0.61	-1.68	-8.55	5.92	0.13	-11.34	-1.62
11:30:32.629170	0.38	-8.42	0.93	-2.29	-7.49	-0.8	-0.66	-8.65	5.84	0.13	-11.34	-1.62
11:30:32.639310	0.41000000000000003	-8.370000000000001	0.89	-2.09	-7.390000000000001	-0.8200000000000001	0.19	-8.700000000000001	5.6000000000000005	0.13	-11.34	-1.62
11:30:32.649942	0.43	-8.38	0.84	-1.93	-7.45	-0.9	0.16	-8.700000000000001	5.0200000000000005	0.13	-11.34	-1.62
11:30:32.660063	0.37	-8.4	0.6900000000000001	-1.54	-7.5	-1.11	-0.18	-9.02	4.91	0.13	-11.34	-1.62
11:30:32.670218	0.4	-8.56	0.33	-0.99	-7.51	-1.62	-0.32	-9.35	5.0600000000000005	0.13	-11.34	-1.62
11:30:32.680380	0.46	-8.63	0.22	-0.6	-7.49	-1.77	-0.87	-9.75	4.86	0.13	-11.34	-1.62
11:30:32.690982	0.54	-8.71	0.06	-0.25	-7.5600000000000005	-2.27	-1.11	-9.96	4.8100000000000005	0.13	-11.34	-1.62
11:30:32.701108	0.52	-8.89	0.0	0.05	-7.5600000000000005	-2.7800000000000002	-1.11	-9.96	4.8100000000000005	3.41	-12.74	-5.72
11:30:32.711809	0.49	-9.05	-0.08	0.05	-7.5600000000000005	-2.7800000000000002	-1.22	-9.950000000000001	4.8500000000000005	3.23	-14.43	-9.02
11:30:32.721962	0.46	-9.09	0.01	0.74	-7.98	-3.69	-0.86	-9.8	4.51	3.62	-12.870000000000001	-9.5
11:30:32.732180	0.36	-9.14	0.15	0.91	-8.22	-3.69	0.1	-10.03	3.8200000000000003	3.79	-13.22	-9.98
11:30:32.742257	0.28	-9.200000000000001	0.32	1.18	-8.53	-3.56	0.13	-10.08	3.62	3.98	-13.1	-10.64
11:30:32.752330	0.15	-9.38	0.73	1.6500000000000001	-8.92	-2.97	-0.02	-9.99	3.29	4.41	-12.09	-10.59
11:30:32.762464	0.07	-9.51	0.85	1.6400000000000001	-8.9	-2.75	-0.16	-9.49	3.16	4.61	-11.26	-10.790000000000001
11:30:32.772564	0.0	-9.63	0.9400000000000001	1.58	-8.99	-2.59	-0.16	-9.71	2.58	4.58	-10.86	-10.77
11:30:32.782641	-0.08	-9.74	1.0	1.58	-9.15	-2.68	-0.17	-9.64	2.42	4.42	-11.02	-10.92
11:30:32.793034	-0.15	-10.1	1.09	1.37	-9.21	-2.75	-0.17	-9.78	2.27	4.23	-11.01	-11.57
11:30:32.803141	-0.16	-10.28	1.1	1.3900000000000001	-9.21	-2.9	-0.49	-9.540000000000001	1.71	3.97	-10.790000000000001	-11.78
11:30:32.813211	-0.18	-10.35	1.03	1.03	-9.25	-3.0300000000000002	-0.55	-9.57	1.62	3.97	-10.790000000000001	-11.78
11:30:32.823530	-0.19	-10.41	1.0	0.85	-9.25	-3.18	-0.59	-8.99	1.85	3.33	-9.9	-12.43
11:30:32.833610	-0.12	-10.46	0.87	0.43	-9.24	-3.06	-0.44	-8.97	1.61	2.12	-10.07	-12.81
11:30:32.843724	-0.14	-10.51	0.77	0.34	-9.32	-3.14	-0.72	-8.85	1.69	1.67	-9.96	-12.99
11:30:32.853792	-0.24	-10.57	0.65	0.28	-9.42	-3.31	-0.89	-8.55	2.0	1.26	-9.56	-13.14
11:30:32.863871	-0.51	-10.66	0.49	0.26	-9.950000000000001	-3.46	-0.9400000000000001	-8.3	2.04	1.26	-9.56	-13.14
11:30:32.873944	-0.58	-10.73	0.41000000000000003	0.25	-10.22	-3.41	-0.7000000000000001	-8.31	1.9000000000000001	1.26	-9.56	-13.14
11:30:32.884414	-0.7000000000000001	-10.8	0.3	0.33	-10.370000000000001	-3.49	-0.33	-8.36	2.0	0.48	-8.77	-12.84
11:30:32.894514	-0.75	-10.83	0.3	0.39	-10.3	-3.36	0.0	-8.38	2.06	0.71	-8.82	-12.76
11:30:32.904817	-0.8	-10.86	0.3	0.45	-9.73	-3.14	0.11	-8.42	2.09	0.71	-8.93	-12.38
11:30:32.914928	-0.8200000000000001	-10.86	0.37	0.41000000000000003	-9.34	-3.0100000000000002	0.18	-8.47	2.3000000000000003	2.65	-12.07	-12.15
11:30:32.924996	-0.78	-10.81	0.41000000000000003	0.35000000000000003	-9.05	-3.0100000000000002	0.01	-8.48	2.38	3.33	-10.19	-13.8
11:30:32.935147	-0.8	-10.69	0.49	0.31	-8.73	-2.66	-0.13	-8.38	2.75	3.43	-8.01	-12.27
11:30:32.945601	-0.9400000000000001	-10.22	0.67	0.21	-7.8500000000000005	-2.2	-0.13	-8.38	2.75	2.09	-3.48	-9.49
11:30:32.955957	-0.97	-9.99	0.7000000000000001	0.1	-7.43	-1.83	-0.6900000000000001	-9.14	1.83	2.09	-3.48	-9.49
11:30:32.966025	-0.66	-9.84	0.76	0.01	-7.82	-1.2	-0.5	-12.21	-3.3000000000000003	5.82	-13.13	2.5500000000000003
11:30:32.976097	0.41000000000000003	-10.05	0.77	0.06	-10.46	-0.78	-1.09	-17.150000000000002	-12.120000000000001	4.24	-22.41	18.85
11:30:32.986229	1.84	-13.4	-1.03	-0.8	-15.41	-0.89	-1.3	-16.65	-4.08	10.66	-18.23	-6.04
11:30:32.996294	1.92	-13.450000000000001	-1.59	-0.77	-15.49	-1.75	0.31	-12.63	-0.56	10.450000000000001	-8.65	-8.36
11:30:33.006396	1.92	-13.450000000000001	-1.59	0.06	-15.15	-3.16	-1.6500000000000001	-10.76	2.31	1.45	-4.82	-13.9
11:30:33.016737	1.92	-13.11	-2.07	0.64	-14.31	-3.43	-5.29	-8.77	0.97	-7.2	-10.07	-1.22
11:30:33.027372	1.27	-10.72	-1.54	1.09	-10.86	-4.71	-4.8100000000000005	-8.3	0.64	1.72	-10.950000000000001	3.15
11:30:33.037494	0.85	-9.94	-0.96	0.42	-8.950000000000001	-4.99	-2.9	-8.03	1.4000000000000001	7.2	-9.870000000000001	2.47
11:30:33.048168	0.6	-8.56	0.67	-0.65	-7.28	-3.59	0.78	-8.6	1.17	5.09	-5.94	-3.19
11:30:33.058432	0.63	-8.22	1.44	-2.35	-5.93	-1.51	5.95	-9.33	0.58	-1.44	-7.29	-2.49
11:30:33.068536	0.51	-8.03	2.08	-2.22	-6.5	0.37	6.76	-10.35	-0.05	0.74	-10.290000000000001	0.62
11:30:33.078624	0.28	-8.13	2.42	-0.44	-7.24	0.9400000000000001	5.33	-11.55	0.01	2.14	-10.6	-4.2700000000000005
11:30:33.088759	0.21	-8.69	2.39	0.8	-7.87	1.85	1.49	-9.4	1.8	1.8	-9.89	-2.85
11:30:33.098831	0.46	-9.16	2.14	2.86	-10.6	1.45	-0.51	-8.73	1.27	1.8	-9.89	-2.85
11:30:33.109528	0.46	-9.16	2.14	2.86	-10.6	1.45	-1.6600000000000001	-9.18	0.77	-0.88	-9.69	2.04
11:30:33.119634	1.08	-9.870000000000001	1.29	3.91	-11.51	-0.13	-1.58	-8.93	1.33	-0.48	-9.96	-0.9
11:30:33.130169	1.98	-9.71	0.3	3.93	-10.78	-0.26	-0.52	-9.58	2.0	2.22	-7.18	-1.7
11:30:33.140254	2.32	-9.56	-0.21	0.96	-9.22	0.4	-0.12	-10.84	-0.06	2.11	-9.46	0.12
11:30:33.150374	2.43	-9.42	-0.7000000000000001	-0.39	-9.26	-0.06	-0.12	-10.84	-0.06	3.13	-10.120000000000001	-2.93
11:30:33.160500	2.43	-9.35	-1.16	-0.85	-9.13	-0.22	1.52	-9.9	0.54	2.2800000000000002	-10.4	-4.61
11:30:33.170598	2.18	-9.19	-1.83	-1.01	-9.17	-0.61	1.6	-9.78	0.96	1.3900000000000001	-9.67	-3.21
11:30:33.181176	2.1	-9.16	-1.94	-1.06	-8.75	-1.35	0.53	-9.4	1.6300000000000001	1.09	-8.77	0.05
11:30:33.191428	1.9000000000000001	-9.11	-1.98	-1.2	-8.94	-1.68	0.11	-9.44	2.17	1.48	-8.25	-2.44
11:30:33.201498	1.67	-9.15	-1.8900000000000001	-1.21	-9.07	-1.17	-0.29	-9.77	2.2800000000000002	1.81	-8.99	-3.8200000000000003
11:30:33.212253	1.24	-9.44	-1.46	-1.21	-9.07	-1.17	-0.29	-9.77	2.2800000000000002	1.81	-8.99	-3.8200000000000003
11:30:33.222355	1.01	-9.65	-1.24	-1.29	-9.43	0.01	0.43	-10.450000000000001	1.33	1.32	-10.49	-1.98
11:30:33.232753	0.89	-9.8	-1.07	-0.87	-9.64	-0.11	1.27	-10.08	1.72	1.3	-10.120000000000001	-4.5200000000000005
11:30:33.242834	0.62	-9.77	-0.72	-0.51	-9.47	0.0	1.72	-9.57	1.51	1.3	-10.120000000000001	-4.5200000000000005
11:30:33.252986	0.63	-9.700000000000001	-0.53	0.56	-9.16	0.47000000000000003	1.28	-9.450000000000001	1.06	1.21	-9.34	-1.17
11:30:33.263059	0.55	-9.52	-0.41000000000000003	0.87	-9.65	0.52	0.73	-9.67	1.3800000000000001	1.77	-8.83	-1.97
11:30:33.273146	0.65	-9.42	-0.23	0.88	-9.67	0.8300000000000001	0.23	-9.870000000000001	1.67	2.24	-8.6	-3.3200000000000003
11:30:33.283234	0.67	-9.26	-0.06	1.02	-9.9	0.6900000000000001	-0.56	-9.99	1.8900000000000001	2.59	-8.91	-3.98
11:30:33.293310	0.68	-9.27	0.0	0.65	-9.91	0.5700000000000001	-1.1400000000000001	-10.1	1.45	2.72	-9.15	-1.53
11:30:33.303885	0.8200000000000001	-9.21	-0.07	0.25	-9.78	0.34	-0.5700000000000001	-9.72	1.46	2.31	-9.3	-3.58
11:30:33.313959	0.86	-9.3	-0.14	0.3	-9.540000000000001	0.17	-0.5700000000000001	-9.72	1.46	1.78	-9.01	-3.83
11:30:33.324028	0.71	-9.53	-0.44	-0.13	-9.36	0.27	0.72	-9.9	1.23	1.75	-9.03	-3.27
11:30:33.334094	0.66	-9.55	-0.58	-0.39	-9.46	0.05	0.68	-10.040000000000001	0.68	1.73	-9.790000000000001	-1.1500000000000001
11:30:33.344174	0.55	-9.57	-0.72	-0.34	-9.61	0.0	1.11	-9.75	0.7000000000000001	1.73	-9.790000000000001	-1.1500000000000001
11:30:33.354283	0.51	-9.58	-0.91	-0.47000000000000003	-9.47	0.03	1.03	-9.55	1.01	1.87	-9.03	-4.3
11:30:33.364354	0.66	-9.370000000000001	-1.1	-0.44	-9.35	0.21	0.66	-10.01	0.62	1.93	-9.03	-2.14
11:30:33.374422	0.87	-9.21	-1.23	-0.72	-9.89	0.19	1.04	-10.18	0.04	1.93	-9.86	-0.8200000000000001
11:30:33.384534	1.06	-9.14	-1.25	-0.8	-9.950000000000001	0.17	1.18	-10.07	0.17	2.14	-9.78	-4.18
11:30:33.394667	1.49	-9.06	-1.3900000000000001	-0.7000000000000001	-9.84	0.13	0.5	-9.47	2.0	1.95	-9.15	-5.33
11:30:33.404996	1.62	-8.99	-1.34	-0.51	-9.68	0.27	-0.09	-10.07	1.22	1.97	-8.790000000000001	-1.95
11:30:33.415088	1.74	-8.93	-1.27	-0.19	-10.01	0.44	-0.18	-10.17	0.65	1.83	-9.83	-1.57
11:30:33.425158	1.7	-8.86	-1.2	-0.24	-9.950000000000001	0.39	0.16	-9.69	0.81	1.47	-9.67	-3.94
11:30:33.435804	1.58	-8.75	-1.01	-0.33	-9.78	0.29	0.11	-9.43	1.75	1.36	-9.41	-5.75
11:30:33.445884	1.48	-8.64	-0.92	-0.58	-9.65	0.26	-0.23	-10.43	0.32	1.36	-9.41	-5.75
11:30:33.455958	1.3	-8.65	-0.84	-0.74	-9.93	0.08	0.35000000000000003	-10.24	0.53	2.95	-9.86	-2.11
11:30:33.466045	1.1400000000000001	-8.94	-0.91	-0.9500000000000001	-9.9	0.05	0.85	-9.5	2.3000000000000003	1.71	-9.92	-4.87
11:30:33.476145	1.09	-9.11	-0.96	-1.18	-9.73	0.31	0.1	-10.18	1.8	1.6300000000000001	-9.55	-5.46
11:30:33.486822	1.09	-9.11	-0.96	-1.1400000000000001	-9.790000000000001	0.51	-0.46	-10.790000000000001	1.17	2.47	-9.36	-1.79
11:30:33.496901	1.17	-9.59	-1.03	-1.1300000000000001	-10.28	1.23	0.0	-10.39	1.8	2.79	-10.200000000000001	-3.0500000000000003
11:30:33.507014	1.25	-10.08	-0.84	-1.1300000000000001	-10.28	1.23	0.39	-10.19	2.37	1.99	-10.59	-5.3100000000000005
11:30:33.517672	1.18	-10.3	-0.76	-1.58	-10.51	1.55	0.13	-10.82	1.7	2.69	-10.55	-5.84
11:30:33.528192	1.09	-10.51	-0.59	-1.6400000000000001	-10.69	1.28	0.03	-11.15	1.35	2.4	-10.66	-2.73
11:30:33.538832	0.96	-10.61	-0.42	-1.72	-10.61	1.29	0.17	-10.35	2.16	1.58	-10.33	-4.82
11:30:33.549205	0.71	-10.71	-0.13	-1.55	-10.52	1.25	-0.27	-10.94	1.25	1.58	-10.33	-4.82
11:30:33.559367	0.62	-10.68	-0.02	-1.41	-10.35	0.8300000000000001	-0.27	-10.94	1.25	1.58	-10.33	-4.82
11:30:33.569478	0.54	-10.64	0.1	-1.31	-10.28	0.58	0.12	-10.17	1.5	2.73	-10.44	-4.84
11:30:33.579545	0.45	-10.540000000000001	0.17	-1.07	-10.4	0.49	0.0	-10.31	1.74	2.73	-10.44	-4.84
11:30:33.589788	0.36	-10.51	0.2	-1.09	-10.27	0.64	0.0	-10.31	1.74	2.81	-10.040000000000001	-2.67
11:30:33.600032	0.33	-10.46	0.15	-1.0	-10.22	0.45	0.0	-10.31	1.74	3.15	-9.78	-2.68
11:30:33.610306	0.26	-10.41	0.1	-1.0	-10.13	0.5	-0.02	-9.61	1.1	3.15	-9.78	-2.68
11:30:33.620592	0.14	-10.21	-0.02	-0.99	-10.06	0.51	-0.05	-9.73	1.0	2.29	-9.86	-6.0200000000000005
11:30:33.631148	0.11	-10.02	-0.03	-1.16	-10.03	0.44	-0.24	-10.200000000000001	0.23	2.29	-9.86	-6.0200000000000005
11:30:33.641248	0.11	-9.870000000000001	-0.07	-1.09	-10.19	-0.02	-0.12	-9.47	0.17	2.29	-9.86	-6.0200000000000005
11:30:33.651679	0.26	-9.76	-0.12	-1.18	-10.15	0.0	-0.62	-9.52	0.39	1.85	-9.78	-2.8000000000000003
11:30:33.661752	0.64	-9.67	-0.22	-0.98	-10.1	-0.06	-0.62	-9.52	0.39	1.85	-9.78	-2.8000000000000003
11:30:33.671823	1.1400000000000001	-9.950000000000001	-0.04	-0.65	-10.35	0.04	0.52	-11.24	-1.85	1.85	-9.78	-2.8000000000000003
11:30:33.681925	2.33	-10.56	0.71	0.14	-12.61	0.07	0.78	-11.26	-1.34	1.85	-9.78	-2.8000000000000003
11:30:33.692396	2.92	-11.58	1.28	0.34	-12.56	0.12	0.11	-12.4	-1.46	1.85	-9.78	-2.8000000000000003
11:30:33.702789	2.2600000000000002	-13.64	2.41	0.32	-12.26	0.59	-0.44	-12.32	-2.18	5.76	-10.92	-8.07
11:30:33.712876	1.49	-14.0	2.66	0.25	-12.450000000000001	0.51	-3.3000000000000003	-12.09	-1.6300000000000001	0.24	-13.55	-4.25
11:30:33.722978	1.01	-13.86	2.63	-0.28	-12.33	0.3	-3.8200000000000003	-12.540000000000001	-2.05	3.68	-15.700000000000001	-2.41
11:30:33.733050	0.87	-13.23	2.38	-0.85	-12.15	0.21	-3.84	-12.950000000000001	-1.58	2.67	-15.89	-4.28
11:30:33.743463	1.87	-11.22	0.76	-1.34	-11.58	0.0	-3.47	-12.6	-0.01	2.67	-15.89	-4.28
11:30:33.753535	2.95	-9.97	-0.06	-1.99	-10.82	-0.04	-3.35	-12.76	-1.51	1.48	-16.43	-1.02
11:30:33.763605	4.5	-8.76	-0.8	-3.31	-9.97	-0.85	-2.13	-12.540000000000001	-1.94	4.18	-13.98	-1.81
11:30:33.773680	6.03	-6.78	-1.78	-3.83	-9.56	-0.89	-0.18	-12.69	-2.6	8.21	-13.93	-0.36
11:30:33.783780	5.24	-6.26	-2.11	-4.19	-9.28	-0.66	2.68	-10.51	0.15	10.21	-12.8	-2.14
11:30:33.793872	3.93	-6.09	-2.22	-4.33	-9.16	-0.6	3.44	-9.26	1.5	10.21	-12.8	-2.14
11:30:33.804494	2.35	-6.9	-1.16	-4.1	-8.82	-0.04	3.17	-7.33	5.0	8.38	-4.22	-7.45
11:30:33.814631	2.35	-6.9	-1.16	-4.23	-8.81	0.12	1.3	-7.390000000000001	8.1	8.38	-4.22	-7.45
11:30:33.824707	2.5	-8.13	0.29	-3.88	-8.97	-0.02	-0.49	-8.73	8.23	3.73	0.36	-2.5500000000000003
11:30:33.835210	2.34	-8.89	0.97	-3.11	-9.16	0.05	-0.49	-8.73	8.23	3.73	0.36	-2.5500000000000003
11:30:33.845377	1.84	-10.31	2.37	-2.45	-10.58	0.93	-2.63	-9.55	6.41	3.73	0.36	-2.5500000000000003
11:30:33.856014	1.57	-10.790000000000001	2.91	-2.6	-11.03	1.55	-3.09	-9.56	3.67	3.73	0.36	-2.5500000000000003
11:30:33.866161	1.36	-10.94	3.2	-2.7600000000000002	-11.24	1.44	-2.75	-8.97	4.07	3.73	0.36	-2.5500000000000003
11:30:33.876232	1.27	-10.93	3.2800000000000002	-3.16	-10.74	1.81	-1.77	-8.48	4.48	3.73	0.36	-2.5500000000000003
11:30:33.886306	1.4000000000000001	-10.22	2.5500000000000003	-3.52	-10.65	1.77	-0.65	-7.8	6.54	3.73	0.36	-2.5500000000000003
11:30:33.897026	1.75	-9.74	1.97	-3.0500000000000003	-10.07	1.6600000000000001	-0.99	-7.43	6.7700000000000005	-0.04	-1.98	3.95
11:30:33.907151	2.14	-9.23	1.37	-2.91	-9.68	1.03	-1.27	-7.23	6.0600000000000005	1.35	-2.46	5.0
11:30:33.917778	2.44	-8.91	0.78	-2.91	-9.68	1.03	-2.07	-7.05	5.67	1.35	-2.46	5.0
11:30:33.928397	2.62	-8.58	-0.03	-2.64	-9.35	0.49	-4.23	-7.04	3.94	1.56	-9.82	1.94
11:30:33.938474	2.5	-8.52	-0.28	-2.5300000000000002	-9.11	0.5700000000000001	-4.49	-6.54	4.82	2.91	-10.26	1.5
11:30:33.949543	2.37	-8.47	-0.44	-2.5100000000000002	-8.41	0.0	-4.49	-6.54	4.82	2.32	-5.88	1.86
11:30:33.959664	2.04	-8.44	-0.45	-2.48	-7.8	-0.12	-3.15	-6.72	4.8100000000000005	3.8000000000000003	-7.3500000000000005	-0.71
11:30:33.969765	2.13	-8.4	-0.32	-2.5300000000000002	-7.46	-0.34	-2.49	-7.2	4.01	5.98	-7.05	-2.8000000000000003
11:30:33.980374	2.13	-8.3	-0.15	-2.43	-7.0200000000000005	-0.65	-1.75	-7.48	3.62	4.62	-8.27	-3.45
11:30:33.990478	2.24	-8.25	0.08	-2.17	-7.34	-1.21	-1.75	-7.48	3.62	4.95	-8.74	-4.89
11:30:34.001915	2.11	-8.2	0.6	-2.0	-7.640000000000001	-1.57	0.12	-7.91	3.95	6.2	-8.17	-5.66
11:30:34.012241	1.94	-8.24	0.85	-1.97	-8.06	-1.87	0.48	-8.11	4.49	7.29	-7.41	-6.05
11:30:34.022305	1.87	-8.3	0.9400000000000001	-1.9000000000000001	-8.46	-2.12	0.0	-8.25	4.73	9.67	-7.25	-7.1000000000000005
11:30:34.032827	1.87	-8.3	0.9400000000000001	-2.11	-9.06	-2.36	-2.2	-8.8	4.23	9.3	-8.07	-8.61
11:30:34.042933	1.8	-8.36	1.06	-2.27	-8.94	-2.33	-2.2	-8.8	4.23	8.2	-8.74	-9.32
11:30:34.053004	1.62	-8.58	1.27	-2.36	-9.17	-2.46	-2.91	-8.78	5.18	7.67	-7.72	-8.94
11:30:34.063084	1.62	-8.73	1.3900000000000001	-2.33	-9.18	-2.6	-3.0300000000000002	-8.620000000000001	5.4	6.08	-7.96	-9.81
11:30:34.073156	1.67	-8.9	1.48	-2.07	-9.200000000000001	-2.88	-2.33	-8.36	5.3	5.66	-7.890000000000001	-10.08
11:30:34.083797	1.67	-9.03	1.59	-1.93	-8.94	-2.97	-2.0	-8.2	5.57	5.26	-7.96	-10.370000000000001
11:30:34.093869	1.61	-9.18	1.75	-1.81	-8.64	-3.12	-1.99	-8.18	5.5600000000000005	4.65	-8.120000000000001	-10.64
11:30:34.104711	1.61	-9.24	1.83	-1.71	-8.26	-3.1	-1.94	-8.38	5.25	4.87	-7.92	-10.82
11:30:34.115268	1.58	-9.28	1.8	-1.52	-7.78	-3.23	-1.9000000000000001	-8.33	5.11	4.87	-7.92	-10.82
11:30:34.125569	1.3900000000000001	-9.28	1.87	-1.37	-7.91	-3.5700000000000003	-1.94	-8.23	4.89	5.19	-7.82	-11.03
11:30:34.136192	1.3	-9.290000000000001	1.8900000000000001	-1.32	-7.99	-3.43	-1.9100000000000001	-8.23	4.73	5.19	-7.82	-11.03
11:30:34.146268	1.19	-9.31	1.99	-1.18	-7.98	-3.23	-1.67	-8.16	4.43	5.16	-7.95	-10.63
11:30:34.156552	1.1300000000000001	-9.450000000000001	2.11	-1.09	-8.34	-2.7800000000000002	-1.52	-8.18	4.44	4.92	-7.75	-10.22
11:30:34.166619	1.1300000000000001	-9.51	2.19	-1.05	-8.53	-2.5100000000000002	-1.49	-8.16	4.53	4.78	-7.75	-9.81
11:30:34.176737	1.07	-9.72	2.23	-1.12	-8.69	-2.2800000000000002	-1.25	-8.14	4.39	4.79	-7.6000000000000005	-9.11
11:30:34.186878	1.0	-9.81	2.21	-1.58	-8.47	-1.75	-1.22	-7.91	4.39	4.33	-6.8500000000000005	-8.55
11:30:34.196981	0.8	-10.120000000000001	2.23	-1.78	-8.33	-1.69	-1.29	-7.66	4.5	4.0	-6.01	-7.7700000000000005
11:30:34.207127	0.75	-10.23	2.19	-1.94	-8.22	-1.86	-1.37	-7.48	4.96	3.18	-6.65	-6.8100000000000005
11:30:34.217193	0.73	-10.25	2.12	-2.33	-7.94	-2.06	-1.4000000000000001	-7.68	4.88	3.2	-7.13	-6.7700000000000005
11:30:34.227350	0.68	-10.38	2.11	-2.42	-7.88	-2.1	-1.44	-7.79	4.86	3.0	-6.99	-6.4
11:30:34.238018	0.71	-10.41	1.95	-2.57	-7.9	-2.09	-1.33	-7.71	4.83	2.89	-6.73	-5.75
11:30:34.248534	0.76	-10.39	1.8800000000000001	-2.7800000000000002	-7.98	-2.3000000000000003	-1.16	-7.75	5.15	1.68	-8.06	-6.16
11:30:34.259058	0.8	-10.41	1.81	-2.7800000000000002	-7.98	-2.3000000000000003	-1.06	-7.59	5.53	-0.05	-7.22	-10.32
11:30:34.269249	0.9	-10.46	1.74	-2.88	-8.9	-3.25	-0.81	-6.76	6.17	-2.86	-2.96	-10.8
11:30:34.279364	1.23	-10.6	1.43	-2.93	-9.44	-3.48	-1.6	-9.11	6.16	5.26	-6.78	-14.21
11:30:34.289476	1.27	-10.68	1.19	-3.0700000000000003	-10.01	-3.3200000000000003	-2.25	-9.39	6.46	0.78	-6.0600000000000005	-8.52
11:30:34.299545	1.47	-10.700000000000001	1.02	-3.36	-10.91	-3.0300000000000002	-1.8	-9.63	5.91	-4.23	-8.57	-3.11
11:30:34.310431	1.56	-10.81	0.86	-3.46	-10.72	-2.92	-1.34	-9.41	3.91	-4.23	-8.57	-3.11
11:30:34.321025	1.6500000000000001	-11.02	0.44	-3.65	-10.28	-2.47	-1.45	-9.450000000000001	2.43	1.59	-9.53	-0.02
11:30:34.331225	1.67	-11.07	0.27	-3.89	-9.94	-1.93	-1.48	-9.57	1.5	-1.17	-9.78	-0.41000000000000003
11:30:34.341318	1.6500000000000001	-11.01	0.13	-4.08	-10.05	-1.31	-1.78	-9.74	1.52	-2.15	-10.8	-2.95
11:30:34.351997	1.72	-10.85	-0.1	-3.89	-10.49	-1.7	-2.75	-10.51	3.02	1.9100000000000001	-10.86	-6.61
11:30:34.362257	1.8	-10.790000000000001	-0.14	-3.49	-10.94	-2.06	-2.38	-11.02	2.9	2.38	-9.370000000000001	-3.5500000000000003
11:30:34.372326	1.8800000000000001	-10.85	-0.15	-3.04	-11.18	-2.4	-2.43	-11.370000000000001	2.84	4.63	-9.94	-3.3200000000000003
11:30:34.382442	1.94	-10.91	-0.09	-2.07	-11.14	-2.75	-2.8000000000000003	-11.66	0.89	7.16	-8.78	-3.42
11:30:34.392541	1.9100000000000001	-11.120000000000001	0.3	-1.67	-10.84	-2.56	-2.59	-11.200000000000001	0.1	8.43	-9.76	-4.75
11:30:34.402609	1.6600000000000001	-11.15	0.55	-1.1500000000000001	-10.540000000000001	-2.45	-2.12	-10.83	-0.17	7.11	-9.22	-3.83
11:30:34.412690	1.31	-11.120000000000001	0.78	-0.53	-10.5	-2.62	-1.61	-10.81	0.27	5.7700000000000005	-9.13	-3.77
11:30:34.422839	1.07	-11.01	0.9400000000000001	0.04	-10.16	-1.97	-0.93	-10.48	0.88	4.24	-9.370000000000001	-4.14
11:30:34.432956	1.02	-10.48	1.19	0.02	-10.0	-1.6	-1.17	-10.23	1.17	3.46	-8.59	-3.36
11:30:34.443123	1.1	-10.120000000000001	1.32	-0.08	-9.6	-1.35	-1.56	-9.870000000000001	1.6500000000000001	2.71	-8.6	-3.2800000000000002
11:30:34.453273	1.18	-9.73	1.43	-0.14	-9.11	-1.54	-2.14	-9.02	2.09	1.95	-8.790000000000001	-3.31
11:30:34.463382	1.3	-9.41	1.44	-0.37	-8.31	-1.2	-1.73	-8.73	1.98	1.8800000000000001	-8.57	-3.54
11:30:34.473513	1.62	-8.91	1.3800000000000001	-0.36	-8.27	-1.48	-1.01	-8.89	1.6400000000000001	2.37	-8.620000000000001	-3.38
11:30:34.483617	1.73	-8.76	1.28	-0.24	-8.34	-1.69	-0.25	-9.24	1.1300000000000001	2.62	-8.66	-3.2800000000000002
11:30:34.493688	1.79	-8.76	1.1500000000000001	-0.15	-8.63	-1.48	0.58	-9.870000000000001	0.34	2.68	-9.06	-3.39
11:30:34.503824	2.12	-8.93	0.65	0.29	-9.84	-0.9500000000000001	0.51	-10.09	0.26	3.09	-9.39	-3.35
11:30:34.513956	2.12	-8.93	0.65	0.43	-10.38	-0.91	0.14	-10.19	0.43	2.67	-9.39	-3.3200000000000003
11:30:34.524472	2.2800000000000002	-9.03	0.39	0.37	-10.6	-0.9	-0.89	-9.97	1.08	2.67	-9.39	-3.3200000000000003
11:30:34.535048	2.81	-9.33	-0.4	-0.19	-10.34	-0.8	-1.27	-9.92	1.25	2.54	-9.290000000000001	-3.4
11:30:34.545167	2.83	-9.36	-0.71	-0.54	-10.06	-0.86	-1.49	-9.92	1.44	2.56	-8.88	-3.44
11:30:34.555283	2.79	-9.31	-1.03	-0.92	-9.61	-1.0	-1.42	-9.82	1.34	2.68	-8.81	-3.2600000000000002
11:30:34.565457	2.73	-9.24	-1.29	-1.29	-9.4	-1.17	-1.02	-9.67	1.02	2.75	-9.0	-3.25
11:30:34.575981	2.71	-9.05	-1.67	-1.77	-9.18	-1.24	-0.91	-9.78	1.02	2.65	-8.92	-3.43
11:30:34.586052	2.8000000000000003	-8.9	-1.75	-1.87	-9.120000000000001	-1.21	-0.89	-9.72	1.1	2.57	-8.72	-3.1
11:30:34.596125	2.83	-8.82	-1.73	-1.92	-9.16	-1.1400000000000001	-1.3	-9.49	1.24	2.69	-8.78	-3.27
11:30:34.606666	2.83	-8.82	-1.73	-1.9100000000000001	-9.32	-1.07	-1.33	-9.57	1.0	2.86	-8.91	-3.23
11:30:34.616818	2.79	-9.08	-1.49	-1.6	-9.44	-1.09	-1.1500000000000001	-9.81	0.97	2.69	-8.96	-3.0700000000000003
11:30:34.626936	2.6	-9.26	-1.43	-0.91	-9.620000000000001	-0.93	-0.89	-9.93	0.97	2.69	-8.96	-3.0700000000000003
11:30:34.637059	2.42	-9.47	-1.3	-0.58	-9.65	-0.8300000000000001	-0.58	-9.84	0.79	2.5	-9.07	-3.31
11:30:34.647164	2.24	-9.43	-1.16	-0.09	-9.77	-0.54	-0.75	-9.76	0.87	2.5	-9.11	-3.24
11:30:34.657235	1.97	-9.24	-0.89	0.04	-9.8	-0.59	-0.8	-9.67	0.6900000000000001	2.8000000000000003	-8.72	-3.1
11:30:34.667377	1.9100000000000001	-9.08	-0.81	0.08	-9.74	-0.8200000000000001	-0.8300000000000001	-9.51	0.32	2.58	-8.76	-3.02
11:30:34.677527	1.96	-8.89	-0.77	0.08	-9.71	-1.03	-0.8	-9.41	0.33	2.63	-8.700000000000001	-2.97
11:30:34.688105	2.0300000000000002	-8.78	-0.79	-0.2	-9.700000000000001	-0.91	-0.67	-9.39	0.09	2.84	-8.790000000000001	-2.98
11:30:34.698224	2.2800000000000002	-8.6	-0.99	-0.47000000000000003	-9.540000000000001	-1.07	-0.49	-9.82	-0.03	2.64	-9.02	-3.0
11:30:34.708325	2.43	-8.59	-1.1400000000000001	-0.27	-9.65	-1.1	-0.44	-9.620000000000001	0.0	2.72	-8.89	-3.02
11:30:34.718938	2.5500000000000003	-8.66	-1.33	-0.34	-9.82	-1.1500000000000001	-0.44	-9.620000000000001	0.0	2.72	-8.89	-3.02
11:30:34.729212	2.66	-8.81	-1.71	-0.51	-9.790000000000001	-1.11	-0.84	-9.48	-0.18	2.7600000000000002	-8.81	-2.79
11:30:34.739338	2.71	-8.85	-1.9000000000000001	-0.74	-9.84	-1.1400000000000001	-0.91	-9.51	-0.34	3.02	-8.81	-2.93
11:30:34.749447	2.71	-8.85	-1.9000000000000001	-0.74	-9.84	-1.1400000000000001	-0.91	-9.51	-0.34	3.02	-8.81	-2.93
11:30:34.759540	2.82	-8.92	-2.14	-1.35	-10.25	-1.1300000000000001	-0.9500000000000001	-9.53	-0.45	3.15	-8.98	-3.2
11:30:34.770142	3.0100000000000002	-8.9	-2.37	-1.72	-10.26	-1.24	-1.47	-9.77	-0.12	3.09	-8.88	-2.99
11:30:34.780258	3.08	-8.88	-2.49	-1.8800000000000001	-10.14	-0.99	-1.62	-9.69	0.19	3.0500000000000003	-8.94	-2.86
11:30:34.790370	3.17	-8.88	-2.59	-2.06	-9.97	-0.92	-1.6400000000000001	-9.72	0.4	2.98	-8.99	-3.12
11:30:34.801007	3.3000000000000003	-8.82	-2.67	-2.13	-9.71	-0.97	-1.44	-9.75	0.31	3.0700000000000003	-8.870000000000001	-2.91
