Time	Pelvis_x	Pelvis_y	Pelvis_z	UppLeg_x	UppLeg_y	UppLeg_z	LowLeg_x	LowLeg_y	LowLeg_z		Foot_x	Foot_y	Foot_z
11:28:59.445547	-0.67	-9.72	1.03	-2.12	-8.99	-3.27	-1.23	-8.23	5.17	0.9500000000000001	-6.390000000000001	-7.37
11:28:59.455678	-0.67	-9.72	1.03	-2.04	-8.97	-3.38	-1.1300000000000001	-8.41	4.9	0.98	-6.68	-7.1000000000000005
11:28:59.465749	-0.68	-9.72	1.04	-1.97	-8.950000000000001	-3.46	-1.02	-8.59	4.6000000000000005	1.03	-6.99	-6.79
11:28:59.475894	-0.6900000000000001	-9.72	1.04	-1.9100000000000001	-8.94	-3.5300000000000002	-0.91	-8.77	4.28	1.1	-7.29	-6.46
11:28:59.485976	-0.6900000000000001	-9.72	1.05	-1.86	-8.93	-3.59	-0.81	-8.950000000000001	3.91	1.16	-7.58	-6.11
11:28:59.496047	-0.7000000000000001	-9.72	1.05	-1.81	-8.92	-3.63	-0.72	-9.120000000000001	3.52	1.23	-7.83	-5.76
11:28:59.506121	-0.7000000000000001	-9.72	1.06	-1.76	-8.92	-3.66	-0.66	-9.27	3.11	1.27	-8.07	-5.41
11:28:59.516197	-0.71	-9.72	1.06	-1.71	-8.92	-3.69	-0.61	-9.41	2.68	1.3	-8.290000000000001	-5.0600000000000005
11:28:59.526327	-0.71	-9.72	1.07	-1.6600000000000001	-8.92	-3.71	-0.5700000000000001	-9.53	2.23	1.33	-8.49	-4.71
11:28:59.536427	-0.71	-9.72	1.07	-1.61	-8.92	-3.72	-0.51	-9.620000000000001	1.79	1.35	-8.67	-4.3500000000000005
11:28:59.546542	-0.72	-9.72	1.06	-1.57	-8.93	-3.71	-0.45	-9.700000000000001	1.34	1.36	-8.85	-3.98
11:28:59.556680	-0.73	-9.72	1.06	-1.52	-8.950000000000001	-3.7	-0.37	-9.75	0.9	1.36	-8.85	-3.98
11:28:59.566789	-0.74	-9.72	1.04	-1.46	-8.97	-3.67	-0.29	-9.790000000000001	0.46	1.31	-9.16	-3.22
11:28:59.577330	-0.75	-9.72	1.03	-1.41	-8.99	-3.64	-0.22	-9.8	0.04	1.28	-9.290000000000001	-2.83
11:28:59.587402	-0.77	-9.72	1.01	-1.36	-9.01	-3.59	-0.16	-9.790000000000001	-0.37	1.28	-9.290000000000001	-2.83
11:28:59.597473	-0.79	-9.72	0.99	-1.32	-9.040000000000001	-3.5500000000000003	-0.11	-9.77	-0.77	1.2	-9.5	-2.08
11:28:59.607551	-0.81	-9.72	0.96	-1.28	-9.06	-3.5100000000000002	-0.08	-9.73	-1.1500000000000001	1.16	-9.58	-1.72
11:28:59.617623	-0.8300000000000001	-9.72	0.9400000000000001	-1.24	-9.08	-3.46	-0.06	-9.68	-1.52	1.1400000000000001	-9.64	-1.35
11:28:59.627720	-0.86	-9.72	0.91	-1.22	-9.11	-3.41	-0.07	-9.620000000000001	-1.87	1.1400000000000001	-9.68	-1.04
11:28:59.637788	-0.89	-9.72	0.89	-1.19	-9.13	-3.36	-0.09	-9.55	-2.18	1.1400000000000001	-9.71	-0.74
11:28:59.647861	-0.92	-9.72	0.86	-1.16	-9.15	-3.3200000000000003	-0.12	-9.48	-2.47	1.17	-9.72	-0.46
11:28:59.657942	-0.9500000000000001	-9.72	0.84	-1.1300000000000001	-9.17	-3.2800000000000002	-0.15	-9.41	-2.73	1.21	-9.72	-0.17
11:28:59.668011	-0.98	-9.72	0.8200000000000001	-1.11	-9.18	-3.24	-0.18	-9.34	-2.96	1.23	-9.72	0.04
11:28:59.678130	-1.02	-9.71	0.8	-1.1	-9.19	-3.22	-0.21	-9.28	-3.15	1.26	-9.72	0.26
11:28:59.688204	-1.05	-9.71	0.78	-1.09	-9.200000000000001	-3.21	-0.22	-9.22	-3.3000000000000003	1.25	-9.71	0.4
11:28:59.698294	-1.08	-9.71	0.76	-1.09	-9.200000000000001	-3.19	-0.22	-9.18	-3.41	1.25	-9.71	0.5
11:28:59.708367	-1.11	-9.71	0.75	-1.09	-9.200000000000001	-3.19	-0.21	-9.16	-3.48	1.24	-9.71	0.56
11:28:59.718462	-1.1400000000000001	-9.71	0.74	-1.1	-9.21	-3.18	-0.19	-9.15	-3.5	1.25	-9.700000000000001	0.5700000000000001
11:28:59.728570	-1.16	-9.700000000000001	0.73	-1.1	-9.21	-3.17	-0.18	-9.16	-3.49	1.25	-9.700000000000001	0.55
11:28:59.738668	-1.18	-9.700000000000001	0.73	-1.1	-9.21	-3.16	-0.16	-9.18	-3.44	1.27	-9.71	0.45
11:28:59.748761	-1.2	-9.700000000000001	0.72	-1.1	-9.21	-3.17	-0.15	-9.21	-3.35	1.3	-9.71	0.32
11:28:59.758889	-1.21	-9.700000000000001	0.73	-1.09	-9.200000000000001	-3.18	-0.14	-9.25	-3.23	1.34	-9.71	0.15
11:28:59.769639	-1.23	-9.700000000000001	0.73	-1.06	-9.19	-3.24	-0.15	-9.3	-3.09	1.41	-9.700000000000001	-0.04
11:28:59.779730	-1.24	-9.69	0.73	-1.05	-9.18	-3.2600000000000002	-0.16	-9.35	-2.93	1.48	-9.68	-0.25
11:28:59.789898	-1.25	-9.69	0.74	-1.04	-9.18	-3.27	-0.17	-9.41	-2.75	1.55	-9.67	-0.39
11:28:59.800436	-1.26	-9.69	0.74	-1.05	-9.18	-3.2600000000000002	-0.15	-9.450000000000001	-2.59	1.59	-9.66	-0.38
11:28:59.810520	-1.27	-9.69	0.74	-1.06	-9.18	-3.25	-0.16	-9.48	-2.48	1.71	-9.63	-0.54
11:28:59.820607	-1.28	-9.69	0.74	-1.08	-9.19	-3.24	-0.28	-9.53	-2.25	1.78	-9.6	-0.84
11:28:59.831236	-1.3	-9.69	0.75	-1.1	-9.19	-3.22	-0.28	-9.53	-2.25	1.68	-9.59	-1.12
11:28:59.841374	-1.31	-9.68	0.76	-1.09	-9.19	-3.23	-0.32	-9.57	-2.1	1.68	-9.59	-1.12
11:28:59.851424	-1.32	-9.68	0.78	-1.09	-9.18	-3.25	-0.34	-9.6	-1.95	1.31	-9.57	-1.6500000000000001
11:28:59.861534	-1.33	-9.68	0.81	-1.09	-9.18	-3.2600000000000002	-0.32	-9.65	-1.67	1.02	-9.52	-2.1
11:28:59.871696	-1.34	-9.67	0.8300000000000001	-1.11	-9.18	-3.25	-0.3	-9.68	-1.53	0.96	-9.51	-2.17
11:28:59.882154	-1.35	-9.67	0.84	-1.1400000000000001	-9.18	-3.25	-0.28	-9.700000000000001	-1.3900000000000001	0.96	-9.51	-2.17
11:28:59.892295	-1.36	-9.67	0.86	-1.17	-9.18	-3.24	-0.28	-9.72	-1.26	0.93	-9.5	-2.22
11:28:59.902394	-1.36	-9.67	0.87	-1.19	-9.18	-3.21	-0.29	-9.73	-1.1300000000000001	0.97	-9.5	-2.2
11:28:59.912523	-1.37	-9.66	0.89	-1.21	-9.200000000000001	-3.16	-0.29	-9.74	-1.02	1.0	-9.5	-2.19
11:28:59.922712	-1.37	-9.66	0.91	-1.22	-9.22	-3.09	-0.26	-9.76	-0.91	1.0	-9.5	-2.19
11:28:59.933311	-1.36	-9.66	0.93	-1.22	-9.25	-2.99	-0.22	-9.76	-0.81	1.05	-9.48	-2.24
11:28:59.943466	-1.34	-9.66	0.96	-1.21	-9.290000000000001	-2.88	-0.18	-9.77	-0.74	1.06	-9.43	-2.43
11:28:59.953580	-1.31	-9.66	0.98	-1.22	-9.32	-2.7600000000000002	-0.15	-9.78	-0.66	1.01	-9.41	-2.5500000000000003
11:28:59.963780	-1.27	-9.67	1.01	-1.23	-9.36	-2.64	-0.14	-9.78	-0.58	1.01	-9.41	-2.5500000000000003
11:28:59.973879	-1.23	-9.67	1.03	-1.26	-9.38	-2.54	-0.13	-9.790000000000001	-0.5	0.96	-9.38	-2.66
11:28:59.984519	-1.19	-9.67	1.06	-1.31	-9.4	-2.46	-0.13	-9.790000000000001	-0.43	0.93	-9.38	-2.69
11:28:59.994607	-1.1500000000000001	-9.67	1.09	-1.3800000000000001	-9.4	-2.41	-0.13	-9.790000000000001	-0.35000000000000003	0.9	-9.370000000000001	-2.73
11:29:00.004717	-1.11	-9.67	1.11	-1.45	-9.39	-2.38	-0.12	-9.8	-0.27	0.88	-9.36	-2.75
11:29:00.015033	-1.09	-9.67	1.1300000000000001	-1.53	-9.38	-2.39	-0.11	-9.8	-0.19	0.89	-9.36	-2.77
11:29:00.025105	-1.05	-9.67	1.17	-1.6	-9.36	-2.4	-0.1	-9.8	-0.12	0.9	-9.35	-2.79
11:29:00.035227	-1.04	-9.67	1.18	-1.6600000000000001	-9.36	-2.37	-0.1	-9.8	-0.05	0.91	-9.35	-2.8000000000000003
11:29:00.045674	-1.04	-9.67	1.18	-1.69	-9.370000000000001	-2.3000000000000003	-0.09	-9.8	0.01	0.91	-9.35	-2.8000000000000003
11:29:00.055789	-1.04	-9.67	1.18	-1.71	-9.39	-2.21	-0.09	-9.8	0.06	0.91	-9.34	-2.84
11:29:00.065868	-1.05	-9.67	1.19	-1.73	-9.41	-2.11	-0.09	-9.8	0.11	0.91	-9.31	-2.91
11:29:00.075986	-1.06	-9.67	1.2	-1.75	-9.43	-2.0100000000000002	-0.08	-9.8	0.15	0.93	-9.28	-3.0100000000000002
11:29:00.086084	-1.05	-9.67	1.2	-1.78	-9.44	-1.92	-0.08	-9.8	0.19	0.9500000000000001	-9.26	-3.06
11:29:00.096156	-1.05	-9.67	1.2	-1.8	-9.46	-1.84	-0.08	-9.8	0.23	0.9500000000000001	-9.26	-3.06
11:29:00.106226	-1.04	-9.67	1.2	-1.83	-9.47	-1.74	-0.08	-9.8	0.27	0.97	-9.23	-3.14
11:29:00.116302	-1.03	-9.67	1.2	-1.86	-9.48	-1.6400000000000001	-0.08	-9.8	0.32	0.97	-9.23	-3.15
11:29:00.126383	-1.01	-9.67	1.2	-1.8900000000000001	-9.49	-1.54	-0.07	-9.790000000000001	0.36	0.97	-9.23	-3.15
11:29:00.136456	-0.99	-9.68	1.2	-1.93	-9.5	-1.45	-0.08	-9.790000000000001	0.41000000000000003	0.96	-9.21	-3.2
11:29:00.146526	-0.98	-9.68	1.2	-1.97	-9.5	-1.36	-0.08	-9.790000000000001	0.45	0.9500000000000001	-9.200000000000001	-3.23
11:29:00.156601	-0.96	-9.68	1.19	-2.02	-9.51	-1.27	-0.08	-9.790000000000001	0.49	0.9400000000000001	-9.200000000000001	-3.25
11:29:00.166679	-0.9400000000000001	-9.68	1.19	-2.06	-9.51	-1.19	-0.08	-9.790000000000001	0.53	0.9500000000000001	-9.18	-3.29
11:29:00.176787	-0.93	-9.68	1.18	-2.12	-9.5	-1.11	-0.08	-9.78	0.5700000000000001	0.97	-9.16	-3.35
11:29:00.186855	-0.91	-9.69	1.18	-2.17	-9.5	-1.03	-0.07	-9.78	0.6	0.99	-9.13	-3.41
11:29:00.196930	-0.89	-9.69	1.17	-2.22	-9.5	-0.9500000000000001	-0.07	-9.78	0.65	1.0	-9.120000000000001	-3.45
11:29:00.207008	-0.88	-9.69	1.17	-2.2800000000000002	-9.49	-0.88	-0.06	-9.78	0.6900000000000001	1.0	-9.11	-3.48
11:29:00.217082	-0.86	-9.69	1.16	-2.33	-9.49	-0.81	-0.06	-9.77	0.74	1.01	-9.09	-3.52
11:29:00.227148	-0.85	-9.69	1.16	-2.37	-9.48	-0.76	-0.06	-9.77	0.79	1.01	-9.07	-3.5700000000000003
11:29:00.237226	-0.8300000000000001	-9.700000000000001	1.17	-2.42	-9.47	-0.6900000000000001	-0.05	-9.76	0.85	1.01	-9.06	-3.59
11:29:00.247372	-0.81	-9.700000000000001	1.17	-2.46	-9.47	-0.63	-0.05	-9.76	0.9	1.01	-9.05	-3.63
11:29:00.257526	-0.8	-9.700000000000001	1.19	-2.5	-9.46	-0.55	-0.05	-9.76	0.9500000000000001	1.01	-9.03	-3.67
11:29:00.267600	-0.8	-9.69	1.2	-2.54	-9.46	-0.46	-0.05	-9.75	1.01	1.0	-9.01	-3.73
11:29:00.277718	-0.8	-9.69	1.22	-2.58	-9.450000000000001	-0.38	-0.06	-9.74	1.07	1.0	-9.0	-3.75
11:29:00.287787	-0.8	-9.69	1.24	-2.62	-9.44	-0.31	-0.06	-9.74	1.12	1.0	-8.98	-3.79
11:29:00.297865	-0.8	-9.69	1.23	-2.67	-9.43	-0.26	-0.06	-9.73	1.19	1.01	-8.96	-3.85
11:29:00.307931	-0.8200000000000001	-9.69	1.21	-2.72	-9.41	-0.22	-0.07	-9.72	1.25	1.02	-8.94	-3.89
11:29:00.318013	-0.8300000000000001	-9.69	1.2	-2.77	-9.4	-0.17	-0.08	-9.71	1.32	1.02	-8.92	-3.92
11:29:00.328082	-0.84	-9.69	1.22	-2.83	-9.38	-0.12	-0.08	-9.700000000000001	1.3900000000000001	1.02	-8.92	-3.92
11:29:00.338155	-0.85	-9.68	1.24	-2.89	-9.370000000000001	-0.07	-0.09	-9.69	1.46	1.03	-8.88	-4.03
11:29:00.348228	-0.86	-9.68	1.26	-2.95	-9.35	-0.03	-0.1	-9.68	1.54	1.04	-8.85	-4.08
11:29:00.358298	-0.87	-9.68	1.28	-3.0100000000000002	-9.33	0.01	-0.11	-9.67	1.62	1.02	-8.83	-4.13
11:29:00.368376	-0.87	-9.68	1.3	-3.0700000000000003	-9.31	0.04	-0.13	-9.65	1.7	0.9500000000000001	-8.8	-4.2
11:29:00.378446	-0.88	-9.67	1.31	-3.13	-9.290000000000001	0.08	-0.15	-9.64	1.78	0.93	-8.76	-4.28
11:29:00.388565	-0.89	-9.67	1.33	-3.19	-9.26	0.12	-0.17	-9.620000000000001	1.87	0.92	-8.73	-4.36
11:29:00.398658	-0.9	-9.67	1.34	-3.25	-9.24	0.15	-0.2	-9.6	1.96	0.9	-8.69	-4.45
11:29:00.408726	-0.9	-9.66	1.35	-3.31	-9.22	0.18	-0.22	-9.58	2.05	0.89	-8.64	-4.55
11:29:00.419226	-0.9	-9.66	1.37	-3.36	-9.200000000000001	0.21	-0.26	-9.56	2.15	0.87	-8.58	-4.65
11:29:00.429380	-0.9	-9.66	1.3800000000000001	-3.41	-9.18	0.22	-0.29	-9.53	2.25	0.85	-8.53	-4.75
11:29:00.439432	-0.9	-9.66	1.3900000000000001	-3.5	-9.15	0.24	-0.33	-9.51	2.36	0.8200000000000001	-8.47	-4.86
11:29:00.449602	-0.9	-9.66	1.4000000000000001	-3.5500000000000003	-9.13	0.25	-0.36	-9.48	2.47	0.8200000000000001	-8.47	-4.86
11:29:00.459901	-0.9	-9.66	1.41	-3.6	-9.11	0.26	-0.4	-9.44	2.6	0.77	-8.33	-5.11
11:29:00.470028	-0.9	-9.66	1.42	-3.65	-9.09	0.26	-0.45	-9.4	2.73	0.73	-8.26	-5.23
11:29:00.480176	-0.91	-9.65	1.42	-3.7	-9.07	0.26	-0.49	-9.36	2.86	0.7000000000000001	-8.17	-5.36
11:29:00.490884	-0.92	-9.65	1.42	-3.74	-9.06	0.25	-0.52	-9.34	2.92	0.66	-8.08	-5.5
11:29:00.500956	-0.93	-9.65	1.42	-3.7800000000000002	-9.040000000000001	0.24	-0.63	-9.24	3.21	0.63	-7.98	-5.65
11:29:00.511317	-0.9500000000000001	-9.65	1.41	-3.8200000000000003	-9.02	0.22	-0.63	-9.24	3.21	0.58	-7.890000000000001	-5.78
11:29:00.521470	-0.96	-9.65	1.3900000000000001	-3.85	-9.01	0.19	-0.68	-9.18	3.37	0.58	-7.890000000000001	-5.78
11:29:00.531734	-0.98	-9.65	1.37	-3.87	-9.0	0.16	-0.76	-9.03	3.72	0.45	-7.67	-6.09
11:29:00.541827	-0.99	-9.66	1.35	-3.88	-9.0	0.13	-0.81	-8.950000000000001	3.9	0.4	-7.53	-6.26
11:29:00.552462	-0.99	-9.66	1.32	-3.87	-9.0	0.1	-0.86	-8.86	4.1	0.4	-7.53	-6.26
11:29:00.562779	-0.98	-9.66	1.3	-3.86	-9.01	0.05	-0.9	-8.76	4.3	0.23	-7.24	-6.6000000000000005
11:29:00.573526	-0.97	-9.67	1.28	-3.83	-9.02	0.0	-0.9500000000000001	-8.65	4.5	0.0	-6.92	-6.94
11:29:00.583709	-0.9400000000000001	-9.67	1.27	-3.8000000000000003	-9.03	-0.09	-1.02	-8.53	4.72	-0.09	-6.75	-7.1000000000000005
11:29:00.593816	-0.92	-9.68	1.25	-3.7600000000000002	-9.05	-0.21	-1.1300000000000001	-8.4	4.92	-0.15	-6.58	-7.26
11:29:00.603908	-0.9	-9.68	1.24	-3.72	-9.06	-0.38	-1.28	-8.25	5.12	-0.25	-6.36	-7.45
11:29:00.614030	-0.88	-9.68	1.23	-3.68	-9.07	-0.56	-1.46	-8.11	5.3	-0.27	-6.09	-7.67
11:29:00.624164	-0.85	-9.69	1.2	-3.64	-9.06	-0.77	-1.62	-7.99	5.44	-0.27	-5.73	-7.95
11:29:00.634722	-0.85	-9.69	1.2	-3.6	-9.06	-1.01	-1.75	-7.890000000000001	5.55	-0.35000000000000003	-5.26	-8.26
11:29:00.644796	-0.81	-9.700000000000001	1.1500000000000001	-3.54	-9.05	-1.27	-1.79	-7.78	5.68	-0.47000000000000003	-4.7700000000000005	-8.55
11:29:00.654960	-0.8	-9.700000000000001	1.1300000000000001	-3.45	-9.040000000000001	-1.55	-1.78	-7.69	5.8100000000000005	-0.76	-4.37	-8.74
11:29:00.665628	-0.8	-9.700000000000001	1.1300000000000001	-3.33	-9.03	-1.82	-1.77	-7.59	5.94	-0.76	-4.37	-8.74
11:29:00.675797	-0.79	-9.71	1.1	-3.21	-9.03	-2.0300000000000002	-1.78	-7.51	6.04	-0.89	-4.14	-8.83
11:29:00.685870	-0.78	-9.71	1.05	-3.1	-9.03	-2.19	-1.79	-7.43	6.13	-0.37	-4.2700000000000005	-8.81
11:29:00.696469	-0.78	-9.71	1.03	-2.99	-9.040000000000001	-2.33	-1.8	-7.390000000000001	6.18	-0.12	-4.37	-8.77
11:29:00.706543	-0.79	-9.72	1.03	-2.88	-9.040000000000001	-2.45	-1.8	-7.38	6.19	-0.1	-4.41	-8.75
11:29:00.716614	-0.8	-9.71	1.02	-2.77	-9.05	-2.5500000000000003	-1.8	-7.390000000000001	6.18	0.03	-4.43	-8.74
11:29:00.726693	-0.81	-9.71	1.02	-2.66	-9.06	-2.64	-1.78	-7.43	6.140000000000001	0.29	-4.5200000000000005	-8.69
11:29:00.736760	-0.8200000000000001	-9.71	1.03	-2.54	-9.06	-2.73	-1.73	-7.49	6.07	0.49	-4.7	-8.58
11:29:00.746826	-0.8200000000000001	-9.71	1.04	-2.43	-9.06	-2.82	-1.67	-7.58	5.98	0.49	-4.7	-8.58
11:29:00.757478	-0.8200000000000001	-9.71	1.04	-2.33	-9.06	-2.91	-1.59	-7.69	5.87	0.71	-5.25	-8.24
11:29:00.767556	-0.8200000000000001	-9.71	1.05	-2.24	-9.05	-3.0100000000000002	-1.51	-7.8100000000000005	5.72	0.77	-5.49	-8.08
11:29:00.777639	-0.8200000000000001	-9.71	1.05	-2.15	-9.040000000000001	-3.12	-1.44	-7.95	5.55	0.79	-5.72	-7.91
11:29:00.787765	-0.81	-9.71	1.06	-2.07	-9.01	-3.24	-1.36	-8.1	5.3500000000000005	0.78	-6.01	-7.7
11:29:00.797838	-0.81	-9.71	1.06	-1.99	-8.99	-3.36	-1.26	-8.26	5.12	0.77	-6.32	-7.44
11:29:00.807913	-0.81	-9.71	1.07	-1.92	-8.96	-3.47	-1.1500000000000001	-8.43	4.86	0.79	-6.63	-7.17
11:29:00.817981	-0.81	-9.71	1.08	-1.87	-8.92	-3.59	-1.02	-8.61	4.57	0.8300000000000001	-6.94	-6.86
11:29:00.828055	-0.81	-9.71	1.08	-1.83	-8.89	-3.69	-0.88	-8.78	4.26	0.88	-7.25	-6.53
11:29:00.838121	-0.81	-9.71	1.09	-1.8	-8.870000000000001	-3.77	-0.75	-8.950000000000001	3.92	0.93	-7.55	-6.18
11:29:00.848190	-0.81	-9.71	1.09	-1.76	-8.85	-3.8200000000000003	-0.64	-9.11	3.5500000000000003	0.98	-7.8100000000000005	-5.84
11:29:00.858261	-0.8200000000000001	-9.700000000000001	1.1	-1.72	-8.84	-3.87	-0.56	-9.26	3.16	0.98	-7.8100000000000005	-5.84
11:29:00.868330	-0.8200000000000001	-9.700000000000001	1.1	-1.67	-8.84	-3.89	-0.51	-9.39	2.75	1.05	-8.25	-5.18
11:29:00.878410	-0.8300000000000001	-9.700000000000001	1.09	-1.62	-8.84	-3.91	-0.47000000000000003	-9.51	2.32	1.08	-8.45	-4.8500000000000005
11:29:00.888480	-0.8300000000000001	-9.700000000000001	1.09	-1.57	-8.85	-3.91	-0.42	-9.61	1.8900000000000001	1.11	-8.64	-4.49
11:29:00.898549	-0.8300000000000001	-9.71	1.08	-1.52	-8.86	-3.91	-0.37	-9.68	1.46	1.12	-8.82	-4.12
11:29:00.908650	-0.8300000000000001	-9.71	1.06	-1.47	-8.870000000000001	-3.9	-0.31	-9.74	1.04	1.1	-8.98	-3.7600000000000002
11:29:00.918726	-0.8300000000000001	-9.71	1.05	-1.42	-8.89	-3.88	-0.24	-9.78	0.62	1.08	-9.13	-3.4
11:29:00.928800	-0.8300000000000001	-9.71	1.03	-1.36	-8.91	-3.85	-0.17	-9.8	0.22	1.08	-9.13	-3.4
11:29:00.938868	-0.8300000000000001	-9.71	1.0	-1.3	-8.93	-3.81	-0.1	-9.8	-0.16	1.02	-9.36	-2.72
11:29:00.949021	-0.84	-9.72	0.98	-1.24	-8.96	-3.77	-0.05	-9.790000000000001	-0.54	1.01	-9.46	-2.36
11:29:00.959150	-0.84	-9.72	0.96	-1.19	-8.98	-3.73	0.0	-9.76	-0.9	1.0	-9.540000000000001	-2.0100000000000002
11:29:00.969277	-0.85	-9.72	0.93	-1.1	-9.02	-3.66	0.02	-9.72	-1.26	1.0	-9.61	-1.67
11:29:00.979377	-0.86	-9.72	0.91	-1.06	-9.040000000000001	-3.63	0.04	-9.67	-1.6	1.0	-9.66	-1.34
11:29:00.990149	-0.87	-9.72	0.89	-1.01	-9.06	-3.58	0.05	-9.61	-1.9100000000000001	1.01	-9.69	-1.03
11:29:01.000775	-0.89	-9.72	0.87	-0.97	-9.09	-3.54	0.05	-9.55	-2.21	1.03	-9.72	-0.74
11:29:01.010873	-0.9	-9.72	0.85	-0.9400000000000001	-9.11	-3.5	0.04	-9.48	-2.48	1.04	-9.73	-0.47000000000000003
11:29:01.020944	-0.91	-9.72	0.8300000000000001	-0.91	-9.120000000000001	-3.47	0.02	-9.42	-2.72	1.05	-9.74	-0.23
11:29:01.031059	-0.93	-9.72	0.8200000000000001	-0.89	-9.13	-3.44	0.0	-9.3	-3.09	1.06	-9.74	-0.03
11:29:01.041183	-0.9400000000000001	-9.72	0.81	-0.88	-9.14	-3.42	-0.01	-9.25	-3.22	1.07	-9.74	0.25
11:29:01.051347	-0.9400000000000001	-9.72	0.8	-0.88	-9.15	-3.4	-0.02	-9.22	-3.3200000000000003	1.07	-9.74	0.25
11:29:01.061900	-0.9500000000000001	-9.72	0.8	-0.89	-9.15	-3.39	-0.02	-9.200000000000001	-3.38	1.07	-9.74	0.34
11:29:01.072089	-0.9500000000000001	-9.72	0.8	-0.9	-9.16	-3.38	-0.02	-9.19	-3.41	1.07	-9.73	0.42
11:29:01.082794	-0.9500000000000001	-9.72	0.8	-0.9	-9.16	-3.37	-0.02	-9.19	-3.4	1.07	-9.73	0.42
11:29:01.092866	-0.9400000000000001	-9.72	0.79	-0.9	-9.16	-3.38	-0.03	-9.200000000000001	-3.36	1.08	-9.73	0.38
11:29:01.103019	-0.9400000000000001	-9.72	0.79	-0.9	-9.15	-3.39	-0.04	-9.23	-3.3000000000000003	1.09	-9.73	0.31
11:29:01.113145	-0.93	-9.72	0.79	-0.89	-9.15	-3.4	-0.06	-9.26	-3.21	1.11	-9.74	0.22
11:29:01.123830	-0.93	-9.73	0.78	-0.89	-9.14	-3.41	-0.08	-9.3	-3.1	1.1300000000000001	-9.73	0.15
11:29:01.133910	-0.93	-9.73	0.78	-0.89	-9.14	-3.42	-0.09	-9.34	-2.98	1.19	-9.73	0.0
11:29:01.144026	-0.93	-9.73	0.77	-0.89	-9.14	-3.42	-0.11	-9.38	-2.84	1.25	-9.72	-0.23
11:29:01.154148	-0.93	-9.73	0.77	-0.89	-9.14	-3.42	-0.12	-9.42	-2.69	1.28	-9.71	-0.43
11:29:01.164686	-0.93	-9.73	0.77	-0.9	-9.14	-3.41	-0.13	-9.47	-2.5300000000000002	1.31	-9.700000000000001	-0.51
11:29:01.174799	-0.93	-9.73	0.76	-0.91	-9.15	-3.38	-0.11	-9.5	-2.4	1.32	-9.700000000000001	-0.43
11:29:01.184879	-0.93	-9.73	0.76	-0.9400000000000001	-9.17	-3.3200000000000003	-0.09	-9.52	-2.34	1.3900000000000001	-9.700000000000001	-0.25
11:29:01.195010	-0.93	-9.73	0.76	-0.96	-9.200000000000001	-3.24	-0.1	-9.52	-2.31	1.51	-9.67	-0.42
11:29:01.205631	-0.93	-9.73	0.77	-0.99	-9.22	-3.17	-0.12	-9.540000000000001	-2.2600000000000002	1.55	-9.65	-0.78
11:29:01.215700	-0.93	-9.73	0.78	-1.01	-9.23	-3.13	-0.15	-9.56	-2.16	1.43	-9.63	-1.11
11:29:01.225769	-0.93	-9.73	0.78	-1.03	-9.25	-3.08	-0.15	-9.58	-2.04	1.28	-9.620000000000001	-1.3800000000000001
11:29:01.235847	-0.92	-9.73	0.79	-1.04	-9.26	-3.0300000000000002	-0.14	-9.61	-1.94	1.1500000000000001	-9.59	-1.67
11:29:01.245916	-0.91	-9.73	0.78	-1.04	-9.27	-3.0100000000000002	-0.12	-9.63	-1.84	1.04	-9.55	-1.95
11:29:01.255983	-0.89	-9.73	0.78	-1.04	-9.27	-3.0100000000000002	-0.09	-9.65	-1.73	0.92	-9.53	-2.11
11:29:01.266056	-0.88	-9.73	0.78	-1.04	-9.27	-2.99	-0.08	-9.67	-1.61	0.85	-9.53	-2.14
11:29:01.276141	-0.87	-9.73	0.79	-1.06	-9.28	-2.96	-0.08	-9.69	-1.5	0.8300000000000001	-9.540000000000001	-2.07
11:29:01.286238	-0.86	-9.73	0.8	-1.08	-9.290000000000001	-2.92	-0.1	-9.700000000000001	-1.4000000000000001	0.84	-9.56	-1.99
11:29:01.296307	-0.84	-9.73	0.81	-1.1	-9.31	-2.87	-0.1	-9.71	-1.3	0.85	-9.57	-1.92
11:29:01.306412	-0.8200000000000001	-9.73	0.8200000000000001	-1.11	-9.33	-2.7800000000000002	-0.09	-9.73	-1.21	0.85	-9.56	-1.96
11:29:01.316498	-0.79	-9.73	0.8300000000000001	-1.11	-9.36	-2.68	-0.06	-9.73	-1.1400000000000001	0.88	-9.53	-2.09
11:29:01.326608	-0.76	-9.74	0.84	-1.1300000000000001	-9.39	-2.56	-0.02	-9.74	-1.07	0.88	-9.5	-2.24
11:29:01.336725	-0.73	-9.74	0.85	-1.1500000000000001	-9.42	-2.45	0.01	-9.75	-1.0	0.85	-9.47	-2.38
11:29:01.346795	-0.6900000000000001	-9.74	0.87	-1.19	-9.44	-2.35	0.04	-9.76	-0.9400000000000001	0.8200000000000001	-9.450000000000001	-2.46
11:29:01.356885	-0.66	-9.74	0.88	-1.24	-9.450000000000001	-2.2600000000000002	0.05	-9.76	-0.87	0.8200000000000001	-9.450000000000001	-2.47
11:29:01.366958	-0.63	-9.74	0.89	-1.31	-9.46	-2.19	0.07	-9.77	-0.81	0.8300000000000001	-9.450000000000001	-2.47
11:29:01.377031	-0.61	-9.74	0.9	-1.3800000000000001	-9.46	-2.15	0.08	-9.77	-0.75	0.8300000000000001	-9.44	-2.48
11:29:01.387113	-0.6	-9.74	0.91	-1.45	-9.46	-2.12	0.09	-9.78	-0.6900000000000001	0.8200000000000001	-9.44	-2.52
11:29:01.397179	-0.58	-9.74	0.92	-1.51	-9.450000000000001	-2.12	0.09	-9.78	-0.63	0.79	-9.43	-2.56
11:29:01.407259	-0.58	-9.74	0.92	-1.57	-9.44	-2.11	0.09	-9.78	-0.5700000000000001	0.77	-9.42	-2.59
11:29:01.417332	-0.5700000000000001	-9.74	0.91	-1.61	-9.450000000000001	-2.04	0.1	-9.790000000000001	-0.51	0.74	-9.42	-2.61
11:29:01.427406	-0.5700000000000001	-9.74	0.91	-1.6400000000000001	-9.46	-1.96	0.1	-9.790000000000001	-0.45	0.72	-9.42	-2.61
11:29:01.437490	-0.5700000000000001	-9.74	0.9	-1.6600000000000001	-9.48	-1.87	0.1	-9.790000000000001	-0.39	0.73	-9.41	-2.63
11:29:01.447561	-0.56	-9.74	0.9	-1.69	-9.49	-1.78	0.11	-9.8	-0.33	0.76	-9.39	-2.69
11:29:01.457695	-0.56	-9.74	0.89	-1.72	-9.49	-1.72	0.11	-9.8	-0.28	0.79	-9.370000000000001	-2.7600000000000002
11:29:01.467768	-0.55	-9.75	0.88	-1.76	-9.5	-1.6500000000000001	0.12	-9.8	-0.22	0.8	-9.35	-2.83
11:29:01.477858	-0.54	-9.75	0.87	-1.79	-9.51	-1.57	0.11	-9.8	-0.17	0.81	-9.32	-2.91
11:29:01.487955	-0.52	-9.75	0.86	-1.81	-9.51	-1.49	0.11	-9.8	-0.12	0.81	-9.3	-2.97
11:29:01.498142	-0.52	-9.75	0.86	-1.84	-9.52	-1.4000000000000001	0.1	-9.8	-0.06	0.81	-9.3	-2.97
11:29:01.508318	-0.51	-9.75	0.85	-1.87	-9.53	-1.31	0.09	-9.8	0.0	0.8200000000000001	-9.28	-3.04
11:29:01.518964	-0.48	-9.75	0.8300000000000001	-1.9000000000000001	-9.540000000000001	-1.23	0.09	-9.8	0.05	0.85	-9.27	-3.0700000000000003
11:29:01.529927	-0.46	-9.76	0.81	-1.92	-9.540000000000001	-1.1500000000000001	0.08	-9.8	0.11	0.88	-9.25	-3.12
11:29:01.540038	-0.45	-9.76	0.8	-1.97	-9.55	-1.01	0.08	-9.8	0.18	0.9	-9.23	-3.16
11:29:01.550587	-0.44	-9.76	0.79	-2.0100000000000002	-9.540000000000001	-0.9500000000000001	0.08	-9.8	0.25	0.93	-9.21	-3.22
11:29:01.560704	-0.44	-9.76	0.78	-2.04	-9.540000000000001	-0.9	0.07	-9.8	0.33	0.9500000000000001	-9.18	-3.29
11:29:01.570822	-0.43	-9.76	0.77	-2.08	-9.540000000000001	-0.86	0.07	-9.790000000000001	0.4	0.9500000000000001	-9.16	-3.36
11:29:01.580982	-0.43	-9.76	0.77	-2.11	-9.540000000000001	-0.8300000000000001	0.06	-9.790000000000001	0.48	0.93	-9.14	-3.42
11:29:01.591532	-0.43	-9.76	0.77	-2.14	-9.53	-0.79	0.06	-9.790000000000001	0.56	0.92	-9.11	-3.48
11:29:01.601640	-0.44	-9.76	0.77	-2.17	-9.53	-0.72	0.06	-9.78	0.63	0.92	-9.06	-3.61
11:29:01.611811	-0.44	-9.76	0.77	-2.2	-9.53	-0.66	0.06	-9.78	0.71	0.9400000000000001	-9.040000000000001	-3.66
11:29:01.621931	-0.44	-9.76	0.78	-2.23	-9.53	-0.58	0.07	-9.76	0.84	0.96	-9.02	-3.7
11:29:01.633029	-0.45	-9.76	0.79	-2.2600000000000002	-9.52	-0.52	0.07	-9.76	0.84	0.98	-9.0	-3.7600000000000002
11:29:01.643321	-0.45	-9.76	0.8	-2.3000000000000003	-9.51	-0.46	0.07	-9.75	0.97	0.98	-8.98	-3.81
11:29:01.653440	-0.45	-9.76	0.8200000000000001	-2.35	-9.51	-0.39	0.07	-9.75	1.04	0.98	-8.96	-3.85
11:29:01.663561	-0.46	-9.75	0.84	-2.4	-9.49	-0.33	0.07	-9.74	1.11	0.98	-8.94	-3.9
11:29:01.673689	-0.46	-9.75	0.86	-2.46	-9.48	-0.27	0.07	-9.73	1.18	0.99	-8.91	-3.96
11:29:01.684791	-0.47000000000000003	-9.75	0.88	-2.5100000000000002	-9.47	-0.21	0.07	-9.72	1.25	0.99	-8.89	-4.0
11:29:01.695275	-0.47000000000000003	-9.75	0.9	-2.57	-9.46	-0.15	0.06	-9.71	1.32	0.99	-8.870000000000001	-4.04
11:29:01.705344	-0.48	-9.75	0.92	-2.63	-9.44	-0.11	0.06	-9.700000000000001	1.4000000000000001	0.99	-8.85	-4.08
11:29:01.715416	-0.49	-9.74	0.93	-2.69	-9.42	-0.07	0.06	-9.69	1.48	0.99	-8.85	-4.08
11:29:01.725950	-0.49	-9.74	0.9500000000000001	-2.75	-9.41	-0.03	0.05	-9.68	1.56	1.0	-8.81	-4.17
11:29:01.736641	-0.51	-9.74	0.97	-2.81	-9.39	0.01	0.04	-9.66	1.6500000000000001	1.01	-8.790000000000001	-4.22
11:29:01.746704	-0.52	-9.74	0.98	-2.86	-9.370000000000001	0.05	0.03	-9.65	1.73	1.03	-8.76	-4.28
11:29:01.756772	-0.53	-9.74	0.99	-2.92	-9.36	0.09	0.02	-9.63	1.82	1.01	-8.72	-4.3500000000000005
11:29:01.766843	-0.54	-9.74	1.0	-2.97	-9.34	0.14	0.01	-9.61	1.9100000000000001	0.9400000000000001	-8.69	-4.42
11:29:01.776916	-0.54	-9.73	1.01	-3.0300000000000002	-9.32	0.18	0.0	-9.59	2.0	0.92	-8.66	-4.5
11:29:01.786998	-0.55	-9.73	1.02	-3.08	-9.3	0.21	-0.02	-9.57	2.09	0.91	-8.61	-4.59
11:29:01.797065	-0.56	-9.73	1.03	-3.13	-9.28	0.25	-0.04	-9.55	2.19	0.9	-8.56	-4.68
11:29:01.807137	-0.56	-9.73	1.04	-3.19	-9.26	0.29	-0.07	-9.53	2.2800000000000002	0.89	-8.51	-4.7700000000000005
11:29:01.817214	-0.5700000000000001	-9.73	1.05	-3.25	-9.24	0.32	-0.1	-9.51	2.38	0.87	-8.46	-4.87
11:29:01.827286	-0.5700000000000001	-9.73	1.05	-3.3000000000000003	-9.22	0.35000000000000003	-0.14	-9.48	2.48	0.85	-8.4	-4.98
11:29:01.837396	-0.5700000000000001	-9.73	1.06	-3.36	-9.200000000000001	0.37	-0.17	-9.450000000000001	2.59	0.8200000000000001	-8.34	-5.08
11:29:01.847435	-0.5700000000000001	-9.73	1.07	-3.42	-9.18	0.39	-0.21	-9.42	2.7	0.78	-8.27	-5.19
11:29:01.857505	-0.5700000000000001	-9.73	1.08	-3.48	-9.15	0.39	-0.25	-9.38	2.81	0.74	-8.2	-5.3100000000000005
11:29:01.867580	-0.56	-9.72	1.08	-3.54	-9.13	0.39	-0.29	-9.35	2.94	0.7000000000000001	-8.120000000000001	-5.45
11:29:01.877648	-0.56	-9.72	1.09	-3.6	-9.11	0.38	-0.34	-9.3	3.06	0.66	-8.03	-5.57
11:29:01.887724	-0.56	-9.72	1.09	-3.66	-9.08	0.37	-0.4	-9.26	3.19	0.62	-7.95	-5.7
11:29:01.897812	-0.56	-9.73	1.08	-3.7	-9.07	0.36	-0.46	-9.21	3.3200000000000003	0.56	-7.8500000000000005	-5.84
11:29:01.907883	-0.5700000000000001	-9.73	1.06	-3.74	-9.05	0.35000000000000003	-0.5	-9.15	3.47	0.48	-7.74	-5.99
11:29:01.917951	-0.58	-9.73	1.04	-3.77	-9.040000000000001	0.34	-0.54	-9.09	3.62	0.42	-7.63	-6.13
11:29:01.928067	-0.59	-9.73	1.02	-3.7800000000000002	-9.040000000000001	0.34	-0.58	-9.02	3.7800000000000002	0.38	-7.51	-6.28
11:29:01.938149	-0.58	-9.73	1.0	-3.77	-9.040000000000001	0.32	-0.63	-8.950000000000001	3.95	0.32	-7.37	-6.45
11:29:01.948213	-0.5700000000000001	-9.73	0.99	-3.7600000000000002	-9.05	0.29	-0.67	-8.86	4.13	0.22	-7.22	-6.62
11:29:01.958285	-0.54	-9.74	0.98	-3.74	-9.06	0.24	-0.72	-8.77	4.32	0.13	-7.07	-6.78
11:29:01.968395	-0.52	-9.74	0.97	-3.71	-9.07	0.16	-0.77	-8.67	4.51	0.04	-6.93	-6.93
11:29:01.978483	-0.5	-9.74	0.97	-3.68	-9.08	0.04	-0.84	-8.55	4.71	-0.02	-6.7700000000000005	-7.08
11:29:01.988685	-0.48	-9.74	0.96	-3.65	-9.09	-0.11	-0.96	-8.43	4.91	-0.09	-6.59	-7.25
11:29:01.999298	-0.47000000000000003	-9.74	0.96	-3.63	-9.1	-0.3	-1.12	-8.3	5.09	-0.17	-6.38	-7.44
11:29:02.009409	-0.46	-9.74	0.9500000000000001	-3.6	-9.1	-0.5	-1.3	-8.16	5.2700000000000005	-0.23	-6.13	-7.65
11:29:02.019508	-0.44	-9.74	0.9500000000000001	-3.56	-9.1	-0.7000000000000001	-1.49	-8.02	5.43	-0.21	-5.8500000000000005	-7.86
11:29:02.029634	-0.43	-9.75	0.9400000000000001	-3.46	-9.09	-1.2	-1.49	-8.02	5.43	-0.21	-5.48	-8.120000000000001
11:29:02.039746	-0.41000000000000003	-9.75	0.93	-3.46	-9.09	-1.2	-1.76	-7.8100000000000005	5.64	-0.27	-5.01	-8.42
11:29:02.050386	-0.39	-9.75	0.92	-3.2600000000000002	-9.08	-1.72	-1.8	-7.72	5.76	-0.36	-4.51	-8.69
11:29:02.060484	-0.37	-9.75	0.9	-3.16	-9.08	-1.9100000000000001	-1.81	-7.63	5.88	-0.65	-4.12	-8.870000000000001
11:29:02.070582	-0.35000000000000003	-9.75	0.89	-3.0500000000000003	-9.09	-2.04	-1.81	-7.54	5.99	-0.93	-3.95	-8.92
11:29:02.081246	-0.34	-9.76	0.87	-3.0500000000000003	-9.09	-2.04	-1.83	-7.45	6.09	-0.66	-4.04	-8.9
11:29:02.091803	-0.34	-9.76	0.86	-2.84	-9.11	-2.24	-1.83	-7.390000000000001	6.17	-0.19	-4.18	-8.86
11:29:02.102228	-0.34	-9.76	0.85	-2.73	-9.120000000000001	-2.34	-1.82	-7.36	6.2	0.05	-4.26	-8.83
11:29:02.112347	-0.35000000000000003	-9.76	0.85	-2.62	-9.120000000000001	-2.43	-1.75	-7.38	6.2	0.06	-4.28	-8.82
11:29:02.122498	-0.35000000000000003	-9.76	0.85	-2.5100000000000002	-9.13	-2.52	-1.75	-7.38	6.2	0.14	-4.3	-8.81
11:29:02.133166	-0.36	-9.76	0.85	-2.42	-9.13	-2.6	-1.6	-7.49	6.11	0.49	-4.66	-8.61
11:29:02.143794	-0.37	-9.76	0.85	-2.33	-9.13	-2.69	-1.5	-7.58	6.0200000000000005	0.49	-4.66	-8.61
11:29:02.153860	-0.37	-9.76	0.85	-2.24	-9.120000000000001	-2.8000000000000003	-1.41	-7.69	5.9	0.56	-4.96	-8.43
11:29:02.163981	-0.37	-9.76	0.86	-2.16	-9.1	-2.92	-1.33	-7.82	5.75	0.56	-4.96	-8.43
11:29:02.174072	-0.37	-9.76	0.86	-2.09	-9.08	-3.04	-1.26	-7.96	5.58	0.6	-5.48	-8.1
11:29:02.184149	-0.37	-9.76	0.87	-2.0300000000000002	-9.05	-3.17	-1.17	-8.11	5.37	0.5700000000000001	-6.0200000000000005	-7.71
11:29:02.194243	-0.37	-9.76	0.87	-1.97	-9.01	-3.3000000000000003	-1.06	-8.27	5.14	0.55	-6.34	-7.46
11:29:02.204312	-0.37	-9.75	0.88	-1.93	-8.98	-3.41	-0.93	-8.44	4.89	0.5700000000000001	-6.640000000000001	-7.18
11:29:02.214417	-0.37	-9.75	0.88	-1.8800000000000001	-8.96	-3.49	-0.8	-8.61	4.6000000000000005	0.5700000000000001	-6.640000000000001	-7.18
11:29:02.224508	-0.37	-9.75	0.88	-1.84	-8.950000000000001	-3.5500000000000003	-0.8	-8.61	4.6000000000000005	0.68	-7.25	-6.5600000000000005
11:29:02.234669	-0.36	-9.75	0.89	-1.78	-8.950000000000001	-3.58	-0.6	-8.950000000000001	3.95	0.68	-7.25	-6.5600000000000005
11:29:02.245200	-0.36	-9.75	0.89	-1.72	-8.950000000000001	-3.6	-0.53	-9.11	3.58	0.85	-7.8	-5.88
11:29:02.255483	-0.35000000000000003	-9.75	0.9	-1.6500000000000001	-8.96	-3.61	-0.48	-9.26	3.18	0.92	-8.03	-5.54
11:29:02.266059	-0.35000000000000003	-9.75	0.9	-1.59	-8.97	-3.61	-0.45	-9.39	2.77	0.92	-8.03	-5.54
11:29:02.276155	-0.34	-9.75	0.91	-1.53	-8.98	-3.61	-0.41000000000000003	-9.51	2.35	1.02	-8.43	-4.89
11:29:02.286271	-0.33	-9.75	0.91	-1.48	-9.0	-3.59	-0.38	-9.6	1.92	1.06	-8.620000000000001	-4.54
11:29:02.296353	-0.33	-9.75	0.91	-1.42	-9.02	-3.56	-0.38	-9.6	1.92	1.06	-8.620000000000001	-4.54
11:29:02.306423	-0.32	-9.75	0.91	-1.35	-9.040000000000001	-3.52	-0.34	-9.68	1.48	1.09	-8.8	-4.17
11:29:02.316529	-0.31	-9.76	0.89	-1.29	-9.07	-3.47	-0.29	-9.74	1.05	1.09	-8.8	-4.17
11:29:02.326642	-0.31	-9.76	0.88	-1.22	-9.1	-3.41	-0.23	-9.78	0.62	1.06	-9.24	-3.09
11:29:02.337004	-0.31	-9.76	0.87	-1.16	-9.13	-3.36	-0.17	-9.8	0.2	1.03	-9.35	-2.74
11:29:02.347483	-0.31	-9.76	0.86	-1.11	-9.16	-3.31	-0.12	-9.8	-0.2	1.0	-9.450000000000001	-2.4
11:29:02.357546	-0.32	-9.76	0.84	-1.07	-9.18	-3.2600000000000002	-0.07	-9.78	-0.59	0.97	-9.53	-2.06
11:29:02.367647	-0.33	-9.76	0.8300000000000001	-1.03	-9.200000000000001	-3.21	-0.02	-9.75	-0.97	0.9500000000000001	-9.6	-1.75
11:29:02.377762	-0.34	-9.76	0.81	-0.99	-9.23	-3.15	0.0	-9.71	-1.33	0.9500000000000001	-9.6	-1.75
11:29:02.387832	-0.35000000000000003	-9.76	0.8	-0.9500000000000001	-9.25	-3.09	0.03	-9.66	-1.6600000000000001	0.9500000000000001	-9.6	-1.75
11:29:02.397930	-0.36	-9.76	0.79	-0.92	-9.27	-3.0500000000000003	0.05	-9.6	-1.97	0.9	-9.68	-1.21
11:29:02.407997	-0.37	-9.76	0.77	-0.9	-9.28	-3.02	0.07	-9.540000000000001	-2.24	0.88	-9.73	-0.73
11:29:02.418070	-0.37	-9.76	0.76	-0.9	-9.290000000000001	-3.0	0.08	-9.48	-2.48	0.88	-9.73	-0.73
11:29:02.428167	-0.38	-9.76	0.75	-0.9	-9.290000000000001	-2.99	0.07	-9.42	-2.7	0.88	-9.73	-0.73
11:29:02.438274	-0.38	-9.77	0.75	-0.91	-9.290000000000001	-2.97	0.06	-9.370000000000001	-2.87	0.92	-9.76	-0.17
11:29:02.448448	-0.39	-9.77	0.74	-0.92	-9.3	-2.96	0.04	-9.33	-3.0	0.9400000000000001	-9.76	-0.05
11:29:02.458568	-0.39	-9.77	0.73	-0.92	-9.3	-2.94	0.01	-9.290000000000001	-3.11	0.9400000000000001	-9.76	-0.05
11:29:02.469055	-0.39	-9.77	0.72	-0.91	-9.31	-2.91	-0.01	-9.27	-3.18	0.9500000000000001	-9.76	0.02
11:29:02.479186	-0.39	-9.77	0.71	-0.9	-9.32	-2.89	-0.03	-9.26	-3.21	0.97	-9.75	0.08
11:29:02.489306	-0.4	-9.77	0.7000000000000001	-0.88	-9.33	-2.87	-0.04	-9.26	-3.21	0.97	-9.75	0.08
11:29:02.499426	-0.4	-9.77	0.6900000000000001	-0.86	-9.33	-2.86	-0.04	-9.27	-3.18	1.01	-9.75	-0.05
11:29:02.509537	-0.4	-9.77	0.6900000000000001	-0.84	-9.33	-2.87	-0.04	-9.290000000000001	-3.12	1.04	-9.74	-0.17
11:29:02.519660	-0.41000000000000003	-9.77	0.68	-0.84	-9.33	-2.88	-0.03	-9.32	-3.0300000000000002	1.04	-9.74	-0.17
11:29:02.529832	-0.41000000000000003	-9.77	0.68	-0.84	-9.33	-2.89	-0.03	-9.36	-2.92	1.04	-9.74	-0.17
11:29:02.539904	-0.41000000000000003	-9.77	0.68	-0.86	-9.33	-2.88	-0.02	-9.4	-2.7800000000000002	1.1500000000000001	-9.71	-0.66
11:29:02.550057	-0.4	-9.77	0.67	-0.88	-9.33	-2.88	-0.01	-9.44	-2.63	1.18	-9.700000000000001	-0.74
11:29:02.560569	-0.4	-9.77	0.68	-0.91	-9.32	-2.88	0.01	-9.48	-2.5	1.29	-9.68	-0.81
11:29:02.570683	-0.4	-9.77	0.68	-0.93	-9.32	-2.89	0.02	-9.5	-2.39	1.3900000000000001	-9.65	-0.96
11:29:02.580838	-0.41000000000000003	-9.77	0.6900000000000001	-0.93	-9.31	-2.91	0.0	-9.53	-2.29	1.3900000000000001	-9.65	-0.96
11:29:02.591500	-0.41000000000000003	-9.77	0.71	-0.92	-9.31	-2.92	-0.03	-9.55	-2.18	1.3900000000000001	-9.65	-0.96
11:29:02.601691	-0.42	-9.77	0.72	-0.9	-9.31	-2.93	-0.05	-9.58	-2.05	1.3900000000000001	-9.65	-0.96
11:29:02.611797	-0.42	-9.76	0.74	-0.88	-9.31	-2.92	-0.05	-9.61	-1.9100000000000001	0.99	-9.55	-1.96
11:29:02.621877	-0.42	-9.76	0.74	-0.87	-9.32	-2.89	-0.03	-9.66	-1.6500000000000001	0.88	-9.52	-2.15
11:29:02.632410	-0.42	-9.76	0.75	-0.88	-9.33	-2.86	-0.03	-9.66	-1.6500000000000001	0.8	-9.5	-2.25
11:29:02.642584	-0.43	-9.76	0.76	-0.9	-9.34	-2.82	-0.02	-9.68	-1.53	0.75	-9.5	-2.2800000000000002
11:29:02.652714	-0.43	-9.76	0.77	-0.93	-9.36	-2.7600000000000002	-0.03	-9.71	-1.3	0.75	-9.5	-2.2800000000000002
11:29:02.663396	-0.43	-9.76	0.77	-0.9500000000000001	-9.38	-2.69	-0.04	-9.73	-1.2	0.8	-9.51	-2.23
11:29:02.673501	-0.42	-9.76	0.78	-0.98	-9.4	-2.6	-0.03	-9.74	-1.11	0.85	-9.51	-2.19
11:29:02.683574	-0.41000000000000003	-9.76	0.79	-1.01	-9.42	-2.5	0.0	-9.75	-1.02	0.93	-9.48	-2.31
11:29:02.693674	-0.39	-9.76	0.79	-1.04	-9.44	-2.4	0.03	-9.75	-0.9500000000000001	0.93	-9.48	-2.31
11:29:02.703773	-0.37	-9.76	0.8	-1.08	-9.46	-2.3000000000000003	0.06	-9.76	-0.89	0.91	-9.450000000000001	-2.43
11:29:02.713930	-0.34	-9.76	0.81	-1.1400000000000001	-9.48	-2.22	0.09	-9.77	-0.8300000000000001	0.81	-9.41	-2.62
11:29:02.724102	-0.31	-9.76	0.8200000000000001	-1.19	-9.49	-2.16	0.11	-9.77	-0.76	0.79	-9.4	-2.64
11:29:02.734218	-0.28	-9.76	0.8200000000000001	-1.26	-9.49	-2.1	0.12	-9.78	-0.7000000000000001	0.77	-9.4	-2.67
11:29:02.744315	-0.25	-9.76	0.8300000000000001	-1.33	-9.49	-2.07	0.12	-9.78	-0.64	0.77	-9.4	-2.67
11:29:02.754548	-0.23	-9.76	0.84	-1.3900000000000001	-9.48	-2.06	0.13	-9.78	-0.58	0.74	-9.4	-2.68
11:29:02.764637	-0.21	-9.76	0.85	-1.44	-9.48	-2.02	0.13	-9.790000000000001	-0.52	0.74	-9.4	-2.68
11:29:02.774710	-0.2	-9.76	0.86	-1.48	-9.48	-1.97	0.13	-9.790000000000001	-0.45	0.73	-9.39	-2.71
11:29:02.784784	-0.19	-9.76	0.87	-1.51	-9.49	-1.9100000000000001	0.14	-9.790000000000001	-0.38	0.73	-9.39	-2.71
11:29:02.794852	-0.19	-9.76	0.87	-1.54	-9.5	-1.83	0.14	-9.8	-0.31	0.73	-9.39	-2.71
11:29:02.804987	-0.19	-9.76	0.87	-1.56	-9.51	-1.76	0.15	-9.8	-0.24	0.77	-9.34	-2.86
11:29:02.815106	-0.2	-9.76	0.87	-1.58	-9.52	-1.69	0.15	-9.8	-0.18	0.79	-9.31	-2.96
11:29:02.825679	-0.2	-9.76	0.86	-1.6	-9.53	-1.6300000000000001	0.15	-9.8	-0.12	0.8200000000000001	-9.27	-3.08
11:29:02.835746	-0.21	-9.76	0.86	-1.61	-9.540000000000001	-1.56	0.15	-9.8	-0.06	0.85	-9.24	-3.16
11:29:02.845820	-0.21	-9.76	0.85	-1.62	-9.55	-1.48	0.15	-9.8	0.0	0.88	-9.22	-3.21
11:29:02.855899	-0.21	-9.76	0.84	-1.6400000000000001	-9.56	-1.4000000000000001	0.14	-9.8	0.06	0.88	-9.22	-3.21
11:29:02.865961	-0.2	-9.76	0.8300000000000001	-1.67	-9.57	-1.31	0.14	-9.8	0.13	0.89	-9.18	-3.3000000000000003
11:29:02.876092	-0.2	-9.76	0.8200000000000001	-1.71	-9.57	-1.23	0.13	-9.8	0.21	0.89	-9.18	-3.3000000000000003
11:29:02.886158	-0.19	-9.77	0.81	-1.75	-9.57	-1.16	0.13	-9.8	0.28	0.9	-9.16	-3.36
11:29:02.896271	-0.19	-9.77	0.79	-1.79	-9.57	-1.1	0.13	-9.790000000000001	0.36	0.89	-9.14	-3.41
11:29:02.906597	-0.19	-9.77	0.79	-1.83	-9.57	-1.06	0.12	-9.790000000000001	0.43	0.89	-9.14	-3.41
11:29:02.917097	-0.18	-9.77	0.78	-1.8800000000000001	-9.56	-1.02	0.12	-9.790000000000001	0.51	0.89	-9.14	-3.41
11:29:02.927229	-0.18	-9.77	0.77	-1.8800000000000001	-9.57	-0.99	0.12	-9.78	0.58	0.85	-9.07	-3.6
11:29:02.937329	-0.18	-9.77	0.77	-1.93	-9.56	-0.96	0.12	-9.78	0.65	0.85	-9.07	-3.6
11:29:02.947403	-0.18	-9.77	0.76	-1.96	-9.56	-0.92	0.13	-9.77	0.71	0.85	-9.07	-3.6
11:29:02.957502	-0.17	-9.77	0.76	-1.99	-9.56	-0.84	0.14	-9.77	0.78	0.89	-9.0	-3.7800000000000002
11:29:02.967569	-0.17	-9.77	0.76	-2.02	-9.56	-0.76	0.14	-9.76	0.85	0.89	-9.0	-3.7800000000000002
11:29:02.977642	-0.17	-9.77	0.75	-2.06	-9.56	-0.67	0.14	-9.76	0.92	0.89	-9.0	-3.7800000000000002
11:29:02.987714	-0.17	-9.77	0.76	-2.09	-9.56	-0.59	0.14	-9.75	0.98	0.92	-8.93	-3.92
11:29:02.997787	-0.18	-9.77	0.76	-2.13	-9.55	-0.52	0.14	-9.74	1.06	0.93	-8.91	-3.96
11:29:03.007873	-0.18	-9.77	0.77	-2.18	-9.540000000000001	-0.47000000000000003	0.14	-9.74	1.12	0.9400000000000001	-8.89	-4.01
11:29:03.017944	-0.18	-9.77	0.78	-2.23	-9.53	-0.42	0.14	-9.73	1.19	0.9400000000000001	-8.870000000000001	-4.0600000000000005
11:29:03.028013	-0.19	-9.77	0.79	-2.2800000000000002	-9.52	-0.37	0.14	-9.72	1.26	0.9400000000000001	-8.870000000000001	-4.0600000000000005
11:29:03.038104	-0.19	-9.77	0.8	-2.34	-9.51	-0.32	0.13	-9.71	1.32	0.9500000000000001	-8.85	-4.1
11:29:03.048226	-0.19	-9.76	0.8200000000000001	-2.39	-9.5	-0.27	0.13	-9.700000000000001	1.3900000000000001	0.96	-8.83	-4.14
11:29:03.058850	-0.2	-9.76	0.84	-2.45	-9.49	-0.21	0.12	-9.69	1.45	0.96	-8.81	-4.19
11:29:03.068912	-0.2	-9.76	0.85	-2.52	-9.47	-0.14	0.11	-9.68	1.52	0.96	-8.790000000000001	-4.22
11:29:03.079266	-0.2	-9.76	0.87	-2.58	-9.450000000000001	-0.07	0.11	-9.67	1.59	0.96	-8.790000000000001	-4.22
11:29:03.089338	-0.21	-9.76	0.89	-2.65	-9.43	-0.01	0.1	-9.66	1.6500000000000001	0.96	-8.790000000000001	-4.22
11:29:03.099407	-0.21	-9.76	0.91	-2.72	-9.42	0.04	0.09	-9.65	1.72	0.91	-8.72	-4.37
11:29:03.109504	-0.21	-9.75	0.93	-2.79	-9.4	0.1	0.08	-9.63	1.79	0.86	-8.700000000000001	-4.43
11:29:03.119577	-0.21	-9.75	0.9400000000000001	-2.85	-9.370000000000001	0.15	0.07	-9.620000000000001	1.87	0.86	-8.700000000000001	-4.43
11:29:03.129700	-0.21	-9.75	0.96	-2.98	-9.33	0.23	0.06	-9.61	1.94	0.81	-8.63	-4.57
11:29:03.139796	-0.21	-9.75	0.98	-3.0500000000000003	-9.31	0.26	0.04	-9.59	2.0100000000000002	0.79	-8.6	-4.64
11:29:03.149904	-0.21	-9.75	0.99	-3.11	-9.290000000000001	0.28	0.02	-9.57	2.09	0.79	-8.6	-4.64
11:29:03.160066	-0.2	-9.75	1.0	-3.17	-9.27	0.31	0.0	-9.56	2.17	0.79	-8.6	-4.64
11:29:03.170616	-0.2	-9.75	1.01	-3.23	-9.25	0.33	-0.01	-9.540000000000001	2.25	0.75	-8.47	-4.88
11:29:03.180686	-0.19	-9.75	1.03	-3.2800000000000002	-9.23	0.36	-0.04	-9.52	2.34	0.75	-8.47	-4.88
11:29:03.190808	-0.18	-9.74	1.04	-3.34	-9.21	0.39	-0.07	-9.49	2.43	0.7000000000000001	-8.370000000000001	-5.05
11:29:03.201491	-0.17	-9.74	1.05	-3.39	-9.19	0.41000000000000003	-0.1	-9.47	2.5300000000000002	0.7000000000000001	-8.370000000000001	-5.05
11:29:03.211672	-0.15	-9.74	1.05	-3.45	-9.16	0.42	-0.13	-9.44	2.63	0.7000000000000001	-8.370000000000001	-5.05
11:29:03.221851	-0.14	-9.74	1.06	-3.5	-9.14	0.42	-0.2	-9.38	2.84	0.65	-8.24	-5.26
11:29:03.232017	-0.12	-9.74	1.07	-3.56	-9.120000000000001	0.42	-0.25	-9.34	2.96	0.55	-8.03	-5.6000000000000005
11:29:03.242568	-0.11	-9.74	1.07	-3.61	-9.1	0.4	-0.29	-9.3	3.08	0.51	-7.94	-5.73
11:29:03.252663	-0.1	-9.74	1.07	-3.65	-9.09	0.37	-0.34	-9.25	3.22	0.47000000000000003	-7.8500000000000005	-5.8500000000000005
11:29:03.262801	-0.08	-9.74	1.07	-3.7	-9.07	0.35000000000000003	-0.39	-9.200000000000001	3.36	0.47000000000000003	-7.8500000000000005	-5.8500000000000005
11:29:03.272952	-0.08	-9.74	1.07	-3.73	-9.06	0.33	-0.45	-9.14	3.5	0.45	-7.74	-5.99
11:29:03.283334	-0.07	-9.74	1.06	-3.75	-9.05	0.3	-0.51	-9.08	3.65	0.45	-7.74	-5.99
11:29:03.293729	-0.07	-9.75	1.04	-3.7600000000000002	-9.05	0.27	-0.55	-9.01	3.8200000000000003	0.25	-7.38	-6.45
11:29:03.303797	-0.07	-9.75	1.03	-3.75	-9.05	0.23	-0.58	-8.93	4.0	0.2	-7.24	-6.6000000000000005
11:29:03.313877	-0.07	-9.75	1.01	-3.73	-9.06	0.18	-0.58	-8.93	4.0	0.13	-7.08	-6.7700000000000005
11:29:03.324135	-0.06	-9.75	0.99	-3.7	-9.07	0.11	-0.65	-8.74	4.39	0.01	-6.9	-6.95
11:29:03.334654	-0.04	-9.75	0.98	-3.66	-9.09	0.0	-0.65	-8.74	4.39	-0.07	-6.75	-7.1000000000000005
11:29:03.344771	0.03	-9.76	0.9500000000000001	-3.62	-9.11	-0.12	-0.77	-8.51	4.8	-0.07	-6.75	-7.1000000000000005
11:29:03.354994	0.07	-9.76	0.9400000000000001	-3.58	-9.120000000000001	-0.28	-0.88	-8.38	5.01	-0.17	-6.4	-7.42
11:29:03.365677	0.11	-9.76	0.92	-3.5500000000000003	-9.120000000000001	-0.47000000000000003	-0.88	-8.38	5.01	-0.27	-6.140000000000001	-7.63
11:29:03.376203	0.15	-9.76	0.91	-3.5100000000000002	-9.120000000000001	-0.68	-1.22	-8.1	5.37	-0.27	-6.140000000000001	-7.63
11:29:03.386531	0.18	-9.76	0.9	-3.48	-9.120000000000001	-0.92	-1.42	-7.96	5.53	-0.33	-5.45	-8.13
11:29:03.396609	0.21	-9.76	0.89	-3.42	-9.1	-1.22	-1.42	-7.96	5.53	-0.37	-4.99	-8.43
11:29:03.406716	0.24	-9.76	0.87	-3.34	-9.09	-1.53	-1.42	-7.96	5.53	-0.45	-4.49	-8.700000000000001
11:29:03.416795	0.27	-9.76	0.86	-3.24	-9.07	-1.79	-1.42	-7.96	5.53	-0.65	-4.07	-8.89
11:29:03.426858	0.29	-9.76	0.84	-3.13	-9.08	-1.97	-1.75	-7.58	5.96	-0.65	-4.07	-8.89
11:29:03.436929	0.31	-9.76	0.8200000000000001	-3.0300000000000002	-9.09	-2.07	-1.74	-7.49	6.07	-1.01	-3.8200000000000003	-8.97
11:29:03.447003	0.32	-9.76	0.8	-2.93	-9.11	-2.14	-1.73	-7.42	6.17	-0.61	-3.99	-8.93
11:29:03.457106	0.32	-9.76	0.79	-2.81	-9.13	-2.18	-1.73	-7.36	6.24	-0.24	-4.15	-8.88
11:29:03.467247	0.32	-9.77	0.77	-2.7	-9.15	-2.22	-1.73	-7.36	6.24	-0.11	-4.23	-8.84
11:29:03.477309	0.32	-9.77	0.76	-2.57	-9.18	-2.27	-1.67	-7.34	6.2700000000000005	-0.11	-4.23	-8.84
11:29:03.487418	0.32	-9.77	0.75	-2.45	-9.200000000000001	-2.33	-1.6400000000000001	-7.38	6.24	0.0	-4.4	-8.76
11:29:03.497489	0.32	-9.77	0.75	-2.34	-9.200000000000001	-2.42	-1.58	-7.43	6.19	0.18	-4.64	-8.63
11:29:03.507592	0.33	-9.77	0.74	-2.25	-9.200000000000001	-2.5300000000000002	-1.5	-7.51	6.12	0.31	-4.97	-8.44
11:29:03.517688	0.34	-9.77	0.74	-2.17	-9.18	-2.66	-1.5	-7.51	6.12	0.31	-4.97	-8.44
11:29:03.527793	0.36	-9.77	0.74	-2.1	-9.15	-2.81	-1.3	-7.72	5.89	0.35000000000000003	-5.49	-8.11
11:29:03.537923	0.38	-9.77	0.74	-2.04	-9.120000000000001	-2.96	-1.2	-7.8500000000000005	5.74	0.34	-5.71	-7.96
11:29:03.547995	0.39	-9.77	0.74	-1.99	-9.08	-3.1	-1.2	-7.8500000000000005	5.74	0.34	-5.71	-7.96
11:29:03.558113	0.4	-9.76	0.74	-1.95	-9.05	-3.21	-1.2	-7.8500000000000005	5.74	0.36	-6.3100000000000005	-7.49
11:29:03.568653	0.41000000000000003	-9.76	0.75	-1.9000000000000001	-9.03	-3.29	-0.9400000000000001	-8.31	5.11	0.39	-6.62	-7.22
11:29:03.578717	0.41000000000000003	-9.76	0.75	-1.86	-9.02	-3.36	-0.85	-8.48	4.84	0.39	-6.62	-7.22
11:29:03.589112	0.42	-9.76	0.76	-1.81	-9.01	-3.41	-0.85	-8.48	4.84	0.46	-6.92	-6.92
11:29:03.599184	0.42	-9.76	0.76	-1.75	-9.01	-3.44	-0.85	-8.48	4.84	0.56	-7.22	-6.6000000000000005
11:29:03.609257	0.43	-9.76	0.76	-1.7	-9.0	-3.48	-0.58	-8.97	3.9	0.65	-7.5	-6.2700000000000005
11:29:03.619853	0.44	-9.76	0.77	-1.6400000000000001	-9.0	-3.5	-0.53	-9.13	3.5300000000000002	0.73	-7.75	-5.95
11:29:03.629919	0.44	-9.76	0.77	-1.59	-9.01	-3.52	-0.49	-9.27	3.14	0.8	-7.97	-5.64
11:29:03.640010	0.45	-9.76	0.77	-1.47	-9.03	-3.52	-0.47000000000000003	-9.4	2.74	0.85	-8.18	-5.33
11:29:03.650100	0.46	-9.76	0.77	-1.41	-9.040000000000001	-3.5	-0.44	-9.51	2.32	0.91	-8.38	-5.0
11:29:03.660188	0.46	-9.76	0.77	-1.35	-9.06	-3.47	-0.38	-9.68	1.47	0.91	-8.38	-5.0
11:29:03.670853	0.46	-9.76	0.76	-1.35	-9.06	-3.47	-0.35000000000000003	-9.74	1.05	1.0	-8.9	-3.97
11:29:03.680963	0.46	-9.76	0.76	-1.23	-9.1	-3.41	-0.31	-9.78	0.63	1.0	-8.9	-3.97
11:29:03.691518	0.46	-9.76	0.75	-1.18	-9.120000000000001	-3.38	-0.26	-9.8	0.21	1.02	-9.19	-3.25
11:29:03.701619	0.46	-9.76	0.73	-1.1400000000000001	-9.14	-3.35	-0.22	-9.8	-0.18	1.03	-9.31	-2.9
11:29:03.712072	0.45	-9.76	0.72	-1.1400000000000001	-9.14	-3.35	-0.22	-9.8	-0.18	1.03	-9.31	-2.9
11:29:03.722381	0.44	-9.77	0.71	-1.09	-9.16	-3.31	-0.14	-9.75	-0.96	1.04	-9.41	-2.52
11:29:03.732467	0.43	-9.77	0.6900000000000001	-1.01	-9.200000000000001	-3.22	-0.12	-9.71	-1.32	1.05	-9.5	-2.17
11:29:03.742561	0.41000000000000003	-9.77	0.68	-0.97	-9.22	-3.17	-0.1	-9.66	-1.6500000000000001	1.09	-9.65	-1.3
11:29:03.752646	0.39	-9.77	0.67	-0.93	-9.24	-3.12	-0.08	-9.6	-1.97	1.09	-9.65	-1.3
11:29:03.762714	0.38	-9.77	0.66	-0.91	-9.26	-3.0700000000000003	-0.08	-9.540000000000001	-2.25	1.1	-9.68	-1.05
11:29:03.773246	0.36	-9.77	0.65	-0.91	-9.27	-3.0300000000000002	-0.08	-9.47	-2.5100000000000002	1.1	-9.68	-1.05
11:29:03.783345	0.34	-9.77	0.64	-0.92	-9.28	-3.0100000000000002	-0.09	-9.41	-2.73	1.12	-9.73	-0.44
11:29:03.793658	0.32	-9.78	0.63	-0.93	-9.290000000000001	-2.99	-0.11	-9.35	-2.93	1.12	-9.73	-0.3
11:29:03.803732	0.31	-9.78	0.63	-0.9400000000000001	-9.290000000000001	-2.97	-0.13	-9.3	-3.08	1.12	-9.74	-0.21
11:29:03.813806	0.29	-9.78	0.62	-0.96	-9.290000000000001	-2.96	-0.13	-9.3	-3.08	1.12	-9.74	-0.21
11:29:03.824258	0.28	-9.78	0.62	-0.97	-9.3	-2.95	-0.17	-9.23	-3.29	1.12	-9.74	-0.14
11:29:03.834373	0.25	-9.78	0.61	-0.98	-9.3	-2.94	-0.19	-9.21	-3.34	1.12	-9.74	-0.14
11:29:03.844508	0.24	-9.78	0.6	-0.97	-9.3	-2.94	-0.2	-9.21	-3.35	1.1500000000000001	-9.73	-0.27
11:29:03.855117	0.23	-9.78	0.6	-0.96	-9.3	-2.94	-0.21	-9.22	-3.3200000000000003	1.1500000000000001	-9.73	-0.27
11:29:03.865346	0.21	-9.78	0.6	-0.9400000000000001	-9.3	-2.95	-0.22	-9.24	-3.2600000000000002	1.1500000000000001	-9.73	-0.27
11:29:03.875456	0.2	-9.78	0.59	-0.92	-9.290000000000001	-2.97	-0.22	-9.27	-3.17	1.1500000000000001	-9.73	-0.27
11:29:03.886111	0.18	-9.78	0.59	-0.9	-9.290000000000001	-2.99	-0.22	-9.31	-3.06	1.1500000000000001	-9.73	-0.27
11:29:03.896312	0.17	-9.78	0.59	-0.89	-9.28	-3.0100000000000002	-0.23	-9.36	-2.91	1.1500000000000001	-9.73	-0.27
11:29:03.906930	0.17	-9.78	0.59	-0.89	-9.28	-3.02	-0.22	-9.41	-2.75	1.26	-9.64	-1.24
11:29:03.917032	0.15	-9.78	0.59	-0.89	-9.28	-3.0100000000000002	-0.2	-9.450000000000001	-2.58	1.4000000000000001	-9.6	-1.36
11:29:03.927113	0.14	-9.78	0.6	-0.91	-9.28	-3.0	-0.17	-9.49	-2.44	1.47	-9.56	-1.57
11:29:03.937183	0.13	-9.78	0.62	-0.9400000000000001	-9.28	-3.0	-0.17	-9.52	-2.31	1.47	-9.56	-1.57
11:29:03.947259	0.12	-9.78	0.64	-0.9500000000000001	-9.27	-3.0300000000000002	-0.2	-9.56	-2.17	1.47	-9.56	-1.57
11:29:03.957337	0.11	-9.78	0.65	-0.9500000000000001	-9.26	-3.06	-0.22	-9.59	-2.0100000000000002	1.1300000000000001	-9.44	-2.36
11:29:03.967435	0.11	-9.78	0.66	-0.92	-9.26	-3.09	-0.24	-9.620000000000001	-1.85	1.1300000000000001	-9.44	-2.36
11:29:03.977554	0.11	-9.78	0.67	-0.88	-9.26	-3.09	-0.22	-9.65	-1.7	0.97	-9.38	-2.67
11:29:03.987672	0.11	-9.78	0.67	-0.86	-9.26	-3.08	-0.21	-9.68	-1.55	0.77	-9.33	-2.9
11:29:03.997743	0.11	-9.78	0.68	-0.87	-9.27	-3.06	-0.21	-9.700000000000001	-1.41	0.77	-9.33	-2.9
11:29:04.007839	0.11	-9.78	0.6900000000000001	-0.91	-9.27	-3.04	-0.22	-9.72	-1.27	0.77	-9.33	-2.9
11:29:04.018465	0.1	-9.78	0.7000000000000001	-0.9500000000000001	-9.28	-3.0100000000000002	-0.24	-9.73	-1.1400000000000001	0.73	-9.34	-2.89
11:29:04.028546	0.11	-9.77	0.71	-0.98	-9.290000000000001	-2.97	-0.24	-9.75	-1.02	0.73	-9.34	-2.89
11:29:04.038618	0.11	-9.77	0.72	-1.01	-9.3	-2.92	-0.22	-9.76	-0.91	0.88	-9.31	-2.94
11:29:04.048685	0.13	-9.77	0.72	-1.04	-9.33	-2.83	-0.19	-9.77	-0.81	0.88	-9.31	-2.94
11:29:04.058808	0.14	-9.77	0.73	-1.07	-9.35	-2.72	-0.17	-9.77	-0.72	0.88	-9.31	-2.94
11:29:04.068880	0.17	-9.77	0.74	-1.1	-9.38	-2.61	-0.15	-9.78	-0.63	0.8200000000000001	-9.21	-3.25
11:29:04.078958	0.19	-9.77	0.75	-1.1400000000000001	-9.4	-2.52	-0.14	-9.790000000000001	-0.54	0.8200000000000001	-9.21	-3.25
11:29:04.089059	0.2	-9.77	0.76	-1.2	-9.41	-2.45	-0.13	-9.790000000000001	-0.35000000000000003	0.8200000000000001	-9.21	-3.25
11:29:04.099188	0.2	-9.77	0.77	-1.25	-9.42	-2.4	-0.13	-9.8	-0.26	0.8200000000000001	-9.21	-3.25
11:29:04.109884	0.2	-9.77	0.78	-1.32	-9.42	-2.38	-0.13	-9.8	-0.16	0.7000000000000001	-9.14	-3.48
11:29:04.119996	0.19	-9.77	0.78	-1.3800000000000001	-9.41	-2.37	-0.12	-9.8	-0.07	0.68	-9.120000000000001	-3.52
11:29:04.130083	0.18	-9.77	0.79	-1.44	-9.4	-2.36	-0.11	-9.8	0.0	0.67	-9.1	-3.58
11:29:04.140715	0.16	-9.77	0.79	-1.49	-9.4	-2.33	-0.11	-9.8	0.08	0.68	-9.08	-3.63
11:29:04.150917	0.15	-9.77	0.79	-1.56	-9.42	-2.19	-0.1	-9.8	0.15	0.68	-9.08	-3.63
11:29:04.161184	0.13	-9.77	0.79	-1.6	-9.44	-2.09	-0.1	-9.8	0.21	0.6900000000000001	-9.06	-3.67
11:29:04.171256	0.12	-9.77	0.79	-1.6400000000000001	-9.450000000000001	-2.0	-0.1	-9.8	0.28	0.67	-9.02	-3.77
11:29:04.181874	0.11	-9.77	0.79	-1.68	-9.46	-1.9100000000000001	-0.1	-9.790000000000001	0.34	0.67	-9.02	-3.77
11:29:04.191974	0.1	-9.77	0.79	-1.72	-9.47	-1.83	-0.1	-9.790000000000001	0.4	0.67	-8.96	-3.91
11:29:04.202622	0.09	-9.77	0.79	-1.75	-9.48	-1.75	-0.09	-9.790000000000001	0.46	0.67	-8.96	-3.91
11:29:04.212722	0.08	-9.77	0.8	-1.8	-9.49	-1.67	-0.09	-9.790000000000001	0.52	0.6900000000000001	-8.93	-3.97
11:29:04.222816	0.08	-9.77	0.8	-1.84	-9.49	-1.59	-0.08	-9.78	0.58	0.71	-8.88	-4.08
11:29:04.233381	0.08	-9.77	0.8	-1.9000000000000001	-9.5	-1.51	-0.08	-9.78	0.63	0.73	-8.86	-4.13
11:29:04.243708	0.07	-9.77	0.8	-1.95	-9.5	-1.43	-0.08	-9.78	0.68	0.73	-8.86	-4.13
11:29:04.253774	0.07	-9.77	0.81	-2.0100000000000002	-9.5	-1.35	-0.07	-9.77	0.73	0.73	-8.84	-4.16
11:29:04.263852	0.08	-9.77	0.81	-2.06	-9.5	-1.27	-0.07	-9.77	0.77	0.73	-8.84	-4.16
11:29:04.273936	0.08	-9.77	0.8200000000000001	-2.11	-9.5	-1.19	-0.07	-9.77	0.8200000000000001	0.73	-8.84	-4.16
11:29:04.284007	0.09	-9.77	0.8200000000000001	-2.17	-9.49	-1.11	-0.07	-9.76	0.87	0.76	-8.77	-4.3100000000000005
11:29:04.294125	0.09	-9.77	0.8300000000000001	-2.22	-9.49	-1.02	-0.07	-9.76	0.92	0.76	-8.77	-4.3100000000000005
11:29:04.304199	0.1	-9.76	0.84	-2.27	-9.49	-0.93	-0.08	-9.75	0.96	0.78	-8.76	-4.33
11:29:04.314313	0.11	-9.76	0.85	-2.32	-9.48	-0.84	-0.08	-9.75	1.01	0.79	-8.73	-4.37
11:29:04.324400	0.12	-9.76	0.88	-2.38	-9.48	-0.75	-0.08	-9.74	1.06	0.79	-8.73	-4.37
11:29:04.334550	0.13	-9.76	0.89	-2.43	-9.47	-0.67	-0.09	-9.74	1.1	0.8	-8.71	-4.42
11:29:04.344673	0.13	-9.76	0.91	-2.48	-9.46	-0.58	-0.09	-9.73	1.1500000000000001	0.8	-8.69	-4.45
11:29:04.355367	0.13	-9.76	0.93	-2.54	-9.450000000000001	-0.5	-0.1	-9.73	1.2	0.8	-8.69	-4.45
11:29:04.365709	0.13	-9.75	0.9500000000000001	-2.59	-9.44	-0.41000000000000003	-0.1	-9.72	1.24	0.8	-8.66	-4.51
11:29:04.376438	0.12	-9.75	0.97	-2.65	-9.43	-0.33	-0.11	-9.71	1.29	0.8	-8.66	-4.51
11:29:04.386515	0.11	-9.75	1.0	-2.71	-9.42	-0.26	-0.12	-9.71	1.34	0.8	-8.66	-4.51
11:29:04.396697	0.1	-9.75	1.02	-2.77	-9.4	-0.18	-0.13	-9.700000000000001	1.4000000000000001	0.81	-8.6	-4.63
11:29:04.406787	0.08	-9.75	1.04	-2.83	-9.38	-0.12	-0.14	-9.69	1.46	0.8	-8.56	-4.7
11:29:04.416856	0.06	-9.74	1.06	-2.89	-9.36	-0.06	-0.16	-9.68	1.52	0.78	-8.52	-4.7700000000000005
11:29:04.426975	0.04	-9.74	1.08	-2.96	-9.34	-0.01	-0.17	-9.67	1.59	0.78	-8.52	-4.7700000000000005
11:29:04.437097	0.02	-9.74	1.1	-3.02	-9.32	0.02	-0.19	-9.66	1.67	0.76	-8.49	-4.84
11:29:04.447183	0.01	-9.74	1.12	-3.09	-9.3	0.06	-0.21	-9.64	1.74	0.75	-8.45	-4.9
11:29:04.457288	0.0	-9.74	1.1400000000000001	-3.15	-9.28	0.09	-0.24	-9.63	1.82	0.75	-8.45	-4.9
11:29:04.467363	-0.03	-9.73	1.1500000000000001	-3.21	-9.26	0.13	-0.27	-9.61	1.9100000000000001	0.75	-8.45	-4.9
11:29:04.477463	-0.05	-9.73	1.17	-3.2600000000000002	-9.24	0.16	-0.3	-9.59	2.0100000000000002	0.75	-8.45	-4.9
11:29:04.488198	-0.07	-9.73	1.18	-3.3200000000000003	-9.22	0.19	-0.33	-9.57	2.11	0.75	-8.45	-4.9
11:29:04.498272	-0.08	-9.73	1.2	-3.36	-9.200000000000001	0.22	-0.36	-9.540000000000001	2.22	0.6900000000000001	-8.2	-5.33
11:29:04.508373	-0.09	-9.73	1.21	-3.42	-9.18	0.25	-0.39	-9.51	2.33	0.6900000000000001	-8.2	-5.33
11:29:04.518488	-0.09	-9.72	1.22	-3.49	-9.15	0.33	-0.46	-9.44	2.59	0.65	-8.06	-5.54
11:29:04.528562	-0.09	-9.72	1.22	-3.54	-9.13	0.43	-0.46	-9.44	2.59	0.62	-7.99	-5.64
11:29:04.538661	-0.08	-9.72	1.23	-3.59	-9.11	0.46	-0.49	-9.4	2.73	0.62	-7.99	-5.64
11:29:04.548725	-0.07	-9.72	1.24	-3.65	-9.09	0.45	-0.52	-9.35	2.88	0.55	-7.82	-5.88
11:29:04.558823	-0.06	-9.72	1.24	-3.7	-9.07	0.43	-0.55	-9.3	3.04	0.55	-7.82	-5.88
11:29:04.568940	-0.06	-9.72	1.25	-3.7600000000000002	-9.040000000000001	0.45	-0.63	-9.18	3.37	0.46	-7.63	-6.13
11:29:04.579070	-0.06	-9.72	1.24	-3.8000000000000003	-9.02	0.42	-0.67	-9.11	3.5500000000000003	0.42	-7.5200000000000005	-6.2700000000000005
11:29:04.589670	-0.07	-9.72	1.23	-3.84	-9.01	0.37	-0.71	-9.03	3.73	0.42	-7.5200000000000005	-6.2700000000000005
11:29:04.599761	-0.09	-9.73	1.21	-3.86	-9.0	0.35000000000000003	-0.74	-8.950000000000001	3.92	0.25	-7.28	-6.5600000000000005
11:29:04.609884	-0.12	-9.73	1.19	-3.87	-9.0	0.37	-0.77	-8.86	4.12	0.17	-7.140000000000001	-6.71
11:29:04.619955	-0.13	-9.73	1.18	-3.86	-9.0	0.41000000000000003	-0.81	-8.76	4.33	0.11	-6.99	-6.87
11:29:04.630060	-0.13	-9.73	1.16	-3.85	-9.0	0.48	-0.87	-8.65	4.5200000000000005	0.11	-6.99	-6.87
11:29:04.640437	-0.12	-9.73	1.16	-3.8200000000000003	-9.01	0.54	-0.96	-8.540000000000001	4.72	-0.12	-6.62	-7.23
11:29:04.650676	-0.09	-9.73	1.1500000000000001	-3.79	-9.02	0.58	-1.09	-8.41	4.9	-0.12	-6.62	-7.23
11:29:04.660798	-0.06	-9.73	1.1500000000000001	-3.74	-9.040000000000001	0.58	-1.27	-8.28	5.08	-0.32	-6.2700000000000005	-7.53
11:29:04.671247	-0.03	-9.73	1.1500000000000001	-3.68	-9.07	0.5	-1.46	-8.15	5.25	-0.42	-6.04	-7.71
11:29:04.681847	-0.01	-9.73	1.1500000000000001	-3.64	-9.09	0.44	-1.6300000000000001	-8.03	5.38	-0.5	-5.78	-7.9
11:29:04.691959	0.0	-9.73	1.1500000000000001	-3.5700000000000003	-9.120000000000001	0.3	-1.74	-7.94	5.48	-0.5	-5.78	-7.9
11:29:04.702620	0.0	-9.73	1.1500000000000001	-3.48	-9.16	0.13	-1.78	-7.8500000000000005	5.59	-0.5	-5.78	-7.9
11:29:04.713120	0.0	-9.73	1.1500000000000001	-3.35	-9.21	-0.05	-1.78	-7.75	5.72	-0.5	-5.78	-7.9
11:29:04.723220	0.0	-9.73	1.1500000000000001	-3.2	-9.26	-0.23	-1.77	-7.66	5.8500000000000005	-0.88	-4.22	-8.8
11:29:04.733346	0.0	-9.73	1.1400000000000001	-3.04	-9.31	-0.39	-1.76	-7.58	5.96	-0.88	-4.22	-8.8
11:29:04.743468	0.0	-9.74	1.1300000000000001	-2.86	-9.36	-0.52	-1.75	-7.51	6.04	-1.31	-3.92	-8.89
11:29:04.753543	0.0	-9.74	1.12	-2.66	-9.41	-0.65	-1.73	-7.47	6.1000000000000005	-0.89	-4.03	-8.89
11:29:04.763613	-0.02	-9.74	1.11	-2.44	-9.46	-0.75	-1.69	-7.46	6.13	-0.5	-4.17	-8.85
11:29:04.773704	-0.03	-9.74	1.11	-2.21	-9.51	-0.87	-1.6600000000000001	-7.47	6.12	-0.5	-4.17	-8.85
11:29:04.783793	-0.04	-9.74	1.11	-1.97	-9.540000000000001	-1.02	-1.6300000000000001	-7.5	6.09	-0.27	-4.29	-8.81
11:29:04.793873	-0.06	-9.74	1.11	-1.76	-9.57	-1.16	-1.57	-7.5600000000000005	6.04	-0.27	-4.29	-8.81
11:29:04.803943	-0.06	-9.74	1.11	-1.54	-9.59	-1.3	-1.49	-7.63	5.96	0.28	-4.73	-8.58
11:29:04.814327	-0.07	-9.74	1.12	-1.33	-9.6	-1.44	-1.42	-7.73	5.8500000000000005	0.4	-4.95	-8.45
11:29:04.824401	-0.07	-9.74	1.12	-1.1300000000000001	-9.6	-1.6	-1.36	-7.84	5.71	0.45	-5.1000000000000005	-8.36
11:29:04.834496	-0.07	-9.74	1.1300000000000001	-0.93	-9.59	-1.77	-1.33	-7.97	5.54	0.48	-5.25	-8.26
11:29:04.844575	-0.07	-9.74	1.1300000000000001	-0.73	-9.58	-1.95	-1.28	-8.11	5.3500000000000005	0.5	-5.49	-8.1
11:29:04.854693	-0.08	-9.73	1.1400000000000001	-0.56	-9.55	-2.13	-1.23	-8.26	5.13	0.5	-5.49	-8.1
11:29:04.864805	-0.09	-9.73	1.1400000000000001	-0.42	-9.51	-2.32	-1.17	-8.41	4.89	0.54	-6.01	-7.72
11:29:04.874914	-0.1	-9.73	1.1500000000000001	-0.32	-9.46	-2.54	-1.11	-8.57	4.63	0.61	-6.29	-7.49
11:29:04.884982	-0.11	-9.73	1.16	-0.22	-9.4	-2.77	-1.03	-8.72	4.3500000000000005	0.7000000000000001	-6.58	-7.23
11:29:04.895082	-0.11	-9.73	1.17	-0.15	-9.35	-2.94	-0.96	-8.870000000000001	4.04	0.7000000000000001	-6.58	-7.23
11:29:04.905717	-0.12	-9.73	1.18	-0.09	-9.31	-3.06	-0.9	-9.02	3.72	0.88	-7.13	-6.66
11:29:04.915851	-0.14	-9.73	1.19	-0.03	-9.28	-3.16	-0.8300000000000001	-9.16	3.38	0.96	-7.390000000000001	-6.37
11:29:04.925959	-0.16	-9.73	1.2	0.02	-9.25	-3.25	-0.77	-9.290000000000001	3.02	1.03	-7.62	-6.07
11:29:04.936126	-0.16	-9.73	1.2	0.08	-9.22	-3.33	-0.72	-9.41	2.65	1.03	-7.62	-6.07
11:29:04.946392	-0.17	-9.73	1.21	0.12	-9.19	-3.41	-0.67	-9.51	2.27	1.1400000000000001	-8.05	-5.47
11:29:04.956672	-0.19	-9.72	1.2	0.16	-9.16	-3.48	-0.62	-9.6	1.8800000000000001	1.1400000000000001	-8.05	-5.47
11:29:04.966741	-0.21	-9.72	1.2	0.19	-9.13	-3.54	-0.58	-9.67	1.48	1.2	-8.42	-4.86
11:29:04.976816	-0.23	-9.72	1.2	0.23	-9.11	-3.61	-0.54	-9.73	1.09	1.22	-8.59	-4.55
11:29:04.986917	-0.24	-9.72	1.19	0.27	-9.09	-3.66	-0.49	-9.76	0.6900000000000001	1.22	-8.59	-4.55
11:29:04.997045	-0.26	-9.73	1.19	0.31	-9.07	-3.71	-0.44	-9.790000000000001	0.29	1.18	-8.91	-3.91
11:29:05.007480	-0.28	-9.73	1.18	0.35000000000000003	-9.05	-3.75	-0.4	-9.790000000000001	-0.1	1.18	-8.91	-3.91
11:29:05.017946	-0.3	-9.73	1.17	0.39	-9.040000000000001	-3.77	-0.35000000000000003	-9.78	-0.49	1.18	-8.91	-3.91
11:29:05.028019	-0.32	-9.73	1.16	0.42	-9.03	-3.79	-0.3	-9.76	-0.87	1.09	-9.3	-2.89
11:29:05.038165	-0.34	-9.73	1.16	0.46	-9.02	-3.8000000000000003	-0.26	-9.72	-1.24	1.06	-9.41	-2.54
11:29:05.048248	-0.36	-9.73	1.1500000000000001	0.51	-9.02	-3.8000000000000003	-0.22	-9.67	-1.59	1.05	-9.49	-2.2
11:29:05.058319	-0.38	-9.73	1.1400000000000001	0.55	-9.02	-3.79	-0.18	-9.61	-1.92	1.04	-9.56	-1.8800000000000001
11:29:05.068421	-0.39	-9.73	1.1300000000000001	0.59	-9.02	-3.7800000000000002	-0.15	-9.540000000000001	-2.23	1.04	-9.56	-1.8800000000000001
11:29:05.078504	-0.41000000000000003	-9.73	1.11	0.61	-9.0	-3.83	-0.12	-9.47	-2.5	1.04	-9.56	-1.8800000000000001
11:29:05.088626	-0.43	-9.73	1.1	0.61	-8.97	-3.89	-0.1	-9.41	-2.74	1.04	-9.56	-1.8800000000000001
11:29:05.098801	-0.44	-9.73	1.09	0.58	-8.94	-3.97	-0.09	-9.290000000000001	-3.12	0.92	-9.71	-0.93
11:29:05.109369	-0.46	-9.73	1.07	0.53	-8.91	-4.04	-0.09	-9.24	-3.25	0.92	-9.71	-0.93
11:29:05.119425	-0.47000000000000003	-9.73	1.06	0.48	-8.93	-4.01	-0.09	-9.21	-3.34	0.88	-9.74	-0.65
11:29:05.129496	-0.49	-9.73	1.05	0.44	-8.950000000000001	-3.96	-0.1	-9.19	-3.4	0.88	-9.75	-0.54
11:29:05.139572	-0.51	-9.73	1.03	0.42	-8.98	-3.9	-0.1	-9.19	-3.41	0.87	-9.75	-0.46
11:29:05.149652	-0.52	-9.73	1.02	0.42	-9.02	-3.81	-0.1	-9.19	-3.39	0.87	-9.75	-0.42
11:29:05.159763	-0.54	-9.73	1.01	0.44	-9.06	-3.72	-0.1	-9.19	-3.39	0.87	-9.75	-0.42
11:29:05.169902	-0.55	-9.73	1.0	0.49	-9.09	-3.64	-0.08	-9.24	-3.2600000000000002	0.87	-9.75	-0.42
11:29:05.180001	-0.5700000000000001	-9.73	0.99	0.54	-9.120000000000001	-3.56	-0.07	-9.28	-3.16	0.86	-9.75	-0.5
11:29:05.190443	-0.58	-9.73	0.98	0.59	-9.14	-3.49	-0.05	-9.32	-3.0300000000000002	0.86	-9.75	-0.58
11:29:05.201029	-0.59	-9.74	0.97	0.64	-9.15	-3.44	-0.04	-9.36	-2.89	0.86	-9.75	-0.58
11:29:05.211429	-0.6	-9.74	0.96	0.76	-9.18	-3.36	-0.02	-9.41	-2.74	0.86	-9.75	-0.58
11:29:05.221857	-0.61	-9.74	0.9500000000000001	0.76	-9.18	-3.36	-0.01	-9.450000000000001	-2.59	0.86	-9.75	-0.58
11:29:05.232242	-0.62	-9.74	0.9400000000000001	0.9	-9.18	-3.31	0.0	-9.49	-2.45	1.16	-9.65	-1.24
11:29:05.242826	-0.62	-9.74	0.93	0.9400000000000001	-9.19	-3.27	-0.03	-9.52	-2.33	1.29	-9.61	-1.41
11:29:05.252924	-0.63	-9.74	0.9400000000000001	0.97	-9.21	-3.21	-0.12	-9.55	-2.19	1.36	-9.57	-1.6300000000000001
11:29:05.263049	-0.64	-9.73	0.9400000000000001	1.0	-9.23	-3.12	-0.22	-9.58	-2.0300000000000002	1.3800000000000001	-9.48	-2.07
11:29:05.273135	-0.65	-9.73	0.96	1.05	-9.26	-3.0500000000000003	-0.3	-9.620000000000001	-1.87	1.3800000000000001	-9.48	-2.07
11:29:05.283204	-0.66	-9.73	0.96	1.1	-9.27	-2.99	-0.34	-9.64	-1.71	1.3800000000000001	-9.48	-2.07
11:29:05.293305	-0.65	-9.73	0.97	1.16	-9.27	-2.96	-0.36	-9.67	-1.55	1.3800000000000001	-9.48	-2.07
11:29:05.303405	-0.64	-9.73	0.98	1.25	-9.26	-2.95	-0.36	-9.700000000000001	-1.3800000000000001	1.3800000000000001	-9.48	-2.07
11:29:05.313538	-0.63	-9.73	0.99	1.4000000000000001	-9.24	-2.93	-0.36	-9.72	-1.22	0.92	-9.38	-2.7
11:29:05.323614	-0.62	-9.73	1.0	1.6	-9.22	-2.9	-0.37	-9.73	-1.08	0.71	-9.28	-3.06
11:29:05.333680	-0.6	-9.73	1.01	1.8	-9.200000000000001	-2.84	-0.38	-9.75	-0.9500000000000001	0.71	-9.290000000000001	-3.0500000000000003
11:29:05.343752	-0.58	-9.73	1.04	2.0100000000000002	-9.19	-2.7600000000000002	-0.38	-9.76	-0.8300000000000001	0.77	-9.3	-2.98
11:29:05.353835	-0.56	-9.73	1.06	2.22	-9.16	-2.68	-0.37	-9.77	-0.71	0.8300000000000001	-9.31	-2.95
11:29:05.363961	-0.52	-9.73	1.08	2.46	-9.13	-2.58	-0.34	-9.78	-0.6	0.8300000000000001	-9.31	-2.95
11:29:05.374032	-0.48	-9.73	1.1	2.71	-9.08	-2.49	-0.31	-9.78	-0.51	0.8300000000000001	-9.200000000000001	-3.27
11:29:05.384136	-0.45	-9.73	1.12	2.96	-9.03	-2.39	-0.29	-9.790000000000001	-0.42	0.84	-9.13	-3.46
11:29:05.394205	-0.41000000000000003	-9.73	1.1400000000000001	3.22	-8.97	-2.3000000000000003	-0.28	-9.790000000000001	-0.33	0.85	-9.09	-3.5700000000000003
11:29:05.404305	-0.38	-9.73	1.1500000000000001	3.45	-8.9	-2.2	-0.29	-9.790000000000001	-0.24	0.8200000000000001	-9.09	-3.58
11:29:05.414373	-0.36	-9.73	1.1500000000000001	3.64	-8.85	-2.11	-0.29	-9.8	-0.15	0.78	-9.08	-3.61
11:29:05.424477	-0.36	-9.73	1.1500000000000001	3.83	-8.790000000000001	-2.0300000000000002	-0.29	-9.8	-0.05	0.77	-9.06	-3.66
11:29:05.434572	-0.36	-9.73	1.1500000000000001	4.0	-8.73	-1.97	-0.28	-9.8	0.02	0.77	-9.05	-3.67
11:29:05.444688	-0.37	-9.73	1.1400000000000001	4.0	-8.73	-1.97	-0.28	-9.8	0.1	0.77	-9.05	-3.67
11:29:05.454813	-0.38	-9.73	1.1400000000000001	4.16	-8.67	-1.9000000000000001	-0.27	-9.8	0.18	0.76	-9.05	-3.68
11:29:05.464947	-0.39	-9.73	1.1300000000000001	4.42	-8.58	-1.71	-0.26	-9.790000000000001	0.25	0.73	-9.01	-3.77
11:29:05.475077	-0.4	-9.73	1.1400000000000001	4.49	-8.56	-1.61	-0.26	-9.790000000000001	0.33	0.72	-9.0	-3.8000000000000003
11:29:05.485707	-0.4	-9.73	1.1400000000000001	4.54	-8.55	-1.5	-0.26	-9.790000000000001	0.4	0.7000000000000001	-9.0	-3.8200000000000003
11:29:05.495780	-0.39	-9.73	1.1400000000000001	4.59	-8.55	-1.3800000000000001	-0.26	-9.790000000000001	0.47000000000000003	0.67	-8.97	-3.88
11:29:05.505857	-0.38	-9.73	1.1500000000000001	4.65	-8.53	-1.26	-0.26	-9.78	0.53	0.68	-8.93	-3.97
11:29:05.515961	-0.37	-9.73	1.1500000000000001	4.73	-8.51	-1.1300000000000001	-0.26	-9.78	0.59	0.7000000000000001	-8.91	-4.03
11:29:05.526028	-0.35000000000000003	-9.73	1.1500000000000001	4.82	-8.47	-0.99	-0.26	-9.78	0.66	0.71	-8.88	-4.08
11:29:05.536098	-0.34	-9.73	1.1500000000000001	4.92	-8.43	-0.88	-0.25	-9.77	0.73	0.7000000000000001	-8.86	-4.13
11:29:05.546237	-0.32	-9.73	1.1500000000000001	5.03	-8.370000000000001	-0.77	-0.25	-9.77	0.79	0.6900000000000001	-8.84	-4.17
11:29:05.556318	-0.32	-9.73	1.1500000000000001	5.15	-8.31	-0.67	-0.25	-9.76	0.85	0.7000000000000001	-8.82	-4.2
11:29:05.566389	-0.3	-9.73	1.1500000000000001	5.26	-8.25	-0.5700000000000001	-0.24	-9.76	0.91	0.72	-8.81	-4.23
11:29:05.576465	-0.28	-9.73	1.1500000000000001	5.32	-8.22	-0.46	-0.24	-9.75	0.97	0.73	-8.790000000000001	-4.2700000000000005
11:29:05.586558	-0.28	-9.73	1.1500000000000001	5.36	-8.2	-0.36	-0.24	-9.74	1.02	0.74	-8.77	-4.32
11:29:05.596672	-0.27	-9.73	1.1400000000000001	5.37	-8.19	-0.25	-0.24	-9.74	1.08	0.74	-8.74	-4.36
11:29:05.606752	-0.27	-9.73	1.1400000000000001	5.36	-8.2	-0.14	-0.24	-9.73	1.1300000000000001	0.75	-8.72	-4.4
11:29:05.617330	-0.26	-9.73	1.1500000000000001	5.3500000000000005	-8.21	-0.04	-0.23	-9.73	1.19	0.76	-8.700000000000001	-4.45
11:29:05.627456	-0.26	-9.73	1.16	5.34	-8.22	0.04	-0.23	-9.72	1.25	0.77	-8.68	-4.48
11:29:05.637574	-0.27	-9.73	1.17	5.34	-8.21	0.13	-0.23	-9.71	1.3	0.78	-8.67	-4.51
11:29:05.648012	-0.27	-9.73	1.18	5.37	-8.19	0.22	-0.23	-9.700000000000001	1.36	0.78	-8.65	-4.54
11:29:05.658444	-0.27	-9.72	1.2	5.42	-8.16	0.3	-0.24	-9.69	1.42	0.77	-8.63	-4.58
11:29:05.668510	-0.27	-9.72	1.21	5.48	-8.120000000000001	0.37	-0.24	-9.69	1.48	0.76	-8.620000000000001	-4.61
11:29:05.678580	-0.27	-9.72	1.21	5.53	-8.07	0.45	-0.25	-9.68	1.54	0.76	-8.6	-4.64
11:29:05.688655	-0.29	-9.72	1.18	5.59	-8.03	0.55	-0.27	-9.66	1.6600000000000001	0.77	-8.58	-4.68
11:29:05.698722	-0.3	-9.73	1.16	5.64	-7.99	0.65	-0.28	-9.65	1.72	0.78	-8.55	-4.72
11:29:05.708822	-0.34	-9.73	1.1500000000000001	5.68	-7.95	0.74	-0.28	-9.65	1.72	0.79	-8.53	-4.75
11:29:05.719189	-0.36	-9.72	1.17	5.72	-7.91	0.84	-0.29	-9.63	1.78	0.81	-8.51	-4.79
11:29:05.729510	-0.39	-9.72	1.18	5.74	-7.890000000000001	0.93	-0.33	-9.61	1.9100000000000001	0.81	-8.49	-4.83
11:29:05.739600	-0.41000000000000003	-9.72	1.2	5.73	-7.890000000000001	1.01	-0.34	-9.59	1.98	0.8	-8.46	-4.89
11:29:05.749800	-0.41000000000000003	-9.72	1.2	5.68	-7.91	1.09	-0.36	-9.58	2.06	0.77	-8.42	-4.95
11:29:05.760469	-0.47000000000000003	-9.71	1.22	5.61	-7.95	1.16	-0.38	-9.56	2.14	0.75	-8.39	-5.01
11:29:05.770585	-0.49	-9.71	1.23	5.53	-8.0	1.2	-0.4	-9.540000000000001	2.23	0.73	-8.34	-5.09
11:29:05.780651	-0.51	-9.71	1.24	5.3	-8.15	1.23	-0.42	-9.51	2.32	0.72	-8.290000000000001	-5.17
11:29:05.790744	-0.52	-9.71	1.25	5.09	-8.290000000000001	1.22	-0.44	-9.48	2.43	0.7000000000000001	-8.25	-5.24
11:29:05.800900	-0.53	-9.71	1.25	4.76	-8.48	1.19	-0.46	-9.450000000000001	2.54	0.68	-8.19	-5.34
11:29:05.811465	-0.52	-9.71	1.26	4.3500000000000005	-8.71	1.16	-0.48	-9.42	2.66	0.66	-8.13	-5.43
11:29:05.821579	-0.52	-9.71	1.26	3.87	-8.93	1.16	-0.5	-9.38	2.79	0.59	-8.0	-5.63
11:29:05.831767	-0.51	-9.71	1.26	3.31	-9.15	1.17	-0.52	-9.34	2.92	0.59	-8.0	-5.63
11:29:05.842387	-0.51	-9.71	1.27	2.75	-9.33	1.22	-0.54	-9.290000000000001	3.0700000000000003	0.51	-7.84	-5.86
11:29:05.852501	-0.51	-9.71	1.27	2.27	-9.450000000000001	1.23	-0.5700000000000001	-9.24	3.22	0.46	-7.75	-5.97
11:29:05.862587	-0.5	-9.71	1.27	1.83	-9.56	1.19	-0.6	-9.18	3.37	0.42	-7.66	-6.09
11:29:05.872740	-0.51	-9.700000000000001	1.27	1.43	-9.63	1.1	-0.64	-9.120000000000001	3.52	0.38	-7.55	-6.23
11:29:05.883349	-0.51	-9.700000000000001	1.27	1.1	-9.68	1.03	-0.68	-9.05	3.69	0.31	-7.44	-6.37
11:29:05.893436	-0.52	-9.71	1.26	0.92	-9.71	0.9500000000000001	-0.72	-8.98	3.85	0.22	-7.32	-6.51
11:29:05.903535	-0.54	-9.71	1.24	0.8300000000000001	-9.73	0.88	-0.75	-8.91	4.0200000000000005	0.15	-7.19	-6.66
11:29:05.913620	-0.56	-9.71	1.22	0.77	-9.74	0.81	-0.79	-8.82	4.2	0.08	-7.04	-6.82
11:29:05.923690	-0.58	-9.71	1.2	0.7000000000000001	-9.75	0.73	-0.84	-8.73	4.38	-0.01	-6.87	-6.99
11:29:05.933758	-0.58	-9.71	1.19	0.67	-9.76	0.64	-0.9	-8.63	4.55	-0.11	-6.69	-7.16
11:29:05.943832	-0.58	-9.71	1.18	0.68	-9.76	0.54	-0.99	-8.53	4.72	-0.21	-6.5200000000000005	-7.3100000000000005
11:29:05.953911	-0.56	-9.71	1.18	0.7000000000000001	-9.77	0.42	-1.1	-8.42	4.89	-0.3	-6.33	-7.47
11:29:05.964038	-0.54	-9.71	1.18	0.73	-9.77	0.27	-1.23	-8.3	5.0600000000000005	-0.38	-6.12	-7.640000000000001
11:29:05.974175	-0.52	-9.71	1.19	0.76	-9.77	0.11	-1.3800000000000001	-8.18	5.22	-0.45	-5.88	-7.83
11:29:05.984243	-0.49	-9.72	1.19	0.79	-9.77	-0.06	-1.5	-8.06	5.37	-0.5	-5.6000000000000005	-8.03
11:29:05.994374	-0.47000000000000003	-9.72	1.2	0.84	-9.76	-0.26	-1.59	-7.96	5.48	-0.52	-5.3	-8.23
11:29:06.004464	-0.45	-9.72	1.2	0.91	-9.75	-0.49	-1.6500000000000001	-7.88	5.59	-0.6	-4.91	-8.46
11:29:06.014562	-0.44	-9.72	1.2	0.99	-9.72	-0.73	-1.67	-7.79	5.7	-0.73	-4.44	-8.700000000000001
11:29:06.024692	-0.43	-9.72	1.2	1.07	-9.69	-0.97	-1.69	-7.71	5.8100000000000005	-0.99	-4.05	-8.870000000000001
11:29:06.034809	-0.42	-9.72	1.19	1.16	-9.66	-1.18	-1.7	-7.62	5.92	-1.3800000000000001	-3.81	-8.92
11:29:06.044922	-0.42	-9.72	1.19	1.23	-9.63	-1.36	-1.71	-7.55	6.0	-1.45	-3.7800000000000002	-8.93
11:29:06.055051	-0.42	-9.72	1.18	1.29	-9.59	-1.52	-1.72	-7.5	6.07	-1.05	-3.86	-8.950000000000001
11:29:06.065488	-0.42	-9.72	1.17	1.34	-9.57	-1.6500000000000001	-1.7	-7.47	6.11	-0.67	-3.98	-8.93
11:29:06.075760	-0.43	-9.72	1.17	1.35	-9.55	-1.76	-1.67	-7.47	6.12	-0.44	-4.05	-8.91
11:29:06.085849	-0.45	-9.72	1.17	1.3	-9.540000000000001	-1.85	-1.62	-7.49	6.11	-0.3	-4.11	-8.89
11:29:06.095949	-0.47000000000000003	-9.72	1.17	1.21	-9.540000000000001	-1.9100000000000001	-1.56	-7.53	6.08	-0.09	-4.21	-8.85
11:29:06.106054	-0.49	-9.72	1.17	1.11	-9.53	-1.98	-1.49	-7.59	6.0200000000000005	0.16	-4.42	-8.75
11:29:06.116152	-0.5	-9.72	1.17	1.03	-9.53	-2.02	-1.41	-7.68	5.92	0.32	-4.67	-8.61
11:29:06.126223	-0.51	-9.72	1.18	0.9	-9.53	-2.08	-1.34	-7.78	5.8	0.37	-4.86	-8.5
11:29:06.136290	-0.51	-9.72	1.19	0.8200000000000001	-9.52	-2.16	-1.3	-7.9	5.65	0.4	-4.99	-8.42
11:29:06.146699	-0.51	-9.71	1.2	0.78	-9.5	-2.2600000000000002	-1.28	-8.02	5.48	0.41000000000000003	-5.18	-8.31
11:29:06.156788	-0.52	-9.71	1.21	0.74	-9.48	-2.36	-1.26	-8.16	5.2700000000000005	0.42	-5.44	-8.14
11:29:06.167225	-0.52	-9.71	1.22	0.75	-9.450000000000001	-2.49	-1.23	-8.31	5.05	0.44	-5.72	-7.94
11:29:06.177339	-0.52	-9.71	1.23	0.77	-9.41	-2.63	-1.19	-8.46	4.79	0.48	-6.0	-7.73
11:29:06.187956	-0.52	-9.71	1.24	0.81	-9.38	-2.74	-1.1400000000000001	-8.620000000000001	4.51	0.56	-6.29	-7.49
11:29:06.198102	-0.52	-9.71	1.24	0.84	-9.33	-2.87	-1.08	-8.78	4.22	0.67	-6.58	-7.23
11:29:06.208296	-0.53	-9.71	1.25	0.85	-9.28	-3.0300000000000002	-1.02	-8.93	3.9	0.76	-6.8500000000000005	-6.96
11:29:06.218372	-0.53	-9.71	1.26	0.86	-9.24	-3.16	-0.91	-9.21	3.22	0.86	-7.11	-6.69
11:29:06.228440	-0.53	-9.700000000000001	1.26	0.88	-9.200000000000001	-3.2600000000000002	-0.91	-9.21	3.22	0.9400000000000001	-7.3500000000000005	-6.42
11:29:06.238516	-0.53	-9.700000000000001	1.27	0.9	-9.17	-3.34	-0.85	-9.33	2.86	1.01	-7.58	-6.13
11:29:06.248589	-0.53	-9.700000000000001	1.27	0.91	-9.15	-3.39	-0.8	-9.44	2.49	1.07	-7.8	-5.83
11:29:06.258749	-0.53	-9.700000000000001	1.27	0.93	-9.14	-3.42	-0.76	-9.540000000000001	2.11	1.11	-8.02	-5.51
11:29:06.268828	-0.54	-9.700000000000001	1.27	0.96	-9.120000000000001	-3.45	-0.71	-9.620000000000001	1.73	1.1300000000000001	-8.23	-5.2
11:29:06.278938	-0.54	-9.700000000000001	1.27	0.99	-9.11	-3.46	-0.61	-9.73	0.97	1.1400000000000001	-8.42	-4.88
11:29:06.289072	-0.55	-9.700000000000001	1.26	1.03	-9.1	-3.48	-0.56	-9.77	0.58	1.1300000000000001	-8.6	-4.5600000000000005
11:29:06.299202	-0.56	-9.700000000000001	1.26	1.07	-9.1	-3.48	-0.51	-9.790000000000001	0.21	1.11	-8.76	-4.26
11:29:06.309271	-0.58	-9.700000000000001	1.25	1.1	-9.1	-3.48	-0.46	-9.790000000000001	-0.15	1.09	-8.9	-3.95
11:29:06.319478	-0.59	-9.700000000000001	1.24	1.1300000000000001	-9.1	-3.47	-0.41000000000000003	-9.78	-0.5	1.07	-9.040000000000001	-3.63
11:29:06.329655	-0.61	-9.700000000000001	1.22	1.16	-9.1	-3.45	-0.37	-9.76	-0.84	1.06	-9.16	-3.31
11:29:06.340316	-0.64	-9.700000000000001	1.21	1.18	-9.1	-3.43	-0.33	-9.72	-1.17	1.04	-9.27	-2.99
11:29:06.350449	-0.66	-9.700000000000001	1.2	1.2	-9.11	-3.41	-0.3	-9.68	-1.49	1.04	-9.370000000000001	-2.67
11:29:06.360542	-0.68	-9.700000000000001	1.19	1.21	-9.11	-3.39	-0.26	-9.63	-1.8	1.06	-9.450000000000001	-2.35
11:29:06.370627	-0.7000000000000001	-9.700000000000001	1.18	1.23	-9.120000000000001	-3.37	-0.23	-9.57	-2.08	1.07	-9.52	-2.06
11:29:06.380786	-0.71	-9.700000000000001	1.17	1.26	-9.13	-3.33	-0.2	-9.51	-2.34	1.07	-9.58	-1.78
11:29:06.390945	-0.73	-9.700000000000001	1.16	1.26	-9.13	-3.3200000000000003	-0.18	-9.450000000000001	-2.58	1.07	-9.620000000000001	-1.54
11:29:06.401471	-0.75	-9.700000000000001	1.1500000000000001	1.27	-9.14	-3.31	-0.17	-9.39	-2.79	1.05	-9.66	-1.31
11:29:06.411541	-0.77	-9.700000000000001	1.1400000000000001	1.27	-9.14	-3.3000000000000003	-0.17	-9.34	-2.97	1.04	-9.68	-1.1
11:29:06.421697	-0.78	-9.700000000000001	1.1300000000000001	1.26	-9.15	-3.2800000000000002	-0.19	-9.290000000000001	-3.13	1.03	-9.700000000000001	-0.9
11:29:06.432251	-0.79	-9.700000000000001	1.12	1.26	-9.15	-3.27	-0.2	-9.25	-3.24	1.04	-9.73	-0.58
11:29:06.442323	-0.8	-9.700000000000001	1.12	1.25	-9.15	-3.27	-0.22	-9.21	-3.33	1.05	-9.73	-0.47000000000000003
11:29:06.452423	-0.81	-9.700000000000001	1.11	1.25	-9.15	-3.27	-0.23	-9.19	-3.39	1.05	-9.74	-0.4
11:29:06.462536	-0.8200000000000001	-9.700000000000001	1.1	1.25	-9.15	-3.27	-0.25	-9.18	-3.41	1.06	-9.74	-0.36
11:29:06.472659	-0.8200000000000001	-9.71	1.09	1.25	-9.15	-3.2800000000000002	-0.26	-9.19	-3.41	1.06	-9.74	-0.34
11:29:06.482731	-0.8200000000000001	-9.71	1.08	1.26	-9.15	-3.29	-0.27	-9.200000000000001	-3.37	1.06	-9.74	-0.34
11:29:06.492804	-0.8200000000000001	-9.71	1.06	1.28	-9.14	-3.3000000000000003	-0.28	-9.22	-3.31	1.07	-9.73	-0.39
11:29:06.502877	-0.8200000000000001	-9.71	1.05	1.29	-9.13	-3.33	-0.29	-9.25	-3.22	1.09	-9.73	-0.48
11:29:06.513549	-0.81	-9.71	1.04	1.29	-9.120000000000001	-3.35	-0.29	-9.290000000000001	-3.11	1.11	-9.72	-0.6
11:29:06.523659	-0.8	-9.71	1.03	1.29	-9.11	-3.37	-0.29	-9.33	-2.98	1.1300000000000001	-9.71	-0.75
11:29:06.533724	-0.79	-9.72	1.02	1.28	-9.11	-3.39	-0.29	-9.38	-2.82	1.16	-9.69	-0.93
11:29:06.543957	-0.77	-9.72	1.01	1.26	-9.1	-3.4	-0.26	-9.43	-2.66	1.21	-9.66	-1.1300000000000001
11:29:06.554029	-0.77	-9.72	1.01	1.24	-9.11	-3.41	-0.23	-9.47	-2.52	1.25	-9.64	-1.26
11:29:06.564103	-0.76	-9.72	1.0	1.21	-9.11	-3.4	-0.23	-9.5	-2.4	1.35	-9.620000000000001	-1.32
11:29:06.574180	-0.74	-9.72	1.0	1.2	-9.11	-3.41	-0.26	-9.53	-2.27	1.48	-9.58	-1.47
11:29:06.584250	-0.73	-9.72	1.01	1.19	-9.1	-3.45	-0.3	-9.56	-2.13	1.49	-9.540000000000001	-1.69
11:29:06.594355	-0.72	-9.72	1.02	1.2	-9.08	-3.49	-0.33	-9.59	-2.0	1.3800000000000001	-9.51	-1.93
11:29:06.604429	-0.72	-9.72	1.03	1.21	-9.07	-3.5	-0.34	-9.61	-1.87	1.24	-9.47	-2.2
11:29:06.614500	-0.71	-9.72	1.04	1.22	-9.08	-3.48	-0.35000000000000003	-9.64	-1.75	1.06	-9.41	-2.5100000000000002
11:29:06.624672	-0.7000000000000001	-9.72	1.04	1.21	-9.09	-3.46	-0.34	-9.66	-1.62	0.89	-9.36	-2.75
11:29:06.634756	-0.6900000000000001	-9.72	1.04	1.18	-9.1	-3.43	-0.33	-9.68	-1.5	0.79	-9.33	-2.89
11:29:06.644869	-0.68	-9.72	1.04	1.1500000000000001	-9.120000000000001	-3.39	-0.32	-9.700000000000001	-1.37	0.73	-9.31	-2.96
11:29:06.655164	-0.67	-9.72	1.05	1.11	-9.14	-3.34	-0.32	-9.72	-1.25	0.73	-9.31	-2.98
11:29:06.665700	-0.66	-9.72	1.05	1.09	-9.17	-3.2800000000000002	-0.31	-9.73	-1.1400000000000001	0.76	-9.32	-2.92
11:29:06.676271	-0.64	-9.72	1.06	1.08	-9.200000000000001	-3.2	-0.3	-9.74	-1.04	0.78	-9.34	-2.88
11:29:06.686371	-0.61	-9.72	1.07	1.08	-9.23	-3.11	-0.27	-9.75	-0.9400000000000001	0.78	-9.32	-2.92
11:29:06.696445	-0.5700000000000001	-9.72	1.08	1.06	-9.27	-3.0100000000000002	-0.24	-9.76	-0.85	0.77	-9.290000000000001	-3.0300000000000002
11:29:06.706513	-0.52	-9.73	1.09	1.03	-9.3	-2.92	-0.22	-9.77	-0.77	0.74	-9.24	-3.17
11:29:06.716587	-0.47000000000000003	-9.73	1.11	0.98	-9.33	-2.84	-0.21	-9.78	-0.68	0.68	-9.200000000000001	-3.31
11:29:06.726670	-0.44	-9.73	1.12	0.92	-9.35	-2.7800000000000002	-0.2	-9.78	-0.59	0.64	-9.18	-3.38
11:29:06.736739	-0.41000000000000003	-9.73	1.12	0.86	-9.370000000000001	-2.74	-0.19	-9.790000000000001	-0.51	0.61	-9.17	-3.41
11:29:06.746814	-0.39	-9.73	1.1300000000000001	0.81	-9.39	-2.69	-0.19	-9.790000000000001	-0.43	0.6	-9.16	-3.42
11:29:06.756887	-0.38	-9.73	1.1400000000000001	0.77	-9.41	-2.64	-0.18	-9.790000000000001	-0.34	0.6	-9.15	-3.45
11:29:06.767005	-0.39	-9.73	1.1400000000000001	0.74	-9.43	-2.57	-0.18	-9.8	-0.26	0.61	-9.14	-3.49
11:29:06.777137	-0.4	-9.73	1.1300000000000001	0.73	-9.450000000000001	-2.48	-0.17	-9.8	-0.18	0.61	-9.120000000000001	-3.5300000000000002
11:29:06.787390	-0.42	-9.73	1.1300000000000001	0.71	-9.48	-2.4	-0.17	-9.8	-0.11	0.62	-9.11	-3.5700000000000003
11:29:06.797661	-0.44	-9.73	1.12	0.7000000000000001	-9.5	-2.3000000000000003	-0.16	-9.8	-0.05	0.63	-9.1	-3.59
11:29:06.807861	-0.45	-9.73	1.11	0.68	-9.52	-2.21	-0.15	-9.8	0.0	0.63	-9.09	-3.61
11:29:06.817934	-0.47000000000000003	-9.73	1.11	0.65	-9.55	-2.12	-0.15	-9.8	0.06	0.61	-9.08	-3.64
11:29:06.828032	-0.47000000000000003	-9.73	1.1	0.63	-9.57	-2.0300000000000002	-0.15	-9.8	0.11	0.5700000000000001	-9.05	-3.72
11:29:06.838634	-0.48	-9.73	1.09	0.61	-9.59	-1.94	-0.15	-9.8	0.17	0.5700000000000001	-9.05	-3.72
11:29:06.848794	-0.48	-9.73	1.09	0.59	-9.61	-1.85	-0.14	-9.8	0.23	0.55	-8.99	-3.87
11:29:06.858860	-0.48	-9.73	1.09	0.56	-9.63	-1.76	-0.14	-9.8	0.28	0.54	-8.98	-3.89
11:29:06.868928	-0.48	-9.73	1.09	0.53	-9.64	-1.6600000000000001	-0.12	-9.790000000000001	0.39	0.54	-8.96	-3.92
11:29:06.879031	-0.47000000000000003	-9.73	1.08	0.48	-9.66	-1.57	-0.12	-9.790000000000001	0.44	0.54	-8.950000000000001	-3.96
11:29:06.889781	-0.46	-9.73	1.08	0.43	-9.68	-1.48	-0.11	-9.790000000000001	0.49	0.54	-8.94	-3.99
11:29:06.899856	-0.45	-9.73	1.07	0.38	-9.69	-1.4000000000000001	-0.11	-9.790000000000001	0.55	0.53	-8.92	-4.0200000000000005
11:29:06.909927	-0.44	-9.73	1.07	0.34	-9.71	-1.32	-0.1	-9.78	0.61	0.53	-8.9	-4.0600000000000005
11:29:06.920018	-0.43	-9.73	1.06	0.29	-9.72	-1.24	-0.1	-9.78	0.66	0.53	-8.870000000000001	-4.12
11:29:06.930142	-0.42	-9.73	1.06	0.25	-9.73	-1.16	-0.1	-9.77	0.71	0.53	-8.86	-4.16
11:29:06.940205	-0.41000000000000003	-9.74	1.05	0.21	-9.74	-1.07	-0.1	-9.77	0.77	0.53	-8.84	-4.21
11:29:06.950273	-0.41000000000000003	-9.74	1.05	0.17	-9.75	-0.99	-0.1	-9.77	0.8300000000000001	0.54	-8.81	-4.25
11:29:06.960830	-0.4	-9.74	1.06	0.1	-9.77	-0.8200000000000001	-0.09	-9.76	0.89	0.54	-8.790000000000001	-4.29
11:29:06.971039	-0.4	-9.73	1.06	0.1	-9.77	-0.8200000000000001	-0.09	-9.75	0.9500000000000001	0.55	-8.76	-4.3500000000000005
11:29:06.981121	-0.39	-9.73	1.07	0.02	-9.78	-0.65	-0.09	-9.75	1.01	0.55	-8.76	-4.3500000000000005
11:29:06.991328	-0.39	-9.73	1.08	-0.01	-9.78	-0.5700000000000001	-0.09	-9.74	1.07	0.56	-8.74	-4.4
11:29:07.001416	-0.39	-9.73	1.1	-0.06	-9.790000000000001	-0.49	-0.09	-9.74	1.12	0.56	-8.72	-4.44
11:29:07.011522	-0.39	-9.73	1.11	-0.12	-9.790000000000001	-0.42	-0.09	-9.73	1.18	0.56	-8.69	-4.5
11:29:07.022287	-0.4	-9.73	1.1300000000000001	-0.18	-9.790000000000001	-0.34	-0.09	-9.72	1.24	0.56	-8.67	-4.54
11:29:07.032428	-0.41000000000000003	-9.72	1.1500000000000001	-0.24	-9.790000000000001	-0.26	-0.1	-9.71	1.31	0.56	-8.65	-4.58
11:29:07.042492	-0.42	-9.73	1.1300000000000001	-0.31	-9.790000000000001	-0.19	-0.1	-9.700000000000001	1.37	0.5700000000000001	-8.63	-4.6000000000000005
11:29:07.052829	-0.43	-9.72	1.1500000000000001	-0.38	-9.790000000000001	-0.12	-0.11	-9.69	1.43	0.5700000000000001	-8.620000000000001	-4.64
11:29:07.062903	-0.44	-9.72	1.17	-0.44	-9.790000000000001	-0.06	-0.12	-9.68	1.51	0.58	-8.59	-4.68
11:29:07.072974	-0.45	-9.72	1.19	-0.51	-9.790000000000001	0.0	-0.13	-9.67	1.58	0.58	-8.57	-4.72
11:29:07.083056	-0.46	-9.72	1.2	-0.58	-9.78	0.04	-0.14	-9.66	1.6500000000000001	0.58	-8.57	-4.72
11:29:07.093276	-0.47000000000000003	-9.71	1.22	-0.65	-9.78	0.1	-0.15	-9.64	1.74	0.59	-8.52	-4.8100000000000005
11:29:07.103346	-0.47000000000000003	-9.71	1.23	-0.71	-9.77	0.14	-0.16	-9.63	1.83	0.55	-8.48	-4.87
11:29:07.113419	-0.48	-9.71	1.24	-0.76	-9.77	0.18	-0.18	-9.61	1.92	0.49	-8.45	-4.94
11:29:07.123494	-0.49	-9.71	1.25	-0.8200000000000001	-9.76	0.22	-0.19	-9.59	2.0100000000000002	0.47000000000000003	-8.41	-5.01
11:29:07.134256	-0.5	-9.71	1.27	-0.87	-9.76	0.26	-0.21	-9.57	2.11	0.47000000000000003	-8.41	-5.01
11:29:07.144457	-0.51	-9.700000000000001	1.29	-0.92	-9.75	0.29	-0.23	-9.540000000000001	2.22	0.44	-8.31	-5.18
11:29:07.154533	-0.51	-9.700000000000001	1.3	-0.92	-9.75	0.29	-0.26	-9.52	2.33	0.44	-8.25	-5.2700000000000005
11:29:07.164605	-0.51	-9.700000000000001	1.31	-0.97	-9.75	0.32	-0.28	-9.49	2.45	0.42	-8.19	-5.36
11:29:07.175238	-0.51	-9.700000000000001	1.31	-1.02	-9.74	0.33	-0.31	-9.450000000000001	2.58	0.39	-8.120000000000001	-5.47
11:29:07.185342	-0.51	-9.700000000000001	1.32	-1.06	-9.74	0.33	-0.34	-9.41	2.71	0.37	-8.040000000000001	-5.58
11:29:07.195434	-0.51	-9.700000000000001	1.33	-1.11	-9.73	0.32	-0.37	-9.370000000000001	2.86	0.37	-8.040000000000001	-5.58
11:29:07.205609	-0.51	-9.700000000000001	1.33	-1.1500000000000001	-9.73	0.31	-0.4	-9.32	3.0100000000000002	0.29	-7.890000000000001	-5.8100000000000005
11:29:07.215700	-0.52	-9.700000000000001	1.33	-1.19	-9.72	0.29	-0.44	-9.26	3.17	0.25	-7.79	-5.94
11:29:07.226259	-0.52	-9.700000000000001	1.32	-1.22	-9.72	0.25	-0.48	-9.200000000000001	3.33	0.21	-7.68	-6.08
11:29:07.236452	-0.54	-9.700000000000001	1.3	-1.25	-9.72	0.22	-0.51	-9.14	3.5100000000000002	0.13	-7.58	-6.21
11:29:07.246522	-0.55	-9.700000000000001	1.28	-1.26	-9.72	0.17	-0.53	-9.06	3.69	0.04	-7.46	-6.36
11:29:07.256751	-0.56	-9.700000000000001	1.25	-1.25	-9.72	0.12	-0.55	-8.98	3.89	0.04	-7.46	-6.36
11:29:07.266823	-0.56	-9.71	1.23	-1.25	-9.72	0.12	-0.58	-8.89	4.09	-0.09	-7.16	-6.69
11:29:07.276904	-0.55	-9.71	1.22	-1.2	-9.73	-0.03	-0.62	-8.790000000000001	4.3	-0.19	-6.99	-6.87
11:29:07.287404	-0.53	-9.71	1.21	-1.17	-9.73	-0.14	-0.68	-8.67	4.51	-0.31	-6.8100000000000005	-7.04
11:29:07.297913	-0.5	-9.71	1.21	-1.1400000000000001	-9.73	-0.27	-0.76	-8.55	4.73	-0.42	-6.62	-7.21
11:29:07.308025	-0.47000000000000003	-9.72	1.2	-1.12	-9.73	-0.42	-0.88	-8.42	4.94	-0.53	-6.42	-7.38
11:29:07.318145	-0.44	-9.72	1.2	-1.1	-9.72	-0.61	-1.04	-8.27	5.15	-0.64	-6.21	-7.55
11:29:07.328838	-0.42	-9.72	1.2	-1.1	-9.700000000000001	-0.8300000000000001	-1.22	-8.120000000000001	5.34	-0.76	-5.97	-7.73
11:29:07.338956	-0.41000000000000003	-9.72	1.19	-1.07	-9.68	-1.09	-1.4000000000000001	-7.99	5.5	-0.8300000000000001	-5.65	-7.96
11:29:07.349112	-0.39	-9.72	1.18	-1.03	-9.65	-1.36	-1.54	-7.890000000000001	5.6000000000000005	-0.8300000000000001	-5.65	-7.96
11:29:07.359300	-0.38	-9.72	1.17	-0.97	-9.61	-1.6300000000000001	-1.62	-7.82	5.68	-0.8	-4.84	-8.48
11:29:07.369434	-0.37	-9.73	1.1500000000000001	-0.97	-9.61	-1.6300000000000001	-1.62	-7.66	5.89	-0.96	-4.32	-8.74
11:29:07.380104	-0.36	-9.73	1.1300000000000001	-0.81	-9.55	-2.07	-1.61	-7.59	5.99	-1.24	-3.84	-8.93
11:29:07.390247	-0.35000000000000003	-9.73	1.11	-0.73	-9.52	-2.23	-1.61	-7.53	6.0600000000000005	-1.72	-3.5100000000000002	-8.99
11:29:07.400320	-0.34	-9.73	1.1	-0.66	-9.49	-2.36	-1.61	-7.5	6.1000000000000005	-1.82	-3.54	-8.96
11:29:07.410416	-0.34	-9.73	1.09	-0.49	-9.44	-2.6	-1.59	-7.5	6.1000000000000005	-1.31	-3.75	-8.96
11:29:07.420491	-0.35000000000000003	-9.73	1.08	-0.4	-9.41	-2.7	-1.57	-7.53	6.07	-0.8200000000000001	-3.93	-8.94
11:29:07.430589	-0.36	-9.73	1.08	-0.32	-9.39	-2.8000000000000003	-1.55	-7.58	6.01	-0.62	-4.01	-8.92
11:29:07.440706	-0.36	-9.73	1.09	-0.24	-9.36	-2.9	-1.51	-7.65	5.93	-0.56	-4.05	-8.91
11:29:07.450996	-0.37	-9.73	1.09	-0.24	-9.36	-2.9	-1.44	-7.74	5.83	-0.34	-4.13	-8.88
11:29:07.461088	-0.37	-9.73	1.1	-0.18	-9.33	-3.0	-1.44	-7.74	5.83	-0.34	-4.13	-8.88
11:29:07.471230	-0.38	-9.73	1.1	-0.18	-9.33	-3.0	-1.29	-7.98	5.54	0.12	-4.63	-8.64
11:29:07.481376	-0.38	-9.73	1.11	0.0	-9.21	-3.34	-1.24	-8.120000000000001	5.34	0.2	-4.93	-8.47
11:29:07.491511	-0.37	-9.73	1.11	0.04	-9.17	-3.45	-1.19	-8.27	5.11	0.25	-5.16	-8.33
11:29:07.501626	-0.37	-9.73	1.12	0.09	-9.14	-3.5500000000000003	-1.1300000000000001	-8.43	4.86	0.29	-5.39	-8.18
11:29:07.512265	-0.37	-9.73	1.12	0.13	-9.1	-3.64	-1.05	-8.6	4.58	0.27	-5.68	-7.98
11:29:07.522432	-0.37	-9.73	1.1300000000000001	0.17	-9.06	-3.72	-0.96	-8.76	4.28	0.26	-6.33	-7.48
11:29:07.532526	-0.37	-9.73	1.1400000000000001	0.2	-9.040000000000001	-3.79	-0.88	-8.93	3.94	0.26	-6.33	-7.48
11:29:07.543156	-0.37	-9.73	1.1400000000000001	0.22	-9.01	-3.84	-0.79	-9.09	3.58	0.38	-6.97	-6.88
11:29:07.553224	-0.37	-9.73	1.1500000000000001	0.25	-8.99	-3.88	-0.72	-9.24	3.19	0.46	-7.28	-6.54
11:29:07.563364	-0.37	-9.73	1.1500000000000001	0.25	-8.99	-3.88	-0.66	-9.370000000000001	2.7800000000000002	0.53	-7.5600000000000005	-6.21
11:29:07.573439	-0.37	-9.73	1.1500000000000001	0.29	-8.97	-3.93	-0.62	-9.49	2.36	0.6	-7.82	-5.88
11:29:07.583528	-0.37	-9.73	1.1500000000000001	0.32	-8.97	-3.94	-0.59	-9.59	1.92	0.6	-7.82	-5.88
11:29:07.593589	-0.37	-9.73	1.1500000000000001	0.34	-8.97	-3.94	-0.56	-9.67	1.47	0.6	-7.82	-5.88
11:29:07.604045	-0.37	-9.73	1.1500000000000001	0.38	-8.97	-3.93	-0.52	-9.73	1.03	0.75	-8.45	-4.9
11:29:07.614146	-0.37	-9.73	1.1400000000000001	0.41000000000000003	-8.98	-3.91	-0.47000000000000003	-9.77	0.59	0.75	-8.45	-4.9
11:29:07.624246	-0.37	-9.73	1.1300000000000001	0.45	-8.99	-3.88	-0.41000000000000003	-9.790000000000001	0.15	0.75	-8.45	-4.9
11:29:07.634457	-0.38	-9.73	1.12	0.48	-9.0	-3.84	-0.36	-9.790000000000001	-0.26	0.75	-8.45	-4.9
11:29:07.644526	-0.39	-9.73	1.1	0.51	-9.02	-3.8000000000000003	-0.3	-9.77	-0.68	0.75	-8.45	-4.9
11:29:07.655185	-0.41000000000000003	-9.73	1.08	0.55	-9.03	-3.7600000000000002	-0.25	-9.74	-1.08	0.84	-9.290000000000001	-3.0100000000000002
11:29:07.665570	-0.45	-9.73	1.04	0.55	-9.03	-3.7600000000000002	-0.21	-9.69	-1.47	0.8300000000000001	-9.4	-2.64
11:29:07.675699	-0.48	-9.74	1.02	0.61	-9.07	-3.66	-0.18	-9.63	-1.83	0.81	-9.5	-2.27
11:29:07.685933	-0.5	-9.74	1.0	0.64	-9.09	-3.61	-0.16	-9.56	-2.17	0.81	-9.5	-2.27
11:29:07.696327	-0.53	-9.74	0.98	0.67	-9.11	-3.5500000000000003	-0.14	-9.48	-2.48	0.81	-9.64	-1.59
11:29:07.706412	-0.56	-9.74	0.96	0.7000000000000001	-9.13	-3.5	-0.13	-9.4	-2.77	0.8300000000000001	-9.68	-1.31
11:29:07.716533	-0.59	-9.74	0.9500000000000001	0.72	-9.14	-3.45	-0.12	-9.32	-3.02	0.8300000000000001	-9.71	-1.04
11:29:07.726603	-0.62	-9.74	0.93	0.73	-9.16	-3.42	-0.12	-9.25	-3.23	0.8300000000000001	-9.73	-0.81
11:29:07.736730	-0.64	-9.74	0.92	0.74	-9.16	-3.39	-0.13	-9.19	-3.41	0.84	-9.75	-0.6
11:29:07.746791	-0.66	-9.74	0.9	0.75	-9.17	-3.38	-0.14	-9.14	-3.54	0.84	-9.76	-0.43
11:29:07.756861	-0.67	-9.74	0.89	0.75	-9.17	-3.38	-0.16	-9.1	-3.64	0.84	-9.76	-0.3
11:29:07.766936	-0.67	-9.74	0.89	0.76	-9.17	-3.36	-0.17	-9.08	-3.68	0.84	-9.76	-0.21
11:29:07.777308	-0.68	-9.74	0.88	0.77	-9.18	-3.33	-0.18	-9.08	-3.69	0.85	-9.76	-0.16
11:29:07.787495	-0.6900000000000001	-9.74	0.86	0.77	-9.18	-3.33	-0.18	-9.09	-3.66	0.85	-9.76	-0.16
11:29:07.797652	-0.68	-9.74	0.84	0.79	-9.18	-3.33	-0.17	-9.11	-3.6	0.87	-9.76	-0.2
11:29:07.808058	-0.68	-9.74	0.8300000000000001	0.8300000000000001	-9.17	-3.35	-0.18	-9.15	-3.5100000000000002	0.87	-9.76	-0.27
11:29:07.818152	-0.68	-9.74	0.8200000000000001	0.8300000000000001	-9.17	-3.35	-0.18	-9.200000000000001	-3.38	0.89	-9.75	-0.35000000000000003
11:29:07.828266	-0.67	-9.74	0.81	0.85	-9.16	-3.37	-0.18	-9.25	-3.24	0.9400000000000001	-9.74	-0.52
11:29:07.838421	-0.66	-9.75	0.8	0.86	-9.14	-3.43	-0.19	-9.3	-3.08	1.0	-9.72	-0.74
11:29:07.848544	-0.65	-9.75	0.79	0.86	-9.14	-3.43	-0.2	-9.36	-2.91	1.0	-9.72	-0.74
11:29:07.858966	-0.64	-9.75	0.78	0.85	-9.13	-3.45	-0.17	-9.4	-2.7800000000000002	1.1	-9.68	-1.07
11:29:07.869033	-0.63	-9.75	0.78	0.8300000000000001	-9.13	-3.46	-0.16	-9.42	-2.7	1.11	-9.69	-0.97
11:29:07.879109	-0.63	-9.75	0.79	0.79	-9.14	-3.44	-0.21	-9.44	-2.62	1.25	-9.66	-1.06
11:29:07.889186	-0.63	-9.75	0.8	0.75	-9.16	-3.41	-0.27	-9.47	-2.5100000000000002	1.36	-9.61	-1.33
11:29:07.899374	-0.63	-9.75	0.8	0.71	-9.16	-3.4	-0.31	-9.5	-2.37	1.28	-9.58	-1.6400000000000001
11:29:07.909452	-0.63	-9.75	0.8	0.6900000000000001	-9.16	-3.41	-0.33	-9.53	-2.24	1.12	-9.55	-1.9100000000000001
11:29:07.919624	-0.61	-9.75	0.8	0.6900000000000001	-9.16	-3.43	-0.32	-9.56	-2.12	0.96	-9.5	-2.19
11:29:07.929748	-0.6	-9.75	0.79	0.6900000000000001	-9.16	-3.43	-0.29	-9.620000000000001	-1.87	0.8300000000000001	-9.47	-2.39
11:29:07.940944	-0.58	-9.75	0.79	0.68	-9.16	-3.42	-0.28	-9.64	-1.74	0.72	-9.450000000000001	-2.48
11:29:07.951042	-0.5700000000000001	-9.75	0.8	0.66	-9.17	-3.4	-0.29	-9.66	-1.61	0.67	-9.46	-2.47
11:29:07.961782	-0.5700000000000001	-9.75	0.81	0.64	-9.18	-3.37	-0.31	-9.68	-1.5	0.68	-9.48	-2.4
11:29:07.971931	-0.55	-9.75	0.8200000000000001	0.64	-9.18	-3.37	-0.3	-9.700000000000001	-1.3900000000000001	0.72	-9.49	-2.32
11:29:07.982053	-0.53	-9.75	0.8200000000000001	0.61	-9.23	-3.25	-0.28	-9.71	-1.29	0.75	-9.46	-2.44
11:29:07.992708	-0.51	-9.75	0.8300000000000001	0.62	-9.26	-3.15	-0.25	-9.72	-1.2	0.77	-9.42	-2.6
11:29:08.002851	-0.47000000000000003	-9.75	0.8300000000000001	0.62	-9.3	-3.0300000000000002	-0.22	-9.73	-1.1300000000000001	0.75	-9.370000000000001	-2.77
11:29:08.013503	-0.44	-9.75	0.84	0.62	-9.33	-2.93	-0.19	-9.74	-1.04	0.72	-9.34	-2.88
11:29:08.023569	-0.4	-9.76	0.85	0.59	-9.36	-2.84	-0.18	-9.75	-0.96	0.71	-9.33	-2.9
11:29:08.033638	-0.37	-9.76	0.86	0.55	-9.39	-2.77	-0.18	-9.76	-0.89	0.6900000000000001	-9.33	-2.92
11:29:08.043810	-0.35000000000000003	-9.76	0.87	0.49	-9.41	-2.71	-0.17	-9.77	-0.81	0.67	-9.32	-2.95
11:29:08.053879	-0.34	-9.76	0.87	0.42	-9.42	-2.66	-0.17	-9.77	-0.73	0.65	-9.31	-2.98
11:29:08.064006	-0.34	-9.76	0.88	0.35000000000000003	-9.44	-2.6	-0.17	-9.78	-0.65	0.64	-9.3	-3.02
11:29:08.074108	-0.34	-9.76	0.88	0.3	-9.46	-2.54	-0.17	-9.78	-0.58	0.63	-9.290000000000001	-3.0700000000000003
11:29:08.084175	-0.35000000000000003	-9.75	0.88	0.25	-9.48	-2.48	-0.17	-9.790000000000001	-0.5	0.63	-9.28	-3.09
11:29:08.094289	-0.37	-9.75	0.88	0.22	-9.5	-2.41	-0.17	-9.790000000000001	-0.44	0.63	-9.28	-3.09
11:29:08.104440	-0.38	-9.75	0.88	0.2	-9.52	-2.33	-0.17	-9.790000000000001	-0.37	0.64	-9.27	-3.1
11:29:08.114551	-0.39	-9.75	0.88	0.18	-9.540000000000001	-2.24	-0.17	-9.790000000000001	-0.32	0.65	-9.26	-3.15
11:29:08.125115	-0.4	-9.75	0.87	0.16	-9.56	-2.15	-0.16	-9.8	-0.27	0.66	-9.22	-3.24
11:29:08.135466	-0.41000000000000003	-9.75	0.87	0.13	-9.58	-2.05	-0.15	-9.8	-0.22	0.67	-9.19	-3.3200000000000003
11:29:08.145565	-0.41000000000000003	-9.75	0.87	0.11	-9.6	-1.97	-0.16	-9.8	-0.16	0.66	-9.17	-3.4
11:29:08.156111	-0.41000000000000003	-9.75	0.87	0.08	-9.61	-1.9000000000000001	-0.16	-9.8	-0.11	0.62	-9.15	-3.44
11:29:08.166179	-0.4	-9.75	0.87	0.06	-9.63	-1.82	-0.16	-9.8	-0.11	0.59	-9.14	-3.48
11:29:08.176255	-0.39	-9.75	0.87	0.03	-9.64	-1.74	-0.16	-9.8	0.0	0.59	-9.14	-3.49
11:29:08.186324	-0.38	-9.75	0.87	0.01	-9.66	-1.6600000000000001	-0.15	-9.8	0.06	0.6	-9.13	-3.52
11:29:08.196465	-0.37	-9.76	0.8200000000000001	-0.01	-9.67	-1.58	-0.15	-9.8	0.11	0.61	-9.11	-3.5500000000000003
11:29:08.206530	-0.36	-9.76	0.8200000000000001	-0.05	-9.69	-1.5	-0.15	-9.8	0.17	0.61	-9.1	-3.59
11:29:08.216597	-0.35000000000000003	-9.76	0.8200000000000001	-0.09	-9.700000000000001	-1.42	-0.15	-9.8	0.22	0.62	-9.08	-3.63
11:29:08.226670	-0.34	-9.76	0.8200000000000001	-0.14	-9.71	-1.35	-0.14	-9.8	0.28	0.62	-9.06	-3.68
11:29:08.236745	-0.34	-9.76	0.8200000000000001	-0.18	-9.72	-1.28	-0.14	-9.790000000000001	0.33	0.62	-9.06	-3.68
11:29:08.246869	-0.33	-9.76	0.8200000000000001	-0.22	-9.72	-1.2	-0.14	-9.790000000000001	0.38	0.62	-9.06	-3.68
11:29:08.256939	-0.32	-9.76	0.8200000000000001	-0.26	-9.73	-1.1300000000000001	-0.14	-9.790000000000001	0.44	0.62	-9.06	-3.68
11:29:08.267012	-0.31	-9.76	0.8300000000000001	-0.29	-9.74	-1.06	-0.14	-9.790000000000001	0.49	0.62	-9.06	-3.68
11:29:08.277307	-0.31	-9.76	0.84	-0.32	-9.75	-0.98	-0.14	-9.790000000000001	0.49	0.63	-8.96	-3.91
11:29:08.287380	-0.3	-9.76	0.85	-0.35000000000000003	-9.75	-0.9	-0.15	-9.78	0.6	0.63	-8.96	-3.91
11:29:08.297534	-0.3	-9.76	0.87	-0.39	-9.76	-0.8200000000000001	-0.15	-9.78	0.65	0.63	-8.96	-3.91
11:29:08.307639	-0.3	-9.76	0.88	-0.42	-9.76	-0.74	-0.15	-9.77	0.71	0.65	-8.92	-4.01
11:29:08.318213	-0.3	-9.76	0.9	-0.46	-9.77	-0.66	-0.15	-9.77	0.76	0.64	-8.9	-4.0600000000000005
11:29:08.328344	-0.3	-9.75	0.92	-0.5	-9.77	-0.58	-0.16	-9.77	0.8200000000000001	0.63	-8.88	-4.09
11:29:08.338487	-0.31	-9.76	0.9	-0.55	-9.77	-0.5	-0.16	-9.76	0.87	0.63	-8.870000000000001	-4.12
11:29:08.348577	-0.33	-9.76	0.87	-0.6	-9.77	-0.43	-0.15	-9.76	0.93	0.64	-8.85	-4.17
11:29:08.359036	-0.34	-9.75	0.89	-0.66	-9.77	-0.36	-0.16	-9.75	1.0	0.65	-8.83	-4.21
11:29:08.369138	-0.35000000000000003	-9.75	0.91	-0.72	-9.77	-0.3	-0.16	-9.74	1.05	0.65	-8.83	-4.21
11:29:08.379211	-0.35000000000000003	-9.75	0.93	-0.78	-9.77	-0.24	-0.16	-9.74	1.05	0.67	-8.790000000000001	-4.2700000000000005
11:29:08.389286	-0.36	-9.75	0.9500000000000001	-0.84	-9.76	-0.18	-0.18	-9.73	1.17	0.67	-8.790000000000001	-4.2700000000000005
11:29:08.399364	-0.36	-9.75	0.97	-0.91	-9.76	-0.12	-0.19	-9.72	1.24	0.67	-8.790000000000001	-4.2700000000000005
11:29:08.409431	-0.37	-9.74	0.99	-0.98	-9.75	-0.07	-0.2	-9.71	1.31	0.67	-8.790000000000001	-4.2700000000000005
11:29:08.419503	-0.37	-9.74	1.0	-1.05	-9.75	-0.02	-0.22	-9.700000000000001	1.3800000000000001	0.67	-8.790000000000001	-4.2700000000000005
11:29:08.429621	-0.38	-9.74	1.02	-1.11	-9.74	0.01	-0.23	-9.69	1.46	0.67	-8.790000000000001	-4.2700000000000005
11:29:08.439773	-0.38	-9.74	1.04	-1.17	-9.73	0.06	-0.23	-9.69	1.46	0.61	-8.65	-4.57
11:29:08.449964	-0.38	-9.74	1.05	-1.23	-9.72	0.1	-0.27	-9.66	1.62	0.61	-8.65	-4.57
11:29:08.460598	-0.39	-9.73	1.07	-1.28	-9.72	0.14	-0.27	-9.66	1.62	0.5700000000000001	-8.57	-4.71
11:29:08.470744	-0.39	-9.73	1.09	-1.33	-9.71	0.18	-0.32	-9.63	1.79	0.55	-8.48	-4.89
11:29:08.480836	-0.39	-9.73	1.1	-1.3900000000000001	-9.700000000000001	0.22	-0.35000000000000003	-9.61	1.8800000000000001	0.55	-8.48	-4.89
11:29:08.491066	-0.39	-9.73	1.12	-1.44	-9.69	0.25	-0.41000000000000003	-9.57	2.08	0.55	-8.48	-4.89
11:29:08.501399	-0.39	-9.73	1.1300000000000001	-1.55	-9.67	0.3	-0.45	-9.540000000000001	2.19	0.55	-8.48	-4.89
11:29:08.511489	-0.4	-9.73	1.1400000000000001	-1.6	-9.66	0.32	-0.49	-9.51	2.31	0.55	-8.48	-4.89
11:29:08.522254	-0.4	-9.72	1.1500000000000001	-1.6600000000000001	-9.65	0.32	-0.53	-9.48	2.43	0.55	-8.48	-4.89
11:29:08.532454	-0.4	-9.72	1.16	-1.71	-9.65	0.32	-0.58	-9.44	2.56	0.55	-8.48	-4.89
11:29:08.543107	-0.41000000000000003	-9.72	1.17	-1.75	-9.64	0.31	-0.63	-9.4	2.7	0.55	-8.48	-4.89
11:29:08.553541	-0.41000000000000003	-9.72	1.16	-1.8	-9.63	0.3	-0.6900000000000001	-9.35	2.85	0.55	-8.48	-4.89
11:29:08.563606	-0.43	-9.72	1.1500000000000001	-1.83	-9.63	0.27	-0.74	-9.3	3.0	0.55	-8.48	-4.89
11:29:08.573722	-0.45	-9.73	1.1300000000000001	-1.84	-9.620000000000001	0.24	-0.78	-9.24	3.17	0.51	-8.290000000000001	-5.19
11:29:08.583795	-0.46	-9.73	1.11	-1.84	-9.620000000000001	0.2	-0.8200000000000001	-9.17	3.35	0.51	-8.290000000000001	-5.19
11:29:08.593948	-0.47000000000000003	-9.73	1.09	-1.83	-9.63	0.15	-0.87	-9.1	3.5300000000000002	0.51	-8.290000000000001	-5.19
11:29:08.604056	-0.47000000000000003	-9.73	1.07	-1.81	-9.63	0.09	-0.91	-9.02	3.72	0.51	-8.290000000000001	-5.19
11:29:08.614125	-0.45	-9.73	1.06	-1.79	-9.64	0.03	-0.96	-8.93	3.93	0.51	-8.290000000000001	-5.19
11:29:08.624238	-0.43	-9.73	1.06	-1.75	-9.64	-0.05	-1.01	-8.83	4.14	0.51	-8.290000000000001	-5.19
11:29:08.634317	-0.41000000000000003	-9.73	1.06	-1.71	-9.65	-0.16	-1.07	-8.72	4.3500000000000005	0.51	-8.290000000000001	-5.19
11:29:08.645002	-0.4	-9.74	1.06	-1.67	-9.65	-0.29	-1.17	-8.59	4.5600000000000005	0.51	-8.290000000000001	-5.19
11:29:08.655103	-0.39	-9.74	1.05	-1.62	-9.65	-0.45	-1.29	-8.47	4.76	0.51	-8.290000000000001	-5.19
11:29:08.665166	-0.38	-9.74	1.05	-1.58	-9.65	-0.63	-1.45	-8.33	4.96	0.51	-8.290000000000001	-5.19
11:29:08.675235	-0.38	-9.74	1.05	-1.54	-9.64	-0.8300000000000001	-1.59	-8.2	5.13	0.3	-7.8100000000000005	-5.92
11:29:08.685350	-0.38	-9.74	1.04	-1.49	-9.63	-1.05	-1.73	-8.09	5.26	0.3	-7.8100000000000005	-5.92
11:29:08.695421	-0.38	-9.74	1.03	-1.42	-9.61	-1.3	-1.81	-8.0	5.36	0.3	-7.8100000000000005	-5.92
11:29:08.705505	-0.37	-9.74	1.02	-1.34	-9.58	-1.55	-1.83	-7.91	5.48	0.3	-7.8100000000000005	-5.92
11:29:08.715576	-0.37	-9.74	1.0	-1.24	-9.56	-1.78	-1.82	-7.83	5.61	0.3	-7.8100000000000005	-5.92
11:29:08.725646	-0.36	-9.74	0.99	-1.1400000000000001	-9.53	-1.98	-1.82	-7.74	5.73	0.3	-7.8100000000000005	-5.92
11:29:08.735716	-0.36	-9.75	0.97	-1.05	-9.51	-2.14	-1.83	-7.66	5.83	0.3	-7.8100000000000005	-5.92
11:29:08.745790	-0.37	-9.75	0.96	-0.97	-9.48	-2.2800000000000002	-1.84	-7.61	5.9	0.3	-7.8100000000000005	-5.92
11:29:08.755909	-0.38	-9.75	0.9500000000000001	-0.88	-9.46	-2.41	-1.83	-7.58	5.94	0.3	-7.8100000000000005	-5.92
11:29:08.765977	-0.39	-9.75	0.9400000000000001	-0.8	-9.44	-2.52	-1.81	-7.57	5.95	-0.62	-5.51	-8.08
11:29:08.776046	-0.39	-9.75	0.9500000000000001	-0.8	-9.44	-2.52	-1.81	-7.57	5.95	-0.4	-4.34	-8.78
11:29:08.786694	-0.4	-9.75	0.9500000000000001	-0.71	-9.41	-2.63	-1.79	-7.59	5.93	-0.19	-4.43	-8.74
11:29:08.796829	-0.4	-9.75	0.96	-0.54	-9.370000000000001	-2.81	-1.68	-7.7	5.82	-0.19	-4.43	-8.74
11:29:08.807324	-0.41000000000000003	-9.74	0.97	-0.47000000000000003	-9.35	-2.9	-1.61	-7.79	5.72	-0.19	-4.43	-8.74
11:29:08.817532	-0.41000000000000003	-9.74	0.98	-0.4	-9.32	-3.0	-1.53	-7.890000000000001	5.6000000000000005	-0.19	-4.43	-8.74
11:29:08.828204	-0.4	-9.74	0.99	-0.34	-9.28	-3.12	-1.46	-8.01	5.45	-0.19	-4.43	-8.74
11:29:08.838783	-0.4	-9.74	1.01	-0.29	-9.25	-3.24	-1.46	-8.01	5.45	0.43	-5.58	-8.040000000000001
11:29:08.849288	-0.39	-9.74	1.02	-0.24	-9.21	-3.35	-1.31	-8.31	5.03	0.43	-5.58	-8.040000000000001
11:29:08.859374	-0.39	-9.74	1.03	-0.19	-9.17	-3.45	-1.21	-8.47	4.78	0.43	-5.58	-8.040000000000001
11:29:08.869488	-0.38	-9.74	1.05	-0.15	-9.13	-3.5500000000000003	-1.11	-8.64	4.5	0.5700000000000001	-6.78	-7.0600000000000005
11:29:08.879554	-0.38	-9.74	1.06	-0.11	-9.1	-3.63	-1.02	-8.8	4.19	0.5700000000000001	-6.78	-7.0600000000000005
11:29:08.889685	-0.37	-9.74	1.07	-0.08	-9.07	-3.7	-0.93	-8.96	3.85	0.5700000000000001	-6.78	-7.0600000000000005
11:29:08.899772	-0.37	-9.73	1.08	-0.05	-9.05	-3.77	-0.87	-9.120000000000001	3.49	0.5700000000000001	-6.78	-7.0600000000000005
11:29:08.909924	-0.37	-9.73	1.09	-0.03	-9.03	-3.8200000000000003	-0.8300000000000001	-9.26	3.1	0.64	-7.0600000000000005	-6.76
11:29:08.919996	-0.37	-9.73	1.09	0.0	-9.01	-3.85	-0.8	-9.39	2.7	0.64	-7.0600000000000005	-6.76
11:29:08.930125	-0.38	-9.73	1.1	0.02	-9.0	-3.88	-0.76	-9.5	2.29	0.64	-7.0600000000000005	-6.76
11:29:08.940200	-0.38	-9.73	1.1	0.05	-8.99	-3.89	-0.76	-9.5	2.29	0.9500000000000001	-8.22	-5.24
11:29:08.950325	-0.38	-9.73	1.1	0.08	-8.99	-3.9	-0.76	-9.5	2.29	0.99	-8.43	-4.91
11:29:08.960806	-0.39	-9.73	1.1	0.16	-9.0	-3.88	-0.76	-9.5	2.29	1.0	-8.620000000000001	-4.5600000000000005
11:29:08.971034	-0.4	-9.73	1.09	0.16	-9.0	-3.88	-0.54	-9.77	0.64	1.0	-8.8	-4.2
11:29:08.981460	-0.4	-9.73	1.08	0.25	-9.02	-3.81	-0.48	-9.790000000000001	0.23	1.0	-8.97	-3.8200000000000003
11:29:08.992021	-0.41000000000000003	-9.73	1.07	0.29	-9.040000000000001	-3.77	-0.44	-9.790000000000001	-0.16	0.98	-9.120000000000001	-3.45
11:29:09.002342	-0.42	-9.74	1.05	0.34	-9.06	-3.73	-0.44	-9.790000000000001	-0.16	0.96	-9.370000000000001	-2.71
11:29:09.012451	-0.42	-9.74	1.04	0.38	-9.07	-3.68	-0.44	-9.790000000000001	-0.16	0.96	-9.47	-2.34
11:29:09.022598	-0.43	-9.74	1.03	0.41000000000000003	-9.09	-3.63	-0.44	-9.790000000000001	-0.16	0.96	-9.55	-1.98
11:29:09.032709	-0.43	-9.74	1.01	0.45	-9.120000000000001	-3.5700000000000003	-0.44	-9.790000000000001	-0.16	0.96	-9.620000000000001	-1.62
11:29:09.042784	-0.44	-9.74	1.0	0.47000000000000003	-9.14	-3.5100000000000002	-0.44	-9.790000000000001	-0.16	0.97	-9.67	-1.3
11:29:09.053083	-0.45	-9.74	0.99	0.49	-9.16	-3.45	-0.36	-9.71	-1.32	0.97	-9.67	-1.3
11:29:09.063652	-0.45	-9.74	0.99	0.49	-9.18	-3.4	-0.38	-9.450000000000001	-2.59	0.99	-9.700000000000001	-1.0
11:29:09.073723	-0.46	-9.74	0.97	0.48	-9.19	-3.36	-0.4	-9.38	-2.83	1.02	-9.74	-0.49
11:29:09.083888	-0.48	-9.74	0.9500000000000001	0.47000000000000003	-9.21	-3.33	-0.44	-9.25	-3.21	1.02	-9.74	-0.49
11:29:09.093997	-0.49	-9.74	0.9400000000000001	0.44	-9.22	-3.3000000000000003	-0.44	-9.200000000000001	-3.33	1.02	-9.74	-0.49
11:29:09.104094	-0.5	-9.74	0.93	0.41000000000000003	-9.22	-3.29	-0.45	-9.17	-3.42	1.03	-9.74	-0.28
11:29:09.114786	-0.51	-9.74	0.93	0.39	-9.23	-3.2800000000000002	-0.44	-9.16	-3.47	1.03	-9.74	-0.28
11:29:09.124874	-0.52	-9.74	0.92	0.38	-9.23	-3.27	-0.44	-9.15	-3.47	1.03	-9.74	-0.28
11:29:09.134951	-0.53	-9.74	0.91	0.38	-9.23	-3.2600000000000002	-0.43	-9.17	-3.43	1.03	-9.74	-0.28
11:29:09.145051	-0.54	-9.74	0.9	0.39	-9.23	-3.2600000000000002	-0.43	-9.17	-3.43	1.01	-9.75	0.13
11:29:09.155128	-0.55	-9.74	0.89	0.41000000000000003	-9.23	-3.27	-0.43	-9.17	-3.43	1.05	-9.74	-0.02
11:29:09.165818	-0.55	-9.74	0.89	0.44	-9.22	-3.29	-0.41000000000000003	-9.28	-3.11	1.09	-9.74	-0.21
11:29:09.175883	-0.5700000000000001	-9.74	0.88	0.46	-9.21	-3.31	-0.4	-9.34	-2.95	1.1400000000000001	-9.73	-0.42
11:29:09.185952	-0.58	-9.74	0.88	0.48	-9.200000000000001	-3.33	-0.37	-9.39	-2.7800000000000002	1.1400000000000001	-9.73	-0.42
11:29:09.196026	-0.58	-9.74	0.87	0.49	-9.200000000000001	-3.35	-0.37	-9.39	-2.7800000000000002	1.25	-9.69	-0.74
11:29:09.206099	-0.58	-9.74	0.87	0.49	-9.19	-3.35	-0.37	-9.39	-2.7800000000000002	1.32	-9.68	-0.77
11:29:09.216218	-0.58	-9.74	0.87	0.48	-9.200000000000001	-3.34	-0.37	-9.39	-2.7800000000000002	1.48	-9.64	-0.97
11:29:09.226293	-0.59	-9.74	0.88	0.45	-9.200000000000001	-3.33	-0.47000000000000003	-9.52	-2.27	1.48	-9.64	-0.97
11:29:09.236365	-0.6	-9.74	0.91	0.43	-9.200000000000001	-3.35	-0.47000000000000003	-9.52	-2.27	1.41	-9.57	-1.59
11:29:09.246440	-0.6	-9.74	0.91	0.43	-9.19	-3.38	-0.47000000000000003	-9.52	-2.27	1.24	-9.55	-1.83
11:29:09.257072	-0.62	-9.74	0.93	0.45	-9.18	-3.4	-0.47000000000000003	-9.52	-2.27	1.08	-9.5	-2.13
11:29:09.267396	-0.62	-9.74	0.93	0.47000000000000003	-9.17	-3.41	-0.48	-9.65	-1.6500000000000001	0.91	-9.450000000000001	-2.43
11:29:09.277516	-0.63	-9.74	0.9400000000000001	0.48	-9.18	-3.41	-0.47000000000000003	-9.67	-1.5	0.76	-9.42	-2.58
11:29:09.287635	-0.63	-9.73	0.9500000000000001	0.47000000000000003	-9.18	-3.39	-0.47000000000000003	-9.67	-1.5	0.6900000000000001	-9.42	-2.61
11:29:09.298227	-0.64	-9.73	0.96	0.44	-9.19	-3.38	-0.49	-9.71	-1.21	0.67	-9.42	-2.62
11:29:09.308437	-0.64	-9.73	0.97	0.41000000000000003	-9.19	-3.37	-0.49	-9.71	-1.21	0.68	-9.42	-2.63
11:29:09.318569	-0.63	-9.73	0.98	0.39	-9.21	-3.3200000000000003	-0.49	-9.74	-0.9500000000000001	0.68	-9.42	-2.63
11:29:09.328688	-0.61	-9.73	0.99	0.39	-9.24	-3.24	-0.49	-9.74	-0.9500000000000001	0.75	-9.43	-2.5500000000000003
11:29:09.339214	-0.59	-9.73	1.0	0.4	-9.28	-3.13	-0.42	-9.76	-0.75	0.75	-9.43	-2.5500000000000003
11:29:09.349283	-0.56	-9.73	1.01	0.4	-9.32	-3.0100000000000002	-0.39	-9.77	-0.66	0.75	-9.43	-2.5500000000000003
11:29:09.359422	-0.52	-9.73	1.02	0.36	-9.38	-2.83	-0.37	-9.78	-0.58	0.75	-9.43	-2.5500000000000003
11:29:09.369537	-0.49	-9.73	1.04	0.36	-9.38	-2.83	-0.36	-9.78	-0.5	0.6900000000000001	-9.290000000000001	-3.04
11:29:09.379626	-0.46	-9.73	1.05	0.31	-9.4	-2.7600000000000002	-0.36	-9.790000000000001	-0.41000000000000003	0.6900000000000001	-9.290000000000001	-3.04
11:29:09.389691	-0.43	-9.73	1.06	0.25	-9.41	-2.72	-0.36	-9.790000000000001	-0.41000000000000003	0.66	-9.27	-3.1
11:29:09.399766	-0.41000000000000003	-9.73	1.07	0.19	-9.43	-2.68	-0.35000000000000003	-9.790000000000001	-0.23	0.66	-9.27	-3.1
11:29:09.409834	-0.41000000000000003	-9.73	1.08	0.13	-9.44	-2.64	-0.35000000000000003	-9.790000000000001	-0.13	0.64	-9.25	-3.16
11:29:09.419922	-0.4	-9.73	1.09	0.08	-9.450000000000001	-2.59	-0.35000000000000003	-9.8	-0.04	0.63	-9.24	-3.2
11:29:09.429990	-0.41000000000000003	-9.73	1.09	0.04	-9.47	-2.5300000000000002	-0.35000000000000003	-9.8	-0.04	0.62	-9.23	-3.24
11:29:09.440063	-0.42	-9.73	1.09	0.01	-9.49	-2.47	-0.35000000000000003	-9.8	-0.04	0.62	-9.22	-3.27
11:29:09.450133	-0.43	-9.73	1.09	0.0	-9.51	-2.38	-0.33	-9.790000000000001	0.17	0.63	-9.21	-3.3000000000000003
11:29:09.460272	-0.45	-9.73	1.08	-0.03	-9.55	-2.2	-0.33	-9.790000000000001	0.17	0.65	-9.200000000000001	-3.3200000000000003
11:29:09.470448	-0.46	-9.73	1.08	-0.03	-9.55	-2.2	-0.33	-9.790000000000001	0.28	0.66	-9.14	-3.48
11:29:09.480520	-0.47000000000000003	-9.73	1.08	-0.07	-9.59	-2.02	-0.33	-9.790000000000001	0.33	0.67	-9.1	-3.58
11:29:09.490635	-0.47000000000000003	-9.73	1.08	-0.07	-9.59	-2.02	-0.33	-9.790000000000001	0.39	0.67	-9.07	-3.65
11:29:09.501184	-0.47000000000000003	-9.73	1.07	-0.11	-9.620000000000001	-1.85	-0.33	-9.790000000000001	0.39	0.66	-9.05	-3.7
11:29:09.511307	-0.47000000000000003	-9.73	1.07	-0.14	-9.64	-1.76	-0.33	-9.78	0.5	0.66	-9.040000000000001	-3.73
11:29:09.521423	-0.46	-9.73	1.07	-0.17	-9.66	-1.67	-0.32	-9.78	0.55	0.67	-9.02	-3.7600000000000002
11:29:09.531519	-0.45	-9.73	1.06	-0.21	-9.67	-1.59	-0.32	-9.78	0.64	0.68	-9.01	-3.8000000000000003
11:29:09.542107	-0.44	-9.73	1.06	-0.26	-9.68	-1.5	-0.32	-9.78	0.64	0.7000000000000001	-9.0	-3.8200000000000003
11:29:09.552233	-0.43	-9.73	1.05	-0.32	-9.69	-1.42	-0.32	-9.77	0.68	0.71	-8.98	-3.86
11:29:09.562360	-0.42	-9.74	1.05	-0.37	-9.700000000000001	-1.33	-0.32	-9.77	0.73	0.71	-8.98	-3.86
11:29:09.572544	-0.41000000000000003	-9.74	1.04	-0.43	-9.71	-1.25	-0.32	-9.77	0.77	0.74	-8.93	-3.96
11:29:09.582608	-0.4	-9.74	1.04	-0.49	-9.72	-1.17	-0.33	-9.76	0.8200000000000001	0.73	-8.92	-4.0
11:29:09.592942	-0.39	-9.74	1.03	-0.54	-9.73	-1.08	-0.33	-9.76	0.86	0.73	-8.9	-4.04
11:29:09.603013	-0.38	-9.74	1.03	-0.59	-9.73	-0.99	-0.33	-9.75	0.9	0.74	-8.88	-4.08
11:29:09.613154	-0.38	-9.74	1.02	-0.64	-9.74	-0.9	-0.33	-9.74	1.0	0.75	-8.86	-4.11
11:29:09.623235	-0.37	-9.74	1.02	-0.68	-9.74	-0.81	-0.33	-9.74	1.04	0.76	-8.86	-4.13
11:29:09.633312	-0.36	-9.74	1.03	-0.73	-9.75	-0.72	-0.33	-9.74	1.04	0.76	-8.84	-4.15
11:29:09.643782	-0.35000000000000003	-9.74	1.03	-0.78	-9.75	-0.63	-0.33	-9.74	1.04	0.77	-8.82	-4.19
11:29:09.653901	-0.35000000000000003	-9.74	1.04	-0.8300000000000001	-9.75	-0.54	-0.33	-9.73	1.09	0.77	-8.81	-4.23
11:29:09.664065	-0.34	-9.74	1.05	-0.88	-9.75	-0.45	-0.35000000000000003	-9.71	1.25	0.77	-8.8	-4.25
11:29:09.674705	-0.34	-9.74	1.06	-0.93	-9.75	-0.37	-0.35000000000000003	-9.71	1.31	0.77	-8.78	-4.29
11:29:09.684801	-0.33	-9.74	1.04	-0.99	-9.75	-0.29	-0.36	-9.700000000000001	1.37	0.77	-8.75	-4.34
11:29:09.694868	-0.33	-9.74	1.02	-1.06	-9.74	-0.21	-0.36	-9.700000000000001	1.37	0.77	-8.74	-4.37
11:29:09.705603	-0.34	-9.74	1.0	-1.12	-9.74	-0.13	-0.37	-9.68	1.49	0.77	-8.72	-4.4
11:29:09.716262	-0.36	-9.74	1.04	-1.19	-9.73	-0.07	-0.38	-9.67	1.56	0.76	-8.700000000000001	-4.45
11:29:09.726371	-0.37	-9.74	1.06	-1.26	-9.72	0.0	-0.4	-9.66	1.6300000000000001	0.7000000000000001	-8.66	-4.53
11:29:09.736438	-0.38	-9.73	1.08	-1.33	-9.71	0.04	-0.42	-9.64	1.71	0.67	-8.64	-4.58
11:29:09.746553	-0.38	-9.73	1.08	-1.4000000000000001	-9.700000000000001	0.09	-0.44	-9.63	1.79	0.64	-8.6	-4.65
11:29:09.756641	-0.41000000000000003	-9.73	1.11	-1.47	-9.69	0.13	-0.46	-9.61	1.8800000000000001	0.62	-8.56	-4.73
11:29:09.766714	-0.43	-9.73	1.1300000000000001	-1.53	-9.68	0.16	-0.48	-9.59	1.97	0.61	-8.51	-4.82
11:29:09.776838	-0.45	-9.72	1.1400000000000001	-1.59	-9.67	0.19	-0.51	-9.57	2.07	0.58	-8.47	-4.9
11:29:09.787020	-0.47000000000000003	-9.72	1.1500000000000001	-1.6500000000000001	-9.66	0.21	-0.54	-9.540000000000001	2.18	0.56	-8.41	-4.99
11:29:09.797179	-0.48	-9.72	1.16	-1.69	-9.65	0.24	-0.5700000000000001	-9.51	2.29	0.54	-8.35	-5.1000000000000005
11:29:09.807809	-0.49	-9.72	1.17	-1.74	-9.64	0.26	-0.6	-9.48	2.41	0.52	-8.290000000000001	-5.2
11:29:09.817910	-0.49	-9.72	1.18	-1.79	-9.63	0.28	-0.63	-9.450000000000001	2.54	0.48	-8.22	-5.3100000000000005
11:29:09.828039	-0.5	-9.72	1.19	-1.83	-9.620000000000001	0.29	-0.67	-9.41	2.67	0.44	-8.15	-5.42
11:29:09.838749	-0.51	-9.72	1.19	-1.87	-9.620000000000001	0.3	-0.67	-9.41	2.67	0.44	-8.15	-5.42
11:29:09.848821	-0.52	-9.71	1.19	-1.9100000000000001	-9.61	0.31	-0.75	-9.31	2.96	0.37	-7.98	-5.67
11:29:09.858895	-0.53	-9.71	1.2	-1.95	-9.6	0.31	-0.79	-9.26	3.11	0.32	-7.9	-5.79
11:29:09.868964	-0.54	-9.71	1.2	-1.98	-9.59	0.3	-0.84	-9.200000000000001	3.2800000000000002	0.28	-7.79	-5.93
11:29:09.879100	-0.56	-9.71	1.19	-2.02	-9.59	0.29	-0.9	-9.13	3.45	0.23	-7.68	-6.08
11:29:09.889172	-0.58	-9.71	1.18	-2.05	-9.58	0.27	-0.9500000000000001	-9.06	3.62	0.2	-7.5600000000000005	-6.23
11:29:09.899242	-0.61	-9.71	1.16	-2.08	-9.58	0.24	-1.0	-8.97	3.81	0.15	-7.45	-6.36
11:29:09.909320	-0.64	-9.71	1.1300000000000001	-2.09	-9.57	0.2	-1.03	-8.88	4.01	0.03	-7.32	-6.51
11:29:09.919398	-0.67	-9.72	1.1	-2.09	-9.57	0.14	-1.03	-8.88	4.01	-0.05	-7.16	-6.69
11:29:09.929484	-0.68	-9.72	1.06	-2.08	-9.58	0.07	-1.1	-8.67	4.43	-0.1	-7.0	-6.86
11:29:09.939611	-0.6900000000000001	-9.72	1.03	-2.05	-9.58	0.0	-1.1	-8.67	4.43	-0.2	-6.84	-7.0200000000000005
11:29:09.949729	-0.68	-9.73	1.0	-2.02	-9.59	-0.1	-1.23	-8.42	4.86	-0.34	-6.66	-7.18
11:29:09.959939	-0.67	-9.73	0.98	-1.9100000000000001	-9.61	-0.36	-1.36	-8.28	5.0600000000000005	-0.47000000000000003	-6.48	-7.33
11:29:09.970051	-0.65	-9.73	0.96	-1.9100000000000001	-9.61	-0.36	-1.52	-8.13	5.26	-0.6	-6.04	-7.7
11:29:09.980126	-0.64	-9.73	0.9500000000000001	-1.79	-9.61	-0.73	-1.7	-7.98	5.43	-0.6	-6.04	-7.7
11:29:09.990806	-0.62	-9.74	0.93	-1.73	-9.6	-0.9400000000000001	-1.86	-7.84	5.57	-0.67	-5.76	-7.9
11:29:10.000896	-0.61	-9.74	0.92	-1.67	-9.58	-1.18	-1.97	-7.73	5.7	-0.81	-4.93	-8.43
11:29:10.011544	-0.6	-9.74	0.9	-1.59	-9.56	-1.45	-2.02	-7.63	5.8	-0.9400000000000001	-4.38	-8.72
11:29:10.021678	-0.58	-9.74	0.88	-1.49	-9.53	-1.72	-2.0300000000000002	-7.55	5.91	-1.1	-3.84	-8.950000000000001
11:29:10.031826	-0.5700000000000001	-9.75	0.87	-1.37	-9.5	-1.96	-2.0	-7.46	6.03	-1.5	-3.37	-9.08
11:29:10.041945	-0.56	-9.75	0.84	-1.25	-9.48	-2.15	-1.98	-7.38	6.140000000000001	-1.81	-3.17	-9.09
11:29:10.052386	-0.55	-9.75	0.8200000000000001	-1.1300000000000001	-9.46	-2.31	-1.98	-7.38	6.140000000000001	-1.47	-3.33	-9.1
11:29:10.062485	-0.55	-9.75	0.81	-1.02	-9.44	-2.44	-1.98	-7.25	6.29	-0.96	-3.54	-9.09
11:29:10.072752	-0.55	-9.75	0.8	-0.91	-9.42	-2.56	-1.98	-7.23	6.3100000000000005	-0.74	-3.71	-9.040000000000001
11:29:10.082935	-0.55	-9.75	0.79	-0.81	-9.4	-2.66	-1.97	-7.25	6.29	-0.76	-3.7800000000000002	-9.01
11:29:10.093565	-0.56	-9.75	0.79	-0.7000000000000001	-9.38	-2.7600000000000002	-1.95	-7.28	6.26	-0.6900000000000001	-3.8200000000000003	-9.0
11:29:10.103667	-0.56	-9.75	0.8	-0.6	-9.35	-2.87	-1.9100000000000001	-7.34	6.21	-0.41000000000000003	-3.97	-8.950000000000001
11:29:10.113796	-0.56	-9.75	0.8	-0.5	-9.32	-2.98	-1.84	-7.42	6.13	-0.14	-4.24	-8.83
11:29:10.124430	-0.56	-9.75	0.81	-0.41000000000000003	-9.290000000000001	-3.09	-1.75	-7.53	6.0200000000000005	0.0	-4.5600000000000005	-8.68
11:29:10.134572	-0.55	-9.75	0.81	-0.34	-9.25	-3.21	-1.6500000000000001	-7.66	5.89	0.09	-4.88	-8.5
11:29:10.145071	-0.54	-9.75	0.8200000000000001	-0.27	-9.21	-3.34	-1.56	-7.8	5.72	0.18	-5.14	-8.34
11:29:10.155339	-0.5	-9.75	0.8300000000000001	-0.21	-9.16	-3.47	-1.47	-7.95	5.53	0.24	-5.39	-8.18
11:29:10.165456	-0.49	-9.75	0.84	-0.17	-9.120000000000001	-3.59	-1.3900000000000001	-8.120000000000001	5.3100000000000005	0.26	-5.68	-7.98
11:29:10.175526	-0.47000000000000003	-9.75	0.85	-0.13	-9.07	-3.7	-1.3	-8.290000000000001	5.0600000000000005	0.27	-6.0200000000000005	-7.73
11:29:10.185624	-0.45	-9.75	0.86	-0.1	-9.03	-3.81	-1.2	-8.47	4.78	0.31	-6.36	-7.45
11:29:10.195691	-0.43	-9.75	0.87	-0.08	-8.99	-3.91	-1.1	-8.65	4.46	0.38	-6.7	-7.140000000000001
11:29:10.205788	-0.42	-9.75	0.88	-0.06	-8.950000000000001	-4.0	-1.0	-8.83	4.12	0.45	-7.03	-6.8100000000000005
11:29:10.215883	-0.41000000000000003	-9.75	0.88	-0.05	-8.92	-4.0600000000000005	-0.91	-9.0	3.7600000000000002	0.53	-7.33	-6.48
11:29:10.225981	-0.39	-9.75	0.89	-0.04	-8.9	-4.1	-0.84	-9.17	3.37	0.61	-7.6000000000000005	-6.16
11:29:10.236065	-0.38	-9.75	0.89	-0.02	-8.89	-4.13	-0.79	-9.31	2.95	0.67	-7.83	-5.8500000000000005
11:29:10.246150	-0.37	-9.75	0.89	0.0	-8.88	-4.14	-0.76	-9.44	2.52	0.72	-8.05	-5.54
11:29:10.256236	-0.37	-9.75	0.89	0.02	-8.88	-4.15	-0.73	-9.55	2.09	0.78	-8.27	-5.2
11:29:10.266309	-0.36	-9.75	0.88	0.06	-8.88	-4.15	-0.7000000000000001	-9.64	1.6500000000000001	0.8200000000000001	-8.48	-4.84
11:29:10.276390	-0.36	-9.76	0.88	0.1	-8.88	-4.14	-0.66	-9.700000000000001	1.21	0.84	-8.68	-4.46
11:29:10.286966	-0.35000000000000003	-9.76	0.87	0.15	-8.89	-4.12	-0.61	-9.75	0.77	0.8300000000000001	-8.870000000000001	-4.07
11:29:10.297072	-0.35000000000000003	-9.76	0.85	0.2	-8.9	-4.09	-0.56	-9.78	0.35000000000000003	0.8300000000000001	-9.040000000000001	-3.69
11:29:10.307142	-0.35000000000000003	-9.76	0.8300000000000001	0.25	-8.92	-4.0600000000000005	-0.5	-9.790000000000001	-0.06	0.8300000000000001	-9.18	-3.33
11:29:10.317324	-0.35000000000000003	-9.76	0.8200000000000001	0.3	-8.93	-4.03	-0.46	-9.78	-0.46	0.8200000000000001	-9.3	-2.98
11:29:10.327988	-0.35000000000000003	-9.76	0.8	0.35000000000000003	-8.94	-4.0	-0.41000000000000003	-9.76	-0.85	0.8200000000000001	-9.41	-2.61
11:29:10.338085	-0.36	-9.76	0.78	0.39	-8.950000000000001	-3.96	-0.38	-9.72	-1.22	0.8200000000000001	-9.5	-2.25
11:29:10.348206	-0.37	-9.76	0.76	0.42	-8.97	-3.92	-0.36	-9.67	-1.57	0.81	-9.58	-1.9000000000000001
11:29:10.358322	-0.38	-9.77	0.74	0.44	-8.99	-3.88	-0.34	-9.61	-1.9000000000000001	0.81	-9.64	-1.56
11:29:10.369053	-0.39	-9.77	0.73	0.46	-9.01	-3.83	-0.32	-9.540000000000001	-2.2	0.8200000000000001	-9.69	-1.25
11:29:10.379124	-0.4	-9.77	0.71	0.47000000000000003	-9.03	-3.79	-0.3	-9.48	-2.48	0.8300000000000001	-9.72	-0.99
11:29:10.389196	-0.41000000000000003	-9.77	0.7000000000000001	0.48	-9.040000000000001	-3.74	-0.29	-9.41	-2.72	0.8200000000000001	-9.74	-0.77
11:29:10.399285	-0.42	-9.77	0.6900000000000001	0.48	-9.06	-3.71	-0.27	-9.35	-2.93	0.8200000000000001	-9.75	-0.58
11:29:10.409373	-0.43	-9.77	0.68	0.47000000000000003	-9.07	-3.67	-0.27	-9.290000000000001	-3.1	0.81	-9.76	-0.42
11:29:10.419460	-0.44	-9.77	0.67	0.47000000000000003	-9.08	-3.66	-0.27	-9.24	-3.24	0.8	-9.76	-0.28
11:29:10.429551	-0.44	-9.77	0.66	0.46	-9.08	-3.65	-0.27	-9.21	-3.34	0.79	-9.77	-0.18
11:29:10.440102	-0.45	-9.77	0.65	0.46	-9.09	-3.63	-0.27	-9.19	-3.41	0.78	-9.77	-0.11
11:29:10.450209	-0.46	-9.77	0.65	0.47000000000000003	-9.1	-3.62	-0.27	-9.17	-3.43	0.78	-9.77	-0.08
11:29:10.460369	-0.46	-9.77	0.64	0.49	-9.1	-3.61	-0.27	-9.18	-3.43	0.78	-9.77	-0.11
11:29:10.471005	-0.46	-9.77	0.63	0.51	-9.1	-3.6	-0.27	-9.19	-3.39	0.78	-9.77	-0.17
11:29:10.481125	-0.47000000000000003	-9.77	0.62	0.54	-9.1	-3.59	-0.28	-9.21	-3.3200000000000003	0.79	-9.77	-0.26
11:29:10.491234	-0.47000000000000003	-9.77	0.61	0.55	-9.1	-3.59	-0.29	-9.290000000000001	-3.12	0.8	-9.76	-0.33
11:29:10.501335	-0.47000000000000003	-9.77	0.61	0.56	-9.1	-3.6	-0.29	-9.290000000000001	-3.12	0.84	-9.75	-0.46
11:29:10.511954	-0.47000000000000003	-9.77	0.6	0.56	-9.1	-3.6	-0.31	-9.370000000000001	-2.84	0.91	-9.73	-0.6900000000000001
11:29:10.522357	-0.48	-9.77	0.6	0.55	-9.1	-3.6	-0.33	-9.42	-2.69	0.96	-9.71	-0.9
11:29:10.532471	-0.48	-9.77	0.59	0.53	-9.1	-3.59	-0.34	-9.46	-2.52	1.0	-9.700000000000001	-1.02
11:29:10.542545	-0.48	-9.77	0.59	0.51	-9.120000000000001	-3.56	-0.32	-9.5	-2.4	1.0	-9.700000000000001	-0.9400000000000001
11:29:10.553024	-0.49	-9.77	0.59	0.49	-9.14	-3.5100000000000002	-0.31	-9.51	-2.35	1.07	-9.71	-0.74
11:29:10.563102	-0.49	-9.77	0.59	0.45	-9.17	-3.44	-0.35000000000000003	-9.52	-2.31	1.2	-9.68	-0.96
11:29:10.573174	-0.5	-9.77	0.6	0.43	-9.19	-3.37	-0.39	-9.540000000000001	-2.22	1.21	-9.64	-1.3
11:29:10.583258	-0.5	-9.77	0.61	0.42	-9.21	-3.3200000000000003	-0.42	-9.57	-2.09	1.06	-9.61	-1.59
11:29:10.593324	-0.5	-9.77	0.63	0.42	-9.22	-3.3000000000000003	-0.42	-9.59	-1.96	0.92	-9.59	-1.82
11:29:10.603415	-0.5	-9.77	0.63	0.43	-9.22	-3.29	-0.41000000000000003	-9.620000000000001	-1.84	0.8	-9.53	-2.16
11:29:10.613515	-0.49	-9.77	0.64	0.45	-9.23	-3.27	-0.38	-9.64	-1.72	0.68	-9.47	-2.44
11:29:10.623602	-0.48	-9.77	0.65	0.46	-9.22	-3.2800000000000002	-0.36	-9.66	-1.6	0.58	-9.450000000000001	-2.5300000000000002
11:29:10.633726	-0.48	-9.77	0.66	0.47000000000000003	-9.23	-3.27	-0.36	-9.68	-1.49	0.54	-9.44	-2.57
11:29:10.644407	-0.47000000000000003	-9.77	0.67	0.46	-9.24	-3.24	-0.37	-9.700000000000001	-1.37	0.54	-9.44	-2.57
11:29:10.654522	-0.47000000000000003	-9.77	0.6900000000000001	0.45	-9.25	-3.19	-0.38	-9.71	-1.27	0.58	-9.46	-2.48
11:29:10.664639	-0.44	-9.76	0.73	0.44	-9.290000000000001	-3.1	-0.38	-9.72	-1.17	0.62	-9.48	-2.41
11:29:10.675360	-0.41000000000000003	-9.76	0.75	0.44	-9.32	-2.99	-0.35000000000000003	-9.73	-1.09	0.64	-9.46	-2.48
11:29:10.685547	-0.38	-9.76	0.77	0.43	-9.36	-2.87	-0.31	-9.74	-1.01	0.67	-9.42	-2.62
11:29:10.695622	-0.35000000000000003	-9.76	0.79	0.41000000000000003	-9.39	-2.7600000000000002	-0.27	-9.75	-0.9400000000000001	0.66	-9.39	-2.72
11:29:10.705701	-0.32	-9.76	0.81	0.38	-9.42	-2.67	-0.24	-9.76	-0.87	0.61	-9.370000000000001	-2.79
11:29:10.715770	-0.29	-9.76	0.8300000000000001	0.33	-9.44	-2.6	-0.22	-9.77	-0.8	0.56	-9.36	-2.85
11:29:10.725844	-0.28	-9.76	0.84	0.27	-9.46	-2.5500000000000003	-0.21	-9.77	-0.72	0.53	-9.35	-2.9
11:29:10.735962	-0.27	-9.76	0.85	0.2	-9.47	-2.5100000000000002	-0.2	-9.78	-0.65	0.52	-9.35	-2.89
11:29:10.746043	-0.26	-9.76	0.86	0.14	-9.48	-2.46	-0.2	-9.78	-0.58	0.52	-9.34	-2.91
11:29:10.756114	-0.26	-9.76	0.86	0.09	-9.5	-2.42	-0.19	-9.790000000000001	-0.5	0.51	-9.33	-2.95
11:29:10.766185	-0.27	-9.76	0.86	0.05	-9.51	-2.36	-0.19	-9.790000000000001	-0.43	0.5	-9.32	-3.0
11:29:10.776288	-0.27	-9.76	0.86	0.03	-9.53	-2.3000000000000003	-0.2	-9.790000000000001	-0.35000000000000003	0.49	-9.31	-3.0300000000000002
11:29:10.786360	-0.28	-9.76	0.86	0.01	-9.540000000000001	-2.23	-0.2	-9.8	-0.28	0.48	-9.3	-3.06
11:29:10.796439	-0.28	-9.76	0.85	0.0	-9.56	-2.15	-0.2	-9.8	-0.21	0.5	-9.290000000000001	-3.09
11:29:10.806511	-0.29	-9.76	0.85	-0.01	-9.58	-2.07	-0.2	-9.8	-0.14	0.51	-9.27	-3.13
11:29:10.816601	-0.29	-9.76	0.85	-0.02	-9.6	-1.98	-0.21	-9.8	-0.08	0.54	-9.24	-3.21
11:29:10.826675	-0.28	-9.76	0.84	-0.04	-9.61	-1.9000000000000001	-0.21	-9.8	-0.02	0.5700000000000001	-9.21	-3.3000000000000003
11:29:10.836761	-0.27	-9.76	0.84	-0.06	-9.63	-1.82	-0.22	-9.8	0.03	0.58	-9.18	-3.39
11:29:10.846844	-0.27	-9.76	0.8300000000000001	-0.08	-9.64	-1.75	-0.23	-9.8	0.1	0.59	-9.16	-3.44
11:29:10.856933	-0.26	-9.76	0.8300000000000001	-0.1	-9.66	-1.67	-0.24	-9.8	0.16	0.59	-9.14	-3.49
11:29:10.867005	-0.25	-9.76	0.8200000000000001	-0.13	-9.67	-1.61	-0.26	-9.8	0.23	0.6	-9.120000000000001	-3.5300000000000002
11:29:10.877073	-0.24	-9.76	0.8200000000000001	-0.16	-9.68	-1.54	-0.26	-9.790000000000001	0.31	0.6	-9.11	-3.56
11:29:10.887609	-0.24	-9.76	0.81	-0.2	-9.69	-1.48	-0.27	-9.790000000000001	0.38	0.6	-9.1	-3.59
11:29:10.897709	-0.23	-9.76	0.81	-0.24	-9.69	-1.43	-0.28	-9.790000000000001	0.45	0.62	-9.08	-3.64
11:29:10.907859	-0.22	-9.77	0.81	-0.29	-9.700000000000001	-1.3800000000000001	-0.29	-9.78	0.52	0.62	-9.05	-3.7
11:29:10.918423	-0.22	-9.77	0.8	-0.33	-9.71	-1.33	-0.29	-9.78	0.59	0.62	-9.02	-3.77
11:29:10.928548	-0.22	-9.77	0.8	-0.37	-9.71	-1.27	-0.29	-9.77	0.66	0.63	-9.0	-3.8200000000000003
11:29:10.938646	-0.22	-9.77	0.81	-0.41000000000000003	-9.72	-1.2	-0.3	-9.77	0.73	0.65	-8.98	-3.87
11:29:10.949383	-0.21	-9.77	0.81	-0.45	-9.72	-1.1400000000000001	-0.29	-9.76	0.79	0.67	-8.96	-3.92
11:29:10.959647	-0.21	-9.76	0.8200000000000001	-0.52	-9.74	-0.99	-0.29	-9.76	0.85	0.68	-8.93	-3.97
11:29:10.969720	-0.22	-9.76	0.8300000000000001	-0.52	-9.74	-0.99	-0.3	-9.75	0.92	0.7000000000000001	-8.89	-4.0600000000000005
11:29:10.979909	-0.22	-9.76	0.84	-0.56	-9.74	-0.91	-0.29	-9.75	0.98	0.7000000000000001	-8.89	-4.0600000000000005
11:29:10.990445	-0.22	-9.76	0.86	-0.65	-9.75	-0.76	-0.29	-9.74	1.04	0.71	-8.870000000000001	-4.11
11:29:11.000560	-0.22	-9.76	0.88	-0.7000000000000001	-9.75	-0.6900000000000001	-0.3	-9.73	1.11	0.71	-8.870000000000001	-4.11
11:29:11.010627	-0.23	-9.76	0.9	-0.75	-9.75	-0.62	-0.3	-9.73	1.17	0.75	-8.82	-4.21
11:29:11.020752	-0.24	-9.76	0.91	-0.81	-9.75	-0.56	-0.3	-9.72	1.23	0.76	-8.790000000000001	-4.26
11:29:11.030922	-0.24	-9.75	0.93	-0.87	-9.75	-0.49	-0.31	-9.700000000000001	1.36	0.76	-8.78	-4.3
11:29:11.041480	-0.25	-9.75	0.9500000000000001	-0.93	-9.75	-0.44	-0.31	-9.700000000000001	1.36	0.77	-8.76	-4.33
11:29:11.051653	-0.26	-9.75	0.96	-0.99	-9.74	-0.38	-0.32	-9.68	1.5	0.78	-8.74	-4.37
11:29:11.061718	-0.27	-9.75	0.98	-1.06	-9.74	-0.32	-0.33	-9.67	1.58	0.79	-8.71	-4.42
11:29:11.071785	-0.28	-9.75	0.99	-1.1300000000000001	-9.73	-0.26	-0.34	-9.65	1.6500000000000001	0.8	-8.69	-4.46
11:29:11.081959	-0.29	-9.74	1.01	-1.2	-9.73	-0.2	-0.35000000000000003	-9.64	1.73	0.8	-8.69	-4.46
11:29:11.092248	-0.3	-9.74	1.02	-1.27	-9.72	-0.14	-0.36	-9.63	1.81	0.77	-8.64	-4.5600000000000005
11:29:11.102529	-0.31	-9.74	1.04	-1.33	-9.71	-0.09	-0.38	-9.61	1.8900000000000001	0.7000000000000001	-8.6	-4.64
11:29:11.112635	-0.32	-9.74	1.05	-1.3900000000000001	-9.700000000000001	-0.04	-0.4	-9.59	1.97	0.67	-8.57	-4.71
11:29:11.122803	-0.33	-9.74	1.06	-1.46	-9.69	0.0	-0.42	-9.57	2.05	0.66	-8.53	-4.78
11:29:11.133388	-0.34	-9.74	1.08	-1.52	-9.68	0.04	-0.42	-9.57	2.05	0.64	-8.48	-4.88
11:29:11.143436	-0.35000000000000003	-9.73	1.09	-1.58	-9.67	0.09	-0.47000000000000003	-9.53	2.22	0.64	-8.42	-4.97
11:29:11.153545	-0.36	-9.73	1.1	-1.6400000000000001	-9.66	0.13	-0.51	-9.51	2.3000000000000003	0.61	-8.370000000000001	-5.05
11:29:11.163626	-0.37	-9.73	1.11	-1.71	-9.65	0.16	-0.54	-9.49	2.39	0.58	-8.32	-5.15
11:29:11.174301	-0.37	-9.73	1.1300000000000001	-1.77	-9.64	0.19	-0.5700000000000001	-9.46	2.5	0.56	-8.25	-5.26
11:29:11.184375	-0.38	-9.73	1.1400000000000001	-1.83	-9.63	0.22	-0.61	-9.43	2.6	0.56	-8.25	-5.26
11:29:11.194504	-0.38	-9.73	1.1500000000000001	-1.8900000000000001	-9.61	0.23	-0.65	-9.4	2.71	0.48	-8.11	-5.47
11:29:11.204648	-0.38	-9.73	1.1500000000000001	-1.95	-9.6	0.24	-0.7000000000000001	-9.36	2.82	0.44	-8.03	-5.59
11:29:11.214756	-0.39	-9.72	1.16	-2.0100000000000002	-9.59	0.25	-0.74	-9.32	2.95	0.4	-7.94	-5.73
11:29:11.224927	-0.4	-9.72	1.16	-2.06	-9.58	0.25	-0.79	-9.27	3.08	0.35000000000000003	-7.8500000000000005	-5.8500000000000005
11:29:11.235018	-0.41000000000000003	-9.72	1.16	-2.11	-9.57	0.24	-0.85	-9.22	3.2	0.31	-7.76	-5.98
11:29:11.245286	-0.41000000000000003	-9.72	1.16	-2.16	-9.56	0.23	-0.91	-9.17	3.34	0.26	-7.65	-6.12
11:29:11.255745	-0.44	-9.73	1.1300000000000001	-2.19	-9.55	0.22	-0.96	-9.1	3.49	0.18	-7.53	-6.2700000000000005
11:29:11.265816	-0.45	-9.73	1.11	-2.21	-9.55	0.2	-1.01	-9.040000000000001	3.65	0.1	-7.4	-6.42
11:29:11.275888	-0.46	-9.73	1.09	-2.21	-9.55	0.17	-1.05	-8.96	3.8200000000000003	0.06	-7.28	-6.5600000000000005
11:29:11.285958	-0.45	-9.73	1.08	-2.2	-9.55	0.13	-1.1	-8.88	4.0	0.06	-7.28	-6.5600000000000005
11:29:11.296075	-0.44	-9.73	1.06	-2.19	-9.55	0.07	-1.1400000000000001	-8.790000000000001	4.19	-0.11	-6.96	-6.9
11:29:11.306153	-0.41000000000000003	-9.74	1.06	-2.16	-9.56	0.0	-1.19	-8.69	4.37	-0.21	-6.79	-7.0600000000000005
11:29:11.316220	-0.39	-9.74	1.05	-2.12	-9.57	-0.07	-1.25	-8.58	4.5600000000000005	-0.29	-6.63	-7.21
11:29:11.326292	-0.36	-9.74	1.04	-2.07	-9.58	-0.19	-1.34	-8.46	4.76	-0.37	-6.46	-7.36
11:29:11.336376	-0.35000000000000003	-9.74	1.04	-2.0300000000000002	-9.58	-0.32	-1.34	-8.46	4.76	-0.44	-6.26	-7.53
11:29:11.346471	-0.33	-9.74	1.03	-1.98	-9.59	-0.48	-1.6400000000000001	-8.19	5.12	-0.52	-6.0200000000000005	-7.71
11:29:11.356600	-0.32	-9.74	1.03	-1.93	-9.59	-0.67	-1.81	-8.06	5.2700000000000005	-0.53	-5.75	-7.92
11:29:11.367298	-0.31	-9.74	1.02	-1.87	-9.58	-0.87	-1.96	-7.95	5.39	-0.53	-5.75	-7.92
11:29:11.377451	-0.3	-9.74	1.01	-1.8	-9.57	-1.09	-1.96	-7.95	5.39	-0.53	-5.75	-7.92
11:29:11.387523	-0.29	-9.75	1.0	-1.73	-9.55	-1.34	-2.07	-7.76	5.61	-0.6900000000000001	-4.51	-8.68
11:29:11.397598	-0.28	-9.75	0.99	-1.6400000000000001	-9.53	-1.59	-2.05	-7.67	5.74	-0.87	-4.04	-8.89
11:29:11.407673	-0.27	-9.75	0.98	-1.54	-9.51	-1.8	-2.05	-7.58	5.86	-0.87	-4.04	-8.89
11:29:11.417743	-0.26	-9.75	0.96	-1.44	-9.49	-1.99	-2.08	-7.49	5.96	-1.27	-3.64	-9.01
11:29:11.427810	-0.27	-9.75	0.9500000000000001	-1.34	-9.47	-2.15	-2.11	-7.42	6.04	-0.8300000000000001	-3.77	-9.01
11:29:11.437902	-0.27	-9.75	0.9500000000000001	-1.24	-9.450000000000001	-2.3000000000000003	-2.13	-7.390000000000001	6.08	-0.44	-3.9	-8.98
11:29:11.447975	-0.28	-9.75	0.9400000000000001	-1.1500000000000001	-9.42	-2.43	-2.12	-7.38	6.09	-0.38	-3.95	-8.96
11:29:11.458319	-0.28	-9.75	0.9400000000000001	-0.9500000000000001	-9.39	-2.65	-2.09	-7.390000000000001	6.09	-0.37	-3.96	-8.96
11:29:11.468402	-0.29	-9.75	0.9500000000000001	-0.9500000000000001	-9.39	-2.65	-2.04	-7.42	6.07	-0.18	-4.0	-8.94
11:29:11.479035	-0.29	-9.75	0.9500000000000001	-0.86	-9.370000000000001	-2.7600000000000002	-1.96	-7.48	6.0200000000000005	0.0	-4.16	-8.870000000000001
11:29:11.489428	-0.29	-9.75	0.9500000000000001	-0.6900000000000001	-9.32	-2.95	-1.86	-7.55	5.96	0.08	-4.42	-8.75
11:29:11.499534	-0.28	-9.75	0.96	-0.61	-9.290000000000001	-3.0700000000000003	-1.77	-7.65	5.86	0.13	-4.72	-8.59
11:29:11.509645	-0.27	-9.75	0.96	-0.54	-9.25	-3.19	-1.77	-7.65	5.86	0.17	-5.01	-8.42
11:29:11.520344	-0.27	-9.75	0.97	-0.48	-9.21	-3.3200000000000003	-1.68	-7.7700000000000005	5.73	0.21	-5.26	-8.27
11:29:11.530445	-0.26	-9.75	0.98	-0.43	-9.17	-3.44	-1.44	-8.19	5.18	0.24	-5.86	-7.8500000000000005
11:29:11.540552	-0.25	-9.75	0.99	-0.38	-9.13	-3.5500000000000003	-1.33	-8.36	4.94	0.24	-5.86	-7.8500000000000005
11:29:11.551081	-0.24	-9.75	1.0	-0.34	-9.09	-3.65	-1.22	-8.52	4.68	0.27	-6.18	-7.6000000000000005
11:29:11.561163	-0.23	-9.75	1.0	-0.31	-9.06	-3.73	-1.11	-8.700000000000001	4.38	0.33	-6.48	-7.34
11:29:11.571254	-0.22	-9.75	1.01	-0.29	-9.03	-3.81	-1.11	-8.700000000000001	4.38	0.53	-7.0600000000000005	-6.78
11:29:11.581538	-0.21	-9.75	1.02	-0.27	-9.0	-3.87	-0.97	-9.02	3.71	0.63	-7.33	-6.48
11:29:11.591670	-0.21	-9.75	1.02	-0.24	-8.98	-3.92	-0.9500000000000001	-9.17	3.33	0.72	-7.57	-6.18
11:29:11.601761	-0.2	-9.75	1.02	-0.21	-8.96	-3.96	-0.9400000000000001	-9.31	2.93	0.8	-7.79	-5.89
11:29:11.611984	-0.19	-9.75	1.03	-0.18	-8.950000000000001	-3.99	-0.92	-9.43	2.5100000000000002	0.89	-8.0	-5.59
11:29:11.622052	-0.18	-9.75	1.03	-0.15	-8.94	-4.01	-0.89	-9.53	2.09	0.96	-8.21	-5.26
11:29:11.632157	-0.17	-9.75	1.03	-0.1	-8.93	-4.03	-0.84	-9.620000000000001	1.67	1.01	-8.41	-4.92
11:29:11.642253	-0.17	-9.75	1.02	-0.06	-8.93	-4.03	-0.78	-9.69	1.26	1.03	-8.6	-4.59
11:29:11.652340	-0.16	-9.75	1.02	-0.01	-8.93	-4.03	-0.71	-9.74	0.85	1.03	-8.78	-4.23
11:29:11.662415	-0.16	-9.75	1.01	0.04	-8.94	-4.0200000000000005	-0.64	-9.77	0.45	1.02	-8.950000000000001	-3.87
11:29:11.672621	-0.16	-9.75	1.0	0.09	-8.950000000000001	-4.0	-0.58	-9.78	0.06	0.99	-9.09	-3.52
11:29:11.682837	-0.17	-9.75	0.98	0.14	-8.96	-3.98	-0.53	-9.78	-0.32	0.99	-9.09	-3.52
11:29:11.693543	-0.17	-9.75	0.97	0.18	-8.97	-3.95	-0.48	-9.76	-0.7000000000000001	0.99	-9.09	-3.52
11:29:11.703761	-0.17	-9.75	0.97	0.18	-8.97	-3.95	-0.48	-9.76	-0.7000000000000001	0.99	-9.09	-3.52
11:29:11.713844	-0.19	-9.75	0.9400000000000001	0.21	-8.98	-3.91	-0.44	-9.73	-1.07	0.92	-9.44	-2.45
11:29:11.723925	-0.2	-9.76	0.93	0.27	-9.02	-3.8200000000000003	-0.41000000000000003	-9.69	-1.42	0.92	-9.44	-2.45
11:29:11.734034	-0.21	-9.76	0.91	0.29	-9.040000000000001	-3.77	-0.38	-9.57	-2.06	0.91	-9.65	-1.46
11:29:11.744108	-0.22	-9.76	0.9	0.31	-9.06	-3.71	-0.38	-9.51	-2.35	0.92	-9.69	-1.16
11:29:11.754210	-0.23	-9.76	0.89	0.31	-9.08	-3.67	-0.38	-9.44	-2.61	0.93	-9.72	-0.88
11:29:11.764324	-0.24	-9.76	0.87	0.31	-9.1	-3.63	-0.39	-9.370000000000001	-2.84	0.93	-9.74	-0.64
11:29:11.774389	-0.24	-9.76	0.86	0.3	-9.11	-3.6	-0.39	-9.370000000000001	-2.84	0.93	-9.75	-0.42
11:29:11.784464	-0.24	-9.76	0.85	0.29	-9.120000000000001	-3.58	-0.39	-9.25	-3.22	0.93	-9.75	-0.24
11:29:11.794566	-0.24	-9.76	0.84	0.28	-9.13	-3.56	-0.39	-9.25	-3.22	0.92	-9.76	-0.1
11:29:11.804669	-0.25	-9.76	0.8300000000000001	0.27	-9.13	-3.54	-0.38	-9.16	-3.46	0.9	-9.76	0.0
11:29:11.814783	-0.25	-9.76	0.8200000000000001	0.27	-9.14	-3.5300000000000002	-0.38	-9.14	-3.52	0.88	-9.76	0.07
11:29:11.824853	-0.25	-9.76	0.81	0.27	-9.14	-3.52	-0.37	-9.13	-3.5500000000000003	0.86	-9.76	0.11
11:29:11.834958	-0.25	-9.77	0.8	0.28	-9.14	-3.5100000000000002	-0.36	-9.13	-3.5500000000000003	0.85	-9.76	0.12
11:29:11.845062	-0.25	-9.77	0.79	0.3	-9.14	-3.5100000000000002	-0.36	-9.14	-3.5100000000000002	0.85	-9.76	0.09
11:29:11.855165	-0.25	-9.77	0.78	0.31	-9.14	-3.52	-0.36	-9.17	-3.45	0.85	-9.76	0.09
11:29:11.865247	-0.25	-9.77	0.77	0.33	-9.14	-3.52	-0.37	-9.200000000000001	-3.36	0.85	-9.76	0.09
11:29:11.875313	-0.25	-9.77	0.76	0.34	-9.14	-3.52	-0.38	-9.24	-3.24	0.86	-9.76	-0.15
11:29:11.885392	-0.25	-9.77	0.75	0.34	-9.14	-3.52	-0.39	-9.290000000000001	-3.11	0.88	-9.76	-0.24
11:29:11.895493	-0.25	-9.77	0.74	0.35000000000000003	-9.14	-3.52	-0.39	-9.290000000000001	-3.11	0.9500000000000001	-9.75	-0.43
11:29:11.905562	-0.25	-9.77	0.73	0.34	-9.14	-3.5100000000000002	-0.42	-9.39	-2.7800000000000002	0.9500000000000001	-9.75	-0.43
11:29:11.915649	-0.26	-9.77	0.72	0.33	-9.15	-3.5	-0.43	-9.44	-2.61	1.05	-9.71	-0.77
11:29:11.925765	-0.26	-9.77	0.71	0.31	-9.16	-3.48	-0.43	-9.47	-2.48	1.05	-9.71	-0.77
11:29:11.936466	-0.26	-9.77	0.71	0.29	-9.17	-3.43	-0.42	-9.49	-2.42	1.05	-9.71	-0.77
11:29:11.946545	-0.27	-9.77	0.71	0.28	-9.200000000000001	-3.36	-0.43	-9.49	-2.41	1.12	-9.72	-0.54
11:29:11.957031	-0.27	-9.77	0.72	0.27	-9.22	-3.3000000000000003	-0.47000000000000003	-9.5	-2.38	1.33	-9.68	-0.74
11:29:11.967113	-0.27	-9.77	0.73	0.25	-9.24	-3.24	-0.49	-9.52	-2.29	1.33	-9.68	-0.74
11:29:11.977180	-0.27	-9.77	0.73	0.25	-9.27	-3.18	-0.5	-9.540000000000001	-2.17	1.09	-9.620000000000001	-1.52
11:29:11.987296	-0.27	-9.77	0.74	0.24	-9.290000000000001	-3.12	-0.49	-9.57	-2.06	1.09	-9.620000000000001	-1.52
11:29:11.997462	-0.27	-9.77	0.74	0.24	-9.290000000000001	-3.11	-0.48	-9.59	-1.96	1.09	-9.620000000000001	-1.52
11:29:12.007569	-0.27	-9.77	0.75	0.25	-9.290000000000001	-3.11	-0.46	-9.61	-1.87	1.09	-9.620000000000001	-1.52
11:29:12.017674	-0.26	-9.77	0.75	0.25	-9.290000000000001	-3.1	-0.46	-9.63	-1.78	0.66	-9.49	-2.34
11:29:12.027738	-0.26	-9.77	0.76	0.23	-9.31	-3.0700000000000003	-0.46	-9.65	-1.67	0.66	-9.49	-2.34
11:29:12.037863	-0.25	-9.77	0.78	0.21	-9.34	-2.97	-0.46	-9.66	-1.57	0.62	-9.53	-2.2
11:29:12.047964	-0.23	-9.77	0.79	0.2	-9.36	-2.89	-0.47000000000000003	-9.68	-1.47	0.62	-9.53	-2.2
11:29:12.058076	-0.21	-9.77	0.81	0.19	-9.39	-2.7800000000000002	-0.45	-9.69	-1.3800000000000001	0.62	-9.53	-2.2
11:29:12.068559	-0.19	-9.76	0.8200000000000001	0.17	-9.42	-2.68	-0.42	-9.71	-1.3	0.62	-9.53	-2.2
11:29:12.078824	-0.16	-9.76	0.84	0.14	-9.450000000000001	-2.6	-0.38	-9.72	-1.22	0.5700000000000001	-9.450000000000001	-2.52
11:29:12.088898	-0.14	-9.76	0.85	0.1	-9.47	-2.52	-0.36	-9.73	-1.1500000000000001	0.55	-9.44	-2.58
11:29:12.099556	-0.12	-9.76	0.87	0.05	-9.49	-2.47	-0.32	-9.74	-1.01	0.55	-9.44	-2.58
11:29:12.110970	-0.1	-9.76	0.88	0.0	-9.5	-2.41	-0.3	-9.75	-0.9500000000000001	0.55	-9.450000000000001	-2.54
11:29:12.121643	-0.09	-9.76	0.89	-0.04	-9.51	-2.36	-0.29	-9.76	-0.89	0.55	-9.450000000000001	-2.54
11:29:12.131761	-0.08	-9.76	0.91	-0.09	-9.53	-2.31	-0.28	-9.76	-0.8200000000000001	0.55	-9.42	-2.63
11:29:12.141833	-0.08	-9.76	0.91	-0.13	-9.540000000000001	-2.25	-0.27	-9.77	-0.76	0.53	-9.4	-2.72
11:29:12.152427	-0.08	-9.76	0.92	-0.16	-9.55	-2.18	-0.27	-9.77	-0.6900000000000001	0.53	-9.4	-2.72
11:29:12.162542	-0.09	-9.76	0.92	-0.19	-9.57	-2.11	-0.27	-9.78	-0.64	0.53	-9.4	-2.72
11:29:12.172672	-0.09	-9.76	0.92	-0.22	-9.59	-2.0300000000000002	-0.27	-9.78	-0.58	0.51	-9.38	-2.8000000000000003
11:29:12.182747	-0.1	-9.76	0.92	-0.24	-9.6	-1.94	-0.26	-9.78	-0.52	0.51	-9.38	-2.8000000000000003
11:29:12.192989	-0.1	-9.76	0.92	-0.27	-9.620000000000001	-1.86	-0.26	-9.790000000000001	-0.46	0.51	-9.38	-2.8000000000000003
11:29:12.203544	-0.1	-9.76	0.92	-0.29	-9.63	-1.78	-0.26	-9.790000000000001	-0.41000000000000003	0.58	-9.32	-2.98
11:29:12.214218	-0.1	-9.76	0.91	-0.32	-9.65	-1.7	-0.27	-9.790000000000001	-0.35000000000000003	0.58	-9.290000000000001	-3.0500000000000003
11:29:12.224333	-0.09	-9.76	0.91	-0.35000000000000003	-9.66	-1.6300000000000001	-0.27	-9.790000000000001	-0.3	0.58	-9.28	-3.11
11:29:12.234398	-0.08	-9.76	0.91	-0.38	-9.67	-1.56	-0.28	-9.790000000000001	-0.24	0.58	-9.26	-3.14
11:29:12.244473	-0.07	-9.76	0.91	-0.41000000000000003	-9.68	-1.5	-0.29	-9.8	-0.18	0.58	-9.26	-3.14
11:29:12.254549	-0.06	-9.76	0.9	-0.44	-9.69	-1.43	-0.3	-9.8	-0.12	0.62	-9.24	-3.2
11:29:12.264616	-0.05	-9.76	0.9	-0.48	-9.69	-1.37	-0.31	-9.8	-0.06	0.62	-9.24	-3.2
11:29:12.274696	-0.05	-9.76	0.89	-0.51	-9.700000000000001	-1.31	-0.32	-9.8	0.0	0.63	-9.200000000000001	-3.3000000000000003
11:29:12.285117	-0.04	-9.76	0.89	-0.55	-9.700000000000001	-1.26	-0.32	-9.8	0.05	0.63	-9.200000000000001	-3.3000000000000003
11:29:12.295194	-0.04	-9.76	0.88	-0.58	-9.71	-1.2	-0.33	-9.8	0.12	0.63	-9.200000000000001	-3.3000000000000003
11:29:12.305295	-0.03	-9.76	0.88	-0.62	-9.71	-1.1400000000000001	-0.34	-9.790000000000001	0.19	0.64	-9.14	-3.48
11:29:12.315417	-0.03	-9.76	0.88	-0.66	-9.72	-1.08	-0.35000000000000003	-9.790000000000001	0.26	0.64	-9.14	-3.48
11:29:12.325498	-0.03	-9.76	0.88	-0.6900000000000001	-9.72	-1.03	-0.35000000000000003	-9.790000000000001	0.33	0.66	-9.09	-3.6
11:29:12.335583	-0.03	-9.76	0.88	-0.71	-9.73	-0.97	-0.36	-9.790000000000001	0.4	0.66	-9.09	-3.6
11:29:12.345666	-0.03	-9.76	0.88	-0.74	-9.73	-0.91	-0.36	-9.78	0.47000000000000003	0.7000000000000001	-9.05	-3.7
11:29:12.355739	-0.02	-9.76	0.89	-0.76	-9.73	-0.85	-0.36	-9.78	0.54	0.7000000000000001	-9.05	-3.7
11:29:12.365811	-0.02	-9.76	0.89	-0.79	-9.74	-0.79	-0.36	-9.78	0.62	0.73	-8.99	-3.83
11:29:12.375898	-0.02	-9.76	0.9	-0.8200000000000001	-9.74	-0.74	-0.36	-9.77	0.6900000000000001	0.74	-8.97	-3.87
11:29:12.385962	-0.02	-9.76	0.91	-0.85	-9.74	-0.68	-0.37	-9.76	0.77	0.75	-8.950000000000001	-3.93
11:29:12.396031	-0.02	-9.76	0.93	-0.88	-9.74	-0.64	-0.37	-9.76	0.84	0.75	-8.92	-4.0
11:29:12.406125	-0.02	-9.76	0.93	-0.92	-9.74	-0.59	-0.37	-9.75	0.91	0.74	-8.89	-4.05
11:29:12.416197	-0.04	-9.76	0.9400000000000001	-0.96	-9.74	-0.55	-0.37	-9.74	0.99	0.75	-8.88	-4.09
11:29:12.426301	-0.05	-9.75	0.9500000000000001	-1.01	-9.74	-0.5	-0.37	-9.74	1.07	0.75	-8.85	-4.14
11:29:12.436422	-0.05	-9.75	0.97	-1.06	-9.73	-0.45	-0.37	-9.74	1.07	0.76	-8.82	-4.19
11:29:12.446535	-0.07	-9.75	1.0	-1.11	-9.73	-0.4	-0.38	-9.72	1.22	0.79	-8.81	-4.22
11:29:12.456635	-0.08	-9.75	1.02	-1.17	-9.73	-0.35000000000000003	-0.38	-9.71	1.3	0.79	-8.81	-4.22
11:29:12.466940	-0.08	-9.75	1.02	-1.22	-9.72	-0.3	-0.38	-9.700000000000001	1.3800000000000001	0.81	-8.76	-4.3100000000000005
11:29:12.477461	-0.1	-9.74	1.04	-1.28	-9.71	-0.24	-0.39	-9.68	1.46	0.8200000000000001	-8.73	-4.37
11:29:12.487527	-0.1	-9.74	1.04	-1.34	-9.71	-0.18	-0.39	-9.67	1.54	0.8200000000000001	-8.71	-4.41
11:29:12.497624	-0.13	-9.74	1.07	-1.44	-9.69	-0.08	-0.4	-9.66	1.6300000000000001	0.81	-8.69	-4.46
11:29:12.508250	-0.13	-9.74	1.07	-1.5	-9.69	-0.03	-0.41000000000000003	-9.64	1.71	0.77	-8.66	-4.53
11:29:12.518419	-0.14	-9.74	1.08	-1.55	-9.68	0.01	-0.42	-9.63	1.79	0.72	-8.620000000000001	-4.61
11:29:12.528556	-0.14	-9.74	1.09	-1.61	-9.67	0.05	-0.44	-9.59	1.96	0.7000000000000001	-8.58	-4.69
11:29:12.538670	-0.16	-9.74	1.11	-1.6600000000000001	-9.66	0.09	-0.46	-9.57	2.04	0.6900000000000001	-8.540000000000001	-4.7700000000000005
11:29:12.548799	-0.16	-9.74	1.11	-1.72	-9.65	0.13	-0.48	-9.55	2.14	0.67	-8.48	-4.86
11:29:12.559480	-0.16	-9.74	1.11	-1.77	-9.64	0.16	-0.51	-9.53	2.23	0.66	-8.43	-4.95
11:29:12.569593	-0.16	-9.74	1.12	-1.83	-9.63	0.19	-0.54	-9.51	2.33	0.59	-8.32	-5.14
11:29:12.579688	-0.16	-9.73	1.1300000000000001	-1.8800000000000001	-9.620000000000001	0.22	-0.5700000000000001	-9.48	2.43	0.59	-8.32	-5.14
11:29:12.589824	-0.16	-9.73	1.1400000000000001	-1.94	-9.6	0.23	-0.6	-9.450000000000001	2.54	0.56	-8.26	-5.25
11:29:12.599926	-0.16	-9.73	1.1500000000000001	-1.99	-9.59	0.24	-0.63	-9.41	2.65	0.51	-8.19	-5.36
11:29:12.610449	-0.16	-9.73	1.1500000000000001	-2.04	-9.58	0.24	-0.67	-9.38	2.7600000000000002	0.42	-8.040000000000001	-5.58
11:29:12.620614	-0.16	-9.73	1.16	-2.09	-9.57	0.24	-0.71	-9.34	2.88	0.38	-7.95	-5.72
11:29:12.631279	-0.16	-9.73	1.16	-2.13	-9.56	0.23	-0.76	-9.290000000000001	3.0100000000000002	0.34	-7.86	-5.8500000000000005
11:29:12.641350	-0.16	-9.73	1.16	-2.13	-9.56	0.23	-0.76	-9.290000000000001	3.0100000000000002	0.34	-7.86	-5.8500000000000005
11:29:12.651486	-0.16	-9.73	1.16	-2.17	-9.55	0.22	-0.81	-9.25	3.14	0.28	-7.7700000000000005	-5.97
11:29:12.661557	-0.17	-9.73	1.1500000000000001	-2.21	-9.55	0.18	-0.89	-9.13	3.43	0.2	-7.66	-6.11
11:29:12.671688	-0.18	-9.73	1.1400000000000001	-2.21	-9.55	0.15	-0.92	-9.07	3.6	0.1	-7.41	-6.41
11:29:12.681764	-0.18	-9.73	1.12	-2.2	-9.55	0.11	-0.96	-8.99	3.77	0.02	-7.28	-6.5600000000000005
11:29:12.692215	-0.17	-9.74	1.11	-2.18	-9.56	0.05	-1.0	-8.91	3.95	0.02	-7.28	-6.5600000000000005
11:29:12.702288	-0.15	-9.74	1.1	-2.15	-9.56	-0.01	-1.03	-8.82	4.14	-0.16	-6.96	-6.890000000000001
11:29:12.712363	-0.13	-9.74	1.09	-2.11	-9.57	-0.1	-1.07	-8.73	4.33	-0.26	-6.8	-7.05
11:29:12.722497	-0.11	-9.74	1.09	-2.07	-9.58	-0.21	-1.12	-8.620000000000001	4.53	-0.35000000000000003	-6.63	-7.21
11:29:12.732578	-0.09	-9.74	1.08	-2.0300000000000002	-9.58	-0.34	-1.19	-8.5	4.72	-0.41000000000000003	-6.46	-7.3500000000000005
11:29:12.742652	-0.07	-9.74	1.08	-1.99	-9.58	-0.5	-1.3	-8.38	4.91	-0.51	-6.25	-7.53
11:29:12.753245	-0.05	-9.74	1.09	-1.94	-9.58	-0.67	-1.44	-8.26	5.08	-0.61	-5.99	-7.73
11:29:12.763361	-0.03	-9.74	1.09	-1.8900000000000001	-9.58	-0.86	-1.61	-8.13	5.23	-0.6	-5.71	-7.94
11:29:12.773794	-0.02	-9.74	1.09	-1.83	-9.57	-1.07	-1.8	-8.0	5.36	-0.58	-5.36	-8.18
11:29:12.784155	0.0	-9.74	1.1	-1.77	-9.55	-1.31	-1.94	-7.91	5.45	-0.62	-4.91	-8.46
11:29:12.794243	0.01	-9.74	1.1	-1.68	-9.53	-1.57	-2.0100000000000002	-7.83	5.54	-0.62	-4.91	-8.46
11:29:12.804316	0.03	-9.74	1.1	-1.58	-9.5	-1.81	-2.0100000000000002	-7.75	5.65	-1.11	-4.0200000000000005	-8.870000000000001
11:29:12.814439	0.04	-9.74	1.09	-1.48	-9.48	-1.98	-2.0	-7.66	5.7700000000000005	-1.3800000000000001	-3.83	-8.91
11:29:12.825078	0.05	-9.74	1.09	-1.3800000000000001	-9.47	-2.11	-2.02	-7.58	5.87	-1.09	-3.95	-8.9
11:29:12.835180	0.06	-9.74	1.08	-1.28	-9.46	-2.22	-2.0300000000000002	-7.51	5.96	-0.59	-4.11	-8.88
11:29:12.845251	0.06	-9.74	1.07	-1.19	-9.44	-2.34	-2.0300000000000002	-7.46	6.01	-0.33	-4.23	-8.84
11:29:12.855320	0.06	-9.74	1.07	-1.09	-9.43	-2.45	-2.0300000000000002	-7.45	6.03	-0.3	-4.29	-8.81
11:29:12.865432	0.05	-9.74	1.07	-1.0	-9.41	-2.56	-2.02	-7.46	6.0200000000000005	-0.15	-4.34	-8.78
11:29:12.875507	0.05	-9.74	1.07	-0.91	-9.39	-2.66	-2.0	-7.49	5.99	0.12	-4.48	-8.72
11:29:12.885604	0.04	-9.74	1.07	-0.8300000000000001	-9.36	-2.7800000000000002	-1.95	-7.54	5.94	0.34	-4.72	-8.58
11:29:12.895675	0.03	-9.74	1.08	-0.75	-9.33	-2.9	-1.8800000000000001	-7.62	5.87	0.34	-4.72	-8.58
11:29:12.906133	0.03	-9.74	1.09	-0.6900000000000001	-9.3	-3.0300000000000002	-1.8	-7.72	5.76	0.52	-5.2700000000000005	-8.25
11:29:12.916272	0.02	-9.74	1.1	-0.62	-9.26	-3.15	-1.73	-7.84	5.62	0.54	-5.46	-8.120000000000001
11:29:12.927109	0.01	-9.74	1.11	-0.5700000000000001	-9.23	-3.25	-1.68	-7.96	5.46	0.54	-5.68	-7.97
11:29:12.937185	0.01	-9.74	1.12	-0.51	-9.200000000000001	-3.34	-1.62	-8.1	5.2700000000000005	0.53	-5.96	-7.76
11:29:12.947253	0.0	-9.74	1.1300000000000001	-0.4	-9.14	-3.5100000000000002	-1.55	-8.25	5.05	0.53	-6.2700000000000005	-7.51
11:29:12.957322	0.0	-9.73	1.1400000000000001	-0.35000000000000003	-9.11	-3.6	-1.46	-8.41	4.82	0.56	-6.57	-7.25
11:29:12.967429	0.0	-9.73	1.1500000000000001	-0.31	-9.08	-3.67	-1.37	-8.57	4.5600000000000005	0.61	-6.87	-6.96
11:29:12.978439	0.0	-9.73	1.1500000000000001	-0.31	-9.08	-3.67	-1.27	-8.73	4.2700000000000005	0.6900000000000001	-7.18	-6.640000000000001
11:29:12.988673	0.0	-9.73	1.1500000000000001	-0.27	-9.06	-3.74	-1.18	-8.89	3.96	0.77	-7.46	-6.3100000000000005
11:29:12.998762	-0.01	-9.73	1.16	-0.21	-9.02	-3.83	-1.12	-9.040000000000001	3.62	0.77	-7.46	-6.3100000000000005
11:29:13.008833	-0.01	-9.73	1.17	-0.18	-9.0	-3.87	-1.07	-9.18	3.25	0.91	-7.930000000000001	-5.68
11:29:13.019521	-0.01	-9.73	1.17	-0.15	-8.99	-3.89	-1.0	-9.43	2.46	0.96	-8.120000000000001	-5.39
11:29:13.029644	-0.01	-9.73	1.17	-0.12	-8.98	-3.91	-0.96	-9.53	2.05	1.05	-8.5	-4.7700000000000005
11:29:13.039927	0.0	-9.73	1.17	-0.08	-8.98	-3.93	-0.91	-9.620000000000001	1.6400000000000001	1.05	-8.5	-4.7700000000000005
11:29:13.050068	0.0	-9.73	1.17	-0.03	-8.98	-3.93	-0.85	-9.69	1.23	1.07	-8.67	-4.44
11:29:13.060522	0.0	-9.73	1.17	0.01	-8.98	-3.92	-0.79	-9.73	0.8300000000000001	1.04	-8.99	-3.7600000000000002
11:29:13.070643	0.0	-9.73	1.16	0.06	-8.99	-3.91	-0.72	-9.76	0.44	1.02	-9.120000000000001	-3.43
11:29:13.081255	0.0	-9.73	1.1500000000000001	0.06	-8.99	-3.91	-0.72	-9.76	0.44	1.02	-9.120000000000001	-3.43
11:29:13.091466	0.0	-9.73	1.1400000000000001	0.17	-8.99	-3.9	-0.59	-9.78	-0.3	0.99	-9.24	-3.11
11:29:13.101590	-0.01	-9.74	1.1300000000000001	0.22	-9.0	-3.88	-0.54	-9.76	-0.66	0.93	-9.44	-2.46
11:29:13.111655	-0.02	-9.74	1.11	0.27	-9.0	-3.86	-0.49	-9.74	-1.01	0.91	-9.52	-2.14
11:29:13.122158	-0.03	-9.74	1.1	0.32	-9.02	-3.83	-0.45	-9.700000000000001	-1.34	0.9	-9.59	-1.81
11:29:13.132655	-0.05	-9.74	1.08	0.35000000000000003	-9.03	-3.79	-0.43	-9.65	-1.6600000000000001	0.89	-9.64	-1.5
11:29:13.142722	-0.07	-9.74	1.07	0.39	-9.05	-3.75	-0.4	-9.59	-1.96	0.89	-9.68	-1.22
11:29:13.153127	-0.08	-9.74	1.05	0.41000000000000003	-9.06	-3.71	-0.39	-9.53	-2.24	0.89	-9.71	-0.9500000000000001
11:29:13.163256	-0.1	-9.75	1.04	0.42	-9.07	-3.68	-0.38	-9.47	-2.5	0.89	-9.74	-0.7000000000000001
11:29:13.173373	-0.12	-9.75	1.03	0.42	-9.09	-3.65	-0.37	-9.4	-2.73	0.88	-9.75	-0.49
11:29:13.183806	-0.14	-9.75	1.02	0.43	-9.09	-3.63	-0.37	-9.34	-2.94	0.87	-9.76	-0.31
11:29:13.193908	-0.16	-9.75	1.01	0.43	-9.1	-3.6	-0.38	-9.290000000000001	-3.11	0.85	-9.76	-0.15
11:29:13.203991	-0.17	-9.75	1.0	0.43	-9.11	-3.58	-0.38	-9.24	-3.25	0.8300000000000001	-9.77	-0.02
11:29:13.214095	-0.19	-9.75	0.98	0.43	-9.120000000000001	-3.56	-0.38	-9.200000000000001	-3.36	0.81	-9.77	0.06
11:29:13.224166	-0.2	-9.75	0.97	0.44	-9.13	-3.5300000000000002	-0.38	-9.17	-3.43	0.8	-9.77	0.12
11:29:13.234240	-0.21	-9.75	0.96	0.45	-9.14	-3.5100000000000002	-0.37	-9.16	-3.48	0.79	-9.77	0.16
11:29:13.244365	-0.22	-9.75	0.9500000000000001	0.47000000000000003	-9.14	-3.5	-0.35000000000000003	-9.15	-3.49	0.78	-9.77	0.15
11:29:13.254475	-0.23	-9.75	0.93	0.5	-9.14	-3.49	-0.34	-9.16	-3.47	0.77	-9.77	0.12
11:29:13.265157	-0.25	-9.75	0.92	0.52	-9.15	-3.48	-0.32	-9.18	-3.43	0.77	-9.77	0.08
11:29:13.275280	-0.25	-9.76	0.91	0.54	-9.14	-3.48	-0.3	-9.200000000000001	-3.36	0.8	-9.77	-0.02
11:29:13.285374	-0.26	-9.76	0.88	0.56	-9.14	-3.49	-0.29	-9.24	-3.27	0.85	-9.76	-0.2
11:29:13.295426	-0.26	-9.76	0.87	0.5700000000000001	-9.14	-3.49	-0.28	-9.28	-3.15	0.92	-9.75	-0.39
11:29:13.305555	-0.25	-9.76	0.86	0.5700000000000001	-9.14	-3.49	-0.29	-9.32	-3.0100000000000002	1.0	-9.73	-0.5700000000000001
11:29:13.315660	-0.25	-9.76	0.85	0.5700000000000001	-9.14	-3.48	-0.29	-9.370000000000001	-2.85	1.07	-9.71	-0.76
11:29:13.325841	-0.25	-9.76	0.85	0.55	-9.15	-3.48	-0.29	-9.42	-2.69	1.1	-9.71	-0.79
11:29:13.336425	-0.24	-9.76	0.84	0.53	-9.15	-3.46	-0.28	-9.450000000000001	-2.58	1.16	-9.700000000000001	-0.75
11:29:13.346478	-0.24	-9.76	0.84	0.5	-9.17	-3.43	-0.31	-9.47	-2.49	1.25	-9.68	-0.92
11:29:13.356546	-0.25	-9.76	0.85	0.47000000000000003	-9.18	-3.4	-0.37	-9.5	-2.4	1.24	-9.65	-1.2
11:29:13.366617	-0.25	-9.76	0.86	0.45	-9.18	-3.39	-0.42	-9.52	-2.27	1.09	-9.63	-1.45
11:29:13.376822	-0.25	-9.76	0.86	0.45	-9.19	-3.38	-0.45	-9.55	-2.13	0.9400000000000001	-9.61	-1.67
11:29:13.386910	-0.25	-9.76	0.87	0.45	-9.19	-3.37	-0.46	-9.58	-2.0100000000000002	0.8	-9.57	-1.95
11:29:13.397023	-0.25	-9.76	0.87	0.45	-9.200000000000001	-3.34	-0.46	-9.6	-1.8900000000000001	0.67	-9.53	-2.19
11:29:13.407085	-0.24	-9.76	0.88	0.45	-9.21	-3.33	-0.44	-9.63	-1.78	0.56	-9.51	-2.3000000000000003
11:29:13.417157	-0.24	-9.76	0.88	0.43	-9.22	-3.31	-0.43	-9.65	-1.6600000000000001	0.51	-9.51	-2.31
11:29:13.427265	-0.23	-9.76	0.9	0.4	-9.23	-3.2800000000000002	-0.43	-9.67	-1.55	0.51	-9.52	-2.2800000000000002
11:29:13.437380	-0.23	-9.76	0.9	0.37	-9.25	-3.23	-0.43	-9.68	-1.44	0.55	-9.53	-2.2
11:29:13.447481	-0.22	-9.76	0.92	0.35000000000000003	-9.31	-3.04	-0.44	-9.700000000000001	-1.34	0.59	-9.540000000000001	-2.17
11:29:13.457639	-0.2	-9.75	0.93	0.34	-9.35	-2.91	-0.42	-9.71	-1.25	0.64	-9.51	-2.29
11:29:13.467748	-0.18	-9.75	0.9400000000000001	0.33	-9.39	-2.79	-0.39	-9.72	-1.17	0.68	-9.46	-2.47
11:29:13.478360	-0.15	-9.75	0.9400000000000001	0.29	-9.42	-2.7	-0.35000000000000003	-9.73	-1.1	0.68	-9.42	-2.63
11:29:13.488432	-0.12	-9.75	0.9500000000000001	0.25	-9.44	-2.63	-0.33	-9.74	-1.03	0.65	-9.39	-2.73
11:29:13.498530	-0.09	-9.75	0.96	0.19	-9.450000000000001	-2.58	-0.33	-9.75	-0.9500000000000001	0.64	-9.38	-2.7600000000000002
11:29:13.508596	-0.07	-9.75	0.97	0.12	-9.47	-2.5300000000000002	-0.33	-9.76	-0.8	0.62	-9.38	-2.7600000000000002
11:29:13.518669	-0.05	-9.75	0.98	0.06	-9.48	-2.48	-0.33	-9.77	-0.73	0.61	-9.39	-2.7600000000000002
11:29:13.529427	-0.04	-9.75	0.99	0.01	-9.5	-2.42	-0.33	-9.77	-0.73	0.59	-9.38	-2.77
11:29:13.539853	-0.04	-9.75	0.99	-0.03	-9.51	-2.36	-0.33	-9.78	-0.58	0.5700000000000001	-9.35	-2.88
11:29:13.549992	-0.04	-9.75	0.99	-0.07	-9.53	-2.29	-0.33	-9.78	-0.51	0.5700000000000001	-9.34	-2.9
11:29:13.560593	-0.04	-9.75	0.99	-0.1	-9.55	-2.21	-0.33	-9.790000000000001	-0.45	0.5700000000000001	-9.34	-2.91
11:29:13.571219	-0.05	-9.75	0.99	-0.13	-9.57	-2.12	-0.33	-9.790000000000001	-0.4	0.58	-9.33	-2.94
11:29:13.581315	-0.05	-9.75	0.99	-0.16	-9.59	-2.04	-0.33	-9.790000000000001	-0.35000000000000003	0.6	-9.31	-2.99
11:29:13.591385	-0.06	-9.75	0.99	-0.19	-9.6	-1.95	-0.33	-9.790000000000001	-0.3	0.61	-9.290000000000001	-3.0700000000000003
11:29:13.601496	-0.06	-9.75	0.98	-0.22	-9.620000000000001	-1.85	-0.33	-9.790000000000001	-0.25	0.62	-9.26	-3.15
11:29:13.611565	-0.06	-9.75	0.98	-0.26	-9.64	-1.77	-0.34	-9.790000000000001	-0.19	0.61	-9.24	-3.21
11:29:13.621638	-0.06	-9.75	0.98	-0.29	-9.65	-1.68	-0.34	-9.790000000000001	-0.13	0.6	-9.22	-3.2600000000000002
11:29:13.631713	-0.05	-9.75	0.97	-0.33	-9.66	-1.61	-0.35000000000000003	-9.8	-0.07	0.59	-9.21	-3.2800000000000002
11:29:13.641793	-0.05	-9.75	0.97	-0.36	-9.67	-1.54	-0.35000000000000003	-9.8	0.0	0.59	-9.21	-3.31
11:29:13.651864	-0.04	-9.75	0.96	-0.4	-9.68	-1.48	-0.35000000000000003	-9.790000000000001	0.06	0.6	-9.200000000000001	-3.34
11:29:13.661937	-0.03	-9.75	0.9500000000000001	-0.44	-9.69	-1.42	-0.35000000000000003	-9.790000000000001	0.13	0.61	-9.18	-3.38
11:29:13.672405	-0.03	-9.76	0.9500000000000001	-0.49	-9.69	-1.37	-0.36	-9.790000000000001	0.2	0.61	-9.16	-3.43
11:29:13.682511	-0.02	-9.76	0.9400000000000001	-0.53	-9.700000000000001	-1.31	-0.36	-9.790000000000001	0.27	0.61	-9.14	-3.49
11:29:13.692587	-0.02	-9.76	0.93	-0.56	-9.700000000000001	-1.26	-0.36	-9.790000000000001	0.35000000000000003	0.62	-9.11	-3.56
11:29:13.702667	-0.02	-9.76	0.93	-0.59	-9.71	-1.19	-0.37	-9.790000000000001	0.43	0.61	-9.09	-3.62
11:29:13.713369	-0.01	-9.76	0.92	-0.62	-9.72	-1.12	-0.37	-9.78	0.51	0.62	-9.07	-3.66
11:29:13.723878	-0.02	-9.76	0.92	-0.65	-9.72	-1.06	-0.37	-9.78	0.58	0.63	-9.040000000000001	-3.72
11:29:13.734043	-0.02	-9.76	0.92	-0.68	-9.73	-1.0	-0.37	-9.77	0.65	0.64	-9.02	-3.77
11:29:13.744111	-0.02	-9.76	0.92	-0.71	-9.73	-0.9400000000000001	-0.37	-9.77	0.72	0.65	-8.99	-3.84
11:29:13.754352	-0.03	-9.76	0.92	-0.74	-9.73	-0.87	-0.36	-9.76	0.8	0.66	-8.97	-3.88
11:29:13.764901	-0.05	-9.76	0.9400000000000001	-0.78	-9.74	-0.81	-0.36	-9.76	0.87	0.66	-8.950000000000001	-3.94
11:29:13.775360	-0.05	-9.76	0.9400000000000001	-0.8200000000000001	-9.74	-0.75	-0.36	-9.75	0.9400000000000001	0.67	-8.92	-3.99
11:29:13.785433	-0.06	-9.75	0.96	-0.86	-9.74	-0.7000000000000001	-0.37	-9.74	1.01	0.68	-8.91	-4.03
11:29:13.795550	-0.07	-9.75	0.97	-0.91	-9.74	-0.64	-0.37	-9.73	1.08	0.68	-8.89	-4.07
11:29:13.806215	-0.08	-9.75	0.98	-0.97	-9.74	-0.58	-0.37	-9.73	1.1500000000000001	0.7000000000000001	-8.870000000000001	-4.11
11:29:13.816282	-0.09	-9.75	1.0	-1.03	-9.73	-0.52	-0.38	-9.72	1.22	0.71	-8.84	-4.16
11:29:13.826354	-0.1	-9.75	1.02	-1.09	-9.73	-0.46	-0.38	-9.71	1.29	0.72	-8.83	-4.19
11:29:13.836448	-0.11	-9.75	1.04	-1.1500000000000001	-9.73	-0.4	-0.39	-9.700000000000001	1.36	0.71	-8.81	-4.22
11:29:13.847269	-0.12	-9.74	1.06	-1.21	-9.72	-0.34	-0.39	-9.69	1.43	0.71	-8.790000000000001	-4.2700000000000005
11:29:13.857342	-0.13	-9.74	1.07	-1.27	-9.71	-0.28	-0.4	-9.68	1.51	0.72	-8.77	-4.32
11:29:13.867443	-0.15	-9.74	1.09	-1.33	-9.71	-0.22	-0.42	-9.66	1.58	0.7000000000000001	-8.75	-4.3500000000000005
11:29:13.877538	-0.16	-9.74	1.11	-1.3900000000000001	-9.700000000000001	-0.17	-0.43	-9.65	1.6500000000000001	0.64	-8.73	-4.4
11:29:13.887647	-0.18	-9.73	1.1300000000000001	-1.45	-9.69	-0.12	-0.44	-9.64	1.72	0.5700000000000001	-8.700000000000001	-4.47
11:29:13.897772	-0.2	-9.73	1.1500000000000001	-1.58	-9.67	-0.02	-0.46	-9.620000000000001	1.79	0.55	-8.67	-4.54
11:29:13.907906	-0.21	-9.73	1.16	-1.6400000000000001	-9.66	0.0	-0.49	-9.61	1.86	0.53	-8.63	-4.61
11:29:13.918037	-0.23	-9.73	1.18	-1.7	-9.65	0.04	-0.52	-9.59	1.93	0.51	-8.59	-4.69
11:29:13.928649	-0.25	-9.72	1.2	-1.76	-9.64	0.07	-0.55	-9.58	2.0100000000000002	0.5	-8.540000000000001	-4.7700000000000005
11:29:13.938776	-0.27	-9.72	1.22	-1.83	-9.63	0.09	-0.59	-9.56	2.09	0.48	-8.49	-4.87
11:29:13.948876	-0.29	-9.72	1.23	-1.8900000000000001	-9.620000000000001	0.11	-0.63	-9.53	2.18	0.42	-8.39	-5.05
11:29:13.959079	-0.3	-9.72	1.24	-1.96	-9.6	0.13	-0.67	-9.51	2.2800000000000002	0.42	-8.39	-5.05
11:29:13.969522	-0.31	-9.72	1.25	-2.02	-9.59	0.14	-0.72	-9.48	2.38	0.37	-8.26	-5.26
11:29:13.979590	-0.32	-9.71	1.26	-2.08	-9.58	0.15	-0.77	-9.450000000000001	2.49	0.33	-8.2	-5.36
11:29:13.989745	-0.33	-9.71	1.27	-2.14	-9.56	0.15	-0.8200000000000001	-9.41	2.6	0.3	-8.120000000000001	-5.47
11:29:13.999868	-0.34	-9.71	1.27	-2.19	-9.55	0.15	-0.93	-9.33	2.85	0.29	-8.040000000000001	-5.6000000000000005
11:29:14.010006	-0.35000000000000003	-9.71	1.27	-2.24	-9.540000000000001	0.15	-0.99	-9.28	2.99	0.26	-7.95	-5.73
11:29:14.020211	-0.35000000000000003	-9.71	1.25	-2.2800000000000002	-9.53	0.14	-1.04	-9.22	3.14	0.18	-7.86	-5.8500000000000005
11:29:14.030622	-0.36	-9.72	1.23	-2.31	-9.52	0.13	-1.08	-9.16	3.31	0.14	-7.76	-5.99
11:29:14.040693	-0.37	-9.72	1.21	-2.32	-9.52	0.11	-1.1300000000000001	-9.09	3.49	0.11	-7.63	-6.15
11:29:14.050807	-0.37	-9.72	1.18	-2.31	-9.52	0.09	-1.18	-9.01	3.68	0.05	-7.49	-6.32
11:29:14.060986	-0.36	-9.73	1.16	-2.3000000000000003	-9.53	0.05	-1.24	-8.92	3.87	-0.01	-7.36	-6.47
11:29:14.071436	-0.34	-9.73	1.1400000000000001	-2.2800000000000002	-9.53	0.0	-1.29	-8.82	4.07	-0.11	-7.21	-6.640000000000001
11:29:14.081545	-0.31	-9.73	1.1300000000000001	-2.24	-9.540000000000001	-0.06	-1.34	-8.71	4.29	-0.24	-7.0200000000000005	-6.83
11:29:14.091620	-0.28	-9.73	1.11	-2.2	-9.55	-0.15	-1.41	-8.59	4.51	-0.24	-7.0200000000000005	-6.83
11:29:14.102393	-0.26	-9.74	1.1	-2.15	-9.56	-0.26	-1.5	-8.45	4.72	-0.43	-6.68	-7.16
11:29:14.112550	-0.23	-9.74	1.09	-2.1	-9.56	-0.41000000000000003	-1.6300000000000001	-8.32	4.92	-0.49	-6.47	-7.34
11:29:14.122656	-0.22	-9.74	1.08	-2.0300000000000002	-9.57	-0.58	-1.76	-8.19	5.08	-0.55	-6.23	-7.55
11:29:14.133410	-0.2	-9.74	1.08	-1.97	-9.57	-0.77	-1.8900000000000001	-8.07	5.22	-0.63	-5.95	-7.76
11:29:14.143619	-0.19	-9.74	1.08	-1.8900000000000001	-9.57	-0.97	-1.97	-7.97	5.36	-0.71	-5.59	-8.02
11:29:14.153774	-0.19	-9.74	1.07	-1.81	-9.56	-1.18	-1.98	-7.86	5.5	-0.79	-5.18	-8.28
11:29:14.164451	-0.18	-9.74	1.07	-1.72	-9.540000000000001	-1.41	-1.97	-7.75	5.66	-0.9400000000000001	-4.8	-8.49
11:29:14.174551	-0.18	-9.74	1.05	-1.62	-9.52	-1.6400000000000001	-1.97	-7.640000000000001	5.8100000000000005	-1.22	-4.51	-8.620000000000001
11:29:14.184745	-0.19	-9.74	1.04	-1.52	-9.51	-1.83	-1.98	-7.55	5.93	-1.31	-4.34	-8.69
11:29:14.195108	-0.19	-9.75	1.02	-1.42	-9.49	-1.99	-1.98	-7.47	6.03	-1.01	-4.36	-8.72
11:29:14.205415	-0.2	-9.75	1.01	-1.33	-9.47	-2.13	-1.98	-7.41	6.09	-0.61	-4.41	-8.73
11:29:14.215590	-0.21	-9.75	1.0	-1.23	-9.450000000000001	-2.27	-1.99	-7.390000000000001	6.12	-0.38	-4.43	-8.73
11:29:14.225662	-0.22	-9.75	0.99	-1.1400000000000001	-9.43	-2.4	-1.99	-7.390000000000001	6.12	-0.27	-4.47	-8.72
11:29:14.235730	-0.23	-9.75	0.99	-1.05	-9.41	-2.52	-1.97	-7.42	6.09	-0.09	-4.53	-8.69
11:29:14.245798	-0.24	-9.75	1.0	-0.96	-9.39	-2.63	-1.93	-7.47	6.04	0.13	-4.64	-8.63
11:29:14.255872	-0.24	-9.75	1.0	-0.87	-9.370000000000001	-2.75	-1.8900000000000001	-7.54	5.96	0.26	-4.7700000000000005	-8.56
11:29:14.265959	-0.25	-9.75	1.01	-0.79	-9.34	-2.87	-1.85	-7.640000000000001	5.8500000000000005	0.29	-4.86	-8.51
11:29:14.276039	-0.25	-9.75	1.01	-0.72	-9.3	-2.99	-1.81	-7.75	5.72	0.33	-4.99	-8.43
11:29:14.286111	-0.26	-9.74	1.02	-0.65	-9.26	-3.13	-1.77	-7.87	5.5600000000000005	0.39	-5.21	-8.290000000000001
11:29:14.296184	-0.26	-9.74	1.03	-0.58	-9.22	-3.27	-1.72	-8.01	5.38	0.44	-5.48	-8.11
11:29:14.306260	-0.27	-9.74	1.04	-0.51	-9.18	-3.4	-1.6600000000000001	-8.15	5.17	0.48	-5.75	-7.92
11:29:14.316377	-0.27	-9.74	1.05	-0.46	-9.14	-3.52	-1.58	-8.31	4.95	0.55	-6.04	-7.7
11:29:14.326463	-0.28	-9.74	1.06	-0.41000000000000003	-9.1	-3.63	-1.49	-8.47	4.69	0.65	-6.33	-7.45
11:29:14.336536	-0.28	-9.74	1.07	-0.36	-9.06	-3.72	-1.41	-8.64	4.4	0.75	-6.62	-7.19
11:29:14.346605	-0.29	-9.74	1.08	-0.31	-9.03	-3.8000000000000003	-1.34	-8.81	4.08	0.84	-6.890000000000001	-6.91
11:29:14.356683	-0.29	-9.74	1.09	-0.27	-9.0	-3.87	-1.27	-8.97	3.74	0.93	-7.16	-6.62
11:29:14.366758	-0.29	-9.73	1.11	-0.23	-8.97	-3.93	-1.2	-9.120000000000001	3.37	1.0	-7.41	-6.33
11:29:14.376834	-0.3	-9.73	1.12	-0.19	-8.950000000000001	-3.99	-1.1400000000000001	-9.26	2.99	1.05	-7.65	-6.04
11:29:14.386962	-0.3	-9.73	1.12	-0.15	-8.93	-4.03	-1.08	-9.39	2.59	1.1	-7.88	-5.72
11:29:14.397037	-0.31	-9.73	1.1300000000000001	-0.11	-8.92	-4.05	-1.03	-9.5	2.18	1.1300000000000001	-8.11	-5.38
11:29:14.407108	-0.32	-9.73	1.1300000000000001	-0.07	-8.92	-4.07	-0.97	-9.59	1.76	1.1500000000000001	-8.33	-5.03
11:29:14.417186	-0.33	-9.73	1.1300000000000001	-0.02	-8.91	-4.08	-0.9	-9.67	1.33	1.1500000000000001	-8.540000000000001	-4.67
11:29:14.427256	-0.34	-9.73	1.1300000000000001	0.02	-8.91	-4.08	-0.8300000000000001	-9.72	0.89	1.1400000000000001	-8.73	-4.3
11:29:14.437332	-0.35000000000000003	-9.73	1.12	0.07	-8.92	-4.07	-0.76	-9.76	0.46	1.12	-8.91	-3.93
11:29:14.447407	-0.37	-9.73	1.12	0.11	-8.92	-4.05	-0.6900000000000001	-9.78	0.02	1.08	-9.07	-3.5500000000000003
11:29:14.457526	-0.37	-9.73	1.12	0.16	-8.93	-4.03	-0.62	-9.77	-0.39	1.03	-9.21	-3.2
11:29:14.467647	-0.39	-9.73	1.11	0.21	-8.950000000000001	-3.99	-0.56	-9.75	-0.81	0.9500000000000001	-9.44	-2.47
11:29:14.477716	-0.41000000000000003	-9.73	1.1	0.25	-8.97	-3.95	-0.51	-9.71	-1.21	0.9500000000000001	-9.44	-2.47
11:29:14.487808	-0.42	-9.73	1.1	0.29	-8.99	-3.9	-0.47000000000000003	-9.66	-1.59	0.91	-9.53	-2.11
11:29:14.497928	-0.44	-9.73	1.09	0.36	-9.040000000000001	-3.7800000000000002	-0.43	-9.6	-1.94	0.88	-9.6	-1.77
11:29:14.508057	-0.45	-9.73	1.08	0.38	-9.06	-3.71	-0.4	-9.53	-2.27	0.84	-9.65	-1.46
11:29:14.518166	-0.47000000000000003	-9.73	1.07	0.39	-9.08	-3.66	-0.38	-9.450000000000001	-2.56	0.8300000000000001	-9.700000000000001	-1.17
11:29:14.528828	-0.48	-9.73	1.06	0.39	-9.1	-3.62	-0.36	-9.38	-2.82	0.8300000000000001	-9.72	-0.9
11:29:14.538920	-0.5	-9.73	1.05	0.38	-9.11	-3.59	-0.36	-9.31	-3.04	0.81	-9.74	-0.66
11:29:14.549031	-0.51	-9.73	1.05	0.37	-9.120000000000001	-3.5700000000000003	-0.36	-9.25	-3.22	0.79	-9.77	-0.29
11:29:14.559100	-0.53	-9.73	1.04	0.37	-9.13	-3.5500000000000003	-0.36	-9.200000000000001	-3.36	0.78	-9.77	-0.15
11:29:14.569474	-0.54	-9.73	1.03	0.37	-9.13	-3.54	-0.37	-9.16	-3.46	0.77	-9.77	-0.06
11:29:14.579545	-0.56	-9.73	1.02	0.38	-9.14	-3.52	-0.38	-9.14	-3.52	0.77	-9.77	-0.06
11:29:14.589778	-0.5700000000000001	-9.73	1.02	0.4	-9.14	-3.5100000000000002	-0.39	-9.13	-3.5300000000000002	0.77	-9.77	0.0
11:29:14.599845	-0.59	-9.73	1.01	0.43	-9.14	-3.5	-0.39	-9.15	-3.5	0.78	-9.77	-0.03
11:29:14.609956	-0.6	-9.73	1.0	0.45	-9.14	-3.5	-0.39	-9.17	-3.43	0.78	-9.77	-0.1
11:29:14.620063	-0.62	-9.73	1.0	0.48	-9.14	-3.5	-0.4	-9.25	-3.2	0.81	-9.77	-0.19
11:29:14.630162	-0.63	-9.73	0.99	0.49	-9.13	-3.52	-0.4	-9.25	-3.2	0.88	-9.75	-0.4
11:29:14.640292	-0.64	-9.73	0.98	0.5	-9.120000000000001	-3.54	-0.41000000000000003	-9.36	-2.87	0.97	-9.73	-0.64
11:29:14.650900	-0.65	-9.73	0.98	0.5	-9.120000000000001	-3.56	-0.41000000000000003	-9.42	-2.69	1.06	-9.71	-0.8300000000000001
11:29:14.660977	-0.66	-9.73	0.97	0.48	-9.120000000000001	-3.5700000000000003	-0.4	-9.450000000000001	-2.57	1.11	-9.700000000000001	-0.86
11:29:14.671288	-0.66	-9.73	0.96	0.46	-9.120000000000001	-3.56	-0.44	-9.47	-2.49	1.18	-9.700000000000001	-0.6900000000000001
11:29:14.681665	-0.67	-9.73	0.96	0.42	-9.14	-3.52	-0.52	-9.49	-2.4	1.31	-9.67	-0.88
11:29:14.691802	-0.67	-9.73	0.97	0.39	-9.15	-3.48	-0.59	-9.52	-2.24	1.31	-9.63	-1.26
11:29:14.702467	-0.67	-9.73	0.98	0.36	-9.16	-3.47	-0.64	-9.56	-2.07	1.1300000000000001	-9.61	-1.58
11:29:14.712558	-0.67	-9.73	1.0	0.34	-9.15	-3.49	-0.65	-9.59	-1.92	0.92	-9.59	-1.81
11:29:14.722638	-0.68	-9.73	1.01	0.34	-9.15	-3.48	-0.65	-9.620000000000001	-1.77	0.75	-9.53	-2.14
11:29:14.732703	-0.67	-9.72	1.03	0.34	-9.15	-3.49	-0.64	-9.65	-1.61	0.6	-9.46	-2.48
11:29:14.742816	-0.66	-9.72	1.04	0.33	-9.14	-3.52	-0.64	-9.67	-1.45	0.52	-9.44	-2.59
11:29:14.752969	-0.66	-9.72	1.06	0.32	-9.13	-3.5500000000000003	-0.65	-9.69	-1.3	0.48	-9.450000000000001	-2.57
11:29:14.763546	-0.65	-9.72	1.08	0.29	-9.13	-3.5500000000000003	-0.66	-9.71	-1.1500000000000001	0.48	-9.450000000000001	-2.56
11:29:14.774043	-0.64	-9.72	1.11	0.27	-9.15	-3.5100000000000002	-0.66	-9.72	-1.02	0.52	-9.450000000000001	-2.5300000000000002
11:29:14.784110	-0.63	-9.72	1.1300000000000001	0.25	-9.18	-3.43	-0.65	-9.74	-0.9	0.59	-9.46	-2.5
11:29:14.794612	-0.61	-9.71	1.1500000000000001	0.25	-9.21	-3.33	-0.62	-9.75	-0.8	0.63	-9.43	-2.6
11:29:14.804688	-0.59	-9.71	1.17	0.25	-9.25	-3.23	-0.59	-9.76	-0.7000000000000001	0.67	-9.370000000000001	-2.79
11:29:14.814775	-0.56	-9.71	1.18	0.23	-9.290000000000001	-3.12	-0.5700000000000001	-9.77	-0.6	0.66	-9.32	-2.94
11:29:14.824854	-0.53	-9.71	1.2	0.2	-9.32	-3.0300000000000002	-0.56	-9.77	-0.51	0.62	-9.31	-3.0
11:29:14.835454	-0.5	-9.71	1.22	0.15	-9.34	-2.96	-0.56	-9.78	-0.43	0.55	-9.3	-3.0300000000000002
11:29:14.846139	-0.46	-9.71	1.25	0.08	-9.35	-2.93	-0.55	-9.78	-0.34	0.49	-9.28	-3.1
11:29:14.856241	-0.45	-9.71	1.26	0.01	-9.36	-2.9	-0.55	-9.78	-0.24	0.5	-9.28	-3.12
11:29:14.866317	-0.45	-9.71	1.26	-0.04	-9.370000000000001	-2.86	-0.55	-9.78	-0.16	0.5	-9.27	-3.13
11:29:14.876400	-0.45	-9.71	1.27	-0.1	-9.39	-2.81	-0.54	-9.790000000000001	-0.07	0.49	-9.26	-3.18
11:29:14.886467	-0.46	-9.71	1.27	-0.14	-9.41	-2.74	-0.53	-9.790000000000001	-0.01	0.46	-9.23	-3.25
11:29:14.896536	-0.47000000000000003	-9.71	1.27	-0.18	-9.43	-2.66	-0.52	-9.790000000000001	0.04	0.45	-9.21	-3.3200000000000003
11:29:14.906650	-0.48	-9.71	1.27	-0.2	-9.450000000000001	-2.57	-0.52	-9.790000000000001	0.09	0.46	-9.200000000000001	-3.35
11:29:14.916723	-0.49	-9.71	1.27	-0.23	-9.48	-2.48	-0.52	-9.790000000000001	0.14	0.46	-9.19	-3.37
11:29:14.926807	-0.49	-9.71	1.27	-0.25	-9.5	-2.38	-0.51	-9.790000000000001	0.2	0.46	-9.17	-3.42
11:29:14.936874	-0.5	-9.71	1.27	-0.27	-9.53	-2.2800000000000002	-0.51	-9.78	0.25	0.46	-9.15	-3.49
11:29:14.946982	-0.5	-9.71	1.27	-0.3	-9.55	-2.17	-0.51	-9.78	0.3	0.46	-9.13	-3.5300000000000002
11:29:14.957086	-0.49	-9.71	1.27	-0.34	-9.57	-2.08	-0.5	-9.78	0.34	0.46	-9.11	-3.58
11:29:14.967160	-0.48	-9.71	1.27	-0.38	-9.59	-1.98	-0.5	-9.78	0.39	0.46	-9.09	-3.64
11:29:14.977242	-0.48	-9.71	1.26	-0.42	-9.61	-1.9000000000000001	-0.5	-9.78	0.43	0.46	-9.07	-3.67
11:29:14.987313	-0.47000000000000003	-9.71	1.26	-0.47000000000000003	-9.620000000000001	-1.81	-0.5	-9.78	0.47000000000000003	0.48	-9.07	-3.69
11:29:14.997383	-0.46	-9.71	1.25	-0.53	-9.63	-1.73	-0.5	-9.78	0.51	0.49	-9.05	-3.72
11:29:15.007453	-0.45	-9.71	1.25	-0.58	-9.64	-1.6500000000000001	-0.5	-9.77	0.56	0.49	-9.03	-3.77
11:29:15.018269	-0.43	-9.71	1.24	-0.64	-9.65	-1.57	-0.5	-9.77	0.6	0.49	-9.0	-3.84
11:29:15.028439	-0.42	-9.71	1.24	-0.76	-9.67	-1.4000000000000001	-0.5	-9.77	0.64	0.51	-9.0	-3.85
11:29:15.039053	-0.41000000000000003	-9.71	1.24	-0.8200000000000001	-9.68	-1.31	-0.5	-9.76	0.68	0.51	-9.0	-3.85
11:29:15.049243	-0.41000000000000003	-9.71	1.24	-0.87	-9.69	-1.21	-0.5	-9.76	0.72	0.55	-8.97	-3.9
11:29:15.059313	-0.4	-9.71	1.24	-0.92	-9.69	-1.12	-0.5	-9.76	0.75	0.56	-8.96	-3.92
11:29:15.069414	-0.4	-9.71	1.24	-0.97	-9.700000000000001	-1.02	-0.51	-9.76	0.79	0.5700000000000001	-8.950000000000001	-3.96
11:29:15.079494	-0.39	-9.71	1.25	-1.03	-9.700000000000001	-0.92	-0.51	-9.75	0.8200000000000001	0.5700000000000001	-8.93	-3.99
11:29:15.090138	-0.39	-9.71	1.26	-1.09	-9.700000000000001	-0.8200000000000001	-0.51	-9.75	0.86	0.6	-8.93	-3.99
11:29:15.100270	-0.39	-9.71	1.27	-1.16	-9.700000000000001	-0.73	-0.52	-9.75	0.9	0.61	-8.92	-4.01
11:29:15.110435	-0.38	-9.71	1.29	-1.23	-9.700000000000001	-0.64	-0.52	-9.74	0.9400000000000001	0.61	-8.9	-4.05
11:29:15.121325	-0.38	-9.71	1.31	-1.3	-9.700000000000001	-0.55	-0.53	-9.74	0.98	0.61	-8.89	-4.07
11:29:15.131437	-0.38	-9.700000000000001	1.33	-1.37	-9.69	-0.48	-0.54	-9.73	1.07	0.61	-8.88	-4.09
11:29:15.142157	-0.38	-9.700000000000001	1.35	-1.44	-9.69	-0.41000000000000003	-0.55	-9.72	1.12	0.62	-8.86	-4.13
11:29:15.152863	-0.39	-9.700000000000001	1.3800000000000001	-1.51	-9.68	-0.35000000000000003	-0.5700000000000001	-9.71	1.18	0.6	-8.84	-4.18
11:29:15.162959	-0.4	-9.69	1.4000000000000001	-1.58	-9.67	-0.29	-0.58	-9.71	1.23	0.55	-8.82	-4.23
11:29:15.173612	-0.41000000000000003	-9.69	1.42	-1.6500000000000001	-9.66	-0.25	-0.6	-9.700000000000001	1.3	0.51	-8.8	-4.2700000000000005
11:29:15.183987	-0.42	-9.68	1.44	-1.72	-9.65	-0.2	-0.62	-9.69	1.37	0.48	-8.77	-4.34
11:29:15.194061	-0.43	-9.68	1.46	-1.78	-9.64	-0.17	-0.64	-9.67	1.44	0.47000000000000003	-8.74	-4.41
11:29:15.204857	-0.45	-9.68	1.48	-1.84	-9.63	-0.13	-0.66	-9.66	1.52	0.46	-8.71	-4.48
11:29:15.214935	-0.47000000000000003	-9.67	1.5	-1.8900000000000001	-9.620000000000001	-0.1	-0.6900000000000001	-9.64	1.6	0.45	-8.67	-4.55
11:29:15.225019	-0.49	-9.67	1.51	-1.94	-9.61	-0.07	-0.72	-9.63	1.7	0.44	-8.620000000000001	-4.64
11:29:15.235663	-0.5	-9.67	1.53	-1.99	-9.6	-0.04	-0.76	-9.6	1.8	0.43	-8.57	-4.73
11:29:15.245801	-0.51	-9.67	1.54	-2.0300000000000002	-9.59	-0.02	-0.79	-9.58	1.9000000000000001	0.41000000000000003	-8.52	-4.82
11:29:15.255877	-0.51	-9.66	1.55	-2.08	-9.58	0.0	-0.8300000000000001	-9.55	2.02	0.4	-8.47	-4.92
11:29:15.265949	-0.51	-9.66	1.57	-2.12	-9.57	0.01	-0.87	-9.52	2.15	0.39	-8.4	-5.03
11:29:15.276027	-0.51	-9.66	1.58	-2.16	-9.56	0.01	-0.92	-9.49	2.2800000000000002	0.37	-8.33	-5.15
11:29:15.286113	-0.51	-9.66	1.59	-2.19	-9.55	0.01	-0.96	-9.450000000000001	2.42	0.35000000000000003	-8.26	-5.25
11:29:15.296201	-0.5	-9.66	1.59	-2.23	-9.540000000000001	0.0	-1.01	-9.4	2.57	0.33	-8.18	-5.38
11:29:15.306329	-0.5	-9.66	1.59	-2.2600000000000002	-9.540000000000001	0.0	-1.06	-9.35	2.73	0.31	-8.09	-5.5200000000000005
11:29:15.316999	-0.51	-9.66	1.57	-2.2800000000000002	-9.53	-0.02	-1.12	-9.3	2.89	0.3	-8.0	-5.66
11:29:15.327151	-0.52	-9.66	1.55	-2.29	-9.53	-0.04	-1.17	-9.23	3.0700000000000003	0.25	-7.91	-5.78
11:29:15.337231	-0.53	-9.67	1.52	-2.3000000000000003	-9.53	-0.08	-1.21	-9.17	3.25	0.17	-7.79	-5.94
11:29:15.347304	-0.54	-9.67	1.5	-2.29	-9.53	-0.12	-1.25	-9.09	3.45	0.14	-7.67	-6.1000000000000005
11:29:15.357487	-0.53	-9.67	1.48	-2.27	-9.53	-0.18	-1.3	-9.0	3.65	0.09	-7.5200000000000005	-6.28
11:29:15.367652	-0.5	-9.68	1.47	-2.23	-9.540000000000001	-0.26	-1.35	-8.91	3.85	-0.09	-7.22	-6.62
11:29:15.377730	-0.47000000000000003	-9.68	1.46	-2.19	-9.55	-0.35000000000000003	-1.3900000000000001	-8.81	4.07	-0.09	-7.22	-6.62
11:29:15.387834	-0.43	-9.68	1.45	-2.14	-9.55	-0.45	-1.44	-8.69	4.29	-0.23	-7.05	-6.8100000000000005
11:29:15.397921	-0.4	-9.69	1.45	-2.09	-9.56	-0.58	-1.52	-8.57	4.51	-0.36	-6.86	-6.98
11:29:15.407995	-0.36	-9.69	1.44	-2.0300000000000002	-9.56	-0.74	-1.6300000000000001	-8.43	4.72	-0.43	-6.69	-7.140000000000001
11:29:15.418082	-0.34	-9.69	1.44	-1.98	-9.55	-0.92	-1.79	-8.290000000000001	4.91	-0.5	-6.5	-7.32
11:29:15.428209	-0.31	-9.69	1.43	-1.92	-9.540000000000001	-1.12	-1.95	-8.15	5.08	-0.59	-6.25	-7.53
11:29:15.438303	-0.3	-9.69	1.42	-1.86	-9.53	-1.34	-2.08	-8.040000000000001	5.21	-0.66	-5.95	-7.76
11:29:15.448421	-0.29	-9.69	1.41	-1.78	-9.51	-1.58	-2.16	-7.94	5.32	-0.75	-5.57	-8.03
11:29:15.458493	-0.28	-9.700000000000001	1.4000000000000001	-1.7	-9.48	-1.83	-2.17	-7.83	5.47	-0.85	-5.12	-8.31
11:29:15.468586	-0.26	-9.700000000000001	1.3800000000000001	-1.5	-9.41	-2.2800000000000002	-2.16	-7.73	5.62	-1.36	-4.3	-8.700000000000001
11:29:15.478923	-0.26	-9.700000000000001	1.3800000000000001	-1.5	-9.41	-2.2800000000000002	-2.16	-7.63	5.75	-1.36	-4.3	-8.700000000000001
11:29:15.489013	-0.25	-9.700000000000001	1.35	-1.4000000000000001	-9.38	-2.45	-2.16	-7.54	5.87	-1.67	-4.12	-8.73
11:29:15.499544	-0.25	-9.71	1.34	-1.19	-9.33	-2.74	-2.16	-7.47	5.96	-0.89	-4.25	-8.78
11:29:15.509615	-0.25	-9.71	1.33	-1.09	-9.31	-2.86	-2.15	-7.43	6.0200000000000005	-0.68	-4.3	-8.78
11:29:15.519776	-0.25	-9.71	1.33	-1.0	-9.290000000000001	-2.97	-2.14	-7.42	6.04	-0.65	-4.32	-8.77
11:29:15.529867	-0.25	-9.71	1.33	-0.9	-9.26	-3.08	-2.12	-7.43	6.03	-0.49	-4.38	-8.75
11:29:15.540389	-0.24	-9.71	1.34	-0.8200000000000001	-9.23	-3.19	-2.08	-7.46	6.0	-0.24	-4.5200000000000005	-8.69
11:29:15.550479	-0.23	-9.71	1.34	-0.73	-9.200000000000001	-3.31	-2.02	-7.5200000000000005	5.95	-0.02	-4.73	-8.58
11:29:15.560585	-0.23	-9.700000000000001	1.35	-0.65	-9.16	-3.43	-1.85	-7.71	5.76	0.1	-4.97	-8.45
11:29:15.570706	-0.22	-9.700000000000001	1.35	-0.58	-9.11	-3.56	-1.85	-7.71	5.76	0.16	-5.16	-8.33
11:29:15.580835	-0.21	-9.700000000000001	1.36	-0.58	-9.11	-3.56	-1.78	-7.83	5.62	0.16	-5.16	-8.33
11:29:15.590962	-0.21	-9.700000000000001	1.36	-0.45	-9.02	-3.8000000000000003	-1.72	-7.96	5.44	0.26	-5.58	-8.05
11:29:15.601367	-0.2	-9.700000000000001	1.37	-0.39	-8.98	-3.91	-1.59	-8.26	5.0200000000000005	0.28	-5.87	-7.84
11:29:15.611476	-0.2	-9.700000000000001	1.3800000000000001	-0.34	-8.94	-4.0	-1.5	-8.43	4.7700000000000005	0.3	-6.16	-7.61
11:29:15.621607	-0.2	-9.700000000000001	1.3800000000000001	-0.3	-8.91	-4.08	-1.41	-8.6	4.48	0.35000000000000003	-6.46	-7.36
11:29:15.631734	-0.2	-9.700000000000001	1.3800000000000001	-0.26	-8.870000000000001	-4.15	-1.31	-8.77	4.17	0.42	-6.7700000000000005	-7.07
11:29:15.642275	-0.21	-9.700000000000001	1.3800000000000001	-0.22	-8.84	-4.22	-1.21	-8.94	3.83	0.49	-7.07	-6.7700000000000005
11:29:15.652371	-0.21	-9.700000000000001	1.3900000000000001	-0.19	-8.82	-4.2700000000000005	-1.1300000000000001	-9.1	3.46	0.55	-7.36	-6.45
11:29:15.662461	-0.21	-9.700000000000001	1.3900000000000001	-0.16	-8.8	-4.3100000000000005	-1.05	-9.25	3.0700000000000003	0.61	-7.62	-6.13
11:29:15.672576	-0.21	-9.700000000000001	1.3900000000000001	-0.12	-8.790000000000001	-4.34	-0.98	-9.38	2.67	0.66	-7.86	-5.8100000000000005
11:29:15.682691	-0.21	-9.700000000000001	1.3800000000000001	-0.09	-8.77	-4.36	-0.92	-9.5	2.24	0.6900000000000001	-8.09	-5.49
11:29:15.693176	-0.21	-9.700000000000001	1.3800000000000001	-0.04	-8.77	-4.38	-0.86	-9.59	1.81	0.72	-8.3	-5.16
11:29:15.703288	-0.21	-9.700000000000001	1.3800000000000001	0.0	-8.77	-4.38	-0.79	-9.67	1.3800000000000001	0.75	-8.51	-4.8100000000000005
11:29:15.713506	-0.21	-9.700000000000001	1.37	0.05	-8.77	-4.38	-0.73	-9.73	0.9500000000000001	0.76	-8.700000000000001	-4.45
11:29:15.724218	-0.21	-9.700000000000001	1.36	0.11	-8.78	-4.36	-0.66	-9.77	0.52	0.74	-8.88	-4.07
11:29:15.734625	-0.22	-9.71	1.34	0.17	-8.790000000000001	-4.33	-0.59	-9.78	0.09	0.72	-9.040000000000001	-3.71
11:29:15.744695	-0.23	-9.71	1.32	0.23	-8.8	-4.3	-0.53	-9.78	-0.31	0.7000000000000001	-9.18	-3.36
11:29:15.754796	-0.24	-9.71	1.3	0.29	-8.82	-4.26	-0.47000000000000003	-9.76	-0.7000000000000001	0.68	-9.290000000000001	-3.0300000000000002
11:29:15.764868	-0.25	-9.71	1.28	0.34	-8.84	-4.22	-0.41000000000000003	-9.73	-1.08	0.65	-9.4	-2.69
11:29:15.775201	-0.26	-9.72	1.25	0.4	-8.86	-4.17	-0.36	-9.69	-1.43	0.64	-9.49	-2.35
11:29:15.785321	-0.26	-9.72	1.25	0.45	-8.88	-4.11	-0.32	-9.64	-1.76	0.63	-9.57	-2.0300000000000002
11:29:15.795390	-0.28	-9.72	1.21	0.5	-8.91	-4.0600000000000005	-0.28	-9.58	-2.07	0.62	-9.63	-1.73
11:29:15.805461	-0.29	-9.72	1.19	0.55	-8.93	-4.0	-0.25	-9.51	-2.35	0.61	-9.67	-1.45
11:29:15.815529	-0.3	-9.73	1.17	0.58	-8.950000000000001	-3.95	-0.22	-9.44	-2.61	0.61	-9.71	-1.18
11:29:15.825598	-0.31	-9.73	1.1500000000000001	0.61	-8.97	-3.91	-0.2	-9.38	-2.83	0.59	-9.74	-0.9400000000000001
11:29:15.835677	-0.32	-9.73	1.1300000000000001	0.62	-8.98	-3.88	-0.19	-9.32	-3.0100000000000002	0.58	-9.76	-0.73
11:29:15.845748	-0.33	-9.73	1.12	0.63	-8.99	-3.86	-0.19	-9.27	-3.17	0.58	-9.77	-0.54
11:29:15.855850	-0.33	-9.73	1.11	0.63	-8.99	-3.85	-0.2	-9.23	-3.29	0.58	-9.78	-0.4
11:29:15.865917	-0.34	-9.73	1.09	0.63	-9.0	-3.83	-0.21	-9.200000000000001	-3.37	0.58	-9.78	-0.28
11:29:15.876028	-0.34	-9.73	1.08	0.64	-9.0	-3.8200000000000003	-0.23	-9.18	-3.41	0.59	-9.78	-0.21
11:29:15.886160	-0.34	-9.73	1.08	0.65	-9.01	-3.8000000000000003	-0.26	-9.18	-3.43	0.6	-9.78	-0.16
11:29:15.896248	-0.35000000000000003	-9.74	1.07	0.66	-9.02	-3.77	-0.28	-9.18	-3.41	0.61	-9.78	-0.15
11:29:15.906313	-0.35000000000000003	-9.74	1.06	0.68	-9.03	-3.75	-0.31	-9.200000000000001	-3.36	0.62	-9.78	-0.16
11:29:15.916392	-0.35000000000000003	-9.74	1.05	0.7000000000000001	-9.03	-3.74	-0.33	-9.23	-3.2800000000000002	0.63	-9.78	-0.2
11:29:15.926462	-0.36	-9.74	1.04	0.71	-9.03	-3.74	-0.36	-9.26	-3.18	0.64	-9.78	-0.26
11:29:15.936606	-0.36	-9.74	1.02	0.71	-9.03	-3.74	-0.38	-9.3	-3.06	0.65	-9.77	-0.33
11:29:15.946718	-0.37	-9.74	1.02	0.7000000000000001	-9.03	-3.74	-0.39	-9.35	-2.92	0.6900000000000001	-9.77	-0.43
11:29:15.956880	-0.37	-9.74	1.01	0.6900000000000001	-9.040000000000001	-3.73	-0.4	-9.39	-2.77	0.77	-9.75	-0.66
11:29:15.967326	-0.37	-9.74	1.0	0.68	-9.05	-3.7	-0.41000000000000003	-9.44	-2.6	0.84	-9.73	-0.88
11:29:15.977398	-0.38	-9.74	0.99	0.66	-9.06	-3.67	-0.41000000000000003	-9.48	-2.46	0.89	-9.71	-0.97
11:29:15.987667	-0.38	-9.74	0.98	0.63	-9.09	-3.62	-0.39	-9.5	-2.4	0.91	-9.72	-0.88
11:29:15.997734	-0.37	-9.74	0.98	0.6	-9.11	-3.5500000000000003	-0.41000000000000003	-9.5	-2.37	0.98	-9.73	-0.62
11:29:16.007804	-0.37	-9.74	0.99	0.58	-9.14	-3.49	-0.45	-9.51	-2.33	1.1	-9.71	-0.72
11:29:16.017874	-0.37	-9.74	0.99	0.56	-9.16	-3.45	-0.48	-9.53	-2.23	1.1300000000000001	-9.68	-1.06
11:29:16.027988	-0.37	-9.74	1.0	0.55	-9.17	-3.42	-0.49	-9.56	-2.1	1.0	-9.65	-1.41
11:29:16.038073	-0.37	-9.74	1.0	0.55	-9.18	-3.39	-0.48	-9.59	-1.97	0.84	-9.61	-1.73
11:29:16.048174	-0.36	-9.74	1.0	0.55	-9.18	-3.38	-0.46	-9.61	-1.86	0.7000000000000001	-9.56	-2.04
11:29:16.058244	-0.35000000000000003	-9.74	1.0	0.55	-9.18	-3.38	-0.44	-9.63	-1.75	0.51	-9.48	-2.42
11:29:16.068358	-0.34	-9.74	1.0	0.56	-9.18	-3.38	-0.43	-9.65	-1.6400000000000001	0.46	-9.47	-2.47
11:29:16.078452	-0.33	-9.74	1.0	0.55	-9.19	-3.35	-0.44	-9.67	-1.53	0.46	-9.49	-2.4
11:29:16.088568	-0.32	-9.74	1.0	0.54	-9.21	-3.31	-0.45	-9.69	-1.42	0.5	-9.52	-2.29
11:29:16.098687	-0.31	-9.74	1.01	0.53	-9.23	-3.25	-0.46	-9.700000000000001	-1.32	0.53	-9.52	-2.25
11:29:16.108789	-0.3	-9.74	1.02	0.53	-9.26	-3.16	-0.44	-9.71	-1.24	0.56	-9.5	-2.34
11:29:16.119424	-0.28	-9.74	1.03	0.51	-9.3	-3.0500000000000003	-0.4	-9.72	-1.16	0.6	-9.47	-2.46
11:29:16.129555	-0.26	-9.74	1.03	0.46	-9.36	-2.86	-0.37	-9.73	-1.1	0.56	-9.44	-2.58
11:29:16.139699	-0.23	-9.74	1.04	0.41000000000000003	-9.39	-2.7800000000000002	-0.34	-9.74	-1.04	0.5	-9.42	-2.65
11:29:16.150360	-0.2	-9.74	1.05	0.35000000000000003	-9.41	-2.71	-0.32	-9.75	-0.97	0.5	-9.42	-2.66
11:29:16.160453	-0.17	-9.74	1.07	0.29	-9.43	-2.66	-0.3	-9.75	-0.91	0.5	-9.42	-2.65
11:29:16.170526	-0.14	-9.74	1.08	0.22	-9.44	-2.61	-0.3	-9.76	-0.85	0.5	-9.42	-2.67
11:29:16.180834	-0.14	-9.74	1.08	0.22	-9.44	-2.61	-0.29	-9.77	-0.78	0.5	-9.42	-2.67
11:29:16.191192	-0.12	-9.74	1.08	0.16	-9.46	-2.56	-0.29	-9.77	-0.72	0.48	-9.41	-2.71
11:29:16.201301	-0.11	-9.74	1.09	0.11	-9.47	-2.5100000000000002	-0.29	-9.78	-0.65	0.47000000000000003	-9.4	-2.75
11:29:16.211429	-0.11	-9.74	1.09	0.04	-9.5	-2.39	-0.29	-9.78	-0.59	0.45	-9.38	-2.81
11:29:16.221501	-0.12	-9.74	1.09	0.01	-9.52	-2.32	-0.29	-9.790000000000001	-0.47000000000000003	0.44	-9.370000000000001	-2.82
11:29:16.231728	-0.12	-9.74	1.08	-0.01	-9.540000000000001	-2.23	-0.29	-9.790000000000001	-0.47000000000000003	0.45	-9.36	-2.86
11:29:16.241862	-0.13	-9.74	1.08	-0.03	-9.56	-2.15	-0.28	-9.790000000000001	-0.36	0.49	-9.34	-2.94
11:29:16.251993	-0.13	-9.74	1.07	-0.06	-9.58	-2.06	-0.29	-9.790000000000001	-0.31	0.51	-9.31	-3.0100000000000002
11:29:16.262286	-0.14	-9.74	1.07	-0.09	-9.6	-1.97	-0.29	-9.790000000000001	-0.26	0.52	-9.290000000000001	-3.08
11:29:16.272398	-0.14	-9.74	1.06	-0.13	-9.620000000000001	-1.8900000000000001	-0.29	-9.790000000000001	-0.26	0.51	-9.27	-3.14
11:29:16.282511	-0.13	-9.74	1.06	-0.16	-9.63	-1.81	-0.3	-9.8	-0.15	0.51	-9.27	-3.14
11:29:16.292626	-0.12	-9.74	1.05	-0.2	-9.64	-1.74	-0.31	-9.8	-0.09	0.5	-9.26	-3.18
11:29:16.302710	-0.11	-9.74	1.04	-0.24	-9.65	-1.68	-0.32	-9.8	-0.02	0.5	-9.26	-3.18
11:29:16.312861	-0.11	-9.75	1.03	-0.27	-9.66	-1.62	-0.32	-9.8	-0.02	0.51	-9.23	-3.25
11:29:16.322965	-0.1	-9.75	1.03	-0.31	-9.67	-1.56	-0.34	-9.8	0.1	0.51	-9.23	-3.25
11:29:16.333182	-0.09	-9.75	1.02	-0.35000000000000003	-9.68	-1.51	-0.34	-9.790000000000001	0.18	0.51	-9.23	-3.25
11:29:16.343284	-0.09	-9.75	1.01	-0.38	-9.69	-1.45	-0.35000000000000003	-9.790000000000001	0.26	0.53	-9.16	-3.43
11:29:16.353417	-0.08	-9.75	1.0	-0.42	-9.69	-1.4000000000000001	-0.36	-9.790000000000001	0.33	0.54	-9.14	-3.49
11:29:16.363845	-0.08	-9.75	0.99	-0.45	-9.700000000000001	-1.35	-0.36	-9.790000000000001	0.41000000000000003	0.55	-9.120000000000001	-3.5500000000000003
11:29:16.373917	-0.07	-9.75	0.99	-0.47000000000000003	-9.700000000000001	-1.29	-0.37	-9.78	0.49	0.56	-9.09	-3.61
11:29:16.384042	-0.07	-9.75	0.99	-0.5	-9.71	-1.23	-0.37	-9.78	0.5700000000000001	0.56	-9.09	-3.61
11:29:16.394167	-0.08	-9.75	0.98	-0.52	-9.72	-1.17	-0.38	-9.77	0.65	0.56	-9.040000000000001	-3.74
11:29:16.404627	-0.08	-9.75	0.99	-0.55	-9.72	-1.11	-0.38	-9.77	0.72	0.5700000000000001	-9.02	-3.79
11:29:16.414717	-0.09	-9.75	0.99	-0.58	-9.73	-1.05	-0.38	-9.76	0.8	0.58	-9.0	-3.84
11:29:16.424787	-0.09	-9.75	1.0	-0.62	-9.73	-0.99	-0.38	-9.75	0.87	0.59	-8.98	-3.89
11:29:16.434859	-0.1	-9.75	1.01	-0.66	-9.73	-0.9400000000000001	-0.37	-9.75	0.9400000000000001	0.59	-8.950000000000001	-3.94
11:29:16.445002	-0.11	-9.75	1.02	-0.71	-9.74	-0.88	-0.37	-9.74	1.01	0.6	-8.93	-3.99
11:29:16.455111	-0.12	-9.75	1.03	-0.76	-9.74	-0.8300000000000001	-0.38	-9.73	1.08	0.6	-8.93	-3.99
11:29:16.465218	-0.14	-9.74	1.06	-0.81	-9.74	-0.77	-0.38	-9.73	1.1500000000000001	0.6	-8.89	-4.08
11:29:16.475894	-0.15	-9.74	1.07	-0.87	-9.74	-0.72	-0.38	-9.72	1.21	0.61	-8.870000000000001	-4.13
11:29:16.486012	-0.16	-9.74	1.08	-0.93	-9.73	-0.66	-0.38	-9.71	1.29	0.61	-8.84	-4.18
11:29:16.496093	-0.16	-9.74	1.1	-0.99	-9.73	-0.6	-0.39	-9.700000000000001	1.36	0.61	-8.82	-4.22
11:29:16.506156	-0.17	-9.74	1.11	-1.05	-9.73	-0.54	-0.39	-9.69	1.43	0.62	-8.81	-4.26
11:29:16.516247	-0.18	-9.73	1.1300000000000001	-1.11	-9.73	-0.48	-0.4	-9.68	1.5	0.62	-8.78	-4.3
11:29:16.526318	-0.18	-9.73	1.1400000000000001	-1.17	-9.72	-0.42	-0.4	-9.66	1.58	0.62	-8.76	-4.36
11:29:16.536388	-0.19	-9.73	1.1500000000000001	-1.24	-9.72	-0.36	-0.41000000000000003	-9.65	1.6500000000000001	0.62	-8.74	-4.39
11:29:16.546466	-0.2	-9.73	1.16	-1.3	-9.71	-0.3	-0.42	-9.64	1.73	0.5700000000000001	-8.71	-4.45
11:29:16.556537	-0.21	-9.73	1.17	-1.36	-9.700000000000001	-0.25	-0.43	-9.620000000000001	1.8	0.5	-8.68	-4.53
11:29:16.566625	-0.22	-9.73	1.18	-1.42	-9.700000000000001	-0.2	-0.44	-9.61	1.8800000000000001	0.48	-8.64	-4.6000000000000005
11:29:16.577058	-0.22	-9.73	1.2	-1.48	-9.69	-0.16	-0.46	-9.59	1.95	0.46	-8.6	-4.68
11:29:16.587124	-0.23	-9.72	1.21	-1.54	-9.68	-0.11	-0.48	-9.58	2.0300000000000002	0.45	-8.55	-4.76
11:29:16.597207	-0.24	-9.72	1.22	-1.6	-9.67	-0.07	-0.51	-9.56	2.12	0.45	-8.5	-4.86
11:29:16.607276	-0.25	-9.72	1.23	-1.6600000000000001	-9.66	-0.03	-0.54	-9.53	2.21	0.43	-8.45	-4.95
11:29:16.617379	-0.25	-9.72	1.24	-1.72	-9.65	0.0	-0.5700000000000001	-9.51	2.3000000000000003	0.4	-8.39	-5.04
11:29:16.627444	-0.26	-9.72	1.25	-1.78	-9.64	0.02	-0.6	-9.48	2.4	0.37	-8.33	-5.14
11:29:16.637518	-0.26	-9.72	1.25	-1.83	-9.63	0.04	-0.64	-9.450000000000001	2.5	0.34	-8.26	-5.25
11:29:16.647678	-0.27	-9.72	1.26	-1.8900000000000001	-9.620000000000001	0.05	-0.68	-9.42	2.61	0.29	-8.19	-5.37
11:29:16.657749	-0.28	-9.71	1.27	-1.94	-9.61	0.06	-0.72	-9.39	2.73	0.25	-8.120000000000001	-5.48
11:29:16.667938	-0.29	-9.71	1.27	-1.99	-9.6	0.06	-0.76	-9.35	2.85	0.25	-8.120000000000001	-5.48
11:29:16.678043	-0.3	-9.71	1.28	-2.04	-9.59	0.06	-0.81	-9.3	2.98	0.16	-7.94	-5.75
11:29:16.688116	-0.31	-9.71	1.28	-2.08	-9.58	0.05	-0.86	-9.25	3.11	0.12	-7.84	-5.88
11:29:16.698257	-0.32	-9.71	1.27	-2.12	-9.57	0.04	-0.91	-9.200000000000001	3.25	0.08	-7.74	-6.01
11:29:16.708776	-0.34	-9.71	1.26	-2.15	-9.56	0.02	-0.96	-9.14	3.4	0.0	-7.62	-6.16
11:29:16.719089	-0.36	-9.72	1.24	-2.16	-9.56	0.0	-1.01	-9.08	3.56	0.0	-7.62	-6.16
11:29:16.729251	-0.38	-9.72	1.22	-2.17	-9.56	-0.02	-1.04	-9.0	3.72	-0.12	-7.36	-6.46
11:29:16.739347	-0.38	-9.72	1.2	-2.16	-9.56	-0.06	-1.08	-8.92	3.9	-0.18	-7.23	-6.61
11:29:16.749452	-0.38	-9.72	1.18	-2.11	-9.57	-0.19	-1.1300000000000001	-8.84	4.08	-0.29	-7.07	-6.78
11:29:16.759558	-0.37	-9.72	1.17	-2.08	-9.57	-0.27	-1.17	-8.74	4.2700000000000005	-0.51	-6.74	-7.1000000000000005
11:29:16.769770	-0.34	-9.73	1.16	-2.08	-9.57	-0.27	-1.23	-8.64	4.46	-0.58	-6.57	-7.25
11:29:16.780066	-0.32	-9.73	1.1500000000000001	-2.04	-9.58	-0.38	-1.31	-8.53	4.65	-0.64	-6.390000000000001	-7.4
11:29:16.790135	-0.31	-9.73	1.1500000000000001	-1.95	-9.58	-0.68	-1.44	-8.4	4.83	-0.74	-6.17	-7.58
11:29:16.800267	-0.3	-9.73	1.1500000000000001	-1.9100000000000001	-9.57	-0.86	-1.6	-8.27	5.01	-0.78	-5.9	-7.79
11:29:16.811044	-0.29	-9.73	1.1400000000000001	-1.86	-9.56	-1.06	-1.78	-8.13	5.17	-0.78	-5.57	-8.02
11:29:16.821167	-0.29	-9.73	1.1400000000000001	-1.8	-9.55	-1.28	-1.95	-8.0	5.3100000000000005	-0.84	-5.15	-8.290000000000001
11:29:16.831299	-0.28	-9.73	1.1300000000000001	-1.72	-9.53	-1.53	-2.06	-7.9	5.42	-0.96	-4.64	-8.58
11:29:16.841872	-0.27	-9.73	1.12	-1.62	-9.5	-1.78	-2.11	-7.8100000000000005	5.53	-1.12	-4.12	-8.82
11:29:16.852043	-0.26	-9.73	1.11	-1.5	-9.47	-2.02	-2.12	-7.72	5.65	-1.5	-3.71	-8.950000000000001
11:29:16.862171	-0.25	-9.74	1.09	-1.3900000000000001	-9.450000000000001	-2.2	-2.08	-7.53	5.91	-1.75	-3.59	-8.950000000000001
11:29:16.872578	-0.25	-9.74	1.07	-1.28	-9.43	-2.36	-2.08	-7.45	6.0200000000000005	-1.37	-3.73	-8.96
11:29:16.883002	-0.25	-9.74	1.05	-1.16	-9.4	-2.5	-2.09	-7.38	6.09	-0.86	-3.91	-8.950000000000001
11:29:16.893131	-0.25	-9.74	1.03	-1.06	-9.38	-2.63	-2.08	-7.36	6.13	-0.86	-3.91	-8.950000000000001
11:29:16.903346	-0.26	-9.74	1.01	-0.9500000000000001	-9.35	-2.7600000000000002	-2.08	-7.36	6.13	-0.64	-4.1	-8.88
11:29:16.913810	-0.27	-9.75	1.01	-0.84	-9.33	-2.89	-2.04	-7.37	6.12	-0.52	-4.13	-8.870000000000001
11:29:16.923884	-0.28	-9.75	1.01	-0.75	-9.3	-3.0100000000000002	-1.98	-7.42	6.09	-0.25	-4.28	-8.81
11:29:16.933993	-0.29	-9.74	1.01	-0.66	-9.26	-3.13	-1.9000000000000001	-7.49	6.03	-0.02	-4.55	-8.68
11:29:16.944658	-0.3	-9.74	1.01	-0.5700000000000001	-9.22	-3.2600000000000002	-1.8	-7.59	5.94	0.09	-4.88	-8.5
11:29:16.954911	-0.3	-9.74	1.01	-0.48	-9.18	-3.39	-1.72	-7.7	5.8100000000000005	0.17	-5.15	-8.33
11:29:16.964983	-0.3	-9.74	1.01	-0.4	-9.14	-3.5100000000000002	-1.6500000000000001	-7.83	5.65	0.21	-5.34	-8.21
11:29:16.975429	-0.3	-9.74	1.01	-0.32	-9.1	-3.63	-1.6	-7.98	5.46	0.24	-5.55	-8.07
11:29:16.985878	-0.3	-9.74	1.02	-0.25	-9.06	-3.73	-1.53	-8.13	5.25	0.23	-5.8500000000000005	-7.86
11:29:16.995979	-0.3	-9.74	1.02	-0.18	-9.02	-3.8200000000000003	-1.45	-8.3	5.01	0.24	-6.19	-7.6000000000000005
11:29:17.006233	-0.3	-9.74	1.02	-0.12	-8.99	-3.91	-1.36	-8.47	4.74	0.27	-6.51	-7.32
11:29:17.016299	-0.29	-9.74	1.03	-0.07	-8.950000000000001	-3.99	-1.25	-8.64	4.45	0.33	-6.82	-7.03
11:29:17.026426	-0.29	-9.74	1.03	-0.03	-8.91	-4.07	-1.1500000000000001	-8.82	4.12	0.39	-7.13	-6.71
11:29:17.036492	-0.29	-9.74	1.03	0.0	-8.88	-4.14	-1.06	-8.98	3.77	0.46	-7.42	-6.38
11:29:17.046568	-0.29	-9.74	1.04	0.03	-8.86	-4.19	-0.99	-9.14	3.39	0.52	-7.69	-6.05
11:29:17.056682	-0.28	-9.74	1.04	0.06	-8.84	-4.23	-0.9400000000000001	-9.290000000000001	2.99	0.58	-7.930000000000001	-5.73
11:29:17.066755	-0.28	-9.74	1.05	0.09	-8.82	-4.26	-0.9	-9.42	2.56	0.63	-8.15	-5.4
11:29:17.076844	-0.27	-9.74	1.05	0.13	-8.81	-4.29	-0.86	-9.53	2.13	0.6900000000000001	-8.36	-5.0600000000000005
11:29:17.086958	-0.26	-9.74	1.04	0.16	-8.8	-4.32	-0.8200000000000001	-9.620000000000001	1.69	0.73	-8.56	-4.71
11:29:17.097071	-0.26	-9.74	1.04	0.19	-8.790000000000001	-4.34	-0.75	-9.69	1.26	0.76	-8.74	-4.37
11:29:17.107199	-0.26	-9.74	1.03	0.24	-8.78	-4.34	-0.68	-9.74	0.8300000000000001	0.75	-8.91	-4.0200000000000005
11:29:17.117265	-0.26	-9.74	1.02	0.28	-8.78	-4.34	-0.61	-9.77	0.42	0.73	-9.06	-3.65
11:29:17.127334	-0.26	-9.75	1.01	0.33	-8.78	-4.33	-0.54	-9.790000000000001	0.01	0.71	-9.200000000000001	-3.29
11:29:17.137408	-0.26	-9.75	0.99	0.38	-8.790000000000001	-4.32	-0.47000000000000003	-9.78	-0.38	0.68	-9.33	-2.93
11:29:17.147484	-0.27	-9.75	0.98	0.43	-8.790000000000001	-4.3100000000000005	-0.47000000000000003	-9.78	-0.38	0.66	-9.43	-2.58
11:29:17.157576	-0.28	-9.75	0.96	0.47000000000000003	-8.8	-4.3	-0.37	-9.73	-1.1400000000000001	0.65	-9.52	-2.22
11:29:17.167662	-0.29	-9.75	0.9400000000000001	0.51	-8.8	-4.2700000000000005	-0.33	-9.68	-1.5	0.62	-9.66	-1.54
11:29:17.177790	-0.31	-9.75	0.93	0.54	-8.82	-4.24	-0.31	-9.620000000000001	-1.84	0.62	-9.66	-1.54
11:29:17.187896	-0.32	-9.75	0.92	0.5700000000000001	-8.83	-4.21	-0.29	-9.55	-2.16	0.62	-9.71	-1.22
11:29:17.198015	-0.34	-9.75	0.9	0.6	-8.85	-4.16	-0.27	-9.48	-2.46	0.61	-9.74	-0.92
11:29:17.208090	-0.36	-9.75	0.89	0.62	-8.870000000000001	-4.12	-0.27	-9.41	-2.72	0.6	-9.76	-0.66
11:29:17.218215	-0.38	-9.75	0.89	0.63	-8.89	-4.08	-0.27	-9.34	-2.96	0.59	-9.77	-0.43
11:29:17.228311	-0.4	-9.75	0.88	0.64	-8.9	-4.05	-0.27	-9.28	-3.15	0.58	-9.78	-0.22
11:29:17.238872	-0.42	-9.75	0.88	0.65	-8.91	-4.0200000000000005	-0.28	-9.22	-3.31	0.58	-9.78	-0.05
11:29:17.248941	-0.43	-9.75	0.87	0.66	-8.92	-4.0	-0.28	-9.22	-3.31	0.58	-9.78	0.08
11:29:17.259043	-0.45	-9.75	0.87	0.67	-8.93	-3.98	-0.28	-9.13	-3.54	0.5700000000000001	-9.78	0.19
11:29:17.269154	-0.46	-9.75	0.87	0.68	-8.94	-3.97	-0.28	-9.11	-3.6	0.56	-9.78	0.28
11:29:17.279260	-0.47000000000000003	-9.75	0.87	0.6900000000000001	-8.94	-3.95	-0.28	-9.1	-3.63	0.55	-9.78	0.28
11:29:17.289881	-0.48	-9.75	0.86	0.7000000000000001	-8.94	-3.94	-0.28	-9.1	-3.63	0.55	-9.78	0.25
11:29:17.300059	-0.48	-9.75	0.86	0.73	-8.94	-3.94	-0.29	-9.11	-3.59	0.55	-9.78	0.2
11:29:17.310233	-0.49	-9.75	0.86	0.74	-8.94	-3.95	-0.3	-9.14	-3.5300000000000002	0.55	-9.790000000000001	0.12
11:29:17.320864	-0.49	-9.75	0.85	0.74	-8.94	-3.95	-0.32	-9.17	-3.44	0.56	-9.790000000000001	0.02
11:29:17.330992	-0.49	-9.75	0.85	0.74	-8.94	-3.95	-0.33	-9.21	-3.33	0.58	-9.78	-0.06
11:29:17.341634	-0.49	-9.75	0.85	0.74	-8.94	-3.95	-0.34	-9.26	-3.2	0.65	-9.78	-0.25
11:29:17.351771	-0.49	-9.75	0.85	0.73	-8.950000000000001	-3.93	-0.34	-9.26	-3.2	0.74	-9.76	-0.47000000000000003
11:29:17.361922	-0.49	-9.75	0.84	0.72	-8.950000000000001	-3.92	-0.35000000000000003	-9.35	-2.91	0.8	-9.75	-0.62
11:29:17.372182	-0.5	-9.75	0.84	0.71	-8.97	-3.89	-0.35000000000000003	-9.4	-2.75	0.86	-9.74	-0.68
11:29:17.382786	-0.5	-9.75	0.8300000000000001	0.6900000000000001	-8.99	-3.85	-0.32	-9.46	-2.52	0.9	-9.75	-0.47000000000000003
11:29:17.392954	-0.5	-9.75	0.8300000000000001	0.67	-9.02	-3.7800000000000002	-0.32	-9.46	-2.52	0.99	-9.75	-0.33
11:29:17.403590	-0.51	-9.75	0.8300000000000001	0.65	-9.05	-3.69	-0.32	-9.47	-2.49	1.08	-9.72	-0.62
11:29:17.413860	-0.52	-9.75	0.8300000000000001	0.62	-9.09	-3.62	-0.35000000000000003	-9.48	-2.47	1.05	-9.69	-1.0
11:29:17.424470	-0.52	-9.75	0.84	0.59	-9.11	-3.56	-0.39	-9.5	-2.38	0.88	-9.67	-1.3
11:29:17.434610	-0.53	-9.75	0.85	0.56	-9.13	-3.52	-0.43	-9.53	-2.2600000000000002	0.73	-9.65	-1.56
11:29:17.444710	-0.52	-9.75	0.87	0.55	-9.14	-3.49	-0.43	-9.55	-2.14	0.63	-9.6	-1.8800000000000001
11:29:17.454824	-0.52	-9.75	0.88	0.55	-9.14	-3.49	-0.43	-9.58	-2.0300000000000002	0.52	-9.56	-2.08
11:29:17.464955	-0.52	-9.75	0.88	0.5700000000000001	-9.14	-3.5	-0.42	-9.6	-1.9100000000000001	0.42	-9.55	-2.17
11:29:17.475025	-0.52	-9.75	0.89	0.58	-9.14	-3.48	-0.41000000000000003	-9.63	-1.8	0.39	-9.55	-2.19
11:29:17.485569	-0.52	-9.75	0.91	0.58	-9.16	-3.43	-0.42	-9.65	-1.69	0.4	-9.56	-2.13
11:29:17.495642	-0.51	-9.74	0.92	0.5700000000000001	-9.18	-3.37	-0.43	-9.66	-1.57	0.42	-9.58	-2.02
11:29:17.505717	-0.5	-9.74	0.9400000000000001	0.56	-9.21	-3.3000000000000003	-0.44	-9.68	-1.46	0.42	-9.58	-2.04
11:29:17.515869	-0.48	-9.74	0.9500000000000001	0.55	-9.24	-3.22	-0.43	-9.700000000000001	-1.36	0.44	-9.540000000000001	-2.2
11:29:17.525939	-0.46	-9.74	0.97	0.55	-9.28	-3.12	-0.39	-9.71	-1.27	0.45	-9.49	-2.39
11:29:17.536035	-0.44	-9.74	0.99	0.54	-9.31	-3.0100000000000002	-0.35000000000000003	-9.72	-1.19	0.43	-9.450000000000001	-2.5500000000000003
11:29:17.546166	-0.42	-9.74	1.0	0.51	-9.34	-2.92	-0.31	-9.73	-1.11	0.42	-9.43	-2.65
11:29:17.556242	-0.4	-9.74	1.02	0.48	-9.370000000000001	-2.84	-0.28	-9.74	-1.04	0.42	-9.42	-2.68
11:29:17.566739	-0.38	-9.74	1.04	0.42	-9.39	-2.7800000000000002	-0.26	-9.75	-0.96	0.42	-9.42	-2.67
11:29:17.576838	-0.37	-9.74	1.05	0.36	-9.4	-2.74	-0.24	-9.76	-0.88	0.43	-9.42	-2.67
11:29:17.586926	-0.37	-9.74	1.06	0.3	-9.42	-2.69	-0.23	-9.76	-0.81	0.42	-9.41	-2.72
11:29:17.597000	-0.37	-9.74	1.07	0.24	-9.43	-2.65	-0.21	-9.77	-0.74	0.4	-9.38	-2.8000000000000003
11:29:17.607067	-0.37	-9.73	1.08	0.2	-9.450000000000001	-2.6	-0.21	-9.78	-0.67	0.35000000000000003	-9.370000000000001	-2.86
11:29:17.617222	-0.38	-9.73	1.08	0.16	-9.46	-2.5500000000000003	-0.2	-9.78	-0.59	0.31	-9.36	-2.89
11:29:17.627287	-0.39	-9.73	1.08	0.13	-9.48	-2.48	-0.2	-9.790000000000001	-0.53	0.29	-9.36	-2.9
11:29:17.637387	-0.39	-9.73	1.08	0.11	-9.5	-2.4	-0.2	-9.790000000000001	-0.46	0.3	-9.35	-2.91
11:29:17.647458	-0.39	-9.73	1.08	0.08	-9.52	-2.32	-0.2	-9.790000000000001	-0.4	0.33	-9.34	-2.95
11:29:17.657525	-0.39	-9.73	1.08	0.06	-9.540000000000001	-2.23	-0.19	-9.790000000000001	-0.33	0.36	-9.32	-3.02
11:29:17.667667	-0.39	-9.73	1.08	0.04	-9.56	-2.14	-0.19	-9.8	-0.28	0.39	-9.26	-3.17
11:29:17.677729	-0.38	-9.73	1.08	0.01	-9.58	-2.05	-0.18	-9.8	-0.22	0.39	-9.26	-3.17
11:29:17.687802	-0.37	-9.73	1.08	-0.01	-9.6	-1.97	-0.18	-9.8	-0.16	0.37	-9.25	-3.23
11:29:17.697869	-0.37	-9.74	1.07	-0.04	-9.620000000000001	-1.8900000000000001	-0.19	-9.8	-0.11	0.36	-9.23	-3.2600000000000002
11:29:17.707962	-0.36	-9.74	1.07	-0.07	-9.63	-1.82	-0.2	-9.8	-0.05	0.36	-9.22	-3.29
11:29:17.718059	-0.35000000000000003	-9.74	1.06	-0.11	-9.64	-1.75	-0.21	-9.8	0.0	0.36	-9.21	-3.3200000000000003
11:29:17.728691	-0.34	-9.74	1.05	-0.14	-9.65	-1.68	-0.22	-9.8	0.05	0.36	-9.200000000000001	-3.34
11:29:17.738801	-0.33	-9.74	1.05	-0.18	-9.66	-1.62	-0.22	-9.8	0.11	0.38	-9.17	-3.44
11:29:17.748872	-0.33	-9.74	1.04	-0.22	-9.67	-1.56	-0.23	-9.8	0.16	0.39	-9.14	-3.5
11:29:17.758992	-0.32	-9.74	1.03	-0.26	-9.68	-1.49	-0.23	-9.8	0.22	0.41000000000000003	-9.13	-3.54
11:29:17.769233	-0.32	-9.74	1.02	-0.3	-9.69	-1.41	-0.23	-9.790000000000001	0.28	0.43	-9.11	-3.58
11:29:17.779612	-0.31	-9.74	1.02	-0.35000000000000003	-9.700000000000001	-1.34	-0.24	-9.790000000000001	0.34	0.44	-9.09	-3.64
11:29:17.789707	-0.31	-9.74	1.01	-0.39	-9.71	-1.26	-0.25	-9.790000000000001	0.4	0.44	-9.07	-3.69
11:29:17.799805	-0.31	-9.74	1.01	-0.47000000000000003	-9.73	-1.1	-0.25	-9.790000000000001	0.45	0.44	-9.05	-3.73
11:29:17.809923	-0.3	-9.74	1.02	-0.51	-9.74	-1.01	-0.25	-9.790000000000001	0.5	0.43	-9.040000000000001	-3.7600000000000002
11:29:17.820583	-0.3	-9.74	1.02	-0.51	-9.74	-1.01	-0.25	-9.78	0.55	0.43	-9.02	-3.81
11:29:17.830699	-0.3	-9.74	1.03	-0.61	-9.74	-0.86	-0.25	-9.78	0.59	0.44	-9.01	-3.84
11:29:17.840801	-0.29	-9.74	1.04	-0.66	-9.75	-0.78	-0.25	-9.78	0.64	0.45	-8.99	-3.87
11:29:17.850938	-0.28	-9.74	1.05	-0.72	-9.75	-0.71	-0.25	-9.77	0.6900000000000001	0.46	-8.98	-3.9
11:29:17.861588	-0.28	-9.74	1.06	-0.77	-9.75	-0.65	-0.25	-9.77	0.74	0.47000000000000003	-8.96	-3.95
11:29:17.872365	-0.27	-9.74	1.08	-0.8300000000000001	-9.75	-0.59	-0.25	-9.76	0.85	0.47000000000000003	-8.94	-3.99
11:29:17.882505	-0.27	-9.74	1.09	-0.89	-9.75	-0.52	-0.26	-9.76	0.91	0.48	-8.92	-4.03
11:29:17.892602	-0.26	-9.74	1.1	-0.9500000000000001	-9.74	-0.46	-0.26	-9.75	0.97	0.48	-8.9	-4.07
11:29:17.902731	-0.26	-9.73	1.12	-1.0	-9.74	-0.41000000000000003	-0.26	-9.74	1.03	0.48	-8.88	-4.12
11:29:17.912906	-0.25	-9.73	1.1300000000000001	-1.06	-9.74	-0.35000000000000003	-0.27	-9.74	1.1	0.48	-8.86	-4.16
11:29:17.923506	-0.25	-9.73	1.1500000000000001	-1.12	-9.73	-0.29	-0.27	-9.73	1.17	0.48	-8.84	-4.2
11:29:17.933638	-0.25	-9.73	1.17	-1.17	-9.73	-0.24	-0.28	-9.72	1.25	0.48	-8.81	-4.26
11:29:17.943710	-0.25	-9.73	1.18	-1.22	-9.72	-0.19	-0.28	-9.71	1.33	0.44	-8.790000000000001	-4.3100000000000005
11:29:17.953784	-0.25	-9.72	1.2	-1.27	-9.72	-0.15	-0.29	-9.69	1.41	0.35000000000000003	-8.77	-4.37
11:29:17.964203	-0.26	-9.72	1.21	-1.32	-9.71	-0.11	-0.31	-9.68	1.49	0.32	-8.73	-4.43
11:29:17.974497	-0.26	-9.72	1.23	-1.37	-9.700000000000001	-0.07	-0.32	-9.67	1.56	0.31	-8.69	-4.5200000000000005
11:29:17.984562	-0.27	-9.72	1.24	-1.43	-9.700000000000001	-0.04	-0.33	-9.66	1.6400000000000001	0.29	-8.65	-4.6000000000000005
11:29:17.994635	-0.28	-9.72	1.26	-1.47	-9.69	-0.01	-0.36	-9.64	1.73	0.29	-8.6	-4.68
11:29:18.004762	-0.29	-9.71	1.27	-1.53	-9.68	0.0	-0.38	-9.620000000000001	1.81	0.27	-8.55	-4.78
11:29:18.014866	-0.29	-9.71	1.28	-1.58	-9.67	0.03	-0.41000000000000003	-9.61	1.9000000000000001	0.26	-8.49	-4.88
11:29:18.024945	-0.3	-9.71	1.29	-1.6300000000000001	-9.66	0.05	-0.44	-9.58	2.0	0.24	-8.44	-4.97
11:29:18.035017	-0.31	-9.71	1.31	-1.68	-9.66	0.07	-0.47000000000000003	-9.56	2.1	0.2	-8.39	-5.0600000000000005
11:29:18.045126	-0.31	-9.71	1.32	-1.73	-9.65	0.09	-0.51	-9.540000000000001	2.2	0.17	-8.32	-5.17
11:29:18.055236	-0.32	-9.71	1.33	-1.79	-9.64	0.11	-0.52	-9.52	2.27	0.14	-8.25	-5.29
11:29:18.065380	-0.32	-9.700000000000001	1.34	-1.84	-9.63	0.12	-0.56	-9.49	2.38	0.09	-8.18	-5.4
11:29:18.075990	-0.33	-9.700000000000001	1.35	-1.9000000000000001	-9.61	0.12	-0.6	-9.46	2.49	0.04	-8.11	-5.5
11:29:18.086116	-0.34	-9.700000000000001	1.35	-1.95	-9.6	0.13	-0.64	-9.43	2.61	0.01	-8.02	-5.63
11:29:18.096192	-0.34	-9.700000000000001	1.36	-2.0	-9.59	0.14	-0.68	-9.39	2.72	-0.01	-7.930000000000001	-5.76
11:29:18.106266	-0.35000000000000003	-9.700000000000001	1.36	-2.05	-9.58	0.14	-0.73	-9.35	2.85	-0.04	-7.8500000000000005	-5.87
11:29:18.116338	-0.37	-9.700000000000001	1.36	-2.09	-9.57	0.14	-0.79	-9.31	2.97	-0.08	-7.75	-5.99
11:29:18.126501	-0.39	-9.700000000000001	1.35	-2.13	-9.57	0.14	-0.85	-9.26	3.09	-0.14	-7.65	-6.12
11:29:18.136566	-0.41000000000000003	-9.700000000000001	1.34	-2.16	-9.56	0.14	-0.9	-9.21	3.23	-0.22	-7.54	-6.25
11:29:18.146661	-0.42	-9.700000000000001	1.32	-2.18	-9.56	0.13	-0.9500000000000001	-9.15	3.37	-0.26	-7.43	-6.38
11:29:18.156731	-0.42	-9.700000000000001	1.3	-2.18	-9.55	0.12	-0.99	-9.09	3.52	-0.3	-7.3100000000000005	-6.5200000000000005
11:29:18.166801	-0.41000000000000003	-9.71	1.29	-2.18	-9.55	0.09	-1.04	-9.03	3.67	-0.39	-7.16	-6.67
11:29:18.176913	-0.39	-9.71	1.27	-2.17	-9.56	0.05	-1.09	-8.950000000000001	3.83	-0.48	-7.0200000000000005	-6.82
11:29:18.186977	-0.37	-9.71	1.26	-2.15	-9.56	0.0	-1.1500000000000001	-8.870000000000001	4.0	-0.58	-6.87	-6.96
11:29:18.197066	-0.35000000000000003	-9.71	1.26	-2.12	-9.57	-0.07	-1.2	-8.790000000000001	4.17	-0.68	-6.71	-7.11
11:29:18.207134	-0.33	-9.72	1.25	-2.09	-9.57	-0.17	-1.27	-8.69	4.34	-0.77	-6.55	-7.25
11:29:18.217305	-0.33	-9.72	1.25	-2.05	-9.58	-0.29	-1.36	-8.59	4.5200000000000005	-0.84	-6.36	-7.4
11:29:18.227424	-0.32	-9.72	1.24	-2.0	-9.58	-0.43	-1.5	-8.47	4.7	-0.89	-6.140000000000001	-7.58
11:29:18.237527	-0.32	-9.72	1.24	-1.95	-9.59	-0.6	-1.67	-8.35	4.86	-0.89	-5.9	-7.78
11:29:18.247702	-0.31	-9.72	1.23	-1.9000000000000001	-9.58	-0.78	-1.67	-8.35	4.86	-0.91	-5.59	-7.99
11:29:18.257854	-0.31	-9.72	1.22	-1.83	-9.58	-0.98	-1.87	-8.16	5.1000000000000005	-1.03	-5.19	-8.25
11:29:18.267979	-0.3	-9.72	1.21	-1.76	-9.57	-1.2	-1.8900000000000001	-8.06	5.24	-1.33	-4.23	-8.74
11:29:18.278414	-0.3	-9.72	1.19	-1.67	-9.55	-1.44	-1.87	-7.97	5.38	-1.33	-4.23	-8.74
11:29:18.288511	-0.3	-9.73	1.17	-1.58	-9.53	-1.67	-1.86	-7.88	5.5200000000000005	-1.69	-3.89	-8.83
11:29:18.298617	-0.29	-9.73	1.1500000000000001	-1.48	-9.51	-1.86	-1.8900000000000001	-7.79	5.64	-1.42	-3.9	-8.88
11:29:18.308783	-0.3	-9.73	1.1300000000000001	-1.4000000000000001	-9.48	-2.04	-1.92	-7.71	5.74	-0.97	-4.0200000000000005	-8.88
11:29:18.319438	-0.3	-9.73	1.12	-1.31	-9.46	-2.2	-1.95	-7.65	5.8	-0.97	-4.0200000000000005	-8.88
11:29:18.329510	-0.31	-9.73	1.11	-1.23	-9.43	-2.35	-1.97	-7.62	5.83	-0.79	-4.13	-8.85
11:29:18.339575	-0.32	-9.73	1.1	-1.1500000000000001	-9.41	-2.49	-1.98	-7.62	5.84	-0.53	-4.16	-8.86
11:29:18.349669	-0.32	-9.73	1.1	-1.07	-9.38	-2.64	-1.98	-7.62	5.84	-0.18	-4.3100000000000005	-8.8
11:29:18.360331	-0.32	-9.73	1.1	-1.0	-9.35	-2.7800000000000002	-1.9000000000000001	-7.67	5.79	0.02	-4.59	-8.66
11:29:18.370499	-0.32	-9.73	1.1	-0.92	-9.31	-2.91	-1.82	-7.74	5.73	0.15	-4.92	-8.48
11:29:18.380613	-0.32	-9.73	1.1	-0.77	-9.24	-3.17	-1.73	-7.82	5.64	0.27	-5.17	-8.32
11:29:18.391303	-0.32	-9.73	1.11	-0.6900000000000001	-9.21	-3.29	-1.6500000000000001	-7.930000000000001	5.5200000000000005	0.36	-5.3500000000000005	-8.2
11:29:18.401395	-0.31	-9.73	1.12	-0.62	-9.17	-3.4	-1.58	-8.05	5.36	0.38	-5.5600000000000005	-8.06
11:29:18.411487	-0.31	-9.73	1.1300000000000001	-0.55	-9.14	-3.5	-1.44	-8.32	4.97	0.37	-5.84	-7.86
11:29:18.421655	-0.3	-9.73	1.1400000000000001	-0.49	-9.1	-3.6	-1.34	-8.47	4.75	0.38	-6.140000000000001	-7.63
11:29:18.432258	-0.29	-9.73	1.1500000000000001	-0.44	-9.07	-3.69	-1.23	-8.620000000000001	4.5	0.41000000000000003	-6.44	-7.37
11:29:18.442333	-0.29	-9.73	1.16	-0.39	-9.03	-3.7800000000000002	-1.1300000000000001	-8.77	4.22	0.46	-6.74	-7.1000000000000005
11:29:18.452527	-0.28	-9.73	1.18	-0.36	-9.0	-3.86	-1.05	-8.92	3.91	0.53	-7.03	-6.8100000000000005
11:29:18.462622	-0.28	-9.72	1.19	-0.33	-8.97	-3.93	-0.98	-9.07	3.58	0.6	-7.3	-6.51
11:29:18.472780	-0.27	-9.72	1.2	-0.3	-8.950000000000001	-3.99	-0.93	-9.21	3.22	0.68	-7.5600000000000005	-6.2
11:29:18.482901	-0.27	-9.72	1.22	-0.25	-8.93	-4.04	-0.89	-9.34	2.84	0.75	-7.79	-5.9
11:29:18.492967	-0.27	-9.72	1.22	-0.2	-8.91	-4.07	-0.85	-9.450000000000001	2.45	0.8	-8.0	-5.61
11:29:18.503138	-0.27	-9.72	1.23	-0.14	-8.9	-4.09	-0.81	-9.55	2.04	0.86	-8.2	-5.29
11:29:18.513781	-0.26	-9.72	1.23	-0.07	-8.9	-4.11	-0.76	-9.63	1.6400000000000001	0.91	-8.4	-4.96
11:29:18.524442	-0.26	-9.72	1.23	0.0	-8.89	-4.12	-0.7000000000000001	-9.700000000000001	1.23	0.9400000000000001	-8.58	-4.63
11:29:18.534602	-0.26	-9.72	1.23	0.06	-8.89	-4.13	-0.63	-9.75	0.8300000000000001	0.9400000000000001	-8.75	-4.3100000000000005
11:29:18.544669	-0.26	-9.72	1.23	0.13	-8.89	-4.13	-0.56	-9.78	0.43	0.92	-8.91	-3.98
11:29:18.554758	-0.25	-9.72	1.22	0.2	-8.89	-4.12	-0.49	-9.790000000000001	0.04	0.89	-9.05	-3.66
11:29:18.564830	-0.25	-9.72	1.21	0.27	-8.89	-4.12	-0.43	-9.790000000000001	-0.33	0.86	-9.17	-3.34
11:29:18.574898	-0.24	-9.72	1.2	0.32	-8.89	-4.12	-0.36	-9.77	-0.7000000000000001	0.8200000000000001	-9.290000000000001	-3.0100000000000002
11:29:18.584978	-0.24	-9.73	1.18	0.37	-8.89	-4.11	-0.31	-9.74	-1.06	0.79	-9.39	-2.68
11:29:18.595050	-0.24	-9.73	1.17	0.41000000000000003	-8.89	-4.1	-0.26	-9.700000000000001	-1.41	0.75	-9.48	-2.37
11:29:18.605141	-0.24	-9.73	1.16	0.44	-8.89	-4.09	-0.22	-9.64	-1.74	0.71	-9.55	-2.07
11:29:18.615209	-0.24	-9.73	1.1400000000000001	0.47000000000000003	-8.9	-4.08	-0.18	-9.58	-2.06	0.6900000000000001	-9.61	-1.78
11:29:18.625281	-0.24	-9.73	1.1300000000000001	0.5	-8.91	-4.0600000000000005	-0.15	-9.51	-2.36	0.67	-9.66	-1.51
11:29:18.635359	-0.25	-9.73	1.11	0.52	-8.91	-4.04	-0.14	-9.44	-2.64	0.66	-9.700000000000001	-1.25
11:29:18.645433	-0.25	-9.74	1.1	0.54	-8.92	-4.0200000000000005	-0.13	-9.36	-2.9	0.64	-9.73	-1.0
11:29:18.655522	-0.25	-9.74	1.09	0.55	-8.93	-4.0	-0.13	-9.290000000000001	-3.13	0.64	-9.75	-0.76
11:29:18.665588	-0.26	-9.74	1.08	0.55	-8.94	-3.98	-0.14	-9.22	-3.33	0.64	-9.77	-0.54
11:29:18.675692	-0.26	-9.74	1.07	0.55	-8.94	-3.97	-0.16	-9.15	-3.5100000000000002	0.65	-9.77	-0.34
11:29:18.685774	-0.26	-9.74	1.06	0.55	-8.950000000000001	-3.95	-0.2	-9.09	-3.66	0.66	-9.78	-0.16
11:29:18.695872	-0.26	-9.74	1.05	0.56	-8.96	-3.93	-0.23	-9.03	-3.79	0.67	-9.78	0.0
11:29:18.705990	-0.26	-9.74	1.04	0.56	-8.96	-3.92	-0.27	-8.99	-3.89	0.6900000000000001	-9.78	0.12
11:29:18.716103	-0.26	-9.74	1.02	0.5700000000000001	-8.97	-3.91	-0.3	-8.96	-3.96	0.7000000000000001	-9.77	0.23
11:29:18.726195	-0.26	-9.75	0.99	0.5700000000000001	-8.97	-3.9	-0.33	-8.94	-4.0	0.72	-9.77	0.3
11:29:18.736330	-0.26	-9.75	0.98	0.58	-8.97	-3.89	-0.35000000000000003	-8.93	-4.0200000000000005	0.73	-9.77	0.34
11:29:18.746442	-0.25	-9.75	0.96	0.58	-8.97	-3.89	-0.37	-8.94	-4.01	0.75	-9.77	0.35000000000000003
11:29:18.757059	-0.24	-9.75	0.9400000000000001	0.59	-8.97	-3.89	-0.38	-8.950000000000001	-3.97	0.76	-9.77	0.32
11:29:18.767152	-0.22	-9.75	0.93	0.59	-8.97	-3.89	-0.39	-8.98	-3.91	0.77	-9.77	0.27
11:29:18.777225	-0.21	-9.76	0.91	0.59	-8.97	-3.89	-0.4	-9.01	-3.83	0.78	-9.77	0.22
11:29:18.787304	-0.19	-9.76	0.89	0.59	-8.97	-3.89	-0.4	-9.05	-3.73	0.8200000000000001	-9.77	0.1
11:29:18.797408	-0.17	-9.76	0.88	0.58	-8.98	-3.89	-0.4	-9.1	-3.61	0.87	-9.76	-0.06
11:29:18.807497	-0.15	-9.76	0.86	0.5700000000000001	-8.98	-3.88	-0.4	-9.16	-3.46	0.9400000000000001	-9.75	-0.25
11:29:18.817627	-0.12	-9.76	0.84	0.56	-8.99	-3.86	-0.38	-9.22	-3.31	0.98	-9.74	-0.42
11:29:18.828160	-0.1	-9.77	0.8300000000000001	0.53	-9.01	-3.83	-0.34	-9.26	-3.2	0.97	-9.75	-0.38
11:29:18.838299	-0.09	-9.77	0.8200000000000001	0.49	-9.03	-3.7800000000000002	-0.33	-9.28	-3.14	1.05	-9.74	-0.33
11:29:18.848420	-0.08	-9.77	0.8200000000000001	0.45	-9.05	-3.74	-0.37	-9.3	-3.0700000000000003	1.21	-9.71	-0.56
11:29:18.858529	-0.06	-9.77	0.8200000000000001	0.42	-9.05	-3.73	-0.37	-9.3	-3.0700000000000003	1.1300000000000001	-9.66	-1.18
11:29:18.869191	-0.05	-9.77	0.8200000000000001	0.43	-9.05	-3.74	-0.46	-9.38	-2.81	0.96	-9.65	-1.41
11:29:18.879460	-0.03	-9.77	0.8200000000000001	0.45	-9.040000000000001	-3.75	-0.47000000000000003	-9.42	-2.67	0.8300000000000001	-9.61	-1.74
11:29:18.889567	-0.01	-9.77	0.81	0.49	-9.040000000000001	-3.7600000000000002	-0.46	-9.450000000000001	-2.5500000000000003	0.68	-9.57	-2.02
11:29:18.899690	0.0	-9.77	0.8	0.52	-9.040000000000001	-3.7600000000000002	-0.44	-9.48	-2.43	0.52	-9.540000000000001	-2.18
11:29:18.910328	0.02	-9.77	0.79	0.53	-9.040000000000001	-3.74	-0.42	-9.52	-2.3000000000000003	0.41000000000000003	-9.540000000000001	-2.21
11:29:18.920445	0.04	-9.77	0.79	0.51	-9.05	-3.72	-0.42	-9.57	-2.06	0.37	-9.55	-2.18
11:29:18.930599	0.05	-9.77	0.79	0.49	-9.06	-3.7	-0.43	-9.6	-1.94	0.39	-9.55	-2.15
11:29:18.940698	0.08	-9.77	0.79	0.48	-9.11	-3.58	-0.44	-9.620000000000001	-1.83	0.41000000000000003	-9.56	-2.14
11:29:18.951408	0.11	-9.77	0.79	0.48	-9.11	-3.58	-0.42	-9.64	-1.73	0.45	-9.53	-2.23
11:29:18.961539	0.15	-9.77	0.79	0.49	-9.200000000000001	-3.35	-0.38	-9.66	-1.6400000000000001	0.53	-9.49	-2.39
11:29:18.971971	0.19	-9.77	0.78	0.49	-9.200000000000001	-3.35	-0.34	-9.67	-1.56	0.58	-9.44	-2.58
11:29:18.982072	0.23	-9.77	0.78	0.45	-9.27	-3.14	-0.31	-9.68	-1.47	0.59	-9.4	-2.72
11:29:18.992155	0.27	-9.77	0.78	0.4	-9.290000000000001	-3.08	-0.28	-9.700000000000001	-1.4000000000000001	0.6	-9.39	-2.74
11:29:19.002227	0.31	-9.77	0.78	0.34	-9.31	-3.04	-0.27	-9.71	-1.32	0.61	-9.39	-2.75
11:29:19.012296	0.33	-9.76	0.78	0.28	-9.33	-3.0	-0.27	-9.72	-1.24	0.6	-9.38	-2.7600000000000002
11:29:19.022372	0.34	-9.76	0.77	0.22	-9.34	-2.95	-0.28	-9.73	-1.17	0.58	-9.370000000000001	-2.8000000000000003
11:29:19.032564	0.36	-9.77	0.76	0.17	-9.36	-2.89	-0.28	-9.74	-1.09	0.55	-9.35	-2.87
11:29:19.042670	0.36	-9.77	0.75	0.13	-9.38	-2.83	-0.3	-9.74	-1.02	0.55	-9.35	-2.87
11:29:19.053046	0.37	-9.77	0.74	0.1	-9.41	-2.75	-0.3	-9.75	-0.9400000000000001	0.52	-9.34	-2.93
11:29:19.063216	0.37	-9.77	0.73	0.07	-9.43	-2.65	-0.31	-9.76	-0.87	0.54	-9.32	-2.97
11:29:19.073650	0.38	-9.77	0.72	0.04	-9.46	-2.5500000000000003	-0.31	-9.76	-0.8	0.56	-9.32	-2.97
11:29:19.084006	0.39	-9.77	0.71	0.01	-9.49	-2.45	-0.3	-9.77	-0.73	0.6	-9.31	-3.0100000000000002
11:29:19.094289	0.39	-9.77	0.7000000000000001	-0.01	-9.52	-2.34	-0.3	-9.77	-0.67	0.62	-9.28	-3.08
11:29:19.104361	0.4	-9.77	0.6900000000000001	-0.04	-9.540000000000001	-2.24	-0.3	-9.78	-0.61	0.63	-9.25	-3.18
11:29:19.114449	0.42	-9.77	0.6900000000000001	-0.07	-9.56	-2.14	-0.31	-9.78	-0.56	0.63	-9.22	-3.27
11:29:19.124949	0.43	-9.77	0.68	-0.1	-9.58	-2.05	-0.32	-9.78	-0.51	0.63	-9.19	-3.34
11:29:19.135015	0.45	-9.77	0.67	-0.13	-9.6	-1.97	-0.34	-9.790000000000001	-0.44	0.62	-9.17	-3.39
11:29:19.145095	0.46	-9.77	0.66	-0.17	-9.620000000000001	-1.8900000000000001	-0.35000000000000003	-9.790000000000001	-0.38	0.62	-9.16	-3.42
11:29:19.155198	0.48	-9.77	0.65	-0.21	-9.63	-1.81	-0.36	-9.790000000000001	-0.31	0.62	-9.16	-3.42
11:29:19.165269	0.49	-9.77	0.64	-0.26	-9.64	-1.74	-0.36	-9.790000000000001	-0.24	0.68	-9.13	-3.48
11:29:19.175343	0.5	-9.77	0.63	-0.31	-9.65	-1.68	-0.36	-9.790000000000001	-0.17	0.71	-9.11	-3.5300000000000002
11:29:19.185410	0.5	-9.77	0.62	-0.36	-9.66	-1.62	-0.37	-9.790000000000001	-0.1	0.71	-9.11	-3.5300000000000002
11:29:19.195492	0.5	-9.77	0.62	-0.41000000000000003	-9.67	-1.55	-0.38	-9.790000000000001	-0.04	0.71	-9.11	-3.5300000000000002
11:29:19.205588	0.51	-9.77	0.61	-0.46	-9.68	-1.49	-0.38	-9.790000000000001	0.02	0.75	-9.05	-3.69
11:29:19.215676	0.52	-9.77	0.61	-0.51	-9.68	-1.42	-0.39	-9.790000000000001	0.09	0.75	-9.01	-3.77
11:29:19.225793	0.53	-9.77	0.6	-0.56	-9.69	-1.35	-0.4	-9.790000000000001	0.16	0.75	-8.99	-3.8200000000000003
11:29:19.235867	0.53	-9.77	0.6	-0.6	-9.700000000000001	-1.28	-0.4	-9.790000000000001	0.22	0.76	-8.97	-3.87
11:29:19.245945	0.54	-9.77	0.6	-0.65	-9.700000000000001	-1.21	-0.4	-9.790000000000001	0.28	0.79	-8.94	-3.93
11:29:19.256033	0.55	-9.77	0.61	-0.7000000000000001	-9.71	-1.1400000000000001	-0.41000000000000003	-9.790000000000001	0.35000000000000003	0.81	-8.92	-3.98
11:29:19.266111	0.55	-9.77	0.61	-0.75	-9.71	-1.07	-0.41000000000000003	-9.78	0.42	0.8200000000000001	-8.91	-4.01
11:29:19.276191	0.55	-9.77	0.62	-0.8	-9.72	-0.99	-0.42	-9.78	0.48	0.84	-8.89	-4.05
11:29:19.286308	0.55	-9.76	0.65	-0.86	-9.72	-0.92	-0.42	-9.78	0.55	0.84	-8.89	-4.05
11:29:19.296775	0.54	-9.76	0.66	-0.91	-9.72	-0.85	-0.43	-9.77	0.62	0.85	-8.86	-4.1
11:29:19.306847	0.53	-9.77	0.64	-0.97	-9.72	-0.79	-0.43	-9.77	0.68	0.85	-8.82	-4.19
11:29:19.317389	0.52	-9.77	0.62	-1.03	-9.72	-0.73	-0.43	-9.76	0.76	0.85	-8.82	-4.19
11:29:19.327499	0.51	-9.77	0.64	-1.09	-9.72	-0.68	-0.44	-9.76	0.84	0.87	-8.76	-4.3100000000000005
11:29:19.337628	0.5	-9.77	0.65	-1.1500000000000001	-9.71	-0.62	-0.44	-9.75	0.91	0.88	-8.74	-4.34
11:29:19.348322	0.49	-9.77	0.67	-1.2	-9.71	-0.56	-0.45	-9.74	0.99	0.88	-8.73	-4.37
11:29:19.358417	0.48	-9.76	0.6900000000000001	-1.26	-9.71	-0.5	-0.45	-9.73	1.07	0.88	-8.73	-4.37
11:29:19.368579	0.47000000000000003	-9.76	0.71	-1.32	-9.700000000000001	-0.44	-0.46	-9.72	1.1500000000000001	0.7000000000000001	-8.66	-4.53
11:29:19.378747	0.45	-9.76	0.73	-1.3800000000000001	-9.69	-0.38	-0.46	-9.71	1.23	0.7000000000000001	-8.66	-4.53
11:29:19.388822	0.44	-9.76	0.75	-1.44	-9.69	-0.33	-0.47000000000000003	-9.700000000000001	1.31	0.68	-8.63	-4.59
11:29:19.399300	0.43	-9.76	0.77	-1.5	-9.68	-0.28	-0.49	-9.69	1.3900000000000001	0.65	-8.59	-4.67
11:29:19.409430	0.41000000000000003	-9.76	0.79	-1.56	-9.67	-0.23	-0.51	-9.68	1.47	0.63	-8.55	-4.75
11:29:19.419498	0.4	-9.76	0.81	-1.61	-9.66	-0.19	-0.53	-9.66	1.55	0.6	-8.45	-4.92
11:29:19.429612	0.39	-9.76	0.8300000000000001	-1.67	-9.66	-0.15	-0.56	-9.65	1.6400000000000001	0.5700000000000001	-8.4	-5.0200000000000005
11:29:19.439729	0.38	-9.76	0.84	-1.74	-9.65	-0.12	-0.61	-9.61	1.83	0.54	-8.35	-5.11
11:29:19.450169	0.37	-9.76	0.86	-1.8	-9.63	-0.09	-0.61	-9.61	1.83	0.54	-8.35	-5.11
11:29:19.460241	0.36	-9.76	0.87	-1.86	-9.620000000000001	-0.06	-0.64	-9.59	1.93	0.45	-8.23	-5.3100000000000005
11:29:19.470345	0.35000000000000003	-9.75	0.89	-1.92	-9.61	-0.04	-0.67	-9.56	2.0300000000000002	0.41000000000000003	-8.15	-5.42
11:29:19.480468	0.34	-9.75	0.9	-1.98	-9.6	-0.03	-0.74	-9.51	2.25	0.36	-8.08	-5.53
11:29:19.490832	0.33	-9.75	0.91	-2.0300000000000002	-9.59	-0.02	-0.78	-9.48	2.37	0.31	-8.0	-5.65
11:29:19.501242	0.32	-9.75	0.93	-2.09	-9.58	-0.02	-0.8200000000000001	-9.44	2.49	0.27	-7.92	-5.7700000000000005
11:29:19.511822	0.3	-9.75	0.9400000000000001	-2.18	-9.55	-0.01	-0.87	-9.4	2.62	0.21	-7.82	-5.9
11:29:19.522185	0.28	-9.75	0.9500000000000001	-2.22	-9.55	-0.01	-0.91	-9.36	2.75	0.17	-7.73	-6.0200000000000005
11:29:19.532291	0.26	-9.75	0.96	-2.25	-9.540000000000001	-0.01	-0.97	-9.32	2.88	0.14	-7.640000000000001	-6.140000000000001
11:29:19.542365	0.24	-9.75	0.97	-2.27	-9.53	-0.03	-1.02	-9.26	3.04	0.14	-7.640000000000001	-6.140000000000001
11:29:19.552653	0.22	-9.75	0.97	-2.27	-9.53	-0.07	-1.06	-9.200000000000001	3.2	0.0	-7.41	-6.41
11:29:19.562837	0.2	-9.75	0.96	-2.27	-9.53	-0.11	-1.1	-9.13	3.38	-0.08	-7.29	-6.55
11:29:19.572911	0.19	-9.75	0.96	-2.25	-9.540000000000001	-0.17	-1.1300000000000001	-9.06	3.56	-0.15	-7.16	-6.69
11:29:19.583028	0.19	-9.75	0.9500000000000001	-2.22	-9.540000000000001	-0.25	-1.16	-8.97	3.7600000000000002	-0.23	-7.0	-6.8500000000000005
11:29:19.593148	0.2	-9.75	0.9400000000000001	-2.17	-9.55	-0.35000000000000003	-1.2	-8.88	3.97	-0.35000000000000003	-6.82	-7.03
11:29:19.603749	0.22	-9.75	0.9400000000000001	-2.12	-9.56	-0.47000000000000003	-1.27	-8.78	4.17	-0.45	-6.65	-7.18
11:29:19.613942	0.24	-9.75	0.93	-2.06	-9.56	-0.61	-1.3800000000000001	-8.66	4.37	-0.5	-6.48	-7.34
11:29:19.624043	0.26	-9.75	0.93	-1.99	-9.56	-0.77	-1.52	-8.540000000000001	4.5600000000000005	-0.52	-6.26	-7.5200000000000005
11:29:19.634112	0.28	-9.75	0.92	-1.93	-9.56	-0.97	-1.67	-8.42	4.72	-0.58	-6.0	-7.72
11:29:19.644193	0.3	-9.75	0.92	-1.87	-9.55	-1.18	-1.81	-8.31	4.87	-0.58	-6.0	-7.72
11:29:19.654684	0.32	-9.75	0.92	-1.8	-9.53	-1.42	-1.8900000000000001	-8.21	5.0	-0.73	-5.3	-8.21
11:29:19.664753	0.34	-9.75	0.92	-1.69	-9.51	-1.67	-1.9100000000000001	-8.120000000000001	5.14	-0.79	-4.86	-8.47
11:29:19.674820	0.35000000000000003	-9.75	0.93	-1.59	-9.48	-1.9100000000000001	-1.8900000000000001	-8.03	5.29	-0.91	-4.43	-8.700000000000001
11:29:19.684892	0.35000000000000003	-9.75	0.93	-1.47	-9.46	-2.09	-1.87	-7.94	5.43	-1.26	-4.11	-8.8
11:29:19.694962	0.35000000000000003	-9.75	0.93	-1.36	-9.450000000000001	-2.23	-1.85	-7.8500000000000005	5.5600000000000005	-1.49	-3.99	-8.82
11:29:19.705037	0.35000000000000003	-9.75	0.92	-1.25	-9.43	-2.36	-1.83	-7.78	5.67	-1.19	-4.05	-8.84
11:29:19.715104	0.35000000000000003	-9.75	0.92	-1.1500000000000001	-9.41	-2.48	-1.82	-7.73	5.74	-0.77	-4.16	-8.84
11:29:19.725177	0.34	-9.75	0.91	-1.06	-9.39	-2.6	-1.8	-7.71	5.7700000000000005	-0.58	-4.25	-8.81
11:29:19.735266	0.33	-9.75	0.9	-0.96	-9.370000000000001	-2.71	-1.8	-7.72	5.7700000000000005	-0.54	-4.3	-8.790000000000001
11:29:19.745378	0.3	-9.76	0.89	-0.87	-9.34	-2.83	-1.78	-7.74	5.74	-0.4	-4.36	-8.77
11:29:19.755455	0.28	-9.76	0.89	-0.78	-9.31	-2.95	-1.73	-7.79	5.69	-0.4	-4.36	-8.77
11:29:19.765567	0.27	-9.76	0.89	-0.6900000000000001	-9.28	-3.08	-1.67	-7.86	5.61	-0.01	-4.79	-8.55
11:29:19.776109	0.26	-9.76	0.9	-0.61	-9.24	-3.22	-1.6	-7.95	5.5	0.04	-5.05	-8.4
11:29:19.786197	0.26	-9.76	0.9	-0.54	-9.200000000000001	-3.34	-1.54	-8.05	5.36	0.07	-5.23	-8.290000000000001
11:29:19.796270	0.25	-9.76	0.91	-0.47000000000000003	-9.17	-3.43	-1.49	-8.17	5.2	0.12	-5.42	-8.16
11:29:19.806381	0.25	-9.75	0.92	-0.4	-9.14	-3.5100000000000002	-1.42	-8.3	5.0	0.15	-5.69	-7.98
11:29:19.816491	0.25	-9.75	0.93	-0.34	-9.11	-3.6	-1.35	-8.44	4.79	0.17	-5.99	-7.75
11:29:19.826566	0.25	-9.75	0.9400000000000001	-0.28	-9.07	-3.69	-1.26	-8.59	4.55	0.2	-6.29	-7.51
11:29:19.836673	0.25	-9.75	0.9500000000000001	-0.23	-9.040000000000001	-3.7800000000000002	-1.17	-8.74	4.28	0.25	-6.58	-7.26
11:29:19.846763	0.24	-9.75	0.97	-0.19	-9.01	-3.86	-1.08	-8.89	3.98	0.25	-6.58	-7.26
11:29:19.856897	0.24	-9.75	0.98	-0.15	-8.98	-3.92	-0.99	-9.040000000000001	3.66	0.41000000000000003	-7.15	-6.69
11:29:19.866961	0.24	-9.75	0.99	-0.11	-8.96	-3.96	-0.93	-9.18	3.31	0.48	-7.42	-6.38
11:29:19.877062	0.23	-9.75	1.0	-0.07	-8.950000000000001	-3.99	-0.87	-9.31	2.94	0.55	-7.67	-6.07
11:29:19.887149	0.23	-9.75	1.01	-0.03	-8.94	-4.0200000000000005	-0.8300000000000001	-9.43	2.54	0.6	-7.9	-5.7700000000000005
11:29:19.897270	0.24	-9.74	1.03	0.0	-8.92	-4.05	-0.79	-9.53	2.13	0.64	-8.11	-5.46
11:29:19.907795	0.24	-9.74	1.04	0.04	-8.92	-4.0600000000000005	-0.74	-9.620000000000001	1.71	0.68	-8.32	-5.14
11:29:19.918192	0.24	-9.74	1.05	0.09	-8.92	-4.0600000000000005	-0.6900000000000001	-9.69	1.29	0.7000000000000001	-8.51	-4.8100000000000005
11:29:19.928312	0.24	-9.74	1.05	0.15	-8.92	-4.05	-0.63	-9.74	0.87	0.71	-8.69	-4.47
11:29:19.938499	0.24	-9.74	1.05	0.21	-8.93	-4.04	-0.5	-9.790000000000001	0.04	0.7000000000000001	-8.870000000000001	-4.11
11:29:19.948690	0.23	-9.74	1.05	0.26	-8.93	-4.03	-0.5	-9.790000000000001	0.04	0.68	-9.03	-3.73
11:29:19.958830	0.23	-9.74	1.05	0.32	-8.94	-4.01	-0.44	-9.78	-0.36	0.65	-9.18	-3.37
11:29:19.968925	0.22	-9.74	1.04	0.36	-8.94	-3.99	-0.38	-9.76	-0.75	0.6	-9.41	-2.66
11:29:19.979566	0.21	-9.74	1.03	0.4	-8.950000000000001	-3.96	-0.34	-9.73	-1.1300000000000001	0.5700000000000001	-9.51	-2.31
11:29:19.989864	0.2	-9.75	1.02	0.43	-8.97	-3.93	-0.3	-9.68	-1.49	0.56	-9.58	-1.98
11:29:19.999938	0.18	-9.75	1.01	0.47000000000000003	-8.98	-3.89	-0.27	-9.620000000000001	-1.83	0.56	-9.64	-1.67
11:29:20.010058	0.17	-9.75	1.0	0.49	-9.0	-3.84	-0.23	-9.49	-2.45	0.5700000000000001	-9.69	-1.3800000000000001
11:29:20.020728	0.15	-9.75	0.99	0.52	-9.02	-3.79	-0.22	-9.41	-2.72	0.5700000000000001	-9.72	-1.11
11:29:20.030877	0.14	-9.75	0.99	0.54	-9.05	-3.72	-0.22	-9.34	-2.96	0.56	-9.75	-0.87
11:29:20.040984	0.12	-9.75	0.98	0.54	-9.06	-3.69	-0.23	-9.27	-3.17	0.56	-9.75	-0.87
11:29:20.051596	0.11	-9.75	0.97	0.54	-9.06	-3.69	-0.25	-9.21	-3.34	0.56	-9.78	-0.44
11:29:20.061679	0.1	-9.75	0.97	0.54	-9.08	-3.66	-0.27	-9.15	-3.49	0.55	-9.78	-0.25
11:29:20.071796	0.1	-9.75	0.96	0.55	-9.08	-3.64	-0.29	-9.11	-3.6	0.55	-9.790000000000001	-0.1
11:29:20.082356	0.09	-9.75	0.96	0.55	-9.09	-3.63	-0.31	-9.08	-3.68	0.55	-9.790000000000001	0.0
11:29:20.092788	0.08	-9.75	0.9500000000000001	0.56	-9.09	-3.62	-0.32	-9.06	-3.73	0.54	-9.790000000000001	0.07
11:29:20.102857	0.07	-9.75	0.9500000000000001	0.58	-9.09	-3.61	-0.32	-9.05	-3.75	0.53	-9.790000000000001	0.1
11:29:20.112943	0.06	-9.76	0.9400000000000001	0.58	-9.09	-3.61	-0.32	-9.05	-3.74	0.52	-9.790000000000001	0.1
11:29:20.123016	0.04	-9.76	0.9400000000000001	0.59	-9.09	-3.61	-0.33	-9.07	-3.7	0.52	-9.790000000000001	0.08
11:29:20.133084	0.03	-9.76	0.93	0.59	-9.09	-3.61	-0.34	-9.09	-3.64	0.52	-9.790000000000001	0.08
11:29:20.143193	0.02	-9.76	0.93	0.59	-9.09	-3.61	-0.34	-9.13	-3.5500000000000003	0.52	-9.790000000000001	0.08
11:29:20.153323	0.01	-9.76	0.92	0.59	-9.09	-3.61	-0.35000000000000003	-9.17	-3.45	0.55	-9.78	-0.11
11:29:20.163399	0.0	-9.76	0.92	0.59	-9.09	-3.61	-0.36	-9.21	-3.33	0.6	-9.78	-0.26
11:29:20.173483	0.0	-9.76	0.92	0.58	-9.09	-3.61	-0.36	-9.26	-3.2	0.65	-9.77	-0.4
11:29:20.183559	-0.01	-9.76	0.92	0.5700000000000001	-9.1	-3.6	-0.37	-9.31	-3.0500000000000003	0.7000000000000001	-9.76	-0.58
11:29:20.193649	-0.01	-9.76	0.91	0.56	-9.1	-3.58	-0.37	-9.35	-2.9	0.73	-9.75	-0.62
11:29:20.203814	-0.01	-9.76	0.91	0.53	-9.120000000000001	-3.5500000000000003	-0.35000000000000003	-9.39	-2.79	0.78	-9.75	-0.61
11:29:20.214463	-0.02	-9.76	0.91	0.5	-9.14	-3.5100000000000002	-0.36	-9.41	-2.71	0.86	-9.74	-0.73
11:29:20.224552	-0.02	-9.76	0.92	0.47000000000000003	-9.15	-3.47	-0.4	-9.43	-2.63	0.87	-9.72	-0.96
11:29:20.234663	-0.03	-9.76	0.9400000000000001	0.44	-9.17	-3.43	-0.44	-9.46	-2.52	0.76	-9.69	-1.22
11:29:20.244783	-0.03	-9.75	0.9500000000000001	0.43	-9.17	-3.42	-0.46	-9.49	-2.39	0.62	-9.67	-1.48
11:29:20.254854	-0.02	-9.75	0.96	0.43	-9.18	-3.4	-0.47000000000000003	-9.52	-2.27	0.49	-9.63	-1.75
11:29:20.265412	-0.02	-9.75	0.97	0.43	-9.19	-3.38	-0.47000000000000003	-9.55	-2.15	0.39	-9.59	-1.99
11:29:20.275509	-0.01	-9.75	0.98	0.43	-9.19	-3.37	-0.46	-9.58	-2.0300000000000002	0.3	-9.56	-2.13
11:29:20.285581	-0.01	-9.75	0.99	0.43	-9.200000000000001	-3.35	-0.45	-9.6	-1.9100000000000001	0.24	-9.55	-2.18
11:29:20.295655	-0.01	-9.75	1.0	0.41000000000000003	-9.21	-3.34	-0.45	-9.63	-1.78	0.24	-9.56	-2.15
11:29:20.305726	-0.01	-9.75	1.01	0.39	-9.21	-3.3200000000000003	-0.47000000000000003	-9.65	-1.6600000000000001	0.28	-9.57	-2.09
11:29:20.315802	-0.01	-9.75	1.03	0.38	-9.23	-3.2800000000000002	-0.49	-9.67	-1.54	0.28	-9.57	-2.09
11:29:20.325874	-0.01	-9.75	1.04	0.37	-9.25	-3.2	-0.49	-9.68	-1.43	0.39	-9.540000000000001	-2.19
11:29:20.335957	0.0	-9.74	1.05	0.37	-9.290000000000001	-3.1	-0.46	-9.700000000000001	-1.33	0.43	-9.51	-2.34
11:29:20.346047	0.01	-9.74	1.06	0.36	-9.32	-3.0	-0.43	-9.71	-1.24	0.44	-9.46	-2.5100000000000002
11:29:20.356116	0.03	-9.74	1.07	0.35000000000000003	-9.35	-2.91	-0.4	-9.72	-1.16	0.42	-9.43	-2.63
11:29:20.366197	0.05	-9.74	1.08	0.32	-9.370000000000001	-2.84	-0.38	-9.74	-1.07	0.39	-9.42	-2.69
11:29:20.376320	0.07	-9.74	1.1	0.27	-9.39	-2.8000000000000003	-0.36	-9.74	-0.98	0.38	-9.41	-2.73
11:29:20.386408	0.08	-9.74	1.11	0.22	-9.4	-2.7600000000000002	-0.36	-9.75	-0.9	0.38	-9.39	-2.77
11:29:20.396512	0.1	-9.74	1.12	0.16	-9.41	-2.73	-0.36	-9.76	-0.81	0.37	-9.38	-2.82
11:29:20.406606	0.1	-9.73	1.1300000000000001	0.11	-9.42	-2.7	-0.36	-9.77	-0.72	0.35000000000000003	-9.36	-2.88
11:29:20.416688	0.11	-9.73	1.1500000000000001	0.06	-9.43	-2.65	-0.36	-9.77	-0.64	0.33	-9.35	-2.92
11:29:20.426758	0.1	-9.73	1.16	0.03	-9.450000000000001	-2.6	-0.37	-9.78	-0.55	0.32	-9.34	-2.95
11:29:20.436859	0.1	-9.73	1.16	0.0	-9.46	-2.5500000000000003	-0.38	-9.78	-0.47000000000000003	0.31	-9.33	-2.98
11:29:20.446972	0.09	-9.73	1.17	-0.02	-9.48	-2.48	-0.38	-9.790000000000001	-0.39	0.31	-9.32	-3.0100000000000002
11:29:20.457091	0.07	-9.73	1.17	-0.05	-9.5	-2.41	-0.38	-9.790000000000001	-0.32	0.31	-9.32	-3.0100000000000002
11:29:20.467202	0.06	-9.73	1.17	-0.07	-9.52	-2.33	-0.38	-9.790000000000001	-0.25	0.36	-9.26	-3.18
11:29:20.477416	0.05	-9.73	1.18	-0.09	-9.540000000000001	-2.2600000000000002	-0.38	-9.790000000000001	-0.19	0.38	-9.23	-3.2800000000000002
11:29:20.487865	0.04	-9.73	1.18	-0.11	-9.55	-2.18	-0.38	-9.790000000000001	-0.13	0.39	-9.200000000000001	-3.35
11:29:20.497991	0.04	-9.73	1.18	-0.14	-9.57	-2.11	-0.39	-9.790000000000001	-0.07	0.37	-9.18	-3.4
11:29:20.508106	0.03	-9.73	1.18	-0.17	-9.59	-2.0300000000000002	-0.4	-9.790000000000001	-0.01	0.36	-9.17	-3.45
11:29:20.518239	0.03	-9.73	1.18	-0.2	-9.6	-1.96	-0.4	-9.790000000000001	0.04	0.36	-9.15	-3.48
11:29:20.528800	0.02	-9.73	1.18	-0.24	-9.61	-1.9000000000000001	-0.4	-9.790000000000001	0.1	0.39	-9.14	-3.5300000000000002
11:29:20.539031	0.02	-9.73	1.19	-0.29	-9.620000000000001	-1.84	-0.4	-9.790000000000001	0.21	0.41000000000000003	-9.11	-3.58
11:29:20.549127	0.02	-9.73	1.1500000000000001	-0.33	-9.63	-1.78	-0.4	-9.790000000000001	0.21	0.42	-9.09	-3.63
11:29:20.559202	0.01	-9.73	1.1500000000000001	-0.38	-9.64	-1.71	-0.4	-9.790000000000001	0.27	0.44	-9.07	-3.7
11:29:20.569860	0.0	-9.73	1.16	-0.43	-9.65	-1.6400000000000001	-0.4	-9.790000000000001	0.32	0.45	-9.05	-3.74
11:29:20.579952	0.0	-9.73	1.16	-0.48	-9.66	-1.57	-0.4	-9.78	0.41000000000000003	0.47000000000000003	-9.02	-3.79
11:29:20.590083	0.0	-9.73	1.17	-0.53	-9.67	-1.48	-0.4	-9.78	0.46	0.48	-9.02	-3.81
11:29:20.600147	0.0	-9.73	1.18	-0.58	-9.68	-1.4000000000000001	-0.4	-9.78	0.51	0.48	-9.01	-3.83
11:29:20.610773	0.0	-9.73	1.1400000000000001	-0.63	-9.69	-1.32	-0.41000000000000003	-9.78	0.55	0.49	-8.99	-3.87
11:29:20.620892	0.0	-9.74	1.11	-0.68	-9.700000000000001	-1.24	-0.41000000000000003	-9.77	0.6	0.5	-8.97	-3.91
11:29:20.631016	0.0	-9.74	1.07	-0.77	-9.71	-1.09	-0.42	-9.77	0.64	0.51	-8.96	-3.93
11:29:20.641089	0.0	-9.75	1.04	-0.8200000000000001	-9.71	-1.02	-0.42	-9.77	0.6900000000000001	0.52	-8.950000000000001	-3.95
11:29:20.651604	0.0	-9.75	1.01	-0.87	-9.72	-0.9500000000000001	-0.43	-9.76	0.73	0.52	-8.93	-4.0
11:29:20.661671	0.0	-9.75	1.03	-0.92	-9.72	-0.88	-0.43	-9.76	0.78	0.52	-8.93	-4.0
11:29:20.671805	-0.01	-9.75	1.04	-0.97	-9.72	-0.81	-0.44	-9.76	0.8200000000000001	0.53	-8.91	-4.05
11:29:20.681877	-0.02	-9.74	1.06	-1.03	-9.72	-0.74	-0.45	-9.75	0.87	0.53	-8.89	-4.08
11:29:20.691949	-0.03	-9.74	1.08	-1.08	-9.72	-0.67	-0.45	-9.75	0.91	0.53	-8.870000000000001	-4.12
11:29:20.702079	-0.04	-9.74	1.06	-1.1500000000000001	-9.72	-0.6	-0.46	-9.74	0.97	0.52	-8.86	-4.15
11:29:20.712730	-0.07	-9.74	1.08	-1.21	-9.71	-0.52	-0.47000000000000003	-9.74	1.01	0.48	-8.85	-4.19
11:29:20.722852	-0.09	-9.74	1.11	-1.27	-9.71	-0.46	-0.48	-9.73	1.06	0.41000000000000003	-8.83	-4.24
11:29:20.732926	-0.12	-9.73	1.1300000000000001	-1.34	-9.700000000000001	-0.4	-0.49	-9.72	1.12	0.38	-8.8	-4.3
11:29:20.742998	-0.15	-9.73	1.1500000000000001	-1.4000000000000001	-9.69	-0.35000000000000003	-0.5	-9.72	1.17	0.35000000000000003	-8.78	-4.3500000000000005
11:29:20.753127	-0.18	-9.73	1.18	-1.47	-9.69	-0.3	-0.52	-9.71	1.23	0.32	-8.75	-4.4
11:29:20.763230	-0.22	-9.73	1.2	-1.53	-9.68	-0.24	-0.54	-9.700000000000001	1.29	0.31	-8.72	-4.46
11:29:20.773308	-0.25	-9.72	1.21	-1.59	-9.67	-0.17	-0.56	-9.69	1.35	0.31	-8.68	-4.54
11:29:20.783409	-0.28	-9.72	1.23	-1.6500000000000001	-9.66	-0.11	-0.58	-9.68	1.42	0.28	-8.65	-4.6000000000000005
11:29:20.793485	-0.3	-9.72	1.25	-1.71	-9.65	-0.06	-0.61	-9.67	1.49	0.26	-8.61	-4.67
11:29:20.803560	-0.33	-9.71	1.26	-1.76	-9.64	0.0	-0.63	-9.65	1.56	0.24	-8.56	-4.76
11:29:20.813627	-0.35000000000000003	-9.71	1.27	-1.82	-9.63	0.06	-0.66	-9.64	1.6400000000000001	0.22	-8.51	-4.8500000000000005
11:29:20.823707	-0.37	-9.71	1.29	-1.87	-9.620000000000001	0.11	-0.6900000000000001	-9.620000000000001	1.73	0.19	-8.47	-4.93
11:29:20.833815	-0.39	-9.71	1.3	-1.92	-9.61	0.15	-0.72	-9.6	1.82	0.16	-8.41	-5.0200000000000005
11:29:20.843904	-0.4	-9.700000000000001	1.31	-1.97	-9.6	0.19	-0.75	-9.58	1.92	0.13	-8.35	-5.13
11:29:20.854001	-0.41000000000000003	-9.700000000000001	1.32	-2.02	-9.59	0.21	-0.79	-9.56	2.0300000000000002	0.1	-8.290000000000001	-5.23
11:29:20.864098	-0.41000000000000003	-9.700000000000001	1.33	-2.08	-9.58	0.23	-0.8200000000000001	-9.53	2.14	0.06	-8.23	-5.32
11:29:20.874220	-0.41000000000000003	-9.700000000000001	1.34	-2.13	-9.56	0.25	-0.86	-9.5	2.25	0.02	-8.15	-5.44
11:29:20.884341	-0.41000000000000003	-9.700000000000001	1.35	-2.18	-9.55	0.26	-0.9	-9.47	2.37	-0.01	-8.07	-5.5600000000000005
11:29:20.894978	-0.41000000000000003	-9.700000000000001	1.35	-2.22	-9.540000000000001	0.27	-0.9400000000000001	-9.43	2.5100000000000002	-0.04	-7.99	-5.67
11:29:20.905053	-0.41000000000000003	-9.700000000000001	1.35	-2.27	-9.53	0.27	-0.99	-9.39	2.64	-0.07	-7.91	-5.79
11:29:20.915238	-0.42	-9.700000000000001	1.34	-2.3000000000000003	-9.52	0.28	-1.04	-9.34	2.7800000000000002	-0.13	-7.8100000000000005	-5.92
11:29:20.925384	-0.43	-9.700000000000001	1.33	-2.33	-9.51	0.27	-1.09	-9.290000000000001	2.92	-0.21	-7.71	-6.05
11:29:20.935513	-0.44	-9.700000000000001	1.31	-2.35	-9.51	0.25	-1.1400000000000001	-9.23	3.08	-0.26	-7.6000000000000005	-6.18
11:29:20.946087	-0.46	-9.700000000000001	1.29	-2.36	-9.51	0.23	-1.18	-9.17	3.25	-0.26	-7.6000000000000005	-6.18
11:29:20.956162	-0.46	-9.71	1.27	-2.36	-9.51	0.2	-1.23	-9.1	3.42	-0.39	-7.3500000000000005	-6.47
11:29:20.966229	-0.46	-9.71	1.25	-2.35	-9.51	0.15	-1.28	-9.02	3.6	-0.49	-7.2	-6.63
11:29:20.976309	-0.44	-9.71	1.23	-2.33	-9.52	0.09	-1.34	-8.94	3.7800000000000002	-0.49	-7.2	-6.63
11:29:20.986409	-0.42	-9.72	1.22	-2.3000000000000003	-9.53	0.01	-1.3900000000000001	-8.85	3.97	-0.75	-6.9	-6.92
11:29:20.996498	-0.39	-9.72	1.22	-2.2600000000000002	-9.53	-0.08	-1.45	-8.75	4.17	-0.84	-6.73	-7.07
11:29:21.006589	-0.37	-9.72	1.21	-2.22	-9.540000000000001	-0.2	-1.54	-8.64	4.36	-0.93	-6.55	-7.23
11:29:21.016690	-0.35000000000000003	-9.72	1.2	-2.17	-9.55	-0.34	-1.67	-8.52	4.55	-1.0	-6.3100000000000005	-7.43
11:29:21.026773	-0.33	-9.72	1.2	-2.11	-9.56	-0.5	-1.82	-8.39	4.72	-1.06	-6.04	-7.640000000000001
11:29:21.036859	-0.32	-9.72	1.19	-2.05	-9.56	-0.68	-1.94	-8.27	4.88	-1.1500000000000001	-5.71	-7.88
11:29:21.046950	-0.31	-9.72	1.19	-1.98	-9.56	-0.88	-2.02	-8.16	5.04	-1.3	-5.29	-8.14
11:29:21.057023	-0.3	-9.73	1.18	-1.9100000000000001	-9.55	-1.09	-2.06	-8.040000000000001	5.21	-1.44	-4.86	-8.39
11:29:21.067098	-0.29	-9.73	1.17	-1.83	-9.540000000000001	-1.32	-2.08	-7.92	5.38	-1.56	-4.43	-8.6
11:29:21.077180	-0.28	-9.73	1.1500000000000001	-1.73	-9.52	-1.55	-2.11	-7.8100000000000005	5.53	-1.6600000000000001	-4.0200000000000005	-8.78
11:29:21.087277	-0.27	-9.73	1.1400000000000001	-1.6300000000000001	-9.5	-1.75	-2.12	-7.7	5.67	-1.84	-3.69	-8.89
11:29:21.097793	-0.26	-9.73	1.12	-1.53	-9.49	-1.92	-2.12	-7.6000000000000005	5.8	-1.96	-3.5500000000000003	-8.92
11:29:21.107958	-0.26	-9.74	1.1	-1.43	-9.47	-2.06	-2.12	-7.51	5.92	-1.75	-3.56	-8.96
11:29:21.118026	-0.25	-9.74	1.09	-1.33	-9.46	-2.19	-2.13	-7.44	6.01	-1.4000000000000001	-3.68	-8.97
11:29:21.128265	-0.25	-9.74	1.08	-1.24	-9.44	-2.31	-2.14	-7.390000000000001	6.07	-1.04	-3.8200000000000003	-8.96
11:29:21.138842	-0.24	-9.74	1.07	-1.16	-9.42	-2.45	-2.12	-7.37	6.1000000000000005	-0.79	-3.92	-8.950000000000001
11:29:21.148962	-0.24	-9.74	1.07	-1.08	-9.39	-2.59	-2.09	-7.38	6.09	-0.48	-4.14	-8.870000000000001
11:29:21.159026	-0.23	-9.74	1.07	-0.99	-9.35	-2.75	-2.04	-7.42	6.07	-0.48	-4.14	-8.870000000000001
11:29:21.169163	-0.22	-9.74	1.07	-0.91	-9.32	-2.91	-1.98	-7.48	6.01	-0.15	-4.65	-8.63
11:29:21.179601	-0.21	-9.74	1.07	-0.8200000000000001	-9.28	-3.06	-1.9100000000000001	-7.57	5.93	-0.11	-4.89	-8.49
11:29:21.189972	-0.19	-9.74	1.07	-0.74	-9.23	-3.19	-1.84	-7.67	5.8100000000000005	-0.08	-5.1000000000000005	-8.370000000000001
11:29:21.200086	-0.17	-9.74	1.08	-0.67	-9.19	-3.33	-1.72	-7.930000000000001	5.5	-0.04	-5.3500000000000005	-8.21
11:29:21.210215	-0.15	-9.74	1.09	-0.6	-9.15	-3.45	-1.67	-8.07	5.3	0.0	-5.67	-8.0
11:29:21.220878	-0.13	-9.74	1.09	-0.54	-9.11	-3.5700000000000003	-1.61	-8.23	5.07	0.03	-6.01	-7.74
11:29:21.231039	-0.12	-9.74	1.1	-0.44	-9.02	-3.8000000000000003	-1.55	-8.4	4.8100000000000005	0.09	-6.3500000000000005	-7.46
11:29:21.241633	-0.11	-9.74	1.11	-0.41000000000000003	-8.98	-3.9	-1.49	-8.57	4.5200000000000005	0.2	-6.69	-7.15
11:29:21.251702	-0.1	-9.74	1.12	-0.38	-8.94	-4.0	-1.41	-8.74	4.21	0.31	-7.0	-6.8500000000000005
11:29:21.261832	-0.09	-9.74	1.12	-0.35000000000000003	-8.9	-4.09	-1.33	-8.91	3.86	0.42	-7.29	-6.53
11:29:21.271913	-0.08	-9.74	1.1300000000000001	-0.32	-8.870000000000001	-4.16	-1.26	-9.07	3.49	0.52	-7.5600000000000005	-6.22
11:29:21.281991	-0.08	-9.73	1.1400000000000001	-0.28	-8.84	-4.22	-1.2	-9.22	3.1	0.61	-7.8100000000000005	-5.89
11:29:21.292057	-0.07	-9.73	1.1400000000000001	-0.25	-8.82	-4.26	-1.16	-9.35	2.68	0.68	-8.040000000000001	-5.57
11:29:21.302131	-0.07	-9.73	1.1400000000000001	-0.21	-8.81	-4.29	-1.12	-9.47	2.25	0.75	-8.25	-5.23
11:29:21.312288	-0.08	-9.73	1.1400000000000001	-0.16	-8.8	-4.3100000000000005	-1.09	-9.57	1.81	0.8	-8.46	-4.88
11:29:21.322363	-0.09	-9.73	1.1400000000000001	-0.11	-8.790000000000001	-4.33	-1.04	-9.65	1.36	0.8200000000000001	-8.65	-4.5200000000000005
11:29:21.332445	-0.1	-9.73	1.1400000000000001	-0.05	-8.790000000000001	-4.33	-0.99	-9.71	0.92	0.8200000000000001	-8.83	-4.16
11:29:21.342572	-0.11	-9.74	1.1300000000000001	0.0	-8.8	-4.3100000000000005	-0.92	-9.75	0.47000000000000003	0.8	-9.0	-3.79
11:29:21.352642	-0.12	-9.74	1.12	0.07	-8.81	-4.28	-0.85	-9.76	0.04	0.78	-9.16	-3.41
11:29:21.362712	-0.13	-9.74	1.11	0.13	-8.83	-4.25	-0.78	-9.76	-0.39	0.76	-9.3	-3.0100000000000002
11:29:21.372821	-0.15	-9.74	1.11	0.19	-8.84	-4.22	-0.72	-9.74	-0.81	0.73	-9.42	-2.6
11:29:21.382950	-0.16	-9.74	1.1	0.24	-8.86	-4.19	-0.67	-9.700000000000001	-1.24	0.7000000000000001	-9.53	-2.19
11:29:21.393619	-0.17	-9.74	1.09	0.27	-8.88	-4.14	-0.63	-9.64	-1.6500000000000001	0.6900000000000001	-9.61	-1.79
11:29:21.403686	-0.18	-9.74	1.08	0.31	-8.9	-4.09	-0.59	-9.57	-2.04	0.6900000000000001	-9.68	-1.4000000000000001
11:29:21.413759	-0.2	-9.74	1.06	0.34	-8.93	-4.03	-0.5700000000000001	-9.48	-2.41	0.6900000000000001	-9.72	-1.03
11:29:21.423826	-0.22	-9.74	1.05	0.37	-8.96	-3.96	-0.5700000000000001	-9.39	-2.7600000000000002	0.71	-9.75	-0.67
11:29:21.433905	-0.23	-9.74	1.04	0.38	-8.99	-3.89	-0.5700000000000001	-9.290000000000001	-3.08	0.72	-9.77	-0.36
11:29:21.443971	-0.25	-9.74	1.02	0.39	-9.02	-3.8200000000000003	-0.58	-9.19	-3.36	0.73	-9.77	-0.08
11:29:21.454652	-0.26	-9.75	1.01	0.38	-9.040000000000001	-3.7600000000000002	-0.59	-9.09	-3.61	0.73	-9.77	0.15
11:29:21.464779	-0.28	-9.75	1.0	0.36	-9.06	-3.71	-0.6	-9.0	-3.83	0.7000000000000001	-9.77	0.35000000000000003
11:29:21.474907	-0.3	-9.75	0.99	0.34	-9.08	-3.67	-0.59	-8.93	-4.0	0.66	-9.77	0.5
11:29:21.485048	-0.31	-9.75	0.98	0.33	-9.1	-3.63	-0.56	-8.870000000000001	-4.12	0.62	-9.76	0.6
11:29:21.495608	-0.33	-9.75	0.97	0.32	-9.11	-3.61	-0.53	-8.83	-4.21	0.6	-9.76	0.65
11:29:21.505702	-0.34	-9.75	0.96	0.32	-9.11	-3.6	-0.49	-8.82	-4.25	0.58	-9.76	0.66
11:29:21.515884	-0.37	-9.75	0.9400000000000001	0.34	-9.11	-3.6	-0.46	-8.83	-4.24	0.5700000000000001	-9.76	0.62
11:29:21.525977	-0.38	-9.75	0.9400000000000001	0.37	-9.1	-3.61	-0.44	-8.85	-4.18	0.56	-9.77	0.53
11:29:21.536658	-0.39	-9.75	0.93	0.4	-9.09	-3.64	-0.42	-8.9	-4.08	0.56	-9.78	0.42
11:29:21.546726	-0.4	-9.75	0.92	0.43	-9.08	-3.67	-0.42	-8.96	-3.94	0.59	-9.78	0.33
11:29:21.556866	-0.41000000000000003	-9.75	0.92	0.45	-9.06	-3.7	-0.43	-9.03	-3.7800000000000002	0.7000000000000001	-9.78	0.07
11:29:21.566982	-0.41000000000000003	-9.75	0.91	0.47000000000000003	-9.05	-3.72	-0.44	-9.11	-3.59	0.81	-9.77	-0.2
11:29:21.577620	-0.43	-9.75	0.91	0.47000000000000003	-9.040000000000001	-3.75	-0.45	-9.19	-3.38	0.88	-9.76	-0.31
11:29:21.587979	-0.44	-9.75	0.91	0.47000000000000003	-9.03	-3.77	-0.44	-9.25	-3.22	0.93	-9.76	-0.11
11:29:21.598100	-0.45	-9.75	0.92	0.44	-9.03	-3.77	-0.43	-9.28	-3.13	1.05	-9.74	-0.06
11:29:21.608212	-0.47000000000000003	-9.75	0.93	0.42	-9.040000000000001	-3.75	-0.5	-9.290000000000001	-3.0700000000000003	1.2	-9.72	-0.43
11:29:21.618287	-0.49	-9.74	0.9500000000000001	0.41000000000000003	-9.06	-3.72	-0.5700000000000001	-9.32	-2.97	1.18	-9.69	-0.87
11:29:21.628927	-0.5	-9.74	0.97	0.41000000000000003	-9.07	-3.7	-0.64	-9.370000000000001	-2.81	0.96	-9.68	-1.19
11:29:21.639029	-0.52	-9.74	0.99	0.43	-9.08	-3.67	-0.67	-9.41	-2.65	0.75	-9.66	-1.47
11:29:21.649144	-0.53	-9.73	1.01	0.46	-9.09	-3.63	-0.67	-9.450000000000001	-2.5300000000000002	0.48	-9.57	-2.05
11:29:21.659246	-0.54	-9.73	1.03	0.48	-9.1	-3.61	-0.66	-9.48	-2.41	0.37	-9.55	-2.17
11:29:21.669964	-0.55	-9.73	1.05	0.48	-9.1	-3.6	-0.63	-9.51	-2.29	0.35000000000000003	-9.56	-2.14
11:29:21.680238	-0.55	-9.73	1.06	0.46	-9.11	-3.59	-0.6	-9.57	-2.04	0.34	-9.56	-2.11
11:29:21.690861	-0.56	-9.72	1.09	0.43	-9.11	-3.58	-0.6	-9.59	-1.9100000000000001	0.34	-9.57	-2.07
11:29:21.701005	-0.55	-9.72	1.11	0.39	-9.15	-3.5	-0.6	-9.620000000000001	-1.79	0.33	-9.57	-2.08
11:29:21.711222	-0.54	-9.72	1.1400000000000001	0.39	-9.18	-3.41	-0.58	-9.64	-1.67	0.34	-9.55	-2.19
11:29:21.721325	-0.52	-9.72	1.16	0.4	-9.22	-3.3000000000000003	-0.55	-9.66	-1.57	0.33	-9.51	-2.35
11:29:21.731809	-0.49	-9.72	1.19	0.41000000000000003	-9.26	-3.18	-0.51	-9.68	-1.47	0.29	-9.47	-2.5100000000000002
11:29:21.741936	-0.46	-9.71	1.21	0.39	-9.3	-3.08	-0.47000000000000003	-9.69	-1.37	0.25	-9.450000000000001	-2.59
11:29:21.752029	-0.44	-9.71	1.23	0.36	-9.32	-3.0100000000000002	-0.45	-9.71	-1.27	0.25	-9.450000000000001	-2.6
11:29:21.762101	-0.42	-9.71	1.25	0.32	-9.33	-2.97	-0.44	-9.72	-1.17	0.23	-9.44	-2.62
11:29:21.772617	-0.41000000000000003	-9.71	1.27	0.26	-9.34	-2.95	-0.44	-9.73	-1.07	0.22	-9.43	-2.66
11:29:21.782739	-0.41000000000000003	-9.71	1.28	0.21	-9.35	-2.94	-0.44	-9.74	-0.97	0.21	-9.41	-2.74
11:29:21.792867	-0.42	-9.71	1.29	0.17	-9.36	-2.91	-0.43	-9.75	-0.87	0.2	-9.38	-2.83
11:29:21.802941	-0.44	-9.71	1.29	0.14	-9.370000000000001	-2.87	-0.43	-9.76	-0.77	0.18	-9.36	-2.91
11:29:21.813034	-0.46	-9.71	1.28	0.13	-9.39	-2.8000000000000003	-0.44	-9.77	-0.67	0.16	-9.34	-2.95
11:29:21.823108	-0.48	-9.700000000000001	1.28	0.12	-9.42	-2.72	-0.44	-9.77	-0.59	0.16	-9.34	-2.96
11:29:21.833180	-0.5	-9.700000000000001	1.28	0.12	-9.44	-2.62	-0.43	-9.78	-0.52	0.17	-9.33	-2.99
11:29:21.843261	-0.52	-9.700000000000001	1.28	0.12	-9.47	-2.52	-0.43	-9.78	-0.45	0.2	-9.31	-3.0500000000000003
11:29:21.853349	-0.54	-9.700000000000001	1.27	0.11	-9.5	-2.41	-0.43	-9.78	-0.38	0.21	-9.290000000000001	-3.12
11:29:21.863424	-0.55	-9.700000000000001	1.27	0.09	-9.53	-2.3000000000000003	-0.43	-9.790000000000001	-0.32	0.21	-9.27	-3.19
11:29:21.873495	-0.56	-9.700000000000001	1.27	0.07	-9.55	-2.19	-0.43	-9.790000000000001	-0.26	0.19	-9.25	-3.24
11:29:21.883596	-0.56	-9.700000000000001	1.27	0.05	-9.57	-2.09	-0.43	-9.790000000000001	-0.2	0.16	-9.23	-3.29
11:29:21.893717	-0.56	-9.700000000000001	1.28	0.02	-9.59	-2.0	-0.43	-9.790000000000001	-0.14	0.15	-9.22	-3.31
11:29:21.903790	-0.56	-9.700000000000001	1.28	0.0	-9.61	-1.9100000000000001	-0.42	-9.790000000000001	-0.08	0.15	-9.21	-3.34
11:29:21.913865	-0.55	-9.700000000000001	1.28	-0.04	-9.63	-1.83	-0.42	-9.790000000000001	-0.03	0.15	-9.200000000000001	-3.38
11:29:21.923950	-0.54	-9.700000000000001	1.28	-0.08	-9.64	-1.75	-0.41000000000000003	-9.790000000000001	0.02	0.15	-9.18	-3.42
11:29:21.934056	-0.52	-9.700000000000001	1.28	-0.13	-9.66	-1.67	-0.41000000000000003	-9.790000000000001	0.07	0.15	-9.17	-3.45
11:29:21.944174	-0.51	-9.700000000000001	1.29	-0.19	-9.67	-1.58	-0.4	-9.790000000000001	0.12	0.16	-9.16	-3.49
11:29:21.954268	-0.5	-9.700000000000001	1.29	-0.24	-9.68	-1.49	-0.4	-9.790000000000001	0.16	0.16	-9.14	-3.5300000000000002
11:29:21.964341	-0.5	-9.700000000000001	1.3	-0.3	-9.700000000000001	-1.3900000000000001	-0.39	-9.790000000000001	0.21	0.16	-9.13	-3.5700000000000003
11:29:21.974414	-0.49	-9.700000000000001	1.31	-0.35000000000000003	-9.71	-1.29	-0.39	-9.790000000000001	0.25	0.16	-9.11	-3.6
11:29:21.984489	-0.48	-9.700000000000001	1.32	-0.41000000000000003	-9.72	-1.18	-0.39	-9.790000000000001	0.29	0.16	-9.1	-3.64
11:29:21.994573	-0.48	-9.700000000000001	1.29	-0.46	-9.73	-1.07	-0.38	-9.790000000000001	0.33	0.15	-9.08	-3.7
11:29:22.004661	-0.48	-9.700000000000001	1.3	-0.52	-9.74	-0.9500000000000001	-0.38	-9.790000000000001	0.37	0.15	-9.06	-3.73
11:29:22.014748	-0.48	-9.700000000000001	1.32	-0.5700000000000001	-9.75	-0.8300000000000001	-0.38	-9.790000000000001	0.4	0.15	-9.06	-3.74
11:29:22.024819	-0.48	-9.700000000000001	1.34	-0.64	-9.75	-0.72	-0.38	-9.78	0.43	0.15	-9.05	-3.7600000000000002
11:29:22.034888	-0.47000000000000003	-9.69	1.36	-0.7000000000000001	-9.76	-0.61	-0.37	-9.78	0.47000000000000003	0.15	-9.03	-3.8000000000000003
11:29:22.045035	-0.47000000000000003	-9.69	1.3800000000000001	-0.77	-9.76	-0.51	-0.37	-9.78	0.51	0.15	-9.02	-3.8200000000000003
11:29:22.055141	-0.47000000000000003	-9.69	1.3900000000000001	-0.84	-9.76	-0.42	-0.38	-9.78	0.55	0.14	-9.01	-3.85
11:29:22.065822	-0.48	-9.69	1.37	-0.91	-9.75	-0.33	-0.38	-9.78	0.59	0.14	-9.0	-3.88
11:29:22.075953	-0.48	-9.69	1.3900000000000001	-0.98	-9.75	-0.25	-0.38	-9.77	0.65	0.14	-8.97	-3.94
11:29:22.086071	-0.48	-9.69	1.41	-1.05	-9.74	-0.17	-0.38	-9.77	0.7000000000000001	0.14	-8.96	-3.96
11:29:22.096150	-0.47000000000000003	-9.68	1.44	-1.12	-9.74	-0.09	-0.38	-9.76	0.76	0.14	-8.950000000000001	-3.99
11:29:22.106254	-0.47000000000000003	-9.68	1.45	-1.18	-9.73	-0.02	-0.38	-9.76	0.8200000000000001	0.15	-8.92	-4.05
11:29:22.116382	-0.47000000000000003	-9.68	1.46	-1.24	-9.72	0.04	-0.39	-9.75	0.9	0.16	-8.9	-4.11
11:29:22.126498	-0.48	-9.68	1.47	-1.29	-9.72	0.1	-0.4	-9.74	0.97	0.16	-8.88	-4.15
11:29:22.137243	-0.48	-9.68	1.48	-1.34	-9.71	0.16	-0.41000000000000003	-9.74	1.04	0.15	-8.85	-4.2
11:29:22.147328	-0.49	-9.68	1.49	-1.3900000000000001	-9.700000000000001	0.21	-0.42	-9.73	1.12	0.09	-8.82	-4.2700000000000005
11:29:22.157396	-0.49	-9.67	1.49	-1.44	-9.69	0.25	-0.43	-9.72	1.21	0.06	-8.78	-4.34
11:29:22.167520	-0.49	-9.67	1.5	-1.49	-9.68	0.3	-0.44	-9.700000000000001	1.29	0.04	-8.75	-4.42
11:29:22.177904	-0.49	-9.67	1.51	-1.53	-9.68	0.33	-0.46	-9.69	1.3800000000000001	0.02	-8.700000000000001	-4.51
11:29:22.188165	-0.48	-9.67	1.51	-1.57	-9.67	0.36	-0.48	-9.68	1.48	0.01	-8.65	-4.61
11:29:22.198356	-0.48	-9.67	1.52	-1.62	-9.66	0.38	-0.51	-9.66	1.58	0.0	-8.59	-4.71
11:29:22.208464	-0.48	-9.67	1.52	-1.6600000000000001	-9.65	0.41000000000000003	-0.54	-9.64	1.68	-0.04	-8.540000000000001	-4.8
11:29:22.218585	-0.47000000000000003	-9.67	1.52	-1.72	-9.64	0.43	-0.5700000000000001	-9.620000000000001	1.79	-0.06	-8.48	-4.9
11:29:22.228774	-0.47000000000000003	-9.67	1.51	-1.77	-9.63	0.45	-0.6	-9.6	1.9000000000000001	-0.09	-8.42	-5.0200000000000005
11:29:22.239238	-0.46	-9.67	1.51	-1.82	-9.620000000000001	0.46	-0.63	-9.57	2.02	-0.12	-8.35	-5.13
11:29:22.249338	-0.46	-9.67	1.51	-1.86	-9.61	0.48	-0.67	-9.540000000000001	2.14	-0.16	-8.28	-5.24
11:29:22.259439	-0.46	-9.67	1.5	-1.9100000000000001	-9.6	0.49	-0.67	-9.52	2.21	-0.22	-8.11	-5.5
11:29:22.269567	-0.46	-9.68	1.48	-1.95	-9.59	0.5	-0.71	-9.49	2.34	-0.27	-8.03	-5.61
11:29:22.280001	-0.46	-9.68	1.46	-1.98	-9.58	0.51	-0.76	-9.450000000000001	2.47	-0.33	-7.95	-5.72
11:29:22.290069	-0.46	-9.69	1.43	-2.0100000000000002	-9.58	0.52	-0.8	-9.41	2.6	-0.37	-7.8500000000000005	-5.86
11:29:22.300218	-0.46	-9.69	1.4000000000000001	-2.02	-9.58	0.52	-0.88	-9.32	2.9	-0.41000000000000003	-7.73	-6.01
11:29:22.310376	-0.45	-9.69	1.37	-2.02	-9.58	0.51	-0.88	-9.32	2.9	-0.47000000000000003	-7.62	-6.140000000000001
11:29:22.320495	-0.44	-9.700000000000001	1.34	-2.02	-9.58	0.49	-0.97	-9.21	3.22	-0.55	-7.5	-6.28
11:29:22.330593	-0.43	-9.700000000000001	1.31	-2.0100000000000002	-9.58	0.46	-1.01	-9.14	3.38	-0.64	-7.37	-6.43
11:29:22.341197	-0.41000000000000003	-9.71	1.29	-1.99	-9.59	0.41000000000000003	-1.06	-9.07	3.56	-0.75	-7.22	-6.59
11:29:22.351319	-0.39	-9.71	1.27	-1.97	-9.59	0.35000000000000003	-1.1	-8.99	3.75	-0.86	-7.07	-6.73
11:29:22.361382	-0.37	-9.71	1.26	-1.9100000000000001	-9.61	0.15	-1.1500000000000001	-8.9	3.94	-0.96	-6.93	-6.86
11:29:22.371513	-0.36	-9.72	1.24	-1.87	-9.620000000000001	0.02	-1.22	-8.8	4.13	-1.06	-6.76	-7.01
11:29:22.382060	-0.35000000000000003	-9.72	1.23	-1.82	-9.63	-0.12	-1.33	-8.69	4.32	-1.1500000000000001	-6.5600000000000005	-7.18
11:29:22.392252	-0.34	-9.72	1.22	-1.76	-9.64	-0.29	-1.47	-8.58	4.5	-1.22	-6.3500000000000005	-7.37
11:29:22.402828	-0.33	-9.72	1.21	-1.69	-9.64	-0.48	-1.61	-8.46	4.68	-1.25	-6.09	-7.57
11:29:22.413127	-0.32	-9.72	1.19	-1.62	-9.64	-0.6900000000000001	-1.72	-8.35	4.83	-1.32	-5.79	-7.79
11:29:22.423203	-0.31	-9.72	1.18	-1.54	-9.63	-0.93	-1.78	-8.26	4.97	-1.46	-5.41	-8.040000000000001
11:29:22.433306	-0.3	-9.73	1.16	-1.45	-9.620000000000001	-1.18	-1.81	-8.18	5.09	-1.57	-4.93	-8.32
11:29:22.443414	-0.28	-9.73	1.1400000000000001	-1.35	-9.61	-1.4000000000000001	-1.8	-8.09	5.22	-1.67	-4.4	-8.59
11:29:22.453494	-0.27	-9.73	1.11	-1.23	-9.59	-1.58	-1.79	-8.01	5.36	-2.02	-4.05	-8.69
11:29:22.463559	-0.25	-9.74	1.09	-1.1300000000000001	-9.58	-1.73	-1.8	-7.92	5.49	-2.24	-4.0200000000000005	-8.65
11:29:22.473630	-0.24	-9.74	1.06	-1.03	-9.57	-1.86	-1.82	-7.84	5.59	-1.8800000000000001	-4.16	-8.67
11:29:22.483747	-0.23	-9.74	1.04	-0.92	-9.55	-1.98	-1.85	-7.7700000000000005	5.67	-1.42	-4.3	-8.69
11:29:22.493816	-0.22	-9.75	1.02	-0.8200000000000001	-9.53	-2.11	-1.86	-7.74	5.71	-1.26	-4.4	-8.67
11:29:22.503892	-0.22	-9.75	1.02	-0.72	-9.51	-2.24	-1.85	-7.73	5.73	-1.27	-4.42	-8.65
11:29:22.513957	-0.21	-9.75	0.99	-0.62	-9.49	-2.37	-1.82	-7.75	5.72	-1.09	-4.48	-8.65
11:29:22.524030	-0.21	-9.75	0.98	-0.53	-9.46	-2.52	-1.77	-7.78	5.69	-0.8	-4.65	-8.59
11:29:22.534096	-0.21	-9.75	0.98	-0.44	-9.42	-2.67	-1.69	-7.84	5.63	-0.5700000000000001	-4.94	-8.44
11:29:22.544242	-0.21	-9.75	0.98	-0.35000000000000003	-9.38	-2.82	-1.59	-7.92	5.55	-0.44	-5.24	-8.27
11:29:22.554358	-0.2	-9.75	0.97	-0.27	-9.34	-2.96	-1.5	-8.02	5.43	-0.36	-5.49	-8.11
11:29:22.564428	-0.19	-9.75	0.97	-0.2	-9.3	-3.1	-1.43	-8.13	5.28	-0.29	-5.66	-7.99
11:29:22.574568	-0.18	-9.75	0.96	-0.13	-9.25	-3.22	-1.3800000000000001	-8.26	5.09	-0.22	-5.88	-7.84
11:29:22.584699	-0.17	-9.75	0.96	-0.07	-9.22	-3.33	-1.32	-8.39	4.88	-0.2	-6.15	-7.63
11:29:22.594770	-0.16	-9.75	0.96	-0.02	-9.18	-3.43	-1.25	-8.540000000000001	4.64	-0.16	-6.43	-7.390000000000001
11:29:22.604851	-0.15	-9.75	0.96	0.01	-9.15	-3.52	-1.17	-8.69	4.38	-0.09	-6.72	-7.13
11:29:22.614922	-0.13	-9.75	0.96	0.05	-9.120000000000001	-3.6	-1.09	-8.83	4.1	0.0	-7.01	-6.8500000000000005
11:29:22.625038	-0.12	-9.75	0.97	0.08	-9.09	-3.67	-1.02	-8.98	3.7800000000000002	0.08	-7.29	-6.55
11:29:22.635171	-0.11	-9.75	0.97	0.11	-9.06	-3.74	-0.96	-9.13	3.44	0.17	-7.54	-6.25
11:29:22.645745	-0.1	-9.75	0.97	0.14	-9.03	-3.79	-0.91	-9.26	3.0700000000000003	0.26	-7.78	-5.95
11:29:22.655853	-0.1	-9.75	0.98	0.17	-9.01	-3.84	-0.86	-9.38	2.69	0.32	-7.99	-5.66
11:29:22.665921	-0.09	-9.75	0.98	0.21	-9.0	-3.88	-0.8200000000000001	-9.49	2.29	0.38	-8.2	-5.36
11:29:22.676043	-0.09	-9.75	0.98	0.26	-8.98	-3.91	-0.78	-9.59	1.8800000000000001	0.44	-8.39	-5.04
11:29:22.686117	-0.08	-9.75	0.98	0.31	-8.97	-3.92	-0.73	-9.66	1.47	0.47000000000000003	-8.58	-4.72
11:29:22.696242	-0.06	-9.75	0.97	0.37	-8.97	-3.92	-0.67	-9.72	1.06	0.48	-8.75	-4.39
11:29:22.706320	-0.06	-9.75	0.97	0.43	-8.97	-3.92	-0.6	-9.76	0.66	0.47000000000000003	-8.9	-4.0600000000000005
11:29:22.716434	-0.04	-9.76	0.9500000000000001	0.5	-8.97	-3.91	-0.54	-9.78	0.26	0.45	-9.05	-3.73
11:29:22.726505	-0.03	-9.76	0.9400000000000001	0.5700000000000001	-8.97	-3.89	-0.47000000000000003	-9.790000000000001	-0.12	0.42	-9.18	-3.4
11:29:22.736575	-0.03	-9.76	0.92	0.63	-8.98	-3.88	-0.41000000000000003	-9.78	-0.49	0.38	-9.3	-3.0700000000000003
11:29:22.746686	-0.02	-9.76	0.91	0.6900000000000001	-8.98	-3.86	-0.35000000000000003	-9.76	-0.86	0.34	-9.4	-2.74
11:29:22.756794	-0.02	-9.76	0.89	0.74	-8.98	-3.85	-0.29	-9.72	-1.21	0.31	-9.49	-2.41
11:29:22.767474	-0.02	-9.76	0.87	0.79	-8.99	-3.83	-0.25	-9.68	-1.54	0.27	-9.57	-2.09
11:29:22.777570	-0.02	-9.76	0.85	0.8300000000000001	-8.99	-3.81	-0.21	-9.620000000000001	-1.86	0.24	-9.63	-1.79
11:29:22.787686	-0.03	-9.77	0.8300000000000001	0.86	-9.0	-3.79	-0.18	-9.56	-2.17	0.23	-9.68	-1.5
11:29:22.797890	-0.03	-9.77	0.81	0.87	-9.0	-3.77	-0.15	-9.49	-2.45	0.22	-9.72	-1.22
11:29:22.808405	-0.04	-9.77	0.79	0.88	-9.01	-3.75	-0.13	-9.42	-2.71	0.22	-9.75	-0.98
11:29:22.818575	-0.05	-9.77	0.78	0.88	-9.02	-3.73	-0.11	-9.35	-2.95	0.21	-9.77	-0.76
11:29:22.829173	-0.07	-9.77	0.76	0.88	-9.03	-3.7	-0.11	-9.28	-3.15	0.21	-9.78	-0.56
11:29:22.839307	-0.08	-9.77	0.74	0.87	-9.040000000000001	-3.68	-0.11	-9.22	-3.33	0.22	-9.790000000000001	-0.38
11:29:22.849376	-0.09	-9.77	0.73	0.87	-9.05	-3.66	-0.12	-9.16	-3.47	0.22	-9.8	-0.24
11:29:22.859508	-0.11	-9.77	0.71	0.87	-9.06	-3.63	-0.14	-9.120000000000001	-3.58	0.24	-9.8	-0.03
11:29:22.869959	-0.12	-9.78	0.7000000000000001	0.88	-9.07	-3.6	-0.17	-9.09	-3.65	0.25	-9.8	0.02
11:29:22.880060	-0.13	-9.78	0.68	0.89	-9.08	-3.58	-0.21	-9.07	-3.7	0.26	-9.8	0.04
11:29:22.890224	-0.14	-9.78	0.67	0.91	-9.08	-3.56	-0.22	-9.08	-3.68	0.27	-9.8	0.02
11:29:22.900648	-0.15	-9.78	0.66	0.92	-9.09	-3.5500000000000003	-0.24	-9.1	-3.63	0.28	-9.8	-0.02
11:29:22.910976	-0.15	-9.78	0.65	0.92	-9.09	-3.5500000000000003	-0.26	-9.13	-3.56	0.29	-9.8	-0.08
11:29:22.921131	-0.16	-9.78	0.64	0.9	-9.09	-3.56	-0.28	-9.17	-3.46	0.31	-9.790000000000001	-0.17
11:29:22.931721	-0.17	-9.78	0.63	0.87	-9.09	-3.56	-0.3	-9.21	-3.33	0.36	-9.790000000000001	-0.34
11:29:22.941817	-0.17	-9.78	0.62	0.85	-9.09	-3.56	-0.31	-9.26	-3.19	0.41000000000000003	-9.78	-0.56
11:29:22.951911	-0.18	-9.78	0.62	0.8200000000000001	-9.1	-3.54	-0.32	-9.32	-3.0300000000000002	0.46	-9.76	-0.74
11:29:22.962027	-0.19	-9.78	0.61	0.79	-9.120000000000001	-3.5100000000000002	-0.31	-9.36	-2.88	0.48	-9.76	-0.79
11:29:22.972147	-0.2	-9.78	0.61	0.76	-9.14	-3.45	-0.28	-9.39	-2.7800000000000002	0.49	-9.77	-0.61
11:29:22.982506	-0.22	-9.78	0.61	0.73	-9.17	-3.39	-0.27	-9.41	-2.72	0.61	-9.76	-0.61
11:29:22.992629	-0.24	-9.78	0.61	0.71	-9.19	-3.33	-0.29	-9.43	-2.67	0.72	-9.73	-0.88
11:29:23.002701	-0.26	-9.78	0.63	0.7000000000000001	-9.21	-3.2800000000000002	-0.32	-9.450000000000001	-2.58	0.67	-9.700000000000001	-1.21
11:29:23.012786	-0.27	-9.78	0.64	0.6900000000000001	-9.22	-3.24	-0.34	-9.48	-2.45	0.53	-9.67	-1.48
11:29:23.022859	-0.28	-9.78	0.64	0.68	-9.24	-3.2	-0.35000000000000003	-9.51	-2.33	0.41000000000000003	-9.63	-1.78
11:29:23.032929	-0.3	-9.78	0.65	0.68	-9.24	-3.19	-0.34	-9.540000000000001	-2.21	0.3	-9.56	-2.12
11:29:23.042996	-0.31	-9.77	0.65	0.6900000000000001	-9.25	-3.17	-0.31	-9.57	-2.09	0.18	-9.53	-2.29
11:29:23.053072	-0.32	-9.77	0.65	0.68	-9.26	-3.13	-0.29	-9.6	-1.97	0.1	-9.51	-2.36
11:29:23.063148	-0.33	-9.77	0.65	0.68	-9.28	-3.08	-0.29	-9.620000000000001	-1.86	0.08	-9.51	-2.37
11:29:23.073279	-0.33	-9.77	0.66	0.67	-9.31	-3.0	-0.31	-9.64	-1.75	0.11	-9.52	-2.33
11:29:23.083346	-0.33	-9.77	0.66	0.66	-9.34	-2.9	-0.32	-9.66	-1.6400000000000001	0.14	-9.540000000000001	-2.23
11:29:23.093420	-0.33	-9.77	0.67	0.65	-9.370000000000001	-2.79	-0.31	-9.67	-1.54	0.16	-9.540000000000001	-2.23
11:29:23.103493	-0.31	-9.77	0.68	0.63	-9.4	-2.68	-0.28	-9.69	-1.46	0.21	-9.51	-2.37
11:29:23.113575	-0.3	-9.77	0.68	0.61	-9.43	-2.58	-0.24	-9.700000000000001	-1.3900000000000001	0.23	-9.47	-2.5100000000000002
11:29:23.123646	-0.28	-9.77	0.6900000000000001	0.5700000000000001	-9.46	-2.48	-0.2	-9.71	-1.31	0.19	-9.44	-2.61
11:29:23.133754	-0.26	-9.77	0.7000000000000001	0.51	-9.49	-2.4	-0.17	-9.72	-1.24	0.14	-9.43	-2.67
11:29:23.143856	-0.24	-9.77	0.72	0.45	-9.51	-2.33	-0.15	-9.73	-1.17	0.1	-9.41	-2.72
11:29:23.153938	-0.22	-9.77	0.73	0.38	-9.52	-2.29	-0.13	-9.74	-1.1	0.09	-9.41	-2.75
11:29:23.164016	-0.21	-9.77	0.74	0.32	-9.53	-2.24	-0.13	-9.75	-1.03	0.09	-9.41	-2.74
11:29:23.174083	-0.21	-9.77	0.75	0.27	-9.55	-2.2	-0.13	-9.75	-0.96	0.09	-9.4	-2.79
11:29:23.184155	-0.21	-9.77	0.77	0.23	-9.56	-2.15	-0.14	-9.76	-0.89	0.07	-9.38	-2.85
11:29:23.194280	-0.22	-9.77	0.78	0.21	-9.58	-2.07	-0.14	-9.77	-0.8300000000000001	0.06	-9.36	-2.89
11:29:23.204353	-0.22	-9.77	0.78	0.19	-9.6	-1.97	-0.14	-9.77	-0.76	0.05	-9.36	-2.92
11:29:23.214438	-0.23	-9.77	0.78	0.18	-9.620000000000001	-1.87	-0.13	-9.78	-0.7000000000000001	0.05	-9.35	-2.95
11:29:23.224501	-0.24	-9.77	0.78	0.16	-9.64	-1.76	-0.13	-9.78	-0.63	0.07	-9.33	-2.99
11:29:23.234593	-0.24	-9.77	0.78	0.14	-9.66	-1.6600000000000001	-0.13	-9.78	-0.58	0.1	-9.31	-3.0500000000000003
11:29:23.244660	-0.24	-9.77	0.78	0.13	-9.67	-1.56	-0.13	-9.790000000000001	-0.52	0.12	-9.290000000000001	-3.12
11:29:23.254789	-0.24	-9.77	0.78	0.11	-9.69	-1.47	-0.14	-9.790000000000001	-0.47000000000000003	0.14	-9.26	-3.2
11:29:23.264874	-0.22	-9.77	0.78	0.09	-9.700000000000001	-1.3800000000000001	-0.15	-9.790000000000001	-0.41000000000000003	0.14	-9.24	-3.27
11:29:23.275005	-0.21	-9.77	0.78	0.07	-9.72	-1.29	-0.16	-9.790000000000001	-0.35000000000000003	0.13	-9.22	-3.31
11:29:23.285158	-0.2	-9.77	0.77	0.05	-9.73	-1.22	-0.17	-9.8	-0.29	0.11	-9.21	-3.35
11:29:23.295783	-0.19	-9.77	0.77	0.02	-9.73	-1.1500000000000001	-0.17	-9.8	-0.22	0.11	-9.200000000000001	-3.39
11:29:23.306405	-0.18	-9.77	0.77	0.0	-9.74	-1.08	-0.18	-9.8	-0.15	0.12	-9.18	-3.42
11:29:23.316482	-0.17	-9.77	0.76	-0.03	-9.75	-1.02	-0.18	-9.8	-0.08	0.13	-9.18	-3.44
11:29:23.326551	-0.16	-9.77	0.76	-0.06	-9.75	-0.97	-0.18	-9.8	-0.01	0.14	-9.16	-3.48
11:29:23.336654	-0.16	-9.77	0.75	-0.09	-9.76	-0.91	-0.18	-9.8	0.05	0.16	-9.14	-3.54
11:29:23.346727	-0.16	-9.77	0.75	-0.12	-9.76	-0.85	-0.18	-9.8	0.12	0.18	-9.11	-3.6
11:29:23.356798	-0.16	-9.77	0.75	-0.16	-9.77	-0.8	-0.19	-9.8	0.19	0.2	-9.09	-3.65
11:29:23.366882	-0.17	-9.77	0.76	-0.19	-9.77	-0.74	-0.19	-9.8	0.26	0.21	-9.07	-3.71
11:29:23.377307	-0.17	-9.77	0.76	-0.22	-9.78	-0.68	-0.19	-9.790000000000001	0.33	0.2	-9.040000000000001	-3.77
11:29:23.387410	-0.18	-9.77	0.77	-0.25	-9.78	-0.61	-0.19	-9.790000000000001	0.41000000000000003	0.21	-9.02	-3.8200000000000003
11:29:23.397478	-0.18	-9.77	0.78	-0.29	-9.78	-0.55	-0.19	-9.790000000000001	0.48	0.2	-9.01	-3.86
11:29:23.407598	-0.19	-9.77	0.79	-0.32	-9.78	-0.49	-0.18	-9.78	0.55	0.2	-8.99	-3.9
11:29:23.417765	-0.19	-9.77	0.81	-0.36	-9.790000000000001	-0.43	-0.18	-9.78	0.63	0.2	-8.97	-3.95
11:29:23.428465	-0.2	-9.76	0.8300000000000001	-0.41000000000000003	-9.790000000000001	-0.37	-0.18	-9.77	0.71	0.21	-8.950000000000001	-3.99
11:29:23.438556	-0.22	-9.76	0.81	-0.45	-9.790000000000001	-0.31	-0.18	-9.77	0.77	0.2	-8.93	-4.0200000000000005
11:29:23.448689	-0.23	-9.76	0.8300000000000001	-0.51	-9.78	-0.25	-0.18	-9.76	0.84	0.2	-8.92	-4.0600000000000005
11:29:23.458820	-0.23	-9.76	0.85	-0.56	-9.78	-0.2	-0.18	-9.76	0.92	0.21	-8.89	-4.13
11:29:23.469437	-0.24	-9.76	0.87	-0.62	-9.78	-0.14	-0.18	-9.75	1.0	0.22	-8.86	-4.17
11:29:23.479923	-0.25	-9.76	0.89	-0.68	-9.78	-0.09	-0.18	-9.74	1.07	0.22	-8.83	-4.25
11:29:23.490452	-0.25	-9.76	0.91	-0.74	-9.77	-0.03	-0.19	-9.73	1.1500000000000001	0.22	-8.8	-4.3100000000000005
11:29:23.500544	-0.26	-9.75	0.92	-0.81	-9.77	0.01	-0.2	-9.71	1.32	0.22	-8.78	-4.3500000000000005
11:29:23.511739	-0.26	-9.75	0.9400000000000001	-0.87	-9.76	0.06	-0.21	-9.700000000000001	1.4000000000000001	0.21	-8.75	-4.4
11:29:23.522282	-0.27	-9.75	0.9500000000000001	-1.0	-9.75	0.16	-0.21	-9.69	1.49	0.2	-8.72	-4.46
11:29:23.532355	-0.28	-9.75	0.96	-1.06	-9.74	0.21	-0.23	-9.67	1.57	0.15	-8.69	-4.53
11:29:23.542446	-0.29	-9.75	0.97	-1.12	-9.73	0.26	-0.24	-9.66	1.6500000000000001	0.06	-8.66	-4.59
11:29:23.552522	-0.3	-9.75	0.98	-1.18	-9.72	0.31	-0.26	-9.64	1.73	0.04	-8.620000000000001	-4.67
11:29:23.562637	-0.31	-9.75	0.99	-1.25	-9.71	0.36	-0.28	-9.63	1.82	0.04	-8.56	-4.76
11:29:23.572695	-0.32	-9.74	1.0	-1.25	-9.71	0.36	-0.31	-9.61	1.9000000000000001	0.04	-8.51	-4.86
11:29:23.582762	-0.33	-9.74	1.01	-1.36	-9.700000000000001	0.45	-0.34	-9.59	1.99	0.03	-8.46	-4.95
11:29:23.592869	-0.34	-9.74	1.01	-1.42	-9.68	0.49	-0.37	-9.57	2.09	0.0	-8.4	-5.05
11:29:23.603018	-0.35000000000000003	-9.74	1.02	-1.49	-9.67	0.52	-0.4	-9.540000000000001	2.19	-0.01	-8.34	-5.15
11:29:23.613709	-0.37	-9.74	1.02	-1.55	-9.66	0.54	-0.44	-9.52	2.29	-0.04	-8.27	-5.26
11:29:23.623793	-0.38	-9.74	1.02	-1.62	-9.65	0.56	-0.48	-9.49	2.4	-0.09	-8.2	-5.36
11:29:23.633861	-0.39	-9.74	1.02	-1.68	-9.64	0.58	-0.49	-9.47	2.47	-0.13	-8.120000000000001	-5.48
11:29:23.643952	-0.41000000000000003	-9.74	1.02	-1.74	-9.63	0.59	-0.54	-9.44	2.59	-0.17	-8.040000000000001	-5.6000000000000005
11:29:23.654029	-0.43	-9.74	1.02	-1.8	-9.61	0.6	-0.58	-9.4	2.71	-0.22	-7.95	-5.73
11:29:23.664151	-0.45	-9.74	1.02	-1.86	-9.6	0.62	-0.63	-9.36	2.83	-0.28	-7.86	-5.8500000000000005
11:29:23.674226	-0.47000000000000003	-9.74	1.02	-1.86	-9.6	0.62	-0.6900000000000001	-9.32	2.96	-0.32	-7.75	-5.99
11:29:23.684295	-0.49	-9.74	1.01	-1.97	-9.58	0.63	-0.75	-9.27	3.09	-0.36	-7.63	-6.13
11:29:23.694587	-0.54	-9.74	0.98	-2.0100000000000002	-9.57	0.62	-0.81	-9.22	3.23	-0.43	-7.53	-6.26
11:29:23.704735	-0.56	-9.74	0.9500000000000001	-2.0300000000000002	-9.57	0.62	-0.85	-9.16	3.38	-0.54	-7.42	-6.38
11:29:23.715277	-0.58	-9.74	0.92	-2.04	-9.57	0.61	-0.9	-9.1	3.54	-0.61	-7.29	-6.5200000000000005
11:29:23.725418	-0.59	-9.74	0.9	-2.04	-9.57	0.58	-0.9500000000000001	-9.02	3.7	-0.67	-7.140000000000001	-6.68
11:29:23.736052	-0.6	-9.74	0.88	-2.04	-9.57	0.53	-1.01	-8.950000000000001	3.87	-0.74	-6.99	-6.82
11:29:23.746288	-0.61	-9.74	0.86	-2.02	-9.58	0.47000000000000003	-1.08	-8.86	4.04	-0.8300000000000001	-6.8500000000000005	-6.96
11:29:23.756422	-0.61	-9.74	0.85	-1.99	-9.59	0.38	-1.18	-8.77	4.22	-0.92	-6.69	-7.1000000000000005
11:29:23.766505	-0.62	-9.75	0.84	-1.96	-9.6	0.26	-1.31	-8.66	4.4	-1.0	-6.5	-7.26
11:29:23.776577	-0.63	-9.75	0.8300000000000001	-1.96	-9.6	0.26	-1.47	-8.540000000000001	4.57	-1.06	-6.3	-7.43
11:29:23.786646	-0.63	-9.75	0.8200000000000001	-1.87	-9.620000000000001	-0.05	-1.6300000000000001	-8.42	4.73	-1.1	-6.09	-7.6000000000000005
11:29:23.796724	-0.62	-9.75	0.8200000000000001	-1.82	-9.63	-0.24	-1.76	-8.31	4.89	-1.1	-5.83	-7.8
11:29:23.806790	-0.61	-9.75	0.81	-1.77	-9.63	-0.45	-1.86	-8.2	5.03	-1.1	-5.53	-8.02
11:29:23.816858	-0.6	-9.75	0.8	-1.7	-9.63	-0.7000000000000001	-1.9100000000000001	-8.1	5.17	-1.2	-5.1000000000000005	-8.28
11:29:23.826986	-0.58	-9.75	0.79	-1.61	-9.620000000000001	-0.96	-1.94	-8.01	5.3100000000000005	-1.32	-4.58	-8.56
11:29:23.837055	-0.5700000000000001	-9.75	0.77	-1.5	-9.61	-1.19	-1.96	-7.91	5.44	-1.41	-4.05	-8.81
11:29:23.847130	-0.55	-9.76	0.76	-1.37	-9.6	-1.3800000000000001	-1.98	-7.82	5.57	-1.7	-3.6	-8.950000000000001
11:29:23.857196	-0.54	-9.76	0.74	-1.24	-9.6	-1.55	-1.99	-7.73	5.69	-2.09	-3.35	-8.97
11:29:23.867265	-0.53	-9.76	0.72	-1.12	-9.59	-1.69	-2.0100000000000002	-7.65	5.79	-1.97	-3.4	-8.98
11:29:23.877402	-0.52	-9.76	0.71	-1.12	-9.59	-1.69	-2.0100000000000002	-7.59	5.86	-1.49	-3.56	-9.01
11:29:23.887473	-0.52	-9.76	0.7000000000000001	-0.89	-9.56	-1.95	-1.99	-7.5600000000000005	5.9	-1.16	-3.7600000000000002	-8.98
11:29:23.897560	-0.52	-9.76	0.6900000000000001	-0.78	-9.55	-2.08	-1.97	-7.57	5.91	-1.1	-3.86	-8.94
11:29:23.907637	-0.51	-9.76	0.6900000000000001	-0.68	-9.52	-2.22	-1.93	-7.59	5.89	-1.05	-3.89	-8.93
11:29:23.917770	-0.51	-9.76	0.6900000000000001	-0.58	-9.49	-2.37	-1.85	-7.640000000000001	5.8500000000000005	-0.85	-3.97	-8.92
11:29:23.927855	-0.5	-9.76	0.68	-0.48	-9.46	-2.52	-1.75	-7.71	5.78	-0.58	-4.18	-8.84
11:29:23.937964	-0.49	-9.77	0.68	-0.38	-9.42	-2.67	-1.6600000000000001	-7.8100000000000005	5.69	-0.42	-4.51	-8.69
11:29:23.948037	-0.47000000000000003	-9.77	0.67	-0.29	-9.38	-2.83	-1.56	-7.92	5.5600000000000005	-0.36	-4.84	-8.51
11:29:23.958137	-0.46	-9.77	0.67	-0.21	-9.34	-2.98	-1.48	-8.05	5.39	-0.33	-5.08	-8.38
11:29:23.968205	-0.44	-9.77	0.67	-0.14	-9.290000000000001	-3.12	-1.4000000000000001	-8.18	5.2	-0.3	-5.26	-8.26
11:29:23.978341	-0.42	-9.77	0.67	-0.14	-9.290000000000001	-3.12	-1.31	-8.33	4.99	-0.29	-5.5	-8.1
11:29:23.988411	-0.4	-9.77	0.68	-0.02	-9.18	-3.43	-1.21	-8.49	4.75	-0.28	-5.8100000000000005	-7.890000000000001
11:29:23.998780	-0.39	-9.77	0.68	0.02	-9.120000000000001	-3.58	-1.11	-8.65	4.47	-0.27	-6.12	-7.65
11:29:24.008886	-0.38	-9.77	0.6900000000000001	0.06	-9.07	-3.72	-1.01	-8.81	4.16	-0.21	-6.45	-7.37
11:29:24.019005	-0.36	-9.77	0.7000000000000001	0.1	-9.02	-3.84	-0.9400000000000001	-8.98	3.81	-0.13	-6.7700000000000005	-7.08
11:29:24.029149	-0.35000000000000003	-9.77	0.71	0.13	-8.98	-3.93	-0.87	-9.13	3.44	-0.05	-7.07	-6.79
11:29:24.039243	-0.34	-9.77	0.72	0.18	-8.94	-4.0	-0.8300000000000001	-9.28	3.04	0.02	-7.3500000000000005	-6.48
11:29:24.049464	-0.33	-9.77	0.73	0.23	-8.92	-4.0600000000000005	-0.79	-9.41	2.62	0.18	-7.84	-5.87
11:29:24.059901	-0.32	-9.77	0.73	0.28	-8.89	-4.1	-0.76	-9.53	2.18	0.18	-7.84	-5.87
11:29:24.070038	-0.31	-9.77	0.73	0.34	-8.870000000000001	-4.14	-0.71	-9.620000000000001	1.73	0.25	-8.07	-5.5600000000000005
11:29:24.080149	-0.3	-9.77	0.73	0.34	-8.870000000000001	-4.14	-0.65	-9.69	1.29	0.31	-8.290000000000001	-5.22
11:29:24.090368	-0.29	-9.77	0.72	0.47000000000000003	-8.84	-4.21	-0.5700000000000001	-9.75	0.84	0.33	-8.69	-4.53
11:29:24.100950	-0.29	-9.77	0.71	0.53	-8.83	-4.23	-0.49	-9.78	0.41000000000000003	0.32	-8.870000000000001	-4.16
11:29:24.111534	-0.28	-9.77	0.7000000000000001	0.65	-8.83	-4.21	-0.33	-9.790000000000001	-0.44	0.29	-9.03	-3.79
11:29:24.122079	-0.27	-9.77	0.6900000000000001	0.7000000000000001	-8.83	-4.19	-0.26	-9.76	-0.86	0.27	-9.18	-3.42
11:29:24.132492	-0.27	-9.77	0.67	0.74	-8.84	-4.17	-0.2	-9.72	-1.26	0.24	-9.31	-3.06
11:29:24.142830	-0.26	-9.78	0.66	0.74	-8.84	-4.17	-0.15	-9.66	-1.6400000000000001	0.22	-9.42	-2.71
11:29:24.152906	-0.26	-9.78	0.64	0.79	-8.86	-4.12	-0.12	-9.59	-2.0	0.21	-9.51	-2.38
11:29:24.163047	-0.26	-9.78	0.63	0.8200000000000001	-8.870000000000001	-4.08	-0.09	-9.52	-2.33	0.2	-9.58	-2.06
11:29:24.173271	-0.27	-9.78	0.62	0.8200000000000001	-8.870000000000001	-4.08	-0.08	-9.44	-2.64	0.21	-9.64	-1.76
11:29:24.183835	-0.27	-9.78	0.61	0.86	-8.91	-4.0	-0.08	-9.35	-2.92	0.22	-9.69	-1.47
11:29:24.193925	-0.27	-9.78	0.6	0.86	-8.91	-4.0	-0.08	-9.27	-3.18	0.23	-9.73	-1.19
11:29:24.203990	-0.28	-9.78	0.59	0.87	-8.92	-3.96	-0.09	-9.19	-3.4	0.24	-9.75	-0.9500000000000001
11:29:24.214109	-0.28	-9.78	0.58	0.88	-8.950000000000001	-3.89	-0.1	-9.120000000000001	-3.59	0.25	-9.77	-0.73
11:29:24.224176	-0.28	-9.78	0.5700000000000001	0.88	-8.950000000000001	-3.89	-0.12	-9.05	-3.75	0.26	-9.78	-0.55
11:29:24.234418	-0.28	-9.78	0.5700000000000001	0.88	-8.96	-3.86	-0.14	-9.0	-3.87	0.27	-9.790000000000001	-0.4
11:29:24.244486	-0.28	-9.78	0.55	0.9	-8.98	-3.83	-0.16	-8.96	-3.96	0.29	-9.790000000000001	-0.3
11:29:24.254711	-0.28	-9.78	0.55	0.91	-8.99	-3.8000000000000003	-0.19	-8.94	-4.01	0.29	-9.790000000000001	-0.23
11:29:24.265274	-0.28	-9.78	0.55	0.92	-9.0	-3.77	-0.21	-8.93	-4.04	0.29	-9.8	-0.2
11:29:24.275433	-0.28	-9.78	0.54	0.9400000000000001	-9.01	-3.75	-0.23	-8.93	-4.03	0.29	-9.8	-0.2
11:29:24.285544	-0.28	-9.78	0.54	0.9500000000000001	-9.02	-3.71	-0.24	-8.950000000000001	-3.99	0.29	-9.790000000000001	-0.23
11:29:24.296050	-0.28	-9.78	0.54	0.9500000000000001	-9.02	-3.71	-0.26	-8.97	-3.93	0.29	-9.790000000000001	-0.29
11:29:24.306364	-0.28	-9.78	0.54	0.9500000000000001	-9.02	-3.7	-0.27	-9.01	-3.85	0.3	-9.790000000000001	-0.36
11:29:24.316432	-0.29	-9.78	0.54	0.9400000000000001	-9.03	-3.7	-0.29	-9.05	-3.75	0.33	-9.790000000000001	-0.43
11:29:24.326888	-0.29	-9.78	0.54	0.9400000000000001	-9.03	-3.7	-0.3	-9.1	-3.63	0.39	-9.77	-0.61
11:29:24.336971	-0.3	-9.78	0.55	0.92	-9.03	-3.71	-0.32	-9.15	-3.5	0.46	-9.75	-0.86
11:29:24.347043	-0.31	-9.78	0.55	0.9	-9.03	-3.71	-0.34	-9.200000000000001	-3.35	0.52	-9.73	-1.02
11:29:24.357111	-0.32	-9.78	0.55	0.88	-9.040000000000001	-3.69	-0.34	-9.25	-3.21	0.55	-9.73	-1.06
11:29:24.367185	-0.33	-9.78	0.55	0.87	-9.06	-3.64	-0.32	-9.28	-3.12	0.5700000000000001	-9.75	-0.87
11:29:24.377587	-0.33	-9.78	0.55	0.86	-9.09	-3.5700000000000003	-0.32	-9.3	-3.08	0.6900000000000001	-9.75	-0.78
11:29:24.387843	-0.34	-9.78	0.56	0.84	-9.13	-3.47	-0.36	-9.31	-3.04	0.8	-9.72	-0.97
11:29:24.397912	-0.36	-9.78	0.59	0.81	-9.17	-3.36	-0.41000000000000003	-9.34	-2.96	0.77	-9.69	-1.27
11:29:24.407982	-0.37	-9.78	0.6	0.78	-9.21	-3.2600000000000002	-0.43	-9.370000000000001	-2.84	0.62	-9.65	-1.58
11:29:24.418050	-0.37	-9.78	0.61	0.76	-9.23	-3.2	-0.44	-9.41	-2.71	0.47000000000000003	-9.6	-1.8900000000000001
11:29:24.428128	-0.38	-9.77	0.62	0.74	-9.25	-3.15	-0.44	-9.41	-2.71	0.35000000000000003	-9.55	-2.19
11:29:24.438206	-0.38	-9.77	0.63	0.74	-9.26	-3.12	-0.4	-9.47	-2.5100000000000002	0.23	-9.51	-2.34
11:29:24.448289	-0.39	-9.77	0.63	0.74	-9.27	-3.11	-0.38	-9.49	-2.41	0.1	-9.49	-2.43
11:29:24.458392	-0.39	-9.77	0.64	0.75	-9.27	-3.09	-0.38	-9.49	-2.41	0.02	-9.5	-2.43
11:29:24.468507	-0.39	-9.77	0.65	0.74	-9.28	-3.06	-0.38	-9.540000000000001	-2.21	0.01	-9.52	-2.34
11:29:24.478611	-0.38	-9.77	0.67	0.71	-9.3	-3.02	-0.39	-9.56	-2.11	0.0	-9.52	-2.32
11:29:24.489025	-0.37	-9.77	0.68	0.68	-9.32	-2.96	-0.38	-9.58	-2.02	0.0	-9.49	-2.44
11:29:24.499141	-0.35000000000000003	-9.77	0.7000000000000001	0.66	-9.34	-2.89	-0.36	-9.6	-1.93	0.02	-9.46	-2.58
11:29:24.509210	-0.33	-9.77	0.72	0.65	-9.370000000000001	-2.79	-0.32	-9.620000000000001	-1.85	0.02	-9.38	-2.84
11:29:24.519299	-0.31	-9.77	0.75	0.64	-9.41	-2.68	-0.29	-9.63	-1.78	0.02	-9.38	-2.84
11:29:24.529818	-0.28	-9.77	0.77	0.63	-9.44	-2.56	-0.26	-9.65	-1.7	0.03	-9.36	-2.92
11:29:24.540376	-0.26	-9.77	0.79	0.6	-9.47	-2.45	-0.23	-9.66	-1.62	0.04	-9.35	-2.93
11:29:24.550529	-0.25	-9.76	0.81	0.56	-9.5	-2.35	-0.21	-9.68	-1.54	0.04	-9.34	-2.97
11:29:24.560771	-0.23	-9.76	0.8300000000000001	0.51	-9.52	-2.27	-0.2	-9.69	-1.47	0.02	-9.31	-3.0500000000000003
11:29:24.571117	-0.23	-9.76	0.85	0.45	-9.540000000000001	-2.21	-0.2	-9.700000000000001	-1.3900000000000001	-0.01	-9.290000000000001	-3.12
11:29:24.581234	-0.22	-9.76	0.87	0.38	-9.55	-2.17	-0.2	-9.71	-1.31	-0.01	-9.290000000000001	-3.12
11:29:24.591395	-0.22	-9.76	0.88	0.33	-9.56	-2.14	-0.21	-9.72	-1.24	-0.05	-9.27	-3.18
11:29:24.601715	-0.21	-9.76	0.89	0.24	-9.58	-2.04	-0.21	-9.73	-1.16	-0.07	-9.26	-3.22
11:29:24.611806	-0.21	-9.76	0.9	0.21	-9.6	-1.97	-0.21	-9.74	-1.09	-0.05	-9.25	-3.24
11:29:24.621927	-0.21	-9.76	0.91	0.18	-9.620000000000001	-1.87	-0.21	-9.75	-1.02	0.0	-9.23	-3.3000000000000003
11:29:24.632645	-0.2	-9.76	0.91	0.16	-9.64	-1.77	-0.21	-9.76	-0.89	0.02	-9.200000000000001	-3.38
11:29:24.643151	-0.19	-9.76	0.91	0.14	-9.66	-1.67	-0.21	-9.76	-0.8200000000000001	0.04	-9.17	-3.47
11:29:24.653227	-0.18	-9.76	0.91	0.11	-9.67	-1.57	-0.21	-9.76	-0.8200000000000001	0.05	-9.14	-3.5300000000000002
11:29:24.663897	-0.17	-9.76	0.91	0.08	-9.69	-1.47	-0.21	-9.77	-0.77	0.07	-9.120000000000001	-3.58
11:29:24.674044	-0.16	-9.76	0.91	0.06	-9.71	-1.36	-0.22	-9.78	-0.66	0.07	-9.11	-3.62
11:29:24.684383	-0.15	-9.76	0.91	0.03	-9.72	-1.27	-0.22	-9.78	-0.66	0.07	-9.1	-3.64
11:29:24.694470	-0.14	-9.76	0.9	0.0	-9.73	-1.17	-0.22	-9.78	-0.66	0.07	-9.09	-3.67
11:29:24.704537	-0.13	-9.76	0.9	-0.04	-9.74	-1.08	-0.24	-9.78	-0.56	0.07	-9.07	-3.7
11:29:24.714650	-0.12	-9.76	0.89	-0.09	-9.75	-0.99	-0.25	-9.790000000000001	-0.45	0.07	-9.06	-3.74
11:29:24.724753	-0.12	-9.76	0.88	-0.14	-9.76	-0.9	-0.25	-9.790000000000001	-0.4	0.08	-9.05	-3.7600000000000002
11:29:24.734847	-0.12	-9.76	0.87	-0.2	-9.76	-0.8200000000000001	-0.25	-9.790000000000001	-0.35000000000000003	0.09	-9.03	-3.8000000000000003
11:29:24.744932	-0.11	-9.76	0.87	-0.27	-9.77	-0.74	-0.25	-9.790000000000001	-0.3	0.11	-9.02	-3.84
11:29:24.755277	-0.11	-9.76	0.86	-0.33	-9.77	-0.66	-0.25	-9.8	-0.24	0.12	-9.0	-3.89
11:29:24.765516	-0.11	-9.76	0.85	-0.39	-9.78	-0.59	-0.25	-9.8	-0.24	0.12	-8.98	-3.92
11:29:24.776244	-0.11	-9.76	0.85	-0.44	-9.78	-0.5	-0.27	-9.8	-0.13	0.12	-8.96	-3.97
11:29:24.786384	-0.1	-9.76	0.86	-0.5	-9.78	-0.43	-0.27	-9.8	-0.13	0.1	-8.94	-4.0200000000000005
11:29:24.796887	-0.1	-9.76	0.86	-0.55	-9.78	-0.35000000000000003	-0.28	-9.8	-0.01	0.09	-8.91	-4.07
11:29:24.806964	-0.09	-9.76	0.87	-0.6	-9.78	-0.29	-0.28	-9.8	-0.01	0.09	-8.9	-4.1
11:29:24.817032	-0.09	-9.76	0.88	-0.64	-9.78	-0.22	-0.28	-9.8	0.11	0.09	-8.88	-4.14
11:29:24.827105	-0.1	-9.76	0.86	-0.6900000000000001	-9.78	-0.16	-0.28	-9.8	0.19	0.1	-8.85	-4.2
11:29:24.837188	-0.1	-9.76	0.84	-0.74	-9.77	-0.09	-0.28	-9.8	0.19	0.1	-8.83	-4.26
11:29:24.847314	-0.09	-9.76	0.86	-0.78	-9.77	-0.03	-0.28	-9.790000000000001	0.34	0.1	-8.8	-4.3100000000000005
11:29:24.857425	-0.08	-9.76	0.88	-0.8300000000000001	-9.77	0.02	-0.28	-9.790000000000001	0.42	0.11	-8.77	-4.37
11:29:24.867498	-0.07	-9.76	0.89	-0.87	-9.76	0.08	-0.28	-9.790000000000001	0.42	0.11	-8.74	-4.44
11:29:24.877570	-0.06	-9.76	0.91	-0.91	-9.76	0.14	-0.29	-9.78	0.59	0.11	-8.72	-4.48
11:29:24.887694	-0.06	-9.76	0.92	-0.96	-9.75	0.19	-0.3	-9.77	0.68	0.11	-8.69	-4.53
11:29:24.897762	-0.05	-9.76	0.93	-1.01	-9.75	0.24	-0.3	-9.77	0.68	0.11	-8.66	-4.58
11:29:24.907830	-0.04	-9.76	0.9400000000000001	-1.07	-9.74	0.29	-0.31	-9.76	0.86	0.11	-8.64	-4.63
11:29:24.917945	-0.04	-9.76	0.9500000000000001	-1.1300000000000001	-9.73	0.32	-0.31	-9.76	0.86	0.1	-8.620000000000001	-4.67
11:29:24.928015	-0.03	-9.75	0.96	-1.19	-9.72	0.35000000000000003	-0.32	-9.74	1.04	0.1	-8.59	-4.72
11:29:24.938096	-0.03	-9.75	0.97	-1.24	-9.71	0.38	-0.32	-9.74	1.04	0.09	-8.55	-4.78
11:29:24.948167	-0.02	-9.75	0.98	-1.3	-9.71	0.41000000000000003	-0.32	-9.74	1.04	0.03	-8.51	-4.86
11:29:24.958242	-0.02	-9.75	0.99	-1.35	-9.700000000000001	0.45	-0.35000000000000003	-9.71	1.32	-0.02	-8.47	-4.93
11:29:24.968315	-0.02	-9.75	1.0	-1.41	-9.69	0.49	-0.37	-9.69	1.4000000000000001	-0.03	-8.42	-5.01
11:29:24.978392	-0.03	-9.75	1.01	-1.46	-9.68	0.54	-0.39	-9.68	1.49	-0.03	-8.36	-5.11
11:29:24.988515	-0.03	-9.75	1.02	-1.52	-9.66	0.59	-0.39	-9.68	1.49	-0.04	-8.3	-5.21
11:29:24.998578	-0.03	-9.75	1.03	-1.57	-9.65	0.64	-0.45	-9.65	1.68	-0.05	-8.24	-5.3
11:29:25.008677	-0.03	-9.75	1.04	-1.6300000000000001	-9.64	0.6900000000000001	-0.48	-9.63	1.77	-0.08	-8.18	-5.4
11:29:25.019321	-0.03	-9.75	1.04	-1.68	-9.63	0.72	-0.51	-9.61	1.8800000000000001	-0.1	-8.1	-5.51
11:29:25.029389	-0.04	-9.74	1.05	-1.75	-9.61	0.75	-0.55	-9.58	1.98	-0.13	-8.03	-5.61
11:29:25.040027	-0.04	-9.74	1.05	-1.81	-9.6	0.78	-0.6	-9.56	2.09	-0.18	-7.96	-5.71
11:29:25.050445	-0.05	-9.74	1.06	-1.87	-9.59	0.79	-0.6	-9.56	2.09	-0.24	-7.78	-5.95
11:29:25.060916	-0.05	-9.74	1.06	-1.93	-9.57	0.81	-0.6900000000000001	-9.5	2.32	-0.27	-7.68	-6.08
11:29:25.070985	-0.06	-9.74	1.05	-1.99	-9.56	0.8200000000000001	-0.6900000000000001	-9.5	2.32	-0.27	-7.68	-6.08
11:29:25.081773	-0.08	-9.75	1.04	-2.05	-9.55	0.8300000000000001	-0.8	-9.43	2.56	-0.42	-7.48	-6.3100000000000005
11:29:25.092115	-0.09	-9.75	1.02	-2.15	-9.53	0.84	-0.85	-9.38	2.69	-0.46	-7.36	-6.46
11:29:25.102886	-0.1	-9.75	1.0	-2.17	-9.52	0.85	-0.89	-9.34	2.84	-0.5	-7.23	-6.59
11:29:25.113505	-0.09	-9.75	0.99	-2.19	-9.52	0.85	-0.99	-9.23	3.14	-0.58	-7.11	-6.72
11:29:25.123831	-0.08	-9.75	0.97	-2.19	-9.52	0.84	-1.04	-9.17	3.3000000000000003	-0.67	-6.96	-6.86
11:29:25.133907	-0.06	-9.75	0.97	-2.18	-9.52	0.8200000000000001	-1.1	-9.1	3.47	-0.76	-6.8	-7.0200000000000005
11:29:25.143990	-0.05	-9.75	0.96	-2.16	-9.53	0.78	-1.16	-9.02	3.64	-0.85	-6.63	-7.17
11:29:25.154066	-0.05	-9.75	0.96	-2.15	-9.540000000000001	0.72	-1.16	-9.02	3.64	-0.93	-6.46	-7.3100000000000005
11:29:25.164606	-0.05	-9.75	0.96	-2.12	-9.55	0.64	-1.16	-9.02	3.64	-1.01	-6.28	-7.45
11:29:25.174676	-0.04	-9.75	0.96	-2.12	-9.55	0.64	-1.32	-8.85	4.0	-1.01	-6.28	-7.45
11:29:25.184808	-0.03	-9.75	0.96	-2.06	-9.57	0.41000000000000003	-1.44	-8.75	4.18	-1.09	-5.84	-7.79
11:29:25.195002	-0.03	-9.75	0.96	-2.02	-9.59	0.27	-1.75	-8.53	4.5	-1.08	-5.58	-7.98
11:29:25.205134	-0.02	-9.75	0.96	-1.97	-9.6	0.1	-1.75	-8.53	4.5	-1.1	-5.29	-8.18
11:29:25.215206	0.0	-9.75	0.9500000000000001	-1.92	-9.61	-0.07	-1.94	-8.35	4.74	-1.2	-4.91	-8.4
11:29:25.225779	0.0	-9.76	0.9400000000000001	-1.85	-9.620000000000001	-0.26	-1.95	-8.26	4.89	-1.3	-4.49	-8.620000000000001
11:29:25.235904	0.03	-9.76	0.92	-1.78	-9.63	-0.48	-1.95	-8.17	5.05	-1.46	-4.11	-8.78
11:29:25.246534	0.03	-9.76	0.92	-1.7	-9.63	-0.7000000000000001	-1.96	-8.08	5.19	-1.72	-3.85	-8.84
11:29:25.256609	0.07	-9.76	0.88	-1.6	-9.620000000000001	-0.93	-1.96	-8.08	5.19	-1.68	-3.77	-8.89
11:29:25.266745	0.07	-9.76	0.88	-1.5	-9.620000000000001	-1.1300000000000001	-2.0100000000000002	-7.91	5.42	-1.28	-3.81	-8.94
11:29:25.276823	0.09	-9.76	0.85	-1.4000000000000001	-9.61	-1.29	-2.02	-7.87	5.48	-0.99	-3.86	-8.950000000000001
11:29:25.286895	0.1	-9.77	0.8300000000000001	-1.3	-9.61	-1.43	-2.0300000000000002	-7.84	5.5200000000000005	-0.93	-3.89	-8.950000000000001
11:29:25.297030	0.11	-9.77	0.8200000000000001	-1.19	-9.6	-1.57	-2.0100000000000002	-7.83	5.53	-0.8200000000000001	-3.92	-8.94
11:29:25.307099	0.11	-9.77	0.81	-1.08	-9.59	-1.7	-1.97	-7.8500000000000005	5.53	-0.61	-4.0200000000000005	-8.91
11:29:25.317188	0.12	-9.77	0.8	-0.98	-9.58	-1.83	-1.8900000000000001	-7.88	5.51	-0.44	-4.23	-8.83
11:29:25.327258	0.13	-9.77	0.8	-0.89	-9.56	-1.96	-1.8900000000000001	-7.88	5.51	-0.32	-4.5	-8.700000000000001
11:29:25.337485	0.14	-9.77	0.79	-0.8	-9.540000000000001	-2.09	-1.73	-8.02	5.36	-0.25	-4.74	-8.58
11:29:25.347558	0.15	-9.77	0.79	-0.71	-9.52	-2.23	-1.67	-8.11	5.24	-0.2	-4.93	-8.47
11:29:25.357681	0.16	-9.77	0.79	-0.62	-9.49	-2.38	-1.67	-8.11	5.24	-0.17	-5.14	-8.34
11:29:25.367750	0.17	-9.77	0.79	-0.53	-9.450000000000001	-2.52	-1.56	-8.34	4.9	-0.12	-5.4	-8.18
11:29:25.377820	0.18	-9.77	0.79	-0.45	-9.42	-2.67	-1.56	-8.34	4.9	-0.12	-5.4	-8.18
11:29:25.387895	0.19	-9.77	0.79	-0.38	-9.38	-2.81	-1.5	-8.47	4.7	-0.05	-5.96	-7.78
11:29:25.398003	0.2	-9.77	0.8	-0.32	-9.34	-2.94	-1.42	-8.61	4.46	0.01	-6.25	-7.55
11:29:25.408076	0.21	-9.77	0.8	-0.27	-9.3	-3.0700000000000003	-1.35	-8.75	4.21	0.1	-6.54	-7.29
11:29:25.418144	0.21	-9.77	0.81	-0.22	-9.27	-3.18	-1.29	-8.89	3.92	0.19	-6.83	-7.03
11:29:25.428218	0.22	-9.76	0.81	-0.18	-9.24	-3.27	-1.19	-9.17	3.25	0.28	-7.09	-6.76
11:29:25.438291	0.22	-9.76	0.8200000000000001	-0.14	-9.21	-3.36	-1.1500000000000001	-9.3	2.88	0.35000000000000003	-7.34	-6.48
11:29:25.448375	0.23	-9.76	0.8300000000000001	-0.09	-9.18	-3.43	-1.1500000000000001	-9.3	2.88	0.42	-7.58	-6.2
11:29:25.458447	0.24	-9.76	0.8300000000000001	-0.05	-9.15	-3.5	-1.12	-9.41	2.5	0.49	-7.8100000000000005	-5.9
11:29:25.468520	0.23	-9.76	0.8300000000000001	-0.01	-9.13	-3.56	-1.08	-9.51	2.09	0.54	-8.03	-5.59
11:29:25.478593	0.24	-9.76	0.84	0.03	-9.11	-3.62	-1.03	-9.6	1.69	0.5700000000000001	-8.23	-5.28
11:29:25.488673	0.24	-9.76	0.8300000000000001	0.08	-9.09	-3.66	-0.97	-9.67	1.28	0.58	-8.43	-4.96
11:29:25.498794	0.25	-9.76	0.8300000000000001	0.13	-9.08	-3.69	-0.9	-9.72	0.88	0.56	-8.620000000000001	-4.63
11:29:25.508916	0.25	-9.76	0.8200000000000001	0.19	-9.07	-3.71	-0.8300000000000001	-9.75	0.48	0.53	-8.790000000000001	-4.3
11:29:25.519006	0.25	-9.76	0.81	0.25	-9.06	-3.73	-0.76	-9.77	0.09	0.49	-8.94	-3.99
11:29:25.529110	0.25	-9.77	0.8	0.3	-9.05	-3.74	-0.6900000000000001	-9.77	-0.29	0.45	-9.08	-3.66
11:29:25.539184	0.25	-9.77	0.79	0.36	-9.05	-3.75	-0.63	-9.76	-0.66	0.41000000000000003	-9.21	-3.3200000000000003
11:29:25.549292	0.24	-9.77	0.77	0.41000000000000003	-9.040000000000001	-3.75	-0.5700000000000001	-9.73	-1.03	0.37	-9.32	-2.99
11:29:25.559389	0.23	-9.77	0.75	0.45	-9.040000000000001	-3.7600000000000002	-0.52	-9.69	-1.3800000000000001	0.33	-9.42	-2.68
11:29:25.569495	0.22	-9.77	0.74	0.5	-9.040000000000001	-3.7600000000000002	-0.47000000000000003	-9.64	-1.72	0.29	-9.57	-2.09
11:29:25.579595	0.21	-9.77	0.72	0.55	-9.03	-3.7600000000000002	-0.44	-9.58	-2.04	0.29	-9.57	-2.09
11:29:25.590017	0.19	-9.77	0.7000000000000001	0.59	-9.03	-3.75	-0.44	-9.58	-2.04	0.29	-9.620000000000001	-1.83
11:29:25.600373	0.18	-9.78	0.6900000000000001	0.62	-9.03	-3.75	-0.38	-9.44	-2.61	0.29	-9.71	-1.34
11:29:25.610465	0.16	-9.78	0.67	0.65	-9.040000000000001	-3.74	-0.37	-9.370000000000001	-2.86	0.29	-9.73	-1.1300000000000001
11:29:25.621050	0.14	-9.78	0.66	0.67	-9.040000000000001	-3.72	-0.35000000000000003	-9.290000000000001	-3.09	0.29	-9.75	-0.9500000000000001
11:29:25.631122	0.13	-9.78	0.65	0.6900000000000001	-9.040000000000001	-3.71	-0.34	-9.23	-3.2800000000000002	0.28	-9.76	-0.81
11:29:25.641224	0.11	-9.78	0.63	0.71	-9.05	-3.69	-0.33	-9.17	-3.45	0.27	-9.77	-0.7000000000000001
11:29:25.651356	0.09	-9.78	0.62	0.73	-9.06	-3.67	-0.32	-9.120000000000001	-3.58	0.26	-9.78	-0.62
11:29:25.661461	0.08	-9.78	0.61	0.78	-9.07	-3.62	-0.31	-9.08	-3.67	0.25	-9.78	-0.58
11:29:25.671618	0.07	-9.78	0.6	0.81	-9.08	-3.6	-0.3	-9.040000000000001	-3.77	0.25	-9.78	-0.58
11:29:25.681802	0.06	-9.78	0.6	0.8300000000000001	-9.08	-3.59	-0.3	-9.040000000000001	-3.77	0.24	-9.78	-0.58
11:29:25.692115	0.05	-9.78	0.59	0.85	-9.08	-3.59	-0.3	-9.040000000000001	-3.77	0.24	-9.78	-0.63
11:29:25.702242	0.05	-9.78	0.59	0.86	-9.08	-3.59	-0.31	-9.05	-3.74	0.26	-9.77	-0.7000000000000001
11:29:25.712880	0.04	-9.78	0.59	0.86	-9.08	-3.6	-0.34	-9.11	-3.59	0.3	-9.76	-0.81
11:29:25.723010	0.04	-9.78	0.58	0.85	-9.08	-3.6	-0.36	-9.15	-3.48	0.36	-9.75	-0.97
11:29:25.733121	0.03	-9.78	0.58	0.84	-9.08	-3.6	-0.38	-9.200000000000001	-3.35	0.43	-9.72	-1.1500000000000001
11:29:25.743227	0.01	-9.78	0.58	0.8200000000000001	-9.09	-3.58	-0.38	-9.200000000000001	-3.35	0.5	-9.700000000000001	-1.28
11:29:25.753520	0.0	-9.78	0.58	0.8200000000000001	-9.09	-3.58	-0.38	-9.200000000000001	-3.35	0.5	-9.700000000000001	-1.28
11:29:25.763724	-0.01	-9.78	0.59	0.8	-9.1	-3.5500000000000003	-0.39	-9.31	-3.04	0.65	-9.71	-1.16
11:29:25.773796	-0.03	-9.78	0.6	0.75	-9.15	-3.44	-0.39	-9.370000000000001	-2.84	0.65	-9.71	-1.16
11:29:25.783876	-0.06	-9.78	0.61	0.73	-9.17	-3.39	-0.45	-9.39	-2.7600000000000002	0.6900000000000001	-9.65	-1.55
11:29:25.793970	-0.09	-9.78	0.63	0.72	-9.18	-3.36	-0.5	-9.42	-2.66	0.53	-9.620000000000001	-1.8
11:29:25.804176	-0.1	-9.78	0.64	0.72	-9.19	-3.33	-0.53	-9.450000000000001	-2.5300000000000002	0.36	-9.57	-2.07
11:29:25.814250	-0.12	-9.78	0.65	0.72	-9.21	-3.27	-0.54	-9.48	-2.41	0.2	-9.51	-2.36
11:29:25.824317	-0.13	-9.78	0.66	0.71	-9.22	-3.23	-0.53	-9.51	-2.3000000000000003	0.06	-9.46	-2.57
11:29:25.834385	-0.14	-9.78	0.67	0.7000000000000001	-9.24	-3.19	-0.51	-9.540000000000001	-2.19	-0.05	-9.43	-2.68
11:29:25.844501	-0.16	-9.78	0.68	0.68	-9.25	-3.16	-0.48	-9.56	-2.09	-0.11	-9.42	-2.69
11:29:25.854679	-0.17	-9.78	0.6900000000000001	0.65	-9.27	-3.11	-0.47000000000000003	-9.59	-1.99	-0.11	-9.44	-2.63
11:29:25.864746	-0.18	-9.77	0.7000000000000001	0.62	-9.290000000000001	-3.0500000000000003	-0.47000000000000003	-9.61	-1.8800000000000001	-0.1	-9.46	-2.57
11:29:25.874821	-0.19	-9.77	0.71	0.61	-9.32	-2.96	-0.47000000000000003	-9.63	-1.78	-0.08	-9.44	-2.61
11:29:25.885154	-0.19	-9.77	0.73	0.62	-9.36	-2.85	-0.45	-9.64	-1.69	-0.03	-9.41	-2.74
11:29:25.895755	-0.18	-9.77	0.74	0.62	-9.4	-2.71	-0.45	-9.64	-1.69	0.0	-9.36	-2.89
11:29:25.905870	-0.17	-9.77	0.76	0.62	-9.44	-2.57	-0.39	-9.67	-1.54	-0.01	-9.32	-3.02
11:29:25.915942	-0.17	-9.77	0.76	0.6	-9.47	-2.44	-0.36	-9.68	-1.46	-0.04	-9.3	-3.09
11:29:25.926022	-0.13	-9.77	0.79	0.55	-9.5	-2.33	-0.33	-9.700000000000001	-1.3900000000000001	-0.04	-9.3	-3.1
11:29:25.936095	-0.11	-9.77	0.81	0.49	-9.53	-2.24	-0.32	-9.71	-1.32	-0.04	-9.3	-3.1
11:29:25.946244	-0.1	-9.77	0.8300000000000001	0.42	-9.540000000000001	-2.19	-0.31	-9.72	-1.25	-0.05	-9.290000000000001	-3.12
11:29:25.956323	-0.09	-9.76	0.85	0.34	-9.56	-2.14	-0.31	-9.72	-1.18	-0.08	-9.28	-3.16
11:29:25.966417	-0.08	-9.76	0.87	0.27	-9.57	-2.11	-0.31	-9.73	-1.11	-0.11	-9.25	-3.22
11:29:25.976505	-0.07	-9.76	0.89	0.21	-9.58	-2.07	-0.32	-9.74	-1.04	-0.11	-9.25	-3.22
11:29:25.987128	-0.07	-9.76	0.89	0.17	-9.59	-2.0	-0.33	-9.75	-0.97	-0.12	-9.24	-3.27
11:29:25.997249	-0.07	-9.76	0.9	0.17	-9.59	-2.0	-0.33	-9.75	-0.97	-0.14	-9.23	-3.3000000000000003
11:29:26.007332	-0.08	-9.76	0.91	0.11	-9.63	-1.81	-0.33	-9.76	-0.8300000000000001	-0.12	-9.21	-3.33
11:29:26.017667	-0.08	-9.76	0.92	0.08	-9.65	-1.71	-0.33	-9.77	-0.77	-0.08	-9.19	-3.4
11:29:26.027741	-0.08	-9.76	0.92	0.04	-9.67	-1.61	-0.32	-9.77	-0.7000000000000001	-0.07	-9.16	-3.48
11:29:26.037813	-0.08	-9.76	0.92	0.01	-9.68	-1.52	-0.32	-9.77	-0.64	-0.06	-9.13	-3.5500000000000003
11:29:26.047885	-0.08	-9.76	0.92	0.0	-9.700000000000001	-1.43	-0.32	-9.78	-0.58	-0.06	-9.11	-3.62
11:29:26.057966	-0.07	-9.76	0.92	-0.02	-9.71	-1.34	-0.32	-9.78	-0.53	-0.08	-9.09	-3.67
11:29:26.068031	-0.06	-9.76	0.92	-0.04	-9.72	-1.25	-0.33	-9.78	-0.47000000000000003	-0.1	-9.07	-3.71
11:29:26.078103	-0.04	-9.76	0.92	-0.06	-9.73	-1.16	-0.34	-9.790000000000001	-0.41000000000000003	-0.1	-9.07	-3.71
11:29:26.088360	-0.04	-9.76	0.92	-0.08	-9.74	-1.09	-0.34	-9.790000000000001	-0.34	-0.1	-9.06	-3.75
11:29:26.098495	-0.03	-9.76	0.92	-0.11	-9.75	-1.01	-0.34	-9.790000000000001	-0.28	-0.09	-9.040000000000001	-3.79
11:29:26.108576	-0.02	-9.76	0.9	-0.15	-9.75	-0.9500000000000001	-0.34	-9.790000000000001	-0.21	-0.07	-9.0	-3.87
11:29:26.118647	-0.01	-9.76	0.89	-0.18	-9.76	-0.88	-0.34	-9.790000000000001	-0.14	-0.05	-8.98	-3.92
11:29:26.128718	-0.01	-9.76	0.88	-0.23	-9.76	-0.8200000000000001	-0.34	-9.8	-0.07	-0.03	-8.950000000000001	-3.98
11:29:26.138792	-0.01	-9.76	0.87	-0.26	-9.77	-0.75	-0.34	-9.8	-0.01	-0.02	-8.93	-4.05
11:29:26.148857	-0.02	-9.76	0.87	-0.3	-9.77	-0.6900000000000001	-0.34	-9.8	0.05	-0.02	-8.9	-4.1
11:29:26.158988	-0.02	-9.76	0.86	-0.35000000000000003	-9.78	-0.62	-0.35000000000000003	-9.790000000000001	0.11	-0.02	-8.88	-4.15
11:29:26.169058	-0.03	-9.76	0.86	-0.44	-9.78	-0.48	-0.35000000000000003	-9.790000000000001	0.18	-0.02	-8.88	-4.15
11:29:26.179463	-0.03	-9.76	0.86	-0.44	-9.78	-0.48	-0.34	-9.790000000000001	0.25	-0.03	-8.82	-4.26
11:29:26.189597	-0.04	-9.76	0.86	-0.48	-9.78	-0.41000000000000003	-0.34	-9.790000000000001	0.32	-0.02	-8.81	-4.29
11:29:26.199889	-0.04	-9.76	0.86	-0.52	-9.78	-0.35000000000000003	-0.34	-9.790000000000001	0.39	-0.02	-8.81	-4.29
11:29:26.210266	-0.04	-9.76	0.87	-0.56	-9.78	-0.29	-0.34	-9.78	0.46	-0.01	-8.76	-4.39
11:29:26.220705	-0.05	-9.76	0.84	-0.6	-9.78	-0.23	-0.34	-9.78	0.54	-0.01	-8.76	-4.39
11:29:26.230991	-0.05	-9.76	0.85	-0.64	-9.78	-0.18	-0.34	-9.78	0.62	0.0	-8.69	-4.53
11:29:26.241087	-0.05	-9.76	0.86	-0.74	-9.77	-0.06	-0.33	-9.77	0.6900000000000001	0.0	-8.65	-4.6000000000000005
11:29:26.251591	-0.05	-9.76	0.87	-0.79	-9.77	0.0	-0.33	-9.76	0.86	0.0	-8.65	-4.6000000000000005
11:29:26.261717	-0.05	-9.76	0.89	-0.85	-9.76	0.04	-0.33	-9.76	0.86	0.0	-8.65	-4.6000000000000005
11:29:26.271939	-0.06	-9.76	0.9	-0.91	-9.76	0.09	-0.33	-9.75	0.9400000000000001	0.0	-8.59	-4.72
11:29:26.282406	-0.06	-9.76	0.91	-0.97	-9.75	0.14	-0.33	-9.74	1.02	0.0	-8.55	-4.78
11:29:26.292821	-0.07	-9.76	0.92	-1.04	-9.74	0.19	-0.34	-9.72	1.19	0.01	-8.53	-4.82
11:29:26.302974	-0.09	-9.76	0.93	-1.1	-9.74	0.23	-0.34	-9.71	1.27	0.0	-8.5	-4.87
11:29:26.313092	-0.1	-9.76	0.9400000000000001	-1.17	-9.73	0.27	-0.35000000000000003	-9.700000000000001	1.35	-0.07	-8.47	-4.93
11:29:26.323684	-0.12	-9.75	0.9500000000000001	-1.24	-9.72	0.32	-0.36	-9.69	1.44	-0.13	-8.42	-5.01
11:29:26.333758	-0.14	-9.75	0.9500000000000001	-1.3	-9.71	0.36	-0.36	-9.68	1.52	-0.13	-8.42	-5.01
11:29:26.343831	-0.16	-9.75	0.96	-1.36	-9.700000000000001	0.41000000000000003	-0.37	-9.66	1.6	-0.15	-8.38	-5.08
11:29:26.353907	-0.17	-9.75	0.97	-1.42	-9.69	0.46	-0.39	-9.65	1.68	-0.15	-8.38	-5.08
11:29:26.363992	-0.19	-9.75	0.97	-1.48	-9.67	0.51	-0.41000000000000003	-9.63	1.77	-0.18	-8.27	-5.25
11:29:26.374402	-0.2	-9.75	0.98	-1.54	-9.66	0.56	-0.44	-9.61	1.85	-0.2	-8.16	-5.43
11:29:26.384470	-0.21	-9.75	0.98	-1.6	-9.65	0.61	-0.46	-9.59	1.94	-0.2	-8.16	-5.43
11:29:26.394542	-0.22	-9.75	0.98	-1.67	-9.64	0.65	-0.49	-9.57	2.04	-0.26	-8.02	-5.63
11:29:26.404653	-0.22	-9.75	0.98	-1.73	-9.620000000000001	0.68	-0.53	-9.55	2.14	-0.26	-8.02	-5.63
11:29:26.414786	-0.22	-9.75	0.98	-1.8	-9.61	0.7000000000000001	-0.5700000000000001	-9.52	2.25	-0.3	-7.94	-5.73
11:29:26.425371	-0.22	-9.75	0.98	-1.86	-9.6	0.71	-0.61	-9.49	2.36	-0.3	-7.94	-5.73
11:29:26.435500	-0.22	-9.75	0.98	-1.92	-9.58	0.72	-0.65	-9.46	2.48	-0.45	-7.67	-6.09
11:29:26.445600	-0.23	-9.75	0.97	-1.99	-9.57	0.72	-0.7000000000000001	-9.42	2.61	-0.49	-7.5600000000000005	-6.21
11:29:26.455670	-0.23	-9.75	0.97	-2.04	-9.56	0.73	-0.7000000000000001	-9.42	2.61	-0.54	-7.45	-6.34
11:29:26.465783	-0.25	-9.75	0.9500000000000001	-2.08	-9.55	0.73	-0.7000000000000001	-9.42	2.61	-0.63	-7.33	-6.47
11:29:26.475895	-0.27	-9.75	0.93	-2.11	-9.540000000000001	0.73	-0.87	-9.290000000000001	3.0100000000000002	-0.72	-7.19	-6.62
11:29:26.486420	-0.27	-9.75	0.93	-2.13	-9.540000000000001	0.72	-0.87	-9.290000000000001	3.0100000000000002	-0.72	-7.19	-6.62
11:29:26.496535	-0.29	-9.75	0.91	-2.13	-9.540000000000001	0.72	-0.87	-9.290000000000001	3.0100000000000002	-0.72	-7.19	-6.62
11:29:26.506658	-0.32	-9.76	0.86	-2.12	-9.55	0.66	-0.87	-9.290000000000001	3.0100000000000002	-0.96	-6.73	-7.0600000000000005
11:29:26.516741	-0.31	-9.76	0.84	-2.1	-9.55	0.61	-0.87	-9.290000000000001	3.0100000000000002	-1.08	-6.55	-7.21
11:29:26.526860	-0.3	-9.76	0.8200000000000001	-2.06	-9.57	0.53	-1.12	-8.93	3.87	-1.18	-6.37	-7.36
11:29:26.536930	-0.28	-9.76	0.81	-2.02	-9.58	0.42	-1.12	-8.93	3.87	-1.18	-6.37	-7.36
11:29:26.547002	-0.27	-9.77	0.8	-1.97	-9.6	0.29	-1.3	-8.73	4.26	-1.25	-6.17	-7.51
11:29:26.557072	-0.26	-9.77	0.78	-1.93	-9.61	0.13	-1.45	-8.61	4.44	-1.25	-6.17	-7.51
11:29:26.567159	-0.25	-9.77	0.78	-1.87	-9.620000000000001	-0.03	-1.6400000000000001	-8.49	4.61	-1.28	-5.96	-7.67
11:29:26.577228	-0.25	-9.77	0.76	-1.82	-9.63	-0.22	-1.81	-8.370000000000001	4.7700000000000005	-1.28	-5.96	-7.67
11:29:26.587364	-0.23	-9.77	0.75	-1.75	-9.63	-0.43	-1.94	-8.26	4.9	-1.28	-5.96	-7.67
11:29:26.597455	-0.21	-9.77	0.73	-1.67	-9.63	-0.68	-2.0100000000000002	-8.17	5.0200000000000005	-1.28	-5.96	-7.67
11:29:26.607582	-0.19	-9.77	0.71	-1.58	-9.63	-0.93	-2.0300000000000002	-8.09	5.14	-1.28	-5.96	-7.67
11:29:26.617662	-0.17	-9.78	0.6900000000000001	-1.46	-9.620000000000001	-1.17	-2.02	-8.0	5.28	-1.28	-5.96	-7.67
11:29:26.627731	-0.15	-9.78	0.67	-1.35	-9.61	-1.36	-2.0100000000000002	-7.92	5.41	-1.3800000000000001	-5.0600000000000005	-8.28
11:29:26.637807	-0.13	-9.78	0.64	-1.23	-9.6	-1.51	-2.02	-7.83	5.54	-1.3800000000000001	-5.0600000000000005	-8.28
11:29:26.647881	-0.12	-9.78	0.62	-1.12	-9.6	-1.6500000000000001	-2.0300000000000002	-7.75	5.64	-1.54	-4.62	-8.5
11:29:26.658514	-0.12	-9.78	0.62	-1.0	-9.58	-1.78	-2.05	-7.7	5.7	-1.42	-3.58	-9.01
11:29:26.668587	-0.11	-9.78	0.59	-0.78	-9.55	-2.06	-2.06	-7.69	5.72	-1.42	-3.58	-9.01
11:29:26.678685	-0.1	-9.78	0.59	-0.78	-9.55	-2.06	-2.04	-7.69	5.72	-1.5	-3.63	-8.98
11:29:26.688797	-0.1	-9.78	0.59	-0.67	-9.52	-2.21	-2.04	-7.69	5.72	-0.98	-3.85	-8.96
11:29:26.698890	-0.1	-9.78	0.59	-0.58	-9.49	-2.37	-2.04	-7.69	5.72	-0.98	-3.85	-8.96
11:29:26.709001	-0.08	-9.78	0.59	-0.48	-9.46	-2.5300000000000002	-2.04	-7.69	5.72	-0.65	-4.47	-8.700000000000001
11:29:26.719131	-0.06	-9.78	0.59	-0.39	-9.41	-2.69	-2.04	-7.69	5.72	-0.65	-4.47	-8.700000000000001
11:29:26.729770	-0.04	-9.78	0.59	-0.3	-9.370000000000001	-2.85	-2.04	-7.69	5.72	-0.47000000000000003	-4.98	-8.43
11:29:26.739837	-0.02	-9.78	0.59	-0.22	-9.33	-3.0	-1.56	-8.17	5.17	-0.47000000000000003	-4.98	-8.43
11:29:26.749964	0.0	-9.78	0.6	-0.08	-9.24	-3.2600000000000002	-1.52	-8.31	4.96	-0.47000000000000003	-4.98	-8.43
11:29:26.760029	0.01	-9.78	0.6	-0.08	-9.24	-3.2600000000000002	-1.52	-8.31	4.96	-0.47000000000000003	-4.98	-8.43
11:29:26.770148	0.02	-9.78	0.61	0.0	-9.15	-3.52	-1.4000000000000001	-8.61	4.46	-0.47000000000000003	-4.98	-8.43
11:29:26.780624	0.04	-9.78	0.62	0.01	-9.1	-3.63	-1.32	-8.77	4.17	-0.47000000000000003	-4.98	-8.43
11:29:26.790764	0.05	-9.78	0.63	0.02	-9.07	-3.72	-1.16	-9.08	3.5	-0.47000000000000003	-4.98	-8.43
11:29:26.800889	0.07	-9.78	0.64	0.04	-9.040000000000001	-3.79	-1.09	-9.22	3.13	-0.47000000000000003	-4.98	-8.43
11:29:26.811052	0.08	-9.78	0.64	0.06	-9.01	-3.85	-1.09	-9.22	3.13	-0.47000000000000003	-4.98	-8.43
11:29:26.821172	0.09	-9.78	0.65	0.09	-9.0	-3.89	-1.09	-9.22	3.13	-0.27	-6.23	-7.5600000000000005
11:29:26.831245	0.1	-9.78	0.66	0.09	-9.0	-3.89	-1.09	-9.22	3.13	0.11	-7.97	-5.71
11:29:26.841337	0.11	-9.78	0.66	0.16	-8.97	-3.95	-1.09	-9.22	3.13	0.19	-8.42	-5.01
11:29:26.851487	0.12	-9.78	0.66	0.2	-8.96	-3.97	-0.93	-9.65	1.45	0.19	-8.42	-5.01
11:29:26.861616	0.13	-9.78	0.66	0.24	-8.950000000000001	-3.98	-0.89	-9.71	1.01	0.21	-8.82	-4.2700000000000005
11:29:26.872215	0.13	-9.78	0.65	0.29	-8.950000000000001	-3.99	-0.81	-9.77	0.13	0.21	-8.99	-3.9
11:29:26.882327	0.14	-9.78	0.64	0.34	-8.950000000000001	-3.97	-0.78	-9.77	-0.3	0.21	-8.99	-3.9
11:29:26.892427	0.14	-9.78	0.63	0.39	-8.96	-3.96	-0.74	-9.75	-0.73	0.21	-8.99	-3.9
11:29:26.902502	0.15	-9.78	0.62	0.44	-8.96	-3.94	-0.71	-9.71	-1.1400000000000001	0.21	-8.99	-3.9
11:29:26.912567	0.15	-9.78	0.59	0.5	-8.97	-3.92	-0.68	-9.65	-1.54	0.21	-8.99	-3.9
11:29:26.922692	0.14	-9.78	0.5700000000000001	0.55	-8.97	-3.9	-0.68	-9.65	-1.54	0.2	-9.38	-2.82
11:29:26.932758	0.14	-9.78	0.55	0.6	-8.98	-3.87	-0.68	-9.65	-1.54	0.18	-9.620000000000001	-1.87
11:29:26.942872	0.13	-9.790000000000001	0.53	0.64	-8.99	-3.84	-0.59	-9.42	-2.64	0.18	-9.620000000000001	-1.87
11:29:26.952972	0.12	-9.790000000000001	0.51	0.67	-9.0	-3.81	-0.56	-9.33	-2.96	0.18	-9.620000000000001	-1.87
11:29:26.963068	0.11	-9.790000000000001	0.5	0.7000000000000001	-9.01	-3.7800000000000002	-0.55	-9.23	-3.25	0.18	-9.620000000000001	-1.87
11:29:26.973385	0.09	-9.790000000000001	0.49	0.73	-9.02	-3.75	-0.55	-9.23	-3.25	0.18	-9.620000000000001	-1.87
11:29:26.983718	0.07	-9.790000000000001	0.49	0.75	-9.03	-3.73	-0.53	-9.14	-3.5	0.16	-9.74	-1.04
11:29:26.993792	0.05	-9.790000000000001	0.48	0.78	-9.040000000000001	-3.71	-0.47000000000000003	-8.97	-3.91	0.15	-9.78	-0.62
11:29:27.004544	0.02	-9.790000000000001	0.48	0.8	-9.040000000000001	-3.69	-0.44	-8.9	-4.07	0.15	-9.78	-0.62
11:29:27.014697	0.0	-9.790000000000001	0.48	0.8300000000000001	-9.05	-3.67	-0.41000000000000003	-8.85	-4.19	0.15	-9.78	-0.62
11:29:27.024806	-0.06	-9.790000000000001	0.48	0.87	-9.05	-3.65	-0.38	-8.81	-4.2700000000000005	0.15	-9.78	-0.62
11:29:27.034953	-0.09	-9.790000000000001	0.48	0.9	-9.05	-3.64	-0.37	-8.790000000000001	-4.3100000000000005	0.15	-9.78	-0.62
11:29:27.045389	-0.09	-9.790000000000001	0.48	0.9400000000000001	-9.05	-3.64	-0.36	-8.790000000000001	-4.32	0.1	-9.8	-0.1
11:29:27.055503	-0.12	-9.790000000000001	0.48	0.97	-9.040000000000001	-3.65	-0.37	-8.8	-4.3	0.1	-9.8	-0.13
11:29:27.065660	-0.16	-9.790000000000001	0.48	1.0	-9.03	-3.66	-0.38	-8.82	-4.24	0.11	-9.8	-0.18
11:29:27.076382	-0.18	-9.790000000000001	0.48	1.02	-9.02	-3.69	-0.39	-8.86	-4.17	0.12	-9.8	-0.26
11:29:27.086674	-0.18	-9.790000000000001	0.48	1.03	-9.01	-3.71	-0.39	-8.86	-4.17	0.12	-9.8	-0.26
11:29:27.096749	-0.2	-9.790000000000001	0.48	1.03	-9.01	-3.72	-0.41000000000000003	-8.96	-3.95	0.12	-9.8	-0.26
11:29:27.106839	-0.2	-9.790000000000001	0.49	1.02	-9.0	-3.73	-0.42	-9.02	-3.81	0.12	-9.8	-0.26
11:29:27.116909	-0.19	-9.790000000000001	0.49	1.0	-9.01	-3.73	-0.43	-9.08	-3.67	0.12	-9.8	-0.26
11:29:27.127040	-0.18	-9.790000000000001	0.5	0.98	-9.01	-3.73	-0.44	-9.14	-3.5100000000000002	0.28	-9.75	-1.0
11:29:27.137113	-0.16	-9.790000000000001	0.5	0.9500000000000001	-9.02	-3.71	-0.45	-9.200000000000001	-3.34	0.3	-9.74	-1.07
11:29:27.147187	-0.15	-9.790000000000001	0.51	0.92	-9.040000000000001	-3.67	-0.43	-9.25	-3.2	0.29	-9.75	-0.9
11:29:27.157282	-0.15	-9.790000000000001	0.51	0.89	-9.07	-3.61	-0.4	-9.28	-3.13	0.4	-9.76	-0.84
11:29:27.167409	-0.15	-9.790000000000001	0.53	0.85	-9.11	-3.52	-0.42	-9.290000000000001	-3.09	0.51	-9.73	-1.08
11:29:27.177769	-0.15	-9.790000000000001	0.53	0.81	-9.14	-3.44	-0.45	-9.31	-3.0300000000000002	0.48	-9.69	-1.3900000000000001
11:29:27.187934	-0.18	-9.78	0.56	0.77	-9.17	-3.38	-0.48	-9.34	-2.92	0.34	-9.65	-1.67
11:29:27.198006	-0.19	-9.78	0.5700000000000001	0.74	-9.19	-3.33	-0.5	-9.38	-2.8000000000000003	0.22	-9.6	-1.96
11:29:27.208075	-0.19	-9.78	0.59	0.72	-9.200000000000001	-3.29	-0.49	-9.41	-2.69	0.22	-9.6	-1.96
11:29:27.218148	-0.19	-9.78	0.6	0.72	-9.21	-3.2600000000000002	-0.47000000000000003	-9.44	-2.59	0.0	-9.49	-2.45
11:29:27.228230	-0.19	-9.78	0.61	0.72	-9.22	-3.23	-0.45	-9.47	-2.49	-0.11	-9.47	-2.5300000000000002
11:29:27.238358	-0.19	-9.78	0.62	0.72	-9.24	-3.17	-0.45	-9.49	-2.4	-0.16	-9.47	-2.5300000000000002
11:29:27.248448	-0.2	-9.78	0.63	0.72	-9.27	-3.09	-0.46	-9.540000000000001	-2.2	-0.16	-9.48	-2.47
11:29:27.258563	-0.2	-9.78	0.65	0.71	-9.31	-2.99	-0.46	-9.56	-2.11	-0.15	-9.5	-2.39
11:29:27.269090	-0.19	-9.78	0.67	0.6900000000000001	-9.38	-2.77	-0.46	-9.56	-2.11	-0.15	-9.5	-2.41
11:29:27.279627	-0.18	-9.78	0.6900000000000001	0.6900000000000001	-9.38	-2.77	-0.42	-9.59	-1.97	-0.13	-9.47	-2.54
11:29:27.289760	-0.16	-9.77	0.71	0.65	-9.44	-2.54	-0.38	-9.61	-1.9100000000000001	-0.14	-9.43	-2.66
11:29:27.300322	-0.14	-9.77	0.74	0.61	-9.48	-2.42	-0.34	-9.620000000000001	-1.85	-0.18	-9.4	-2.77
11:29:27.310453	-0.11	-9.77	0.76	0.56	-9.51	-2.31	-0.31	-9.63	-1.79	-0.21	-9.38	-2.84
11:29:27.320542	-0.09	-9.77	0.78	0.49	-9.53	-2.22	-0.29	-9.64	-1.73	-0.21	-9.370000000000001	-2.86
11:29:27.330691	-0.07	-9.77	0.8	0.41000000000000003	-9.55	-2.16	-0.28	-9.65	-1.67	-0.21	-9.370000000000001	-2.87
11:29:27.340839	-0.06	-9.77	0.8200000000000001	0.34	-9.57	-2.1	-0.27	-9.66	-1.62	-0.21	-9.36	-2.91
11:29:27.351014	-0.05	-9.77	0.84	0.27	-9.58	-2.06	-0.26	-9.67	-1.57	-0.23	-9.34	-2.96
11:29:27.361662	-0.05	-9.76	0.85	0.21	-9.59	-2.0	-0.26	-9.68	-1.51	-0.23	-9.34	-2.96
11:29:27.371817	-0.05	-9.76	0.86	0.16	-9.61	-1.92	-0.26	-9.69	-1.45	-0.28	-9.32	-3.0100000000000002
11:29:27.382174	-0.05	-9.76	0.86	0.12	-9.63	-1.83	-0.26	-9.700000000000001	-1.3900000000000001	-0.28	-9.32	-3.02
11:29:27.392248	-0.05	-9.76	0.87	0.09	-9.65	-1.73	-0.25	-9.71	-1.33	-0.26	-9.31	-3.0500000000000003
11:29:27.402537	-0.05	-9.76	0.87	0.06	-9.66	-1.6300000000000001	-0.24	-9.72	-1.27	-0.23	-9.290000000000001	-3.11
11:29:27.412667	-0.06	-9.76	0.87	0.03	-9.68	-1.54	-0.23	-9.72	-1.21	-0.21	-9.27	-3.18
11:29:27.422791	-0.06	-9.76	0.87	0.0	-9.69	-1.44	-0.21	-9.73	-1.1500000000000001	-0.19	-9.24	-3.25
11:29:27.432921	-0.05	-9.76	0.87	-0.02	-9.71	-1.35	-0.21	-9.74	-1.09	-0.18	-9.22	-3.3200000000000003
11:29:27.443542	-0.04	-9.76	0.86	-0.04	-9.72	-1.25	-0.2	-9.75	-1.02	-0.18	-9.200000000000001	-3.37
11:29:27.453636	-0.03	-9.76	0.86	-0.06	-9.73	-1.16	-0.21	-9.75	-0.9500000000000001	-0.17	-9.19	-3.4
11:29:27.464158	-0.02	-9.76	0.85	-0.08	-9.74	-1.08	-0.22	-9.76	-0.88	-0.16	-9.18	-3.44
11:29:27.474230	-0.01	-9.76	0.85	-0.1	-9.75	-1.02	-0.23	-9.77	-0.8	-0.14	-9.15	-3.5
11:29:27.484365	0.0	-9.77	0.84	-0.13	-9.75	-0.96	-0.24	-9.77	-0.72	-0.13	-9.13	-3.5700000000000003
11:29:27.494436	0.01	-9.77	0.8200000000000001	-0.15	-9.76	-0.9	-0.25	-9.78	-0.64	-0.12	-9.1	-3.64
11:29:27.504722	0.01	-9.77	0.81	-0.18	-9.76	-0.86	-0.26	-9.78	-0.56	-0.1	-9.07	-3.72
11:29:27.515343	0.01	-9.77	0.81	-0.2	-9.77	-0.81	-0.27	-9.790000000000001	-0.48	-0.08	-9.03	-3.8000000000000003
11:29:27.526330	0.02	-9.77	0.79	-0.23	-9.77	-0.75	-0.28	-9.790000000000001	-0.38	-0.06	-9.0	-3.87
11:29:27.536448	0.01	-9.77	0.79	-0.25	-9.77	-0.7000000000000001	-0.29	-9.790000000000001	-0.29	-0.02	-8.98	-3.93
11:29:27.546523	0.01	-9.77	0.78	-0.27	-9.78	-0.65	-0.31	-9.790000000000001	-0.2	-0.01	-8.950000000000001	-4.0
11:29:27.557043	0.01	-9.77	0.78	-0.3	-9.78	-0.6	-0.32	-9.8	-0.11	-0.01	-8.91	-4.08
11:29:27.567158	0.0	-9.77	0.78	-0.33	-9.78	-0.54	-0.33	-9.8	-0.02	-0.02	-8.89	-4.13
11:29:27.577256	0.0	-9.77	0.78	-0.35000000000000003	-9.78	-0.49	-0.34	-9.8	0.05	-0.03	-8.86	-4.19
11:29:27.587322	0.0	-9.77	0.79	-0.38	-9.78	-0.45	-0.35000000000000003	-9.790000000000001	0.14	-0.03	-8.83	-4.26
11:29:27.597424	0.0	-9.77	0.8	-0.41000000000000003	-9.78	-0.4	-0.35000000000000003	-9.790000000000001	0.23	-0.02	-8.8	-4.32
11:29:27.607510	0.0	-9.77	0.81	-0.44	-9.78	-0.36	-0.35000000000000003	-9.790000000000001	0.31	-0.02	-8.77	-4.37
11:29:27.617584	-0.01	-9.77	0.8200000000000001	-0.48	-9.78	-0.31	-0.35000000000000003	-9.790000000000001	0.4	-0.01	-8.75	-4.42
11:29:27.627699	-0.01	-9.77	0.8300000000000001	-0.52	-9.78	-0.27	-0.34	-9.78	0.48	0.0	-8.71	-4.49
11:29:27.637782	-0.02	-9.76	0.85	-0.5700000000000001	-9.78	-0.22	-0.34	-9.78	0.5700000000000001	0.02	-8.68	-4.54
11:29:27.647848	-0.03	-9.76	0.86	-0.62	-9.78	-0.17	-0.34	-9.77	0.74	0.02	-8.66	-4.59
11:29:27.657974	-0.03	-9.76	0.86	-0.67	-9.78	-0.12	-0.34	-9.77	0.74	0.03	-8.63	-4.64
11:29:27.668065	-0.05	-9.76	0.89	-0.72	-9.77	-0.07	-0.34	-9.76	0.8300000000000001	0.04	-8.6	-4.69
11:29:27.678227	-0.06	-9.76	0.91	-0.78	-9.77	-0.02	-0.34	-9.75	0.92	0.05	-8.58	-4.74
11:29:27.688337	-0.07	-9.76	0.92	-0.84	-9.77	0.02	-0.34	-9.74	1.01	0.05	-8.56	-4.78
11:29:27.698410	-0.09	-9.76	0.9400000000000001	-0.9	-9.76	0.07	-0.34	-9.73	1.09	0.06	-8.53	-4.82
11:29:27.708477	-0.1	-9.75	0.9500000000000001	-1.03	-9.75	0.19	-0.35000000000000003	-9.72	1.18	0.07	-8.5	-4.88
11:29:27.718569	-0.11	-9.75	0.96	-1.09	-9.74	0.24	-0.35000000000000003	-9.71	1.27	0.05	-8.47	-4.92
11:29:27.728636	-0.13	-9.75	0.97	-1.16	-9.73	0.3	-0.36	-9.700000000000001	1.35	-0.03	-8.44	-4.98
11:29:27.738732	-0.14	-9.75	0.97	-1.23	-9.72	0.36	-0.36	-9.69	1.43	-0.1	-8.4	-5.05
11:29:27.748837	-0.16	-9.75	0.98	-1.23	-9.72	0.36	-0.39	-9.66	1.58	-0.11	-8.34	-5.14
11:29:27.758932	-0.16	-9.75	0.98	-1.3	-9.71	0.41000000000000003	-0.39	-9.66	1.58	-0.13	-8.290000000000001	-5.22
11:29:27.769033	-0.18	-9.75	1.0	-1.43	-9.68	0.52	-0.41000000000000003	-9.65	1.6600000000000001	-0.14	-8.24	-5.3
11:29:27.779671	-0.19	-9.75	1.01	-1.5	-9.67	0.56	-0.46	-9.620000000000001	1.82	-0.15	-8.18	-5.4
11:29:27.789804	-0.2	-9.75	1.02	-1.57	-9.65	0.61	-0.49	-9.6	1.9100000000000001	-0.17	-8.120000000000001	-5.49
11:29:27.800471	-0.2	-9.75	1.02	-1.6500000000000001	-9.64	0.64	-0.52	-9.58	2.0	-0.21	-8.06	-5.57
11:29:27.811131	-0.21	-9.75	1.02	-1.72	-9.620000000000001	0.67	-0.56	-9.56	2.1	-0.3	-7.91	-5.78
11:29:27.821230	-0.21	-9.75	1.02	-1.79	-9.61	0.7000000000000001	-0.59	-9.53	2.2	-0.35000000000000003	-7.83	-5.89
11:29:27.831394	-0.2	-9.74	1.03	-1.86	-9.6	0.72	-0.64	-9.5	2.31	-0.4	-7.74	-5.99
11:29:27.842146	-0.2	-9.75	1.03	-1.92	-9.58	0.73	-0.68	-9.47	2.42	-0.45	-7.65	-6.11
11:29:27.852552	-0.2	-9.75	1.02	-1.98	-9.57	0.75	-0.73	-9.44	2.54	-0.49	-7.53	-6.25
11:29:27.862697	-0.2	-9.75	1.01	-2.0300000000000002	-9.56	0.76	-0.78	-9.4	2.67	-0.49	-7.53	-6.25
11:29:27.872789	-0.21	-9.75	0.99	-2.07	-9.55	0.77	-0.8300000000000001	-9.35	2.8000000000000003	-0.66	-7.32	-6.48
11:29:27.882986	-0.22	-9.75	0.97	-2.09	-9.540000000000001	0.78	-0.87	-9.31	2.94	-0.66	-7.32	-6.48
11:29:27.893082	-0.24	-9.75	0.9500000000000001	-2.1	-9.540000000000001	0.78	-0.91	-9.26	3.08	-0.66	-7.32	-6.48
11:29:27.903150	-0.24	-9.75	0.93	-2.1	-9.540000000000001	0.78	-0.96	-9.200000000000001	3.24	-0.66	-7.32	-6.48
11:29:27.913223	-0.24	-9.76	0.91	-2.09	-9.540000000000001	0.75	-1.01	-9.13	3.4	-0.66	-7.32	-6.48
11:29:27.923383	-0.23	-9.76	0.9	-2.08	-9.55	0.71	-1.07	-9.07	3.56	-0.9500000000000001	-6.75	-7.04
11:29:27.933459	-0.22	-9.76	0.9	-2.06	-9.56	0.64	-1.12	-8.99	3.73	-1.1500000000000001	-6.390000000000001	-7.34
11:29:27.943589	-0.21	-9.76	0.89	-2.04	-9.57	0.55	-1.2	-8.91	3.91	-1.25	-6.2	-7.48
11:29:27.953688	-0.2	-9.76	0.89	-2.0100000000000002	-9.58	0.43	-1.3	-8.81	4.08	-1.28	-6.0200000000000005	-7.63
11:29:27.963869	-0.2	-9.76	0.89	-1.98	-9.6	0.28	-1.44	-8.71	4.26	-1.28	-6.0200000000000005	-7.63
11:29:27.974452	-0.2	-9.76	0.89	-1.94	-9.61	0.12	-1.61	-8.6	4.41	-1.29	-5.53	-7.98
11:29:27.985252	-0.19	-9.76	0.88	-1.8900000000000001	-9.620000000000001	-0.04	-1.78	-8.49	4.5600000000000005	-1.3	-5.22	-8.19
11:29:27.995357	-0.17	-9.76	0.87	-1.83	-9.620000000000001	-0.23	-1.92	-8.38	4.7	-1.4000000000000001	-4.83	-8.41
11:29:28.005675	-0.17	-9.76	0.87	-1.77	-9.63	-0.44	-2.0	-8.3	4.82	-1.53	-4.36	-8.64
11:29:28.015928	-0.13	-9.76	0.85	-1.7	-9.63	-0.67	-2.04	-8.21	4.94	-1.62	-3.84	-8.870000000000001
11:29:28.025998	-0.11	-9.76	0.84	-1.6	-9.63	-0.91	-2.05	-8.13	5.08	-1.94	-3.41	-8.98
11:29:28.036141	-0.09	-9.77	0.8200000000000001	-1.5	-9.620000000000001	-1.12	-2.05	-8.03	5.22	-2.2600000000000002	-3.22	-8.98
11:29:28.046196	-0.08	-9.77	0.81	-1.3900000000000001	-9.61	-1.29	-2.07	-7.95	5.34	-2.0100000000000002	-3.3000000000000003	-9.0
11:29:28.056271	-0.08	-9.77	0.81	-1.29	-9.61	-1.44	-2.08	-7.87	5.46	-1.5	-3.44	-9.05
11:29:28.066472	-0.07	-9.77	0.78	-1.18	-9.6	-1.57	-2.1	-7.8100000000000005	5.53	-1.24	-3.56	-9.040000000000001
11:29:28.076561	-0.06	-9.77	0.78	-1.07	-9.59	-1.7	-2.1	-7.78	5.58	-1.18	-3.58	-9.040000000000001
11:29:28.086632	-0.06	-9.77	0.77	-0.97	-9.58	-1.83	-2.05	-7.79	5.58	-0.92	-3.69	-9.03
11:29:28.096747	-0.05	-9.77	0.77	-0.88	-9.56	-1.97	-1.96	-7.82	5.5600000000000005	-0.6900000000000001	-3.94	-8.950000000000001
11:29:28.106832	-0.05	-9.77	0.77	-0.78	-9.540000000000001	-2.12	-1.86	-7.88	5.5200000000000005	-0.5700000000000001	-4.2700000000000005	-8.8
11:29:28.116907	-0.05	-9.77	0.77	-0.6900000000000001	-9.51	-2.27	-1.76	-7.96	5.44	-0.5	-4.5600000000000005	-8.66
11:29:28.126979	-0.04	-9.77	0.77	-0.6	-9.48	-2.42	-1.67	-8.06	5.32	-0.46	-4.78	-8.55
11:29:28.137045	-0.03	-9.77	0.78	-0.51	-9.44	-2.58	-1.61	-8.17	5.17	-0.42	-5.0	-8.42
11:29:28.147124	-0.02	-9.77	0.78	-0.42	-9.41	-2.72	-1.55	-8.290000000000001	4.98	-0.41000000000000003	-5.29	-8.24
11:29:28.157202	-0.01	-9.77	0.79	-0.34	-9.370000000000001	-2.85	-1.5	-8.43	4.7700000000000005	-0.4	-5.61	-8.02
11:29:28.167381	0.0	-9.77	0.8	-0.21	-9.290000000000001	-3.1	-1.42	-8.57	4.54	-0.38	-5.93	-7.79
11:29:28.177453	0.0	-9.77	0.81	-0.21	-9.290000000000001	-3.1	-1.34	-8.72	4.2700000000000005	-0.33	-6.25	-7.54
11:29:28.187525	0.01	-9.77	0.8200000000000001	-0.16	-9.25	-3.22	-1.26	-8.870000000000001	3.98	-0.26	-6.57	-7.26
11:29:28.197606	0.02	-9.77	0.8300000000000001	-0.12	-9.21	-3.34	-1.18	-9.01	3.66	-0.18	-6.87	-6.98
11:29:28.207674	0.03	-9.77	0.84	-0.08	-9.18	-3.44	-1.1300000000000001	-9.16	3.3000000000000003	-0.09	-7.16	-6.69
11:29:28.217749	0.03	-9.76	0.85	-0.04	-9.14	-3.5300000000000002	-1.09	-9.290000000000001	2.91	0.0	-7.42	-6.4
11:29:28.227835	0.04	-9.76	0.85	0.0	-9.120000000000001	-3.59	-1.06	-9.41	2.5100000000000002	0.07	-7.66	-6.11
11:29:28.237939	0.05	-9.76	0.86	0.09	-9.08	-3.69	-1.03	-9.52	2.09	0.16	-7.9	-5.8
11:29:28.248020	0.06	-9.76	0.86	0.09	-9.08	-3.69	-1.0	-9.61	1.6600000000000001	0.23	-8.120000000000001	-5.48
11:29:28.258143	0.07	-9.76	0.86	0.19	-9.05	-3.77	-0.96	-9.68	1.23	0.28	-8.33	-5.15
11:29:28.268247	0.08	-9.76	0.86	0.24	-9.03	-3.8000000000000003	-0.91	-9.73	0.81	0.31	-8.53	-4.82
11:29:28.278930	0.09	-9.76	0.85	0.29	-9.02	-3.83	-0.85	-9.76	0.38	0.32	-8.71	-4.48
11:29:28.289032	0.1	-9.76	0.84	0.35000000000000003	-9.01	-3.85	-0.73	-9.76	-0.43	0.32	-8.870000000000001	-4.15
11:29:28.299177	0.1	-9.77	0.8300000000000001	0.4	-9.0	-3.86	-0.66	-9.74	-0.8200000000000001	0.3	-9.02	-3.83
11:29:28.309326	0.11	-9.77	0.81	0.45	-9.0	-3.86	-0.61	-9.71	-1.21	0.27	-9.15	-3.49
11:29:28.319950	0.12	-9.77	0.8	0.5	-8.99	-3.86	-0.55	-9.66	-1.58	0.23	-9.27	-3.17
11:29:28.330154	0.12	-9.77	0.78	0.55	-8.99	-3.86	-0.5	-9.59	-1.94	0.19	-9.370000000000001	-2.86
11:29:28.340834	0.12	-9.77	0.76	0.59	-8.99	-3.85	-0.46	-9.52	-2.2800000000000002	0.14	-9.450000000000001	-2.58
11:29:28.350951	0.11	-9.77	0.74	0.63	-9.0	-3.83	-0.42	-9.44	-2.59	0.08	-9.59	-2.02
11:29:28.361539	0.1	-9.77	0.72	0.66	-9.0	-3.8200000000000003	-0.39	-9.36	-2.87	0.06	-9.64	-1.76
11:29:28.371666	0.09	-9.78	0.71	0.6900000000000001	-9.01	-3.8000000000000003	-0.37	-9.28	-3.12	0.06	-9.68	-1.52
11:29:28.381815	0.08	-9.78	0.7000000000000001	0.71	-9.01	-3.79	-0.36	-9.200000000000001	-3.35	0.07	-9.72	-1.29
11:29:28.391932	0.07	-9.78	0.68	0.72	-9.02	-3.77	-0.36	-9.13	-3.54	0.08	-9.74	-1.09
11:29:28.402543	0.05	-9.78	0.68	0.74	-9.02	-3.7600000000000002	-0.36	-9.07	-3.69	0.1	-9.76	-0.92
11:29:28.412614	0.03	-9.78	0.67	0.75	-9.02	-3.75	-0.37	-9.02	-3.81	0.11	-9.77	-0.79
11:29:28.422682	0.01	-9.78	0.66	0.76	-9.03	-3.73	-0.39	-8.98	-3.9	0.12	-9.78	-0.6900000000000001
11:29:28.432776	0.0	-9.78	0.66	0.78	-9.03	-3.72	-0.41000000000000003	-8.96	-3.95	0.13	-9.78	-0.64
11:29:28.443315	-0.02	-9.78	0.66	0.81	-9.040000000000001	-3.7	-0.42	-8.950000000000001	-3.97	0.14	-9.78	-0.61
11:29:28.453641	-0.03	-9.78	0.65	0.8300000000000001	-9.040000000000001	-3.68	-0.42	-8.96	-3.95	0.15	-9.78	-0.64
11:29:28.463755	-0.05	-9.78	0.65	0.86	-9.05	-3.66	-0.43	-8.97	-3.91	0.16	-9.78	-0.6900000000000001
11:29:28.473855	-0.06	-9.78	0.65	0.87	-9.05	-3.65	-0.44	-9.0	-3.84	0.18	-9.77	-0.77
11:29:28.483922	-0.08	-9.78	0.65	0.88	-9.05	-3.65	-0.45	-9.040000000000001	-3.75	0.21	-9.76	-0.89
11:29:28.493996	-0.08	-9.78	0.65	0.87	-9.05	-3.66	-0.47000000000000003	-9.09	-3.63	0.24	-9.74	-1.03
11:29:28.504161	-0.08	-9.78	0.65	0.86	-9.05	-3.67	-0.49	-9.14	-3.49	0.3	-9.72	-1.21
11:29:28.514272	-0.07	-9.78	0.65	0.84	-9.05	-3.67	-0.5	-9.200000000000001	-3.33	0.34	-9.700000000000001	-1.36
11:29:28.524871	-0.06	-9.78	0.65	0.81	-9.05	-3.68	-0.5	-9.26	-3.18	0.36	-9.700000000000001	-1.35
11:29:28.534942	-0.04	-9.78	0.65	0.79	-9.06	-3.66	-0.49	-9.3	-3.06	0.47000000000000003	-9.71	-1.28
11:29:28.545090	-0.01	-9.78	0.66	0.77	-9.08	-3.61	-0.51	-9.32	-2.98	0.58	-9.69	-1.3800000000000001
11:29:28.555269	0.0	-9.78	0.67	0.74	-9.1	-3.5500000000000003	-0.55	-9.35	-2.89	0.5700000000000001	-9.66	-1.56
11:29:28.565380	0.01	-9.78	0.68	0.71	-9.120000000000001	-3.5100000000000002	-0.58	-9.38	-2.7800000000000002	0.46	-9.63	-1.79
11:29:28.575456	0.02	-9.78	0.7000000000000001	0.7000000000000001	-9.14	-3.47	-0.6	-9.41	-2.66	0.32	-9.57	-2.07
11:29:28.585523	0.02	-9.78	0.71	0.6900000000000001	-9.14	-3.45	-0.6	-9.44	-2.5500000000000003	0.15	-9.5	-2.39
11:29:28.595629	0.03	-9.77	0.72	0.7000000000000001	-9.16	-3.42	-0.58	-9.47	-2.45	0.03	-9.450000000000001	-2.6
11:29:28.605745	0.04	-9.77	0.74	0.6900000000000001	-9.17	-3.38	-0.56	-9.5	-2.36	-0.07	-9.42	-2.69
11:29:28.615855	0.04	-9.77	0.75	0.68	-9.19	-3.33	-0.54	-9.52	-2.27	-0.14	-9.4	-2.7600000000000002
11:29:28.625987	0.03	-9.77	0.75	0.66	-9.21	-3.2800000000000002	-0.53	-9.540000000000001	-2.18	-0.15	-9.42	-2.7
11:29:28.636133	0.03	-9.77	0.77	0.63	-9.23	-3.22	-0.54	-9.56	-2.09	-0.13	-9.44	-2.62
11:29:28.646743	0.03	-9.77	0.78	0.6	-9.26	-3.15	-0.54	-9.58	-2.0100000000000002	-0.12	-9.43	-2.66
11:29:28.656815	0.03	-9.77	0.79	0.59	-9.290000000000001	-3.0700000000000003	-0.53	-9.59	-1.93	-0.1	-9.4	-2.7800000000000002
11:29:28.666946	0.04	-9.77	0.81	0.58	-9.32	-2.96	-0.51	-9.61	-1.85	-0.08	-9.36	-2.89
11:29:28.677047	0.05	-9.77	0.8200000000000001	0.58	-9.36	-2.83	-0.48	-9.620000000000001	-1.79	-0.1	-9.33	-2.99
11:29:28.687121	0.07	-9.77	0.84	0.5700000000000001	-9.4	-2.7	-0.45	-9.64	-1.73	-0.12	-9.31	-3.0700000000000003
11:29:28.697237	0.1	-9.76	0.85	0.55	-9.44	-2.57	-0.43	-9.65	-1.67	-0.13	-9.3	-3.09
11:29:28.707383	0.12	-9.76	0.87	0.51	-9.47	-2.46	-0.41000000000000003	-9.66	-1.61	-0.14	-9.3	-3.08
11:29:28.717500	0.14	-9.76	0.89	0.46	-9.5	-2.36	-0.4	-9.67	-1.56	-0.15	-9.3	-3.09
11:29:28.727615	0.16	-9.76	0.9	0.32	-9.540000000000001	-2.22	-0.4	-9.68	-1.5	-0.17	-9.28	-3.13
11:29:28.738296	0.17	-9.76	0.92	0.25	-9.55	-2.17	-0.4	-9.69	-1.44	-0.21	-9.26	-3.19
11:29:28.748447	0.18	-9.75	0.9400000000000001	0.19	-9.57	-2.12	-0.4	-9.69	-1.3800000000000001	-0.24	-9.25	-3.23
11:29:28.758609	0.19	-9.75	0.9500000000000001	0.14	-9.58	-2.05	-0.4	-9.700000000000001	-1.32	-0.24	-9.24	-3.2600000000000002
11:29:28.768718	0.19	-9.75	0.96	0.1	-9.6	-1.97	-0.39	-9.72	-1.21	-0.23	-9.23	-3.2800000000000002
11:29:28.778891	0.19	-9.75	0.96	0.06	-9.620000000000001	-1.8800000000000001	-0.39	-9.72	-1.21	-0.21	-9.23	-3.3000000000000003
11:29:28.788968	0.19	-9.75	0.97	0.03	-9.64	-1.79	-0.38	-9.73	-1.1500000000000001	-0.19	-9.21	-3.34
11:29:28.799585	0.18	-9.75	0.97	0.0	-9.65	-1.7	-0.37	-9.73	-1.1	-0.16	-9.18	-3.42
11:29:28.809692	0.18	-9.75	0.97	-0.03	-9.67	-1.61	-0.36	-9.74	-0.98	-0.14	-9.16	-3.49
11:29:28.820315	0.19	-9.75	0.97	-0.05	-9.68	-1.51	-0.36	-9.75	-0.93	-0.14	-9.13	-3.56
11:29:28.830391	0.19	-9.75	0.96	-0.08	-9.700000000000001	-1.42	-0.37	-9.76	-0.87	-0.14	-9.11	-3.61
11:29:28.840501	0.2	-9.75	0.96	-0.1	-9.71	-1.32	-0.37	-9.76	-0.81	-0.13	-9.1	-3.65
11:29:28.850697	0.21	-9.75	0.96	-0.12	-9.72	-1.23	-0.38	-9.76	-0.75	-0.11	-9.07	-3.71
11:29:28.861393	0.22	-9.75	0.9500000000000001	-0.15	-9.73	-1.1400000000000001	-0.39	-9.77	-0.68	-0.1	-9.06	-3.75
11:29:28.871478	0.23	-9.75	0.9500000000000001	-0.17	-9.74	-1.05	-0.4	-9.77	-0.62	-0.08	-9.040000000000001	-3.79
11:29:28.881606	0.24	-9.75	0.9400000000000001	-0.21	-9.75	-0.98	-0.41000000000000003	-9.78	-0.56	-0.06	-9.02	-3.84
11:29:28.891693	0.24	-9.75	0.93	-0.24	-9.76	-0.91	-0.41000000000000003	-9.78	-0.49	-0.05	-9.0	-3.89
11:29:28.901765	0.25	-9.75	0.93	-0.28	-9.76	-0.84	-0.42	-9.78	-0.43	-0.03	-8.97	-3.94
11:29:28.912392	0.25	-9.75	0.92	-0.33	-9.76	-0.77	-0.43	-9.790000000000001	-0.36	-0.02	-8.94	-4.01
11:29:28.922507	0.25	-9.76	0.91	-0.37	-9.77	-0.71	-0.43	-9.790000000000001	-0.29	-0.03	-8.92	-4.0600000000000005
11:29:28.932621	0.25	-9.76	0.91	-0.41000000000000003	-9.77	-0.65	-0.44	-9.790000000000001	-0.22	-0.03	-8.9	-4.1
11:29:28.943181	0.25	-9.76	0.91	-0.45	-9.77	-0.59	-0.45	-9.790000000000001	-0.15	-0.03	-8.870000000000001	-4.16
11:29:28.953259	0.25	-9.76	0.91	-0.49	-9.77	-0.53	-0.46	-9.790000000000001	-0.08	-0.03	-8.85	-4.22
11:29:28.963341	0.25	-9.75	0.92	-0.53	-9.78	-0.47000000000000003	-0.47000000000000003	-9.790000000000001	0.0	-0.02	-8.82	-4.28
11:29:28.973412	0.25	-9.75	0.92	-0.56	-9.78	-0.41000000000000003	-0.47000000000000003	-9.790000000000001	0.07	-0.01	-8.790000000000001	-4.32
11:29:28.983480	0.26	-9.75	0.93	-0.59	-9.78	-0.36	-0.47000000000000003	-9.790000000000001	0.15	0.0	-8.77	-4.38
11:29:28.993553	0.26	-9.75	0.9400000000000001	-0.62	-9.78	-0.3	-0.47000000000000003	-9.790000000000001	0.23	0.01	-8.73	-4.45
11:29:29.003895	0.25	-9.75	0.9500000000000001	-0.66	-9.78	-0.25	-0.47000000000000003	-9.790000000000001	0.31	0.02	-8.700000000000001	-4.51
11:29:29.014015	0.25	-9.75	0.96	-0.6900000000000001	-9.77	-0.19	-0.47000000000000003	-9.78	0.39	0.02	-8.68	-4.55
11:29:29.024142	0.23	-9.75	0.9400000000000001	-0.73	-9.77	-0.13	-0.47000000000000003	-9.78	0.48	0.02	-8.65	-4.6000000000000005
11:29:29.034764	0.22	-9.75	0.96	-0.78	-9.77	-0.08	-0.47000000000000003	-9.77	0.56	0.03	-8.620000000000001	-4.66
11:29:29.044842	0.21	-9.75	0.97	-0.8200000000000001	-9.77	-0.02	-0.47000000000000003	-9.77	0.64	0.03	-8.6	-4.71
11:29:29.055024	0.2	-9.75	0.99	-0.88	-9.76	0.02	-0.48	-9.76	0.73	0.04	-8.58	-4.74
11:29:29.065110	0.19	-9.75	1.0	-0.93	-9.76	0.06	-0.48	-9.76	0.81	0.04	-8.55	-4.79
11:29:29.075223	0.18	-9.75	1.01	-0.99	-9.75	0.1	-0.48	-9.75	0.9	0.05	-8.52	-4.84
11:29:29.085297	0.17	-9.75	1.02	-1.05	-9.74	0.14	-0.48	-9.74	0.99	0.06	-8.5	-4.88
11:29:29.095374	0.17	-9.75	1.03	-1.11	-9.74	0.18	-0.49	-9.73	1.08	0.05	-8.47	-4.93
11:29:29.105488	0.16	-9.74	1.04	-1.17	-9.73	0.23	-0.49	-9.72	1.17	0.06	-8.44	-4.98
11:29:29.115574	0.16	-9.74	1.04	-1.23	-9.72	0.27	-0.49	-9.71	1.27	-0.01	-8.39	-5.0600000000000005
11:29:29.125644	0.15	-9.74	1.05	-1.28	-9.71	0.33	-0.5	-9.69	1.36	-0.08	-8.35	-5.13
11:29:29.135713	0.15	-9.74	1.05	-1.33	-9.700000000000001	0.38	-0.51	-9.68	1.45	-0.09	-8.3	-5.21
11:29:29.145803	0.15	-9.74	1.06	-1.3800000000000001	-9.69	0.43	-0.52	-9.67	1.54	-0.11	-8.23	-5.3100000000000005
11:29:29.155882	0.14	-9.74	1.06	-1.43	-9.68	0.47000000000000003	-0.55	-9.65	1.6300000000000001	-0.11	-8.16	-5.42
11:29:29.165973	0.14	-9.74	1.07	-1.49	-9.67	0.52	-0.5700000000000001	-9.63	1.73	-0.12	-8.1	-5.5200000000000005
11:29:29.176039	0.13	-9.74	1.07	-1.56	-9.66	0.55	-0.6	-9.61	1.82	-0.15	-8.03	-5.61
11:29:29.186106	0.12	-9.74	1.08	-1.62	-9.65	0.58	-0.63	-9.59	1.92	-0.19	-7.95	-5.72
11:29:29.196192	0.12	-9.74	1.08	-1.69	-9.64	0.6	-0.67	-9.56	2.0300000000000002	-0.23	-7.87	-5.84
11:29:29.206265	0.11	-9.74	1.08	-1.75	-9.620000000000001	0.61	-0.71	-9.540000000000001	2.14	-0.3	-7.79	-5.94
11:29:29.216428	0.11	-9.74	1.08	-1.82	-9.61	0.62	-0.75	-9.51	2.2600000000000002	-0.36	-7.7	-6.05
11:29:29.226547	0.11	-9.74	1.08	-1.8800000000000001	-9.6	0.63	-0.79	-9.47	2.38	-0.41000000000000003	-7.6000000000000005	-6.18
11:29:29.236614	0.1	-9.74	1.07	-1.93	-9.59	0.64	-0.84	-9.44	2.5100000000000002	-0.46	-7.48	-6.3100000000000005
11:29:29.246690	0.09	-9.74	1.06	-1.97	-9.58	0.64	-0.89	-9.4	2.64	-0.53	-7.37	-6.43
11:29:29.256810	0.07	-9.74	1.05	-2.0100000000000002	-9.57	0.63	-0.93	-9.35	2.7800000000000002	-0.63	-7.26	-6.5600000000000005
11:29:29.267357	0.06	-9.75	1.03	-2.0300000000000002	-9.57	0.63	-0.97	-9.3	2.93	-0.7000000000000001	-7.12	-6.7
11:29:29.277483	0.05	-9.75	1.01	-2.05	-9.56	0.62	-1.0	-9.25	3.09	-0.76	-6.97	-6.8500000000000005
11:29:29.287689	0.05	-9.75	0.99	-2.0300000000000002	-9.57	0.5700000000000001	-1.04	-9.18	3.2600000000000002	-0.84	-6.82	-6.98
11:29:29.298295	0.07	-9.75	0.98	-2.0100000000000002	-9.58	0.52	-1.08	-9.120000000000001	3.42	-0.9400000000000001	-6.67	-7.12
11:29:29.308361	0.08	-9.75	0.97	-1.98	-9.59	0.46	-1.1300000000000001	-9.05	3.6	-1.04	-6.49	-7.2700000000000005
11:29:29.318498	0.08	-9.75	0.97	-1.96	-9.6	0.36	-1.18	-8.96	3.7800000000000002	-1.1400000000000001	-6.3	-7.42
11:29:29.328589	0.12	-9.75	0.96	-1.93	-9.61	0.24	-1.25	-8.88	3.96	-1.22	-6.12	-7.55
11:29:29.338660	0.12	-9.75	0.9500000000000001	-1.8900000000000001	-9.620000000000001	0.1	-1.35	-8.78	4.14	-1.26	-5.94	-7.69
11:29:29.348808	0.13	-9.75	0.9500000000000001	-1.85	-9.620000000000001	-0.05	-1.48	-8.67	4.32	-1.32	-5.7	-7.86
11:29:29.359431	0.13	-9.75	0.9500000000000001	-1.8	-9.63	-0.22	-1.6500000000000001	-8.56	4.48	-1.35	-5.44	-8.040000000000001
11:29:29.369671	0.13	-9.75	0.9500000000000001	-1.75	-9.63	-0.41000000000000003	-1.96	-8.35	4.75	-1.33	-5.13	-8.24
11:29:29.380125	0.14	-9.75	0.9400000000000001	-1.69	-9.63	-0.64	-2.05	-8.26	4.86	-1.37	-4.76	-8.46
11:29:29.390264	0.16	-9.76	0.93	-1.61	-9.63	-0.87	-2.09	-8.19	4.96	-1.46	-4.29	-8.69
11:29:29.400362	0.16	-9.76	0.93	-1.51	-9.620000000000001	-1.09	-2.09	-8.11	5.08	-1.53	-3.74	-8.93
11:29:29.410463	0.18	-9.76	0.92	-1.4000000000000001	-9.620000000000001	-1.27	-2.09	-8.03	5.22	-1.86	-3.24	-9.06
11:29:29.421032	0.19	-9.76	0.91	-1.29	-9.61	-1.42	-2.11	-7.94	5.34	-2.08	-3.12	-9.05
11:29:29.431356	0.2	-9.76	0.89	-1.2	-9.6	-1.54	-2.14	-7.87	5.43	-1.48	-3.34	-9.09
11:29:29.441427	0.2	-9.76	0.87	-1.1	-9.59	-1.67	-2.16	-7.83	5.49	-1.17	-3.52	-9.07
11:29:29.451556	0.21	-9.76	0.86	-1.0	-9.58	-1.8	-2.15	-7.8100000000000005	5.51	-1.24	-3.61	-9.02
11:29:29.462111	0.21	-9.76	0.85	-0.91	-9.56	-1.95	-2.13	-7.82	5.51	-1.26	-3.64	-9.01
11:29:29.472233	0.21	-9.76	0.84	-0.81	-9.540000000000001	-2.1	-2.07	-7.84	5.5	-1.0	-3.75	-9.0
11:29:29.482322	0.21	-9.76	0.8300000000000001	-0.73	-9.51	-2.25	-1.98	-7.88	5.47	-0.72	-4.01	-8.91
11:29:29.493026	0.21	-9.76	0.8300000000000001	-0.64	-9.48	-2.41	-1.87	-7.96	5.41	-0.58	-4.37	-8.75
11:29:29.503102	0.21	-9.76	0.8300000000000001	-0.55	-9.44	-2.56	-1.76	-8.05	5.3100000000000005	-0.53	-4.69	-8.59
11:29:29.513181	0.21	-9.76	0.8300000000000001	-0.47000000000000003	-9.41	-2.69	-1.6600000000000001	-8.15	5.18	-0.48	-4.94	-8.45
11:29:29.523290	0.21	-9.76	0.8300000000000001	-0.4	-9.38	-2.82	-1.59	-8.27	5.01	-0.44	-5.16	-8.32
11:29:29.533382	0.22	-9.76	0.8200000000000001	-0.32	-9.34	-2.94	-1.53	-8.4	4.82	-0.42	-5.44	-8.14
11:29:29.543486	0.23	-9.76	0.8300000000000001	-0.26	-9.31	-3.06	-1.46	-8.53	4.59	-0.41000000000000003	-5.7700000000000005	-7.91
11:29:29.553845	0.23	-9.76	0.8300000000000001	-0.21	-9.27	-3.19	-1.3800000000000001	-8.67	4.3500000000000005	-0.38	-6.09	-7.67
11:29:29.564067	0.24	-9.76	0.8300000000000001	-0.17	-9.22	-3.31	-1.3	-8.82	4.07	-0.33	-6.4	-7.42
11:29:29.574628	0.25	-9.76	0.84	-0.13	-9.19	-3.41	-1.23	-8.96	3.7600000000000002	-0.25	-6.69	-7.15
11:29:29.584891	0.26	-9.76	0.84	-0.1	-9.15	-3.5	-1.18	-9.11	3.42	-0.17	-6.97	-6.890000000000001
11:29:29.594957	0.26	-9.76	0.85	-0.06	-9.120000000000001	-3.58	-1.1400000000000001	-9.24	3.0500000000000003	-0.08	-7.23	-6.61
11:29:29.605030	0.27	-9.76	0.85	-0.01	-9.1	-3.64	-1.11	-9.370000000000001	2.66	0.0	-7.48	-6.33
11:29:29.615110	0.27	-9.76	0.86	0.03	-9.08	-3.69	-1.09	-9.47	2.2600000000000002	0.06	-7.72	-6.04
11:29:29.625180	0.27	-9.76	0.86	0.08	-9.06	-3.75	-1.06	-9.57	1.84	0.13	-7.95	-5.73
11:29:29.635255	0.28	-9.76	0.87	0.14	-9.040000000000001	-3.79	-1.03	-9.64	1.42	0.19	-8.17	-5.4
11:29:29.645324	0.28	-9.76	0.87	0.21	-9.02	-3.83	-0.97	-9.700000000000001	1.0	0.23	-8.38	-5.08
11:29:29.655416	0.29	-9.76	0.87	0.27	-9.01	-3.85	-0.92	-9.74	0.58	0.26	-8.57	-4.75
11:29:29.665491	0.29	-9.76	0.87	0.34	-9.0	-3.87	-0.86	-9.76	0.16	0.27	-8.75	-4.4
11:29:29.675560	0.3	-9.76	0.86	0.4	-8.99	-3.87	-0.8	-9.77	-0.24	0.25	-8.93	-4.03
11:29:29.685634	0.3	-9.76	0.86	0.46	-8.99	-3.87	-0.74	-9.75	-0.66	0.23	-9.08	-3.67
11:29:29.695700	0.31	-9.76	0.85	0.51	-8.99	-3.87	-0.68	-9.72	-1.06	0.19	-9.21	-3.34
11:29:29.705790	0.32	-9.76	0.8200000000000001	0.56	-8.99	-3.87	-0.63	-9.67	-1.45	0.15	-9.33	-3.0
11:29:29.715903	0.32	-9.76	0.8	0.6	-8.99	-3.86	-0.58	-9.61	-1.82	0.12	-9.43	-2.67
11:29:29.726008	0.32	-9.76	0.8	0.64	-8.99	-3.84	-0.54	-9.540000000000001	-2.17	0.08	-9.51	-2.36
11:29:29.736077	0.31	-9.77	0.77	0.67	-9.0	-3.8200000000000003	-0.5	-9.47	-2.49	0.05	-9.58	-2.08
11:29:29.746148	0.3	-9.77	0.75	0.6900000000000001	-9.01	-3.8000000000000003	-0.48	-9.39	-2.7800000000000002	0.04	-9.63	-1.81
11:29:29.756220	0.29	-9.77	0.73	0.71	-9.02	-3.77	-0.46	-9.31	-3.04	0.04	-9.68	-1.56
11:29:29.767412	0.27	-9.77	0.72	0.71	-9.02	-3.7600000000000002	-0.45	-9.23	-3.27	0.04	-9.71	-1.34
11:29:29.777570	0.26	-9.77	0.71	0.72	-9.03	-3.74	-0.44	-9.15	-3.48	0.04	-9.74	-1.1300000000000001
11:29:29.787728	0.24	-9.77	0.71	0.74	-9.03	-3.73	-0.44	-9.08	-3.65	0.04	-9.75	-0.96
11:29:29.798285	0.23	-9.77	0.7000000000000001	0.76	-9.03	-3.72	-0.44	-9.03	-3.79	0.04	-9.77	-0.81
11:29:29.808373	0.21	-9.77	0.7000000000000001	0.78	-9.040000000000001	-3.71	-0.45	-8.98	-3.9	0.04	-9.78	-0.7000000000000001
11:29:29.818626	0.2	-9.77	0.7000000000000001	0.81	-9.040000000000001	-3.7	-0.45	-8.950000000000001	-3.97	0.05	-9.78	-0.62
11:29:29.829368	0.18	-9.77	0.7000000000000001	0.85	-9.040000000000001	-3.68	-0.46	-8.93	-4.01	0.05	-9.78	-0.58
11:29:29.839466	0.17	-9.78	0.6900000000000001	0.87	-9.040000000000001	-3.67	-0.47000000000000003	-8.94	-3.99	0.05	-9.78	-0.5700000000000001
11:29:29.850129	0.15	-9.78	0.6900000000000001	0.89	-9.05	-3.66	-0.49	-8.96	-3.94	0.05	-9.78	-0.59
11:29:29.860217	0.14	-9.78	0.6900000000000001	0.9	-9.040000000000001	-3.67	-0.5	-8.99	-3.86	0.06	-9.78	-0.64
11:29:29.870448	0.12	-9.78	0.6900000000000001	0.9	-9.040000000000001	-3.68	-0.5	-9.03	-3.77	0.07	-9.78	-0.6900000000000001
11:29:29.880572	0.11	-9.78	0.6900000000000001	0.89	-9.03	-3.69	-0.51	-9.08	-3.66	0.12	-9.76	-0.91
11:29:29.890686	0.1	-9.78	0.6900000000000001	0.87	-9.03	-3.7	-0.52	-9.13	-3.5300000000000002	0.17	-9.74	-1.09
11:29:29.901256	0.09	-9.78	0.6900000000000001	0.86	-9.03	-3.7	-0.54	-9.18	-3.38	0.22	-9.71	-1.28
11:29:29.911368	0.09	-9.78	0.6900000000000001	0.84	-9.040000000000001	-3.69	-0.55	-9.24	-3.22	0.27	-9.69	-1.43
11:29:29.921865	0.09	-9.78	0.6900000000000001	0.8200000000000001	-9.06	-3.66	-0.54	-9.290000000000001	-3.08	0.28	-9.69	-1.41
11:29:29.932049	0.09	-9.78	0.6900000000000001	0.79	-9.08	-3.61	-0.52	-9.32	-2.99	0.35000000000000003	-9.71	-1.26
11:29:29.942125	0.09	-9.78	0.7000000000000001	0.76	-9.11	-3.54	-0.54	-9.34	-2.93	0.46	-9.700000000000001	-1.35
11:29:29.952209	0.09	-9.78	0.7000000000000001	0.73	-9.14	-3.47	-0.5700000000000001	-9.35	-2.86	0.47000000000000003	-9.66	-1.58
11:29:29.962313	0.09	-9.77	0.71	0.7000000000000001	-9.16	-3.41	-0.61	-9.38	-2.7600000000000002	0.34	-9.620000000000001	-1.86
11:29:29.972541	0.08	-9.77	0.73	0.67	-9.18	-3.37	-0.62	-9.42	-2.64	0.2	-9.57	-2.12
11:29:29.983045	0.07	-9.77	0.74	0.66	-9.19	-3.34	-0.62	-9.450000000000001	-2.5300000000000002	0.05	-9.5	-2.42
11:29:29.993119	0.07	-9.77	0.75	0.65	-9.200000000000001	-3.31	-0.61	-9.47	-2.43	-0.05	-9.43	-2.66
11:29:30.003222	0.07	-9.77	0.76	0.64	-9.21	-3.2800000000000002	-0.59	-9.5	-2.34	-0.16	-9.4	-2.7800000000000002
11:29:30.013295	0.07	-9.77	0.77	0.64	-9.23	-3.24	-0.58	-9.52	-2.24	-0.24	-9.39	-2.81
11:29:30.023531	0.07	-9.77	0.78	0.62	-9.25	-3.19	-0.58	-9.540000000000001	-2.15	-0.25	-9.4	-2.75
11:29:30.033632	0.06	-9.77	0.79	0.6	-9.27	-3.11	-0.59	-9.57	-2.05	-0.22	-9.43	-2.67
11:29:30.043726	0.06	-9.77	0.8	0.59	-9.3	-3.02	-0.59	-9.59	-1.95	-0.22	-9.42	-2.7
11:29:30.053815	0.06	-9.77	0.8200000000000001	0.58	-9.34	-2.92	-0.58	-9.6	-1.87	-0.2	-9.39	-2.8000000000000003
11:29:30.063927	0.06	-9.77	0.84	0.58	-9.38	-2.79	-0.55	-9.620000000000001	-1.8	-0.18	-9.35	-2.94
11:29:30.074679	0.06	-9.76	0.85	0.5700000000000001	-9.41	-2.67	-0.52	-9.63	-1.73	-0.21	-9.31	-3.0700000000000003
11:29:30.084767	0.09	-9.76	0.89	0.55	-9.450000000000001	-2.54	-0.5	-9.65	-1.6600000000000001	-0.24	-9.28	-3.15
11:29:30.094888	0.11	-9.76	0.91	0.52	-9.48	-2.44	-0.48	-9.66	-1.59	-0.24	-9.27	-3.17
11:29:30.105475	0.13	-9.76	0.93	0.46	-9.5	-2.35	-0.46	-9.67	-1.53	-0.23	-9.27	-3.17
11:29:30.115592	0.14	-9.75	0.9400000000000001	0.39	-9.52	-2.29	-0.45	-9.68	-1.47	-0.23	-9.27	-3.18
11:29:30.125806	0.15	-9.75	0.96	0.32	-9.53	-2.25	-0.44	-9.69	-1.4000000000000001	-0.24	-9.25	-3.23
11:29:30.135870	0.15	-9.75	0.98	0.25	-9.540000000000001	-2.22	-0.44	-9.700000000000001	-1.34	-0.25	-9.23	-3.29
11:29:30.145954	0.15	-9.75	0.99	0.19	-9.55	-2.18	-0.44	-9.71	-1.27	-0.27	-9.21	-3.35
11:29:30.156031	0.15	-9.75	1.0	0.15	-9.57	-2.11	-0.44	-9.72	-1.2	-0.29	-9.19	-3.39
11:29:30.166585	0.14	-9.75	1.0	0.11	-9.59	-2.02	-0.44	-9.72	-1.1400000000000001	-0.29	-9.19	-3.4
11:29:30.176686	0.13	-9.75	1.01	0.09	-9.61	-1.92	-0.43	-9.73	-1.08	-0.27	-9.18	-3.41
11:29:30.186758	0.12	-9.75	1.01	0.06	-9.63	-1.81	-0.43	-9.74	-1.03	-0.24	-9.16	-3.46
11:29:30.196845	0.12	-9.75	1.01	0.03	-9.65	-1.7	-0.43	-9.74	-0.97	-0.22	-9.14	-3.54
11:29:30.206919	0.11	-9.75	1.01	0.0	-9.67	-1.6	-0.42	-9.75	-0.91	-0.22	-9.11	-3.61
11:29:30.217013	0.12	-9.75	1.01	-0.01	-9.68	-1.5	-0.43	-9.75	-0.86	-0.22	-9.08	-3.67
11:29:30.227092	0.12	-9.75	1.01	-0.04	-9.700000000000001	-1.4000000000000001	-0.43	-9.76	-0.8	-0.22	-9.06	-3.72
11:29:30.237216	0.13	-9.75	1.01	-0.07	-9.71	-1.31	-0.44	-9.76	-0.74	-0.22	-9.05	-3.74
11:29:30.247337	0.14	-9.75	1.01	-0.1	-9.72	-1.21	-0.45	-9.77	-0.68	-0.22	-9.05	-3.77
11:29:30.257466	0.15	-9.75	1.0	-0.14	-9.73	-1.1300000000000001	-0.46	-9.77	-0.62	-0.2	-9.03	-3.8000000000000003
11:29:30.267563	0.16	-9.75	1.0	-0.22	-9.75	-0.98	-0.47000000000000003	-9.77	-0.56	-0.2	-9.03	-3.8000000000000003
11:29:30.277663	0.16	-9.75	1.0	-0.22	-9.75	-0.98	-0.48	-9.78	-0.5	-0.18	-9.0	-3.88
11:29:30.287778	0.17	-9.75	0.99	-0.3	-9.76	-0.87	-0.48	-9.78	-0.44	-0.18	-9.0	-3.88
11:29:30.297887	0.17	-9.75	0.98	-0.34	-9.76	-0.8	-0.49	-9.78	-0.38	-0.18	-9.0	-3.88
11:29:30.308060	0.18	-9.75	0.97	-0.38	-9.77	-0.74	-0.5	-9.78	-0.31	-0.18	-9.0	-3.88
11:29:30.318226	0.18	-9.75	0.97	-0.41000000000000003	-9.77	-0.67	-0.51	-9.790000000000001	-0.23	-0.18	-9.0	-3.88
11:29:30.329031	0.18	-9.75	0.96	-0.45	-9.77	-0.61	-0.52	-9.790000000000001	-0.16	-0.18	-9.0	-3.88
11:29:30.339166	0.18	-9.75	0.96	-0.45	-9.77	-0.61	-0.52	-9.790000000000001	-0.09	-0.09	-8.84	-4.23
11:29:30.349623	0.18	-9.75	0.96	-0.51	-9.78	-0.49	-0.53	-9.790000000000001	-0.02	-0.09	-8.84	-4.23
11:29:30.359726	0.18	-9.75	0.97	-0.54	-9.78	-0.44	-0.54	-9.790000000000001	0.12	-0.09	-8.84	-4.23
11:29:30.369901	0.18	-9.75	0.97	-0.58	-9.78	-0.39	-0.54	-9.78	0.2	-0.09	-8.84	-4.23
11:29:30.380086	0.18	-9.75	0.98	-0.61	-9.78	-0.35000000000000003	-0.54	-9.78	0.28	-0.09	-8.84	-4.23
11:29:30.390801	0.18	-9.75	0.99	-0.65	-9.77	-0.3	-0.54	-9.78	0.36	-0.08	-8.790000000000001	-4.34
11:29:30.400874	0.18	-9.75	1.0	-0.6900000000000001	-9.77	-0.26	-0.54	-9.78	0.36	-0.08	-8.68	-4.55
11:29:30.411062	0.17	-9.75	0.98	-0.73	-9.77	-0.22	-0.53	-9.77	0.52	-0.08	-8.65	-4.61
11:29:30.421781	0.17	-9.75	1.0	-0.77	-9.77	-0.18	-0.53	-9.77	0.61	-0.08	-8.65	-4.61
11:29:30.431942	0.17	-9.75	1.01	-0.8200000000000001	-9.77	-0.14	-0.54	-9.76	0.7000000000000001	-0.06	-8.61	-4.68
11:29:30.442014	0.17	-9.75	1.03	-0.87	-9.76	-0.1	-0.54	-9.75	0.79	-0.03	-8.53	-4.82
11:29:30.452467	0.17	-9.74	1.04	-0.92	-9.76	-0.06	-0.54	-9.75	0.89	-0.03	-8.53	-4.82
11:29:30.462956	0.16	-9.74	1.05	-0.97	-9.75	-0.02	-0.54	-9.74	0.99	-0.03	-8.53	-4.82
11:29:30.473298	0.16	-9.74	1.07	-1.02	-9.75	0.01	-0.55	-9.73	1.08	-0.03	-8.44	-4.97
11:29:30.483719	0.15	-9.74	1.08	-1.07	-9.74	0.05	-0.56	-9.71	1.17	-0.03	-8.44	-4.97
11:29:30.493836	0.14	-9.74	1.09	-1.1300000000000001	-9.74	0.09	-0.56	-9.700000000000001	1.27	-0.16	-8.36	-5.11
11:29:30.504503	0.13	-9.74	1.1	-1.19	-9.73	0.13	-0.5700000000000001	-9.69	1.36	-0.16	-8.36	-5.11
11:29:30.514681	0.1	-9.74	1.12	-1.25	-9.72	0.18	-0.58	-9.68	1.44	-0.2	-8.26	-5.26
11:29:30.525374	0.09	-9.74	1.1300000000000001	-1.3	-9.71	0.22	-0.6	-9.66	1.52	-0.21	-8.2	-5.3500000000000005
11:29:30.535847	0.09	-9.74	1.1300000000000001	-1.36	-9.700000000000001	0.26	-0.62	-9.65	1.61	-0.21	-8.14	-5.45
11:29:30.545921	0.05	-9.73	1.1500000000000001	-1.43	-9.69	0.3	-0.65	-9.63	1.7	-0.21	-8.14	-5.45
11:29:30.556024	0.04	-9.73	1.16	-1.49	-9.68	0.34	-0.68	-9.61	1.8	-0.21	-8.14	-5.45
11:29:30.566323	0.02	-9.73	1.16	-1.55	-9.67	0.36	-0.71	-9.59	1.8900000000000001	-0.3	-7.94	-5.74
11:29:30.576390	0.01	-9.73	1.17	-1.61	-9.66	0.38	-0.75	-9.56	2.0	-0.3	-7.94	-5.74
11:29:30.586472	0.01	-9.73	1.18	-1.68	-9.65	0.4	-0.78	-9.540000000000001	2.11	-0.3	-7.94	-5.74
11:29:30.596539	0.0	-9.73	1.18	-1.74	-9.64	0.41000000000000003	-0.8200000000000001	-9.51	2.23	-0.3	-7.94	-5.74
11:29:30.606610	0.0	-9.73	1.19	-1.8	-9.63	0.42	-0.86	-9.48	2.35	-0.3	-7.94	-5.74
11:29:30.616743	0.0	-9.73	1.19	-1.86	-9.61	0.42	-0.9	-9.44	2.47	-0.3	-7.94	-5.74
11:29:30.626819	0.0	-9.73	1.2	-1.9100000000000001	-9.6	0.43	-0.9500000000000001	-9.4	2.6	-0.3	-7.94	-5.74
11:29:30.636897	0.0	-9.73	1.2	-1.96	-9.59	0.43	-1.0	-9.36	2.73	-0.6	-7.37	-6.43
11:29:30.647003	-0.01	-9.73	1.2	-2.0	-9.59	0.43	-1.05	-9.31	2.87	-0.65	-7.25	-6.5600000000000005
11:29:30.657079	-0.03	-9.73	1.19	-2.0300000000000002	-9.58	0.42	-1.09	-9.26	3.0100000000000002	-0.65	-7.25	-6.5600000000000005
11:29:30.667195	-0.05	-9.73	1.17	-2.04	-9.58	0.41000000000000003	-1.1300000000000001	-9.200000000000001	3.17	-0.65	-7.25	-6.5600000000000005
11:29:30.677268	-0.07	-9.73	1.1500000000000001	-2.05	-9.58	0.39	-1.17	-9.14	3.33	-0.65	-7.25	-6.5600000000000005
11:29:30.687343	-0.09	-9.73	1.1300000000000001	-2.05	-9.58	0.35000000000000003	-1.22	-9.07	3.49	-0.65	-7.25	-6.5600000000000005
11:29:30.697413	-0.09	-9.74	1.12	-2.0300000000000002	-9.58	0.3	-1.27	-9.0	3.66	-0.65	-7.25	-6.5600000000000005
11:29:30.707482	-0.07	-9.74	1.11	-2.0100000000000002	-9.59	0.23	-1.34	-8.92	3.83	-0.65	-7.25	-6.5600000000000005
11:29:30.717607	-0.07	-9.74	1.11	-1.99	-9.6	0.14	-1.43	-8.83	4.0	-1.24	-6.18	-7.5
11:29:30.727711	-0.03	-9.74	1.1	-1.96	-9.6	0.03	-1.55	-8.73	4.17	-1.35	-5.8	-7.78
11:29:30.738364	-0.02	-9.74	1.1	-1.92	-9.61	-0.1	-1.71	-8.620000000000001	4.33	-1.3900000000000001	-5.5600000000000005	-7.95
11:29:30.748429	-0.01	-9.74	1.1	-1.8900000000000001	-9.61	-0.26	-1.8800000000000001	-8.51	4.47	-1.37	-5.2700000000000005	-8.14
11:29:30.758529	-0.01	-9.74	1.09	-1.79	-9.61	-0.64	-2.04	-8.41	4.6000000000000005	-1.36	-4.94	-8.35
11:29:30.768639	-0.01	-9.74	1.09	-1.73	-9.61	-0.86	-2.14	-8.32	4.71	-1.42	-4.51	-8.58
11:29:30.778712	0.0	-9.74	1.08	-1.6500000000000001	-9.6	-1.1	-2.2	-8.24	4.82	-1.5	-3.96	-8.83
11:29:30.788795	0.0	-9.74	1.07	-1.54	-9.59	-1.32	-2.22	-8.17	4.94	-1.7	-3.41	-9.03
11:29:30.799304	0.01	-9.74	1.06	-1.44	-9.58	-1.49	-2.23	-8.09	5.07	-2.17	-2.97	-9.08
11:29:30.809430	0.02	-9.75	1.04	-1.33	-9.57	-1.6400000000000001	-2.25	-8.0	5.19	-2.43	-2.87	-9.05
11:29:30.819569	0.02	-9.75	1.03	-1.23	-9.56	-1.76	-2.2800000000000002	-7.92	5.3	-2.02	-3.0100000000000002	-9.11
11:29:30.830343	0.02	-9.75	1.01	-1.1300000000000001	-9.55	-1.8800000000000001	-2.31	-7.86	5.38	-1.45	-3.18	-9.15
11:29:30.840482	0.01	-9.75	1.0	-1.03	-9.540000000000001	-2.0	-2.32	-7.82	5.43	-1.25	-3.36	-9.120000000000001
11:29:30.850547	0.01	-9.75	0.99	-0.93	-9.52	-2.14	-2.27	-7.82	5.45	-1.3	-3.48	-9.07
11:29:30.860653	0.0	-9.75	0.99	-0.84	-9.49	-2.2800000000000002	-2.2	-7.8500000000000005	5.44	-1.0	-3.62	-9.05
11:29:30.870745	0.0	-9.75	0.99	-0.75	-9.47	-2.42	-2.11	-7.9	5.4	-0.74	-3.91	-8.950000000000001
11:29:30.881349	0.0	-9.75	0.99	-0.67	-9.43	-2.57	-2.0	-7.98	5.33	-0.62	-4.28	-8.790000000000001
11:29:30.891480	0.0	-9.75	0.99	-0.58	-9.4	-2.71	-1.9000000000000001	-8.07	5.23	-0.5700000000000001	-4.61	-8.63
11:29:30.901549	0.0	-9.75	0.99	-0.51	-9.36	-2.85	-1.81	-8.17	5.09	-0.52	-4.8500000000000005	-8.5
11:29:30.912035	0.01	-9.75	1.0	-0.43	-9.33	-2.98	-1.75	-8.290000000000001	4.92	-0.47000000000000003	-5.07	-8.370000000000001
11:29:30.922131	0.02	-9.75	1.0	-0.37	-9.290000000000001	-3.09	-1.69	-8.42	4.71	-0.46	-5.34	-8.2
11:29:30.932201	0.03	-9.75	1.01	-0.31	-9.26	-3.21	-1.6300000000000001	-8.56	4.49	-0.45	-5.66	-7.98
11:29:30.942313	0.04	-9.75	1.01	-0.26	-9.22	-3.3200000000000003	-1.55	-8.700000000000001	4.24	-0.43	-6.0	-7.74
11:29:30.952419	0.05	-9.75	1.02	-0.23	-9.18	-3.44	-1.47	-8.84	3.96	-0.35000000000000003	-6.33	-7.47
11:29:30.962526	0.05	-9.75	1.02	-0.2	-9.14	-3.54	-1.41	-8.98	3.65	-0.26	-6.640000000000001	-7.2
11:29:30.972602	0.05	-9.75	1.03	-0.18	-9.1	-3.63	-1.35	-9.120000000000001	3.31	-0.16	-6.93	-6.93
11:29:30.982674	0.06	-9.75	1.04	-0.15	-9.07	-3.7	-1.31	-9.26	2.93	-0.05	-7.2	-6.65
11:29:30.992901	0.06	-9.75	1.04	-0.12	-9.05	-3.77	-1.28	-9.38	2.54	-0.05	-7.2	-6.65
11:29:31.003014	0.06	-9.74	1.05	-0.08	-9.03	-3.81	-1.25	-9.48	2.13	0.13	-7.69	-6.07
11:29:31.013621	0.06	-9.74	1.05	-0.03	-9.01	-3.85	-1.22	-9.57	1.71	0.2	-7.92	-5.76
11:29:31.023687	0.07	-9.74	1.05	0.01	-9.0	-3.89	-1.18	-9.64	1.28	0.26	-8.14	-5.45
11:29:31.033855	0.07	-9.74	1.05	0.07	-8.98	-3.91	-1.1300000000000001	-9.700000000000001	0.86	0.29	-8.35	-5.12
11:29:31.044204	0.08	-9.75	1.04	0.13	-8.97	-3.94	-1.07	-9.73	0.45	0.3	-8.540000000000001	-4.79
11:29:31.054301	0.09	-9.75	1.04	0.2	-8.96	-3.95	-1.0	-9.75	0.03	0.29	-8.72	-4.47
11:29:31.064469	0.1	-9.75	1.02	0.27	-8.96	-3.97	-0.9400000000000001	-9.75	-0.36	0.27	-8.88	-4.14
11:29:31.074559	0.1	-9.75	1.01	0.33	-8.950000000000001	-3.97	-0.88	-9.73	-0.75	0.27	-8.88	-4.14
11:29:31.084764	0.11	-9.75	1.0	0.38	-8.950000000000001	-3.98	-0.8200000000000001	-9.700000000000001	-1.1300000000000001	0.23	-9.17	-3.44
11:29:31.094904	0.1	-9.75	0.96	0.43	-8.950000000000001	-3.98	-0.77	-9.66	-1.49	0.21	-9.290000000000001	-3.11
11:29:31.105437	0.09	-9.75	0.9500000000000001	0.47000000000000003	-8.950000000000001	-3.97	-0.72	-9.6	-1.84	0.19	-9.4	-2.7800000000000002
11:29:31.115512	0.07	-9.76	0.93	0.51	-8.950000000000001	-3.96	-0.6900000000000001	-9.53	-2.18	0.18	-9.48	-2.46
11:29:31.125584	0.06	-9.76	0.91	0.54	-8.96	-3.94	-0.66	-9.46	-2.49	0.18	-9.56	-2.17
11:29:31.135653	0.04	-9.76	0.9	0.56	-8.96	-3.92	-0.64	-9.38	-2.7800000000000002	0.17	-9.620000000000001	-1.8900000000000001
11:29:31.145735	0.02	-9.76	0.89	0.58	-8.97	-3.89	-0.62	-9.290000000000001	-3.0500000000000003	0.17	-9.66	-1.62
11:29:31.155804	0.0	-9.76	0.88	0.6	-8.99	-3.87	-0.61	-9.21	-3.3000000000000003	0.17	-9.700000000000001	-1.3800000000000001
11:29:31.165874	-0.01	-9.76	0.87	0.6	-9.0	-3.84	-0.6	-9.13	-3.5100000000000002	0.17	-9.73	-1.1500000000000001
11:29:31.175943	-0.02	-9.76	0.87	0.61	-9.0	-3.8200000000000003	-0.6	-9.06	-3.7	0.16	-9.75	-0.9500000000000001
11:29:31.186015	-0.04	-9.76	0.86	0.63	-9.01	-3.8000000000000003	-0.6	-8.99	-3.85	0.15	-9.77	-0.78
11:29:31.196098	-0.05	-9.76	0.86	0.64	-9.02	-3.77	-0.6	-8.94	-3.97	0.14	-9.78	-0.65
11:29:31.206211	-0.07	-9.76	0.85	0.66	-9.03	-3.75	-0.6	-8.9	-4.0600000000000005	0.13	-9.790000000000001	-0.55
11:29:31.216278	-0.08	-9.76	0.85	0.6900000000000001	-9.040000000000001	-3.73	-0.6	-8.870000000000001	-4.11	0.13	-9.790000000000001	-0.55
11:29:31.226440	-0.09	-9.76	0.85	0.71	-9.040000000000001	-3.71	-0.6	-8.86	-4.13	0.12	-9.790000000000001	-0.46
11:29:31.236530	-0.1	-9.76	0.84	0.74	-9.05	-3.7	-0.6	-8.870000000000001	-4.12	0.11	-9.790000000000001	-0.46
11:29:31.246610	-0.11	-9.76	0.84	0.75	-9.05	-3.69	-0.61	-8.89	-4.09	0.1	-9.790000000000001	-0.5
11:29:31.256681	-0.12	-9.76	0.84	0.76	-9.040000000000001	-3.7	-0.61	-8.92	-4.0200000000000005	0.1	-9.78	-0.56
11:29:31.266755	-0.12	-9.76	0.84	0.75	-9.040000000000001	-3.71	-0.62	-8.96	-3.93	0.11	-9.78	-0.63
11:29:31.276829	-0.11	-9.76	0.84	0.75	-9.040000000000001	-3.72	-0.62	-9.0	-3.8200000000000003	0.15	-9.77	-0.75
11:29:31.286909	-0.09	-9.76	0.84	0.73	-9.03	-3.73	-0.63	-9.06	-3.69	0.21	-9.75	-0.93
11:29:31.297029	-0.08	-9.76	0.84	0.72	-9.03	-3.73	-0.65	-9.11	-3.54	0.28	-9.73	-1.1400000000000001
11:29:31.307102	-0.07	-9.76	0.85	0.7000000000000001	-9.040000000000001	-3.73	-0.66	-9.17	-3.38	0.32	-9.71	-1.3
11:29:31.317170	-0.05	-9.76	0.85	0.6900000000000001	-9.05	-3.7	-0.65	-9.23	-3.24	0.33	-9.700000000000001	-1.33
11:29:31.327266	-0.05	-9.76	0.86	0.67	-9.07	-3.66	-0.63	-9.26	-3.15	0.36	-9.73	-1.1400000000000001
11:29:31.337481	-0.05	-9.76	0.87	0.64	-9.09	-3.6	-0.65	-9.27	-3.1	0.47000000000000003	-9.72	-1.1300000000000001
11:29:31.347935	-0.07	-9.76	0.89	0.61	-9.120000000000001	-3.5300000000000002	-0.6900000000000001	-9.290000000000001	-3.04	0.51	-9.69	-1.35
11:29:31.358001	-0.08	-9.76	0.9	0.59	-9.15	-3.46	-0.73	-9.32	-2.94	0.41000000000000003	-9.66	-1.62
11:29:31.368103	-0.09	-9.76	0.92	0.5700000000000001	-9.17	-3.4	-0.75	-9.35	-2.83	0.27	-9.61	-1.8800000000000001
11:29:31.378175	-0.09	-9.76	0.93	0.55	-9.200000000000001	-3.33	-0.75	-9.39	-2.71	0.12	-9.55	-2.19
11:29:31.388298	-0.09	-9.76	0.9500000000000001	0.54	-9.21	-3.31	-0.73	-9.42	-2.62	0.01	-9.49	-2.46
11:29:31.398391	-0.09	-9.75	0.96	0.54	-9.22	-3.2800000000000002	-0.7000000000000001	-9.44	-2.5300000000000002	-0.08	-9.450000000000001	-2.59
11:29:31.408997	-0.1	-9.75	0.97	0.53	-9.24	-3.23	-0.68	-9.47	-2.44	-0.16	-9.43	-2.66
11:29:31.419064	-0.1	-9.75	0.99	0.52	-9.26	-3.17	-0.67	-9.49	-2.36	-0.18	-9.44	-2.64
11:29:31.429189	-0.1	-9.75	1.0	0.51	-9.28	-3.1	-0.67	-9.51	-2.2600000000000002	-0.19	-9.46	-2.56
11:29:31.439805	-0.1	-9.75	1.02	0.5	-9.32	-3.0	-0.67	-9.53	-2.17	-0.19	-9.46	-2.56
11:29:31.449931	-0.09	-9.74	1.05	0.51	-9.35	-2.89	-0.66	-9.55	-2.09	-0.19	-9.42	-2.7
11:29:31.460043	-0.07	-9.74	1.07	0.51	-9.39	-2.77	-0.63	-9.57	-2.0100000000000002	-0.19	-9.42	-2.7
11:29:31.470155	-0.05	-9.74	1.09	0.5	-9.42	-2.65	-0.61	-9.59	-1.94	-0.24	-9.3	-3.09
11:29:31.480280	-0.03	-9.74	1.11	0.48	-9.450000000000001	-2.54	-0.58	-9.6	-1.87	-0.25	-9.290000000000001	-3.12
11:29:31.490958	-0.01	-9.74	1.1300000000000001	0.43	-9.48	-2.44	-0.56	-9.620000000000001	-1.81	-0.25	-9.290000000000001	-3.1
11:29:31.501062	0.0	-9.73	1.1500000000000001	0.36	-9.5	-2.37	-0.52	-9.64	-1.68	-0.24	-9.3	-3.08
11:29:31.511174	0.0	-9.73	1.17	0.3	-9.52	-2.31	-0.52	-9.65	-1.62	-0.25	-9.290000000000001	-3.11
11:29:31.521268	0.01	-9.73	1.19	0.23	-9.53	-2.2600000000000002	-0.51	-9.66	-1.55	-0.27	-9.26	-3.19
11:29:31.531859	0.01	-9.73	1.2	0.17	-9.540000000000001	-2.23	-0.51	-9.67	-1.49	-0.3	-9.24	-3.2600000000000002
11:29:31.541996	0.01	-9.73	1.22	0.12	-9.55	-2.18	-0.51	-9.68	-1.42	-0.34	-9.22	-3.31
11:29:31.552110	0.01	-9.72	1.23	0.08	-9.57	-2.1	-0.5	-9.69	-1.36	-0.35000000000000003	-9.21	-3.3200000000000003
11:29:31.562761	0.0	-9.72	1.23	0.05	-9.59	-2.0100000000000002	-0.49	-9.700000000000001	-1.3	-0.32	-9.21	-3.33
11:29:31.572827	0.0	-9.72	1.23	0.02	-9.61	-1.9100000000000001	-0.48	-9.71	-1.24	-0.3	-9.200000000000001	-3.36
11:29:31.582896	-0.01	-9.72	1.24	0.0	-9.63	-1.82	-0.47000000000000003	-9.72	-1.18	-0.28	-9.18	-3.41
11:29:31.593001	-0.01	-9.72	1.24	-0.02	-9.65	-1.72	-0.47000000000000003	-9.73	-1.12	-0.26	-9.16	-3.48
11:29:31.603123	-0.01	-9.72	1.23	-0.04	-9.66	-1.6400000000000001	-0.46	-9.73	-1.06	-0.25	-9.13	-3.5500000000000003
11:29:31.613240	-0.01	-9.72	1.23	-0.06	-9.68	-1.55	-0.46	-9.74	-0.99	-0.26	-9.1	-3.62
11:29:31.623406	-0.01	-9.72	1.23	-0.08	-9.69	-1.47	-0.46	-9.75	-0.93	-0.27	-9.09	-3.66
11:29:31.633495	0.0	-9.72	1.22	-0.09	-9.700000000000001	-1.3900000000000001	-0.47000000000000003	-9.75	-0.86	-0.26	-9.07	-3.7
11:29:31.644120	0.0	-9.73	1.21	-0.11	-9.71	-1.31	-0.48	-9.76	-0.79	-0.26	-9.06	-3.73
11:29:31.654260	0.0	-9.73	1.21	-0.13	-9.72	-1.24	-0.49	-9.76	-0.72	-0.25	-9.040000000000001	-3.7800000000000002
11:29:31.664331	0.01	-9.73	1.2	-0.16	-9.73	-1.18	-0.5	-9.77	-0.65	-0.24	-9.01	-3.85
11:29:31.674398	0.01	-9.73	1.19	-0.19	-9.74	-1.11	-0.51	-9.77	-0.58	-0.23	-8.98	-3.91
11:29:31.684486	0.01	-9.73	1.18	-0.21	-9.74	-1.05	-0.52	-9.77	-0.51	-0.22	-8.950000000000001	-3.98
11:29:31.694574	0.01	-9.73	1.17	-0.25	-9.75	-0.99	-0.52	-9.78	-0.44	-0.21	-8.93	-4.03
11:29:31.704656	0.0	-9.73	1.16	-0.28	-9.75	-0.93	-0.53	-9.78	-0.37	-0.19	-8.91	-4.08
11:29:31.714725	0.0	-9.73	1.1500000000000001	-0.33	-9.76	-0.86	-0.54	-9.78	-0.3	-0.17	-8.89	-4.13
11:29:31.724799	0.0	-9.73	1.1400000000000001	-0.37	-9.76	-0.79	-0.56	-9.78	-0.23	-0.17	-8.86	-4.18
11:29:31.734878	0.0	-9.74	1.1300000000000001	-0.41000000000000003	-9.77	-0.73	-0.5700000000000001	-9.78	-0.16	-0.17	-8.84	-4.23
11:29:31.744949	0.0	-9.74	1.1300000000000001	-0.45	-9.77	-0.67	-0.58	-9.78	-0.09	-0.18	-8.81	-4.29
11:29:31.755035	0.0	-9.74	1.1300000000000001	-0.48	-9.77	-0.62	-0.58	-9.78	-0.01	-0.19	-8.78	-4.3500000000000005
11:29:31.765118	0.01	-9.74	1.1300000000000001	-0.52	-9.77	-0.5700000000000001	-0.59	-9.78	0.06	-0.18	-8.75	-4.41
11:29:31.775191	0.01	-9.74	1.1300000000000001	-0.55	-9.77	-0.52	-0.59	-9.78	0.14	-0.18	-8.73	-4.45
11:29:31.785264	0.02	-9.74	1.1400000000000001	-0.58	-9.77	-0.48	-0.59	-9.78	0.22	-0.18	-8.700000000000001	-4.51
11:29:31.795334	0.02	-9.73	1.1400000000000001	-0.62	-9.77	-0.43	-0.58	-9.78	0.31	-0.18	-8.66	-4.58
11:29:31.805409	0.03	-9.73	1.1500000000000001	-0.65	-9.77	-0.39	-0.58	-9.78	0.4	-0.16	-8.620000000000001	-4.65
11:29:31.815507	0.02	-9.73	1.16	-0.6900000000000001	-9.77	-0.34	-0.58	-9.77	0.48	-0.16	-8.6	-4.69
11:29:31.825580	0.02	-9.73	1.16	-0.73	-9.77	-0.3	-0.58	-9.77	0.5700000000000001	-0.16	-8.57	-4.74
11:29:31.835673	0.01	-9.73	1.17	-0.77	-9.77	-0.25	-0.58	-9.76	0.66	-0.15	-8.540000000000001	-4.8
11:29:31.845745	0.01	-9.73	1.17	-0.8200000000000001	-9.76	-0.21	-0.59	-9.75	0.76	-0.15	-8.51	-4.8500000000000005
11:29:31.856509	0.0	-9.73	1.17	-0.87	-9.76	-0.17	-0.59	-9.75	0.85	-0.15	-8.5	-4.88
11:29:31.866576	0.0	-9.73	1.17	-0.92	-9.76	-0.13	-0.59	-9.74	0.9400000000000001	-0.14	-8.47	-4.93
11:29:31.876670	0.0	-9.73	1.16	-0.97	-9.75	-0.08	-0.6	-9.73	1.03	-0.13	-8.43	-4.99
11:29:31.886790	-0.01	-9.73	1.16	-1.02	-9.75	-0.04	-0.61	-9.72	1.12	-0.12	-8.4	-5.04
11:29:31.896900	-0.02	-9.73	1.16	-1.08	-9.74	0.0	-0.62	-9.71	1.2	-0.13	-8.370000000000001	-5.09
11:29:31.907062	-0.02	-9.73	1.1500000000000001	-1.1300000000000001	-9.74	0.04	-0.62	-9.700000000000001	1.29	-0.21	-8.33	-5.16
11:29:31.917133	-0.03	-9.73	1.1500000000000001	-1.19	-9.73	0.09	-0.63	-9.68	1.37	-0.26	-8.28	-5.24
11:29:31.927243	-0.04	-9.73	1.1500000000000001	-1.25	-9.72	0.14	-0.65	-9.67	1.45	-0.27	-8.22	-5.32
11:29:31.937764	-0.05	-9.73	1.1500000000000001	-1.31	-9.71	0.18	-0.68	-9.66	1.52	-0.28	-8.17	-5.4
11:29:31.947863	-0.06	-9.73	1.1500000000000001	-1.37	-9.700000000000001	0.23	-0.7000000000000001	-9.64	1.6	-0.3	-8.11	-5.5
11:29:31.957999	-0.07	-9.73	1.1400000000000001	-1.43	-9.69	0.27	-0.73	-9.63	1.69	-0.31	-8.040000000000001	-5.59
11:29:31.968069	-0.07	-9.73	1.1400000000000001	-1.5	-9.68	0.3	-0.76	-9.61	1.78	-0.34	-7.98	-5.68
11:29:31.978696	-0.07	-9.73	1.1300000000000001	-1.57	-9.67	0.33	-0.79	-9.59	1.86	-0.38	-7.91	-5.7700000000000005
11:29:31.988927	-0.07	-9.74	1.1300000000000001	-1.6300000000000001	-9.66	0.35000000000000003	-0.8300000000000001	-9.57	1.96	-0.42	-7.83	-5.87
11:29:31.999014	-0.07	-9.74	1.12	-1.77	-9.63	0.38	-0.86	-9.540000000000001	2.07	-0.46	-7.75	-5.98
11:29:32.009155	-0.08	-9.74	1.12	-1.83	-9.620000000000001	0.4	-0.9	-9.51	2.17	-0.52	-7.67	-6.08
11:29:32.019823	-0.08	-9.74	1.12	-1.8800000000000001	-9.61	0.41000000000000003	-0.9400000000000001	-9.48	2.2800000000000002	-0.5700000000000001	-7.58	-6.19
11:29:32.029946	-0.09	-9.74	1.11	-1.93	-9.6	0.42	-0.98	-9.450000000000001	2.4	-0.62	-7.47	-6.3100000000000005
11:29:32.040060	-0.1	-9.74	1.11	-1.98	-9.59	0.43	-1.03	-9.41	2.5300000000000002	-0.73	-7.26	-6.54
11:29:32.050187	-0.11	-9.74	1.1	-2.0300000000000002	-9.58	0.43	-1.08	-9.370000000000001	2.65	-0.76	-7.140000000000001	-6.67
11:29:32.060305	-0.14	-9.74	1.09	-2.06	-9.57	0.43	-1.1300000000000001	-9.33	2.7800000000000002	-0.8300000000000001	-7.01	-6.8
11:29:32.070952	-0.17	-9.74	1.07	-2.09	-9.56	0.42	-1.19	-9.28	2.93	-0.93	-6.87	-6.92
11:29:32.081025	-0.2	-9.74	1.04	-2.11	-9.56	0.4	-1.24	-9.22	3.08	-0.99	-6.74	-7.05
11:29:32.091132	-0.22	-9.75	1.02	-2.12	-9.56	0.37	-1.28	-9.16	3.24	-1.03	-6.58	-7.19
11:29:32.101218	-0.23	-9.75	0.99	-2.11	-9.57	0.33	-1.3800000000000001	-9.01	3.59	-1.1400000000000001	-6.4	-7.33
11:29:32.111399	-0.23	-9.75	0.96	-2.09	-9.57	0.26	-1.43	-8.93	3.7800000000000002	-1.27	-6.22	-7.47
11:29:32.122086	-0.21	-9.75	0.9500000000000001	-2.06	-9.58	0.16	-1.51	-8.83	3.96	-1.34	-6.04	-7.6000000000000005
11:29:32.132180	-0.19	-9.75	0.93	-2.02	-9.59	0.05	-1.62	-8.73	4.15	-1.36	-5.8500000000000005	-7.74
11:29:32.142299	-0.17	-9.76	0.92	-1.97	-9.6	-0.07	-1.77	-8.61	4.32	-1.4000000000000001	-5.61	-7.91
11:29:32.152890	-0.16	-9.76	0.91	-1.92	-9.61	-0.23	-1.92	-8.5	4.49	-1.44	-5.34	-8.09
11:29:32.163002	-0.16	-9.76	0.9	-1.87	-9.61	-0.4	-2.04	-8.38	4.64	-1.5	-5.01	-8.290000000000001
11:29:32.173132	-0.15	-9.76	0.89	-1.8	-9.620000000000001	-0.59	-2.12	-8.28	4.79	-1.62	-4.6000000000000005	-8.5
11:29:32.183256	-0.14	-9.76	0.88	-1.74	-9.61	-0.81	-2.15	-8.19	4.93	-1.76	-4.1	-8.72
11:29:32.193492	-0.13	-9.76	0.86	-1.6500000000000001	-9.6	-1.05	-2.16	-8.1	5.08	-1.86	-3.58	-8.93
11:29:32.203932	-0.12	-9.76	0.84	-1.54	-9.59	-1.29	-2.17	-8.01	5.22	-2.18	-3.17	-9.01
11:29:32.214013	-0.11	-9.77	0.8200000000000001	-1.42	-9.58	-1.5	-2.18	-7.92	5.3500000000000005	-2.6	-2.96	-8.97
11:29:32.224122	-0.11	-9.77	0.8	-1.29	-9.57	-1.67	-2.19	-7.84	5.46	-2.49	-3.0100000000000002	-8.99
11:29:32.234195	-0.11	-9.77	0.78	-1.16	-9.56	-1.8	-2.21	-7.76	5.55	-2.0300000000000002	-3.12	-9.06
11:29:32.244269	-0.12	-9.77	0.76	-1.04	-9.56	-1.9100000000000001	-2.21	-7.72	5.61	-1.74	-3.25	-9.08
11:29:32.254343	-0.13	-9.77	0.75	-0.93	-9.55	-2.02	-2.2	-7.71	5.64	-1.73	-3.31	-9.06
11:29:32.264424	-0.13	-9.77	0.74	-0.8200000000000001	-9.53	-2.14	-2.18	-7.71	5.63	-1.68	-3.34	-9.06
11:29:32.274860	-0.14	-9.77	0.75	-0.72	-9.51	-2.2600000000000002	-2.14	-7.74	5.61	-1.44	-3.47	-9.05
11:29:32.284927	-0.14	-9.77	0.75	-0.63	-9.48	-2.41	-2.07	-7.79	5.57	-1.2	-3.74	-8.98
11:29:32.295003	-0.13	-9.77	0.75	-0.54	-9.450000000000001	-2.56	-2.0	-7.86	5.49	-1.03	-4.09	-8.85
11:29:32.305080	-0.12	-9.77	0.75	-0.45	-9.41	-2.71	-1.93	-7.96	5.38	-0.92	-4.42	-8.700000000000001
11:29:32.315163	-0.11	-9.77	0.76	-0.37	-9.36	-2.87	-1.86	-8.07	5.24	-0.84	-4.68	-8.57
11:29:32.325235	-0.09	-9.77	0.76	-0.29	-9.32	-3.0100000000000002	-1.81	-8.19	5.07	-0.76	-4.9	-8.45
11:29:32.335315	-0.08	-9.77	0.77	-0.23	-9.28	-3.15	-1.75	-8.32	4.86	-0.71	-5.22	-8.26
11:29:32.345399	-0.06	-9.77	0.78	-0.18	-9.24	-3.27	-1.68	-8.47	4.64	-0.65	-5.5600000000000005	-8.040000000000001
11:29:32.355465	-0.05	-9.77	0.79	-0.13	-9.19	-3.39	-1.61	-8.61	4.39	-0.54	-5.91	-7.8
11:29:32.365544	-0.04	-9.77	0.8	-0.09	-9.15	-3.5100000000000002	-1.54	-8.76	4.1	-0.41000000000000003	-6.23	-7.55
11:29:32.375614	-0.03	-9.77	0.81	-0.06	-9.11	-3.62	-1.48	-8.92	3.79	-0.29	-6.53	-7.3
11:29:32.385690	-0.03	-9.77	0.8300000000000001	-0.03	-9.07	-3.72	-1.43	-9.06	3.44	-0.17	-6.8100000000000005	-7.04
11:29:32.395775	-0.02	-9.77	0.84	-0.01	-9.03	-3.8000000000000003	-1.3900000000000001	-9.200000000000001	3.0700000000000003	-0.07	-7.08	-6.78
11:29:32.405847	-0.01	-9.76	0.85	0.0	-9.01	-3.86	-1.37	-9.33	2.68	0.02	-7.33	-6.5
11:29:32.415930	0.0	-9.76	0.86	0.02	-8.98	-3.92	-1.35	-9.44	2.27	0.11	-7.58	-6.21
11:29:32.426032	0.0	-9.76	0.87	0.05	-8.96	-3.96	-1.33	-9.53	1.85	0.18	-7.83	-5.89
11:29:32.436103	0.01	-9.76	0.88	0.09	-8.94	-4.01	-1.29	-9.61	1.43	0.22	-8.06	-5.57
11:29:32.446172	0.01	-9.76	0.89	0.13	-8.92	-4.05	-1.24	-9.67	1.02	0.25	-8.28	-5.24
11:29:32.456246	0.02	-9.76	0.89	0.18	-8.9	-4.09	-1.19	-9.71	0.61	0.25	-8.48	-4.91
11:29:32.466362	0.02	-9.76	0.89	0.24	-8.88	-4.13	-1.19	-9.71	0.61	0.24	-8.65	-4.61
11:29:32.476432	0.03	-9.76	0.88	0.3	-8.870000000000001	-4.15	-1.08	-9.74	-0.19	0.22	-8.81	-4.29
11:29:32.486554	0.03	-9.76	0.87	0.37	-8.86	-4.17	-1.03	-9.73	-0.58	0.2	-8.96	-3.96
11:29:32.496647	0.02	-9.76	0.86	0.43	-8.86	-4.17	-0.99	-9.700000000000001	-0.96	0.18	-9.1	-3.63
11:29:32.506720	0.02	-9.76	0.85	0.49	-8.86	-4.17	-0.9500000000000001	-9.66	-1.33	0.17	-9.22	-3.3200000000000003
11:29:32.517529	0.01	-9.76	0.84	0.55	-8.86	-4.16	-0.9	-9.61	-1.68	0.15	-9.32	-3.02
11:29:32.528165	0.01	-9.77	0.8300000000000001	0.59	-8.86	-4.15	-0.87	-9.55	-2.02	0.15	-9.41	-2.73
11:29:32.538282	0.0	-9.77	0.8300000000000001	0.63	-8.86	-4.13	-0.8300000000000001	-9.48	-2.34	0.15	-9.48	-2.47
11:29:32.548397	0.0	-9.77	0.8200000000000001	0.66	-8.870000000000001	-4.11	-0.8	-9.4	-2.64	0.14	-9.540000000000001	-2.23
11:29:32.558540	-0.01	-9.77	0.8200000000000001	0.68	-8.88	-4.08	-0.78	-9.33	-2.91	0.13	-9.6	-1.99
11:29:32.568707	-0.03	-9.77	0.81	0.7000000000000001	-8.89	-4.0600000000000005	-0.78	-9.33	-2.91	0.13	-9.64	-1.77
11:29:32.578827	-0.04	-9.77	0.81	0.7000000000000001	-8.9	-4.04	-0.77	-9.17	-3.37	0.12	-9.67	-1.57
11:29:32.589379	-0.06	-9.77	0.81	0.6900000000000001	-8.91	-4.0200000000000005	-0.76	-9.1	-3.56	0.11	-9.700000000000001	-1.4000000000000001
11:29:32.599475	-0.08	-9.77	0.81	0.6900000000000001	-8.93	-3.99	-0.76	-9.03	-3.72	0.12	-9.72	-1.25
11:29:32.609604	-0.1	-9.77	0.81	0.7000000000000001	-8.94	-3.96	-0.76	-8.98	-3.86	0.12	-9.74	-1.12
11:29:32.620227	-0.12	-9.77	0.81	0.72	-8.950000000000001	-3.93	-0.77	-8.93	-3.96	0.13	-9.75	-1.02
11:29:32.630352	-0.12	-9.77	0.81	0.74	-8.96	-3.9	-0.77	-8.93	-3.96	0.13	-9.76	-0.91
11:29:32.640459	-0.16	-9.77	0.81	0.76	-8.97	-3.86	-0.79	-8.89	-4.05	0.13	-9.76	-0.9
11:29:32.650564	-0.18	-9.77	0.81	0.78	-8.98	-3.84	-0.79	-8.89	-4.05	0.13	-9.76	-0.91
11:29:32.660639	-0.2	-9.77	0.81	0.79	-8.98	-3.84	-0.8	-8.88	-4.07	0.13	-9.75	-0.9500000000000001
11:29:32.671289	-0.21	-9.77	0.81	0.79	-8.98	-3.84	-0.81	-8.89	-4.03	0.14	-9.75	-1.0
11:29:32.681494	-0.21	-9.77	0.81	0.79	-8.98	-3.84	-0.8200000000000001	-8.94	-3.92	0.14	-9.74	-1.08
11:29:32.691625	-0.21	-9.77	0.81	0.78	-8.99	-3.83	-0.8200000000000001	-8.94	-3.92	0.15	-9.73	-1.16
11:29:32.702164	-0.21	-9.77	0.81	0.77	-8.99	-3.8200000000000003	-0.81	-9.03	-3.72	0.17	-9.71	-1.33
11:29:32.712254	-0.21	-9.77	0.81	0.76	-9.0	-3.8000000000000003	-0.81	-9.08	-3.59	0.2	-9.68	-1.52
11:29:32.722372	-0.2	-9.77	0.8200000000000001	0.74	-9.01	-3.7800000000000002	-0.8	-9.14	-3.45	0.22	-9.66	-1.67
11:29:32.732876	-0.19	-9.77	0.8200000000000001	0.72	-9.02	-3.75	-0.8	-9.19	-3.3000000000000003	0.22	-9.65	-1.71
11:29:32.743074	-0.18	-9.77	0.8200000000000001	0.7000000000000001	-9.040000000000001	-3.71	-0.77	-9.24	-3.18	0.23	-9.68	-1.49
11:29:32.753167	-0.17	-9.77	0.8200000000000001	0.67	-9.07	-3.64	-0.73	-9.26	-3.12	0.36	-9.69	-1.44
11:29:32.763242	-0.17	-9.76	0.8300000000000001	0.64	-9.11	-3.5500000000000003	-0.72	-9.27	-3.1	0.44	-9.65	-1.68
11:29:32.773325	-0.18	-9.76	0.84	0.61	-9.14	-3.47	-0.73	-9.28	-3.06	0.36	-9.59	-1.97
11:29:32.783440	-0.2	-9.76	0.85	0.58	-9.17	-3.41	-0.75	-9.31	-2.97	0.21	-9.53	-2.27
11:29:32.794033	-0.21	-9.76	0.87	0.56	-9.19	-3.35	-0.76	-9.34	-2.86	0.08	-9.450000000000001	-2.59
11:29:32.804142	-0.22	-9.76	0.88	0.56	-9.21	-3.3000000000000003	-0.76	-9.370000000000001	-2.7600000000000002	-0.02	-9.370000000000001	-2.86
11:29:32.814228	-0.23	-9.76	0.9	0.56	-9.22	-3.2800000000000002	-0.74	-9.4	-2.66	-0.13	-9.34	-2.98
11:29:32.824311	-0.22	-9.76	0.91	0.5700000000000001	-9.23	-3.24	-0.73	-9.43	-2.58	-0.25	-9.31	-3.06
11:29:32.834382	-0.22	-9.76	0.92	0.5700000000000001	-9.25	-3.18	-0.72	-9.450000000000001	-2.49	-0.3	-9.31	-3.0500000000000003
11:29:32.844451	-0.22	-9.75	0.93	0.56	-9.28	-3.11	-0.72	-9.47	-2.4	-0.29	-9.34	-2.95
11:29:32.854555	-0.22	-9.75	0.9500000000000001	0.54	-9.3	-3.04	-0.74	-9.5	-2.31	-0.28	-9.35	-2.91
11:29:32.864624	-0.22	-9.75	0.96	0.52	-9.33	-2.95	-0.74	-9.52	-2.22	-0.29	-9.33	-2.99
11:29:32.874703	-0.21	-9.75	0.98	0.51	-9.36	-2.86	-0.73	-9.540000000000001	-2.14	-0.29	-9.290000000000001	-3.11
11:29:32.884774	-0.2	-9.75	1.0	0.49	-9.39	-2.75	-0.6900000000000001	-9.56	-2.07	-0.31	-9.25	-3.22
11:29:32.894847	-0.19	-9.75	1.02	0.47000000000000003	-9.43	-2.63	-0.65	-9.57	-2.0100000000000002	-0.34	-9.200000000000001	-3.35
11:29:32.904955	-0.16	-9.74	1.04	0.43	-9.46	-2.52	-0.62	-9.58	-1.95	-0.36	-9.18	-3.41
11:29:32.915071	-0.14	-9.74	1.06	0.38	-9.49	-2.42	-0.59	-9.6	-1.8800000000000001	-0.36	-9.18	-3.41
11:29:32.925187	-0.12	-9.74	1.08	0.31	-9.51	-2.34	-0.5700000000000001	-9.61	-1.82	-0.36	-9.19	-3.4
11:29:32.935250	-0.1	-9.74	1.1	0.24	-9.53	-2.2800000000000002	-0.56	-9.620000000000001	-1.77	-0.35000000000000003	-9.18	-3.42
11:29:32.945381	-0.09	-9.74	1.11	0.18	-9.540000000000001	-2.22	-0.55	-9.63	-1.71	-0.37	-9.15	-3.48
11:29:32.955486	-0.08	-9.74	1.1300000000000001	0.12	-9.55	-2.18	-0.54	-9.65	-1.6500000000000001	-0.39	-9.13	-3.5300000000000002
11:29:32.965559	-0.07	-9.73	1.1400000000000001	0.06	-9.57	-2.13	-0.54	-9.66	-1.59	-0.42	-9.120000000000001	-3.56
11:29:32.975639	-0.07	-9.73	1.1500000000000001	0.02	-9.58	-2.06	-0.53	-9.67	-1.53	-0.44	-9.11	-3.58
11:29:32.985705	-0.07	-9.73	1.16	-0.01	-9.6	-1.97	-0.53	-9.68	-1.47	-0.44	-9.11	-3.59
11:29:32.995778	-0.07	-9.73	1.16	-0.04	-9.620000000000001	-1.8800000000000001	-0.52	-9.68	-1.41	-0.42	-9.1	-3.61
11:29:33.005852	-0.08	-9.73	1.16	-0.07	-9.64	-1.78	-0.51	-9.69	-1.36	-0.39	-9.08	-3.66
11:29:33.015924	-0.08	-9.73	1.17	-0.1	-9.65	-1.69	-0.5	-9.700000000000001	-1.3	-0.37	-9.05	-3.73
11:29:33.026371	-0.09	-9.73	1.17	-0.12	-9.67	-1.59	-0.49	-9.71	-1.25	-0.36	-9.02	-3.81
11:29:33.036441	-0.08	-9.73	1.16	-0.14	-9.68	-1.5	-0.49	-9.72	-1.19	-0.36	-9.0	-3.87
11:29:33.046934	-0.08	-9.73	1.16	-0.16	-9.700000000000001	-1.41	-0.48	-9.72	-1.1300000000000001	-0.35000000000000003	-8.98	-3.91
11:29:33.057111	-0.07	-9.73	1.16	-0.18	-9.71	-1.33	-0.49	-9.73	-1.07	-0.34	-8.96	-3.95
11:29:33.067230	-0.06	-9.73	1.1500000000000001	-0.21	-9.72	-1.26	-0.49	-9.74	-1.01	-0.34	-8.94	-3.99
11:29:33.077945	-0.05	-9.73	1.1500000000000001	-0.23	-9.73	-1.19	-0.5	-9.74	-0.9400000000000001	-0.32	-8.93	-4.03
11:29:33.088584	-0.04	-9.73	1.1400000000000001	-0.27	-9.73	-1.12	-0.51	-9.75	-0.87	-0.3	-8.9	-4.09
11:29:33.098797	-0.03	-9.74	1.1	-0.3	-9.74	-1.07	-0.52	-9.75	-0.8	-0.29	-8.870000000000001	-4.15
11:29:33.108868	-0.03	-9.75	1.05	-0.33	-9.74	-1.02	-0.47000000000000003	-9.76	-0.73	-0.24	-8.870000000000001	-4.16
11:29:33.119124	-0.03	-9.75	1.04	-0.36	-9.75	-0.96	-0.42	-9.77	-0.66	-0.18	-8.86	-4.19
11:29:33.129673	-0.03	-9.75	1.03	-0.43	-9.75	-0.85	-0.43	-9.77	-0.59	-0.16	-8.83	-4.25
11:29:33.139791	-0.03	-9.75	1.03	-0.47000000000000003	-9.76	-0.79	-0.44	-9.78	-0.51	-0.15	-8.8	-4.3100000000000005
11:29:33.149865	-0.03	-9.75	1.02	-0.5	-9.76	-0.72	-0.46	-9.78	-0.44	-0.14	-8.78	-4.36
11:29:33.160005	-0.04	-9.75	1.02	-0.53	-9.76	-0.66	-0.47000000000000003	-9.78	-0.36	-0.13	-8.74	-4.42
11:29:33.170212	-0.04	-9.75	1.02	-0.56	-9.77	-0.6	-0.48	-9.790000000000001	-0.29	-0.11	-8.71	-4.48
11:29:33.180314	-0.04	-9.75	1.02	-0.59	-9.77	-0.54	-0.48	-9.790000000000001	-0.21	-0.09	-8.66	-4.59
11:29:33.190402	-0.04	-9.75	1.02	-0.63	-9.77	-0.48	-0.49	-9.790000000000001	-0.13	-0.1	-8.63	-4.64
11:29:33.200495	-0.04	-9.75	1.03	-0.66	-9.77	-0.43	-0.5	-9.790000000000001	-0.06	-0.1	-8.59	-4.71
11:29:33.211081	-0.04	-9.75	1.03	-0.71	-9.77	-0.38	-0.5	-9.790000000000001	0.01	-0.1	-8.56	-4.78
11:29:33.221207	-0.03	-9.75	1.04	-0.75	-9.77	-0.34	-0.51	-9.790000000000001	0.16	-0.09	-8.53	-4.82
11:29:33.231343	-0.03	-9.74	1.05	-0.8	-9.76	-0.29	-0.51	-9.78	0.24	-0.09	-8.5	-4.87
11:29:33.241438	-0.03	-9.74	1.06	-0.85	-9.76	-0.25	-0.51	-9.78	0.32	-0.07	-8.47	-4.93
11:29:33.252055	-0.03	-9.74	1.08	-0.89	-9.76	-0.2	-0.51	-9.78	0.41000000000000003	-0.05	-8.43	-4.99
11:29:33.262177	-0.03	-9.74	1.09	-0.9400000000000001	-9.75	-0.16	-0.51	-9.78	0.5	-0.05	-8.41	-5.03
11:29:33.272276	-0.03	-9.74	1.1	-0.99	-9.75	-0.11	-0.51	-9.77	0.59	-0.05	-8.39	-5.07
11:29:33.282352	-0.03	-9.74	1.11	-1.04	-9.75	-0.06	-0.52	-9.76	0.68	-0.04	-8.35	-5.13
11:29:33.292421	-0.03	-9.74	1.12	-1.09	-9.74	-0.01	-0.52	-9.76	0.77	-0.04	-8.32	-5.18
11:29:33.302507	-0.04	-9.74	1.1300000000000001	-1.1400000000000001	-9.73	0.03	-0.52	-9.75	0.87	-0.04	-8.290000000000001	-5.22
11:29:33.312607	-0.04	-9.73	1.1400000000000001	-1.19	-9.73	0.07	-0.53	-9.74	0.96	-0.09	-8.26	-5.2700000000000005
11:29:33.322716	-0.05	-9.73	1.1500000000000001	-1.25	-9.72	0.12	-0.53	-9.73	1.05	-0.16	-8.21	-5.3500000000000005
11:29:33.332845	-0.06	-9.73	1.16	-1.3	-9.71	0.17	-0.54	-9.72	1.1400000000000001	-0.18	-8.16	-5.43
11:29:33.342912	-0.07	-9.73	1.17	-1.36	-9.700000000000001	0.21	-0.55	-9.71	1.23	-0.2	-8.11	-5.5
11:29:33.353002	-0.08	-9.73	1.18	-1.42	-9.69	0.25	-0.5700000000000001	-9.700000000000001	1.32	-0.21	-8.040000000000001	-5.59
11:29:33.363385	-0.1	-9.73	1.18	-1.48	-9.68	0.29	-0.59	-9.68	1.41	-0.21	-7.98	-5.69
11:29:33.374108	-0.11	-9.73	1.19	-1.54	-9.67	0.32	-0.61	-9.67	1.5	-0.24	-7.92	-5.7700000000000005
11:29:33.384746	-0.12	-9.73	1.2	-1.59	-9.66	0.35000000000000003	-0.63	-9.65	1.6	-0.29	-7.8500000000000005	-5.86
11:29:33.394851	-0.14	-9.72	1.21	-1.6500000000000001	-9.65	0.38	-0.66	-9.63	1.7	-0.32	-7.7700000000000005	-5.96
11:29:33.404953	-0.14	-9.72	1.22	-1.71	-9.64	0.41000000000000003	-0.6900000000000001	-9.61	1.8	-0.37	-7.69	-6.0600000000000005
11:29:33.415627	-0.14	-9.72	1.22	-1.78	-9.63	0.43	-0.72	-9.58	1.9100000000000001	-0.43	-7.61	-6.16
11:29:33.425699	-0.15	-9.72	1.22	-1.84	-9.620000000000001	0.45	-0.75	-9.56	2.02	-0.48	-7.5200000000000005	-6.2700000000000005
11:29:33.435784	-0.15	-9.72	1.23	-1.8900000000000001	-9.61	0.46	-0.79	-9.53	2.14	-0.53	-7.41	-6.38
11:29:33.445879	-0.15	-9.72	1.23	-1.94	-9.59	0.48	-0.8300000000000001	-9.5	2.2600000000000002	-0.58	-7.3100000000000005	-6.5
11:29:33.455946	-0.16	-9.72	1.23	-1.99	-9.58	0.49	-0.87	-9.47	2.39	-0.63	-7.2	-6.61
11:29:33.466066	-0.17	-9.72	1.22	-2.0300000000000002	-9.57	0.49	-0.92	-9.43	2.5100000000000002	-0.7000000000000001	-7.09	-6.73
11:29:33.476139	-0.19	-9.72	1.21	-2.07	-9.57	0.49	-0.97	-9.39	2.65	-0.8	-6.96	-6.86
11:29:33.486254	-0.21	-9.73	1.19	-2.09	-9.56	0.49	-1.01	-9.34	2.79	-0.86	-6.8100000000000005	-6.99
11:29:33.496323	-0.23	-9.73	1.17	-2.1	-9.56	0.48	-1.05	-9.290000000000001	2.95	-0.9	-6.68	-7.11
11:29:33.506425	-0.24	-9.73	1.16	-2.09	-9.56	0.45	-1.1	-9.23	3.11	-0.98	-6.53	-7.24
11:29:33.516503	-0.24	-9.73	1.1500000000000001	-2.08	-9.57	0.41000000000000003	-1.1400000000000001	-9.16	3.2800000000000002	-1.1	-6.34	-7.390000000000001
11:29:33.526576	-0.22	-9.73	1.1400000000000001	-2.06	-9.58	0.35000000000000003	-1.19	-9.09	3.45	-1.19	-6.16	-7.53
11:29:33.536660	-0.21	-9.73	1.1400000000000001	-2.0300000000000002	-9.58	0.27	-1.24	-9.02	3.63	-1.27	-5.98	-7.66
11:29:33.546747	-0.19	-9.73	1.1300000000000001	-2.0	-9.59	0.17	-1.31	-8.93	3.81	-1.32	-5.79	-7.79
11:29:33.556834	-0.19	-9.73	1.1300000000000001	-1.96	-9.6	0.04	-1.41	-8.84	3.99	-1.37	-5.57	-7.94
11:29:33.566919	-0.18	-9.73	1.1300000000000001	-1.93	-9.61	-0.1	-1.54	-8.73	4.17	-1.41	-5.3100000000000005	-8.11
11:29:33.577043	-0.18	-9.73	1.1300000000000001	-1.8800000000000001	-9.61	-0.27	-1.71	-8.620000000000001	4.33	-1.3900000000000001	-5.0200000000000005	-8.3
11:29:33.587122	-0.18	-9.73	1.12	-1.83	-9.620000000000001	-0.46	-1.87	-8.51	4.48	-1.41	-4.67	-8.5
11:29:33.597760	-0.17	-9.74	1.12	-1.77	-9.620000000000001	-0.67	-1.98	-8.41	4.62	-1.52	-4.21	-8.72
11:29:33.607876	-0.16	-9.74	1.11	-1.71	-9.61	-0.9	-2.05	-8.32	4.76	-1.6300000000000001	-3.7	-8.93
11:29:33.617966	-0.14	-9.74	1.1	-1.62	-9.6	-1.1500000000000001	-2.09	-8.23	4.9	-1.81	-3.17	-9.09
11:29:33.628109	-0.13	-9.74	1.08	-1.52	-9.58	-1.3800000000000001	-2.12	-8.14	5.0200000000000005	-2.21	-2.74	-9.15
11:29:33.638777	-0.12	-9.74	1.07	-1.42	-9.57	-1.57	-2.14	-8.06	5.15	-2.47	-2.56	-9.13
11:29:33.648880	-0.11	-9.74	1.05	-1.21	-9.540000000000001	-1.87	-2.16	-7.97	5.2700000000000005	-2.14	-2.66	-9.19
11:29:33.659029	-0.11	-9.75	1.03	-1.11	-9.53	-1.99	-2.19	-7.890000000000001	5.38	-1.6600000000000001	-2.85	-9.23
11:29:33.669557	-0.1	-9.75	1.01	-1.01	-9.51	-2.12	-2.2	-7.83	5.46	-1.47	-3.04	-9.200000000000001
11:29:33.679626	-0.1	-9.75	1.0	-0.92	-9.49	-2.25	-2.2	-7.8	5.5	-1.49	-3.12	-9.17
11:29:33.689753	-0.1	-9.75	0.99	-0.8300000000000001	-9.47	-2.4	-2.18	-7.8	5.5200000000000005	-1.42	-3.16	-9.17
11:29:33.699852	-0.11	-9.75	0.99	-0.74	-9.43	-2.5500000000000003	-2.13	-7.82	5.51	-1.21	-3.27	-9.16
11:29:33.709979	-0.11	-9.75	0.98	-0.65	-9.4	-2.7	-2.04	-7.8500000000000005	5.49	-0.98	-3.5300000000000002	-9.09
11:29:33.720088	-0.1	-9.75	0.98	-0.56	-9.36	-2.84	-1.83	-7.99	5.36	-0.84	-3.91	-8.950000000000001
11:29:33.730223	-0.1	-9.75	0.98	-0.48	-9.32	-2.98	-1.73	-8.09	5.25	-0.77	-4.26	-8.790000000000001
11:29:33.740344	-0.09	-9.75	0.98	-0.4	-9.290000000000001	-3.1	-1.6600000000000001	-8.2	5.1000000000000005	-0.72	-4.5	-8.67
11:29:33.750458	-0.08	-9.75	0.98	-0.33	-9.25	-3.22	-1.6	-8.33	4.91	-0.67	-4.73	-8.55
11:29:33.760640	-0.07	-9.75	0.99	-0.27	-9.21	-3.33	-1.54	-8.46	4.7	-0.64	-5.03	-8.39
11:29:33.771214	-0.06	-9.75	0.99	-0.22	-9.17	-3.45	-1.47	-8.6	4.46	-0.5700000000000001	-5.71	-7.94
11:29:33.781775	-0.05	-9.75	0.99	-0.18	-9.13	-3.5700000000000003	-1.4000000000000001	-8.74	4.19	-0.49	-6.04	-7.7
11:29:33.791895	-0.04	-9.75	1.0	-0.15	-9.09	-3.67	-1.34	-8.89	3.9	-0.38	-6.3500000000000005	-7.45
11:29:33.802087	-0.03	-9.75	1.01	-0.12	-9.05	-3.75	-1.29	-9.040000000000001	3.5700000000000003	-0.28	-6.65	-7.19
11:29:33.812749	-0.03	-9.75	1.01	-0.08	-9.02	-3.83	-1.25	-9.18	3.21	-0.17	-6.93	-6.92
11:29:33.822862	-0.02	-9.75	1.02	-0.04	-9.0	-3.88	-1.21	-9.31	2.82	-0.07	-7.19	-6.66
11:29:33.832965	-0.02	-9.75	1.02	0.0	-8.98	-3.93	-1.18	-9.42	2.41	0.01	-7.44	-6.38
11:29:33.843541	-0.02	-9.75	1.02	0.04	-8.96	-3.98	-1.1500000000000001	-9.53	2.0	0.09	-7.69	-6.08
11:29:33.853711	-0.01	-9.75	1.03	0.09	-8.94	-4.0200000000000005	-1.11	-9.61	1.57	0.15	-7.930000000000001	-5.76
11:29:33.863783	0.0	-9.75	1.03	0.14	-8.92	-4.0600000000000005	-1.07	-9.67	1.1500000000000001	0.18	-8.14	-5.45
11:29:33.873856	0.0	-9.75	1.02	0.2	-8.9	-4.09	-1.01	-9.72	0.73	0.2	-8.34	-5.13
11:29:33.883930	0.01	-9.75	1.02	0.26	-8.89	-4.11	-0.96	-9.75	0.31	0.21	-8.540000000000001	-4.8100000000000005
11:29:33.894041	0.02	-9.75	1.01	0.32	-8.88	-4.13	-0.9	-9.76	-0.08	0.2	-8.72	-4.47
11:29:33.904129	0.03	-9.75	0.99	0.38	-8.88	-4.13	-0.84	-9.75	-0.48	0.19	-8.88	-4.13
11:29:33.914195	0.04	-9.75	0.98	0.43	-8.88	-4.12	-0.79	-9.73	-0.87	0.19	-9.03	-3.8000000000000003
11:29:33.924269	0.05	-9.76	0.9400000000000001	0.47000000000000003	-8.88	-4.12	-0.75	-9.69	-1.24	0.18	-9.17	-3.46
11:29:33.934352	0.04	-9.76	0.93	0.51	-8.88	-4.11	-0.7000000000000001	-9.64	-1.6	0.18	-9.28	-3.14
11:29:33.944436	0.04	-9.76	0.91	0.54	-8.88	-4.1	-0.67	-9.58	-1.95	0.19	-9.38	-2.83
11:29:33.955095	0.02	-9.76	0.89	0.5700000000000001	-8.89	-4.08	-0.64	-9.51	-2.2800000000000002	0.2	-9.46	-2.54
11:29:33.965169	0.01	-9.76	0.87	0.59	-8.9	-4.05	-0.61	-9.43	-2.6	0.21	-9.540000000000001	-2.25
11:29:33.975285	0.0	-9.76	0.86	0.61	-8.92	-4.0200000000000005	-0.59	-9.35	-2.89	0.22	-9.6	-1.98
11:29:33.985374	-0.02	-9.76	0.85	0.62	-8.93	-3.98	-0.58	-9.26	-3.15	0.22	-9.64	-1.73
11:29:33.995444	-0.04	-9.77	0.8300000000000001	0.63	-8.950000000000001	-3.95	-0.5700000000000001	-9.18	-3.39	0.22	-9.68	-1.51
11:29:34.005515	-0.06	-9.77	0.8200000000000001	0.63	-8.96	-3.92	-0.5700000000000001	-9.1	-3.6	0.22	-9.71	-1.3
11:29:34.015589	-0.08	-9.77	0.81	0.65	-8.97	-3.89	-0.5700000000000001	-9.02	-3.7800000000000002	0.21	-9.73	-1.1300000000000001
11:29:34.025656	-0.1	-9.77	0.8	0.66	-8.98	-3.86	-0.56	-8.96	-3.93	0.19	-9.75	-0.99
11:29:34.035729	-0.12	-9.77	0.79	0.67	-9.0	-3.8200000000000003	-0.56	-8.9	-4.05	0.18	-9.76	-0.89
11:29:34.045812	-0.14	-9.77	0.79	0.6900000000000001	-9.01	-3.79	-0.55	-8.86	-4.14	0.17	-9.76	-0.8300000000000001
11:29:34.055913	-0.16	-9.77	0.78	0.7000000000000001	-9.02	-3.77	-0.55	-8.84	-4.19	0.16	-9.77	-0.79
11:29:34.066033	-0.17	-9.77	0.77	0.72	-9.03	-3.75	-0.55	-8.83	-4.21	0.15	-9.77	-0.78
11:29:34.076135	-0.18	-9.77	0.76	0.73	-9.03	-3.73	-0.56	-8.84	-4.2	0.15	-9.77	-0.8
11:29:34.086208	-0.18	-9.77	0.75	0.73	-9.03	-3.73	-0.56	-8.86	-4.15	0.16	-9.76	-0.86
11:29:34.096287	-0.18	-9.77	0.75	0.73	-9.03	-3.73	-0.5700000000000001	-8.89	-4.08	0.18	-9.75	-0.9500000000000001
11:29:34.106351	-0.17	-9.77	0.74	0.72	-9.03	-3.74	-0.5700000000000001	-8.94	-3.98	0.21	-9.74	-1.06
11:29:34.116428	-0.15	-9.77	0.74	0.71	-9.03	-3.74	-0.58	-8.99	-3.86	0.24	-9.72	-1.22
11:29:34.126496	-0.12	-9.77	0.73	0.6900000000000001	-9.03	-3.74	-0.6	-9.05	-3.72	0.28	-9.69	-1.41
11:29:34.136565	-0.1	-9.77	0.73	0.67	-9.03	-3.74	-0.62	-9.11	-3.56	0.3	-9.67	-1.54
11:29:34.146686	-0.08	-9.77	0.73	0.65	-9.040000000000001	-3.72	-0.62	-9.17	-3.41	0.29	-9.68	-1.48
11:29:34.156784	-0.07	-9.77	0.73	0.63	-9.06	-3.68	-0.6	-9.21	-3.3000000000000003	0.38	-9.700000000000001	-1.34
11:29:34.166955	-0.07	-9.77	0.74	0.61	-9.08	-3.63	-0.61	-9.23	-3.24	0.49	-9.68	-1.44
11:29:34.177030	-0.08	-9.77	0.75	0.59	-9.11	-3.5700000000000003	-0.65	-9.25	-3.18	0.47000000000000003	-9.64	-1.69
11:29:34.187115	-0.09	-9.77	0.76	0.5700000000000001	-9.13	-3.5100000000000002	-0.68	-9.28	-3.09	0.35000000000000003	-9.59	-1.97
11:29:34.197230	-0.09	-9.77	0.77	0.56	-9.15	-3.46	-0.7000000000000001	-9.31	-2.97	0.22	-9.53	-2.2600000000000002
11:29:34.207379	-0.1	-9.77	0.78	0.56	-9.17	-3.41	-0.7000000000000001	-9.35	-2.86	0.09	-9.46	-2.56
11:29:34.217912	-0.1	-9.77	0.79	0.55	-9.19	-3.37	-0.68	-9.38	-2.7600000000000002	0.0	-9.4	-2.7600000000000002
11:29:34.227985	-0.09	-9.77	0.79	0.54	-9.200000000000001	-3.33	-0.66	-9.41	-2.67	-0.09	-9.370000000000001	-2.86
11:29:34.238093	-0.09	-9.77	0.8	0.53	-9.21	-3.3000000000000003	-0.64	-9.43	-2.59	-0.15	-9.35	-2.92
11:29:34.248288	-0.09	-9.77	0.8	0.51	-9.23	-3.24	-0.64	-9.450000000000001	-2.5	-0.16	-9.36	-2.89
11:29:34.258393	-0.09	-9.77	0.81	0.49	-9.26	-3.18	-0.64	-9.48	-2.41	-0.17	-9.38	-2.84
11:29:34.268495	-0.08	-9.77	0.8300000000000001	0.47000000000000003	-9.28	-3.1	-0.64	-9.5	-2.32	-0.19	-9.36	-2.91
11:29:34.278939	-0.07	-9.76	0.84	0.46	-9.32	-3.0100000000000002	-0.63	-9.52	-2.23	-0.2	-9.31	-3.0500000000000003
11:29:34.289057	-0.06	-9.76	0.85	0.45	-9.35	-2.91	-0.5700000000000001	-9.56	-2.08	-0.23	-9.26	-3.19
11:29:34.299187	-0.04	-9.76	0.87	0.44	-9.38	-2.8000000000000003	-0.54	-9.58	-2.0100000000000002	-0.27	-9.22	-3.3000000000000003
11:29:34.309289	-0.02	-9.76	0.89	0.41000000000000003	-9.41	-2.69	-0.52	-9.59	-1.94	-0.29	-9.200000000000001	-3.36
11:29:34.319943	0.0	-9.76	0.91	0.33	-9.47	-2.49	-0.5	-9.61	-1.8800000000000001	-0.28	-9.19	-3.38
11:29:34.330091	0.01	-9.76	0.93	0.28	-9.5	-2.4	-0.48	-9.620000000000001	-1.81	-0.27	-9.200000000000001	-3.38
11:29:34.340678	0.02	-9.76	0.9400000000000001	0.22	-9.52	-2.33	-0.47000000000000003	-9.63	-1.75	-0.26	-9.19	-3.39
11:29:34.350790	0.03	-9.75	0.96	0.16	-9.53	-2.27	-0.46	-9.64	-1.69	-0.26	-9.17	-3.45
11:29:34.360904	0.03	-9.75	0.98	0.1	-9.55	-2.22	-0.45	-9.65	-1.6300000000000001	-0.31	-9.120000000000001	-3.58
11:29:34.371601	0.03	-9.75	0.99	0.05	-9.56	-2.17	-0.45	-9.66	-1.57	-0.34	-9.11	-3.61
11:29:34.382045	0.03	-9.75	1.01	0.0	-9.58	-2.09	-0.44	-9.67	-1.51	-0.34	-9.1	-3.63
11:29:34.392463	0.02	-9.75	1.01	-0.03	-9.59	-2.0100000000000002	-0.43	-9.68	-1.45	-0.32	-9.09	-3.65
11:29:34.402792	0.01	-9.75	1.02	-0.06	-9.61	-1.9100000000000001	-0.42	-9.69	-1.3900000000000001	-0.3	-9.08	-3.68
11:29:34.412890	0.0	-9.75	1.02	-0.09	-9.63	-1.81	-0.41000000000000003	-9.700000000000001	-1.33	-0.28	-9.06	-3.72
11:29:34.422967	0.0	-9.75	1.02	-0.12	-9.65	-1.72	-0.4	-9.71	-1.28	-0.27	-9.03	-3.79
11:29:34.433533	0.0	-9.75	1.03	-0.15	-9.66	-1.62	-0.4	-9.72	-1.22	-0.26	-9.01	-3.85
11:29:34.443701	-0.01	-9.75	1.03	-0.17	-9.68	-1.53	-0.4	-9.72	-1.16	-0.26	-8.99	-3.89
11:29:34.453768	0.0	-9.75	1.03	-0.19	-9.69	-1.44	-0.4	-9.73	-1.1	-0.26	-8.98	-3.92
11:29:34.463837	0.0	-9.75	1.03	-0.22	-9.71	-1.35	-0.4	-9.74	-1.04	-0.25	-8.96	-3.95
11:29:34.473910	0.0	-9.75	1.02	-0.24	-9.72	-1.26	-0.41000000000000003	-9.74	-0.98	-0.24	-8.950000000000001	-3.99
11:29:34.484021	0.0	-9.75	1.02	-0.27	-9.73	-1.19	-0.41000000000000003	-9.75	-0.92	-0.23	-8.93	-4.04
11:29:34.494111	0.01	-9.75	1.02	-0.31	-9.73	-1.11	-0.42	-9.75	-0.85	-0.23	-8.9	-4.09
11:29:34.504249	0.01	-9.75	1.01	-0.34	-9.74	-1.05	-0.43	-9.76	-0.79	-0.22	-8.88	-4.14
11:29:34.514518	0.02	-9.75	1.01	-0.38	-9.74	-0.98	-0.38	-9.77	-0.71	-0.21	-8.85	-4.21
11:29:34.524591	0.03	-9.75	1.0	-0.42	-9.75	-0.92	-0.39	-9.77	-0.65	-0.2	-8.83	-4.25
11:29:34.535230	0.03	-9.75	1.0	-0.46	-9.75	-0.85	-0.4	-9.78	-0.58	-0.18	-8.81	-4.29
11:29:34.545368	0.02	-9.75	1.0	-0.49	-9.76	-0.79	-0.41000000000000003	-9.78	-0.52	-0.17	-8.78	-4.34
11:29:34.555423	0.02	-9.75	1.0	-0.53	-9.76	-0.72	-0.42	-9.78	-0.46	-0.17	-8.75	-4.4
11:29:34.565498	0.02	-9.75	1.0	-0.58	-9.76	-0.65	-0.43	-9.78	-0.39	-0.17	-8.73	-4.45
11:29:34.575573	0.02	-9.75	1.0	-0.62	-9.76	-0.58	-0.44	-9.790000000000001	-0.32	-0.17	-8.71	-4.49
11:29:34.585645	0.02	-9.75	1.01	-0.66	-9.77	-0.51	-0.4	-9.790000000000001	-0.26	-0.18	-8.68	-4.54
11:29:34.595722	0.02	-9.75	1.02	-0.7000000000000001	-9.77	-0.45	-0.37	-9.790000000000001	-0.19	-0.19	-8.65	-4.6000000000000005
11:29:34.605820	0.01	-9.75	1.03	-0.74	-9.76	-0.39	-0.34	-9.790000000000001	-0.12	-0.18	-8.63	-4.64
11:29:34.615888	0.01	-9.75	1.04	-0.79	-9.76	-0.34	-0.3	-9.8	-0.06	-0.18	-8.6	-4.69
11:29:34.625992	0.01	-9.74	1.05	-0.8300000000000001	-9.76	-0.28	-0.25	-9.8	0.0	-0.16	-8.57	-4.76
11:29:34.636064	0.01	-9.74	1.07	-0.88	-9.76	-0.23	-0.22	-9.8	0.07	-0.15	-8.53	-4.82
11:29:34.646134	0.01	-9.74	1.08	-0.92	-9.76	-0.17	-0.22	-9.8	0.15	-0.14	-8.51	-4.8500000000000005
11:29:34.656275	0.0	-9.74	1.1	-0.97	-9.75	-0.12	-0.22	-9.8	0.22	-0.13	-8.48	-4.91
11:29:34.666414	0.0	-9.74	1.11	-1.01	-9.75	-0.07	-0.22	-9.790000000000001	0.31	-0.12	-8.44	-4.98
11:29:34.676512	0.0	-9.74	1.1300000000000001	-1.05	-9.74	-0.02	-0.23	-9.790000000000001	0.4	-0.11	-8.41	-5.03
11:29:34.686584	0.0	-9.73	1.1400000000000001	-1.1	-9.74	0.01	-0.23	-9.790000000000001	0.49	-0.11	-8.39	-5.0600000000000005
11:29:34.696653	-0.01	-9.73	1.16	-1.1400000000000001	-9.73	0.04	-0.23	-9.78	0.58	-0.11	-8.36	-5.12
11:29:34.706736	-0.02	-9.73	1.17	-1.19	-9.73	0.08	-0.24	-9.78	0.67	-0.1	-8.32	-5.18
11:29:34.716801	-0.02	-9.73	1.18	-1.24	-9.72	0.11	-0.24	-9.77	0.77	-0.1	-8.290000000000001	-5.22
11:29:34.726911	-0.03	-9.73	1.19	-1.29	-9.72	0.15	-0.25	-9.76	0.86	-0.14	-8.27	-5.26
11:29:34.737032	-0.04	-9.73	1.2	-1.33	-9.71	0.18	-0.26	-9.75	0.96	-0.23	-8.22	-5.33
11:29:34.747129	-0.05	-9.73	1.21	-1.3800000000000001	-9.700000000000001	0.22	-0.26	-9.74	1.05	-0.25	-8.16	-5.42
11:29:34.757251	-0.06	-9.72	1.22	-1.43	-9.69	0.26	-0.27	-9.73	1.1500000000000001	-0.25	-8.1	-5.5
11:29:34.767321	-0.07	-9.72	1.23	-1.48	-9.68	0.3	-0.29	-9.72	1.24	-0.27	-8.05	-5.59
11:29:34.777692	-0.08	-9.72	1.24	-1.53	-9.67	0.34	-0.31	-9.71	1.33	-0.27	-7.98	-5.68
11:29:34.787910	-0.09	-9.72	1.24	-1.58	-9.67	0.38	-0.33	-9.69	1.42	-0.29	-7.91	-5.7700000000000005
11:29:34.797998	-0.1	-9.72	1.25	-1.6300000000000001	-9.66	0.41000000000000003	-0.36	-9.68	1.52	-0.32	-7.8500000000000005	-5.86
11:29:34.808080	-0.11	-9.72	1.25	-1.69	-9.64	0.44	-0.39	-9.66	1.62	-0.36	-7.78	-5.95
11:29:34.818166	-0.11	-9.72	1.25	-1.75	-9.63	0.46	-0.42	-9.64	1.72	-0.4	-7.7	-6.05
11:29:34.828236	-0.11	-9.72	1.26	-1.81	-9.620000000000001	0.48	-0.46	-9.620000000000001	1.83	-0.45	-7.62	-6.15
11:29:34.838605	-0.11	-9.72	1.26	-1.87	-9.61	0.49	-0.49	-9.59	1.94	-0.51	-7.54	-6.24
11:29:34.848713	-0.11	-9.72	1.26	-1.93	-9.6	0.5	-0.53	-9.57	2.05	-0.55	-7.44	-6.3500000000000005
11:29:34.858923	-0.11	-9.72	1.26	-1.98	-9.58	0.52	-0.62	-9.51	2.29	-0.59	-7.34	-6.47
11:29:34.869605	-0.11	-9.72	1.25	-2.04	-9.57	0.53	-0.67	-9.48	2.4	-0.63	-7.23	-6.59
11:29:34.879774	-0.12	-9.72	1.24	-2.09	-9.56	0.54	-0.72	-9.44	2.5300000000000002	-0.7000000000000001	-7.13	-6.68
11:29:34.889885	-0.13	-9.72	1.22	-2.13	-9.55	0.55	-0.76	-9.4	2.65	-0.78	-7.03	-6.78
11:29:34.900019	-0.15	-9.73	1.2	-2.19	-9.540000000000001	0.56	-0.8	-9.36	2.79	-0.8200000000000001	-6.9	-6.91
11:29:34.910190	-0.16	-9.73	1.17	-2.2	-9.53	0.56	-0.85	-9.31	2.94	-0.85	-6.76	-7.04
11:29:34.920790	-0.15	-9.73	1.1500000000000001	-2.2	-9.53	0.55	-0.9	-9.26	3.08	-0.92	-6.640000000000001	-7.15
11:29:34.930999	-0.14	-9.73	1.1300000000000001	-2.2	-9.540000000000001	0.52	-0.9500000000000001	-9.200000000000001	3.23	-1.08	-6.33	-7.4
11:29:34.941127	-0.13	-9.74	1.12	-2.19	-9.540000000000001	0.48	-1.0	-9.14	3.39	-1.16	-6.15	-7.54
11:29:34.951753	-0.11	-9.74	1.11	-2.17	-9.55	0.42	-1.06	-9.07	3.5500000000000003	-1.23	-5.98	-7.66
11:29:34.961877	-0.1	-9.74	1.1	-2.15	-9.56	0.34	-1.12	-9.0	3.71	-1.3	-5.8100000000000005	-7.78
11:29:34.972443	-0.09	-9.74	1.1	-2.12	-9.57	0.24	-1.2	-8.92	3.88	-1.37	-5.61	-7.92
11:29:34.982680	-0.09	-9.74	1.09	-2.09	-9.58	0.11	-1.31	-8.82	4.0600000000000005	-1.4000000000000001	-5.38	-8.07
11:29:34.992795	-0.09	-9.74	1.09	-2.04	-9.59	-0.02	-1.45	-8.72	4.23	-1.3900000000000001	-5.13	-8.23
11:29:35.002908	-0.08	-9.74	1.09	-1.99	-9.59	-0.18	-1.59	-8.620000000000001	4.39	-1.37	-4.8500000000000005	-8.41
11:29:35.013526	-0.07	-9.74	1.09	-1.93	-9.6	-0.36	-1.71	-8.52	4.54	-1.3800000000000001	-4.46	-8.61
11:29:35.023596	-0.06	-9.74	1.09	-1.85	-9.61	-0.56	-1.79	-8.42	4.69	-1.48	-3.99	-8.83
11:29:35.033669	-0.04	-9.74	1.08	-1.77	-9.61	-0.77	-1.84	-8.31	4.8500000000000005	-1.6300000000000001	-3.5	-9.01
11:29:35.043736	-0.03	-9.74	1.07	-1.68	-9.6	-0.99	-1.8800000000000001	-8.22	5.0	-1.86	-3.0300000000000002	-9.13
11:29:35.053851	-0.01	-9.74	1.06	-1.58	-9.6	-1.21	-1.93	-8.120000000000001	5.14	-2.1	-2.6	-9.21
11:29:35.063930	0.0	-9.74	1.05	-1.47	-9.59	-1.41	-1.96	-8.03	5.26	-2.29	-2.2800000000000002	-9.25
11:29:35.074002	0.01	-9.75	1.03	-1.36	-9.58	-1.58	-1.97	-7.95	5.38	-2.16	-2.16	-9.31
11:29:35.084071	0.02	-9.75	1.02	-1.25	-9.57	-1.72	-1.99	-7.87	5.49	-1.83	-2.17	-9.38
11:29:35.094140	0.03	-9.75	1.0	-1.1400000000000001	-9.56	-1.85	-2.0100000000000002	-7.8	5.57	-1.56	-2.33	-9.39
11:29:35.104230	0.03	-9.75	0.99	-1.04	-9.540000000000001	-1.98	-2.0100000000000002	-7.76	5.63	-1.4000000000000001	-2.5100000000000002	-9.370000000000001
11:29:35.114311	0.04	-9.75	0.98	-0.9500000000000001	-9.52	-2.11	-1.98	-7.75	5.66	-1.31	-2.64	-9.35
11:29:35.124440	0.04	-9.75	0.97	-0.86	-9.5	-2.2600000000000002	-1.94	-7.76	5.66	-1.21	-2.77	-9.32
11:29:35.134507	0.04	-9.75	0.96	-0.77	-9.47	-2.41	-1.87	-7.79	5.64	-1.03	-2.99	-9.27
11:29:35.144581	0.04	-9.75	0.96	-0.6900000000000001	-9.43	-2.56	-1.79	-7.8500000000000005	5.59	-0.87	-3.3000000000000003	-9.19
11:29:35.154656	0.04	-9.75	0.9500000000000001	-0.6	-9.4	-2.71	-1.7	-7.92	5.51	-0.78	-3.64	-9.07
11:29:35.164736	0.04	-9.75	0.9500000000000001	-0.52	-9.36	-2.86	-1.61	-8.01	5.4	-0.75	-3.96	-8.93
11:29:35.174801	0.05	-9.75	0.9500000000000001	-0.44	-9.32	-3.0	-1.52	-8.13	5.26	-0.72	-4.22	-8.82
11:29:35.184904	0.05	-9.75	0.9500000000000001	-0.38	-9.28	-3.12	-1.44	-8.25	5.09	-0.67	-4.49	-8.69
11:29:35.194977	0.05	-9.75	0.9500000000000001	-0.31	-9.24	-3.24	-1.36	-8.38	4.89	-0.65	-4.8100000000000005	-8.52
11:29:35.205058	0.06	-9.75	0.9500000000000001	-0.26	-9.21	-3.35	-1.27	-8.53	4.66	-0.63	-5.16	-8.3
11:29:35.215131	0.07	-9.75	0.9500000000000001	-0.22	-9.17	-3.46	-1.19	-8.67	4.4	-0.56	-5.54	-8.07
11:29:35.225243	0.07	-9.75	0.96	-0.18	-9.13	-3.56	-1.11	-8.82	4.11	-0.46	-5.92	-7.8
11:29:35.235333	0.08	-9.75	0.96	-0.15	-9.1	-3.64	-1.04	-8.97	3.8000000000000003	-0.34	-6.2700000000000005	-7.5200000000000005
11:29:35.245469	0.09	-9.75	0.97	-0.11	-9.07	-3.72	-0.98	-9.120000000000001	3.45	-0.23	-6.6000000000000005	-7.24
11:29:35.255571	0.11	-9.75	0.98	-0.07	-9.040000000000001	-3.79	-0.93	-9.26	3.0700000000000003	-0.12	-6.890000000000001	-6.97
11:29:35.265649	0.12	-9.75	0.99	-0.03	-9.02	-3.84	-0.89	-9.39	2.67	-0.02	-7.15	-6.7
11:29:35.275767	0.12	-9.75	0.99	0.0	-8.99	-3.89	-0.86	-9.5	2.25	0.06	-7.41	-6.42
11:29:35.286484	0.13	-9.75	1.0	0.04	-8.98	-3.93	-0.8300000000000001	-9.59	1.82	0.14	-7.66	-6.11
11:29:35.296558	0.14	-9.75	1.0	0.08	-8.96	-3.97	-0.79	-9.67	1.3900000000000001	0.22	-7.9	-5.79
11:29:35.306630	0.15	-9.75	0.99	0.13	-8.950000000000001	-4.0	-0.75	-9.73	0.9500000000000001	0.26	-8.13	-5.46
11:29:35.316779	0.16	-9.75	0.99	0.18	-8.94	-4.0200000000000005	-0.7000000000000001	-9.76	0.51	0.28	-8.35	-5.13
11:29:35.326848	0.16	-9.75	0.98	0.24	-8.94	-4.01	-0.64	-9.78	0.08	0.29	-8.540000000000001	-4.8
11:29:35.336930	0.17	-9.75	0.97	0.3	-8.94	-4.0	-0.58	-9.78	-0.33	0.29	-8.72	-4.47
11:29:35.347020	0.17	-9.75	0.96	0.35000000000000003	-8.950000000000001	-3.98	-0.53	-9.76	-0.74	0.27	-8.88	-4.13
11:29:35.357087	0.17	-9.75	0.9500000000000001	0.41000000000000003	-8.96	-3.96	-0.47000000000000003	-9.72	-1.1400000000000001	0.25	-9.040000000000001	-3.79
11:29:35.367535	0.16	-9.75	0.9400000000000001	0.45	-8.97	-3.93	-0.42	-9.67	-1.54	0.23	-9.17	-3.46
11:29:35.378179	0.16	-9.76	0.93	0.49	-8.97	-3.91	-0.37	-9.6	-1.92	0.2	-9.28	-3.13
11:29:35.388285	0.15	-9.76	0.92	0.53	-8.98	-3.88	-0.33	-9.53	-2.2800000000000002	0.16	-9.38	-2.85
11:29:35.398405	0.14	-9.76	0.9	0.56	-8.99	-3.85	-0.3	-9.44	-2.62	0.14	-9.46	-2.57
11:29:35.408532	0.13	-9.76	0.89	0.58	-9.01	-3.8200000000000003	-0.27	-9.35	-2.93	0.13	-9.53	-2.3000000000000003
11:29:35.418707	0.12	-9.76	0.88	0.59	-9.02	-3.79	-0.24	-9.26	-3.21	0.14	-9.59	-2.04
11:29:35.429060	0.11	-9.76	0.87	0.59	-9.03	-3.7600000000000002	-0.23	-9.17	-3.46	0.14	-9.64	-1.79
11:29:35.439357	0.1	-9.76	0.87	0.58	-9.040000000000001	-3.73	-0.23	-9.08	-3.68	0.14	-9.68	-1.55
11:29:35.449453	0.09	-9.76	0.86	0.5700000000000001	-9.06	-3.7	-0.27	-8.93	-4.03	0.14	-9.71	-1.36
11:29:35.459582	0.08	-9.76	0.85	0.56	-9.08	-3.65	-0.29	-8.870000000000001	-4.15	0.15	-9.73	-1.19
11:29:35.469723	0.07	-9.76	0.85	0.56	-9.08	-3.65	-0.29	-8.870000000000001	-4.15	0.15	-9.74	-1.06
11:29:35.480235	0.06	-9.76	0.84	0.5700000000000001	-9.09	-3.62	-0.31	-8.81	-4.28	0.15	-9.75	-0.96
11:29:35.490313	0.06	-9.77	0.8300000000000001	0.59	-9.1	-3.59	-0.32	-8.8	-4.3	0.14	-9.76	-0.91
11:29:35.500386	0.05	-9.77	0.8300000000000001	0.63	-9.11	-3.54	-0.32	-8.81	-4.28	0.14	-9.76	-0.9
11:29:35.510457	0.04	-9.77	0.8200000000000001	0.63	-9.11	-3.54	-0.32	-8.83	-4.23	0.14	-9.76	-0.93
11:29:35.520569	0.03	-9.77	0.8200000000000001	0.65	-9.120000000000001	-3.54	-0.32	-8.870000000000001	-4.14	0.15	-9.75	-0.99
11:29:35.530672	0.03	-9.77	0.81	0.65	-9.11	-3.56	-0.33	-8.93	-4.03	0.17	-9.74	-1.1
11:29:35.540812	0.03	-9.77	0.81	0.65	-9.1	-3.5700000000000003	-0.34	-8.98	-3.9	0.2	-9.72	-1.23
11:29:35.551307	0.03	-9.77	0.81	0.64	-9.1	-3.58	-0.36	-9.05	-3.74	0.25	-9.700000000000001	-1.4000000000000001
11:29:35.561400	0.02	-9.77	0.8	0.63	-9.1	-3.59	-0.38	-9.120000000000001	-3.56	0.34	-9.64	-1.75
11:29:35.571734	0.02	-9.77	0.8	0.61	-9.1	-3.59	-0.39	-9.18	-3.4	0.34	-9.64	-1.75
11:29:35.582327	0.02	-9.77	0.8	0.59	-9.11	-3.5700000000000003	-0.39	-9.22	-3.29	0.42	-9.67	-1.55
11:29:35.592394	0.01	-9.77	0.81	0.56	-9.120000000000001	-3.5500000000000003	-0.42	-9.25	-3.21	0.51	-9.64	-1.68
11:29:35.602556	0.0	-9.77	0.8200000000000001	0.53	-9.13	-3.52	-0.47000000000000003	-9.27	-3.14	0.47000000000000003	-9.6	-1.92
11:29:35.612623	0.0	-9.77	0.8300000000000001	0.51	-9.15	-3.48	-0.51	-9.31	-3.0300000000000002	0.31	-9.55	-2.2
11:29:35.622703	-0.01	-9.77	0.84	0.5	-9.16	-3.45	-0.54	-9.34	-2.91	0.15	-9.48	-2.5
11:29:35.632773	-0.01	-9.76	0.85	0.49	-9.18	-3.4	-0.53	-9.38	-2.7800000000000002	0.0	-9.39	-2.81
11:29:35.643406	-0.01	-9.76	0.86	0.49	-9.19	-3.36	-0.52	-9.42	-2.66	-0.09	-9.32	-3.02
11:29:35.653843	-0.01	-9.76	0.87	0.47000000000000003	-9.21	-3.33	-0.49	-9.450000000000001	-2.56	-0.18	-9.28	-3.14
11:29:35.664025	-0.01	-9.76	0.87	0.46	-9.21	-3.3000000000000003	-0.47000000000000003	-9.48	-2.46	-0.24	-9.26	-3.2
11:29:35.674142	-0.02	-9.76	0.89	0.43	-9.23	-3.2800000000000002	-0.46	-9.5	-2.35	-0.24	-9.28	-3.15
11:29:35.684683	-0.02	-9.76	0.9	0.41000000000000003	-9.24	-3.24	-0.47000000000000003	-9.53	-2.23	-0.2	-9.3	-3.08
11:29:35.694755	-0.02	-9.76	0.91	0.39	-9.26	-3.19	-0.49	-9.55	-2.13	-0.18	-9.290000000000001	-3.12
11:29:35.704831	-0.02	-9.76	0.93	0.4	-9.290000000000001	-3.11	-0.49	-9.58	-2.0300000000000002	-0.16	-9.24	-3.25
11:29:35.714972	-0.01	-9.76	0.9400000000000001	0.4	-9.32	-2.99	-0.48	-9.6	-1.94	-0.15	-9.200000000000001	-3.38
11:29:35.725053	0.0	-9.75	0.96	0.4	-9.36	-2.86	-0.45	-9.61	-1.86	-0.15	-9.16	-3.48
11:29:35.735125	0.01	-9.75	0.97	0.38	-9.4	-2.74	-0.41000000000000003	-9.63	-1.79	-0.17	-9.13	-3.56
11:29:35.745194	0.03	-9.75	0.99	0.35000000000000003	-9.43	-2.64	-0.39	-9.64	-1.71	-0.18	-9.120000000000001	-3.59
11:29:35.755264	0.04	-9.75	1.01	0.3	-9.450000000000001	-2.57	-0.37	-9.66	-1.6300000000000001	-0.2	-9.120000000000001	-3.59
11:29:35.765338	0.06	-9.75	1.03	0.24	-9.47	-2.5100000000000002	-0.36	-9.67	-1.56	-0.2	-9.11	-3.62
11:29:35.775417	0.07	-9.74	1.05	0.17	-9.49	-2.46	-0.35000000000000003	-9.68	-1.49	-0.22	-9.07	-3.7
11:29:35.785488	0.08	-9.74	1.06	0.11	-9.5	-2.43	-0.35000000000000003	-9.69	-1.41	-0.25	-9.040000000000001	-3.77
11:29:35.795564	0.08	-9.74	1.08	0.05	-9.5	-2.39	-0.36	-9.700000000000001	-1.34	-0.28	-9.02	-3.81
11:29:35.805678	0.08	-9.74	1.09	0.01	-9.52	-2.33	-0.36	-9.71	-1.26	-0.28	-9.01	-3.83
11:29:35.815755	0.08	-9.74	1.1	-0.01	-9.540000000000001	-2.2600000000000002	-0.37	-9.72	-1.18	-0.27	-9.01	-3.85
11:29:35.825876	0.07	-9.74	1.1	-0.04	-9.55	-2.18	-0.37	-9.73	-1.11	-0.26	-9.0	-3.87
11:29:35.836005	0.06	-9.74	1.11	-0.06	-9.57	-2.1	-0.37	-9.74	-1.04	-0.24	-8.98	-3.93
11:29:35.846072	0.05	-9.74	1.11	-0.08	-9.59	-2.0100000000000002	-0.37	-9.75	-0.97	-0.21	-8.93	-4.0200000000000005
11:29:35.856185	0.04	-9.74	1.1	-0.1	-9.61	-1.93	-0.37	-9.75	-0.91	-0.19	-8.89	-4.12
11:29:35.866272	0.03	-9.74	1.1	-0.12	-9.620000000000001	-1.85	-0.38	-9.76	-0.85	-0.19	-8.85	-4.2
11:29:35.876347	0.03	-9.74	1.1	-0.13	-9.64	-1.76	-0.39	-9.76	-0.79	-0.19	-8.83	-4.26
11:29:35.886476	0.03	-9.74	1.09	-0.15	-9.66	-1.68	-0.4	-9.77	-0.73	-0.18	-8.8	-4.3
11:29:35.896568	0.03	-9.74	1.08	-0.17	-9.67	-1.59	-0.41000000000000003	-9.77	-0.67	-0.17	-8.790000000000001	-4.34
11:29:35.906641	0.04	-9.74	1.08	-0.2	-9.68	-1.51	-0.42	-9.77	-0.6	-0.15	-8.77	-4.37
11:29:35.916742	0.04	-9.74	1.07	-0.23	-9.69	-1.43	-0.42	-9.78	-0.54	-0.14	-8.75	-4.4
11:29:35.926874	0.04	-9.74	1.07	-0.27	-9.700000000000001	-1.35	-0.43	-9.78	-0.48	-0.12	-8.73	-4.45
11:29:35.936944	0.04	-9.75	1.02	-0.31	-9.71	-1.29	-0.43	-9.78	-0.42	-0.11	-8.700000000000001	-4.5
11:29:35.947548	0.04	-9.75	0.97	-0.36	-9.72	-1.23	-0.43	-9.790000000000001	-0.36	-0.09	-8.68	-4.55
11:29:35.957669	0.04	-9.75	0.97	-0.41000000000000003	-9.72	-1.16	-0.44	-9.790000000000001	-0.31	-0.08	-8.66	-4.59
11:29:35.968013	0.04	-9.75	0.96	-0.46	-9.73	-1.1	-0.44	-9.790000000000001	-0.25	-0.07	-8.63	-4.64
11:29:35.978099	0.04	-9.75	0.96	-0.51	-9.73	-1.03	-0.45	-9.790000000000001	-0.2	-0.06	-8.6	-4.69
11:29:35.988259	0.04	-9.75	0.96	-0.56	-9.74	-0.96	-0.45	-9.790000000000001	-0.14	-0.06	-8.58	-4.73
11:29:35.998754	0.05	-9.75	0.97	-0.61	-9.74	-0.89	-0.46	-9.790000000000001	-0.09	-0.05	-8.56	-4.7700000000000005
11:29:36.008852	0.05	-9.75	0.97	-0.65	-9.74	-0.8200000000000001	-0.46	-9.790000000000001	-0.04	0.0	-8.58	-4.73
11:29:36.018932	0.04	-9.76	0.9400000000000001	-0.7000000000000001	-9.75	-0.76	-0.47000000000000003	-9.790000000000001	0.01	0.06	-8.58	-4.73
11:29:36.029050	0.04	-9.76	0.9400000000000001	-0.74	-9.75	-0.7000000000000001	-0.47000000000000003	-9.790000000000001	0.07	0.07	-8.57	-4.76
11:29:36.039171	0.04	-9.76	0.9400000000000001	-0.79	-9.75	-0.65	-0.47000000000000003	-9.790000000000001	0.13	0.09	-8.540000000000001	-4.8
11:29:36.049288	0.05	-9.75	0.97	-0.84	-9.75	-0.59	-0.47000000000000003	-9.790000000000001	0.25	0.1	-8.52	-4.8500000000000005
11:29:36.059628	0.06	-9.75	0.98	-0.88	-9.75	-0.53	-0.47000000000000003	-9.790000000000001	0.25	0.1	-8.49	-4.9
11:29:36.069740	0.06	-9.75	1.0	-0.93	-9.74	-0.47000000000000003	-0.48	-9.78	0.32	0.1	-8.47	-4.93
11:29:36.080186	0.06	-9.75	1.0	-0.99	-9.74	-0.41000000000000003	-0.48	-9.78	0.44	0.11	-8.45	-4.96
11:29:36.090563	0.05	-9.75	0.98	-1.04	-9.74	-0.35000000000000003	-0.48	-9.78	0.52	0.13	-8.42	-5.01
11:29:36.100842	0.04	-9.75	0.98	-1.09	-9.74	-0.29	-0.49	-9.77	0.59	0.14	-8.39	-5.0600000000000005
11:29:36.111154	0.03	-9.75	0.99	-1.21	-9.72	-0.18	-0.49	-9.77	0.66	0.15	-8.370000000000001	-5.09
11:29:36.121518	0.02	-9.75	1.01	-1.27	-9.72	-0.13	-0.5	-9.76	0.73	0.16	-8.35	-5.13
11:29:36.131961	0.01	-9.75	1.03	-1.33	-9.71	-0.09	-0.5	-9.75	0.81	0.15	-8.290000000000001	-5.22
11:29:36.142479	0.01	-9.75	1.03	-1.3900000000000001	-9.700000000000001	-0.05	-0.51	-9.75	0.88	0.07	-8.26	-5.28
11:29:36.153136	0.0	-9.75	1.04	-1.45	-9.69	-0.01	-0.52	-9.74	0.96	0.03	-8.21	-5.3500000000000005
11:29:36.163660	0.0	-9.74	1.06	-1.51	-9.68	0.03	-0.53	-9.73	1.04	0.03	-8.16	-5.42
11:29:36.174136	-0.01	-9.74	1.07	-1.56	-9.68	0.07	-0.54	-9.72	1.12	0.03	-8.16	-5.42
11:29:36.184236	-0.03	-9.74	1.08	-1.62	-9.67	0.12	-0.56	-9.71	1.21	0.0	-8.05	-5.58
11:29:36.194530	-0.04	-9.74	1.09	-1.67	-9.66	0.17	-0.58	-9.700000000000001	1.29	-0.01	-7.99	-5.67
11:29:36.204606	-0.05	-9.74	1.1	-1.72	-9.65	0.2	-0.61	-9.68	1.3900000000000001	-0.03	-7.92	-5.7700000000000005
11:29:36.214678	-0.07	-9.74	1.12	-1.78	-9.64	0.23	-0.64	-9.67	1.48	-0.07	-7.86	-5.8500000000000005
11:29:36.224755	-0.08	-9.74	1.1300000000000001	-1.83	-9.620000000000001	0.25	-0.67	-9.65	1.58	-0.11	-7.79	-5.95
11:29:36.234822	-0.08	-9.73	1.1300000000000001	-1.8900000000000001	-9.61	0.26	-0.7000000000000001	-9.63	1.69	-0.16	-7.7	-6.05
11:29:36.245328	-0.09	-9.73	1.1400000000000001	-1.95	-9.6	0.27	-0.73	-9.61	1.8	-0.22	-7.62	-6.16
11:29:36.255446	-0.09	-9.73	1.1500000000000001	-2.0	-9.59	0.27	-0.77	-9.58	1.9100000000000001	-0.28	-7.54	-6.26
11:29:36.265518	-0.09	-9.73	1.16	-2.05	-9.58	0.27	-0.81	-9.55	2.0300000000000002	-0.34	-7.44	-6.37
11:29:36.275598	-0.09	-9.73	1.16	-2.1	-9.57	0.28	-0.84	-9.52	2.15	-0.34	-7.44	-6.37
11:29:36.286028	-0.09	-9.73	1.17	-2.15	-9.56	0.28	-0.89	-9.49	2.2800000000000002	-0.44	-7.23	-6.6000000000000005
11:29:36.296103	-0.09	-9.73	1.17	-2.19	-9.55	0.28	-0.9400000000000001	-9.450000000000001	2.41	-0.48	-7.12	-6.71
11:29:36.306176	-0.1	-9.73	1.17	-2.22	-9.540000000000001	0.28	-0.99	-9.41	2.54	-0.55	-7.01	-6.83
11:29:36.316267	-0.11	-9.73	1.17	-2.23	-9.540000000000001	0.27	-1.03	-9.370000000000001	2.69	-0.65	-6.88	-6.95
11:29:36.326389	-0.12	-9.73	1.1500000000000001	-2.24	-9.540000000000001	0.26	-1.07	-9.32	2.84	-0.7000000000000001	-6.75	-7.07
11:29:36.336926	-0.16	-9.74	1.12	-2.24	-9.540000000000001	0.23	-1.11	-9.26	3.0	-0.74	-6.61	-7.19
11:29:36.347296	-0.17	-9.74	1.11	-2.23	-9.540000000000001	0.19	-1.16	-9.21	3.16	-0.8300000000000001	-6.45	-7.33
11:29:36.357416	-0.17	-9.74	1.09	-2.21	-9.55	0.13	-1.2	-9.14	3.3200000000000003	-0.93	-6.28	-7.47
11:29:36.367537	-0.16	-9.74	1.08	-2.19	-9.55	0.07	-1.25	-9.07	3.49	-1.02	-6.11	-7.6000000000000005
11:29:36.377636	-0.14	-9.74	1.07	-2.16	-9.56	-0.01	-1.3	-8.99	3.67	-1.1	-5.93	-7.73
11:29:36.387699	-0.11	-9.74	1.06	-2.13	-9.57	-0.12	-1.37	-8.91	3.84	-1.16	-5.75	-7.8500000000000005
11:29:36.397768	-0.1	-9.74	1.05	-2.09	-9.57	-0.25	-1.47	-8.81	4.03	-1.22	-5.54	-7.99
11:29:36.407835	-0.09	-9.74	1.05	-2.05	-9.58	-0.4	-1.6	-8.71	4.2	-1.25	-5.29	-8.15
11:29:36.417903	-0.08	-9.75	1.04	-2.0	-9.58	-0.5700000000000001	-1.75	-8.6	4.36	-1.24	-5.01	-8.33
11:29:36.428040	-0.07	-9.75	1.04	-1.94	-9.58	-0.74	-1.8800000000000001	-8.5	4.5	-1.27	-4.65	-8.53
11:29:36.438161	-0.06	-9.75	1.03	-1.8800000000000001	-9.57	-0.9400000000000001	-1.99	-8.4	4.64	-1.33	-4.19	-8.76
11:29:36.448234	-0.04	-9.75	1.02	-1.8	-9.56	-1.18	-2.05	-8.290000000000001	4.8	-1.44	-3.71	-8.96
11:29:36.458319	-0.03	-9.75	1.01	-1.69	-9.55	-1.4000000000000001	-2.08	-8.19	4.95	-1.67	-3.23	-9.1
11:29:36.468642	-0.02	-9.75	1.0	-1.58	-9.540000000000001	-1.59	-2.11	-8.1	5.09	-1.96	-2.79	-9.19
11:29:36.478716	0.0	-9.75	0.98	-1.47	-9.53	-1.75	-2.12	-8.01	5.23	-2.19	-2.48	-9.22
11:29:36.488868	0.0	-9.75	0.96	-1.36	-9.52	-1.8800000000000001	-2.14	-7.84	5.47	-2.06	-2.41	-9.27
11:29:36.499241	0.0	-9.76	0.9500000000000001	-1.26	-9.51	-2.0	-2.14	-7.84	5.47	-1.6600000000000001	-2.46	-9.34
11:29:36.509336	0.0	-9.76	0.93	-1.16	-9.5	-2.12	-2.15	-7.75	5.6000000000000005	-1.34	-2.63	-9.35
11:29:36.519433	0.0	-9.76	0.92	-1.07	-9.48	-2.24	-2.13	-7.74	5.62	-1.18	-2.79	-9.32
11:29:36.529510	0.0	-9.76	0.92	-0.98	-9.46	-2.38	-2.09	-7.76	5.61	-1.1	-2.9	-9.3
11:29:36.540140	0.0	-9.76	0.92	-0.89	-9.43	-2.52	-2.02	-7.79	5.58	-0.98	-3.02	-9.27
11:29:36.550211	0.0	-9.76	0.92	-0.81	-9.4	-2.66	-1.94	-7.8500000000000005	5.53	-0.78	-3.25	-9.21
11:29:36.560286	0.0	-9.76	0.92	-0.64	-9.33	-2.93	-1.86	-7.930000000000001	5.45	-0.61	-3.59	-9.1
11:29:36.570499	0.0	-9.76	0.92	-0.64	-9.33	-2.93	-1.77	-8.03	5.33	-0.6	-3.89	-8.97
11:29:36.580604	0.0	-9.76	0.92	-0.56	-9.290000000000001	-3.06	-1.69	-8.14	5.18	-0.6	-3.89	-8.97
11:29:36.590730	0.01	-9.76	0.93	-0.48	-9.26	-3.17	-1.62	-8.27	5.0	-0.6	-3.89	-8.97
11:29:36.601208	0.01	-9.76	0.93	-0.42	-9.23	-3.27	-1.54	-8.41	4.79	-0.53	-4.78	-8.540000000000001
11:29:36.611607	0.02	-9.76	0.9400000000000001	-0.31	-9.16	-3.48	-1.46	-8.55	4.5600000000000005	-0.5	-5.13	-8.34
11:29:36.621696	0.03	-9.76	0.9400000000000001	-0.28	-9.11	-3.59	-1.37	-8.700000000000001	4.3	-0.33	-5.8500000000000005	-7.86
11:29:36.631825	0.03	-9.76	0.9500000000000001	-0.28	-9.11	-3.59	-1.29	-8.85	4.01	-0.33	-5.8500000000000005	-7.86
11:29:36.642026	0.04	-9.75	0.9500000000000001	-0.24	-9.03	-3.79	-1.22	-9.0	3.69	-0.23	-6.17	-7.61
11:29:36.652098	0.05	-9.75	0.96	-0.21	-9.0	-3.87	-1.16	-9.14	3.34	-0.12	-6.47	-7.36
11:29:36.662199	0.05	-9.75	0.96	-0.18	-8.97	-3.94	-1.11	-9.27	2.97	0.07	-7.0	-6.86
11:29:36.672315	0.06	-9.75	0.97	-0.13	-8.950000000000001	-3.99	-1.07	-9.39	2.58	0.07	-7.0	-6.86
11:29:36.682474	0.07	-9.75	0.97	-0.08	-8.93	-4.04	-1.04	-9.5	2.17	0.17	-7.25	-6.59
11:29:36.692588	0.07	-9.75	0.97	-0.03	-8.9	-4.09	-1.0	-9.59	1.77	0.31	-7.74	-6.01
11:29:36.703007	0.08	-9.75	0.97	0.02	-8.88	-4.15	-0.9400000000000001	-9.66	1.36	0.33	-7.96	-5.71
11:29:36.713107	0.09	-9.75	0.96	0.08	-8.86	-4.19	-0.88	-9.71	0.96	0.33	-8.17	-5.41
11:29:36.723277	0.1	-9.75	0.96	0.15	-8.84	-4.24	-0.81	-9.75	0.56	0.31	-8.35	-5.12
11:29:36.733767	0.1	-9.75	0.9500000000000001	0.21	-8.82	-4.2700000000000005	-0.74	-9.77	0.16	0.28	-8.53	-4.82
11:29:36.744068	0.11	-9.76	0.9400000000000001	0.28	-8.81	-4.29	-0.67	-9.78	-0.22	0.26	-8.71	-4.49
11:29:36.754136	0.11	-9.76	0.93	0.34	-8.8	-4.3	-0.61	-9.76	-0.61	0.23	-8.870000000000001	-4.16
11:29:36.764208	0.11	-9.76	0.91	0.39	-8.790000000000001	-4.3100000000000005	-0.55	-9.74	-0.98	0.23	-8.870000000000001	-4.16
11:29:36.774325	0.1	-9.76	0.9	0.43	-8.790000000000001	-4.3100000000000005	-0.5	-9.69	-1.35	0.19	-9.15	-3.5100000000000002
11:29:36.784426	0.1	-9.76	0.89	0.47000000000000003	-8.790000000000001	-4.3	-0.46	-9.64	-1.71	0.18	-9.26	-3.19
11:29:36.794497	0.09	-9.76	0.87	0.51	-8.8	-4.28	-0.42	-9.57	-2.06	0.18	-9.26	-3.19
11:29:36.804571	0.07	-9.76	0.86	0.55	-8.81	-4.25	-0.39	-9.5	-2.39	0.16	-9.450000000000001	-2.58
11:29:36.814936	0.06	-9.76	0.85	0.59	-8.83	-4.21	-0.37	-9.41	-2.7	0.16	-9.53	-2.29
11:29:36.825034	0.04	-9.77	0.84	0.61	-8.85	-4.16	-0.36	-9.32	-3.0	0.16	-9.59	-2.0300000000000002
11:29:36.835493	0.03	-9.77	0.8300000000000001	0.63	-8.870000000000001	-4.12	-0.36	-9.23	-3.2800000000000002	0.17	-9.64	-1.78
11:29:36.845978	0.0	-9.77	0.81	0.63	-8.89	-4.08	-0.36	-9.14	-3.5300000000000002	0.17	-9.68	-1.55
11:29:36.856054	-0.02	-9.77	0.8	0.63	-8.91	-4.04	-0.37	-9.05	-3.75	0.17	-9.71	-1.34
11:29:36.866145	-0.04	-9.77	0.79	0.63	-8.93	-4.0	-0.38	-8.97	-3.94	0.17	-9.71	-1.34
11:29:36.876574	-0.04	-9.77	0.79	0.63	-8.94	-3.95	-0.4	-8.89	-4.09	0.17	-9.75	-1.03
11:29:36.886656	-0.08	-9.77	0.77	0.63	-8.96	-3.92	-0.42	-8.84	-4.22	0.15	-9.76	-0.93
11:29:36.896725	-0.11	-9.77	0.76	0.63	-8.97	-3.89	-0.43	-8.790000000000001	-4.3	0.15	-9.76	-0.87
11:29:36.906796	-0.13	-9.77	0.75	0.64	-8.98	-3.87	-0.44	-8.77	-4.36	0.14	-9.76	-0.85
11:29:36.916870	-0.14	-9.77	0.74	0.65	-8.98	-3.86	-0.43	-8.76	-4.38	0.13	-9.76	-0.88
11:29:36.926977	-0.16	-9.77	0.74	0.67	-8.99	-3.85	-0.43	-8.77	-4.36	0.12	-9.76	-0.9400000000000001
11:29:36.937057	-0.16	-9.77	0.73	0.68	-8.99	-3.85	-0.42	-8.790000000000001	-4.3100000000000005	0.12	-9.75	-1.03
11:29:36.947124	-0.16	-9.77	0.73	0.68	-8.98	-3.86	-0.41000000000000003	-8.83	-4.23	0.12	-9.73	-1.1400000000000001
11:29:36.957194	-0.15	-9.77	0.72	0.68	-8.98	-3.87	-0.41000000000000003	-8.88	-4.12	0.14	-9.72	-1.25
11:29:36.967297	-0.14	-9.77	0.72	0.68	-8.97	-3.88	-0.41000000000000003	-8.950000000000001	-3.98	0.19	-9.69	-1.48
11:29:36.977387	-0.13	-9.77	0.72	0.67	-8.97	-3.89	-0.42	-9.01	-3.8200000000000003	0.22	-9.65	-1.67
11:29:36.987480	-0.12	-9.77	0.72	0.66	-8.97	-3.89	-0.44	-9.09	-3.65	0.24	-9.64	-1.74
11:29:36.997583	-0.11	-9.77	0.72	0.64	-8.97	-3.89	-0.46	-9.15	-3.47	0.24	-9.64	-1.74
11:29:37.007691	-0.11	-9.77	0.72	0.62	-8.99	-3.86	-0.46	-9.21	-3.3200000000000003	0.29	-9.700000000000001	-1.36
11:29:37.017765	-0.12	-9.77	0.73	0.6	-9.02	-3.79	-0.44	-9.24	-3.25	0.41000000000000003	-9.69	-1.44
11:29:37.027833	-0.13	-9.77	0.74	0.59	-9.05	-3.71	-0.45	-9.24	-3.23	0.41000000000000003	-9.63	-1.78
11:29:37.037928	-0.15	-9.77	0.76	0.5700000000000001	-9.09	-3.62	-0.48	-9.25	-3.21	0.24	-9.56	-2.16
11:29:37.048010	-0.17	-9.77	0.77	0.55	-9.120000000000001	-3.54	-0.52	-9.27	-3.12	0.05	-9.47	-2.5300000000000002
11:29:37.058083	-0.18	-9.77	0.79	0.53	-9.15	-3.47	-0.53	-9.32	-3.0	-0.06	-9.38	-2.85
11:29:37.068164	-0.19	-9.77	0.81	0.52	-9.16	-3.44	-0.52	-9.35	-2.88	-0.12	-9.31	-3.0700000000000003
11:29:37.078247	-0.2	-9.76	0.8200000000000001	0.52	-9.16	-3.45	-0.49	-9.38	-2.79	-0.22	-9.26	-3.21
11:29:37.088397	-0.2	-9.76	0.8300000000000001	0.53	-9.16	-3.45	-0.45	-9.41	-2.69	-0.29	-9.22	-3.31
11:29:37.098503	-0.2	-9.76	0.84	0.53	-9.17	-3.41	-0.43	-9.44	-2.6	-0.29	-9.24	-3.25
11:29:37.108602	-0.2	-9.76	0.86	0.52	-9.19	-3.36	-0.41000000000000003	-9.47	-2.5	-0.3	-9.27	-3.16
11:29:37.118759	-0.2	-9.76	0.87	0.51	-9.21	-3.3000000000000003	-0.42	-9.49	-2.4	-0.32	-9.27	-3.17
11:29:37.129388	-0.2	-9.76	0.89	0.51	-9.24	-3.21	-0.43	-9.52	-2.3000000000000003	-0.35000000000000003	-9.22	-3.29
11:29:37.139542	-0.19	-9.76	0.91	0.52	-9.28	-3.11	-0.42	-9.540000000000001	-2.2	-0.37	-9.17	-3.43
11:29:37.149632	-0.17	-9.76	0.93	0.53	-9.32	-2.99	-0.37	-9.58	-2.04	-0.41000000000000003	-9.120000000000001	-3.5700000000000003
11:29:37.159747	-0.15	-9.75	0.9500000000000001	0.52	-9.36	-2.87	-0.34	-9.6	-1.97	-0.43	-9.08	-3.66
11:29:37.170028	-0.13	-9.75	0.96	0.5	-9.39	-2.75	-0.31	-9.61	-1.8900000000000001	-0.43	-9.08	-3.67
11:29:37.180481	-0.11	-9.75	0.98	0.47000000000000003	-9.42	-2.66	-0.29	-9.63	-1.82	-0.4	-9.08	-3.65
11:29:37.190627	-0.1	-9.75	0.99	0.41000000000000003	-9.44	-2.59	-0.27	-9.64	-1.76	-0.37	-9.08	-3.67
11:29:37.200743	-0.09	-9.75	1.01	0.29	-9.47	-2.52	-0.26	-9.65	-1.69	-0.36	-9.05	-3.74
11:29:37.211429	-0.08	-9.75	1.02	0.29	-9.47	-2.52	-0.25	-9.66	-1.62	-0.37	-9.02	-3.8200000000000003
11:29:37.221516	-0.08	-9.75	1.03	0.18	-9.49	-2.45	-0.25	-9.67	-1.56	-0.39	-8.98	-3.89
11:29:37.231659	-0.08	-9.75	1.03	0.14	-9.51	-2.38	-0.25	-9.68	-1.49	-0.41000000000000003	-8.97	-3.93
11:29:37.241819	-0.09	-9.75	1.03	0.11	-9.53	-2.29	-0.25	-9.69	-1.43	-0.42	-8.96	-3.94
11:29:37.252283	-0.1	-9.75	1.03	0.08	-9.55	-2.18	-0.25	-9.700000000000001	-1.37	-0.42	-8.96	-3.94
11:29:37.262383	-0.11	-9.75	1.03	0.05	-9.58	-2.07	-0.24	-9.71	-1.31	-0.38	-8.96	-3.96
11:29:37.273092	-0.12	-9.75	1.03	0.02	-9.6	-1.97	-0.23	-9.72	-1.26	-0.35000000000000003	-8.9	-4.09
11:29:37.283328	-0.14	-9.75	1.03	0.0	-9.620000000000001	-1.8800000000000001	-0.23	-9.72	-1.2	-0.35000000000000003	-8.870000000000001	-4.15
11:29:37.293667	-0.14	-9.75	1.03	-0.02	-9.64	-1.79	-0.22	-9.73	-1.1500000000000001	-0.36	-8.85	-4.2
11:29:37.304282	-0.15	-9.75	1.02	-0.05	-9.65	-1.69	-0.21	-9.74	-1.1	-0.35000000000000003	-8.84	-4.22
11:29:37.314352	-0.15	-9.75	1.02	-0.07	-9.67	-1.6	-0.21	-9.74	-1.05	-0.35000000000000003	-8.83	-4.25
11:29:37.324490	-0.14	-9.75	1.02	-0.1	-9.68	-1.5	-0.22	-9.75	-0.99	-0.35000000000000003	-8.82	-4.2700000000000005
11:29:37.334631	-0.14	-9.75	1.02	-0.13	-9.700000000000001	-1.41	-0.22	-9.75	-0.93	-0.35000000000000003	-8.82	-4.2700000000000005
11:29:37.344735	-0.13	-9.75	1.01	-0.16	-9.71	-1.33	-0.23	-9.76	-0.88	-0.33	-8.78	-4.33
11:29:37.354857	-0.13	-9.75	1.01	-0.2	-9.72	-1.26	-0.23	-9.76	-0.8200000000000001	-0.34	-8.76	-4.38
11:29:37.365229	-0.12	-9.75	1.0	-0.24	-9.72	-1.2	-0.24	-9.77	-0.76	-0.34	-8.74	-4.42
11:29:37.375564	-0.12	-9.75	0.9500000000000001	-0.28	-9.73	-1.1300000000000001	-0.25	-9.77	-0.7000000000000001	-0.32	-8.72	-4.47
11:29:37.386215	-0.11	-9.75	0.9500000000000001	-0.32	-9.74	-1.07	-0.26	-9.78	-0.64	-0.31	-8.69	-4.5200000000000005
11:29:37.396799	-0.11	-9.75	0.9500000000000001	-0.36	-9.74	-1.0	-0.26	-9.78	-0.58	-0.3	-8.66	-4.57
11:29:37.406868	-0.11	-9.75	0.9500000000000001	-0.4	-9.75	-0.9400000000000001	-0.27	-9.78	-0.51	-0.29	-8.64	-4.61
11:29:37.416942	-0.11	-9.75	0.9500000000000001	-0.45	-9.75	-0.88	-0.28	-9.790000000000001	-0.45	-0.28	-8.620000000000001	-4.66
11:29:37.427018	-0.11	-9.75	0.9500000000000001	-0.48	-9.76	-0.81	-0.29	-9.790000000000001	-0.38	-0.29	-8.59	-4.71
11:29:37.437093	-0.11	-9.75	0.9500000000000001	-0.52	-9.76	-0.74	-0.3	-9.790000000000001	-0.32	-0.29	-8.57	-4.75
11:29:37.447175	-0.11	-9.75	0.96	-0.56	-9.76	-0.68	-0.31	-9.790000000000001	-0.25	-0.3	-8.540000000000001	-4.79
11:29:37.457244	-0.12	-9.75	0.97	-0.61	-9.76	-0.62	-0.32	-9.790000000000001	-0.19	-0.32	-8.52	-4.84
11:29:37.467317	-0.13	-9.75	0.9500000000000001	-0.66	-9.76	-0.56	-0.33	-9.8	-0.12	-0.33	-8.48	-4.9
11:29:37.477395	-0.14	-9.75	0.97	-0.7000000000000001	-9.76	-0.5	-0.33	-9.8	-0.05	-0.33	-8.46	-4.94
11:29:37.487468	-0.14	-9.75	0.98	-0.75	-9.76	-0.44	-0.33	-9.8	0.02	-0.33	-8.46	-4.94
11:29:37.497570	-0.15	-9.75	0.99	-0.8	-9.76	-0.39	-0.33	-9.8	0.09	-0.32	-8.39	-5.05
11:29:37.507635	-0.16	-9.75	1.01	-0.85	-9.76	-0.34	-0.33	-9.790000000000001	0.17	-0.3	-8.36	-5.11
11:29:37.517702	-0.16	-9.75	1.02	-0.9	-9.76	-0.3	-0.34	-9.790000000000001	0.26	-0.3	-8.33	-5.15
11:29:37.527775	-0.17	-9.74	1.03	-0.9400000000000001	-9.75	-0.26	-0.3	-9.790000000000001	0.34	-0.3	-8.33	-5.15
11:29:37.537849	-0.18	-9.74	1.04	-0.98	-9.75	-0.22	-0.3	-9.790000000000001	0.43	-0.28	-8.26	-5.2700000000000005
11:29:37.547926	-0.19	-9.74	1.06	-1.02	-9.75	-0.18	-0.31	-9.78	0.53	-0.27	-8.22	-5.33
11:29:37.557994	-0.2	-9.74	1.06	-1.06	-9.74	-0.14	-0.31	-9.78	0.63	-0.26	-8.19	-5.37
11:29:37.568162	-0.21	-9.74	1.07	-1.1	-9.74	-0.1	-0.32	-9.77	0.72	-0.25	-8.16	-5.43
11:29:37.578236	-0.22	-9.74	1.08	-1.1400000000000001	-9.73	-0.06	-0.33	-9.76	0.8200000000000001	-0.22	-8.11	-5.5
11:29:37.588308	-0.23	-9.74	1.08	-1.19	-9.73	-0.02	-0.34	-9.75	0.92	-0.22	-8.08	-5.55
11:29:37.598404	-0.25	-9.74	1.08	-1.24	-9.72	0.0	-0.35000000000000003	-9.74	1.02	-0.22	-8.08	-5.55
11:29:37.608520	-0.26	-9.74	1.09	-1.29	-9.72	0.03	-0.36	-9.73	1.11	-0.35000000000000003	-7.97	-5.69
11:29:37.618635	-0.27	-9.74	1.09	-1.34	-9.71	0.06	-0.38	-9.72	1.21	-0.33	-7.9	-5.79
11:29:37.628753	-0.28	-9.74	1.09	-1.3900000000000001	-9.700000000000001	0.09	-0.4	-9.71	1.3	-0.35000000000000003	-7.83	-5.88
11:29:37.638825	-0.28	-9.74	1.09	-1.44	-9.69	0.12	-0.43	-9.69	1.4000000000000001	-0.37	-7.76	-5.97
11:29:37.648907	-0.29	-9.74	1.09	-1.5	-9.68	0.15	-0.45	-9.68	1.5	-0.39	-7.69	-6.07
11:29:37.659000	-0.3	-9.74	1.1	-1.56	-9.67	0.18	-0.49	-9.66	1.6	-0.39	-7.69	-6.07
11:29:37.669079	-0.3	-9.73	1.1	-1.6300000000000001	-9.66	0.21	-0.52	-9.64	1.7	-0.47000000000000003	-7.5200000000000005	-6.26
11:29:37.679749	-0.31	-9.73	1.1	-1.69	-9.65	0.23	-0.56	-9.620000000000001	1.81	-0.53	-7.44	-6.36
11:29:37.689852	-0.32	-9.73	1.1	-1.75	-9.64	0.25	-0.56	-9.620000000000001	1.81	-0.58	-7.34	-6.47
11:29:37.699949	-0.33	-9.73	1.09	-1.81	-9.63	0.27	-0.6900000000000001	-9.53	2.16	-0.64	-7.23	-6.58
11:29:37.710481	-0.34	-9.73	1.09	-1.87	-9.620000000000001	0.28	-0.6900000000000001	-9.53	2.16	-0.7000000000000001	-7.13	-6.68
11:29:37.720837	-0.35000000000000003	-9.73	1.09	-1.93	-9.61	0.29	-0.79	-9.46	2.42	-0.75	-7.0200000000000005	-6.8
11:29:37.731009	-0.36	-9.73	1.09	-1.98	-9.59	0.29	-0.84	-9.42	2.56	-0.79	-6.890000000000001	-6.92
11:29:37.741138	-0.38	-9.73	1.09	-2.06	-9.58	0.3	-0.9	-9.38	2.7	-0.87	-6.7700000000000005	-7.03
11:29:37.751771	-0.4	-9.73	1.08	-2.06	-9.58	0.3	-0.9400000000000001	-9.33	2.85	-0.96	-6.65	-7.13
11:29:37.762142	-0.42	-9.73	1.06	-2.1	-9.57	0.28	-0.98	-9.27	3.02	-1.02	-6.5	-7.26
11:29:37.772261	-0.45	-9.74	1.04	-2.1	-9.57	0.25	-1.03	-9.21	3.19	-1.18	-6.17	-7.5200000000000005
11:29:37.782702	-0.46	-9.74	1.02	-2.09	-9.57	0.21	-1.08	-9.14	3.37	-1.26	-6.0	-7.65
11:29:37.792880	-0.46	-9.74	1.0	-2.07	-9.58	0.14	-1.1400000000000001	-9.07	3.54	-1.35	-5.82	-7.7700000000000005
11:29:37.802995	-0.46	-9.74	0.98	-2.04	-9.59	0.06	-1.21	-8.98	3.73	-1.44	-5.61	-7.9
11:29:37.813686	-0.44	-9.74	0.97	-2.0100000000000002	-9.59	-0.04	-1.3	-8.88	3.93	-1.5	-5.4	-8.040000000000001
11:29:37.823811	-0.43	-9.74	0.96	-1.97	-9.6	-0.17	-1.43	-8.77	4.12	-1.52	-5.17	-8.18
11:29:37.833917	-0.41000000000000003	-9.75	0.9500000000000001	-1.92	-9.6	-0.32	-1.58	-8.67	4.29	-1.51	-4.92	-8.34
11:29:37.844503	-0.4	-9.75	0.9400000000000001	-1.8800000000000001	-9.61	-0.48	-1.72	-8.56	4.46	-1.51	-4.61	-8.51
11:29:37.854918	-0.4	-9.75	0.9400000000000001	-1.82	-9.61	-0.66	-1.82	-8.45	4.61	-1.59	-4.19	-8.72
11:29:37.865459	-0.39	-9.75	0.93	-1.76	-9.6	-0.87	-1.8800000000000001	-8.35	4.7700000000000005	-1.71	-3.68	-8.92
11:29:37.875564	-0.36	-9.75	0.92	-1.68	-9.59	-1.1	-1.92	-8.25	4.93	-1.83	-3.15	-9.1
11:29:37.885638	-0.35000000000000003	-9.75	0.9	-1.6	-9.58	-1.34	-1.92	-8.25	4.93	-2.08	-2.65	-9.200000000000001
11:29:37.895732	-0.33	-9.75	0.89	-1.49	-9.56	-1.56	-1.99	-8.06	5.2	-2.43	-2.24	-9.22
11:29:37.905865	-0.32	-9.76	0.87	-1.3800000000000001	-9.540000000000001	-1.74	-2.0100000000000002	-7.98	5.32	-2.61	-2.05	-9.22
11:29:37.916507	-0.32	-9.76	0.85	-1.27	-9.53	-1.8900000000000001	-2.02	-7.9	5.44	-2.31	-2.04	-9.3
11:29:37.926580	-0.31	-9.76	0.8300000000000001	-1.16	-9.52	-2.0300000000000002	-2.05	-7.82	5.53	-1.92	-2.17	-9.36
11:29:37.936677	-0.31	-9.76	0.8200000000000001	-1.06	-9.5	-2.14	-2.06	-7.78	5.6000000000000005	-1.69	-2.37	-9.36
11:29:37.946746	-0.31	-9.76	0.81	-0.97	-9.49	-2.27	-2.05	-7.76	5.63	-1.6	-2.5	-9.34
11:29:37.956831	-0.31	-9.76	0.8	-0.88	-9.46	-2.4	-2.02	-7.7700000000000005	5.62	-1.51	-2.59	-9.33
11:29:37.966903	-0.31	-9.76	0.8	-0.79	-9.43	-2.54	-1.96	-7.8	5.6000000000000005	-1.31	-2.74	-9.32
11:29:37.976970	-0.31	-9.76	0.8	-0.7000000000000001	-9.39	-2.7	-1.8800000000000001	-7.8500000000000005	5.5600000000000005	-1.06	-3.02	-9.26
11:29:37.987037	-0.31	-9.76	0.8	-0.62	-9.35	-2.85	-1.79	-7.92	5.48	-1.06	-3.02	-9.26
11:29:37.997571	-0.3	-9.76	0.8	-0.54	-9.31	-3.0	-1.69	-8.02	5.37	-0.84	-3.74	-9.02
11:29:38.007654	-0.29	-9.76	0.81	-0.46	-9.27	-3.14	-1.6	-8.13	5.23	-0.8	-4.0	-8.91
11:29:38.017728	-0.28	-9.76	0.81	-0.39	-9.23	-3.2800000000000002	-1.53	-8.25	5.0600000000000005	-0.74	-4.24	-8.8
11:29:38.027797	-0.27	-9.76	0.8200000000000001	-0.33	-9.19	-3.39	-1.46	-8.38	4.86	-0.7000000000000001	-4.54	-8.66
11:29:38.037870	-0.26	-9.76	0.8200000000000001	-0.28	-9.15	-3.5100000000000002	-1.3800000000000001	-8.53	4.63	-0.68	-4.89	-8.47
11:29:38.047990	-0.25	-9.76	0.8300000000000001	-0.24	-9.1	-3.63	-1.3	-8.68	4.37	-0.64	-5.26	-8.25
11:29:38.058068	-0.24	-9.76	0.84	-0.2	-9.05	-3.75	-1.22	-8.83	4.07	-0.58	-5.63	-8.0
11:29:38.068140	-0.23	-9.76	0.85	-0.18	-9.01	-3.86	-1.1400000000000001	-8.98	3.75	-0.49	-5.98	-7.75
11:29:38.078245	-0.22	-9.76	0.86	-0.17	-8.97	-3.95	-1.08	-9.13	3.4	-0.39	-6.3	-7.5
11:29:38.088313	-0.21	-9.76	0.87	-0.15	-8.93	-4.03	-1.03	-9.27	3.0100000000000002	-0.39	-6.3	-7.5
11:29:38.098385	-0.19	-9.76	0.88	-0.12	-8.9	-4.09	-0.99	-9.39	2.61	-0.16	-6.88	-6.98
11:29:38.108492	-0.18	-9.76	0.89	-0.09	-8.88	-4.14	-0.97	-9.51	2.18	-0.16	-6.88	-6.98
11:29:38.118561	-0.17	-9.76	0.89	-0.06	-8.86	-4.19	-0.9400000000000001	-9.6	1.75	-0.16	-6.88	-6.98
11:29:38.128632	-0.17	-9.76	0.9	-0.01	-8.84	-4.24	-0.9	-9.67	1.31	0.14	-7.66	-6.11
11:29:38.138702	-0.16	-9.76	0.9	0.02	-8.82	-4.28	-0.84	-9.73	0.87	0.21	-7.9	-5.8
11:29:38.148820	-0.15	-9.76	0.89	0.07	-8.8	-4.3100000000000005	-0.78	-9.76	0.44	0.24	-8.120000000000001	-5.49
11:29:38.158896	-0.14	-9.76	0.89	0.12	-8.790000000000001	-4.34	-0.78	-9.76	0.44	0.24	-8.120000000000001	-5.49
11:29:38.169009	-0.13	-9.76	0.88	0.18	-8.78	-4.3500000000000005	-0.64	-9.77	-0.39	0.24	-8.120000000000001	-5.49
11:29:38.179119	-0.12	-9.76	0.87	0.23	-8.77	-4.36	-0.5700000000000001	-9.75	-0.8	0.22	-8.68	-4.55
11:29:38.189216	-0.12	-9.76	0.85	0.28	-8.77	-4.36	-0.51	-9.72	-1.19	0.22	-8.68	-4.55
11:29:38.199373	-0.11	-9.76	0.84	0.33	-8.77	-4.36	-0.45	-9.66	-1.57	0.17	-9.0	-3.86
11:29:38.209515	-0.11	-9.77	0.8300000000000001	0.37	-8.77	-4.36	-0.41000000000000003	-9.6	-1.93	0.17	-9.0	-3.86
11:29:38.220114	-0.12	-9.77	0.81	0.4	-8.77	-4.3500000000000005	-0.38	-9.53	-2.2800000000000002	0.13	-9.25	-3.23
11:29:38.230441	-0.12	-9.77	0.8	0.44	-8.78	-4.33	-0.35000000000000003	-9.44	-2.6	0.13	-9.25	-3.23
11:29:38.240557	-0.13	-9.77	0.78	0.47000000000000003	-8.8	-4.29	-0.35000000000000003	-9.36	-2.89	0.12	-9.44	-2.63
11:29:38.250677	-0.14	-9.77	0.77	0.5	-8.81	-4.26	-0.35000000000000003	-9.18	-3.42	0.12	-9.44	-2.63
11:29:38.260773	-0.15	-9.77	0.76	0.53	-8.83	-4.22	-0.36	-9.09	-3.64	0.15	-9.58	-2.08
11:29:38.270925	-0.17	-9.77	0.75	0.56	-8.85	-4.18	-0.35000000000000003	-9.01	-3.83	0.15	-9.58	-2.08
11:29:38.281586	-0.18	-9.77	0.74	0.59	-8.88	-4.11	-0.35000000000000003	-9.01	-3.83	0.15	-9.66	-1.6600000000000001
11:29:38.291661	-0.19	-9.77	0.74	0.6	-8.89	-4.07	-0.34	-8.88	-4.12	0.15	-9.66	-1.6600000000000001
11:29:38.302271	-0.2	-9.77	0.74	0.61	-8.91	-4.04	-0.33	-8.84	-4.22	0.15	-9.66	-1.6600000000000001
11:29:38.312399	-0.2	-9.77	0.73	0.61	-8.92	-4.01	-0.32	-8.81	-4.28	0.12	-9.700000000000001	-1.36
11:29:38.322578	-0.21	-9.77	0.73	0.62	-8.93	-3.99	-0.31	-8.790000000000001	-4.32	0.08	-9.73	-1.2
11:29:38.333027	-0.21	-9.77	0.73	0.62	-8.94	-3.97	-0.31	-8.790000000000001	-4.32	0.08	-9.73	-1.2
11:29:38.343116	-0.21	-9.77	0.72	0.62	-8.94	-3.96	-0.31	-8.8	-4.3	0.08	-9.73	-1.2
11:29:38.353205	-0.21	-9.77	0.72	0.62	-8.94	-3.96	-0.31	-8.83	-4.25	0.08	-9.73	-1.2
11:29:38.363368	-0.21	-9.77	0.72	0.61	-8.94	-3.97	-0.32	-8.86	-4.17	0.08	-9.73	-1.2
11:29:38.373592	-0.2	-9.77	0.71	0.6	-8.94	-3.97	-0.32	-8.91	-4.07	0.08	-9.73	-1.2
11:29:38.384030	-0.19	-9.77	0.71	0.58	-8.94	-3.98	-0.32	-8.91	-4.07	0.03	-9.73	-1.19
11:29:38.394131	-0.19	-9.77	0.71	0.5700000000000001	-8.94	-3.97	-0.34	-9.03	-3.8000000000000003	0.07	-9.68	-1.53
11:29:38.404267	-0.18	-9.77	0.7000000000000001	0.55	-8.950000000000001	-3.96	-0.36	-9.09	-3.64	0.07	-9.68	-1.53
11:29:38.415023	-0.17	-9.77	0.7000000000000001	0.53	-8.96	-3.93	-0.36	-9.15	-3.48	0.07	-9.68	-1.53
11:29:38.425089	-0.17	-9.77	0.71	0.51	-8.98	-3.88	-0.33	-9.200000000000001	-3.36	0.07	-9.68	-1.53
11:29:38.435164	-0.17	-9.77	0.71	0.48	-9.02	-3.81	-0.33	-9.22	-3.31	0.21	-9.6	-1.97
11:29:38.445284	-0.19	-9.77	0.72	0.45	-9.05	-3.73	-0.36	-9.23	-3.27	0.35000000000000003	-9.67	-1.53
11:29:38.455400	-0.19	-9.77	0.72	0.43	-9.09	-3.64	-0.4	-9.25	-3.21	0.4	-9.59	-2.0
11:29:38.466123	-0.22	-9.77	0.76	0.41000000000000003	-9.11	-3.58	-0.42	-9.290000000000001	-3.1	0.4	-9.59	-2.0
11:29:38.476225	-0.23	-9.77	0.78	0.4	-9.13	-3.54	-0.42	-9.33	-2.97	0.4	-9.59	-2.0
11:29:38.486915	-0.23	-9.77	0.79	0.41000000000000003	-9.13	-3.5300000000000002	-0.42	-9.33	-2.97	0.07	-9.42	-2.69
11:29:38.496987	-0.23	-9.77	0.8	0.41000000000000003	-9.13	-3.54	-0.39	-9.4	-2.7600000000000002	0.07	-9.42	-2.69
11:29:38.507105	-0.23	-9.76	0.8200000000000001	0.41000000000000003	-9.13	-3.5500000000000003	-0.39	-9.42	-2.67	0.07	-9.42	-2.69
11:29:38.517730	-0.23	-9.76	0.8200000000000001	0.4	-9.13	-3.5300000000000002	-0.39	-9.450000000000001	-2.57	0.07	-9.42	-2.69
11:29:38.527805	-0.23	-9.76	0.84	0.4	-9.15	-3.47	-0.4	-9.47	-2.48	0.07	-9.42	-2.69
11:29:38.537924	-0.24	-9.76	0.86	0.39	-9.19	-3.39	-0.42	-9.5	-2.38	0.07	-9.42	-2.69
11:29:38.547993	-0.24	-9.76	0.88	0.4	-9.22	-3.3000000000000003	-0.42	-9.52	-2.2800000000000002	0.07	-9.42	-2.69
11:29:38.558072	-0.24	-9.76	0.9	0.41000000000000003	-9.26	-3.18	-0.4	-9.540000000000001	-2.2	0.07	-9.42	-2.69
11:29:38.568141	-0.23	-9.76	0.92	0.41000000000000003	-9.3	-3.06	-0.36	-9.56	-2.13	0.07	-9.42	-2.69
11:29:38.578216	-0.21	-9.75	0.9400000000000001	0.42	-9.34	-2.95	-0.32	-9.58	-2.05	0.07	-9.42	-2.69
11:29:38.588673	-0.21	-9.75	0.9400000000000001	0.4	-9.370000000000001	-2.84	-0.32	-9.58	-2.05	-0.31	-9.120000000000001	-3.5700000000000003
11:29:38.598819	-0.17	-9.75	0.99	0.37	-9.4	-2.73	-0.26	-9.61	-1.92	-0.39	-9.05	-3.73
11:29:38.608912	-0.16	-9.75	1.01	0.31	-9.43	-2.64	-0.24	-9.620000000000001	-1.86	-0.39	-9.05	-3.73
11:29:38.618995	-0.15	-9.75	1.04	0.25	-9.46	-2.57	-0.22	-9.63	-1.79	-0.39	-9.05	-3.73
11:29:38.629091	-0.15	-9.75	1.04	0.18	-9.47	-2.5	-0.22	-9.64	-1.73	-0.39	-9.05	-3.73
11:29:38.639159	-0.14	-9.74	1.08	0.11	-9.49	-2.45	-0.23	-9.65	-1.68	-0.39	-9.05	-3.73
11:29:38.649930	-0.14	-9.74	1.1	0.05	-9.5	-2.41	-0.23	-9.66	-1.62	-0.39	-9.05	-3.73
11:29:38.660014	-0.14	-9.74	1.11	0.0	-9.51	-2.36	-0.24	-9.67	-1.56	-0.39	-9.05	-3.73
11:29:38.670088	-0.14	-9.74	1.1300000000000001	-0.05	-9.53	-2.2800000000000002	-0.23	-9.68	-1.5	-0.39	-9.05	-3.73
11:29:38.680194	-0.15	-9.73	1.1400000000000001	-0.08	-9.55	-2.18	-0.22	-9.69	-1.45	-0.39	-9.05	-3.73
11:29:38.690271	-0.15	-9.73	1.1400000000000001	-0.12	-9.58	-2.07	-0.22	-9.69	-1.45	-0.51	-8.96	-3.93
11:29:38.700401	-0.17	-9.73	1.1500000000000001	-0.15	-9.6	-1.96	-0.2	-9.71	-1.35	-0.51	-8.96	-3.93
11:29:38.710548	-0.17	-9.73	1.1500000000000001	-0.18	-9.620000000000001	-1.85	-0.19	-9.71	-1.3	-0.51	-8.96	-3.93
11:29:38.721021	-0.17	-9.73	1.1500000000000001	-0.2	-9.64	-1.75	-0.18	-9.72	-1.25	-0.51	-8.96	-3.93
11:29:38.731132	-0.17	-9.73	1.1500000000000001	-0.22	-9.66	-1.6500000000000001	-0.18	-9.73	-1.2	-0.51	-8.96	-3.93
11:29:38.741250	-0.16	-9.73	1.1500000000000001	-0.24	-9.67	-1.55	-0.2	-9.74	-1.09	-0.51	-8.96	-3.93
11:29:38.751346	-0.15	-9.73	1.1500000000000001	-0.29	-9.700000000000001	-1.37	-0.2	-9.74	-1.04	-0.51	-8.96	-3.93
11:29:38.761454	-0.14	-9.73	1.1500000000000001	-0.29	-9.700000000000001	-1.37	-0.2	-9.74	-1.04	-0.51	-8.96	-3.93
11:29:38.771556	-0.12	-9.73	1.1500000000000001	-0.32	-9.71	-1.29	-0.21	-9.76	-0.92	-0.51	-8.96	-3.93
11:29:38.782176	-0.11	-9.73	1.1400000000000001	-0.38	-9.73	-1.1500000000000001	-0.21	-9.76	-0.92	-0.44	-8.86	-4.18
11:29:38.792249	-0.1	-9.73	1.1400000000000001	-0.38	-9.73	-1.1500000000000001	-0.21	-9.76	-0.92	-0.38	-8.76	-4.37
11:29:38.802343	-0.1	-9.74	1.1300000000000001	-0.47000000000000003	-9.74	-1.01	-0.23	-9.77	-0.75	-0.38	-8.76	-4.37
11:29:38.812495	-0.09	-9.74	1.1300000000000001	-0.51	-9.74	-0.9500000000000001	-0.24	-9.77	-0.68	-0.38	-8.76	-4.37
11:29:38.823013	-0.09	-9.74	1.12	-0.55	-9.75	-0.88	-0.25	-9.78	-0.61	-0.38	-8.76	-4.37
11:29:38.833141	-0.09	-9.74	1.12	-0.58	-9.75	-0.8200000000000001	-0.26	-9.78	-0.55	-0.38	-8.76	-4.37
11:29:38.843763	-0.09	-9.74	1.12	-0.62	-9.75	-0.75	-0.27	-9.790000000000001	-0.48	-0.38	-8.76	-4.37
11:29:38.853913	-0.09	-9.74	1.12	-0.65	-9.75	-0.6900000000000001	-0.28	-9.790000000000001	-0.41000000000000003	-0.38	-8.76	-4.37
11:29:38.864127	-0.08	-9.74	1.12	-0.6900000000000001	-9.76	-0.62	-0.3	-9.790000000000001	-0.35000000000000003	-0.38	-8.76	-4.37
11:29:38.874196	-0.07	-9.74	1.12	-0.73	-9.76	-0.56	-0.31	-9.790000000000001	-0.28	-0.38	-8.76	-4.37
11:29:38.884265	-0.07	-9.74	1.1300000000000001	-0.77	-9.76	-0.5	-0.31	-9.790000000000001	-0.2	-0.38	-8.76	-4.37
11:29:38.894335	-0.06	-9.73	1.1400000000000001	-0.81	-9.76	-0.45	-0.31	-9.790000000000001	-0.2	-0.38	-8.76	-4.37
11:29:38.904453	-0.05	-9.73	1.1500000000000001	-0.81	-9.76	-0.45	-0.31	-9.790000000000001	-0.2	-0.38	-8.76	-4.37
11:29:38.914774	-0.05	-9.73	1.17	-0.86	-9.76	-0.39	-0.32	-9.8	-0.06	-0.38	-8.76	-4.37
11:29:38.924848	-0.04	-9.73	1.18	-0.96	-9.75	-0.3	-0.33	-9.8	0.1	-0.38	-8.76	-4.37
11:29:38.934920	-0.04	-9.73	1.2	-1.01	-9.75	-0.25	-0.34	-9.790000000000001	0.18	-0.38	-8.76	-4.37
11:29:38.944997	-0.03	-9.73	1.21	-1.06	-9.74	-0.21	-0.35000000000000003	-9.790000000000001	0.26	-0.38	-8.76	-4.37
11:29:38.955092	-0.03	-9.72	1.23	-1.11	-9.74	-0.17	-0.35000000000000003	-9.790000000000001	0.34	-0.38	-8.76	-4.37
11:29:38.965168	-0.03	-9.72	1.24	-1.1500000000000001	-9.73	-0.13	-0.36	-9.78	0.44	-0.38	-8.76	-4.37
11:29:38.975254	-0.03	-9.72	1.26	-1.2	-9.73	-0.1	-0.36	-9.78	0.53	-0.38	-8.76	-4.37
11:29:38.985328	-0.03	-9.72	1.27	-1.24	-9.72	-0.06	-0.37	-9.77	0.62	-0.38	-8.76	-4.37
11:29:38.995400	-0.03	-9.72	1.28	-1.29	-9.72	-0.02	-0.38	-9.77	0.72	-0.38	-8.76	-4.37
11:29:39.005473	-0.03	-9.72	1.28	-1.33	-9.71	0.0	-0.39	-9.76	0.8200000000000001	-0.38	-8.76	-4.37
11:29:39.015573	-0.04	-9.72	1.29	-1.37	-9.700000000000001	0.04	-0.4	-9.75	0.91	-0.38	-8.76	-4.37
11:29:39.025643	-0.05	-9.72	1.29	-1.42	-9.700000000000001	0.08	-0.41000000000000003	-9.74	1.0	-0.38	-8.76	-4.37
11:29:39.035717	-0.06	-9.71	1.3	-1.46	-9.69	0.11	-0.42	-9.73	1.1	-0.38	-8.76	-4.37
11:29:39.045785	-0.07	-9.71	1.3	-1.5	-9.68	0.15	-0.45	-9.72	1.2	-0.38	-8.76	-4.37
11:29:39.055858	-0.08	-9.71	1.3	-1.55	-9.68	0.18	-0.47000000000000003	-9.700000000000001	1.3	-0.38	-8.76	-4.37
11:29:39.065936	-0.08	-9.71	1.31	-1.6	-9.67	0.21	-0.5	-9.69	1.4000000000000001	-0.38	-8.76	-4.37
11:29:39.075998	-0.09	-9.71	1.31	-1.6500000000000001	-9.66	0.23	-0.53	-9.67	1.51	-0.38	-8.76	-4.37
11:29:39.086069	-0.09	-9.71	1.31	-1.71	-9.65	0.25	-0.56	-9.65	1.62	-0.38	-8.76	-4.37
11:29:39.096642	-0.09	-9.71	1.31	-1.77	-9.64	0.27	-0.6	-9.63	1.73	-0.38	-8.76	-4.37
11:29:39.106733	-0.09	-9.71	1.31	-1.77	-9.64	0.27	-0.6	-9.63	1.73	-0.38	-8.76	-4.37
11:29:39.117020	-0.09	-9.71	1.31	-1.8800000000000001	-9.61	0.29	-0.68	-9.58	1.96	-0.38	-8.76	-4.37
11:29:39.127169	-0.1	-9.71	1.31	-1.94	-9.6	0.29	-0.72	-9.55	2.08	-0.38	-8.76	-4.37
11:29:39.137238	-0.1	-9.71	1.31	-1.99	-9.59	0.3	-0.76	-9.52	2.2	-0.38	-8.76	-4.37
11:29:39.147369	-0.1	-9.71	1.29	-2.04	-9.58	0.31	-0.76	-9.52	2.2	-0.38	-8.76	-4.37
11:29:39.157680	-0.1	-9.71	1.29	-2.08	-9.57	0.32	-0.76	-9.52	2.2	-0.37	-7.58	-6.2
11:29:39.168285	-0.12	-9.72	1.28	-2.08	-9.57	0.32	-0.76	-9.52	2.2	-0.8	-6.75	-7.05
11:29:39.178379	-0.13	-9.72	1.25	-2.15	-9.56	0.32	-0.96	-9.36	2.74	-0.8	-6.75	-7.05
11:29:39.188452	-0.14	-9.73	1.21	-2.16	-9.55	0.32	-0.96	-9.36	2.74	-0.8	-6.75	-7.05
11:29:39.198523	-0.13	-9.73	1.19	-2.16	-9.55	0.3	-1.05	-9.25	3.0700000000000003	-0.8	-6.75	-7.05
11:29:39.208595	-0.11	-9.73	1.17	-2.16	-9.56	0.27	-1.05	-9.25	3.0700000000000003	-1.16	-6.03	-7.640000000000001
11:29:39.218703	-0.09	-9.73	1.1500000000000001	-2.15	-9.56	0.22	-1.1500000000000001	-9.120000000000001	3.4	-1.16	-6.03	-7.640000000000001
11:29:39.228773	-0.06	-9.73	1.1400000000000001	-2.13	-9.57	0.16	-1.1500000000000001	-9.120000000000001	3.4	-1.16	-6.03	-7.640000000000001
11:29:39.238863	-0.04	-9.74	1.1300000000000001	-2.1	-9.57	0.08	-1.1500000000000001	-9.120000000000001	3.4	-1.43	-5.47	-8.01
11:29:39.248970	-0.02	-9.74	1.12	-2.06	-9.58	-0.02	-1.3900000000000001	-8.86	3.95	-1.43	-5.47	-8.01
11:29:39.259079	-0.01	-9.74	1.11	-2.02	-9.59	-0.15	-1.52	-8.76	4.13	-1.43	-5.47	-8.01
11:29:39.269164	0.0	-9.74	1.1	-1.97	-9.6	-0.3	-1.52	-8.76	4.13	-1.48	-4.78	-8.42
11:29:39.279733	0.0	-9.74	1.09	-1.92	-9.6	-0.47000000000000003	-1.78	-8.540000000000001	4.46	-1.48	-4.78	-8.42
11:29:39.289846	0.01	-9.74	1.08	-1.85	-9.6	-0.65	-1.78	-8.540000000000001	4.46	-1.5	-4.46	-8.6
11:29:39.299962	0.03	-9.74	1.07	-1.79	-9.6	-0.84	-1.78	-8.540000000000001	4.46	-1.6300000000000001	-3.52	-9.0
11:29:39.310097	0.04	-9.74	1.05	-1.71	-9.59	-1.07	-1.96	-8.25	4.91	-1.6300000000000001	-3.52	-9.0
11:29:39.320209	0.05	-9.75	1.03	-1.62	-9.58	-1.3	-1.99	-8.16	5.04	-1.6300000000000001	-3.52	-9.0
11:29:39.330791	0.06	-9.75	1.01	-1.51	-9.56	-1.52	-2.0100000000000002	-8.08	5.17	-1.6300000000000001	-3.52	-9.0
11:29:39.340933	0.06	-9.75	0.99	-1.28	-9.540000000000001	-1.84	-2.0300000000000002	-7.99	5.29	-2.04	-2.49	-9.26
11:29:39.351113	0.06	-9.75	0.97	-1.17	-9.53	-1.97	-2.0300000000000002	-7.99	5.29	-2.05	-2.0100000000000002	-9.370000000000001
11:29:39.361844	0.06	-9.75	0.9500000000000001	-1.07	-9.51	-2.09	-2.09	-7.8500000000000005	5.47	-1.47	-2.38	-9.39
11:29:39.371949	0.05	-9.76	0.9400000000000001	-0.97	-9.5	-2.22	-2.09	-7.82	5.51	-1.47	-2.38	-9.39
11:29:39.382021	0.04	-9.76	0.9400000000000001	-0.88	-9.47	-2.36	-2.05	-7.84	5.51	-1.47	-2.38	-9.39
11:29:39.392608	0.04	-9.76	0.9400000000000001	-0.88	-9.47	-2.36	-2.05	-7.84	5.51	-1.47	-2.38	-9.39
11:29:39.402705	0.03	-9.76	0.9400000000000001	-0.78	-9.44	-2.5	-2.05	-7.84	5.51	-1.1300000000000001	-2.71	-9.35
11:29:39.412800	0.03	-9.76	0.93	-0.6900000000000001	-9.41	-2.65	-1.8800000000000001	-7.94	5.43	-1.1300000000000001	-2.71	-9.35
11:29:39.423189	0.03	-9.76	0.93	-0.5	-9.33	-2.94	-1.78	-8.02	5.34	-1.1300000000000001	-2.71	-9.35
11:29:39.433291	0.03	-9.76	0.9400000000000001	-0.41000000000000003	-9.3	-3.0700000000000003	-1.78	-8.02	5.34	-0.76	-4.09	-8.870000000000001
11:29:39.443653	0.04	-9.76	0.9400000000000001	-0.33	-9.26	-3.19	-1.58	-8.24	5.07	-0.76	-4.09	-8.870000000000001
11:29:39.453782	0.04	-9.76	0.9400000000000001	-0.25	-9.23	-3.3000000000000003	-1.5	-8.36	4.89	-0.67	-4.65	-8.6
11:29:39.463897	0.04	-9.75	0.9500000000000001	-0.19	-9.19	-3.4	-1.5	-8.36	4.89	-0.65	-5.01	-8.39
11:29:39.474057	0.04	-9.75	0.96	-0.14	-9.15	-3.5100000000000002	-1.31	-8.64	4.44	-0.65	-5.01	-8.39
11:29:39.484125	0.03	-9.75	0.96	-0.1	-9.1	-3.62	-1.1	-8.93	3.87	-0.65	-5.01	-8.39
11:29:39.494543	0.03	-9.75	0.96	-0.08	-9.06	-3.74	-1.02	-9.08	3.54	-0.62	-5.38	-8.17
11:29:39.504648	0.03	-9.75	0.97	-0.06	-9.02	-3.84	-1.02	-9.08	3.54	-0.4	-6.34	-7.46
11:29:39.515294	0.02	-9.75	0.97	-0.03	-8.98	-3.92	-0.9	-9.35	2.81	-0.4	-6.34	-7.46
11:29:39.525774	0.02	-9.75	0.97	0.0	-8.950000000000001	-3.99	-0.9	-9.35	2.81	-0.24	-6.86	-7.0
11:29:39.535845	0.02	-9.75	0.97	0.05	-8.92	-4.05	-0.8300000000000001	-9.56	2.0100000000000002	-0.24	-6.86	-7.0
11:29:39.545916	0.02	-9.75	0.97	0.11	-8.9	-4.11	-0.78	-9.63	1.62	-0.24	-6.86	-7.0
11:29:39.556158	0.02	-9.75	0.97	0.17	-8.870000000000001	-4.16	-0.78	-9.63	1.62	-0.04	-7.6000000000000005	-6.18
11:29:39.566248	0.02	-9.75	0.96	0.24	-8.84	-4.22	-0.78	-9.63	1.62	0.0	-7.83	-5.89
11:29:39.576779	0.02	-9.75	0.96	0.31	-8.81	-4.2700000000000005	-0.5700000000000001	-9.77	0.45	0.0	-7.83	-5.89
11:29:39.587424	0.02	-9.76	0.9400000000000001	0.39	-8.790000000000001	-4.32	-0.49	-9.790000000000001	0.07	0.0	-7.83	-5.89
11:29:39.597496	0.01	-9.76	0.93	0.46	-8.77	-4.3500000000000005	-0.49	-9.790000000000001	0.07	0.01	-8.44	-4.97
11:29:39.607569	0.0	-9.76	0.91	0.54	-8.75	-4.37	-0.49	-9.790000000000001	0.07	0.0	-8.63	-4.65
11:29:39.617642	0.0	-9.76	0.9	0.61	-8.74	-4.38	-0.49	-9.790000000000001	0.07	0.0	-8.63	-4.65
11:29:39.627720	-0.01	-9.76	0.88	0.67	-8.74	-4.38	-0.49	-9.790000000000001	0.07	-0.02	-8.790000000000001	-4.34
11:29:39.637788	-0.03	-9.76	0.87	0.73	-8.73	-4.39	-0.49	-9.790000000000001	0.07	-0.04	-9.06	-3.75
11:29:39.647863	-0.05	-9.76	0.85	0.78	-8.73	-4.38	-0.49	-9.790000000000001	0.07	-0.04	-9.18	-3.44
11:29:39.658324	-0.05	-9.76	0.85	0.8200000000000001	-8.73	-4.37	-0.21	-9.58	-2.05	-0.04	-9.18	-3.44
11:29:39.668482	-0.1	-9.77	0.8200000000000001	0.86	-8.74	-4.3500000000000005	-0.19	-9.44	-2.64	-0.04	-9.18	-3.44
11:29:39.678611	-0.12	-9.77	0.81	0.9	-8.75	-4.33	-0.19	-9.36	-2.9	-0.04	-9.18	-3.44
11:29:39.688680	-0.14	-9.77	0.8	0.92	-8.76	-4.3	-0.19	-9.36	-2.9	-0.04	-9.18	-3.44
11:29:39.698769	-0.17	-9.77	0.79	0.93	-8.77	-4.28	-0.19	-9.36	-2.9	-0.04	-9.52	-2.34
11:29:39.708893	-0.19	-9.77	0.78	0.93	-8.78	-4.25	-0.22	-9.13	-3.56	-0.04	-9.52	-2.34
11:29:39.719045	-0.22	-9.77	0.78	0.93	-8.790000000000001	-4.23	-0.22	-9.13	-3.56	-0.05	-9.65	-1.73
11:29:39.729640	-0.24	-9.77	0.78	0.93	-8.81	-4.2	-0.23	-9.0	-3.88	-0.05	-9.65	-1.73
11:29:39.739743	-0.25	-9.77	0.77	0.93	-8.82	-4.17	-0.23	-9.0	-3.88	-0.06	-9.69	-1.46
11:29:39.749845	-0.27	-9.77	0.77	0.93	-8.83	-4.16	-0.23	-9.0	-3.88	-0.06	-9.71	-1.37
11:29:39.759918	-0.28	-9.77	0.77	0.93	-8.83	-4.14	-0.29	-8.89	-4.11	-0.06	-9.71	-1.37
11:29:39.770026	-0.29	-9.77	0.76	0.9400000000000001	-8.84	-4.13	-0.29	-8.89	-4.11	-0.06	-9.71	-1.3
11:29:39.780108	-0.3	-9.77	0.75	0.92	-8.85	-4.1	-0.35000000000000003	-8.89	-4.12	-0.06	-9.71	-1.3
11:29:39.790537	-0.3	-9.77	0.75	0.92	-8.85	-4.1	-0.37	-8.9	-4.08	-0.06	-9.72	-1.26
11:29:39.800917	-0.29	-9.77	0.74	0.9	-8.86	-4.1	-0.38	-8.93	-4.01	-0.06	-9.72	-1.26
11:29:39.811012	-0.28	-9.77	0.74	0.87	-8.86	-4.1	-0.39	-8.97	-3.93	-0.06	-9.72	-1.26
11:29:39.821127	-0.27	-9.77	0.74	0.81	-8.870000000000001	-4.08	-0.4	-9.02	-3.8200000000000003	-0.06	-9.72	-1.26
11:29:39.831230	-0.27	-9.77	0.74	0.78	-8.89	-4.0600000000000005	-0.41000000000000003	-9.07	-3.69	-0.06	-9.72	-1.26
11:29:39.841475	-0.26	-9.77	0.73	0.75	-8.9	-4.0200000000000005	-0.43	-9.13	-3.54	-0.06	-9.72	-1.26
11:29:39.851608	-0.27	-9.77	0.73	0.75	-8.9	-4.0200000000000005	-0.42	-9.18	-3.4	-0.06	-9.72	-1.26
11:29:39.861842	-0.27	-9.77	0.73	0.7000000000000001	-8.97	-3.88	-0.39	-9.22	-3.31	-0.06	-9.72	-1.26
11:29:39.872030	-0.29	-9.77	0.74	0.68	-9.0	-3.81	-0.38	-9.23	-3.2600000000000002	-0.06	-9.71	-1.32
11:29:39.882112	-0.31	-9.77	0.75	0.68	-9.0	-3.81	-0.38	-9.23	-3.2600000000000002	0.14	-9.66	-1.62
11:29:39.892567	-0.34	-9.77	0.76	0.64	-9.05	-3.71	-0.38	-9.23	-3.2600000000000002	0.27	-9.64	-1.77
11:29:39.902723	-0.36	-9.76	0.78	0.63	-9.06	-3.68	-0.38	-9.23	-3.2600000000000002	0.27	-9.64	-1.77
11:29:39.912841	-0.37	-9.76	0.79	0.63	-9.06	-3.67	-0.45	-9.370000000000001	-2.82	0.27	-9.64	-1.77
11:29:39.923023	-0.38	-9.76	0.81	0.64	-9.07	-3.66	-0.44	-9.4	-2.73	0.27	-9.64	-1.77
11:29:39.933167	-0.39	-9.76	0.81	0.66	-9.09	-3.61	-0.44	-9.43	-2.63	0.27	-9.64	-1.77
11:29:39.943298	-0.39	-9.76	0.8200000000000001	0.66	-9.120000000000001	-3.5300000000000002	-0.44	-9.43	-2.63	-0.05	-9.41	-2.73
11:29:39.953565	-0.39	-9.76	0.8200000000000001	0.65	-9.15	-3.45	-0.46	-9.48	-2.46	-0.39	-9.23	-3.27
11:29:39.963639	-0.39	-9.76	0.8300000000000001	0.64	-9.18	-3.36	-0.46	-9.48	-2.46	-0.39	-9.26	-3.2
11:29:39.974097	-0.39	-9.76	0.84	0.63	-9.22	-3.2600000000000002	-0.47000000000000003	-9.5	-2.36	-0.39	-9.26	-3.2
11:29:39.984211	-0.38	-9.76	0.85	0.62	-9.25	-3.18	-0.43	-9.540000000000001	-2.21	-0.41000000000000003	-9.23	-3.27
11:29:39.994278	-0.37	-9.76	0.86	0.61	-9.28	-3.09	-0.43	-9.540000000000001	-2.21	-0.41000000000000003	-9.17	-3.43
11:29:40.004346	-0.34	-9.76	0.87	0.58	-9.31	-2.99	-0.36	-9.57	-2.06	-0.41000000000000003	-9.17	-3.43
11:29:40.014631	-0.32	-9.76	0.89	0.54	-9.34	-2.91	-0.34	-9.59	-1.99	-0.41000000000000003	-9.17	-3.43
11:29:40.024733	-0.29	-9.76	0.9	0.48	-9.370000000000001	-2.83	-0.34	-9.59	-1.99	-0.41000000000000003	-9.17	-3.43
11:29:40.035071	-0.27	-9.75	0.92	0.42	-9.39	-2.77	-0.34	-9.59	-1.99	-0.44	-9.06	-3.71
11:29:40.045300	-0.25	-9.75	0.93	0.35000000000000003	-9.41	-2.73	-0.32	-9.620000000000001	-1.85	-0.44	-9.06	-3.71
11:29:40.055408	-0.24	-9.75	0.9500000000000001	0.29	-9.42	-2.69	-0.32	-9.63	-1.77	-0.44	-9.06	-3.71
11:29:40.065476	-0.24	-9.75	0.96	0.24	-9.43	-2.65	-0.32	-9.65	-1.7	-0.44	-9.06	-3.71
11:29:40.076114	-0.23	-9.75	0.96	0.2	-9.450000000000001	-2.59	-0.32	-9.65	-1.7	-0.48	-8.98	-3.9
11:29:40.086196	-0.23	-9.75	0.97	0.16	-9.47	-2.52	-0.34	-9.67	-1.55	-0.51	-8.950000000000001	-3.96
11:29:40.096265	-0.24	-9.75	0.97	0.13	-9.49	-2.44	-0.34	-9.67	-1.55	-0.51	-8.950000000000001	-3.96
11:29:40.106632	-0.25	-9.75	0.96	0.11	-9.51	-2.36	-0.34	-9.69	-1.41	-0.51	-8.950000000000001	-3.96
11:29:40.116698	-0.26	-9.75	0.96	0.08	-9.53	-2.29	-0.34	-9.69	-1.41	-0.51	-8.950000000000001	-3.96
11:29:40.126803	-0.27	-9.75	0.96	0.06	-9.55	-2.21	-0.33	-9.71	-1.26	-0.51	-8.950000000000001	-3.96
11:29:40.136884	-0.28	-9.75	0.9500000000000001	0.05	-9.56	-2.14	-0.32	-9.72	-1.19	-0.51	-8.950000000000001	-3.96
11:29:40.146958	-0.28	-9.75	0.9500000000000001	0.04	-9.58	-2.05	-0.32	-9.73	-1.11	-0.51	-8.93	-4.0
11:29:40.157497	-0.28	-9.75	0.9500000000000001	0.03	-9.6	-1.97	-0.32	-9.73	-1.11	-0.39	-8.78	-4.34
11:29:40.167575	-0.28	-9.75	0.9400000000000001	0.02	-9.620000000000001	-1.8900000000000001	-0.33	-9.75	-0.96	-0.39	-8.78	-4.34
11:29:40.177652	-0.28	-9.75	0.9400000000000001	0.0	-9.63	-1.82	-0.33	-9.75	-0.96	-0.39	-8.73	-4.44
11:29:40.187730	-0.27	-9.75	0.93	-0.01	-9.64	-1.75	-0.36	-9.76	-0.8200000000000001	-0.39	-8.73	-4.44
11:29:40.197796	-0.27	-9.75	0.93	-0.03	-9.66	-1.68	-0.36	-9.76	-0.8200000000000001	-0.37	-8.68	-4.53
11:29:40.207866	-0.26	-9.75	0.92	-0.06	-9.67	-1.62	-0.39	-9.77	-0.67	-0.37	-8.68	-4.53
11:29:40.217938	-0.27	-9.75	0.92	-0.1	-9.67	-1.56	-0.4	-9.77	-0.6	-0.37	-8.68	-4.53
11:29:40.228015	-0.27	-9.75	0.91	-0.13	-9.68	-1.5	-0.41000000000000003	-9.78	-0.53	-0.38	-8.65	-4.58
11:29:40.238140	-0.27	-9.75	0.91	-0.17	-9.69	-1.43	-0.41000000000000003	-9.78	-0.53	-0.35000000000000003	-8.57	-4.74
11:29:40.248251	-0.28	-9.76	0.91	-0.21	-9.700000000000001	-1.36	-0.42	-9.78	-0.39	-0.35000000000000003	-8.57	-4.74
11:29:40.258375	-0.28	-9.76	0.9	-0.24	-9.71	-1.28	-0.43	-9.790000000000001	-0.33	-0.35000000000000003	-8.57	-4.74
11:29:40.268487	-0.29	-9.76	0.9	-0.29	-9.72	-1.2	-0.43	-9.790000000000001	-0.33	-0.35000000000000003	-8.57	-4.74
11:29:40.278582	-0.29	-9.76	0.9	-0.33	-9.73	-1.1300000000000001	-0.45	-9.790000000000001	-0.2	-0.35000000000000003	-8.57	-4.74
11:29:40.288686	-0.29	-9.75	0.9	-0.38	-9.74	-1.07	-0.45	-9.790000000000001	-0.2	-0.28	-8.43	-4.99
11:29:40.298804	-0.29	-9.75	0.91	-0.43	-9.74	-1.01	-0.46	-9.790000000000001	-0.08	-0.28	-8.43	-4.99
11:29:40.309440	-0.29	-9.75	0.92	-0.48	-9.74	-0.9500000000000001	-0.47000000000000003	-9.790000000000001	-0.02	-0.29	-8.41	-5.03
11:29:40.319519	-0.28	-9.75	0.93	-0.54	-9.75	-0.9	-0.47000000000000003	-9.790000000000001	0.04	-0.29	-8.41	-5.03
11:29:40.329679	-0.28	-9.75	0.9500000000000001	-0.59	-9.75	-0.84	-0.47000000000000003	-9.790000000000001	0.11	-0.29	-8.41	-5.03
11:29:40.339824	-0.28	-9.75	0.96	-0.65	-9.75	-0.79	-0.48	-9.790000000000001	0.17	-0.29	-8.41	-5.03
11:29:40.349949	-0.28	-9.75	0.98	-0.7000000000000001	-9.75	-0.73	-0.48	-9.790000000000001	0.24	-0.29	-8.41	-5.03
11:29:40.360081	-0.28	-9.75	1.0	-0.75	-9.75	-0.67	-0.48	-9.790000000000001	0.24	-0.29	-8.41	-5.03
11:29:40.370202	-0.28	-9.74	1.02	-0.8	-9.75	-0.61	-0.48	-9.78	0.38	-0.29	-8.41	-5.03
11:29:40.380713	-0.29	-9.74	1.04	-0.85	-9.75	-0.55	-0.48	-9.78	0.38	-0.26	-8.2	-5.37
11:29:40.390888	-0.3	-9.74	1.06	-0.91	-9.75	-0.49	-0.48	-9.78	0.51	-0.25	-8.16	-5.41
11:29:40.400982	-0.3	-9.74	1.08	-1.03	-9.74	-0.36	-0.48	-9.78	0.51	-0.23	-8.13	-5.46
11:29:40.411147	-0.31	-9.74	1.09	-1.03	-9.74	-0.36	-0.49	-9.77	0.65	-0.22	-8.11	-5.49
11:29:40.421688	-0.32	-9.73	1.1	-1.1500000000000001	-9.73	-0.25	-0.49	-9.77	0.65	-0.21	-8.09	-5.53
11:29:40.432028	-0.32	-9.73	1.12	-1.21	-9.72	-0.19	-0.49	-9.77	0.65	-0.21	-8.09	-5.53
11:29:40.442360	-0.33	-9.73	1.1300000000000001	-1.28	-9.72	-0.13	-0.49	-9.77	0.65	-0.19	-8.05	-5.58
11:29:40.452725	-0.33	-9.73	1.1400000000000001	-1.35	-9.71	-0.08	-0.51	-9.74	0.93	-0.17	-8.03	-5.62
11:29:40.462866	-0.34	-9.73	1.1500000000000001	-1.41	-9.700000000000001	-0.02	-0.51	-9.74	0.93	-0.27	-7.930000000000001	-5.76
11:29:40.473001	-0.34	-9.73	1.16	-1.48	-9.69	0.01	-0.51	-9.74	0.93	-0.28	-7.88	-5.82
11:29:40.483494	-0.34	-9.72	1.17	-1.54	-9.68	0.06	-0.51	-9.74	0.93	-0.28	-7.88	-5.82
11:29:40.493847	-0.34	-9.72	1.19	-1.6	-9.67	0.1	-0.53	-9.72	1.1400000000000001	-0.28	-7.88	-5.82
11:29:40.503997	-0.34	-9.72	1.2	-1.6600000000000001	-9.66	0.13	-0.5700000000000001	-9.700000000000001	1.29	-0.28	-7.88	-5.82
11:29:40.514418	-0.33	-9.72	1.21	-1.72	-9.65	0.16	-0.62	-9.67	1.45	-0.28	-7.88	-5.82
11:29:40.524532	-0.32	-9.72	1.22	-1.78	-9.64	0.18	-0.62	-9.67	1.45	-0.28	-7.88	-5.82
11:29:40.535097	-0.31	-9.72	1.23	-1.84	-9.620000000000001	0.19	-0.62	-9.67	1.45	-0.4	-7.5	-6.3
11:29:40.545466	-0.31	-9.72	1.24	-1.8900000000000001	-9.61	0.2	-0.71	-9.620000000000001	1.75	-0.4	-7.5	-6.3
11:29:40.555531	-0.29	-9.72	1.25	-1.94	-9.6	0.21	-0.71	-9.620000000000001	1.75	-0.4	-7.5	-6.3
11:29:40.565765	-0.29	-9.72	1.25	-1.99	-9.59	0.21	-0.71	-9.620000000000001	1.75	-0.55	-7.24	-6.58
11:29:40.575836	-0.28	-9.72	1.26	-2.04	-9.58	0.21	-0.74	-9.59	1.86	-0.55	-7.24	-6.58
11:29:40.585989	-0.28	-9.72	1.26	-2.08	-9.58	0.21	-0.86	-9.51	2.22	-0.55	-7.24	-6.58
11:29:40.596571	-0.28	-9.72	1.26	-2.11	-9.57	0.2	-0.86	-9.51	2.22	-0.7000000000000001	-6.91	-6.92
11:29:40.606636	-0.28	-9.72	1.23	-2.13	-9.56	0.19	-0.9500000000000001	-9.43	2.48	-0.7000000000000001	-6.91	-6.92
11:29:40.616705	-0.28	-9.72	1.21	-2.14	-9.56	0.17	-0.99	-9.39	2.62	-0.7000000000000001	-6.91	-6.92
11:29:40.626780	-0.27	-9.72	1.2	-2.13	-9.56	0.14	-1.02	-9.34	2.7800000000000002	-0.7000000000000001	-6.91	-6.92
11:29:40.636857	-0.25	-9.73	1.19	-2.12	-9.57	0.1	-1.07	-9.290000000000001	2.93	-0.7000000000000001	-6.91	-6.92
11:29:40.646935	-0.23	-9.73	1.19	-2.11	-9.57	0.04	-1.11	-9.23	3.09	-0.7000000000000001	-6.91	-6.92
11:29:40.657009	-0.2	-9.73	1.19	-2.09	-9.57	-0.02	-1.16	-9.17	3.2600000000000002	-0.7000000000000001	-6.91	-6.92
11:29:40.667135	-0.2	-9.73	1.19	-2.07	-9.58	-0.11	-1.16	-9.17	3.2600000000000002	-1.24	-5.8500000000000005	-7.76
11:29:40.677258	-0.16	-9.73	1.19	-2.04	-9.58	-0.23	-1.26	-9.03	3.6	-1.24	-5.8500000000000005	-7.76
11:29:40.687332	-0.14	-9.73	1.2	-2.0100000000000002	-9.58	-0.37	-1.26	-9.03	3.6	-1.24	-5.8500000000000005	-7.76
11:29:40.697406	-0.13	-9.73	1.2	-1.98	-9.59	-0.52	-1.44	-8.85	3.96	-1.24	-5.8500000000000005	-7.76
11:29:40.707479	-0.11	-9.73	1.21	-1.93	-9.58	-0.6900000000000001	-1.58	-8.75	4.13	-1.24	-5.8500000000000005	-7.76
11:29:40.717548	-0.09	-9.73	1.21	-1.8800000000000001	-9.58	-0.87	-1.58	-8.75	4.13	-1.5	-4.76	-8.43
11:29:40.727621	-0.07	-9.73	1.21	-1.82	-9.57	-1.07	-1.58	-8.75	4.13	-1.47	-4.46	-8.6
11:29:40.737696	-0.05	-9.73	1.2	-1.75	-9.55	-1.3	-2.0	-8.45	4.55	-1.47	-4.46	-8.6
11:29:40.747805	-0.02	-9.73	1.2	-1.6600000000000001	-9.540000000000001	-1.54	-2.07	-8.35	4.69	-1.46	-4.07	-8.790000000000001
11:29:40.757877	0.0	-9.73	1.19	-1.55	-9.52	-1.74	-2.07	-8.35	4.69	-1.46	-4.07	-8.790000000000001
11:29:40.768009	0.01	-9.73	1.17	-1.45	-9.5	-1.9100000000000001	-2.16	-8.18	4.94	-1.46	-4.07	-8.790000000000001
11:29:40.778079	0.03	-9.73	1.16	-1.36	-9.49	-2.04	-2.19	-8.1	5.0600000000000005	-1.46	-4.07	-8.790000000000001
11:29:40.788164	0.04	-9.73	1.1500000000000001	-1.36	-9.49	-2.04	-2.21	-8.01	5.19	-1.46	-4.07	-8.790000000000001
11:29:40.798270	0.05	-9.73	1.1400000000000001	-1.1500000000000001	-9.46	-2.29	-2.21	-8.01	5.19	-1.46	-4.07	-8.790000000000001
11:29:40.808436	0.06	-9.74	1.1300000000000001	-1.06	-9.44	-2.41	-2.25	-7.88	5.37	-1.46	-4.07	-8.790000000000001
11:29:40.819039	0.06	-9.74	1.1300000000000001	-0.97	-9.42	-2.54	-2.25	-7.88	5.37	-1.54	-2.49	-9.35
11:29:40.829114	0.06	-9.74	1.1300000000000001	-0.89	-9.39	-2.67	-2.22	-7.8500000000000005	5.42	-1.54	-2.49	-9.35
11:29:40.839189	0.07	-9.74	1.1300000000000001	-0.81	-9.35	-2.81	-2.17	-7.87	5.42	-1.54	-2.49	-9.35
11:29:40.849326	0.07	-9.73	1.1300000000000001	-0.74	-9.32	-2.95	-2.08	-7.91	5.39	-1.54	-2.49	-9.35
11:29:40.859394	0.08	-9.73	1.1400000000000001	-0.67	-9.28	-3.09	-1.98	-7.98	5.33	-1.54	-2.49	-9.35
11:29:40.869478	0.09	-9.73	1.1400000000000001	-0.61	-9.24	-3.21	-1.77	-8.16	5.13	-1.54	-2.49	-9.35
11:29:40.879593	0.09	-9.73	1.1500000000000001	-0.56	-9.200000000000001	-3.33	-1.77	-8.16	5.13	-0.92	-3.97	-8.91
11:29:40.889853	0.1	-9.73	1.1500000000000001	-0.5	-9.16	-3.45	-1.77	-8.16	5.13	-0.92	-3.97	-8.91
11:29:40.899935	0.11	-9.73	1.1500000000000001	-0.45	-9.120000000000001	-3.56	-1.77	-8.16	5.13	-0.92	-3.97	-8.91
11:29:40.910095	0.12	-9.73	1.16	-0.42	-9.08	-3.67	-1.77	-8.16	5.13	-0.87	-4.82	-8.49
11:29:40.920418	0.13	-9.73	1.16	-0.39	-9.03	-3.7800000000000002	-1.45	-8.66	4.36	-0.87	-4.82	-8.49
11:29:40.930583	0.14	-9.73	1.17	-0.36	-9.0	-3.87	-1.3800000000000001	-8.8	4.09	-0.87	-4.82	-8.49
11:29:40.940668	0.14	-9.73	1.17	-0.34	-8.97	-3.94	-1.31	-8.94	3.8000000000000003	-0.87	-4.82	-8.49
11:29:40.950824	0.15	-9.73	1.18	-0.26	-8.91	-4.0600000000000005	-1.21	-9.21	3.12	-0.87	-4.82	-8.49
11:29:40.961415	0.16	-9.73	1.18	-0.22	-8.89	-4.11	-1.18	-9.33	2.74	-0.87	-4.82	-8.49
11:29:40.971531	0.16	-9.73	1.18	-0.17	-8.870000000000001	-4.16	-1.1500000000000001	-9.44	2.35	-0.75	-5.53	-8.06
11:29:40.981931	0.17	-9.73	1.18	-0.17	-8.870000000000001	-4.16	-1.1500000000000001	-9.44	2.35	-0.31	-6.98	-6.87
11:29:40.992013	0.18	-9.73	1.18	-0.06	-8.84	-4.23	-1.1500000000000001	-9.44	2.35	-0.22	-7.24	-6.6000000000000005
11:29:41.002136	0.19	-9.73	1.17	0.0	-8.83	-4.25	-1.09	-9.620000000000001	1.53	-0.22	-7.24	-6.6000000000000005
11:29:41.012421	0.19	-9.73	1.17	0.06	-8.82	-4.26	-0.99	-9.73	0.7000000000000001	-0.22	-7.24	-6.6000000000000005
11:29:41.022523	0.2	-9.73	1.16	0.12	-8.82	-4.2700000000000005	-0.99	-9.73	0.7000000000000001	-0.1	-7.74	-6.0200000000000005
11:29:41.032592	0.21	-9.73	1.1400000000000001	0.18	-8.82	-4.26	-0.93	-9.75	0.29	-0.07	-8.38	-5.09
11:29:41.043098	0.21	-9.73	1.1300000000000001	0.23	-8.83	-4.25	-0.8200000000000001	-9.75	-0.51	-0.07	-8.38	-5.09
11:29:41.053291	0.21	-9.73	1.12	0.26	-8.83	-4.24	-0.8200000000000001	-9.75	-0.51	-0.1	-8.75	-4.41
11:29:41.063360	0.21	-9.74	1.11	0.3	-8.84	-4.22	-0.8200000000000001	-9.75	-0.51	-0.12	-8.92	-4.0600000000000005
11:29:41.073626	0.2	-9.74	1.08	0.33	-8.85	-4.19	-0.7000000000000001	-9.63	-1.68	-0.12	-8.92	-4.0600000000000005
11:29:41.083696	0.2	-9.74	1.07	0.33	-8.85	-4.19	-0.67	-9.56	-2.05	-0.12	-8.92	-4.0600000000000005
11:29:41.093827	0.19	-9.74	1.05	0.39	-8.89	-4.1	-0.67	-9.56	-2.05	-0.1	-9.32	-3.0300000000000002
11:29:41.103911	0.17	-9.74	1.04	0.42	-8.91	-4.05	-0.63	-9.39	-2.75	-0.1	-9.32	-3.0300000000000002
11:29:41.114637	0.16	-9.75	1.03	0.44	-8.94	-3.99	-0.62	-9.290000000000001	-3.0700000000000003	-0.1	-9.5	-2.4
11:29:41.124709	0.14	-9.75	1.0	0.44	-8.97	-3.93	-0.61	-9.19	-3.36	-0.1	-9.5	-2.4
11:29:41.134821	0.12	-9.75	0.99	0.44	-8.99	-3.87	-0.62	-9.08	-3.63	-0.1	-9.5	-2.4
11:29:41.144896	0.12	-9.75	0.99	0.42	-9.01	-3.8200000000000003	-0.63	-8.98	-3.86	-0.09	-9.67	-1.62
11:29:41.155268	0.11	-9.75	0.98	0.41000000000000003	-9.03	-3.77	-0.65	-8.89	-4.07	-0.09	-9.67	-1.62
11:29:41.165398	0.1	-9.75	0.97	0.41000000000000003	-9.03	-3.77	-0.67	-8.81	-4.24	-0.09	-9.67	-1.62
11:29:41.175521	0.1	-9.75	0.97	0.4	-9.07	-3.7	-0.68	-8.74	-4.37	-0.15	-9.74	-1.08
11:29:41.185658	0.09	-9.75	0.9500000000000001	0.4	-9.07	-3.7	-0.6900000000000001	-8.69	-4.48	-0.15	-9.74	-1.08
11:29:41.195788	0.09	-9.76	0.9400000000000001	0.41000000000000003	-9.08	-3.66	-0.6900000000000001	-8.66	-4.54	-0.15	-9.74	-1.08
11:29:41.206403	0.09	-9.76	0.93	0.42	-9.08	-3.66	-0.6900000000000001	-8.64	-4.57	-0.21	-9.76	-0.92
11:29:41.216494	0.09	-9.76	0.92	0.44	-9.08	-3.66	-0.68	-8.64	-4.57	-0.21	-9.76	-0.92
11:29:41.226570	0.09	-9.76	0.91	0.45	-9.07	-3.68	-0.68	-8.67	-4.5200000000000005	-0.21	-9.76	-0.92
11:29:41.237128	0.09	-9.76	0.91	0.46	-9.06	-3.7	-0.68	-8.700000000000001	-4.45	-0.21	-9.76	-0.92
11:29:41.247249	0.08	-9.76	0.89	0.47000000000000003	-9.06	-3.71	-0.6900000000000001	-8.75	-4.3500000000000005	-0.21	-9.76	-0.92
11:29:41.257565	0.08	-9.76	0.88	0.47000000000000003	-9.05	-3.72	-0.7000000000000001	-8.82	-4.22	-0.14	-9.700000000000001	-1.3800000000000001
11:29:41.267636	0.08	-9.76	0.87	0.47000000000000003	-9.05	-3.74	-0.71	-8.88	-4.07	-0.1	-9.67	-1.58
11:29:41.277757	0.08	-9.76	0.87	0.46	-9.05	-3.74	-0.73	-8.96	-3.9	-0.08	-9.65	-1.71
11:29:41.287882	0.09	-9.76	0.87	0.46	-9.05	-3.74	-0.73	-9.03	-3.74	-0.08	-9.65	-1.71
11:29:41.297996	0.09	-9.76	0.87	0.43	-9.06	-3.71	-0.72	-9.08	-3.62	0.0	-9.66	-1.6300000000000001
11:29:41.308158	0.08	-9.76	0.88	0.4	-9.07	-3.69	-0.75	-9.11	-3.5300000000000002	0.08	-9.63	-1.84
11:29:41.318283	0.08	-9.76	0.9	0.38	-9.08	-3.67	-0.81	-9.15	-3.42	0.0	-9.58	-2.08
11:29:41.328891	0.09	-9.76	0.91	0.38	-9.08	-3.67	-0.87	-9.19	-3.2800000000000002	-0.14	-9.52	-2.32
11:29:41.338964	0.09	-9.76	0.92	0.39	-9.09	-3.65	-0.9	-9.25	-3.12	-0.27	-9.44	-2.61
11:29:41.349039	0.11	-9.76	0.92	0.41000000000000003	-9.09	-3.64	-0.9	-9.290000000000001	-2.98	-0.27	-9.44	-2.61
11:29:41.359120	0.12	-9.76	0.93	0.42	-9.1	-3.61	-0.88	-9.33	-2.85	-0.51	-9.28	-3.1
11:29:41.369275	0.13	-9.76	0.93	0.43	-9.11	-3.58	-0.84	-9.4	-2.64	-0.51	-9.28	-3.1
11:29:41.379352	0.13	-9.75	0.9400000000000001	0.41000000000000003	-9.13	-3.54	-0.8200000000000001	-9.43	-2.54	-0.65	-9.22	-3.25
11:29:41.389451	0.14	-9.75	0.9500000000000001	0.41000000000000003	-9.13	-3.54	-0.8200000000000001	-9.43	-2.54	-0.65	-9.22	-3.25
11:29:41.399572	0.15	-9.75	0.96	0.35000000000000003	-9.17	-3.45	-0.8	-9.49	-2.33	-0.65	-9.22	-3.25
11:29:41.410258	0.17	-9.75	0.97	0.34	-9.19	-3.39	-0.78	-9.51	-2.23	-0.65	-9.22	-3.25
11:29:41.420365	0.19	-9.75	0.97	0.34	-9.22	-3.31	-0.76	-9.540000000000001	-2.13	-0.6900000000000001	-9.14	-3.47
11:29:41.430438	0.21	-9.75	0.98	0.35000000000000003	-9.25	-3.21	-0.73	-9.56	-2.04	-0.6900000000000001	-9.07	-3.64
11:29:41.441006	0.23	-9.75	0.99	0.35000000000000003	-9.290000000000001	-3.09	-0.7000000000000001	-9.58	-1.96	-0.68	-9.03	-3.75
11:29:41.451147	0.26	-9.75	1.0	0.34	-9.33	-2.99	-0.67	-9.6	-1.8800000000000001	-0.68	-9.03	-3.75
11:29:41.461272	0.28	-9.74	1.02	0.29	-9.38	-2.84	-0.63	-9.61	-1.79	-0.65	-9.0	-3.83
11:29:41.471815	0.29	-9.74	1.03	0.25	-9.39	-2.79	-0.61	-9.63	-1.71	-0.64	-8.99	-3.84
11:29:41.481913	0.3	-9.74	1.04	0.25	-9.39	-2.79	-0.59	-9.65	-1.62	-0.64	-8.99	-3.84
11:29:41.492015	0.31	-9.74	1.05	0.16	-9.41	-2.73	-0.58	-9.66	-1.54	-0.64	-8.99	-3.84
11:29:41.502090	0.31	-9.74	1.06	0.16	-9.41	-2.73	-0.58	-9.68	-1.45	-0.64	-8.99	-3.84
11:29:41.512206	0.31	-9.74	1.07	0.11	-9.44	-2.63	-0.5700000000000001	-9.69	-1.36	-0.8	-8.85	-4.13
11:29:41.522306	0.3	-9.74	1.08	0.1	-9.46	-2.56	-0.5700000000000001	-9.700000000000001	-1.27	-0.8300000000000001	-8.83	-4.17
11:29:41.532989	0.29	-9.74	1.08	0.09	-9.48	-2.48	-0.5700000000000001	-9.71	-1.19	-0.78	-8.81	-4.22
11:29:41.543112	0.28	-9.74	1.08	0.08	-9.5	-2.4	-0.56	-9.72	-1.1	-0.74	-8.790000000000001	-4.26
11:29:41.553182	0.26	-9.74	1.08	0.08	-9.5	-2.4	-0.56	-9.73	-1.03	-0.7000000000000001	-8.76	-4.34
11:29:41.563267	0.25	-9.74	1.07	0.07	-9.55	-2.21	-0.55	-9.74	-0.9500000000000001	-0.7000000000000001	-8.76	-4.34
11:29:41.573559	0.24	-9.74	1.06	0.06	-9.57	-2.11	-0.55	-9.75	-0.88	-0.66	-8.66	-4.53
11:29:41.583631	0.23	-9.74	1.05	0.06	-9.57	-2.11	-0.55	-9.75	-0.81	-0.66	-8.66	-4.53
11:29:41.593706	0.23	-9.74	1.04	0.02	-9.61	-1.92	-0.55	-9.76	-0.74	-0.66	-8.66	-4.53
11:29:41.603830	0.23	-9.74	1.03	0.02	-9.61	-1.92	-0.55	-9.76	-0.68	-0.66	-8.64	-4.57
11:29:41.613927	0.23	-9.74	1.03	-0.04	-9.64	-1.75	-0.55	-9.77	-0.62	-0.66	-8.6	-4.65
11:29:41.624030	0.22	-9.75	1.02	-0.08	-9.66	-1.68	-0.55	-9.77	-0.56	-0.68	-8.58	-4.69
11:29:41.634132	0.22	-9.75	1.01	-0.08	-9.66	-1.68	-0.55	-9.77	-0.5	-0.68	-8.58	-4.69
11:29:41.644492	0.22	-9.75	1.0	-0.13	-9.67	-1.61	-0.55	-9.78	-0.44	-0.7000000000000001	-8.540000000000001	-4.76
11:29:41.655022	0.22	-9.75	1.0	-0.18	-9.68	-1.54	-0.55	-9.78	-0.39	-0.71	-8.52	-4.79
11:29:41.665542	0.22	-9.75	0.99	-0.29	-9.700000000000001	-1.3800000000000001	-0.54	-9.78	-0.34	-0.71	-8.52	-4.79
11:29:41.675985	0.22	-9.75	0.99	-0.34	-9.71	-1.3	-0.54	-9.78	-0.29	-0.68	-8.48	-4.86
11:29:41.686056	0.22	-9.75	0.99	-0.34	-9.71	-1.3	-0.53	-9.78	-0.25	-0.68	-8.48	-4.86
11:29:41.696182	0.21	-9.75	0.9500000000000001	-0.39	-9.72	-1.2	-0.53	-9.78	-0.21	-0.67	-8.43	-4.95
11:29:41.706252	0.21	-9.75	0.9500000000000001	-0.43	-9.73	-1.1	-0.52	-9.790000000000001	-0.16	-0.67	-8.43	-4.95
11:29:41.716332	0.21	-9.75	0.96	-0.48	-9.74	-1.01	-0.52	-9.790000000000001	-0.12	-0.68	-8.39	-5.0200000000000005
11:29:41.726403	0.21	-9.75	0.97	-0.58	-9.75	-0.84	-0.52	-9.790000000000001	-0.08	-0.68	-8.39	-5.0200000000000005
11:29:41.736471	0.21	-9.75	0.97	-0.64	-9.75	-0.78	-0.51	-9.790000000000001	-0.02	-0.68	-8.35	-5.08
11:29:41.746539	0.21	-9.75	0.9500000000000001	-0.64	-9.75	-0.78	-0.51	-9.790000000000001	0.01	-0.68	-8.33	-5.11
11:29:41.756610	0.2	-9.75	0.93	-0.6900000000000001	-9.75	-0.72	-0.5	-9.790000000000001	0.06	-0.68	-8.33	-5.11
11:29:41.766742	0.19	-9.76	0.91	-0.74	-9.75	-0.66	-0.46	-9.790000000000001	0.11	-0.68	-8.33	-5.11
11:29:41.776807	0.18	-9.76	0.88	-0.79	-9.75	-0.6	-0.43	-9.790000000000001	0.17	-0.67	-8.26	-5.23
11:29:41.786879	0.17	-9.76	0.86	-0.84	-9.75	-0.53	-0.39	-9.790000000000001	0.23	-0.67	-8.26	-5.23
11:29:41.796952	0.17	-9.76	0.88	-0.89	-9.75	-0.46	-0.38	-9.790000000000001	0.28	-0.67	-8.26	-5.23
11:29:41.807030	0.16	-9.76	0.89	-0.9400000000000001	-9.75	-0.39	-0.38	-9.790000000000001	0.34	-0.67	-8.26	-5.23
11:29:41.817106	0.15	-9.76	0.91	-0.99	-9.75	-0.31	-0.37	-9.790000000000001	0.41000000000000003	-0.67	-8.16	-5.39
11:29:41.827212	0.15	-9.76	0.92	-1.04	-9.74	-0.25	-0.37	-9.78	0.48	-0.67	-8.16	-5.39
11:29:41.837365	0.14	-9.76	0.93	-1.08	-9.74	-0.2	-0.37	-9.78	0.54	-0.67	-8.16	-5.39
11:29:41.847517	0.13	-9.75	0.9500000000000001	-1.1300000000000001	-9.73	-0.14	-0.37	-9.77	0.62	-0.6900000000000001	-8.07	-5.51
11:29:41.857589	0.12	-9.75	0.96	-1.18	-9.73	-0.1	-0.37	-9.77	0.6900000000000001	-0.77	-8.040000000000001	-5.55
11:29:41.867712	0.12	-9.75	0.98	-1.23	-9.72	-0.07	-0.36	-9.76	0.85	-0.8200000000000001	-7.99	-5.61
11:29:41.877810	0.11	-9.75	0.99	-1.28	-9.72	-0.03	-0.36	-9.76	0.85	-0.84	-7.94	-5.69
11:29:41.887944	0.1	-9.75	1.01	-1.32	-9.71	0.0	-0.36	-9.75	0.93	-0.86	-7.88	-5.76
11:29:41.898066	0.09	-9.75	1.02	-1.37	-9.71	0.04	-0.37	-9.74	1.02	-0.86	-7.88	-5.76
11:29:41.908650	0.09	-9.75	1.04	-1.41	-9.700000000000001	0.08	-0.38	-9.73	1.1	-0.88	-7.76	-5.92
11:29:41.918727	0.08	-9.74	1.05	-1.45	-9.69	0.12	-0.39	-9.72	1.19	-0.91	-7.69	-6.0
11:29:41.928844	0.07	-9.74	1.07	-1.5	-9.68	0.16	-0.42	-9.69	1.3900000000000001	-0.91	-7.69	-6.0
11:29:41.938982	0.07	-9.74	1.08	-1.54	-9.68	0.19	-0.44	-9.68	1.49	-0.99	-7.5600000000000005	-6.16
11:29:41.949610	0.07	-9.74	1.1	-1.59	-9.67	0.21	-0.46	-9.66	1.59	-1.04	-7.48	-6.25
11:29:41.959683	0.07	-9.74	1.11	-1.6400000000000001	-9.66	0.23	-0.49	-9.64	1.7	-1.04	-7.48	-6.25
11:29:41.969758	0.07	-9.74	1.12	-1.68	-9.65	0.24	-0.51	-9.620000000000001	1.81	-1.16	-7.3100000000000005	-6.42
11:29:41.979830	0.07	-9.73	1.1300000000000001	-1.73	-9.64	0.24	-0.54	-9.6	1.92	-1.22	-7.22	-6.51
11:29:41.989959	0.07	-9.73	1.1500000000000001	-1.78	-9.64	0.24	-0.56	-9.57	2.04	-1.28	-7.12	-6.61
11:29:42.000036	0.07	-9.73	1.16	-1.82	-9.63	0.24	-0.59	-9.540000000000001	2.17	-1.34	-7.01	-6.71
11:29:42.010133	0.07	-9.73	1.17	-1.86	-9.620000000000001	0.24	-0.62	-9.51	2.29	-1.34	-7.01	-6.71
11:29:42.020810	0.07	-9.73	1.17	-1.9000000000000001	-9.61	0.24	-0.65	-9.47	2.42	-1.46	-6.8	-6.91
11:29:42.030908	0.07	-9.73	1.17	-1.97	-9.6	0.24	-0.7000000000000001	-9.44	2.5500000000000003	-1.53	-6.54	-7.13
11:29:42.041525	0.06	-9.73	1.17	-2.0	-9.59	0.23	-0.74	-9.4	2.69	-1.53	-6.54	-7.13
11:29:42.051717	0.05	-9.73	1.1500000000000001	-2.02	-9.59	0.21	-0.79	-9.35	2.82	-1.7	-6.3100000000000005	-7.3
11:29:42.061853	0.04	-9.74	1.1300000000000001	-2.0300000000000002	-9.59	0.19	-0.8200000000000001	-9.3	2.97	-1.7	-6.3100000000000005	-7.3
11:29:42.072370	0.03	-9.74	1.1	-2.0300000000000002	-9.59	0.16	-0.84	-9.25	3.13	-1.8	-6.0	-7.53
11:29:42.082893	0.04	-9.74	1.08	-2.02	-9.59	0.12	-0.88	-9.19	3.29	-1.8	-6.0	-7.53
11:29:42.093706	0.06	-9.74	1.06	-2.0	-9.59	0.07	-0.92	-9.13	3.45	-1.96	-5.67	-7.75
11:29:42.103775	0.09	-9.74	1.05	-1.98	-9.6	0.01	-0.96	-9.06	3.6	-2.05	-5.47	-7.86
11:29:42.113849	0.12	-9.74	1.05	-1.95	-9.6	-0.06	-1.06	-8.98	3.7800000000000002	-2.12	-5.2700000000000005	-7.98
11:29:42.123925	0.15	-9.74	1.04	-1.92	-9.61	-0.16	-1.19	-8.89	3.95	-2.16	-5.07	-8.1
11:29:42.134041	0.16	-9.74	1.03	-1.8900000000000001	-9.61	-0.28	-1.35	-8.8	4.1	-2.17	-4.84	-8.24
11:29:42.144401	0.18	-9.75	1.03	-1.85	-9.620000000000001	-0.42	-1.49	-8.71	4.24	-2.15	-4.55	-8.41
11:29:42.154610	0.19	-9.75	1.03	-1.81	-9.61	-0.59	-1.6	-8.620000000000001	4.38	-2.17	-4.19	-8.59
11:29:42.164706	0.2	-9.75	1.02	-1.75	-9.61	-0.77	-1.67	-8.52	4.54	-2.25	-3.72	-8.78
11:29:42.175243	0.22	-9.75	1.02	-1.69	-9.6	-0.97	-1.73	-8.42	4.69	-2.37	-3.22	-8.950000000000001
11:29:42.185348	0.24	-9.75	1.01	-1.62	-9.59	-1.2	-1.8	-8.32	4.8500000000000005	-2.5	-2.77	-9.06
11:29:42.195443	0.25	-9.75	1.0	-1.53	-9.58	-1.42	-1.87	-8.23	4.98	-2.58	-2.31	-9.17
11:29:42.205597	0.26	-9.75	0.99	-1.44	-9.56	-1.61	-1.92	-8.15	5.08	-2.58	-2.31	-9.17
11:29:42.215758	0.27	-9.75	0.98	-1.34	-9.55	-1.77	-1.93	-8.08	5.19	-2.86	-1.59	-9.24
11:29:42.225884	0.28	-9.75	0.9500000000000001	-1.24	-9.53	-1.9100000000000001	-1.93	-8.01	5.3	-2.93	-1.4000000000000001	-9.25
11:29:42.235994	0.28	-9.75	0.9400000000000001	-1.1400000000000001	-9.52	-2.04	-1.93	-7.95	5.4	-2.68	-1.3900000000000001	-9.32
11:29:42.246146	0.29	-9.75	0.9400000000000001	-1.05	-9.5	-2.15	-1.9100000000000001	-7.9	5.47	-2.34	-1.6300000000000001	-9.38
11:29:42.256703	0.29	-9.75	0.93	-0.97	-9.48	-2.27	-1.8900000000000001	-7.890000000000001	5.5	-2.34	-1.6300000000000001	-9.38
11:29:42.266829	0.29	-9.75	0.93	-0.89	-9.46	-2.4	-1.84	-7.9	5.49	-2.05	-2.29	-9.3
11:29:42.276909	0.29	-9.75	0.9400000000000001	-0.81	-9.43	-2.54	-1.76	-7.94	5.47	-2.05	-2.29	-9.3
11:29:42.286978	0.29	-9.75	0.9400000000000001	-0.73	-9.39	-2.69	-1.67	-7.99	5.41	-1.94	-2.59	-9.25
11:29:42.297047	0.3	-9.75	0.9400000000000001	-0.66	-9.35	-2.85	-1.58	-8.07	5.34	-1.71	-2.83	-9.22
11:29:42.307182	0.3	-9.75	0.9500000000000001	-0.59	-9.31	-2.99	-1.47	-8.15	5.23	-1.71	-2.83	-9.22
11:29:42.317284	0.3	-9.75	0.9500000000000001	-0.52	-9.28	-3.12	-1.37	-8.25	5.1000000000000005	-1.71	-2.83	-9.22
11:29:42.327574	0.31	-9.75	0.96	-0.46	-9.24	-3.24	-1.29	-8.370000000000001	4.93	-1.68	-3.8200000000000003	-8.870000000000001
11:29:42.337701	0.31	-9.75	0.96	-0.4	-9.200000000000001	-3.35	-1.22	-8.49	4.74	-1.6	-4.08	-8.76
11:29:42.347858	0.31	-9.75	0.97	-0.34	-9.16	-3.46	-1.16	-8.620000000000001	4.51	-1.52	-4.41	-8.620000000000001
11:29:42.358373	0.31	-9.75	0.98	-0.3	-9.120000000000001	-3.5700000000000003	-1.1	-8.76	4.25	-1.47	-4.79	-8.42
11:29:42.369853	0.31	-9.75	0.98	-0.26	-9.08	-3.67	-0.98	-9.040000000000001	3.65	-1.4000000000000001	-5.16	-8.21
11:29:42.379933	0.32	-9.75	0.98	-0.23	-9.040000000000001	-3.77	-0.93	-9.18	3.31	-1.29	-5.5200000000000005	-7.99
11:29:42.390282	0.32	-9.75	0.98	-0.2	-9.01	-3.86	-0.9	-9.3	2.95	-1.1500000000000001	-5.88	-7.76
11:29:42.400725	0.33	-9.75	0.99	-0.16	-8.97	-3.93	-0.87	-9.42	2.5500000000000003	-1.02	-6.22	-7.51
11:29:42.410829	0.33	-9.75	0.99	-0.07	-8.93	-4.04	-0.85	-9.53	2.14	-0.79	-6.8100000000000005	-7.0
11:29:42.420943	0.34	-9.75	0.99	-0.02	-8.91	-4.08	-0.8300000000000001	-9.61	1.72	-0.79	-6.8100000000000005	-7.0
11:29:42.431046	0.35000000000000003	-9.75	0.99	0.02	-8.9	-4.11	-0.79	-9.68	1.29	-0.6900000000000001	-7.08	-6.74
11:29:42.441144	0.35000000000000003	-9.75	0.98	0.08	-8.88	-4.13	-0.76	-9.73	0.85	-0.6	-7.34	-6.47
11:29:42.451725	0.36	-9.75	0.97	0.13	-8.88	-4.15	-0.72	-9.77	0.42	-0.47000000000000003	-7.84	-5.86
11:29:42.461797	0.36	-9.75	0.96	0.18	-8.870000000000001	-4.16	-0.68	-9.78	0.0	-0.45	-8.07	-5.54
11:29:42.471950	0.37	-9.75	0.9500000000000001	0.23	-8.870000000000001	-4.15	-0.63	-9.77	-0.43	-0.43	-8.27	-5.23
11:29:42.482025	0.37	-9.75	0.9400000000000001	0.28	-8.88	-4.13	-0.59	-9.75	-0.84	-0.43	-8.46	-4.93
11:29:42.492095	0.38	-9.75	0.93	0.32	-8.89	-4.11	-0.54	-9.71	-1.25	-0.43	-8.46	-4.93
11:29:42.502384	0.38	-9.75	0.92	0.36	-8.9	-4.09	-0.5	-9.65	-1.6500000000000001	-0.44	-8.81	-4.2700000000000005
11:29:42.512478	0.38	-9.75	0.9	0.4	-8.91	-4.07	-0.46	-9.58	-2.0300000000000002	-0.44	-8.96	-3.95
11:29:42.522550	0.38	-9.75	0.89	0.43	-8.92	-4.04	-0.42	-9.49	-2.4	-0.44	-9.09	-3.64
11:29:42.532672	0.38	-9.75	0.87	0.47000000000000003	-8.93	-4.01	-0.39	-9.4	-2.74	-0.44	-9.21	-3.3200000000000003
11:29:42.542743	0.37	-9.76	0.86	0.5	-8.94	-3.97	-0.37	-9.3	-3.0700000000000003	-0.44	-9.32	-3.0100000000000002
11:29:42.552939	0.37	-9.76	0.85	0.53	-8.96	-3.94	-0.35000000000000003	-9.200000000000001	-3.37	-0.45	-9.41	-2.71
11:29:42.563055	0.36	-9.76	0.8300000000000001	0.56	-8.97	-3.9	-0.34	-9.09	-3.65	-0.45	-9.48	-2.43
11:29:42.573646	0.35000000000000003	-9.76	0.8200000000000001	0.5700000000000001	-8.99	-3.86	-0.34	-8.99	-3.89	-0.45	-9.55	-2.17
11:29:42.583765	0.34	-9.76	0.81	0.5700000000000001	-9.01	-3.8200000000000003	-0.35000000000000003	-8.89	-4.11	-0.45	-9.55	-2.17
11:29:42.594286	0.33	-9.76	0.8	0.5700000000000001	-9.02	-3.7800000000000002	-0.37	-8.8	-4.3	-0.45	-9.64	-1.7
11:29:42.604377	0.33	-9.76	0.78	0.56	-9.040000000000001	-3.74	-0.4	-8.72	-4.46	-0.45	-9.68	-1.5
11:29:42.614455	0.32	-9.77	0.77	0.56	-9.06	-3.7	-0.41000000000000003	-8.65	-4.58	-0.45	-9.700000000000001	-1.32
11:29:42.624530	0.31	-9.77	0.76	0.55	-9.07	-3.67	-0.43	-8.6	-4.67	-0.45	-9.72	-1.19
11:29:42.634667	0.3	-9.77	0.75	0.56	-9.08	-3.64	-0.43	-8.57	-4.73	-0.44	-9.73	-1.09
11:29:42.644734	0.29	-9.77	0.74	0.5700000000000001	-9.09	-3.62	-0.43	-8.56	-4.75	-0.44	-9.74	-1.04
11:29:42.654806	0.28	-9.77	0.72	0.58	-9.09	-3.6	-0.43	-8.56	-4.74	-0.44	-9.74	-1.03
11:29:42.664906	0.27	-9.77	0.71	0.6	-9.09	-3.6	-0.42	-8.59	-4.7	-0.44	-9.73	-1.06
11:29:42.674980	0.26	-9.77	0.7000000000000001	0.61	-9.09	-3.61	-0.42	-8.63	-4.63	-0.44	-9.73	-1.12
11:29:42.685054	0.25	-9.77	0.6900000000000001	0.63	-9.08	-3.62	-0.42	-8.68	-4.53	-0.44	-9.73	-1.12
11:29:42.695122	0.23	-9.77	0.68	0.64	-9.08	-3.63	-0.43	-8.74	-4.4	-0.43	-9.71	-1.3
11:29:42.705787	0.22	-9.78	0.67	0.65	-9.07	-3.65	-0.45	-8.81	-4.26	-0.4	-9.69	-1.41
11:29:42.715877	0.21	-9.78	0.67	0.66	-9.07	-3.66	-0.47000000000000003	-8.89	-4.09	-0.36	-9.66	-1.61
11:29:42.725948	0.2	-9.78	0.66	0.66	-9.06	-3.68	-0.5	-8.97	-3.92	-0.34	-9.620000000000001	-1.82
11:29:42.736028	0.19	-9.78	0.65	0.66	-9.06	-3.69	-0.51	-9.040000000000001	-3.75	-0.33	-9.6	-1.96
11:29:42.746096	0.17	-9.78	0.65	0.65	-9.05	-3.69	-0.49	-9.09	-3.63	-0.38	-9.61	-1.9100000000000001
11:29:42.756213	0.14	-9.78	0.66	0.63	-9.06	-3.69	-0.5	-9.11	-3.5700000000000003	-0.31	-9.64	-1.75
11:29:42.766283	0.14	-9.78	0.66	0.6	-9.07	-3.66	-0.53	-9.14	-3.5	-0.15	-9.61	-1.92
11:29:42.776350	0.13	-9.78	0.68	0.58	-9.09	-3.62	-0.58	-9.18	-3.38	-0.16	-9.55	-2.21
11:29:42.786427	0.12	-9.78	0.6900000000000001	0.55	-9.11	-3.58	-0.6	-9.23	-3.24	-0.16	-9.55	-2.21
11:29:42.796543	0.11	-9.77	0.72	0.54	-9.120000000000001	-3.56	-0.6	-9.28	-3.1	-0.43	-9.370000000000001	-2.84
11:29:42.806630	0.11	-9.77	0.73	0.53	-9.13	-3.5300000000000002	-0.58	-9.32	-2.97	-0.54	-9.25	-3.2
11:29:42.816761	0.11	-9.77	0.74	0.54	-9.13	-3.5300000000000002	-0.55	-9.36	-2.85	-0.64	-9.16	-3.43
11:29:42.827220	0.11	-9.77	0.75	0.54	-9.13	-3.5300000000000002	-0.54	-9.39	-2.74	-0.76	-9.11	-3.5300000000000002
11:29:42.837380	0.12	-9.77	0.77	0.55	-9.13	-3.52	-0.54	-9.43	-2.62	-0.84	-9.08	-3.59
11:29:42.847478	0.13	-9.77	0.78	0.54	-9.14	-3.49	-0.55	-9.46	-2.49	-0.86	-9.09	-3.5700000000000003
11:29:42.857646	0.13	-9.77	0.78	0.52	-9.16	-3.45	-0.5700000000000001	-9.49	-2.37	-0.8300000000000001	-9.11	-3.5
11:29:42.868343	0.17	-9.77	0.81	0.5	-9.18	-3.4	-0.58	-9.52	-2.2600000000000002	-0.81	-9.11	-3.5100000000000002
11:29:42.878453	0.19	-9.76	0.8300000000000001	0.48	-9.200000000000001	-3.34	-0.56	-9.540000000000001	-2.16	-0.81	-9.08	-3.6
11:29:42.888577	0.22	-9.76	0.84	0.48	-9.23	-3.25	-0.48	-9.58	-1.99	-0.8	-9.03	-3.72
11:29:42.898683	0.23	-9.76	0.86	0.46	-9.27	-3.14	-0.45	-9.6	-1.9100000000000001	-0.8	-8.98	-3.83
11:29:42.909238	0.25	-9.76	0.87	0.44	-9.31	-3.0300000000000002	-0.42	-9.620000000000001	-1.82	-0.8200000000000001	-8.94	-3.93
11:29:42.919360	0.25	-9.76	0.88	0.41000000000000003	-9.34	-2.94	-0.41000000000000003	-9.64	-1.74	-0.84	-8.91	-3.98
11:29:42.929431	0.26	-9.76	0.89	0.36	-9.36	-2.87	-0.4	-9.65	-1.6500000000000001	-0.84	-8.89	-4.03
11:29:42.939569	0.25	-9.76	0.9	0.31	-9.38	-2.82	-0.39	-9.67	-1.57	-0.8200000000000001	-8.88	-4.0600000000000005
11:29:42.949704	0.25	-9.76	0.9	0.25	-9.39	-2.79	-0.39	-9.68	-1.48	-0.81	-8.85	-4.12
11:29:42.960342	0.25	-9.76	0.9	0.2	-9.4	-2.77	-0.39	-9.69	-1.3900000000000001	-0.8200000000000001	-8.81	-4.21
11:29:42.970508	0.22	-9.76	0.9	0.13	-9.43	-2.66	-0.39	-9.71	-1.3	-0.8300000000000001	-8.77	-4.29
11:29:42.980604	0.21	-9.76	0.89	0.11	-9.450000000000001	-2.58	-0.39	-9.72	-1.22	-0.84	-8.75	-4.33
11:29:42.990684	0.21	-9.76	0.89	0.1	-9.48	-2.49	-0.39	-9.73	-1.1400000000000001	-0.8200000000000001	-8.74	-4.37
11:29:43.000776	0.19	-9.76	0.89	0.09	-9.5	-2.4	-0.39	-9.74	-1.06	-0.8200000000000001	-8.74	-4.37
11:29:43.010897	0.17	-9.76	0.88	0.08	-9.52	-2.31	-0.4	-9.74	-1.0	-0.77	-8.67	-4.5
11:29:43.021229	0.17	-9.76	0.88	0.07	-9.55	-2.22	-0.41000000000000003	-9.75	-0.93	-0.77	-8.67	-4.5
11:29:43.031341	0.16	-9.76	0.88	0.06	-9.57	-2.13	-0.41000000000000003	-9.75	-0.86	-0.75	-8.620000000000001	-4.6000000000000005
11:29:43.041486	0.16	-9.76	0.87	0.05	-9.59	-2.0300000000000002	-0.42	-9.76	-0.79	-0.73	-8.55	-4.74
11:29:43.051603	0.16	-9.76	0.86	0.04	-9.61	-1.92	-0.42	-9.77	-0.72	-0.72	-8.52	-4.79
11:29:43.062151	0.16	-9.76	0.86	0.01	-9.63	-1.82	-0.43	-9.77	-0.65	-0.71	-8.5	-4.83
11:29:43.072222	0.16	-9.76	0.85	-0.01	-9.65	-1.74	-0.43	-9.77	-0.58	-0.6900000000000001	-8.49	-4.8500000000000005
11:29:43.082315	0.16	-9.76	0.84	-0.06	-9.66	-1.67	-0.43	-9.78	-0.52	-0.68	-8.47	-4.87
11:29:43.092447	0.16	-9.76	0.84	-0.11	-9.67	-1.61	-0.43	-9.78	-0.46	-0.6900000000000001	-8.45	-4.92
11:29:43.102546	0.16	-9.76	0.8300000000000001	-0.16	-9.68	-1.55	-0.43	-9.78	-0.4	-0.7000000000000001	-8.41	-4.98
11:29:43.112621	0.16	-9.77	0.8200000000000001	-0.21	-9.68	-1.5	-0.43	-9.790000000000001	-0.34	-0.71	-8.38	-5.03
11:29:43.122747	0.16	-9.77	0.8200000000000001	-0.27	-9.69	-1.44	-0.43	-9.790000000000001	-0.29	-0.71	-8.36	-5.0600000000000005
11:29:43.133174	0.17	-9.77	0.81	-0.32	-9.700000000000001	-1.37	-0.43	-9.790000000000001	-0.24	-0.72	-8.34	-5.1000000000000005
11:29:43.143298	0.17	-9.77	0.81	-0.37	-9.71	-1.29	-0.43	-9.790000000000001	-0.18	-0.7000000000000001	-8.3	-5.16
11:29:43.153383	0.17	-9.77	0.79	-0.41000000000000003	-9.72	-1.2	-0.42	-9.790000000000001	-0.13	-0.68	-8.28	-5.2
11:29:43.163456	0.16	-9.77	0.77	-0.46	-9.73	-1.11	-0.42	-9.790000000000001	-0.07	-0.67	-8.26	-5.23
11:29:43.173533	0.17	-9.77	0.77	-0.51	-9.73	-1.02	-0.42	-9.790000000000001	-0.02	-0.67	-8.24	-5.26
11:29:43.183622	0.17	-9.77	0.78	-0.56	-9.74	-0.9400000000000001	-0.42	-9.790000000000001	0.03	-0.67	-8.21	-5.3100000000000005
11:29:43.193705	0.17	-9.77	0.79	-0.61	-9.74	-0.86	-0.42	-9.790000000000001	0.08	-0.67	-8.19	-5.34
11:29:43.203778	0.17	-9.77	0.8	-0.67	-9.75	-0.78	-0.42	-9.790000000000001	0.13	-0.67	-8.17	-5.36
11:29:43.213851	0.17	-9.77	0.79	-0.72	-9.75	-0.72	-0.42	-9.790000000000001	0.19	-0.67	-8.15	-5.39
11:29:43.223951	0.17	-9.77	0.8	-0.78	-9.75	-0.65	-0.41000000000000003	-9.790000000000001	0.24	-0.67	-8.120000000000001	-5.44
11:29:43.234052	0.17	-9.77	0.8200000000000001	-0.84	-9.75	-0.59	-0.41000000000000003	-9.790000000000001	0.3	-0.67	-8.1	-5.47
11:29:43.244202	0.17	-9.76	0.84	-0.9	-9.75	-0.52	-0.41000000000000003	-9.790000000000001	0.36	-0.67	-8.09	-5.49
11:29:43.254284	0.16	-9.76	0.85	-0.96	-9.74	-0.46	-0.41000000000000003	-9.78	0.42	-0.68	-8.06	-5.53
11:29:43.264361	0.16	-9.76	0.87	-1.03	-9.74	-0.4	-0.41000000000000003	-9.78	0.49	-0.67	-8.03	-5.58
11:29:43.274447	0.15	-9.76	0.89	-1.09	-9.73	-0.33	-0.41000000000000003	-9.78	0.56	-0.68	-8.01	-5.61
11:29:43.284906	0.14	-9.76	0.9	-1.1500000000000001	-9.73	-0.27	-0.4	-9.77	0.63	-0.73	-7.97	-5.65
11:29:43.295460	0.13	-9.76	0.92	-1.21	-9.72	-0.21	-0.4	-9.77	0.7000000000000001	-0.8	-7.930000000000001	-5.71
11:29:43.305691	0.12	-9.76	0.9400000000000001	-1.27	-9.72	-0.15	-0.41000000000000003	-9.76	0.78	-0.8	-7.930000000000001	-5.71
11:29:43.315759	0.11	-9.75	0.96	-1.33	-9.71	-0.1	-0.41000000000000003	-9.76	0.85	-0.85	-7.83	-5.83
11:29:43.325865	0.09	-9.75	0.98	-1.3800000000000001	-9.700000000000001	-0.05	-0.42	-9.75	0.93	-0.88	-7.78	-5.9
11:29:43.336045	0.08	-9.75	0.99	-1.44	-9.700000000000001	0.0	-0.44	-9.74	1.02	-0.89	-7.71	-5.98
11:29:43.346216	0.07	-9.75	1.01	-1.49	-9.69	0.04	-0.45	-9.73	1.11	-0.92	-7.65	-6.05
11:29:43.356675	0.05	-9.75	1.05	-1.54	-9.68	0.08	-0.47000000000000003	-9.72	1.2	-0.96	-7.59	-6.12
11:29:43.366973	0.04	-9.74	1.06	-1.6	-9.67	0.12	-0.48	-9.700000000000001	1.3	-1.0	-7.5200000000000005	-6.21
11:29:43.377064	0.04	-9.74	1.08	-1.6500000000000001	-9.66	0.15	-0.5	-9.69	1.4000000000000001	-1.04	-7.44	-6.29
11:29:43.387170	0.04	-9.74	1.08	-1.7	-9.65	0.17	-0.53	-9.67	1.5	-1.1	-7.37	-6.37
11:29:43.397277	0.04	-9.74	1.09	-1.75	-9.64	0.18	-0.55	-9.65	1.61	-1.16	-7.29	-6.45
11:29:43.407933	0.05	-9.74	1.11	-1.8	-9.63	0.2	-0.5700000000000001	-9.63	1.72	-1.16	-7.29	-6.45
11:29:43.418272	0.05	-9.74	1.12	-1.85	-9.620000000000001	0.2	-0.6	-9.61	1.84	-1.28	-7.1000000000000005	-6.640000000000001
11:29:43.428394	0.06	-9.74	1.1300000000000001	-1.9000000000000001	-9.61	0.21	-0.63	-9.58	1.95	-1.34	-7.0	-6.72
11:29:43.438669	0.06	-9.74	1.1300000000000001	-1.94	-9.6	0.21	-0.66	-9.56	2.08	-1.4000000000000001	-6.9	-6.8100000000000005
11:29:43.448753	0.05	-9.74	1.1300000000000001	-1.97	-9.6	0.21	-0.6900000000000001	-9.52	2.21	-1.46	-6.78	-6.92
11:29:43.458868	0.05	-9.73	1.1400000000000001	-2.0100000000000002	-9.59	0.21	-0.78	-9.450000000000001	2.48	-1.51	-6.66	-7.0200000000000005
11:29:43.468976	0.04	-9.74	1.1300000000000001	-2.0300000000000002	-9.59	0.2	-0.8200000000000001	-9.41	2.62	-1.54	-6.55	-7.12
11:29:43.479545	0.03	-9.74	1.11	-2.05	-9.58	0.19	-0.85	-9.36	2.7800000000000002	-1.6	-6.43	-7.22
11:29:43.489796	0.01	-9.74	1.09	-2.06	-9.58	0.17	-0.88	-9.31	2.95	-1.71	-6.3	-7.3100000000000005
11:29:43.499922	0.0	-9.74	1.07	-2.06	-9.58	0.14	-0.91	-9.25	3.11	-1.77	-6.140000000000001	-7.42
11:29:43.510479	0.0	-9.75	1.04	-2.06	-9.58	0.11	-0.9500000000000001	-9.18	3.29	-1.77	-6.140000000000001	-7.42
11:29:43.520601	0.0	-9.75	1.02	-2.04	-9.59	0.05	-0.99	-9.11	3.46	-1.8800000000000001	-5.82	-7.66
11:29:43.530735	0.0	-9.75	1.0	-1.99	-9.6	-0.09	-1.05	-9.040000000000001	3.65	-1.98	-5.62	-7.78
11:29:43.541273	0.02	-9.75	0.98	-1.96	-9.6	-0.2	-1.1300000000000001	-8.950000000000001	3.83	-2.07	-5.42	-7.890000000000001
11:29:43.551442	0.03	-9.75	0.96	-1.93	-9.6	-0.32	-1.25	-8.85	4.01	-2.15	-5.23	-8.0
11:29:43.561539	0.05	-9.76	0.9500000000000001	-1.8900000000000001	-9.61	-0.46	-1.4000000000000001	-8.75	4.18	-2.19	-5.0200000000000005	-8.13
11:29:43.571861	0.06	-9.76	0.93	-1.84	-9.61	-0.63	-1.56	-8.65	4.32	-2.23	-4.5	-8.42
11:29:43.582310	0.07	-9.76	0.92	-1.78	-9.6	-0.81	-1.69	-8.56	4.46	-2.25	-4.15	-8.59
11:29:43.592467	0.09	-9.76	0.91	-1.72	-9.6	-1.01	-1.79	-8.47	4.59	-2.31	-3.69	-8.78
11:29:43.603110	0.11	-9.76	0.9	-1.6400000000000001	-9.58	-1.24	-1.86	-8.38	4.73	-2.31	-3.69	-8.78
11:29:43.613214	0.12	-9.76	0.89	-1.54	-9.57	-1.46	-1.92	-8.28	4.87	-2.38	-3.16	-8.96
11:29:43.623317	0.14	-9.76	0.88	-1.44	-9.55	-1.67	-1.98	-8.19	5.0	-2.75	-2.14	-9.16
11:29:43.633386	0.15	-9.76	0.87	-1.32	-9.53	-1.84	-2.02	-8.120000000000001	5.11	-2.91	-1.68	-9.200000000000001
11:29:43.643671	0.16	-9.76	0.85	-1.22	-9.52	-1.97	-2.0300000000000002	-8.040000000000001	5.22	-3.02	-1.36	-9.22
11:29:43.653784	0.17	-9.76	0.84	-1.11	-9.51	-2.1	-2.02	-7.98	5.32	-3.06	-1.1400000000000001	-9.24
11:29:43.663854	0.17	-9.76	0.8200000000000001	-1.0	-9.49	-2.21	-2.0300000000000002	-7.92	5.41	-2.84	-1.07	-9.32
11:29:43.673963	0.17	-9.77	0.81	-0.91	-9.48	-2.31	-2.0300000000000002	-7.87	5.48	-2.5	-1.21	-9.4
11:29:43.684033	0.18	-9.77	0.81	-0.81	-9.46	-2.43	-2.02	-7.8500000000000005	5.51	-2.15	-1.55	-9.44
11:29:43.694100	0.18	-9.77	0.8	-0.73	-9.43	-2.56	-1.99	-7.86	5.51	-1.92	-1.95	-9.41
11:29:43.704184	0.17	-9.77	0.8	-0.65	-9.4	-2.7	-1.95	-7.890000000000001	5.47	-1.92	-1.95	-9.41
11:29:43.714256	0.17	-9.77	0.81	-0.58	-9.36	-2.86	-1.87	-7.95	5.41	-1.77	-2.5	-9.31
11:29:43.724347	0.18	-9.77	0.81	-0.52	-9.31	-3.0100000000000002	-1.78	-8.03	5.33	-1.52	-2.73	-9.290000000000001
11:29:43.734472	0.18	-9.77	0.81	-0.46	-9.26	-3.17	-1.67	-8.120000000000001	5.23	-1.29	-3.02	-9.23
11:29:43.744596	0.19	-9.76	0.8200000000000001	-0.41000000000000003	-9.22	-3.31	-1.56	-8.23	5.09	-1.27	-3.36	-9.120000000000001
11:29:43.754958	0.2	-9.76	0.84	-0.35000000000000003	-9.17	-3.43	-1.45	-8.35	4.93	-1.34	-3.67	-8.99
11:29:43.765479	0.21	-9.76	0.85	-0.3	-9.13	-3.5500000000000003	-1.36	-8.47	4.73	-1.35	-3.92	-8.88
11:29:43.775585	0.21	-9.76	0.86	-0.25	-9.09	-3.65	-1.29	-8.61	4.5	-1.31	-4.19	-8.76
11:29:43.786185	0.22	-9.76	0.87	-0.21	-9.05	-3.75	-1.22	-8.75	4.23	-1.3	-4.53	-8.59
11:29:43.796696	0.22	-9.76	0.88	-0.18	-9.02	-3.84	-1.1400000000000001	-8.9	3.95	-1.29	-4.93	-8.370000000000001
11:29:43.806777	0.23	-9.76	0.88	-0.16	-8.98	-3.92	-1.07	-9.040000000000001	3.64	-1.29	-4.93	-8.370000000000001
11:29:43.816897	0.24	-9.76	0.89	-0.14	-8.94	-4.01	-1.0	-9.17	3.3000000000000003	-1.1300000000000001	-5.72	-7.87
11:29:43.827010	0.25	-9.76	0.89	-0.12	-8.91	-4.08	-0.9400000000000001	-9.3	2.94	-1.02	-6.08	-7.61
11:29:43.837120	0.26	-9.76	0.9	-0.09	-8.88	-4.15	-0.9	-9.42	2.54	-0.91	-6.41	-7.36
11:29:43.847846	0.27	-9.76	0.9	-0.06	-8.85	-4.2	-0.86	-9.53	2.13	-0.79	-6.7	-7.11
11:29:43.857947	0.28	-9.76	0.9	-0.01	-8.83	-4.24	-0.8300000000000001	-9.620000000000001	1.7	-0.68	-6.96	-6.86
11:29:43.868071	0.29	-9.76	0.9	0.03	-8.82	-4.28	-0.8	-9.68	1.27	-0.5700000000000001	-7.21	-6.61
11:29:43.878141	0.3	-9.76	0.89	0.08	-8.81	-4.3	-0.76	-9.74	0.84	-0.47000000000000003	-7.46	-6.33
11:29:43.888262	0.31	-9.76	0.89	0.14	-8.8	-4.3	-0.71	-9.77	0.41000000000000003	-0.4	-7.71	-6.04
11:29:43.898329	0.31	-9.76	0.88	0.21	-8.81	-4.29	-0.65	-9.78	-0.01	-0.36	-7.930000000000001	-5.74
11:29:43.908866	0.32	-9.76	0.87	0.27	-8.81	-4.28	-0.59	-9.77	-0.43	-0.35000000000000003	-8.15	-5.43
11:29:43.918972	0.32	-9.76	0.86	0.34	-8.82	-4.26	-0.54	-9.75	-0.84	-0.35000000000000003	-8.35	-5.11
11:29:43.929139	0.33	-9.76	0.85	0.39	-8.82	-4.24	-0.44	-9.65	-1.6500000000000001	-0.35000000000000003	-8.55	-4.78
11:29:43.939266	0.32	-9.76	0.84	0.43	-8.83	-4.22	-0.4	-9.58	-2.0300000000000002	-0.36	-8.73	-4.43
11:29:43.949883	0.32	-9.76	0.8300000000000001	0.47000000000000003	-8.84	-4.2	-0.36	-9.49	-2.41	-0.37	-8.9	-4.08
11:29:43.959993	0.31	-9.76	0.8200000000000001	0.53	-8.870000000000001	-4.12	-0.33	-9.4	-2.7600000000000002	-0.37	-9.05	-3.74
11:29:43.970079	0.3	-9.76	0.81	0.5700000000000001	-8.89	-4.08	-0.3	-9.290000000000001	-3.09	-0.36	-9.18	-3.4
11:29:43.980196	0.29	-9.76	0.8	0.59	-8.92	-4.0200000000000005	-0.28	-9.19	-3.4	-0.35000000000000003	-9.3	-3.0700000000000003
11:29:43.990837	0.28	-9.77	0.79	0.61	-8.94	-3.96	-0.26	-9.08	-3.69	-0.35000000000000003	-9.4	-2.7600000000000002
11:29:44.000935	0.26	-9.77	0.78	0.61	-8.97	-3.91	-0.26	-8.97	-3.94	-0.36	-9.540000000000001	-2.22
11:29:44.011082	0.24	-9.77	0.77	0.61	-8.99	-3.85	-0.26	-8.870000000000001	-4.16	-0.38	-9.59	-1.98
11:29:44.021183	0.23	-9.77	0.76	0.61	-9.01	-3.8000000000000003	-0.28	-8.78	-4.34	-0.4	-9.63	-1.77
11:29:44.031820	0.21	-9.77	0.75	0.6	-9.03	-3.75	-0.3	-8.71	-4.49	-0.41000000000000003	-9.66	-1.58
11:29:44.041961	0.19	-9.77	0.73	0.6	-9.05	-3.7	-0.31	-8.65	-4.6000000000000005	-0.43	-9.69	-1.41
11:29:44.052560	0.17	-9.77	0.72	0.61	-9.07	-3.67	-0.32	-8.61	-4.67	-0.45	-9.71	-1.28
11:29:44.062643	0.15	-9.77	0.71	0.62	-9.07	-3.65	-0.33	-8.59	-4.7	-0.47000000000000003	-9.72	-1.2
11:29:44.072731	0.14	-9.78	0.6900000000000001	0.65	-9.08	-3.63	-0.33	-8.6	-4.69	-0.48	-9.72	-1.17
11:29:44.082801	0.12	-9.78	0.68	0.67	-9.08	-3.63	-0.33	-8.620000000000001	-4.65	-0.49	-9.72	-1.18
11:29:44.092906	0.11	-9.78	0.67	0.7000000000000001	-9.08	-3.63	-0.32	-8.66	-4.57	-0.5	-9.71	-1.23
11:29:44.102980	0.11	-9.78	0.66	0.72	-9.07	-3.65	-0.32	-8.72	-4.46	-0.5	-9.700000000000001	-1.32
11:29:44.113059	0.1	-9.78	0.65	0.73	-9.06	-3.67	-0.33	-8.790000000000001	-4.33	-0.49	-9.69	-1.42
11:29:44.123131	0.1	-9.78	0.64	0.73	-9.05	-3.69	-0.34	-8.86	-4.17	-0.45	-9.67	-1.56
11:29:44.133201	0.09	-9.78	0.64	0.73	-9.040000000000001	-3.71	-0.37	-8.94	-3.99	-0.39	-9.63	-1.78
11:29:44.143277	0.08	-9.78	0.63	0.72	-9.03	-3.73	-0.4	-9.02	-3.81	-0.34	-9.59	-1.98
11:29:44.153350	0.07	-9.78	0.63	0.71	-9.03	-3.74	-0.41000000000000003	-9.09	-3.65	-0.31	-9.57	-2.1
11:29:44.163462	0.06	-9.78	0.63	0.6900000000000001	-9.03	-3.75	-0.41000000000000003	-9.120000000000001	-3.56	-0.33	-9.59	-2.0100000000000002
11:29:44.173548	0.05	-9.78	0.64	0.67	-9.040000000000001	-3.73	-0.44	-9.14	-3.52	-0.25	-9.620000000000001	-1.84
11:29:44.183619	0.04	-9.78	0.65	0.66	-9.06	-3.68	-0.5	-9.16	-3.45	-0.15	-9.59	-2.0
11:29:44.193693	0.02	-9.78	0.66	0.64	-9.08	-3.63	-0.55	-9.200000000000001	-3.33	-0.21	-9.53	-2.29
11:29:44.203767	0.0	-9.78	0.67	0.61	-9.11	-3.5700000000000003	-0.5700000000000001	-9.25	-3.2	-0.38	-9.44	-2.59
11:29:44.213848	-0.01	-9.78	0.6900000000000001	0.6	-9.13	-3.5	-0.5700000000000001	-9.290000000000001	-3.08	-0.52	-9.34	-2.91
11:29:44.223922	-0.01	-9.78	0.7000000000000001	0.59	-9.14	-3.47	-0.55	-9.32	-2.97	-0.61	-9.23	-3.23
11:29:44.233994	-0.02	-9.78	0.71	0.58	-9.15	-3.47	-0.52	-9.36	-2.86	-0.7000000000000001	-9.15	-3.43
11:29:44.244064	-0.02	-9.77	0.72	0.5700000000000001	-9.15	-3.46	-0.5	-9.39	-2.7600000000000002	-0.78	-9.11	-3.54
11:29:44.254400	-0.02	-9.77	0.75	0.56	-9.16	-3.43	-0.49	-9.42	-2.65	-0.81	-9.08	-3.59
11:29:44.264535	-0.02	-9.77	0.76	0.54	-9.18	-3.38	-0.49	-9.450000000000001	-2.5300000000000002	-0.81	-9.09	-3.5700000000000003
11:29:44.274653	-0.01	-9.77	0.78	0.53	-9.21	-3.3200000000000003	-0.49	-9.48	-2.43	-0.8	-9.120000000000001	-3.5
11:29:44.284814	0.0	-9.77	0.8	0.52	-9.24	-3.23	-0.48	-9.51	-2.33	-0.8	-9.1	-3.54
11:29:44.295079	0.01	-9.77	0.81	0.52	-9.27	-3.13	-0.46	-9.53	-2.24	-0.81	-9.05	-3.68
11:29:44.305185	0.03	-9.77	0.8300000000000001	0.52	-9.31	-3.0100000000000002	-0.43	-9.55	-2.16	-0.8300000000000001	-8.98	-3.83
11:29:44.315302	0.05	-9.76	0.84	0.51	-9.35	-2.9	-0.39	-9.57	-2.08	-0.85	-8.93	-3.95
11:29:44.325415	0.06	-9.76	0.86	0.48	-9.38	-2.81	-0.36	-9.59	-2.0	-0.87	-8.89	-4.04
11:29:44.335557	0.07	-9.76	0.87	0.44	-9.4	-2.73	-0.34	-9.61	-1.92	-0.86	-8.88	-4.0600000000000005
11:29:44.345777	0.07	-9.76	0.89	0.38	-9.42	-2.68	-0.32	-9.620000000000001	-1.83	-0.85	-8.870000000000001	-4.07
11:29:44.355852	0.07	-9.76	0.9	0.33	-9.43	-2.64	-0.31	-9.64	-1.75	-0.84	-8.870000000000001	-4.08
11:29:44.366069	0.07	-9.76	0.91	0.28	-9.44	-2.61	-0.3	-9.65	-1.67	-0.84	-8.84	-4.15
11:29:44.376250	0.06	-9.76	0.91	0.23	-9.450000000000001	-2.59	-0.3	-9.67	-1.58	-0.87	-8.8	-4.23
11:29:44.386322	0.05	-9.76	0.92	0.2	-9.46	-2.5300000000000002	-0.29	-9.68	-1.49	-0.9	-8.76	-4.3100000000000005
11:29:44.396422	0.03	-9.76	0.91	0.17	-9.48	-2.47	-0.29	-9.69	-1.41	-0.92	-8.74	-4.34
11:29:44.406512	0.02	-9.76	0.91	0.15	-9.5	-2.39	-0.29	-9.71	-1.32	-0.91	-8.73	-4.36
11:29:44.416655	0.01	-9.76	0.91	0.14	-9.53	-2.3000000000000003	-0.29	-9.72	-1.24	-0.9	-8.71	-4.39
11:29:44.426729	0.0	-9.76	0.9	0.12	-9.55	-2.22	-0.28	-9.73	-1.16	-0.88	-8.69	-4.45
11:29:44.436799	0.0	-9.76	0.89	0.11	-9.56	-2.13	-0.29	-9.74	-1.09	-0.86	-8.65	-4.5200000000000005
11:29:44.446932	-0.01	-9.76	0.89	0.1	-9.58	-2.05	-0.29	-9.74	-1.02	-0.86	-8.61	-4.59
11:29:44.457480	-0.01	-9.76	0.88	0.08	-9.6	-1.97	-0.3	-9.75	-0.9400000000000001	-0.87	-8.57	-4.67
11:29:44.467800	-0.01	-9.76	0.88	0.06	-9.620000000000001	-1.8800000000000001	-0.31	-9.76	-0.87	-0.89	-8.540000000000001	-4.73
11:29:44.477870	0.0	-9.76	0.87	0.04	-9.63	-1.8	-0.32	-9.76	-0.81	-0.89	-8.52	-4.76
11:29:44.488025	0.0	-9.76	0.86	0.01	-9.65	-1.71	-0.33	-9.77	-0.74	-0.88	-8.5	-4.79
11:29:44.498647	0.0	-9.77	0.8300000000000001	-0.02	-9.66	-1.6400000000000001	-0.33	-9.77	-0.68	-0.88	-8.48	-4.83
11:29:44.508722	-0.01	-9.77	0.8200000000000001	-0.06	-9.67	-1.57	-0.33	-9.78	-0.62	-0.88	-8.47	-4.8500000000000005
11:29:44.518840	-0.01	-9.77	0.81	-0.11	-9.68	-1.5	-0.33	-9.78	-0.52	-0.88	-8.45	-4.88
11:29:44.528942	-0.01	-9.77	0.81	-0.16	-9.69	-1.43	-0.33	-9.78	-0.47000000000000003	-0.88	-8.43	-4.92
11:29:44.539070	-0.01	-9.77	0.8	-0.21	-9.700000000000001	-1.36	-0.33	-9.790000000000001	-0.41000000000000003	-0.88	-8.4	-4.98
11:29:44.549191	-0.01	-9.77	0.8	-0.26	-9.71	-1.28	-0.33	-9.790000000000001	-0.36	-0.88	-8.370000000000001	-5.0200000000000005
11:29:44.559732	-0.01	-9.77	0.8	-0.31	-9.72	-1.2	-0.34	-9.790000000000001	-0.31	-0.87	-8.35	-5.0600000000000005
11:29:44.569833	-0.01	-9.77	0.8	-0.36	-9.73	-1.11	-0.34	-9.790000000000001	-0.26	-0.86	-8.32	-5.1000000000000005
11:29:44.579906	-0.01	-9.77	0.8	-0.46	-9.75	-0.9400000000000001	-0.34	-9.790000000000001	-0.21	-0.86	-8.3	-5.14
11:29:44.590035	0.0	-9.77	0.81	-0.51	-9.75	-0.86	-0.34	-9.790000000000001	-0.16	-0.87	-8.28	-5.17
11:29:44.600626	0.0	-9.77	0.81	-0.56	-9.75	-0.79	-0.34	-9.8	-0.09	-0.87	-8.25	-5.21
11:29:44.610715	0.0	-9.77	0.8200000000000001	-0.61	-9.76	-0.72	-0.34	-9.8	-0.03	-0.87	-8.23	-5.25
11:29:44.620795	0.0	-9.77	0.8300000000000001	-0.66	-9.76	-0.66	-0.33	-9.8	0.01	-0.87	-8.21	-5.29
11:29:44.630900	0.0	-9.77	0.8300000000000001	-0.71	-9.76	-0.6	-0.33	-9.8	0.08	-0.88	-8.17	-5.3500000000000005
11:29:44.641013	0.0	-9.76	0.84	-0.76	-9.76	-0.53	-0.33	-9.790000000000001	0.14	-0.87	-8.13	-5.4
11:29:44.651740	0.0	-9.76	0.85	-0.8200000000000001	-9.76	-0.46	-0.33	-9.790000000000001	0.21	-0.86	-8.1	-5.44
11:29:44.661810	-0.01	-9.76	0.86	-0.87	-9.75	-0.39	-0.33	-9.790000000000001	0.27	-0.86	-8.09	-5.47
11:29:44.671916	-0.02	-9.76	0.87	-0.92	-9.75	-0.32	-0.33	-9.790000000000001	0.35000000000000003	-0.86	-8.06	-5.51
11:29:44.681993	-0.03	-9.76	0.89	-0.97	-9.75	-0.25	-0.33	-9.790000000000001	0.42	-0.86	-8.02	-5.5600000000000005
11:29:44.692066	-0.04	-9.76	0.9	-1.03	-9.74	-0.2	-0.33	-9.78	0.49	-0.86	-8.0	-5.6000000000000005
11:29:44.702236	-0.06	-9.76	0.91	-1.09	-9.74	-0.14	-0.33	-9.78	0.5700000000000001	-0.87	-7.97	-5.63
11:29:44.712365	-0.07	-9.76	0.92	-1.1500000000000001	-9.73	-0.1	-0.33	-9.77	0.65	-0.89	-7.930000000000001	-5.68
11:29:44.722448	-0.09	-9.76	0.93	-1.2	-9.73	-0.05	-0.34	-9.77	0.73	-0.96	-7.88	-5.75
11:29:44.733047	-0.1	-9.76	0.9400000000000001	-1.26	-9.72	-0.01	-0.35000000000000003	-9.76	0.81	-1.0	-7.83	-5.8
11:29:44.743148	-0.12	-9.75	0.9500000000000001	-1.32	-9.71	0.02	-0.35000000000000003	-9.75	0.89	-1.02	-7.78	-5.87
11:29:44.753220	-0.14	-9.75	0.97	-1.37	-9.700000000000001	0.06	-0.37	-9.75	0.98	-1.04	-7.72	-5.95
11:29:44.763323	-0.16	-9.75	0.98	-1.42	-9.700000000000001	0.11	-0.38	-9.74	1.06	-1.04	-7.65	-6.04
11:29:44.773405	-0.18	-9.75	0.99	-1.47	-9.69	0.15	-0.4	-9.72	1.1500000000000001	-1.08	-7.58	-6.11
11:29:44.783470	-0.19	-9.75	1.0	-1.52	-9.68	0.19	-0.42	-9.71	1.25	-1.12	-7.51	-6.19
11:29:44.793537	-0.2	-9.75	1.01	-1.58	-9.67	0.22	-0.44	-9.700000000000001	1.35	-1.1500000000000001	-7.43	-6.28
11:29:44.803627	-0.21	-9.75	1.02	-1.6300000000000001	-9.66	0.24	-0.47000000000000003	-9.68	1.45	-1.19	-7.3500000000000005	-6.37
11:29:44.813692	-0.21	-9.74	1.03	-1.68	-9.65	0.25	-0.5	-9.66	1.56	-1.25	-7.2700000000000005	-6.45
11:29:44.823774	-0.21	-9.74	1.04	-1.73	-9.64	0.26	-0.52	-9.64	1.68	-1.31	-7.18	-6.54
11:29:44.833840	-0.2	-9.74	1.04	-1.77	-9.64	0.26	-0.55	-9.620000000000001	1.8	-1.36	-7.08	-6.640000000000001
11:29:44.843911	-0.2	-9.74	1.05	-1.82	-9.63	0.26	-0.59	-9.59	1.92	-1.42	-6.97	-6.74
11:29:44.853979	-0.2	-9.74	1.05	-1.86	-9.620000000000001	0.26	-0.62	-9.56	2.05	-1.48	-6.87	-6.83
11:29:44.864089	-0.2	-9.74	1.06	-1.9000000000000001	-9.61	0.26	-0.67	-9.53	2.18	-1.53	-6.75	-6.93
11:29:44.874217	-0.2	-9.74	1.06	-1.93	-9.61	0.26	-0.71	-9.49	2.32	-1.57	-6.62	-7.05
11:29:44.884288	-0.2	-9.74	1.05	-1.95	-9.6	0.26	-0.76	-9.46	2.46	-1.6300000000000001	-6.5	-7.15
11:29:44.894353	-0.24	-9.75	1.02	-1.96	-9.6	0.24	-0.79	-9.41	2.62	-1.72	-6.38	-7.23
11:29:44.904459	-0.26	-9.75	1.0	-1.96	-9.6	0.21	-0.8200000000000001	-9.36	2.7800000000000002	-1.8	-6.23	-7.34
11:29:44.914560	-0.27	-9.75	0.99	-1.96	-9.6	0.18	-0.86	-9.3	2.95	-1.85	-6.07	-7.47
11:29:44.924663	-0.26	-9.75	0.98	-1.94	-9.61	0.12	-0.9	-9.24	3.13	-1.92	-5.9	-7.58
11:29:44.934790	-0.25	-9.75	0.97	-1.92	-9.61	0.06	-0.9400000000000001	-9.18	3.3000000000000003	-2.0	-5.72	-7.7
11:29:44.944903	-0.23	-9.75	0.97	-1.8900000000000001	-9.620000000000001	-0.01	-1.0	-9.11	3.48	-2.09	-5.5200000000000005	-7.82
11:29:44.955341	-0.22	-9.75	0.96	-1.86	-9.620000000000001	-0.12	-1.08	-9.02	3.67	-2.19	-5.3100000000000005	-7.94
11:29:44.965447	-0.21	-9.75	0.96	-1.82	-9.63	-0.25	-1.21	-8.93	3.86	-2.23	-5.1000000000000005	-8.07
11:29:44.975586	-0.2	-9.75	0.96	-1.78	-9.63	-0.39	-1.35	-8.83	4.0200000000000005	-2.22	-4.86	-8.21
11:29:44.985716	-0.19	-9.75	0.96	-1.74	-9.63	-0.56	-1.48	-8.74	4.18	-2.19	-4.6000000000000005	-8.370000000000001
11:29:44.995860	-0.17	-9.75	0.9500000000000001	-1.68	-9.63	-0.75	-1.59	-8.64	4.34	-2.23	-4.26	-8.540000000000001
11:29:45.006560	-0.14	-9.75	0.9400000000000001	-1.6300000000000001	-9.620000000000001	-0.9500000000000001	-1.67	-8.540000000000001	4.51	-2.3000000000000003	-3.8000000000000003	-8.73
11:29:45.016685	-0.12	-9.76	0.9400000000000001	-1.56	-9.6	-1.18	-1.74	-8.43	4.68	-2.38	-3.3000000000000003	-8.92
11:29:45.026806	-0.09	-9.76	0.93	-1.47	-9.58	-1.43	-1.82	-8.32	4.8500000000000005	-2.54	-2.85	-9.03
11:29:45.036876	-0.07	-9.76	0.92	-1.37	-9.56	-1.6400000000000001	-1.9000000000000001	-8.22	4.98	-2.65	-2.38	-9.13
11:29:45.046950	-0.06	-9.76	0.91	-1.27	-9.55	-1.82	-1.96	-8.14	5.09	-2.69	-1.9000000000000001	-9.23
11:29:45.057400	-0.05	-9.76	0.9	-1.16	-9.53	-1.97	-1.97	-8.07	5.19	-2.7800000000000002	-1.46	-9.28
11:29:45.067768	-0.05	-9.76	0.89	-1.05	-9.51	-2.11	-1.95	-8.01	5.3	-2.95	-1.12	-9.28
11:29:45.077849	-0.04	-9.76	0.88	-0.9500000000000001	-9.49	-2.24	-1.93	-7.94	5.4	-2.98	-0.97	-9.290000000000001
11:29:45.087916	-0.04	-9.76	0.88	-0.85	-9.47	-2.37	-1.9100000000000001	-7.9	5.48	-2.72	-1.03	-9.36
11:29:45.098013	-0.04	-9.76	0.87	-0.76	-9.44	-2.52	-1.86	-7.87	5.53	-2.36	-1.3900000000000001	-9.41
11:29:45.108132	-0.04	-9.76	0.87	-0.67	-9.4	-2.68	-1.81	-7.88	5.53	-2.11	-1.8800000000000001	-9.38
11:29:45.118726	-0.04	-9.76	0.87	-0.59	-9.36	-2.84	-1.75	-7.92	5.49	-2.2	-2.22	-9.290000000000001
11:29:45.128853	-0.04	-9.76	0.87	-0.51	-9.31	-3.0100000000000002	-1.6600000000000001	-7.98	5.43	-2.31	-2.42	-9.21
11:29:45.138923	-0.04	-9.76	0.87	-0.43	-9.26	-3.18	-1.56	-8.06	5.34	-2.13	-2.63	-9.200000000000001
11:29:45.149127	-0.04	-9.76	0.87	-0.28	-9.17	-3.45	-1.44	-8.16	5.23	-1.86	-2.93	-9.16
11:29:45.159694	-0.03	-9.76	0.88	-0.21	-9.120000000000001	-3.5700000000000003	-1.32	-8.27	5.09	-1.79	-3.33	-9.040000000000001
11:29:45.169812	-0.02	-9.76	0.88	-0.15	-9.08	-3.69	-1.2	-8.39	4.91	-1.8	-3.63	-8.92
11:29:45.179969	-0.02	-9.76	0.89	-0.1	-9.03	-3.8000000000000003	-1.05	-8.67	4.45	-1.81	-3.92	-8.8
11:29:45.190069	-0.01	-9.76	0.89	-0.05	-8.99	-3.91	-0.98	-8.81	4.17	-1.72	-4.26	-8.66
11:29:45.200661	0.0	-9.76	0.89	-0.01	-8.94	-4.01	-0.92	-8.96	3.86	-1.6600000000000001	-4.66	-8.46
11:29:45.210735	0.0	-9.76	0.89	0.01	-8.9	-4.11	-0.87	-9.1	3.5300000000000002	-1.55	-5.05	-8.25
11:29:45.220839	0.0	-9.76	0.89	0.05	-8.86	-4.19	-0.8300000000000001	-9.24	3.16	-1.27	-5.79	-7.8
11:29:45.230978	0.01	-9.76	0.89	0.09	-8.82	-4.26	-0.8	-9.370000000000001	2.77	-1.1500000000000001	-6.11	-7.57
11:29:45.241068	0.02	-9.76	0.9	0.14	-8.790000000000001	-4.32	-0.77	-9.48	2.35	-1.02	-6.41	-7.34
11:29:45.251667	0.03	-9.76	0.9	0.19	-8.77	-4.37	-0.73	-9.58	1.9100000000000001	-0.9	-6.69	-7.1000000000000005
11:29:45.261796	0.04	-9.76	0.9	0.24	-8.75	-4.41	-0.7000000000000001	-9.67	1.47	-0.8	-6.97	-6.84
11:29:45.271881	0.05	-9.76	0.9	0.29	-8.73	-4.44	-0.66	-9.73	1.02	-0.7000000000000001	-7.25	-6.55
11:29:45.282010	0.06	-9.76	0.89	0.34	-8.72	-4.46	-0.61	-9.77	0.56	-0.64	-7.5200000000000005	-6.25
11:29:45.292075	0.07	-9.76	0.89	0.39	-8.72	-4.46	-0.55	-9.790000000000001	0.11	-0.61	-7.7700000000000005	-5.94
11:29:45.302147	0.08	-9.76	0.88	0.44	-8.72	-4.45	-0.5	-9.78	-0.33	-0.6	-8.01	-5.62
11:29:45.312271	0.09	-9.76	0.87	0.49	-8.73	-4.43	-0.45	-9.76	-0.78	-0.6	-8.23	-5.29
11:29:45.322359	0.1	-9.76	0.86	0.53	-8.74	-4.4	-0.39	-9.72	-1.21	-0.59	-8.44	-4.94
11:29:45.332437	0.1	-9.76	0.85	0.5700000000000001	-8.75	-4.38	-0.35000000000000003	-9.66	-1.6300000000000001	-0.59	-8.64	-4.59
11:29:45.342543	0.1	-9.76	0.84	0.6	-8.76	-4.3500000000000005	-0.31	-9.58	-2.0300000000000002	-0.58	-8.81	-4.25
11:29:45.352609	0.09	-9.77	0.8300000000000001	0.64	-8.78	-4.3100000000000005	-0.27	-9.49	-2.42	-0.58	-8.97	-3.91
11:29:45.362708	0.09	-9.77	0.8200000000000001	0.68	-8.8	-4.2700000000000005	-0.24	-9.39	-2.7800000000000002	-0.5700000000000001	-9.1	-3.58
11:29:45.372889	0.08	-9.77	0.81	0.71	-8.82	-4.22	-0.21	-9.290000000000001	-3.13	-0.56	-9.22	-3.2600000000000002
11:29:45.383538	0.07	-9.77	0.79	0.75	-8.84	-4.16	-0.19	-9.17	-3.44	-0.56	-9.32	-2.97
11:29:45.393610	0.05	-9.77	0.78	0.77	-8.870000000000001	-4.1	-0.16	-9.06	-3.73	-0.5700000000000001	-9.4	-2.7
11:29:45.403675	0.04	-9.77	0.77	0.79	-8.89	-4.05	-0.14	-8.950000000000001	-3.98	-0.5700000000000001	-9.47	-2.45
11:29:45.413747	0.02	-9.77	0.75	0.8	-8.91	-4.0	-0.14	-8.85	-4.2	-0.58	-9.53	-2.22
11:29:45.423826	0.0	-9.77	0.74	0.8	-8.93	-3.95	-0.15	-8.76	-4.39	-0.59	-9.57	-2.02
11:29:45.433937	-0.01	-9.77	0.72	0.81	-8.950000000000001	-3.9	-0.17	-8.69	-4.53	-0.6	-9.61	-1.85
11:29:45.444007	-0.03	-9.78	0.71	0.8200000000000001	-8.97	-3.87	-0.19	-8.63	-4.64	-0.62	-9.63	-1.72
11:29:45.454082	-0.05	-9.78	0.6900000000000001	0.8200000000000001	-8.98	-3.84	-0.21	-8.59	-4.71	-0.62	-9.64	-1.6300000000000001
11:29:45.464145	-0.06	-9.78	0.68	0.8200000000000001	-8.99	-3.81	-0.22	-8.57	-4.74	-0.63	-9.65	-1.59
11:29:45.474219	-0.08	-9.78	0.66	0.8300000000000001	-8.99	-3.8000000000000003	-0.22	-8.57	-4.74	-0.63	-9.65	-1.58
11:29:45.484298	-0.09	-9.78	0.65	0.84	-9.0	-3.8000000000000003	-0.21	-8.6	-4.7	-0.63	-9.65	-1.62
11:29:45.494368	-0.1	-9.78	0.64	0.85	-9.0	-3.79	-0.21	-8.63	-4.63	-0.63	-9.63	-1.69
11:29:45.504438	-0.11	-9.78	0.63	0.86	-8.99	-3.8000000000000003	-0.22	-8.68	-4.54	-0.64	-9.61	-1.8
11:29:45.514512	-0.1	-9.78	0.62	0.86	-8.99	-3.81	-0.23	-8.75	-4.42	-0.63	-9.59	-1.9100000000000001
11:29:45.524580	-0.1	-9.78	0.62	0.86	-8.98	-3.83	-0.24	-8.82	-4.2700000000000005	-0.6	-9.57	-2.02
11:29:45.534659	-0.1	-9.78	0.61	0.86	-8.98	-3.84	-0.27	-8.89	-4.12	-0.55	-9.52	-2.24
11:29:45.545319	-0.1	-9.78	0.6	0.84	-8.97	-3.84	-0.3	-8.96	-3.95	-0.53	-9.49	-2.4
11:29:45.555782	-0.1	-9.78	0.6	0.8300000000000001	-8.97	-3.85	-0.35000000000000003	-9.03	-3.79	-0.54	-9.47	-2.45
11:29:45.565893	-0.11	-9.78	0.59	0.81	-8.98	-3.84	-0.38	-9.08	-3.67	-0.59	-9.49	-2.35
11:29:45.576012	-0.13	-9.78	0.59	0.79	-9.0	-3.81	-0.38	-9.1	-3.61	-0.58	-9.55	-2.1
11:29:45.586171	-0.15	-9.78	0.6	0.77	-9.03	-3.74	-0.41000000000000003	-9.1	-3.6	-0.44	-9.540000000000001	-2.19
11:29:45.596608	-0.16	-9.78	0.61	0.74	-9.06	-3.65	-0.45	-9.11	-3.5700000000000003	-0.42	-9.47	-2.49
11:29:45.606729	-0.18	-9.78	0.63	0.68	-9.1	-3.5700000000000003	-0.49	-9.15	-3.48	-0.55	-9.370000000000001	-2.8000000000000003
11:29:45.616820	-0.18	-9.78	0.64	0.61	-9.14	-3.49	-0.51	-9.19	-3.37	-0.65	-9.27	-3.12
11:29:45.626891	-0.19	-9.78	0.66	0.5700000000000001	-9.17	-3.42	-0.49	-9.23	-3.27	-0.6900000000000001	-9.14	-3.47
11:29:45.636972	-0.19	-9.78	0.67	0.55	-9.18	-3.39	-0.46	-9.26	-3.18	-0.74	-9.03	-3.72
11:29:45.647080	-0.19	-9.78	0.6900000000000001	0.55	-9.18	-3.38	-0.43	-9.290000000000001	-3.08	-0.85	-8.97	-3.84
11:29:45.657719	-0.18	-9.77	0.7000000000000001	0.55	-9.19	-3.35	-0.4	-9.32	-2.99	-0.91	-8.96	-3.87
11:29:45.667839	-0.18	-9.77	0.71	0.56	-9.21	-3.31	-0.39	-9.35	-2.9	-0.9500000000000001	-8.97	-3.83
11:29:45.677914	-0.17	-9.77	0.73	0.55	-9.22	-3.27	-0.4	-9.38	-2.8000000000000003	-0.98	-8.99	-3.77
11:29:45.688009	-0.15	-9.77	0.75	0.54	-9.24	-3.22	-0.41000000000000003	-9.41	-2.7	-1.01	-8.98	-3.7800000000000002
11:29:45.698078	-0.14	-9.77	0.77	0.53	-9.26	-3.16	-0.41000000000000003	-9.44	-2.62	-1.04	-8.94	-3.86
11:29:45.708755	-0.11	-9.77	0.79	0.52	-9.290000000000001	-3.06	-0.4	-9.46	-2.54	-1.08	-8.89	-3.98
11:29:45.718877	-0.08	-9.77	0.81	0.48	-9.370000000000001	-2.83	-0.37	-9.48	-2.46	-1.12	-8.83	-4.09
11:29:45.728986	-0.06	-9.77	0.84	0.46	-9.4	-2.72	-0.34	-9.5	-2.39	-1.1500000000000001	-8.790000000000001	-4.17
11:29:45.739107	-0.04	-9.76	0.86	0.46	-9.4	-2.72	-0.31	-9.52	-2.32	-1.1500000000000001	-8.78	-4.19
11:29:45.749690	-0.03	-9.76	0.88	0.36	-9.450000000000001	-2.58	-0.29	-9.540000000000001	-2.25	-1.12	-8.78	-4.21
11:29:45.759796	-0.02	-9.76	0.9	0.3	-9.46	-2.54	-0.26	-9.55	-2.18	-1.08	-8.77	-4.23
11:29:45.769901	-0.02	-9.76	0.91	0.24	-9.47	-2.5100000000000002	-0.24	-9.58	-2.04	-1.06	-8.75	-4.29
11:29:45.780451	-0.02	-9.76	0.92	0.19	-9.48	-2.48	-0.24	-9.58	-2.04	-1.09	-8.67	-4.43
11:29:45.790552	-0.02	-9.76	0.93	0.15	-9.49	-2.43	-0.23	-9.6	-1.97	-1.09	-8.67	-4.43
11:29:45.800677	-0.03	-9.76	0.93	0.12	-9.51	-2.36	-0.23	-9.63	-1.83	-1.1	-8.65	-4.47
11:29:45.810866	-0.03	-9.76	0.93	0.1	-9.53	-2.27	-0.22	-9.64	-1.77	-1.12	-8.64	-4.48
11:29:45.820962	-0.04	-9.76	0.93	0.08	-9.56	-2.18	-0.22	-9.65	-1.7	-1.08	-8.620000000000001	-4.54
11:29:45.831074	-0.05	-9.76	0.93	0.06	-9.58	-2.08	-0.21	-9.66	-1.6300000000000001	-0.99	-8.63	-4.53
11:29:45.841202	-0.05	-9.76	0.93	0.04	-9.6	-2.0	-0.2	-9.67	-1.56	-0.99	-8.6	-4.59
11:29:45.851293	-0.05	-9.76	0.93	0.02	-9.61	-1.9100000000000001	-0.19	-9.68	-1.49	-0.99	-8.57	-4.65
11:29:45.861825	-0.05	-9.76	0.93	0.01	-9.63	-1.84	-0.19	-9.700000000000001	-1.42	-0.98	-8.540000000000001	-4.71
11:29:45.871918	-0.04	-9.76	0.93	0.0	-9.64	-1.76	-0.19	-9.71	-1.35	-0.99	-8.51	-4.76
11:29:45.882191	-0.04	-9.76	0.92	-0.01	-9.66	-1.68	-0.19	-9.72	-1.28	-0.98	-8.49	-4.8
11:29:45.892743	-0.03	-9.76	0.92	-0.03	-9.67	-1.61	-0.2	-9.72	-1.2	-0.97	-8.46	-4.8500000000000005
11:29:45.902816	-0.02	-9.76	0.92	-0.06	-9.68	-1.55	-0.21	-9.73	-1.12	-0.9500000000000001	-8.43	-4.91
11:29:45.912888	-0.01	-9.76	0.91	-0.08	-9.69	-1.49	-0.22	-9.74	-1.05	-0.96	-8.4	-4.96
11:29:45.922965	-0.01	-9.76	0.9	-0.11	-9.69	-1.44	-0.24	-9.75	-0.97	-0.9500000000000001	-8.370000000000001	-5.01
11:29:45.933044	-0.01	-9.76	0.89	-0.13	-9.700000000000001	-1.3900000000000001	-0.25	-9.76	-0.9	-0.93	-8.34	-5.07
11:29:45.943118	-0.01	-9.76	0.89	-0.16	-9.71	-1.34	-0.26	-9.76	-0.8200000000000001	-0.91	-8.3	-5.12
11:29:45.953209	-0.01	-9.76	0.88	-0.2	-9.72	-1.28	-0.27	-9.77	-0.75	-0.91	-8.3	-5.12
11:29:45.963587	-0.01	-9.76	0.88	-0.24	-9.72	-1.21	-0.29	-9.77	-0.68	-0.89	-8.25	-5.21
11:29:45.973658	-0.01	-9.76	0.88	-0.28	-9.73	-1.1500000000000001	-0.3	-9.78	-0.61	-0.89	-8.22	-5.2700000000000005
11:29:45.983776	-0.01	-9.76	0.88	-0.32	-9.74	-1.08	-0.31	-9.78	-0.54	-0.89	-8.17	-5.33
11:29:45.993848	-0.01	-9.76	0.88	-0.36	-9.74	-1.02	-0.32	-9.790000000000001	-0.46	-0.89	-8.14	-5.38
11:29:46.003919	-0.01	-9.76	0.88	-0.4	-9.74	-0.97	-0.33	-9.790000000000001	-0.39	-0.89	-8.120000000000001	-5.42
11:29:46.013991	-0.01	-9.76	0.89	-0.44	-9.75	-0.92	-0.33	-9.790000000000001	-0.32	-0.89	-8.08	-5.47
11:29:46.024078	0.0	-9.76	0.89	-0.48	-9.75	-0.87	-0.34	-9.790000000000001	-0.24	-0.89	-8.040000000000001	-5.53
11:29:46.034153	0.0	-9.76	0.9	-0.52	-9.75	-0.8300000000000001	-0.34	-9.790000000000001	-0.16	-0.89	-8.01	-5.57
11:29:46.044247	0.0	-9.76	0.91	-0.5700000000000001	-9.75	-0.78	-0.35000000000000003	-9.8	-0.08	-0.89	-7.98	-5.62
11:29:46.054312	0.0	-9.76	0.92	-0.61	-9.75	-0.73	-0.35000000000000003	-9.8	-0.01	-0.89	-7.94	-5.67
11:29:46.064379	0.0	-9.76	0.93	-0.65	-9.76	-0.67	-0.35000000000000003	-9.8	0.06	-0.88	-7.9	-5.72
11:29:46.074514	0.0	-9.76	0.9500000000000001	-0.7000000000000001	-9.76	-0.62	-0.35000000000000003	-9.790000000000001	0.14	-0.88	-7.88	-5.76
11:29:46.084783	-0.01	-9.75	0.96	-0.74	-9.76	-0.56	-0.35000000000000003	-9.790000000000001	0.21	-0.87	-7.8500000000000005	-5.79
11:29:46.094864	-0.02	-9.75	0.97	-0.79	-9.76	-0.5	-0.36	-9.790000000000001	0.29	-0.85	-7.82	-5.8500000000000005
11:29:46.104974	-0.03	-9.75	0.99	-0.84	-9.75	-0.45	-0.36	-9.790000000000001	0.37	-0.84	-7.79	-5.89
11:29:46.115103	-0.04	-9.75	1.0	-0.9	-9.75	-0.39	-0.37	-9.78	0.44	-0.84	-7.76	-5.92
11:29:46.125648	-0.05	-9.75	1.01	-0.96	-9.75	-0.34	-0.37	-9.78	0.51	-0.84	-7.73	-5.97
11:29:46.135802	-0.07	-9.75	1.03	-1.02	-9.74	-0.28	-0.37	-9.78	0.58	-0.84	-7.73	-5.97
11:29:46.145873	-0.08	-9.75	1.04	-1.08	-9.74	-0.23	-0.38	-9.77	0.65	-0.84	-7.73	-5.97
11:29:46.155964	-0.1	-9.74	1.05	-1.1400000000000001	-9.73	-0.18	-0.39	-9.77	0.72	-0.97	-7.58	-6.140000000000001
11:29:46.166087	-0.13	-9.74	1.08	-1.2	-9.73	-0.13	-0.4	-9.76	0.79	-0.98	-7.5200000000000005	-6.21
11:29:46.176179	-0.13	-9.74	1.08	-1.26	-9.72	-0.08	-0.41000000000000003	-9.75	0.86	-0.99	-7.45	-6.29
11:29:46.186292	-0.14	-9.74	1.09	-1.32	-9.71	-0.04	-0.44	-9.75	0.9400000000000001	-1.0	-7.390000000000001	-6.36
11:29:46.196368	-0.15	-9.74	1.11	-1.3900000000000001	-9.700000000000001	0.0	-0.46	-9.74	1.02	-1.0	-7.390000000000001	-6.36
11:29:46.206467	-0.17	-9.73	1.1300000000000001	-1.44	-9.69	0.02	-0.48	-9.73	1.1	-1.07	-7.25	-6.51
11:29:46.216595	-0.17	-9.73	1.1400000000000001	-1.5	-9.68	0.05	-0.51	-9.71	1.2	-1.1	-7.16	-6.59
11:29:46.226712	-0.17	-9.73	1.1500000000000001	-1.56	-9.68	0.07	-0.54	-9.700000000000001	1.29	-1.16	-7.09	-6.67
11:29:46.236784	-0.18	-9.73	1.16	-1.62	-9.67	0.09	-0.5700000000000001	-9.68	1.3900000000000001	-1.22	-7.0	-6.74
11:29:46.247375	-0.18	-9.73	1.17	-1.68	-9.66	0.1	-0.6	-9.67	1.5	-1.26	-6.91	-6.84
11:29:46.257808	-0.18	-9.73	1.18	-1.73	-9.65	0.11	-0.63	-9.65	1.6	-1.26	-6.91	-6.84
11:29:46.267909	-0.19	-9.73	1.19	-1.79	-9.64	0.12	-0.67	-9.63	1.71	-1.26	-6.91	-6.84
11:29:46.278363	-0.2	-9.73	1.19	-1.8900000000000001	-9.620000000000001	0.14	-0.71	-9.6	1.83	-1.42	-6.61	-7.09
11:29:46.288437	-0.21	-9.73	1.2	-1.8900000000000001	-9.620000000000001	0.14	-0.75	-9.58	1.95	-1.46	-6.49	-7.2
11:29:46.298512	-0.22	-9.73	1.19	-1.93	-9.61	0.15	-0.8	-9.55	2.07	-1.46	-6.49	-7.2
11:29:46.308627	-0.23	-9.73	1.18	-2.0100000000000002	-9.59	0.16	-0.85	-9.51	2.19	-1.46	-6.49	-7.2
11:29:46.318749	-0.25	-9.73	1.17	-2.0300000000000002	-9.59	0.15	-0.9	-9.48	2.33	-1.46	-6.49	-7.2
11:29:46.329420	-0.27	-9.73	1.1500000000000001	-2.04	-9.58	0.13	-0.9400000000000001	-9.44	2.48	-1.7	-6.0	-7.5600000000000005
11:29:46.339520	-0.28	-9.73	1.1400000000000001	-2.05	-9.58	0.11	-0.98	-9.39	2.63	-1.73	-5.86	-7.66
11:29:46.350058	-0.28	-9.73	1.12	-2.04	-9.58	0.07	-1.02	-9.34	2.79	-1.8	-5.7	-7.76
11:29:46.360126	-0.26	-9.73	1.12	-2.0300000000000002	-9.59	0.01	-1.07	-9.28	2.95	-1.8900000000000001	-5.5200000000000005	-7.87
11:29:46.370246	-0.26	-9.73	1.12	-2.0100000000000002	-9.59	-0.05	-1.11	-9.22	3.12	-1.97	-5.33	-7.98
11:29:46.380362	-0.23	-9.74	1.11	-1.97	-9.6	-0.14	-1.16	-9.16	3.29	-2.04	-5.13	-8.1
11:29:46.390517	-0.22	-9.74	1.11	-1.97	-9.6	-0.14	-1.24	-9.08	3.48	-2.07	-4.92	-8.22
11:29:46.400767	-0.21	-9.74	1.11	-1.9000000000000001	-9.61	-0.38	-1.35	-8.99	3.65	-2.06	-4.71	-8.34
11:29:46.411000	-0.21	-9.74	1.11	-1.86	-9.61	-0.53	-1.6300000000000001	-8.81	3.98	-2.0100000000000002	-4.14	-8.65
11:29:46.421665	-0.2	-9.74	1.11	-1.81	-9.61	-0.71	-1.75	-8.71	4.13	-2.04	-3.7600000000000002	-8.81
11:29:46.432284	-0.2	-9.74	1.11	-1.75	-9.6	-0.9	-1.83	-8.620000000000001	4.28	-2.1	-3.29	-8.99
11:29:46.442419	-0.19	-9.74	1.1	-1.68	-9.59	-1.12	-1.8800000000000001	-8.53	4.44	-2.15	-2.7800000000000002	-9.15
11:29:46.452498	-0.17	-9.74	1.1	-1.6	-9.58	-1.35	-1.93	-8.44	4.58	-2.3000000000000003	-2.27	-9.25
11:29:46.462570	-0.15	-9.74	1.09	-1.49	-9.56	-1.57	-1.97	-8.36	4.71	-2.59	-1.83	-9.27
11:29:46.472644	-0.14	-9.74	1.08	-1.3800000000000001	-9.540000000000001	-1.76	-1.99	-8.28	4.84	-2.88	-1.5	-9.25
11:29:46.482932	-0.12	-9.74	1.06	-1.28	-9.53	-1.9100000000000001	-1.99	-8.21	4.97	-2.77	-1.3900000000000001	-9.3
11:29:46.493026	-0.1	-9.74	1.05	-1.17	-9.51	-2.04	-1.99	-8.21	4.97	-2.77	-1.3900000000000001	-9.3
11:29:46.503400	-0.09	-9.75	1.03	-1.07	-9.5	-2.15	-1.99	-8.09	5.16	-1.97	-1.68	-9.450000000000001
11:29:46.513472	-0.09	-9.75	1.01	-0.97	-9.48	-2.27	-1.97	-8.07	5.2	-1.84	-1.92	-9.43
11:29:46.523541	-0.08	-9.75	1.0	-0.89	-9.46	-2.39	-1.93	-8.07	5.21	-1.81	-2.07	-9.41
11:29:46.533618	-0.08	-9.75	0.99	-0.8	-9.43	-2.54	-1.86	-8.1	5.19	-1.75	-2.18	-9.39
11:29:46.543719	-0.07	-9.75	0.98	-0.71	-9.39	-2.7	-1.77	-8.15	5.14	-1.58	-2.37	-9.38
11:29:46.553797	-0.07	-9.75	0.97	-0.62	-9.36	-2.85	-1.6600000000000001	-8.22	5.07	-1.44	-2.71	-9.31
11:29:46.563914	-0.07	-9.75	0.97	-0.54	-9.31	-3.0	-1.55	-8.3	4.97	-1.41	-3.12	-9.18
11:29:46.574031	-0.06	-9.75	0.97	-0.45	-9.28	-3.13	-1.44	-8.4	4.83	-1.43	-3.43	-9.07
11:29:46.584217	-0.05	-9.75	0.97	-0.38	-9.24	-3.25	-1.34	-8.52	4.66	-1.44	-3.68	-8.97
11:29:46.594349	-0.04	-9.75	0.97	-0.31	-9.200000000000001	-3.36	-1.25	-8.63	4.46	-1.44	-3.97	-8.84
11:29:46.604564	-0.03	-9.75	0.97	-0.24	-9.17	-3.46	-1.17	-8.76	4.24	-1.45	-4.34	-8.67
11:29:46.614858	-0.02	-9.75	0.98	-0.18	-9.13	-3.56	-1.08	-8.89	3.98	-1.44	-4.72	-8.46
11:29:46.624959	-0.01	-9.75	0.98	-0.14	-9.09	-3.66	-1.01	-9.02	3.69	-1.3900000000000001	-5.12	-8.24
11:29:46.635113	0.0	-9.75	0.99	-0.11	-9.05	-3.7600000000000002	-0.9400000000000001	-9.15	3.37	-1.31	-5.51	-7.99
11:29:46.645310	0.0	-9.75	0.99	-0.08	-9.01	-3.85	-0.89	-9.28	3.0300000000000002	-1.2	-5.88	-7.74
11:29:46.655700	0.0	-9.75	1.0	-0.05	-8.98	-3.93	-0.84	-9.4	2.65	-1.07	-6.22	-7.49
11:29:46.665804	0.01	-9.75	1.0	-0.01	-8.950000000000001	-4.0	-0.81	-9.5	2.25	-0.93	-6.53	-7.25
11:29:46.675872	0.01	-9.75	1.01	0.02	-8.93	-4.05	-0.78	-9.6	1.83	-0.81	-6.8100000000000005	-7.0
11:29:46.685951	0.02	-9.75	1.01	0.07	-8.91	-4.09	-0.74	-9.67	1.4000000000000001	-0.7000000000000001	-7.0600000000000005	-6.76
11:29:46.696039	0.03	-9.75	1.01	0.12	-8.89	-4.12	-0.7000000000000001	-9.73	0.97	-0.6	-7.3100000000000005	-6.5
11:29:46.706119	0.04	-9.75	1.0	0.18	-8.870000000000001	-4.16	-0.65	-9.77	0.53	-0.52	-7.5600000000000005	-6.21
11:29:46.716182	0.05	-9.75	1.0	0.24	-8.86	-4.18	-0.59	-9.78	0.09	-0.48	-7.79	-5.93
11:29:46.726257	0.06	-9.75	0.99	0.29	-8.85	-4.2	-0.53	-9.78	-0.33	-0.47000000000000003	-8.0	-5.64
11:29:46.736356	0.07	-9.75	0.98	0.35000000000000003	-8.85	-4.2	-0.46	-9.76	-0.76	-0.48	-8.21	-5.33
11:29:46.746442	0.08	-9.75	0.96	0.4	-8.85	-4.2	-0.39	-9.72	-1.19	-0.5	-8.41	-5.01
11:29:46.756578	0.08	-9.75	0.96	0.45	-8.85	-4.19	-0.33	-9.66	-1.6	-0.52	-8.59	-4.68
11:29:46.766653	0.08	-9.76	0.9400000000000001	0.5	-8.85	-4.18	-0.26	-9.59	-2.0	-0.53	-8.77	-4.34
11:29:46.777031	0.07	-9.76	0.93	0.54	-8.85	-4.18	-0.21	-9.5	-2.38	-0.52	-8.93	-3.99
11:29:46.787234	0.06	-9.76	0.92	0.5700000000000001	-8.85	-4.16	-0.15	-9.4	-2.75	-0.51	-9.08	-3.66
11:29:46.797304	0.05	-9.76	0.91	0.61	-8.86	-4.14	-0.11	-9.290000000000001	-3.11	-0.5	-9.200000000000001	-3.34
11:29:46.807924	0.04	-9.76	0.9	0.65	-8.870000000000001	-4.12	-0.07	-9.18	-3.42	-0.51	-9.3	-3.0500000000000003
11:29:46.817989	0.02	-9.76	0.89	0.68	-8.88	-4.09	-0.04	-9.06	-3.73	-0.54	-9.38	-2.7800000000000002
11:29:46.828103	0.01	-9.76	0.88	0.73	-8.91	-4.01	-0.04	-8.950000000000001	-3.99	-0.56	-9.450000000000001	-2.54
11:29:46.838734	0.0	-9.76	0.88	0.75	-8.93	-3.97	-0.05	-8.85	-4.21	-0.58	-9.51	-2.31
11:29:46.848826	-0.02	-9.76	0.87	0.77	-8.950000000000001	-3.92	-0.07	-8.74	-4.42	-0.6	-9.56	-2.07
11:29:46.858930	-0.04	-9.76	0.87	0.78	-8.97	-3.87	-0.1	-8.67	-4.57	-0.63	-9.61	-1.84
11:29:46.869000	-0.06	-9.76	0.86	0.8	-8.99	-3.8200000000000003	-0.13	-8.61	-4.68	-0.65	-9.64	-1.6500000000000001
11:29:46.879090	-0.08	-9.76	0.86	0.8300000000000001	-9.0	-3.79	-0.14	-8.57	-4.74	-0.66	-9.66	-1.5
11:29:46.889165	-0.1	-9.76	0.85	0.84	-9.0	-3.79	-0.15	-8.56	-4.78	-0.67	-9.68	-1.3900000000000001
11:29:46.899236	-0.12	-9.76	0.85	0.86	-8.99	-3.8000000000000003	-0.16	-8.56	-4.7700000000000005	-0.66	-9.69	-1.34
11:29:46.909853	-0.13	-9.76	0.84	0.86	-8.98	-3.8200000000000003	-0.17	-8.58	-4.73	-0.66	-9.69	-1.33
11:29:46.919922	-0.15	-9.76	0.8300000000000001	0.85	-8.97	-3.85	-0.19	-8.620000000000001	-4.66	-0.66	-9.68	-1.36
11:29:46.930058	-0.16	-9.76	0.8300000000000001	0.84	-8.96	-3.88	-0.22	-8.67	-4.5600000000000005	-0.66	-9.67	-1.43
11:29:46.940132	-0.16	-9.77	0.8200000000000001	0.8200000000000001	-8.950000000000001	-3.91	-0.26	-8.74	-4.43	-0.64	-9.64	-1.62
11:29:46.950265	-0.16	-9.77	0.8200000000000001	0.81	-8.94	-3.94	-0.3	-8.81	-4.28	-0.62	-9.620000000000001	-1.74
11:29:46.960395	-0.16	-9.77	0.8200000000000001	0.79	-8.93	-3.97	-0.34	-8.89	-4.12	-0.62	-9.620000000000001	-1.74
11:29:46.971033	-0.16	-9.77	0.81	0.77	-8.92	-3.98	-0.38	-8.96	-3.94	-0.59	-9.57	-2.04
11:29:46.981107	-0.16	-9.77	0.81	0.74	-8.92	-3.99	-0.45	-9.11	-3.58	-0.6	-9.52	-2.23
11:29:46.991196	-0.16	-9.77	0.81	0.72	-8.92	-3.99	-0.45	-9.16	-3.45	-0.61	-9.5	-2.33
11:29:47.001566	-0.17	-9.77	0.81	0.68	-8.93	-3.98	-0.45	-9.16	-3.45	-0.61	-9.5	-2.33
11:29:47.011930	-0.18	-9.77	0.81	0.66	-8.950000000000001	-3.93	-0.43	-9.18	-3.39	-0.64	-9.58	-1.99
11:29:47.022028	-0.18	-9.77	0.81	0.63	-8.99	-3.86	-0.48	-9.200000000000001	-3.33	-0.46	-9.56	-2.11
11:29:47.032093	-0.2	-9.77	0.8200000000000001	0.58	-9.02	-3.79	-0.51	-9.24	-3.22	-0.41000000000000003	-9.48	-2.45
11:29:47.042169	-0.21	-9.76	0.8300000000000001	0.53	-9.05	-3.73	-0.53	-9.290000000000001	-3.08	-0.52	-9.38	-2.7800000000000002
11:29:47.052267	-0.23	-9.76	0.85	0.49	-9.07	-3.67	-0.52	-9.33	-2.96	-0.63	-9.27	-3.12
11:29:47.062396	-0.24	-9.76	0.87	0.48	-9.09	-3.64	-0.5	-9.36	-2.85	-0.6900000000000001	-9.120000000000001	-3.5100000000000002
11:29:47.072945	-0.25	-9.76	0.89	0.49	-9.08	-3.64	-0.48	-9.4	-2.74	-0.74	-9.02	-3.77
11:29:47.083033	-0.25	-9.76	0.91	0.51	-9.09	-3.64	-0.48	-9.4	-2.74	-0.8300000000000001	-8.96	-3.89
11:29:47.093104	-0.25	-9.75	0.93	0.53	-9.1	-3.6	-0.5	-9.46	-2.5100000000000002	-0.89	-8.93	-3.94
11:29:47.103173	-0.25	-9.75	0.9500000000000001	0.54	-9.120000000000001	-3.5500000000000003	-0.52	-9.49	-2.39	-0.9400000000000001	-8.94	-3.9
11:29:47.113258	-0.25	-9.75	0.97	0.55	-9.14	-3.49	-0.54	-9.51	-2.2800000000000002	-0.9500000000000001	-8.98	-3.8000000000000003
11:29:47.123423	-0.25	-9.75	0.99	0.54	-9.17	-3.42	-0.54	-9.540000000000001	-2.18	-0.96	-8.99	-3.79
11:29:47.133494	-0.23	-9.75	1.01	0.54	-9.200000000000001	-3.34	-0.52	-9.56	-2.09	-1.0	-8.94	-3.88
11:29:47.143567	-0.21	-9.74	1.03	0.54	-9.23	-3.25	-0.49	-9.58	-2.0100000000000002	-1.02	-8.89	-3.99
11:29:47.153637	-0.18	-9.74	1.05	0.52	-9.27	-3.14	-0.45	-9.6	-1.93	-1.03	-8.84	-4.09
11:29:47.164275	-0.16	-9.74	1.07	0.49	-9.3	-3.04	-0.42	-9.61	-1.85	-1.05	-8.8	-4.19
11:29:47.174345	-0.13	-9.74	1.09	0.45	-9.33	-2.96	-0.4	-9.63	-1.77	-1.06	-8.77	-4.25
11:29:47.184417	-0.11	-9.74	1.11	0.4	-9.35	-2.9	-0.4	-9.63	-1.77	-1.03	-8.75	-4.3
11:29:47.194491	-0.1	-9.74	1.1300000000000001	0.34	-9.370000000000001	-2.86	-0.37	-9.66	-1.61	-0.98	-8.73	-4.33
11:29:47.204587	-0.08	-9.73	1.1500000000000001	0.28	-9.38	-2.84	-0.37	-9.67	-1.53	-0.96	-8.700000000000001	-4.4
11:29:47.214861	-0.08	-9.73	1.1500000000000001	0.23	-9.38	-2.82	-0.37	-9.69	-1.44	-0.96	-8.66	-4.49
11:29:47.225476	-0.09	-9.73	1.1500000000000001	0.19	-9.4	-2.77	-0.38	-9.700000000000001	-1.36	-0.98	-8.620000000000001	-4.5600000000000005
11:29:47.235592	-0.09	-9.73	1.1500000000000001	0.16	-9.42	-2.7	-0.38	-9.71	-1.28	-1.0	-8.6	-4.6000000000000005
11:29:47.246118	-0.1	-9.73	1.1400000000000001	0.14	-9.44	-2.62	-0.38	-9.72	-1.19	-1.01	-8.58	-4.62
11:29:47.256262	-0.11	-9.73	1.1400000000000001	0.12	-9.46	-2.54	-0.38	-9.73	-1.11	-1.0	-8.57	-4.64
11:29:47.266342	-0.11	-9.74	1.1300000000000001	0.1	-9.49	-2.46	-0.39	-9.74	-1.03	-0.98	-8.56	-4.67
11:29:47.276422	-0.12	-9.74	1.12	0.08	-9.51	-2.39	-0.39	-9.75	-0.9500000000000001	-0.9500000000000001	-8.52	-4.74
11:29:47.286551	-0.11	-9.74	1.11	0.07	-9.52	-2.31	-0.39	-9.75	-0.9500000000000001	-0.93	-8.48	-4.82
11:29:47.296697	-0.11	-9.74	1.1	0.05	-9.540000000000001	-2.23	-0.4	-9.76	-0.8	-0.9400000000000001	-8.42	-4.92
11:29:47.306800	-0.1	-9.74	1.1	0.04	-9.56	-2.14	-0.42	-9.76	-0.73	-0.9500000000000001	-8.38	-4.99
11:29:47.316883	-0.09	-9.74	1.09	0.02	-9.58	-2.05	-0.43	-9.77	-0.66	-0.9400000000000001	-8.34	-5.05
11:29:47.326969	-0.09	-9.74	1.08	0.01	-9.6	-1.97	-0.44	-9.77	-0.58	-0.93	-8.31	-5.1000000000000005
11:29:47.337045	-0.08	-9.74	1.08	-0.01	-9.620000000000001	-1.8900000000000001	-0.45	-9.78	-0.5	-0.92	-8.290000000000001	-5.15
11:29:47.347119	-0.08	-9.74	1.07	-0.03	-9.63	-1.82	-0.45	-9.78	-0.5	-0.9	-8.27	-5.17
11:29:47.357819	-0.07	-9.74	1.06	-0.07	-9.64	-1.75	-0.46	-9.78	-0.43	-0.88	-8.25	-5.21
11:29:47.367896	-0.07	-9.74	1.05	-0.12	-9.66	-1.67	-0.47000000000000003	-9.78	-0.36	-0.88	-8.22	-5.26
11:29:47.378064	-0.06	-9.74	1.05	-0.21	-9.68	-1.53	-0.47000000000000003	-9.790000000000001	-0.29	-0.86	-8.2	-5.3
11:29:47.388784	-0.06	-9.75	1.04	-0.26	-9.69	-1.46	-0.48	-9.790000000000001	-0.22	-0.85	-8.17	-5.34
11:29:47.398875	-0.06	-9.75	1.03	-0.32	-9.700000000000001	-1.3900000000000001	-0.48	-9.790000000000001	-0.16	-0.85	-8.14	-5.38
11:29:47.409346	-0.05	-9.75	1.03	-0.38	-9.71	-1.31	-0.48	-9.790000000000001	-0.1	-0.8	-8.13	-5.41
11:29:47.420012	-0.05	-9.75	1.03	-0.44	-9.71	-1.23	-0.48	-9.790000000000001	0.02	-0.72	-8.16	-5.38
11:29:47.430099	-0.04	-9.75	1.02	-0.49	-9.72	-1.16	-0.48	-9.790000000000001	0.02	-0.72	-8.16	-5.38
11:29:47.440223	-0.04	-9.75	1.02	-0.55	-9.73	-1.09	-0.48	-9.790000000000001	0.08	-0.64	-8.15	-5.41
11:29:47.450844	-0.03	-9.75	1.03	-0.61	-9.73	-1.01	-0.48	-9.790000000000001	0.13	-0.65	-8.13	-5.44
11:29:47.461005	-0.03	-9.75	1.03	-0.67	-9.73	-0.9400000000000001	-0.48	-9.790000000000001	0.19	-0.65	-8.1	-5.47
11:29:47.471150	-0.03	-9.75	1.03	-0.73	-9.74	-0.86	-0.48	-9.78	0.31	-0.64	-8.08	-5.51
11:29:47.481777	-0.03	-9.75	1.03	-0.79	-9.74	-0.79	-0.48	-9.78	0.37	-0.65	-8.05	-5.55
11:29:47.491847	-0.03	-9.75	1.04	-0.85	-9.74	-0.71	-0.48	-9.78	0.42	-0.65	-8.03	-5.57
11:29:47.501951	-0.03	-9.75	1.04	-0.9	-9.74	-0.63	-0.48	-9.78	0.48	-0.65	-8.01	-5.61
11:29:47.512029	-0.04	-9.75	1.05	-0.96	-9.74	-0.56	-0.48	-9.77	0.54	-0.64	-7.98	-5.65
11:29:47.522161	-0.04	-9.74	1.05	-1.02	-9.74	-0.48	-0.48	-9.77	0.54	-0.62	-7.95	-5.69
11:29:47.532230	-0.05	-9.74	1.06	-1.09	-9.73	-0.42	-0.49	-9.77	0.66	-0.62	-7.94	-5.71
11:29:47.542304	-0.05	-9.74	1.06	-1.16	-9.73	-0.35000000000000003	-0.49	-9.76	0.72	-0.62	-7.91	-5.75
11:29:47.552389	-0.06	-9.74	1.07	-1.23	-9.72	-0.29	-0.5	-9.76	0.78	-0.62	-7.88	-5.8
11:29:47.563185	-0.06	-9.74	1.07	-1.3	-9.71	-0.23	-0.5	-9.76	0.78	-0.67	-7.84	-5.84
11:29:47.573603	-0.07	-9.74	1.08	-1.36	-9.700000000000001	-0.17	-0.51	-9.75	0.91	-0.73	-7.8	-5.89
11:29:47.583677	-0.08	-9.74	1.09	-1.43	-9.700000000000001	-0.12	-0.51	-9.74	0.98	-0.74	-7.75	-5.96
11:29:47.593744	-0.09	-9.74	1.09	-1.49	-9.69	-0.06	-0.53	-9.73	1.05	-0.75	-7.69	-6.03
11:29:47.603814	-0.11	-9.74	1.1	-1.55	-9.68	-0.01	-0.54	-9.72	1.12	-0.77	-7.63	-6.1000000000000005
11:29:47.613930	-0.12	-9.74	1.11	-1.6	-9.67	0.03	-0.56	-9.71	1.2	-0.8	-7.57	-6.17
11:29:47.623993	-0.13	-9.74	1.12	-1.6600000000000001	-9.66	0.08	-0.58	-9.700000000000001	1.28	-0.8300000000000001	-7.5	-6.25
11:29:47.634067	-0.14	-9.73	1.1300000000000001	-1.72	-9.65	0.12	-0.6	-9.69	1.37	-0.86	-7.42	-6.34
11:29:47.644137	-0.15	-9.73	1.1400000000000001	-1.77	-9.64	0.15	-0.62	-9.67	1.47	-0.91	-7.34	-6.42
11:29:47.654246	-0.15	-9.73	1.1500000000000001	-1.82	-9.63	0.16	-0.65	-9.65	1.57	-0.97	-7.26	-6.51
11:29:47.664363	-0.15	-9.73	1.16	-1.87	-9.620000000000001	0.17	-0.68	-9.63	1.68	-1.02	-7.17	-6.6000000000000005
11:29:47.674464	-0.15	-9.73	1.17	-1.9100000000000001	-9.61	0.18	-0.7000000000000001	-9.61	1.79	-1.07	-7.07	-6.7
11:29:47.684538	-0.16	-9.73	1.18	-1.96	-9.6	0.18	-0.74	-9.58	1.9100000000000001	-1.1300000000000001	-6.97	-6.79
11:29:47.694665	-0.16	-9.73	1.18	-2.0	-9.59	0.18	-0.77	-9.56	2.04	-1.19	-6.88	-6.88
11:29:47.705241	-0.17	-9.73	1.19	-2.0300000000000002	-9.59	0.18	-0.81	-9.52	2.17	-1.24	-6.76	-6.98
11:29:47.715553	-0.19	-9.73	1.19	-2.06	-9.58	0.18	-0.8300000000000001	-9.5	2.27	-1.3	-6.63	-7.1000000000000005
11:29:47.726203	-0.2	-9.73	1.19	-2.09	-9.57	0.18	-0.85	-9.47	2.37	-1.35	-6.5200000000000005	-7.19
11:29:47.736393	-0.23	-9.73	1.18	-2.11	-9.57	0.17	-0.9	-9.43	2.52	-1.3900000000000001	-6.390000000000001	-7.29
11:29:47.746465	-0.25	-9.73	1.17	-2.13	-9.57	0.15	-0.9500000000000001	-9.38	2.67	-1.44	-6.24	-7.41
11:29:47.756533	-0.28	-9.73	1.1500000000000001	-2.14	-9.56	0.12	-0.99	-9.33	2.83	-1.55	-6.11	-7.5
11:29:47.766601	-0.28	-9.73	1.1500000000000001	-2.14	-9.56	0.08	-1.03	-9.28	2.99	-1.6400000000000001	-5.96	-7.61
11:29:47.777149	-0.3	-9.73	1.1300000000000001	-2.13	-9.57	0.03	-1.06	-9.21	3.17	-1.6600000000000001	-5.79	-7.73
11:29:47.787320	-0.31	-9.74	1.08	-2.1	-9.57	-0.02	-1.1	-9.14	3.35	-1.75	-5.59	-7.8500000000000005
11:29:47.797426	-0.3	-9.74	1.07	-2.07	-9.58	-0.1	-1.1400000000000001	-9.07	3.5300000000000002	-1.87	-5.39	-7.97
11:29:47.807541	-0.29	-9.74	1.05	-1.99	-9.59	-0.3	-1.2	-8.99	3.71	-1.96	-5.19	-8.08
11:29:47.817654	-0.27	-9.74	1.04	-1.94	-9.6	-0.44	-1.29	-8.9	3.9	-2.0	-4.99	-8.19
11:29:47.827787	-0.26	-9.74	1.04	-1.8800000000000001	-9.6	-0.6	-1.41	-8.790000000000001	4.09	-2.0100000000000002	-4.75	-8.33
11:29:47.837874	-0.25	-9.74	1.03	-1.83	-9.6	-0.78	-1.56	-8.69	4.25	-2.0100000000000002	-4.47	-8.48
11:29:47.847966	-0.23	-9.75	1.02	-1.76	-9.59	-0.98	-1.7	-8.59	4.4	-2.0300000000000002	-4.13	-8.65
11:29:47.858122	-0.21	-9.75	1.01	-1.69	-9.58	-1.2	-1.8	-8.49	4.5600000000000005	-2.09	-3.69	-8.84
11:29:47.868193	-0.19	-9.75	1.0	-1.69	-9.58	-1.2	-1.8900000000000001	-8.370000000000001	4.73	-2.16	-3.19	-9.01
11:29:47.878522	-0.18	-9.75	0.98	-1.5	-9.540000000000001	-1.69	-1.95	-8.26	4.9	-2.33	-2.73	-9.120000000000001
11:29:47.888657	-0.16	-9.75	0.97	-1.3900000000000001	-9.52	-1.8900000000000001	-2.02	-8.15	5.05	-2.52	-2.2600000000000002	-9.200000000000001
11:29:47.898791	-0.15	-9.75	0.9500000000000001	-1.28	-9.5	-2.04	-2.09	-8.05	5.18	-2.57	-1.77	-9.290000000000001
11:29:47.909397	-0.14	-9.76	0.93	-1.17	-9.48	-2.17	-2.14	-7.97	5.28	-2.59	-1.3	-9.36
11:29:47.919554	-0.13	-9.76	0.91	-1.05	-9.47	-2.29	-2.14	-7.9	5.39	-2.68	-0.9400000000000001	-9.38
11:29:47.930094	-0.13	-9.76	0.9	-0.9500000000000001	-9.450000000000001	-2.4	-2.11	-7.83	5.5	-2.82	-0.76	-9.35
11:29:47.940799	-0.12	-9.76	0.89	-0.86	-9.43	-2.52	-2.1	-7.7700000000000005	5.59	-2.37	-1.1300000000000001	-9.44
11:29:47.950907	-0.12	-9.76	0.89	-0.76	-9.4	-2.66	-2.09	-7.72	5.66	-1.97	-1.62	-9.46
11:29:47.961519	-0.12	-9.76	0.89	-0.67	-9.36	-2.81	-2.07	-7.71	5.69	-1.97	-1.62	-9.46
11:29:47.971815	-0.12	-9.76	0.89	-0.59	-9.32	-2.97	-2.0300000000000002	-7.73	5.67	-2.0	-2.24	-9.33
11:29:47.981895	-0.12	-9.76	0.89	-0.51	-9.27	-3.13	-1.9000000000000001	-7.84	5.5600000000000005	-1.92	-2.44	-9.290000000000001
11:29:47.991994	-0.11	-9.76	0.9	-0.45	-9.22	-3.2800000000000002	-1.78	-7.930000000000001	5.47	-1.62	-2.72	-9.28
11:29:48.002139	-0.11	-9.76	0.9	-0.38	-9.18	-3.42	-1.6600000000000001	-8.03	5.36	-1.45	-3.09	-9.19
11:29:48.012713	-0.1	-9.76	0.9	-0.32	-9.13	-3.54	-1.52	-8.15	5.22	-1.48	-3.47	-9.05
11:29:48.023353	-0.09	-9.76	0.91	-0.26	-9.09	-3.64	-1.52	-8.15	5.22	-1.48	-3.47	-9.05
11:29:48.033423	-0.09	-9.76	0.91	-0.21	-9.05	-3.75	-1.4000000000000001	-8.28	5.04	-1.51	-3.77	-8.92
11:29:48.043527	-0.08	-9.76	0.92	-0.16	-9.01	-3.85	-1.23	-8.57	4.59	-1.37	-4.36	-8.67
11:29:48.053594	-0.07	-9.76	0.92	-0.12	-8.97	-3.94	-1.1500000000000001	-8.72	4.3100000000000005	-1.31	-4.76	-8.46
11:29:48.063668	-0.07	-9.76	0.93	-0.1	-8.93	-4.03	-1.09	-8.870000000000001	4.01	-1.23	-5.19	-8.22
11:29:48.073746	-0.06	-9.76	0.93	-0.08	-8.89	-4.12	-1.03	-9.03	3.67	-1.1	-5.58	-7.98
11:29:48.083813	-0.05	-9.76	0.9400000000000001	-0.05	-8.85	-4.2	-0.99	-9.17	3.31	-0.97	-5.94	-7.74
11:29:48.093902	-0.04	-9.76	0.9400000000000001	-0.01	-8.82	-4.2700000000000005	-0.9500000000000001	-9.31	2.91	-0.84	-6.26	-7.49
11:29:48.103996	-0.03	-9.76	0.9500000000000001	0.02	-8.8	-4.32	-0.91	-9.43	2.5	-0.72	-6.5600000000000005	-7.24
11:29:48.114072	-0.01	-9.76	0.9500000000000001	0.08	-8.78	-4.36	-0.89	-9.540000000000001	2.06	-0.61	-6.83	-7.0
11:29:48.124347	0.0	-9.75	0.9500000000000001	0.14	-8.76	-4.39	-0.85	-9.63	1.62	-0.5	-7.09	-6.75
11:29:48.134439	0.0	-9.75	0.9500000000000001	0.21	-8.75	-4.41	-0.81	-9.700000000000001	1.18	-0.41000000000000003	-7.3500000000000005	-6.47
11:29:48.144548	0.02	-9.76	0.9500000000000001	0.28	-8.74	-4.43	-0.76	-9.74	0.74	-0.36	-7.61	-6.17
11:29:48.154711	0.04	-9.76	0.9400000000000001	0.35000000000000003	-8.74	-4.42	-0.6900000000000001	-9.77	0.3	-0.33	-7.84	-5.86
11:29:48.165377	0.05	-9.76	0.93	0.41000000000000003	-8.74	-4.41	-0.63	-9.78	-0.12	-0.34	-8.07	-5.55
11:29:48.175471	0.06	-9.76	0.91	0.47000000000000003	-8.75	-4.4	-0.56	-9.77	-0.55	-0.35000000000000003	-8.27	-5.24
11:29:48.185538	0.06	-9.76	0.9	0.52	-8.75	-4.38	-0.5	-9.74	-0.96	-0.37	-8.47	-4.91
11:29:48.196221	0.06	-9.76	0.89	0.56	-8.76	-4.36	-0.45	-9.69	-1.36	-0.39	-8.66	-4.5600000000000005
11:29:48.206293	0.06	-9.76	0.88	0.59	-8.77	-4.34	-0.4	-9.63	-1.76	-0.42	-8.84	-4.22
11:29:48.216367	0.05	-9.76	0.87	0.61	-8.78	-4.3100000000000005	-0.36	-9.56	-2.14	-0.43	-9.0	-3.86
11:29:48.226594	0.04	-9.76	0.86	0.64	-8.8	-4.2700000000000005	-0.32	-9.47	-2.5100000000000002	-0.42	-9.14	-3.52
11:29:48.236664	0.03	-9.76	0.85	0.66	-8.82	-4.23	-0.28	-9.370000000000001	-2.86	-0.42	-9.26	-3.19
11:29:48.246733	0.02	-9.76	0.84	0.6900000000000001	-8.84	-4.18	-0.26	-9.26	-3.19	-0.42	-9.36	-2.88
11:29:48.256961	0.01	-9.77	0.8300000000000001	0.7000000000000001	-8.86	-4.12	-0.24	-9.15	-3.49	-0.41000000000000003	-9.450000000000001	-2.58
11:29:48.267028	0.0	-9.77	0.8200000000000001	0.71	-8.89	-4.0600000000000005	-0.24	-9.05	-3.7600000000000002	-0.42	-9.52	-2.29
11:29:48.277110	0.0	-9.77	0.81	0.72	-8.92	-4.0	-0.25	-8.94	-4.01	-0.41000000000000003	-9.58	-2.0100000000000002
11:29:48.287173	-0.01	-9.77	0.8	0.72	-8.950000000000001	-3.94	-0.28	-8.84	-4.22	-0.41000000000000003	-9.63	-1.77
11:29:48.297304	-0.02	-9.77	0.79	0.72	-8.97	-3.88	-0.32	-8.75	-4.39	-0.41000000000000003	-9.67	-1.54
11:29:48.307406	-0.02	-9.77	0.78	0.72	-9.0	-3.8200000000000003	-0.35000000000000003	-8.68	-4.53	-0.42	-9.700000000000001	-1.35
11:29:48.317533	-0.03	-9.77	0.77	0.72	-9.03	-3.74	-0.37	-8.620000000000001	-4.64	-0.44	-9.72	-1.21
11:29:48.327615	-0.04	-9.77	0.76	0.72	-9.03	-3.73	-0.37	-8.59	-4.71	-0.45	-9.73	-1.11
11:29:48.337848	-0.04	-9.77	0.75	0.72	-9.040000000000001	-3.72	-0.36	-8.57	-4.74	-0.46	-9.73	-1.07
11:29:48.348480	-0.04	-9.77	0.74	0.73	-9.03	-3.73	-0.35000000000000003	-8.57	-4.74	-0.47000000000000003	-9.73	-1.07
11:29:48.358664	-0.04	-9.77	0.73	0.74	-9.03	-3.73	-0.35000000000000003	-8.59	-4.69	-0.48	-9.73	-1.11
11:29:48.368771	-0.04	-9.77	0.72	0.74	-9.03	-3.74	-0.34	-8.64	-4.62	-0.49	-9.72	-1.18
11:29:48.379012	-0.04	-9.77	0.72	0.74	-9.02	-3.7600000000000002	-0.35000000000000003	-8.69	-4.51	-0.48	-9.700000000000001	-1.29
11:29:48.389166	-0.04	-9.78	0.71	0.74	-9.01	-3.7800000000000002	-0.36	-8.76	-4.37	-0.48	-9.700000000000001	-1.29
11:29:48.399393	-0.05	-9.78	0.71	0.73	-9.01	-3.79	-0.38	-8.84	-4.22	-0.44	-9.67	-1.53
11:29:48.409485	-0.05	-9.78	0.7000000000000001	0.72	-9.01	-3.79	-0.4	-8.92	-4.04	-0.39	-9.63	-1.76
11:29:48.419579	-0.06	-9.78	0.7000000000000001	0.71	-9.01	-3.79	-0.43	-9.0	-3.86	-0.37	-9.6	-1.94
11:29:48.429988	-0.07	-9.78	0.7000000000000001	0.68	-9.02	-3.77	-0.46	-9.07	-3.7	-0.36	-9.59	-1.99
11:29:48.440304	-0.08	-9.78	0.71	0.66	-9.040000000000001	-3.73	-0.44	-9.1	-3.6	-0.4	-9.620000000000001	-1.81
11:29:48.450397	-0.1	-9.77	0.73	0.63	-9.07	-3.66	-0.46	-9.11	-3.5700000000000003	-0.3	-9.66	-1.6
11:29:48.460651	-0.11	-9.77	0.74	0.59	-9.09	-3.6	-0.5	-9.120000000000001	-3.5500000000000003	-0.18	-9.56	-2.13
11:29:48.470806	-0.12	-9.77	0.76	0.56	-9.120000000000001	-3.5500000000000003	-0.55	-9.15	-3.47	-0.18	-9.56	-2.13
11:29:48.481176	-0.13	-9.77	0.78	0.54	-9.14	-3.49	-0.58	-9.24	-3.22	-0.47000000000000003	-9.36	-2.88
11:29:48.491284	-0.13	-9.77	0.8	0.54	-9.16	-3.45	-0.58	-9.24	-3.22	-0.47000000000000003	-9.36	-2.88
11:29:48.501544	-0.14	-9.77	0.8200000000000001	0.54	-9.16	-3.44	-0.56	-9.28	-3.11	-0.61	-9.18	-3.38
11:29:48.511675	-0.14	-9.76	0.8300000000000001	0.56	-9.16	-3.43	-0.52	-9.34	-2.91	-0.71	-9.13	-3.5
11:29:48.521858	-0.13	-9.76	0.85	0.56	-9.17	-3.4	-0.52	-9.38	-2.8000000000000003	-0.71	-9.13	-3.5
11:29:48.531974	-0.13	-9.76	0.87	0.55	-9.19	-3.37	-0.53	-9.41	-2.69	-0.71	-9.13	-3.5
11:29:48.542406	-0.12	-9.76	0.89	0.54	-9.200000000000001	-3.3200000000000003	-0.55	-9.44	-2.58	-0.78	-9.16	-3.4
11:29:48.552476	-0.1	-9.76	0.91	0.53	-9.22	-3.27	-0.54	-9.47	-2.48	-0.81	-9.13	-3.46
11:29:48.562574	-0.08	-9.76	0.9400000000000001	0.52	-9.25	-3.19	-0.52	-9.49	-2.38	-0.84	-9.08	-3.59
11:29:48.572710	-0.05	-9.75	0.96	0.51	-9.290000000000001	-3.09	-0.49	-9.51	-2.3000000000000003	-0.84	-9.08	-3.59
11:29:48.582879	-0.03	-9.75	0.98	0.48	-9.32	-2.99	-0.46	-9.540000000000001	-2.22	-0.92	-8.97	-3.83
11:29:48.592944	0.0	-9.75	1.0	0.46	-9.35	-2.89	-0.42	-9.56	-2.13	-0.92	-8.97	-3.83
11:29:48.603245	0.0	-9.75	1.02	0.42	-9.38	-2.82	-0.4	-9.58	-2.05	-0.9400000000000001	-8.92	-3.95
11:29:48.613339	0.02	-9.75	1.04	0.38	-9.4	-2.7600000000000002	-0.37	-9.59	-1.98	-0.91	-8.92	-3.96
11:29:48.623413	0.03	-9.74	1.06	0.33	-9.41	-2.72	-0.35000000000000003	-9.61	-1.9000000000000001	-0.88	-8.9	-4.0
11:29:48.633679	0.03	-9.74	1.08	0.29	-9.42	-2.69	-0.34	-9.620000000000001	-1.82	-0.86	-8.870000000000001	-4.08
11:29:48.643748	0.03	-9.74	1.09	0.25	-9.43	-2.66	-0.33	-9.64	-1.74	-0.87	-8.83	-4.17
11:29:48.653818	0.02	-9.74	1.09	0.22	-9.44	-2.61	-0.33	-9.65	-1.6600000000000001	-0.89	-8.8	-4.23
11:29:48.663904	0.02	-9.74	1.09	0.19	-9.46	-2.54	-0.32	-9.67	-1.58	-0.9	-8.78	-4.26
11:29:48.673992	0.01	-9.74	1.09	0.17	-9.49	-2.46	-0.32	-9.68	-1.5	-0.9	-8.78	-4.26
11:29:48.684072	0.0	-9.74	1.09	0.15	-9.51	-2.38	-0.31	-9.69	-1.42	-0.89	-8.75	-4.3100000000000005
11:29:48.694133	0.0	-9.74	1.09	0.13	-9.53	-2.29	-0.3	-9.700000000000001	-1.34	-0.89	-8.75	-4.3100000000000005
11:29:48.704200	0.0	-9.74	1.09	0.12	-9.55	-2.22	-0.3	-9.72	-1.26	-0.89	-8.75	-4.3100000000000005
11:29:48.714291	-0.01	-9.74	1.08	0.1	-9.56	-2.14	-0.29	-9.73	-1.18	-0.89	-8.75	-4.3100000000000005
11:29:48.724385	0.0	-9.74	1.08	0.09	-9.58	-2.07	-0.29	-9.73	-1.1	-0.89	-8.75	-4.3100000000000005
11:29:48.734467	0.0	-9.74	1.08	0.08	-9.6	-1.99	-0.3	-9.74	-1.02	-0.89	-8.75	-4.3100000000000005
11:29:48.745099	0.0	-9.74	1.07	0.07	-9.61	-1.9100000000000001	-0.31	-9.75	-0.9400000000000001	-0.89	-8.75	-4.3100000000000005
11:29:48.755204	0.01	-9.74	1.07	0.05	-9.63	-1.84	-0.32	-9.76	-0.86	-0.85	-8.61	-4.6000000000000005
11:29:48.765328	0.01	-9.74	1.06	0.03	-9.64	-1.77	-0.33	-9.76	-0.78	-0.84	-8.49	-4.82
11:29:48.775462	0.02	-9.74	1.05	0.0	-9.65	-1.71	-0.34	-9.77	-0.7000000000000001	-0.8300000000000001	-8.46	-4.88
11:29:48.785672	0.02	-9.75	1.04	-0.02	-9.66	-1.6500000000000001	-0.34	-9.78	-0.63	-0.8300000000000001	-8.46	-4.88
11:29:48.796132	0.03	-9.75	1.04	-0.05	-9.67	-1.58	-0.35000000000000003	-9.78	-0.55	-0.8200000000000001	-8.4	-4.98
11:29:48.806201	0.03	-9.75	1.04	-0.09	-9.68	-1.51	-0.35000000000000003	-9.78	-0.47000000000000003	-0.81	-8.38	-5.0200000000000005
11:29:48.816333	0.03	-9.75	1.03	-0.13	-9.69	-1.44	-0.36	-9.790000000000001	-0.41000000000000003	-0.79	-8.35	-5.0600000000000005
11:29:48.826435	0.03	-9.75	1.03	-0.18	-9.700000000000001	-1.37	-0.36	-9.790000000000001	-0.34	-0.78	-8.32	-5.12
11:29:48.836514	0.03	-9.75	1.04	-0.23	-9.71	-1.29	-0.37	-9.790000000000001	-0.27	-0.78	-8.32	-5.12
11:29:48.846588	0.03	-9.75	1.04	-0.27	-9.72	-1.23	-0.37	-9.790000000000001	-0.2	-0.8	-8.26	-5.21
11:29:48.856662	0.04	-9.75	1.05	-0.32	-9.73	-1.16	-0.37	-9.790000000000001	-0.14	-0.8200000000000001	-8.23	-5.26
11:29:48.866728	0.04	-9.74	1.05	-0.37	-9.73	-1.1	-0.37	-9.790000000000001	-0.07	-0.8300000000000001	-8.2	-5.3100000000000005
11:29:48.876830	0.05	-9.74	1.06	-0.42	-9.74	-1.05	-0.37	-9.790000000000001	-0.01	-0.8300000000000001	-8.2	-5.3100000000000005
11:29:48.886928	0.06	-9.74	1.07	-0.47000000000000003	-9.74	-0.99	-0.36	-9.790000000000001	0.05	-0.84	-8.15	-5.37
11:29:48.896995	0.06	-9.74	1.08	-0.52	-9.74	-0.93	-0.36	-9.790000000000001	0.11	-0.84	-8.120000000000001	-5.42
11:29:48.907063	0.06	-9.74	1.09	-0.5700000000000001	-9.75	-0.87	-0.36	-9.790000000000001	0.18	-0.84	-8.120000000000001	-5.42
11:29:48.917137	0.06	-9.74	1.1	-0.62	-9.75	-0.8	-0.36	-9.790000000000001	0.25	-0.84	-8.06	-5.51
11:29:48.927208	0.05	-9.74	1.11	-0.67	-9.75	-0.73	-0.36	-9.790000000000001	0.31	-0.84	-8.06	-5.51
11:29:48.937378	0.04	-9.74	1.12	-0.72	-9.75	-0.65	-0.36	-9.790000000000001	0.37	-0.8300000000000001	-8.01	-5.59
11:29:48.947492	0.03	-9.74	1.1300000000000001	-0.78	-9.75	-0.58	-0.36	-9.78	0.44	-0.8300000000000001	-7.97	-5.64
11:29:48.957560	0.02	-9.73	1.1400000000000001	-0.8300000000000001	-9.75	-0.52	-0.36	-9.78	0.51	-0.8300000000000001	-7.95	-5.67
11:29:48.967625	0.01	-9.73	1.1500000000000001	-0.89	-9.75	-0.45	-0.36	-9.78	0.58	-0.8300000000000001	-7.95	-5.67
11:29:48.977696	0.0	-9.73	1.16	-0.96	-9.75	-0.39	-0.36	-9.77	0.65	-0.8300000000000001	-7.95	-5.67
11:29:48.987770	0.0	-9.73	1.18	-1.08	-9.74	-0.3	-0.36	-9.77	0.72	-0.8300000000000001	-7.86	-5.8
11:29:48.997894	-0.01	-9.73	1.19	-1.1400000000000001	-9.73	-0.25	-0.37	-9.76	0.79	-0.91	-7.82	-5.83
11:29:49.007980	-0.02	-9.73	1.2	-1.2	-9.72	-0.2	-0.37	-9.76	0.86	-0.96	-7.7700000000000005	-5.89
11:29:49.018656	-0.03	-9.73	1.21	-1.26	-9.72	-0.15	-0.37	-9.75	0.9400000000000001	-0.96	-7.7700000000000005	-5.89
11:29:49.028779	-0.04	-9.72	1.22	-1.32	-9.71	-0.1	-0.38	-9.74	1.02	-0.98	-7.66	-6.03
11:29:49.038878	-0.04	-9.72	1.23	-1.37	-9.700000000000001	-0.04	-0.4	-9.73	1.09	-0.98	-7.66	-6.03
11:29:49.048966	-0.05	-9.72	1.24	-1.43	-9.700000000000001	0.0	-0.41000000000000003	-9.72	1.17	-0.98	-7.66	-6.03
11:29:49.059529	-0.05	-9.72	1.26	-1.49	-9.69	0.03	-0.43	-9.71	1.26	-1.05	-7.47	-6.26
11:29:49.069830	-0.05	-9.72	1.27	-1.55	-9.68	0.06	-0.45	-9.700000000000001	1.35	-1.05	-7.47	-6.26
11:29:49.080490	-0.05	-9.72	1.28	-1.6	-9.67	0.08	-0.51	-9.67	1.53	-1.09	-7.4	-6.34
11:29:49.091090	-0.04	-9.72	1.28	-1.6600000000000001	-9.66	0.1	-0.53	-9.65	1.6400000000000001	-1.19	-7.25	-6.49
11:29:49.101427	-0.04	-9.72	1.29	-1.71	-9.65	0.1	-0.56	-9.63	1.75	-1.24	-7.16	-6.58
11:29:49.111497	-0.04	-9.71	1.3	-1.76	-9.64	0.1	-0.59	-9.6	1.86	-1.35	-6.99	-6.74
11:29:49.121637	-0.04	-9.71	1.3	-1.81	-9.63	0.1	-0.63	-9.58	1.98	-1.4000000000000001	-6.88	-6.84
11:29:49.131761	-0.04	-9.71	1.31	-1.84	-9.63	0.1	-0.67	-9.55	2.1	-1.44	-6.76	-6.94
11:29:49.142030	-0.05	-9.71	1.31	-1.8800000000000001	-9.620000000000001	0.1	-0.71	-9.52	2.23	-1.48	-6.65	-7.04
11:29:49.152529	-0.06	-9.71	1.3	-1.9000000000000001	-9.61	0.1	-0.76	-9.48	2.36	-1.52	-6.54	-7.140000000000001
11:29:49.162603	-0.07	-9.72	1.29	-1.92	-9.61	0.09	-0.8	-9.44	2.5100000000000002	-1.6	-6.41	-7.24
11:29:49.172704	-0.09	-9.72	1.28	-1.93	-9.61	0.07	-0.84	-9.39	2.67	-1.69	-6.2700000000000005	-7.34
11:29:49.182883	-0.1	-9.72	1.26	-1.93	-9.61	0.03	-0.87	-9.34	2.84	-1.69	-6.2700000000000005	-7.34
11:29:49.193386	-0.1	-9.72	1.24	-1.92	-9.61	-0.01	-0.9	-9.28	3.0100000000000002	-1.69	-6.2700000000000005	-7.34
11:29:49.203527	-0.1	-9.72	1.23	-1.9000000000000001	-9.620000000000001	-0.07	-0.9400000000000001	-9.22	3.19	-1.78	-5.97	-7.57
11:29:49.214248	-0.08	-9.72	1.22	-1.87	-9.620000000000001	-0.14	-0.98	-9.15	3.37	-1.95	-5.58	-7.82
11:29:49.224984	-0.06	-9.73	1.21	-1.84	-9.620000000000001	-0.23	-1.03	-9.07	3.56	-2.0300000000000002	-5.38	-7.930000000000001
11:29:49.235054	-0.05	-9.73	1.2	-1.81	-9.63	-0.34	-1.11	-8.99	3.75	-2.09	-5.18	-8.05
11:29:49.245131	-0.03	-9.73	1.19	-1.79	-9.63	-0.47000000000000003	-1.22	-8.89	3.93	-2.12	-4.96	-8.18
11:29:49.255195	-0.02	-9.73	1.18	-1.76	-9.620000000000001	-0.62	-1.37	-8.790000000000001	4.1	-2.14	-4.71	-8.32
11:29:49.265272	0.0	-9.73	1.17	-1.72	-9.61	-0.8	-1.53	-8.69	4.26	-2.12	-4.42	-8.49
11:29:49.275396	0.01	-9.73	1.16	-1.68	-9.6	-1.0	-1.7	-8.6	4.39	-2.09	-4.1	-8.65
11:29:49.285469	0.02	-9.73	1.1500000000000001	-1.62	-9.59	-1.21	-1.83	-8.51	4.51	-2.08	-3.69	-8.84
11:29:49.295840	0.04	-9.74	1.1400000000000001	-1.55	-9.57	-1.46	-1.9100000000000001	-8.42	4.63	-2.11	-3.15	-9.040000000000001
11:29:49.305912	0.06	-9.74	1.12	-1.46	-9.540000000000001	-1.7	-1.96	-8.35	4.74	-2.22	-2.57	-9.19
11:29:49.315982	0.07	-9.74	1.1	-1.36	-9.52	-1.9000000000000001	-1.99	-8.27	4.87	-2.59	-2.0300000000000002	-9.23
11:29:49.326071	0.08	-9.74	1.05	-1.26	-9.5	-2.06	-2.02	-8.19	4.99	-3.0500000000000003	-1.6600000000000001	-9.16
11:29:49.336279	0.07	-9.75	1.03	-1.16	-9.48	-2.18	-2.04	-8.11	5.11	-3.12	-1.6500000000000001	-9.14
11:29:49.346416	0.07	-9.75	1.02	-1.07	-9.47	-2.3000000000000003	-2.08	-8.040000000000001	5.21	-2.62	-1.72	-9.28
11:29:49.356944	0.06	-9.75	1.0	-0.98	-9.450000000000001	-2.41	-2.1	-7.99	5.2700000000000005	-2.08	-1.8900000000000001	-9.39
11:29:49.367032	0.05	-9.75	1.0	-0.9	-9.42	-2.5300000000000002	-2.11	-7.98	5.29	-1.86	-2.12	-9.38
11:29:49.377103	0.04	-9.75	0.99	-0.8200000000000001	-9.39	-2.67	-2.09	-7.98	5.28	-1.87	-2.2600000000000002	-9.35
11:29:49.387174	0.03	-9.75	0.99	-0.73	-9.36	-2.82	-2.05	-8.01	5.26	-1.8	-2.35	-9.34
11:29:49.397255	0.02	-9.75	0.99	-0.66	-9.32	-2.96	-1.99	-8.06	5.21	-1.5	-2.5300000000000002	-9.35
11:29:49.407329	0.01	-9.75	0.99	-0.58	-9.28	-3.09	-1.92	-8.13	5.12	-1.18	-2.89	-9.290000000000001
11:29:49.417418	0.01	-9.75	0.99	-0.51	-9.24	-3.22	-1.84	-8.21	5.0200000000000005	-1.05	-3.3200000000000003	-9.16
11:29:49.427483	0.01	-9.75	0.99	-0.44	-9.21	-3.33	-1.77	-8.31	4.88	-1.01	-3.6	-9.06
11:29:49.437551	0.01	-9.75	0.99	-0.37	-9.18	-3.42	-1.71	-8.42	4.71	-0.9400000000000001	-3.84	-8.96
11:29:49.447679	0.01	-9.75	1.0	-0.3	-9.15	-3.5	-1.6600000000000001	-8.540000000000001	4.5200000000000005	-0.9	-4.13	-8.84
11:29:49.457789	0.01	-9.75	1.0	-0.18	-9.08	-3.67	-1.59	-8.66	4.3	-0.89	-4.49	-8.66
11:29:49.467918	0.01	-9.75	1.01	-0.14	-9.05	-3.7600000000000002	-1.52	-8.790000000000001	4.0600000000000005	-0.86	-4.87	-8.46
11:29:49.477987	0.01	-9.75	1.01	-0.14	-9.05	-3.7600000000000002	-1.3900000000000001	-9.040000000000001	3.5100000000000002	-0.78	-5.23	-8.25
11:29:49.488062	0.01	-9.75	1.02	-0.1	-8.98	-3.92	-1.3900000000000001	-9.040000000000001	3.5100000000000002	-0.67	-5.59	-8.02
11:29:49.498776	0.02	-9.75	1.02	-0.07	-8.950000000000001	-3.99	-1.34	-9.17	3.19	-0.55	-5.92	-7.79
11:29:49.508845	0.02	-9.75	1.03	-0.04	-8.93	-4.05	-1.26	-9.4	2.48	-0.43	-6.24	-7.54
11:29:49.518955	0.03	-9.75	1.03	0.0	-8.9	-4.09	-1.24	-9.5	2.08	-0.31	-6.5200000000000005	-7.3100000000000005
11:29:49.529637	0.04	-9.75	1.03	0.04	-8.88	-4.14	-1.24	-9.5	2.08	-0.2	-6.78	-7.08
11:29:49.539808	0.05	-9.75	1.03	0.09	-8.870000000000001	-4.18	-1.16	-9.65	1.27	-0.1	-7.0200000000000005	-6.84
11:29:49.549907	0.05	-9.75	1.03	0.15	-8.85	-4.21	-1.1	-9.700000000000001	0.87	-0.02	-7.26	-6.58
11:29:49.560032	0.06	-9.75	1.03	0.21	-8.83	-4.24	-1.03	-9.74	0.46	0.02	-7.48	-6.33
11:29:49.570706	0.07	-9.75	1.02	0.27	-8.82	-4.2700000000000005	-1.03	-9.74	0.46	0.02	-7.69	-6.08
11:29:49.580837	0.07	-9.75	1.02	0.32	-8.81	-4.29	-0.87	-9.76	-0.34	-0.03	-8.08	-5.54
11:29:49.590929	0.07	-9.75	1.01	0.38	-8.8	-4.3	-0.79	-9.74	-0.74	-0.03	-8.08	-5.54
11:29:49.601063	0.07	-9.75	1.0	0.43	-8.8	-4.3	-0.71	-9.71	-1.1300000000000001	-0.12	-8.44	-4.98
11:29:49.611659	0.07	-9.75	1.0	0.47000000000000003	-8.790000000000001	-4.3	-0.64	-9.66	-1.51	-0.15	-8.620000000000001	-4.67
11:29:49.621767	0.06	-9.75	0.99	0.51	-8.790000000000001	-4.29	-0.5700000000000001	-9.6	-1.8800000000000001	-0.18	-8.78	-4.36
11:29:49.631888	0.05	-9.75	0.98	0.54	-8.8	-4.28	-0.5	-9.53	-2.24	-0.21	-8.91	-4.08
11:29:49.642042	0.03	-9.75	0.98	0.5700000000000001	-8.81	-4.25	-0.45	-9.44	-2.58	-0.25	-9.040000000000001	-3.79
11:29:49.652173	0.02	-9.75	0.97	0.6	-8.83	-4.21	-0.41000000000000003	-9.35	-2.9	-0.29	-9.15	-3.5
11:29:49.662271	0.01	-9.75	0.96	0.63	-8.85	-4.17	-0.38	-9.25	-3.21	-0.33	-9.25	-3.23
11:29:49.672346	0.0	-9.75	0.9500000000000001	0.65	-8.870000000000001	-4.11	-0.37	-9.15	-3.49	-0.34	-9.34	-2.96
11:29:49.682476	-0.01	-9.76	0.9500000000000001	0.66	-8.9	-4.0600000000000005	-0.36	-9.05	-3.75	-0.35000000000000003	-9.41	-2.71
11:29:49.692559	-0.02	-9.76	0.9400000000000001	0.66	-8.92	-4.0	-0.38	-8.950000000000001	-3.98	-0.36	-9.48	-2.46
11:29:49.703023	-0.04	-9.76	0.93	0.66	-8.950000000000001	-3.94	-0.4	-8.86	-4.18	-0.36	-9.53	-2.24
11:29:49.713581	-0.05	-9.76	0.92	0.65	-8.97	-3.89	-0.43	-8.77	-4.3500000000000005	-0.37	-9.58	-2.05
11:29:49.723653	-0.07	-9.76	0.91	0.65	-8.99	-3.84	-0.45	-8.700000000000001	-4.48	-0.39	-9.61	-1.9000000000000001
11:29:49.733727	-0.08	-9.76	0.9	0.64	-9.01	-3.8000000000000003	-0.45	-8.65	-4.59	-0.4	-9.63	-1.8
11:29:49.743800	-0.09	-9.76	0.89	0.65	-9.02	-3.7600000000000002	-0.44	-8.61	-4.66	-0.4	-9.64	-1.75
11:29:49.753928	-0.09	-9.76	0.88	0.65	-9.040000000000001	-3.74	-0.42	-8.59	-4.69	-0.41000000000000003	-9.64	-1.74
11:29:49.764026	-0.1	-9.76	0.88	0.65	-9.040000000000001	-3.72	-0.4	-8.6	-4.69	-0.42	-9.63	-1.78
11:29:49.774112	-0.1	-9.76	0.87	0.66	-9.05	-3.71	-0.4	-8.620000000000001	-4.64	-0.43	-9.620000000000001	-1.85
11:29:49.784277	-0.1	-9.76	0.87	0.66	-9.05	-3.71	-0.4	-8.66	-4.57	-0.42	-9.6	-1.92
11:29:49.794720	-0.09	-9.76	0.86	0.66	-9.040000000000001	-3.72	-0.41000000000000003	-8.72	-4.46	-0.4	-9.58	-2.05
11:29:49.804797	-0.08	-9.76	0.86	0.65	-9.040000000000001	-3.73	-0.43	-8.790000000000001	-4.32	-0.37	-9.53	-2.24
11:29:49.814883	-0.07	-9.76	0.86	0.63	-9.03	-3.75	-0.46	-8.86	-4.16	-0.34	-9.49	-2.43
11:29:49.825269	-0.07	-9.76	0.86	0.61	-9.02	-3.77	-0.49	-8.94	-3.98	-0.36	-9.46	-2.5300000000000002
11:29:49.835341	-0.06	-9.76	0.86	0.58	-9.02	-3.7800000000000002	-0.5	-9.01	-3.81	-0.4	-9.5	-2.39
11:29:49.845429	-0.06	-9.76	0.87	0.55	-9.02	-3.7800000000000002	-0.49	-9.06	-3.71	-0.25	-9.52	-2.32
11:29:49.855507	-0.07	-9.76	0.88	0.52	-9.03	-3.77	-0.53	-9.08	-3.65	-0.14	-9.47	-2.5
11:29:49.865577	-0.09	-9.76	0.9	0.49	-9.05	-3.74	-0.58	-9.11	-3.5700000000000003	-0.22	-9.4	-2.75
11:29:49.875650	-0.1	-9.76	0.92	0.46	-9.06	-3.71	-0.63	-9.15	-3.45	-0.36	-9.31	-3.0500000000000003
11:29:49.885752	-0.1	-9.76	0.92	0.44	-9.07	-3.68	-0.65	-9.200000000000001	-3.31	-0.46	-9.19	-3.37
11:29:49.895851	-0.11	-9.76	0.9400000000000001	0.45	-9.08	-3.65	-0.64	-9.25	-3.18	-0.5700000000000001	-9.06	-3.7
11:29:49.905932	-0.11	-9.75	0.96	0.46	-9.1	-3.62	-0.62	-9.290000000000001	-3.06	-0.7000000000000001	-8.97	-3.88
11:29:49.916000	-0.11	-9.75	0.98	0.48	-9.1	-3.6	-0.58	-9.33	-2.95	-0.8	-8.93	-3.96
11:29:49.926071	-0.11	-9.75	0.99	0.5	-9.11	-3.58	-0.56	-9.36	-2.85	-0.87	-8.9	-4.0
11:29:49.936403	-0.11	-9.75	1.01	0.49	-9.120000000000001	-3.56	-0.56	-9.39	-2.74	-0.89	-8.91	-3.98
11:29:49.946532	-0.1	-9.75	1.03	0.47000000000000003	-9.13	-3.5300000000000002	-0.5700000000000001	-9.42	-2.63	-0.89	-8.92	-3.95
11:29:49.956638	-0.09	-9.74	1.05	0.46	-9.15	-3.48	-0.58	-9.450000000000001	-2.5100000000000002	-0.9	-8.9	-4.0
11:29:49.966788	-0.08	-9.74	1.07	0.45	-9.17	-3.42	-0.59	-9.48	-2.41	-0.9	-8.84	-4.12
11:29:49.977001	-0.06	-9.74	1.08	0.45	-9.200000000000001	-3.34	-0.5700000000000001	-9.51	-2.31	-0.9	-8.790000000000001	-4.25
11:29:49.987276	-0.04	-9.74	1.1	0.45	-9.24	-3.24	-0.55	-9.53	-2.22	-0.9	-8.790000000000001	-4.25
11:29:49.997368	-0.01	-9.74	1.11	0.44	-9.28	-3.12	-0.51	-9.55	-2.14	-0.92	-8.700000000000001	-4.41
11:29:50.007430	0.01	-9.74	1.12	0.42	-9.31	-3.02	-0.48	-9.57	-2.07	-0.91	-8.69	-4.44
11:29:50.017499	0.03	-9.73	1.1400000000000001	0.38	-9.34	-2.94	-0.45	-9.59	-1.99	-0.89	-8.68	-4.46
11:29:50.027568	0.04	-9.73	1.1500000000000001	0.33	-9.36	-2.87	-0.43	-9.6	-1.92	-0.89	-8.66	-4.49
11:29:50.037701	0.05	-9.73	1.17	0.28	-9.38	-2.82	-0.42	-9.620000000000001	-1.85	-0.89	-8.66	-4.49
11:29:50.047804	0.06	-9.73	1.18	0.23	-9.4	-2.7800000000000002	-0.42	-9.63	-1.77	-0.93	-8.58	-4.65
11:29:50.057919	0.06	-9.73	1.19	0.14	-9.42	-2.71	-0.42	-9.64	-1.69	-0.97	-8.540000000000001	-4.71
11:29:50.068077	0.06	-9.73	1.2	0.1	-9.44	-2.65	-0.42	-9.66	-1.62	-0.97	-8.540000000000001	-4.71
11:29:50.078483	0.05	-9.73	1.21	0.1	-9.44	-2.65	-0.41000000000000003	-9.68	-1.47	-0.98	-8.53	-4.72
11:29:50.088858	0.04	-9.73	1.21	0.05	-9.48	-2.49	-0.41000000000000003	-9.68	-1.47	-0.98	-8.53	-4.72
11:29:50.098967	0.03	-9.73	1.21	0.03	-9.5	-2.4	-0.41000000000000003	-9.69	-1.4000000000000001	-0.93	-8.5	-4.78
11:29:50.109096	0.02	-9.73	1.21	0.01	-9.52	-2.31	-0.39	-9.71	-1.27	-0.91	-8.46	-4.8500000000000005
11:29:50.119208	0.01	-9.73	1.21	0.0	-9.540000000000001	-2.22	-0.39	-9.72	-1.21	-0.89	-8.41	-4.95
11:29:50.129322	0.01	-9.73	1.2	0.0	-9.57	-2.13	-0.39	-9.73	-1.1400000000000001	-0.88	-8.36	-5.03
11:29:50.139972	0.0	-9.73	1.2	-0.01	-9.59	-2.04	-0.39	-9.73	-1.07	-0.88	-8.33	-5.09
11:29:50.150037	0.0	-9.73	1.19	-0.03	-9.61	-1.94	-0.4	-9.74	-1.01	-0.88	-8.3	-5.13
11:29:50.160115	0.01	-9.73	1.19	-0.05	-9.620000000000001	-1.86	-0.4	-9.75	-0.9400000000000001	-0.86	-8.28	-5.16
11:29:50.170220	0.01	-9.73	1.18	-0.08	-9.64	-1.78	-0.41000000000000003	-9.75	-0.87	-0.86	-8.28	-5.16
11:29:50.180396	0.02	-9.73	1.18	-0.12	-9.65	-1.71	-0.42	-9.76	-0.81	-0.84	-8.25	-5.22
11:29:50.191066	0.03	-9.73	1.17	-0.16	-9.66	-1.6400000000000001	-0.43	-9.76	-0.75	-0.84	-8.21	-5.29
11:29:50.201134	0.04	-9.73	1.16	-0.21	-9.67	-1.58	-0.43	-9.77	-0.6900000000000001	-0.85	-8.17	-5.34
11:29:50.211261	0.05	-9.73	1.1500000000000001	-0.25	-9.68	-1.51	-0.43	-9.77	-0.63	-0.84	-8.15	-5.38
11:29:50.221824	0.05	-9.73	1.1500000000000001	-0.3	-9.69	-1.45	-0.44	-9.77	-0.5700000000000001	-0.8300000000000001	-8.120000000000001	-5.42
11:29:50.231918	0.05	-9.74	1.1	-0.35000000000000003	-9.700000000000001	-1.37	-0.44	-9.78	-0.52	-0.8200000000000001	-8.09	-5.47
11:29:50.241985	0.05	-9.74	1.07	-0.39	-9.71	-1.3	-0.45	-9.78	-0.46	-0.8200000000000001	-8.05	-5.53
11:29:50.252053	0.06	-9.74	1.06	-0.44	-9.71	-1.22	-0.45	-9.78	-0.41000000000000003	-0.81	-8.03	-5.5600000000000005
11:29:50.262218	0.06	-9.74	1.06	-0.48	-9.72	-1.1400000000000001	-0.46	-9.78	-0.35000000000000003	-0.81	-8.03	-5.5600000000000005
11:29:50.272317	0.07	-9.74	1.06	-0.53	-9.73	-1.06	-0.46	-9.790000000000001	-0.29	-0.8200000000000001	-7.98	-5.63
11:29:50.282458	0.08	-9.74	1.06	-0.58	-9.73	-0.99	-0.46	-9.790000000000001	-0.24	-0.81	-7.95	-5.67
11:29:50.292824	0.08	-9.74	1.07	-0.64	-9.74	-0.91	-0.46	-9.790000000000001	-0.19	-0.81	-7.930000000000001	-5.7
11:29:50.302892	0.09	-9.74	1.08	-0.6900000000000001	-9.74	-0.84	-0.46	-9.790000000000001	-0.13	-0.81	-7.9	-5.74
11:29:50.312977	0.09	-9.74	1.08	-0.75	-9.74	-0.78	-0.46	-9.790000000000001	-0.08	-0.8	-7.87	-5.78
11:29:50.323049	0.09	-9.74	1.09	-0.81	-9.74	-0.71	-0.46	-9.790000000000001	-0.08	-0.8	-7.8500000000000005	-5.82
11:29:50.333121	0.09	-9.74	1.1	-0.87	-9.74	-0.65	-0.47000000000000003	-9.790000000000001	0.02	-0.8	-7.82	-5.8500000000000005
11:29:50.343743	0.09	-9.74	1.11	-0.92	-9.74	-0.58	-0.47000000000000003	-9.790000000000001	0.08	-0.79	-7.79	-5.89
11:29:50.353844	0.09	-9.74	1.12	-0.98	-9.74	-0.53	-0.47000000000000003	-9.790000000000001	0.14	-0.78	-7.76	-5.93
11:29:50.363949	0.09	-9.74	1.1300000000000001	-1.03	-9.73	-0.47000000000000003	-0.47000000000000003	-9.790000000000001	0.21	-0.78	-7.76	-5.93
11:29:50.374072	0.09	-9.73	1.1400000000000001	-1.09	-9.73	-0.42	-0.47000000000000003	-9.790000000000001	0.27	-0.76	-7.7	-6.01
11:29:50.384161	0.09	-9.73	1.1500000000000001	-1.1400000000000001	-9.73	-0.36	-0.47000000000000003	-9.78	0.35000000000000003	-0.75	-7.67	-6.0600000000000005
11:29:50.394599	0.08	-9.73	1.16	-1.2	-9.72	-0.31	-0.47000000000000003	-9.78	0.43	-0.77	-7.62	-6.11
11:29:50.404666	0.07	-9.73	1.17	-1.24	-9.72	-0.25	-0.48	-9.78	0.51	-0.87	-7.58	-6.15
11:29:50.414743	0.06	-9.73	1.18	-1.29	-9.71	-0.21	-0.48	-9.77	0.59	-0.9	-7.53	-6.21
11:29:50.424813	0.05	-9.73	1.2	-1.34	-9.71	-0.16	-0.49	-9.77	0.67	-0.91	-7.46	-6.29
11:29:50.434889	0.03	-9.73	1.21	-1.3800000000000001	-9.700000000000001	-0.12	-0.5	-9.76	0.75	-0.93	-7.390000000000001	-6.36
11:29:50.444961	0.02	-9.72	1.22	-1.43	-9.700000000000001	-0.08	-0.51	-9.75	0.84	-0.9400000000000001	-7.33	-6.43
11:29:50.455062	0.0	-9.72	1.24	-1.47	-9.69	-0.05	-0.53	-9.74	0.92	-0.96	-7.26	-6.51
11:29:50.465139	-0.01	-9.72	1.25	-1.52	-9.68	-0.01	-0.54	-9.73	1.02	-0.98	-7.18	-6.59
11:29:50.475265	-0.02	-9.72	1.26	-1.57	-9.67	0.0	-0.5700000000000001	-9.72	1.11	-1.02	-7.1000000000000005	-6.67
11:29:50.485332	-0.03	-9.72	1.27	-1.62	-9.67	0.02	-0.59	-9.71	1.22	-1.02	-7.1000000000000005	-6.67
11:29:50.496017	-0.04	-9.72	1.29	-1.67	-9.66	0.03	-0.62	-9.69	1.32	-1.1400000000000001	-6.94	-6.82
11:29:50.506089	-0.04	-9.72	1.29	-1.72	-9.65	0.04	-0.64	-9.67	1.43	-1.19	-6.8500000000000005	-6.91
11:29:50.516168	-0.05	-9.71	1.3	-1.77	-9.64	0.05	-0.67	-9.66	1.54	-1.26	-6.75	-6.99
11:29:50.526240	-0.05	-9.71	1.31	-1.82	-9.63	0.05	-0.71	-9.63	1.6500000000000001	-1.32	-6.66	-7.0600000000000005
11:29:50.536327	-0.06	-9.71	1.31	-1.87	-9.620000000000001	0.06	-0.74	-9.61	1.77	-1.37	-6.5600000000000005	-7.15
11:29:50.546479	-0.07	-9.71	1.32	-1.92	-9.61	0.07	-0.77	-9.59	1.8900000000000001	-1.42	-6.44	-7.25
11:29:50.556555	-0.08	-9.71	1.32	-1.97	-9.6	0.08	-0.81	-9.56	2.0100000000000002	-1.46	-6.33	-7.34
11:29:50.567033	-0.08	-9.71	1.32	-2.0100000000000002	-9.59	0.09	-0.86	-9.53	2.13	-1.5	-6.22	-7.42
11:29:50.577134	-0.09	-9.71	1.32	-2.04	-9.58	0.09	-0.91	-9.49	2.2600000000000002	-1.57	-6.1000000000000005	-7.51
11:29:50.587208	-0.13	-9.71	1.29	-2.07	-9.58	0.1	-0.9500000000000001	-9.450000000000001	2.4	-1.57	-6.1000000000000005	-7.51
11:29:50.597282	-0.15	-9.72	1.27	-2.09	-9.57	0.09	-0.99	-9.41	2.5500000000000003	-1.72	-5.83	-7.69
11:29:50.607358	-0.16	-9.72	1.25	-2.09	-9.57	0.07	-1.03	-9.36	2.7	-1.75	-5.69	-7.78
11:29:50.617442	-0.17	-9.72	1.23	-2.09	-9.58	0.04	-1.07	-9.31	2.85	-1.82	-5.5200000000000005	-7.890000000000001
11:29:50.627506	-0.16	-9.72	1.21	-2.08	-9.58	0.0	-1.12	-9.26	3.0100000000000002	-1.9000000000000001	-5.33	-8.0
11:29:50.637582	-0.15	-9.73	1.19	-2.06	-9.58	-0.05	-1.16	-9.200000000000001	3.18	-1.97	-5.15	-8.1
11:29:50.647652	-0.14	-9.73	1.17	-2.0300000000000002	-9.59	-0.12	-1.21	-9.13	3.35	-2.06	-4.96	-8.2
11:29:50.657740	-0.13	-9.73	1.16	-2.0	-9.59	-0.22	-1.26	-9.06	3.5300000000000002	-2.13	-4.76	-8.290000000000001
11:29:50.668073	-0.13	-9.73	1.16	-1.96	-9.6	-0.33	-1.34	-8.97	3.71	-2.13	-4.76	-8.290000000000001
11:29:50.678175	-0.1	-9.73	1.1300000000000001	-1.9100000000000001	-9.6	-0.47000000000000003	-1.6	-8.77	4.07	-2.19	-4.3100000000000005	-8.52
11:29:50.688310	-0.09	-9.74	1.1300000000000001	-1.8	-9.6	-0.8	-1.6	-8.77	4.07	-2.19	-4.3100000000000005	-8.52
11:29:50.698436	-0.08	-9.74	1.12	-1.72	-9.6	-0.99	-1.74	-8.67	4.23	-2.16	-3.74	-8.790000000000001
11:29:50.708534	-0.07	-9.74	1.11	-1.6400000000000001	-9.59	-1.2	-1.86	-8.57	4.37	-2.24	-3.35	-8.93
11:29:50.718945	-0.05	-9.74	1.1	-1.54	-9.57	-1.44	-1.93	-8.49	4.5	-2.39	-2.85	-9.07
11:29:50.729105	-0.04	-9.74	1.09	-1.42	-9.55	-1.6500000000000001	-1.96	-8.41	4.64	-2.46	-2.2800000000000002	-9.21
11:29:50.739219	-0.02	-9.74	1.08	-1.31	-9.540000000000001	-1.82	-1.97	-8.24	4.93	-2.66	-1.76	-9.27
11:29:50.749339	-0.01	-9.74	1.06	-1.19	-9.53	-1.97	-1.97	-8.24	4.93	-3.27	-1.45	-9.120000000000001
11:29:50.760038	0.0	-9.75	1.04	-1.08	-9.51	-2.1	-1.99	-8.15	5.0600000000000005	-3.27	-1.45	-9.120000000000001
11:29:50.770386	0.0	-9.75	1.02	-0.98	-9.49	-2.23	-2.04	-8.01	5.26	-2.39	-1.68	-9.35
11:29:50.780522	0.0	-9.75	1.01	-0.88	-9.47	-2.36	-2.05	-7.98	5.3	-2.39	-1.68	-9.35
11:29:50.791082	0.0	-9.75	1.0	-0.79	-9.44	-2.5100000000000002	-2.04	-7.97	5.32	-2.23	-1.84	-9.36
11:29:50.801224	0.0	-9.75	0.99	-0.7000000000000001	-9.41	-2.66	-2.0100000000000002	-7.99	5.3100000000000005	-2.14	-2.02	-9.35
11:29:50.811377	-0.01	-9.75	0.99	-0.61	-9.370000000000001	-2.81	-1.94	-8.02	5.28	-1.87	-2.2600000000000002	-9.35
11:29:50.821525	-0.02	-9.75	0.99	-0.52	-9.33	-2.96	-1.85	-8.08	5.23	-1.6500000000000001	-2.66	-9.290000000000001
11:29:50.832020	-0.02	-9.75	0.99	-0.43	-9.290000000000001	-3.1	-1.74	-8.15	5.15	-1.56	-3.09	-9.17
11:29:50.842128	-0.02	-9.75	0.99	-0.34	-9.24	-3.24	-1.6400000000000001	-8.24	5.04	-1.52	-3.42	-9.06
11:29:50.852226	-0.02	-9.75	1.0	-0.26	-9.200000000000001	-3.35	-1.55	-8.35	4.88	-1.47	-3.65	-8.98
11:29:50.862910	-0.01	-9.75	1.0	-0.19	-9.17	-3.46	-1.47	-8.47	4.69	-1.3900000000000001	-3.87	-8.89
11:29:50.873028	-0.01	-9.75	1.0	-0.14	-9.120000000000001	-3.58	-1.4000000000000001	-8.6	4.48	-1.34	-4.16	-8.77
11:29:50.883149	-0.01	-9.75	1.01	-0.09	-9.08	-3.69	-1.4000000000000001	-8.6	4.48	-1.29	-4.49	-8.620000000000001
11:29:50.893786	-0.01	-9.75	1.01	-0.06	-9.03	-3.8000000000000003	-1.32	-8.74	4.24	-1.29	-4.49	-8.620000000000001
11:29:50.903905	-0.01	-9.75	1.02	-0.03	-8.99	-3.9	-1.18	-9.01	3.67	-1.07	-5.2	-8.24
11:29:50.914340	-0.01	-9.75	1.02	0.0	-8.950000000000001	-3.99	-1.1300000000000001	-9.15	3.34	-0.93	-5.55	-8.03
11:29:50.924416	-0.01	-9.75	1.03	0.03	-8.92	-4.0600000000000005	-1.08	-9.27	2.98	-0.8	-5.87	-7.8100000000000005
11:29:50.934673	-0.02	-9.75	1.03	0.08	-8.89	-4.13	-1.02	-9.39	2.6	-0.68	-6.16	-7.59
11:29:50.944749	-0.02	-9.75	1.03	0.13	-8.86	-4.19	-0.97	-9.5	2.21	-0.56	-6.43	-7.37
11:29:50.954858	-0.02	-9.75	1.04	0.19	-8.83	-4.24	-0.91	-9.59	1.8	-0.47000000000000003	-6.69	-7.140000000000001
11:29:50.965328	-0.03	-9.75	1.04	0.25	-8.81	-4.29	-0.84	-9.67	1.3800000000000001	-0.38	-6.95	-6.890000000000001
11:29:50.975480	-0.03	-9.75	1.03	0.32	-8.790000000000001	-4.32	-0.77	-9.72	0.96	-0.33	-7.22	-6.62
11:29:50.985743	-0.03	-9.75	1.03	0.4	-8.77	-4.3500000000000005	-0.7000000000000001	-9.76	0.55	-0.33	-7.22	-6.62
11:29:50.995900	-0.04	-9.75	1.03	0.48	-8.77	-4.36	-0.63	-9.78	0.13	-0.33	-7.22	-6.62
11:29:51.005967	-0.04	-9.75	1.01	0.55	-8.76	-4.36	-0.56	-9.78	-0.27	-0.33	-7.22	-6.62
11:29:51.016037	-0.04	-9.75	0.99	0.62	-8.76	-4.3500000000000005	-0.5	-9.76	-0.68	-0.33	-7.22	-6.62
11:29:51.026114	-0.05	-9.75	0.98	0.68	-8.76	-4.33	-0.44	-9.73	-1.08	-0.33	-7.22	-6.62
11:29:51.036180	-0.06	-9.75	0.96	0.73	-8.77	-4.32	-0.39	-9.68	-1.47	-0.33	-7.22	-6.62
11:29:51.046257	-0.08	-9.75	0.9500000000000001	0.77	-8.77	-4.29	-0.34	-9.620000000000001	-1.84	-0.33	-7.22	-6.62
11:29:51.056386	-0.09	-9.76	0.93	0.81	-8.790000000000001	-4.26	-0.29	-9.55	-2.2	-0.33	-7.22	-6.62
11:29:51.066563	-0.09	-9.76	0.93	0.85	-8.8	-4.23	-0.25	-9.46	-2.54	-0.33	-7.22	-6.62
11:29:51.076642	-0.12	-9.76	0.9	0.88	-8.82	-4.19	-0.21	-9.370000000000001	-2.86	-0.33	-7.22	-6.62
11:29:51.086706	-0.14	-9.76	0.89	0.89	-8.83	-4.15	-0.19	-9.28	-3.15	-0.33	-7.22	-6.62
11:29:51.096778	-0.16	-9.76	0.88	0.89	-8.85	-4.11	-0.16	-9.18	-3.42	-0.33	-7.22	-6.62
11:29:51.106850	-0.18	-9.76	0.87	0.89	-8.86	-4.09	-0.15	-9.09	-3.66	-0.33	-7.22	-6.62
11:29:51.116967	-0.2	-9.76	0.86	0.88	-8.870000000000001	-4.0600000000000005	-0.14	-9.0	-3.87	-0.33	-7.22	-6.62
11:29:51.127045	-0.21	-9.76	0.85	0.88	-8.89	-4.04	-0.15	-8.92	-4.05	-0.33	-7.22	-6.62
11:29:51.137145	-0.23	-9.76	0.84	0.87	-8.9	-4.0200000000000005	-0.17	-8.85	-4.2	-0.33	-7.22	-6.62
11:29:51.147224	-0.25	-9.76	0.8300000000000001	0.87	-8.91	-3.99	-0.2	-8.8	-4.3100000000000005	-0.33	-7.22	-6.62
11:29:51.157294	-0.27	-9.76	0.8200000000000001	0.88	-8.92	-3.97	-0.23	-8.76	-4.38	-0.33	-7.22	-6.62
11:29:51.167395	-0.28	-9.76	0.8200000000000001	0.9	-8.93	-3.94	-0.26	-8.74	-4.43	-0.33	-7.22	-6.62
11:29:51.177476	-0.3	-9.76	0.81	0.92	-8.93	-3.93	-0.28	-8.74	-4.43	-0.33	-7.22	-6.62
11:29:51.187736	-0.3	-9.76	0.81	0.9400000000000001	-8.93	-3.92	-0.28	-8.74	-4.43	-0.47000000000000003	-9.53	-2.25
11:29:51.197857	-0.31	-9.76	0.81	0.9500000000000001	-8.93	-3.93	-0.32	-8.77	-4.3500000000000005	-0.55	-9.55	-2.12
11:29:51.207924	-0.32	-9.76	0.81	0.9400000000000001	-8.92	-3.94	-0.34	-8.82	-4.2700000000000005	-0.55	-9.55	-2.12
11:29:51.218024	-0.34	-9.76	0.81	0.92	-8.92	-3.95	-0.36	-8.870000000000001	-4.16	-0.55	-9.55	-2.12
11:29:51.228129	-0.35000000000000003	-9.76	0.81	0.9	-8.92	-3.97	-0.37	-8.93	-4.03	-0.55	-9.55	-2.12
11:29:51.238245	-0.36	-9.76	0.81	0.84	-8.92	-3.97	-0.39	-8.99	-3.88	-0.55	-9.55	-2.12
11:29:51.248360	-0.38	-9.76	0.81	0.81	-8.94	-3.94	-0.4	-9.06	-3.71	-0.55	-9.55	-2.12
11:29:51.258431	-0.39	-9.76	0.8200000000000001	0.78	-8.96	-3.9	-0.38	-9.120000000000001	-3.58	-0.55	-9.55	-2.12
11:29:51.268565	-0.42	-9.76	0.8300000000000001	0.75	-8.98	-3.85	-0.36	-9.14	-3.5100000000000002	-0.55	-9.55	-2.12
11:29:51.278661	-0.44	-9.75	0.84	0.75	-8.98	-3.85	-0.39	-9.16	-3.46	-0.53	-9.49	-2.37
11:29:51.288781	-0.44	-9.75	0.84	0.71	-9.0	-3.81	-0.39	-9.16	-3.46	-0.33	-9.28	-3.12
11:29:51.299234	-0.48	-9.75	0.88	0.66	-9.03	-3.74	-0.48	-9.22	-3.2800000000000002	-0.33	-9.28	-3.12
11:29:51.309484	-0.49	-9.75	0.89	0.64	-9.040000000000001	-3.73	-0.51	-9.31	-3.0300000000000002	-0.33	-9.28	-3.12
11:29:51.320087	-0.5	-9.75	0.91	0.63	-9.040000000000001	-3.74	-0.49	-9.35	-2.91	-0.33	-9.28	-3.12
11:29:51.330316	-0.51	-9.74	0.93	0.62	-9.040000000000001	-3.73	-0.47000000000000003	-9.38	-2.79	-0.33	-9.28	-3.12
11:29:51.340439	-0.51	-9.74	0.9400000000000001	0.61	-9.05	-3.7	-0.45	-9.42	-2.68	-0.33	-9.28	-3.12
11:29:51.350583	-0.52	-9.74	0.96	0.61	-9.07	-3.66	-0.46	-9.450000000000001	-2.56	-0.33	-9.28	-3.12
11:29:51.361023	-0.52	-9.74	0.98	0.62	-9.1	-3.58	-0.49	-9.48	-2.45	-0.33	-9.28	-3.12
11:29:51.371115	-0.52	-9.74	1.0	0.64	-9.14	-3.48	-0.51	-9.5	-2.34	-0.33	-9.28	-3.12
11:29:51.381436	-0.51	-9.73	1.02	0.65	-9.18	-3.36	-0.5	-9.53	-2.25	-0.78	-8.94	-3.93
11:29:51.392001	-0.49	-9.73	1.03	0.66	-9.23	-3.23	-0.47000000000000003	-9.55	-2.16	-0.78	-8.94	-3.93
11:29:51.402078	-0.47000000000000003	-9.73	1.05	0.65	-9.27	-3.12	-0.43	-9.57	-2.08	-0.78	-8.94	-3.93
11:29:51.412150	-0.44	-9.73	1.07	0.63	-9.3	-3.0300000000000002	-0.4	-9.58	-2.0100000000000002	-0.78	-8.94	-3.93
11:29:51.422227	-0.41000000000000003	-9.73	1.08	0.5700000000000001	-9.32	-2.96	-0.37	-9.6	-1.94	-0.78	-8.94	-3.93
11:29:51.432303	-0.39	-9.73	1.1	0.5	-9.34	-2.92	-0.36	-9.620000000000001	-1.86	-0.78	-8.94	-3.93
11:29:51.442375	-0.37	-9.73	1.12	0.42	-9.35	-2.9	-0.34	-9.63	-1.79	-0.78	-8.94	-3.93
11:29:51.452900	-0.35000000000000003	-9.73	1.1400000000000001	0.35000000000000003	-9.36	-2.88	-0.34	-9.64	-1.72	-0.78	-8.94	-3.93
11:29:51.462976	-0.34	-9.73	1.1500000000000001	0.28	-9.370000000000001	-2.85	-0.34	-9.65	-1.6500000000000001	-0.78	-8.94	-3.93
11:29:51.473110	-0.33	-9.73	1.17	0.23	-9.39	-2.8000000000000003	-0.35000000000000003	-9.67	-1.58	-0.78	-8.94	-3.93
11:29:51.483232	-0.33	-9.72	1.18	0.2	-9.41	-2.72	-0.36	-9.68	-1.51	-1.01	-8.8	-4.18
11:29:51.493296	-0.33	-9.72	1.19	0.17	-9.44	-2.63	-0.36	-9.69	-1.44	-1.01	-8.8	-4.18
11:29:51.503373	-0.33	-9.72	1.2	0.15	-9.47	-2.54	-0.36	-9.700000000000001	-1.3800000000000001	-1.01	-8.8	-4.18
11:29:51.513483	-0.33	-9.72	1.2	0.13	-9.49	-2.45	-0.35000000000000003	-9.71	-1.31	-1.01	-8.8	-4.18
11:29:51.523604	-0.32	-9.72	1.21	0.11	-9.51	-2.37	-0.35000000000000003	-9.72	-1.24	-1.01	-8.8	-4.18
11:29:51.534257	-0.32	-9.72	1.21	0.1	-9.53	-2.29	-0.34	-9.72	-1.18	-1.01	-8.8	-4.18
11:29:51.544378	-0.29	-9.72	1.22	0.09	-9.55	-2.21	-0.33	-9.73	-1.12	-1.01	-8.8	-4.18
11:29:51.554507	-0.27	-9.72	1.23	0.08	-9.57	-2.13	-0.33	-9.74	-1.06	-1.01	-8.8	-4.18
11:29:51.564619	-0.25	-9.72	1.23	0.06	-9.58	-2.05	-0.33	-9.74	-1.0	-1.01	-8.8	-4.18
11:29:51.574691	-0.22	-9.72	1.23	0.05	-9.6	-1.98	-0.34	-9.75	-0.93	-1.01	-8.8	-4.18
11:29:51.584776	-0.2	-9.72	1.22	0.03	-9.61	-1.9100000000000001	-0.35000000000000003	-9.76	-0.86	-1.04	-8.48	-4.8
11:29:51.595176	-0.19	-9.72	1.22	0.01	-9.620000000000001	-1.85	-0.36	-9.76	-0.79	-1.04	-8.48	-4.8
11:29:51.605254	-0.17	-9.72	1.22	0.0	-9.64	-1.79	-0.37	-9.77	-0.72	-1.04	-8.48	-4.8
11:29:51.615370	-0.16	-9.72	1.21	-0.04	-9.65	-1.74	-0.38	-9.77	-0.65	-1.04	-8.48	-4.8
11:29:51.625483	-0.16	-9.72	1.21	-0.07	-9.66	-1.68	-0.38	-9.77	-0.65	-0.98	-8.27	-5.16
11:29:51.635732	-0.16	-9.72	1.21	-0.07	-9.66	-1.68	-0.38	-9.77	-0.65	-0.9500000000000001	-8.1	-5.44
11:29:51.645831	-0.16	-9.72	1.21	-0.15	-9.68	-1.56	-0.39	-9.78	-0.51	-0.93	-8.03	-5.54
11:29:51.656559	-0.15	-9.73	1.21	-0.18	-9.69	-1.49	-0.41000000000000003	-9.78	-0.39	-0.93	-8.03	-5.54
11:29:51.666688	-0.15	-9.73	1.21	-0.22	-9.700000000000001	-1.42	-0.42	-9.790000000000001	-0.33	-0.93	-8.03	-5.54
11:29:51.676804	-0.14	-9.72	1.21	-0.27	-9.700000000000001	-1.34	-0.42	-9.790000000000001	-0.33	-0.9400000000000001	-7.930000000000001	-5.68
11:29:51.686890	-0.14	-9.72	1.22	-0.31	-9.71	-1.27	-0.44	-9.790000000000001	-0.22	-0.9400000000000001	-7.9	-5.72
11:29:51.696954	-0.14	-9.72	1.23	-0.36	-9.72	-1.2	-0.44	-9.790000000000001	-0.17	-0.9400000000000001	-7.9	-5.72
11:29:51.707026	-0.13	-9.72	1.24	-0.41000000000000003	-9.73	-1.1300000000000001	-0.44	-9.790000000000001	-0.17	-0.9	-7.8500000000000005	-5.8
11:29:51.717099	-0.13	-9.72	1.25	-0.46	-9.73	-1.06	-0.45	-9.790000000000001	-0.05	-0.9	-7.8500000000000005	-5.8
11:29:51.727168	-0.13	-9.72	1.26	-0.52	-9.74	-0.99	-0.45	-9.790000000000001	-0.05	-0.88	-7.8	-5.86
11:29:51.737251	-0.13	-9.72	1.27	-0.58	-9.74	-0.93	-0.46	-9.790000000000001	0.04	-0.88	-7.8	-5.86
11:29:51.747323	-0.13	-9.72	1.29	-0.64	-9.74	-0.86	-0.47000000000000003	-9.790000000000001	0.09	-0.86	-7.7700000000000005	-5.91
11:29:51.757396	-0.13	-9.71	1.3	-0.7000000000000001	-9.74	-0.79	-0.47000000000000003	-9.790000000000001	0.14	-0.86	-7.7700000000000005	-5.91
11:29:51.767469	-0.14	-9.71	1.31	-0.77	-9.74	-0.73	-0.47000000000000003	-9.790000000000001	0.14	-0.8200000000000001	-7.69	-6.0200000000000005
11:29:51.777612	-0.14	-9.71	1.33	-0.8300000000000001	-9.74	-0.66	-0.47000000000000003	-9.790000000000001	0.14	-0.79	-7.63	-6.1000000000000005
11:29:51.787692	-0.15	-9.71	1.34	-0.9	-9.74	-0.59	-0.49	-9.78	0.33	-0.79	-7.63	-6.1000000000000005
11:29:51.797765	-0.16	-9.71	1.35	-0.97	-9.74	-0.53	-0.5	-9.78	0.39	-0.79	-7.63	-6.1000000000000005
11:29:51.807830	-0.17	-9.700000000000001	1.37	-1.04	-9.73	-0.46	-0.51	-9.78	0.46	-0.78	-7.61	-6.13
11:29:51.817906	-0.19	-9.700000000000001	1.3800000000000001	-1.1	-9.73	-0.4	-0.51	-9.77	0.53	-0.78	-7.61	-6.13
11:29:51.828043	-0.2	-9.700000000000001	1.3900000000000001	-1.16	-9.73	-0.34	-0.51	-9.77	0.53	-0.86	-7.5	-6.25
11:29:51.838156	-0.22	-9.700000000000001	1.4000000000000001	-1.22	-9.72	-0.29	-0.53	-9.76	0.66	-0.92	-7.45	-6.29
11:29:51.848271	-0.23	-9.700000000000001	1.41	-1.29	-9.71	-0.23	-0.54	-9.76	0.73	-0.92	-7.45	-6.29
11:29:51.858897	-0.24	-9.69	1.42	-1.35	-9.71	-0.19	-0.56	-9.75	0.81	-0.92	-7.45	-6.29
11:29:51.869515	-0.26	-9.69	1.43	-1.47	-9.69	-0.12	-0.58	-9.74	0.89	-0.92	-7.45	-6.29
11:29:51.879786	-0.28	-9.69	1.44	-1.47	-9.69	-0.12	-0.61	-9.73	0.98	-0.9500000000000001	-7.2	-6.58
11:29:51.890229	-0.29	-9.69	1.45	-1.58	-9.67	-0.08	-0.64	-9.72	1.08	-0.98	-7.12	-6.66
11:29:51.900350	-0.31	-9.69	1.46	-1.6400000000000001	-9.66	-0.07	-0.64	-9.72	1.08	-1.05	-6.96	-6.8100000000000005
11:29:51.910449	-0.31	-9.69	1.46	-1.7	-9.65	-0.07	-0.64	-9.72	1.08	-1.1	-6.88	-6.890000000000001
11:29:51.920584	-0.32	-9.69	1.46	-1.76	-9.64	-0.06	-0.64	-9.72	1.08	-1.1500000000000001	-6.78	-6.98
11:29:51.930658	-0.33	-9.68	1.47	-1.81	-9.63	-0.06	-0.75	-9.67	1.41	-1.1500000000000001	-6.78	-6.98
11:29:51.940894	-0.34	-9.68	1.47	-1.85	-9.620000000000001	-0.06	-0.81	-9.63	1.6400000000000001	-1.25	-6.57	-7.16
11:29:51.951247	-0.34	-9.68	1.46	-1.8900000000000001	-9.620000000000001	-0.06	-0.81	-9.63	1.6400000000000001	-1.28	-6.46	-7.26
11:29:51.961343	-0.36	-9.69	1.45	-1.93	-9.61	-0.05	-0.96	-9.540000000000001	2.05	-1.28	-6.46	-7.26
11:29:51.971874	-0.38	-9.69	1.44	-1.95	-9.6	-0.05	-0.96	-9.540000000000001	2.05	-1.43	-6.2	-7.45
11:29:51.982294	-0.41000000000000003	-9.69	1.42	-1.97	-9.6	-0.06	-0.96	-9.540000000000001	2.05	-1.49	-6.07	-7.55
11:29:51.992665	-0.41000000000000003	-9.69	1.42	-1.97	-9.6	-0.06	-0.96	-9.540000000000001	2.05	-1.49	-6.07	-7.55
11:29:52.002766	-0.44	-9.69	1.37	-1.97	-9.6	-0.12	-0.96	-9.540000000000001	2.05	-1.62	-5.73	-7.78
11:29:52.013250	-0.45	-9.700000000000001	1.36	-1.95	-9.6	-0.17	-0.96	-9.540000000000001	2.05	-1.72	-5.55	-7.890000000000001
11:29:52.023427	-0.44	-9.700000000000001	1.34	-1.93	-9.6	-0.24	-0.96	-9.540000000000001	2.05	-1.79	-5.37	-8.0
11:29:52.033550	-0.44	-9.700000000000001	1.33	-1.9100000000000001	-9.61	-0.33	-0.96	-9.540000000000001	2.05	-1.87	-5.17	-8.11
11:29:52.043680	-0.43	-9.700000000000001	1.31	-1.8800000000000001	-9.61	-0.44	-0.96	-9.540000000000001	2.05	-1.97	-4.94	-8.23
11:29:52.053753	-0.43	-9.700000000000001	1.3	-1.85	-9.61	-0.5700000000000001	-1.25	-9.21	3.09	-1.97	-4.94	-8.23
11:29:52.064122	-0.43	-9.71	1.29	-1.81	-9.61	-0.72	-1.6400000000000001	-8.85	3.87	-1.97	-4.94	-8.23
11:29:52.074645	-0.43	-9.71	1.27	-1.76	-9.6	-0.9	-1.6400000000000001	-8.85	3.87	-1.97	-4.94	-8.23
11:29:52.084815	-0.42	-9.71	1.26	-1.71	-9.59	-1.09	-1.6400000000000001	-8.85	3.87	-2.0300000000000002	-3.94	-8.74
11:29:52.094944	-0.39	-9.72	1.22	-1.6500000000000001	-9.57	-1.29	-1.6400000000000001	-8.85	3.87	-2.0300000000000002	-3.94	-8.74
11:29:52.105536	-0.39	-9.72	1.22	-1.58	-9.55	-1.53	-2.05	-8.48	4.46	-2.11	-3.56	-8.88
11:29:52.115820	-0.35000000000000003	-9.72	1.18	-1.49	-9.52	-1.77	-2.05	-8.48	4.46	-2.23	-2.52	-9.200000000000001
11:29:52.125932	-0.33	-9.73	1.16	-1.3800000000000001	-9.5	-1.99	-2.05	-8.48	4.46	-2.23	-2.52	-9.200000000000001
11:29:52.135998	-0.31	-9.73	1.1300000000000001	-1.26	-9.48	-2.16	-2.05	-8.48	4.46	-2.23	-2.52	-9.200000000000001
11:29:52.146085	-0.3	-9.73	1.11	-1.16	-9.46	-2.29	-2.05	-8.48	4.46	-2.23	-2.52	-9.200000000000001
11:29:52.156172	-0.3	-9.74	1.09	-1.06	-9.44	-2.4	-2.05	-8.48	4.46	-2.23	-2.52	-9.200000000000001
11:29:52.166238	-0.3	-9.74	1.07	-0.9500000000000001	-9.42	-2.52	-2.05	-8.48	4.46	-2.23	-2.52	-9.200000000000001
11:29:52.176311	-0.31	-9.74	1.06	-0.86	-9.4	-2.65	-2.05	-8.48	4.46	-2.23	-2.52	-9.200000000000001
11:29:52.186668	-0.31	-9.74	1.06	-0.76	-9.36	-2.79	-2.05	-8.48	4.46	-2.0300000000000002	-2.04	-9.370000000000001
11:29:52.196832	-0.31	-9.74	1.05	-0.66	-9.33	-2.93	-1.98	-8.17	5.04	-1.9100000000000001	-2.12	-9.38
11:29:52.207388	-0.32	-9.74	1.04	-0.5700000000000001	-9.290000000000001	-3.0700000000000003	-1.98	-8.17	5.04	-1.9100000000000001	-2.12	-9.38
11:29:52.217506	-0.33	-9.74	1.03	-0.48	-9.25	-3.21	-1.77	-8.31	4.88	-1.6400000000000001	-2.33	-9.38
11:29:52.227581	-0.33	-9.74	1.03	-0.4	-9.200000000000001	-3.34	-1.77	-8.31	4.88	-1.34	-3.1	-9.200000000000001
11:29:52.237655	-0.33	-9.74	1.03	-0.33	-9.16	-3.46	-1.77	-8.31	4.88	-1.34	-3.1	-9.200000000000001
11:29:52.247736	-0.32	-9.74	1.03	-0.26	-9.120000000000001	-3.58	-1.5	-8.63	4.39	-1.27	-3.42	-9.1
11:29:52.257801	-0.32	-9.74	1.03	-0.2	-9.08	-3.68	-1.5	-8.63	4.39	-1.27	-3.42	-9.1
11:29:52.267935	-0.31	-9.74	1.04	-0.15	-9.040000000000001	-3.79	-1.5	-8.63	4.39	-1.21	-3.66	-9.01
11:29:52.278143	-0.31	-9.74	1.04	-0.12	-8.99	-3.89	-1.25	-9.02	3.63	-1.16	-3.93	-8.9
11:29:52.288214	-0.3	-9.74	1.04	-0.09	-8.950000000000001	-3.99	-1.25	-9.02	3.63	-1.09	-4.59	-8.59
11:29:52.298292	-0.29	-9.74	1.05	-0.07	-8.91	-4.08	-1.11	-9.27	2.98	-1.03	-4.93	-8.4
11:29:52.308365	-0.29	-9.74	1.05	-0.05	-8.88	-4.16	-1.06	-9.38	2.62	-1.03	-4.93	-8.4
11:29:52.318733	-0.28	-9.74	1.05	-0.03	-8.84	-4.22	-1.06	-9.38	2.62	-1.03	-4.93	-8.4
11:29:52.329247	-0.27	-9.74	1.05	0.0	-8.82	-4.28	-1.06	-9.38	2.62	-0.87	-5.62	-7.98
11:29:52.339367	-0.27	-9.74	1.05	0.07	-8.76	-4.4	-0.92	-9.65	1.44	-0.77	-5.93	-7.76
11:29:52.349439	-0.26	-9.74	1.04	0.11	-8.73	-4.45	-0.86	-9.71	1.03	-0.68	-6.21	-7.55
11:29:52.359807	-0.25	-9.74	1.03	0.16	-8.71	-4.49	-0.86	-9.71	1.03	-0.43	-7.0	-6.8500000000000005
11:29:52.370077	-0.24	-9.74	1.02	0.22	-8.69	-4.53	-0.74	-9.77	0.21	-0.37	-7.24	-6.6000000000000005
11:29:52.380185	-0.23	-9.75	1.01	0.28	-8.68	-4.55	-0.74	-9.77	0.21	-0.31	-7.7	-6.0600000000000005
11:29:52.390289	-0.22	-9.75	0.99	0.35000000000000003	-8.67	-4.5600000000000005	-0.74	-9.77	0.21	-0.3	-7.92	-5.76
11:29:52.400759	-0.21	-9.75	0.98	0.41000000000000003	-8.66	-4.5600000000000005	-0.74	-9.77	0.21	-0.3	-7.92	-5.76
11:29:52.411122	-0.2	-9.75	0.96	0.48	-8.66	-4.55	-0.61	-9.76	-0.58	-0.3	-7.92	-5.76
11:29:52.421228	-0.19	-9.75	0.9500000000000001	0.53	-8.67	-4.54	-0.42	-9.56	-2.1	-0.3	-7.92	-5.76
11:29:52.431377	-0.19	-9.75	0.93	0.58	-8.67	-4.53	-0.38	-9.48	-2.45	-0.34	-8.33	-5.15
11:29:52.441796	-0.19	-9.76	0.92	0.63	-8.68	-4.5	-0.35000000000000003	-9.39	-2.79	-0.37	-8.52	-4.83
11:29:52.451879	-0.19	-9.76	0.9	0.66	-8.69	-4.47	-0.33	-9.290000000000001	-3.11	-0.37	-8.52	-4.83
11:29:52.462444	-0.19	-9.76	0.89	0.68	-8.71	-4.43	-0.31	-9.19	-3.4	-0.37	-8.52	-4.83
11:29:52.472563	-0.2	-9.76	0.88	0.6900000000000001	-8.74	-4.39	-0.29	-9.08	-3.67	-0.37	-8.52	-4.83
11:29:52.482633	-0.21	-9.76	0.87	0.7000000000000001	-8.76	-4.34	-0.29	-8.99	-3.9	-0.48	-9.19	-3.36
11:29:52.492708	-0.22	-9.76	0.86	0.6900000000000001	-8.78	-4.3	-0.3	-8.89	-4.1	-0.49	-9.28	-3.11
11:29:52.502790	-0.23	-9.76	0.86	0.67	-8.8	-4.26	-0.32	-8.81	-4.2700000000000005	-0.49	-9.35	-2.88
11:29:52.512896	-0.24	-9.76	0.85	0.64	-8.81	-4.24	-0.33	-8.74	-4.41	-0.5	-9.41	-2.69
11:29:52.523559	-0.25	-9.76	0.85	0.63	-8.82	-4.22	-0.33	-8.74	-4.41	-0.5	-9.5	-2.37
11:29:52.533666	-0.27	-9.76	0.85	0.61	-8.83	-4.21	-0.36	-8.65	-4.59	-0.51	-9.53	-2.24
11:29:52.544148	-0.28	-9.76	0.84	0.61	-8.84	-4.19	-0.37	-8.63	-4.63	-0.52	-9.55	-2.15
11:29:52.554598	-0.29	-9.76	0.84	0.62	-8.84	-4.17	-0.39	-8.63	-4.63	-0.53	-9.56	-2.09
11:29:52.564670	-0.31	-9.76	0.8300000000000001	0.64	-8.85	-4.15	-0.41000000000000003	-8.64	-4.61	-0.54	-9.56	-2.07
11:29:52.574744	-0.32	-9.76	0.8300000000000001	0.66	-8.86	-4.14	-0.43	-8.67	-4.55	-0.54	-9.56	-2.07
11:29:52.585430	-0.32	-9.76	0.8200000000000001	0.67	-8.86	-4.13	-0.43	-8.67	-4.55	-0.56	-9.55	-2.13
11:29:52.595524	-0.33	-9.76	0.8200000000000001	0.68	-8.86	-4.13	-0.43	-8.67	-4.55	-0.5700000000000001	-9.53	-2.21
11:29:52.605592	-0.33	-9.76	0.8200000000000001	0.67	-8.86	-4.13	-0.43	-8.67	-4.55	-0.5700000000000001	-9.51	-2.29
11:29:52.615759	-0.32	-9.76	0.81	0.65	-8.86	-4.14	-0.51	-8.89	-4.09	-0.5700000000000001	-9.51	-2.29
11:29:52.625829	-0.32	-9.76	0.81	0.63	-8.86	-4.14	-0.54	-8.96	-3.93	-0.5700000000000001	-9.51	-2.29
11:29:52.635898	-0.31	-9.76	0.81	0.6	-8.86	-4.14	-0.5700000000000001	-9.03	-3.7600000000000002	-0.5700000000000001	-9.51	-2.29
11:29:52.645978	-0.32	-9.76	0.81	0.5700000000000001	-8.86	-4.14	-0.5700000000000001	-9.03	-3.7600000000000002	-0.48	-9.36	-2.86
11:29:52.656152	-0.32	-9.76	0.81	0.54	-8.88	-4.12	-0.5700000000000001	-9.13	-3.5100000000000002	-0.48	-9.36	-2.86
11:29:52.666817	-0.33	-9.76	0.81	0.5	-8.9	-4.08	-0.5700000000000001	-9.15	-3.47	-0.48	-9.36	-2.86
11:29:52.676885	-0.35000000000000003	-9.76	0.8200000000000001	0.47000000000000003	-8.93	-4.01	-0.6	-9.15	-3.44	-0.48	-9.36	-2.86
11:29:52.686957	-0.37	-9.76	0.84	0.44	-8.96	-3.94	-0.6	-9.15	-3.44	-0.31	-9.36	-2.87
11:29:52.697076	-0.39	-9.76	0.86	0.41000000000000003	-8.99	-3.88	-0.67	-9.22	-3.24	-0.31	-9.36	-2.87
11:29:52.707147	-0.4	-9.75	0.88	0.38	-9.01	-3.83	-0.67	-9.27	-3.12	-0.31	-9.36	-2.87
11:29:52.717235	-0.41000000000000003	-9.75	0.89	0.36	-9.03	-3.79	-0.64	-9.3	-3.02	-0.31	-9.36	-2.87
11:29:52.727379	-0.41000000000000003	-9.75	0.91	0.35000000000000003	-9.040000000000001	-3.7800000000000002	-0.6	-9.34	-2.92	-0.31	-9.36	-2.87
11:29:52.737444	-0.42	-9.75	0.92	0.35000000000000003	-9.040000000000001	-3.7800000000000002	-0.5700000000000001	-9.370000000000001	-2.81	-0.31	-9.36	-2.87
11:29:52.747522	-0.42	-9.75	0.93	0.35000000000000003	-9.05	-3.7600000000000002	-0.56	-9.4	-2.71	-0.31	-9.36	-2.87
11:29:52.757789	-0.42	-9.75	0.9500000000000001	0.35000000000000003	-9.06	-3.71	-0.58	-9.43	-2.6	-1.07	-8.75	-4.29
11:29:52.767881	-0.41000000000000003	-9.74	0.98	0.36	-9.09	-3.64	-0.6	-9.46	-2.49	-1.04	-8.77	-4.24
11:29:52.778241	-0.4	-9.74	1.0	0.37	-9.13	-3.5500000000000003	-0.61	-9.48	-2.39	-1.05	-8.78	-4.22
11:29:52.788719	-0.38	-9.74	1.02	0.4	-9.17	-3.43	-0.6	-9.51	-2.31	-1.05	-8.78	-4.22
11:29:52.799070	-0.35000000000000003	-9.74	1.04	0.41000000000000003	-9.22	-3.3000000000000003	-0.5700000000000001	-9.52	-2.24	-1.03	-8.75	-4.3
11:29:52.809200	-0.33	-9.74	1.07	0.39	-9.3	-3.06	-0.54	-9.540000000000001	-2.16	-1.02	-8.700000000000001	-4.4
11:29:52.819894	-0.3	-9.74	1.09	0.34	-9.33	-2.97	-0.51	-9.56	-2.09	-1.06	-8.64	-4.5
11:29:52.829990	-0.28	-9.73	1.12	0.28	-9.36	-2.9	-0.49	-9.58	-2.02	-1.12	-8.6	-4.55
11:29:52.840643	-0.27	-9.73	1.1400000000000001	0.2	-9.370000000000001	-2.86	-0.47000000000000003	-9.59	-1.96	-1.1300000000000001	-8.59	-4.58
11:29:52.851288	-0.26	-9.73	1.16	0.12	-9.38	-2.83	-0.46	-9.61	-1.8800000000000001	-1.07	-8.56	-4.64
11:29:52.861684	-0.26	-9.73	1.17	0.05	-9.39	-2.82	-0.45	-9.63	-1.74	-1.07	-8.53	-4.71
11:29:52.871750	-0.26	-9.73	1.18	-0.01	-9.4	-2.7800000000000002	-0.46	-9.65	-1.67	-1.08	-8.5	-4.76
11:29:52.882176	-0.27	-9.73	1.19	-0.05	-9.42	-2.71	-0.46	-9.66	-1.59	-1.1	-8.48	-4.78
11:29:52.892521	-0.27	-9.72	1.19	-0.07	-9.44	-2.62	-0.47000000000000003	-9.67	-1.52	-1.12	-8.47	-4.8
11:29:52.902635	-0.28	-9.72	1.19	-0.08	-9.47	-2.52	-0.47000000000000003	-9.68	-1.45	-1.1500000000000001	-8.46	-4.8100000000000005
11:29:52.912705	-0.29	-9.72	1.19	-0.09	-9.5	-2.41	-0.47000000000000003	-9.69	-1.3800000000000001	-1.1500000000000001	-8.46	-4.8100000000000005
11:29:52.922780	-0.3	-9.72	1.19	-0.1	-9.52	-2.32	-0.46	-9.700000000000001	-1.31	-1.1300000000000001	-8.44	-4.8500000000000005
11:29:52.932850	-0.3	-9.72	1.19	-0.11	-9.540000000000001	-2.24	-0.46	-9.71	-1.25	-1.1300000000000001	-8.44	-4.8500000000000005
11:29:52.943262	-0.3	-9.72	1.19	-0.12	-9.56	-2.16	-0.46	-9.72	-1.19	-1.04	-8.32	-5.07
11:29:52.954016	-0.29	-9.72	1.19	-0.13	-9.58	-2.08	-0.47000000000000003	-9.72	-1.12	-1.03	-8.28	-5.14
11:29:52.964149	-0.28	-9.73	1.18	-0.14	-9.59	-2.0	-0.49	-9.73	-1.06	-1.03	-8.24	-5.2
11:29:52.974396	-0.26	-9.73	1.18	-0.15	-9.61	-1.92	-0.5	-9.74	-0.99	-1.04	-8.21	-5.25
11:29:52.984488	-0.25	-9.73	1.18	-0.16	-9.620000000000001	-1.85	-0.51	-9.74	-0.92	-1.04	-8.19	-5.28
11:29:52.994560	-0.23	-9.73	1.17	-0.18	-9.64	-1.78	-0.52	-9.75	-0.85	-1.03	-8.17	-5.32
11:29:53.004824	-0.22	-9.73	1.16	-0.21	-9.65	-1.72	-0.53	-9.76	-0.77	-1.02	-8.15	-5.3500000000000005
11:29:53.014894	-0.21	-9.73	1.16	-0.24	-9.66	-1.6600000000000001	-0.54	-9.76	-0.71	-1.01	-8.120000000000001	-5.39
11:29:53.024994	-0.2	-9.73	1.1500000000000001	-0.28	-9.67	-1.6	-0.54	-9.76	-0.64	-1.01	-8.09	-5.44
11:29:53.035084	-0.19	-9.73	1.1400000000000001	-0.32	-9.67	-1.54	-0.55	-9.77	-0.58	-0.99	-8.05	-5.5
11:29:53.045149	-0.18	-9.73	1.1400000000000001	-0.37	-9.68	-1.48	-0.55	-9.77	-0.51	-0.98	-8.01	-5.5600000000000005
11:29:53.055276	-0.18	-9.73	1.1300000000000001	-0.41000000000000003	-9.69	-1.42	-0.56	-9.78	-0.44	-0.96	-7.98	-5.6000000000000005
11:29:53.065378	-0.17	-9.73	1.1300000000000001	-0.45	-9.700000000000001	-1.35	-0.5700000000000001	-9.78	-0.38	-0.96	-7.95	-5.64
11:29:53.075435	-0.17	-9.73	1.1300000000000001	-0.49	-9.700000000000001	-1.29	-0.5700000000000001	-9.78	-0.31	-0.9500000000000001	-7.92	-5.69
11:29:53.085502	-0.16	-9.74	1.11	-0.53	-9.71	-1.22	-0.58	-9.78	-0.24	-0.9400000000000001	-7.88	-5.75
11:29:53.095574	-0.15	-9.74	1.11	-0.58	-9.72	-1.1500000000000001	-0.58	-9.78	-0.17	-0.9400000000000001	-7.8500000000000005	-5.78
11:29:53.105651	-0.14	-9.74	1.12	-0.62	-9.72	-1.09	-0.58	-9.78	-0.11	-0.9400000000000001	-7.83	-5.82
11:29:53.115803	-0.14	-9.74	1.12	-0.66	-9.72	-1.03	-0.59	-9.78	-0.03	-0.93	-7.79	-5.87
11:29:53.125879	-0.14	-9.74	1.1	-0.71	-9.73	-0.97	-0.59	-9.78	0.03	-0.91	-7.75	-5.92
11:29:53.135957	-0.14	-9.74	1.09	-0.76	-9.73	-0.91	-0.59	-9.78	0.1	-0.9	-7.73	-5.96
11:29:53.146054	-0.13	-9.74	1.11	-0.81	-9.73	-0.86	-0.59	-9.78	0.17	-0.89	-7.7	-5.99
11:29:53.156166	-0.12	-9.74	1.12	-0.86	-9.73	-0.8	-0.59	-9.78	0.24	-0.88	-7.66	-6.05
11:29:53.166252	-0.12	-9.73	1.1400000000000001	-0.91	-9.73	-0.74	-0.6	-9.78	0.31	-0.86	-7.62	-6.1000000000000005
11:29:53.176412	-0.12	-9.73	1.16	-0.97	-9.73	-0.68	-0.6	-9.78	0.38	-0.85	-7.59	-6.140000000000001
11:29:53.187005	-0.11	-9.73	1.18	-1.02	-9.73	-0.63	-0.6	-9.77	0.46	-0.84	-7.57	-6.17
11:29:53.197380	-0.11	-9.73	1.2	-1.08	-9.72	-0.5700000000000001	-0.61	-9.77	0.54	-0.8300000000000001	-7.53	-6.22
11:29:53.207612	-0.12	-9.72	1.22	-1.1400000000000001	-9.72	-0.52	-0.61	-9.76	0.61	-0.81	-7.49	-6.26
11:29:53.217682	-0.12	-9.72	1.22	-1.2	-9.72	-0.47000000000000003	-0.62	-9.76	0.6900000000000001	-0.8200000000000001	-7.47	-6.29
11:29:53.227755	-0.13	-9.72	1.23	-1.26	-9.71	-0.43	-0.63	-9.75	0.77	-0.9	-7.43	-6.33
11:29:53.237854	-0.13	-9.72	1.23	-1.32	-9.700000000000001	-0.39	-0.64	-9.74	0.85	-0.9400000000000001	-7.36	-6.4
11:29:53.248497	-0.15	-9.72	1.24	-1.3900000000000001	-9.700000000000001	-0.34	-0.65	-9.74	0.93	-0.9500000000000001	-7.3100000000000005	-6.46
11:29:53.258577	-0.16	-9.72	1.25	-1.44	-9.69	-0.3	-0.67	-9.73	1.01	-0.97	-7.25	-6.5200000000000005
11:29:53.268669	-0.17	-9.72	1.25	-1.49	-9.68	-0.25	-0.6900000000000001	-9.71	1.1	-0.97	-7.1000000000000005	-6.68
11:29:53.279287	-0.18	-9.72	1.26	-1.55	-9.68	-0.2	-0.72	-9.700000000000001	1.18	-1.01	-7.03	-6.76
11:29:53.289527	-0.19	-9.72	1.26	-1.6	-9.67	-0.16	-0.75	-9.69	1.28	-1.04	-6.95	-6.83
11:29:53.299731	-0.2	-9.72	1.27	-1.72	-9.65	-0.09	-0.78	-9.67	1.3800000000000001	-1.09	-6.86	-6.91
11:29:53.309846	-0.2	-9.72	1.27	-1.77	-9.64	-0.08	-0.81	-9.65	1.49	-1.1400000000000001	-6.76	-7.0
11:29:53.320436	-0.21	-9.72	1.27	-1.83	-9.63	-0.08	-0.85	-9.63	1.6	-1.2	-6.67	-7.08
11:29:53.330560	-0.21	-9.72	1.27	-1.8900000000000001	-9.620000000000001	-0.08	-0.92	-9.58	1.83	-1.26	-6.57	-7.16
11:29:53.340680	-0.22	-9.72	1.27	-1.94	-9.61	-0.08	-0.97	-9.55	1.95	-1.32	-6.45	-7.26
11:29:53.350828	-0.22	-9.72	1.27	-1.99	-9.6	-0.08	-1.01	-9.52	2.08	-1.37	-6.32	-7.36
11:29:53.360957	-0.23	-9.72	1.27	-2.04	-9.59	-0.08	-1.06	-9.49	2.21	-1.42	-6.21	-7.45
11:29:53.371381	-0.23	-9.72	1.26	-2.08	-9.58	-0.07	-1.11	-9.450000000000001	2.35	-1.46	-6.08	-7.54
11:29:53.381450	-0.23	-9.72	1.25	-2.11	-9.57	-0.06	-1.16	-9.41	2.5	-1.56	-5.94	-7.63
11:29:53.391577	-0.24	-9.72	1.24	-2.13	-9.57	-0.07	-1.2	-9.36	2.65	-1.6500000000000001	-5.8	-7.72
11:29:53.402348	-0.26	-9.72	1.22	-2.14	-9.56	-0.08	-1.24	-9.31	2.81	-1.69	-5.67	-7.8100000000000005
11:29:53.412968	-0.27	-9.72	1.2	-2.14	-9.56	-0.11	-1.28	-9.25	2.97	-1.74	-5.5	-7.92
11:29:53.423064	-0.27	-9.73	1.18	-2.14	-9.56	-0.15	-1.33	-9.19	3.14	-1.84	-5.3100000000000005	-8.03
11:29:53.433133	-0.26	-9.73	1.1500000000000001	-2.12	-9.57	-0.21	-1.3800000000000001	-9.120000000000001	3.31	-1.93	-5.12	-8.13
11:29:53.443263	-0.25	-9.73	1.1300000000000001	-2.1	-9.57	-0.28	-1.44	-9.040000000000001	3.49	-1.99	-4.94	-8.23
11:29:53.453334	-0.22	-9.73	1.12	-2.07	-9.57	-0.37	-1.53	-8.950000000000001	3.67	-2.06	-4.73	-8.33
11:29:53.463618	-0.2	-9.74	1.1	-2.04	-9.57	-0.48	-1.6400000000000001	-8.86	3.85	-2.1	-4.51	-8.44
11:29:53.474009	-0.18	-9.74	1.09	-2.0	-9.57	-0.61	-1.78	-8.76	4.0200000000000005	-2.13	-4.2700000000000005	-8.56
11:29:53.484100	-0.16	-9.74	1.08	-1.96	-9.57	-0.77	-1.9100000000000001	-8.66	4.16	-2.11	-4.0	-8.69
11:29:53.494242	-0.15	-9.74	1.07	-1.9100000000000001	-9.57	-0.9400000000000001	-2.02	-8.57	4.3	-2.07	-3.7	-8.84
11:29:53.504306	-0.13	-9.74	1.06	-1.86	-9.56	-1.1300000000000001	-2.08	-8.49	4.44	-2.15	-3.21	-9.0
11:29:53.514427	-0.11	-9.74	1.05	-1.79	-9.540000000000001	-1.35	-2.11	-8.41	4.57	-2.24	-2.67	-9.16
11:29:53.524491	-0.08	-9.75	1.04	-1.71	-9.52	-1.58	-2.12	-8.33	4.7	-2.49	-2.13	-9.23
11:29:53.534565	-0.06	-9.75	1.03	-1.61	-9.5	-1.8	-2.14	-8.25	4.83	-2.94	-1.78	-9.17
11:29:53.544635	-0.03	-9.75	1.01	-1.5	-9.48	-1.98	-2.17	-8.17	4.95	-3.0100000000000002	-1.79	-9.15
11:29:53.555191	-0.01	-9.75	1.0	-1.3900000000000001	-9.46	-2.12	-2.2	-8.1	5.0600000000000005	-2.5	-1.95	-9.27
11:29:53.565278	0.0	-9.75	0.98	-1.29	-9.450000000000001	-2.24	-2.23	-8.05	5.13	-2.05	-2.15	-9.34
11:29:53.575399	0.01	-9.75	0.96	-1.19	-9.44	-2.36	-2.24	-8.02	5.16	-1.97	-2.29	-9.32
11:29:53.585521	0.02	-9.76	0.9400000000000001	-1.1	-9.42	-2.47	-2.22	-8.03	5.16	-2.05	-2.34	-9.290000000000001
11:29:53.595595	0.02	-9.76	0.9400000000000001	-1.01	-9.39	-2.6	-2.17	-8.05	5.15	-1.94	-2.38	-9.31
11:29:53.605693	0.03	-9.76	0.93	-0.92	-9.370000000000001	-2.74	-2.09	-8.08	5.13	-1.6600000000000001	-2.59	-9.31
11:29:53.615774	0.03	-9.76	0.92	-0.8300000000000001	-9.33	-2.88	-1.99	-8.14	5.07	-1.46	-2.95	-9.23
11:29:53.625844	0.04	-9.76	0.92	-0.74	-9.3	-3.02	-1.9000000000000001	-8.22	4.98	-1.3900000000000001	-3.3200000000000003	-9.11
11:29:53.636000	0.06	-9.76	0.92	-0.66	-9.26	-3.15	-1.81	-8.31	4.86	-1.36	-3.61	-9.01
11:29:53.646101	0.08	-9.76	0.92	-0.58	-9.22	-3.2800000000000002	-1.74	-8.42	4.7	-1.32	-3.84	-8.92
11:29:53.656776	0.09	-9.76	0.92	-0.51	-9.18	-3.39	-1.68	-8.53	4.51	-1.29	-4.1	-8.81
11:29:53.666858	0.11	-9.76	0.92	-0.45	-9.14	-3.5	-1.62	-8.66	4.3	-1.27	-4.41	-8.66
11:29:53.676927	0.13	-9.76	0.93	-0.4	-9.1	-3.62	-1.54	-8.78	4.0600000000000005	-1.25	-4.74	-8.48
11:29:53.687002	0.14	-9.75	0.9400000000000001	-0.36	-9.06	-3.73	-1.47	-8.91	3.8000000000000003	-1.2	-5.08	-8.290000000000001
11:29:53.697067	0.16	-9.75	0.9500000000000001	-0.33	-9.01	-3.84	-1.4000000000000001	-9.040000000000001	3.5100000000000002	-1.11	-5.42	-8.09
11:29:53.707134	0.17	-9.75	0.97	-0.31	-8.97	-3.94	-1.35	-9.16	3.2	-1.0	-5.74	-7.88
11:29:53.717216	0.19	-9.75	0.98	-0.29	-8.93	-4.0200000000000005	-1.31	-9.28	2.85	-0.88	-6.05	-7.66
11:29:53.727287	0.2	-9.75	0.99	-0.27	-8.9	-4.08	-1.27	-9.4	2.48	-0.76	-6.33	-7.44
11:29:53.737374	0.21	-9.75	1.0	-0.24	-8.88	-4.14	-1.24	-9.49	2.09	-0.65	-6.59	-7.22
11:29:53.747540	0.21	-9.75	1.0	-0.2	-8.86	-4.19	-1.21	-9.58	1.69	-0.55	-6.84	-7.0
11:29:53.757662	0.22	-9.75	1.01	-0.16	-8.83	-4.25	-1.17	-9.65	1.28	-0.45	-7.09	-6.75
11:29:53.768248	0.22	-9.75	1.0	-0.11	-8.8	-4.3	-1.12	-9.700000000000001	0.88	-0.37	-7.32	-6.5
11:29:53.778565	0.23	-9.75	1.0	-0.06	-8.78	-4.3500000000000005	-1.06	-9.73	0.48	-0.3	-7.76	-5.98
11:29:53.789270	0.24	-9.75	1.0	0.0	-8.76	-4.39	-0.99	-9.75	0.08	-0.3	-7.97	-5.7
11:29:53.799372	0.24	-9.75	0.99	0.15	-8.73	-4.45	-0.93	-9.75	-0.3	-0.31	-8.17	-5.41
11:29:53.809493	0.25	-9.75	0.99	0.22	-8.72	-4.46	-0.86	-9.74	-0.68	-0.33	-8.36	-5.11
11:29:53.819625	0.25	-9.75	0.98	0.29	-8.71	-4.48	-0.8	-9.71	-1.06	-0.36	-8.540000000000001	-4.8
11:29:53.830259	0.26	-9.75	0.97	0.35000000000000003	-8.71	-4.49	-0.74	-9.67	-1.42	-0.38	-8.700000000000001	-4.5
11:29:53.840322	0.25	-9.75	0.96	0.4	-8.700000000000001	-4.49	-0.68	-9.61	-1.78	-0.38	-8.84	-4.2
11:29:53.850413	0.25	-9.75	0.9500000000000001	0.45	-8.700000000000001	-4.49	-0.62	-9.55	-2.13	-0.39	-8.98	-3.91
11:29:53.860533	0.24	-9.75	0.9400000000000001	0.49	-8.71	-4.47	-0.52	-9.38	-2.7800000000000002	-0.39	-9.09	-3.63
11:29:53.870614	0.23	-9.75	0.93	0.52	-8.71	-4.45	-0.49	-9.290000000000001	-3.08	-0.4	-9.200000000000001	-3.36
11:29:53.880774	0.21	-9.76	0.92	0.54	-8.73	-4.43	-0.46	-9.200000000000001	-3.35	-0.4	-9.28	-3.11
11:29:53.891339	0.2	-9.76	0.91	0.56	-8.74	-4.39	-0.45	-9.1	-3.6	-0.4	-9.36	-2.88
11:29:53.901439	0.18	-9.76	0.9	0.56	-8.76	-4.36	-0.44	-9.01	-3.8200000000000003	-0.39	-9.43	-2.65
11:29:53.912058	0.16	-9.76	0.89	0.55	-8.78	-4.32	-0.45	-8.93	-4.0200000000000005	-0.39	-9.48	-2.44
11:29:53.922302	0.15	-9.76	0.88	0.54	-8.8	-4.28	-0.47000000000000003	-8.85	-4.18	-0.4	-9.53	-2.2600000000000002
11:29:53.932434	0.13	-9.76	0.88	0.52	-8.82	-4.25	-0.5	-8.78	-4.32	-0.4	-9.57	-2.09
11:29:53.943001	0.11	-9.76	0.87	0.51	-8.83	-4.21	-0.53	-8.73	-4.41	-0.42	-9.6	-1.95
11:29:53.953074	0.09	-9.76	0.86	0.5	-8.85	-4.18	-0.55	-8.700000000000001	-4.48	-0.44	-9.620000000000001	-1.84
11:29:53.963196	0.07	-9.76	0.85	0.51	-8.870000000000001	-4.14	-0.5700000000000001	-8.68	-4.5200000000000005	-0.46	-9.63	-1.78
11:29:53.973307	0.05	-9.76	0.84	0.52	-8.88	-4.1	-0.59	-8.68	-4.5200000000000005	-0.47000000000000003	-9.63	-1.76
11:29:53.983424	0.03	-9.77	0.8300000000000001	0.53	-8.9	-4.08	-0.6	-8.69	-4.49	-0.48	-9.63	-1.77
11:29:53.993867	0.01	-9.77	0.8200000000000001	0.54	-8.9	-4.0600000000000005	-0.6	-8.72	-4.43	-0.48	-9.620000000000001	-1.82
11:29:54.003939	0.0	-9.77	0.81	0.55	-8.9	-4.0600000000000005	-0.61	-8.77	-4.34	-0.47000000000000003	-9.6	-1.92
11:29:54.014011	-0.02	-9.77	0.81	0.56	-8.9	-4.0600000000000005	-0.62	-8.82	-4.22	-0.44	-9.57	-2.06
11:29:54.024398	-0.03	-9.77	0.8	0.55	-8.9	-4.07	-0.64	-8.89	-4.08	-0.39	-9.53	-2.23
11:29:54.034470	-0.04	-9.77	0.79	0.54	-8.89	-4.08	-0.64	-8.96	-3.92	-0.32	-9.49	-2.42
11:29:54.044587	-0.05	-9.77	0.79	0.53	-8.89	-4.08	-0.63	-9.03	-3.7600000000000002	-0.26	-9.46	-2.5300000000000002
11:29:54.054686	-0.04	-9.77	0.79	0.51	-8.9	-4.08	-0.62	-9.08	-3.64	-0.2	-9.47	-2.5
11:29:54.065321	-0.04	-9.77	0.79	0.49	-8.91	-4.05	-0.66	-9.120000000000001	-3.54	-0.09	-9.450000000000001	-2.59
11:29:54.075431	-0.04	-9.77	0.8	0.45	-8.92	-4.03	-0.73	-9.15	-3.42	-0.12	-9.39	-2.79
11:29:54.085495	-0.06	-9.77	0.8200000000000001	0.42	-8.93	-4.0200000000000005	-0.79	-9.200000000000001	-3.29	-0.3	-9.33	-2.98
11:29:54.095572	-0.07	-9.77	0.8300000000000001	0.39	-8.93	-4.01	-0.8300000000000001	-9.24	-3.15	-0.47000000000000003	-9.25	-3.21
11:29:54.105643	-0.08	-9.76	0.84	0.39	-8.93	-4.01	-0.84	-9.28	-3.02	-0.64	-9.13	-3.5
11:29:54.115709	-0.09	-9.76	0.85	0.41000000000000003	-8.94	-4.0	-0.8300000000000001	-9.32	-2.91	-0.8200000000000001	-9.01	-3.77
11:29:54.125790	-0.09	-9.76	0.86	0.42	-8.950000000000001	-3.97	-0.8	-9.36	-2.79	-0.96	-8.94	-3.9
11:29:54.135860	-0.1	-9.76	0.86	0.41000000000000003	-8.96	-3.95	-0.78	-9.39	-2.69	-1.05	-8.9	-3.95
11:29:54.145988	-0.11	-9.76	0.87	0.38	-8.98	-3.91	-0.78	-9.42	-2.58	-1.09	-8.89	-3.97
11:29:54.156054	-0.12	-9.76	0.89	0.34	-9.0	-3.87	-0.79	-9.450000000000001	-2.47	-1.08	-8.91	-3.94
11:29:54.166128	-0.13	-9.76	0.9	0.31	-9.02	-3.8200000000000003	-0.8	-9.48	-2.37	-1.03	-8.93	-3.9
11:29:54.176256	-0.13	-9.76	0.92	0.3	-9.05	-3.74	-0.79	-9.5	-2.2800000000000002	-0.97	-8.91	-3.96
11:29:54.186322	-0.12	-9.76	0.9400000000000001	0.32	-9.1	-3.61	-0.76	-9.52	-2.2	-0.92	-8.86	-4.07
11:29:54.196400	-0.11	-9.75	0.96	0.33	-9.16	-3.46	-0.72	-9.540000000000001	-2.13	-0.91	-8.81	-4.19
11:29:54.206475	-0.09	-9.75	0.97	0.34	-9.22	-3.3000000000000003	-0.68	-9.56	-2.06	-0.9400000000000001	-8.76	-4.28
11:29:54.216550	-0.06	-9.75	0.99	0.32	-9.27	-3.17	-0.65	-9.57	-2.0	-0.96	-8.73	-4.34
11:29:54.226689	-0.04	-9.75	1.01	0.28	-9.31	-3.06	-0.64	-9.59	-1.93	-0.9500000000000001	-8.72	-4.36
11:29:54.236786	-0.03	-9.75	1.03	0.21	-9.33	-2.99	-0.63	-9.6	-1.86	-0.96	-8.72	-4.37
11:29:54.246898	-0.02	-9.75	1.05	0.13	-9.35	-2.94	-0.63	-9.61	-1.79	-0.98	-8.71	-4.39
11:29:54.256986	-0.02	-9.74	1.06	0.05	-9.36	-2.92	-0.63	-9.63	-1.72	-1.01	-8.68	-4.44
11:29:54.267109	-0.02	-9.74	1.08	-0.02	-9.36	-2.91	-0.64	-9.64	-1.6500000000000001	-1.04	-8.65	-4.48
11:29:54.277252	-0.03	-9.74	1.09	-0.09	-9.370000000000001	-2.87	-0.65	-9.65	-1.58	-1.07	-8.64	-4.5
11:29:54.287378	-0.04	-9.74	1.09	-0.13	-9.4	-2.7800000000000002	-0.65	-9.66	-1.51	-1.08	-8.64	-4.51
11:29:54.297482	-0.05	-9.74	1.1	-0.17	-9.42	-2.68	-0.65	-9.67	-1.45	-1.07	-8.63	-4.51
11:29:54.307994	-0.06	-9.74	1.1	-0.19	-9.46	-2.57	-0.65	-9.68	-1.3900000000000001	-1.04	-8.620000000000001	-4.55
11:29:54.318071	-0.07	-9.74	1.11	-0.21	-9.49	-2.45	-0.64	-9.69	-1.33	-1.02	-8.58	-4.62
11:29:54.328158	-0.07	-9.74	1.11	-0.23	-9.51	-2.34	-0.63	-9.700000000000001	-1.27	-1.0	-8.540000000000001	-4.7
11:29:54.338284	-0.07	-9.74	1.11	-0.25	-9.540000000000001	-2.24	-0.63	-9.700000000000001	-1.22	-0.98	-8.5	-4.7700000000000005
11:29:54.348404	-0.07	-9.74	1.11	-0.28	-9.56	-2.15	-0.63	-9.71	-1.17	-1.0	-8.45	-4.86
11:29:54.358523	-0.06	-9.74	1.11	-0.3	-9.58	-2.06	-0.64	-9.72	-1.12	-1.01	-8.44	-4.88
11:29:54.368589	-0.05	-9.74	1.11	-0.32	-9.59	-1.98	-0.64	-9.72	-1.07	-1.01	-8.42	-4.92
11:29:54.378959	-0.05	-9.74	1.11	-0.35000000000000003	-9.61	-1.8900000000000001	-0.65	-9.73	-1.01	-1.01	-8.4	-4.95
11:29:54.389381	-0.04	-9.74	1.11	-0.38	-9.620000000000001	-1.81	-0.66	-9.73	-0.9500000000000001	-1.01	-8.39	-4.96
11:29:54.399492	-0.03	-9.74	1.1	-0.45	-9.65	-1.6500000000000001	-0.67	-9.74	-0.89	-1.0	-8.38	-4.98
11:29:54.409566	-0.02	-9.74	1.1	-0.5	-9.66	-1.57	-0.67	-9.74	-0.84	-0.98	-8.35	-5.03
11:29:54.419713	-0.02	-9.74	1.09	-0.55	-9.67	-1.49	-0.67	-9.75	-0.78	-0.98	-8.32	-5.08
11:29:54.430367	-0.02	-9.74	1.09	-0.59	-9.68	-1.41	-0.67	-9.75	-0.73	-0.96	-8.290000000000001	-5.13
11:29:54.440437	-0.01	-9.74	1.09	-0.64	-9.69	-1.33	-0.67	-9.75	-0.67	-0.9500000000000001	-8.27	-5.18
11:29:54.450542	-0.01	-9.74	1.09	-0.6900000000000001	-9.700000000000001	-1.25	-0.68	-9.76	-0.56	-0.9500000000000001	-8.24	-5.22
11:29:54.461205	-0.01	-9.74	1.09	-0.75	-9.700000000000001	-1.17	-0.68	-9.76	-0.56	-0.96	-8.21	-5.2700000000000005
11:29:54.471310	-0.01	-9.74	1.1	-0.79	-9.71	-1.1	-0.6900000000000001	-9.76	-0.5	-0.96	-8.19	-5.3
11:29:54.481915	-0.01	-9.74	1.1	-0.84	-9.71	-1.03	-0.7000000000000001	-9.77	-0.38	-0.97	-8.16	-5.33
11:29:54.492105	-0.01	-9.74	1.11	-0.89	-9.71	-0.96	-0.7000000000000001	-9.77	-0.32	-0.97	-8.13	-5.39
11:29:54.502172	0.0	-9.74	1.12	-0.9500000000000001	-9.71	-0.88	-0.7000000000000001	-9.77	-0.25	-0.96	-8.1	-5.43
11:29:54.512310	0.0	-9.74	1.1400000000000001	-0.99	-9.72	-0.8200000000000001	-0.7000000000000001	-9.77	-0.18	-0.96	-8.08	-5.47
11:29:54.522383	0.0	-9.73	1.1500000000000001	-1.04	-9.72	-0.75	-0.7000000000000001	-9.78	-0.12	-0.9500000000000001	-8.040000000000001	-5.5200000000000005
11:29:54.532466	-0.01	-9.73	1.17	-1.09	-9.72	-0.6900000000000001	-0.7000000000000001	-9.78	-0.04	-0.93	-8.0	-5.58
11:29:54.542536	-0.01	-9.73	1.19	-1.1300000000000001	-9.71	-0.63	-0.7000000000000001	-9.78	0.03	-0.92	-7.97	-5.63
11:29:54.553143	-0.01	-9.73	1.2	-1.18	-9.71	-0.58	-0.71	-9.78	0.11	-0.92	-7.94	-5.67
11:29:54.563776	-0.01	-9.72	1.22	-1.22	-9.71	-0.54	-0.71	-9.77	0.19	-0.91	-7.9	-5.72
11:29:54.573878	-0.01	-9.72	1.24	-1.27	-9.71	-0.5	-0.71	-9.77	0.29	-0.9	-7.86	-5.78
11:29:54.584012	-0.01	-9.72	1.26	-1.31	-9.700000000000001	-0.46	-0.72	-9.77	0.38	-0.89	-7.83	-5.82
11:29:54.594133	-0.01	-9.72	1.27	-1.35	-9.700000000000001	-0.43	-0.72	-9.76	0.48	-0.89	-7.8	-5.87
11:29:54.604461	-0.01	-9.72	1.29	-1.3800000000000001	-9.69	-0.4	-0.72	-9.76	0.58	-0.89	-7.75	-5.93
11:29:54.614639	-0.02	-9.71	1.3	-1.42	-9.69	-0.38	-0.73	-9.75	0.6900000000000001	-0.9400000000000001	-7.7	-5.99
11:29:54.624785	-0.03	-9.71	1.31	-1.46	-9.68	-0.35000000000000003	-0.74	-9.74	0.79	-1.03	-7.640000000000001	-6.05
11:29:54.634928	-0.04	-9.71	1.32	-1.5	-9.68	-0.32	-0.75	-9.73	0.89	-1.03	-7.57	-6.140000000000001
11:29:54.645494	-0.05	-9.71	1.33	-1.54	-9.68	-0.29	-0.76	-9.72	1.0	-1.04	-7.49	-6.24
11:29:54.655601	-0.06	-9.71	1.34	-1.58	-9.67	-0.26	-0.79	-9.71	1.11	-1.04	-7.4	-6.34
11:29:54.665674	-0.08	-9.71	1.35	-1.62	-9.66	-0.24	-0.81	-9.69	1.21	-1.06	-7.32	-6.42
11:29:54.675749	-0.09	-9.71	1.35	-1.6600000000000001	-9.66	-0.22	-0.84	-9.67	1.32	-1.1	-7.23	-6.5200000000000005
11:29:54.685849	-0.11	-9.71	1.36	-1.71	-9.65	-0.22	-0.87	-9.65	1.44	-1.1300000000000001	-7.140000000000001	-6.62
11:29:54.695925	-0.12	-9.700000000000001	1.37	-1.76	-9.64	-0.22	-0.91	-9.63	1.56	-1.17	-7.04	-6.72
11:29:54.705991	-0.13	-9.700000000000001	1.37	-1.81	-9.63	-0.22	-0.9400000000000001	-9.61	1.68	-1.24	-6.94	-6.8100000000000005
11:29:54.716061	-0.14	-9.700000000000001	1.37	-1.86	-9.620000000000001	-0.22	-0.98	-9.58	1.81	-1.31	-6.83	-6.91
11:29:54.726132	-0.14	-9.700000000000001	1.3800000000000001	-1.9100000000000001	-9.61	-0.23	-1.02	-9.55	1.94	-1.37	-6.7	-7.0200000000000005
11:29:54.736219	-0.15	-9.700000000000001	1.3800000000000001	-1.96	-9.6	-0.23	-1.06	-9.52	2.07	-1.44	-6.57	-7.12
11:29:54.746366	-0.15	-9.700000000000001	1.3800000000000001	-2.0100000000000002	-9.59	-0.23	-1.11	-9.48	2.2	-1.5	-6.46	-7.22
11:29:54.756441	-0.15	-9.700000000000001	1.37	-2.05	-9.58	-0.24	-1.17	-9.450000000000001	2.34	-1.56	-6.32	-7.32
11:29:54.766509	-0.15	-9.700000000000001	1.36	-2.08	-9.57	-0.25	-1.22	-9.4	2.48	-1.6500000000000001	-6.17	-7.43
11:29:54.776578	-0.16	-9.71	1.35	-2.11	-9.57	-0.27	-1.27	-9.35	2.63	-1.76	-6.04	-7.51
11:29:54.786659	-0.17	-9.71	1.33	-2.12	-9.56	-0.29	-1.31	-9.3	2.79	-1.83	-5.9	-7.6000000000000005
11:29:54.796748	-0.17	-9.71	1.3	-2.13	-9.56	-0.31	-1.35	-9.25	2.95	-1.8900000000000001	-5.73	-7.72
11:29:54.806817	-0.17	-9.72	1.28	-2.12	-9.56	-0.36	-1.4000000000000001	-9.18	3.12	-2.0	-5.54	-7.83
11:29:54.816883	-0.16	-9.72	1.26	-2.11	-9.56	-0.41000000000000003	-1.45	-9.120000000000001	3.2800000000000002	-2.1	-5.36	-7.930000000000001
11:29:54.826985	-0.13	-9.72	1.24	-2.1	-9.56	-0.49	-1.51	-9.040000000000001	3.46	-2.17	-5.18	-8.03
11:29:54.837155	-0.11	-9.72	1.23	-2.08	-9.56	-0.58	-1.6	-8.96	3.63	-2.24	-4.97	-8.14
11:29:54.847777	-0.09	-9.73	1.21	-2.05	-9.56	-0.71	-1.71	-8.86	3.81	-2.31	-4.74	-8.26
11:29:54.857843	-0.07	-9.73	1.2	-2.02	-9.55	-0.85	-1.84	-8.76	3.98	-2.36	-4.5	-8.38
11:29:54.867912	-0.07	-9.73	1.19	-1.99	-9.540000000000001	-1.02	-1.99	-8.66	4.13	-2.34	-4.21	-8.53
11:29:54.878043	-0.06	-9.73	1.19	-1.94	-9.53	-1.2	-2.12	-8.56	4.2700000000000005	-2.32	-3.46	-8.870000000000001
11:29:54.888189	-0.05	-9.73	1.18	-1.8800000000000001	-9.51	-1.41	-2.21	-8.48	4.39	-2.32	-3.46	-8.870000000000001
11:29:54.898299	-0.03	-9.73	1.17	-1.8	-9.49	-1.6400000000000001	-2.2600000000000002	-8.4	4.5200000000000005	-2.57	-2.3000000000000003	-9.17
11:29:54.908565	-0.01	-9.73	1.1500000000000001	-1.69	-9.47	-1.8800000000000001	-2.2600000000000002	-8.32	4.66	-2.94	-1.82	-9.17
11:29:54.919187	0.0	-9.73	1.1400000000000001	-1.57	-9.450000000000001	-2.07	-2.2600000000000002	-8.23	4.8100000000000005	-3.3000000000000003	-1.68	-9.07
11:29:54.929304	0.01	-9.74	1.12	-1.32	-9.42	-2.35	-2.27	-8.14	4.95	-3.06	-1.78	-9.14
11:29:54.939435	0.03	-9.74	1.11	-1.21	-9.41	-2.46	-2.29	-8.06	5.08	-2.48	-1.9000000000000001	-9.290000000000001
11:29:54.949730	0.03	-9.74	1.09	-1.21	-9.41	-2.46	-2.32	-7.99	5.17	-2.18	-2.06	-9.33
11:29:54.960108	0.04	-9.74	1.08	-1.01	-9.370000000000001	-2.7	-2.32	-7.96	5.22	-2.22	-2.17	-9.3
11:29:54.970204	0.04	-9.74	1.08	-0.92	-9.34	-2.84	-2.32	-7.95	5.24	-2.21	-2.21	-9.290000000000001
11:29:54.980660	0.03	-9.74	1.08	-0.8300000000000001	-9.3	-2.98	-2.29	-7.96	5.24	-1.97	-2.35	-9.31
11:29:54.991092	0.03	-9.74	1.08	-0.74	-9.26	-3.13	-2.23	-7.99	5.22	-1.72	-2.65	-9.28
11:29:55.001208	0.03	-9.74	1.08	-0.66	-9.21	-3.27	-2.05	-8.11	5.1000000000000005	-1.6	-3.04	-9.18
11:29:55.011342	0.03	-9.74	1.08	-0.5700000000000001	-9.17	-3.4	-1.96	-8.2	4.99	-1.54	-3.38	-9.07
11:29:55.022120	0.04	-9.74	1.08	-0.49	-9.13	-3.52	-1.87	-8.31	4.84	-1.51	-3.6	-8.99
11:29:55.032188	0.05	-9.74	1.08	-0.41000000000000003	-9.1	-3.62	-1.8	-8.43	4.67	-1.47	-3.8000000000000003	-8.91
11:29:55.042351	0.06	-9.74	1.08	-0.35000000000000003	-9.06	-3.73	-1.71	-8.55	4.47	-1.45	-4.07	-8.8
11:29:55.052422	0.07	-9.74	1.08	-0.3	-9.01	-3.84	-1.62	-8.68	4.25	-1.44	-4.4	-8.64
11:29:55.062836	0.08	-9.74	1.08	-0.27	-8.96	-3.96	-1.52	-8.81	4.0	-1.41	-4.76	-8.45
11:29:55.072945	0.08	-9.74	1.08	-0.25	-8.91	-4.08	-1.43	-8.950000000000001	3.73	-1.34	-5.13	-8.24
11:29:55.083063	0.09	-9.74	1.08	-0.24	-8.85	-4.2	-1.35	-9.09	3.41	-1.24	-5.49	-8.02
11:29:55.093178	0.1	-9.74	1.08	-0.23	-8.8	-4.3	-1.29	-9.22	3.06	-1.1300000000000001	-5.83	-7.8
11:29:55.103293	0.11	-9.74	1.09	-0.21	-8.76	-4.38	-1.24	-9.34	2.68	-1.02	-6.140000000000001	-7.57
11:29:55.113986	0.12	-9.74	1.09	-0.17	-8.73	-4.44	-1.2	-9.450000000000001	2.2800000000000002	-0.92	-6.42	-7.3500000000000005
11:29:55.124060	0.13	-9.74	1.09	-0.12	-8.71	-4.49	-1.16	-9.55	1.87	-0.8300000000000001	-6.68	-7.12
11:29:55.134163	0.14	-9.74	1.09	-0.06	-8.69	-4.54	-1.11	-9.63	1.44	-0.75	-6.94	-6.88
11:29:55.144263	0.15	-9.74	1.08	0.0	-8.67	-4.58	-1.06	-9.69	1.02	-0.65	-7.21	-6.61
11:29:55.154333	0.16	-9.74	1.07	0.08	-8.65	-4.61	-1.0	-9.73	0.58	-0.5700000000000001	-7.45	-6.33
11:29:55.164453	0.17	-9.74	1.06	0.16	-8.63	-4.64	-0.9400000000000001	-9.75	0.15	-0.53	-7.68	-6.0600000000000005
11:29:55.174577	0.18	-9.75	1.03	0.25	-8.620000000000001	-4.65	-0.88	-9.76	-0.26	-0.5	-7.9	-5.78
11:29:55.184644	0.18	-9.75	1.01	0.33	-8.620000000000001	-4.65	-0.8200000000000001	-9.74	-0.68	-0.48	-8.120000000000001	-5.47
11:29:55.194730	0.17	-9.75	0.99	0.4	-8.620000000000001	-4.65	-0.8200000000000001	-9.74	-0.68	-0.48	-8.32	-5.15
11:29:55.204799	0.16	-9.75	0.98	0.46	-8.620000000000001	-4.64	-0.71	-9.66	-1.5	-0.49	-8.52	-4.82
11:29:55.214930	0.16	-9.75	0.96	0.5	-8.620000000000001	-4.64	-0.67	-9.59	-1.8900000000000001	-0.51	-8.700000000000001	-4.48
11:29:55.225592	0.14	-9.76	0.9400000000000001	0.54	-8.620000000000001	-4.62	-0.63	-9.51	-2.2600000000000002	-0.52	-8.870000000000001	-4.14
11:29:55.235664	0.13	-9.76	0.92	0.5700000000000001	-8.63	-4.6000000000000005	-0.6	-9.43	-2.62	-0.53	-9.01	-3.81
11:29:55.245745	0.11	-9.76	0.91	0.59	-8.65	-4.58	-0.58	-9.33	-2.95	-0.55	-9.13	-3.5100000000000002
11:29:55.255811	0.09	-9.76	0.89	0.61	-8.66	-4.54	-0.58	-9.23	-3.25	-0.5700000000000001	-9.24	-3.21
11:29:55.265883	0.08	-9.76	0.88	0.63	-8.68	-4.5	-0.58	-9.120000000000001	-3.5300000000000002	-0.5700000000000001	-9.34	-2.93
11:29:55.275968	0.06	-9.76	0.87	0.64	-8.700000000000001	-4.47	-0.59	-9.02	-3.79	-0.58	-9.41	-2.67
11:29:55.286039	0.04	-9.76	0.86	0.64	-8.71	-4.44	-0.61	-8.92	-4.01	-0.6	-9.47	-2.43
11:29:55.296115	0.02	-9.76	0.86	0.63	-8.73	-4.41	-0.61	-8.92	-4.01	-0.62	-9.52	-2.23
11:29:55.306185	0.0	-9.76	0.85	0.62	-8.74	-4.39	-0.63	-8.75	-4.36	-0.63	-9.56	-2.05
11:29:55.316261	0.0	-9.76	0.85	0.61	-8.75	-4.37	-0.63	-8.69	-4.48	-0.64	-9.59	-1.9000000000000001
11:29:55.326365	-0.02	-9.76	0.85	0.6	-8.76	-4.36	-0.63	-8.64	-4.57	-0.66	-9.61	-1.78
11:29:55.336591	-0.04	-9.76	0.84	0.6	-8.76	-4.34	-0.62	-8.620000000000001	-4.63	-0.67	-9.63	-1.69
11:29:55.346685	-0.05	-9.77	0.84	0.61	-8.77	-4.32	-0.62	-8.620000000000001	-4.63	-0.68	-9.64	-1.6500000000000001
11:29:55.356758	-0.07	-9.77	0.8300000000000001	0.63	-8.78	-4.32	-0.62	-8.61	-4.64	-0.6900000000000001	-9.64	-1.6500000000000001
11:29:55.366825	-0.07	-9.77	0.8300000000000001	0.65	-8.77	-4.3100000000000005	-0.62	-8.64	-4.57	-0.7000000000000001	-9.63	-1.68
11:29:55.376930	-0.08	-9.77	0.8300000000000001	0.66	-8.77	-4.32	-0.62	-8.64	-4.57	-0.7000000000000001	-9.620000000000001	-1.73
11:29:55.387123	-0.08	-9.77	0.8200000000000001	0.67	-8.76	-4.33	-0.63	-8.69	-4.49	-0.68	-9.61	-1.82
11:29:55.397230	-0.07	-9.77	0.8200000000000001	0.66	-8.76	-4.3500000000000005	-0.64	-8.74	-4.38	-0.65	-9.58	-1.95
11:29:55.407801	-0.07	-9.77	0.81	0.64	-8.75	-4.36	-0.67	-8.88	-4.09	-0.6	-9.55	-2.12
11:29:55.417944	-0.07	-9.77	0.8200000000000001	0.62	-8.75	-4.37	-0.67	-8.88	-4.09	-0.54	-9.51	-2.32
11:29:55.428053	-0.07	-9.77	0.8200000000000001	0.58	-8.75	-4.37	-0.6900000000000001	-8.96	-3.92	-0.5	-9.48	-2.45
11:29:55.438179	-0.07	-9.77	0.8200000000000001	0.54	-8.76	-4.36	-0.7000000000000001	-9.03	-3.75	-0.38	-9.540000000000001	-2.19
11:29:55.448281	-0.08	-9.76	0.84	0.5	-8.78	-4.33	-0.68	-9.08	-3.63	-0.38	-9.540000000000001	-2.19
11:29:55.458432	-0.1	-9.76	0.85	0.47000000000000003	-8.8	-4.28	-0.7000000000000001	-9.11	-3.56	-0.33	-9.46	-2.54
11:29:55.469036	-0.11	-9.76	0.87	0.45	-8.83	-4.24	-0.75	-9.13	-3.49	-0.52	-9.370000000000001	-2.81
11:29:55.479112	-0.11	-9.76	0.88	0.45	-8.85	-4.19	-0.8	-9.16	-3.4	-0.67	-9.27	-3.11
11:29:55.489257	-0.1	-9.76	0.89	0.46	-8.870000000000001	-4.14	-0.8300000000000001	-9.200000000000001	-3.27	-0.81	-9.14	-3.43
11:29:55.499391	-0.1	-9.76	0.89	0.47000000000000003	-8.89	-4.1	-0.84	-9.24	-3.15	-0.93	-9.05	-3.64
11:29:55.509506	-0.1	-9.76	0.9	0.47000000000000003	-8.9	-4.07	-0.8300000000000001	-9.28	-3.0500000000000003	-1.03	-9.0	-3.74
11:29:55.520128	-0.1	-9.76	0.9	0.46	-8.92	-4.03	-0.8	-9.31	-2.96	-1.08	-8.97	-3.79
11:29:55.530260	-0.11	-9.76	0.9	0.42	-8.97	-3.94	-0.79	-9.33	-2.88	-1.08	-8.99	-3.75
11:29:55.540978	-0.11	-9.76	0.91	0.41000000000000003	-9.0	-3.87	-0.78	-9.36	-2.79	-1.07	-9.02	-3.67
11:29:55.551520	-0.11	-9.76	0.92	0.41000000000000003	-9.03	-3.7800000000000002	-0.78	-9.39	-2.7	-1.06	-9.01	-3.71
11:29:55.562007	-0.1	-9.76	0.93	0.43	-9.07	-3.68	-0.79	-9.41	-2.6	-1.05	-8.950000000000001	-3.84
11:29:55.572145	-0.09	-9.76	0.9400000000000001	0.44	-9.120000000000001	-3.56	-0.76	-9.46	-2.44	-1.08	-8.89	-3.98
11:29:55.582534	-0.08	-9.75	0.9500000000000001	0.45	-9.16	-3.44	-0.73	-9.48	-2.37	-1.1300000000000001	-8.83	-4.09
11:29:55.592854	-0.06	-9.75	0.96	0.44	-9.21	-3.33	-0.7000000000000001	-9.5	-2.3000000000000003	-1.16	-8.8	-4.15
11:29:55.602936	-0.04	-9.75	0.98	0.41000000000000003	-9.24	-3.24	-0.67	-9.52	-2.23	-1.16	-8.790000000000001	-4.17
11:29:55.613128	-0.03	-9.75	0.99	0.35000000000000003	-9.27	-3.17	-0.65	-9.540000000000001	-2.16	-1.1500000000000001	-8.8	-4.16
11:29:55.623264	-0.02	-9.75	1.01	0.29	-9.290000000000001	-3.12	-0.63	-9.55	-2.09	-1.1500000000000001	-8.8	-4.16
11:29:55.633861	-0.01	-9.75	1.02	0.22	-9.3	-3.08	-0.62	-9.57	-2.0300000000000002	-1.16	-8.77	-4.22
11:29:55.643936	-0.01	-9.75	1.04	0.16	-9.31	-3.0500000000000003	-0.62	-9.58	-1.96	-1.19	-8.73	-4.3
11:29:55.654020	-0.01	-9.74	1.05	0.11	-9.33	-3.0	-0.62	-9.6	-1.8900000000000001	-1.22	-8.69	-4.3500000000000005
11:29:55.664086	-0.01	-9.74	1.06	0.07	-9.35	-2.92	-0.62	-9.61	-1.82	-1.25	-8.68	-4.38
11:29:55.674159	-0.02	-9.74	1.06	0.04	-9.38	-2.84	-0.62	-9.620000000000001	-1.75	-1.25	-8.68	-4.38
11:29:55.684228	-0.03	-9.74	1.07	0.02	-9.41	-2.75	-0.62	-9.63	-1.69	-1.22	-8.67	-4.4
11:29:55.694327	-0.04	-9.74	1.07	0.0	-9.43	-2.66	-0.61	-9.65	-1.62	-1.19	-8.65	-4.44
11:29:55.704399	-0.04	-9.74	1.07	-0.02	-9.46	-2.57	-0.59	-9.66	-1.56	-1.17	-8.620000000000001	-4.51
11:29:55.714470	-0.05	-9.74	1.07	-0.03	-9.48	-2.49	-0.58	-9.67	-1.5	-1.16	-8.58	-4.59
11:29:55.724539	-0.05	-9.74	1.08	-0.05	-9.5	-2.41	-0.5700000000000001	-9.68	-1.44	-1.16	-8.540000000000001	-4.66
11:29:55.734607	-0.05	-9.74	1.08	-0.06	-9.52	-2.32	-0.5700000000000001	-9.69	-1.3800000000000001	-1.17	-8.51	-4.71
11:29:55.744736	-0.05	-9.74	1.09	-0.08	-9.540000000000001	-2.23	-0.5700000000000001	-9.69	-1.32	-1.18	-8.5	-4.74
11:29:55.754835	-0.04	-9.74	1.09	-0.09	-9.56	-2.14	-0.58	-9.700000000000001	-1.26	-1.17	-8.48	-4.76
11:29:55.764900	-0.03	-9.74	1.1	-0.12	-9.58	-2.06	-0.58	-9.71	-1.2	-1.17	-8.47	-4.79
11:29:55.775001	-0.03	-9.74	1.1	-0.14	-9.6	-1.97	-0.59	-9.72	-1.1400000000000001	-1.17	-8.45	-4.82
11:29:55.785070	-0.02	-9.74	1.11	-0.17	-9.61	-1.9000000000000001	-0.54	-9.73	-1.04	-1.17	-8.43	-4.8500000000000005
11:29:55.795143	-0.02	-9.74	1.11	-0.2	-9.63	-1.82	-0.5	-9.74	-0.9400000000000001	-1.16	-8.41	-4.89
11:29:55.805227	-0.01	-9.74	1.12	-0.24	-9.64	-1.75	-0.45	-9.75	-0.84	-1.16	-8.38	-4.94
11:29:55.815300	-0.01	-9.74	1.1300000000000001	-0.28	-9.65	-1.67	-0.42	-9.76	-0.74	-1.16	-8.36	-4.98
11:29:55.825402	-0.02	-9.73	1.1400000000000001	-0.32	-9.66	-1.6	-0.42	-9.77	-0.68	-1.1400000000000001	-8.33	-5.03
11:29:55.835489	-0.02	-9.73	1.1500000000000001	-0.36	-9.68	-1.52	-0.42	-9.77	-0.63	-1.1300000000000001	-8.31	-5.07
11:29:55.845588	-0.02	-9.73	1.17	-0.4	-9.69	-1.44	-0.42	-9.78	-0.58	-1.1300000000000001	-8.290000000000001	-5.11
11:29:55.855667	-0.03	-9.73	1.18	-0.45	-9.700000000000001	-1.36	-0.42	-9.78	-0.52	-1.1300000000000001	-8.27	-5.13
11:29:55.865732	-0.03	-9.73	1.2	-0.5	-9.700000000000001	-1.28	-0.42	-9.78	-0.47000000000000003	-1.1400000000000001	-8.25	-5.16
11:29:55.875853	-0.03	-9.72	1.24	-0.55	-9.71	-1.22	-0.43	-9.78	-0.41000000000000003	-1.16	-8.23	-5.19
11:29:55.886108	-0.04	-9.72	1.26	-0.59	-9.71	-1.16	-0.43	-9.790000000000001	-0.36	-1.18	-8.2	-5.23
11:29:55.896687	-0.04	-9.72	1.28	-0.64	-9.72	-1.1	-0.43	-9.790000000000001	-0.3	-1.19	-8.18	-5.26
11:29:55.906768	-0.04	-9.71	1.3	-0.6900000000000001	-9.72	-1.05	-0.43	-9.790000000000001	-0.24	-1.19	-8.15	-5.3
11:29:55.916886	-0.04	-9.71	1.32	-0.74	-9.72	-0.99	-0.43	-9.790000000000001	-0.18	-1.19	-8.120000000000001	-5.3500000000000005
11:29:55.926958	-0.03	-9.71	1.35	-0.79	-9.73	-0.92	-0.43	-9.790000000000001	-0.12	-1.19	-8.09	-5.4
11:29:55.937093	-0.04	-9.71	1.36	-0.84	-9.73	-0.85	-0.44	-9.790000000000001	-0.05	-1.19	-8.07	-5.43
11:29:55.947163	-0.04	-9.700000000000001	1.3800000000000001	-0.89	-9.73	-0.79	-0.44	-9.790000000000001	0.01	-1.2	-8.040000000000001	-5.48
11:29:55.957823	-0.04	-9.700000000000001	1.4000000000000001	-0.93	-9.73	-0.73	-0.44	-9.790000000000001	0.08	-1.2	-8.0	-5.54
11:29:55.967896	-0.05	-9.700000000000001	1.42	-0.97	-9.73	-0.68	-0.43	-9.790000000000001	0.16	-1.19	-7.96	-5.58
11:29:55.977988	-0.05	-9.700000000000001	1.43	-1.01	-9.73	-0.63	-0.44	-9.790000000000001	0.24	-1.18	-7.94	-5.62
11:29:55.988062	-0.06	-9.69	1.44	-1.04	-9.73	-0.58	-0.43	-9.790000000000001	0.32	-1.17	-7.9	-5.67
11:29:55.998135	-0.06	-9.69	1.44	-1.08	-9.73	-0.54	-0.43	-9.78	0.4	-1.1400000000000001	-7.86	-5.74
11:29:56.008329	-0.07	-9.69	1.45	-1.12	-9.72	-0.5	-0.43	-9.78	0.49	-1.12	-7.8100000000000005	-5.82
11:29:56.018428	-0.07	-9.69	1.45	-1.17	-9.72	-0.45	-0.44	-9.77	0.58	-1.1	-7.7700000000000005	-5.87
11:29:56.028538	-0.08	-9.69	1.45	-1.21	-9.72	-0.41000000000000003	-0.44	-9.77	0.66	-1.09	-7.72	-5.94
11:29:56.038659	-0.08	-9.69	1.45	-1.25	-9.71	-0.37	-0.44	-9.76	0.76	-1.12	-7.68	-5.98
11:29:56.048853	-0.09	-9.69	1.46	-1.29	-9.71	-0.33	-0.45	-9.75	0.85	-1.12	-7.68	-5.98
11:29:56.059426	-0.1	-9.69	1.46	-1.34	-9.700000000000001	-0.3	-0.46	-9.74	0.9400000000000001	-1.26	-7.55	-6.11
11:29:56.069544	-0.1	-9.69	1.47	-1.3800000000000001	-9.700000000000001	-0.26	-0.46	-9.74	1.04	-1.26	-7.48	-6.21
11:29:56.079953	-0.11	-9.69	1.47	-1.43	-9.69	-0.23	-0.47000000000000003	-9.72	1.1300000000000001	-1.28	-7.4	-6.29
11:29:56.090138	-0.12	-9.69	1.48	-1.48	-9.69	-0.21	-0.49	-9.71	1.22	-1.3	-7.33	-6.37
11:29:56.100205	-0.13	-9.69	1.48	-1.58	-9.67	-0.17	-0.51	-9.700000000000001	1.32	-1.33	-7.24	-6.46
11:29:56.110323	-0.13	-9.69	1.48	-1.58	-9.67	-0.17	-0.53	-9.68	1.41	-1.36	-7.15	-6.5600000000000005
11:29:56.120435	-0.14	-9.69	1.49	-1.68	-9.65	-0.14	-0.56	-9.67	1.51	-1.41	-7.07	-6.640000000000001
11:29:56.131060	-0.14	-9.69	1.49	-1.74	-9.65	-0.13	-0.59	-9.65	1.62	-1.47	-6.97	-6.73
11:29:56.141211	-0.15	-9.69	1.49	-1.79	-9.64	-0.12	-0.62	-9.63	1.72	-1.52	-6.86	-6.83
11:29:56.151309	-0.15	-9.69	1.49	-1.84	-9.63	-0.11	-0.7000000000000001	-9.58	1.95	-1.58	-6.75	-6.93
11:29:56.161433	-0.15	-9.69	1.49	-1.8900000000000001	-9.620000000000001	-0.1	-0.74	-9.55	2.06	-1.6300000000000001	-6.640000000000001	-7.0200000000000005
11:29:56.171993	-0.15	-9.69	1.48	-1.93	-9.61	-0.1	-0.79	-9.52	2.18	-1.69	-6.5200000000000005	-7.12
11:29:56.182119	-0.16	-9.69	1.46	-1.97	-9.6	-0.1	-0.84	-9.49	2.3000000000000003	-1.78	-6.390000000000001	-7.21
11:29:56.192187	-0.16	-9.69	1.44	-1.99	-9.6	-0.1	-0.88	-9.450000000000001	2.43	-1.86	-6.26	-7.3100000000000005
11:29:56.202807	-0.16	-9.700000000000001	1.42	-2.0100000000000002	-9.59	-0.1	-0.92	-9.41	2.57	-1.9100000000000001	-6.13	-7.4
11:29:56.213039	-0.16	-9.700000000000001	1.4000000000000001	-2.0100000000000002	-9.59	-0.12	-0.97	-9.370000000000001	2.71	-1.98	-5.98	-7.51
11:29:56.223134	-0.14	-9.700000000000001	1.3900000000000001	-2.0100000000000002	-9.59	-0.14	-1.01	-9.32	2.86	-2.08	-5.8	-7.62
11:29:56.233261	-0.11	-9.700000000000001	1.3800000000000001	-2.0100000000000002	-9.59	-0.18	-1.06	-9.26	3.02	-2.17	-5.63	-7.72
11:29:56.243938	-0.09	-9.700000000000001	1.37	-2.0	-9.59	-0.24	-1.12	-9.200000000000001	3.18	-2.2600000000000002	-5.46	-7.82
11:29:56.254012	-0.06	-9.71	1.36	-1.98	-9.59	-0.32	-1.17	-9.14	3.34	-2.36	-5.26	-7.92
11:29:56.264217	-0.05	-9.71	1.35	-1.96	-9.59	-0.42	-1.23	-9.07	3.5100000000000002	-2.46	-5.0600000000000005	-8.02
11:29:56.274296	-0.04	-9.71	1.35	-1.94	-9.59	-0.55	-1.31	-8.98	3.69	-2.52	-4.8500000000000005	-8.14
11:29:56.284371	-0.03	-9.71	1.35	-1.9000000000000001	-9.59	-0.7000000000000001	-1.43	-8.89	3.87	-2.5300000000000002	-4.61	-8.27
11:29:56.294439	-0.01	-9.71	1.34	-1.85	-9.58	-0.86	-1.56	-8.790000000000001	4.04	-2.52	-4.34	-8.42
11:29:56.304507	0.0	-9.71	1.34	-1.8	-9.58	-1.04	-1.69	-8.69	4.2	-2.54	-4.05	-8.55
11:29:56.314592	0.03	-9.71	1.33	-1.73	-9.57	-1.23	-1.8	-8.6	4.34	-2.63	-3.66	-8.700000000000001
11:29:56.324659	0.06	-9.71	1.31	-1.6500000000000001	-9.55	-1.44	-1.86	-8.52	4.47	-2.75	-3.18	-8.85
11:29:56.334740	0.09	-9.71	1.3	-1.56	-9.53	-1.6600000000000001	-1.8900000000000001	-8.44	4.61	-2.84	-2.62	-9.0
11:29:56.344813	0.12	-9.72	1.28	-1.45	-9.51	-1.86	-1.8800000000000001	-8.36	4.75	-3.18	-2.13	-9.02
11:29:56.354890	0.15	-9.72	1.26	-1.34	-9.49	-2.0300000000000002	-1.8800000000000001	-8.27	4.9	-3.5500000000000003	-1.94	-8.93
11:29:56.364965	0.17	-9.72	1.24	-1.25	-9.47	-2.17	-1.9100000000000001	-8.19	5.03	-3.34	-2.04	-8.99
11:29:56.375035	0.19	-9.72	1.22	-1.1500000000000001	-9.46	-2.31	-1.94	-8.11	5.15	-2.7800000000000002	-2.16	-9.15
11:29:56.385123	0.2	-9.72	1.21	-1.06	-9.43	-2.44	-1.97	-8.05	5.23	-2.5	-2.33	-9.18
11:29:56.395199	0.21	-9.73	1.19	-0.98	-9.4	-2.58	-1.98	-8.02	5.2700000000000005	-2.57	-2.44	-9.14
11:29:56.405274	0.22	-9.73	1.18	-0.91	-9.370000000000001	-2.72	-1.98	-8.01	5.28	-2.5300000000000002	-2.49	-9.13
11:29:56.415356	0.23	-9.73	1.17	-0.8300000000000001	-9.33	-2.87	-1.94	-8.03	5.28	-2.2600000000000002	-2.61	-9.17
11:29:56.425433	0.24	-9.73	1.17	-0.75	-9.290000000000001	-3.02	-1.8800000000000001	-8.06	5.25	-1.99	-2.89	-9.15
11:29:56.435503	0.25	-9.73	1.16	-0.68	-9.25	-3.17	-1.79	-8.120000000000001	5.19	-1.85	-3.27	-9.05
11:29:56.445569	0.26	-9.73	1.16	-0.6	-9.21	-3.3000000000000003	-1.7	-8.19	5.1000000000000005	-1.78	-3.6	-8.94
11:29:56.455740	0.27	-9.73	1.17	-0.53	-9.17	-3.42	-1.61	-8.28	4.98	-1.71	-3.84	-8.85
11:29:56.465819	0.28	-9.73	1.17	-0.47000000000000003	-9.13	-3.5300000000000002	-1.55	-8.39	4.82	-1.6300000000000001	-4.0600000000000005	-8.77
11:29:56.475888	0.29	-9.73	1.18	-0.42	-9.09	-3.64	-1.5	-8.51	4.62	-1.57	-4.34	-8.65
11:29:56.485989	0.3	-9.72	1.19	-0.38	-9.040000000000001	-3.75	-1.44	-8.64	4.4	-1.51	-4.65	-8.49
11:29:56.496109	0.3	-9.72	1.2	-0.36	-9.0	-3.87	-1.3800000000000001	-8.77	4.16	-1.44	-4.99	-8.31
11:29:56.506213	0.3	-9.72	1.2	-0.34	-8.950000000000001	-3.98	-1.32	-8.9	3.89	-1.33	-5.33	-8.120000000000001
11:29:56.516291	0.31	-9.72	1.22	-0.33	-8.91	-4.07	-1.28	-9.03	3.59	-1.2	-5.66	-7.91
11:29:56.526357	0.31	-9.72	1.23	-0.32	-8.870000000000001	-4.15	-1.24	-9.16	3.27	-1.08	-5.97	-7.7
11:29:56.536428	0.32	-9.72	1.24	-0.29	-8.84	-4.22	-1.21	-9.28	2.91	-0.97	-6.25	-7.49
11:29:56.546496	0.32	-9.72	1.25	-0.25	-8.82	-4.2700000000000005	-1.18	-9.39	2.54	-0.88	-6.51	-7.2700000000000005
11:29:56.556621	0.34	-9.71	1.25	-0.21	-8.790000000000001	-4.32	-1.16	-9.49	2.15	-0.79	-6.76	-7.05
11:29:56.566749	0.36	-9.71	1.25	-0.16	-8.77	-4.38	-1.1300000000000001	-9.58	1.76	-0.7000000000000001	-7.0200000000000005	-6.8
11:29:56.577409	0.36	-9.71	1.25	-0.11	-8.74	-4.43	-1.09	-9.64	1.36	-0.63	-7.28	-6.53
11:29:56.587484	0.37	-9.71	1.24	-0.05	-8.72	-4.47	-1.05	-9.700000000000001	0.96	-0.59	-7.51	-6.2700000000000005
11:29:56.597979	0.38	-9.72	1.23	0.0	-8.71	-4.5	-1.0	-9.73	0.55	-0.56	-7.74	-5.98
11:29:56.608047	0.4	-9.72	1.22	0.07	-8.700000000000001	-4.5200000000000005	-0.9500000000000001	-9.75	0.15	-0.54	-7.96	-5.69
11:29:56.618181	0.41000000000000003	-9.72	1.21	0.14	-8.69	-4.53	-0.9	-9.76	-0.24	-0.53	-8.16	-5.4
11:29:56.628308	0.42	-9.72	1.2	0.2	-8.69	-4.53	-0.85	-9.74	-0.64	-0.53	-8.36	-5.09
11:29:56.638414	0.42	-9.72	1.19	0.25	-8.68	-4.53	-0.81	-9.71	-1.03	-0.54	-8.55	-4.76
11:29:56.648898	0.42	-9.72	1.17	0.31	-8.69	-4.53	-0.76	-9.67	-1.42	-0.52	-8.72	-4.44
11:29:56.659191	0.42	-9.72	1.16	0.35000000000000003	-8.69	-4.5200000000000005	-0.71	-9.61	-1.8	-0.51	-8.870000000000001	-4.13
11:29:56.669332	0.41000000000000003	-9.73	1.1400000000000001	0.39	-8.700000000000001	-4.5	-0.66	-9.540000000000001	-2.16	-0.5	-9.01	-3.8200000000000003
11:29:56.679669	0.4	-9.73	1.1300000000000001	0.43	-8.71	-4.47	-0.62	-9.46	-2.5	-0.52	-9.23	-3.2600000000000002
11:29:56.690303	0.38	-9.73	1.11	0.45	-8.72	-4.44	-0.58	-9.370000000000001	-2.81	-0.55	-9.31	-3.0
11:29:56.700372	0.37	-9.73	1.1	0.49	-8.76	-4.37	-0.56	-9.28	-3.11	-0.58	-9.39	-2.75
11:29:56.710466	0.36	-9.73	1.09	0.49	-8.78	-4.34	-0.54	-9.19	-3.37	-0.6	-9.450000000000001	-2.5300000000000002
11:29:56.720600	0.34	-9.73	1.08	0.49	-8.78	-4.34	-0.52	-9.1	-3.59	-0.61	-9.5	-2.33
11:29:56.731157	0.33	-9.74	1.08	0.47000000000000003	-8.8	-4.28	-0.51	-8.96	-3.95	-0.62	-9.540000000000001	-2.16
11:29:56.741317	0.31	-9.74	1.07	0.46	-8.81	-4.26	-0.52	-8.9	-4.0600000000000005	-0.64	-9.57	-2.0100000000000002
11:29:56.751734	0.29	-9.74	1.07	0.46	-8.82	-4.24	-0.53	-8.86	-4.14	-0.66	-9.6	-1.8800000000000001
11:29:56.762247	0.27	-9.74	1.07	0.48	-8.83	-4.22	-0.53	-8.84	-4.19	-0.67	-9.61	-1.78
11:29:56.772326	0.25	-9.74	1.07	0.51	-8.83	-4.21	-0.54	-8.84	-4.19	-0.68	-9.620000000000001	-1.73
11:29:56.782396	0.23	-9.74	1.07	0.54	-8.83	-4.21	-0.55	-8.85	-4.17	-0.6900000000000001	-9.620000000000001	-1.72
11:29:56.792507	0.2	-9.74	1.06	0.58	-8.83	-4.21	-0.56	-8.88	-4.1	-0.6900000000000001	-9.620000000000001	-1.75
11:29:56.802573	0.18	-9.74	1.06	0.61	-8.82	-4.22	-0.56	-8.92	-4.01	-0.6900000000000001	-9.61	-1.81
11:29:56.812741	0.16	-9.74	1.05	0.64	-8.82	-4.23	-0.5700000000000001	-8.97	-3.9	-0.6900000000000001	-9.59	-1.8800000000000001
11:29:56.822865	0.15	-9.74	1.05	0.64	-8.81	-4.25	-0.5700000000000001	-9.03	-3.75	-0.67	-9.57	-2.0
11:29:56.833506	0.13	-9.74	1.04	0.63	-8.8	-4.26	-0.58	-9.1	-3.6	-0.63	-9.540000000000001	-2.16
11:29:56.843789	0.13	-9.74	1.04	0.61	-8.8	-4.28	-0.6	-9.17	-3.42	-0.58	-9.49	-2.37
11:29:56.853864	0.12	-9.75	1.04	0.58	-8.790000000000001	-4.29	-0.61	-9.23	-3.23	-0.55	-9.450000000000001	-2.5500000000000003
11:29:56.864326	0.12	-9.75	1.04	0.55	-8.790000000000001	-4.3100000000000005	-0.61	-9.28	-3.09	-0.54	-9.43	-2.61
11:29:56.874768	0.13	-9.75	1.04	0.51	-8.790000000000001	-4.3100000000000005	-0.6	-9.31	-3.0100000000000002	-0.54	-9.48	-2.43
11:29:56.884833	0.13	-9.74	1.04	0.49	-8.8	-4.28	-0.63	-9.32	-2.95	-0.4	-9.49	-2.41
11:29:56.894908	0.12	-9.74	1.05	0.49	-8.82	-4.25	-0.67	-9.35	-2.86	-0.38	-9.43	-2.63
11:29:56.904997	0.11	-9.74	1.06	0.48	-8.83	-4.22	-0.7000000000000001	-9.38	-2.74	-0.54	-9.35	-2.87
11:29:56.915078	0.1	-9.74	1.07	0.48	-8.86	-4.17	-0.71	-9.42	-2.62	-0.73	-9.26	-3.13
11:29:56.925190	0.09	-9.74	1.09	0.47000000000000003	-8.88	-4.11	-0.7000000000000001	-9.450000000000001	-2.5	-0.86	-9.13	-3.46
11:29:56.935255	0.09	-9.74	1.09	0.47000000000000003	-8.9	-4.08	-0.68	-9.48	-2.4	-0.96	-9.01	-3.74
11:29:56.945327	0.09	-9.74	1.1	0.46	-8.91	-4.05	-0.66	-9.5	-2.31	-1.07	-8.93	-3.88
11:29:56.955408	0.08	-9.74	1.11	0.45	-8.93	-4.01	-0.65	-9.53	-2.21	-1.16	-8.88	-3.97
11:29:56.965484	0.08	-9.74	1.12	0.44	-8.96	-3.95	-0.65	-9.55	-2.1	-1.16	-8.88	-3.97
11:29:56.975609	0.07	-9.74	1.1300000000000001	0.44	-8.99	-3.87	-0.65	-9.57	-2.0100000000000002	-1.11	-8.93	-3.88
11:29:56.985681	0.07	-9.73	1.1400000000000001	0.44	-9.03	-3.77	-0.65	-9.59	-1.92	-1.08	-8.97	-3.81
11:29:56.995954	0.08	-9.73	1.16	0.46	-9.08	-3.66	-0.64	-9.61	-1.84	-1.08	-8.97	-3.81
11:29:57.006041	0.09	-9.73	1.17	0.47000000000000003	-9.120000000000001	-3.54	-0.64	-9.61	-1.84	-1.06	-8.89	-3.99
11:29:57.016929	0.11	-9.73	1.17	0.48	-9.17	-3.42	-0.5700000000000001	-9.63	-1.71	-1.06	-8.83	-4.11
11:29:57.027023	0.13	-9.73	1.18	0.46	-9.21	-3.31	-0.54	-9.65	-1.6500000000000001	-1.11	-8.78	-4.22
11:29:57.037091	0.15	-9.73	1.19	0.42	-9.25	-3.21	-0.52	-9.66	-1.58	-1.1400000000000001	-8.75	-4.26
11:29:57.047539	0.17	-9.73	1.2	0.36	-9.28	-3.14	-0.51	-9.67	-1.52	-1.1400000000000001	-8.75	-4.26
11:29:57.058298	0.18	-9.72	1.21	0.28	-9.3	-3.08	-0.5	-9.68	-1.46	-1.1300000000000001	-8.77	-4.23
11:29:57.068492	0.19	-9.72	1.22	0.21	-9.32	-3.0300000000000002	-0.49	-9.69	-1.4000000000000001	-1.1400000000000001	-8.76	-4.25
11:29:57.079114	0.2	-9.72	1.24	0.14	-9.33	-2.99	-0.48	-9.700000000000001	-1.34	-1.19	-8.69	-4.37
11:29:57.089676	0.2	-9.72	1.25	0.08	-9.35	-2.93	-0.48	-9.71	-1.22	-1.19	-8.69	-4.37
11:29:57.099796	0.2	-9.72	1.26	0.03	-9.38	-2.85	-0.48	-9.71	-1.22	-1.22	-8.67	-4.4
11:29:57.109989	0.2	-9.72	1.26	0.0	-9.4	-2.7600000000000002	-0.46	-9.73	-1.1	-1.23	-8.66	-4.42
11:29:57.120183	0.19	-9.72	1.27	-0.02	-9.43	-2.66	-0.45	-9.73	-1.04	-1.21	-8.65	-4.44
11:29:57.130690	0.18	-9.72	1.27	-0.05	-9.46	-2.56	-0.44	-9.74	-0.99	-1.18	-8.620000000000001	-4.5
11:29:57.140813	0.17	-9.72	1.27	-0.1	-9.51	-2.37	-0.43	-9.75	-0.9400000000000001	-1.16	-8.58	-4.58
11:29:57.151088	0.17	-9.72	1.27	-0.12	-9.53	-2.2800000000000002	-0.43	-9.75	-0.88	-1.16	-8.540000000000001	-4.66
11:29:57.161705	0.17	-9.72	1.27	-0.13	-9.55	-2.19	-0.43	-9.76	-0.8300000000000001	-1.18	-8.51	-4.72
11:29:57.171783	0.17	-9.72	1.27	-0.15	-9.57	-2.1	-0.44	-9.76	-0.77	-1.18	-8.51	-4.72
11:29:57.182453	0.18	-9.72	1.27	-0.17	-9.59	-2.0100000000000002	-0.45	-9.77	-0.71	-1.18	-8.47	-4.78
11:29:57.192533	0.18	-9.72	1.27	-0.19	-9.61	-1.92	-0.46	-9.77	-0.65	-1.17	-8.46	-4.8
11:29:57.202605	0.19	-9.72	1.26	-0.22	-9.620000000000001	-1.84	-0.46	-9.77	-0.59	-1.16	-8.45	-4.83
11:29:57.212719	0.2	-9.72	1.26	-0.25	-9.64	-1.77	-0.47000000000000003	-9.78	-0.53	-1.1500000000000001	-8.43	-4.87
11:29:57.222813	0.21	-9.72	1.25	-0.28	-9.65	-1.71	-0.47000000000000003	-9.78	-0.46	-1.1400000000000001	-8.4	-4.91
11:29:57.233096	0.22	-9.72	1.24	-0.32	-9.66	-1.6500000000000001	-0.48	-9.78	-0.4	-1.1500000000000001	-8.370000000000001	-4.97
11:29:57.243567	0.22	-9.72	1.24	-0.36	-9.66	-1.59	-0.49	-9.78	-0.34	-1.1500000000000001	-8.370000000000001	-4.97
11:29:57.253820	0.23	-9.72	1.23	-0.4	-9.67	-1.53	-0.49	-9.78	-0.28	-1.1400000000000001	-8.31	-5.07
11:29:57.263894	0.23	-9.72	1.23	-0.44	-9.68	-1.47	-0.5	-9.790000000000001	-0.21	-1.1300000000000001	-8.28	-5.12
11:29:57.273971	0.23	-9.72	1.22	-0.48	-9.69	-1.4000000000000001	-0.5	-9.790000000000001	-0.15	-1.12	-8.25	-5.16
11:29:57.284614	0.24	-9.72	1.22	-0.52	-9.700000000000001	-1.33	-0.51	-9.790000000000001	-0.09	-1.12	-8.25	-5.16
11:29:57.294746	0.25	-9.72	1.22	-0.55	-9.700000000000001	-1.26	-0.51	-9.790000000000001	-0.03	-1.12	-8.25	-5.16
11:29:57.304872	0.25	-9.72	1.23	-0.59	-9.71	-1.19	-0.51	-9.790000000000001	0.03	-1.12	-8.19	-5.26
11:29:57.315517	0.26	-9.72	1.23	-0.63	-9.71	-1.1300000000000001	-0.51	-9.790000000000001	0.1	-1.1	-8.13	-5.36
11:29:57.325594	0.26	-9.72	1.24	-0.68	-9.72	-1.08	-0.52	-9.790000000000001	0.16	-1.09	-8.1	-5.4
11:29:57.335659	0.26	-9.72	1.21	-0.72	-9.72	-1.03	-0.51	-9.790000000000001	0.23	-1.1	-8.07	-5.46
11:29:57.345730	0.25	-9.73	1.18	-0.76	-9.72	-0.98	-0.51	-9.78	0.3	-1.09	-8.02	-5.5200000000000005
11:29:57.355804	0.25	-9.72	1.2	-0.8	-9.72	-0.93	-0.51	-9.78	0.37	-1.09	-8.0	-5.5600000000000005
11:29:57.365879	0.25	-9.72	1.21	-0.85	-9.72	-0.88	-0.51	-9.78	0.44	-1.09	-7.96	-5.61
11:29:57.375989	0.25	-9.72	1.23	-0.89	-9.72	-0.84	-0.51	-9.77	0.52	-1.08	-7.92	-5.66
11:29:57.386053	0.24	-9.72	1.25	-0.93	-9.72	-0.79	-0.51	-9.77	0.6	-1.07	-7.88	-5.72
11:29:57.396125	0.23	-9.72	1.27	-0.97	-9.72	-0.74	-0.51	-9.76	0.68	-1.06	-7.86	-5.75
11:29:57.406247	0.23	-9.71	1.28	-1.01	-9.72	-0.6900000000000001	-0.51	-9.76	0.76	-1.06	-7.86	-5.75
11:29:57.416323	0.21	-9.71	1.3	-1.05	-9.72	-0.64	-0.51	-9.75	0.84	-1.05	-7.79	-5.8500000000000005
11:29:57.426406	0.2	-9.71	1.31	-1.1	-9.72	-0.59	-0.51	-9.74	0.93	-1.04	-7.75	-5.91
11:29:57.436475	0.19	-9.71	1.33	-1.1500000000000001	-9.72	-0.55	-0.51	-9.74	1.01	-1.07	-7.72	-5.94
11:29:57.446596	0.17	-9.71	1.34	-1.2	-9.71	-0.5	-0.51	-9.73	1.09	-1.17	-7.67	-5.98
11:29:57.456704	0.16	-9.71	1.36	-1.25	-9.71	-0.46	-0.52	-9.72	1.17	-1.18	-7.62	-6.05
11:29:57.466833	0.14	-9.700000000000001	1.37	-1.3	-9.700000000000001	-0.42	-0.53	-9.71	1.25	-1.21	-7.57	-6.11
11:29:57.476940	0.13	-9.700000000000001	1.3800000000000001	-1.36	-9.700000000000001	-0.38	-0.55	-9.69	1.33	-1.22	-7.5	-6.19
11:29:57.487001	0.11	-9.700000000000001	1.4000000000000001	-1.41	-9.69	-0.34	-0.5700000000000001	-9.68	1.41	-1.24	-7.43	-6.2700000000000005
11:29:57.497106	0.1	-9.700000000000001	1.41	-1.46	-9.69	-0.3	-0.59	-9.67	1.5	-1.28	-7.37	-6.34
11:29:57.507179	0.1	-9.700000000000001	1.42	-1.52	-9.68	-0.27	-0.62	-9.65	1.58	-1.28	-7.37	-6.34
11:29:57.517820	0.09	-9.700000000000001	1.43	-1.58	-9.67	-0.25	-0.64	-9.64	1.67	-1.36	-7.22	-6.49
11:29:57.527921	0.09	-9.69	1.44	-1.6300000000000001	-9.66	-0.23	-0.67	-9.620000000000001	1.77	-1.36	-7.22	-6.49
11:29:57.538011	0.09	-9.69	1.45	-1.69	-9.65	-0.22	-0.7000000000000001	-9.59	1.87	-1.46	-7.05	-6.65
11:29:57.548131	0.09	-9.69	1.46	-1.74	-9.64	-0.21	-0.74	-9.57	1.97	-1.46	-7.05	-6.65
11:29:57.558835	0.09	-9.69	1.47	-1.79	-9.63	-0.21	-0.77	-9.55	2.07	-1.56	-6.86	-6.82
11:29:57.569020	0.09	-9.69	1.48	-1.84	-9.620000000000001	-0.2	-0.81	-9.52	2.19	-1.61	-6.75	-6.92
11:29:57.579161	0.08	-9.69	1.48	-1.8900000000000001	-9.620000000000001	-0.2	-0.85	-9.49	2.3000000000000003	-1.7	-6.55	-7.09
11:29:57.589651	0.08	-9.69	1.49	-1.93	-9.61	-0.19	-0.9400000000000001	-9.42	2.54	-1.7	-6.55	-7.09
11:29:57.600093	0.07	-9.69	1.49	-1.98	-9.6	-0.19	-0.9400000000000001	-9.42	2.54	-1.79	-6.3100000000000005	-7.2700000000000005
11:29:57.610197	0.06	-9.69	1.48	-2.05	-9.58	-0.18	-1.04	-9.33	2.79	-1.79	-6.3100000000000005	-7.2700000000000005
11:29:57.620874	0.04	-9.69	1.47	-2.08	-9.58	-0.19	-1.09	-9.290000000000001	2.93	-1.79	-6.3100000000000005	-7.2700000000000005
11:29:57.631118	0.02	-9.69	1.45	-2.09	-9.57	-0.2	-1.1300000000000001	-9.24	3.0700000000000003	-1.79	-6.3100000000000005	-7.2700000000000005
11:29:57.641643	0.01	-9.700000000000001	1.43	-2.1	-9.57	-0.22	-1.17	-9.18	3.23	-1.79	-6.3100000000000005	-7.2700000000000005
11:29:57.652116	0.0	-9.700000000000001	1.41	-2.11	-9.57	-0.25	-1.22	-9.120000000000001	3.38	-1.99	-5.93	-7.55
11:29:57.662250	0.0	-9.700000000000001	1.3900000000000001	-2.1	-9.57	-0.29	-1.27	-9.05	3.54	-2.22	-5.43	-7.8500000000000005
11:29:57.672708	0.02	-9.700000000000001	1.3800000000000001	-2.09	-9.57	-0.35000000000000003	-1.32	-8.98	3.71	-2.32	-5.24	-7.95
11:29:57.682837	0.03	-9.71	1.36	-2.08	-9.57	-0.43	-1.3800000000000001	-8.89	3.87	-2.42	-5.04	-8.05
11:29:57.693610	0.05	-9.71	1.35	-2.05	-9.57	-0.52	-1.47	-8.8	4.05	-2.45	-4.84	-8.16
11:29:57.703704	0.07	-9.71	1.34	-2.02	-9.57	-0.64	-1.6	-8.700000000000001	4.22	-2.44	-4.6000000000000005	-8.3
11:29:57.713772	0.08	-9.71	1.34	-1.99	-9.56	-0.78	-1.75	-8.59	4.38	-2.44	-4.34	-8.44
11:29:57.723851	0.09	-9.71	1.34	-1.95	-9.56	-0.9400000000000001	-1.87	-8.49	4.5200000000000005	-2.5100000000000002	-4.04	-8.57
11:29:57.734141	0.1	-9.71	1.33	-1.9100000000000001	-9.55	-1.12	-1.97	-8.4	4.65	-2.62	-3.63	-8.72
11:29:57.744240	0.13	-9.71	1.33	-1.86	-9.53	-1.31	-2.0300000000000002	-8.3	4.79	-2.74	-3.15	-8.86
11:29:57.754374	0.14	-9.71	1.32	-1.79	-9.51	-1.53	-2.06	-8.21	4.93	-2.83	-2.59	-9.02
11:29:57.764495	0.15	-9.71	1.31	-1.7	-9.49	-1.76	-2.09	-8.13	5.05	-3.08	-2.07	-9.07
11:29:57.775106	0.16	-9.71	1.29	-1.6	-9.47	-1.97	-2.12	-8.05	5.17	-3.49	-1.74	-8.99
11:29:57.785268	0.17	-9.72	1.28	-1.49	-9.450000000000001	-2.14	-2.15	-7.96	5.29	-3.69	-1.71	-8.92
11:29:57.795333	0.18	-9.72	1.26	-1.3800000000000001	-9.43	-2.29	-2.18	-7.87	5.41	-3.69	-1.71	-8.92
11:29:57.805408	0.18	-9.72	1.25	-1.28	-9.41	-2.42	-2.22	-7.8	5.5	-2.99	-1.96	-9.120000000000001
11:29:57.815486	0.18	-9.72	1.24	-1.19	-9.39	-2.54	-2.24	-7.75	5.5600000000000005	-2.8000000000000003	-2.21	-9.13
11:29:57.825579	0.18	-9.72	1.23	-1.11	-9.370000000000001	-2.66	-2.24	-7.73	5.59	-2.83	-2.37	-9.08
11:29:57.835659	0.18	-9.72	1.22	-1.03	-9.34	-2.7800000000000002	-2.21	-7.73	5.6000000000000005	-2.79	-2.48	-9.06
11:29:57.845725	0.18	-9.72	1.22	-0.9500000000000001	-9.3	-2.93	-2.14	-7.76	5.59	-2.5300000000000002	-2.67	-9.08
11:29:57.855795	0.18	-9.72	1.22	-0.88	-9.26	-3.0700000000000003	-2.06	-7.8	5.5600000000000005	-2.22	-3.0100000000000002	-9.06
11:29:57.865865	0.18	-9.72	1.22	-0.8	-9.22	-3.23	-1.96	-7.87	5.5	-2.05	-3.43	-8.950000000000001
11:29:57.875938	0.19	-9.72	1.23	-0.73	-9.17	-3.37	-1.85	-7.96	5.41	-2.0100000000000002	-3.79	-8.81
11:29:57.886019	0.19	-9.72	1.23	-0.67	-9.13	-3.5100000000000002	-1.76	-8.06	5.29	-1.94	-4.01	-8.73
11:29:57.896090	0.2	-9.72	1.24	-0.61	-9.08	-3.63	-1.69	-8.18	5.13	-1.94	-4.01	-8.73
11:29:57.906168	0.2	-9.72	1.25	-0.56	-9.040000000000001	-3.75	-1.6300000000000001	-8.31	4.93	-1.7	-4.46	-8.56
11:29:57.916239	0.21	-9.72	1.26	-0.52	-8.99	-3.86	-1.58	-8.44	4.72	-1.62	-4.7700000000000005	-8.41
11:29:57.926312	0.21	-9.72	1.26	-0.48	-8.950000000000001	-3.97	-1.53	-8.58	4.47	-1.51	-5.1000000000000005	-8.23
11:29:57.936392	0.21	-9.72	1.27	-0.45	-8.9	-4.08	-1.5	-8.73	4.19	-1.3800000000000001	-5.42	-8.040000000000001
11:29:57.946905	0.22	-9.71	1.28	-0.42	-8.85	-4.18	-1.48	-8.88	3.88	-1.24	-5.73	-7.86
11:29:57.956984	0.22	-9.71	1.29	-0.4	-8.81	-4.2700000000000005	-1.47	-9.02	3.54	-1.11	-6.0200000000000005	-7.65
11:29:57.967110	0.23	-9.71	1.3	-0.37	-8.77	-4.3500000000000005	-1.45	-9.16	3.18	-0.99	-6.29	-7.45
11:29:57.977778	0.23	-9.71	1.3	-0.34	-8.74	-4.42	-1.44	-9.28	2.79	-0.87	-6.54	-7.25
11:29:57.987969	0.24	-9.71	1.31	-0.29	-8.71	-4.47	-1.41	-9.4	2.39	-0.77	-6.8	-7.01
11:29:57.998067	0.26	-9.71	1.31	-0.24	-8.69	-4.53	-1.36	-9.5	1.99	-0.77	-6.8	-7.01
11:29:58.008160	0.27	-9.71	1.31	-0.18	-8.66	-4.58	-1.31	-9.58	1.59	-0.61	-7.34	-6.47
11:29:58.018234	0.28	-9.71	1.31	-0.12	-8.64	-4.62	-1.25	-9.65	1.18	-0.56	-7.58	-6.18
11:29:58.028337	0.29	-9.71	1.3	-0.05	-8.620000000000001	-4.66	-1.19	-9.700000000000001	0.78	-0.53	-7.8100000000000005	-5.89
11:29:58.038945	0.3	-9.71	1.3	0.02	-8.61	-4.68	-1.12	-9.73	0.36	-0.52	-8.02	-5.6000000000000005
11:29:58.049101	0.3	-9.71	1.29	0.1	-8.6	-4.69	-1.06	-9.74	-0.04	-0.5	-8.42	-4.98
11:29:58.059230	0.3	-9.71	1.28	0.16	-8.6	-4.69	-1.0	-9.74	-0.46	-0.49	-8.61	-4.66
11:29:58.069865	0.29	-9.71	1.26	0.22	-8.6	-4.69	-0.93	-9.72	-0.86	-0.48	-8.78	-4.33
11:29:58.080002	0.28	-9.72	1.25	0.27	-8.6	-4.69	-0.86	-9.68	-1.26	-0.46	-8.93	-4.01
11:29:58.090132	0.27	-9.72	1.24	0.31	-8.61	-4.68	-0.74	-9.56	-2.02	-0.45	-9.07	-3.69
11:29:58.100222	0.26	-9.72	1.23	0.35000000000000003	-8.620000000000001	-4.65	-0.6900000000000001	-9.48	-2.37	-0.45	-9.19	-3.38
11:29:58.110346	0.24	-9.72	1.22	0.38	-8.64	-4.62	-0.65	-9.4	-2.7	-0.46	-9.290000000000001	-3.09
11:29:58.120977	0.23	-9.72	1.21	0.42	-8.66	-4.57	-0.62	-9.31	-3.0100000000000002	-0.48	-9.370000000000001	-2.82
11:29:58.131130	0.22	-9.73	1.2	0.47000000000000003	-8.71	-4.47	-0.6	-9.21	-3.2800000000000002	-0.5	-9.450000000000001	-2.57
11:29:58.141272	0.2	-9.73	1.19	0.48	-8.73	-4.43	-0.59	-9.120000000000001	-3.5300000000000002	-0.52	-9.5	-2.33
11:29:58.151392	0.19	-9.73	1.18	0.47000000000000003	-8.75	-4.38	-0.59	-9.040000000000001	-3.74	-0.54	-9.55	-2.12
11:29:58.162079	0.17	-9.73	1.18	0.47000000000000003	-8.77	-4.3500000000000005	-0.59	-8.96	-3.92	-0.56	-9.59	-1.93
11:29:58.172199	0.16	-9.73	1.17	0.46	-8.790000000000001	-4.3100000000000005	-0.61	-8.9	-4.05	-0.59	-9.620000000000001	-1.78
11:29:58.182272	0.14	-9.73	1.16	0.46	-8.8	-4.28	-0.62	-8.85	-4.16	-0.59	-9.620000000000001	-1.78
11:29:58.192351	0.12	-9.73	1.1500000000000001	0.46	-8.81	-4.26	-0.62	-8.82	-4.23	-0.64	-9.65	-1.58
11:29:58.203087	0.1	-9.73	1.1400000000000001	0.48	-8.82	-4.24	-0.62	-8.8	-4.26	-0.65	-9.66	-1.54
11:29:58.213178	0.07	-9.74	1.1300000000000001	0.5	-8.83	-4.22	-0.61	-8.81	-4.26	-0.67	-9.66	-1.54
11:29:58.223775	0.05	-9.74	1.12	0.52	-8.83	-4.21	-0.6	-8.82	-4.22	-0.67	-9.66	-1.54
11:29:58.233912	0.04	-9.74	1.12	0.53	-8.83	-4.21	-0.6	-8.85	-4.16	-0.6900000000000001	-9.64	-1.6500000000000001
11:29:58.243996	0.02	-9.74	1.11	0.54	-8.83	-4.21	-0.59	-8.89	-4.07	-0.6900000000000001	-9.620000000000001	-1.74
11:29:58.254068	0.02	-9.74	1.1	0.54	-8.82	-4.23	-0.6	-8.950000000000001	-3.95	-0.68	-9.6	-1.84
11:29:58.264138	0.02	-9.74	1.1	0.53	-8.82	-4.24	-0.6	-9.01	-3.8200000000000003	-0.65	-9.58	-1.94
11:29:58.274221	0.02	-9.74	1.09	0.52	-8.81	-4.25	-0.62	-9.07	-3.66	-0.6	-9.540000000000001	-2.15
11:29:58.284289	0.03	-9.74	1.08	0.51	-8.81	-4.26	-0.64	-9.13	-3.49	-0.6	-9.540000000000001	-2.15
11:29:58.294364	0.03	-9.74	1.08	0.49	-8.81	-4.2700000000000005	-0.67	-9.200000000000001	-3.31	-0.6	-9.540000000000001	-2.15
11:29:58.304436	0.03	-9.74	1.08	0.46	-8.81	-4.2700000000000005	-0.68	-9.25	-3.15	-0.59	-9.47	-2.44
11:29:58.314605	0.03	-9.74	1.08	0.44	-8.82	-4.26	-0.68	-9.290000000000001	-3.04	-0.59	-9.53	-2.21
11:29:58.325249	0.01	-9.74	1.08	0.42	-8.85	-4.19	-0.68	-9.31	-3.0	-0.59	-9.53	-2.21
11:29:58.335347	0.0	-9.74	1.1	0.4	-8.88	-4.12	-0.71	-9.31	-2.96	-0.44	-9.48	-2.46
11:29:58.345424	-0.01	-9.74	1.11	0.36	-8.91	-4.0600000000000005	-0.74	-9.34	-2.88	-0.58	-9.39	-2.7600000000000002
11:29:58.355493	-0.03	-9.74	1.1300000000000001	0.33	-8.94	-4.01	-0.76	-9.38	-2.74	-0.74	-9.28	-3.06
11:29:58.365561	-0.03	-9.73	1.1400000000000001	0.32	-8.950000000000001	-3.97	-0.76	-9.41	-2.61	-0.74	-9.28	-3.06
11:29:58.375650	-0.04	-9.73	1.1500000000000001	0.33	-8.950000000000001	-3.97	-0.74	-9.450000000000001	-2.5	-0.84	-9.16	-3.39
11:29:58.385726	-0.04	-9.73	1.16	0.33	-8.96	-3.96	-0.72	-9.47	-2.4	-0.84	-9.16	-3.39
11:29:58.396206	-0.04	-9.73	1.17	0.35000000000000003	-8.97	-3.92	-0.71	-9.5	-2.3000000000000003	-1.1	-8.93	-3.88
11:29:58.406269	-0.04	-9.73	1.19	0.35000000000000003	-9.0	-3.86	-0.7000000000000001	-9.52	-2.2	-1.12	-8.93	-3.87
11:29:58.416342	-0.04	-9.73	1.2	0.34	-9.03	-3.8000000000000003	-0.71	-9.55	-2.09	-1.1300000000000001	-8.96	-3.81
11:29:58.426414	-0.03	-9.73	1.22	0.34	-9.06	-3.72	-0.72	-9.57	-1.97	-1.1300000000000001	-8.96	-3.81
11:29:58.436488	-0.02	-9.72	1.23	0.34	-9.09	-3.64	-0.71	-9.59	-1.87	-1.1300000000000001	-8.92	-3.89
11:29:58.446607	0.0	-9.72	1.25	0.35000000000000003	-9.13	-3.54	-0.6900000000000001	-9.61	-1.78	-1.1400000000000001	-8.870000000000001	-4.01
11:29:58.456691	0.01	-9.72	1.27	0.35000000000000003	-9.17	-3.43	-0.67	-9.63	-1.69	-1.17	-8.81	-4.12
11:29:58.466766	0.04	-9.72	1.29	0.34	-9.21	-3.3200000000000003	-0.64	-9.65	-1.61	-1.17	-8.81	-4.12
11:29:58.476839	0.06	-9.71	1.3	0.31	-9.25	-3.23	-0.61	-9.66	-1.53	-1.17	-8.81	-4.12
11:29:58.486914	0.07	-9.71	1.32	0.26	-9.27	-3.16	-0.6	-9.67	-1.45	-1.17	-8.81	-4.12
11:29:58.497037	0.09	-9.71	1.33	0.2	-9.290000000000001	-3.1	-0.58	-9.69	-1.37	-1.17	-8.81	-4.12
11:29:58.507103	0.09	-9.71	1.34	0.13	-9.31	-3.06	-0.56	-9.700000000000001	-1.29	-1.16	-8.71	-4.3500000000000005
11:29:58.517177	0.09	-9.71	1.35	0.07	-9.32	-3.0300000000000002	-0.55	-9.71	-1.22	-1.16	-8.71	-4.3500000000000005
11:29:58.527243	0.09	-9.71	1.36	0.02	-9.33	-3.0	-0.54	-9.72	-1.1400000000000001	-1.19	-8.620000000000001	-4.51
11:29:58.537374	0.09	-9.71	1.37	-0.01	-9.35	-2.93	-0.54	-9.73	-1.06	-1.19	-8.620000000000001	-4.51
11:29:58.547641	0.08	-9.700000000000001	1.37	-0.04	-9.38	-2.85	-0.54	-9.74	-0.99	-1.19	-8.620000000000001	-4.51
11:29:58.557712	0.07	-9.700000000000001	1.37	-0.06	-9.4	-2.7600000000000002	-0.54	-9.74	-0.92	-1.19	-8.620000000000001	-4.51
11:29:58.567799	0.06	-9.71	1.37	-0.08	-9.43	-2.66	-0.54	-9.75	-0.84	-1.23	-8.56	-4.62
11:29:58.578084	0.05	-9.71	1.36	-0.1	-9.46	-2.57	-0.53	-9.76	-0.77	-1.23	-8.56	-4.62
11:29:58.588580	0.05	-9.71	1.36	-0.12	-9.48	-2.49	-0.53	-9.76	-0.7000000000000001	-1.21	-8.53	-4.68
11:29:58.599241	0.05	-9.71	1.36	-0.13	-9.5	-2.41	-0.53	-9.77	-0.64	-1.19	-8.49	-4.74
11:29:58.610043	0.05	-9.71	1.35	-0.15	-9.52	-2.33	-0.54	-9.77	-0.5700000000000001	-1.2	-8.42	-4.87
11:29:58.620616	0.06	-9.71	1.34	-0.16	-9.540000000000001	-2.2600000000000002	-0.56	-9.78	-0.44	-1.21	-8.370000000000001	-4.96
11:29:58.631185	0.07	-9.71	1.34	-0.18	-9.57	-2.1	-0.5700000000000001	-9.78	-0.38	-1.21	-8.370000000000001	-4.96
11:29:58.641275	0.08	-9.71	1.33	-0.18	-9.57	-2.1	-0.58	-9.78	-0.31	-1.1400000000000001	-8.39	-4.94
11:29:58.651707	0.09	-9.71	1.32	-0.2	-9.59	-2.02	-0.58	-9.78	-0.24	-1.05	-8.39	-4.94
11:29:58.661819	0.1	-9.71	1.31	-0.26	-9.620000000000001	-1.8800000000000001	-0.59	-9.78	-0.18	-1.03	-8.370000000000001	-4.99
11:29:58.672497	0.1	-9.71	1.3	-0.29	-9.63	-1.81	-0.59	-9.78	-0.12	-1.02	-8.34	-5.05
11:29:58.682564	0.11	-9.72	1.25	-0.33	-9.64	-1.75	-0.59	-9.78	-0.05	-1.01	-8.31	-5.1000000000000005
11:29:58.692671	0.11	-9.72	1.24	-0.37	-9.65	-1.68	-0.6	-9.78	0.0	-1.0	-8.28	-5.14
11:29:58.702837	0.12	-9.72	1.23	-0.42	-9.66	-1.62	-0.6	-9.78	0.06	-1.0	-8.25	-5.19
11:29:58.712905	0.12	-9.72	1.23	-0.46	-9.67	-1.56	-0.6	-9.78	0.11	-1.0	-8.25	-5.19
11:29:58.723512	0.12	-9.72	1.22	-0.51	-9.67	-1.49	-0.61	-9.78	0.17	-1.0	-8.22	-5.24
11:29:58.733604	0.13	-9.72	1.22	-0.55	-9.68	-1.43	-0.61	-9.78	0.23	-1.0	-8.16	-5.33
11:29:58.743695	0.13	-9.72	1.22	-0.6	-9.69	-1.37	-0.61	-9.78	0.28	-1.0	-8.14	-5.36
11:29:58.753828	0.14	-9.72	1.23	-0.64	-9.69	-1.3	-0.6	-9.78	0.34	-0.98	-8.11	-5.41
11:29:58.763910	0.15	-9.72	1.24	-0.6900000000000001	-9.700000000000001	-1.24	-0.6	-9.77	0.4	-0.98	-8.11	-5.41
11:29:58.773985	0.15	-9.73	1.21	-0.74	-9.700000000000001	-1.17	-0.61	-9.77	0.45	-0.96	-8.07	-5.47
11:29:58.784058	0.15	-9.73	1.18	-0.79	-9.71	-1.1	-0.6	-9.77	0.5	-0.96	-8.07	-5.47
11:29:58.794128	0.16	-9.73	1.19	-0.84	-9.71	-1.04	-0.6	-9.77	0.56	-0.96	-8.07	-5.47
11:29:58.804698	0.17	-9.73	1.2	-0.9	-9.71	-0.97	-0.61	-9.76	0.62	-0.9400000000000001	-7.99	-5.59
11:29:58.814803	0.17	-9.72	1.22	-0.96	-9.71	-0.91	-0.61	-9.76	0.67	-0.9400000000000001	-7.99	-5.59
11:29:58.824870	0.17	-9.72	1.23	-1.02	-9.71	-0.84	-0.58	-9.75	0.76	-0.92	-7.94	-5.66
11:29:58.834979	0.17	-9.72	1.27	-1.08	-9.71	-0.79	-0.55	-9.75	0.84	-0.92	-7.94	-5.66
11:29:58.845086	0.17	-9.72	1.27	-1.1400000000000001	-9.71	-0.73	-0.53	-9.74	0.92	-0.9	-7.890000000000001	-5.74
11:29:58.855204	0.16	-9.71	1.3	-1.2	-9.700000000000001	-0.67	-0.53	-9.74	0.97	-0.91	-7.87	-5.7700000000000005
11:29:58.865314	0.15	-9.71	1.31	-1.26	-9.700000000000001	-0.61	-0.54	-9.73	1.04	-0.91	-7.87	-5.7700000000000005
11:29:58.875944	0.14	-9.71	1.33	-1.32	-9.700000000000001	-0.55	-0.54	-9.72	1.1	-1.03	-7.78	-5.87
11:29:58.886012	0.12	-9.71	1.34	-1.3800000000000001	-9.69	-0.5	-0.55	-9.72	1.16	-1.04	-7.74	-5.92
11:29:58.896091	0.11	-9.71	1.36	-1.44	-9.68	-0.44	-0.5700000000000001	-9.71	1.23	-1.06	-7.69	-5.98
11:29:58.906167	0.1	-9.700000000000001	1.37	-1.49	-9.68	-0.39	-0.58	-9.700000000000001	1.29	-1.06	-7.69	-5.98
11:29:58.916284	0.08	-9.700000000000001	1.3900000000000001	-1.54	-9.67	-0.34	-0.6	-9.69	1.37	-1.07	-7.5600000000000005	-6.140000000000001
11:29:58.926358	0.08	-9.700000000000001	1.3900000000000001	-1.6	-9.67	-0.3	-0.63	-9.67	1.44	-1.07	-7.5600000000000005	-6.140000000000001
11:29:58.936917	0.05	-9.700000000000001	1.42	-1.6500000000000001	-9.66	-0.26	-0.65	-9.66	1.52	-1.07	-7.5600000000000005	-6.140000000000001
11:29:58.946994	0.04	-9.700000000000001	1.43	-1.7	-9.65	-0.24	-0.68	-9.64	1.6	-1.07	-7.5600000000000005	-6.140000000000001
11:29:58.957116	0.04	-9.69	1.44	-1.76	-9.64	-0.22	-0.71	-9.63	1.7	-1.2	-7.28	-6.45
11:29:58.967180	0.04	-9.69	1.45	-1.81	-9.63	-0.22	-0.75	-9.61	1.8	-1.2	-7.28	-6.45
11:29:58.977256	0.05	-9.69	1.46	-1.86	-9.620000000000001	-0.22	-0.78	-9.58	1.9000000000000001	-1.26	-7.2	-6.5200000000000005
11:29:58.987348	0.05	-9.69	1.47	-1.9100000000000001	-9.61	-0.23	-0.8200000000000001	-9.56	2.0100000000000002	-1.26	-7.2	-6.5200000000000005
11:29:58.997420	0.06	-9.69	1.48	-1.95	-9.6	-0.23	-0.86	-9.53	2.12	-1.4000000000000001	-6.92	-6.79
11:29:59.007498	0.06	-9.69	1.49	-1.99	-9.59	-0.24	-0.91	-9.5	2.24	-1.45	-6.83	-6.88
11:29:59.017622	0.06	-9.69	1.49	-2.0300000000000002	-9.58	-0.23	-0.9500000000000001	-9.46	2.36	-1.5	-6.72	-6.97
11:29:59.027688	0.05	-9.69	1.49	-2.07	-9.58	-0.23	-1.0	-9.43	2.49	-1.5	-6.72	-6.97
11:29:59.037765	0.04	-9.69	1.49	-2.1	-9.57	-0.24	-1.06	-9.38	2.62	-1.58	-6.48	-7.18
11:29:59.048331	0.02	-9.69	1.49	-2.13	-9.56	-0.25	-1.12	-9.34	2.75	-1.6400000000000001	-6.36	-7.2700000000000005
11:29:59.058464	0.0	-9.69	1.47	-2.14	-9.56	-0.27	-1.17	-9.290000000000001	2.89	-1.75	-6.24	-7.3500000000000005
11:29:59.068648	-0.01	-9.69	1.45	-2.15	-9.56	-0.29	-1.21	-9.24	3.04	-1.8	-6.08	-7.47
11:29:59.078782	-0.02	-9.700000000000001	1.44	-2.15	-9.56	-0.33	-1.26	-9.17	3.2	-1.84	-5.92	-7.59
11:29:59.088932	-0.02	-9.700000000000001	1.42	-2.14	-9.56	-0.39	-1.31	-9.11	3.37	-1.9100000000000001	-5.75	-7.7
11:29:59.099035	-0.01	-9.700000000000001	1.41	-2.13	-9.56	-0.46	-1.41	-8.96	3.71	-2.08	-5.36	-7.930000000000001
11:29:59.109774	0.0	-9.700000000000001	1.4000000000000001	-2.1	-9.56	-0.54	-1.48	-8.870000000000001	3.89	-2.16	-5.15	-8.05
11:29:59.119849	0.02	-9.700000000000001	1.3900000000000001	-2.07	-9.56	-0.65	-1.57	-8.77	4.07	-2.18	-4.94	-8.18
11:29:59.129965	0.04	-9.700000000000001	1.3800000000000001	-2.0300000000000002	-9.56	-0.77	-1.71	-8.66	4.25	-2.13	-4.71	-8.32
11:29:59.140343	0.06	-9.71	1.37	-1.99	-9.55	-0.91	-1.87	-8.55	4.4	-2.1	-4.44	-8.48
11:29:59.150422	0.07	-9.71	1.36	-1.94	-9.55	-1.08	-2.02	-8.45	4.54	-2.15	-4.11	-8.63
11:29:59.160529	0.09	-9.71	1.35	-1.83	-9.52	-1.46	-2.12	-8.35	4.67	-2.24	-3.68	-8.8
11:29:59.170667	0.1	-9.71	1.35	-1.75	-9.5	-1.68	-2.18	-8.25	4.8100000000000005	-2.34	-3.17	-8.97
11:29:59.181323	0.12	-9.71	1.35	-1.6400000000000001	-9.47	-1.9100000000000001	-2.2	-8.17	4.95	-2.47	-2.64	-9.11
11:29:59.191392	0.13	-9.71	1.34	-1.52	-9.450000000000001	-2.12	-2.2	-8.08	5.08	-2.85	-2.18	-9.120000000000001
11:29:59.201471	0.15	-9.71	1.34	-1.3900000000000001	-9.43	-2.29	-2.21	-7.99	5.22	-3.23	-1.92	-9.05
11:29:59.211550	0.16	-9.71	1.33	-1.27	-9.41	-2.42	-2.22	-7.91	5.3500000000000005	-3.0500000000000003	-1.96	-9.1
11:29:59.221620	0.16	-9.71	1.32	-1.1500000000000001	-9.4	-2.5300000000000002	-2.24	-7.83	5.45	-2.54	-2.08	-9.23
11:29:59.231741	0.17	-9.71	1.31	-1.04	-9.38	-2.64	-2.2600000000000002	-7.7700000000000005	5.5200000000000005	-2.23	-2.27	-9.27
11:29:59.241811	0.17	-9.71	1.31	-0.9500000000000001	-9.35	-2.7600000000000002	-2.2600000000000002	-7.76	5.55	-2.2600000000000002	-2.4	-9.23
11:29:59.251887	0.16	-9.71	1.31	-0.86	-9.32	-2.9	-2.24	-7.76	5.54	-2.29	-2.45	-9.21
11:29:59.261968	0.16	-9.71	1.31	-0.77	-9.28	-3.0500000000000003	-2.19	-7.79	5.53	-2.11	-2.5500000000000003	-9.22
11:29:59.272049	0.16	-9.71	1.31	-0.68	-9.24	-3.21	-2.11	-7.84	5.49	-1.87	-2.8000000000000003	-9.200000000000001
11:29:59.282111	0.15	-9.71	1.32	-0.6	-9.19	-3.36	-2.02	-7.91	5.42	-1.73	-3.18	-9.1
11:29:59.292187	0.15	-9.71	1.33	-0.52	-9.14	-3.5	-1.92	-8.0	5.32	-1.67	-3.5700000000000003	-8.97
11:29:59.302304	0.15	-9.71	1.34	-0.45	-9.09	-3.63	-1.84	-8.11	5.18	-1.62	-3.87	-8.85
11:29:59.312414	0.16	-9.71	1.34	-0.38	-9.05	-3.74	-1.77	-8.23	5.01	-1.56	-4.14	-8.74
11:29:59.322476	0.16	-9.71	1.35	-0.33	-9.01	-3.84	-1.71	-8.370000000000001	4.8100000000000005	-1.49	-4.43	-8.61
11:29:59.332664	0.16	-9.71	1.36	-0.28	-8.97	-3.95	-1.6300000000000001	-8.51	4.58	-1.43	-4.75	-8.45
11:29:59.342735	0.16	-9.700000000000001	1.36	-0.26	-8.92	-4.0600000000000005	-1.55	-8.66	4.32	-1.3900000000000001	-5.09	-8.26
11:29:59.353375	0.15	-9.700000000000001	1.37	-0.25	-8.870000000000001	-4.16	-1.46	-8.81	4.04	-1.3900000000000001	-5.09	-8.26
11:29:59.364080	0.15	-9.700000000000001	1.37	-0.25	-8.870000000000001	-4.16	-1.46	-8.81	4.04	-1.3900000000000001	-5.09	-8.26
11:29:59.374211	0.15	-9.700000000000001	1.3800000000000001	-0.24	-8.83	-4.25	-1.3800000000000001	-8.950000000000001	3.73	-1.23	-5.8	-7.8
11:29:59.384289	0.15	-9.700000000000001	1.3900000000000001	-0.22	-8.790000000000001	-4.32	-1.26	-9.24	3.02	-1.0	-6.46	-7.3
11:29:59.394358	0.15	-9.700000000000001	1.3900000000000001	-0.2	-8.76	-4.39	-1.21	-9.36	2.62	-0.9	-6.74	-7.0600000000000005
11:29:59.404833	0.15	-9.700000000000001	1.3900000000000001	-0.14	-8.71	-4.48	-1.18	-9.48	2.21	-0.81	-7.0	-6.8100000000000005
11:29:59.414912	0.15	-9.700000000000001	1.3900000000000001	-0.1	-8.700000000000001	-4.5200000000000005	-1.1400000000000001	-9.57	1.78	-0.72	-7.25	-6.55
11:29:59.425070	0.15	-9.700000000000001	1.3900000000000001	-0.05	-8.68	-4.55	-1.09	-9.65	1.34	-0.63	-7.5	-6.28
11:29:59.435166	0.16	-9.700000000000001	1.3800000000000001	0.0	-8.67	-4.57	-1.04	-9.700000000000001	0.91	-0.58	-7.73	-5.99
11:29:59.445237	0.16	-9.700000000000001	1.3800000000000001	0.06	-8.66	-4.58	-0.98	-9.74	0.47000000000000003	-0.56	-7.96	-5.69
11:29:59.455312	0.16	-9.700000000000001	1.37	0.13	-8.66	-4.58	-0.91	-9.76	0.05	-0.56	-7.96	-5.69
11:29:59.465443	0.16	-9.700000000000001	1.36	0.2	-8.67	-4.57	-0.85	-9.76	-0.36	-0.52	-8.38	-5.0600000000000005
11:29:59.475510	0.16	-9.71	1.35	0.27	-8.67	-4.55	-0.79	-9.74	-0.77	-0.51	-8.57	-4.73
11:29:59.486096	0.15	-9.71	1.33	0.33	-8.68	-4.54	-0.73	-9.700000000000001	-1.17	-0.49	-8.75	-4.39
11:29:59.496192	0.14	-9.71	1.29	0.39	-8.68	-4.53	-0.67	-9.65	-1.55	-0.47000000000000003	-8.9	-4.0600000000000005
11:29:59.506282	0.12	-9.72	1.27	0.44	-8.69	-4.51	-0.63	-9.59	-1.92	-0.45	-9.05	-3.73
11:29:59.516361	0.11	-9.72	1.25	0.48	-8.700000000000001	-4.49	-0.59	-9.51	-2.2800000000000002	-0.43	-9.18	-3.41
11:29:59.526476	0.09	-9.72	1.24	0.51	-8.71	-4.46	-0.55	-9.43	-2.62	-0.42	-9.290000000000001	-3.11
11:29:59.537040	0.07	-9.72	1.22	0.54	-8.73	-4.43	-0.52	-9.33	-2.94	-0.42	-9.38	-2.82
11:29:59.547109	0.05	-9.73	1.2	0.55	-8.74	-4.39	-0.5	-9.24	-3.23	-0.42	-9.450000000000001	-2.5500000000000003
11:29:59.557224	0.03	-9.73	1.19	0.56	-8.76	-4.3500000000000005	-0.48	-9.14	-3.49	-0.42	-9.52	-2.3000000000000003
11:29:59.567378	0.01	-9.73	1.17	0.56	-8.78	-4.3100000000000005	-0.48	-9.05	-3.72	-0.44	-9.57	-2.07
11:29:59.577495	0.0	-9.73	1.16	0.55	-8.8	-4.28	-0.48	-8.97	-3.93	-0.45	-9.61	-1.86
11:29:59.587613	-0.02	-9.73	1.16	0.54	-8.81	-4.26	-0.49	-8.89	-4.09	-0.48	-9.64	-1.68
11:29:59.597679	-0.03	-9.73	1.1500000000000001	0.53	-8.82	-4.23	-0.49	-8.83	-4.22	-0.5	-9.67	-1.54
11:29:59.607777	-0.05	-9.73	1.1400000000000001	0.53	-8.83	-4.21	-0.49	-8.78	-4.3100000000000005	-0.52	-9.68	-1.43
11:29:59.617910	-0.06	-9.73	1.1400000000000001	0.53	-8.84	-4.2	-0.49	-8.76	-4.37	-0.54	-9.69	-1.36
11:29:59.628463	-0.07	-9.73	1.1400000000000001	0.53	-8.84	-4.2	-0.49	-8.74	-4.4	-0.55	-9.69	-1.33
11:29:59.638558	-0.08	-9.73	1.1300000000000001	0.54	-8.83	-4.21	-0.49	-8.75	-4.39	-0.56	-9.69	-1.34
11:29:59.648649	-0.09	-9.74	1.1300000000000001	0.55	-8.82	-4.23	-0.51	-8.77	-4.34	-0.56	-9.69	-1.3800000000000001
11:29:59.659291	-0.1	-9.73	1.1300000000000001	0.55	-8.81	-4.26	-0.52	-8.81	-4.2700000000000005	-0.56	-9.69	-1.3800000000000001
11:29:59.669405	-0.11	-9.73	1.1400000000000001	0.55	-8.790000000000001	-4.3	-0.55	-8.85	-4.16	-0.56	-9.65	-1.6
11:29:59.679494	-0.12	-9.73	1.1400000000000001	0.54	-8.77	-4.34	-0.5700000000000001	-8.91	-4.04	-0.52	-9.64	-1.7
11:29:59.689563	-0.12	-9.73	1.1500000000000001	0.53	-8.76	-4.36	-0.62	-9.040000000000001	-3.73	-0.46	-9.6	-1.9100000000000001
11:29:59.699636	-0.13	-9.73	1.1500000000000001	0.53	-8.75	-4.38	-0.64	-9.11	-3.56	-0.41000000000000003	-9.56	-2.12
11:29:59.709784	-0.14	-9.73	1.16	0.53	-8.75	-4.38	-0.67	-9.17	-3.38	-0.37	-9.53	-2.25
11:29:59.719906	-0.15	-9.73	1.17	0.54	-8.76	-4.37	-0.68	-9.23	-3.22	-0.37	-9.540000000000001	-2.23
11:29:59.730477	-0.16	-9.73	1.18	0.53	-8.77	-4.33	-0.68	-9.26	-3.13	-0.33	-9.59	-2.0
11:29:59.740578	-0.18	-9.73	1.19	0.51	-8.8	-4.28	-0.71	-9.28	-3.08	-0.22	-9.58	-2.06
11:29:59.750679	-0.2	-9.72	1.21	0.49	-8.83	-4.22	-0.76	-9.290000000000001	-3.02	-0.25	-9.51	-2.35
11:29:59.761183	-0.22	-9.72	1.23	0.46	-8.86	-4.16	-0.8200000000000001	-9.32	-2.9	-0.45	-9.43	-2.63
11:29:59.771473	-0.24	-9.72	1.25	0.43	-8.89	-4.1	-0.85	-9.36	-2.7600000000000002	-0.62	-9.34	-2.91
11:29:59.781566	-0.25	-9.72	1.26	0.39	-8.950000000000001	-3.98	-0.84	-9.4	-2.64	-0.74	-9.23	-3.2
11:29:59.791698	-0.25	-9.71	1.28	0.38	-8.950000000000001	-3.97	-0.8200000000000001	-9.43	-2.5300000000000002	-0.85	-9.14	-3.44
11:29:59.801800	-0.25	-9.71	1.29	0.37	-8.950000000000001	-3.98	-0.79	-9.46	-2.44	-0.98	-9.08	-3.56
11:29:59.812390	-0.26	-9.71	1.3	0.36	-8.950000000000001	-3.98	-0.76	-9.49	-2.34	-1.05	-9.05	-3.62
11:29:59.822535	-0.26	-9.71	1.31	0.33	-8.96	-3.96	-0.75	-9.51	-2.24	-1.08	-9.06	-3.5700000000000003
11:29:59.832607	-0.26	-9.71	1.32	0.31	-8.98	-3.92	-0.74	-9.540000000000001	-2.14	-1.1	-9.08	-3.5100000000000002
11:29:59.842734	-0.25	-9.71	1.33	0.31	-9.01	-3.85	-0.73	-9.56	-2.0300000000000002	-1.11	-9.07	-3.5300000000000002
11:29:59.852830	-0.24	-9.71	1.35	0.31	-9.05	-3.74	-0.72	-9.58	-1.93	-1.1	-9.02	-3.66
11:29:59.863349	-0.22	-9.700000000000001	1.36	0.33	-9.1	-3.62	-0.6900000000000001	-9.6	-1.85	-1.11	-8.96	-3.8200000000000003
11:29:59.873469	-0.2	-9.700000000000001	1.3800000000000001	0.35000000000000003	-9.15	-3.49	-0.66	-9.620000000000001	-1.76	-1.1300000000000001	-8.88	-3.98
11:29:59.883585	-0.17	-9.700000000000001	1.3900000000000001	0.35000000000000003	-9.200000000000001	-3.37	-0.62	-9.64	-1.68	-1.1400000000000001	-8.84	-4.08
11:29:59.893700	-0.14	-9.700000000000001	1.41	0.33	-9.23	-3.27	-0.6	-9.65	-1.6	-1.12	-8.82	-4.12
11:29:59.904327	-0.12	-9.700000000000001	1.42	0.28	-9.25	-3.21	-0.58	-9.66	-1.52	-1.1	-8.83	-4.11
11:29:59.914399	-0.12	-9.700000000000001	1.42	0.21	-9.27	-3.17	-0.5700000000000001	-9.68	-1.44	-1.07	-8.83	-4.1
11:29:59.924478	-0.09	-9.69	1.45	0.14	-9.28	-3.16	-0.56	-9.69	-1.36	-1.06	-8.82	-4.14
11:29:59.934581	-0.08	-9.69	1.46	0.07	-9.28	-3.15	-0.56	-9.700000000000001	-1.29	-1.07	-8.78	-4.22
11:29:59.944654	-0.08	-9.69	1.47	0.0	-9.290000000000001	-3.13	-0.56	-9.71	-1.21	-1.1	-8.74	-4.3
11:29:59.954727	-0.09	-9.69	1.47	-0.03	-9.31	-3.06	-0.55	-9.72	-1.1300000000000001	-1.1400000000000001	-8.700000000000001	-4.36
11:29:59.965126	-0.09	-9.69	1.47	-0.05	-9.34	-2.98	-0.55	-9.73	-1.05	-1.16	-8.69	-4.37
11:29:59.975270	-0.1	-9.69	1.47	-0.06	-9.370000000000001	-2.88	-0.55	-9.74	-0.98	-1.1500000000000001	-8.69	-4.39
11:29:59.985342	-0.11	-9.69	1.46	-0.07	-9.4	-2.7800000000000002	-0.55	-9.74	-0.9	-1.12	-8.67	-4.42
11:29:59.995446	-0.12	-9.69	1.46	-0.08	-9.42	-2.7	-0.54	-9.75	-0.8300000000000001	-1.09	-8.65	-4.48
11:30:00.005519	-0.12	-9.69	1.45	-0.09	-9.44	-2.62	-0.54	-9.76	-0.76	-1.07	-8.61	-4.55
11:30:00.015596	-0.12	-9.69	1.45	-0.1	-9.46	-2.5500000000000003	-0.54	-9.76	-0.7000000000000001	-1.06	-8.58	-4.62
11:30:00.025701	-0.12	-9.69	1.45	-0.1	-9.48	-2.48	-0.54	-9.77	-0.64	-1.07	-8.540000000000001	-4.68
11:30:00.035801	-0.11	-9.69	1.44	-0.11	-9.5	-2.4	-0.55	-9.77	-0.58	-1.09	-8.51	-4.73
11:30:00.045914	-0.1	-9.69	1.43	-0.11	-9.52	-2.32	-0.56	-9.77	-0.52	-1.1	-8.49	-4.7700000000000005
11:30:00.056018	-0.1	-9.69	1.43	-0.12	-9.540000000000001	-2.24	-0.5700000000000001	-9.77	-0.46	-1.09	-8.47	-4.8100000000000005
11:30:00.066090	-0.09	-9.700000000000001	1.43	-0.13	-9.56	-2.15	-0.58	-9.78	-0.39	-1.09	-8.45	-4.84
11:30:00.076184	-0.08	-9.700000000000001	1.42	-0.15	-9.58	-2.08	-0.58	-9.78	-0.33	-1.01	-8.48	-4.8100000000000005
11:30:00.086278	-0.07	-9.700000000000001	1.42	-0.18	-9.59	-2.0	-0.58	-9.78	-0.27	-0.92	-8.49	-4.8100000000000005
11:30:00.096354	-0.06	-9.700000000000001	1.4000000000000001	-0.22	-9.61	-1.93	-0.59	-9.78	-0.21	-0.9	-8.47	-4.8500000000000005
11:30:00.106439	-0.05	-9.700000000000001	1.3900000000000001	-0.26	-9.620000000000001	-1.86	-0.59	-9.78	-0.15	-0.88	-8.44	-4.9
11:30:00.116511	-0.05	-9.700000000000001	1.3900000000000001	-0.31	-9.63	-1.79	-0.59	-9.78	-0.09	-0.87	-8.43	-4.93
11:30:00.126658	-0.05	-9.700000000000001	1.3800000000000001	-0.36	-9.64	-1.72	-0.59	-9.78	-0.03	-0.86	-8.4	-4.98
11:30:00.136762	-0.05	-9.700000000000001	1.3800000000000001	-0.41000000000000003	-9.65	-1.6500000000000001	-0.6	-9.78	0.01	-0.87	-8.370000000000001	-5.0200000000000005
11:30:00.147406	-0.05	-9.700000000000001	1.3800000000000001	-0.46	-9.66	-1.58	-0.6	-9.78	0.07	-0.88	-8.34	-5.07
11:30:00.157511	-0.04	-9.700000000000001	1.3800000000000001	-0.51	-9.67	-1.51	-0.6	-9.78	0.13	-0.9	-8.32	-5.1000000000000005
11:30:00.167717	-0.04	-9.700000000000001	1.3900000000000001	-0.56	-9.68	-1.45	-0.6	-9.78	0.19	-0.92	-8.290000000000001	-5.14
11:30:00.177842	-0.03	-9.700000000000001	1.3900000000000001	-0.6	-9.68	-1.3900000000000001	-0.6	-9.78	0.25	-0.92	-8.27	-5.18
11:30:00.187910	-0.03	-9.700000000000001	1.4000000000000001	-0.65	-9.69	-1.33	-0.59	-9.78	0.31	-0.92	-8.24	-5.22
11:30:00.198022	-0.02	-9.700000000000001	1.41	-0.7000000000000001	-9.69	-1.27	-0.59	-9.78	0.38	-0.91	-8.22	-5.25
11:30:00.208831	-0.02	-9.700000000000001	1.43	-0.75	-9.700000000000001	-1.21	-0.59	-9.77	0.44	-0.9	-8.19	-5.3
11:30:00.219026	-0.01	-9.69	1.44	-0.79	-9.700000000000001	-1.1500000000000001	-0.58	-9.77	0.51	-0.9	-8.15	-5.37
11:30:00.229763	-0.01	-9.69	1.46	-0.84	-9.700000000000001	-1.09	-0.58	-9.77	0.58	-0.9	-8.1	-5.44
11:30:00.239851	-0.01	-9.69	1.48	-0.87	-9.71	-1.03	-0.58	-9.76	0.65	-0.8300000000000001	-8.1	-5.46
11:30:00.249922	-0.01	-9.69	1.49	-0.91	-9.71	-0.98	-0.5700000000000001	-9.76	0.71	-0.8200000000000001	-8.06	-5.51
11:30:00.260028	-0.01	-9.68	1.51	-0.9500000000000001	-9.71	-0.92	-0.58	-9.75	0.87	-0.81	-8.040000000000001	-5.55
11:30:00.272191	-0.01	-9.68	1.52	-1.0	-9.71	-0.87	-0.58	-9.74	0.9400000000000001	-0.8	-8.01	-5.58
11:30:00.282262	-0.02	-9.68	1.53	-1.1	-9.71	-0.78	-0.58	-9.73	1.02	-0.79	-7.98	-5.63
11:30:00.292578	-0.02	-9.68	1.55	-1.16	-9.700000000000001	-0.74	-0.58	-9.72	1.1	-0.78	-7.94	-5.69
11:30:00.302666	-0.03	-9.68	1.56	-1.21	-9.700000000000001	-0.7000000000000001	-0.59	-9.71	1.18	-0.8200000000000001	-7.91	-5.72
11:30:00.312761	-0.03	-9.67	1.57	-1.25	-9.700000000000001	-0.66	-0.59	-9.700000000000001	1.26	-0.92	-7.86	-5.7700000000000005
11:30:00.322828	-0.04	-9.67	1.58	-1.31	-9.69	-0.62	-0.59	-9.69	1.34	-0.93	-7.8	-5.8500000000000005
11:30:00.333056	-0.04	-9.67	1.58	-1.35	-9.69	-0.5700000000000001	-0.61	-9.68	1.42	-0.9400000000000001	-7.74	-5.94
11:30:00.343675	-0.05	-9.67	1.59	-1.4000000000000001	-9.69	-0.53	-0.63	-9.67	1.5	-0.96	-7.68	-6.01
11:30:00.353799	-0.06	-9.67	1.6	-1.45	-9.68	-0.48	-0.65	-9.65	1.58	-0.97	-7.62	-6.09
11:30:00.363902	-0.06	-9.67	1.61	-1.51	-9.67	-0.45	-0.67	-9.64	1.6600000000000001	-0.99	-7.54	-6.18
11:30:00.373990	-0.07	-9.67	1.62	-1.56	-9.67	-0.42	-0.7000000000000001	-9.620000000000001	1.76	-1.02	-7.47	-6.26
11:30:00.384487	-0.07	-9.66	1.6300000000000001	-1.62	-9.66	-0.4	-0.73	-9.6	1.85	-1.07	-7.4	-6.34
11:30:00.394558	-0.07	-9.66	1.6300000000000001	-1.67	-9.65	-0.39	-0.76	-9.57	1.95	-1.12	-7.32	-6.42
11:30:00.404646	-0.06	-9.66	1.6400000000000001	-1.73	-9.64	-0.38	-0.79	-9.55	2.05	-1.17	-7.23	-6.51
11:30:00.414766	-0.05	-9.66	1.6400000000000001	-1.78	-9.63	-0.37	-0.8300000000000001	-9.52	2.16	-1.22	-7.13	-6.6000000000000005
11:30:00.424855	-0.04	-9.66	1.6400000000000001	-1.83	-9.620000000000001	-0.37	-0.86	-9.49	2.2800000000000002	-1.28	-7.04	-6.69
11:30:00.434978	-0.03	-9.66	1.6400000000000001	-1.8800000000000001	-9.61	-0.36	-0.9	-9.46	2.39	-1.33	-6.93	-6.8
11:30:00.445107	-0.02	-9.66	1.6400000000000001	-1.92	-9.6	-0.35000000000000003	-0.9500000000000001	-9.42	2.52	-1.36	-6.8100000000000005	-6.91
11:30:00.455180	-0.01	-9.66	1.6400000000000001	-1.95	-9.6	-0.35000000000000003	-1.0	-9.38	2.64	-1.41	-6.7	-7.01
11:30:00.465248	0.0	-9.66	1.6300000000000001	-1.98	-9.59	-0.35000000000000003	-1.04	-9.34	2.7800000000000002	-1.5	-6.59	-7.09
11:30:00.475319	0.0	-9.67	1.61	-2.0	-9.59	-0.36	-1.08	-9.290000000000001	2.92	-1.58	-6.46	-7.2
11:30:00.485392	0.0	-9.67	1.59	-2.0100000000000002	-9.59	-0.37	-1.12	-9.24	3.0700000000000003	-1.62	-6.3100000000000005	-7.32
11:30:00.495464	0.0	-9.67	1.57	-2.0100000000000002	-9.58	-0.4	-1.16	-9.18	3.22	-1.69	-6.16	-7.43
11:30:00.505734	0.02	-9.68	1.53	-2.0	-9.58	-0.44	-1.2	-9.120000000000001	3.38	-1.77	-6.01	-7.54
11:30:00.515850	0.05	-9.68	1.52	-2.0	-9.58	-0.49	-1.25	-9.05	3.54	-1.86	-5.83	-7.65
11:30:00.526488	0.08	-9.68	1.51	-1.98	-9.58	-0.56	-1.3	-8.98	3.71	-1.96	-5.64	-7.7700000000000005
11:30:00.536569	0.11	-9.68	1.5	-1.96	-9.58	-0.65	-1.35	-8.89	3.88	-2.07	-5.45	-7.88
11:30:00.546641	0.14	-9.69	1.49	-1.94	-9.58	-0.76	-1.43	-8.8	4.0600000000000005	-2.12	-5.2700000000000005	-7.99
11:30:00.556761	0.16	-9.69	1.48	-1.92	-9.57	-0.89	-1.55	-8.700000000000001	4.24	-2.16	-5.0600000000000005	-8.11
11:30:00.566835	0.17	-9.69	1.48	-1.8900000000000001	-9.56	-1.04	-1.7	-8.59	4.4	-2.19	-4.8	-8.26
11:30:00.576937	0.19	-9.69	1.48	-1.86	-9.55	-1.2	-1.87	-8.48	4.54	-2.18	-4.5200000000000005	-8.42
11:30:00.587016	0.2	-9.69	1.48	-1.8	-9.53	-1.3800000000000001	-2.0100000000000002	-8.370000000000001	4.67	-2.19	-4.2	-8.58
11:30:00.597088	0.22	-9.69	1.48	-1.74	-9.51	-1.59	-2.12	-8.28	4.79	-2.29	-3.79	-8.74
11:30:00.607161	0.23	-9.69	1.47	-1.6600000000000001	-9.49	-1.81	-2.18	-8.2	4.9	-2.4	-3.2600000000000002	-8.92
11:30:00.617239	0.25	-9.69	1.46	-1.56	-9.46	-2.04	-2.2	-8.13	5.01	-2.5	-2.64	-9.1
11:30:00.627314	0.26	-9.69	1.45	-1.45	-9.43	-2.23	-2.18	-8.05	5.15	-2.9	-2.13	-9.11
11:30:00.637395	0.27	-9.69	1.43	-1.35	-9.41	-2.37	-2.18	-7.96	5.28	-3.35	-1.99	-8.99
11:30:00.647509	0.28	-9.69	1.42	-1.24	-9.39	-2.5	-2.2	-7.88	5.4	-3.2	-2.15	-9.01
11:30:00.657575	0.29	-9.700000000000001	1.4000000000000001	-1.1300000000000001	-9.38	-2.61	-2.23	-7.8	5.49	-2.57	-2.34	-9.16
11:30:00.667645	0.29	-9.700000000000001	1.3900000000000001	-1.04	-9.35	-2.73	-2.25	-7.7700000000000005	5.54	-2.18	-2.54	-9.21
11:30:00.677718	0.29	-9.700000000000001	1.3800000000000001	-0.96	-9.32	-2.86	-2.24	-7.76	5.5600000000000005	-2.2	-2.67	-9.17
11:30:00.687793	0.28	-9.700000000000001	1.3800000000000001	-0.88	-9.290000000000001	-3.0	-2.21	-7.76	5.5600000000000005	-2.25	-2.72	-9.14
11:30:00.697971	0.28	-9.700000000000001	1.3800000000000001	-0.8	-9.25	-3.15	-2.16	-7.79	5.54	-1.98	-2.86	-9.16
11:30:00.708036	0.28	-9.700000000000001	1.3800000000000001	-0.73	-9.200000000000001	-3.3000000000000003	-2.08	-7.8500000000000005	5.49	-1.57	-3.15	-9.14
11:30:00.718126	0.27	-9.700000000000001	1.3800000000000001	-0.66	-9.15	-3.44	-1.98	-7.92	5.42	-1.34	-3.54	-9.040000000000001
11:30:00.728280	0.27	-9.700000000000001	1.3900000000000001	-0.59	-9.11	-3.5700000000000003	-1.8900000000000001	-8.01	5.3100000000000005	-1.29	-3.9	-8.9
11:30:00.739009	0.27	-9.700000000000001	1.4000000000000001	-0.54	-9.06	-3.7	-1.81	-8.120000000000001	5.17	-1.26	-4.15	-8.790000000000001
11:30:00.749116	0.27	-9.700000000000001	1.4000000000000001	-0.48	-9.02	-3.81	-1.76	-8.25	4.99	-1.18	-4.34	-8.71
11:30:00.759324	0.28	-9.69	1.41	-0.44	-8.97	-3.92	-1.72	-8.38	4.78	-1.11	-4.89	-8.42
11:30:00.769934	0.27	-9.69	1.42	-0.41000000000000003	-8.92	-4.03	-1.67	-8.52	4.55	-1.08	-5.22	-8.22
11:30:00.780021	0.27	-9.69	1.43	-0.38	-8.870000000000001	-4.14	-1.61	-8.66	4.29	-1.0	-5.5600000000000005	-8.01
11:30:00.790137	0.27	-9.69	1.43	-0.36	-8.82	-4.25	-1.55	-8.8	4.01	-0.9	-5.89	-7.78
11:30:00.800252	0.27	-9.69	1.44	-0.35000000000000003	-8.78	-4.33	-1.5	-8.950000000000001	3.71	-0.8	-6.21	-7.54
11:30:00.810375	0.27	-9.69	1.44	-0.33	-8.75	-4.4	-1.45	-9.09	3.37	-0.68	-6.51	-7.29
11:30:00.820871	0.26	-9.69	1.44	-0.31	-8.72	-4.46	-1.3800000000000001	-9.34	2.63	-0.5700000000000001	-6.79	-7.04
11:30:00.831014	0.26	-9.69	1.44	-0.28	-8.69	-4.51	-1.3800000000000001	-9.34	2.63	-0.46	-7.05	-6.79
11:30:00.841111	0.26	-9.69	1.44	-0.25	-8.67	-4.57	-1.35	-9.450000000000001	2.22	-0.37	-7.3	-6.5200000000000005
11:30:00.851571	0.27	-9.69	1.44	-0.22	-8.64	-4.62	-1.28	-9.620000000000001	1.3900000000000001	-0.29	-7.55	-6.24
11:30:00.862002	0.27	-9.69	1.44	-0.18	-8.620000000000001	-4.66	-1.24	-9.67	0.97	-0.22	-7.79	-5.94
11:30:00.872151	0.27	-9.69	1.44	-0.07	-8.58	-4.73	-1.2	-9.71	0.54	-0.18	-8.0	-5.65
11:30:00.882272	0.27	-9.69	1.43	0.0	-8.58	-4.74	-1.1400000000000001	-9.73	0.11	-0.17	-8.2	-5.36
11:30:00.892410	0.27	-9.69	1.42	0.06	-8.58	-4.74	-1.09	-9.74	-0.3	-0.15	-8.4	-5.05
11:30:00.903005	0.27	-9.700000000000001	1.41	0.12	-8.58	-4.73	-1.03	-9.72	-0.71	-0.14	-8.59	-4.71
11:30:00.913133	0.26	-9.700000000000001	1.4000000000000001	0.18	-8.59	-4.72	-0.97	-9.69	-1.12	-0.14	-8.76	-4.38
11:30:00.923239	0.25	-9.700000000000001	1.3800000000000001	0.24	-8.6	-4.7	-0.91	-9.64	-1.52	-0.16	-8.92	-4.05
11:30:00.933522	0.24	-9.700000000000001	1.37	0.29	-8.61	-4.67	-0.85	-9.58	-1.9000000000000001	-0.17	-9.06	-3.72
11:30:00.944020	0.23	-9.700000000000001	1.35	0.34	-8.620000000000001	-4.64	-0.81	-9.5	-2.27	-0.17	-9.19	-3.4
11:30:00.954097	0.22	-9.71	1.33	0.37	-8.64	-4.6000000000000005	-0.76	-9.41	-2.62	-0.18	-9.31	-3.06
11:30:00.964204	0.2	-9.71	1.32	0.4	-8.66	-4.5600000000000005	-0.76	-9.41	-2.62	-0.19	-9.41	-2.73
11:30:00.974741	0.18	-9.71	1.3	0.41000000000000003	-8.69	-4.51	-0.7000000000000001	-9.21	-3.27	-0.19	-9.49	-2.43
11:30:00.984816	0.16	-9.71	1.29	0.41000000000000003	-8.71	-4.47	-0.6900000000000001	-9.11	-3.5500000000000003	-0.2	-9.56	-2.16
11:30:00.995271	0.13	-9.72	1.26	0.39	-8.73	-4.43	-0.68	-9.01	-3.8000000000000003	-0.2	-9.61	-1.9100000000000001
11:30:01.005405	0.11	-9.72	1.25	0.37	-8.75	-4.39	-0.6900000000000001	-8.91	-4.0200000000000005	-0.21	-9.65	-1.69
11:30:01.016006	0.09	-9.72	1.24	0.35000000000000003	-8.77	-4.36	-0.7000000000000001	-8.83	-4.2	-0.23	-9.69	-1.48
11:30:01.026078	0.08	-9.72	1.23	0.33	-8.78	-4.33	-0.71	-8.76	-4.34	-0.26	-9.71	-1.3
11:30:01.036168	0.06	-9.72	1.23	0.32	-8.8	-4.3100000000000005	-0.72	-8.700000000000001	-4.45	-0.29	-9.73	-1.16
11:30:01.046249	0.05	-9.73	1.22	0.33	-8.81	-4.29	-0.71	-8.67	-4.5200000000000005	-0.3	-9.74	-1.06
11:30:01.056317	0.03	-9.73	1.21	0.34	-8.81	-4.2700000000000005	-0.71	-8.65	-4.55	-0.31	-9.74	-1.01
11:30:01.066389	0.02	-9.73	1.2	0.36	-8.82	-4.2700000000000005	-0.7000000000000001	-8.66	-4.54	-0.31	-9.74	-1.02
11:30:01.076467	0.0	-9.73	1.19	0.37	-8.81	-4.2700000000000005	-0.7000000000000001	-8.68	-4.49	-0.32	-9.74	-1.07
11:30:01.086535	-0.01	-9.73	1.19	0.39	-8.8	-4.29	-0.6900000000000001	-8.72	-4.41	-0.33	-9.73	-1.1500000000000001
11:30:01.096680	-0.02	-9.73	1.18	0.4	-8.790000000000001	-4.3100000000000005	-0.68	-8.78	-4.3100000000000005	-0.34	-9.71	-1.26
11:30:01.106752	-0.04	-9.73	1.18	0.41000000000000003	-8.78	-4.33	-0.67	-8.84	-4.17	-0.33	-9.700000000000001	-1.3800000000000001
11:30:01.116822	-0.05	-9.73	1.17	0.41000000000000003	-8.77	-4.3500000000000005	-0.67	-8.91	-4.0200000000000005	-0.28	-9.69	-1.47
11:30:01.126921	-0.05	-9.73	1.17	0.41000000000000003	-8.77	-4.36	-0.68	-8.99	-3.84	-0.19	-9.65	-1.71
11:30:01.137011	-0.06	-9.73	1.17	0.4	-8.76	-4.37	-0.71	-9.07	-3.65	-0.13	-9.61	-1.92
11:30:01.147083	-0.06	-9.73	1.16	0.38	-8.76	-4.37	-0.73	-9.14	-3.47	-0.1	-9.59	-2.04
11:30:01.157157	-0.06	-9.73	1.16	0.37	-8.77	-4.36	-0.74	-9.19	-3.3200000000000003	-0.1	-9.6	-1.98
11:30:01.167241	-0.07	-9.73	1.16	0.35000000000000003	-8.790000000000001	-4.33	-0.74	-9.22	-3.25	-0.05	-9.65	-1.73
11:30:01.177321	-0.08	-9.73	1.17	0.33	-8.81	-4.28	-0.78	-9.22	-3.22	0.04	-9.63	-1.83
11:30:01.187425	-0.09	-9.73	1.17	0.31	-8.84	-4.22	-0.78	-9.22	-3.22	0.01	-9.56	-2.15
11:30:01.197495	-0.1	-9.73	1.19	0.29	-8.870000000000001	-4.16	-0.88	-9.28	-3.0300000000000002	-0.19	-9.48	-2.49
11:30:01.207560	-0.11	-9.73	1.2	0.27	-8.89	-4.11	-0.88	-9.28	-3.0300000000000002	-0.36	-9.38	-2.81
11:30:01.217628	-0.11	-9.73	1.21	0.26	-8.91	-4.07	-0.88	-9.36	-2.7600000000000002	-0.48	-9.28	-3.12
11:30:01.227712	-0.11	-9.72	1.22	0.25	-8.92	-4.0600000000000005	-0.85	-9.39	-2.65	-0.5700000000000001	-9.19	-3.34
11:30:01.237786	-0.11	-9.72	1.23	0.24	-8.92	-4.0600000000000005	-0.8300000000000001	-9.42	-2.56	-0.68	-9.14	-3.48
11:30:01.247911	-0.11	-9.72	1.25	0.24	-8.92	-4.05	-0.81	-9.450000000000001	-2.46	-0.74	-9.11	-3.5300000000000002
11:30:01.258018	-0.1	-9.72	1.26	0.23	-8.93	-4.0200000000000005	-0.8	-9.48	-2.36	-0.76	-9.13	-3.49
11:30:01.268137	-0.1	-9.72	1.28	0.22	-8.950000000000001	-3.98	-0.8	-9.51	-2.24	-0.78	-9.16	-3.4
11:30:01.278273	-0.1	-9.71	1.3	0.23	-8.98	-3.92	-0.8	-9.53	-2.13	-0.8	-9.15	-3.41
11:30:01.288340	-0.09	-9.71	1.32	0.25	-9.01	-3.84	-0.78	-9.56	-2.0300000000000002	-0.8300000000000001	-9.1	-3.54
11:30:01.298446	-0.07	-9.71	1.33	0.27	-9.05	-3.74	-0.75	-9.58	-1.94	-0.87	-9.03	-3.71
11:30:01.308550	-0.05	-9.71	1.35	0.29	-9.1	-3.63	-0.72	-9.6	-1.85	-0.91	-8.96	-3.85
11:30:01.318626	-0.02	-9.71	1.37	0.3	-9.14	-3.52	-0.6900000000000001	-9.61	-1.77	-0.9400000000000001	-8.92	-3.95
11:30:01.328713	0.0	-9.700000000000001	1.3800000000000001	0.29	-9.18	-3.43	-0.66	-9.63	-1.69	-0.9500000000000001	-8.9	-3.99
11:30:01.338834	0.01	-9.700000000000001	1.4000000000000001	0.26	-9.21	-3.35	-0.64	-9.65	-1.6	-0.9400000000000001	-8.9	-4.0
11:30:01.348958	0.03	-9.700000000000001	1.42	0.21	-9.22	-3.3000000000000003	-0.62	-9.66	-1.52	-0.92	-8.9	-4.0
11:30:01.359065	0.04	-9.700000000000001	1.43	0.15	-9.24	-3.27	-0.6	-9.68	-1.44	-0.9400000000000001	-8.83	-4.15
11:30:01.369560	0.04	-9.69	1.44	0.09	-9.24	-3.25	-0.6	-9.69	-1.35	-0.9400000000000001	-8.83	-4.15
11:30:01.379656	0.03	-9.69	1.45	0.04	-9.25	-3.25	-0.6	-9.700000000000001	-1.27	-1.0	-8.75	-4.3
11:30:01.389820	0.02	-9.69	1.46	0.0	-9.26	-3.21	-0.59	-9.71	-1.19	-1.01	-8.74	-4.32
11:30:01.400541	0.01	-9.69	1.46	-0.02	-9.28	-3.14	-0.59	-9.72	-1.11	-0.97	-8.73	-4.34
11:30:01.410673	0.0	-9.69	1.46	-0.03	-9.31	-3.06	-0.59	-9.73	-1.03	-0.9400000000000001	-8.71	-4.39
11:30:01.420801	-0.01	-9.69	1.46	-0.04	-9.34	-2.97	-0.58	-9.74	-0.9500000000000001	-0.92	-8.67	-4.47
11:30:01.430938	-0.02	-9.69	1.46	-0.05	-9.370000000000001	-2.88	-0.58	-9.74	-0.88	-0.91	-8.620000000000001	-4.5600000000000005
11:30:01.441446	-0.02	-9.69	1.45	-0.05	-9.39	-2.8000000000000003	-0.58	-9.76	-0.74	-0.92	-8.59	-4.63
11:30:01.451588	-0.03	-9.69	1.45	-0.06	-9.41	-2.73	-0.58	-9.76	-0.74	-0.93	-8.56	-4.68
11:30:01.461712	-0.03	-9.69	1.45	-0.06	-9.43	-2.66	-0.6	-9.76	-0.61	-0.9400000000000001	-8.53	-4.73
11:30:01.471962	-0.02	-9.69	1.44	-0.06	-9.450000000000001	-2.59	-0.61	-9.77	-0.54	-0.9500000000000001	-8.5	-4.78
11:30:01.482472	-0.01	-9.69	1.44	-0.07	-9.49	-2.43	-0.62	-9.77	-0.46	-0.96	-8.49	-4.8100000000000005
11:30:01.492640	0.0	-9.700000000000001	1.44	-0.07	-9.51	-2.36	-0.63	-9.77	-0.4	-0.9500000000000001	-8.47	-4.84
11:30:01.502773	0.0	-9.700000000000001	1.43	-0.09	-9.53	-2.29	-0.64	-9.77	-0.33	-0.9400000000000001	-8.44	-4.88
11:30:01.512865	0.0	-9.700000000000001	1.43	-0.11	-9.540000000000001	-2.23	-0.64	-9.78	-0.27	-0.93	-8.42	-4.93
11:30:01.523031	0.0	-9.700000000000001	1.42	-0.14	-9.56	-2.16	-0.64	-9.78	-0.2	-0.91	-8.4	-4.97
11:30:01.533455	0.0	-9.700000000000001	1.42	-0.17	-9.57	-2.1	-0.64	-9.78	-0.15	-0.9	-8.370000000000001	-5.0200000000000005
11:30:01.543567	0.0	-9.700000000000001	1.41	-0.21	-9.59	-2.0300000000000002	-0.64	-9.78	-0.09	-0.89	-8.34	-5.08
11:30:01.553693	0.0	-9.700000000000001	1.41	-0.25	-9.6	-1.96	-0.64	-9.78	-0.09	-0.89	-8.3	-5.13
11:30:01.563978	0.0	-9.700000000000001	1.41	-0.29	-9.61	-1.8900000000000001	-0.64	-9.78	0.02	-0.89	-8.28	-5.16
11:30:01.574076	0.0	-9.700000000000001	1.41	-0.34	-9.620000000000001	-1.82	-0.6	-9.78	0.09	-0.89	-8.26	-5.2
11:30:01.584579	0.0	-9.700000000000001	1.42	-0.38	-9.64	-1.75	-0.6	-9.78	0.14	-0.89	-8.23	-5.24
11:30:01.594879	0.0	-9.700000000000001	1.42	-0.43	-9.65	-1.67	-0.59	-9.78	0.2	-0.88	-8.21	-5.28
11:30:01.605437	0.0	-9.69	1.45	-0.47000000000000003	-9.66	-1.6	-0.59	-9.78	0.26	-0.89	-8.19	-5.3100000000000005
11:30:01.615508	0.0	-9.69	1.46	-0.52	-9.67	-1.54	-0.59	-9.78	0.31	-0.89	-8.17	-5.34
11:30:01.625580	0.0	-9.69	1.48	-0.5700000000000001	-9.67	-1.48	-0.59	-9.78	0.37	-0.88	-8.14	-5.39
11:30:01.635693	0.0	-9.69	1.48	-0.62	-9.68	-1.41	-0.59	-9.78	0.37	-0.88	-8.11	-5.43
11:30:01.646644	0.0	-9.68	1.51	-0.67	-9.68	-1.35	-0.59	-9.77	0.49	-0.88	-8.09	-5.46
11:30:01.656774	0.0	-9.68	1.53	-0.72	-9.69	-1.29	-0.58	-9.77	0.54	-0.88	-8.06	-5.5
11:30:01.666850	0.0	-9.68	1.54	-0.77	-9.69	-1.22	-0.58	-9.76	0.61	-0.86	-8.03	-5.55
11:30:01.676951	0.0	-9.68	1.56	-0.81	-9.700000000000001	-1.1500000000000001	-0.58	-9.76	0.67	-0.85	-8.01	-5.59
11:30:01.687020	0.0	-9.67	1.57	-0.86	-9.700000000000001	-1.09	-0.58	-9.76	0.73	-0.8300000000000001	-7.98	-5.62
11:30:01.697099	0.0	-9.67	1.58	-0.91	-9.71	-1.02	-0.58	-9.75	0.79	-0.8200000000000001	-7.95	-5.67
11:30:01.707174	-0.01	-9.67	1.6	-0.97	-9.71	-0.9500000000000001	-0.58	-9.75	0.86	-0.8	-7.92	-5.72
11:30:01.717239	-0.02	-9.67	1.61	-1.02	-9.71	-0.89	-0.59	-9.74	0.93	-0.79	-7.9	-5.75
11:30:01.727313	-0.03	-9.67	1.61	-1.08	-9.700000000000001	-0.8300000000000001	-0.59	-9.74	0.93	-0.81	-7.87	-5.78
11:30:01.737381	-0.05	-9.67	1.62	-1.1400000000000001	-9.700000000000001	-0.78	-0.6	-9.73	1.06	-0.89	-7.83	-5.83
11:30:01.747453	-0.06	-9.66	1.6300000000000001	-1.2	-9.700000000000001	-0.72	-0.6	-9.72	1.1300000000000001	-0.92	-7.78	-5.89
11:30:01.757558	-0.07	-9.66	1.6300000000000001	-1.27	-9.700000000000001	-0.67	-0.61	-9.71	1.19	-0.93	-7.73	-5.95
11:30:01.767631	-0.09	-9.66	1.6400000000000001	-1.32	-9.69	-0.62	-0.63	-9.700000000000001	1.26	-0.96	-7.68	-6.01
11:30:01.777700	-0.11	-9.66	1.6400000000000001	-1.3800000000000001	-9.69	-0.5700000000000001	-0.64	-9.69	1.33	-0.9500000000000001	-7.62	-6.09
11:30:01.787771	-0.12	-9.66	1.6500000000000001	-1.44	-9.68	-0.52	-0.67	-9.68	1.41	-0.9500000000000001	-7.55	-6.17
11:30:01.797861	-0.13	-9.66	1.6500000000000001	-1.49	-9.68	-0.47000000000000003	-0.6900000000000001	-9.66	1.49	-0.98	-7.49	-6.24
11:30:01.807938	-0.14	-9.66	1.6600000000000001	-1.54	-9.67	-0.43	-0.71	-9.65	1.58	-1.01	-7.42	-6.32
11:30:01.818003	-0.15	-9.66	1.6600000000000001	-1.6	-9.66	-0.4	-0.71	-9.65	1.58	-1.04	-7.3500000000000005	-6.4
11:30:01.828076	-0.15	-9.66	1.6600000000000001	-1.6500000000000001	-9.65	-0.38	-0.77	-9.61	1.78	-1.08	-7.2700000000000005	-6.48
11:30:01.838145	-0.15	-9.66	1.6600000000000001	-1.71	-9.64	-0.37	-0.81	-9.58	1.8900000000000001	-1.1400000000000001	-7.2	-6.55
11:30:01.848212	-0.14	-9.66	1.6600000000000001	-1.76	-9.63	-0.35000000000000003	-0.84	-9.56	1.99	-1.18	-7.11	-6.640000000000001
11:30:01.858313	-0.14	-9.66	1.6500000000000001	-1.82	-9.620000000000001	-0.34	-0.87	-9.53	2.11	-1.23	-7.01	-6.74
11:30:01.868383	-0.13	-9.66	1.6500000000000001	-1.87	-9.620000000000001	-0.33	-0.91	-9.5	2.23	-1.28	-6.91	-6.83
11:30:01.878485	-0.13	-9.66	1.6500000000000001	-1.92	-9.61	-0.32	-0.96	-9.47	2.34	-1.32	-6.8100000000000005	-6.92
11:30:01.888587	-0.13	-9.66	1.6400000000000001	-1.96	-9.6	-0.3	-0.96	-9.47	2.34	-1.35	-6.7	-7.0200000000000005
11:30:01.898665	-0.13	-9.66	1.6300000000000001	-2.0100000000000002	-9.59	-0.29	-1.05	-9.39	2.59	-1.41	-6.58	-7.12
11:30:01.908738	-0.15	-9.67	1.61	-2.05	-9.58	-0.27	-1.1	-9.35	2.72	-1.5	-6.48	-7.2
11:30:01.918804	-0.16	-9.67	1.58	-2.07	-9.57	-0.27	-1.1300000000000001	-9.31	2.85	-1.54	-6.36	-7.29
11:30:01.929224	-0.18	-9.68	1.55	-2.1	-9.57	-0.26	-1.1300000000000001	-9.31	2.85	-1.57	-6.22	-7.41
11:30:01.939348	-0.19	-9.68	1.52	-2.11	-9.57	-0.26	-1.22	-9.200000000000001	3.14	-1.73	-5.92	-7.62
11:30:01.949891	-0.18	-9.69	1.49	-2.12	-9.57	-0.27	-1.22	-9.200000000000001	3.14	-1.79	-5.76	-7.72
11:30:01.960013	-0.17	-9.69	1.47	-2.12	-9.56	-0.3	-1.32	-9.08	3.44	-1.8800000000000001	-5.57	-7.84
11:30:01.970110	-0.15	-9.69	1.45	-2.11	-9.56	-0.34	-1.37	-9.01	3.6	-1.98	-5.38	-7.95
11:30:01.980773	-0.13	-9.69	1.43	-2.1	-9.56	-0.39	-1.43	-8.93	3.7600000000000002	-2.04	-5.2	-8.05
11:30:01.990865	-0.12	-9.700000000000001	1.42	-2.06	-9.56	-0.5700000000000001	-1.52	-8.85	3.93	-2.06	-4.98	-8.18
11:30:02.000976	-0.12	-9.700000000000001	1.42	-2.06	-9.56	-0.5700000000000001	-1.78	-8.65	4.25	-2.06	-4.76	-8.31
11:30:02.011111	-0.12	-9.700000000000001	1.42	-1.98	-9.56	-0.84	-1.78	-8.65	4.25	-2.05	-4.49	-8.46
11:30:02.021179	-0.11	-9.700000000000001	1.42	-1.93	-9.56	-1.0	-1.93	-8.540000000000001	4.4	-2.06	-4.16	-8.63
11:30:02.031741	-0.11	-9.700000000000001	1.42	-1.8900000000000001	-9.540000000000001	-1.18	-2.05	-8.44	4.53	-2.13	-3.72	-8.81
11:30:02.041844	-0.09	-9.700000000000001	1.42	-1.83	-9.53	-1.3800000000000001	-2.17	-8.27	4.78	-2.2	-3.23	-8.99
11:30:02.051964	-0.08	-9.700000000000001	1.41	-1.75	-9.51	-1.6	-2.18	-8.19	4.92	-2.29	-2.7	-9.14
11:30:02.062095	-0.06	-9.700000000000001	1.41	-1.6600000000000001	-9.48	-1.84	-2.18	-8.19	4.92	-2.65	-2.29	-9.15
11:30:02.072218	-0.05	-9.700000000000001	1.4000000000000001	-1.55	-9.450000000000001	-2.06	-2.19	-8.1	5.0600000000000005	-2.96	-2.11	-9.1
11:30:02.082629	-0.04	-9.700000000000001	1.3900000000000001	-1.55	-9.450000000000001	-2.06	-2.19	-8.1	5.0600000000000005	-2.68	-2.16	-9.17
11:30:02.092746	-0.03	-9.700000000000001	1.37	-1.34	-9.41	-2.4	-2.27	-7.930000000000001	5.28	-2.16	-2.27	-9.290000000000001
11:30:02.102878	-0.03	-9.71	1.36	-1.23	-9.38	-2.54	-2.32	-7.84	5.39	-1.9100000000000001	-2.4	-9.31
11:30:02.113002	-0.03	-9.71	1.35	-1.1400000000000001	-9.36	-2.67	-2.31	-7.84	5.41	-1.96	-2.48	-9.28
11:30:02.123075	-0.03	-9.71	1.34	-1.04	-9.34	-2.8000000000000003	-2.27	-7.8500000000000005	5.41	-1.93	-2.52	-9.27
11:30:02.133694	-0.03	-9.71	1.34	-0.9400000000000001	-9.3	-2.93	-2.19	-7.88	5.39	-1.7	-2.65	-9.28
11:30:02.144228	-0.04	-9.71	1.33	-0.84	-9.26	-3.08	-2.19	-7.88	5.39	-1.51	-2.91	-9.23
11:30:02.154537	-0.04	-9.71	1.33	-0.75	-9.22	-3.23	-1.97	-8.02	5.2700000000000005	-1.41	-3.27	-9.13
11:30:02.165066	-0.04	-9.71	1.33	-0.66	-9.18	-3.38	-1.87	-8.120000000000001	5.16	-1.37	-3.59	-9.01
11:30:02.175527	-0.04	-9.71	1.32	-0.5700000000000001	-9.13	-3.5100000000000002	-1.87	-8.120000000000001	5.16	-1.34	-3.85	-8.91
11:30:02.185658	-0.04	-9.71	1.32	-0.5	-9.09	-3.63	-1.73	-8.35	4.83	-1.29	-4.12	-8.8
11:30:02.195746	-0.03	-9.71	1.32	-0.43	-9.040000000000001	-3.75	-1.6600000000000001	-8.48	4.62	-1.25	-4.43	-8.65
11:30:02.206286	-0.03	-9.71	1.32	-0.38	-9.0	-3.86	-1.6600000000000001	-8.48	4.62	-1.21	-4.76	-8.48
11:30:02.216584	-0.02	-9.71	1.32	-0.34	-8.950000000000001	-3.97	-1.49	-8.76	4.12	-1.17	-5.1000000000000005	-8.290000000000001
11:30:02.226654	-0.02	-9.71	1.33	-0.32	-8.9	-4.08	-1.41	-8.91	3.84	-1.1	-5.44	-8.08
11:30:02.236759	-0.01	-9.71	1.33	-0.31	-8.85	-4.19	-1.33	-9.05	3.52	-0.99	-5.79	-7.84
11:30:02.246825	0.0	-9.71	1.34	-0.29	-8.81	-4.28	-1.27	-9.18	3.18	-0.87	-6.13	-7.6000000000000005
11:30:02.256894	0.01	-9.71	1.35	-0.27	-8.78	-4.3500000000000005	-1.23	-9.31	2.8000000000000003	-0.74	-6.45	-7.34
11:30:02.266972	0.02	-9.71	1.35	-0.25	-8.75	-4.41	-1.19	-9.43	2.4	-0.62	-6.73	-7.09
11:30:02.277191	0.03	-9.71	1.36	-0.22	-8.72	-4.47	-1.1500000000000001	-9.53	1.98	-0.5	-6.99	-6.8500000000000005
11:30:02.287304	0.04	-9.71	1.36	-0.18	-8.700000000000001	-4.51	-1.1500000000000001	-9.53	1.98	-0.4	-7.23	-6.6000000000000005
11:30:02.297392	0.06	-9.71	1.36	-0.13	-8.68	-4.55	-1.06	-9.68	1.12	-0.32	-7.48	-6.33
11:30:02.307480	0.07	-9.71	1.36	-0.08	-8.66	-4.58	-1.0	-9.73	0.6900000000000001	-0.26	-7.71	-6.04
11:30:02.317588	0.08	-9.71	1.36	-0.03	-8.65	-4.61	-1.0	-9.73	0.6900000000000001	-0.23	-7.930000000000001	-5.76
11:30:02.327690	0.08	-9.71	1.35	0.02	-8.64	-4.62	-0.88	-9.76	-0.17	-0.23	-8.14	-5.45
11:30:02.337762	0.09	-9.71	1.34	0.08	-8.65	-4.61	-0.8200000000000001	-9.75	-0.6	-0.24	-8.36	-5.1000000000000005
11:30:02.347862	0.09	-9.71	1.34	0.15	-8.65	-4.6000000000000005	-0.76	-9.72	-1.02	-0.25	-8.57	-4.74
11:30:02.357930	0.09	-9.71	1.33	0.21	-8.66	-4.59	-0.71	-9.67	-1.43	-0.26	-8.77	-4.36
11:30:02.368023	0.09	-9.71	1.32	0.27	-8.67	-4.5600000000000005	-0.67	-9.61	-1.83	-0.27	-8.950000000000001	-3.98
11:30:02.378094	0.09	-9.71	1.31	0.32	-8.69	-4.53	-0.63	-9.53	-2.22	-0.28	-9.1	-3.62
11:30:02.388168	0.08	-9.71	1.29	0.38	-8.71	-4.48	-0.6	-9.43	-2.59	-0.28	-9.24	-3.2600000000000002
11:30:02.398242	0.07	-9.72	1.28	0.42	-8.73	-4.43	-0.5700000000000001	-9.33	-2.94	-0.29	-9.35	-2.91
11:30:02.408313	0.06	-9.72	1.27	0.46	-8.76	-4.37	-0.55	-9.22	-3.27	-0.3	-9.450000000000001	-2.58
11:30:02.418438	0.04	-9.72	1.25	0.49	-8.790000000000001	-4.3100000000000005	-0.53	-9.11	-3.58	-0.3	-9.53	-2.27
11:30:02.428509	0.03	-9.72	1.24	0.5	-8.81	-4.26	-0.52	-9.0	-3.85	-0.3	-9.59	-1.99
11:30:02.438630	0.02	-9.72	1.23	0.5	-8.83	-4.21	-0.52	-8.89	-4.09	-0.32	-9.64	-1.74
11:30:02.448713	0.01	-9.72	1.22	0.48	-8.85	-4.17	-0.52	-8.790000000000001	-4.3	-0.35000000000000003	-9.68	-1.51
11:30:02.458826	0.0	-9.73	1.21	0.47000000000000003	-8.870000000000001	-4.15	-0.51	-8.700000000000001	-4.48	-0.39	-9.700000000000001	-1.31
11:30:02.468968	0.0	-9.73	1.21	0.45	-8.870000000000001	-4.13	-0.51	-8.700000000000001	-4.48	-0.43	-9.72	-1.16
11:30:02.479033	-0.01	-9.73	1.2	0.45	-8.88	-4.13	-0.51	-8.700000000000001	-4.48	-0.46	-9.73	-1.04
11:30:02.489111	-0.02	-9.73	1.19	0.45	-8.88	-4.12	-0.51	-8.700000000000001	-4.48	-0.49	-9.74	-0.9400000000000001
11:30:02.499224	-0.03	-9.73	1.19	0.46	-8.88	-4.12	-0.51	-8.700000000000001	-4.48	-0.51	-9.74	-0.9400000000000001
11:30:02.509314	-0.03	-9.73	1.18	0.48	-8.870000000000001	-4.13	-0.4	-8.540000000000001	-4.8	-0.53	-9.74	-0.99
11:30:02.519991	-0.04	-9.73	1.17	0.5	-8.86	-4.15	-0.4	-8.56	-4.75	-0.53	-9.73	-1.06
11:30:02.530055	-0.04	-9.73	1.17	0.51	-8.85	-4.18	-0.4	-8.6	-4.68	-0.53	-9.72	-1.1400000000000001
11:30:02.540153	-0.05	-9.73	1.16	0.51	-8.83	-4.21	-0.41000000000000003	-8.65	-4.59	-0.52	-9.71	-1.25
11:30:02.550523	-0.05	-9.73	1.1500000000000001	0.51	-8.82	-4.24	-0.43	-8.71	-4.47	-0.5	-9.69	-1.36
11:30:02.560863	-0.05	-9.73	1.1400000000000001	0.5	-8.81	-4.26	-0.45	-8.78	-4.33	-0.48	-9.67	-1.49
11:30:02.570985	-0.06	-9.73	1.1400000000000001	0.49	-8.81	-4.2700000000000005	-0.48	-8.85	-4.18	-0.46	-9.66	-1.6
11:30:02.581142	-0.06	-9.74	1.1300000000000001	0.47000000000000003	-8.8	-4.28	-0.52	-8.92	-4.01	-0.43	-9.620000000000001	-1.8
11:30:02.591775	-0.07	-9.74	1.1300000000000001	0.45	-8.8	-4.29	-0.52	-8.92	-4.01	-0.43	-9.59	-1.95
11:30:02.601879	-0.07	-9.74	1.12	0.42	-8.8	-4.29	-0.5700000000000001	-9.0	-3.84	-0.43	-9.58	-2.0
11:30:02.611959	-0.08	-9.74	1.12	0.37	-8.82	-4.25	-0.62	-9.06	-3.67	-0.47000000000000003	-9.61	-1.8800000000000001
11:30:02.622127	-0.1	-9.74	1.12	0.34	-8.86	-4.18	-0.7000000000000001	-9.16	-3.42	-0.45	-9.66	-1.62
11:30:02.632740	-0.12	-9.74	1.12	0.3	-8.9	-4.1	-0.75	-9.17	-3.37	-0.3	-9.64	-1.75
11:30:02.642813	-0.14	-9.74	1.12	0.23	-8.94	-4.0	-0.8	-9.19	-3.31	-0.27	-9.57	-2.08
11:30:02.652883	-0.16	-9.73	1.1300000000000001	0.16	-8.98	-3.91	-0.8300000000000001	-9.23	-3.19	-0.38	-9.5	-2.38
11:30:02.662982	-0.19	-9.73	1.1500000000000001	0.11	-9.01	-3.84	-0.84	-9.27	-3.06	-0.49	-9.4	-2.72
11:30:02.673056	-0.21	-9.73	1.16	0.09	-9.03	-3.81	-0.8200000000000001	-9.31	-2.95	-0.56	-9.290000000000001	-3.06
11:30:02.683846	-0.22	-9.73	1.18	0.09	-9.03	-3.8000000000000003	-0.8200000000000001	-9.31	-2.95	-0.61	-9.22	-3.27
11:30:02.693972	-0.23	-9.73	1.19	0.09	-9.03	-3.8000000000000003	-0.77	-9.370000000000001	-2.75	-0.71	-9.17	-3.38
11:30:02.704051	-0.23	-9.72	1.21	0.1	-9.040000000000001	-3.7800000000000002	-0.77	-9.370000000000001	-2.75	-0.78	-9.14	-3.45
11:30:02.714689	-0.24	-9.72	1.22	0.11	-9.06	-3.75	-0.77	-9.370000000000001	-2.75	-0.8300000000000001	-9.15	-3.4
11:30:02.724771	-0.24	-9.72	1.23	0.11	-9.07	-3.71	-0.77	-9.370000000000001	-2.75	-0.84	-9.18	-3.3200000000000003
11:30:02.734902	-0.24	-9.72	1.24	0.12	-9.09	-3.66	-0.8200000000000001	-9.49	-2.3000000000000003	-0.86	-9.17	-3.34
11:30:02.744969	-0.24	-9.72	1.25	0.13	-9.120000000000001	-3.59	-0.8200000000000001	-9.49	-2.3000000000000003	-0.89	-9.120000000000001	-3.47
11:30:02.755036	-0.24	-9.72	1.26	0.14	-9.15	-3.5100000000000002	-0.78	-9.540000000000001	-2.09	-0.91	-9.06	-3.61
11:30:02.765125	-0.22	-9.72	1.28	0.14	-9.19	-3.41	-0.76	-9.56	-2.0	-0.9400000000000001	-9.0	-3.75
11:30:02.775744	-0.2	-9.71	1.29	0.14	-9.22	-3.3200000000000003	-0.76	-9.56	-2.0	-0.96	-8.950000000000001	-3.88
11:30:02.785831	-0.14	-9.71	1.32	0.12	-9.25	-3.24	-0.71	-9.6	-1.82	-0.9500000000000001	-8.92	-3.95
11:30:02.795967	-0.12	-9.71	1.34	0.09	-9.27	-3.17	-0.68	-9.620000000000001	-1.73	-0.91	-8.91	-3.97
11:30:02.806074	-0.09	-9.71	1.35	0.04	-9.290000000000001	-3.13	-0.68	-9.620000000000001	-1.73	-0.86	-8.89	-4.0200000000000005
11:30:02.816684	-0.07	-9.71	1.37	0.0	-9.3	-3.09	-0.68	-9.620000000000001	-1.73	-0.8300000000000001	-8.86	-4.1
11:30:02.826768	-0.06	-9.700000000000001	1.3800000000000001	-0.06	-9.31	-3.0700000000000003	-0.66	-9.67	-1.46	-0.8300000000000001	-8.82	-4.19
11:30:02.836857	-0.05	-9.700000000000001	1.3800000000000001	-0.11	-9.31	-3.06	-0.66	-9.67	-1.46	-0.84	-8.78	-4.26
11:30:02.846928	-0.04	-9.700000000000001	1.3900000000000001	-0.16	-9.32	-3.0300000000000002	-0.66	-9.68	-1.37	-0.87	-8.75	-4.32
11:30:02.857005	-0.03	-9.700000000000001	1.3900000000000001	-0.2	-9.34	-2.97	-0.67	-9.700000000000001	-1.19	-0.89	-8.73	-4.36
11:30:02.867072	-0.03	-9.700000000000001	1.3900000000000001	-0.22	-9.36	-2.9	-0.67	-9.71	-1.11	-0.89	-8.72	-4.39
11:30:02.877546	-0.03	-9.700000000000001	1.3900000000000001	-0.24	-9.38	-2.82	-0.67	-9.71	-1.11	-0.87	-8.71	-4.42
11:30:02.887633	-0.03	-9.700000000000001	1.3800000000000001	-0.26	-9.41	-2.74	-0.67	-9.72	-1.04	-0.85	-8.68	-4.46
11:30:02.897708	-0.02	-9.700000000000001	1.3800000000000001	-0.28	-9.43	-2.67	-0.67	-9.73	-0.97	-0.8300000000000001	-8.65	-4.53
11:30:02.907784	-0.01	-9.700000000000001	1.3800000000000001	-0.3	-9.450000000000001	-2.59	-0.67	-9.74	-0.89	-0.8300000000000001	-8.61	-4.6000000000000005
11:30:02.917849	0.0	-9.700000000000001	1.3800000000000001	-0.31	-9.47	-2.52	-0.67	-9.74	-0.89	-0.8300000000000001	-8.57	-4.67
11:30:02.927922	0.01	-9.700000000000001	1.3800000000000001	-0.32	-9.49	-2.44	-0.67	-9.74	-0.89	-0.8200000000000001	-8.55	-4.73
11:30:02.937992	0.03	-9.700000000000001	1.3800000000000001	-0.33	-9.51	-2.35	-0.68	-9.75	-0.71	-0.81	-8.52	-4.7700000000000005
11:30:02.948061	0.05	-9.700000000000001	1.3800000000000001	-0.34	-9.53	-2.2600000000000002	-0.68	-9.75	-0.71	-0.81	-8.5	-4.8
11:30:02.958182	0.07	-9.700000000000001	1.37	-0.35000000000000003	-9.55	-2.18	-0.7000000000000001	-9.76	-0.59	-0.79	-8.48	-4.84
11:30:02.968253	0.08	-9.700000000000001	1.37	-0.37	-9.56	-2.1	-0.71	-9.76	-0.53	-0.78	-8.46	-4.88
11:30:02.978379	0.1	-9.700000000000001	1.36	-0.39	-9.58	-2.0300000000000002	-0.72	-9.76	-0.47000000000000003	-0.77	-8.44	-4.91
11:30:02.988443	0.11	-9.71	1.36	-0.43	-9.59	-1.96	-0.73	-9.77	-0.4	-0.75	-8.43	-4.94
11:30:02.998511	0.12	-9.71	1.36	-0.47000000000000003	-9.61	-1.8800000000000001	-0.73	-9.77	-0.34	-0.73	-8.41	-4.97
11:30:03.008580	0.13	-9.71	1.35	-0.52	-9.620000000000001	-1.81	-0.74	-9.77	-0.28	-0.72	-8.39	-5.01
11:30:03.018649	0.14	-9.71	1.35	-0.5700000000000001	-9.63	-1.74	-0.75	-9.77	-0.22	-0.72	-8.36	-5.0600000000000005
11:30:03.028729	0.14	-9.71	1.35	-0.62	-9.64	-1.68	-0.75	-9.77	-0.17	-0.73	-8.34	-5.09
11:30:03.038828	0.15	-9.71	1.36	-0.67	-9.64	-1.61	-0.76	-9.77	-0.11	-0.74	-8.31	-5.14
11:30:03.048899	0.16	-9.700000000000001	1.36	-0.72	-9.65	-1.54	-0.76	-9.77	-0.05	-0.76	-8.28	-5.19
11:30:03.058970	0.17	-9.700000000000001	1.36	-0.76	-9.66	-1.48	-0.76	-9.77	-0.05	-0.77	-8.25	-5.23
11:30:03.069071	0.18	-9.700000000000001	1.37	-0.8	-9.66	-1.41	-0.77	-9.77	0.05	-0.77	-8.23	-5.26
11:30:03.079189	0.19	-9.700000000000001	1.3800000000000001	-0.84	-9.67	-1.35	-0.77	-9.77	0.05	-0.77	-8.21	-5.29
11:30:03.089257	0.2	-9.700000000000001	1.3900000000000001	-0.89	-9.68	-1.28	-0.77	-9.77	0.05	-0.76	-8.18	-5.3500000000000005
11:30:03.099411	0.21	-9.700000000000001	1.41	-0.93	-9.68	-1.22	-0.77	-9.77	0.23	-0.75	-8.120000000000001	-5.43
11:30:03.110070	0.22	-9.69	1.42	-0.97	-9.68	-1.16	-0.77	-9.77	0.29	-0.75	-8.09	-5.48
11:30:03.120169	0.22	-9.69	1.43	-1.01	-9.69	-1.1	-0.77	-9.76	0.36	-0.75	-8.05	-5.53
11:30:03.130732	0.22	-9.69	1.45	-1.05	-9.69	-1.04	-0.77	-9.76	0.36	-0.74	-8.02	-5.57
11:30:03.140877	0.21	-9.69	1.46	-1.1	-9.69	-0.99	-0.77	-9.76	0.49	-0.74	-8.0	-5.61
11:30:03.151551	0.2	-9.69	1.47	-1.1400000000000001	-9.69	-0.93	-0.77	-9.76	0.49	-0.73	-7.97	-5.65
11:30:03.161622	0.19	-9.69	1.49	-1.18	-9.69	-0.88	-0.77	-9.76	0.49	-0.72	-7.94	-5.7
11:30:03.171757	0.18	-9.68	1.5	-1.23	-9.69	-0.8300000000000001	-0.77	-9.75	0.7000000000000001	-0.7000000000000001	-7.91	-5.74
11:30:03.181877	0.17	-9.68	1.51	-1.28	-9.69	-0.78	-0.77	-9.75	0.7000000000000001	-0.6900000000000001	-7.88	-5.78
11:30:03.192630	0.17	-9.68	1.51	-1.33	-9.68	-0.74	-0.77	-9.75	0.7000000000000001	-0.6900000000000001	-7.88	-5.78
11:30:03.202742	0.15	-9.68	1.53	-1.3800000000000001	-9.68	-0.71	-0.79	-9.73	0.92	-0.6900000000000001	-7.84	-5.83
11:30:03.212845	0.14	-9.68	1.54	-1.43	-9.67	-0.67	-0.79	-9.72	1.0	-0.78	-7.75	-5.95
11:30:03.222933	0.13	-9.68	1.55	-1.53	-9.66	-0.59	-0.81	-9.700000000000001	1.16	-0.8	-7.7	-6.01
11:30:03.233642	0.12	-9.67	1.56	-1.58	-9.66	-0.55	-0.81	-9.69	1.23	-0.81	-7.63	-6.09
11:30:03.243761	0.11	-9.67	1.58	-1.6300000000000001	-9.65	-0.5	-0.8300000000000001	-9.68	1.31	-0.84	-7.57	-6.17
11:30:03.254130	0.11	-9.67	1.59	-1.68	-9.64	-0.46	-0.85	-9.66	1.3900000000000001	-0.87	-7.51	-6.24
11:30:03.264201	0.1	-9.67	1.6	-1.74	-9.64	-0.42	-0.87	-9.65	1.47	-0.9	-7.44	-6.32
11:30:03.274684	0.1	-9.67	1.61	-1.79	-9.63	-0.4	-0.89	-9.63	1.56	-0.9400000000000001	-7.36	-6.4
11:30:03.285407	0.1	-9.66	1.6300000000000001	-1.79	-9.63	-0.4	-0.89	-9.63	1.56	-0.99	-7.28	-6.48
11:30:03.295503	0.11	-9.66	1.6300000000000001	-1.9000000000000001	-9.61	-0.38	-0.9400000000000001	-9.6	1.75	-1.05	-7.2	-6.5600000000000005
11:30:03.305579	0.11	-9.66	1.6400000000000001	-1.95	-9.6	-0.38	-0.9400000000000001	-9.6	1.75	-1.1	-7.11	-6.65
11:30:03.315711	0.11	-9.66	1.6500000000000001	-2.0	-9.59	-0.38	-1.0	-9.55	1.94	-1.1500000000000001	-7.01	-6.75
11:30:03.325777	0.11	-9.66	1.6500000000000001	-2.05	-9.58	-0.38	-1.04	-9.53	2.05	-1.21	-6.91	-6.84
11:30:03.336405	0.11	-9.66	1.6600000000000001	-2.09	-9.57	-0.38	-1.08	-9.5	2.16	-1.26	-6.82	-6.92
11:30:03.346478	0.1	-9.66	1.6600000000000001	-2.13	-9.56	-0.37	-1.12	-9.47	2.27	-1.31	-6.71	-7.0200000000000005
11:30:03.356544	0.09	-9.66	1.6500000000000001	-2.17	-9.55	-0.37	-1.16	-9.43	2.38	-1.36	-6.59	-7.13
11:30:03.366676	0.08	-9.66	1.6400000000000001	-2.2	-9.540000000000001	-0.37	-1.21	-9.4	2.5100000000000002	-1.4000000000000001	-6.48	-7.22
11:30:03.376798	0.06	-9.66	1.6300000000000001	-2.23	-9.540000000000001	-0.38	-1.26	-9.36	2.63	-1.46	-6.36	-7.3100000000000005
11:30:03.387217	0.04	-9.67	1.61	-2.24	-9.53	-0.4	-1.3	-9.31	2.7600000000000002	-1.55	-6.23	-7.4
11:30:03.397378	0.02	-9.67	1.59	-2.25	-9.53	-0.42	-1.35	-9.26	2.9	-1.6	-6.08	-7.5200000000000005
11:30:03.407441	0.01	-9.67	1.58	-2.25	-9.53	-0.45	-1.3900000000000001	-9.21	3.0500000000000003	-1.6400000000000001	-5.93	-7.63
11:30:03.417510	0.01	-9.67	1.58	-2.25	-9.53	-0.5	-1.43	-9.15	3.2	-1.71	-5.7700000000000005	-7.74
11:30:03.427585	0.03	-9.68	1.56	-2.23	-9.53	-0.55	-1.47	-9.09	3.36	-1.8	-5.57	-7.86
11:30:03.437705	0.05	-9.68	1.55	-2.21	-9.53	-0.63	-1.51	-9.02	3.5300000000000002	-1.8800000000000001	-5.38	-7.97
11:30:03.447793	0.07	-9.68	1.55	-2.18	-9.53	-0.72	-1.56	-8.94	3.7	-1.96	-5.19	-8.08
11:30:03.457866	0.09	-9.68	1.54	-2.14	-9.53	-0.8300000000000001	-1.62	-8.85	3.88	-2.0	-4.99	-8.19
11:30:03.467938	0.1	-9.68	1.53	-2.1	-9.52	-0.96	-1.72	-8.76	4.05	-1.98	-4.7700000000000005	-8.32
11:30:03.478012	0.1	-9.68	1.53	-2.05	-9.52	-1.11	-1.85	-8.65	4.21	-1.97	-4.49	-8.48
11:30:03.488151	0.12	-9.68	1.53	-2.0	-9.51	-1.28	-1.99	-8.55	4.36	-2.0100000000000002	-4.16	-8.64
11:30:03.498216	0.13	-9.68	1.52	-1.93	-9.5	-1.46	-2.1	-8.45	4.5	-2.07	-3.72	-8.83
11:30:03.508400	0.15	-9.68	1.52	-1.86	-9.48	-1.67	-2.1	-8.45	4.5	-2.15	-3.24	-8.99
11:30:03.518497	0.16	-9.68	1.51	-1.77	-9.450000000000001	-1.8900000000000001	-2.24	-8.25	4.8	-2.27	-2.7600000000000002	-9.120000000000001
11:30:03.528594	0.18	-9.68	1.5	-1.6600000000000001	-9.42	-2.11	-2.27	-8.15	4.94	-2.46	-2.2800000000000002	-9.21
11:30:03.538733	0.19	-9.69	1.49	-1.55	-9.4	-2.29	-2.31	-8.06	5.0600000000000005	-2.74	-1.8800000000000001	-9.22
11:30:03.548800	0.2	-9.69	1.47	-1.44	-9.38	-2.43	-2.34	-7.98	5.19	-2.95	-1.69	-9.19
11:30:03.558877	0.21	-9.69	1.45	-1.33	-9.370000000000001	-2.56	-2.35	-7.9	5.3100000000000005	-2.75	-1.71	-9.25
11:30:03.569505	0.22	-9.69	1.44	-1.23	-9.35	-2.67	-2.36	-7.82	5.41	-2.35	-1.86	-9.33
11:30:03.579620	0.22	-9.69	1.42	-1.1400000000000001	-9.33	-2.7800000000000002	-2.37	-7.76	5.49	-2.02	-2.29	-9.31
11:30:03.589763	0.22	-9.700000000000001	1.41	-1.05	-9.3	-2.91	-2.36	-7.74	5.53	-2.0100000000000002	-2.43	-9.28
11:30:03.600441	0.23	-9.700000000000001	1.41	-0.97	-9.26	-3.0500000000000003	-2.33	-7.74	5.53	-1.8900000000000001	-2.62	-9.25
11:30:03.610528	0.23	-9.700000000000001	1.41	-0.89	-9.22	-3.19	-2.2800000000000002	-7.7700000000000005	5.51	-1.7	-2.94	-9.19
11:30:03.620651	0.24	-9.700000000000001	1.4000000000000001	-0.8	-9.18	-3.33	-2.2	-7.82	5.47	-1.59	-3.34	-9.08
11:30:03.630834	0.24	-9.700000000000001	1.4000000000000001	-0.72	-9.14	-3.46	-2.1	-7.9	5.4	-1.58	-3.69	-8.94
11:30:03.641481	0.25	-9.700000000000001	1.41	-0.65	-9.1	-3.59	-2.0	-7.99	5.3100000000000005	-1.59	-3.96	-8.82
11:30:03.651577	0.26	-9.700000000000001	1.41	-0.52	-9.02	-3.79	-1.8900000000000001	-8.1	5.18	-1.55	-4.21	-8.71
11:30:03.661671	0.27	-9.700000000000001	1.41	-0.47000000000000003	-8.98	-3.89	-1.71	-8.36	4.83	-1.5	-4.5	-8.57
11:30:03.671745	0.28	-9.69	1.41	-0.43	-8.94	-3.98	-1.62	-8.5	4.6000000000000005	-1.44	-4.8500000000000005	-8.39
11:30:03.682307	0.29	-9.69	1.42	-0.4	-8.9	-4.09	-1.62	-8.5	4.6000000000000005	-1.37	-5.22	-8.18
11:30:03.692385	0.29	-9.69	1.42	-0.39	-8.85	-4.19	-1.47	-8.790000000000001	4.07	-1.25	-5.59	-7.95
11:30:03.702524	0.29	-9.69	1.42	-0.38	-8.81	-4.2700000000000005	-1.42	-8.94	3.7600000000000002	-1.12	-5.94	-7.72
11:30:03.712645	0.3	-9.69	1.43	-0.37	-8.78	-4.33	-1.37	-9.08	3.42	-0.99	-6.25	-7.48
11:30:03.723185	0.3	-9.69	1.43	-0.35000000000000003	-8.76	-4.39	-1.34	-9.22	3.0500000000000003	-0.86	-6.54	-7.25
11:30:03.733302	0.31	-9.69	1.44	-0.31	-8.73	-4.44	-1.31	-9.34	2.65	-0.74	-6.8	-7.0200000000000005
11:30:03.743430	0.31	-9.69	1.44	-0.27	-8.72	-4.47	-1.27	-9.46	2.23	-0.64	-7.04	-6.78
11:30:03.753554	0.32	-9.69	1.44	-0.22	-8.700000000000001	-4.5	-1.23	-9.56	1.8	-0.55	-7.28	-6.53
11:30:03.764189	0.33	-9.69	1.43	-0.17	-8.69	-4.53	-1.18	-9.63	1.36	-0.47000000000000003	-7.53	-6.25
11:30:03.774280	0.34	-9.69	1.43	-0.1	-8.68	-4.54	-1.12	-9.69	0.93	-0.43	-7.7700000000000005	-5.95
11:30:03.784397	0.34	-9.69	1.42	-0.03	-8.68	-4.55	-1.06	-9.73	0.5	-0.42	-8.0	-5.65
11:30:03.794469	0.35000000000000003	-9.69	1.41	0.03	-8.69	-4.54	-1.06	-9.73	0.5	-0.41000000000000003	-8.21	-5.34
11:30:03.805047	0.35000000000000003	-9.69	1.4000000000000001	0.1	-8.69	-4.5200000000000005	-0.93	-9.75	-0.33	-0.41000000000000003	-8.4	-5.0200000000000005
11:30:03.815163	0.34	-9.700000000000001	1.3900000000000001	0.16	-8.71	-4.5	-0.86	-9.73	-0.74	-0.42	-8.6	-4.69
11:30:03.825240	0.33	-9.700000000000001	1.3800000000000001	0.21	-8.72	-4.47	-0.8	-9.700000000000001	-1.1400000000000001	-0.42	-8.77	-4.3500000000000005
11:30:03.835312	0.32	-9.700000000000001	1.36	0.26	-8.73	-4.44	-0.8	-9.700000000000001	-1.1400000000000001	-0.4	-8.94	-3.99
11:30:03.845425	0.31	-9.700000000000001	1.35	0.3	-8.75	-4.4	-0.7000000000000001	-9.59	-1.9100000000000001	-0.4	-9.09	-3.64
11:30:03.855496	0.29	-9.71	1.33	0.34	-8.77	-4.3500000000000005	-0.7000000000000001	-9.59	-1.9100000000000001	-0.41000000000000003	-9.21	-3.33
11:30:03.865571	0.27	-9.71	1.32	0.36	-8.8	-4.3100000000000005	-0.62	-9.43	-2.61	-0.42	-9.31	-3.04
11:30:03.875692	0.25	-9.71	1.31	0.38	-8.82	-4.25	-0.62	-9.43	-2.61	-0.42	-9.39	-2.7800000000000002
11:30:03.885763	0.23	-9.71	1.3	0.38	-8.84	-4.21	-0.55	-9.24	-3.21	-0.43	-9.46	-2.5300000000000002
11:30:03.895897	0.18	-9.72	1.28	0.38	-8.86	-4.17	-0.54	-9.15	-3.46	-0.45	-9.52	-2.29
11:30:03.906025	0.16	-9.72	1.27	0.37	-8.88	-4.14	-0.53	-9.06	-3.69	-0.46	-9.57	-2.08
11:30:03.916098	0.13	-9.72	1.26	0.36	-8.89	-4.11	-0.54	-8.98	-3.88	-0.48	-9.61	-1.8900000000000001
11:30:03.926556	0.11	-9.72	1.26	0.36	-8.9	-4.08	-0.54	-8.98	-3.88	-0.51	-9.63	-1.73
11:30:03.936624	0.09	-9.72	1.25	0.37	-8.91	-4.0600000000000005	-0.54	-8.98	-3.88	-0.52	-9.65	-1.62
11:30:03.946701	0.07	-9.72	1.24	0.38	-8.92	-4.04	-0.54	-8.82	-4.24	-0.54	-9.66	-1.54
11:30:03.956772	0.05	-9.72	1.23	0.4	-8.93	-4.0200000000000005	-0.53	-8.8	-4.29	-0.55	-9.67	-1.49
11:30:03.966843	0.03	-9.72	1.22	0.43	-8.93	-4.01	-0.53	-8.790000000000001	-4.3	-0.5700000000000001	-9.67	-1.49
11:30:03.976956	0.01	-9.73	1.22	0.45	-8.93	-4.01	-0.52	-8.8	-4.2700000000000005	-0.58	-9.66	-1.52
11:30:03.987030	0.0	-9.73	1.21	0.47000000000000003	-8.92	-4.03	-0.52	-8.83	-4.22	-0.5700000000000001	-9.65	-1.61
11:30:03.997112	-0.02	-9.73	1.2	0.48	-8.91	-4.05	-0.51	-8.870000000000001	-4.13	-0.55	-9.63	-1.72
11:30:04.007191	-0.03	-9.73	1.2	0.49	-8.9	-4.07	-0.51	-8.92	-4.0200000000000005	-0.52	-9.61	-1.86
11:30:04.017262	-0.04	-9.73	1.19	0.49	-8.89	-4.1	-0.52	-8.98	-3.88	-0.49	-9.58	-2.0300000000000002
11:30:04.027336	-0.05	-9.73	1.18	0.49	-8.88	-4.11	-0.53	-9.05	-3.73	-0.45	-9.540000000000001	-2.2
11:30:04.037438	-0.06	-9.73	1.18	0.48	-8.88	-4.12	-0.55	-9.120000000000001	-3.5500000000000003	-0.43	-9.5	-2.35
11:30:04.047561	-0.07	-9.73	1.18	0.47000000000000003	-8.88	-4.13	-0.56	-9.18	-3.38	-0.44	-9.49	-2.39
11:30:04.057630	-0.07	-9.73	1.19	0.45	-8.88	-4.13	-0.56	-9.23	-3.25	-0.36	-9.49	-2.43
11:30:04.067697	-0.09	-9.73	1.2	0.43	-8.88	-4.12	-0.59	-9.26	-3.14	-0.29	-9.46	-2.5500000000000003
11:30:04.077770	-0.1	-9.73	1.21	0.41000000000000003	-8.88	-4.11	-0.63	-9.3	-3.0300000000000002	-0.36	-9.41	-2.72
11:30:04.087840	-0.12	-9.72	1.22	0.41000000000000003	-8.89	-4.11	-0.67	-9.34	-2.9	-0.51	-9.33	-2.95
11:30:04.097917	-0.13	-9.72	1.23	0.42	-8.89	-4.09	-0.6900000000000001	-9.38	-2.7600000000000002	-0.65	-9.23	-3.23
11:30:04.107987	-0.14	-9.72	1.24	0.43	-8.91	-4.0600000000000005	-0.7000000000000001	-9.41	-2.63	-0.78	-9.120000000000001	-3.5
11:30:04.118085	-0.15	-9.72	1.25	0.43	-8.92	-4.03	-0.6900000000000001	-9.450000000000001	-2.52	-0.89	-9.05	-3.66
11:30:04.128157	-0.15	-9.72	1.25	0.42	-8.94	-3.99	-0.67	-9.47	-2.42	-0.98	-8.99	-3.7800000000000002
11:30:04.138231	-0.16	-9.72	1.26	0.4	-8.96	-3.95	-0.64	-9.5	-2.31	-1.03	-8.96	-3.84
11:30:04.148467	-0.17	-9.72	1.27	0.37	-8.98	-3.9	-0.63	-9.53	-2.21	-1.03	-8.98	-3.8000000000000003
11:30:04.158637	-0.17	-9.72	1.28	0.36	-9.01	-3.83	-0.62	-9.55	-2.11	-1.0	-8.99	-3.7800000000000002
11:30:04.168709	-0.17	-9.71	1.29	0.35000000000000003	-9.05	-3.75	-0.62	-9.57	-2.02	-0.98	-8.97	-3.84
11:30:04.179073	-0.15	-9.71	1.29	0.37	-9.09	-3.63	-0.61	-9.59	-1.93	-0.97	-8.93	-3.92
11:30:04.189140	-0.13	-9.71	1.3	0.38	-9.15	-3.5	-0.59	-9.61	-1.85	-0.97	-8.89	-4.0200000000000005
11:30:04.199410	-0.11	-9.71	1.31	0.38	-9.19	-3.37	-0.54	-9.64	-1.71	-0.98	-8.84	-4.13
11:30:04.209534	-0.11	-9.71	1.31	0.36	-9.23	-3.2600000000000002	-0.54	-9.64	-1.71	-0.99	-8.8	-4.2
11:30:04.219624	-0.07	-9.71	1.34	0.31	-9.27	-3.18	-0.52	-9.65	-1.6400000000000001	-0.99	-8.78	-4.23
11:30:04.229700	-0.05	-9.71	1.35	0.25	-9.290000000000001	-3.11	-0.49	-9.67	-1.5	-0.99	-8.77	-4.2700000000000005
11:30:04.240291	-0.04	-9.71	1.36	0.17	-9.31	-3.06	-0.48	-9.68	-1.43	-1.0	-8.73	-4.33
11:30:04.250662	-0.03	-9.700000000000001	1.37	0.1	-9.32	-3.0300000000000002	-0.48	-9.68	-1.43	-1.0	-8.73	-4.33
11:30:04.260736	-0.03	-9.700000000000001	1.3800000000000001	0.03	-9.33	-3.0	-0.48	-9.700000000000001	-1.29	-1.06	-8.68	-4.42
11:30:04.271114	-0.03	-9.700000000000001	1.4000000000000001	-0.02	-9.35	-2.94	-0.48	-9.71	-1.23	-1.07	-8.67	-4.44
11:30:04.281246	-0.03	-9.700000000000001	1.4000000000000001	-0.06	-9.370000000000001	-2.86	-0.48	-9.72	-1.16	-1.08	-8.66	-4.46
11:30:04.291357	-0.04	-9.700000000000001	1.41	-0.11	-9.43	-2.66	-0.48	-9.73	-1.09	-1.08	-8.66	-4.46
11:30:04.301500	-0.05	-9.700000000000001	1.41	-0.11	-9.43	-2.66	-0.48	-9.73	-1.03	-1.03	-8.63	-4.5200000000000005
11:30:04.312110	-0.06	-9.700000000000001	1.41	-0.13	-9.46	-2.5500000000000003	-0.47000000000000003	-9.74	-0.98	-1.0	-8.6	-4.59
11:30:04.322247	-0.07	-9.700000000000001	1.41	-0.18	-9.51	-2.35	-0.47000000000000003	-9.75	-0.92	-0.99	-8.56	-4.67
11:30:04.332983	-0.07	-9.700000000000001	1.41	-0.2	-9.53	-2.2600000000000002	-0.46	-9.75	-0.86	-0.98	-8.53	-4.72
11:30:04.343051	-0.07	-9.700000000000001	1.41	-0.22	-9.56	-2.16	-0.47000000000000003	-9.76	-0.81	-0.98	-8.51	-4.76
11:30:04.353193	-0.06	-9.700000000000001	1.41	-0.24	-9.58	-2.06	-0.47000000000000003	-9.76	-0.76	-0.99	-8.5	-4.78
11:30:04.363318	-0.06	-9.700000000000001	1.41	-0.27	-9.6	-1.97	-0.48	-9.76	-0.71	-1.0	-8.48	-4.8
11:30:04.373769	-0.04	-9.700000000000001	1.4000000000000001	-0.3	-9.61	-1.8800000000000001	-0.49	-9.77	-0.65	-1.01	-8.47	-4.83
11:30:04.383889	-0.03	-9.700000000000001	1.4000000000000001	-0.34	-9.63	-1.81	-0.5	-9.77	-0.6	-1.0	-8.45	-4.8500000000000005
11:30:04.393984	-0.02	-9.700000000000001	1.3900000000000001	-0.34	-9.63	-1.81	-0.51	-9.77	-0.55	-1.0	-8.43	-4.89
11:30:04.404151	-0.01	-9.700000000000001	1.3900000000000001	-0.42	-9.65	-1.67	-0.51	-9.78	-0.49	-1.0	-8.41	-4.93
11:30:04.414755	0.0	-9.700000000000001	1.3800000000000001	-0.47000000000000003	-9.66	-1.6	-0.52	-9.78	-0.44	-0.98	-8.38	-4.98
11:30:04.424828	0.0	-9.700000000000001	1.3800000000000001	-0.52	-9.67	-1.52	-0.52	-9.78	-0.39	-0.96	-8.36	-5.03
11:30:04.435397	0.01	-9.71	1.37	-0.5700000000000001	-9.68	-1.44	-0.47000000000000003	-9.78	-0.32	-0.9500000000000001	-8.33	-5.08
11:30:04.445852	0.02	-9.71	1.37	-0.62	-9.69	-1.36	-0.43	-9.790000000000001	-0.26	-0.9500000000000001	-8.3	-5.12
11:30:04.456021	0.03	-9.71	1.37	-0.67	-9.69	-1.27	-0.4	-9.790000000000001	-0.2	-0.9500000000000001	-8.28	-5.16
11:30:04.466092	0.04	-9.700000000000001	1.37	-0.73	-9.700000000000001	-1.19	-0.41000000000000003	-9.790000000000001	-0.15	-0.96	-8.25	-5.2
11:30:04.476166	0.05	-9.700000000000001	1.37	-0.78	-9.71	-1.11	-0.41000000000000003	-9.790000000000001	-0.1	-0.9500000000000001	-8.22	-5.25
11:30:04.486242	0.06	-9.700000000000001	1.3800000000000001	-0.84	-9.71	-1.04	-0.42	-9.790000000000001	-0.04	-0.9400000000000001	-8.21	-5.2700000000000005
11:30:04.496319	0.07	-9.700000000000001	1.3900000000000001	-0.84	-9.71	-1.04	-0.43	-9.790000000000001	0.01	-0.9400000000000001	-8.18	-5.3100000000000005
11:30:04.506400	0.08	-9.700000000000001	1.4000000000000001	-0.9400000000000001	-9.71	-0.91	-0.43	-9.790000000000001	0.07	-0.93	-8.15	-5.36
11:30:04.516470	0.09	-9.700000000000001	1.42	-0.99	-9.71	-0.86	-0.43	-9.790000000000001	0.12	-0.92	-8.120000000000001	-5.42
11:30:04.526544	0.11	-9.700000000000001	1.43	-1.04	-9.71	-0.8	-0.44	-9.790000000000001	0.19	-0.92	-8.09	-5.46
11:30:04.536612	0.12	-9.69	1.45	-1.09	-9.71	-0.76	-0.44	-9.790000000000001	0.27	-0.9	-8.05	-5.51
11:30:04.546687	0.13	-9.69	1.46	-1.1300000000000001	-9.71	-0.71	-0.44	-9.790000000000001	0.34	-0.88	-8.01	-5.57
11:30:04.556768	0.13	-9.69	1.48	-1.17	-9.71	-0.67	-0.45	-9.78	0.42	-0.87	-7.98	-5.62
11:30:04.566840	0.14	-9.69	1.49	-1.21	-9.71	-0.63	-0.45	-9.78	0.51	-0.87	-7.95	-5.67
11:30:04.576943	0.14	-9.68	1.51	-1.24	-9.700000000000001	-0.6	-0.46	-9.77	0.6	-0.85	-7.91	-5.72
11:30:04.587012	0.13	-9.68	1.52	-1.28	-9.700000000000001	-0.56	-0.47000000000000003	-9.77	0.6900000000000001	-0.8300000000000001	-7.86	-5.79
11:30:04.597087	0.13	-9.68	1.54	-1.28	-9.700000000000001	-0.56	-0.47000000000000003	-9.76	0.79	-0.84	-7.83	-5.84
11:30:04.607167	0.13	-9.68	1.55	-1.35	-9.69	-0.5	-0.48	-9.75	0.89	-0.9400000000000001	-7.78	-5.88
11:30:04.617234	0.12	-9.68	1.56	-1.3900000000000001	-9.69	-0.47000000000000003	-0.49	-9.74	0.99	-0.98	-7.72	-5.96
11:30:04.627303	0.11	-9.67	1.57	-1.43	-9.69	-0.44	-0.5	-9.73	1.08	-0.97	-7.65	-6.05
11:30:04.637384	0.1	-9.67	1.58	-1.47	-9.68	-0.41000000000000003	-0.51	-9.72	1.18	-0.99	-7.58	-6.13
11:30:04.647458	0.09	-9.67	1.59	-1.52	-9.68	-0.38	-0.53	-9.700000000000001	1.27	-0.99	-7.51	-6.22
11:30:04.657536	0.08	-9.67	1.6	-1.56	-9.67	-0.34	-0.56	-9.69	1.37	-0.99	-7.43	-6.3100000000000005
11:30:04.667607	0.07	-9.67	1.61	-1.62	-9.66	-0.31	-0.58	-9.67	1.46	-1.01	-7.3500000000000005	-6.41
11:30:04.677674	0.06	-9.67	1.62	-1.67	-9.65	-0.29	-0.62	-9.66	1.56	-1.04	-7.2700000000000005	-6.49
11:30:04.687803	0.06	-9.66	1.6300000000000001	-1.73	-9.64	-0.27	-0.65	-9.64	1.67	-1.09	-7.19	-6.57
11:30:04.698229	0.06	-9.66	1.6400000000000001	-1.73	-9.64	-0.27	-0.73	-9.59	1.8800000000000001	-1.1300000000000001	-7.1000000000000005	-6.66
11:30:04.708863	0.06	-9.66	1.6400000000000001	-1.84	-9.620000000000001	-0.26	-0.73	-9.59	1.8800000000000001	-1.19	-7.0	-6.76
11:30:04.718979	0.06	-9.66	1.6500000000000001	-1.9000000000000001	-9.61	-0.26	-0.77	-9.56	2.0	-1.26	-6.9	-6.84
11:30:04.729096	0.06	-9.66	1.6600000000000001	-1.96	-9.6	-0.27	-0.85	-9.5	2.23	-1.32	-6.8	-6.93
11:30:04.739821	0.06	-9.66	1.6600000000000001	-2.0100000000000002	-9.59	-0.28	-0.89	-9.47	2.36	-1.37	-6.68	-7.04
11:30:04.749923	0.06	-9.66	1.6600000000000001	-2.06	-9.58	-0.29	-0.9500000000000001	-9.43	2.49	-1.42	-6.5600000000000005	-7.140000000000001
11:30:04.760066	0.05	-9.66	1.6500000000000001	-2.1	-9.57	-0.3	-1.0	-9.39	2.63	-1.52	-6.32	-7.33
11:30:04.770196	0.03	-9.66	1.6400000000000001	-2.13	-9.56	-0.31	-1.05	-9.34	2.77	-1.62	-6.19	-7.42
11:30:04.780266	0.01	-9.67	1.62	-2.16	-9.55	-0.32	-1.1	-9.290000000000001	2.93	-1.69	-6.04	-7.53
11:30:04.790787	0.0	-9.67	1.6	-2.17	-9.55	-0.33	-1.1400000000000001	-9.23	3.09	-1.72	-5.89	-7.640000000000001
11:30:04.801244	-0.01	-9.67	1.58	-2.17	-9.55	-0.33	-1.18	-9.17	3.2600000000000002	-1.79	-5.72	-7.75
11:30:04.811755	-0.01	-9.68	1.56	-2.17	-9.55	-0.4	-1.23	-9.1	3.43	-1.8900000000000001	-5.51	-7.88
11:30:04.821824	0.0	-9.68	1.55	-2.16	-9.55	-0.45	-1.28	-9.02	3.61	-1.97	-5.3100000000000005	-7.99
11:30:04.831890	0.01	-9.68	1.53	-2.14	-9.55	-0.52	-1.34	-8.94	3.79	-2.02	-5.13	-8.1
11:30:04.842006	0.03	-9.68	1.52	-2.09	-9.55	-0.73	-1.42	-8.85	3.97	-2.0300000000000002	-4.92	-8.23
11:30:04.853845	0.04	-9.68	1.51	-2.06	-9.540000000000001	-0.86	-1.54	-8.74	4.15	-2.04	-4.68	-8.36
11:30:04.863968	0.04	-9.68	1.5	-2.02	-9.540000000000001	-1.02	-1.69	-8.63	4.32	-2.05	-4.39	-8.52
11:30:04.874066	0.05	-9.69	1.5	-1.97	-9.53	-1.19	-1.85	-8.52	4.47	-2.05	-4.07	-8.67
11:30:04.884184	0.06	-9.69	1.49	-1.9100000000000001	-9.51	-1.3800000000000001	-1.97	-8.42	4.62	-2.12	-3.65	-8.84
11:30:04.894308	0.09	-9.69	1.48	-1.9100000000000001	-9.51	-1.3800000000000001	-2.04	-8.32	4.76	-2.22	-3.16	-9.01
11:30:04.904413	0.1	-9.69	1.47	-1.73	-9.47	-1.83	-2.07	-8.23	4.9	-2.2800000000000002	-2.61	-9.16
11:30:04.914555	0.12	-9.69	1.45	-1.62	-9.450000000000001	-2.04	-2.09	-8.14	5.03	-2.5300000000000002	-2.09	-9.23
11:30:04.924678	0.13	-9.69	1.43	-1.51	-9.43	-2.21	-2.09	-8.06	5.16	-2.96	-1.71	-9.18
11:30:04.935300	0.13	-9.700000000000001	1.42	-1.4000000000000001	-9.41	-2.35	-2.1	-7.98	5.29	-3.0300000000000002	-1.6500000000000001	-9.17
11:30:04.945463	0.14	-9.700000000000001	1.4000000000000001	-1.3	-9.39	-2.47	-2.11	-7.9	5.4	-2.59	-1.8	-9.28
11:30:04.955582	0.14	-9.700000000000001	1.3800000000000001	-1.21	-9.370000000000001	-2.59	-2.12	-7.83	5.49	-2.17	-2.04	-9.34
11:30:04.966164	0.14	-9.700000000000001	1.37	-1.1300000000000001	-9.35	-2.72	-2.13	-7.8	5.54	-2.06	-2.2600000000000002	-9.31
11:30:04.976236	0.13	-9.700000000000001	1.36	-1.06	-9.31	-2.87	-2.12	-7.79	5.55	-2.12	-2.39	-9.26
11:30:04.986312	0.13	-9.71	1.36	-0.98	-9.27	-3.02	-2.09	-7.8100000000000005	5.54	-2.04	-2.5	-9.25
11:30:04.996389	0.13	-9.71	1.35	-0.98	-9.27	-3.02	-2.0300000000000002	-7.8500000000000005	5.51	-1.78	-2.75	-9.24
11:30:05.007095	0.13	-9.71	1.35	-0.8200000000000001	-9.18	-3.3200000000000003	-1.94	-7.91	5.45	-1.58	-3.14	-9.15
11:30:05.017171	0.13	-9.71	1.35	-0.75	-9.14	-3.45	-1.83	-8.0	5.36	-1.51	-3.5500000000000003	-9.01
11:30:05.027234	0.13	-9.71	1.35	-0.68	-9.1	-3.56	-1.72	-8.1	5.24	-1.5	-3.86	-8.88
11:30:05.037309	0.13	-9.71	1.35	-0.62	-9.07	-3.66	-1.61	-8.22	5.08	-1.47	-4.0600000000000005	-8.8
11:30:05.047382	0.14	-9.71	1.35	-0.56	-9.03	-3.7600000000000002	-1.52	-8.35	4.9	-1.42	-4.28	-8.700000000000001
11:30:05.057461	0.14	-9.71	1.35	-0.52	-8.99	-3.86	-1.43	-8.49	4.68	-1.37	-4.59	-8.55
11:30:05.067536	0.15	-9.71	1.35	-0.48	-8.950000000000001	-3.96	-1.35	-8.63	4.45	-1.31	-4.95	-8.35
11:30:05.077626	0.15	-9.71	1.36	-0.46	-8.91	-4.0600000000000005	-1.27	-8.77	4.18	-1.22	-5.3100000000000005	-8.14
11:30:05.087749	0.16	-9.700000000000001	1.36	-0.45	-8.86	-4.17	-1.21	-8.92	3.88	-1.09	-5.66	-7.92
11:30:05.097821	0.16	-9.700000000000001	1.36	-0.45	-8.86	-4.17	-1.16	-9.06	3.5500000000000003	-0.96	-5.98	-7.7
11:30:05.107975	0.17	-9.700000000000001	1.37	-0.42	-8.78	-4.34	-1.12	-9.200000000000001	3.2	-0.8300000000000001	-6.2700000000000005	-7.48
11:30:05.118627	0.17	-9.700000000000001	1.37	-0.38	-8.75	-4.39	-1.08	-9.32	2.82	-0.71	-6.54	-7.26
11:30:05.128702	0.18	-9.700000000000001	1.37	-0.34	-8.73	-4.43	-1.04	-9.44	2.42	-0.6	-6.79	-7.04
11:30:05.138810	0.18	-9.700000000000001	1.37	-0.28	-8.72	-4.47	-0.9400000000000001	-9.620000000000001	1.6	-0.51	-7.04	-6.8
11:30:05.148999	0.18	-9.700000000000001	1.37	-0.22	-8.700000000000001	-4.5	-0.88	-9.69	1.18	-0.43	-7.3	-6.53
11:30:05.159801	0.19	-9.700000000000001	1.36	-0.15	-8.69	-4.53	-0.81	-9.74	0.76	-0.38	-7.55	-6.24
11:30:05.169881	0.19	-9.700000000000001	1.36	-0.08	-8.68	-4.55	-0.74	-9.77	0.34	-0.37	-7.99	-5.66
11:30:05.180562	0.19	-9.71	1.35	-0.01	-8.67	-4.5600000000000005	-0.67	-9.78	-0.06	-0.38	-8.19	-5.36
11:30:05.190655	0.19	-9.71	1.34	0.06	-8.67	-4.5600000000000005	-0.6	-9.77	-0.47000000000000003	-0.41000000000000003	-8.38	-5.0600000000000005
11:30:05.200749	0.19	-9.71	1.33	0.06	-8.67	-4.5600000000000005	-0.54	-9.75	-0.88	-0.45	-8.55	-4.76
11:30:05.210826	0.19	-9.71	1.32	0.19	-8.68	-4.55	-0.48	-9.71	-1.27	-0.49	-8.72	-4.45
11:30:05.221325	0.18	-9.71	1.31	0.25	-8.69	-4.53	-0.43	-9.65	-1.6600000000000001	-0.5	-8.88	-4.1
11:30:05.231711	0.17	-9.71	1.3	0.25	-8.69	-4.53	-0.39	-9.58	-2.02	-0.5	-9.03	-3.77
11:30:05.241774	0.16	-9.71	1.29	0.38	-8.74	-4.42	-0.35000000000000003	-9.5	-2.37	-0.51	-9.16	-3.45
11:30:05.251893	0.14	-9.72	1.28	0.42	-8.76	-4.37	-0.32	-9.41	-2.7	-0.52	-9.26	-3.16
11:30:05.262012	0.13	-9.72	1.27	0.42	-8.76	-4.37	-0.3	-9.32	-3.0100000000000002	-0.55	-9.35	-2.89
11:30:05.272511	0.11	-9.72	1.27	0.44	-8.790000000000001	-4.3100000000000005	-0.29	-9.23	-3.29	-0.56	-9.42	-2.65
11:30:05.282637	0.09	-9.72	1.26	0.45	-8.83	-4.22	-0.28	-9.13	-3.54	-0.58	-9.48	-2.42
11:30:05.292711	0.07	-9.72	1.26	0.45	-8.83	-4.22	-0.28	-9.05	-3.7600000000000002	-0.59	-9.53	-2.2
11:30:05.303316	0.06	-9.72	1.26	0.44	-8.85	-4.18	-0.29	-8.97	-3.94	-0.6	-9.57	-2.0
11:30:05.313392	0.04	-9.72	1.26	0.44	-8.870000000000001	-4.14	-0.3	-8.9	-4.09	-0.62	-9.61	-1.83
11:30:05.323474	0.02	-9.72	1.25	0.44	-8.88	-4.11	-0.31	-8.85	-4.2	-0.65	-9.63	-1.71
11:30:05.333596	0.0	-9.72	1.25	0.45	-8.9	-4.09	-0.32	-8.81	-4.2700000000000005	-0.66	-9.64	-1.6300000000000001
11:30:05.343667	0.0	-9.72	1.24	0.46	-8.9	-4.07	-0.32	-8.8	-4.3100000000000005	-0.67	-9.65	-1.59
11:30:05.353741	-0.02	-9.72	1.24	0.48	-8.91	-4.0600000000000005	-0.32	-8.8	-4.3100000000000005	-0.68	-9.65	-1.6
11:30:05.364324	-0.03	-9.72	1.23	0.5	-8.91	-4.0600000000000005	-0.32	-8.81	-4.28	-0.68	-9.64	-1.6300000000000001
11:30:05.374722	-0.05	-9.72	1.23	0.52	-8.9	-4.0600000000000005	-0.33	-8.84	-4.21	-0.6900000000000001	-9.63	-1.69
11:30:05.384808	-0.06	-9.72	1.23	0.53	-8.9	-4.08	-0.33	-8.89	-4.11	-0.67	-9.620000000000001	-1.77
11:30:05.394909	-0.06	-9.72	1.23	0.53	-8.89	-4.09	-0.34	-8.94	-3.99	-0.64	-9.59	-1.9100000000000001
11:30:05.405034	-0.07	-9.72	1.23	0.52	-8.88	-4.11	-0.35000000000000003	-9.01	-3.85	-0.59	-9.56	-2.08
11:30:05.415534	-0.07	-9.72	1.23	0.51	-8.870000000000001	-4.13	-0.37	-9.07	-3.68	-0.53	-9.52	-2.27
11:30:05.425751	-0.08	-9.72	1.23	0.5	-8.870000000000001	-4.15	-0.4	-9.14	-3.5100000000000002	-0.5	-9.48	-2.42
11:30:05.435818	-0.09	-9.72	1.23	0.48	-8.86	-4.16	-0.43	-9.200000000000001	-3.34	-0.53	-9.48	-2.44
11:30:05.445885	-0.11	-9.72	1.24	0.46	-8.86	-4.15	-0.44	-9.25	-3.22	-0.41000000000000003	-9.47	-2.48
11:30:05.456013	-0.13	-9.72	1.25	0.44	-8.88	-4.13	-0.47000000000000003	-9.27	-3.16	-0.42	-9.41	-2.69
11:30:05.466615	-0.15	-9.72	1.27	0.42	-8.9	-4.08	-0.52	-9.28	-3.1	-0.59	-9.33	-2.93
11:30:05.476714	-0.17	-9.72	1.28	0.39	-8.93	-4.03	-0.58	-9.31	-3.0	-0.73	-9.24	-3.18
11:30:05.486780	-0.17	-9.71	1.29	0.36	-8.950000000000001	-3.97	-0.63	-9.35	-2.87	-0.8200000000000001	-9.13	-3.47
11:30:05.496869	-0.18	-9.71	1.3	0.34	-8.98	-3.92	-0.64	-9.39	-2.75	-0.91	-9.03	-3.7
11:30:05.506936	-0.18	-9.71	1.3	0.32	-9.0	-3.87	-0.63	-9.42	-2.65	-1.03	-8.96	-3.83
11:30:05.517007	-0.18	-9.71	1.31	0.32	-9.0	-3.85	-0.61	-9.44	-2.5500000000000003	-1.08	-8.93	-3.88
11:30:05.527107	-0.18	-9.71	1.32	0.32	-9.01	-3.84	-0.58	-9.47	-2.45	-1.08	-8.950000000000001	-3.85
11:30:05.537175	-0.18	-9.71	1.34	0.31	-9.03	-3.79	-0.56	-9.5	-2.35	-1.05	-8.97	-3.8000000000000003
11:30:05.547249	-0.18	-9.71	1.35	0.3	-9.05	-3.75	-0.56	-9.52	-2.2600000000000002	-1.03	-8.96	-3.8200000000000003
11:30:05.557413	-0.17	-9.700000000000001	1.37	0.29	-9.07	-3.69	-0.56	-9.540000000000001	-2.16	-1.03	-8.92	-3.93
11:30:05.567499	-0.16	-9.700000000000001	1.3900000000000001	0.29	-9.11	-3.61	-0.55	-9.56	-2.07	-1.03	-8.86	-4.0600000000000005
11:30:05.577790	-0.14	-9.700000000000001	1.4000000000000001	0.3	-9.15	-3.5100000000000002	-0.53	-9.58	-1.99	-1.05	-8.8	-4.19
11:30:05.588375	-0.11	-9.700000000000001	1.42	0.31	-9.19	-3.39	-0.5	-9.6	-1.92	-1.09	-8.76	-4.26
11:30:05.598767	-0.09	-9.69	1.44	0.32	-9.23	-3.27	-0.45	-9.63	-1.77	-1.1	-8.74	-4.28
11:30:05.609407	-0.08	-9.69	1.46	0.3	-9.27	-3.16	-0.44	-9.64	-1.7	-1.09	-8.74	-4.29
11:30:05.619474	-0.07	-9.69	1.48	0.26	-9.3	-3.08	-0.43	-9.66	-1.62	-1.07	-8.72	-4.3500000000000005
11:30:05.629655	-0.06	-9.69	1.49	0.2	-9.32	-3.0100000000000002	-0.42	-9.67	-1.55	-1.08	-8.68	-4.41
11:30:05.639777	-0.06	-9.68	1.51	0.13	-9.34	-2.97	-0.41000000000000003	-9.68	-1.47	-1.1	-8.64	-4.48
11:30:05.650414	-0.07	-9.68	1.52	0.07	-9.35	-2.95	-0.41000000000000003	-9.69	-1.4000000000000001	-1.12	-8.620000000000001	-4.53
11:30:05.660658	-0.07	-9.68	1.53	0.0	-9.35	-2.93	-0.41000000000000003	-9.700000000000001	-1.32	-1.1300000000000001	-8.61	-4.55
11:30:05.670805	-0.08	-9.68	1.53	-0.04	-9.36	-2.9	-0.41000000000000003	-9.71	-1.25	-1.11	-8.6	-4.57
11:30:05.681319	-0.09	-9.68	1.54	-0.08	-9.38	-2.83	-0.4	-9.72	-1.18	-1.08	-8.57	-4.62
11:30:05.691423	-0.1	-9.68	1.54	-0.12	-9.43	-2.65	-0.4	-9.73	-1.12	-1.05	-8.540000000000001	-4.7
11:30:05.701517	-0.1	-9.68	1.54	-0.12	-9.43	-2.65	-0.4	-9.74	-1.05	-1.04	-8.49	-4.7700000000000005
11:30:05.711678	-0.1	-9.68	1.54	-0.15	-9.48	-2.47	-0.4	-9.74	-0.99	-1.04	-8.46	-4.84
11:30:05.722321	-0.1	-9.68	1.54	-0.16	-9.5	-2.39	-0.4	-9.75	-0.92	-1.04	-8.42	-4.9
11:30:05.732424	-0.09	-9.68	1.54	-0.17	-9.52	-2.32	-0.41000000000000003	-9.75	-0.86	-1.05	-8.39	-4.95
11:30:05.742531	-0.09	-9.68	1.54	-0.18	-9.540000000000001	-2.24	-0.42	-9.76	-0.8	-1.05	-8.38	-4.97
11:30:05.753196	-0.08	-9.68	1.54	-0.19	-9.56	-2.17	-0.43	-9.76	-0.73	-1.03	-8.36	-5.01
11:30:05.763315	-0.07	-9.68	1.54	-0.21	-9.57	-2.09	-0.44	-9.77	-0.67	-0.9400000000000001	-8.38	-4.99
11:30:05.773391	-0.07	-9.68	1.54	-0.23	-9.59	-2.0100000000000002	-0.45	-9.77	-0.6	-0.92	-8.36	-5.03
11:30:05.783460	-0.06	-9.68	1.53	-0.25	-9.6	-1.94	-0.47000000000000003	-9.78	-0.54	-0.9	-8.33	-5.07
11:30:05.793531	-0.06	-9.68	1.53	-0.28	-9.620000000000001	-1.87	-0.47000000000000003	-9.78	-0.47000000000000003	-0.88	-8.31	-5.12
11:30:05.803601	-0.06	-9.68	1.52	-0.32	-9.63	-1.8	-0.48	-9.78	-0.41000000000000003	-0.86	-8.28	-5.18
11:30:05.813955	-0.06	-9.68	1.52	-0.36	-9.64	-1.73	-0.48	-9.78	-0.35000000000000003	-0.85	-8.25	-5.22
11:30:05.824112	-0.07	-9.68	1.52	-0.41000000000000003	-9.65	-1.6600000000000001	-0.49	-9.78	-0.3	-0.86	-8.22	-5.26
11:30:05.834201	-0.07	-9.68	1.52	-0.46	-9.66	-1.59	-0.5	-9.790000000000001	-0.24	-0.87	-8.2	-5.3
11:30:05.844286	-0.07	-9.68	1.52	-0.52	-9.67	-1.52	-0.51	-9.790000000000001	-0.19	-0.88	-8.16	-5.3500000000000005
11:30:05.854355	-0.06	-9.68	1.52	-0.58	-9.68	-1.45	-0.51	-9.790000000000001	-0.14	-0.86	-8.14	-5.39
11:30:05.864429	-0.06	-9.68	1.53	-0.63	-9.68	-1.3800000000000001	-0.51	-9.790000000000001	-0.08	-0.86	-8.120000000000001	-5.42
11:30:05.874496	-0.05	-9.68	1.53	-0.68	-9.69	-1.32	-0.52	-9.790000000000001	-0.02	-0.85	-8.1	-5.46
11:30:05.884570	-0.04	-9.68	1.54	-0.74	-9.69	-1.25	-0.52	-9.790000000000001	0.03	-0.84	-8.06	-5.51
11:30:05.894655	-0.03	-9.68	1.55	-0.79	-9.700000000000001	-1.18	-0.52	-9.790000000000001	0.09	-0.8300000000000001	-8.03	-5.55
11:30:05.904780	-0.02	-9.68	1.57	-0.85	-9.700000000000001	-1.11	-0.53	-9.790000000000001	0.15	-0.8300000000000001	-8.01	-5.59
11:30:05.914847	-0.02	-9.67	1.58	-0.9	-9.700000000000001	-1.04	-0.53	-9.78	0.22	-0.8300000000000001	-7.97	-5.63
11:30:05.924924	-0.01	-9.67	1.59	-0.9500000000000001	-9.700000000000001	-0.98	-0.53	-9.78	0.28	-0.8300000000000001	-7.94	-5.69
11:30:05.934999	-0.01	-9.67	1.61	-1.01	-9.71	-0.92	-0.53	-9.78	0.35000000000000003	-0.8300000000000001	-7.91	-5.72
11:30:05.945070	0.0	-9.67	1.62	-1.06	-9.71	-0.86	-0.5	-9.78	0.43	-0.8300000000000001	-7.890000000000001	-5.75
11:30:05.955779	0.0	-9.66	1.6400000000000001	-1.11	-9.700000000000001	-0.81	-0.47000000000000003	-9.78	0.51	-0.81	-7.8500000000000005	-5.8
11:30:05.965906	0.0	-9.66	1.6600000000000001	-1.16	-9.700000000000001	-0.77	-0.47000000000000003	-9.77	0.59	-0.8	-7.82	-5.8500000000000005
11:30:05.976556	0.0	-9.66	1.67	-1.21	-9.700000000000001	-0.73	-0.47000000000000003	-9.77	0.68	-0.8	-7.79	-5.89
11:30:05.986676	0.0	-9.66	1.68	-1.25	-9.69	-0.7000000000000001	-0.48	-9.76	0.76	-0.86	-7.75	-5.93
11:30:05.996741	0.0	-9.65	1.69	-1.3	-9.69	-0.66	-0.48	-9.75	0.86	-0.93	-7.69	-6.0
11:30:06.006834	0.0	-9.65	1.7	-1.35	-9.69	-0.63	-0.49	-9.74	0.9500000000000001	-0.9400000000000001	-7.63	-6.08
11:30:06.016906	-0.01	-9.65	1.71	-1.3900000000000001	-9.68	-0.6	-0.5	-9.73	1.06	-0.96	-7.5600000000000005	-6.16
11:30:06.026998	-0.02	-9.65	1.72	-1.42	-9.68	-0.5700000000000001	-0.51	-9.72	1.1500000000000001	-0.97	-7.49	-6.25
11:30:06.037132	-0.03	-9.65	1.74	-1.46	-9.68	-0.54	-0.53	-9.71	1.25	-0.98	-7.4	-6.3500000000000005
11:30:06.047240	-0.04	-9.64	1.75	-1.49	-9.67	-0.51	-0.55	-9.69	1.36	-1.02	-7.32	-6.43
11:30:06.057328	-0.04	-9.64	1.76	-1.53	-9.67	-0.49	-0.5700000000000001	-9.67	1.47	-1.07	-7.24	-6.51
11:30:06.067396	-0.05	-9.64	1.77	-1.55	-9.67	-0.43	-0.6	-9.65	1.58	-1.11	-7.15	-6.6000000000000005
11:30:06.077502	-0.05	-9.64	1.78	-1.6	-9.66	-0.42	-0.62	-9.63	1.69	-1.17	-7.05	-6.7
11:30:06.088127	-0.06	-9.64	1.79	-1.6400000000000001	-9.65	-0.43	-0.65	-9.61	1.81	-1.24	-6.96	-6.79
11:30:06.098239	-0.06	-9.63	1.8	-1.69	-9.64	-0.44	-0.68	-9.58	1.93	-1.31	-6.8500000000000005	-6.88
11:30:06.108331	-0.06	-9.63	1.8	-1.73	-9.64	-0.45	-0.75	-9.52	2.19	-1.37	-6.74	-6.98
11:30:06.118401	-0.07	-9.63	1.81	-1.78	-9.63	-0.45	-0.78	-9.49	2.33	-1.43	-6.61	-7.09
11:30:06.128511	-0.08	-9.63	1.82	-1.82	-9.620000000000001	-0.46	-0.8200000000000001	-9.450000000000001	2.46	-1.51	-6.49	-7.19
11:30:06.138658	-0.08	-9.63	1.82	-1.87	-9.61	-0.46	-0.86	-9.41	2.6	-1.57	-6.37	-7.28
11:30:06.149202	-0.09	-9.63	1.81	-1.9100000000000001	-9.6	-0.45	-0.9	-9.36	2.75	-1.6300000000000001	-6.23	-7.390000000000001
11:30:06.159319	-0.1	-9.63	1.8	-1.94	-9.6	-0.45	-0.9500000000000001	-9.31	2.9	-1.72	-6.09	-7.48
11:30:06.169394	-0.12	-9.63	1.79	-1.97	-9.59	-0.46	-0.98	-9.26	3.0500000000000003	-1.81	-5.96	-7.57
11:30:06.179492	-0.13	-9.64	1.78	-1.99	-9.59	-0.48	-1.02	-9.200000000000001	3.21	-1.85	-5.8100000000000005	-7.67
11:30:06.189602	-0.13	-9.64	1.77	-2.0	-9.58	-0.5	-1.07	-9.14	3.37	-2.04	-5.45	-7.890000000000001
11:30:06.199709	-0.12	-9.64	1.75	-2.0100000000000002	-9.58	-0.53	-1.12	-9.07	3.54	-2.11	-5.2700000000000005	-7.99
11:30:06.209830	-0.1	-9.64	1.74	-2.0100000000000002	-9.57	-0.58	-1.19	-8.99	3.71	-2.15	-5.09	-8.1
11:30:06.219959	-0.08	-9.65	1.73	-2.0100000000000002	-9.57	-0.64	-1.28	-8.91	3.87	-2.19	-4.87	-8.22
11:30:06.230590	-0.07	-9.65	1.73	-2.0	-9.57	-0.71	-1.4000000000000001	-8.82	4.04	-2.24	-4.62	-8.34
11:30:06.240718	-0.06	-9.65	1.72	-1.99	-9.56	-0.81	-1.55	-8.72	4.19	-2.24	-4.36	-8.49
11:30:06.250826	-0.05	-9.65	1.72	-1.98	-9.55	-0.9400000000000001	-1.71	-8.63	4.32	-2.2	-4.0600000000000005	-8.64
11:30:06.260988	-0.05	-9.65	1.72	-1.92	-9.53	-1.28	-1.85	-8.540000000000001	4.44	-2.19	-3.67	-8.82
11:30:06.271662	-0.05	-9.65	1.71	-1.92	-9.53	-1.28	-1.94	-8.45	4.57	-2.27	-3.18	-8.99
11:30:06.281789	-0.04	-9.65	1.71	-1.8	-9.49	-1.6600000000000001	-2.0	-8.36	4.71	-2.38	-2.64	-9.13
11:30:06.291906	-0.04	-9.65	1.71	-1.72	-9.47	-1.86	-2.05	-8.28	4.83	-2.57	-2.1	-9.22
11:30:06.302381	-0.04	-9.65	1.7	-1.6300000000000001	-9.450000000000001	-2.04	-2.09	-8.2	4.95	-2.83	-1.62	-9.24
11:30:06.313028	-0.03	-9.65	1.7	-1.53	-9.43	-2.2	-2.11	-8.120000000000001	5.07	-3.08	-1.34	-9.21
11:30:06.323236	-0.03	-9.65	1.69	-1.43	-9.41	-2.34	-2.1	-8.040000000000001	5.19	-3.18	-1.27	-9.18
11:30:06.333670	-0.03	-9.66	1.68	-1.32	-9.39	-2.46	-2.11	-7.97	5.3	-2.92	-1.35	-9.26
11:30:06.343736	-0.03	-9.66	1.67	-1.23	-9.38	-2.57	-2.12	-7.91	5.39	-2.52	-1.7	-9.31
11:30:06.353803	-0.03	-9.66	1.6600000000000001	-1.1500000000000001	-9.35	-2.69	-2.12	-7.87	5.44	-2.19	-2.11	-9.32
11:30:06.363871	-0.03	-9.66	1.6600000000000001	-1.08	-9.32	-2.82	-2.1	-7.87	5.45	-2.12	-2.38	-9.27
11:30:06.373945	-0.03	-9.66	1.6600000000000001	-1.02	-9.290000000000001	-2.96	-2.06	-7.9	5.43	-2.11	-2.5500000000000003	-9.22
11:30:06.384023	-0.03	-9.66	1.6600000000000001	-0.96	-9.24	-3.11	-1.99	-7.94	5.38	-1.85	-2.79	-9.21
11:30:06.394094	-0.03	-9.66	1.6600000000000001	-0.9	-9.200000000000001	-3.2600000000000002	-1.9000000000000001	-8.01	5.3100000000000005	-1.52	-3.17	-9.14
11:30:06.404281	-0.02	-9.66	1.6600000000000001	-0.84	-9.15	-3.4	-1.78	-8.1	5.22	-1.4000000000000001	-3.58	-9.02
11:30:06.414349	-0.02	-9.66	1.67	-0.79	-9.11	-3.52	-1.6600000000000001	-8.2	5.09	-1.41	-3.87	-8.89
11:30:06.424537	-0.02	-9.66	1.67	-0.75	-9.07	-3.63	-1.55	-8.32	4.93	-1.37	-4.0600000000000005	-8.81
11:30:06.434639	-0.01	-9.66	1.68	-0.7000000000000001	-9.040000000000001	-3.73	-1.47	-8.45	4.74	-1.28	-4.26	-8.73
11:30:06.444780	0.0	-9.65	1.69	-0.65	-9.0	-3.83	-1.4000000000000001	-8.59	4.51	-1.19	-4.5600000000000005	-8.59
11:30:06.454918	0.0	-9.65	1.69	-0.62	-8.96	-3.93	-1.34	-8.73	4.25	-1.11	-4.92	-8.4
11:30:06.465043	0.0	-9.65	1.7	-0.59	-8.91	-4.04	-1.3	-8.870000000000001	3.96	-1.01	-5.26	-8.21
11:30:06.475131	0.0	-9.65	1.7	-0.5700000000000001	-8.870000000000001	-4.13	-1.26	-9.01	3.65	-0.89	-5.59	-8.0
11:30:06.485725	0.01	-9.65	1.71	-0.55	-8.83	-4.22	-1.24	-9.14	3.31	-0.77	-5.92	-7.7700000000000005
11:30:06.495806	0.01	-9.65	1.71	-0.53	-8.8	-4.29	-1.21	-9.27	2.94	-0.65	-6.2	-7.5600000000000005
11:30:06.505905	0.02	-9.65	1.71	-0.49	-8.77	-4.3500000000000005	-1.18	-9.39	2.5500000000000003	-0.53	-6.46	-7.3500000000000005
11:30:06.515974	0.03	-9.65	1.72	-0.45	-8.75	-4.4	-1.1400000000000001	-9.49	2.14	-0.42	-6.72	-7.12
11:30:06.526661	0.03	-9.65	1.72	-0.4	-8.73	-4.44	-1.09	-9.58	1.74	-0.31	-6.99	-6.87
11:30:06.536734	0.04	-9.65	1.69	-0.34	-8.71	-4.49	-1.04	-9.65	1.33	-0.23	-7.24	-6.6000000000000005
11:30:06.547248	0.05	-9.66	1.68	-0.28	-8.69	-4.5200000000000005	-0.98	-9.71	0.92	-0.18	-7.47	-6.34
11:30:06.557373	0.05	-9.66	1.67	-0.2	-8.68	-4.55	-0.91	-9.75	0.51	-0.16	-7.69	-6.07
11:30:06.567428	0.06	-9.66	1.6600000000000001	-0.12	-8.67	-4.5600000000000005	-0.85	-9.76	0.09	-0.17	-7.91	-5.79
11:30:06.577562	0.06	-9.66	1.6500000000000001	-0.04	-8.67	-4.57	-0.78	-9.77	-0.31	-0.19	-8.120000000000001	-5.48
11:30:06.588143	0.06	-9.66	1.6400000000000001	0.02	-8.67	-4.58	-0.71	-9.75	-0.71	-0.21	-8.33	-5.15
11:30:06.598228	0.06	-9.66	1.6400000000000001	0.09	-8.66	-4.58	-0.65	-9.72	-1.1	-0.25	-8.53	-4.82
11:30:06.608299	0.05	-9.67	1.58	0.14	-8.67	-4.57	-0.59	-9.67	-1.49	-0.27	-8.71	-4.48
11:30:06.618366	0.04	-9.67	1.57	0.18	-8.67	-4.5600000000000005	-0.49	-9.53	-2.22	-0.29	-8.88	-4.14
11:30:06.628479	0.03	-9.68	1.55	0.22	-8.68	-4.54	-0.45	-9.450000000000001	-2.57	-0.3	-9.02	-3.81
11:30:06.638690	0.02	-9.68	1.54	0.25	-8.700000000000001	-4.51	-0.42	-9.35	-2.9	-0.31	-9.15	-3.5
11:30:06.649334	0.01	-9.68	1.53	0.28	-8.72	-4.47	-0.38	-9.25	-3.21	-0.32	-9.25	-3.21
11:30:06.659444	0.0	-9.68	1.52	0.31	-8.74	-4.43	-0.36	-9.15	-3.49	-0.34	-9.34	-2.95
11:30:06.669512	-0.01	-9.68	1.51	0.32	-8.76	-4.38	-0.36	-9.05	-3.74	-0.36	-9.42	-2.69
11:30:06.679603	-0.03	-9.69	1.5	0.33	-8.790000000000001	-4.32	-0.36	-8.96	-3.96	-0.42	-9.53	-2.23
11:30:06.689675	-0.05	-9.69	1.49	0.33	-8.81	-4.2700000000000005	-0.38	-8.870000000000001	-4.15	-0.42	-9.53	-2.23
11:30:06.699752	-0.06	-9.69	1.47	0.33	-8.84	-4.22	-0.4	-8.8	-4.3	-0.5	-9.61	-1.84
11:30:06.709845	-0.08	-9.69	1.46	0.33	-8.86	-4.18	-0.41000000000000003	-8.74	-4.41	-0.53	-9.64	-1.7
11:30:06.719972	-0.1	-9.69	1.45	0.34	-8.88	-4.14	-0.4	-8.700000000000001	-4.48	-0.55	-9.65	-1.6
11:30:06.730172	-0.1	-9.69	1.45	0.35000000000000003	-8.89	-4.1	-0.39	-8.68	-4.53	-0.5700000000000001	-9.66	-1.54
11:30:06.740503	-0.14	-9.700000000000001	1.42	0.38	-8.9	-4.08	-0.38	-8.68	-4.53	-0.59	-9.66	-1.54
11:30:06.750586	-0.14	-9.700000000000001	1.42	0.4	-8.91	-4.07	-0.37	-8.700000000000001	-4.5	-0.6	-9.65	-1.57
11:30:06.760723	-0.16	-9.700000000000001	1.41	0.42	-8.9	-4.07	-0.36	-8.73	-4.43	-0.62	-9.64	-1.6400000000000001
11:30:06.771175	-0.19	-9.700000000000001	1.3900000000000001	0.45	-8.9	-4.08	-0.35000000000000003	-8.78	-4.33	-0.63	-9.620000000000001	-1.74
11:30:06.781728	-0.19	-9.700000000000001	1.3900000000000001	0.48	-8.88	-4.11	-0.35000000000000003	-8.84	-4.21	-0.63	-9.61	-1.84
11:30:06.791801	-0.2	-9.700000000000001	1.3800000000000001	0.48	-8.870000000000001	-4.13	-0.35000000000000003	-8.91	-4.07	-0.5700000000000001	-9.58	-1.97
11:30:06.802260	-0.2	-9.700000000000001	1.37	0.48	-8.870000000000001	-4.15	-0.35000000000000003	-8.98	-3.91	-0.48	-9.540000000000001	-2.19
11:30:06.812362	-0.2	-9.700000000000001	1.36	0.47000000000000003	-8.86	-4.16	-0.37	-9.05	-3.74	-0.4	-9.5	-2.39
11:30:06.822462	-0.2	-9.71	1.35	0.46	-8.86	-4.17	-0.39	-9.120000000000001	-3.56	-0.36	-9.47	-2.5100000000000002
11:30:06.832532	-0.2	-9.71	1.35	0.45	-8.85	-4.18	-0.4	-9.18	-3.41	-0.37	-9.48	-2.45
11:30:06.842605	-0.2	-9.71	1.34	0.44	-8.86	-4.17	-0.4	-9.21	-3.34	-0.37	-9.48	-2.45
11:30:06.852720	-0.21	-9.71	1.34	0.42	-8.870000000000001	-4.14	-0.45	-9.22	-3.3000000000000003	-0.37	-9.48	-2.45
11:30:06.863144	-0.23	-9.71	1.34	0.41000000000000003	-8.9	-4.08	-0.52	-9.24	-3.23	-0.37	-9.41	-2.71
11:30:06.873566	-0.25	-9.71	1.34	0.38	-8.92	-4.03	-0.58	-9.28	-3.1	-0.58	-9.32	-2.97
11:30:06.883631	-0.27	-9.700000000000001	1.35	0.35000000000000003	-8.94	-3.99	-0.61	-9.32	-2.96	-0.58	-9.32	-2.97
11:30:06.893699	-0.28	-9.700000000000001	1.37	0.33	-8.96	-3.95	-0.62	-9.36	-2.84	-0.8300000000000001	-9.1	-3.54
11:30:06.903786	-0.3	-9.700000000000001	1.3800000000000001	0.32	-8.97	-3.94	-0.6	-9.39	-2.73	-0.93	-9.02	-3.72
11:30:06.913874	-0.31	-9.700000000000001	1.4000000000000001	0.31	-8.96	-3.96	-0.5700000000000001	-9.43	-2.62	-0.93	-9.02	-3.72
11:30:06.923966	-0.31	-9.69	1.41	0.31	-8.950000000000001	-3.98	-0.54	-9.46	-2.5100000000000002	-0.93	-9.02	-3.72
11:30:06.934042	-0.31	-9.69	1.43	0.31	-8.96	-3.96	-0.53	-9.49	-2.39	-1.1	-8.93	-3.88
11:30:06.944132	-0.31	-9.69	1.44	0.31	-8.98	-3.92	-0.53	-9.52	-2.2800000000000002	-1.11	-8.950000000000001	-3.84
11:30:06.954205	-0.31	-9.69	1.47	0.31	-9.0	-3.87	-0.53	-9.540000000000001	-2.18	-1.09	-8.93	-3.88
11:30:06.964281	-0.3	-9.68	1.49	0.32	-9.03	-3.8000000000000003	-0.51	-9.56	-2.08	-1.09	-8.89	-3.98
11:30:06.974357	-0.29	-9.68	1.52	0.34	-9.07	-3.69	-0.48	-9.58	-1.99	-1.09	-8.84	-4.09
11:30:06.984424	-0.27	-9.67	1.54	0.37	-9.120000000000001	-3.5700000000000003	-0.44	-9.6	-1.9100000000000001	-1.09	-8.84	-4.09
11:30:06.994494	-0.25	-9.67	1.57	0.38	-9.16	-3.46	-0.41000000000000003	-9.620000000000001	-1.83	-1.11	-8.73	-4.3100000000000005
11:30:07.004576	-0.22	-9.67	1.59	0.37	-9.200000000000001	-3.35	-0.39	-9.64	-1.75	-1.11	-8.73	-4.3100000000000005
11:30:07.014687	-0.2	-9.67	1.61	0.34	-9.23	-3.2800000000000002	-0.37	-9.65	-1.67	-1.11	-8.73	-4.3100000000000005
11:30:07.024841	-0.19	-9.66	1.6300000000000001	0.29	-9.24	-3.24	-0.36	-9.66	-1.59	-1.1	-8.71	-4.3500000000000005
11:30:07.035367	-0.19	-9.66	1.6400000000000001	0.23	-9.25	-3.23	-0.35000000000000003	-9.68	-1.51	-1.09	-8.700000000000001	-4.38
11:30:07.045578	-0.19	-9.66	1.6500000000000001	0.16	-9.25	-3.22	-0.34	-9.69	-1.42	-1.08	-8.67	-4.45
11:30:07.055784	-0.2	-9.66	1.6600000000000001	0.1	-9.26	-3.21	-0.34	-9.700000000000001	-1.34	-1.12	-8.59	-4.58
11:30:07.065854	-0.21	-9.66	1.6600000000000001	0.05	-9.28	-3.16	-0.35000000000000003	-9.71	-1.27	-1.1300000000000001	-8.57	-4.61
11:30:07.075921	-0.23	-9.66	1.6600000000000001	0.03	-9.3	-3.08	-0.35000000000000003	-9.72	-1.19	-1.1300000000000001	-8.56	-4.63
11:30:07.086027	-0.25	-9.66	1.6600000000000001	0.02	-9.33	-2.99	-0.35000000000000003	-9.73	-1.12	-1.12	-8.55	-4.65
11:30:07.096156	-0.29	-9.66	1.6500000000000001	0.02	-9.370000000000001	-2.88	-0.35000000000000003	-9.74	-1.05	-1.12	-8.55	-4.65
11:30:07.106291	-0.31	-9.66	1.6400000000000001	0.01	-9.4	-2.7800000000000002	-0.34	-9.75	-0.98	-1.06	-8.49	-4.7700000000000005
11:30:07.116956	-0.32	-9.66	1.6400000000000001	0.0	-9.42	-2.69	-0.34	-9.75	-0.9	-1.03	-8.45	-4.8500000000000005
11:30:07.127085	-0.34	-9.66	1.6300000000000001	0.0	-9.450000000000001	-2.61	-0.34	-9.76	-0.84	-1.02	-8.42	-4.91
11:30:07.137791	-0.35000000000000003	-9.66	1.62	0.0	-9.47	-2.5300000000000002	-0.35000000000000003	-9.76	-0.77	-1.0	-8.39	-4.96
11:30:07.147865	-0.36	-9.66	1.62	0.0	-9.49	-2.45	-0.36	-9.77	-0.7000000000000001	-0.99	-8.36	-5.01
11:30:07.157946	-0.36	-9.66	1.61	0.0	-9.51	-2.37	-0.37	-9.77	-0.63	-0.99	-8.36	-5.01
11:30:07.168022	-0.37	-9.66	1.6	0.0	-9.53	-2.3000000000000003	-0.38	-9.78	-0.56	-0.99	-8.32	-5.08
11:30:07.178096	-0.38	-9.66	1.59	0.0	-9.55	-2.22	-0.39	-9.78	-0.48	-0.99	-8.3	-5.12
11:30:07.188172	-0.39	-9.67	1.57	-0.02	-9.56	-2.16	-0.4	-9.790000000000001	-0.4	-1.0	-8.27	-5.16
11:30:07.198245	-0.39	-9.67	1.56	-0.05	-9.57	-2.1	-0.4	-9.790000000000001	-0.32	-1.01	-8.24	-5.2
11:30:07.208323	-0.4	-9.67	1.56	-0.08	-9.58	-2.05	-0.41000000000000003	-9.790000000000001	-0.24	-1.02	-8.22	-5.23
11:30:07.218389	-0.41000000000000003	-9.67	1.55	-0.12	-9.59	-1.99	-0.42	-9.790000000000001	-0.16	-1.01	-8.19	-5.28
11:30:07.228462	-0.42	-9.67	1.54	-0.16	-9.6	-1.95	-0.42	-9.790000000000001	-0.09	-1.01	-8.15	-5.34
11:30:07.238536	-0.42	-9.67	1.54	-0.2	-9.61	-1.9000000000000001	-0.42	-9.790000000000001	-0.02	-1.01	-8.120000000000001	-5.4
11:30:07.248606	-0.42	-9.67	1.54	-0.24	-9.620000000000001	-1.84	-0.42	-9.790000000000001	0.03	-1.01	-8.09	-5.44
11:30:07.258764	-0.43	-9.67	1.55	-0.27	-9.63	-1.78	-0.42	-9.790000000000001	0.1	-1.02	-8.05	-5.49
11:30:07.268834	-0.42	-9.67	1.55	-0.31	-9.64	-1.72	-0.41000000000000003	-9.790000000000001	0.17	-1.03	-8.01	-5.55
11:30:07.278919	-0.42	-9.67	1.56	-0.34	-9.65	-1.6500000000000001	-0.41000000000000003	-9.790000000000001	0.25	-1.04	-7.98	-5.59
11:30:07.289127	-0.42	-9.66	1.57	-0.38	-9.66	-1.59	-0.4	-9.790000000000001	0.39	-1.04	-7.96	-5.62
11:30:07.299222	-0.42	-9.66	1.58	-0.42	-9.67	-1.53	-0.39	-9.78	0.46	-1.04	-7.96	-5.62
11:30:07.309842	-0.41000000000000003	-9.66	1.59	-0.46	-9.68	-1.46	-0.39	-9.78	0.53	-1.03	-7.930000000000001	-5.66
11:30:07.319908	-0.41000000000000003	-9.66	1.61	-0.5	-9.69	-1.41	-0.39	-9.77	0.6	-1.03	-7.87	-5.75
11:30:07.330143	-0.41000000000000003	-9.66	1.62	-0.55	-9.69	-1.36	-0.39	-9.77	0.67	-1.03	-7.8500000000000005	-5.78
11:30:07.340270	-0.41000000000000003	-9.65	1.6300000000000001	-0.59	-9.700000000000001	-1.3	-0.39	-9.76	0.75	-1.02	-7.82	-5.82
11:30:07.350882	-0.41000000000000003	-9.65	1.6400000000000001	-0.64	-9.700000000000001	-1.25	-0.39	-9.76	0.8200000000000001	-1.02	-7.78	-5.88
11:30:07.361267	-0.41000000000000003	-9.65	1.6600000000000001	-0.68	-9.700000000000001	-1.19	-0.4	-9.75	0.89	-1.01	-7.73	-5.93
11:30:07.371761	-0.41000000000000003	-9.65	1.6600000000000001	-0.73	-9.71	-1.1400000000000001	-0.4	-9.75	0.97	-1.0	-7.7	-5.98
11:30:07.381887	-0.42	-9.65	1.67	-0.84	-9.71	-1.02	-0.4	-9.74	1.04	-0.99	-7.67	-6.0200000000000005
11:30:07.392436	-0.42	-9.65	1.68	-0.89	-9.71	-0.96	-0.41000000000000003	-9.73	1.11	-0.99	-7.640000000000001	-6.0600000000000005
11:30:07.402790	-0.43	-9.65	1.68	-0.9500000000000001	-9.71	-0.9	-0.42	-9.72	1.18	-1.01	-7.6000000000000005	-6.1000000000000005
11:30:07.412907	-0.43	-9.64	1.69	-1.01	-9.71	-0.84	-0.42	-9.71	1.25	-1.01	-7.6000000000000005	-6.1000000000000005
11:30:07.423021	-0.44	-9.64	1.7	-1.08	-9.71	-0.78	-0.43	-9.700000000000001	1.32	-1.11	-7.49	-6.22
11:30:07.433093	-0.45	-9.64	1.7	-1.1400000000000001	-9.71	-0.72	-0.45	-9.69	1.3900000000000001	-1.12	-7.43	-6.29
11:30:07.443865	-0.47000000000000003	-9.64	1.71	-1.2	-9.700000000000001	-0.67	-0.47000000000000003	-9.68	1.45	-1.1400000000000001	-7.37	-6.36
11:30:07.454035	-0.49	-9.64	1.71	-1.26	-9.700000000000001	-0.61	-0.49	-9.67	1.53	-1.1400000000000001	-7.37	-6.36
11:30:07.464134	-0.51	-9.63	1.72	-1.33	-9.69	-0.55	-0.51	-9.66	1.6	-1.16	-7.22	-6.5200000000000005
11:30:07.474206	-0.52	-9.63	1.73	-1.3900000000000001	-9.69	-0.51	-0.54	-9.64	1.68	-1.2	-7.15	-6.59
11:30:07.484276	-0.54	-9.63	1.74	-1.46	-9.68	-0.47000000000000003	-0.5700000000000001	-9.620000000000001	1.77	-1.25	-7.07	-6.66
11:30:07.494614	-0.54	-9.63	1.74	-1.52	-9.67	-0.44	-0.6	-9.6	1.86	-1.29	-6.98	-6.75
11:30:07.505560	-0.54	-9.63	1.75	-1.59	-9.66	-0.43	-0.63	-9.58	1.96	-1.29	-6.98	-6.75
11:30:07.516158	-0.53	-9.63	1.75	-1.6500000000000001	-9.65	-0.41000000000000003	-0.67	-9.56	2.07	-1.42	-6.8100000000000005	-6.9
11:30:07.526231	-0.52	-9.63	1.75	-1.71	-9.64	-0.4	-0.7000000000000001	-9.53	2.18	-1.47	-6.71	-6.99
11:30:07.536459	-0.51	-9.63	1.75	-1.77	-9.63	-0.39	-0.74	-9.5	2.29	-1.52	-6.59	-7.09
11:30:07.546528	-0.5	-9.63	1.75	-1.83	-9.620000000000001	-0.38	-0.78	-9.47	2.41	-1.52	-6.59	-7.09
11:30:07.556625	-0.5	-9.63	1.75	-1.8800000000000001	-9.61	-0.37	-0.8300000000000001	-9.43	2.5300000000000002	-1.52	-6.59	-7.09
11:30:07.566686	-0.51	-9.63	1.74	-1.92	-9.6	-0.36	-0.88	-9.39	2.66	-1.69	-6.23	-7.37
11:30:07.576762	-0.52	-9.63	1.73	-1.95	-9.6	-0.35000000000000003	-0.93	-9.35	2.8000000000000003	-1.69	-6.23	-7.37
11:30:07.587121	-0.54	-9.63	1.71	-1.98	-9.59	-0.35000000000000003	-0.97	-9.3	2.95	-1.69	-6.23	-7.37
11:30:07.597790	-0.56	-9.64	1.69	-2.0	-9.59	-0.36	-1.01	-9.24	3.1	-1.69	-6.23	-7.37
11:30:07.607877	-0.5700000000000001	-9.64	1.68	-2.0100000000000002	-9.59	-0.38	-1.05	-9.18	3.2600000000000002	-1.69	-6.23	-7.37
11:30:07.617945	-0.56	-9.64	1.6600000000000001	-2.0100000000000002	-9.58	-0.42	-1.1	-9.120000000000001	3.42	-1.69	-6.23	-7.37
11:30:07.628041	-0.54	-9.65	1.6500000000000001	-2.0	-9.58	-0.47000000000000003	-1.16	-9.05	3.59	-1.69	-6.23	-7.37
11:30:07.638663	-0.52	-9.65	1.6400000000000001	-1.99	-9.58	-0.54	-1.22	-8.97	3.7600000000000002	-2.17	-5.05	-8.11
11:30:07.648750	-0.5	-9.65	1.6400000000000001	-1.96	-9.58	-0.63	-1.32	-8.88	3.93	-2.2	-4.83	-8.24
11:30:07.658981	-0.49	-9.65	1.6300000000000001	-1.93	-9.58	-0.74	-1.45	-8.78	4.11	-2.22	-4.59	-8.370000000000001
11:30:07.669044	-0.48	-9.65	1.62	-1.9000000000000001	-9.58	-0.86	-1.6	-8.67	4.28	-2.2	-4.3100000000000005	-8.52
11:30:07.679677	-0.47000000000000003	-9.65	1.62	-1.87	-9.57	-1.02	-1.76	-8.56	4.43	-2.2	-4.3100000000000005	-8.52
11:30:07.689994	-0.45	-9.66	1.61	-1.83	-9.55	-1.19	-1.8800000000000001	-8.46	4.57	-2.15	-3.62	-8.85
11:30:07.700592	-0.44	-9.66	1.6	-1.78	-9.540000000000001	-1.3900000000000001	-1.98	-8.36	4.72	-2.21	-3.12	-9.03
11:30:07.710810	-0.41000000000000003	-9.66	1.59	-1.72	-9.51	-1.62	-2.08	-8.17	4.99	-2.21	-3.12	-9.03
11:30:07.720898	-0.39	-9.66	1.58	-1.6300000000000001	-9.48	-1.87	-2.12	-8.09	5.11	-2.6	-2.0100000000000002	-9.23
11:30:07.731025	-0.37	-9.67	1.56	-1.54	-9.450000000000001	-2.1	-2.14	-8.01	5.23	-3.3000000000000003	-1.19	-9.15
11:30:07.741156	-0.35000000000000003	-9.67	1.54	-1.33	-9.39	-2.45	-2.13	-7.930000000000001	5.3500000000000005	-3.2600000000000002	-1.12	-9.17
11:30:07.751688	-0.34	-9.68	1.53	-1.33	-9.39	-2.45	-2.15	-7.86	5.45	-2.87	-1.21	-9.290000000000001
11:30:07.761994	-0.33	-9.68	1.51	-1.22	-9.370000000000001	-2.59	-2.17	-7.8	5.51	-2.87	-1.21	-9.290000000000001
11:30:07.772696	-0.32	-9.68	1.49	-1.03	-9.32	-2.84	-2.17	-7.79	5.54	-2.41	-1.85	-9.32
11:30:07.782823	-0.32	-9.68	1.48	-0.9400000000000001	-9.290000000000001	-2.99	-2.14	-7.8	5.53	-2.42	-2.0300000000000002	-9.28
11:30:07.792900	-0.32	-9.68	1.48	-0.86	-9.24	-3.15	-2.09	-7.84	5.5	-2.42	-2.0300000000000002	-9.28
11:30:07.803410	-0.31	-9.68	1.47	-0.78	-9.19	-3.31	-2.0100000000000002	-7.890000000000001	5.45	-2.09	-2.43	-9.26
11:30:07.813712	-0.31	-9.68	1.47	-0.6900000000000001	-9.14	-3.48	-1.92	-7.97	5.37	-1.79	-2.83	-9.21
11:30:07.823873	-0.31	-9.68	1.47	-0.61	-9.09	-3.62	-1.81	-8.07	5.25	-1.6500000000000001	-3.27	-9.09
11:30:07.833946	-0.31	-9.68	1.47	-0.54	-9.040000000000001	-3.75	-1.7	-8.19	5.11	-1.6300000000000001	-3.64	-8.950000000000001
11:30:07.844020	-0.3	-9.68	1.47	-0.47000000000000003	-8.99	-3.87	-1.59	-8.32	4.93	-1.58	-3.9	-8.85
11:30:07.854088	-0.3	-9.68	1.48	-0.41000000000000003	-8.950000000000001	-3.97	-1.51	-8.46	4.72	-1.47	-4.16	-8.75
11:30:07.864207	-0.28	-9.68	1.49	-0.36	-8.9	-4.08	-1.43	-8.6	4.47	-1.3800000000000001	-4.48	-8.6
11:30:07.874297	-0.27	-9.68	1.49	-0.32	-8.86	-4.19	-1.36	-8.75	4.19	-1.29	-4.8500000000000005	-8.42
11:30:07.884411	-0.27	-9.68	1.49	-0.29	-8.8	-4.3	-1.3	-8.9	3.89	-1.29	-4.8500000000000005	-8.42
11:30:07.894531	-0.26	-9.68	1.51	-0.28	-8.74	-4.42	-1.26	-9.040000000000001	3.56	-1.06	-5.6000000000000005	-7.97
11:30:07.904627	-0.25	-9.68	1.52	-0.28	-8.68	-4.53	-1.22	-9.19	3.19	-0.91	-5.93	-7.75
11:30:07.914707	-0.24	-9.68	1.52	-0.26	-8.64	-4.62	-1.18	-9.32	2.8000000000000003	-0.79	-6.21	-7.54
11:30:07.924775	-0.24	-9.68	1.53	-0.23	-8.6	-4.69	-1.1400000000000001	-9.43	2.39	-0.66	-6.46	-7.34
11:30:07.934905	-0.23	-9.68	1.53	-0.19	-8.57	-4.74	-1.09	-9.540000000000001	1.98	-0.54	-6.73	-7.11
11:30:07.944974	-0.22	-9.68	1.53	-0.13	-8.55	-4.79	-1.04	-9.620000000000001	1.56	-0.46	-6.99	-6.8500000000000005
11:30:07.955216	-0.21	-9.68	1.53	-0.07	-8.53	-4.83	-0.97	-9.68	1.1400000000000001	-0.4	-7.25	-6.58
11:30:07.965344	-0.21	-9.68	1.53	0.0	-8.5	-4.88	-0.9	-9.73	0.73	-0.39	-7.51	-6.29
11:30:07.975484	-0.2	-9.68	1.53	0.06	-8.48	-4.92	-0.8200000000000001	-9.76	0.32	-0.39	-7.51	-6.29
11:30:07.985993	-0.19	-9.68	1.51	0.13	-8.45	-4.95	-0.75	-9.77	-0.09	-0.41000000000000003	-7.97	-5.69
11:30:07.996102	-0.19	-9.68	1.5	0.21	-8.44	-4.97	-0.68	-9.76	-0.5	-0.44	-8.18	-5.38
11:30:08.006268	-0.19	-9.69	1.49	0.28	-8.44	-4.98	-0.62	-9.74	-0.91	-0.45	-8.38	-5.0600000000000005
11:30:08.016351	-0.19	-9.69	1.47	0.35000000000000003	-8.43	-4.98	-0.56	-9.700000000000001	-1.31	-0.45	-8.38	-5.0600000000000005
11:30:08.026464	-0.2	-9.69	1.46	0.4	-8.43	-4.97	-0.51	-9.64	-1.7	-0.45	-8.38	-5.0600000000000005
11:30:08.036591	-0.2	-9.69	1.44	0.44	-8.44	-4.96	-0.46	-9.57	-2.08	-0.43	-8.91	-4.05
11:30:08.046664	-0.21	-9.69	1.43	0.48	-8.45	-4.93	-0.43	-9.48	-2.45	-0.42	-9.06	-3.72
11:30:08.056779	-0.23	-9.700000000000001	1.41	0.52	-8.47	-4.89	-0.4	-9.38	-2.8000000000000003	-0.41000000000000003	-9.19	-3.39
11:30:08.067435	-0.24	-9.700000000000001	1.4000000000000001	0.54	-8.5	-4.84	-0.38	-9.28	-3.13	-0.41000000000000003	-9.19	-3.39
11:30:08.077812	-0.26	-9.700000000000001	1.3900000000000001	0.56	-8.540000000000001	-4.7700000000000005	-0.37	-9.17	-3.43	-0.41000000000000003	-9.19	-3.39
11:30:08.087914	-0.27	-9.700000000000001	1.3800000000000001	0.5700000000000001	-8.58	-4.71	-0.37	-9.06	-3.71	-0.4	-9.3	-3.0700000000000003
11:30:08.097988	-0.29	-9.700000000000001	1.3800000000000001	0.56	-8.61	-4.64	-0.37	-8.96	-3.96	-0.4	-9.53	-2.24
11:30:08.108060	-0.3	-9.700000000000001	1.3800000000000001	0.55	-8.65	-4.57	-0.38	-8.86	-4.17	-0.4	-9.53	-2.24
11:30:08.118193	-0.32	-9.700000000000001	1.3800000000000001	0.54	-8.68	-4.51	-0.39	-8.77	-4.3500000000000005	-0.44	-9.620000000000001	-1.83
11:30:08.128254	-0.33	-9.700000000000001	1.3800000000000001	0.53	-8.71	-4.45	-0.4	-8.700000000000001	-4.49	-0.44	-9.620000000000001	-1.83
11:30:08.138345	-0.34	-9.700000000000001	1.3800000000000001	0.52	-8.74	-4.41	-0.4	-8.65	-4.6000000000000005	-0.44	-9.620000000000001	-1.83
11:30:08.148462	-0.35000000000000003	-9.700000000000001	1.3800000000000001	0.52	-8.76	-4.37	-0.39	-8.61	-4.66	-0.44	-9.620000000000001	-1.83
11:30:08.158790	-0.36	-9.700000000000001	1.3800000000000001	0.51	-8.77	-4.34	-0.39	-8.6	-4.69	-0.44	-9.620000000000001	-1.83
11:30:08.169225	-0.36	-9.700000000000001	1.3800000000000001	0.52	-8.78	-4.32	-0.39	-8.6	-4.68	-0.44	-9.620000000000001	-1.83
11:30:08.179296	-0.36	-9.700000000000001	1.3800000000000001	0.52	-8.790000000000001	-4.3100000000000005	-0.39	-8.63	-4.63	-0.44	-9.620000000000001	-1.83
11:30:08.189485	-0.37	-9.700000000000001	1.3800000000000001	0.53	-8.790000000000001	-4.3100000000000005	-0.39	-8.63	-4.63	-0.6	-9.65	-1.58
11:30:08.199633	-0.36	-9.700000000000001	1.3800000000000001	0.53	-8.790000000000001	-4.3100000000000005	-0.41000000000000003	-8.72	-4.45	-0.61	-9.64	-1.68
11:30:08.209759	-0.36	-9.700000000000001	1.3800000000000001	0.52	-8.78	-4.32	-0.45	-8.86	-4.17	-0.61	-9.64	-1.68
11:30:08.219893	-0.36	-9.700000000000001	1.3800000000000001	0.51	-8.78	-4.33	-0.48	-8.93	-4.0	-0.61	-9.64	-1.68
11:30:08.230036	-0.36	-9.700000000000001	1.3800000000000001	0.49	-8.77	-4.34	-0.51	-9.01	-3.83	-0.61	-9.64	-1.68
11:30:08.240184	-0.36	-9.700000000000001	1.3800000000000001	0.47000000000000003	-8.77	-4.34	-0.53	-9.07	-3.67	-0.61	-9.64	-1.68
11:30:08.250352	-0.37	-9.700000000000001	1.3800000000000001	0.44	-8.8	-4.3	-0.53	-9.1	-3.59	-0.61	-9.64	-1.68
11:30:08.260903	-0.37	-9.700000000000001	1.3800000000000001	0.42	-8.82	-4.25	-0.5700000000000001	-9.11	-3.58	-0.61	-9.64	-1.68
11:30:08.271008	-0.38	-9.700000000000001	1.3800000000000001	0.4	-8.85	-4.2	-0.64	-9.11	-3.56	-0.61	-9.64	-1.68
11:30:08.281131	-0.4	-9.69	1.3900000000000001	0.37	-8.88	-4.12	-0.71	-9.13	-3.48	-0.61	-9.64	-1.68
11:30:08.291248	-0.41000000000000003	-9.69	1.4000000000000001	0.33	-8.92	-4.05	-0.76	-9.18	-3.35	-0.42	-9.540000000000001	-2.21
11:30:08.301320	-0.42	-9.69	1.42	0.33	-8.92	-4.05	-0.76	-9.18	-3.35	-0.63	-9.36	-2.84
11:30:08.311422	-0.42	-9.69	1.43	0.28	-8.97	-3.94	-0.75	-9.26	-3.13	-0.63	-9.36	-2.84
11:30:08.321946	-0.42	-9.68	1.44	0.27	-8.98	-3.91	-0.71	-9.290000000000001	-3.04	-0.63	-9.36	-2.84
11:30:08.332701	-0.42	-9.68	1.46	0.25	-8.98	-3.92	-0.6900000000000001	-9.32	-2.96	-0.63	-9.36	-2.84
11:30:08.342765	-0.42	-9.68	1.47	0.24	-8.98	-3.92	-0.67	-9.35	-2.86	-0.63	-9.36	-2.84
11:30:08.352883	-0.41000000000000003	-9.68	1.48	0.23	-8.99	-3.9	-0.67	-9.38	-2.7600000000000002	-0.63	-9.36	-2.84
11:30:08.362951	-0.4	-9.68	1.5	0.22	-9.0	-3.86	-0.68	-9.41	-2.66	-0.63	-9.36	-2.84
11:30:08.373051	-0.39	-9.67	1.52	0.21	-9.03	-3.8000000000000003	-0.68	-9.43	-2.56	-0.63	-9.36	-2.84
11:30:08.383119	-0.37	-9.67	1.54	0.22	-9.06	-3.72	-0.67	-9.46	-2.48	-0.63	-9.36	-2.84
11:30:08.393312	-0.35000000000000003	-9.67	1.56	0.24	-9.11	-3.61	-0.64	-9.48	-2.4	-1.07	-9.02	-3.68
11:30:08.403925	-0.31	-9.67	1.58	0.26	-9.16	-3.48	-0.61	-9.5	-2.33	-1.07	-8.91	-3.94
11:30:08.413996	-0.28	-9.67	1.6	0.25	-9.21	-3.35	-0.5700000000000001	-9.52	-2.2600000000000002	-1.07	-8.91	-3.94
11:30:08.424093	-0.25	-9.66	1.62	0.23	-9.25	-3.24	-0.55	-9.540000000000001	-2.19	-1.07	-8.91	-3.94
11:30:08.434184	-0.19	-9.66	1.6600000000000001	0.18	-9.28	-3.15	-0.53	-9.55	-2.12	-1.07	-8.91	-3.94
11:30:08.444313	-0.17	-9.65	1.68	0.11	-9.3	-3.09	-0.51	-9.57	-2.06	-1.07	-8.91	-3.94
11:30:08.454399	-0.16	-9.65	1.7	0.03	-9.31	-3.0500000000000003	-0.51	-9.58	-1.99	-1.07	-8.91	-3.94
11:30:08.465067	-0.15	-9.65	1.71	-0.04	-9.32	-3.02	-0.51	-9.6	-1.9100000000000001	-1.07	-8.91	-3.94
11:30:08.475570	-0.15	-9.65	1.72	-0.11	-9.33	-3.0100000000000002	-0.51	-9.61	-1.84	-1.07	-8.91	-3.94
11:30:08.486094	-0.15	-9.65	1.73	-0.17	-9.34	-2.97	-0.51	-9.63	-1.77	-1.07	-8.91	-3.94
11:30:08.496555	-0.15	-9.65	1.73	-0.22	-9.36	-2.89	-0.51	-9.64	-1.71	-1.1	-8.77	-4.24
11:30:08.506652	-0.15	-9.65	1.73	-0.25	-9.39	-2.81	-0.5	-9.65	-1.6400000000000001	-1.19	-8.73	-4.3
11:30:08.516788	-0.15	-9.65	1.73	-0.27	-9.42	-2.71	-0.49	-9.66	-1.57	-1.19	-8.73	-4.3
11:30:08.526872	-0.15	-9.65	1.73	-0.28	-9.44	-2.61	-0.48	-9.67	-1.51	-1.19	-8.73	-4.3
11:30:08.537105	-0.14	-9.65	1.73	-0.29	-9.46	-2.5300000000000002	-0.48	-9.67	-1.51	-1.12	-8.64	-4.49
11:30:08.547765	-0.13	-9.65	1.73	-0.3	-9.49	-2.45	-0.48	-9.67	-1.51	-1.1	-8.59	-4.58
11:30:08.558116	-0.11	-9.65	1.72	-0.3	-9.5	-2.37	-0.46	-9.700000000000001	-1.32	-1.1	-8.59	-4.58
11:30:08.568751	-0.1	-9.65	1.72	-0.31	-9.52	-2.29	-0.47000000000000003	-9.71	-1.26	-1.1	-8.59	-4.58
11:30:08.578874	-0.09	-9.65	1.71	-0.31	-9.540000000000001	-2.21	-0.47000000000000003	-9.72	-1.2	-1.1	-8.59	-4.58
11:30:08.588996	-0.07	-9.65	1.71	-0.33	-9.56	-2.14	-0.47000000000000003	-9.72	-1.2	-1.04	-8.5	-4.7700000000000005
11:30:08.599089	-0.06	-9.65	1.7	-0.35000000000000003	-9.58	-2.06	-0.48	-9.73	-1.08	-1.02	-8.48	-4.8100000000000005
11:30:08.609176	-0.05	-9.65	1.69	-0.37	-9.59	-1.99	-0.48	-9.73	-1.08	-1.0	-8.46	-4.84
11:30:08.619243	-0.04	-9.65	1.69	-0.4	-9.6	-1.92	-0.48	-9.73	-1.08	-0.99	-8.43	-4.89
11:30:08.629326	-0.04	-9.66	1.68	-0.44	-9.61	-1.86	-0.48	-9.73	-1.08	-0.99	-8.41	-4.94
11:30:08.639426	-0.03	-9.66	1.68	-0.48	-9.620000000000001	-1.8	-0.48	-9.73	-1.08	-0.98	-8.38	-4.98
11:30:08.649500	-0.03	-9.66	1.67	-0.53	-9.63	-1.74	-0.48	-9.73	-1.08	-0.97	-8.36	-5.03
11:30:08.659639	-0.02	-9.66	1.67	-0.59	-9.64	-1.67	-0.48	-9.73	-1.08	-0.98	-8.34	-5.0600000000000005
11:30:08.669740	-0.02	-9.66	1.67	-0.64	-9.65	-1.6	-0.53	-9.76	-0.68	-0.98	-8.34	-5.0600000000000005
11:30:08.679860	-0.01	-9.66	1.68	-0.74	-9.66	-1.46	-0.54	-9.77	-0.63	-0.99	-8.32	-5.08
11:30:08.689979	0.0	-9.66	1.68	-0.79	-9.67	-1.3900000000000001	-0.55	-9.77	-0.5700000000000001	-0.98	-8.290000000000001	-5.13
11:30:08.700099	0.0	-9.65	1.69	-0.85	-9.67	-1.32	-0.55	-9.77	-0.51	-0.96	-8.24	-5.22
11:30:08.710768	0.01	-9.65	1.7	-0.9	-9.68	-1.24	-0.56	-9.77	-0.44	-0.96	-8.22	-5.25
11:30:08.720834	0.02	-9.65	1.71	-0.9500000000000001	-9.68	-1.18	-0.56	-9.77	-0.44	-0.9500000000000001	-8.19	-5.3
11:30:08.730957	0.03	-9.65	1.72	-0.99	-9.69	-1.12	-0.5700000000000001	-9.78	-0.31	-0.9500000000000001	-8.14	-5.37
11:30:08.741077	0.04	-9.65	1.73	-1.04	-9.69	-1.06	-0.58	-9.78	-0.23	-0.9400000000000001	-8.11	-5.43
11:30:08.751529	0.05	-9.64	1.75	-1.08	-9.69	-1.02	-0.58	-9.78	-0.15	-0.9500000000000001	-8.07	-5.47
11:30:08.761674	0.05	-9.64	1.76	-1.11	-9.69	-0.98	-0.58	-9.78	-0.07	-0.9400000000000001	-8.03	-5.54
11:30:08.772391	0.05	-9.64	1.78	-1.1400000000000001	-9.69	-0.9400000000000001	-0.59	-9.78	0.1	-0.93	-7.98	-5.61
11:30:08.782488	0.05	-9.64	1.79	-1.17	-9.69	-0.9	-0.6	-9.78	0.2	-0.92	-7.95	-5.66
11:30:08.792609	0.05	-9.63	1.8	-1.2	-9.69	-0.87	-0.6	-9.78	0.3	-0.89	-7.86	-5.78
11:30:08.803124	0.04	-9.63	1.81	-1.23	-9.69	-0.8300000000000001	-0.6	-9.77	0.4	-0.89	-7.86	-5.78
11:30:08.813196	0.03	-9.63	1.82	-1.26	-9.69	-0.8	-0.61	-9.77	0.51	-0.88	-7.8100000000000005	-5.8500000000000005
11:30:08.823264	0.03	-9.63	1.82	-1.29	-9.68	-0.78	-0.61	-9.76	0.61	-0.88	-7.8100000000000005	-5.8500000000000005
11:30:08.833348	0.01	-9.63	1.83	-1.33	-9.68	-0.75	-0.62	-9.75	0.72	-0.87	-7.78	-5.89
11:30:08.843414	0.0	-9.63	1.83	-1.37	-9.68	-0.72	-0.62	-9.75	0.8300000000000001	-0.89	-7.68	-6.0200000000000005
11:30:08.853482	-0.01	-9.63	1.84	-1.4000000000000001	-9.68	-0.6900000000000001	-0.62	-9.75	0.8300000000000001	-1.0	-7.57	-6.140000000000001
11:30:08.863638	-0.03	-9.63	1.85	-1.44	-9.67	-0.66	-0.65	-9.73	1.02	-1.01	-7.5	-6.22
11:30:08.873714	-0.05	-9.620000000000001	1.85	-1.48	-9.67	-0.62	-0.67	-9.71	1.12	-1.02	-7.42	-6.32
11:30:08.883812	-0.07	-9.620000000000001	1.86	-1.53	-9.66	-0.59	-0.6900000000000001	-9.700000000000001	1.23	-1.03	-7.3500000000000005	-6.4
11:30:08.893875	-0.09	-9.620000000000001	1.87	-1.58	-9.66	-0.55	-0.71	-9.68	1.32	-1.07	-7.28	-6.47
11:30:08.904000	-0.1	-9.620000000000001	1.87	-1.6300000000000001	-9.65	-0.52	-0.74	-9.67	1.43	-1.1	-7.2	-6.5600000000000005
11:30:08.914075	-0.12	-9.620000000000001	1.8800000000000001	-1.68	-9.64	-0.49	-0.77	-9.65	1.53	-1.1	-7.2	-6.5600000000000005
11:30:08.924232	-0.13	-9.620000000000001	1.8800000000000001	-1.74	-9.63	-0.47000000000000003	-0.8	-9.63	1.6500000000000001	-1.19	-7.0200000000000005	-6.73
11:30:08.934313	-0.14	-9.620000000000001	1.8900000000000001	-1.79	-9.620000000000001	-0.46	-0.8300000000000001	-9.61	1.76	-1.26	-6.93	-6.8100000000000005
11:30:08.944415	-0.15	-9.620000000000001	1.8900000000000001	-1.85	-9.61	-0.45	-0.87	-9.58	1.87	-1.31	-6.83	-6.9
11:30:08.954538	-0.16	-9.620000000000001	1.8900000000000001	-1.9100000000000001	-9.6	-0.44	-0.91	-9.55	2.0	-1.36	-6.72	-7.0
11:30:08.964669	-0.17	-9.61	1.8900000000000001	-1.96	-9.59	-0.43	-0.9500000000000001	-9.52	2.12	-1.42	-6.61	-7.1000000000000005
11:30:08.974741	-0.18	-9.620000000000001	1.8900000000000001	-2.0100000000000002	-9.58	-0.43	-1.0	-9.49	2.24	-1.47	-6.5	-7.19
11:30:08.984840	-0.2	-9.620000000000001	1.8800000000000001	-2.05	-9.57	-0.42	-1.05	-9.450000000000001	2.38	-1.55	-6.38	-7.28
11:30:08.994904	-0.22	-9.620000000000001	1.86	-2.09	-9.57	-0.41000000000000003	-1.09	-9.41	2.52	-1.6400000000000001	-6.24	-7.37
11:30:09.005060	-0.24	-9.620000000000001	1.84	-2.11	-9.56	-0.41000000000000003	-1.1300000000000001	-9.36	2.68	-1.68	-6.11	-7.48
11:30:09.015648	-0.26	-9.63	1.82	-2.13	-9.56	-0.41000000000000003	-1.17	-9.31	2.83	-1.73	-5.97	-7.58
11:30:09.025784	-0.27	-9.63	1.8	-2.13	-9.56	-0.43	-1.21	-9.25	3.0	-1.82	-5.8	-7.68
11:30:09.036201	-0.27	-9.64	1.77	-2.13	-9.56	-0.46	-1.26	-9.19	3.17	-1.92	-5.62	-7.8
11:30:09.046729	-0.26	-9.64	1.76	-2.12	-9.55	-0.5	-1.3	-9.120000000000001	3.34	-2.0	-5.44	-7.9
11:30:09.056795	-0.25	-9.64	1.75	-2.11	-9.55	-0.5700000000000001	-1.36	-9.040000000000001	3.52	-2.06	-5.24	-8.02
11:30:09.066870	-0.25	-9.64	1.74	-2.09	-9.55	-0.65	-1.44	-8.96	3.71	-2.11	-5.03	-8.14
11:30:09.076942	-0.25	-9.64	1.74	-2.06	-9.55	-0.76	-1.54	-8.86	3.9	-2.14	-4.8	-8.27
11:30:09.087071	-0.25	-9.64	1.73	-2.0300000000000002	-9.55	-0.88	-1.6500000000000001	-8.76	4.07	-2.19	-4.53	-8.41
11:30:09.097198	-0.25	-9.64	1.73	-1.99	-9.540000000000001	-1.04	-1.75	-8.66	4.24	-2.24	-4.24	-8.55
11:30:09.107735	-0.24	-9.64	1.72	-1.95	-9.53	-1.21	-1.83	-8.56	4.41	-2.2600000000000002	-3.93	-8.69
11:30:09.117847	-0.22	-9.65	1.72	-1.8900000000000001	-9.51	-1.41	-1.8800000000000001	-8.47	4.5600000000000005	-2.38	-3.5300000000000002	-8.83
11:30:09.128011	-0.21	-9.65	1.71	-1.83	-9.49	-1.62	-1.9100000000000001	-8.39	4.69	-2.47	-3.0500000000000003	-8.98
11:30:09.138115	-0.19	-9.65	1.7	-1.75	-9.47	-1.84	-1.92	-8.31	4.83	-2.59	-2.5500000000000003	-9.1
11:30:09.148182	-0.17	-9.65	1.69	-1.6500000000000001	-9.43	-2.07	-1.93	-8.23	4.97	-3.0	-2.19	-9.07
11:30:09.158249	-0.15	-9.66	1.67	-1.54	-9.4	-2.2800000000000002	-1.94	-8.14	5.09	-3.3000000000000003	-2.06	-8.99
11:30:09.168786	-0.14	-9.66	1.6500000000000001	-1.42	-9.38	-2.46	-1.96	-8.07	5.2	-3.04	-2.18	-9.06
11:30:09.178859	-0.13	-9.66	1.6400000000000001	-1.31	-9.35	-2.61	-1.96	-8.02	5.2700000000000005	-2.7	-2.36	-9.120000000000001
11:30:09.188993	-0.13	-9.66	1.6300000000000001	-1.21	-9.33	-2.74	-1.94	-8.0	5.3100000000000005	-2.71	-2.5	-9.08
11:30:09.199063	-0.13	-9.66	1.6300000000000001	-1.12	-9.31	-2.86	-1.92	-8.0	5.33	-2.85	-2.58	-9.01
11:30:09.209249	-0.13	-9.66	1.62	-1.04	-9.27	-2.99	-1.87	-8.02	5.32	-2.7600000000000002	-2.7	-9.01
11:30:09.219400	-0.13	-9.66	1.6300000000000001	-0.96	-9.24	-3.13	-1.79	-8.05	5.29	-2.5500000000000003	-2.94	-8.99
11:30:09.229468	-0.13	-9.66	1.6300000000000001	-0.8	-9.14	-3.43	-1.69	-8.120000000000001	5.22	-2.4	-3.29	-8.91
11:30:09.239549	-0.13	-9.66	1.6400000000000001	-0.72	-9.09	-3.59	-1.6	-8.2	5.13	-2.2800000000000002	-3.65	-8.8
11:30:09.249666	-0.13	-9.66	1.6500000000000001	-0.64	-9.040000000000001	-3.73	-1.51	-8.290000000000001	4.99	-2.18	-3.97	-8.69
11:30:09.259795	-0.13	-9.66	1.6600000000000001	-0.5700000000000001	-8.99	-3.86	-1.45	-8.41	4.83	-2.09	-4.2	-8.6
11:30:09.270481	-0.12	-9.66	1.67	-0.51	-8.94	-3.98	-1.4000000000000001	-8.53	4.62	-1.99	-4.44	-8.51
11:30:09.280563	-0.12	-9.66	1.68	-0.46	-8.89	-4.09	-1.36	-8.66	4.39	-1.74	-5.03	-8.23
11:30:09.291139	-0.12	-9.65	1.69	-0.42	-8.85	-4.2	-1.33	-8.790000000000001	4.12	-1.59	-5.3500000000000005	-8.06
11:30:09.301311	-0.12	-9.65	1.7	-0.39	-8.8	-4.3	-1.3	-8.93	3.83	-1.44	-5.66	-7.87
11:30:09.311451	-0.12	-9.65	1.71	-0.36	-8.74	-4.41	-1.25	-9.19	3.15	-1.29	-5.98	-7.66
11:30:09.321579	-0.12	-9.65	1.71	-0.34	-8.69	-4.51	-1.23	-9.32	2.77	-1.1500000000000001	-6.28	-7.43
11:30:09.331711	-0.13	-9.65	1.72	-0.31	-8.65	-4.59	-1.19	-9.43	2.37	-1.03	-6.5600000000000005	-7.21
11:30:09.342327	-0.13	-9.65	1.73	-0.28	-8.620000000000001	-4.65	-1.1500000000000001	-9.53	1.95	-0.93	-6.83	-6.97
11:30:09.352398	-0.13	-9.65	1.73	-0.24	-8.59	-4.71	-1.11	-9.620000000000001	1.53	-0.8300000000000001	-7.09	-6.71
11:30:09.362465	-0.13	-9.65	1.73	-0.18	-8.57	-4.75	-1.05	-9.68	1.1	-0.75	-7.36	-6.43
11:30:09.372537	-0.13	-9.65	1.73	-0.12	-8.55	-4.78	-0.99	-9.73	0.66	-0.68	-7.62	-6.13
11:30:09.382611	-0.13	-9.65	1.73	-0.06	-8.540000000000001	-4.8100000000000005	-0.9400000000000001	-9.75	0.22	-0.63	-7.8500000000000005	-5.83
11:30:09.392693	-0.13	-9.65	1.72	0.0	-8.53	-4.83	-0.88	-9.76	-0.2	-0.58	-8.08	-5.5200000000000005
11:30:09.402759	-0.13	-9.65	1.72	0.06	-8.52	-4.84	-0.8200000000000001	-9.75	-0.64	-0.56	-8.28	-5.22
11:30:09.413240	-0.13	-9.65	1.71	0.12	-8.52	-4.84	-0.75	-9.71	-1.07	-0.55	-8.47	-4.9
11:30:09.423402	-0.13	-9.65	1.69	0.18	-8.52	-4.84	-0.6900000000000001	-9.66	-1.49	-0.55	-8.65	-4.57
11:30:09.433488	-0.13	-9.65	1.68	0.24	-8.53	-4.82	-0.63	-9.59	-1.9000000000000001	-0.55	-8.82	-4.24
11:30:09.443571	-0.14	-9.66	1.67	0.29	-8.540000000000001	-4.8	-0.58	-9.51	-2.29	-0.55	-8.97	-3.91
11:30:09.453641	-0.15	-9.66	1.6500000000000001	0.35000000000000003	-8.55	-4.7700000000000005	-0.53	-9.42	-2.66	-0.56	-9.11	-3.58
11:30:09.463712	-0.16	-9.66	1.6400000000000001	0.4	-8.57	-4.73	-0.5	-9.32	-3.0	-0.5700000000000001	-9.22	-3.2600000000000002
11:30:09.473779	-0.17	-9.66	1.62	0.44	-8.59	-4.69	-0.47000000000000003	-9.21	-3.3200000000000003	-0.58	-9.32	-2.97
11:30:09.483853	-0.18	-9.67	1.61	0.47000000000000003	-8.620000000000001	-4.64	-0.45	-9.1	-3.61	-0.6	-9.4	-2.69
11:30:09.493979	-0.2	-9.67	1.59	0.49	-8.64	-4.59	-0.45	-8.99	-3.86	-0.61	-9.47	-2.44
11:30:09.504047	-0.22	-9.67	1.58	0.5	-8.67	-4.55	-0.44	-8.9	-4.09	-0.63	-9.53	-2.2
11:30:09.514120	-0.24	-9.67	1.57	0.49	-8.69	-4.51	-0.45	-8.81	-4.2700000000000005	-0.66	-9.57	-2.02
11:30:09.524209	-0.26	-9.67	1.55	0.48	-8.700000000000001	-4.48	-0.46	-8.73	-4.43	-0.6900000000000001	-9.59	-1.8800000000000001
11:30:09.534316	-0.29	-9.67	1.54	0.47000000000000003	-8.71	-4.46	-0.46	-8.67	-4.54	-0.73	-9.61	-1.78
11:30:09.544393	-0.31	-9.68	1.53	0.46	-8.72	-4.44	-0.46	-8.63	-4.61	-0.75	-9.620000000000001	-1.71
11:30:09.554481	-0.33	-9.68	1.52	0.47000000000000003	-8.73	-4.42	-0.46	-8.61	-4.65	-0.77	-9.620000000000001	-1.69
11:30:09.564548	-0.35000000000000003	-9.68	1.51	0.49	-8.74	-4.41	-0.44	-8.61	-4.66	-0.78	-9.620000000000001	-1.71
11:30:09.574621	-0.37	-9.68	1.5	0.51	-8.74	-4.41	-0.43	-8.63	-4.63	-0.79	-9.61	-1.78
11:30:09.584736	-0.38	-9.68	1.5	0.54	-8.73	-4.41	-0.41000000000000003	-8.66	-4.57	-0.79	-9.59	-1.87
11:30:09.594819	-0.39	-9.68	1.49	0.5700000000000001	-8.73	-4.42	-0.4	-8.71	-4.48	-0.79	-9.57	-1.98
11:30:09.604933	-0.4	-9.68	1.48	0.58	-8.71	-4.45	-0.4	-8.77	-4.36	-0.79	-9.540000000000001	-2.11
11:30:09.615048	-0.4	-9.68	1.47	0.59	-8.700000000000001	-4.48	-0.4	-8.77	-4.36	-0.79	-9.51	-2.24
11:30:09.625124	-0.4	-9.68	1.47	0.59	-8.68	-4.51	-0.42	-8.91	-4.07	-0.77	-9.47	-2.39
11:30:09.635384	-0.4	-9.68	1.46	0.59	-8.67	-4.53	-0.44	-8.98	-3.89	-0.71	-9.42	-2.59
11:30:09.645655	-0.39	-9.68	1.46	0.59	-8.67	-4.54	-0.47000000000000003	-9.06	-3.71	-0.67	-9.39	-2.73
11:30:09.655757	-0.39	-9.68	1.45	0.58	-8.66	-4.54	-0.5	-9.120000000000001	-3.54	-0.65	-9.38	-2.7800000000000002
11:30:09.665872	-0.4	-9.68	1.45	0.56	-8.66	-4.55	-0.54	-9.18	-3.38	-0.67	-9.4	-2.69
11:30:09.675942	-0.4	-9.68	1.45	0.53	-8.66	-4.55	-0.56	-9.22	-3.27	-0.67	-9.47	-2.43
11:30:09.686056	-0.41000000000000003	-9.68	1.45	0.51	-8.67	-4.53	-0.5700000000000001	-9.23	-3.24	-0.58	-9.48	-2.43
11:30:09.696139	-0.42	-9.68	1.45	0.5	-8.700000000000001	-4.48	-0.61	-9.23	-3.25	-0.58	-9.38	-2.7800000000000002
11:30:09.706284	-0.44	-9.68	1.45	0.48	-8.75	-4.38	-0.67	-9.23	-3.22	-0.76	-9.26	-3.11
11:30:09.716362	-0.46	-9.68	1.46	0.44	-8.81	-4.26	-0.67	-9.23	-3.22	-0.9400000000000001	-9.13	-3.43
11:30:09.726476	-0.48	-9.68	1.48	0.38	-8.870000000000001	-4.14	-0.75	-9.3	-2.99	-1.0	-9.01	-3.73
11:30:09.737042	-0.49	-9.67	1.49	0.33	-8.91	-4.0600000000000005	-0.75	-9.34	-2.88	-1.02	-8.92	-3.94
11:30:09.747376	-0.49	-9.67	1.5	0.31	-8.9	-4.09	-0.73	-9.370000000000001	-2.79	-1.11	-8.84	-4.08
11:30:09.757468	-0.49	-9.67	1.51	0.29	-8.9	-4.1	-0.6900000000000001	-9.4	-2.69	-1.17	-8.8	-4.15
11:30:09.768126	-0.48	-9.67	1.53	0.28	-8.91	-4.07	-0.67	-9.43	-2.59	-1.17	-8.84	-4.07
11:30:09.778220	-0.46	-9.67	1.54	0.29	-8.93	-4.0200000000000005	-0.66	-9.46	-2.48	-1.17	-8.88	-3.97
11:30:09.788314	-0.45	-9.67	1.56	0.3	-8.96	-3.96	-0.68	-9.48	-2.38	-1.17	-8.9	-3.94
11:30:09.798468	-0.42	-9.66	1.58	0.32	-8.99	-3.89	-0.6900000000000001	-9.51	-2.2800000000000002	-1.2	-8.85	-4.03
11:30:09.809122	-0.39	-9.66	1.6	0.34	-9.03	-3.79	-0.6900000000000001	-9.53	-2.19	-1.22	-8.8	-4.14
11:30:09.819219	-0.36	-9.66	1.62	0.35000000000000003	-9.07	-3.69	-0.6900000000000001	-9.53	-2.19	-1.25	-8.72	-4.29
11:30:09.829306	-0.32	-9.66	1.6400000000000001	0.36	-9.120000000000001	-3.58	-0.67	-9.55	-2.1	-1.27	-8.66	-4.4
11:30:09.839411	-0.28	-9.66	1.6600000000000001	0.31	-9.19	-3.38	-0.64	-9.57	-2.0300000000000002	-1.28	-8.64	-4.43
11:30:09.849540	-0.26	-9.65	1.67	0.25	-9.21	-3.33	-0.61	-9.58	-1.95	-1.26	-8.65	-4.43
11:30:09.860234	-0.23	-9.65	1.68	0.18	-9.22	-3.31	-0.59	-9.6	-1.87	-1.21	-8.65	-4.44
11:30:09.870351	-0.22	-9.65	1.69	0.11	-9.23	-3.3000000000000003	-0.5700000000000001	-9.620000000000001	-1.8	-1.19	-8.58	-4.58
11:30:09.880464	-0.21	-9.65	1.69	0.05	-9.23	-3.29	-0.55	-9.63	-1.73	-1.21	-8.53	-4.66
11:30:09.890554	-0.2	-9.65	1.69	0.0	-9.25	-3.25	-0.54	-9.65	-1.6500000000000001	-1.23	-8.5	-4.72
11:30:09.900656	-0.2	-9.65	1.69	-0.03	-9.27	-3.17	-0.53	-9.66	-1.58	-1.25	-8.49	-4.73
11:30:09.911170	-0.2	-9.65	1.68	-0.04	-9.3	-3.08	-0.52	-9.67	-1.5	-1.25	-8.49	-4.73
11:30:09.921413	-0.21	-9.65	1.67	-0.04	-9.34	-2.98	-0.53	-9.68	-1.43	-1.22	-8.48	-4.75
11:30:09.931542	-0.21	-9.66	1.6600000000000001	-0.05	-9.370000000000001	-2.89	-0.52	-9.700000000000001	-1.29	-1.2	-8.45	-4.8100000000000005
11:30:09.941672	-0.21	-9.66	1.6600000000000001	-0.06	-9.39	-2.8000000000000003	-0.52	-9.71	-1.23	-1.19	-8.41	-4.88
11:30:09.952306	-0.22	-9.66	1.6500000000000001	-0.07	-9.41	-2.73	-0.51	-9.72	-1.16	-1.19	-8.38	-4.94
11:30:09.962380	-0.22	-9.66	1.6400000000000001	-0.08	-9.43	-2.66	-0.51	-9.73	-1.09	-1.2	-8.34	-5.0
11:30:09.972513	-0.22	-9.66	1.6400000000000001	-0.09	-9.450000000000001	-2.6	-0.51	-9.73	-1.03	-1.2	-8.31	-5.0600000000000005
11:30:09.982583	-0.21	-9.66	1.6400000000000001	-0.1	-9.47	-2.52	-0.51	-9.74	-0.97	-1.21	-8.28	-5.1000000000000005
11:30:09.993022	-0.2	-9.66	1.6300000000000001	-0.11	-9.49	-2.45	-0.51	-9.75	-0.9	-1.2	-8.26	-5.13
11:30:10.003105	-0.19	-9.66	1.6300000000000001	-0.11	-9.51	-2.37	-0.52	-9.75	-0.84	-1.19	-8.24	-5.17
11:30:10.013176	-0.18	-9.66	1.6300000000000001	-0.12	-9.53	-2.3000000000000003	-0.53	-9.76	-0.78	-1.19	-8.24	-5.17
11:30:10.023245	-0.17	-9.66	1.62	-0.14	-9.540000000000001	-2.22	-0.54	-9.76	-0.71	-1.17	-8.19	-5.26
11:30:10.033320	-0.16	-9.67	1.62	-0.17	-9.56	-2.15	-0.54	-9.77	-0.64	-1.16	-8.17	-5.29
11:30:10.043394	-0.16	-9.67	1.62	-0.2	-9.57	-2.08	-0.54	-9.77	-0.5700000000000001	-1.1500000000000001	-8.14	-5.33
11:30:10.053476	-0.14	-9.67	1.61	-0.24	-9.59	-2.02	-0.55	-9.77	-0.51	-1.1500000000000001	-8.11	-5.38
11:30:10.063544	-0.14	-9.67	1.61	-0.28	-9.6	-1.96	-0.55	-9.78	-0.45	-1.1500000000000001	-8.07	-5.43
11:30:10.073618	-0.13	-9.67	1.61	-0.33	-9.61	-1.9000000000000001	-0.55	-9.78	-0.38	-1.17	-8.05	-5.46
11:30:10.083692	-0.12	-9.67	1.61	-0.37	-9.620000000000001	-1.83	-0.55	-9.78	-0.33	-1.19	-8.02	-5.5
11:30:10.093766	-0.11	-9.67	1.61	-0.41000000000000003	-9.63	-1.76	-0.55	-9.78	-0.27	-1.19	-7.99	-5.55
11:30:10.103843	-0.09	-9.67	1.61	-0.46	-9.64	-1.69	-0.55	-9.78	-0.22	-1.18	-7.96	-5.59
11:30:10.113911	-0.08	-9.67	1.62	-0.5	-9.65	-1.62	-0.55	-9.78	-0.17	-1.17	-7.94	-5.62
11:30:10.123987	-0.07	-9.66	1.6300000000000001	-0.54	-9.66	-1.55	-0.55	-9.790000000000001	-0.11	-1.16	-7.92	-5.65
11:30:10.134165	-0.06	-9.66	1.6400000000000001	-0.58	-9.67	-1.48	-0.54	-9.790000000000001	-0.05	-1.1500000000000001	-7.890000000000001	-5.7
11:30:10.144236	-0.05	-9.66	1.6500000000000001	-0.63	-9.68	-1.41	-0.54	-9.790000000000001	0.0	-1.1500000000000001	-7.86	-5.74
11:30:10.154321	-0.04	-9.66	1.6600000000000001	-0.68	-9.68	-1.35	-0.54	-9.790000000000001	0.05	-1.1500000000000001	-7.83	-5.78
11:30:10.164449	-0.03	-9.66	1.67	-0.72	-9.69	-1.28	-0.54	-9.790000000000001	0.12	-1.1400000000000001	-7.8	-5.82
11:30:10.174545	-0.03	-9.66	1.68	-0.77	-9.69	-1.22	-0.54	-9.78	0.18	-1.1300000000000001	-7.76	-5.88
11:30:10.184861	-0.03	-9.65	1.69	-0.8200000000000001	-9.700000000000001	-1.16	-0.54	-9.78	0.24	-1.1300000000000001	-7.74	-5.91
11:30:10.195003	-0.02	-9.65	1.7	-0.86	-9.700000000000001	-1.1	-0.54	-9.78	0.31	-1.1300000000000001	-7.71	-5.94
11:30:10.205634	-0.03	-9.65	1.71	-0.91	-9.700000000000001	-1.04	-0.54	-9.78	0.38	-1.12	-7.68	-5.98
11:30:10.215710	-0.03	-9.65	1.72	-0.96	-9.700000000000001	-0.98	-0.54	-9.78	0.45	-1.11	-7.640000000000001	-6.03
11:30:10.225811	-0.03	-9.65	1.73	-1.0	-9.700000000000001	-0.93	-0.54	-9.77	0.53	-1.11	-7.62	-6.0600000000000005
11:30:10.235899	-0.03	-9.64	1.75	-1.05	-9.700000000000001	-0.89	-0.54	-9.77	0.61	-1.11	-7.59	-6.1000000000000005
11:30:10.245972	-0.03	-9.64	1.75	-1.1	-9.700000000000001	-0.85	-0.54	-9.76	0.6900000000000001	-1.1400000000000001	-7.54	-6.15
11:30:10.256530	-0.03	-9.64	1.75	-1.1400000000000001	-9.700000000000001	-0.81	-0.54	-9.76	0.77	-1.1400000000000001	-7.54	-6.15
11:30:10.266633	-0.03	-9.64	1.76	-1.19	-9.700000000000001	-0.76	-0.54	-9.75	0.86	-1.24	-7.43	-6.2700000000000005
11:30:10.276755	-0.03	-9.64	1.77	-1.23	-9.700000000000001	-0.72	-0.54	-9.74	0.9500000000000001	-1.24	-7.43	-6.2700000000000005
11:30:10.287228	-0.03	-9.64	1.77	-1.27	-9.69	-0.6900000000000001	-0.55	-9.73	1.03	-1.27	-7.3	-6.41
11:30:10.297339	-0.03	-9.64	1.78	-1.31	-9.69	-0.64	-0.55	-9.72	1.11	-1.28	-7.23	-6.49
11:30:10.307414	-0.04	-9.64	1.79	-1.35	-9.69	-0.61	-0.5700000000000001	-9.71	1.2	-1.31	-7.17	-6.55
11:30:10.317513	-0.04	-9.63	1.8	-1.4000000000000001	-9.68	-0.5700000000000001	-0.58	-9.700000000000001	1.29	-1.31	-7.17	-6.55
11:30:10.328122	-0.04	-9.63	1.8	-1.45	-9.68	-0.54	-0.6	-9.68	1.3800000000000001	-1.3800000000000001	-7.01	-6.71
11:30:10.338597	-0.04	-9.63	1.81	-1.5	-9.67	-0.52	-0.62	-9.67	1.48	-1.44	-6.93	-6.78
11:30:10.349226	-0.04	-9.63	1.81	-1.55	-9.66	-0.5	-0.64	-9.65	1.58	-1.5	-6.8500000000000005	-6.8500000000000005
11:30:10.359389	-0.03	-9.63	1.81	-1.6500000000000001	-9.65	-0.48	-0.66	-9.63	1.68	-1.56	-6.75	-6.93
11:30:10.369518	-0.03	-9.63	1.81	-1.7	-9.64	-0.47000000000000003	-0.6900000000000001	-9.61	1.79	-1.61	-6.65	-7.0200000000000005
11:30:10.379605	-0.02	-9.63	1.81	-1.7	-9.64	-0.47000000000000003	-0.71	-9.59	1.9000000000000001	-1.67	-6.55	-7.1000000000000005
11:30:10.390233	-0.02	-9.63	1.81	-1.8	-9.620000000000001	-0.44	-0.74	-9.56	2.0100000000000002	-1.74	-6.44	-7.18
11:30:10.400325	-0.02	-9.63	1.81	-1.84	-9.620000000000001	-0.42	-0.77	-9.540000000000001	2.13	-1.79	-6.32	-7.2700000000000005
11:30:10.410442	-0.02	-9.63	1.81	-1.8800000000000001	-9.61	-0.41000000000000003	-0.8300000000000001	-9.47	2.37	-1.85	-6.18	-7.37
11:30:10.420588	-0.02	-9.63	1.81	-1.9100000000000001	-9.6	-0.4	-0.8300000000000001	-9.47	2.37	-1.98	-5.94	-7.54
11:30:10.431299	-0.02	-9.63	1.81	-1.94	-9.6	-0.4	-0.87	-9.43	2.5	-2.08	-5.8	-7.62
11:30:10.441410	-0.04	-9.64	1.79	-1.95	-9.59	-0.41000000000000003	-0.96	-9.35	2.77	-2.14	-5.64	-7.72
11:30:10.452039	-0.05	-9.64	1.77	-1.96	-9.59	-0.43	-0.99	-9.3	2.93	-2.14	-5.64	-7.72
11:30:10.462490	-0.07	-9.64	1.74	-1.97	-9.59	-0.46	-1.02	-9.24	3.09	-2.25	-5.3100000000000005	-7.92
11:30:10.472602	-0.08	-9.65	1.72	-1.96	-9.59	-0.51	-1.06	-9.18	3.2600000000000002	-2.25	-5.3100000000000005	-7.92
11:30:10.482680	-0.07	-9.65	1.69	-1.95	-9.59	-0.5700000000000001	-1.1	-9.11	3.43	-2.43	-4.9	-8.13
11:30:10.492755	-0.06	-9.66	1.6600000000000001	-1.93	-9.59	-0.65	-1.1400000000000001	-9.040000000000001	3.61	-2.5	-4.7	-8.23
11:30:10.502822	-0.04	-9.66	1.6400000000000001	-1.8900000000000001	-9.59	-0.74	-1.19	-8.96	3.79	-2.52	-4.49	-8.34
11:30:10.512964	-0.02	-9.67	1.62	-1.86	-9.58	-0.85	-1.29	-8.86	3.97	-2.56	-4.24	-8.46
11:30:10.523029	0.0	-9.67	1.61	-1.84	-9.58	-0.98	-1.42	-8.76	4.15	-2.59	-3.93	-8.59
11:30:10.533096	0.01	-9.67	1.6	-1.8	-9.57	-1.1400000000000001	-1.57	-8.66	4.3	-2.61	-3.59	-8.74
11:30:10.543171	0.02	-9.67	1.59	-1.75	-9.55	-1.33	-1.7	-8.57	4.45	-2.66	-3.13	-8.9
11:30:10.553245	0.04	-9.67	1.59	-1.69	-9.53	-1.54	-1.79	-8.47	4.59	-2.7600000000000002	-2.63	-9.03
11:30:10.563328	0.06	-9.67	1.58	-1.61	-9.5	-1.77	-1.86	-8.370000000000001	4.74	-2.91	-2.14	-9.11
11:30:10.573400	0.08	-9.67	1.58	-1.52	-9.47	-2.0100000000000002	-1.92	-8.28	4.88	-3.1	-1.6500000000000001	-9.15
11:30:10.583469	0.1	-9.67	1.57	-1.41	-9.44	-2.22	-1.98	-8.2	5.0	-3.37	-1.24	-9.120000000000001
11:30:10.593534	0.12	-9.67	1.57	-1.3	-9.42	-2.38	-2.0100000000000002	-8.120000000000001	5.11	-3.5700000000000003	-1.06	-9.06
11:30:10.603608	0.13	-9.68	1.56	-1.19	-9.4	-2.52	-2.02	-8.040000000000001	5.22	-3.36	-1.07	-9.14
11:30:10.613687	0.14	-9.68	1.54	-1.08	-9.370000000000001	-2.64	-2.0300000000000002	-7.97	5.33	-2.94	-1.25	-9.26
11:30:10.623838	0.15	-9.68	1.53	-1.08	-9.370000000000001	-2.64	-2.0300000000000002	-7.97	5.33	-2.94	-1.25	-9.26
11:30:10.634052	0.15	-9.68	1.52	-0.91	-9.32	-2.89	-2.02	-7.9	5.43	-2.63	-1.54	-9.31
11:30:10.644127	0.15	-9.68	1.52	-0.84	-9.28	-3.04	-2.0	-7.91	5.42	-2.42	-1.9100000000000001	-9.3
11:30:10.654196	0.15	-9.68	1.52	-0.77	-9.23	-3.2	-1.96	-7.95	5.39	-2.25	-2.08	-9.31
11:30:10.664322	0.16	-9.68	1.52	-0.6900000000000001	-9.18	-3.36	-1.8900000000000001	-8.0	5.33	-2.0	-2.38	-9.3
11:30:10.674416	0.16	-9.68	1.52	-0.62	-9.13	-3.5100000000000002	-1.8	-8.08	5.24	-1.86	-2.79	-9.21
11:30:10.684505	0.16	-9.68	1.52	-0.54	-9.08	-3.65	-1.7	-8.17	5.13	-1.85	-3.15	-9.09
11:30:10.694579	0.16	-9.68	1.52	-0.47000000000000003	-9.03	-3.77	-1.59	-8.28	4.99	-1.86	-3.4	-9.0
11:30:10.704648	0.17	-9.68	1.52	-0.4	-8.99	-3.88	-1.49	-8.4	4.8100000000000005	-1.83	-3.65	-8.91
11:30:10.714731	0.18	-9.68	1.53	-0.34	-8.950000000000001	-3.98	-1.4000000000000001	-8.540000000000001	4.6000000000000005	-1.78	-3.96	-8.78
11:30:10.724851	0.19	-9.68	1.53	-0.29	-8.9	-4.08	-1.33	-8.68	4.36	-1.74	-4.33	-8.61
11:30:10.735014	0.2	-9.68	1.54	-0.25	-8.85	-4.19	-1.26	-8.82	4.09	-1.68	-4.73	-8.42
11:30:10.745665	0.2	-9.68	1.54	-0.22	-8.8	-4.3	-1.2	-8.96	3.79	-1.58	-5.11	-8.21
11:30:10.755733	0.22	-9.67	1.55	-0.21	-8.75	-4.41	-1.1500000000000001	-9.1	3.45	-1.45	-5.46	-8.0
11:30:10.765846	0.23	-9.67	1.56	-0.19	-8.700000000000001	-4.5	-1.1	-9.23	3.1	-1.32	-5.78	-7.8100000000000005
11:30:10.776379	0.24	-9.67	1.56	-0.17	-8.66	-4.58	-1.06	-9.36	2.71	-1.19	-6.07	-7.6000000000000005
11:30:10.786451	0.25	-9.67	1.57	-0.13	-8.63	-4.64	-1.01	-9.47	2.31	-1.07	-6.33	-7.4
11:30:10.796558	0.26	-9.67	1.57	-0.09	-8.6	-4.69	-0.97	-9.57	1.8900000000000001	-0.9500000000000001	-6.59	-7.19
11:30:10.806625	0.27	-9.67	1.57	-0.03	-8.58	-4.73	-0.92	-9.65	1.46	-0.85	-6.86	-6.95
11:30:10.816708	0.28	-9.67	1.57	0.02	-8.56	-4.7700000000000005	-0.86	-9.71	1.04	-0.77	-7.12	-6.69
11:30:10.826780	0.29	-9.67	1.57	0.08	-8.540000000000001	-4.8	-0.81	-9.75	0.61	-0.73	-7.37	-6.41
11:30:10.837156	0.3	-9.67	1.56	0.16	-8.53	-4.82	-0.75	-9.77	0.19	-0.71	-7.6000000000000005	-6.140000000000001
11:30:10.847233	0.31	-9.67	1.55	0.23	-8.53	-4.83	-0.68	-9.78	-0.22	-0.71	-7.82	-5.87
11:30:10.857327	0.31	-9.67	1.55	0.31	-8.53	-4.82	-0.61	-9.76	-0.63	-0.7000000000000001	-8.02	-5.58
11:30:10.867424	0.32	-9.67	1.54	0.38	-8.53	-4.8100000000000005	-0.55	-9.73	-1.03	-0.7000000000000001	-8.23	-5.28
11:30:10.877493	0.32	-9.68	1.53	0.43	-8.53	-4.8	-0.5	-9.69	-1.41	-0.6900000000000001	-8.41	-4.97
11:30:10.887990	0.32	-9.68	1.52	0.47000000000000003	-8.540000000000001	-4.79	-0.45	-9.63	-1.78	-0.6900000000000001	-8.59	-4.66
11:30:10.898267	0.31	-9.68	1.51	0.51	-8.55	-4.7700000000000005	-0.42	-9.56	-2.13	-0.67	-8.76	-4.34
11:30:10.908381	0.31	-9.68	1.5	0.54	-8.56	-4.75	-0.38	-9.48	-2.47	-0.63	-8.91	-4.04
11:30:10.918523	0.29	-9.68	1.49	0.5700000000000001	-8.57	-4.71	-0.35000000000000003	-9.39	-2.79	-0.6	-9.03	-3.7600000000000002
11:30:10.929191	0.28	-9.68	1.48	0.59	-8.6	-4.67	-0.32	-9.290000000000001	-3.09	-0.59	-9.14	-3.5
11:30:10.939782	0.27	-9.68	1.48	0.61	-8.64	-4.58	-0.3	-9.200000000000001	-3.37	-0.58	-9.23	-3.25
11:30:10.949902	0.26	-9.69	1.47	0.61	-8.66	-4.54	-0.28	-9.1	-3.62	-0.58	-9.3	-3.02
11:30:10.960027	0.25	-9.69	1.47	0.61	-8.68	-4.5	-0.28	-9.01	-3.84	-0.58	-9.370000000000001	-2.81
11:30:10.970145	0.24	-9.69	1.46	0.61	-8.71	-4.46	-0.27	-8.93	-4.04	-0.59	-9.42	-2.62
11:30:10.980239	0.24	-9.69	1.46	0.6	-8.73	-4.41	-0.31	-8.78	-4.33	-0.6	-9.47	-2.45
11:30:10.990365	0.23	-9.69	1.45	0.6	-8.75	-4.37	-0.33	-8.73	-4.43	-0.62	-9.5	-2.32
11:30:11.000991	0.22	-9.69	1.45	0.6	-8.77	-4.33	-0.35000000000000003	-8.700000000000001	-4.5	-0.65	-9.52	-2.22
11:30:11.011109	0.22	-9.69	1.45	0.6	-8.78	-4.3	-0.38	-8.68	-4.53	-0.67	-9.540000000000001	-2.15
11:30:11.021225	0.21	-9.69	1.44	0.61	-8.790000000000001	-4.28	-0.4	-8.68	-4.53	-0.71	-9.55	-2.11
11:30:11.031347	0.21	-9.69	1.44	0.61	-8.8	-4.2700000000000005	-0.41000000000000003	-8.69	-4.5	-0.72	-9.540000000000001	-2.12
11:30:11.041525	0.21	-9.69	1.43	0.62	-8.8	-4.2700000000000005	-0.43	-8.72	-4.44	-0.72	-9.53	-2.19
11:30:11.051896	0.2	-9.69	1.43	0.62	-8.8	-4.2700000000000005	-0.44	-8.77	-4.36	-0.71	-9.5	-2.31
11:30:11.062000	0.2	-9.69	1.43	0.61	-8.790000000000001	-4.28	-0.46	-8.82	-4.24	-0.6900000000000001	-9.46	-2.45
11:30:11.072175	0.2	-9.700000000000001	1.42	0.6	-8.790000000000001	-4.29	-0.48	-8.89	-4.11	-0.65	-9.42	-2.63
11:30:11.082299	0.2	-9.700000000000001	1.42	0.58	-8.790000000000001	-4.29	-0.5	-8.96	-3.95	-0.63	-9.370000000000001	-2.79
11:30:11.092781	0.2	-9.700000000000001	1.41	0.56	-8.790000000000001	-4.29	-0.52	-9.03	-3.7800000000000002	-0.66	-9.370000000000001	-2.79
11:30:11.103037	0.2	-9.700000000000001	1.41	0.55	-8.8	-4.2700000000000005	-0.51	-9.08	-3.66	-0.62	-9.41	-2.65
11:30:11.113104	0.2	-9.700000000000001	1.41	0.52	-8.82	-4.24	-0.52	-9.11	-3.58	-0.47000000000000003	-9.4	-2.73
11:30:11.123206	0.19	-9.700000000000001	1.42	0.49	-8.84	-4.21	-0.5700000000000001	-9.13	-3.52	-0.5	-9.33	-2.95
11:30:11.133277	0.18	-9.69	1.43	0.46	-8.85	-4.18	-0.64	-9.16	-3.41	-0.7000000000000001	-9.24	-3.19
11:30:11.143353	0.17	-9.69	1.45	0.43	-8.86	-4.16	-0.6900000000000001	-9.21	-3.27	-0.84	-9.13	-3.45
11:30:11.153419	0.16	-9.69	1.45	0.43	-8.870000000000001	-4.15	-0.7000000000000001	-9.26	-3.14	-0.93	-9.0	-3.7600000000000002
11:30:11.163494	0.16	-9.69	1.46	0.45	-8.870000000000001	-4.14	-0.6900000000000001	-9.3	-3.02	-1.04	-8.870000000000001	-4.03
11:30:11.173573	0.16	-9.69	1.46	0.47000000000000003	-8.870000000000001	-4.13	-0.66	-9.34	-2.9	-1.19	-8.78	-4.18
11:30:11.183643	0.16	-9.69	1.46	0.48	-8.88	-4.12	-0.62	-9.370000000000001	-2.79	-1.28	-8.74	-4.25
11:30:11.193759	0.16	-9.69	1.46	0.47000000000000003	-8.89	-4.1	-0.61	-9.41	-2.68	-1.27	-8.76	-4.21
11:30:11.203943	0.16	-9.69	1.47	0.46	-8.9	-4.08	-0.62	-9.44	-2.57	-1.23	-8.77	-4.19
11:30:11.214015	0.17	-9.69	1.48	0.44	-8.92	-4.03	-0.64	-9.47	-2.45	-1.2	-8.78	-4.19
11:30:11.224155	0.18	-9.68	1.5	0.44	-8.96	-3.95	-0.64	-9.49	-2.35	-1.19	-8.75	-4.25
11:30:11.234455	0.22	-9.68	1.52	0.45	-9.0	-3.84	-0.63	-9.52	-2.25	-1.1500000000000001	-8.69	-4.37
11:30:11.244560	0.24	-9.68	1.53	0.46	-9.05	-3.72	-0.6	-9.540000000000001	-2.17	-1.1300000000000001	-8.63	-4.51
11:30:11.254681	0.27	-9.68	1.54	0.46	-9.1	-3.6	-0.56	-9.56	-2.09	-1.1400000000000001	-8.57	-4.61
11:30:11.265257	0.29	-9.67	1.55	0.43	-9.14	-3.5100000000000002	-0.54	-9.58	-2.0100000000000002	-1.16	-8.56	-4.62
11:30:11.275461	0.31	-9.67	1.56	0.39	-9.17	-3.43	-0.52	-9.6	-1.92	-1.17	-8.55	-4.64
11:30:11.285530	0.32	-9.67	1.56	0.32	-9.19	-3.39	-0.51	-9.61	-1.84	-1.1500000000000001	-8.540000000000001	-4.67
11:30:11.295680	0.32	-9.67	1.57	0.25	-9.200000000000001	-3.37	-0.5	-9.63	-1.76	-1.16	-8.51	-4.72
11:30:11.305754	0.33	-9.67	1.57	0.19	-9.21	-3.35	-0.5	-9.63	-1.76	-1.18	-8.47	-4.79
11:30:11.316192	0.32	-9.67	1.57	0.12	-9.22	-3.33	-0.5	-9.64	-1.68	-1.21	-8.42	-4.87
11:30:11.326390	0.32	-9.67	1.57	0.08	-9.24	-3.27	-0.51	-9.67	-1.52	-1.23	-8.39	-4.92
11:30:11.336515	0.31	-9.67	1.57	0.06	-9.26	-3.2	-0.51	-9.68	-1.44	-1.22	-8.38	-4.94
11:30:11.346594	0.3	-9.67	1.56	0.05	-9.3	-3.1	-0.51	-9.69	-1.36	-1.19	-8.370000000000001	-4.96
11:30:11.356666	0.29	-9.67	1.56	0.04	-9.33	-3.0	-0.51	-9.69	-1.36	-1.1400000000000001	-8.34	-5.01
11:30:11.366743	0.29	-9.67	1.55	0.04	-9.36	-2.9	-0.5	-9.71	-1.22	-1.1	-8.3	-5.1000000000000005
11:30:11.376827	0.3	-9.67	1.55	0.03	-9.39	-2.8000000000000003	-0.5	-9.71	-1.22	-1.07	-8.24	-5.19
11:30:11.386893	0.3	-9.67	1.54	0.03	-9.42	-2.71	-0.5	-9.71	-1.22	-1.05	-8.19	-5.2700000000000005
11:30:11.396969	0.31	-9.67	1.54	0.03	-9.450000000000001	-2.61	-0.51	-9.73	-1.02	-1.02	-8.15	-5.34
11:30:11.407043	0.32	-9.68	1.53	0.02	-9.47	-2.52	-0.52	-9.74	-0.9500000000000001	-1.0	-8.120000000000001	-5.39
11:30:11.417118	0.33	-9.68	1.52	0.0	-9.5	-2.42	-0.53	-9.75	-0.87	-0.98	-8.11	-5.41
11:30:11.427194	0.34	-9.68	1.52	-0.02	-9.52	-2.33	-0.53	-9.75	-0.8	-0.97	-8.1	-5.43
11:30:11.437323	0.35000000000000003	-9.68	1.51	-0.06	-9.540000000000001	-2.25	-0.53	-9.75	-0.8	-0.97	-8.08	-5.46
11:30:11.447390	0.35000000000000003	-9.68	1.5	-0.11	-9.55	-2.18	-0.54	-9.76	-0.66	-0.99	-8.06	-5.49
11:30:11.457544	0.36	-9.68	1.5	-0.16	-9.57	-2.12	-0.54	-9.77	-0.59	-1.0	-8.040000000000001	-5.51
11:30:11.467616	0.37	-9.68	1.5	-0.22	-9.58	-2.06	-0.54	-9.77	-0.52	-1.02	-8.0	-5.5600000000000005
11:30:11.477726	0.38	-9.68	1.49	-0.27	-9.59	-2.0	-0.54	-9.77	-0.52	-1.04	-7.97	-5.61
11:30:11.488375	0.39	-9.68	1.49	-0.32	-9.6	-1.94	-0.54	-9.78	-0.4	-1.03	-7.930000000000001	-5.66
11:30:11.498519	0.4	-9.68	1.49	-0.37	-9.620000000000001	-1.86	-0.54	-9.78	-0.34	-1.01	-7.91	-5.7
11:30:11.509116	0.41000000000000003	-9.68	1.5	-0.41000000000000003	-9.63	-1.78	-0.54	-9.78	-0.22	-1.0	-7.88	-5.74
11:30:11.519567	0.43	-9.68	1.5	-0.5	-9.66	-1.6	-0.53	-9.790000000000001	-0.16	-1.01	-7.8500000000000005	-5.78
11:30:11.530096	0.44	-9.67	1.51	-0.5	-9.66	-1.6	-0.53	-9.790000000000001	-0.16	-1.02	-7.82	-5.82
11:30:11.540783	0.44	-9.67	1.52	-0.59	-9.68	-1.45	-0.53	-9.790000000000001	-0.09	-1.03	-7.8	-5.84
11:30:11.550870	0.45	-9.67	1.53	-0.63	-9.68	-1.3800000000000001	-0.53	-9.790000000000001	0.03	-1.04	-7.74	-5.92
11:30:11.560987	0.45	-9.67	1.54	-0.68	-9.69	-1.32	-0.53	-9.790000000000001	0.03	-1.04	-7.74	-5.92
11:30:11.571552	0.46	-9.67	1.55	-0.74	-9.69	-1.26	-0.53	-9.790000000000001	0.03	-1.05	-7.68	-5.99
11:30:11.581679	0.46	-9.67	1.56	-0.79	-9.700000000000001	-1.2	-0.52	-9.790000000000001	0.16	-1.05	-7.68	-5.99
11:30:11.592052	0.46	-9.66	1.57	-0.84	-9.700000000000001	-1.1300000000000001	-0.51	-9.78	0.28	-1.04	-7.63	-6.0600000000000005
11:30:11.602125	0.46	-9.66	1.58	-0.89	-9.700000000000001	-1.06	-0.51	-9.78	0.34	-1.04	-7.61	-6.09
11:30:11.612201	0.47000000000000003	-9.66	1.59	-0.9500000000000001	-9.700000000000001	-0.99	-0.5	-9.78	0.4	-1.05	-7.58	-6.12
11:30:11.622354	0.47000000000000003	-9.66	1.61	-1.01	-9.71	-0.92	-0.5	-9.78	0.47000000000000003	-1.05	-7.55	-6.15
11:30:11.632436	0.47000000000000003	-9.65	1.62	-1.06	-9.71	-0.86	-0.5	-9.77	0.54	-1.04	-7.5200000000000005	-6.2
11:30:11.642606	0.47000000000000003	-9.65	1.6400000000000001	-1.12	-9.700000000000001	-0.8	-0.5	-9.77	0.6	-1.05	-7.49	-6.23
11:30:11.652678	0.46	-9.65	1.6500000000000001	-1.18	-9.700000000000001	-0.74	-0.5	-9.77	0.6	-1.08	-7.45	-6.2700000000000005
11:30:11.662750	0.46	-9.65	1.67	-1.24	-9.700000000000001	-0.68	-0.5	-9.77	0.6	-1.1500000000000001	-7.390000000000001	-6.33
11:30:11.673375	0.45	-9.64	1.68	-1.29	-9.69	-0.63	-0.5	-9.75	0.81	-1.17	-7.34	-6.390000000000001
11:30:11.683573	0.45	-9.64	1.69	-1.35	-9.69	-0.5700000000000001	-0.5	-9.75	0.81	-1.19	-7.29	-6.44
11:30:11.693641	0.45	-9.64	1.71	-1.4000000000000001	-9.69	-0.52	-0.51	-9.74	0.9500000000000001	-1.21	-7.22	-6.51
11:30:11.703715	0.44	-9.64	1.72	-1.46	-9.68	-0.47000000000000003	-0.51	-9.74	0.9500000000000001	-1.22	-7.15	-6.58
11:30:11.713793	0.44	-9.64	1.73	-1.51	-9.67	-0.42	-0.52	-9.73	1.03	-1.25	-7.09	-6.65
11:30:11.723947	0.44	-9.63	1.74	-1.56	-9.67	-0.37	-0.55	-9.71	1.21	-1.3	-7.0200000000000005	-6.72
11:30:11.734061	0.44	-9.63	1.75	-1.61	-9.66	-0.34	-0.55	-9.71	1.21	-1.34	-6.94	-6.79
11:30:11.744188	0.44	-9.63	1.75	-1.6600000000000001	-9.65	-0.31	-0.59	-9.68	1.3900000000000001	-1.3900000000000001	-6.8500000000000005	-6.87
11:30:11.754319	0.44	-9.63	1.76	-1.72	-9.64	-0.29	-0.59	-9.68	1.3900000000000001	-1.45	-6.76	-6.94
11:30:11.764405	0.46	-9.63	1.76	-1.77	-9.64	-0.28	-0.59	-9.68	1.3900000000000001	-1.51	-6.68	-7.01
11:30:11.774506	0.46	-9.63	1.76	-1.82	-9.63	-0.27	-0.59	-9.68	1.3900000000000001	-1.57	-6.58	-7.09
11:30:11.784615	0.46	-9.63	1.76	-1.87	-9.620000000000001	-0.26	-0.59	-9.68	1.3900000000000001	-1.6300000000000001	-6.46	-7.18
11:30:11.795220	0.47000000000000003	-9.63	1.76	-1.9100000000000001	-9.61	-0.25	-0.73	-9.58	1.95	-1.7	-6.3500000000000005	-7.2700000000000005
11:30:11.805342	0.47000000000000003	-9.63	1.75	-1.95	-9.6	-0.24	-0.73	-9.58	1.95	-1.76	-6.24	-7.3500000000000005
11:30:11.815451	0.47000000000000003	-9.63	1.74	-1.99	-9.59	-0.23	-0.76	-9.55	2.08	-1.8	-6.11	-7.44
11:30:11.825562	0.46	-9.64	1.73	-2.02	-9.59	-0.22	-0.76	-9.55	2.08	-1.84	-5.96	-7.55
11:30:11.835646	0.45	-9.64	1.72	-2.04	-9.58	-0.21	-0.89	-9.44	2.48	-1.93	-5.84	-7.63
11:30:11.845936	0.44	-9.64	1.7	-2.06	-9.58	-0.22	-0.89	-9.44	2.48	-2.02	-5.71	-7.7
11:30:11.856133	0.42	-9.65	1.68	-2.06	-9.58	-0.23	-0.89	-9.44	2.48	-2.06	-5.54	-7.82
11:30:11.866245	0.42	-9.65	1.6600000000000001	-2.06	-9.58	-0.25	-0.89	-9.44	2.48	-2.11	-5.36	-7.930000000000001
11:30:11.876313	0.43	-9.65	1.6400000000000001	-2.05	-9.58	-0.29	-1.02	-9.23	3.13	-2.2	-5.17	-8.03
11:30:11.886654	0.45	-9.66	1.62	-2.04	-9.58	-0.35000000000000003	-1.02	-9.23	3.13	-2.27	-4.98	-8.13
11:30:11.896724	0.47000000000000003	-9.66	1.6	-2.0100000000000002	-9.58	-0.42	-1.1	-9.1	3.48	-2.33	-4.79	-8.23
11:30:11.906853	0.5	-9.66	1.58	-1.99	-9.58	-0.5	-1.1	-9.1	3.48	-2.39	-4.57	-8.33
11:30:11.916923	0.52	-9.66	1.57	-1.95	-9.59	-0.6	-1.25	-8.93	3.84	-2.41	-4.34	-8.45
11:30:11.926998	0.54	-9.66	1.56	-1.9100000000000001	-9.59	-0.72	-1.25	-8.93	3.84	-2.4	-4.07	-8.58
11:30:11.937099	0.56	-9.66	1.55	-1.87	-9.58	-0.86	-1.25	-8.93	3.84	-2.39	-3.77	-8.72
11:30:11.947256	0.58	-9.66	1.54	-1.82	-9.57	-1.03	-1.68	-8.63	4.33	-2.44	-3.4	-8.86
11:30:11.957373	0.59	-9.66	1.54	-1.77	-9.56	-1.21	-1.79	-8.53	4.48	-2.57	-2.92	-8.99
11:30:11.967433	0.61	-9.66	1.53	-1.7	-9.55	-1.41	-1.86	-8.44	4.62	-2.64	-2.42	-9.120000000000001
11:30:11.977502	0.63	-9.66	1.52	-1.62	-9.53	-1.6300000000000001	-1.9000000000000001	-8.35	4.76	-2.72	-1.93	-9.21
11:30:11.987836	0.64	-9.66	1.51	-1.52	-9.5	-1.86	-1.9000000000000001	-8.35	4.76	-2.93	-1.45	-9.24
11:30:11.997905	0.64	-9.66	1.5	-1.42	-9.47	-2.06	-1.96	-8.19	5.0200000000000005	-3.2600000000000002	-1.08	-9.18
11:30:12.008045	0.64	-9.67	1.48	-1.32	-9.450000000000001	-2.23	-1.96	-8.11	5.14	-3.34	-1.0	-9.16
11:30:12.018455	0.64	-9.67	1.47	-1.22	-9.43	-2.37	-1.98	-8.03	5.25	-3.0300000000000002	-1.17	-9.25
11:30:12.028574	0.64	-9.67	1.46	-1.03	-9.39	-2.62	-2.0	-7.97	5.34	-2.66	-1.43	-9.32
11:30:12.039029	0.63	-9.67	1.45	-1.03	-9.39	-2.62	-2.0100000000000002	-7.94	5.38	-2.44	-1.6600000000000001	-9.35
11:30:12.049563	0.62	-9.67	1.45	-0.88	-9.32	-2.89	-1.99	-7.94	5.39	-2.4	-1.81	-9.33
11:30:12.059688	0.62	-9.67	1.45	-0.8	-9.28	-3.04	-1.86	-8.0	5.34	-2.36	-1.9100000000000001	-9.32
11:30:12.070349	0.62	-9.67	1.45	-0.71	-9.24	-3.2	-1.75	-8.06	5.28	-2.17	-2.11	-9.32
11:30:12.080442	0.62	-9.67	1.45	-0.63	-9.19	-3.35	-1.6300000000000001	-8.14	5.2	-1.99	-2.49	-9.26
11:30:12.090908	0.62	-9.67	1.45	-0.55	-9.14	-3.48	-1.5	-8.24	5.09	-1.97	-2.9	-9.15
11:30:12.101495	0.63	-9.67	1.46	-0.48	-9.1	-3.61	-1.4000000000000001	-8.35	4.94	-2.0100000000000002	-3.46	-8.94
11:30:12.111568	0.63	-9.67	1.46	-0.42	-9.06	-3.72	-1.31	-8.47	4.76	-2.0100000000000002	-3.46	-8.94
11:30:12.121865	0.64	-9.67	1.47	-0.36	-9.01	-3.84	-1.24	-8.59	4.54	-1.95	-3.74	-8.85
11:30:12.132187	0.64	-9.67	1.48	-0.31	-8.96	-3.96	-1.17	-8.73	4.3	-1.8800000000000001	-4.08	-8.71
11:30:12.142430	0.64	-9.67	1.49	-0.27	-8.9	-4.08	-1.17	-8.73	4.3	-1.73	-4.79	-8.370000000000001
11:30:12.153024	0.64	-9.66	1.49	-0.25	-8.85	-4.19	-1.04	-9.0	3.73	-1.73	-4.79	-8.370000000000001
11:30:12.163204	0.64	-9.66	1.5	-0.22	-8.81	-4.29	-0.99	-9.13	3.41	-1.45	-5.45	-8.02
11:30:12.173274	0.65	-9.66	1.5	-0.19	-8.76	-4.38	-0.9400000000000001	-9.26	3.06	-1.32	-5.73	-7.84
11:30:12.183428	0.65	-9.66	1.51	-0.15	-8.72	-4.46	-0.9400000000000001	-9.26	3.06	-1.19	-6.0	-7.66
11:30:12.193674	0.66	-9.66	1.51	-0.11	-8.69	-4.54	-0.87	-9.49	2.2800000000000002	-1.07	-6.26	-7.46
11:30:12.203749	0.67	-9.66	1.51	-0.06	-8.65	-4.6000000000000005	-0.87	-9.49	2.2800000000000002	-0.98	-6.5200000000000005	-7.25
11:30:12.213855	0.68	-9.66	1.51	0.0	-8.620000000000001	-4.67	-0.79	-9.66	1.46	-0.91	-6.79	-7.01
11:30:12.223996	0.6900000000000001	-9.66	1.51	0.05	-8.59	-4.72	-0.79	-9.66	1.46	-0.87	-7.05	-6.75
11:30:12.234276	0.7000000000000001	-9.66	1.5	0.12	-8.56	-4.76	-0.68	-9.76	0.63	-0.87	-7.3100000000000005	-6.47
11:30:12.244369	0.71	-9.66	1.5	0.2	-8.55	-4.79	-0.63	-9.78	0.2	-0.87	-7.5600000000000005	-6.17
11:30:12.254698	0.71	-9.66	1.49	0.28	-8.53	-4.8100000000000005	-0.63	-9.78	0.2	-0.88	-7.8	-5.87
11:30:12.264896	0.72	-9.66	1.48	0.35000000000000003	-8.53	-4.82	-0.54	-9.77	-0.63	-0.89	-8.02	-5.5600000000000005
11:30:12.275003	0.71	-9.66	1.47	0.41000000000000003	-8.52	-4.82	-0.54	-9.77	-0.63	-0.89	-8.24	-5.23
11:30:12.285091	0.7000000000000001	-9.67	1.45	0.46	-8.52	-4.8100000000000005	-0.54	-9.77	-0.63	-0.87	-8.44	-4.9
11:30:12.295531	0.7000000000000001	-9.67	1.45	0.5	-8.540000000000001	-4.79	-0.45	-9.620000000000001	-1.83	-0.84	-8.620000000000001	-4.58
11:30:12.306049	0.67	-9.67	1.43	0.52	-8.55	-4.76	-0.45	-9.620000000000001	-1.83	-0.81	-8.790000000000001	-4.26
11:30:12.316124	0.65	-9.68	1.42	0.55	-8.57	-4.72	-0.4	-9.450000000000001	-2.5500000000000003	-0.78	-8.93	-3.97
11:30:12.326230	0.63	-9.68	1.41	0.56	-8.6	-4.67	-0.4	-9.450000000000001	-2.5500000000000003	-0.76	-9.05	-3.69
11:30:12.336320	0.61	-9.68	1.4000000000000001	0.56	-8.620000000000001	-4.62	-0.4	-9.450000000000001	-2.5500000000000003	-0.75	-9.15	-3.42
11:30:12.346651	0.6	-9.68	1.4000000000000001	0.56	-8.65	-4.57	-0.37	-9.16	-3.47	-0.74	-9.24	-3.17
11:30:12.356738	0.5700000000000001	-9.68	1.3900000000000001	0.54	-8.67	-4.53	-0.37	-9.06	-3.71	-0.73	-9.32	-2.95
11:30:12.366834	0.55	-9.69	1.3800000000000001	0.51	-8.700000000000001	-4.49	-0.37	-9.06	-3.71	-0.73	-9.38	-2.74
11:30:12.376909	0.54	-9.69	1.37	0.49	-8.71	-4.46	-0.39	-8.9	-4.09	-0.73	-9.43	-2.57
11:30:12.386987	0.52	-9.69	1.37	0.46	-8.73	-4.43	-0.41000000000000003	-8.83	-4.22	-0.73	-9.47	-2.43
11:30:12.397056	0.5	-9.69	1.36	0.44	-8.74	-4.4	-0.44	-8.790000000000001	-4.3100000000000005	-0.74	-9.49	-2.33
11:30:12.407124	0.49	-9.700000000000001	1.35	0.43	-8.76	-4.38	-0.47000000000000003	-8.76	-4.37	-0.75	-9.5	-2.27
11:30:12.417194	0.47000000000000003	-9.700000000000001	1.34	0.43	-8.77	-4.36	-0.47000000000000003	-8.76	-4.37	-0.77	-9.51	-2.24
11:30:12.427337	0.45	-9.700000000000001	1.33	0.44	-8.78	-4.34	-0.52	-8.76	-4.36	-0.78	-9.51	-2.25
11:30:12.437432	0.44	-9.700000000000001	1.32	0.45	-8.78	-4.33	-0.54	-8.790000000000001	-4.3100000000000005	-0.78	-9.49	-2.31
11:30:12.447523	0.42	-9.700000000000001	1.32	0.46	-8.78	-4.33	-0.54	-8.790000000000001	-4.3100000000000005	-0.77	-9.47	-2.4
11:30:12.457614	0.41000000000000003	-9.700000000000001	1.31	0.46	-8.78	-4.34	-0.54	-8.790000000000001	-4.3100000000000005	-0.77	-9.43	-2.54
11:30:12.467714	0.4	-9.700000000000001	1.31	0.46	-8.77	-4.3500000000000005	-0.54	-8.790000000000001	-4.3100000000000005	-0.77	-9.39	-2.7
11:30:12.478410	0.4	-9.71	1.3	0.44	-8.76	-4.37	-0.62	-9.01	-3.8000000000000003	-0.76	-9.34	-2.88
11:30:12.488517	0.39	-9.71	1.3	0.4	-8.75	-4.39	-0.63	-9.08	-3.63	-0.77	-9.3	-2.98
11:30:12.498961	0.39	-9.71	1.31	0.37	-8.75	-4.4	-0.61	-9.14	-3.49	-0.75	-9.33	-2.92
11:30:12.509590	0.37	-9.700000000000001	1.32	0.34	-8.75	-4.39	-0.61	-9.17	-3.39	-0.59	-9.33	-2.93
11:30:12.519685	0.36	-9.700000000000001	1.34	0.33	-8.77	-4.37	-0.65	-9.200000000000001	-3.31	-0.56	-9.290000000000001	-3.08
11:30:12.529755	0.34	-9.700000000000001	1.35	0.32	-8.77	-4.36	-0.65	-9.200000000000001	-3.31	-0.72	-9.200000000000001	-3.29
11:30:12.539998	0.33	-9.700000000000001	1.36	0.32	-8.78	-4.34	-0.65	-9.200000000000001	-3.31	-0.89	-9.1	-3.52
11:30:12.550100	0.32	-9.700000000000001	1.36	0.33	-8.8	-4.29	-0.65	-9.200000000000001	-3.31	-1.0	-8.97	-3.81
11:30:12.560214	0.32	-9.700000000000001	1.35	0.34	-8.82	-4.25	-0.78	-9.31	-2.96	-1.12	-8.84	-4.08
11:30:12.570397	0.32	-9.700000000000001	1.35	0.33	-8.84	-4.22	-0.74	-9.41	-2.64	-1.23	-8.75	-4.23
11:30:12.580514	0.33	-9.700000000000001	1.35	0.32	-8.86	-4.18	-0.73	-9.43	-2.5500000000000003	-1.29	-8.71	-4.3
11:30:12.590623	0.33	-9.700000000000001	1.35	0.3	-8.89	-4.12	-0.73	-9.46	-2.45	-1.31	-8.72	-4.2700000000000005
11:30:12.600686	0.34	-9.700000000000001	1.35	0.27	-8.92	-4.05	-0.73	-9.46	-2.45	-1.27	-8.76	-4.2
11:30:12.610777	0.35000000000000003	-9.700000000000001	1.35	0.26	-8.96	-3.97	-0.73	-9.51	-2.2600000000000002	-1.22	-8.790000000000001	-4.16
11:30:12.621526	0.37	-9.700000000000001	1.36	0.26	-9.0	-3.88	-0.73	-9.51	-2.2600000000000002	-1.21	-8.75	-4.23
11:30:12.631836	0.39	-9.700000000000001	1.36	0.26	-9.040000000000001	-3.7800000000000002	-0.7000000000000001	-9.540000000000001	-2.11	-1.21	-8.69	-4.36
11:30:12.641951	0.42	-9.700000000000001	1.36	0.26	-9.08	-3.67	-0.7000000000000001	-9.540000000000001	-2.11	-1.26	-8.57	-4.59
11:30:12.652045	0.45	-9.69	1.36	0.24	-9.13	-3.56	-0.7000000000000001	-9.540000000000001	-2.11	-1.27	-8.540000000000001	-4.63
11:30:12.662410	0.47000000000000003	-9.69	1.37	0.2	-9.16	-3.47	-0.7000000000000001	-9.540000000000001	-2.11	-1.27	-8.540000000000001	-4.63
11:30:12.672566	0.49	-9.69	1.37	0.15	-9.19	-3.39	-0.7000000000000001	-9.540000000000001	-2.11	-1.26	-8.55	-4.62
11:30:12.682639	0.51	-9.69	1.3800000000000001	0.08	-9.22	-3.33	-0.7000000000000001	-9.540000000000001	-2.11	-1.26	-8.540000000000001	-4.65
11:30:12.693148	0.52	-9.69	1.3800000000000001	0.01	-9.23	-3.29	-0.64	-9.61	-1.82	-1.26	-8.540000000000001	-4.65
11:30:12.703263	0.53	-9.69	1.3900000000000001	-0.04	-9.24	-3.25	-0.63	-9.64	-1.67	-1.29	-8.45	-4.79
11:30:12.713426	0.53	-9.69	1.3900000000000001	-0.1	-9.26	-3.21	-0.63	-9.64	-1.67	-1.32	-8.41	-4.8500000000000005
11:30:12.723494	0.53	-9.69	1.3900000000000001	-0.14	-9.28	-3.14	-0.63	-9.64	-1.67	-1.34	-8.4	-4.87
11:30:12.733631	0.52	-9.69	1.3900000000000001	-0.17	-9.31	-3.06	-0.62	-9.69	-1.36	-1.34	-8.4	-4.87
11:30:12.743758	0.52	-9.69	1.3900000000000001	-0.18	-9.34	-2.97	-0.62	-9.69	-1.36	-1.29	-8.38	-4.92
11:30:12.753827	0.52	-9.69	1.3800000000000001	-0.2	-9.370000000000001	-2.88	-0.62	-9.69	-1.36	-1.26	-8.34	-4.99
11:30:12.764388	0.52	-9.69	1.3800000000000001	-0.21	-9.39	-2.79	-0.6	-9.72	-1.1400000000000001	-1.26	-8.290000000000001	-5.0600000000000005
11:30:12.774853	0.52	-9.69	1.3800000000000001	-0.22	-9.42	-2.71	-0.6	-9.72	-1.1400000000000001	-1.26	-8.24	-5.15
11:30:12.784927	0.53	-9.69	1.37	-0.23	-9.44	-2.62	-0.6	-9.72	-1.1400000000000001	-1.26	-8.2	-5.22
11:30:12.795035	0.53	-9.69	1.37	-0.24	-9.46	-2.54	-0.61	-9.74	-0.93	-1.27	-8.16	-5.2700000000000005
11:30:12.805104	0.54	-9.69	1.37	-0.25	-9.48	-2.45	-0.61	-9.74	-0.93	-1.27	-8.15	-5.3
11:30:12.815182	0.55	-9.69	1.36	-0.26	-9.51	-2.37	-0.62	-9.75	-0.78	-1.25	-8.120000000000001	-5.34
11:30:12.825253	0.56	-9.69	1.36	-0.28	-9.53	-2.29	-0.63	-9.76	-0.71	-1.23	-8.1	-5.37
11:30:12.835327	0.5700000000000001	-9.69	1.35	-0.31	-9.540000000000001	-2.21	-0.63	-9.76	-0.71	-1.22	-8.08	-5.4
11:30:12.845410	0.5700000000000001	-9.69	1.35	-0.35000000000000003	-9.56	-2.14	-0.63	-9.76	-0.56	-1.22	-8.06	-5.44
11:30:12.855480	0.58	-9.69	1.34	-0.39	-9.57	-2.08	-0.63	-9.77	-0.49	-1.22	-8.02	-5.49
11:30:12.865550	0.59	-9.69	1.34	-0.43	-9.58	-2.02	-0.63	-9.77	-0.43	-1.23	-7.98	-5.55
11:30:12.875622	0.6	-9.69	1.34	-0.48	-9.59	-1.96	-0.64	-9.77	-0.36	-1.24	-7.95	-5.59
11:30:12.885692	0.61	-9.69	1.33	-0.52	-9.6	-1.8900000000000001	-0.64	-9.78	-0.29	-1.25	-7.92	-5.64
11:30:12.895833	0.62	-9.69	1.33	-0.56	-9.61	-1.83	-0.64	-9.78	-0.23	-1.26	-7.88	-5.68
11:30:12.905904	0.63	-9.69	1.34	-0.59	-9.620000000000001	-1.76	-0.63	-9.78	-0.16	-1.25	-7.84	-5.74
11:30:12.916011	0.64	-9.69	1.34	-0.62	-9.63	-1.69	-0.63	-9.78	-0.08	-1.24	-7.82	-5.78
11:30:12.926082	0.65	-9.69	1.35	-0.65	-9.64	-1.62	-0.62	-9.78	-0.01	-1.23	-7.79	-5.8100000000000005
11:30:12.936154	0.67	-9.68	1.36	-0.68	-9.65	-1.56	-0.62	-9.78	0.05	-1.23	-7.76	-5.86
11:30:12.946365	0.67	-9.68	1.37	-0.71	-9.66	-1.5	-0.62	-9.78	0.12	-1.22	-7.72	-5.91
11:30:12.956450	0.67	-9.68	1.3900000000000001	-0.75	-9.67	-1.44	-0.62	-9.78	0.19	-1.23	-7.69	-5.94
11:30:12.966521	0.67	-9.68	1.4000000000000001	-0.78	-9.67	-1.3900000000000001	-0.61	-9.78	0.26	-1.25	-7.66	-5.98
11:30:12.976891	0.66	-9.68	1.35	-0.8200000000000001	-9.67	-1.33	-0.61	-9.78	0.33	-1.25	-7.63	-6.0200000000000005
11:30:12.987005	0.65	-9.69	1.31	-0.86	-9.68	-1.28	-0.6	-9.77	0.41000000000000003	-1.25	-7.6000000000000005	-6.0600000000000005
11:30:12.997299	0.64	-9.69	1.32	-0.9	-9.68	-1.22	-0.6	-9.77	0.48	-1.25	-7.58	-6.09
11:30:13.007366	0.64	-9.69	1.34	-0.9400000000000001	-9.69	-1.16	-0.6	-9.77	0.54	-1.25	-7.55	-6.12
11:30:13.017493	0.63	-9.69	1.35	-1.03	-9.69	-1.04	-0.6	-9.76	0.61	-1.24	-7.5200000000000005	-6.16
11:30:13.027608	0.62	-9.68	1.37	-1.08	-9.69	-0.98	-0.59	-9.76	0.68	-1.24	-7.49	-6.2
11:30:13.038254	0.61	-9.68	1.3800000000000001	-1.1300000000000001	-9.69	-0.92	-0.6	-9.75	0.75	-1.26	-7.46	-6.23
11:30:13.048375	0.6	-9.68	1.4000000000000001	-1.18	-9.69	-0.86	-0.6	-9.75	0.8200000000000001	-1.3	-7.42	-6.2700000000000005
11:30:13.058472	0.59	-9.68	1.41	-1.23	-9.69	-0.81	-0.6	-9.74	0.89	-1.35	-7.36	-6.33
11:30:13.068583	0.58	-9.68	1.42	-1.29	-9.69	-0.75	-0.6	-9.73	0.96	-1.3800000000000001	-7.3100000000000005	-6.38
11:30:13.078695	0.5700000000000001	-9.68	1.44	-1.34	-9.68	-0.6900000000000001	-0.61	-9.73	1.04	-1.4000000000000001	-7.26	-6.43
11:30:13.089238	0.56	-9.68	1.45	-1.4000000000000001	-9.68	-0.64	-0.62	-9.72	1.11	-1.43	-7.19	-6.5
11:30:13.099490	0.55	-9.68	1.46	-1.45	-9.67	-0.58	-0.63	-9.71	1.18	-1.46	-7.13	-6.57
11:30:13.109656	0.55	-9.67	1.47	-1.51	-9.67	-0.54	-0.66	-9.68	1.35	-1.49	-7.0600000000000005	-6.63
11:30:13.120248	0.54	-9.67	1.48	-1.56	-9.66	-0.5	-0.68	-9.67	1.43	-1.53	-6.98	-6.7
11:30:13.130356	0.54	-9.67	1.49	-1.61	-9.66	-0.47000000000000003	-0.7000000000000001	-9.65	1.53	-1.57	-6.9	-6.78
11:30:13.140479	0.55	-9.67	1.49	-1.67	-9.65	-0.45	-0.73	-9.64	1.6300000000000001	-1.61	-6.8100000000000005	-6.86
11:30:13.150579	0.55	-9.67	1.5	-1.72	-9.64	-0.44	-0.75	-9.620000000000001	1.74	-1.6600000000000001	-6.72	-6.94
11:30:13.161180	0.56	-9.67	1.5	-1.76	-9.63	-0.44	-0.78	-9.59	1.85	-1.72	-6.62	-7.01
11:30:13.171313	0.5700000000000001	-9.67	1.5	-1.81	-9.620000000000001	-0.44	-0.81	-9.56	1.98	-1.78	-6.51	-7.1000000000000005
11:30:13.181442	0.5700000000000001	-9.67	1.51	-1.84	-9.620000000000001	-0.44	-0.84	-9.53	2.1	-1.9100000000000001	-6.29	-7.2700000000000005
11:30:13.191983	0.58	-9.67	1.51	-1.8800000000000001	-9.61	-0.44	-0.87	-9.5	2.24	-1.97	-6.16	-7.36
11:30:13.202084	0.58	-9.67	1.51	-1.9100000000000001	-9.6	-0.44	-0.9	-9.46	2.38	-2.04	-6.0200000000000005	-7.46
11:30:13.212275	0.5700000000000001	-9.67	1.52	-1.93	-9.6	-0.44	-0.9400000000000001	-9.42	2.52	-2.1	-5.87	-7.5600000000000005
11:30:13.222410	0.5700000000000001	-9.67	1.52	-1.95	-9.59	-0.45	-0.98	-9.38	2.67	-2.15	-5.73	-7.66
11:30:13.233088	0.55	-9.67	1.52	-1.96	-9.59	-0.47000000000000003	-1.02	-9.33	2.83	-2.22	-5.58	-7.75
11:30:13.243164	0.52	-9.67	1.51	-1.97	-9.59	-0.5	-1.06	-9.27	2.99	-2.33	-5.41	-7.83
11:30:13.253376	0.52	-9.67	1.51	-1.97	-9.59	-0.54	-1.09	-9.21	3.17	-2.41	-5.22	-7.930000000000001
11:30:13.263429	0.48	-9.67	1.49	-1.96	-9.58	-0.6	-1.12	-9.14	3.34	-2.46	-5.04	-8.03
11:30:13.273547	0.48	-9.68	1.48	-1.95	-9.58	-0.67	-1.16	-9.07	3.5300000000000002	-2.5300000000000002	-4.86	-8.13
11:30:13.283614	0.48	-9.68	1.46	-1.93	-9.58	-0.76	-1.23	-8.99	3.71	-2.58	-4.62	-8.25
11:30:13.293686	0.5	-9.68	1.45	-1.9100000000000001	-9.57	-0.87	-1.33	-8.9	3.89	-2.61	-4.37	-8.38
11:30:13.303769	0.53	-9.68	1.44	-1.87	-9.57	-1.0	-1.47	-8.8	4.05	-2.65	-4.09	-8.5
11:30:13.313836	0.55	-9.68	1.43	-1.83	-9.56	-1.1500000000000001	-1.61	-8.700000000000001	4.21	-2.67	-3.8000000000000003	-8.63
11:30:13.323947	0.5700000000000001	-9.68	1.42	-1.79	-9.540000000000001	-1.32	-1.74	-8.6	4.3500000000000005	-2.68	-3.46	-8.77
11:30:13.334172	0.59	-9.68	1.42	-1.75	-9.52	-1.51	-1.82	-8.51	4.5	-2.81	-2.99	-8.9
11:30:13.344710	0.61	-9.68	1.41	-1.69	-9.5	-1.73	-1.8800000000000001	-8.42	4.64	-2.97	-2.46	-9.01
11:30:13.354795	0.61	-9.68	1.41	-1.61	-9.47	-1.95	-1.92	-8.34	4.78	-3.1	-1.95	-9.09
11:30:13.364867	0.63	-9.68	1.41	-1.52	-9.44	-2.16	-1.96	-8.26	4.9	-3.37	-1.53	-9.08
11:30:13.374978	0.64	-9.68	1.4000000000000001	-1.42	-9.41	-2.35	-1.98	-8.18	5.0200000000000005	-3.74	-1.32	-8.96
11:30:13.385082	0.66	-9.68	1.3900000000000001	-1.32	-9.38	-2.5100000000000002	-1.99	-8.11	5.14	-3.77	-1.3900000000000001	-8.94
11:30:13.395160	0.66	-9.68	1.3900000000000001	-1.22	-9.35	-2.66	-2.0	-8.040000000000001	5.24	-3.37	-1.55	-9.07
11:30:13.405284	0.66	-9.68	1.3800000000000001	-1.1300000000000001	-9.33	-2.79	-2.02	-7.99	5.3	-3.02	-1.79	-9.15
11:30:13.415359	0.65	-9.68	1.37	-1.05	-9.3	-2.91	-2.0100000000000002	-7.98	5.33	-2.86	-1.99	-9.16
11:30:13.425425	0.65	-9.68	1.36	-0.97	-9.26	-3.0500000000000003	-1.98	-7.99	5.32	-2.79	-2.13	-9.15
11:30:13.435530	0.64	-9.68	1.36	-0.9	-9.22	-3.2	-1.94	-8.02	5.28	-2.62	-2.3000000000000003	-9.16
11:30:13.445601	0.64	-9.69	1.36	-0.8200000000000001	-9.17	-3.35	-1.87	-8.08	5.22	-2.35	-2.61	-9.15
11:30:13.455684	0.64	-9.69	1.36	-0.74	-9.120000000000001	-3.5100000000000002	-1.79	-8.15	5.14	-2.15	-3.02	-9.07
11:30:13.465750	0.64	-9.68	1.36	-0.67	-9.07	-3.65	-1.69	-8.24	5.0200000000000005	-2.08	-3.36	-8.97
11:30:13.475815	0.64	-9.68	1.36	-0.59	-9.02	-3.79	-1.61	-8.35	4.87	-2.04	-3.6	-8.88
11:30:13.485916	0.65	-9.68	1.37	-0.53	-8.97	-3.91	-1.55	-8.46	4.69	-1.96	-3.8000000000000003	-8.82
11:30:13.496015	0.66	-9.68	1.37	-0.45	-8.92	-4.03	-1.5	-8.59	4.47	-1.87	-4.07	-8.72
11:30:13.506089	0.66	-9.68	1.3800000000000001	-0.4	-8.870000000000001	-4.14	-1.46	-8.72	4.23	-1.8	-4.4	-8.57
11:30:13.516159	0.67	-9.68	1.3800000000000001	-0.37	-8.82	-4.26	-1.43	-8.85	3.96	-1.71	-4.76	-8.39
11:30:13.526248	0.68	-9.68	1.3900000000000001	-0.35000000000000003	-8.76	-4.37	-1.4000000000000001	-8.98	3.67	-1.59	-5.11	-8.21
11:30:13.536362	0.68	-9.68	1.4000000000000001	-0.33	-8.72	-4.47	-1.3800000000000001	-9.11	3.34	-1.45	-5.43	-8.03
11:30:13.546690	0.6900000000000001	-9.67	1.41	-0.31	-8.67	-4.5600000000000005	-1.36	-9.24	2.98	-1.31	-5.71	-7.8500000000000005
11:30:13.556818	0.7000000000000001	-9.67	1.41	-0.28	-8.63	-4.64	-1.34	-9.35	2.6	-1.17	-5.97	-7.68
11:30:13.567385	0.7000000000000001	-9.67	1.41	-0.25	-8.59	-4.71	-1.31	-9.46	2.22	-1.03	-6.22	-7.5
11:30:13.577455	0.7000000000000001	-9.67	1.41	-0.2	-8.55	-4.78	-1.28	-9.540000000000001	1.82	-0.9	-6.49	-7.28
11:30:13.587553	0.71	-9.67	1.4000000000000001	-0.09	-8.49	-4.89	-1.24	-9.620000000000001	1.43	-0.78	-6.76	-7.05
11:30:13.597643	0.71	-9.67	1.4000000000000001	-0.03	-8.46	-4.94	-1.19	-9.67	1.04	-0.7000000000000001	-7.0	-6.82
11:30:13.607811	0.71	-9.67	1.3900000000000001	0.03	-8.44	-4.98	-1.1300000000000001	-9.71	0.64	-0.64	-7.24	-6.57
11:30:13.618188	0.71	-9.68	1.3900000000000001	0.11	-8.42	-5.01	-1.08	-9.74	0.25	-0.6	-7.48	-6.3100000000000005
11:30:13.628297	0.71	-9.68	1.3800000000000001	0.17	-8.4	-5.04	-1.03	-9.75	-0.12	-0.6	-7.7	-6.04
11:30:13.638422	0.7000000000000001	-9.68	1.37	0.22	-8.39	-5.0600000000000005	-0.98	-9.74	-0.5	-0.6	-7.91	-5.76
11:30:13.648542	0.6900000000000001	-9.68	1.35	0.27	-8.38	-5.07	-0.93	-9.72	-0.88	-0.61	-8.11	-5.46
11:30:13.658623	0.67	-9.69	1.34	0.3	-8.38	-5.0600000000000005	-0.89	-9.68	-1.25	-0.62	-8.3	-5.17
11:30:13.669176	0.65	-9.69	1.33	0.32	-8.39	-5.05	-0.86	-9.63	-1.61	-0.63	-8.47	-4.88
11:30:13.679265	0.64	-9.69	1.32	0.34	-8.4	-5.03	-0.8200000000000001	-9.57	-1.95	-0.63	-8.63	-4.6000000000000005
11:30:13.689395	0.62	-9.69	1.31	0.36	-8.42	-5.0	-0.77	-9.42	-2.59	-0.62	-8.77	-4.32
11:30:13.699531	0.6	-9.700000000000001	1.3	0.36	-8.44	-4.96	-0.75	-9.34	-2.87	-0.61	-8.9	-4.0600000000000005
11:30:13.709697	0.58	-9.700000000000001	1.29	0.36	-8.46	-4.93	-0.74	-9.26	-3.12	-0.61	-9.01	-3.8000000000000003
11:30:13.720394	0.56	-9.700000000000001	1.29	0.35000000000000003	-8.48	-4.89	-0.74	-9.18	-3.35	-0.61	-9.11	-3.56
11:30:13.730521	0.53	-9.700000000000001	1.28	0.34	-8.5	-4.86	-0.75	-9.1	-3.56	-0.61	-9.200000000000001	-3.3200000000000003
11:30:13.740614	0.51	-9.700000000000001	1.27	0.33	-8.52	-4.83	-0.76	-9.02	-3.74	-0.6	-9.28	-3.1
11:30:13.751174	0.49	-9.71	1.27	0.32	-8.540000000000001	-4.8	-0.78	-8.96	-3.9	-0.6	-9.34	-2.9
11:30:13.761300	0.47000000000000003	-9.71	1.26	0.3	-8.55	-4.78	-0.8	-8.9	-4.0200000000000005	-0.6	-9.4	-2.72
11:30:13.771388	0.45	-9.71	1.25	0.29	-8.57	-4.75	-0.8300000000000001	-8.85	-4.13	-0.6	-9.47	-2.44
11:30:13.782039	0.42	-9.71	1.25	0.29	-8.58	-4.72	-0.85	-8.81	-4.2	-0.61	-9.5	-2.34
11:30:13.792116	0.4	-9.71	1.24	0.29	-8.6	-4.69	-0.87	-8.790000000000001	-4.25	-0.62	-9.51	-2.3000000000000003
11:30:13.802187	0.38	-9.72	1.23	0.3	-8.620000000000001	-4.66	-0.88	-8.77	-4.28	-0.63	-9.51	-2.29
11:30:13.812269	0.35000000000000003	-9.72	1.22	0.31	-8.63	-4.63	-0.89	-8.77	-4.28	-0.64	-9.5	-2.32
11:30:13.822363	0.33	-9.72	1.21	0.32	-8.65	-4.6000000000000005	-0.89	-8.78	-4.26	-0.65	-9.49	-2.35
11:30:13.832479	0.31	-9.72	1.2	0.33	-8.66	-4.58	-0.9	-8.8	-4.21	-0.64	-9.47	-2.43
11:30:13.842552	0.29	-9.72	1.19	0.33	-8.67	-4.5600000000000005	-0.9	-8.83	-4.15	-0.63	-9.44	-2.5500000000000003
11:30:13.852883	0.28	-9.73	1.18	0.34	-8.67	-4.55	-0.9	-8.870000000000001	-4.0600000000000005	-0.61	-9.41	-2.68
11:30:13.863611	0.27	-9.73	1.17	0.34	-8.68	-4.53	-0.91	-8.92	-3.95	-0.58	-9.36	-2.84
11:30:13.873682	0.27	-9.73	1.17	0.34	-8.69	-4.51	-0.92	-8.98	-3.8200000000000003	-0.56	-9.31	-3.0
11:30:13.883775	0.27	-9.73	1.16	0.33	-8.700000000000001	-4.49	-0.9400000000000001	-9.040000000000001	-3.68	-0.58	-9.31	-3.0
11:30:13.893897	0.28	-9.73	1.16	0.31	-8.72	-4.47	-0.93	-9.09	-3.54	-0.53	-9.35	-2.88
11:30:13.904601	0.29	-9.73	1.1500000000000001	0.28	-8.74	-4.43	-0.91	-9.13	-3.44	-0.41000000000000003	-9.32	-2.99
11:30:13.914678	0.3	-9.73	1.16	0.26	-8.76	-4.38	-0.9500000000000001	-9.15	-3.37	-0.48	-9.26	-3.19
11:30:13.924747	0.29	-9.73	1.17	0.24	-8.78	-4.3500000000000005	-1.01	-9.18	-3.2800000000000002	-0.68	-9.18	-3.37
11:30:13.934826	0.27	-9.73	1.18	0.23	-8.790000000000001	-4.33	-1.07	-9.22	-3.15	-0.84	-9.07	-3.61
11:30:13.944899	0.24	-9.73	1.19	0.24	-8.790000000000001	-4.33	-1.1	-9.26	-3.0100000000000002	-0.97	-8.93	-3.91
11:30:13.954993	0.24	-9.73	1.19	0.25	-8.790000000000001	-4.33	-1.1	-9.3	-2.88	-1.08	-8.81	-4.16
11:30:13.965119	0.23	-9.73	1.19	0.27	-8.78	-4.33	-1.09	-9.34	-2.7600000000000002	-1.18	-8.73	-4.3
11:30:13.975244	0.24	-9.73	1.19	0.28	-8.78	-4.34	-1.07	-9.370000000000001	-2.65	-1.25	-8.67	-4.38
11:30:13.985861	0.25	-9.72	1.19	0.27	-8.790000000000001	-4.32	-1.05	-9.41	-2.54	-1.26	-8.69	-4.34
11:30:13.995967	0.27	-9.72	1.2	0.26	-8.81	-4.29	-1.03	-9.44	-2.43	-1.22	-8.74	-4.26
11:30:14.006080	0.28	-9.72	1.21	0.24	-8.84	-4.23	-1.02	-9.47	-2.32	-1.19	-8.73	-4.29
11:30:14.016392	0.29	-9.72	1.23	0.22	-8.870000000000001	-4.16	-1.02	-9.49	-2.21	-1.18	-8.66	-4.43
11:30:14.026463	0.3	-9.72	1.24	0.23	-8.91	-4.07	-1.0	-9.52	-2.1	-1.19	-8.59	-4.57
11:30:14.036542	0.32	-9.71	1.26	0.25	-8.950000000000001	-3.99	-0.97	-9.55	-1.99	-1.2	-8.5	-4.72
11:30:14.046701	0.34	-9.71	1.27	0.25	-8.98	-3.91	-0.9400000000000001	-9.57	-1.9000000000000001	-1.22	-8.43	-4.84
11:30:14.056772	0.35000000000000003	-9.71	1.28	0.24	-9.01	-3.84	-0.92	-9.59	-1.81	-1.22	-8.4	-4.89
11:30:14.066911	0.36	-9.71	1.28	0.2	-9.040000000000001	-3.79	-0.9	-9.61	-1.71	-1.2	-8.4	-4.89
11:30:14.077035	0.37	-9.71	1.28	0.15	-9.05	-3.7600000000000002	-0.89	-9.63	-1.61	-1.18	-8.4	-4.91
11:30:14.087160	0.36	-9.71	1.28	0.09	-9.06	-3.74	-0.89	-9.64	-1.52	-1.17	-8.36	-4.97
11:30:14.097317	0.36	-9.71	1.28	-0.01	-9.08	-3.68	-0.88	-9.66	-1.42	-1.18	-8.31	-5.07
11:30:14.107446	0.35000000000000003	-9.71	1.27	-0.04	-9.11	-3.62	-0.88	-9.67	-1.33	-1.2	-8.26	-5.13
11:30:14.117551	0.34	-9.71	1.27	-0.06	-9.14	-3.54	-0.88	-9.68	-1.24	-1.22	-8.23	-5.18
11:30:14.128204	0.33	-9.71	1.26	-0.07	-9.17	-3.46	-0.88	-9.69	-1.1500000000000001	-1.23	-8.21	-5.21
11:30:14.138321	0.31	-9.71	1.26	-0.08	-9.200000000000001	-3.36	-0.88	-9.700000000000001	-1.07	-1.22	-8.19	-5.24
11:30:14.148394	0.3	-9.72	1.26	-0.1	-9.24	-3.27	-0.88	-9.71	-0.99	-1.2	-8.17	-5.28
11:30:14.158463	0.3	-9.72	1.26	-0.12	-9.27	-3.19	-0.88	-9.72	-0.92	-1.18	-8.13	-5.34
11:30:14.168588	0.3	-9.72	1.26	-0.14	-9.290000000000001	-3.11	-0.88	-9.72	-0.85	-1.18	-8.08	-5.42
11:30:14.178719	0.3	-9.71	1.26	-0.16	-9.32	-3.0300000000000002	-0.89	-9.73	-0.78	-1.19	-8.040000000000001	-5.48
11:30:14.188884	0.31	-9.71	1.27	-0.18	-9.34	-2.95	-0.89	-9.73	-0.71	-1.2	-8.01	-5.5200000000000005
11:30:14.199443	0.31	-9.71	1.27	-0.2	-9.370000000000001	-2.87	-0.9	-9.74	-0.64	-1.19	-7.99	-5.55
11:30:14.209538	0.32	-9.71	1.27	-0.23	-9.39	-2.79	-0.91	-9.74	-0.5700000000000001	-1.18	-7.97	-5.58
11:30:14.219663	0.33	-9.71	1.28	-0.26	-9.41	-2.71	-0.92	-9.74	-0.5	-1.16	-7.95	-5.61
11:30:14.229762	0.34	-9.71	1.28	-0.3	-9.44	-2.63	-0.93	-9.75	-0.36	-1.1400000000000001	-7.930000000000001	-5.64
11:30:14.239895	0.34	-9.71	1.28	-0.35000000000000003	-9.450000000000001	-2.56	-0.9400000000000001	-9.75	-0.29	-1.1400000000000001	-7.9	-5.68
11:30:14.250137	0.35000000000000003	-9.71	1.29	-0.4	-9.47	-2.48	-0.9400000000000001	-9.75	-0.29	-1.1400000000000001	-7.88	-5.71
11:30:14.260493	0.35000000000000003	-9.71	1.29	-0.46	-9.49	-2.41	-0.9500000000000001	-9.75	-0.22	-1.1400000000000001	-7.86	-5.73
11:30:14.270714	0.35000000000000003	-9.71	1.29	-0.52	-9.5	-2.33	-0.96	-9.75	-0.09	-1.1400000000000001	-7.84	-5.7700000000000005
11:30:14.281388	0.35000000000000003	-9.71	1.3	-0.5700000000000001	-9.52	-2.2600000000000002	-0.96	-9.75	-0.03	-1.1400000000000001	-7.8	-5.8100000000000005
11:30:14.291470	0.35000000000000003	-9.71	1.3	-0.63	-9.540000000000001	-2.18	-0.96	-9.75	0.02	-1.1500000000000001	-7.7700000000000005	-5.8500000000000005
11:30:14.301561	0.36	-9.71	1.31	-0.68	-9.55	-2.1	-0.96	-9.75	0.07	-1.16	-7.72	-5.92
11:30:14.311713	0.36	-9.700000000000001	1.32	-0.72	-9.56	-2.02	-0.96	-9.75	0.13	-1.16	-7.69	-5.96
11:30:14.322356	0.36	-9.700000000000001	1.34	-0.77	-9.58	-1.93	-0.9500000000000001	-9.75	0.19	-1.1500000000000001	-7.67	-5.98
11:30:14.332439	0.36	-9.700000000000001	1.35	-0.8200000000000001	-9.59	-1.85	-0.9500000000000001	-9.75	0.25	-1.1400000000000001	-7.66	-6.01
11:30:14.342556	0.36	-9.700000000000001	1.37	-0.86	-9.6	-1.77	-0.9400000000000001	-9.75	0.31	-1.1300000000000001	-7.62	-6.05
11:30:14.352677	0.36	-9.700000000000001	1.3800000000000001	-0.91	-9.61	-1.69	-0.9400000000000001	-9.75	0.37	-1.1300000000000001	-7.59	-6.1000000000000005
11:30:14.363226	0.35000000000000003	-9.69	1.4000000000000001	-0.9500000000000001	-9.620000000000001	-1.61	-0.93	-9.75	0.43	-1.1300000000000001	-7.5600000000000005	-6.13
11:30:14.373377	0.34	-9.69	1.42	-0.99	-9.63	-1.54	-0.93	-9.74	0.5	-1.1400000000000001	-7.54	-6.15
11:30:14.383452	0.33	-9.69	1.44	-1.03	-9.64	-1.46	-0.93	-9.74	0.56	-1.1400000000000001	-7.51	-6.19
11:30:14.393581	0.31	-9.69	1.46	-1.08	-9.64	-1.3900000000000001	-0.92	-9.74	0.62	-1.1400000000000001	-7.47	-6.24
11:30:14.403781	0.29	-9.68	1.48	-1.12	-9.65	-1.33	-0.91	-9.73	0.7000000000000001	-1.1300000000000001	-7.45	-6.26
11:30:14.413902	0.27	-9.68	1.5	-1.17	-9.65	-1.26	-0.91	-9.73	0.78	-1.1400000000000001	-7.43	-6.29
11:30:14.424550	0.26	-9.68	1.52	-1.22	-9.65	-1.2	-0.91	-9.72	0.85	-1.1300000000000001	-7.4	-6.33
11:30:14.434676	0.23	-9.67	1.56	-1.27	-9.65	-1.1400000000000001	-0.9	-9.72	0.92	-1.12	-7.36	-6.37
11:30:14.444796	0.21	-9.67	1.58	-1.32	-9.65	-1.08	-0.9	-9.71	1.0	-1.12	-7.33	-6.41
11:30:14.455405	0.2	-9.67	1.59	-1.37	-9.65	-1.03	-0.9	-9.700000000000001	1.08	-1.12	-7.3	-6.44
11:30:14.465474	0.18	-9.67	1.61	-1.42	-9.65	-0.97	-0.9	-9.69	1.16	-1.16	-7.24	-6.5
11:30:14.475910	0.17	-9.66	1.6300000000000001	-1.47	-9.65	-0.92	-0.9	-9.68	1.24	-1.23	-7.18	-6.5600000000000005
11:30:14.485979	0.15	-9.66	1.6500000000000001	-1.52	-9.64	-0.86	-0.9	-9.67	1.32	-1.26	-7.12	-6.62
11:30:14.496051	0.14	-9.66	1.67	-1.57	-9.64	-0.81	-0.91	-9.66	1.4000000000000001	-1.26	-7.12	-6.62
11:30:14.506214	0.13	-9.65	1.69	-1.62	-9.64	-0.77	-0.91	-9.64	1.48	-1.31	-6.97	-6.76
11:30:14.516290	0.12	-9.65	1.71	-1.67	-9.63	-0.73	-0.93	-9.63	1.56	-1.33	-6.890000000000001	-6.84
11:30:14.526374	0.11	-9.65	1.73	-1.72	-9.620000000000001	-0.7000000000000001	-0.9400000000000001	-9.61	1.6500000000000001	-1.3800000000000001	-6.82	-6.9
11:30:14.536513	0.11	-9.64	1.75	-1.77	-9.620000000000001	-0.68	-0.96	-9.6	1.75	-1.42	-6.73	-6.98
11:30:14.546582	0.11	-9.64	1.76	-1.82	-9.61	-0.66	-0.98	-9.58	1.84	-1.47	-6.63	-7.07
11:30:14.556655	0.11	-9.64	1.78	-1.86	-9.6	-0.65	-1.0	-9.55	1.95	-1.53	-6.53	-7.15
11:30:14.566733	0.12	-9.63	1.79	-1.9100000000000001	-9.59	-0.64	-1.02	-9.53	2.05	-1.6	-6.43	-7.22
11:30:14.576808	0.13	-9.63	1.8	-1.96	-9.58	-0.63	-1.05	-9.5	2.17	-1.67	-6.3100000000000005	-7.3100000000000005
11:30:14.586885	0.15	-9.63	1.81	-2.0	-9.57	-0.62	-1.07	-9.47	2.2800000000000002	-1.74	-6.18	-7.4
11:30:14.596957	0.16	-9.63	1.82	-2.05	-9.56	-0.61	-1.1	-9.44	2.41	-1.81	-6.05	-7.49
11:30:14.607029	0.17	-9.63	1.82	-2.09	-9.56	-0.61	-1.1300000000000001	-9.4	2.54	-1.8800000000000001	-5.92	-7.58
11:30:14.617098	0.18	-9.63	1.82	-2.12	-9.55	-0.61	-1.17	-9.36	2.67	-1.98	-5.78	-7.66
11:30:14.627198	0.18	-9.63	1.81	-2.15	-9.540000000000001	-0.62	-1.21	-9.31	2.8000000000000003	-2.09	-5.61	-7.76
11:30:14.637268	0.18	-9.63	1.79	-2.17	-9.540000000000001	-0.63	-1.24	-9.26	2.95	-2.15	-5.44	-7.86
11:30:14.647335	0.18	-9.64	1.78	-2.17	-9.53	-0.65	-1.26	-9.21	3.1	-2.22	-5.28	-7.95
11:30:14.657429	0.19	-9.64	1.77	-2.17	-9.53	-0.72	-1.29	-9.15	3.2600000000000002	-2.32	-5.09	-8.040000000000001
11:30:14.667532	0.21	-9.64	1.78	-2.16	-9.53	-0.79	-1.33	-9.09	3.41	-2.42	-4.89	-8.14
11:30:14.677657	0.23	-9.64	1.78	-2.15	-9.52	-0.88	-1.3800000000000001	-9.02	3.5700000000000003	-2.5	-4.68	-8.24
11:30:14.688302	0.27	-9.63	1.78	-2.13	-9.51	-0.99	-1.45	-8.94	3.74	-2.5300000000000002	-4.46	-8.35
11:30:14.698370	0.29	-9.63	1.79	-2.11	-9.5	-1.12	-1.53	-8.86	3.9	-2.57	-4.22	-8.46
11:30:14.708439	0.32	-9.63	1.79	-2.08	-9.49	-1.28	-1.6500000000000001	-8.77	4.05	-2.62	-3.94	-8.58
11:30:14.718511	0.33	-9.63	1.8	-2.0300000000000002	-9.48	-1.44	-1.78	-8.67	4.2	-2.61	-3.58	-8.74
11:30:14.728588	0.34	-9.63	1.8	-1.98	-9.46	-1.62	-1.9100000000000001	-8.57	4.3500000000000005	-2.61	-3.16	-8.9
11:30:14.738700	0.35000000000000003	-9.63	1.8	-1.9100000000000001	-9.44	-1.82	-2.0100000000000002	-8.47	4.5	-2.66	-2.68	-9.040000000000001
11:30:14.748776	0.38	-9.63	1.8	-1.82	-9.41	-2.02	-2.07	-8.370000000000001	4.65	-2.81	-2.2600000000000002	-9.11
11:30:14.758861	0.4	-9.63	1.79	-1.73	-9.39	-2.21	-2.13	-8.27	4.8	-3.0	-1.86	-9.14
11:30:14.768937	0.43	-9.63	1.78	-1.6500000000000001	-9.36	-2.38	-2.18	-8.17	4.95	-3.06	-1.41	-9.200000000000001
11:30:14.779047	0.45	-9.63	1.77	-1.55	-9.34	-2.54	-2.23	-8.08	5.07	-3.14	-1.02	-9.23
11:30:14.789134	0.46	-9.63	1.76	-1.46	-9.31	-2.68	-2.27	-8.01	5.17	-3.19	-0.79	-9.23
11:30:14.799201	0.47000000000000003	-9.63	1.74	-1.37	-9.290000000000001	-2.81	-2.2800000000000002	-7.94	5.2700000000000005	-3.0100000000000002	-0.85	-9.290000000000001
11:30:14.809309	0.47000000000000003	-9.63	1.73	-1.29	-9.26	-2.94	-2.3000000000000003	-7.890000000000001	5.33	-2.67	-1.07	-9.370000000000001
11:30:14.819408	0.47000000000000003	-9.64	1.73	-1.21	-9.23	-3.0700000000000003	-2.29	-7.88	5.36	-2.34	-1.33	-9.42
11:30:14.830194	0.47000000000000003	-9.64	1.72	-1.1300000000000001	-9.19	-3.21	-2.27	-7.890000000000001	5.3500000000000005	-2.21	-1.53	-9.42
11:30:14.840622	0.47000000000000003	-9.64	1.72	-1.04	-9.15	-3.35	-2.22	-7.92	5.32	-2.2	-1.7	-9.4
11:30:14.850790	0.47000000000000003	-9.64	1.72	-0.96	-9.11	-3.48	-2.15	-7.97	5.2700000000000005	-2.13	-1.9000000000000001	-9.38
11:30:14.860911	0.48	-9.64	1.72	-0.88	-9.07	-3.6	-2.06	-8.05	5.2	-2.0100000000000002	-2.23	-9.33
11:30:14.871078	0.48	-9.64	1.72	-0.81	-9.03	-3.72	-1.86	-8.24	4.96	-1.97	-2.6	-9.24
11:30:14.881806	0.49	-9.64	1.72	-0.75	-8.99	-3.83	-1.76	-8.36	4.8	-2.0	-2.89	-9.15
11:30:14.891943	0.5	-9.64	1.72	-0.6900000000000001	-8.94	-3.94	-1.67	-8.48	4.61	-2.02	-3.47	-8.94
11:30:14.902081	0.51	-9.63	1.73	-0.65	-8.9	-4.0600000000000005	-1.58	-8.620000000000001	4.39	-1.98	-3.84	-8.8
11:30:14.912714	0.52	-9.63	1.73	-0.62	-8.84	-4.18	-1.5	-8.76	4.14	-1.9100000000000001	-4.22	-8.64
11:30:14.922828	0.53	-9.63	1.73	-0.6	-8.78	-4.3	-1.44	-8.9	3.85	-1.83	-4.59	-8.46
11:30:14.932908	0.53	-9.63	1.74	-0.59	-8.72	-4.42	-1.3800000000000001	-9.03	3.54	-1.83	-4.59	-8.46
11:30:14.943537	0.53	-9.63	1.74	-0.58	-8.67	-4.53	-1.33	-9.17	3.2	-1.72	-4.95	-8.28
11:30:14.953645	0.54	-9.63	1.75	-0.5700000000000001	-8.63	-4.6000000000000005	-1.3	-9.290000000000001	2.83	-1.47	-5.6000000000000005	-7.91
11:30:14.963737	0.54	-9.63	1.75	-0.54	-8.6	-4.66	-1.27	-9.4	2.45	-1.35	-5.88	-7.72
11:30:14.973857	0.55	-9.63	1.75	-0.5	-8.58	-4.72	-1.26	-9.5	2.04	-1.24	-6.140000000000001	-7.53
11:30:14.984508	0.56	-9.63	1.75	-0.46	-8.55	-4.76	-1.24	-9.59	1.62	-1.12	-6.41	-7.32
11:30:14.994595	0.5700000000000001	-9.63	1.74	-0.41000000000000003	-8.540000000000001	-4.8	-1.22	-9.65	1.2	-1.01	-6.69	-7.08
11:30:15.004723	0.5700000000000001	-9.63	1.74	-0.36	-8.52	-4.84	-1.19	-9.700000000000001	0.78	-0.9400000000000001	-6.97	-6.83
11:30:15.014801	0.58	-9.63	1.73	-0.3	-8.5	-4.87	-1.1500000000000001	-9.73	0.37	-0.89	-7.23	-6.55
11:30:15.025296	0.58	-9.63	1.72	-0.24	-8.49	-4.9	-1.11	-9.74	-0.03	-0.86	-7.49	-6.26
11:30:15.035376	0.58	-9.63	1.7	-0.17	-8.48	-4.91	-1.08	-9.73	-0.43	-0.86	-7.49	-6.26
11:30:15.045500	0.58	-9.64	1.69	-0.11	-8.47	-4.92	-1.05	-9.71	-0.8200000000000001	-0.8300000000000001	-7.95	-5.67
11:30:15.055573	0.5700000000000001	-9.64	1.68	-0.06	-8.47	-4.93	-1.02	-9.67	-1.2	-0.8200000000000001	-8.16	-5.36
11:30:15.065706	0.56	-9.64	1.67	-0.01	-8.47	-4.93	-1.0	-9.620000000000001	-1.57	-0.8	-8.36	-5.05
11:30:15.075780	0.55	-9.64	1.6500000000000001	0.01	-8.47	-4.93	-0.98	-9.56	-1.93	-0.79	-8.540000000000001	-4.74
11:30:15.085854	0.54	-9.65	1.6400000000000001	0.04	-8.48	-4.91	-0.97	-9.48	-2.2800000000000002	-0.76	-8.71	-4.43
11:30:15.095942	0.53	-9.65	1.6300000000000001	0.06	-8.49	-4.89	-0.9500000000000001	-9.4	-2.61	-0.73	-8.86	-4.13
11:30:15.106186	0.51	-9.65	1.61	0.09	-8.51	-4.86	-0.9400000000000001	-9.31	-2.91	-0.7000000000000001	-8.98	-3.85
11:30:15.116298	0.5	-9.66	1.6	0.11	-8.53	-4.82	-0.93	-9.22	-3.19	-0.6900000000000001	-9.09	-3.6
11:30:15.126369	0.48	-9.66	1.59	0.11	-8.55	-4.79	-0.92	-9.13	-3.44	-0.6900000000000001	-9.17	-3.38
11:30:15.136454	0.47000000000000003	-9.66	1.58	0.11	-8.57	-4.75	-0.92	-9.040000000000001	-3.66	-0.68	-9.25	-3.18
11:30:15.146524	0.46	-9.66	1.57	0.1	-8.58	-4.73	-0.93	-8.96	-3.85	-0.6900000000000001	-9.31	-3.0
11:30:15.156596	0.44	-9.67	1.56	0.09	-8.59	-4.72	-0.9500000000000001	-8.9	-4.0	-0.6900000000000001	-9.35	-2.84
11:30:15.166669	0.42	-9.67	1.54	0.07	-8.59	-4.71	-0.98	-8.84	-4.11	-0.6900000000000001	-9.39	-2.71
11:30:15.176958	0.42	-9.67	1.54	0.04	-8.6	-4.71	-1.0	-8.8	-4.2	-0.6900000000000001	-9.42	-2.59
11:30:15.187419	0.39	-9.68	1.52	0.02	-8.6	-4.71	-1.03	-8.77	-4.25	-0.7000000000000001	-9.450000000000001	-2.5100000000000002
11:30:15.197539	0.37	-9.68	1.5	0.01	-8.59	-4.71	-1.05	-8.75	-4.28	-0.71	-9.46	-2.45
11:30:15.207634	0.34	-9.68	1.48	0.02	-8.59	-4.71	-1.07	-8.75	-4.2700000000000005	-0.72	-9.47	-2.43
11:30:15.217763	0.32	-9.69	1.47	0.02	-8.59	-4.71	-1.09	-8.76	-4.25	-0.72	-9.47	-2.43
11:30:15.228427	0.3	-9.69	1.45	0.07	-8.59	-4.72	-1.11	-8.790000000000001	-4.2	-0.72	-9.46	-2.44
11:30:15.238508	0.27	-9.69	1.43	0.1	-8.59	-4.72	-1.12	-8.82	-4.12	-0.73	-9.450000000000001	-2.5
11:30:15.248575	0.25	-9.69	1.42	0.12	-8.59	-4.72	-1.12	-8.86	-4.03	-0.73	-9.42	-2.59
11:30:15.258647	0.23	-9.700000000000001	1.41	0.13	-8.58	-4.73	-1.12	-8.91	-3.93	-0.73	-9.39	-2.7
11:30:15.268778	0.21	-9.700000000000001	1.4000000000000001	0.13	-8.58	-4.73	-1.12	-8.96	-3.81	-0.72	-9.35	-2.84
11:30:15.278941	0.2	-9.700000000000001	1.3800000000000001	0.12	-8.58	-4.73	-1.11	-9.02	-3.68	-0.71	-9.31	-2.97
11:30:15.289499	0.19	-9.700000000000001	1.37	0.12	-8.59	-4.72	-1.08	-9.07	-3.5500000000000003	-0.73	-9.27	-3.1
11:30:15.299598	0.18	-9.700000000000001	1.36	0.11	-8.6	-4.7	-1.04	-9.11	-3.45	-0.72	-9.25	-3.15
11:30:15.309737	0.18	-9.700000000000001	1.36	0.1	-8.620000000000001	-4.66	-1.03	-9.15	-3.36	-0.58	-9.22	-3.2600000000000002
11:30:15.319812	0.17	-9.700000000000001	1.36	0.1	-8.65	-4.61	-1.06	-9.18	-3.25	-0.53	-9.17	-3.42
11:30:15.330236	0.17	-9.700000000000001	1.36	0.1	-8.65	-4.61	-1.12	-9.22	-3.12	-0.67	-9.1	-3.58
11:30:15.340574	0.14	-9.700000000000001	1.36	0.07	-8.67	-4.57	-1.16	-9.26	-2.99	-0.8200000000000001	-9.02	-3.75
11:30:15.350676	0.12	-9.71	1.36	0.07	-8.67	-4.5600000000000005	-1.19	-9.33	-2.75	-0.9400000000000001	-8.9	-3.99
11:30:15.360788	0.12	-9.71	1.35	0.09	-8.68	-4.55	-1.18	-9.36	-2.64	-1.08	-8.77	-4.25
11:30:15.370915	0.12	-9.71	1.34	0.11	-8.69	-4.53	-1.17	-9.39	-2.54	-1.2	-8.68	-4.4
11:30:15.381484	0.13	-9.71	1.33	0.12	-8.71	-4.48	-1.1500000000000001	-9.42	-2.45	-1.28	-8.64	-4.45
11:30:15.391656	0.15	-9.71	1.32	0.12	-8.75	-4.41	-1.1500000000000001	-9.44	-2.35	-1.33	-8.68	-4.3500000000000005
11:30:15.401784	0.18	-9.71	1.32	0.1	-8.790000000000001	-4.34	-1.1400000000000001	-9.47	-2.25	-1.29	-8.71	-4.3
11:30:15.412388	0.2	-9.71	1.32	0.08	-8.83	-4.26	-1.12	-9.49	-2.16	-1.27	-8.69	-4.3500000000000005
11:30:15.422553	0.23	-9.71	1.33	0.07	-8.86	-4.18	-1.09	-9.52	-2.08	-1.28	-8.620000000000001	-4.48
11:30:15.432622	0.26	-9.71	1.33	0.07	-8.91	-4.09	-1.06	-9.540000000000001	-1.99	-1.3	-8.53	-4.64
11:30:15.442759	0.29	-9.700000000000001	1.34	0.06	-8.950000000000001	-3.99	-1.03	-9.56	-1.9100000000000001	-1.32	-8.44	-4.79
11:30:15.453323	0.33	-9.700000000000001	1.34	0.04	-8.99	-3.9	-1.01	-9.57	-1.83	-1.32	-8.4	-4.87
11:30:15.463394	0.36	-9.700000000000001	1.35	0.0	-9.02	-3.8200000000000003	-1.01	-9.59	-1.75	-1.31	-8.39	-4.88
11:30:15.473575	0.38	-9.700000000000001	1.35	-0.05	-9.040000000000001	-3.77	-1.0	-9.61	-1.6600000000000001	-1.31	-8.4	-4.88
11:30:15.484209	0.4	-9.700000000000001	1.34	-0.12	-9.06	-3.73	-1.0	-9.620000000000001	-1.58	-1.3	-8.39	-4.89
11:30:15.494336	0.42	-9.700000000000001	1.34	-0.18	-9.07	-3.7	-1.0	-9.63	-1.49	-1.3	-8.39	-4.89
11:30:15.504410	0.42	-9.700000000000001	1.33	-0.24	-9.09	-3.65	-1.0	-9.65	-1.4000000000000001	-1.3	-8.32	-5.0200000000000005
11:30:15.514481	0.42	-9.700000000000001	1.31	-0.28	-9.120000000000001	-3.58	-1.0	-9.66	-1.32	-1.32	-8.27	-5.08
11:30:15.524556	0.42	-9.71	1.3	-0.3	-9.15	-3.5	-1.0	-9.67	-1.24	-1.34	-8.26	-5.1000000000000005
11:30:15.534684	0.41000000000000003	-9.71	1.28	-0.32	-9.18	-3.41	-1.0	-9.68	-1.17	-1.35	-8.24	-5.13
11:30:15.544808	0.41000000000000003	-9.71	1.27	-0.33	-9.21	-3.3200000000000003	-0.99	-9.69	-1.1	-1.33	-8.22	-5.17
11:30:15.554895	0.41000000000000003	-9.71	1.26	-0.34	-9.24	-3.24	-0.99	-9.700000000000001	-1.03	-1.32	-8.18	-5.23
11:30:15.565107	0.42	-9.71	1.23	-0.36	-9.27	-3.15	-0.99	-9.700000000000001	-0.97	-1.31	-8.14	-5.29
11:30:15.575237	0.43	-9.71	1.23	-0.37	-9.3	-3.0700000000000003	-0.99	-9.71	-0.91	-1.3	-8.11	-5.3500000000000005
11:30:15.585336	0.45	-9.71	1.22	-0.39	-9.33	-2.99	-1.0	-9.71	-0.84	-1.31	-8.07	-5.4
11:30:15.595928	0.47000000000000003	-9.71	1.21	-0.4	-9.35	-2.91	-1.0	-9.72	-0.77	-1.31	-8.07	-5.4
11:30:15.605998	0.48	-9.71	1.2	-0.42	-9.370000000000001	-2.84	-1.0	-9.72	-0.7000000000000001	-1.32	-8.03	-5.47
11:30:15.616094	0.5	-9.71	1.2	-0.44	-9.39	-2.77	-1.01	-9.73	-0.63	-1.31	-8.0	-5.5
11:30:15.626169	0.51	-9.72	1.19	-0.46	-9.41	-2.69	-1.01	-9.73	-0.56	-1.31	-7.98	-5.53
11:30:15.636240	0.53	-9.72	1.18	-0.49	-9.43	-2.63	-1.02	-9.74	-0.48	-1.31	-7.96	-5.5600000000000005
11:30:15.646341	0.54	-9.72	1.17	-0.52	-9.450000000000001	-2.56	-1.02	-9.74	-0.41000000000000003	-1.3	-7.930000000000001	-5.6000000000000005
11:30:15.656430	0.55	-9.72	1.16	-0.55	-9.46	-2.49	-1.03	-9.74	-0.34	-1.3	-7.9	-5.65
11:30:15.666510	0.5700000000000001	-9.72	1.1500000000000001	-0.59	-9.48	-2.42	-1.03	-9.74	-0.26	-1.3	-7.87	-5.7
11:30:15.676584	0.59	-9.72	1.1400000000000001	-0.62	-9.49	-2.35	-1.03	-9.74	-0.19	-1.29	-7.84	-5.73
11:30:15.686661	0.61	-9.71	1.1400000000000001	-0.66	-9.51	-2.2800000000000002	-1.04	-9.75	-0.12	-1.29	-7.8100000000000005	-5.78
11:30:15.696760	0.62	-9.71	1.1400000000000001	-0.6900000000000001	-9.52	-2.21	-1.04	-9.75	-0.05	-1.29	-7.8100000000000005	-5.78
11:30:15.706831	0.64	-9.71	1.1500000000000001	-0.73	-9.540000000000001	-2.13	-1.04	-9.75	0.01	-1.3	-7.74	-5.86
11:30:15.716955	0.65	-9.71	1.16	-0.76	-9.55	-2.06	-1.04	-9.75	0.08	-1.31	-7.72	-5.89
11:30:15.727072	0.66	-9.71	1.16	-0.8	-9.56	-1.98	-1.03	-9.75	0.14	-1.31	-7.69	-5.93
11:30:15.737142	0.67	-9.71	1.18	-0.84	-9.58	-1.9100000000000001	-1.02	-9.75	0.21	-1.29	-7.66	-5.98
11:30:15.747225	0.67	-9.700000000000001	1.19	-0.88	-9.59	-1.83	-1.02	-9.74	0.28	-1.29	-7.63	-6.01
11:30:15.757299	0.66	-9.700000000000001	1.21	-0.93	-9.6	-1.75	-1.01	-9.74	0.34	-1.29	-7.61	-6.04
11:30:15.767434	0.66	-9.700000000000001	1.23	-0.97	-9.61	-1.67	-1.01	-9.74	0.4	-1.3	-7.58	-6.07
11:30:15.777570	0.65	-9.700000000000001	1.25	-1.01	-9.620000000000001	-1.6	-1.0	-9.74	0.47000000000000003	-1.29	-7.54	-6.12
11:30:15.787672	0.64	-9.700000000000001	1.27	-1.05	-9.620000000000001	-1.52	-0.99	-9.74	0.54	-1.29	-7.5200000000000005	-6.16
11:30:15.797747	0.64	-9.69	1.3	-1.1400000000000001	-9.64	-1.3800000000000001	-0.99	-9.73	0.61	-1.29	-7.5200000000000005	-6.16
11:30:15.807851	0.63	-9.69	1.32	-1.18	-9.64	-1.31	-0.98	-9.73	0.67	-1.28	-7.46	-6.22
11:30:15.817979	0.63	-9.69	1.34	-1.23	-9.64	-1.25	-0.98	-9.72	0.75	-1.28	-7.42	-6.2700000000000005
11:30:15.828646	0.62	-9.68	1.37	-1.28	-9.64	-1.19	-0.97	-9.72	0.8300000000000001	-1.28	-7.4	-6.3
11:30:15.838732	0.61	-9.68	1.3900000000000001	-1.33	-9.64	-1.1400000000000001	-0.97	-9.71	0.9	-1.28	-7.37	-6.33
11:30:15.848922	0.61	-9.68	1.41	-1.37	-9.64	-1.09	-0.96	-9.700000000000001	0.98	-1.29	-7.33	-6.38
11:30:15.859011	0.59	-9.68	1.44	-1.42	-9.64	-1.04	-0.96	-9.700000000000001	1.06	-1.35	-7.2700000000000005	-6.43
11:30:15.869382	0.58	-9.67	1.46	-1.47	-9.64	-0.98	-0.9500000000000001	-9.69	1.1400000000000001	-1.44	-7.21	-6.48
11:30:15.879620	0.5700000000000001	-9.67	1.48	-1.52	-9.64	-0.9400000000000001	-0.9500000000000001	-9.68	1.21	-1.46	-7.15	-6.54
11:30:15.889691	0.56	-9.67	1.5	-1.57	-9.63	-0.89	-0.96	-9.67	1.3	-1.49	-7.08	-6.61
11:30:15.899819	0.54	-9.67	1.52	-1.61	-9.63	-0.85	-0.96	-9.65	1.3800000000000001	-1.49	-7.08	-6.61
11:30:15.909933	0.54	-9.66	1.53	-1.6600000000000001	-9.620000000000001	-0.81	-0.98	-9.64	1.47	-1.55	-6.93	-6.75
11:30:15.920547	0.53	-9.66	1.54	-1.71	-9.620000000000001	-0.78	-0.99	-9.620000000000001	1.57	-1.61	-6.8500000000000005	-6.82
11:30:15.930617	0.52	-9.66	1.55	-1.76	-9.61	-0.76	-1.01	-9.6	1.67	-1.6600000000000001	-6.76	-6.9
11:30:15.940720	0.52	-9.66	1.56	-1.81	-9.6	-0.75	-1.02	-9.58	1.78	-1.78	-6.57	-7.05
11:30:15.950806	0.52	-9.66	1.56	-1.86	-9.59	-0.74	-1.06	-9.540000000000001	2.0	-1.78	-6.57	-7.05
11:30:15.960895	0.52	-9.66	1.57	-1.9000000000000001	-9.59	-0.73	-1.09	-9.51	2.12	-1.9100000000000001	-6.34	-7.22
11:30:15.971050	0.52	-9.66	1.57	-1.94	-9.58	-0.72	-1.09	-9.51	2.12	-1.97	-6.21	-7.32
11:30:15.981609	0.53	-9.66	1.57	-1.98	-9.57	-0.71	-1.11	-9.47	2.24	-2.05	-6.09	-7.4
11:30:15.991732	0.53	-9.66	1.57	-2.02	-9.56	-0.71	-1.16	-9.4	2.5100000000000002	-2.05	-6.09	-7.4
11:30:16.001859	0.52	-9.66	1.58	-2.05	-9.56	-0.7000000000000001	-1.2	-9.36	2.65	-2.18	-5.79	-7.59
11:30:16.012446	0.52	-9.66	1.58	-2.08	-9.55	-0.7000000000000001	-1.24	-9.31	2.8000000000000003	-2.27	-5.64	-7.69
11:30:16.022547	0.51	-9.66	1.57	-2.1	-9.55	-0.71	-1.27	-9.26	2.95	-2.39	-5.49	-7.75
11:30:16.032662	0.5	-9.66	1.56	-2.11	-9.540000000000001	-0.74	-1.3	-9.200000000000001	3.11	-2.48	-5.32	-7.84
11:30:16.042766	0.48	-9.67	1.54	-2.11	-9.540000000000001	-0.78	-1.32	-9.14	3.2800000000000002	-2.56	-5.13	-7.94
11:30:16.053457	0.46	-9.67	1.52	-2.11	-9.540000000000001	-0.8200000000000001	-1.37	-9.07	3.46	-2.66	-4.94	-8.040000000000001
11:30:16.063575	0.46	-9.67	1.51	-2.1	-9.53	-0.89	-1.43	-8.99	3.63	-2.75	-4.73	-8.13
11:30:16.073747	0.47000000000000003	-9.67	1.5	-2.08	-9.53	-0.97	-1.52	-8.91	3.79	-2.8000000000000003	-4.51	-8.24
11:30:16.084423	0.49	-9.68	1.49	-2.06	-9.52	-1.07	-1.6300000000000001	-8.81	3.96	-2.88	-4.2700000000000005	-8.34
11:30:16.094497	0.51	-9.68	1.47	-2.0300000000000002	-9.51	-1.19	-1.76	-8.72	4.12	-2.88	-4.2700000000000005	-8.34
11:30:16.104611	0.54	-9.68	1.46	-1.99	-9.5	-1.34	-1.8800000000000001	-8.620000000000001	4.2700000000000005	-2.97	-3.65	-8.6
11:30:16.114682	0.56	-9.68	1.45	-1.94	-9.49	-1.49	-1.96	-8.52	4.42	-3.0100000000000002	-3.2600000000000002	-8.74
11:30:16.124764	0.58	-9.68	1.44	-1.8800000000000001	-9.47	-1.67	-2.0100000000000002	-8.43	4.57	-3.12	-2.7800000000000002	-8.870000000000001
11:30:16.134848	0.59	-9.68	1.43	-1.81	-9.450000000000001	-1.86	-2.05	-8.33	4.73	-3.2800000000000002	-2.33	-8.94
11:30:16.144923	0.6	-9.68	1.43	-1.72	-9.43	-2.06	-2.11	-8.23	4.88	-3.46	-1.9100000000000001	-8.97
11:30:16.155000	0.6	-9.68	1.42	-1.62	-9.4	-2.24	-2.17	-8.15	4.99	-3.59	-1.48	-9.0
11:30:16.165088	0.6	-9.68	1.42	-1.53	-9.38	-2.4	-2.2	-8.08	5.09	-3.79	-1.1300000000000001	-8.97
11:30:16.175168	0.59	-9.68	1.41	-1.44	-9.36	-2.5300000000000002	-2.2	-8.02	5.19	-3.93	-0.98	-8.92
11:30:16.185237	0.59	-9.68	1.4000000000000001	-1.34	-9.34	-2.66	-2.21	-7.96	5.2700000000000005	-3.75	-1.01	-9.0
11:30:16.195313	0.58	-9.68	1.3900000000000001	-1.24	-9.32	-2.77	-2.22	-7.91	5.33	-3.75	-1.01	-9.0
11:30:16.205389	0.5700000000000001	-9.69	1.3800000000000001	-1.16	-9.290000000000001	-2.88	-2.21	-7.9	5.36	-3.19	-1.56	-9.13
11:30:16.215462	0.5700000000000001	-9.69	1.37	-1.09	-9.26	-3.0	-2.19	-7.92	5.34	-3.06	-1.8	-9.13
11:30:16.225577	0.56	-9.69	1.36	-1.02	-9.23	-3.14	-2.14	-7.96	5.3100000000000005	-3.0100000000000002	-1.97	-9.120000000000001
11:30:16.235692	0.56	-9.69	1.36	-0.9500000000000001	-9.19	-3.27	-2.06	-8.01	5.25	-2.85	-2.17	-9.120000000000001
11:30:16.245792	0.5700000000000001	-9.69	1.36	-0.88	-9.14	-3.42	-1.97	-8.09	5.17	-2.61	-2.5	-9.11
11:30:16.255929	0.5700000000000001	-9.69	1.36	-0.8200000000000001	-9.09	-3.56	-1.86	-8.19	5.0600000000000005	-2.47	-2.9	-9.03
11:30:16.266050	0.58	-9.69	1.37	-0.76	-9.05	-3.68	-1.75	-8.3	4.91	-2.41	-3.21	-8.94
11:30:16.276175	0.6	-9.68	1.3800000000000001	-0.7000000000000001	-9.01	-3.79	-1.6500000000000001	-8.42	4.74	-2.36	-3.43	-8.870000000000001
11:30:16.286311	0.62	-9.68	1.3900000000000001	-0.64	-8.97	-3.9	-1.57	-8.55	4.53	-2.36	-3.43	-8.870000000000001
11:30:16.296382	0.63	-9.68	1.4000000000000001	-0.58	-8.93	-4.0	-1.52	-8.68	4.28	-2.2800000000000002	-3.68	-8.790000000000001
11:30:16.306500	0.63	-9.68	1.4000000000000001	-0.54	-8.88	-4.11	-1.47	-8.82	4.01	-2.09	-4.36	-8.52
11:30:16.316598	0.64	-9.68	1.41	-0.51	-8.82	-4.23	-1.43	-8.96	3.7	-2.09	-4.36	-8.52
11:30:16.326667	0.64	-9.68	1.42	-0.5	-8.77	-4.3500000000000005	-1.4000000000000001	-9.1	3.36	-1.84	-5.05	-8.19
11:30:16.337159	0.65	-9.67	1.43	-0.49	-8.72	-4.45	-1.37	-9.23	3.0	-1.7	-5.36	-8.02
11:30:16.347233	0.65	-9.67	1.44	-0.48	-8.68	-4.53	-1.33	-9.35	2.62	-1.58	-5.64	-7.8500000000000005
11:30:16.357309	0.66	-9.67	1.44	-0.45	-8.64	-4.6000000000000005	-1.29	-9.46	2.21	-1.58	-5.64	-7.8500000000000005
11:30:16.367440	0.67	-9.67	1.45	-0.42	-8.61	-4.66	-1.26	-9.55	1.8	-1.33	-6.19	-7.48
11:30:16.377527	0.67	-9.68	1.41	-0.37	-8.58	-4.71	-1.21	-9.63	1.3800000000000001	-1.21	-6.48	-7.25
11:30:16.387622	0.67	-9.68	1.37	-0.33	-8.56	-4.7700000000000005	-1.17	-9.68	0.96	-1.12	-6.76	-7.01
11:30:16.397729	0.66	-9.69	1.32	-0.28	-8.53	-4.82	-1.12	-9.72	0.54	-1.12	-6.76	-7.01
11:30:16.407806	0.65	-9.69	1.28	-0.22	-8.5	-4.86	-1.06	-9.74	0.11	-1.0	-7.28	-6.48
11:30:16.417877	0.64	-9.700000000000001	1.23	-0.15	-8.49	-4.9	-1.01	-9.74	-0.3	-0.97	-7.51	-6.22
11:30:16.427970	0.63	-9.71	1.19	-0.07	-8.48	-4.92	-1.01	-9.74	-0.3	-0.9500000000000001	-7.74	-5.94
11:30:16.438085	0.61	-9.71	1.1500000000000001	0.06	-8.46	-4.94	-0.9	-9.69	-1.1300000000000001	-0.9500000000000001	-7.74	-5.94
11:30:16.448217	0.6	-9.72	1.1400000000000001	0.11	-8.46	-4.94	-0.85	-9.64	-1.52	-0.9500000000000001	-7.74	-5.94
11:30:16.458380	0.59	-9.72	1.1400000000000001	0.16	-8.46	-4.94	-0.8	-9.58	-1.9000000000000001	-0.93	-8.15	-5.36
11:30:16.468478	0.5700000000000001	-9.72	1.1300000000000001	0.2	-8.47	-4.92	-0.75	-9.51	-2.2600000000000002	-0.93	-8.33	-5.07
11:30:16.479088	0.56	-9.72	1.12	0.24	-8.48	-4.9	-0.71	-9.42	-2.6	-0.93	-8.5	-4.79
11:30:16.489222	0.54	-9.72	1.12	0.27	-8.49	-4.88	-0.68	-9.33	-2.91	-0.92	-8.66	-4.5
11:30:16.499933	0.53	-9.72	1.11	0.29	-8.51	-4.86	-0.66	-9.24	-3.21	-0.91	-8.790000000000001	-4.23
11:30:16.510060	0.51	-9.73	1.1	0.3	-8.52	-4.83	-0.65	-9.14	-3.47	-0.89	-8.92	-3.96
11:30:16.520130	0.49	-9.73	1.1	0.31	-8.540000000000001	-4.8	-0.64	-9.040000000000001	-3.72	-0.89	-8.92	-3.96
11:30:16.530294	0.48	-9.73	1.09	0.3	-8.55	-4.78	-0.64	-9.040000000000001	-3.72	-0.85	-9.14	-3.44
11:30:16.540902	0.46	-9.73	1.09	0.29	-8.56	-4.76	-0.65	-8.950000000000001	-3.93	-0.84	-9.22	-3.21
11:30:16.551028	0.45	-9.73	1.09	0.28	-8.57	-4.74	-0.6900000000000001	-8.8	-4.2700000000000005	-0.8300000000000001	-9.290000000000001	-3.0
11:30:16.561104	0.43	-9.73	1.08	0.26	-8.59	-4.72	-0.6900000000000001	-8.8	-4.2700000000000005	-0.8200000000000001	-9.35	-2.81
11:30:16.571224	0.41000000000000003	-9.73	1.08	0.25	-8.6	-4.69	-0.77	-8.65	-4.54	-0.81	-9.44	-2.52
11:30:16.581397	0.4	-9.73	1.07	0.24	-8.620000000000001	-4.66	-0.77	-8.65	-4.54	-0.8200000000000001	-9.46	-2.41
11:30:16.592000	0.38	-9.74	1.07	0.25	-8.63	-4.64	-0.77	-8.65	-4.54	-0.8300000000000001	-9.48	-2.35
11:30:16.602098	0.36	-9.74	1.06	0.25	-8.64	-4.62	-0.8	-8.620000000000001	-4.58	-0.84	-9.49	-2.32
11:30:16.612228	0.34	-9.74	1.05	0.26	-8.65	-4.61	-0.81	-8.63	-4.5600000000000005	-0.85	-9.49	-2.31
11:30:16.622867	0.32	-9.74	1.05	0.27	-8.65	-4.6000000000000005	-0.8200000000000001	-8.66	-4.51	-0.85	-9.48	-2.34
11:30:16.632940	0.3	-9.74	1.04	0.27	-8.65	-4.59	-0.8300000000000001	-8.700000000000001	-4.44	-0.86	-9.47	-2.39
11:30:16.643068	0.29	-9.74	1.04	0.28	-8.65	-4.59	-0.84	-8.75	-4.34	-0.86	-9.450000000000001	-2.46
11:30:16.653625	0.28	-9.74	1.03	0.28	-8.65	-4.59	-0.85	-8.8	-4.22	-0.87	-9.42	-2.5500000000000003
11:30:16.663752	0.28	-9.74	1.03	0.28	-8.66	-4.59	-0.86	-8.870000000000001	-4.08	-0.85	-9.39	-2.66
11:30:16.673843	0.28	-9.74	1.02	0.28	-8.66	-4.58	-0.87	-8.93	-3.93	-0.81	-9.34	-2.86
11:30:16.684000	0.28	-9.74	1.02	0.27	-8.67	-4.57	-0.89	-9.0	-3.77	-0.77	-9.28	-3.04
11:30:16.694667	0.28	-9.74	1.02	0.26	-8.68	-4.55	-0.9	-9.07	-3.61	-0.74	-9.26	-3.14
11:30:16.704731	0.29	-9.74	1.01	0.25	-8.69	-4.5200000000000005	-0.88	-9.11	-3.5	-0.75	-9.28	-3.06
11:30:16.714808	0.29	-9.74	1.01	0.23	-8.72	-4.46	-0.86	-9.13	-3.46	-0.71	-9.370000000000001	-2.77
11:30:16.724881	0.29	-9.74	1.02	0.22	-8.76	-4.39	-0.91	-9.13	-3.44	-0.71	-9.370000000000001	-2.77
11:30:16.735470	0.28	-9.74	1.03	0.21	-8.790000000000001	-4.32	-0.97	-9.15	-3.36	-0.64	-9.26	-3.16
11:30:16.745542	0.26	-9.74	1.04	0.19	-8.82	-4.2700000000000005	-1.02	-9.200000000000001	-3.23	-0.89	-9.14	-3.42
11:30:16.755618	0.25	-9.74	1.05	0.19	-8.84	-4.22	-1.04	-9.24	-3.09	-1.07	-9.0	-3.72
11:30:16.765700	0.23	-9.74	1.06	0.19	-8.85	-4.21	-1.02	-9.28	-2.98	-1.16	-8.85	-4.0600000000000005
11:30:16.775770	0.22	-9.74	1.06	0.21	-8.84	-4.22	-1.0	-9.31	-2.88	-1.22	-8.72	-4.3
11:30:16.785845	0.22	-9.74	1.06	0.22	-8.83	-4.24	-0.98	-9.35	-2.7800000000000002	-1.34	-8.65	-4.41
11:30:16.795912	0.22	-9.74	1.07	0.22	-8.84	-4.22	-0.96	-9.38	-2.68	-1.34	-8.65	-4.41
11:30:16.805984	0.23	-9.74	1.07	0.21	-8.870000000000001	-4.17	-0.9500000000000001	-9.41	-2.58	-1.3800000000000001	-8.67	-4.3500000000000005
11:30:16.816067	0.24	-9.74	1.08	0.21	-8.9	-4.1	-0.9500000000000001	-9.43	-2.48	-1.36	-8.73	-4.25
11:30:16.826137	0.24	-9.74	1.09	0.21	-8.94	-4.01	-0.9400000000000001	-9.46	-2.38	-1.37	-8.71	-4.29
11:30:16.836253	0.25	-9.73	1.11	0.22	-8.98	-3.92	-0.92	-9.49	-2.2800000000000002	-1.3900000000000001	-8.64	-4.42
11:30:16.846374	0.27	-9.73	1.12	0.23	-9.02	-3.8200000000000003	-0.89	-9.51	-2.2	-1.3900000000000001	-8.64	-4.42
11:30:16.856654	0.31	-9.73	1.1500000000000001	0.22	-9.06	-3.72	-0.86	-9.53	-2.11	-1.46	-8.46	-4.73
11:30:16.867388	0.32	-9.73	1.16	0.2	-9.1	-3.64	-0.84	-9.55	-2.02	-1.48	-8.4	-4.82
11:30:16.877454	0.34	-9.72	1.18	0.16	-9.13	-3.5700000000000003	-0.8300000000000001	-9.57	-1.93	-1.47	-8.4	-4.83
11:30:16.887526	0.34	-9.72	1.19	0.1	-9.14	-3.52	-0.8200000000000001	-9.59	-1.84	-1.44	-8.41	-4.82
11:30:16.897622	0.35000000000000003	-9.72	1.19	0.03	-9.16	-3.5	-0.8200000000000001	-9.61	-1.76	-1.44	-8.41	-4.82
11:30:16.907741	0.34	-9.72	1.19	-0.03	-9.16	-3.48	-0.81	-9.620000000000001	-1.6600000000000001	-1.41	-8.38	-4.89
11:30:16.917847	0.33	-9.72	1.19	-0.09	-9.17	-3.45	-0.81	-9.64	-1.57	-1.42	-8.32	-4.98
11:30:16.927940	0.32	-9.72	1.18	-0.13	-9.200000000000001	-3.38	-0.81	-9.65	-1.49	-1.42	-8.32	-4.98
11:30:16.938142	0.31	-9.73	1.18	-0.16	-9.22	-3.31	-0.81	-9.67	-1.4000000000000001	-1.48	-8.24	-5.1000000000000005
11:30:16.948708	0.3	-9.73	1.17	-0.18	-9.25	-3.22	-0.81	-9.68	-1.32	-1.5	-8.22	-5.12
11:30:16.958813	0.3	-9.73	1.16	-0.21	-9.32	-3.0300000000000002	-0.8	-9.69	-1.25	-1.49	-8.21	-5.14
11:30:16.968976	0.29	-9.73	1.16	-0.23	-9.34	-2.95	-0.8	-9.700000000000001	-1.18	-1.49	-8.21	-5.14
11:30:16.979573	0.3	-9.73	1.16	-0.25	-9.370000000000001	-2.87	-0.79	-9.71	-1.1	-1.45	-8.15	-5.25
11:30:16.989669	0.3	-9.73	1.16	-0.26	-9.39	-2.7800000000000002	-0.79	-9.71	-1.03	-1.46	-8.1	-5.32
11:30:16.999742	0.3	-9.73	1.16	-0.28	-9.42	-2.7	-0.8	-9.72	-0.97	-1.46	-8.1	-5.32
11:30:17.009867	0.31	-9.73	1.16	-0.3	-9.44	-2.62	-0.8	-9.73	-0.91	-1.47	-8.03	-5.41
11:30:17.019962	0.31	-9.73	1.16	-0.32	-9.46	-2.5500000000000003	-0.81	-9.73	-0.84	-1.47	-8.01	-5.45
11:30:17.030343	0.32	-9.73	1.16	-0.35000000000000003	-9.48	-2.47	-0.8200000000000001	-9.74	-0.77	-1.48	-7.98	-5.49
11:30:17.040762	0.32	-9.73	1.1500000000000001	-0.38	-9.5	-2.39	-0.8200000000000001	-9.74	-0.7000000000000001	-1.48	-7.96	-5.5200000000000005
11:30:17.050859	0.33	-9.73	1.1500000000000001	-0.41000000000000003	-9.52	-2.31	-0.8300000000000001	-9.74	-0.64	-1.47	-7.94	-5.5600000000000005
11:30:17.060977	0.33	-9.73	1.1500000000000001	-0.45	-9.53	-2.23	-0.84	-9.75	-0.5700000000000001	-1.46	-7.890000000000001	-5.63
11:30:17.071515	0.33	-9.73	1.1400000000000001	-0.49	-9.55	-2.14	-0.84	-9.75	-0.5	-1.46	-7.890000000000001	-5.63
11:30:17.081796	0.33	-9.73	1.1400000000000001	-0.54	-9.57	-2.06	-0.84	-9.76	-0.38	-1.45	-7.8500000000000005	-5.69
11:30:17.091920	0.34	-9.73	1.1400000000000001	-0.58	-9.58	-1.98	-0.84	-9.76	-0.32	-1.45	-7.8500000000000005	-5.69
11:30:17.102277	0.32	-9.73	1.09	-0.63	-9.59	-1.9000000000000001	-0.84	-9.76	-0.32	-1.45	-7.8500000000000005	-5.69
11:30:17.112394	0.32	-9.73	1.1	-0.68	-9.61	-1.82	-0.85	-9.76	-0.19	-1.45	-7.79	-5.7700000000000005
11:30:17.122783	0.32	-9.73	1.11	-0.72	-9.620000000000001	-1.75	-0.84	-9.76	-0.13	-1.47	-7.7700000000000005	-5.79
11:30:17.133211	0.33	-9.73	1.12	-0.77	-9.63	-1.67	-0.84	-9.76	-0.07	-1.4000000000000001	-7.76	-5.82
11:30:17.143345	0.33	-9.73	1.1300000000000001	-0.81	-9.63	-1.6	-0.84	-9.77	0.0	-1.4000000000000001	-7.76	-5.82
11:30:17.153476	0.32	-9.73	1.1400000000000001	-0.85	-9.64	-1.53	-0.8300000000000001	-9.77	0.06	-1.4000000000000001	-7.71	-5.88
11:30:17.163818	0.32	-9.73	1.16	-0.89	-9.65	-1.46	-0.8300000000000001	-9.77	0.12	-1.4000000000000001	-7.69	-5.91
11:30:17.174361	0.32	-9.73	1.17	-0.9400000000000001	-9.66	-1.3900000000000001	-0.8300000000000001	-9.76	0.19	-1.4000000000000001	-7.69	-5.91
11:30:17.184526	0.31	-9.72	1.19	-0.98	-9.66	-1.31	-0.8200000000000001	-9.76	0.26	-1.41	-7.63	-5.98
11:30:17.194597	0.3	-9.72	1.21	-1.02	-9.67	-1.24	-0.8200000000000001	-9.76	0.32	-1.41	-7.63	-5.98
11:30:17.204702	0.3	-9.72	1.23	-1.07	-9.67	-1.17	-0.8200000000000001	-9.76	0.39	-1.41	-7.57	-6.0600000000000005
11:30:17.214805	0.29	-9.72	1.24	-1.12	-9.67	-1.11	-0.81	-9.76	0.46	-1.41	-7.57	-6.0600000000000005
11:30:17.224881	0.28	-9.72	1.26	-1.17	-9.67	-1.05	-0.81	-9.75	0.53	-1.43	-7.49	-6.15
11:30:17.234951	0.27	-9.71	1.28	-1.22	-9.67	-0.99	-0.81	-9.75	0.6	-1.43	-7.46	-6.19
11:30:17.245078	0.25	-9.71	1.31	-1.28	-9.67	-0.9400000000000001	-0.81	-9.74	0.68	-1.43	-7.43	-6.23
11:30:17.255673	0.24	-9.71	1.33	-1.34	-9.67	-0.89	-0.81	-9.74	0.75	-1.43	-7.43	-6.23
11:30:17.265825	0.23	-9.71	1.34	-1.3900000000000001	-9.67	-0.84	-0.81	-9.73	0.8200000000000001	-1.43	-7.37	-6.29
11:30:17.275909	0.22	-9.700000000000001	1.35	-1.44	-9.66	-0.78	-0.81	-9.73	0.89	-1.43	-7.33	-6.34
11:30:17.285979	0.22	-9.700000000000001	1.36	-1.5	-9.66	-0.73	-0.8200000000000001	-9.72	0.97	-1.45	-7.2700000000000005	-6.4
11:30:17.296051	0.21	-9.700000000000001	1.37	-1.55	-9.65	-0.68	-0.8200000000000001	-9.71	1.05	-1.51	-7.21	-6.46
11:30:17.306124	0.21	-9.700000000000001	1.3800000000000001	-1.6	-9.65	-0.63	-0.8300000000000001	-9.700000000000001	1.12	-1.53	-7.15	-6.5200000000000005
11:30:17.316242	0.2	-9.700000000000001	1.3900000000000001	-1.6500000000000001	-9.64	-0.59	-0.84	-9.69	1.21	-1.54	-7.08	-6.59
11:30:17.326358	0.2	-9.700000000000001	1.3900000000000001	-1.71	-9.63	-0.56	-0.86	-9.68	1.3	-1.56	-7.0	-6.68
11:30:17.336434	0.2	-9.700000000000001	1.41	-1.76	-9.63	-0.54	-0.88	-9.66	1.3900000000000001	-1.56	-7.0	-6.68
11:30:17.346563	0.21	-9.700000000000001	1.42	-1.8	-9.620000000000001	-0.53	-0.9	-9.64	1.49	-1.6300000000000001	-6.8500000000000005	-6.8100000000000005
11:30:17.356637	0.21	-9.69	1.43	-1.85	-9.61	-0.53	-0.92	-9.63	1.6	-1.68	-6.76	-6.890000000000001
11:30:17.366703	0.22	-9.69	1.43	-1.8900000000000001	-9.6	-0.53	-0.9500000000000001	-9.6	1.71	-1.68	-6.76	-6.890000000000001
11:30:17.376820	0.22	-9.69	1.44	-1.93	-9.59	-0.54	-0.98	-9.58	1.83	-1.77	-6.5600000000000005	-7.0600000000000005
11:30:17.386883	0.22	-9.69	1.44	-1.96	-9.59	-0.55	-1.01	-9.55	1.96	-1.83	-6.45	-7.15
11:30:17.397013	0.22	-9.69	1.45	-1.99	-9.58	-0.56	-1.04	-9.52	2.1	-1.8900000000000001	-6.32	-7.25
11:30:17.407085	0.22	-9.69	1.46	-2.0100000000000002	-9.58	-0.5700000000000001	-1.08	-9.48	2.25	-1.94	-6.18	-7.3500000000000005
11:30:17.417201	0.21	-9.69	1.46	-2.02	-9.57	-0.6	-1.12	-9.44	2.4	-1.99	-6.04	-7.45
11:30:17.427285	0.2	-9.69	1.46	-2.0300000000000002	-9.57	-0.63	-1.16	-9.39	2.5500000000000003	-2.05	-5.9	-7.55
11:30:17.437368	0.17	-9.69	1.45	-2.02	-9.57	-0.68	-1.2	-9.34	2.72	-2.05	-5.9	-7.55
11:30:17.447420	0.16	-9.69	1.43	-2.0100000000000002	-9.56	-0.74	-1.23	-9.28	2.9	-2.05	-5.9	-7.55
11:30:17.457724	0.14	-9.700000000000001	1.42	-1.99	-9.56	-0.81	-1.25	-9.21	3.09	-2.34	-5.37	-7.86
11:30:17.468458	0.15	-9.700000000000001	1.4000000000000001	-1.97	-9.56	-0.91	-1.29	-9.14	3.2800000000000002	-2.42	-5.19	-7.95
11:30:17.478567	0.16	-9.700000000000001	1.3900000000000001	-1.9100000000000001	-9.540000000000001	-1.1500000000000001	-1.34	-9.06	3.48	-2.5300000000000002	-4.98	-8.05
11:30:17.488665	0.17	-9.700000000000001	1.3800000000000001	-1.87	-9.53	-1.3	-1.42	-8.97	3.68	-2.5300000000000002	-4.98	-8.05
11:30:17.499326	0.19	-9.700000000000001	1.3800000000000001	-1.85	-9.51	-1.47	-1.52	-8.88	3.87	-2.5300000000000002	-4.98	-8.05
11:30:17.509398	0.2	-9.700000000000001	1.37	-1.82	-9.49	-1.6600000000000001	-1.6500000000000001	-8.77	4.04	-2.75	-4.25	-8.39
11:30:17.519545	0.21	-9.700000000000001	1.37	-1.77	-9.450000000000001	-1.8900000000000001	-1.95	-8.55	4.37	-2.82	-3.95	-8.51
11:30:17.529669	0.21	-9.700000000000001	1.37	-1.77	-9.450000000000001	-1.8900000000000001	-1.95	-8.55	4.37	-2.81	-3.62	-8.66
11:30:17.539858	0.23	-9.700000000000001	1.36	-1.6	-9.370000000000001	-2.39	-2.05	-8.46	4.5	-2.81	-3.62	-8.66
11:30:17.549945	0.24	-9.700000000000001	1.36	-1.51	-9.32	-2.61	-2.12	-8.38	4.62	-2.81	-3.62	-8.66
11:30:17.560056	0.25	-9.700000000000001	1.36	-1.41	-9.290000000000001	-2.7800000000000002	-2.16	-8.31	4.73	-2.81	-3.62	-8.66
11:30:17.570339	0.25	-9.700000000000001	1.35	-1.31	-9.26	-2.92	-2.19	-8.23	4.84	-3.31	-1.6500000000000001	-9.07
11:30:17.580514	0.24	-9.71	1.34	-1.2	-9.24	-3.0500000000000003	-2.19	-8.09	5.07	-3.69	-1.25	-8.99
11:30:17.590579	0.24	-9.71	1.33	-1.09	-9.21	-3.16	-2.2	-8.03	5.16	-3.96	-1.2	-8.88
11:30:17.600787	0.22	-9.71	1.32	-0.99	-9.18	-3.2800000000000002	-2.2	-8.03	5.16	-3.63	-1.32	-9.01
11:30:17.610942	0.21	-9.71	1.31	-0.9	-9.14	-3.42	-2.22	-7.99	5.22	-3.15	-1.53	-9.15
11:30:17.621484	0.19	-9.71	1.3	-0.81	-9.09	-3.5700000000000003	-2.22	-7.99	5.22	-2.94	-1.78	-9.18
11:30:17.631699	0.17	-9.71	1.3	-0.73	-9.040000000000001	-3.71	-2.17	-8.040000000000001	5.17	-2.88	-1.94	-9.16
11:30:17.641789	0.15	-9.71	1.31	-0.66	-8.98	-3.86	-2.1	-8.1	5.1000000000000005	-2.73	-2.09	-9.17
11:30:17.652490	0.13	-9.71	1.32	-0.59	-8.93	-3.99	-2.0100000000000002	-8.18	5.0	-2.43	-2.33	-9.200000000000001
11:30:17.662569	0.12	-9.71	1.32	-0.53	-8.88	-4.12	-1.9100000000000001	-8.28	4.87	-1.95	-3.08	-9.09
11:30:17.672698	0.11	-9.71	1.33	-0.48	-8.82	-4.24	-1.82	-8.4	4.71	-1.8800000000000001	-3.37	-9.01
11:30:17.683305	0.1	-9.71	1.33	-0.43	-8.77	-4.3500000000000005	-1.76	-8.52	4.51	-1.82	-3.54	-8.950000000000001
11:30:17.693848	0.09	-9.71	1.34	-0.38	-8.71	-4.47	-1.71	-8.65	4.28	-1.73	-3.77	-8.88
11:30:17.704301	0.08	-9.71	1.35	-0.35000000000000003	-8.65	-4.58	-1.6600000000000001	-8.78	4.01	-1.67	-4.1	-8.74
11:30:17.714419	0.07	-9.71	1.35	-0.32	-8.59	-4.7	-1.61	-8.92	3.72	-1.67	-4.1	-8.74
11:30:17.724945	0.05	-9.71	1.36	-0.3	-8.540000000000001	-4.8	-1.56	-9.06	3.41	-1.54	-4.76	-8.43
11:30:17.735258	0.03	-9.700000000000001	1.3800000000000001	-0.28	-8.49	-4.88	-1.51	-9.19	3.06	-1.54	-4.76	-8.43
11:30:17.745384	0.02	-9.700000000000001	1.3900000000000001	-0.26	-8.46	-4.94	-1.46	-9.31	2.69	-1.33	-5.41	-8.06
11:30:17.755458	0.01	-9.700000000000001	1.3900000000000001	-0.22	-8.43	-4.99	-1.42	-9.42	2.3000000000000003	-1.21	-5.71	-7.87
11:30:17.765530	0.0	-9.700000000000001	1.4000000000000001	-0.18	-8.41	-5.03	-1.3800000000000001	-9.52	1.8900000000000001	-1.09	-5.99	-7.68
11:30:17.775598	0.0	-9.700000000000001	1.4000000000000001	-0.14	-8.38	-5.07	-1.33	-9.6	1.47	-0.97	-6.2700000000000005	-7.47
11:30:17.785671	-0.01	-9.700000000000001	1.4000000000000001	-0.09	-8.36	-5.11	-1.27	-9.66	1.05	-0.86	-6.55	-7.24
11:30:17.795759	-0.02	-9.700000000000001	1.4000000000000001	-0.04	-8.34	-5.15	-1.2	-9.71	0.63	-0.77	-6.82	-6.99
11:30:17.805830	-0.03	-9.700000000000001	1.41	0.01	-8.32	-5.17	-1.1400000000000001	-9.73	0.21	-0.7000000000000001	-7.09	-6.73
11:30:17.815903	-0.05	-9.700000000000001	1.41	0.07	-8.31	-5.19	-1.07	-9.74	-0.2	-0.66	-7.33	-6.46
11:30:17.825969	-0.07	-9.700000000000001	1.4000000000000001	0.14	-8.31	-5.2	-1.01	-9.73	-0.62	-0.65	-7.58	-6.18
11:30:17.836057	-0.09	-9.700000000000001	1.4000000000000001	0.21	-8.3	-5.2	-0.9500000000000001	-9.700000000000001	-1.02	-0.63	-7.8100000000000005	-5.89
11:30:17.846124	-0.12	-9.700000000000001	1.4000000000000001	0.26	-8.31	-5.19	-0.9	-9.65	-1.42	-0.62	-8.02	-5.59
11:30:17.856194	-0.14	-9.700000000000001	1.3900000000000001	0.31	-8.32	-5.18	-0.85	-9.59	-1.81	-0.62	-8.23	-5.29
11:30:17.866267	-0.17	-9.700000000000001	1.3800000000000001	0.35000000000000003	-8.33	-5.15	-0.81	-9.52	-2.17	-0.62	-8.41	-5.0
11:30:17.876375	-0.2	-9.700000000000001	1.3800000000000001	0.39	-8.35	-5.12	-0.78	-9.44	-2.52	-0.62	-8.57	-4.71
11:30:17.886454	-0.23	-9.700000000000001	1.37	0.42	-8.370000000000001	-5.08	-0.76	-9.35	-2.83	-0.61	-8.73	-4.41
11:30:17.896525	-0.26	-9.700000000000001	1.37	0.45	-8.39	-5.04	-0.75	-9.26	-3.12	-0.59	-8.88	-4.11
11:30:17.906603	-0.29	-9.700000000000001	1.37	0.47000000000000003	-8.42	-5.0	-0.75	-9.16	-3.39	-0.58	-9.01	-3.8200000000000003
11:30:17.916669	-0.32	-9.700000000000001	1.37	0.47000000000000003	-8.44	-4.95	-0.76	-9.07	-3.63	-0.56	-9.11	-3.56
11:30:17.926743	-0.36	-9.700000000000001	1.37	0.47000000000000003	-8.46	-4.92	-0.78	-8.98	-3.85	-0.55	-9.200000000000001	-3.34
11:30:17.936820	-0.39	-9.700000000000001	1.37	0.47000000000000003	-8.48	-4.89	-0.79	-8.89	-4.04	-0.54	-9.28	-3.12
11:30:17.946928	-0.41000000000000003	-9.700000000000001	1.36	0.45	-8.49	-4.87	-0.81	-8.82	-4.2	-0.54	-9.33	-2.95
11:30:17.956993	-0.43	-9.700000000000001	1.36	0.43	-8.5	-4.86	-0.8200000000000001	-8.75	-4.33	-0.54	-9.370000000000001	-2.82
11:30:17.967091	-0.45	-9.700000000000001	1.36	0.4	-8.51	-4.8500000000000005	-0.8300000000000001	-8.700000000000001	-4.44	-0.55	-9.4	-2.71
11:30:17.977196	-0.45	-9.700000000000001	1.35	0.38	-8.51	-4.84	-0.84	-8.66	-4.5200000000000005	-0.56	-9.42	-2.63
11:30:17.987293	-0.46	-9.700000000000001	1.35	0.36	-8.52	-4.83	-0.85	-8.63	-4.57	-0.5700000000000001	-9.43	-2.59
11:30:17.997455	-0.46	-9.700000000000001	1.34	0.34	-8.52	-4.83	-0.85	-8.620000000000001	-4.59	-0.58	-9.44	-2.58
11:30:18.008118	-0.47000000000000003	-9.700000000000001	1.34	0.33	-8.52	-4.84	-0.85	-8.620000000000001	-4.59	-0.59	-9.43	-2.59
11:30:18.018213	-0.47000000000000003	-9.700000000000001	1.34	0.32	-8.51	-4.8500000000000005	-0.85	-8.63	-4.5600000000000005	-0.6	-9.42	-2.63
11:30:18.028288	-0.47000000000000003	-9.700000000000001	1.33	0.32	-8.5	-4.86	-0.86	-8.66	-4.51	-0.6	-9.41	-2.66
11:30:18.038399	-0.47000000000000003	-9.700000000000001	1.33	0.33	-8.5	-4.87	-0.87	-8.69	-4.44	-0.59	-9.39	-2.74
11:30:18.048599	-0.47000000000000003	-9.700000000000001	1.33	0.33	-8.5	-4.87	-0.88	-8.74	-4.3500000000000005	-0.5700000000000001	-9.35	-2.87
11:30:18.059325	-0.47000000000000003	-9.700000000000001	1.33	0.33	-8.51	-4.8500000000000005	-0.89	-8.790000000000001	-4.24	-0.53	-9.3	-3.04
11:30:18.069424	-0.48	-9.700000000000001	1.33	0.32	-8.53	-4.82	-0.91	-8.91	-3.97	-0.48	-9.24	-3.22
11:30:18.079548	-0.48	-9.700000000000001	1.33	0.31	-8.55	-4.7700000000000005	-0.89	-8.97	-3.86	-0.43	-9.22	-3.3000000000000003
11:30:18.090232	-0.48	-9.700000000000001	1.34	0.3	-8.59	-4.71	-0.88	-9.0	-3.7800000000000002	-0.37	-9.26	-3.19
11:30:18.100344	-0.48	-9.700000000000001	1.35	0.29	-8.620000000000001	-4.65	-0.9500000000000001	-9.02	-3.71	-0.23	-9.25	-3.23
11:30:18.110533	-0.48	-9.69	1.36	0.28	-8.64	-4.62	-1.04	-9.05	-3.6	-0.26	-9.18	-3.41
11:30:18.120940	-0.48	-9.69	1.37	0.28	-8.65	-4.6000000000000005	-1.1300000000000001	-9.1	-3.46	-0.44	-9.120000000000001	-3.5700000000000003
11:30:18.131104	-0.48	-9.69	1.3800000000000001	0.27	-8.65	-4.59	-1.18	-9.14	-3.33	-0.6	-9.02	-3.7800000000000002
11:30:18.141219	-0.47000000000000003	-9.69	1.3800000000000001	0.27	-8.65	-4.59	-1.21	-9.18	-3.22	-0.74	-8.89	-4.05
11:30:18.151306	-0.46	-9.69	1.3800000000000001	0.27	-8.65	-4.6000000000000005	-1.21	-9.21	-3.11	-1.05	-8.68	-4.42
11:30:18.161389	-0.44	-9.69	1.37	0.25	-8.66	-4.58	-1.2	-9.25	-3.02	-1.05	-8.68	-4.42
11:30:18.171670	-0.43	-9.69	1.37	0.23	-8.68	-4.53	-1.19	-9.28	-2.93	-1.2	-8.65	-4.44
11:30:18.182355	-0.42	-9.700000000000001	1.37	0.2	-8.72	-4.47	-1.17	-9.31	-2.84	-1.21	-8.71	-4.33
11:30:18.192503	-0.41000000000000003	-9.700000000000001	1.37	0.18	-8.76	-4.4	-1.16	-9.33	-2.75	-1.22	-8.700000000000001	-4.3500000000000005
11:30:18.202624	-0.39	-9.700000000000001	1.3800000000000001	0.17	-8.8	-4.3100000000000005	-1.1500000000000001	-9.36	-2.65	-1.24	-8.63	-4.48
11:30:18.213368	-0.36	-9.700000000000001	1.3900000000000001	0.18	-8.84	-4.22	-1.1300000000000001	-9.39	-2.56	-1.26	-8.540000000000001	-4.64
11:30:18.223867	-0.33	-9.700000000000001	1.4000000000000001	0.18	-8.89	-4.11	-1.11	-9.42	-2.48	-1.29	-8.43	-4.82
11:30:18.234287	-0.29	-9.69	1.41	0.15	-8.94	-4.01	-1.08	-9.44	-2.4	-1.3	-8.370000000000001	-4.93
11:30:18.244400	-0.22	-9.69	1.42	0.1	-8.98	-3.92	-1.07	-9.46	-2.32	-1.31	-8.370000000000001	-4.92
11:30:18.254518	-0.2	-9.69	1.43	0.01	-9.01	-3.86	-1.07	-9.48	-2.23	-1.33	-8.4	-4.87
11:30:18.264645	-0.19	-9.69	1.43	-0.07	-9.03	-3.81	-1.07	-9.5	-2.15	-1.33	-8.42	-4.84
11:30:18.274768	-0.19	-9.69	1.43	-0.16	-9.040000000000001	-3.7800000000000002	-1.08	-9.52	-2.07	-1.35	-8.4	-4.87
11:30:18.285337	-0.2	-9.69	1.43	-0.24	-9.06	-3.74	-1.08	-9.540000000000001	-1.98	-1.3900000000000001	-8.34	-4.95
11:30:18.295414	-0.21	-9.69	1.43	-0.3	-9.08	-3.67	-1.09	-9.55	-1.8900000000000001	-1.43	-8.290000000000001	-5.03
11:30:18.305504	-0.22	-9.69	1.42	-0.34	-9.11	-3.59	-1.1	-9.57	-1.81	-1.45	-8.25	-5.08
11:30:18.315534	-0.23	-9.700000000000001	1.42	-0.35000000000000003	-9.17	-3.43	-1.11	-9.58	-1.73	-1.46	-8.24	-5.1000000000000005
11:30:18.325607	-0.24	-9.700000000000001	1.41	-0.37	-9.23	-3.27	-1.11	-9.6	-1.6500000000000001	-1.45	-8.23	-5.11
11:30:18.335680	-0.24	-9.700000000000001	1.41	-0.38	-9.27	-3.14	-1.1	-9.61	-1.59	-1.42	-8.22	-5.14
11:30:18.345764	-0.24	-9.700000000000001	1.41	-0.37	-9.33	-2.96	-1.09	-9.620000000000001	-1.53	-1.4000000000000001	-8.19	-5.19
11:30:18.355834	-0.24	-9.700000000000001	1.42	-0.37	-9.4	-2.7600000000000002	-1.08	-9.63	-1.47	-1.3900000000000001	-8.15	-5.26
11:30:18.365907	-0.24	-9.69	1.42	-0.37	-9.44	-2.61	-1.07	-9.64	-1.41	-1.4000000000000001	-8.120000000000001	-5.3100000000000005
11:30:18.376022	-0.24	-9.69	1.42	-0.38	-9.47	-2.48	-1.07	-9.65	-1.36	-1.41	-8.09	-5.3500000000000005
11:30:18.386091	-0.23	-9.69	1.43	-0.4	-9.5	-2.37	-1.07	-9.65	-1.3	-1.42	-8.06	-5.38
11:30:18.396173	-0.23	-9.69	1.43	-0.44	-9.52	-2.2800000000000002	-1.07	-9.66	-1.24	-1.43	-8.040000000000001	-5.41
11:30:18.406246	-0.22	-9.69	1.44	-0.48	-9.540000000000001	-2.2	-1.07	-9.67	-1.18	-1.44	-8.02	-5.44
11:30:18.416318	-0.22	-9.69	1.44	-0.52	-9.55	-2.14	-1.07	-9.68	-1.11	-1.45	-8.0	-5.47
11:30:18.426387	-0.21	-9.69	1.45	-0.5700000000000001	-9.56	-2.06	-1.07	-9.69	-1.05	-1.46	-7.97	-5.51
11:30:18.436510	-0.21	-9.69	1.46	-0.61	-9.58	-1.96	-1.07	-9.69	-0.99	-1.47	-7.930000000000001	-5.5600000000000005
11:30:18.446592	-0.21	-9.69	1.47	-0.65	-9.61	-1.83	-1.06	-9.700000000000001	-0.92	-1.48	-7.9	-5.61
11:30:18.456665	-0.22	-9.69	1.48	-0.68	-9.63	-1.68	-1.06	-9.71	-0.85	-1.49	-7.87	-5.65
11:30:18.466772	-0.22	-9.68	1.49	-0.71	-9.65	-1.53	-1.06	-9.71	-0.78	-1.5	-7.83	-5.7
11:30:18.476891	-0.23	-9.68	1.51	-0.74	-9.67	-1.41	-1.07	-9.72	-0.71	-1.5	-7.8	-5.74
11:30:18.486958	-0.24	-9.68	1.53	-0.77	-9.68	-1.3	-1.07	-9.72	-0.65	-1.5	-7.7700000000000005	-5.78
11:30:18.497200	-0.25	-9.67	1.55	-0.8	-9.69	-1.24	-1.07	-9.72	-0.58	-1.5	-7.74	-5.82
11:30:18.507299	-0.26	-9.67	1.58	-0.8300000000000001	-9.69	-1.19	-1.07	-9.73	-0.51	-1.51	-7.7	-5.87
11:30:18.517866	-0.27	-9.67	1.6	-0.86	-9.69	-1.16	-1.07	-9.73	-0.44	-1.51	-7.67	-5.91
11:30:18.527943	-0.28	-9.66	1.62	-0.89	-9.69	-1.1300000000000001	-1.07	-9.73	-0.37	-1.52	-7.640000000000001	-5.95
11:30:18.538016	-0.29	-9.66	1.6500000000000001	-0.93	-9.69	-1.1	-1.07	-9.74	-0.3	-1.53	-7.59	-6.0
11:30:18.548139	-0.3	-9.65	1.67	-0.97	-9.700000000000001	-1.06	-1.07	-9.74	-0.3	-1.55	-7.55	-6.0600000000000005
11:30:18.558229	-0.32	-9.65	1.7	-1.02	-9.69	-1.01	-1.07	-9.74	-0.14	-1.57	-7.5200000000000005	-6.09
11:30:18.568336	-0.33	-9.64	1.72	-1.06	-9.69	-0.99	-1.07	-9.74	-0.06	-1.58	-7.48	-6.13
11:30:18.578407	-0.34	-9.64	1.74	-1.11	-9.69	-0.98	-1.07	-9.74	0.01	-1.58	-7.44	-6.18
11:30:18.588534	-0.36	-9.63	1.76	-1.1500000000000001	-9.68	-0.98	-1.07	-9.74	0.1	-1.57	-7.390000000000001	-6.24
11:30:18.598610	-0.37	-9.63	1.78	-1.2	-9.68	-0.98	-1.07	-9.74	0.19	-1.57	-7.36	-6.2700000000000005
11:30:18.608684	-0.38	-9.63	1.8	-1.24	-9.67	-0.99	-1.08	-9.73	0.37	-1.57	-7.33	-6.32
11:30:18.618792	-0.39	-9.620000000000001	1.81	-1.28	-9.66	-1.01	-1.08	-9.73	0.47000000000000003	-1.56	-7.28	-6.37
11:30:18.628894	-0.41000000000000003	-9.620000000000001	1.82	-1.34	-9.65	-1.02	-1.09	-9.72	0.5700000000000001	-1.56	-7.24	-6.42
11:30:18.639000	-0.42	-9.620000000000001	1.83	-1.37	-9.65	-1.03	-1.1	-9.72	0.66	-1.56	-7.2	-6.45
11:30:18.649164	-0.43	-9.620000000000001	1.84	-1.3800000000000001	-9.65	-1.03	-1.11	-9.71	0.76	-1.56	-7.16	-6.51
11:30:18.659451	-0.44	-9.620000000000001	1.85	-1.3800000000000001	-9.65	-1.03	-1.12	-9.700000000000001	0.86	-1.56	-7.1000000000000005	-6.57
11:30:18.669556	-0.44	-9.61	1.85	-1.3900000000000001	-9.65	-1.0	-1.1400000000000001	-9.69	0.97	-1.59	-7.0200000000000005	-6.65
11:30:18.679685	-0.45	-9.61	1.86	-1.41	-9.65	-1.0	-1.16	-9.67	1.07	-1.62	-6.96	-6.71
11:30:18.689758	-0.45	-9.61	1.87	-1.42	-9.64	-1.0	-1.17	-9.66	1.17	-1.6300000000000001	-6.88	-6.79
11:30:18.700447	-0.46	-9.61	1.87	-1.43	-9.65	-0.98	-1.2	-9.64	1.29	-1.6600000000000001	-6.79	-6.86
11:30:18.710548	-0.46	-9.61	1.8800000000000001	-1.44	-9.65	-0.97	-1.22	-9.620000000000001	1.4000000000000001	-1.69	-6.71	-6.94
11:30:18.720619	-0.47000000000000003	-9.61	1.8800000000000001	-1.46	-9.64	-0.99	-1.25	-9.6	1.52	-1.74	-6.62	-7.01
11:30:18.730738	-0.47000000000000003	-9.61	1.8800000000000001	-1.48	-9.64	-1.0	-1.28	-9.58	1.6400000000000001	-1.78	-6.53	-7.09
11:30:18.741371	-0.47000000000000003	-9.61	1.8800000000000001	-1.5	-9.63	-1.0	-1.32	-9.55	1.77	-1.82	-6.42	-7.18
11:30:18.751471	-0.48	-9.61	1.8800000000000001	-1.52	-9.63	-1.02	-1.36	-9.52	1.9100000000000001	-1.87	-6.3100000000000005	-7.26
11:30:18.761569	-0.49	-9.61	1.86	-1.53	-9.620000000000001	-1.04	-1.4000000000000001	-9.48	2.05	-1.92	-6.19	-7.3500000000000005
11:30:18.771639	-0.5	-9.61	1.84	-1.53	-9.620000000000001	-1.06	-1.45	-9.44	2.2	-2.09	-5.9	-7.54
11:30:18.781770	-0.51	-9.620000000000001	1.82	-1.52	-9.620000000000001	-1.08	-1.49	-9.39	2.37	-2.09	-5.9	-7.54
11:30:18.792370	-0.52	-9.620000000000001	1.8	-1.5	-9.620000000000001	-1.11	-1.53	-9.34	2.54	-2.22	-5.58	-7.74
11:30:18.802451	-0.52	-9.620000000000001	1.79	-1.49	-9.620000000000001	-1.1400000000000001	-1.57	-9.28	2.72	-2.34	-5.38	-7.8500000000000005
11:30:18.812523	-0.51	-9.620000000000001	1.78	-1.46	-9.620000000000001	-1.18	-1.61	-9.22	2.91	-2.46	-5.17	-7.95
11:30:18.822612	-0.49	-9.63	1.78	-1.44	-9.61	-1.24	-1.6600000000000001	-9.15	3.1	-2.56	-4.95	-8.06
11:30:18.832714	-0.47000000000000003	-9.63	1.77	-1.42	-9.61	-1.32	-1.73	-9.07	3.29	-2.64	-4.71	-8.17
11:30:18.842796	-0.46	-9.63	1.78	-1.41	-9.59	-1.43	-1.81	-8.98	3.47	-2.74	-4.46	-8.28
11:30:18.852893	-0.46	-9.63	1.78	-1.41	-9.57	-1.59	-1.92	-8.89	3.65	-2.86	-4.19	-8.39
11:30:18.862968	-0.46	-9.63	1.77	-1.41	-9.540000000000001	-1.77	-2.05	-8.790000000000001	3.81	-2.94	-3.9	-8.5
11:30:18.873239	-0.46	-9.63	1.77	-1.4000000000000001	-9.5	-1.97	-2.17	-8.69	3.98	-2.97	-3.59	-8.620000000000001
11:30:18.883884	-0.45	-9.63	1.77	-1.3900000000000001	-9.450000000000001	-2.19	-2.27	-8.59	4.12	-3.0700000000000003	-3.23	-8.73
11:30:18.894004	-0.44	-9.63	1.76	-1.3800000000000001	-9.4	-2.42	-2.34	-8.51	4.25	-3.24	-2.79	-8.82
11:30:18.904525	-0.42	-9.63	1.75	-1.35	-9.34	-2.64	-2.38	-8.45	4.36	-3.36	-2.2600000000000002	-8.92
11:30:18.914672	-0.4	-9.64	1.74	-1.31	-9.28	-2.86	-2.4	-8.38	4.48	-3.7	-1.82	-8.89
11:30:18.924777	-0.39	-9.64	1.74	-1.26	-9.22	-3.06	-2.4	-8.31	4.61	-4.23	-1.6300000000000001	-8.69
11:30:18.934866	-0.39	-9.64	1.73	-1.22	-9.17	-3.24	-2.4	-8.24	4.72	-4.26	-1.73	-8.65
11:30:18.944943	-0.39	-9.64	1.73	-1.19	-9.120000000000001	-3.39	-2.39	-8.19	4.82	-3.7600000000000002	-1.86	-8.86
11:30:18.955065	-0.4	-9.64	1.72	-1.18	-9.07	-3.5100000000000002	-2.39	-8.15	4.88	-3.42	-2.0100000000000002	-8.96
11:30:18.965188	-0.41000000000000003	-9.64	1.72	-1.17	-9.03	-3.61	-2.37	-8.14	4.91	-3.41	-2.15	-8.93
11:30:18.975287	-0.41000000000000003	-9.64	1.72	-1.16	-9.0	-3.71	-2.35	-8.15	4.91	-3.35	-2.3000000000000003	-8.92
11:30:18.985368	-0.42	-9.64	1.73	-1.16	-8.96	-3.79	-2.32	-8.18	4.87	-3.0500000000000003	-2.5100000000000002	-8.97
11:30:18.995430	-0.41000000000000003	-9.64	1.74	-1.16	-8.93	-3.87	-2.27	-8.23	4.82	-2.69	-2.81	-8.99
11:30:19.005550	-0.41000000000000003	-9.63	1.75	-1.16	-8.89	-3.95	-2.19	-8.3	4.73	-2.41	-3.16	-8.96
11:30:19.015637	-0.4	-9.63	1.76	-1.16	-8.86	-4.03	-2.09	-8.39	4.62	-2.22	-3.44	-8.9
11:30:19.026326	-0.39	-9.63	1.77	-1.16	-8.82	-4.1	-2.0	-8.49	4.47	-2.08	-3.62	-8.870000000000001
11:30:19.036395	-0.38	-9.63	1.78	-1.1500000000000001	-8.790000000000001	-4.17	-1.92	-8.6	4.29	-1.94	-3.8200000000000003	-8.82
11:30:19.046465	-0.38	-9.63	1.79	-1.1400000000000001	-8.76	-4.25	-1.87	-8.72	4.07	-1.79	-4.08	-8.73
11:30:19.056567	-0.37	-9.63	1.8	-1.1400000000000001	-8.72	-4.32	-1.82	-8.84	3.8200000000000003	-1.6600000000000001	-4.3500000000000005	-8.63
11:30:19.066661	-0.36	-9.63	1.81	-1.1500000000000001	-8.69	-4.39	-1.79	-8.96	3.5500000000000003	-1.54	-4.64	-8.49
11:30:19.076748	-0.36	-9.620000000000001	1.82	-1.16	-8.65	-4.46	-1.76	-9.08	3.25	-1.44	-4.96	-8.33
11:30:19.086817	-0.35000000000000003	-9.620000000000001	1.83	-1.18	-8.620000000000001	-4.5200000000000005	-1.73	-9.19	2.92	-1.32	-5.26	-8.16
11:30:19.096891	-0.35000000000000003	-9.620000000000001	1.83	-1.19	-8.58	-4.57	-1.7	-9.3	2.58	-1.32	-5.26	-8.16
11:30:19.107377	-0.34	-9.620000000000001	1.84	-1.22	-8.55	-4.62	-1.67	-9.4	2.21	-1.11	-5.82	-7.8
11:30:19.117814	-0.33	-9.620000000000001	1.85	-1.24	-8.53	-4.67	-1.6400000000000001	-9.49	1.84	-1.01	-6.1000000000000005	-7.61
11:30:19.127936	-0.33	-9.620000000000001	1.85	-1.25	-8.5	-4.71	-1.6	-9.56	1.46	-0.92	-6.37	-7.390000000000001
11:30:19.138052	-0.32	-9.620000000000001	1.86	-1.26	-8.48	-4.75	-1.55	-9.620000000000001	1.08	-0.84	-6.65	-7.15
11:30:19.148123	-0.32	-9.620000000000001	1.86	-1.25	-8.46	-4.79	-1.51	-9.66	0.7000000000000001	-0.78	-6.91	-6.91
11:30:19.158203	-0.32	-9.620000000000001	1.86	-1.24	-8.44	-4.82	-1.47	-9.68	0.31	-0.74	-7.16	-6.65
11:30:19.168325	-0.32	-9.620000000000001	1.86	-1.22	-8.43	-4.8500000000000005	-1.4000000000000001	-9.69	-0.47000000000000003	-0.71	-7.390000000000001	-6.390000000000001
11:30:19.178392	-0.33	-9.620000000000001	1.85	-1.2	-8.42	-4.88	-1.36	-9.67	-0.86	-0.7000000000000001	-7.62	-6.12
11:30:19.188484	-0.34	-9.620000000000001	1.85	-1.17	-8.41	-4.89	-1.36	-9.67	-0.86	-0.7000000000000001	-7.83	-5.8500000000000005
11:30:19.198658	-0.35000000000000003	-9.620000000000001	1.84	-1.1400000000000001	-8.41	-4.91	-1.36	-9.67	-0.86	-0.7000000000000001	-8.040000000000001	-5.5600000000000005
11:30:19.209024	-0.36	-9.620000000000001	1.84	-1.12	-8.4	-4.91	-1.25	-9.51	-2.0	-0.7000000000000001	-8.23	-5.2700000000000005
11:30:19.219120	-0.38	-9.620000000000001	1.83	-1.08	-8.41	-4.92	-1.21	-9.43	-2.36	-0.6900000000000001	-8.42	-4.97
11:30:19.229221	-0.4	-9.620000000000001	1.83	-1.08	-8.41	-4.92	-1.18	-9.35	-2.7	-0.67	-8.59	-4.67
11:30:19.239337	-0.42	-9.620000000000001	1.82	-1.06	-8.41	-4.91	-1.1500000000000001	-9.25	-3.02	-0.64	-8.75	-4.37
11:30:19.249990	-0.44	-9.620000000000001	1.82	-1.05	-8.42	-4.9	-1.1300000000000001	-9.15	-3.33	-0.61	-8.89	-4.07
11:30:19.260097	-0.47000000000000003	-9.620000000000001	1.82	-1.04	-8.42	-4.9	-1.11	-9.040000000000001	-3.61	-0.59	-9.02	-3.8000000000000003
11:30:19.270160	-0.49	-9.620000000000001	1.81	-1.03	-8.43	-4.89	-1.11	-8.94	-3.86	-0.5700000000000001	-9.120000000000001	-3.54
11:30:19.280807	-0.51	-9.620000000000001	1.81	-1.03	-8.43	-4.88	-1.12	-8.84	-4.08	-0.56	-9.21	-3.31
11:30:19.291099	-0.54	-9.620000000000001	1.8	-1.03	-8.44	-4.87	-1.1300000000000001	-8.75	-4.26	-0.56	-9.33	-2.94
11:30:19.301231	-0.56	-9.620000000000001	1.79	-1.04	-8.44	-4.87	-1.1500000000000001	-8.67	-4.41	-0.56	-9.38	-2.7800000000000002
11:30:19.311358	-0.58	-9.620000000000001	1.78	-1.04	-8.44	-4.87	-1.18	-8.61	-4.5200000000000005	-0.5700000000000001	-9.42	-2.66
11:30:19.321727	-0.6	-9.620000000000001	1.76	-1.05	-8.44	-4.88	-1.19	-8.57	-4.6000000000000005	-0.58	-9.44	-2.57
11:30:19.331910	-0.62	-9.620000000000001	1.75	-1.05	-8.43	-4.88	-1.21	-8.540000000000001	-4.64	-0.59	-9.450000000000001	-2.5100000000000002
11:30:19.342457	-0.64	-9.620000000000001	1.74	-1.04	-8.43	-4.89	-1.23	-8.540000000000001	-4.65	-0.59	-9.46	-2.5100000000000002
11:30:19.352845	-0.65	-9.63	1.72	-1.03	-8.42	-4.9	-1.24	-8.56	-4.61	-0.59	-9.450000000000001	-2.54
11:30:19.362949	-0.67	-9.63	1.71	-1.02	-8.42	-4.91	-1.25	-8.59	-4.55	-0.6	-9.44	-2.57
11:30:19.373503	-0.68	-9.63	1.69	-1.01	-8.41	-4.92	-1.25	-8.64	-4.46	-0.6	-9.41	-2.66
11:30:19.383575	-0.6900000000000001	-9.63	1.67	-1.0	-8.41	-4.93	-1.26	-8.700000000000001	-4.34	-0.6	-9.36	-2.83
11:30:19.393647	-0.6900000000000001	-9.63	1.6600000000000001	-0.99	-8.41	-4.93	-1.26	-8.77	-4.19	-0.58	-9.31	-3.0
11:30:19.403938	-0.6900000000000001	-9.64	1.6400000000000001	-0.98	-8.41	-4.93	-1.26	-8.84	-4.03	-0.56	-9.26	-3.16
11:30:19.414019	-0.6900000000000001	-9.64	1.6300000000000001	-0.98	-8.41	-4.93	-1.24	-8.92	-3.87	-0.56	-9.27	-3.14
11:30:19.424087	-0.6900000000000001	-9.64	1.62	-0.99	-8.42	-4.91	-1.2	-8.97	-3.77	-0.4	-9.25	-3.22
11:30:19.434249	-0.6900000000000001	-9.64	1.62	-1.01	-8.44	-4.88	-1.23	-9.0	-3.67	-0.32	-9.15	-3.49
11:30:19.444323	-0.7000000000000001	-9.64	1.6300000000000001	-1.01	-8.47	-4.82	-1.31	-9.05	-3.5300000000000002	-0.51	-9.07	-3.68
11:30:19.454400	-0.71	-9.64	1.6300000000000001	-1.0	-8.51	-4.75	-1.3800000000000001	-9.1	-3.37	-0.72	-8.98	-3.87
11:30:19.464786	-0.72	-9.64	1.6400000000000001	-0.97	-8.55	-4.68	-1.44	-9.15	-3.21	-0.87	-8.84	-4.14
11:30:19.474853	-0.72	-9.64	1.6400000000000001	-0.9400000000000001	-8.59	-4.63	-1.46	-9.19	-3.0700000000000003	-1.05	-8.67	-4.44
11:30:19.484927	-0.71	-9.64	1.6300000000000001	-0.91	-8.61	-4.59	-1.47	-9.23	-2.94	-1.23	-8.55	-4.62
11:30:19.495005	-0.71	-9.64	1.6300000000000001	-0.9	-8.63	-4.55	-1.47	-9.27	-2.81	-1.35	-8.5	-4.68
11:30:19.505079	-0.71	-9.64	1.6300000000000001	-0.9	-8.64	-4.53	-1.46	-9.31	-2.68	-1.41	-8.49	-4.68
11:30:19.515157	-0.7000000000000001	-9.64	1.6400000000000001	-0.9	-8.66	-4.49	-1.47	-9.35	-2.5500000000000003	-1.42	-8.53	-4.62
11:30:19.525222	-0.6900000000000001	-9.64	1.6500000000000001	-0.88	-8.68	-4.46	-1.48	-9.38	-2.42	-1.3900000000000001	-8.57	-4.54
11:30:19.535300	-0.66	-9.64	1.6600000000000001	-0.8300000000000001	-8.71	-4.41	-1.49	-9.41	-2.3000000000000003	-1.3900000000000001	-8.58	-4.5200000000000005
11:30:19.545401	-0.61	-9.64	1.67	-0.76	-8.74	-4.37	-1.48	-9.44	-2.19	-1.4000000000000001	-8.540000000000001	-4.6000000000000005
11:30:19.555475	-0.56	-9.64	1.68	-0.67	-8.77	-4.3100000000000005	-1.45	-9.46	-2.09	-1.42	-8.47	-4.71
11:30:19.565552	-0.51	-9.64	1.69	-0.5700000000000001	-8.81	-4.26	-1.41	-9.49	-2.0100000000000002	-1.47	-8.39	-4.8500000000000005
11:30:19.575625	-0.46	-9.64	1.7	-0.49	-8.84	-4.2	-1.3900000000000001	-9.51	-1.93	-1.52	-8.32	-4.94
11:30:19.585693	-0.42	-9.64	1.71	-0.45	-8.870000000000001	-4.14	-1.3800000000000001	-9.53	-1.84	-1.54	-8.290000000000001	-4.99
11:30:19.595809	-0.39	-9.64	1.71	-0.43	-8.9	-4.08	-1.3800000000000001	-9.540000000000001	-1.76	-1.54	-8.290000000000001	-4.99
11:30:19.605925	-0.38	-9.64	1.72	-0.43	-8.93	-4.01	-1.3900000000000001	-9.56	-1.6600000000000001	-1.61	-8.27	-5.01
11:30:19.616001	-0.38	-9.64	1.72	-0.45	-8.97	-3.93	-1.3900000000000001	-9.57	-1.56	-1.6300000000000001	-8.23	-5.0600000000000005
11:30:19.626090	-0.39	-9.64	1.72	-0.47000000000000003	-9.01	-3.83	-1.4000000000000001	-9.59	-1.47	-1.6400000000000001	-8.19	-5.12
11:30:19.636205	-0.4	-9.64	1.72	-0.49	-9.05	-3.72	-1.4000000000000001	-9.6	-1.3800000000000001	-1.6600000000000001	-8.17	-5.15
11:30:19.646273	-0.41000000000000003	-9.64	1.72	-0.52	-9.1	-3.6	-1.4000000000000001	-9.61	-1.3	-1.67	-8.16	-5.16
11:30:19.656349	-0.42	-9.64	1.72	-0.54	-9.14	-3.49	-1.3900000000000001	-9.620000000000001	-1.23	-1.6600000000000001	-8.16	-5.17
11:30:19.666488	-0.42	-9.64	1.72	-0.56	-9.18	-3.38	-1.37	-9.63	-1.18	-1.6600000000000001	-8.15	-5.18
11:30:19.676648	-0.41000000000000003	-9.64	1.72	-0.58	-9.22	-3.27	-1.36	-9.64	-1.1300000000000001	-1.6500000000000001	-8.11	-5.24
11:30:19.686720	-0.41000000000000003	-9.64	1.72	-0.58	-9.26	-3.17	-1.36	-9.65	-1.08	-1.6300000000000001	-8.06	-5.33
11:30:19.696796	-0.4	-9.64	1.72	-0.58	-9.290000000000001	-3.08	-1.35	-9.65	-1.03	-1.6300000000000001	-8.01	-5.41
11:30:19.707359	-0.39	-9.64	1.73	-0.58	-9.31	-2.99	-1.35	-9.66	-0.98	-1.6400000000000001	-7.98	-5.45
11:30:19.717460	-0.37	-9.64	1.73	-0.58	-9.34	-2.91	-1.35	-9.66	-0.91	-1.6600000000000001	-7.95	-5.48
11:30:19.727586	-0.36	-9.64	1.73	-0.58	-9.36	-2.83	-1.35	-9.67	-0.85	-1.68	-7.94	-5.49
11:30:19.737751	-0.35000000000000003	-9.64	1.73	-0.59	-9.39	-2.7600000000000002	-1.35	-9.68	-0.78	-1.69	-7.92	-5.5200000000000005
11:30:19.748353	-0.33	-9.64	1.73	-0.59	-9.4	-2.69	-1.34	-9.68	-0.73	-1.7	-7.9	-5.54
11:30:19.758494	-0.32	-9.64	1.74	-0.6	-9.42	-2.63	-1.32	-9.69	-0.62	-1.7	-7.88	-5.57
11:30:19.768870	-0.32	-9.64	1.74	-0.6	-9.44	-2.57	-1.32	-9.69	-0.62	-1.7	-7.84	-5.62
11:30:19.779306	-0.3	-9.64	1.74	-0.61	-9.450000000000001	-2.5100000000000002	-1.31	-9.700000000000001	-0.52	-1.69	-7.8100000000000005	-5.68
11:30:19.789428	-0.3	-9.64	1.75	-0.62	-9.47	-2.44	-1.31	-9.700000000000001	-0.47000000000000003	-1.69	-7.78	-5.72
11:30:19.799549	-0.29	-9.64	1.76	-0.62	-9.5	-2.35	-1.31	-9.700000000000001	-0.41000000000000003	-1.69	-7.75	-5.75
11:30:19.809641	-0.29	-9.64	1.77	-0.62	-9.540000000000001	-2.15	-1.3	-9.71	-0.35000000000000003	-1.69	-7.71	-5.8
11:30:19.819723	-0.28	-9.63	1.78	-0.62	-9.540000000000001	-2.15	-1.3	-9.71	-0.3	-1.69	-7.69	-5.83
11:30:19.829812	-0.28	-9.63	1.8	-0.63	-9.57	-2.04	-1.29	-9.71	-0.25	-1.7	-7.67	-5.8500000000000005
11:30:19.840122	-0.28	-9.63	1.81	-0.63	-9.59	-1.94	-1.29	-9.71	-0.2	-1.71	-7.65	-5.88
11:30:19.850313	-0.27	-9.620000000000001	1.83	-0.67	-9.620000000000001	-1.74	-1.29	-9.72	-0.14	-1.71	-7.62	-5.92
11:30:19.860435	-0.27	-9.620000000000001	1.83	-0.6900000000000001	-9.64	-1.6500000000000001	-1.28	-9.72	-0.09	-1.72	-7.6000000000000005	-5.94
11:30:19.870814	-0.27	-9.620000000000001	1.85	-0.72	-9.65	-1.57	-1.28	-9.72	-0.03	-1.72	-7.57	-5.98
11:30:19.880883	-0.28	-9.620000000000001	1.87	-0.75	-9.66	-1.49	-1.28	-9.72	0.02	-1.72	-7.49	-6.08
11:30:19.891303	-0.28	-9.61	1.9000000000000001	-0.79	-9.67	-1.42	-1.28	-9.72	0.09	-1.72	-7.49	-6.08
11:30:19.901453	-0.29	-9.61	1.9100000000000001	-0.8300000000000001	-9.67	-1.35	-1.28	-9.72	0.16	-1.72	-7.47	-6.11
11:30:19.912146	-0.3	-9.6	1.93	-0.87	-9.68	-1.3	-1.28	-9.71	0.24	-1.71	-7.4	-6.19
11:30:19.922268	-0.31	-9.6	1.95	-0.91	-9.68	-1.25	-1.29	-9.71	0.32	-1.71	-7.37	-6.23
11:30:19.932433	-0.33	-9.6	1.96	-0.9500000000000001	-9.68	-1.21	-1.29	-9.71	0.4	-1.71	-7.33	-6.2700000000000005
11:30:19.942985	-0.34	-9.59	1.97	-0.98	-9.68	-1.17	-1.3	-9.700000000000001	0.49	-1.72	-7.29	-6.32
11:30:19.953225	-0.36	-9.59	1.98	-1.02	-9.68	-1.1400000000000001	-1.31	-9.700000000000001	0.59	-1.72	-7.23	-6.38
11:30:19.963349	-0.38	-9.59	1.99	-1.05	-9.68	-1.11	-1.32	-9.69	0.6900000000000001	-1.75	-7.17	-6.45
11:30:19.973833	-0.4	-9.59	2.0	-1.09	-9.68	-1.09	-1.33	-9.68	0.79	-1.78	-7.11	-6.51
11:30:19.984124	-0.41000000000000003	-9.58	2.0100000000000002	-1.12	-9.68	-1.07	-1.3	-9.67	0.9	-1.8	-7.03	-6.59
11:30:19.994196	-0.42	-9.58	2.02	-1.16	-9.68	-1.05	-1.28	-9.67	1.0	-1.8	-7.03	-6.59
11:30:20.004796	-0.43	-9.58	2.0300000000000002	-1.19	-9.67	-1.03	-1.26	-9.66	1.09	-1.87	-6.86	-6.74
11:30:20.014920	-0.43	-9.58	2.04	-1.23	-9.67	-1.02	-1.25	-9.64	1.21	-1.9100000000000001	-6.78	-6.8100000000000005
11:30:20.024990	-0.43	-9.58	2.04	-1.27	-9.66	-1.01	-1.28	-9.620000000000001	1.35	-1.96	-6.68	-6.9
11:30:20.035064	-0.43	-9.57	2.05	-1.31	-9.66	-1.0	-1.31	-9.6	1.49	-2.0100000000000002	-6.57	-6.99
11:30:20.045134	-0.43	-9.57	2.05	-1.33	-9.66	-1.0	-1.34	-9.57	1.6300000000000001	-2.07	-6.46	-7.07
11:30:20.055207	-0.43	-9.57	2.06	-1.36	-9.65	-1.0	-1.37	-9.540000000000001	1.79	-2.13	-6.3500000000000005	-7.16
11:30:20.065277	-0.44	-9.57	2.06	-1.3900000000000001	-9.65	-1.02	-1.41	-9.5	1.95	-2.13	-6.3500000000000005	-7.16
11:30:20.075389	-0.44	-9.57	2.06	-1.41	-9.64	-1.05	-1.45	-9.46	2.12	-2.25	-6.07	-7.36
11:30:20.085484	-0.45	-9.57	2.06	-1.42	-9.64	-1.09	-1.49	-9.41	2.29	-2.35	-5.93	-7.44
11:30:20.095624	-0.48	-9.57	2.04	-1.43	-9.63	-1.12	-1.52	-9.36	2.48	-2.35	-5.93	-7.44
11:30:20.105761	-0.5	-9.58	2.02	-1.44	-9.620000000000001	-1.17	-1.55	-9.3	2.68	-2.52	-5.58	-7.65
11:30:20.115832	-0.51	-9.58	2.0100000000000002	-1.44	-9.620000000000001	-1.22	-1.6	-9.23	2.89	-2.61	-5.38	-7.7700000000000005
11:30:20.125913	-0.52	-9.58	1.99	-1.44	-9.61	-1.28	-1.6600000000000001	-9.15	3.08	-2.72	-5.16	-7.87
11:30:20.135983	-0.51	-9.58	1.99	-1.44	-9.6	-1.37	-1.74	-9.07	3.27	-2.83	-4.92	-7.98
11:30:20.146064	-0.5	-9.58	1.99	-1.44	-9.58	-1.49	-1.84	-8.98	3.45	-2.95	-4.67	-8.09
11:30:20.156156	-0.47000000000000003	-9.59	1.99	-1.42	-9.55	-1.6500000000000001	-1.96	-8.89	3.63	-3.0500000000000003	-4.41	-8.2
11:30:20.166287	-0.42	-9.59	1.99	-1.41	-9.52	-1.84	-2.08	-8.790000000000001	3.8000000000000003	-3.13	-4.12	-8.32
11:30:20.176362	-0.41000000000000003	-9.59	1.98	-1.3800000000000001	-9.48	-2.05	-2.19	-8.71	3.91	-3.18	-3.81	-8.45
11:30:20.187069	-0.39	-9.59	1.98	-1.35	-9.43	-2.31	-2.27	-8.65	4.01	-3.25	-3.45	-8.58
11:30:20.197170	-0.36	-9.59	1.97	-1.31	-9.36	-2.59	-2.29	-8.59	4.13	-3.25	-3.45	-8.58
11:30:20.207330	-0.34	-9.6	1.96	-1.25	-9.290000000000001	-2.86	-2.29	-8.52	4.2700000000000005	-3.6	-2.56	-8.75
11:30:20.217778	-0.33	-9.6	1.96	-1.2	-9.21	-3.12	-2.29	-8.46	4.39	-4.0	-2.2800000000000002	-8.65
11:30:20.227979	-0.32	-9.6	1.95	-1.1400000000000001	-9.14	-3.34	-2.31	-8.4	4.49	-4.3100000000000005	-2.27	-8.5
11:30:20.238104	-0.31	-9.6	1.94	-1.09	-9.08	-3.5100000000000002	-2.31	-8.36	4.5600000000000005	-3.96	-2.37	-8.64
11:30:20.248220	-0.32	-9.6	1.93	-1.06	-9.03	-3.65	-2.3000000000000003	-8.34	4.6000000000000005	-3.5	-2.46	-8.82
11:30:20.258334	-0.33	-9.6	1.93	-1.03	-8.99	-3.7600000000000002	-2.29	-8.34	4.61	-3.35	-2.5300000000000002	-8.85
11:30:20.268800	-0.34	-9.6	1.94	-1.0	-8.950000000000001	-3.86	-2.2800000000000002	-8.36	4.58	-3.3000000000000003	-2.64	-8.84
11:30:20.278881	-0.35000000000000003	-9.6	1.94	-0.96	-8.91	-3.96	-2.25	-8.4	4.5200000000000005	-3.02	-2.8000000000000003	-8.89
11:30:20.288993	-0.35000000000000003	-9.6	1.95	-0.97	-8.89	-4.0	-2.17	-8.53	4.3100000000000005	-2.66	-3.06	-8.92
11:30:20.299105	-0.35000000000000003	-9.6	1.96	-0.9500000000000001	-8.88	-4.03	-2.13	-8.61	4.15	-2.66	-3.06	-8.92
11:30:20.309226	-0.33	-9.6	1.97	-0.88	-8.870000000000001	-4.07	-2.11	-8.71	3.97	-2.18	-3.64	-8.83
11:30:20.319940	-0.32	-9.59	1.98	-0.81	-8.85	-4.14	-2.09	-8.81	3.75	-2.0300000000000002	-3.8000000000000003	-8.8
11:30:20.330119	-0.3	-9.59	1.99	-0.72	-8.78	-4.3	-2.07	-8.91	3.5	-1.9000000000000001	-3.97	-8.75
11:30:20.340217	-0.29	-9.59	2.0	-0.7000000000000001	-8.73	-4.4	-2.05	-9.02	3.23	-1.78	-4.21	-8.67
11:30:20.350707	-0.27	-9.59	2.0	-0.6900000000000001	-8.66	-4.53	-2.02	-9.13	2.93	-1.6400000000000001	-4.45	-8.57
11:30:20.360870	-0.26	-9.59	2.0100000000000002	-0.71	-8.6	-4.64	-1.99	-9.23	2.62	-1.3800000000000001	-5.01	-8.31
11:30:20.371045	-0.26	-9.59	2.02	-0.73	-8.540000000000001	-4.75	-1.96	-9.33	2.2800000000000002	-1.26	-5.33	-8.13
11:30:20.381663	-0.25	-9.59	2.0300000000000002	-0.75	-8.49	-4.84	-1.92	-9.41	1.93	-1.1400000000000001	-5.64	-7.930000000000001
11:30:20.392256	-0.25	-9.59	2.0300000000000002	-0.75	-8.45	-4.9	-1.8800000000000001	-9.49	1.56	-1.03	-5.92	-7.74
11:30:20.402330	-0.24	-9.58	2.0300000000000002	-0.74	-8.43	-4.94	-1.84	-9.55	1.18	-0.9400000000000001	-6.18	-7.55
11:30:20.412514	-0.23	-9.58	2.0300000000000002	-0.72	-8.42	-4.97	-1.8	-9.6	0.8	-0.87	-6.45	-7.33
11:30:20.422638	-0.22	-9.58	2.0300000000000002	-0.68	-8.41	-4.99	-1.75	-9.63	0.42	-0.79	-6.71	-7.09
11:30:20.432777	-0.22	-9.58	2.0300000000000002	-0.65	-8.4	-5.0	-1.71	-9.65	0.04	-0.73	-6.97	-6.84
11:30:20.442889	-0.21	-9.58	2.0300000000000002	-0.6	-8.4	-5.01	-1.67	-9.65	-0.33	-0.6900000000000001	-7.22	-6.59
11:30:20.453024	-0.2	-9.59	2.0300000000000002	-0.5700000000000001	-8.39	-5.03	-1.6300000000000001	-9.64	-0.71	-0.66	-7.45	-6.33
11:30:20.463527	-0.2	-9.59	2.0300000000000002	-0.53	-8.39	-5.04	-1.59	-9.61	-1.09	-0.63	-7.66	-6.07
11:30:20.473864	-0.2	-9.59	2.02	-0.48	-8.39	-5.05	-1.54	-9.57	-1.46	-0.62	-7.87	-5.8100000000000005
11:30:20.483964	-0.2	-9.59	2.02	-0.43	-8.39	-5.05	-1.49	-9.51	-1.82	-0.62	-8.06	-5.53
11:30:20.494032	-0.2	-9.59	2.0100000000000002	-0.36	-8.4	-5.04	-1.44	-9.450000000000001	-2.17	-0.62	-8.24	-5.2700000000000005
11:30:20.504137	-0.21	-9.59	2.0	-0.3	-8.41	-5.03	-1.4000000000000001	-9.370000000000001	-2.5	-0.63	-8.4	-5.01
11:30:20.514212	-0.22	-9.59	1.99	-0.24	-8.42	-5.01	-1.36	-9.290000000000001	-2.81	-0.65	-8.56	-4.72
11:30:20.524279	-0.23	-9.6	1.98	-0.18	-8.43	-4.99	-1.33	-9.200000000000001	-3.11	-0.64	-8.72	-4.42
11:30:20.534359	-0.24	-9.6	1.97	-0.13	-8.45	-4.96	-1.31	-9.1	-3.39	-0.64	-8.86	-4.13
11:30:20.544425	-0.26	-9.6	1.96	-0.09	-8.47	-4.93	-1.29	-9.01	-3.64	-0.63	-8.99	-3.85
11:30:20.554547	-0.28	-9.6	1.94	-0.06	-8.49	-4.9	-1.28	-8.91	-3.87	-0.63	-9.1	-3.59
11:30:20.564618	-0.3	-9.6	1.93	-0.04	-8.5	-4.87	-1.27	-8.82	-4.07	-0.63	-9.18	-3.37
11:30:20.574779	-0.31	-9.6	1.93	-0.03	-8.52	-4.8500000000000005	-1.27	-8.74	-4.25	-0.63	-9.25	-3.17
11:30:20.585562	-0.32	-9.61	1.92	-0.02	-8.53	-4.83	-1.28	-8.66	-4.4	-0.64	-9.31	-3.0
11:30:20.595650	-0.34	-9.61	1.9100000000000001	-0.02	-8.53	-4.82	-1.28	-8.6	-4.51	-0.65	-9.36	-2.84
11:30:20.605722	-0.35000000000000003	-9.61	1.9000000000000001	-0.02	-8.540000000000001	-4.8100000000000005	-1.28	-8.56	-4.6000000000000005	-0.66	-9.39	-2.71
11:30:20.615792	-0.37	-9.61	1.8800000000000001	-0.03	-8.55	-4.8	-1.27	-8.53	-4.66	-0.67	-9.42	-2.61
11:30:20.625901	-0.39	-9.61	1.87	-0.03	-8.55	-4.79	-1.26	-8.51	-4.69	-0.68	-9.44	-2.5500000000000003
11:30:20.636030	-0.41000000000000003	-9.61	1.86	-0.01	-8.56	-4.78	-1.24	-8.51	-4.69	-0.6900000000000001	-9.450000000000001	-2.52
11:30:20.646100	-0.43	-9.620000000000001	1.85	0.01	-8.56	-4.7700000000000005	-1.22	-8.53	-4.66	-0.71	-9.44	-2.5300000000000002
11:30:20.656175	-0.45	-9.620000000000001	1.83	0.04	-8.56	-4.7700000000000005	-1.21	-8.57	-4.6000000000000005	-0.72	-9.43	-2.56
11:30:20.666246	-0.46	-9.620000000000001	1.82	0.08	-8.56	-4.7700000000000005	-1.2	-8.620000000000001	-4.51	-0.73	-9.42	-2.61
11:30:20.676320	-0.47000000000000003	-9.620000000000001	1.81	0.11	-8.55	-4.79	-1.19	-8.68	-4.4	-0.73	-9.4	-2.69
11:30:20.686394	-0.47000000000000003	-9.620000000000001	1.79	0.14	-8.540000000000001	-4.8	-1.19	-8.74	-4.26	-0.71	-9.35	-2.83
11:30:20.696464	-0.47000000000000003	-9.63	1.77	0.15	-8.540000000000001	-4.8100000000000005	-1.19	-8.82	-4.1	-0.68	-9.3	-3.0100000000000002
11:30:20.706531	-0.46	-9.63	1.75	0.16	-8.540000000000001	-4.8100000000000005	-1.19	-8.89	-3.94	-0.62	-9.24	-3.2
11:30:20.716690	-0.45	-9.64	1.73	0.15	-8.540000000000001	-4.8100000000000005	-1.16	-8.950000000000001	-3.83	-0.58	-9.21	-3.29
11:30:20.726979	-0.44	-9.64	1.72	0.13	-8.55	-4.79	-1.18	-8.98	-3.74	-0.54	-9.25	-3.2
11:30:20.737098	-0.43	-9.64	1.71	0.11	-8.57	-4.76	-1.27	-9.02	-3.63	-0.45	-9.19	-3.36
11:30:20.747216	-0.43	-9.64	1.7	0.07	-8.58	-4.73	-1.36	-9.06	-3.47	-0.55	-9.1	-3.59
11:30:20.757671	-0.44	-9.64	1.7	0.04	-8.59	-4.72	-1.42	-9.11	-3.31	-0.81	-9.02	-3.74
11:30:20.768056	-0.44	-9.64	1.7	0.01	-8.59	-4.72	-1.45	-9.16	-3.17	-1.0	-8.9	-3.97
11:30:20.778130	-0.43	-9.64	1.69	0.0	-8.59	-4.73	-1.45	-9.200000000000001	-3.04	-1.17	-8.75	-4.26
11:30:20.788815	-0.42	-9.65	1.67	-0.01	-8.57	-4.75	-1.44	-9.25	-2.91	-1.33	-8.6	-4.5
11:30:20.798906	-0.41000000000000003	-9.65	1.6600000000000001	-0.03	-8.57	-4.76	-1.44	-9.25	-2.91	-1.47	-8.51	-4.63
11:30:20.809024	-0.39	-9.65	1.6500000000000001	-0.05	-8.57	-4.75	-1.41	-9.35	-2.56	-1.47	-8.51	-4.63
11:30:20.819640	-0.38	-9.65	1.6500000000000001	-0.07	-8.6	-4.7	-1.41	-9.38	-2.45	-1.57	-8.51	-4.61
11:30:20.829753	-0.36	-9.65	1.6600000000000001	-0.06	-8.65	-4.61	-1.4000000000000001	-9.42	-2.33	-1.5	-8.57	-4.51
11:30:20.839908	-0.33	-9.65	1.67	-0.03	-8.700000000000001	-4.5200000000000005	-1.36	-9.44	-2.24	-1.5	-8.57	-4.51
11:30:20.849996	-0.3	-9.65	1.67	0.02	-8.81	-4.3	-1.31	-9.47	-2.16	-1.49	-8.47	-4.69
11:30:20.860109	-0.25	-9.65	1.68	0.02	-8.86	-4.2	-1.26	-9.49	-2.08	-1.49	-8.47	-4.69
11:30:20.870716	-0.21	-9.65	1.69	-0.01	-8.89	-4.12	-1.22	-9.52	-2.0	-1.51	-8.38	-4.8500000000000005
11:30:20.880790	-0.17	-9.65	1.69	-0.09	-8.92	-4.0600000000000005	-1.2	-9.540000000000001	-1.92	-1.51	-8.38	-4.8500000000000005
11:30:20.890975	-0.13	-9.65	1.7	-0.09	-8.92	-4.0600000000000005	-1.18	-9.55	-1.84	-1.56	-8.25	-5.05
11:30:20.901721	-0.11	-9.65	1.7	-0.25	-8.94	-4.0	-1.17	-9.57	-1.75	-1.59	-8.25	-5.05
11:30:20.911795	-0.1	-9.65	1.69	-0.31	-8.950000000000001	-3.98	-1.17	-9.59	-1.6600000000000001	-1.59	-8.25	-5.05
11:30:20.921869	-0.1	-9.65	1.69	-0.36	-8.97	-3.93	-1.17	-9.6	-1.58	-1.61	-8.23	-5.07
11:30:20.931946	-0.11	-9.65	1.68	-0.39	-9.01	-3.85	-1.17	-9.620000000000001	-1.49	-1.61	-8.23	-5.07
11:30:20.942094	-0.12	-9.66	1.67	-0.39	-9.05	-3.75	-1.16	-9.63	-1.42	-1.67	-8.14	-5.19
11:30:20.952166	-0.13	-9.66	1.6600000000000001	-0.38	-9.09	-3.64	-1.16	-9.64	-1.35	-1.67	-8.14	-5.19
11:30:20.962297	-0.14	-9.66	1.6500000000000001	-0.37	-9.13	-3.5300000000000002	-1.1400000000000001	-9.65	-1.29	-1.68	-8.13	-5.2
11:30:20.972417	-0.15	-9.66	1.6500000000000001	-0.37	-9.18	-3.42	-1.1300000000000001	-9.66	-1.24	-1.68	-8.13	-5.2
11:30:20.982543	-0.15	-9.66	1.6400000000000001	-0.37	-9.21	-3.33	-1.11	-9.67	-1.18	-1.69	-8.13	-5.21
11:30:20.992818	-0.15	-9.66	1.6300000000000001	-0.37	-9.24	-3.24	-1.11	-9.67	-1.18	-1.62	-8.0	-5.42
11:30:21.002903	-0.14	-9.66	1.6300000000000001	-0.38	-9.27	-3.16	-1.1	-9.68	-1.08	-1.62	-8.0	-5.42
11:30:21.012978	-0.14	-9.66	1.6300000000000001	-0.39	-9.290000000000001	-3.08	-1.11	-9.68	-1.02	-1.62	-7.96	-5.48
11:30:21.023445	-0.13	-9.66	1.62	-0.4	-9.32	-3.0100000000000002	-1.12	-9.69	-0.96	-1.62	-7.930000000000001	-5.53
11:30:21.033953	-0.12	-9.67	1.62	-0.41000000000000003	-9.34	-2.92	-1.12	-9.700000000000001	-0.89	-1.62	-7.930000000000001	-5.53
11:30:21.044558	-0.11	-9.67	1.62	-0.44	-9.370000000000001	-2.84	-1.1300000000000001	-9.700000000000001	-0.8200000000000001	-1.62	-7.930000000000001	-5.53
11:30:21.054670	-0.1	-9.67	1.61	-0.47000000000000003	-9.39	-2.7600000000000002	-1.1300000000000001	-9.71	-0.75	-1.6600000000000001	-7.890000000000001	-5.57
11:30:21.065340	-0.08	-9.67	1.6	-0.51	-9.41	-2.68	-1.1400000000000001	-9.71	-0.6900000000000001	-1.6600000000000001	-7.890000000000001	-5.57
11:30:21.075594	-0.08	-9.67	1.6	-0.55	-9.44	-2.59	-1.1300000000000001	-9.71	-0.63	-1.6600000000000001	-7.890000000000001	-5.57
11:30:21.085669	-0.08	-9.67	1.6	-0.59	-9.450000000000001	-2.5100000000000002	-1.1300000000000001	-9.72	-0.5700000000000001	-1.68	-7.87	-5.59
11:30:21.095933	-0.08	-9.67	1.6	-0.64	-9.47	-2.43	-1.1300000000000001	-9.72	-0.5700000000000001	-1.69	-7.76	-5.74
11:30:21.106005	-0.08	-9.67	1.61	-0.6900000000000001	-9.49	-2.35	-1.1300000000000001	-9.73	-0.46	-1.69	-7.76	-5.74
11:30:21.116075	-0.08	-9.67	1.61	-0.73	-9.51	-2.2600000000000002	-1.1300000000000001	-9.73	-0.46	-1.68	-7.7	-5.82
11:30:21.126148	-0.08	-9.67	1.62	-0.77	-9.52	-2.17	-1.12	-9.73	-0.35000000000000003	-1.68	-7.7	-5.82
11:30:21.136218	-0.09	-9.66	1.6400000000000001	-0.8200000000000001	-9.540000000000001	-2.08	-1.12	-9.73	-0.29	-1.68	-7.7	-5.82
11:30:21.146331	-0.09	-9.66	1.6500000000000001	-0.86	-9.56	-1.98	-1.12	-9.73	-0.24	-1.69	-7.65	-5.89
11:30:21.156394	-0.1	-9.66	1.67	-0.9	-9.58	-1.8800000000000001	-1.11	-9.74	-0.18	-1.7	-7.62	-5.92
11:30:21.166467	-0.11	-9.65	1.68	-0.9400000000000001	-9.59	-1.79	-1.1	-9.74	-0.12	-1.7	-7.62	-5.92
11:30:21.176537	-0.12	-9.65	1.7	-0.98	-9.6	-1.71	-1.1	-9.74	-0.12	-1.74	-7.55	-6.0
11:30:21.186638	-0.12	-9.65	1.72	-1.01	-9.61	-1.6300000000000001	-1.09	-9.74	0.0	-1.74	-7.55	-6.0
11:30:21.196770	-0.13	-9.65	1.73	-1.05	-9.620000000000001	-1.57	-1.09	-9.74	0.05	-1.75	-7.49	-6.07
11:30:21.206836	-0.14	-9.64	1.75	-1.08	-9.620000000000001	-1.52	-1.08	-9.74	0.12	-1.75	-7.49	-6.07
11:30:21.216946	-0.15	-9.64	1.76	-1.12	-9.620000000000001	-1.47	-1.07	-9.74	0.2	-1.75	-7.49	-6.07
11:30:21.227023	-0.15	-9.64	1.77	-1.16	-9.63	-1.42	-1.07	-9.74	0.28	-1.74	-7.41	-6.17
11:30:21.237139	-0.16	-9.64	1.78	-1.2	-9.63	-1.37	-1.07	-9.74	0.36	-1.74	-7.37	-6.22
11:30:21.247768	-0.17	-9.63	1.79	-1.24	-9.63	-1.32	-1.07	-9.73	0.44	-1.74	-7.37	-6.22
11:30:21.257869	-0.18	-9.63	1.8	-1.27	-9.63	-1.27	-1.07	-9.73	0.54	-1.74	-7.37	-6.22
11:30:21.268048	-0.19	-9.63	1.81	-1.31	-9.63	-1.23	-1.07	-9.72	0.62	-1.75	-7.3100000000000005	-6.29
11:30:21.278182	-0.2	-9.63	1.82	-1.34	-9.64	-1.19	-1.07	-9.72	0.71	-1.75	-7.2700000000000005	-6.34
11:30:21.288745	-0.21	-9.63	1.82	-1.3800000000000001	-9.63	-1.1500000000000001	-1.07	-9.72	0.71	-1.76	-7.15	-6.46
11:30:21.298851	-0.22	-9.63	1.83	-1.42	-9.63	-1.12	-1.07	-9.700000000000001	0.89	-1.83	-7.08	-6.5200000000000005
11:30:21.308964	-0.23	-9.620000000000001	1.83	-1.46	-9.63	-1.09	-1.07	-9.700000000000001	0.89	-1.8900000000000001	-7.01	-6.58
11:30:21.319065	-0.24	-9.620000000000001	1.84	-1.5	-9.63	-1.06	-1.09	-9.68	1.08	-1.93	-6.86	-6.73
11:30:21.329218	-0.24	-9.620000000000001	1.85	-1.54	-9.620000000000001	-1.03	-1.1	-9.67	1.18	-1.95	-6.7700000000000005	-6.8100000000000005
11:30:21.339605	-0.25	-9.620000000000001	1.85	-1.58	-9.620000000000001	-1.0	-1.1	-9.67	1.18	-1.95	-6.7700000000000005	-6.8100000000000005
11:30:21.350271	-0.25	-9.620000000000001	1.86	-1.62	-9.620000000000001	-0.97	-1.16	-9.620000000000001	1.49	-2.05	-6.61	-6.94
11:30:21.360405	-0.25	-9.620000000000001	1.86	-1.71	-9.6	-0.9400000000000001	-1.18	-9.59	1.61	-2.1	-6.51	-7.0200000000000005
11:30:21.370525	-0.25	-9.620000000000001	1.86	-1.76	-9.6	-0.9400000000000001	-1.21	-9.57	1.73	-2.15	-6.4	-7.1000000000000005
11:30:21.381113	-0.26	-9.620000000000001	1.87	-1.8	-9.59	-0.9400000000000001	-1.24	-9.540000000000001	1.85	-2.22	-6.29	-7.17
11:30:21.391858	-0.26	-9.620000000000001	1.87	-1.84	-9.58	-0.9400000000000001	-1.27	-9.51	1.99	-2.29	-6.18	-7.25
11:30:21.401978	-0.25	-9.620000000000001	1.87	-1.87	-9.57	-0.9500000000000001	-1.3	-9.48	2.12	-2.35	-6.05	-7.34
11:30:21.412049	-0.25	-9.620000000000001	1.87	-1.9000000000000001	-9.57	-0.96	-1.3	-9.48	2.12	-2.41	-5.9	-7.44
11:30:21.422122	-0.26	-9.620000000000001	1.86	-1.92	-9.56	-0.98	-1.34	-9.44	2.27	-2.49	-5.7700000000000005	-7.5200000000000005
11:30:21.432190	-0.27	-9.620000000000001	1.84	-1.92	-9.56	-1.02	-1.34	-9.44	2.27	-2.61	-5.63	-7.59
11:30:21.442259	-0.28	-9.63	1.83	-1.92	-9.55	-1.06	-1.3800000000000001	-9.4	2.42	-2.69	-5.45	-7.69
11:30:21.452386	-0.28	-9.63	1.81	-1.9100000000000001	-9.55	-1.12	-1.3800000000000001	-9.4	2.42	-2.77	-5.26	-7.79
11:30:21.462457	-0.28	-9.63	1.8	-1.9000000000000001	-9.540000000000001	-1.2	-1.41	-9.35	2.58	-2.88	-5.07	-7.87
11:30:21.472885	-0.26	-9.63	1.79	-1.8900000000000001	-9.53	-1.31	-1.41	-9.35	2.58	-2.97	-4.87	-7.97
11:30:21.483041	-0.24	-9.63	1.79	-1.8800000000000001	-9.51	-1.45	-1.44	-9.290000000000001	2.75	-3.0500000000000003	-4.65	-8.07
11:30:21.493111	-0.21	-9.63	1.78	-1.86	-9.48	-1.62	-1.59	-9.1	3.2800000000000002	-3.14	-4.4	-8.17
11:30:21.503251	-0.19	-9.64	1.78	-1.85	-9.450000000000001	-1.8	-1.8	-8.93	3.63	-3.21	-4.14	-8.28
11:30:21.513583	-0.18	-9.64	1.78	-1.83	-9.42	-1.99	-1.9100000000000001	-8.83	3.79	-3.25	-3.88	-8.39
11:30:21.523652	-0.18	-9.64	1.78	-1.8	-9.370000000000001	-2.22	-1.9100000000000001	-8.83	3.79	-3.2600000000000002	-3.5700000000000003	-8.53
11:30:21.533770	-0.17	-9.64	1.77	-1.73	-9.33	-2.45	-2.02	-8.74	3.95	-3.33	-3.17	-8.65
11:30:21.543839	-0.17	-9.64	1.76	-1.6500000000000001	-9.28	-2.68	-2.02	-8.74	3.95	-3.49	-2.7	-8.75
11:30:21.553922	-0.15	-9.64	1.75	-1.54	-9.24	-2.88	-2.11	-8.65	4.09	-3.59	-2.12	-8.870000000000001
11:30:21.563994	-0.14	-9.64	1.74	-1.42	-9.21	-3.0500000000000003	-2.11	-8.65	4.09	-3.81	-1.59	-8.89
11:30:21.574076	-0.14	-9.65	1.73	-1.29	-9.18	-3.18	-2.11	-8.65	4.09	-4.32	-1.43	-8.68
11:30:21.584165	-0.14	-9.65	1.71	-1.17	-9.16	-3.29	-2.27	-8.31	4.68	-4.49	-1.55	-8.57
11:30:21.594260	-0.14	-9.65	1.7	-1.06	-9.14	-3.38	-2.32	-8.2	4.84	-3.99	-1.6500000000000001	-8.8
11:30:21.604438	-0.16	-9.65	1.69	-0.97	-9.11	-3.48	-2.32	-8.19	4.8500000000000005	-3.5100000000000002	-1.78	-8.97
11:30:21.614605	-0.17	-9.65	1.69	-0.89	-9.08	-3.59	-2.32	-8.19	4.8500000000000005	-3.41	-1.8800000000000001	-8.99
11:30:21.624718	-0.18	-9.65	1.69	-0.8200000000000001	-9.03	-3.71	-2.3000000000000003	-8.21	4.82	-3.42	-1.99	-8.96
11:30:21.634835	-0.19	-9.65	1.69	-0.76	-8.98	-3.85	-2.24	-8.26	4.7700000000000005	-3.19	-2.16	-9.01
11:30:21.644965	-0.19	-9.65	1.69	-0.7000000000000001	-8.93	-3.98	-2.17	-8.32	4.7	-2.82	-2.42	-9.07
11:30:21.655039	-0.18	-9.65	1.69	-0.64	-8.88	-4.1	-2.08	-8.4	4.59	-2.5300000000000002	-2.75	-9.06
11:30:21.665219	-0.18	-9.65	1.7	-0.6	-8.82	-4.22	-2.0	-8.5	4.45	-2.37	-3.08	-9.0
11:30:21.675300	-0.17	-9.65	1.7	-0.56	-8.77	-4.34	-1.94	-8.6	4.2700000000000005	-2.25	-3.3000000000000003	-8.950000000000001
11:30:21.685377	-0.16	-9.65	1.7	-0.52	-8.71	-4.45	-1.94	-8.6	4.2700000000000005	-2.12	-3.46	-8.92
11:30:21.695501	-0.15	-9.65	1.71	-0.5	-8.66	-4.5600000000000005	-1.84	-8.84	3.81	-2.0100000000000002	-3.71	-8.84
11:30:21.705626	-0.14	-9.65	1.72	-0.48	-8.6	-4.67	-1.8	-8.96	3.5500000000000003	-1.92	-3.99	-8.74
11:30:21.715692	-0.13	-9.65	1.72	-0.47000000000000003	-8.55	-4.7700000000000005	-1.75	-9.08	3.25	-1.82	-4.2700000000000005	-8.63
11:30:21.725811	-0.13	-9.65	1.73	-0.46	-8.49	-4.87	-1.7	-9.19	2.93	-1.7	-4.58	-8.5
11:30:21.735882	-0.12	-9.65	1.73	-0.45	-8.44	-4.95	-1.6500000000000001	-9.3	2.59	-1.58	-4.88	-8.35
11:30:21.745956	-0.12	-9.65	1.71	-0.44	-8.4	-5.0200000000000005	-1.61	-9.41	2.23	-1.46	-5.16	-8.2
11:30:21.756062	-0.11	-9.65	1.71	-0.42	-8.38	-5.0600000000000005	-1.56	-9.5	1.85	-1.34	-5.43	-8.040000000000001
11:30:21.766148	-0.11	-9.65	1.72	-0.39	-8.36	-5.1000000000000005	-1.51	-9.57	1.47	-1.22	-5.7	-7.87
11:30:21.776216	-0.1	-9.65	1.72	-0.35000000000000003	-8.35	-5.12	-1.46	-9.63	1.08	-1.11	-5.98	-7.68
11:30:21.786285	-0.1	-9.65	1.69	-0.3	-8.33	-5.16	-1.3900000000000001	-9.68	0.6900000000000001	-1.01	-6.25	-7.48
11:30:21.796413	-0.1	-9.66	1.6600000000000001	-0.24	-8.31	-5.19	-1.32	-9.71	0.31	-0.9400000000000001	-6.51	-7.26
11:30:21.806491	-0.09	-9.66	1.6600000000000001	-0.18	-8.290000000000001	-5.23	-1.25	-9.72	-0.05	-0.87	-6.76	-7.04
11:30:21.816563	-0.08	-9.66	1.6500000000000001	-0.12	-8.27	-5.26	-1.18	-9.72	-0.43	-0.8200000000000001	-6.99	-6.82
11:30:21.826936	-0.08	-9.66	1.6400000000000001	-0.05	-8.26	-5.28	-1.12	-9.700000000000001	-0.79	-0.79	-7.22	-6.58
11:30:21.837047	-0.08	-9.66	1.6300000000000001	0.01	-8.25	-5.29	-1.06	-9.67	-1.1500000000000001	-0.78	-7.45	-6.32
11:30:21.847173	-0.09	-9.66	1.62	0.08	-8.25	-5.29	-1.01	-9.63	-1.5	-0.77	-7.66	-6.07
11:30:21.857777	-0.1	-9.67	1.61	0.14	-8.25	-5.29	-0.96	-9.58	-1.84	-0.76	-7.8500000000000005	-5.82
11:30:21.867848	-0.11	-9.67	1.6	0.19	-8.26	-5.2700000000000005	-0.91	-9.51	-2.17	-0.73	-8.040000000000001	-5.5600000000000005
11:30:21.877962	-0.12	-9.67	1.6	0.24	-8.27	-5.25	-0.86	-9.44	-2.49	-0.71	-8.22	-5.29
11:30:21.888028	-0.14	-9.67	1.59	0.28	-8.290000000000001	-5.22	-0.8300000000000001	-9.36	-2.79	-0.6900000000000001	-8.38	-5.03
11:30:21.898696	-0.15	-9.67	1.58	0.33	-8.32	-5.17	-0.79	-9.27	-3.08	-0.68	-8.540000000000001	-4.76
11:30:21.908773	-0.16	-9.67	1.57	0.37	-8.35	-5.12	-0.76	-9.18	-3.35	-0.71	-8.67	-4.51
11:30:21.918942	-0.17	-9.67	1.57	0.4	-8.38	-5.0600000000000005	-0.74	-9.09	-3.6	-0.81	-8.85	-4.12
11:30:21.929566	-0.17	-9.67	1.56	0.42	-8.41	-5.01	-0.72	-9.0	-3.8200000000000003	-0.86	-8.92	-3.96
11:30:21.939657	-0.18	-9.67	1.56	0.43	-8.44	-4.96	-0.71	-8.91	-4.01	-0.92	-8.99	-3.8000000000000003
11:30:21.949778	-0.18	-9.67	1.56	0.42	-8.46	-4.93	-0.6900000000000001	-8.84	-4.17	-0.97	-9.040000000000001	-3.67
11:30:21.959895	-0.18	-9.68	1.56	0.37	-8.49	-4.88	-0.68	-8.77	-4.3100000000000005	-1.01	-9.08	-3.5500000000000003
11:30:21.969979	-0.17	-9.68	1.55	0.37	-8.49	-4.88	-0.67	-8.72	-4.42	-1.04	-9.11	-3.46
11:30:21.980111	-0.17	-9.68	1.55	0.31	-8.5	-4.87	-0.68	-8.65	-4.55	-1.07	-9.13	-3.39
11:30:21.990698	-0.18	-9.68	1.54	0.29	-8.5	-4.87	-0.7000000000000001	-8.64	-4.57	-1.09	-9.15	-3.34
11:30:22.000892	-0.18	-9.68	1.54	0.28	-8.5	-4.86	-0.73	-8.64	-4.5600000000000005	-1.1	-9.15	-3.3200000000000003
11:30:22.010970	-0.18	-9.68	1.53	0.27	-8.51	-4.86	-0.76	-8.66	-4.5200000000000005	-1.11	-9.15	-3.3200000000000003
11:30:22.021476	-0.18	-9.68	1.52	0.28	-8.51	-4.8500000000000005	-0.79	-8.69	-4.47	-1.11	-9.14	-3.35
11:30:22.031571	-0.19	-9.68	1.51	0.29	-8.52	-4.83	-0.81	-8.72	-4.39	-1.12	-9.13	-3.38
11:30:22.041666	-0.19	-9.68	1.5	0.3	-8.540000000000001	-4.8	-0.8200000000000001	-8.77	-4.3	-1.12	-9.11	-3.44
11:30:22.051805	-0.2	-9.69	1.49	0.31	-8.55	-4.78	-0.8200000000000001	-8.82	-4.19	-1.11	-9.06	-3.56
11:30:22.061886	-0.19	-9.69	1.47	0.3	-8.56	-4.75	-0.8200000000000001	-8.82	-4.19	-1.08	-9.01	-3.71
11:30:22.072502	-0.19	-9.69	1.46	0.29	-8.57	-4.74	-0.84	-8.94	-3.92	-1.04	-8.94	-3.88
11:30:22.082596	-0.18	-9.69	1.45	0.26	-8.58	-4.72	-0.84	-9.0	-3.7800000000000002	-1.01	-8.9	-3.97
11:30:22.092701	-0.18	-9.69	1.44	0.23	-8.6	-4.7	-0.81	-9.05	-3.67	-0.99	-8.96	-3.84
11:30:22.102800	-0.17	-9.69	1.44	0.21	-8.620000000000001	-4.66	-0.8200000000000001	-9.08	-3.6	-0.8200000000000001	-8.99	-3.8200000000000003
11:30:22.112974	-0.16	-9.69	1.44	0.18	-8.64	-4.62	-0.87	-9.1	-3.5300000000000002	-0.77	-8.91	-4.0
11:30:22.123515	-0.16	-9.69	1.44	0.15	-8.65	-4.6000000000000005	-0.92	-9.14	-3.42	-0.96	-8.81	-4.18
11:30:22.133581	-0.16	-9.69	1.45	0.14	-8.64	-4.62	-0.97	-9.18	-3.29	-1.1500000000000001	-8.69	-4.39
11:30:22.143676	-0.16	-9.69	1.45	0.13	-8.63	-4.64	-0.98	-9.22	-3.17	-1.27	-8.52	-4.67
11:30:22.153744	-0.16	-9.69	1.46	0.14	-8.63	-4.64	-0.97	-9.26	-3.06	-1.3800000000000001	-8.34	-4.96
11:30:22.163828	-0.15	-9.69	1.45	0.14	-8.63	-4.64	-0.9500000000000001	-9.290000000000001	-2.97	-1.51	-8.21	-5.13
11:30:22.173952	-0.14	-9.69	1.45	0.16	-8.65	-4.61	-0.93	-9.33	-2.87	-1.6	-8.15	-5.2
11:30:22.184096	-0.13	-9.69	1.45	0.17	-8.67	-4.5600000000000005	-0.93	-9.35	-2.77	-1.6	-8.16	-5.18
11:30:22.194445	-0.12	-9.69	1.46	0.18	-8.71	-4.48	-0.9500000000000001	-9.38	-2.67	-1.56	-8.2	-5.13
11:30:22.204514	-0.12	-9.69	1.47	0.19	-8.76	-4.39	-0.97	-9.41	-2.57	-1.51	-8.26	-5.0600000000000005
11:30:22.214630	-0.11	-9.69	1.48	0.22	-8.81	-4.29	-0.98	-9.43	-2.47	-1.49	-8.25	-5.07
11:30:22.224713	-0.09	-9.69	1.49	0.26	-8.86	-4.18	-0.97	-9.450000000000001	-2.39	-1.46	-8.21	-5.15
11:30:22.234779	-0.06	-9.69	1.5	0.3	-8.91	-4.07	-0.9400000000000001	-9.47	-2.32	-1.46	-8.13	-5.2700000000000005
11:30:22.244847	-0.03	-9.68	1.5	0.3	-8.96	-3.97	-0.91	-9.49	-2.25	-1.5	-8.05	-5.38
11:30:22.254926	0.0	-9.68	1.51	0.28	-8.99	-3.88	-0.89	-9.51	-2.18	-1.56	-8.0	-5.44
11:30:22.265020	0.04	-9.68	1.52	0.21	-9.02	-3.8200000000000003	-0.87	-9.53	-2.11	-1.56	-7.99	-5.46
11:30:22.275093	0.07	-9.68	1.53	0.13	-9.040000000000001	-3.7800000000000002	-0.87	-9.55	-2.04	-1.56	-7.99	-5.45
11:30:22.285191	0.09	-9.68	1.54	0.04	-9.05	-3.75	-0.87	-9.56	-1.97	-1.56	-7.98	-5.47
11:30:22.295265	0.1	-9.68	1.54	-0.03	-9.06	-3.73	-0.87	-9.56	-1.97	-1.58	-7.94	-5.5200000000000005
11:30:22.305959	0.11	-9.68	1.55	-0.1	-9.08	-3.7	-0.88	-9.59	-1.82	-1.62	-7.9	-5.57
11:30:22.316257	0.11	-9.68	1.56	-0.14	-9.1	-3.63	-0.88	-9.6	-1.75	-1.6400000000000001	-7.87	-5.6000000000000005
11:30:22.326355	0.1	-9.68	1.56	-0.17	-9.13	-3.56	-0.89	-9.620000000000001	-1.67	-1.67	-7.8500000000000005	-5.62
11:30:22.336422	0.09	-9.68	1.56	-0.18	-9.16	-3.48	-0.89	-9.63	-1.6	-1.68	-7.84	-5.63
11:30:22.346499	0.08	-9.68	1.56	-0.19	-9.200000000000001	-3.38	-0.88	-9.64	-1.53	-1.6600000000000001	-7.82	-5.66
11:30:22.356571	0.07	-9.68	1.56	-0.2	-9.23	-3.3000000000000003	-0.87	-9.65	-1.47	-1.61	-7.79	-5.73
11:30:22.366716	0.07	-9.68	1.56	-0.21	-9.26	-3.21	-0.86	-9.66	-1.4000000000000001	-1.58	-7.73	-5.8100000000000005
11:30:22.376802	0.07	-9.68	1.55	-0.21	-9.28	-3.13	-0.86	-9.67	-1.35	-1.57	-7.68	-5.88
11:30:22.386870	0.07	-9.68	1.55	-0.22	-9.31	-3.0500000000000003	-0.86	-9.68	-1.28	-1.56	-7.640000000000001	-5.93
11:30:22.396938	0.08	-9.68	1.55	-0.22	-9.34	-2.97	-0.87	-9.69	-1.22	-1.56	-7.61	-5.97
11:30:22.407012	0.08	-9.68	1.55	-0.23	-9.36	-2.9	-0.87	-9.69	-1.1500000000000001	-1.57	-7.59	-6.0
11:30:22.417146	0.09	-9.68	1.55	-0.24	-9.38	-2.82	-0.88	-9.700000000000001	-1.08	-1.57	-7.57	-6.0200000000000005
11:30:22.427456	0.1	-9.68	1.55	-0.26	-9.4	-2.75	-0.85	-9.72	-0.97	-1.57	-7.5600000000000005	-6.04
11:30:22.437525	0.1	-9.68	1.54	-0.29	-9.42	-2.69	-0.81	-9.73	-0.85	-1.57	-7.53	-6.07
11:30:22.447645	0.11	-9.68	1.54	-0.32	-9.43	-2.63	-0.78	-9.74	-0.74	-1.58	-7.5	-6.1000000000000005
11:30:22.457775	0.11	-9.68	1.54	-0.35000000000000003	-9.450000000000001	-2.58	-0.74	-9.75	-0.64	-1.59	-7.47	-6.140000000000001
11:30:22.467920	0.12	-9.68	1.53	-0.39	-9.46	-2.52	-0.75	-9.76	-0.58	-1.58	-7.43	-6.19
11:30:22.478038	0.12	-9.68	1.53	-0.42	-9.48	-2.47	-0.76	-9.76	-0.51	-1.58	-7.38	-6.25
11:30:22.488462	0.12	-9.68	1.53	-0.46	-9.49	-2.4	-0.77	-9.76	-0.45	-1.57	-7.32	-6.32
11:30:22.498597	0.12	-9.68	1.53	-0.49	-9.5	-2.34	-0.79	-9.76	-0.39	-1.57	-7.32	-6.32
11:30:22.508866	0.12	-9.68	1.53	-0.52	-9.52	-2.27	-0.8	-9.76	-0.33	-1.56	-7.3	-6.3500000000000005
11:30:22.518961	0.12	-9.68	1.53	-0.55	-9.53	-2.2	-0.8200000000000001	-9.76	-0.27	-1.56	-7.26	-6.390000000000001
11:30:22.529510	0.11	-9.68	1.54	-0.58	-9.55	-2.13	-0.8300000000000001	-9.76	-0.22	-1.55	-7.21	-6.45
11:30:22.539609	0.11	-9.68	1.55	-0.61	-9.56	-2.06	-0.8300000000000001	-9.76	-0.16	-1.53	-7.18	-6.49
11:30:22.549761	0.1	-9.68	1.56	-0.65	-9.57	-2.0	-0.84	-9.76	-0.1	-1.53	-7.140000000000001	-6.54
11:30:22.559879	0.1	-9.67	1.57	-0.68	-9.58	-1.95	-0.84	-9.76	-0.04	-1.53	-7.12	-6.5600000000000005
11:30:22.570029	0.1	-9.67	1.57	-0.72	-9.59	-1.9000000000000001	-0.85	-9.76	0.0	-1.52	-7.09	-6.59
11:30:22.580185	0.09	-9.67	1.58	-0.78	-9.6	-1.82	-0.85	-9.76	0.06	-1.5	-7.05	-6.640000000000001
11:30:22.590814	0.08	-9.67	1.59	-0.81	-9.6	-1.77	-0.86	-9.76	0.11	-1.48	-7.01	-6.68
11:30:22.600885	0.07	-9.67	1.6	-0.81	-9.6	-1.77	-0.86	-9.76	0.17	-1.47	-6.99	-6.7
11:30:22.611009	0.06	-9.67	1.61	-0.87	-9.620000000000001	-1.6600000000000001	-0.88	-9.76	0.29	-1.47	-6.97	-6.73
11:30:22.621332	0.05	-9.67	1.61	-0.9	-9.63	-1.61	-0.88	-9.76	0.29	-1.46	-6.94	-6.7700000000000005
11:30:22.631658	0.03	-9.67	1.62	-0.93	-9.63	-1.55	-0.89	-9.75	0.42	-1.44	-6.9	-6.8100000000000005
11:30:22.641800	0.02	-9.67	1.62	-0.97	-9.64	-1.5	-0.9	-9.75	0.49	-1.43	-6.88	-6.83
11:30:22.652095	0.0	-9.67	1.62	-1.01	-9.64	-1.45	-0.91	-9.74	0.55	-1.42	-6.8500000000000005	-6.86
11:30:22.662205	0.0	-9.66	1.6300000000000001	-1.05	-9.64	-1.42	-0.92	-9.74	0.62	-1.41	-6.8	-6.91
11:30:22.672880	-0.02	-9.66	1.6400000000000001	-1.09	-9.64	-1.3900000000000001	-0.93	-9.73	0.6900000000000001	-1.41	-6.76	-6.95
11:30:22.682995	-0.03	-9.66	1.6500000000000001	-1.1300000000000001	-9.64	-1.36	-0.9400000000000001	-9.73	0.76	-1.46	-6.71	-6.99
11:30:22.693562	-0.05	-9.66	1.6600000000000001	-1.18	-9.64	-1.34	-0.9500000000000001	-9.72	0.8300000000000001	-1.5	-6.65	-7.04
11:30:22.703651	-0.06	-9.66	1.67	-1.23	-9.63	-1.31	-0.96	-9.71	0.91	-1.52	-6.58	-7.1000000000000005
11:30:22.713997	-0.08	-9.66	1.68	-1.28	-9.63	-1.28	-0.98	-9.700000000000001	0.99	-1.54	-6.51	-7.16
11:30:22.724342	-0.1	-9.65	1.69	-1.33	-9.63	-1.25	-1.0	-9.69	1.07	-1.58	-6.44	-7.21
11:30:22.734618	-0.11	-9.65	1.71	-1.37	-9.63	-1.22	-1.01	-9.68	1.1500000000000001	-1.61	-6.36	-7.28
11:30:22.744690	-0.13	-9.65	1.72	-1.42	-9.620000000000001	-1.19	-1.04	-9.67	1.25	-1.6600000000000001	-6.2700000000000005	-7.34
11:30:22.754766	-0.15	-9.65	1.73	-1.48	-9.620000000000001	-1.17	-1.04	-9.65	1.34	-1.72	-6.19	-7.4
11:30:22.764833	-0.16	-9.64	1.73	-1.53	-9.61	-1.16	-1.07	-9.64	1.44	-1.78	-6.1000000000000005	-7.46
11:30:22.774920	-0.17	-9.64	1.74	-1.58	-9.6	-1.1500000000000001	-1.09	-9.620000000000001	1.54	-1.84	-6.0	-7.53
11:30:22.784991	-0.19	-9.64	1.75	-1.62	-9.6	-1.1400000000000001	-1.11	-9.59	1.6600000000000001	-1.9000000000000001	-5.89	-7.6000000000000005
11:30:22.795063	-0.2	-9.64	1.76	-1.67	-9.59	-1.1500000000000001	-1.1400000000000001	-9.57	1.78	-1.97	-5.78	-7.66
11:30:22.805137	-0.21	-9.64	1.76	-1.7	-9.58	-1.1500000000000001	-1.17	-9.540000000000001	1.9100000000000001	-2.0300000000000002	-5.67	-7.73
11:30:22.815207	-0.22	-9.64	1.77	-1.74	-9.58	-1.16	-1.2	-9.51	2.04	-2.09	-5.53	-7.8100000000000005
11:30:22.825334	-0.23	-9.64	1.77	-1.76	-9.57	-1.17	-1.23	-9.47	2.19	-2.18	-5.39	-7.890000000000001
11:30:22.835424	-0.24	-9.64	1.76	-1.78	-9.56	-1.2	-1.26	-9.43	2.35	-2.29	-5.25	-7.95
11:30:22.845527	-0.26	-9.64	1.75	-1.78	-9.56	-1.23	-1.28	-9.39	2.5100000000000002	-2.38	-5.1000000000000005	-8.02
11:30:22.855596	-0.27	-9.64	1.73	-1.78	-9.55	-1.29	-1.3	-9.33	2.69	-2.45	-4.93	-8.1
11:30:22.865669	-0.28	-9.64	1.73	-1.78	-9.540000000000001	-1.35	-1.32	-9.27	2.88	-2.5500000000000003	-4.73	-8.19
11:30:22.875796	-0.29	-9.64	1.73	-1.77	-9.53	-1.44	-1.36	-9.21	3.06	-2.66	-4.53	-8.27
11:30:22.885885	-0.29	-9.64	1.73	-1.76	-9.52	-1.55	-1.41	-9.14	3.25	-2.74	-4.32	-8.35
11:30:22.895955	-0.29	-9.64	1.73	-1.75	-9.49	-1.69	-1.48	-9.06	3.43	-2.83	-4.1	-8.44
11:30:22.906025	-0.29	-9.64	1.73	-1.74	-9.46	-1.86	-1.58	-8.97	3.6	-2.92	-3.85	-8.52
11:30:22.916097	-0.29	-9.64	1.72	-1.72	-9.43	-2.04	-1.7	-8.88	3.77	-2.99	-3.59	-8.620000000000001
11:30:22.926225	-0.29	-9.64	1.72	-1.7	-9.39	-2.24	-1.82	-8.790000000000001	3.93	-3.0100000000000002	-3.2800000000000002	-8.73
11:30:22.936305	-0.29	-9.65	1.71	-1.6500000000000001	-9.34	-2.46	-1.92	-8.700000000000001	4.07	-2.98	-2.94	-8.86
11:30:22.946374	-0.27	-9.65	1.69	-1.58	-9.290000000000001	-2.68	-1.98	-8.63	4.19	-3.0500000000000003	-2.52	-8.97
11:30:22.956493	-0.25	-9.65	1.68	-1.49	-9.24	-2.9	-2.0100000000000002	-8.57	4.3	-3.23	-2.0100000000000002	-9.03
11:30:22.966609	-0.23	-9.65	1.68	-1.36	-9.200000000000001	-3.09	-2.0300000000000002	-8.51	4.42	-3.46	-1.53	-9.040000000000001
11:30:22.976945	-0.22	-9.65	1.68	-1.24	-9.16	-3.25	-2.04	-8.44	4.54	-3.83	-1.21	-8.94
11:30:22.987312	-0.21	-9.65	1.68	-1.11	-9.13	-3.37	-2.05	-8.38	4.64	-4.18	-1.19	-8.78
11:30:22.997381	-0.2	-9.65	1.68	-1.0	-9.11	-3.47	-2.05	-8.38	4.64	-4.05	-1.29	-8.83
11:30:23.007483	-0.2	-9.65	1.68	-0.87	-9.09	-3.56	-2.1	-8.290000000000001	4.79	-3.67	-1.47	-8.96
11:30:23.017549	-0.2	-9.65	1.68	-0.77	-9.06	-3.64	-2.12	-8.27	4.8	-3.47	-1.6500000000000001	-9.02
11:30:23.027694	-0.2	-9.65	1.69	-0.68	-9.040000000000001	-3.72	-2.13	-8.28	4.79	-3.4	-1.78	-9.02
11:30:23.037804	-0.21	-9.65	1.7	-0.61	-9.01	-3.8200000000000003	-2.11	-8.31	4.75	-3.2600000000000002	-1.94	-9.040000000000001
11:30:23.048468	-0.21	-9.65	1.7	-0.5700000000000001	-8.96	-3.92	-2.06	-8.35	4.69	-2.98	-2.17	-9.08
11:30:23.058581	-0.21	-9.65	1.71	-0.53	-8.92	-4.0200000000000005	-1.99	-8.42	4.6000000000000005	-2.71	-2.5	-9.08
11:30:23.068690	-0.2	-9.65	1.72	-0.51	-8.870000000000001	-4.13	-1.9100000000000001	-8.5	4.49	-2.37	-3.18	-8.96
11:30:23.078901	-0.2	-9.65	1.72	-0.5	-8.82	-4.24	-1.82	-8.59	4.3500000000000005	-2.24	-3.38	-8.92
11:30:23.089601	-0.19	-9.64	1.73	-0.48	-8.77	-4.3500000000000005	-1.74	-8.69	4.17	-2.14	-3.6	-8.86
11:30:23.099754	-0.18	-9.64	1.74	-0.47000000000000003	-8.72	-4.45	-1.68	-8.8	3.96	-2.0300000000000002	-3.88	-8.77
11:30:23.110454	-0.17	-9.64	1.75	-0.47000000000000003	-8.67	-4.55	-1.6400000000000001	-8.92	3.72	-1.9000000000000001	-4.18	-8.66
11:30:23.120579	-0.15	-9.64	1.76	-0.46	-8.57	-4.73	-1.6	-9.03	3.45	-1.76	-4.5	-8.52
11:30:23.130768	-0.14	-9.64	1.77	-0.46	-8.53	-4.8	-1.56	-9.14	3.16	-1.6300000000000001	-4.84	-8.370000000000001
11:30:23.141303	-0.13	-9.64	1.78	-0.45	-8.5	-4.86	-1.53	-9.25	2.84	-1.48	-5.16	-8.2
11:30:23.151382	-0.12	-9.64	1.79	-0.44	-8.47	-4.91	-1.51	-9.36	2.5	-1.36	-5.46	-8.02
11:30:23.161506	-0.12	-9.64	1.79	-0.42	-8.45	-4.95	-1.44	-9.53	1.75	-1.24	-5.73	-7.8500000000000005
11:30:23.171622	-0.11	-9.63	1.8	-0.4	-8.43	-4.98	-1.4000000000000001	-9.6	1.36	-1.1300000000000001	-5.99	-7.67
11:30:23.182280	-0.1	-9.63	1.81	-0.37	-8.41	-5.01	-1.36	-9.66	0.97	-1.04	-6.26	-7.47
11:30:23.192388	-0.08	-9.63	1.81	-0.33	-8.4	-5.04	-1.32	-9.69	0.58	-0.96	-6.54	-7.23
11:30:23.202509	-0.07	-9.63	1.82	-0.28	-8.39	-5.05	-1.27	-9.72	0.19	-0.89	-6.82	-6.98
11:30:23.212598	-0.06	-9.63	1.83	-0.23	-8.39	-5.05	-1.23	-9.72	-0.19	-0.85	-7.09	-6.71
11:30:23.223781	-0.04	-9.63	1.83	-0.16	-8.4	-5.05	-1.19	-9.71	-0.58	-0.81	-7.34	-6.44
11:30:23.234477	-0.03	-9.63	1.84	-0.1	-8.41	-5.03	-1.1400000000000001	-9.69	-0.97	-0.79	-7.5600000000000005	-6.18
11:30:23.244548	-0.01	-9.63	1.84	-0.05	-8.42	-5.0200000000000005	-1.1	-9.65	-1.35	-0.79	-7.76	-5.94
11:30:23.254615	-0.01	-9.63	1.84	0.0	-8.43	-5.0	-1.05	-9.59	-1.71	-0.79	-7.94	-5.68
11:30:23.264743	0.0	-9.63	1.84	0.03	-8.44	-4.99	-1.0	-9.53	-2.06	-0.79	-8.13	-5.42
11:30:23.274881	0.0	-9.63	1.84	0.06	-8.45	-4.96	-0.96	-9.450000000000001	-2.4	-0.79	-8.3	-5.15
11:30:23.284945	0.0	-9.63	1.83	0.1	-8.47	-4.93	-0.93	-9.370000000000001	-2.71	-0.8	-8.46	-4.88
11:30:23.295034	0.0	-9.63	1.83	0.12	-8.49	-4.89	-0.89	-9.290000000000001	-3.0	-0.8	-8.61	-4.62
11:30:23.305103	0.0	-9.63	1.82	0.14	-8.52	-4.84	-0.87	-9.200000000000001	-3.2600000000000002	-0.8	-8.73	-4.38
11:30:23.315250	0.0	-9.63	1.82	0.15	-8.540000000000001	-4.8	-0.85	-9.11	-3.5	-0.81	-8.83	-4.16
11:30:23.325385	0.0	-9.63	1.82	0.14	-8.56	-4.7700000000000005	-0.84	-9.03	-3.71	-0.8300000000000001	-8.92	-3.97
11:30:23.335437	0.0	-9.63	1.82	0.12	-8.57	-4.75	-0.85	-8.950000000000001	-3.89	-0.86	-8.99	-3.8000000000000003
11:30:23.345511	0.0	-9.63	1.82	0.09	-8.58	-4.74	-0.86	-8.89	-4.04	-0.89	-9.05	-3.65
11:30:23.355576	0.0	-9.63	1.82	0.06	-8.59	-4.72	-0.89	-8.83	-4.15	-0.93	-9.1	-3.52
11:30:23.365649	-0.01	-9.63	1.81	0.03	-8.6	-4.7	-0.92	-8.790000000000001	-4.23	-0.97	-9.13	-3.42
11:30:23.375803	-0.01	-9.63	1.81	0.02	-8.61	-4.68	-0.9500000000000001	-8.76	-4.28	-1.01	-9.15	-3.35
11:30:23.385871	-0.02	-9.63	1.81	0.02	-8.620000000000001	-4.66	-0.98	-8.75	-4.3	-1.05	-9.17	-3.3000000000000003
11:30:23.395959	-0.02	-9.63	1.8	0.04	-8.64	-4.63	-1.01	-8.76	-4.28	-1.07	-9.18	-3.2600000000000002
11:30:23.406033	-0.03	-9.64	1.79	0.06	-8.65	-4.61	-1.03	-8.77	-4.24	-1.08	-9.18	-3.2600000000000002
11:30:23.416108	-0.04	-9.64	1.79	0.09	-8.66	-4.59	-1.05	-8.8	-4.17	-1.1	-9.17	-3.2800000000000002
11:30:23.426284	-0.04	-9.64	1.78	0.1	-8.66	-4.58	-1.07	-8.84	-4.09	-1.12	-9.15	-3.33
11:30:23.436374	-0.04	-9.64	1.77	0.11	-8.67	-4.57	-1.08	-8.89	-3.98	-1.1300000000000001	-9.120000000000001	-3.39
11:30:23.446497	-0.06	-9.64	1.75	0.11	-8.67	-4.57	-1.08	-8.950000000000001	-3.85	-1.1500000000000001	-9.08	-3.5
11:30:23.456609	-0.07	-9.65	1.74	0.1	-8.67	-4.5600000000000005	-1.07	-9.01	-3.7	-1.1400000000000001	-9.02	-3.67
11:30:23.467137	-0.08	-9.65	1.73	0.08	-8.68	-4.55	-1.07	-9.07	-3.5500000000000003	-1.12	-8.950000000000001	-3.83
11:30:23.477213	-0.09	-9.65	1.72	0.06	-8.68	-4.54	-1.07	-9.13	-3.41	-1.11	-8.91	-3.93
11:30:23.487342	-0.11	-9.65	1.71	0.04	-8.700000000000001	-4.5200000000000005	-1.03	-9.16	-3.31	-1.08	-9.05	-3.59
11:30:23.497410	-0.13	-9.65	1.69	0.03	-8.72	-4.47	-1.0	-9.18	-3.2800000000000002	-1.08	-9.05	-3.59
11:30:23.507480	-0.14	-9.65	1.69	0.02	-8.76	-4.39	-1.01	-9.19	-3.2600000000000002	-0.89	-9.0	-3.7600000000000002
11:30:23.517581	-0.16	-9.65	1.69	0.0	-8.8	-4.32	-1.03	-9.22	-3.17	-0.97	-8.870000000000001	-4.05
11:30:23.527705	-0.18	-9.65	1.69	-0.03	-8.83	-4.25	-1.06	-9.26	-3.0300000000000002	-1.21	-8.73	-4.28
11:30:23.538225	-0.2	-9.65	1.69	-0.05	-8.84	-4.22	-1.06	-9.3	-2.91	-1.35	-8.58	-4.53
11:30:23.548536	-0.21	-9.65	1.69	-0.05	-8.84	-4.23	-1.04	-9.33	-2.8000000000000003	-1.41	-8.41	-4.83
11:30:23.558644	-0.22	-9.65	1.69	-0.04	-8.84	-4.23	-1.0	-9.370000000000001	-2.7	-1.52	-8.25	-5.07
11:30:23.569000	-0.23	-9.65	1.68	-0.02	-8.85	-4.21	-0.98	-9.4	-2.58	-1.71	-8.17	-5.14
11:30:23.579080	-0.23	-9.65	1.68	0.0	-8.870000000000001	-4.17	-0.98	-9.43	-2.48	-1.73	-8.21	-5.07
11:30:23.589166	-0.23	-9.65	1.68	0.0	-8.89	-4.12	-0.98	-9.46	-2.37	-1.72	-8.26	-4.98
11:30:23.599480	-0.22	-9.65	1.69	0.0	-8.93	-4.05	-0.99	-9.49	-2.25	-1.7	-8.26	-4.98
11:30:23.609572	-0.21	-9.65	1.7	0.01	-8.96	-3.96	-0.99	-9.51	-2.15	-1.71	-8.2	-5.08
11:30:23.619774	-0.19	-9.65	1.71	0.01	-9.0	-3.88	-0.96	-9.53	-2.05	-1.73	-8.120000000000001	-5.2
11:30:23.630361	-0.16	-9.65	1.72	0.02	-9.040000000000001	-3.79	-0.92	-9.56	-1.97	-1.76	-8.03	-5.33
11:30:23.640426	-0.13	-9.65	1.72	0.02	-9.08	-3.69	-0.89	-9.58	-1.8800000000000001	-1.8	-7.97	-5.4
11:30:23.650522	-0.1	-9.65	1.73	0.0	-9.120000000000001	-3.59	-0.86	-9.6	-1.79	-1.81	-7.95	-5.44
11:30:23.660652	-0.07	-9.65	1.73	-0.03	-9.15	-3.5	-0.8300000000000001	-9.61	-1.71	-1.8	-7.930000000000001	-5.46
11:30:23.670745	-0.05	-9.65	1.73	-0.1	-9.17	-3.44	-0.8200000000000001	-9.63	-1.62	-1.79	-7.92	-5.49
11:30:23.681079	-0.04	-9.65	1.73	-0.17	-9.19	-3.4	-0.81	-9.65	-1.54	-1.8	-7.88	-5.55
11:30:23.691194	-0.04	-9.65	1.73	-0.3	-9.200000000000001	-3.36	-0.8	-9.67	-1.36	-1.83	-7.82	-5.62
11:30:23.701561	-0.04	-9.65	1.73	-0.36	-9.200000000000001	-3.35	-0.8	-9.67	-1.36	-1.86	-7.78	-5.66
11:30:23.711665	-0.05	-9.65	1.72	-0.41000000000000003	-9.22	-3.31	-0.81	-9.68	-1.27	-1.9000000000000001	-7.75	-5.69
11:30:23.721783	-0.05	-9.65	1.72	-0.44	-9.24	-3.23	-0.8200000000000001	-9.700000000000001	-1.1	-1.93	-7.74	-5.69
11:30:23.732458	-0.06	-9.65	1.71	-0.45	-9.28	-3.13	-0.81	-9.71	-1.03	-1.92	-7.72	-5.72
11:30:23.742597	-0.07	-9.65	1.7	-0.45	-9.31	-3.0300000000000002	-0.81	-9.72	-0.96	-1.9000000000000001	-7.68	-5.78
11:30:23.752714	-0.07	-9.65	1.69	-0.45	-9.34	-2.93	-0.81	-9.73	-0.89	-1.9000000000000001	-7.63	-5.8500000000000005
11:30:23.762820	-0.07	-9.65	1.69	-0.46	-9.370000000000001	-2.84	-0.8	-9.73	-0.8300000000000001	-1.8900000000000001	-7.58	-5.92
11:30:23.772911	-0.06	-9.65	1.69	-0.47000000000000003	-9.39	-2.75	-0.8	-9.74	-0.76	-1.8900000000000001	-7.54	-5.97
11:30:23.783036	-0.05	-9.66	1.68	-0.48	-9.41	-2.68	-0.8	-9.74	-0.7000000000000001	-1.8900000000000001	-7.5	-6.0200000000000005
11:30:23.793102	-0.04	-9.66	1.68	-0.49	-9.43	-2.61	-0.8	-9.75	-0.63	-1.9000000000000001	-7.47	-6.05
11:30:23.803548	-0.03	-9.66	1.68	-0.5	-9.450000000000001	-2.54	-0.81	-9.75	-0.5700000000000001	-1.9000000000000001	-7.45	-6.07
11:30:23.813622	-0.01	-9.66	1.67	-0.51	-9.47	-2.47	-0.81	-9.75	-0.5	-1.92	-7.42	-6.1000000000000005
11:30:23.823713	0.0	-9.66	1.67	-0.53	-9.49	-2.39	-0.8	-9.76	-0.43	-1.93	-7.38	-6.16
11:30:23.834255	0.0	-9.66	1.67	-0.56	-9.51	-2.32	-0.8	-9.76	-0.43	-1.92	-7.34	-6.2
11:30:23.844444	0.0	-9.66	1.6600000000000001	-0.59	-9.52	-2.24	-0.79	-9.76	-0.3	-1.9100000000000001	-7.3100000000000005	-6.24
11:30:23.854538	0.01	-9.66	1.6600000000000001	-0.62	-9.540000000000001	-2.17	-0.79	-9.77	-0.24	-1.9000000000000001	-7.28	-6.2700000000000005
11:30:23.864611	0.01	-9.66	1.6500000000000001	-0.67	-9.55	-2.1	-0.78	-9.77	-0.18	-1.9000000000000001	-7.25	-6.32
11:30:23.874679	0.02	-9.66	1.6500000000000001	-0.71	-9.56	-2.0300000000000002	-0.78	-9.77	-0.12	-1.9100000000000001	-7.22	-6.34
11:30:23.884806	0.02	-9.66	1.6500000000000001	-0.75	-9.57	-1.97	-0.78	-9.77	-0.06	-1.93	-7.19	-6.37
11:30:23.894878	0.02	-9.66	1.6500000000000001	-0.79	-9.58	-1.9000000000000001	-0.78	-9.77	0.0	-1.94	-7.16	-6.41
11:30:23.905065	0.01	-9.67	1.59	-0.84	-9.59	-1.83	-0.78	-9.77	0.05	-1.95	-7.13	-6.43
11:30:23.915132	0.01	-9.68	1.53	-0.89	-9.6	-1.75	-0.78	-9.77	0.1	-1.97	-7.11	-6.44
11:30:23.925560	0.0	-9.69	1.47	-0.93	-9.61	-1.67	-0.78	-9.77	0.14	-1.97	-7.09	-6.47
11:30:23.935638	0.0	-9.700000000000001	1.43	-0.98	-9.620000000000001	-1.58	-0.78	-9.77	0.14	-1.97	-7.0600000000000005	-6.5
11:30:23.945708	0.0	-9.700000000000001	1.3800000000000001	-1.03	-9.63	-1.5	-0.78	-9.77	0.14	-1.99	-7.04	-6.5200000000000005
11:30:23.955783	-0.01	-9.71	1.34	-1.07	-9.64	-1.42	-0.78	-9.77	0.28	-2.0100000000000002	-7.0200000000000005	-6.54
11:30:23.965858	-0.03	-9.71	1.3	-1.1300000000000001	-9.64	-1.34	-0.78	-9.76	0.33	-2.02	-6.99	-6.5600000000000005
11:30:23.975926	-0.04	-9.72	1.26	-1.18	-9.65	-1.27	-0.78	-9.76	0.38	-2.0300000000000002	-6.96	-6.59
11:30:23.986035	-0.04	-9.72	1.26	-1.23	-9.65	-1.21	-0.79	-9.76	0.42	-2.04	-6.93	-6.62
11:30:23.996104	-0.08	-9.72	1.23	-1.28	-9.65	-1.1500000000000001	-0.79	-9.76	0.47000000000000003	-2.06	-6.9	-6.65
11:30:24.006177	-0.1	-9.72	1.25	-1.34	-9.65	-1.1	-0.79	-9.75	0.53	-2.06	-6.86	-6.69
11:30:24.016248	-0.11	-9.72	1.27	-1.3900000000000001	-9.64	-1.04	-0.8	-9.75	0.59	-2.08	-6.8	-6.74
11:30:24.026326	-0.13	-9.72	1.28	-1.45	-9.64	-0.99	-0.81	-9.75	0.65	-2.11	-6.75	-6.78
11:30:24.036449	-0.16	-9.71	1.3	-1.5	-9.64	-0.9400000000000001	-0.81	-9.75	0.65	-2.13	-6.69	-6.83
11:30:24.046519	-0.18	-9.71	1.32	-1.55	-9.64	-0.89	-0.81	-9.75	0.65	-2.15	-6.61	-6.9
11:30:24.056595	-0.21	-9.71	1.33	-1.6	-9.63	-0.85	-0.81	-9.75	0.65	-2.18	-6.53	-6.97
11:30:24.066667	-0.23	-9.700000000000001	1.35	-1.6500000000000001	-9.63	-0.81	-0.87	-9.72	0.96	-2.21	-6.45	-7.03
11:30:24.076805	-0.26	-9.700000000000001	1.36	-1.69	-9.620000000000001	-0.78	-0.87	-9.72	0.96	-2.25	-6.37	-7.1000000000000005
11:30:24.086929	-0.28	-9.700000000000001	1.3800000000000001	-1.73	-9.620000000000001	-0.76	-0.91	-9.69	1.1500000000000001	-2.27	-6.26	-7.19
11:30:24.097027	-0.3	-9.700000000000001	1.3900000000000001	-1.76	-9.61	-0.75	-0.91	-9.69	1.1500000000000001	-2.31	-6.15	-7.2700000000000005
11:30:24.107100	-0.32	-9.69	1.41	-1.8	-9.6	-0.75	-0.97	-9.65	1.3800000000000001	-2.36	-6.05	-7.33
11:30:24.117172	-0.34	-9.69	1.42	-1.83	-9.6	-0.76	-0.99	-9.63	1.51	-2.41	-5.94	-7.41
11:30:24.127244	-0.37	-9.69	1.43	-1.86	-9.59	-0.78	-0.99	-9.63	1.51	-2.46	-5.8100000000000005	-7.5
11:30:24.137323	-0.39	-9.69	1.44	-1.8900000000000001	-9.58	-0.81	-1.02	-9.61	1.6500000000000001	-2.52	-5.68	-7.57
11:30:24.147390	-0.42	-9.68	1.45	-1.92	-9.57	-0.84	-1.02	-9.61	1.6500000000000001	-2.59	-5.5600000000000005	-7.640000000000001
11:30:24.157463	-0.45	-9.68	1.45	-1.94	-9.57	-0.87	-1.02	-9.61	1.6500000000000001	-2.66	-5.4	-7.73
11:30:24.167765	-0.49	-9.68	1.46	-1.95	-9.56	-0.91	-1.17	-9.450000000000001	2.3000000000000003	-2.73	-5.23	-7.82
11:30:24.177834	-0.53	-9.68	1.46	-1.96	-9.56	-0.9500000000000001	-1.17	-9.450000000000001	2.3000000000000003	-2.79	-5.0600000000000005	-7.91
11:30:24.188346	-0.58	-9.67	1.46	-1.96	-9.55	-1.0	-1.22	-9.4	2.48	-3.06	-4.72	-8.03
11:30:24.198410	-0.63	-9.67	1.44	-1.96	-9.540000000000001	-1.07	-1.27	-9.34	2.66	-3.18	-4.49	-8.11
11:30:24.208500	-0.68	-9.67	1.42	-1.95	-9.53	-1.17	-1.32	-9.28	2.86	-3.18	-4.49	-8.11
11:30:24.218625	-0.72	-9.67	1.4000000000000001	-1.93	-9.52	-1.29	-1.36	-9.21	3.0700000000000003	-3.31	-4.05	-8.290000000000001
11:30:24.228756	-0.74	-9.67	1.3900000000000001	-1.92	-9.5	-1.43	-1.41	-9.13	3.2800000000000002	-3.33	-3.7800000000000002	-8.4
11:30:24.239552	-0.74	-9.68	1.37	-1.9000000000000001	-9.48	-1.6	-1.51	-9.040000000000001	3.48	-3.36	-3.49	-8.52
11:30:24.250116	-0.73	-9.68	1.36	-1.87	-9.450000000000001	-1.79	-1.6400000000000001	-8.94	3.67	-3.39	-3.13	-8.64
11:30:24.260204	-0.71	-9.68	1.35	-1.84	-9.41	-2.02	-1.8	-8.84	3.83	-3.49	-2.73	-8.74
11:30:24.270323	-0.6900000000000001	-9.68	1.35	-1.81	-9.36	-2.2600000000000002	-1.95	-8.73	4.0	-3.64	-2.23	-8.82
11:30:24.281039	-0.67	-9.69	1.34	-1.75	-9.3	-2.5300000000000002	-2.05	-8.64	4.14	-3.8000000000000003	-1.69	-8.88
11:30:24.291408	-0.66	-9.69	1.33	-1.55	-9.19	-3.02	-2.11	-8.56	4.28	-4.14	-1.2	-8.8
11:30:24.301523	-0.65	-9.69	1.33	-1.42	-9.15	-3.21	-2.13	-8.48	4.43	-4.65	-0.91	-8.58
11:30:24.312085	-0.64	-9.69	1.32	-1.28	-9.120000000000001	-3.35	-2.13	-8.4	4.58	-4.73	-0.91	-8.53
11:30:24.322213	-0.64	-9.69	1.31	-1.1400000000000001	-9.1	-3.45	-2.15	-8.25	4.84	-4.15	-0.9400000000000001	-8.83
11:30:24.332376	-0.65	-9.69	1.29	-1.03	-9.08	-3.5300000000000002	-2.18	-8.19	4.92	-3.63	-1.06	-9.040000000000001
11:30:24.342485	-0.66	-9.69	1.28	-0.9400000000000001	-9.06	-3.62	-2.18	-8.19	4.92	-3.5	-1.23	-9.07
11:30:24.353009	-0.68	-9.69	1.28	-0.86	-9.02	-3.73	-2.2	-8.15	4.97	-3.5	-1.3800000000000001	-9.05
11:30:24.363082	-0.7000000000000001	-9.69	1.28	-0.86	-9.02	-3.73	-2.2	-8.15	4.97	-3.2600000000000002	-1.53	-9.11
11:30:24.373205	-0.72	-9.69	1.29	-0.73	-8.91	-4.0200000000000005	-2.23	-8.2	4.88	-2.88	-1.77	-9.200000000000001
11:30:24.383750	-0.73	-9.69	1.3	-0.68	-8.84	-4.18	-2.23	-8.2	4.88	-2.58	-2.17	-9.200000000000001
11:30:24.393832	-0.74	-9.68	1.31	-0.62	-8.77	-4.33	-2.23	-8.2	4.88	-2.45	-2.58	-9.13
11:30:24.403923	-0.74	-9.68	1.32	-0.56	-8.700000000000001	-4.48	-2.19	-8.27	4.79	-2.37	-2.84	-9.07
11:30:24.414031	-0.74	-9.68	1.34	-0.51	-8.64	-4.6000000000000005	-2.0	-8.56	4.32	-2.2800000000000002	-3.0300000000000002	-9.03
11:30:24.424161	-0.73	-9.68	1.35	-0.46	-8.58	-4.71	-2.0	-8.56	4.32	-2.19	-3.29	-8.97
11:30:24.434238	-0.73	-9.68	1.36	-0.42	-8.540000000000001	-4.79	-1.9000000000000001	-8.84	3.7800000000000002	-2.12	-3.63	-8.85
11:30:24.444319	-0.72	-9.68	1.3800000000000001	-0.4	-8.49	-4.88	-1.9000000000000001	-8.84	3.7800000000000002	-2.0300000000000002	-4.01	-8.71
11:30:24.454445	-0.72	-9.67	1.4000000000000001	-0.4	-8.44	-4.97	-1.79	-9.120000000000001	3.11	-1.92	-4.41	-8.540000000000001
11:30:24.464955	-0.72	-9.67	1.4000000000000001	-0.41000000000000003	-8.38	-5.0600000000000005	-1.73	-9.25	2.74	-1.79	-4.83	-8.34
11:30:24.475072	-0.72	-9.67	1.42	-0.43	-8.33	-5.15	-1.73	-9.25	2.74	-1.67	-5.21	-8.13
11:30:24.485141	-0.72	-9.67	1.43	-0.43	-8.28	-5.22	-1.61	-9.47	1.92	-1.55	-5.55	-7.930000000000001
11:30:24.495359	-0.72	-9.67	1.43	-0.42	-8.25	-5.2700000000000005	-1.56	-9.56	1.48	-1.45	-5.86	-7.72
11:30:24.505895	-0.71	-9.67	1.45	-0.4	-8.24	-5.29	-1.52	-9.63	1.03	-1.34	-6.17	-7.49
11:30:24.515964	-0.71	-9.67	1.45	-0.36	-8.24	-5.3	-1.48	-9.67	0.5700000000000001	-1.23	-6.49	-7.24
11:30:24.526094	-0.72	-9.66	1.46	-0.31	-8.25	-5.28	-1.43	-9.700000000000001	0.11	-1.1300000000000001	-6.8	-6.96
11:30:24.536161	-0.72	-9.66	1.46	-0.25	-8.26	-5.26	-1.3800000000000001	-9.700000000000001	-0.34	-1.05	-7.1000000000000005	-6.67
11:30:24.546245	-0.73	-9.66	1.46	-0.19	-8.28	-5.24	-1.3800000000000001	-9.700000000000001	-0.34	-0.99	-7.37	-6.38
11:30:24.556340	-0.73	-9.66	1.46	-0.13	-8.3	-5.22	-1.26	-9.64	-1.23	-0.93	-7.62	-6.09
11:30:24.566409	-0.75	-9.66	1.45	-0.08	-8.31	-5.19	-1.21	-9.58	-1.6500000000000001	-0.91	-7.86	-5.78
11:30:24.576477	-0.77	-9.66	1.45	-0.03	-8.33	-5.16	-1.21	-9.58	-1.6500000000000001	-0.91	-8.08	-5.47
11:30:24.586551	-0.79	-9.66	1.44	0.0	-8.35	-5.13	-1.21	-9.58	-1.6500000000000001	-0.9	-8.28	-5.16
11:30:24.596980	-0.81	-9.66	1.43	0.04	-8.38	-5.08	-1.08	-9.33	-2.7800000000000002	-0.89	-8.47	-4.8500000000000005
11:30:24.607067	-0.84	-9.66	1.42	0.08	-8.41	-5.03	-1.05	-9.23	-3.11	-0.88	-8.64	-4.53
11:30:24.617159	-0.87	-9.66	1.41	0.11	-8.44	-4.98	-1.03	-9.13	-3.41	-0.87	-8.790000000000001	-4.24
11:30:24.627305	-0.9	-9.66	1.4000000000000001	0.12	-8.46	-4.95	-1.03	-9.13	-3.41	-0.86	-8.91	-3.98
11:30:24.637388	-0.93	-9.66	1.3900000000000001	0.12	-8.48	-4.92	-0.99	-8.92	-3.93	-0.85	-9.02	-3.75
11:30:24.647473	-0.96	-9.65	1.3800000000000001	0.1	-8.49	-4.89	-0.97	-8.83	-4.14	-0.84	-9.1	-3.5300000000000002
11:30:24.657537	-0.99	-9.65	1.3800000000000001	0.08	-8.5	-4.87	-0.96	-8.75	-4.3100000000000005	-0.84	-9.17	-3.35
11:30:24.667611	-1.01	-9.65	1.37	0.05	-8.51	-4.8500000000000005	-0.96	-8.75	-4.3100000000000005	-0.85	-9.22	-3.2
11:30:24.677690	-1.04	-9.65	1.37	0.03	-8.53	-4.83	-0.96	-8.75	-4.3100000000000005	-0.88	-9.26	-3.08
11:30:24.688078	-1.05	-9.65	1.37	0.03	-8.540000000000001	-4.8100000000000005	-0.96	-8.75	-4.3100000000000005	-0.91	-9.3	-2.95
11:30:24.698157	-1.07	-9.65	1.37	0.03	-8.55	-4.79	-0.96	-8.75	-4.3100000000000005	-0.91	-9.3	-2.95
11:30:24.708315	-1.09	-9.64	1.36	0.05	-8.55	-4.79	-0.98	-8.6	-4.59	-0.92	-9.3	-2.94
11:30:24.718430	-1.1	-9.64	1.36	0.08	-8.55	-4.79	-0.98	-8.6	-4.59	-0.93	-9.3	-2.96
11:30:24.729202	-1.12	-9.64	1.36	0.1	-8.540000000000001	-4.8	-0.97	-8.67	-4.47	-0.9400000000000001	-9.25	-3.09
11:30:24.739337	-1.1300000000000001	-9.64	1.35	0.11	-8.53	-4.82	-0.97	-8.72	-4.37	-0.96	-9.21	-3.2
11:30:24.749457	-1.1500000000000001	-9.64	1.35	0.12	-8.53	-4.83	-0.98	-8.78	-4.25	-0.97	-9.17	-3.3200000000000003
11:30:24.759591	-1.16	-9.64	1.35	0.11	-8.52	-4.83	-0.99	-8.84	-4.1	-0.9400000000000001	-9.14	-3.42
11:30:24.770016	-1.18	-9.64	1.35	0.09	-8.53	-4.83	-1.01	-8.91	-3.94	-0.87	-9.06	-3.62
11:30:24.780154	-1.2	-9.63	1.34	0.06	-8.53	-4.83	-1.01	-8.91	-3.94	-0.81	-9.0	-3.8000000000000003
11:30:24.790226	-1.22	-9.63	1.34	0.04	-8.53	-4.82	-1.04	-9.05	-3.6	-0.73	-8.96	-3.9
11:30:24.800360	-1.24	-9.63	1.34	0.02	-8.55	-4.79	-1.06	-9.11	-3.44	-0.6900000000000001	-8.97	-3.88
11:30:24.810465	-1.26	-9.63	1.33	0.02	-8.58	-4.73	-1.06	-9.16	-3.33	-0.71	-9.08	-3.63
11:30:24.820917	-1.29	-9.620000000000001	1.32	0.01	-8.63	-4.64	-1.06	-9.17	-3.29	-0.7000000000000001	-9.05	-3.69
11:30:24.831014	-1.31	-9.620000000000001	1.32	-0.01	-8.68	-4.55	-1.12	-9.17	-3.2600000000000002	-0.8300000000000001	-8.91	-4.0
11:30:24.841119	-1.34	-9.620000000000001	1.32	-0.09	-8.76	-4.39	-1.19	-9.200000000000001	-3.17	-1.1	-8.77	-4.24
11:30:24.851231	-1.37	-9.61	1.33	-0.09	-8.76	-4.39	-1.26	-9.24	-3.02	-1.29	-8.64	-4.44
11:30:24.861320	-1.3900000000000001	-9.61	1.33	-0.15	-8.75	-4.4	-1.29	-9.28	-2.89	-1.41	-8.48	-4.7
11:30:24.871391	-1.41	-9.6	1.34	-0.18	-8.76	-4.4	-1.28	-9.31	-2.79	-1.52	-8.35	-4.9
11:30:24.881509	-1.42	-9.6	1.35	-0.2	-8.77	-4.37	-1.2	-9.370000000000001	-2.6	-1.6600000000000001	-8.26	-5.0
11:30:24.891637	-1.42	-9.6	1.35	-0.22	-8.8	-4.3100000000000005	-1.17	-9.4	-2.5	-1.74	-8.25	-5.0
11:30:24.901763	-1.42	-9.6	1.37	-0.22	-8.8	-4.3100000000000005	-1.17	-9.4	-2.5	-1.77	-8.28	-4.93
11:30:24.912281	-1.41	-9.6	1.3800000000000001	-0.24	-8.88	-4.14	-1.1400000000000001	-9.450000000000001	-2.31	-1.76	-8.33	-4.86
11:30:24.922809	-1.3800000000000001	-9.6	1.41	-0.22	-8.92	-4.05	-1.1400000000000001	-9.48	-2.21	-1.76	-8.33	-4.8500000000000005
11:30:24.932877	-1.35	-9.6	1.44	-0.19	-8.97	-3.94	-1.12	-9.5	-2.12	-1.78	-8.28	-4.93
11:30:24.943003	-1.31	-9.6	1.47	-0.17	-9.03	-3.81	-1.09	-9.52	-2.04	-1.8	-8.2	-5.05
11:30:24.953136	-1.27	-9.6	1.5	-0.18	-9.08	-3.68	-1.06	-9.540000000000001	-1.96	-1.82	-8.11	-5.19
11:30:24.963804	-1.23	-9.6	1.52	-0.22	-9.120000000000001	-3.5700000000000003	-1.03	-9.56	-1.8800000000000001	-1.83	-8.03	-5.3
11:30:24.973911	-1.19	-9.6	1.55	-0.3	-9.15	-3.49	-1.01	-9.58	-1.8	-1.83	-8.01	-5.34
11:30:24.984059	-1.17	-9.6	1.56	-0.39	-9.16	-3.45	-1.0	-9.6	-1.72	-1.82	-8.02	-5.33
11:30:24.994208	-1.16	-9.6	1.57	-0.48	-9.17	-3.43	-0.98	-9.61	-1.6400000000000001	-1.8	-8.02	-5.34
11:30:25.004315	-1.16	-9.6	1.58	-0.5700000000000001	-9.16	-3.43	-0.97	-9.63	-1.55	-1.78	-8.0	-5.37
11:30:25.014726	-1.16	-9.6	1.58	-0.66	-9.16	-3.41	-0.96	-9.64	-1.47	-1.78	-7.96	-5.43
11:30:25.024812	-1.17	-9.6	1.58	-0.71	-9.19	-3.3200000000000003	-0.96	-9.65	-1.3900000000000001	-1.81	-7.91	-5.49
11:30:25.035441	-1.19	-9.6	1.58	-0.72	-9.23	-3.23	-0.96	-9.66	-1.31	-1.84	-7.88	-5.5200000000000005
11:30:25.045667	-1.19	-9.6	1.58	-0.71	-9.27	-3.1	-0.96	-9.67	-1.24	-1.87	-7.86	-5.54
11:30:25.055872	-1.19	-9.6	1.57	-0.6900000000000001	-9.31	-2.98	-0.96	-9.68	-1.17	-1.9000000000000001	-7.8500000000000005	-5.55
11:30:25.065958	-1.19	-9.6	1.57	-0.68	-9.35	-2.86	-0.9500000000000001	-9.69	-1.1	-1.8900000000000001	-7.83	-5.58
11:30:25.076030	-1.18	-9.6	1.57	-0.6900000000000001	-9.38	-2.7600000000000002	-0.9400000000000001	-9.700000000000001	-1.04	-1.87	-7.8	-5.63
11:30:25.086097	-1.17	-9.6	1.57	-0.7000000000000001	-9.4	-2.68	-0.93	-9.71	-0.97	-1.86	-7.7700000000000005	-5.68
11:30:25.096166	-1.1500000000000001	-9.61	1.57	-0.72	-9.42	-2.6	-0.93	-9.71	-0.91	-1.87	-7.73	-5.73
11:30:25.106250	-1.1400000000000001	-9.61	1.57	-0.74	-9.44	-2.54	-0.93	-9.72	-0.85	-1.8800000000000001	-7.7	-5.76
11:30:25.116323	-1.12	-9.61	1.57	-0.75	-9.450000000000001	-2.47	-0.93	-9.72	-0.79	-1.8900000000000001	-7.67	-5.79
11:30:25.126392	-1.11	-9.61	1.56	-0.77	-9.47	-2.4	-0.93	-9.73	-0.73	-1.9100000000000001	-7.640000000000001	-5.83
11:30:25.136467	-1.09	-9.61	1.56	-0.79	-9.49	-2.32	-0.93	-9.73	-0.66	-1.92	-7.61	-5.87
11:30:25.146570	-1.08	-9.61	1.56	-0.8200000000000001	-9.51	-2.23	-0.92	-9.74	-0.59	-1.93	-7.58	-5.9
11:30:25.156648	-1.07	-9.620000000000001	1.56	-0.86	-9.53	-2.13	-0.92	-9.74	-0.52	-1.93	-7.55	-5.94
11:30:25.166720	-1.06	-9.620000000000001	1.56	-0.89	-9.55	-2.0300000000000002	-0.92	-9.75	-0.45	-1.94	-7.5200000000000005	-5.98
11:30:25.176786	-1.05	-9.620000000000001	1.56	-0.93	-9.56	-1.94	-0.91	-9.75	-0.38	-1.94	-7.49	-6.01
11:30:25.186857	-1.04	-9.620000000000001	1.57	-0.97	-9.57	-1.86	-0.91	-9.75	-0.31	-1.96	-7.46	-6.05
11:30:25.196932	-1.03	-9.620000000000001	1.57	-1.02	-9.58	-1.79	-0.9	-9.76	-0.24	-1.97	-7.42	-6.09
11:30:25.207015	-1.02	-9.620000000000001	1.58	-1.06	-9.59	-1.73	-0.9	-9.76	-0.18	-1.99	-7.38	-6.13
11:30:25.217086	-1.02	-9.620000000000001	1.58	-1.1	-9.6	-1.6600000000000001	-0.89	-9.76	-0.11	-2.0100000000000002	-7.34	-6.17
11:30:25.227159	-1.02	-9.620000000000001	1.54	-1.1400000000000001	-9.6	-1.59	-0.89	-9.76	-0.04	-2.0300000000000002	-7.3	-6.21
11:30:25.237273	-1.03	-9.63	1.5	-1.18	-9.61	-1.52	-0.88	-9.76	0.02	-2.04	-7.26	-6.26
11:30:25.247347	-1.03	-9.64	1.46	-1.22	-9.620000000000001	-1.44	-0.87	-9.76	0.09	-2.04	-7.22	-6.3
11:30:25.257429	-1.03	-9.63	1.47	-1.26	-9.620000000000001	-1.37	-0.87	-9.76	0.16	-2.04	-7.2	-6.33
11:30:25.267495	-1.03	-9.63	1.49	-1.29	-9.63	-1.3	-0.86	-9.76	0.23	-2.04	-7.16	-6.38
11:30:25.277580	-1.03	-9.63	1.49	-1.32	-9.63	-1.24	-0.86	-9.76	0.3	-2.04	-7.11	-6.42
11:30:25.288260	-1.03	-9.63	1.5	-1.35	-9.64	-1.18	-0.86	-9.76	0.37	-2.06	-7.04	-6.5
11:30:25.298386	-1.03	-9.63	1.51	-1.3800000000000001	-9.64	-1.12	-0.85	-9.75	0.45	-2.05	-7.0	-6.54
11:30:25.308515	-1.04	-9.63	1.51	-1.42	-9.64	-1.07	-0.85	-9.75	0.53	-2.0300000000000002	-6.96	-6.59
11:30:25.319057	-1.04	-9.63	1.51	-1.45	-9.64	-1.02	-0.85	-9.74	0.62	-2.0300000000000002	-6.93	-6.63
11:30:25.329148	-1.05	-9.63	1.52	-1.49	-9.64	-0.98	-0.85	-9.74	0.7000000000000001	-2.0300000000000002	-6.88	-6.67
11:30:25.339232	-1.05	-9.620000000000001	1.52	-1.52	-9.64	-0.93	-0.86	-9.73	0.79	-2.05	-6.82	-6.73
11:30:25.349375	-1.06	-9.620000000000001	1.52	-1.56	-9.63	-0.9	-0.86	-9.72	0.89	-2.1	-6.75	-6.79
11:30:25.359481	-1.07	-9.620000000000001	1.52	-1.6	-9.63	-0.87	-0.86	-9.71	0.99	-2.14	-6.68	-6.8500000000000005
11:30:25.369601	-1.07	-9.620000000000001	1.53	-1.6300000000000001	-9.63	-0.84	-0.87	-9.700000000000001	1.1	-2.15	-6.59	-6.92
11:30:25.379699	-1.08	-9.620000000000001	1.54	-1.6600000000000001	-9.620000000000001	-0.8200000000000001	-0.89	-9.69	1.2	-2.18	-6.5	-7.0
11:30:25.389835	-1.08	-9.620000000000001	1.54	-1.69	-9.620000000000001	-0.8	-0.9	-9.67	1.32	-2.21	-6.4	-7.08
11:30:25.400198	-1.08	-9.620000000000001	1.55	-1.73	-9.620000000000001	-0.78	-0.92	-9.65	1.44	-2.2600000000000002	-6.3100000000000005	-7.15
11:30:25.410333	-1.09	-9.620000000000001	1.55	-1.76	-9.61	-0.77	-0.9400000000000001	-9.63	1.56	-2.33	-6.21	-7.22
11:30:25.420432	-1.09	-9.61	1.56	-1.8	-9.6	-0.76	-0.99	-9.58	1.83	-2.38	-6.09	-7.29
11:30:25.430543	-1.1	-9.61	1.56	-1.87	-9.59	-0.79	-1.02	-9.55	1.97	-2.44	-5.97	-7.37
11:30:25.441062	-1.1	-9.61	1.56	-1.87	-9.59	-0.79	-1.02	-9.55	1.97	-2.52	-5.8500000000000005	-7.45
11:30:25.451230	-1.11	-9.61	1.57	-1.9000000000000001	-9.58	-0.81	-1.08	-9.47	2.2800000000000002	-2.59	-5.71	-7.53
11:30:25.461380	-1.1300000000000001	-9.61	1.57	-1.93	-9.57	-0.84	-1.11	-9.42	2.45	-2.65	-5.55	-7.62
11:30:25.471478	-1.1400000000000001	-9.61	1.57	-1.95	-9.56	-0.91	-1.16	-9.370000000000001	2.62	-2.71	-5.39	-7.72
11:30:25.481949	-1.17	-9.61	1.55	-1.95	-9.56	-0.9500000000000001	-1.2	-9.31	2.81	-2.81	-5.23	-7.8
11:30:25.492039	-1.19	-9.61	1.53	-1.94	-9.55	-1.02	-1.24	-9.25	3.0	-2.94	-5.0600000000000005	-7.86
11:30:25.502140	-1.21	-9.61	1.51	-1.92	-9.55	-1.11	-1.27	-9.17	3.21	-3.04	-4.8500000000000005	-7.95
11:30:25.512270	-1.22	-9.61	1.49	-1.9000000000000001	-9.540000000000001	-1.22	-1.31	-9.09	3.42	-3.13	-4.63	-8.05
11:30:25.522613	-1.22	-9.61	1.48	-1.87	-9.52	-1.36	-1.3800000000000001	-9.0	3.63	-3.2	-4.41	-8.15
11:30:25.533233	-1.2	-9.61	1.48	-1.84	-9.5	-1.54	-1.47	-8.9	3.83	-3.27	-4.17	-8.24
11:30:25.543355	-1.18	-9.620000000000001	1.48	-1.82	-9.47	-1.73	-1.6	-8.790000000000001	4.0200000000000005	-3.37	-3.89	-8.34
11:30:25.553445	-1.16	-9.620000000000001	1.48	-1.82	-9.43	-1.95	-1.76	-8.67	4.21	-3.44	-3.58	-8.44
11:30:25.563545	-1.1400000000000001	-9.620000000000001	1.48	-1.8	-9.38	-2.2	-1.9100000000000001	-8.56	4.38	-3.42	-3.2600000000000002	-8.59
11:30:25.573674	-1.12	-9.620000000000001	1.47	-1.77	-9.32	-2.47	-2.05	-8.46	4.5	-3.35	-2.88	-8.75
11:30:25.584113	-1.11	-9.63	1.46	-1.69	-9.25	-2.74	-2.14	-8.4	4.58	-3.42	-2.41	-8.86
11:30:25.594570	-1.1	-9.63	1.45	-1.6	-9.200000000000001	-2.99	-2.16	-8.33	4.7	-3.59	-1.85	-8.93
11:30:25.604692	-1.09	-9.63	1.44	-1.49	-9.15	-3.18	-2.15	-8.26	4.82	-3.85	-1.29	-8.92
11:30:25.614769	-1.09	-9.64	1.42	-1.35	-9.120000000000001	-3.33	-2.15	-8.19	4.93	-4.39	-0.99	-8.700000000000001
11:30:25.624873	-1.09	-9.64	1.4000000000000001	-1.22	-9.09	-3.44	-2.17	-8.13	5.0200000000000005	-4.47	-1.1	-8.65
11:30:25.634945	-1.11	-9.64	1.3900000000000001	-1.09	-9.08	-3.5300000000000002	-2.18	-8.1	5.07	-3.85	-1.28	-8.92
11:30:25.645018	-1.1300000000000001	-9.64	1.3800000000000001	-0.98	-9.06	-3.61	-2.18	-8.09	5.08	-3.37	-1.44	-9.09
11:30:25.655094	-1.16	-9.63	1.37	-0.87	-9.03	-3.71	-2.18	-8.1	5.0600000000000005	-3.37	-1.54	-9.07
11:30:25.665177	-1.19	-9.63	1.3800000000000001	-0.77	-8.99	-3.8200000000000003	-2.16	-8.14	5.01	-3.39	-1.6600000000000001	-9.040000000000001
11:30:25.675848	-1.21	-9.63	1.3900000000000001	-0.6900000000000001	-8.950000000000001	-3.94	-2.12	-8.2	4.94	-3.1	-1.81	-9.120000000000001
11:30:25.685969	-1.23	-9.620000000000001	1.4000000000000001	-0.62	-8.89	-4.08	-2.05	-8.27	4.83	-2.7600000000000002	-2.07	-9.17
11:30:25.696516	-1.25	-9.620000000000001	1.42	-0.56	-8.83	-4.21	-1.96	-8.370000000000001	4.71	-2.54	-2.43	-9.15
11:30:25.706586	-1.25	-9.620000000000001	1.43	-0.51	-8.77	-4.3500000000000005	-1.87	-8.48	4.54	-2.4	-2.79	-9.08
11:30:25.716670	-1.25	-9.61	1.43	-0.47000000000000003	-8.71	-4.47	-1.8	-8.6	4.34	-2.2600000000000002	-3.06	-9.03
11:30:25.726735	-1.25	-9.61	1.44	-0.43	-8.65	-4.58	-1.74	-8.73	4.1	-2.13	-3.33	-8.97
11:30:25.737382	-1.25	-9.61	1.44	-0.4	-8.6	-4.69	-1.68	-8.86	3.84	-2.04	-3.63	-8.870000000000001
11:30:25.747452	-1.26	-9.61	1.44	-0.36	-8.55	-4.78	-1.61	-8.99	3.54	-1.95	-3.94	-8.76
11:30:25.757527	-1.26	-9.61	1.45	-0.34	-8.5	-4.86	-1.53	-9.120000000000001	3.23	-1.86	-4.26	-8.63
11:30:25.767604	-1.26	-9.61	1.45	-0.33	-8.46	-4.94	-1.46	-9.25	2.89	-1.77	-4.59	-8.47
11:30:25.777675	-1.26	-9.61	1.46	-0.32	-8.41	-5.0200000000000005	-1.4000000000000001	-9.370000000000001	2.52	-1.6600000000000001	-4.93	-8.3
11:30:25.788268	-1.26	-9.61	1.46	-0.31	-8.38	-5.08	-1.35	-9.47	2.13	-1.44	-5.54	-7.95
11:30:25.798363	-1.27	-9.61	1.45	-0.29	-8.34	-5.13	-1.31	-9.56	1.72	-1.33	-5.82	-7.7700000000000005
11:30:25.808483	-1.27	-9.61	1.45	-0.27	-8.31	-5.18	-1.26	-9.63	1.3	-1.22	-6.11	-7.5600000000000005
11:30:25.819087	-1.28	-9.61	1.45	-0.23	-8.290000000000001	-5.22	-1.2	-9.69	0.88	-1.1300000000000001	-6.4	-7.34
11:30:25.829270	-1.3	-9.61	1.44	-0.18	-8.27	-5.26	-1.07	-9.74	0.06	-1.05	-6.68	-7.1000000000000005
11:30:25.839400	-1.3	-9.61	1.44	-0.12	-8.25	-5.29	-1.07	-9.74	0.06	-1.05	-6.68	-7.1000000000000005
11:30:25.849510	-1.33	-9.6	1.43	-0.05	-8.24	-5.3100000000000005	-1.01	-9.74	-0.33	-0.99	-7.2	-6.58
11:30:25.860016	-1.35	-9.6	1.42	0.01	-8.23	-5.32	-0.9	-9.69	-1.12	-0.97	-7.43	-6.32
11:30:25.870131	-1.37	-9.6	1.4000000000000001	0.1	-8.23	-5.3100000000000005	-0.86	-9.65	-1.5	-0.98	-7.65	-6.04
11:30:25.880247	-1.3900000000000001	-9.6	1.3900000000000001	0.19	-8.24	-5.3	-0.8200000000000001	-9.58	-1.87	-1.0	-7.87	-5.76
11:30:25.890362	-1.4000000000000001	-9.6	1.3800000000000001	0.28	-8.25	-5.28	-0.79	-9.51	-2.22	-1.01	-8.07	-5.46
11:30:25.900462	-1.42	-9.6	1.36	0.36	-8.26	-5.26	-0.77	-9.43	-2.56	-1.01	-8.28	-5.15
11:30:25.911139	-1.44	-9.6	1.35	0.44	-8.28	-5.22	-0.75	-9.34	-2.87	-1.0	-8.46	-4.8500000000000005
11:30:25.921824	-1.46	-9.6	1.34	0.5	-8.31	-5.18	-0.74	-9.24	-3.16	-0.98	-8.620000000000001	-4.5600000000000005
11:30:25.932027	-1.48	-9.6	1.33	0.54	-8.33	-5.13	-0.74	-9.15	-3.43	-0.96	-8.75	-4.3
11:30:25.942226	-1.5	-9.6	1.31	0.59	-8.38	-5.04	-0.75	-9.06	-3.66	-0.9500000000000001	-8.870000000000001	-4.0600000000000005
11:30:25.952299	-1.51	-9.6	1.3	0.58	-8.4	-5.01	-0.76	-8.97	-3.86	-0.9400000000000001	-8.97	-3.84
11:30:25.962370	-1.52	-9.6	1.29	0.55	-8.41	-5.0	-0.77	-8.9	-4.03	-0.93	-9.040000000000001	-3.66
11:30:25.972487	-1.53	-9.6	1.28	0.5	-8.42	-4.99	-0.78	-8.83	-4.17	-0.92	-9.1	-3.5100000000000002
11:30:25.982932	-1.53	-9.6	1.27	0.45	-8.42	-4.99	-0.8	-8.790000000000001	-4.2700000000000005	-0.93	-9.15	-3.39
11:30:25.993165	-1.52	-9.6	1.26	0.41000000000000003	-8.43	-4.97	-0.8300000000000001	-8.76	-4.32	-0.93	-9.18	-3.29
11:30:26.003288	-1.52	-9.6	1.26	0.39	-8.44	-4.96	-0.85	-8.74	-4.34	-0.9500000000000001	-9.21	-3.22
11:30:26.014924	-1.51	-9.6	1.25	0.38	-8.45	-4.95	-0.88	-8.75	-4.33	-0.97	-9.22	-3.19
11:30:26.025050	-1.5	-9.61	1.24	0.38	-8.45	-4.95	-0.92	-8.77	-4.28	-0.99	-9.21	-3.19
11:30:26.035208	-1.49	-9.61	1.23	0.39	-8.45	-4.96	-0.9400000000000001	-8.8	-4.2	-1.01	-9.200000000000001	-3.21
11:30:26.045276	-1.48	-9.61	1.21	0.38	-8.44	-4.96	-0.97	-8.85	-4.09	-1.02	-9.19	-3.24
11:30:26.055343	-1.47	-9.61	1.2	0.38	-8.44	-4.97	-0.99	-8.91	-3.97	-1.04	-9.15	-3.36
11:30:26.065420	-1.46	-9.620000000000001	1.18	0.36	-8.44	-4.96	-1.0	-8.97	-3.8200000000000003	-1.03	-9.09	-3.5100000000000002
11:30:26.075494	-1.46	-9.620000000000001	1.17	0.34	-8.45	-4.96	-1.02	-9.03	-3.67	-1.0	-9.03	-3.68
11:30:26.085564	-1.45	-9.620000000000001	1.16	0.32	-8.46	-4.93	-1.01	-9.08	-3.54	-0.97	-8.98	-3.79
11:30:26.095765	-1.44	-9.63	1.1500000000000001	0.31	-8.49	-4.88	-0.98	-9.11	-3.47	-0.97	-9.05	-3.64
11:30:26.105831	-1.43	-9.63	1.1400000000000001	0.3	-8.52	-4.83	-1.03	-9.120000000000001	-3.43	-0.8200000000000001	-9.11	-3.5100000000000002
11:30:26.115996	-1.43	-9.63	1.1400000000000001	0.26	-8.56	-4.7700000000000005	-1.11	-9.15	-3.34	-0.75	-9.03	-3.72
11:30:26.126075	-1.42	-9.63	1.1500000000000001	0.23	-8.59	-4.71	-1.19	-9.19	-3.2	-0.9500000000000001	-8.93	-3.93
11:30:26.136147	-1.42	-9.63	1.1500000000000001	0.22	-8.61	-4.68	-1.24	-9.23	-3.06	-1.06	-8.8	-4.19
11:30:26.146261	-1.41	-9.63	1.1500000000000001	0.2	-8.61	-4.68	-1.25	-9.26	-2.95	-1.19	-8.620000000000001	-4.5
11:30:26.156326	-1.3900000000000001	-9.63	1.1400000000000001	0.19	-8.620000000000001	-4.67	-1.24	-9.290000000000001	-2.85	-1.3800000000000001	-8.5	-4.68
11:30:26.166437	-1.33	-9.64	1.1300000000000001	0.19	-8.64	-4.62	-1.22	-9.32	-2.7600000000000002	-1.49	-8.47	-4.7
11:30:26.176691	-1.3	-9.65	1.12	0.18	-8.67	-4.5600000000000005	-1.21	-9.35	-2.68	-1.56	-8.47	-4.67
11:30:26.186938	-1.27	-9.65	1.1300000000000001	0.14	-8.72	-4.48	-1.21	-9.370000000000001	-2.6	-1.59	-8.51	-4.59
11:30:26.197313	-1.22	-9.66	1.1400000000000001	0.1	-8.77	-4.37	-1.22	-9.4	-2.5100000000000002	-1.58	-8.55	-4.51
11:30:26.207379	-1.16	-9.66	1.1500000000000001	0.07	-8.82	-4.2700000000000005	-1.21	-9.42	-2.42	-1.59	-8.53	-4.5600000000000005
11:30:26.217453	-1.09	-9.67	1.16	0.06	-8.86	-4.18	-1.2	-9.44	-2.34	-1.6300000000000001	-8.45	-4.69
11:30:26.227607	-1.02	-9.68	1.17	0.06	-8.92	-4.0600000000000005	-1.1500000000000001	-9.48	-2.19	-1.68	-8.36	-4.83
11:30:26.238325	-0.9500000000000001	-9.68	1.18	0.04	-8.97	-3.94	-1.1500000000000001	-9.48	-2.19	-1.72	-8.28	-4.95
11:30:26.248458	-0.88	-9.69	1.19	0.0	-9.03	-3.81	-1.1300000000000001	-9.5	-2.11	-1.76	-8.26	-4.97
11:30:26.258605	-0.8200000000000001	-9.69	1.2	-0.08	-9.07	-3.71	-1.12	-9.52	-2.04	-1.74	-8.28	-4.95
11:30:26.269488	-0.77	-9.700000000000001	1.2	-0.18	-9.1	-3.63	-1.12	-9.55	-1.87	-1.72	-8.28	-4.95
11:30:26.279953	-0.74	-9.700000000000001	1.21	-0.29	-9.120000000000001	-3.5700000000000003	-1.12	-9.57	-1.79	-1.72	-8.25	-5.0
11:30:26.290223	-0.74	-9.700000000000001	1.21	-0.39	-9.13	-3.54	-1.12	-9.59	-1.7	-1.74	-8.2	-5.07
11:30:26.300328	-0.6900000000000001	-9.700000000000001	1.2	-0.49	-9.14	-3.5100000000000002	-1.12	-9.6	-1.61	-1.77	-8.16	-5.13
11:30:26.310451	-0.67	-9.71	1.19	-0.58	-9.15	-3.46	-1.12	-9.620000000000001	-1.53	-1.79	-8.14	-5.15
11:30:26.320595	-0.64	-9.71	1.18	-0.64	-9.18	-3.37	-1.12	-9.63	-1.45	-1.78	-8.14	-5.16
11:30:26.331092	-0.62	-9.71	1.17	-0.68	-9.21	-3.27	-1.11	-9.64	-1.3800000000000001	-1.77	-8.120000000000001	-5.19
11:30:26.341210	-0.59	-9.71	1.16	-0.7000000000000001	-9.290000000000001	-3.04	-1.09	-9.65	-1.31	-1.76	-8.09	-5.24
11:30:26.351345	-0.56	-9.72	1.1500000000000001	-0.72	-9.32	-2.94	-1.08	-9.66	-1.23	-1.76	-8.05	-5.3
11:30:26.361467	-0.53	-9.72	1.1400000000000001	-0.74	-9.34	-2.86	-1.07	-9.67	-1.16	-1.77	-8.01	-5.36
11:30:26.372583	-0.5	-9.72	1.1400000000000001	-0.76	-9.36	-2.79	-1.07	-9.68	-1.08	-1.79	-7.96	-5.42
11:30:26.382988	-0.47000000000000003	-9.72	1.1300000000000001	-0.77	-9.38	-2.72	-1.07	-9.69	-1.0	-1.82	-7.930000000000001	-5.46
11:30:26.393170	-0.47000000000000003	-9.72	1.1300000000000001	-0.79	-9.4	-2.65	-1.06	-9.700000000000001	-0.92	-1.82	-7.9	-5.5
11:30:26.403887	-0.4	-9.73	1.11	-0.81	-9.42	-2.58	-1.06	-9.71	-0.84	-1.82	-7.87	-5.55
11:30:26.413961	-0.37	-9.73	1.11	-0.8200000000000001	-9.44	-2.5	-1.06	-9.71	-0.75	-1.81	-7.83	-5.6000000000000005
11:30:26.424210	-0.37	-9.73	1.11	-0.84	-9.46	-2.43	-1.05	-9.72	-0.67	-1.82	-7.8	-5.65
11:30:26.434858	-0.33	-9.73	1.1	-0.86	-9.47	-2.36	-1.05	-9.73	-0.59	-1.81	-7.76	-5.7
11:30:26.444929	-0.31	-9.73	1.1	-0.89	-9.49	-2.2800000000000002	-1.04	-9.73	-0.52	-1.81	-7.73	-5.75
11:30:26.455001	-0.28	-9.74	1.09	-0.92	-9.5	-2.21	-1.04	-9.74	-0.44	-1.82	-7.68	-5.8100000000000005
11:30:26.465075	-0.26	-9.74	1.09	-0.9500000000000001	-9.52	-2.13	-1.03	-9.74	-0.36	-1.83	-7.640000000000001	-5.86
11:30:26.475153	-0.23	-9.74	1.08	-0.99	-9.53	-2.06	-1.03	-9.74	-0.29	-1.84	-7.6000000000000005	-5.91
11:30:26.485262	-0.19	-9.74	1.08	-1.02	-9.540000000000001	-1.99	-1.03	-9.74	-0.21	-1.86	-7.5600000000000005	-5.95
11:30:26.495575	-0.19	-9.74	1.08	-1.05	-9.55	-1.92	-1.03	-9.75	-0.12	-1.8900000000000001	-7.53	-5.98
11:30:26.505854	-0.18	-9.74	1.04	-1.09	-9.56	-1.85	-1.03	-9.75	-0.05	-1.9000000000000001	-7.49	-6.0200000000000005
11:30:26.515926	-0.17	-9.74	1.04	-1.12	-9.57	-1.78	-1.02	-9.75	0.02	-1.9100000000000001	-7.45	-6.07
11:30:26.526061	-0.15	-9.74	1.05	-1.1500000000000001	-9.58	-1.71	-1.01	-9.75	0.1	-1.92	-7.41	-6.12
11:30:26.536132	-0.14	-9.74	1.06	-1.18	-9.59	-1.6300000000000001	-1.0	-9.75	0.18	-1.92	-7.38	-6.15
11:30:26.546571	-0.12	-9.74	1.09	-1.21	-9.6	-1.56	-1.0	-9.75	0.26	-1.93	-7.3500000000000005	-6.19
11:30:26.556642	-0.13	-9.74	1.06	-1.24	-9.61	-1.48	-0.99	-9.75	0.34	-1.93	-7.3100000000000005	-6.23
11:30:26.566714	-0.14	-9.75	1.03	-1.28	-9.61	-1.41	-0.98	-9.74	0.42	-1.95	-7.26	-6.28
11:30:26.576817	-0.14	-9.75	1.01	-1.31	-9.620000000000001	-1.35	-0.97	-9.74	0.51	-1.96	-7.23	-6.32
11:30:26.586900	-0.14	-9.75	1.02	-1.34	-9.620000000000001	-1.29	-0.96	-9.74	0.59	-1.98	-7.19	-6.36
11:30:26.596971	-0.14	-9.75	1.02	-1.3800000000000001	-9.620000000000001	-1.24	-0.9500000000000001	-9.73	0.67	-1.99	-7.15	-6.4
11:30:26.607221	-0.13	-9.74	1.05	-1.43	-9.620000000000001	-1.18	-0.9500000000000001	-9.73	0.75	-1.99	-7.11	-6.44
11:30:26.617292	-0.12	-9.74	1.06	-1.47	-9.63	-1.11	-0.9400000000000001	-9.72	0.84	-2.0	-7.08	-6.47
11:30:26.627403	-0.12	-9.74	1.07	-1.51	-9.63	-1.05	-0.9400000000000001	-9.71	0.92	-2.0100000000000002	-7.05	-6.5
11:30:26.637502	-0.11	-9.74	1.08	-1.56	-9.63	-0.98	-0.9400000000000001	-9.71	0.99	-2.0100000000000002	-7.01	-6.55
11:30:26.647569	-0.11	-9.74	1.09	-1.62	-9.620000000000001	-0.92	-0.9400000000000001	-9.700000000000001	1.08	-2.02	-6.96	-6.6000000000000005
11:30:26.657642	-0.11	-9.74	1.1	-1.68	-9.620000000000001	-0.86	-0.9400000000000001	-9.69	1.16	-2.0300000000000002	-6.92	-6.63
11:30:26.667713	-0.1	-9.74	1.1	-1.73	-9.61	-0.81	-0.9400000000000001	-9.68	1.24	-2.07	-6.86	-6.69
11:30:26.677795	-0.1	-9.74	1.11	-1.79	-9.61	-0.76	-0.9500000000000001	-9.66	1.32	-2.1	-6.78	-6.75
11:30:26.688132	-0.1	-9.74	1.11	-1.85	-9.6	-0.71	-0.9500000000000001	-9.65	1.41	-2.15	-6.63	-6.890000000000001
11:30:26.698240	-0.1	-9.74	1.11	-1.9100000000000001	-9.59	-0.67	-0.97	-9.64	1.5	-2.15	-6.63	-6.890000000000001
11:30:26.708306	-0.1	-9.74	1.12	-1.96	-9.58	-0.62	-0.98	-9.620000000000001	1.59	-2.23	-6.44	-7.04
11:30:26.718372	-0.09	-9.74	1.12	-2.0100000000000002	-9.57	-0.58	-1.0	-9.6	1.69	-2.23	-6.44	-7.04
11:30:26.728492	-0.09	-9.74	1.12	-2.07	-9.56	-0.55	-1.05	-9.55	1.92	-2.34	-6.23	-7.19
11:30:26.738562	-0.08	-9.74	1.12	-2.11	-9.56	-0.53	-1.07	-9.53	2.04	-2.4	-6.11	-7.28
11:30:26.748680	-0.07	-9.74	1.12	-2.16	-9.55	-0.52	-1.1	-9.49	2.17	-2.46	-5.97	-7.37
11:30:26.758776	-0.06	-9.74	1.11	-2.2	-9.540000000000001	-0.52	-1.1400000000000001	-9.450000000000001	2.32	-2.52	-5.84	-7.46
11:30:26.769432	-0.05	-9.74	1.1	-2.23	-9.53	-0.53	-1.18	-9.41	2.46	-2.6	-5.69	-7.54
11:30:26.779601	-0.03	-9.74	1.09	-2.2600000000000002	-9.52	-0.54	-1.22	-9.36	2.62	-2.7	-5.54	-7.62
11:30:26.790340	-0.02	-9.74	1.07	-2.27	-9.52	-0.55	-1.26	-9.31	2.79	-2.83	-5.36	-7.7
11:30:26.800430	-0.02	-9.74	1.05	-2.2800000000000002	-9.51	-0.59	-1.29	-9.25	2.98	-2.93	-5.16	-7.8
11:30:26.810525	-0.02	-9.75	1.03	-2.2800000000000002	-9.51	-0.59	-1.32	-9.18	3.17	-3.02	-4.98	-7.88
11:30:26.821219	-0.02	-9.75	1.01	-2.25	-9.52	-0.67	-1.35	-9.1	3.37	-3.15	-4.76	-7.96
11:30:26.831364	-0.01	-9.75	0.99	-2.23	-9.52	-0.74	-1.4000000000000001	-9.02	3.58	-3.27	-4.5200000000000005	-8.06
11:30:26.841467	0.0	-9.75	0.98	-2.16	-9.51	-0.97	-1.47	-8.92	3.79	-3.35	-4.26	-8.16
11:30:26.851558	0.02	-9.75	0.97	-2.12	-9.5	-1.1400000000000001	-1.57	-8.81	3.99	-3.41	-4.0	-8.27
11:30:26.862104	0.04	-9.75	0.96	-2.09	-9.48	-1.32	-1.71	-8.700000000000001	4.17	-3.47	-3.71	-8.38
11:30:26.872176	0.07	-9.75	0.96	-2.06	-9.46	-1.52	-1.86	-8.58	4.3500000000000005	-3.5100000000000002	-3.39	-8.5
11:30:26.882434	0.08	-9.75	0.96	-2.06	-9.46	-1.52	-2.0	-8.47	4.5	-3.56	-2.98	-8.63
11:30:26.892531	0.1	-9.75	0.9500000000000001	-1.97	-9.39	-2.0	-2.11	-8.370000000000001	4.63	-3.69	-2.5100000000000002	-8.72
11:30:26.902980	0.11	-9.75	0.9500000000000001	-1.97	-9.39	-2.0	-2.18	-8.3	4.74	-3.86	-1.96	-8.790000000000001
11:30:26.913112	0.13	-9.75	0.9400000000000001	-1.76	-9.31	-2.49	-2.19	-8.23	4.8500000000000005	-4.04	-1.37	-8.82
11:30:26.923180	0.15	-9.76	0.9400000000000001	-1.6400000000000001	-9.28	-2.68	-2.17	-8.15	4.99	-4.49	-0.9500000000000001	-8.66
11:30:26.933861	0.18	-9.76	0.92	-1.52	-9.26	-2.81	-2.16	-8.07	5.12	-4.74	-0.99	-8.52
11:30:26.943949	0.2	-9.76	0.91	-1.4000000000000001	-9.25	-2.92	-2.17	-8.0	5.23	-4.74	-0.99	-8.52
11:30:26.954611	0.21	-9.76	0.9	-1.29	-9.23	-3.02	-2.18	-7.94	5.3100000000000005	-3.73	-1.44	-8.950000000000001
11:30:26.964698	0.22	-9.76	0.89	-1.19	-9.21	-3.12	-2.2	-7.92	5.33	-3.65	-1.59	-8.96
11:30:26.974846	0.22	-9.76	0.88	-1.08	-9.18	-3.25	-2.2	-7.92	5.33	-3.75	-1.7	-8.89
11:30:26.985026	0.21	-9.76	0.89	-0.98	-9.15	-3.38	-2.19	-7.95	5.3	-3.6	-1.83	-8.93
11:30:26.995155	0.21	-9.76	0.89	-0.89	-9.1	-3.5300000000000002	-2.15	-8.0	5.24	-3.27	-2.05	-9.01
11:30:27.005224	0.2	-9.76	0.9	-0.89	-9.1	-3.5300000000000002	-2.08	-8.07	5.16	-3.0	-2.38	-9.02
11:30:27.015297	0.2	-9.76	0.91	-0.74	-8.99	-3.83	-1.99	-8.16	5.05	-2.85	-2.74	-8.97
11:30:27.025853	0.2	-9.76	0.92	-0.68	-8.93	-3.97	-1.9000000000000001	-8.27	4.9	-2.75	-3.0100000000000002	-8.91
11:30:27.036399	0.2	-9.76	0.92	-0.63	-8.88	-4.1	-1.82	-8.39	4.72	-2.63	-3.21	-8.88
11:30:27.046880	0.21	-9.75	0.9400000000000001	-0.59	-8.82	-4.22	-1.76	-8.52	4.51	-2.63	-3.21	-8.88
11:30:27.056951	0.22	-9.75	0.9500000000000001	-0.56	-8.77	-4.34	-1.7	-8.66	4.26	-2.63	-3.21	-8.88
11:30:27.067025	0.22	-9.75	0.96	-0.54	-8.71	-4.46	-1.6400000000000001	-8.8	4.0	-2.63	-3.21	-8.88
11:30:27.077096	0.23	-9.75	0.97	-0.53	-8.65	-4.58	-1.58	-8.94	3.7	-2.63	-3.21	-8.88
11:30:27.087178	0.23	-9.75	0.97	-0.53	-8.58	-4.71	-1.52	-9.07	3.37	-2.63	-3.21	-8.88
11:30:27.097250	0.23	-9.75	0.98	-0.53	-8.51	-4.82	-1.46	-9.21	3.02	-1.99	-5.19	-8.07
11:30:27.107349	0.23	-9.75	0.99	-0.53	-8.51	-4.82	-1.42	-9.33	2.63	-1.99	-5.19	-8.07
11:30:27.117421	0.23	-9.75	0.99	-0.51	-8.41	-5.01	-1.3800000000000001	-9.450000000000001	2.22	-1.99	-5.19	-8.07
11:30:27.127519	0.24	-9.75	0.99	-0.48	-8.38	-5.0600000000000005	-1.3	-9.620000000000001	1.35	-1.99	-5.19	-8.07
11:30:27.137595	0.25	-9.75	0.99	-0.43	-8.36	-5.1000000000000005	-1.3	-9.620000000000001	1.35	-1.4000000000000001	-6.36	-7.32
11:30:27.147666	0.25	-9.75	0.99	-0.36	-8.34	-5.12	-1.24	-9.68	0.91	-1.4000000000000001	-6.36	-7.32
11:30:27.157732	0.26	-9.75	0.99	-0.28	-8.34	-5.14	-1.18	-9.72	0.46	-1.4000000000000001	-6.36	-7.32
11:30:27.167859	0.27	-9.75	0.98	-0.19	-8.33	-5.16	-1.11	-9.74	0.02	-1.08	-7.18	-6.58
11:30:27.177926	0.27	-9.75	0.97	-0.1	-8.32	-5.18	-1.03	-9.74	-0.41000000000000003	-1.03	-7.42	-6.3100000000000005
11:30:27.188130	0.27	-9.75	0.96	-0.02	-8.31	-5.19	-0.96	-9.72	-0.85	-1.0	-7.86	-5.76
11:30:27.198199	0.27	-9.75	0.9400000000000001	0.04	-8.31	-5.19	-0.88	-9.68	-1.27	-1.0	-7.86	-5.76
11:30:27.208814	0.26	-9.75	0.92	0.04	-8.31	-5.19	-0.81	-9.620000000000001	-1.68	-1.0	-8.07	-5.47
11:30:27.218893	0.25	-9.76	0.9	0.16	-8.33	-5.16	-0.74	-9.55	-2.06	-1.01	-8.26	-5.17
11:30:27.229460	0.24	-9.76	0.88	0.21	-8.34	-5.14	-0.66	-9.38	-2.75	-1.0	-8.44	-4.88
11:30:27.239590	0.22	-9.76	0.86	0.24	-8.36	-5.11	-0.63	-9.290000000000001	-3.06	-0.99	-8.59	-4.61
11:30:27.249910	0.2	-9.76	0.84	0.27	-8.38	-5.08	-0.62	-9.19	-3.33	-0.9400000000000001	-8.86	-4.08
11:30:27.260200	0.18	-9.76	0.8300000000000001	0.29	-8.4	-5.04	-0.61	-9.1	-3.58	-0.92	-8.96	-3.85
11:30:27.270344	0.17	-9.77	0.81	0.31	-8.42	-5.0	-0.61	-9.01	-3.8000000000000003	-0.92	-8.96	-3.85
11:30:27.281074	0.15	-9.77	0.8	0.32	-8.44	-4.96	-0.61	-8.93	-3.99	-0.92	-8.96	-3.85
11:30:27.291198	0.14	-9.77	0.79	0.32	-8.46	-4.93	-0.63	-8.86	-4.14	-0.93	-9.18	-3.3200000000000003
11:30:27.301795	0.12	-9.77	0.78	0.32	-8.48	-4.9	-0.65	-8.81	-4.25	-0.93	-9.18	-3.3200000000000003
11:30:27.311907	0.11	-9.77	0.77	0.32	-8.48	-4.9	-0.68	-8.76	-4.33	-0.96	-9.25	-3.1
11:30:27.321974	0.1	-9.77	0.76	0.31	-8.53	-4.8100000000000005	-0.71	-8.74	-4.38	-0.98	-9.26	-3.04
11:30:27.332708	0.09	-9.77	0.76	0.31	-8.55	-4.78	-0.73	-8.73	-4.4	-1.0	-9.27	-3.0100000000000002
11:30:27.343073	0.08	-9.77	0.75	0.31	-8.55	-4.7700000000000005	-0.75	-8.73	-4.39	-1.03	-9.27	-3.0100000000000002
11:30:27.353160	0.07	-9.77	0.74	0.31	-8.55	-4.78	-0.77	-8.75	-4.3500000000000005	-1.05	-9.26	-3.0300000000000002
11:30:27.363556	0.05	-9.77	0.74	0.31	-8.55	-4.78	-0.78	-8.78	-4.29	-1.05	-9.26	-3.0300000000000002
11:30:27.373716	0.04	-9.77	0.73	0.31	-8.540000000000001	-4.79	-0.8	-8.82	-4.2	-1.05	-9.26	-3.0300000000000002
11:30:27.384266	0.04	-9.77	0.72	0.32	-8.540000000000001	-4.79	-0.8200000000000001	-8.870000000000001	-4.09	-1.05	-9.26	-3.0300000000000002
11:30:27.394828	0.03	-9.78	0.71	0.32	-8.55	-4.78	-0.8300000000000001	-8.92	-3.97	-1.05	-9.19	-3.24
11:30:27.404976	0.02	-9.78	0.6900000000000001	0.32	-8.55	-4.78	-0.85	-8.98	-3.83	-1.01	-9.06	-3.61
11:30:27.415332	0.01	-9.78	0.68	0.3	-8.57	-4.74	-0.87	-9.040000000000001	-3.67	-1.01	-9.06	-3.61
11:30:27.425404	0.01	-9.78	0.68	0.28	-8.59	-4.71	-0.87	-9.1	-3.5300000000000002	-1.01	-9.040000000000001	-3.66
11:30:27.435478	0.01	-9.78	0.68	0.25	-8.620000000000001	-4.66	-0.84	-9.14	-3.45	-1.01	-9.040000000000001	-3.66
11:30:27.445563	0.01	-9.78	0.6900000000000001	0.22	-8.64	-4.61	-0.87	-9.15	-3.39	-1.01	-9.040000000000001	-3.66
11:30:27.455632	0.0	-9.78	0.7000000000000001	0.19	-8.67	-4.57	-0.9400000000000001	-9.17	-3.31	-1.01	-9.040000000000001	-3.66
11:30:27.465748	0.0	-9.78	0.71	0.17	-8.67	-4.5600000000000005	-1.01	-9.21	-3.19	-1.01	-9.040000000000001	-3.66
11:30:27.475816	0.0	-9.78	0.71	0.17	-8.66	-4.58	-1.04	-9.25	-3.0500000000000003	-1.01	-9.040000000000001	-3.66
11:30:27.485895	0.01	-9.78	0.7000000000000001	0.19	-8.66	-4.58	-1.05	-9.290000000000001	-2.93	-1.01	-9.040000000000001	-3.66
11:30:27.495975	0.03	-9.78	0.6900000000000001	0.21	-8.67	-4.57	-1.03	-9.32	-2.83	-0.84	-9.0	-3.7800000000000002
11:30:27.506041	0.04	-9.78	0.6900000000000001	0.21	-8.67	-4.57	-1.01	-9.36	-2.74	-0.84	-9.0	-3.7800000000000002
11:30:27.516164	0.05	-9.78	0.68	0.25	-8.69	-4.53	-0.99	-9.38	-2.66	-1.29	-8.58	-4.5600000000000005
11:30:27.526236	0.06	-9.78	0.68	0.25	-8.71	-4.48	-0.98	-9.41	-2.57	-1.29	-8.58	-4.5600000000000005
11:30:27.536311	0.06	-9.78	0.68	0.25	-8.75	-4.42	-0.98	-9.43	-2.47	-1.29	-8.58	-4.5600000000000005
11:30:27.546458	0.06	-9.78	0.68	0.25	-8.790000000000001	-4.34	-0.99	-9.46	-2.38	-1.52	-8.39	-4.83
11:30:27.556849	0.09	-9.78	0.68	0.25	-8.790000000000001	-4.34	-0.99	-9.48	-2.29	-1.51	-8.33	-4.93
11:30:27.566918	0.11	-9.78	0.68	0.28	-8.88	-4.14	-0.97	-9.5	-2.2	-1.51	-8.33	-4.93
11:30:27.576986	0.14	-9.78	0.6900000000000001	0.3	-8.92	-4.04	-0.9400000000000001	-9.52	-2.13	-1.51	-8.33	-4.93
11:30:27.587082	0.17	-9.78	0.6900000000000001	0.3	-8.92	-4.04	-0.91	-9.540000000000001	-2.06	-1.54	-8.11	-5.2700000000000005
11:30:27.597191	0.2	-9.77	0.6900000000000001	0.27	-9.01	-3.84	-0.89	-9.56	-1.99	-1.55	-8.1	-5.29
11:30:27.607320	0.22	-9.77	0.7000000000000001	0.27	-9.01	-3.84	-0.88	-9.57	-1.9100000000000001	-1.55	-8.1	-5.29
11:30:27.617387	0.24	-9.77	0.7000000000000001	0.2	-9.040000000000001	-3.7800000000000002	-0.87	-9.59	-1.83	-1.54	-8.11	-5.28
11:30:27.627462	0.24	-9.77	0.7000000000000001	0.13	-9.06	-3.73	-0.87	-9.6	-1.76	-1.55	-8.09	-5.3100000000000005
11:30:27.637595	0.24	-9.77	0.7000000000000001	-0.02	-9.07	-3.7	-0.86	-9.620000000000001	-1.68	-1.55	-8.09	-5.3100000000000005
11:30:27.647718	0.24	-9.77	0.7000000000000001	-0.02	-9.07	-3.7	-0.87	-9.63	-1.6	-1.6300000000000001	-7.96	-5.48
11:30:27.657784	0.23	-9.77	0.7000000000000001	-0.08	-9.08	-3.7	-0.87	-9.64	-1.52	-1.6300000000000001	-7.96	-5.48
11:30:27.667859	0.23	-9.77	0.6900000000000001	-0.13	-9.1	-3.64	-0.87	-9.66	-1.44	-1.67	-7.92	-5.5200000000000005
11:30:27.678011	0.22	-9.77	0.6900000000000001	-0.15	-9.13	-3.5700000000000003	-0.86	-9.67	-1.37	-1.67	-7.92	-5.5200000000000005
11:30:27.688145	0.22	-9.77	0.68	-0.16	-9.16	-3.49	-0.85	-9.68	-1.3	-1.6400000000000001	-7.92	-5.53
11:30:27.698581	0.22	-9.77	0.68	-0.16	-9.23	-3.3000000000000003	-0.84	-9.69	-1.24	-1.6	-7.86	-5.62
11:30:27.708697	0.23	-9.78	0.68	-0.16	-9.23	-3.3000000000000003	-0.8300000000000001	-9.69	-1.18	-1.59	-7.8100000000000005	-5.7
11:30:27.719293	0.23	-9.77	0.68	-0.17	-9.26	-3.2	-0.8300000000000001	-9.71	-1.06	-1.59	-7.75	-5.78
11:30:27.729900	0.24	-9.77	0.68	-0.18	-9.290000000000001	-3.11	-0.8300000000000001	-9.71	-0.99	-1.6	-7.71	-5.83
11:30:27.740017	0.25	-9.77	0.68	-0.19	-9.32	-3.0300000000000002	-0.84	-9.72	-0.93	-1.6	-7.71	-5.83
11:30:27.750091	0.25	-9.77	0.68	-0.21	-9.34	-2.95	-0.84	-9.73	-0.86	-1.6	-7.71	-5.83
11:30:27.760758	0.26	-9.77	0.68	-0.25	-9.39	-2.79	-0.85	-9.73	-0.79	-1.6	-7.71	-5.83
11:30:27.770852	0.26	-9.77	0.68	-0.25	-9.39	-2.79	-0.85	-9.74	-0.73	-1.6	-7.71	-5.83
11:30:27.780949	0.26	-9.77	0.68	-0.34	-9.43	-2.64	-0.86	-9.74	-0.67	-1.6	-7.71	-5.83
11:30:27.791044	0.26	-9.77	0.6900000000000001	-0.34	-9.43	-2.64	-0.87	-9.74	-0.61	-1.58	-7.65	-5.91
11:30:27.801328	0.27	-9.77	0.6900000000000001	-0.38	-9.450000000000001	-2.57	-0.87	-9.75	-0.55	-1.61	-7.5600000000000005	-6.0200000000000005
11:30:27.811446	0.27	-9.77	0.7000000000000001	-0.48	-9.48	-2.44	-0.87	-9.75	-0.48	-1.61	-7.51	-6.09
11:30:27.821565	0.27	-9.77	0.7000000000000001	-0.53	-9.5	-2.36	-0.88	-9.75	-0.43	-1.51	-7.55	-6.0600000000000005
11:30:27.831661	0.27	-9.77	0.71	-0.58	-9.51	-2.2800000000000002	-0.88	-9.75	-0.36	-1.51	-7.51	-6.11
11:30:27.842339	0.27	-9.77	0.72	-0.62	-9.53	-2.21	-0.89	-9.76	-0.3	-1.51	-7.49	-6.13
11:30:27.852467	0.27	-9.77	0.74	-0.66	-9.540000000000001	-2.13	-0.89	-9.76	-0.24	-1.51	-7.49	-6.13
11:30:27.862567	0.27	-9.77	0.75	-0.7000000000000001	-9.56	-2.05	-0.9	-9.76	-0.18	-1.53	-7.42	-6.21
11:30:27.872769	0.26	-9.77	0.77	-0.73	-9.57	-1.98	-0.9	-9.76	-0.11	-1.53	-7.38	-6.26
11:30:27.882844	0.26	-9.77	0.79	-0.77	-9.58	-1.92	-0.9	-9.76	-0.04	-1.54	-7.36	-6.29
11:30:27.893177	0.25	-9.76	0.8200000000000001	-0.81	-9.59	-1.85	-0.9	-9.76	0.02	-1.55	-7.33	-6.32
11:30:27.903575	0.24	-9.76	0.84	-0.85	-9.6	-1.79	-0.89	-9.76	0.08	-1.55	-7.29	-6.37
11:30:27.913660	0.22	-9.76	0.86	-0.88	-9.61	-1.73	-0.88	-9.76	0.15	-1.55	-7.24	-6.41
11:30:27.923772	0.19	-9.76	0.86	-0.92	-9.61	-1.67	-0.88	-9.76	0.23	-1.55	-7.24	-6.41
11:30:27.934392	0.18	-9.76	0.88	-0.96	-9.620000000000001	-1.61	-0.84	-9.76	0.31	-1.56	-7.19	-6.47
11:30:27.944503	0.16	-9.76	0.9	-1.0	-9.63	-1.55	-0.8300000000000001	-9.76	0.38	-1.57	-7.140000000000001	-6.5200000000000005
11:30:27.954619	0.15	-9.76	0.92	-1.03	-9.63	-1.49	-0.8200000000000001	-9.76	0.46	-1.57	-7.11	-6.5600000000000005
11:30:27.964711	0.13	-9.75	0.9400000000000001	-1.08	-9.64	-1.42	-0.8200000000000001	-9.75	0.55	-1.58	-7.07	-6.59
11:30:27.974837	0.11	-9.75	0.98	-1.12	-9.64	-1.36	-0.8200000000000001	-9.75	0.63	-1.58	-7.04	-6.63
11:30:27.985024	0.1	-9.75	0.99	-1.16	-9.64	-1.31	-0.8200000000000001	-9.74	0.72	-1.58	-7.0	-6.67
11:30:27.995156	0.09	-9.75	1.0	-1.2	-9.64	-1.26	-0.8200000000000001	-9.73	0.81	-1.58	-6.96	-6.71
11:30:28.005653	0.08	-9.75	1.01	-1.24	-9.64	-1.22	-0.8200000000000001	-9.72	0.9	-1.59	-6.93	-6.75
11:30:28.015758	0.07	-9.75	1.02	-1.29	-9.64	-1.19	-0.8200000000000001	-9.72	0.99	-1.59	-6.88	-6.79
11:30:28.025832	0.06	-9.75	1.03	-1.33	-9.64	-1.1500000000000001	-0.8300000000000001	-9.71	1.08	-1.6	-6.82	-6.8500000000000005
11:30:28.035905	0.05	-9.75	1.04	-1.3800000000000001	-9.64	-1.12	-0.84	-9.69	1.17	-1.6500000000000001	-6.75	-6.91
11:30:28.045978	0.04	-9.75	1.05	-1.43	-9.64	-1.08	-0.85	-9.68	1.26	-1.69	-6.67	-6.97
11:30:28.056055	0.02	-9.74	1.05	-1.47	-9.63	-1.04	-0.86	-9.67	1.35	-1.7	-6.59	-7.05
11:30:28.066170	0.01	-9.74	1.06	-1.52	-9.63	-1.01	-0.88	-9.65	1.44	-1.73	-6.5	-7.13
11:30:28.076246	0.0	-9.74	1.07	-1.57	-9.620000000000001	-0.98	-0.9	-9.64	1.54	-1.77	-6.41	-7.2
11:30:28.086317	-0.01	-9.74	1.07	-1.62	-9.620000000000001	-0.9500000000000001	-0.92	-9.620000000000001	1.6400000000000001	-1.77	-6.41	-7.2
11:30:28.096385	-0.03	-9.74	1.08	-1.67	-9.61	-0.9400000000000001	-0.9500000000000001	-9.6	1.74	-1.81	-6.3100000000000005	-7.2700000000000005
11:30:28.106490	-0.04	-9.74	1.08	-1.72	-9.6	-0.93	-0.97	-9.57	1.85	-1.9100000000000001	-6.09	-7.44
11:30:28.116557	-0.05	-9.74	1.09	-1.77	-9.59	-0.93	-1.01	-9.55	1.96	-1.98	-5.97	-7.51
11:30:28.126625	-0.06	-9.74	1.09	-1.81	-9.59	-0.93	-1.04	-9.52	2.08	-2.04	-5.8500000000000005	-7.59
11:30:28.136701	-0.07	-9.74	1.09	-1.85	-9.58	-0.93	-1.07	-9.49	2.21	-2.1	-5.71	-7.68
11:30:28.146771	-0.08	-9.74	1.1	-1.8900000000000001	-9.57	-0.93	-1.11	-9.450000000000001	2.35	-2.17	-5.5600000000000005	-7.7700000000000005
11:30:28.156846	-0.1	-9.74	1.09	-1.9100000000000001	-9.57	-0.93	-1.1500000000000001	-9.41	2.49	-2.23	-5.41	-7.86
11:30:28.166915	-0.11	-9.74	1.09	-1.93	-9.56	-0.9400000000000001	-1.2	-9.36	2.64	-2.31	-5.26	-7.94
11:30:28.176987	-0.13	-9.74	1.07	-1.95	-9.56	-0.97	-1.24	-9.31	2.8000000000000003	-2.43	-5.09	-8.02
11:30:28.187075	-0.15	-9.74	1.06	-1.95	-9.55	-1.01	-1.27	-9.25	2.97	-2.54	-4.89	-8.1
11:30:28.197148	-0.16	-9.74	1.04	-1.95	-9.55	-1.06	-1.3	-9.19	3.15	-2.6	-4.7	-8.19
11:30:28.207230	-0.16	-9.75	1.03	-1.94	-9.540000000000001	-1.1300000000000001	-1.34	-9.120000000000001	3.33	-2.68	-4.5200000000000005	-8.27
11:30:28.217302	-0.15	-9.75	1.03	-1.92	-9.53	-1.22	-1.3900000000000001	-9.040000000000001	3.52	-2.77	-4.3	-8.36
11:30:28.227395	-0.13	-9.75	1.02	-1.9000000000000001	-9.52	-1.34	-1.47	-8.950000000000001	3.71	-2.84	-4.0600000000000005	-8.45
11:30:28.237469	-0.11	-9.75	1.02	-1.8800000000000001	-9.5	-1.48	-1.58	-8.86	3.88	-2.93	-3.8000000000000003	-8.55
11:30:28.247593	-0.09	-9.75	1.02	-1.85	-9.48	-1.6400000000000001	-1.71	-8.76	4.05	-2.98	-3.5100000000000002	-8.65
11:30:28.257669	-0.07	-9.75	1.01	-1.83	-9.450000000000001	-1.83	-1.85	-8.65	4.22	-2.95	-3.2	-8.78
11:30:28.267795	-0.06	-9.75	1.01	-1.79	-9.42	-2.0300000000000002	-1.98	-8.55	4.36	-2.95	-2.81	-8.91
11:30:28.277929	-0.04	-9.75	1.0	-1.74	-9.370000000000001	-2.2600000000000002	-2.06	-8.46	4.49	-3.0700000000000003	-2.31	-9.02
11:30:28.288303	-0.03	-9.75	0.99	-1.6600000000000001	-9.33	-2.49	-2.11	-8.38	4.61	-3.35	-1.22	-9.13
11:30:28.298454	-0.02	-9.75	0.99	-1.56	-9.290000000000001	-2.7	-2.14	-8.31	4.72	-3.35	-1.22	-9.13
11:30:28.308569	-0.01	-9.75	0.97	-1.46	-9.25	-2.87	-2.15	-8.24	4.84	-3.7800000000000002	-0.84	-9.0
11:30:28.318663	-0.01	-9.75	0.96	-1.34	-9.23	-3.0100000000000002	-2.16	-8.18	4.95	-3.79	-0.97	-8.98
11:30:28.328770	-0.01	-9.75	0.9500000000000001	-1.23	-9.21	-3.12	-2.18	-8.11	5.05	-3.29	-1.2	-9.15
11:30:28.339487	-0.01	-9.76	0.9500000000000001	-1.12	-9.19	-3.22	-2.2	-8.06	5.12	-3.0700000000000003	-1.41	-9.200000000000001
11:30:28.349627	-0.02	-9.76	0.9500000000000001	-1.02	-9.17	-3.31	-2.2	-8.06	5.12	-3.06	-1.54	-9.18
11:30:28.360362	-0.02	-9.76	0.9500000000000001	-0.93	-9.14	-3.42	-2.18	-8.09	5.08	-3.0	-1.6600000000000001	-9.18
11:30:28.370476	-0.03	-9.76	0.9500000000000001	-0.85	-9.1	-3.54	-2.12	-8.14	5.03	-2.7600000000000002	-1.87	-9.21
11:30:28.380598	-0.03	-9.75	0.9500000000000001	-0.77	-9.05	-3.67	-2.04	-8.21	4.94	-2.5100000000000002	-2.23	-9.21
11:30:28.390707	-0.02	-9.75	0.96	-0.7000000000000001	-9.0	-3.81	-1.94	-8.3	4.84	-2.37	-2.66	-9.13
11:30:28.400835	-0.02	-9.75	0.97	-0.59	-8.9	-4.0600000000000005	-1.83	-8.4	4.7	-2.3000000000000003	-2.99	-9.05
11:30:28.411210	-0.01	-9.75	0.97	-0.59	-8.9	-4.0600000000000005	-1.74	-8.51	4.53	-2.23	-3.2	-8.99
11:30:28.421313	-0.01	-9.75	0.98	-0.55	-8.85	-4.18	-1.67	-8.64	4.32	-2.14	-3.44	-8.92
11:30:28.431440	0.0	-9.75	0.99	-0.48	-8.74	-4.4	-1.61	-8.76	4.08	-2.07	-3.7600000000000002	-8.81
11:30:28.442183	0.0	-9.75	1.01	-0.46	-8.69	-4.51	-1.55	-8.89	3.81	-1.99	-4.11	-8.67
11:30:28.452279	0.0	-9.75	1.02	-0.45	-8.63	-4.62	-1.5	-9.02	3.5100000000000002	-1.8900000000000001	-4.45	-8.52
11:30:28.462379	0.01	-9.75	1.03	-0.45	-8.57	-4.73	-1.45	-9.15	3.19	-1.76	-4.78	-8.370000000000001
11:30:28.472790	0.01	-9.75	1.03	-0.45	-8.51	-4.84	-1.42	-9.28	2.83	-1.62	-5.1000000000000005	-8.21
11:30:28.483192	0.02	-9.75	1.04	-0.45	-8.46	-4.93	-1.3800000000000001	-9.39	2.44	-1.49	-5.4	-8.040000000000001
11:30:28.493818	0.02	-9.74	1.05	-0.43	-8.42	-5.0	-1.35	-9.49	2.04	-1.36	-5.67	-7.87
11:30:28.504062	0.03	-9.74	1.06	-0.4	-8.39	-5.0600000000000005	-1.31	-9.58	1.6300000000000001	-1.23	-5.96	-7.68
11:30:28.514137	0.04	-9.74	1.06	-0.36	-8.36	-5.09	-1.26	-9.64	1.21	-1.12	-6.25	-7.46
11:30:28.524241	0.05	-9.74	1.06	-0.3	-8.35	-5.12	-1.19	-9.700000000000001	0.8	-1.03	-6.54	-7.22
11:30:28.534310	0.06	-9.74	1.06	-0.24	-8.34	-5.15	-1.1300000000000001	-9.73	0.38	-0.98	-6.82	-6.97
11:30:28.544381	0.06	-9.74	1.06	-0.16	-8.33	-5.16	-1.06	-9.74	-0.02	-0.9500000000000001	-7.09	-6.7
11:30:28.554448	0.07	-9.74	1.06	-0.08	-8.32	-5.18	-1.01	-9.74	-0.43	-0.93	-7.34	-6.43
11:30:28.564531	0.07	-9.74	1.05	-0.01	-8.32	-5.18	-0.9500000000000001	-9.72	-0.84	-0.92	-7.57	-6.15
11:30:28.574629	0.06	-9.75	1.04	0.05	-8.32	-5.18	-0.9	-9.68	-1.23	-0.92	-7.8	-5.86
11:30:28.584703	0.06	-9.75	1.03	0.12	-8.33	-5.17	-0.85	-9.63	-1.61	-0.9	-8.01	-5.57
11:30:28.594777	0.05	-9.75	1.02	0.18	-8.34	-5.14	-0.81	-9.56	-1.99	-0.88	-8.21	-5.2700000000000005
11:30:28.604874	0.04	-9.75	1.01	0.23	-8.36	-5.12	-0.77	-9.49	-2.34	-0.86	-8.4	-4.98
11:30:28.614956	0.03	-9.75	0.99	0.29	-8.38	-5.08	-0.74	-9.4	-2.68	-0.8300000000000001	-8.57	-4.68
11:30:28.625028	0.0	-9.75	0.97	0.34	-8.4	-5.04	-0.71	-9.3	-3.0	-0.8	-8.72	-4.4
11:30:28.635102	0.0	-9.75	0.97	0.37	-8.43	-4.99	-0.6900000000000001	-9.200000000000001	-3.3000000000000003	-0.78	-8.85	-4.13
11:30:28.645175	-0.02	-9.75	0.96	0.39	-8.46	-4.94	-0.67	-9.1	-3.56	-0.77	-8.96	-3.89
11:30:28.655271	-0.04	-9.75	0.96	0.39	-8.48	-4.89	-0.66	-9.01	-3.8000000000000003	-0.77	-9.05	-3.68
11:30:28.665430	-0.05	-9.75	0.9500000000000001	0.38	-8.5	-4.86	-0.66	-8.92	-4.0	-0.78	-9.120000000000001	-3.5
11:30:28.676012	-0.07	-9.75	0.9500000000000001	0.37	-8.52	-4.83	-0.66	-8.85	-4.16	-0.8	-9.18	-3.34
11:30:28.686082	-0.09	-9.76	0.9400000000000001	0.35000000000000003	-8.53	-4.82	-0.67	-8.78	-4.29	-0.8300000000000001	-9.22	-3.21
11:30:28.696150	-0.11	-9.76	0.9400000000000001	0.33	-8.540000000000001	-4.8	-0.68	-8.74	-4.38	-0.87	-9.25	-3.11
11:30:28.706228	-0.13	-9.76	0.93	0.31	-8.540000000000001	-4.79	-0.7000000000000001	-8.71	-4.44	-0.9	-9.27	-3.0300000000000002
11:30:28.716305	-0.16	-9.76	0.92	0.31	-8.55	-4.78	-0.71	-8.700000000000001	-4.46	-0.93	-9.28	-3.0
11:30:28.726375	-0.18	-9.76	0.91	0.31	-8.56	-4.7700000000000005	-0.72	-8.700000000000001	-4.45	-0.96	-9.28	-2.99
11:30:28.736449	-0.2	-9.76	0.9	0.33	-8.56	-4.76	-0.73	-8.72	-4.41	-0.98	-9.27	-3.02
11:30:28.746519	-0.23	-9.76	0.89	0.36	-8.56	-4.75	-0.75	-8.76	-4.33	-0.99	-9.25	-3.08
11:30:28.756590	-0.25	-9.76	0.88	0.38	-8.56	-4.75	-0.76	-8.81	-4.23	-1.01	-9.22	-3.16
11:30:28.766701	-0.26	-9.76	0.87	0.4	-8.56	-4.76	-0.78	-8.86	-4.11	-1.01	-9.19	-3.25
11:30:28.776770	-0.27	-9.76	0.87	0.41000000000000003	-8.55	-4.7700000000000005	-0.79	-8.92	-3.98	-0.97	-9.15	-3.38
11:30:28.786845	-0.28	-9.76	0.86	0.42	-8.55	-4.78	-0.8	-8.99	-3.8200000000000003	-0.92	-9.07	-3.6
11:30:28.796918	-0.28	-9.76	0.85	0.41000000000000003	-8.55	-4.7700000000000005	-0.8200000000000001	-9.05	-3.66	-0.88	-9.0	-3.7800000000000002
11:30:28.806995	-0.28	-9.76	0.84	0.4	-8.56	-4.76	-0.84	-9.120000000000001	-3.5	-0.86	-8.96	-3.86
11:30:28.817079	-0.28	-9.76	0.8300000000000001	0.38	-8.57	-4.74	-0.85	-9.16	-3.36	-0.9	-8.98	-3.81
11:30:28.827148	-0.29	-9.76	0.8300000000000001	0.36	-8.59	-4.69	-0.84	-9.19	-3.29	-0.9	-9.09	-3.5500000000000003
11:30:28.837235	-0.3	-9.76	0.84	0.35000000000000003	-8.63	-4.63	-0.87	-9.200000000000001	-3.2600000000000002	-0.77	-9.08	-3.6
11:30:28.847311	-0.32	-9.76	0.85	0.32	-8.66	-4.57	-0.9400000000000001	-9.21	-3.2	-0.8200000000000001	-8.97	-3.86
11:30:28.857408	-0.33	-9.76	0.85	0.28	-8.700000000000001	-4.5	-1.0	-9.25	-3.09	-1.07	-8.84	-4.09
11:30:28.867505	-0.35000000000000003	-9.76	0.86	0.26	-8.73	-4.44	-1.04	-9.290000000000001	-2.96	-1.23	-8.700000000000001	-4.34
11:30:28.877661	-0.35000000000000003	-9.76	0.86	0.25	-8.74	-4.42	-1.04	-9.32	-2.85	-1.31	-8.52	-4.66
11:30:28.888166	-0.35000000000000003	-9.76	0.86	0.24	-8.74	-4.43	-1.03	-9.35	-2.75	-1.49	-8.31	-4.98
11:30:28.898276	-0.34	-9.76	0.86	0.24	-8.75	-4.41	-1.0	-9.38	-2.66	-1.49	-8.31	-4.98
11:30:28.908353	-0.33	-9.76	0.86	0.24	-8.77	-4.37	-0.98	-9.4	-2.58	-1.55	-8.290000000000001	-4.99
11:30:28.918483	-0.32	-9.76	0.87	0.23	-8.8	-4.32	-0.98	-9.43	-2.48	-1.49	-8.39	-4.83
11:30:28.928553	-0.31	-9.76	0.88	0.22	-8.83	-4.24	-0.99	-9.450000000000001	-2.39	-1.47	-8.4	-4.82
11:30:28.939276	-0.29	-9.76	0.9	0.22	-8.88	-4.14	-0.99	-9.47	-2.3000000000000003	-1.48	-8.34	-4.93
11:30:28.949488	-0.26	-9.76	0.91	0.23	-8.93	-4.03	-0.9500000000000001	-9.52	-2.14	-1.5	-8.25	-5.0600000000000005
11:30:28.960129	-0.23	-9.75	0.92	0.24	-8.98	-3.92	-0.92	-9.53	-2.07	-1.53	-8.17	-5.18
11:30:28.970239	-0.2	-9.75	0.9400000000000001	0.25	-9.03	-3.8000000000000003	-0.9	-9.55	-2.0	-1.57	-8.11	-5.26
11:30:28.980390	-0.18	-9.75	0.9500000000000001	0.24	-9.08	-3.68	-0.88	-9.57	-1.93	-1.59	-8.1	-5.28
11:30:28.990509	-0.16	-9.75	0.96	0.19	-9.120000000000001	-3.59	-0.87	-9.58	-1.85	-1.58	-8.1	-5.28
11:30:29.001172	-0.15	-9.75	0.97	0.12	-9.14	-3.5300000000000002	-0.86	-9.6	-1.77	-1.55	-8.11	-5.2700000000000005
11:30:29.011282	-0.15	-9.75	0.97	-0.04	-9.16	-3.48	-0.86	-9.61	-1.7	-1.55	-8.09	-5.3100000000000005
11:30:29.021384	-0.15	-9.75	0.97	-0.11	-9.16	-3.48	-0.86	-9.63	-1.61	-1.56	-8.03	-5.4
11:30:29.032031	-0.16	-9.75	0.97	-0.18	-9.17	-3.46	-0.86	-9.64	-1.53	-1.58	-7.98	-5.47
11:30:29.042159	-0.16	-9.75	0.96	-0.22	-9.19	-3.4	-0.86	-9.65	-1.45	-1.6	-7.95	-5.5
11:30:29.052236	-0.17	-9.75	0.96	-0.24	-9.22	-3.3200000000000003	-0.86	-9.67	-1.3800000000000001	-1.61	-7.94	-5.51
11:30:29.062361	-0.18	-9.75	0.9500000000000001	-0.25	-9.25	-3.22	-0.85	-9.68	-1.31	-1.6	-7.930000000000001	-5.54
11:30:29.072467	-0.18	-9.75	0.9400000000000001	-0.25	-9.290000000000001	-3.11	-0.85	-9.69	-1.23	-1.57	-7.9	-5.58
11:30:29.082985	-0.18	-9.76	0.93	-0.26	-9.32	-3.02	-0.85	-9.69	-1.16	-1.55	-7.86	-5.65
11:30:29.093634	-0.17	-9.76	0.92	-0.27	-9.35	-2.93	-0.85	-9.700000000000001	-1.09	-1.54	-7.8100000000000005	-5.71
11:30:29.103942	-0.17	-9.76	0.92	-0.28	-9.370000000000001	-2.85	-0.86	-9.71	-1.02	-1.55	-7.76	-5.78
11:30:29.114043	-0.16	-9.76	0.92	-0.29	-9.39	-2.7800000000000002	-0.86	-9.72	-0.9500000000000001	-1.57	-7.72	-5.82
11:30:29.124124	-0.14	-9.76	0.91	-0.31	-9.41	-2.71	-0.87	-9.72	-0.87	-1.57	-7.69	-5.86
11:30:29.134195	-0.13	-9.76	0.91	-0.33	-9.43	-2.65	-0.88	-9.73	-0.8	-1.57	-7.67	-5.9
11:30:29.144274	-0.12	-9.76	0.9	-0.35000000000000003	-9.450000000000001	-2.58	-0.89	-9.73	-0.72	-1.57	-7.63	-5.94
11:30:29.154361	-0.11	-9.76	0.9	-0.38	-9.46	-2.52	-0.9	-9.74	-0.64	-1.57	-7.61	-5.98
11:30:29.164431	-0.11	-9.76	0.89	-0.41000000000000003	-9.48	-2.45	-0.9	-9.74	-0.5700000000000001	-1.57	-7.57	-6.0200000000000005
11:30:29.174509	-0.1	-9.76	0.89	-0.44	-9.5	-2.38	-0.91	-9.75	-0.5	-1.57	-7.53	-6.07
11:30:29.184578	-0.1	-9.76	0.88	-0.48	-9.51	-2.31	-0.91	-9.75	-0.43	-1.56	-7.5	-6.11
11:30:29.194649	-0.1	-9.76	0.88	-0.53	-9.53	-2.24	-0.91	-9.75	-0.36	-1.55	-7.47	-6.15
11:30:29.204726	-0.1	-9.76	0.88	-0.58	-9.540000000000001	-2.16	-0.92	-9.75	-0.3	-1.55	-7.44	-6.19
11:30:29.214799	-0.1	-9.76	0.88	-0.63	-9.56	-2.08	-0.92	-9.75	-0.24	-1.56	-7.4	-6.23
11:30:29.224913	-0.09	-9.76	0.88	-0.68	-9.57	-2.0100000000000002	-0.92	-9.76	-0.18	-1.57	-7.37	-6.26
11:30:29.234986	-0.09	-9.76	0.88	-0.73	-9.58	-1.93	-0.92	-9.76	-0.12	-1.59	-7.3500000000000005	-6.28
11:30:29.245102	-0.09	-9.76	0.89	-0.77	-9.59	-1.86	-0.91	-9.76	-0.06	-1.59	-7.32	-6.32
11:30:29.255172	-0.08	-9.76	0.9	-0.8200000000000001	-9.6	-1.78	-0.91	-9.76	0.0	-1.58	-7.28	-6.36
11:30:29.265249	-0.08	-9.76	0.91	-0.88	-9.61	-1.71	-0.91	-9.76	0.05	-1.59	-7.26	-6.38
11:30:29.275323	-0.08	-9.76	0.93	-0.93	-9.620000000000001	-1.6400000000000001	-0.9	-9.76	0.11	-1.59	-7.24	-6.41
11:30:29.285388	-0.08	-9.76	0.9400000000000001	-0.98	-9.620000000000001	-1.57	-0.9	-9.76	0.17	-1.59	-7.2	-6.46
11:30:29.295463	-0.08	-9.75	0.9500000000000001	-1.03	-9.63	-1.5	-0.87	-9.76	0.27	-1.59	-7.16	-6.5
11:30:29.305539	-0.08	-9.75	0.97	-1.08	-9.63	-1.44	-0.87	-9.76	0.34	-1.6	-7.140000000000001	-6.5200000000000005
11:30:29.315656	-0.08	-9.75	0.99	-1.12	-9.64	-1.3800000000000001	-0.87	-9.75	0.41000000000000003	-1.61	-7.11	-6.55
11:30:29.325736	-0.08	-9.75	1.0	-1.17	-9.64	-1.32	-0.87	-9.75	0.48	-1.62	-7.07	-6.59
11:30:29.335807	-0.08	-9.75	1.02	-1.22	-9.64	-1.26	-0.87	-9.75	0.56	-1.62	-7.03	-6.63
11:30:29.345874	-0.08	-9.75	1.03	-1.27	-9.64	-1.21	-0.87	-9.74	0.64	-1.6300000000000001	-7.01	-6.65
11:30:29.355947	-0.08	-9.75	1.04	-1.32	-9.64	-1.1500000000000001	-0.87	-9.74	0.71	-1.6500000000000001	-6.97	-6.68
11:30:29.366015	-0.08	-9.74	1.06	-1.3800000000000001	-9.64	-1.1	-0.87	-9.73	0.8	-1.6500000000000001	-6.93	-6.73
11:30:29.376098	-0.08	-9.74	1.07	-1.43	-9.64	-1.05	-0.88	-9.72	0.88	-1.6500000000000001	-6.88	-6.78
11:30:29.386164	-0.08	-9.74	1.08	-1.47	-9.64	-1.0	-0.88	-9.71	0.96	-1.68	-6.82	-6.83
11:30:29.396292	-0.08	-9.74	1.1	-1.52	-9.63	-0.96	-0.89	-9.700000000000001	1.04	-1.71	-6.76	-6.890000000000001
11:30:29.406363	-0.08	-9.74	1.1	-1.57	-9.63	-0.91	-0.89	-9.700000000000001	1.04	-1.73	-6.68	-6.96
11:30:29.416499	-0.09	-9.74	1.12	-1.61	-9.63	-0.87	-0.91	-9.68	1.21	-1.75	-6.6000000000000005	-7.0200000000000005
11:30:29.426602	-0.09	-9.74	1.1300000000000001	-1.6600000000000001	-9.620000000000001	-0.8300000000000001	-0.93	-9.67	1.3	-1.79	-6.53	-7.08
11:30:29.436707	-0.09	-9.73	1.1400000000000001	-1.68	-9.63	-0.74	-0.93	-9.67	1.3	-1.82	-6.44	-7.15
11:30:29.447369	-0.09	-9.73	1.1500000000000001	-1.7	-9.63	-0.66	-0.97	-9.64	1.51	-1.86	-6.3500000000000005	-7.23
11:30:29.457456	-0.08	-9.73	1.1500000000000001	-1.75	-9.620000000000001	-0.64	-0.99	-9.620000000000001	1.62	-1.9100000000000001	-6.25	-7.3
11:30:29.467584	-0.08	-9.73	1.16	-1.79	-9.61	-0.63	-1.02	-9.59	1.73	-1.97	-6.16	-7.36
11:30:29.477707	-0.08	-9.73	1.16	-1.84	-9.61	-0.62	-1.04	-9.57	1.85	-2.0300000000000002	-6.05	-7.44
11:30:29.487778	-0.08	-9.73	1.16	-1.8800000000000001	-9.6	-0.62	-1.07	-9.540000000000001	1.98	-2.09	-5.92	-7.5200000000000005
11:30:29.498002	-0.09	-9.73	1.17	-1.92	-9.59	-0.62	-1.1	-9.51	2.11	-2.16	-5.8	-7.59
11:30:29.508231	-0.1	-9.73	1.17	-1.95	-9.58	-0.63	-1.1400000000000001	-9.47	2.25	-2.24	-5.68	-7.67
11:30:29.518354	-0.11	-9.73	1.16	-1.98	-9.58	-0.63	-1.18	-9.43	2.4	-2.35	-5.38	-7.8500000000000005
11:30:29.528460	-0.13	-9.73	1.1500000000000001	-2.0	-9.57	-0.63	-1.22	-9.38	2.5500000000000003	-2.45	-5.23	-7.91
11:30:29.538583	-0.15	-9.73	1.1300000000000001	-2.02	-9.57	-0.64	-1.26	-9.33	2.71	-2.56	-5.08	-7.98
11:30:29.549251	-0.17	-9.74	1.11	-2.02	-9.57	-0.66	-1.28	-9.28	2.88	-2.63	-4.9	-8.07
11:30:29.559345	-0.17	-9.74	1.09	-2.02	-9.57	-0.6900000000000001	-1.31	-9.21	3.0700000000000003	-2.69	-4.69	-8.17
11:30:29.569508	-0.17	-9.74	1.08	-2.0	-9.56	-0.74	-1.34	-9.15	3.25	-2.8000000000000003	-4.49	-8.25
11:30:29.580253	-0.15	-9.74	1.07	-1.98	-9.56	-0.8200000000000001	-1.3900000000000001	-9.07	3.44	-2.88	-4.2700000000000005	-8.34
11:30:29.590370	-0.13	-9.74	1.07	-1.95	-9.56	-0.92	-1.57	-8.89	3.81	-2.91	-4.05	-8.44
11:30:29.600472	-0.13	-9.74	1.07	-1.8800000000000001	-9.540000000000001	-1.19	-1.71	-8.790000000000001	3.98	-2.94	-3.79	-8.540000000000001
11:30:29.610576	-0.08	-9.74	1.07	-1.8800000000000001	-9.540000000000001	-1.19	-1.86	-8.69	4.14	-2.98	-3.49	-8.66
11:30:29.621058	-0.06	-9.74	1.07	-1.85	-9.53	-1.36	-1.99	-8.59	4.28	-2.97	-3.15	-8.790000000000001
11:30:29.631196	-0.04	-9.74	1.07	-1.82	-9.51	-1.54	-2.08	-8.5	4.41	-2.95	-2.79	-8.92
11:30:29.641318	-0.01	-9.74	1.06	-1.72	-9.450000000000001	-1.96	-2.13	-8.42	4.54	-3.02	-2.31	-9.03
11:30:29.651482	0.01	-9.74	1.06	-1.6300000000000001	-9.41	-2.21	-2.17	-8.35	4.65	-3.16	-1.75	-9.11
11:30:29.662175	0.04	-9.74	1.05	-1.52	-9.370000000000001	-2.45	-2.2	-8.28	4.76	-3.3200000000000003	-1.17	-9.14
11:30:29.672266	0.07	-9.75	1.04	-1.41	-9.33	-2.65	-2.21	-8.21	4.87	-3.7	-0.67	-9.05
11:30:29.682390	0.08	-9.75	1.03	-1.29	-9.3	-2.81	-2.23	-8.15	4.97	-4.1	-0.41000000000000003	-8.89
11:30:29.692997	0.1	-9.75	1.02	-1.18	-9.28	-2.93	-2.2600000000000002	-8.09	5.04	-3.92	-0.52	-8.97
11:30:29.703114	0.1	-9.75	1.02	-1.08	-9.26	-3.02	-2.27	-8.06	5.08	-3.3200000000000003	-0.72	-9.19
11:30:29.713202	0.1	-9.75	1.01	-0.97	-9.24	-3.12	-2.2600000000000002	-8.07	5.09	-2.96	-0.99	-9.290000000000001
11:30:29.723881	0.11	-9.75	1.0	-0.87	-9.21	-3.23	-2.22	-8.09	5.0600000000000005	-2.95	-1.17	-9.27
11:30:29.734421	0.11	-9.75	1.0	-0.77	-9.17	-3.36	-2.15	-8.14	5.0200000000000005	-2.98	-1.26	-9.25
11:30:29.744483	0.12	-9.75	1.01	-0.68	-9.13	-3.5	-2.05	-8.2	4.96	-2.79	-1.42	-9.28
11:30:29.754586	0.12	-9.75	1.01	-0.6	-9.08	-3.64	-1.94	-8.290000000000001	4.8500000000000005	-2.47	-1.72	-9.33
11:30:29.764653	0.12	-9.75	1.01	-0.52	-9.03	-3.7800000000000002	-1.83	-8.39	4.72	-2.25	-2.16	-9.290000000000001
11:30:29.774728	0.13	-9.75	1.02	-0.46	-8.97	-3.91	-1.73	-8.51	4.55	-2.16	-2.6	-9.200000000000001
11:30:29.784843	0.14	-9.75	1.02	-0.41000000000000003	-8.92	-4.03	-1.6500000000000001	-8.63	4.34	-2.09	-2.91	-9.120000000000001
11:30:29.794931	0.15	-9.75	1.03	-0.36	-8.88	-4.14	-1.58	-8.76	4.1	-2.02	-3.13	-9.07
11:30:29.805060	0.16	-9.75	1.03	-0.32	-8.83	-4.24	-1.52	-8.89	3.83	-1.97	-3.39	-8.98
11:30:29.815135	0.17	-9.74	1.04	-0.3	-8.78	-4.3500000000000005	-1.45	-9.03	3.5300000000000002	-1.94	-3.73	-8.85
11:30:29.825250	0.18	-9.74	1.05	-0.28	-8.72	-4.46	-1.4000000000000001	-9.16	3.2	-1.8900000000000001	-4.09	-8.700000000000001
11:30:29.835334	0.19	-9.74	1.05	-0.29	-8.66	-4.57	-1.35	-9.28	2.85	-1.8	-4.47	-8.53
11:30:29.845403	0.2	-9.74	1.06	-0.29	-8.6	-4.68	-1.3	-9.4	2.46	-1.68	-4.8500000000000005	-8.35
11:30:29.855480	0.21	-9.74	1.07	-0.29	-8.55	-4.78	-1.26	-9.5	2.06	-1.54	-5.21	-8.16
11:30:29.865546	0.22	-9.74	1.07	-0.28	-8.5	-4.86	-1.22	-9.59	1.6300000000000001	-1.4000000000000001	-5.5200000000000005	-7.98
11:30:29.875619	0.23	-9.74	1.08	-0.25	-8.47	-4.92	-1.17	-9.66	1.2	-1.26	-5.8	-7.8
11:30:29.885700	0.24	-9.74	1.08	-0.22	-8.45	-4.96	-1.11	-9.71	0.76	-1.12	-6.07	-7.61
11:30:29.895773	0.27	-9.74	1.08	-0.17	-8.43	-4.99	-1.05	-9.74	0.33	-0.99	-6.34	-7.4
11:30:29.905846	0.27	-9.74	1.08	-0.12	-8.42	-5.01	-0.98	-9.75	-0.09	-0.88	-6.62	-7.17
11:30:29.915919	0.28	-9.74	1.08	-0.06	-8.41	-5.04	-0.91	-9.75	-0.52	-0.8	-6.88	-6.93
11:30:29.925996	0.29	-9.74	1.08	0.0	-8.4	-5.05	-0.84	-9.72	-0.93	-0.77	-7.13	-6.68
11:30:29.936076	0.29	-9.74	1.07	0.07	-8.39	-5.0600000000000005	-0.77	-9.68	-1.33	-0.75	-7.37	-6.41
11:30:29.946145	0.3	-9.74	1.07	0.13	-8.39	-5.0600000000000005	-0.72	-9.620000000000001	-1.71	-0.75	-7.61	-6.13
11:30:29.956245	0.3	-9.74	1.06	0.2	-8.39	-5.05	-0.67	-9.55	-2.09	-0.75	-7.84	-5.84
11:30:29.966376	0.3	-9.74	1.04	0.26	-8.4	-5.04	-0.63	-9.47	-2.45	-0.76	-8.040000000000001	-5.55
11:30:29.976448	0.28	-9.74	1.02	0.31	-8.41	-5.0200000000000005	-0.6	-9.38	-2.79	-0.76	-8.24	-5.26
11:30:29.986553	0.27	-9.75	1.01	0.37	-8.42	-5.0	-0.58	-9.28	-3.11	-0.75	-8.42	-4.95
11:30:29.996627	0.26	-9.75	1.0	0.41000000000000003	-8.44	-4.96	-0.5700000000000001	-9.17	-3.41	-0.74	-8.59	-4.65
11:30:30.006744	0.24	-9.75	0.98	0.45	-8.46	-4.92	-0.5700000000000001	-9.06	-3.69	-0.73	-8.74	-4.37
11:30:30.016980	0.23	-9.75	0.97	0.47000000000000003	-8.49	-4.88	-0.58	-8.96	-3.94	-0.72	-8.870000000000001	-4.11
11:30:30.027299	0.21	-9.75	0.97	0.48	-8.51	-4.83	-0.6	-8.86	-4.15	-0.71	-8.98	-3.86
11:30:30.037427	0.19	-9.75	0.96	0.48	-8.540000000000001	-4.78	-0.62	-8.77	-4.34	-0.71	-9.07	-3.64
11:30:30.047587	0.18	-9.75	0.96	0.47000000000000003	-8.56	-4.74	-0.66	-8.69	-4.49	-0.71	-9.15	-3.44
11:30:30.057998	0.16	-9.75	0.96	0.46	-8.59	-4.7	-0.6900000000000001	-8.620000000000001	-4.6000000000000005	-0.73	-9.21	-3.27
11:30:30.068114	0.15	-9.75	0.96	0.44	-8.61	-4.66	-0.71	-8.58	-4.68	-0.75	-9.26	-3.12
11:30:30.078792	0.13	-9.75	0.96	0.42	-8.63	-4.63	-0.73	-8.55	-4.73	-0.77	-9.3	-3.0100000000000002
11:30:30.088891	0.12	-9.75	0.96	0.41000000000000003	-8.64	-4.6000000000000005	-0.74	-8.540000000000001	-4.74	-0.8300000000000001	-9.33	-2.89
11:30:30.099002	0.1	-9.75	0.9500000000000001	0.41000000000000003	-8.65	-4.58	-0.75	-8.55	-4.72	-0.86	-9.33	-2.89
11:30:30.109640	0.09	-9.75	0.9500000000000001	0.42	-8.66	-4.57	-0.76	-8.58	-4.67	-0.88	-9.31	-2.92
11:30:30.119750	0.08	-9.75	0.9500000000000001	0.43	-8.66	-4.57	-0.77	-8.620000000000001	-4.59	-0.9	-9.290000000000001	-2.99
11:30:30.129868	0.06	-9.76	0.9400000000000001	0.45	-8.65	-4.58	-0.78	-8.68	-4.49	-0.91	-9.26	-3.08
11:30:30.139951	0.05	-9.76	0.9400000000000001	0.46	-8.64	-4.59	-0.79	-8.74	-4.36	-0.91	-9.23	-3.17
11:30:30.150037	0.05	-9.76	0.93	0.47000000000000003	-8.64	-4.61	-0.81	-8.88	-4.0600000000000005	-0.88	-9.18	-3.31
11:30:30.160152	0.04	-9.76	0.93	0.47000000000000003	-8.63	-4.62	-0.84	-8.96	-3.89	-0.81	-9.11	-3.5100000000000002
11:30:30.170286	0.04	-9.76	0.92	0.46	-8.63	-4.62	-0.87	-9.03	-3.71	-0.77	-9.05	-3.67
11:30:30.180409	0.04	-9.76	0.92	0.45	-8.63	-4.61	-0.89	-9.08	-3.58	-0.74	-9.01	-3.77
11:30:30.191011	0.03	-9.76	0.92	0.42	-8.64	-4.6000000000000005	-0.9	-9.1	-3.5100000000000002	-0.76	-9.02	-3.75
11:30:30.201698	0.03	-9.76	0.91	0.4	-8.66	-4.57	-0.96	-9.11	-3.48	-0.76	-9.120000000000001	-3.5
11:30:30.211767	0.02	-9.76	0.91	0.38	-8.700000000000001	-4.49	-1.04	-9.13	-3.42	-0.6900000000000001	-9.14	-3.47
11:30:30.221858	0.01	-9.76	0.92	0.36	-8.75	-4.4	-1.11	-9.16	-3.3000000000000003	-0.77	-9.040000000000001	-3.7
11:30:30.231929	0.0	-9.76	0.93	0.33	-8.790000000000001	-4.32	-1.1500000000000001	-9.200000000000001	-3.17	-1.04	-8.91	-3.94
11:30:30.242008	0.0	-9.76	0.9400000000000001	0.3	-8.82	-4.26	-1.16	-9.24	-3.0500000000000003	-1.22	-8.77	-4.2
11:30:30.252082	-0.01	-9.76	0.9400000000000001	0.28	-8.84	-4.21	-1.1400000000000001	-9.27	-2.96	-1.31	-8.6	-4.5200000000000005
11:30:30.262155	0.0	-9.76	0.9400000000000001	0.26	-8.85	-4.21	-1.12	-9.3	-2.87	-1.3800000000000001	-8.46	-4.75
11:30:30.272231	0.0	-9.76	0.9400000000000001	0.24	-8.84	-4.21	-1.1	-9.33	-2.79	-1.43	-8.44	-4.7700000000000005
11:30:30.282298	0.0	-9.76	0.9400000000000001	0.22	-8.85	-4.21	-1.1	-9.36	-2.7	-1.43	-8.48	-4.7
11:30:30.292425	0.01	-9.76	0.9400000000000001	0.2	-8.870000000000001	-4.17	-1.1	-9.38	-2.6	-1.41	-8.53	-4.61
11:30:30.302590	0.02	-9.76	0.9500000000000001	0.18	-8.89	-4.11	-1.1	-9.41	-2.5100000000000002	-1.3900000000000001	-8.52	-4.63
11:30:30.312660	0.03	-9.75	0.96	0.17	-8.93	-4.03	-1.09	-9.43	-2.43	-1.3900000000000001	-8.44	-4.78
11:30:30.322748	0.05	-9.75	0.97	0.17	-8.98	-3.92	-1.07	-9.450000000000001	-2.36	-1.42	-8.34	-4.94
11:30:30.332900	0.07	-9.75	0.98	0.18	-9.03	-3.79	-1.04	-9.47	-2.29	-1.45	-8.26	-5.07
11:30:30.343557	0.1	-9.75	1.0	0.18	-9.08	-3.67	-1.02	-9.49	-2.22	-1.46	-8.22	-5.13
11:30:30.353624	0.13	-9.75	1.01	0.17	-9.13	-3.5500000000000003	-1.0	-9.51	-2.16	-1.46	-8.22	-5.13
11:30:30.363750	0.15	-9.75	1.02	0.14	-9.18	-3.43	-0.99	-9.52	-2.09	-1.46	-8.24	-5.1000000000000005
11:30:30.373865	0.18	-9.74	1.04	0.08	-9.22	-3.33	-0.98	-9.540000000000001	-2.02	-1.44	-8.25	-5.08
11:30:30.384579	0.2	-9.74	1.06	0.0	-9.24	-3.27	-0.98	-9.55	-1.95	-1.45	-8.23	-5.12
11:30:30.394661	0.22	-9.74	1.07	-0.07	-9.25	-3.23	-0.98	-9.57	-1.8800000000000001	-1.48	-8.17	-5.2
11:30:30.404732	0.23	-9.74	1.09	-0.15	-9.26	-3.2	-0.98	-9.58	-1.8	-1.52	-8.120000000000001	-5.26
11:30:30.414804	0.24	-9.74	1.1	-0.23	-9.26	-3.19	-0.98	-9.6	-1.72	-1.57	-8.1	-5.29
11:30:30.424880	0.24	-9.74	1.1	-0.3	-9.27	-3.17	-0.98	-9.61	-1.6500000000000001	-1.58	-8.09	-5.3
11:30:30.435562	0.24	-9.74	1.1	-0.35000000000000003	-9.290000000000001	-3.1	-0.97	-9.620000000000001	-1.58	-1.55	-8.08	-5.32
11:30:30.445635	0.24	-9.74	1.1	-0.38	-9.32	-3.0100000000000002	-0.96	-9.64	-1.51	-1.53	-8.06	-5.36
11:30:30.455703	0.24	-9.74	1.1	-0.39	-9.35	-2.91	-0.96	-9.65	-1.44	-1.51	-8.03	-5.41
11:30:30.465778	0.25	-9.74	1.1	-0.41000000000000003	-9.38	-2.8000000000000003	-0.96	-9.66	-1.37	-1.5	-7.98	-5.49
11:30:30.475846	0.26	-9.74	1.1	-0.42	-9.41	-2.7	-0.96	-9.67	-1.3	-1.49	-7.92	-5.57
11:30:30.485913	0.28	-9.74	1.09	-0.43	-9.44	-2.61	-0.96	-9.68	-1.23	-1.5	-7.88	-5.63
11:30:30.495997	0.29	-9.74	1.09	-0.45	-9.46	-2.5300000000000002	-0.97	-9.68	-1.1500000000000001	-1.51	-7.8500000000000005	-5.67
11:30:30.506074	0.31	-9.74	1.09	-0.46	-9.48	-2.46	-0.98	-9.69	-1.07	-1.5	-7.82	-5.7
11:30:30.516146	0.33	-9.74	1.08	-0.48	-9.49	-2.39	-0.99	-9.700000000000001	-0.98	-1.5	-7.79	-5.75
11:30:30.526224	0.34	-9.74	1.07	-0.51	-9.51	-2.33	-1.0	-9.71	-0.9	-1.49	-7.76	-5.8
11:30:30.536322	0.36	-9.74	1.07	-0.55	-9.52	-2.27	-1.0	-9.72	-0.81	-1.49	-7.72	-5.8500000000000005
11:30:30.546406	0.36	-9.74	1.06	-0.58	-9.53	-2.22	-1.01	-9.72	-0.73	-1.49	-7.68	-5.9
11:30:30.556475	0.37	-9.74	1.05	-0.62	-9.540000000000001	-2.16	-1.02	-9.73	-0.65	-1.5	-7.63	-5.97
11:30:30.566566	0.38	-9.74	1.05	-0.65	-9.55	-2.1	-1.02	-9.73	-0.5700000000000001	-1.5	-7.58	-6.0200000000000005
11:30:30.576725	0.38	-9.74	1.04	-0.6900000000000001	-9.56	-2.05	-1.02	-9.74	-0.49	-1.49	-7.54	-6.08
11:30:30.586798	0.39	-9.74	1.04	-0.72	-9.57	-1.99	-1.03	-9.74	-0.4	-1.49	-7.5	-6.13
11:30:30.596880	0.39	-9.74	1.04	-0.76	-9.58	-1.93	-1.03	-9.74	-0.31	-1.48	-7.45	-6.19
11:30:30.606988	0.4	-9.74	1.04	-0.79	-9.59	-1.87	-1.03	-9.74	-0.22	-1.47	-7.42	-6.23
11:30:30.617382	0.41000000000000003	-9.74	1.04	-0.8200000000000001	-9.6	-1.81	-1.03	-9.75	-0.13	-1.47	-7.390000000000001	-6.2700000000000005
11:30:30.627714	0.41000000000000003	-9.74	1.01	-0.85	-9.6	-1.75	-1.02	-9.75	-0.04	-1.47	-7.34	-6.32
11:30:30.637823	0.41000000000000003	-9.74	0.98	-0.88	-9.61	-1.71	-1.02	-9.75	0.04	-1.47	-7.3	-6.37
11:30:30.647930	0.42	-9.75	0.9500000000000001	-0.92	-9.620000000000001	-1.6600000000000001	-1.02	-9.75	0.13	-1.48	-7.2700000000000005	-6.4
11:30:30.658093	0.42	-9.74	0.96	-0.9500000000000001	-9.620000000000001	-1.62	-1.01	-9.75	0.21	-1.49	-7.23	-6.45
11:30:30.668162	0.41000000000000003	-9.74	0.97	-0.99	-9.620000000000001	-1.58	-1.01	-9.74	0.3	-1.49	-7.18	-6.5
11:30:30.678305	0.41000000000000003	-9.74	0.98	-1.03	-9.620000000000001	-1.54	-1.0	-9.74	0.39	-1.49	-7.140000000000001	-6.54
11:30:30.688672	0.4	-9.74	0.99	-1.07	-9.63	-1.49	-1.0	-9.74	0.47000000000000003	-1.4000000000000001	-7.16	-6.54
11:30:30.699017	0.39	-9.74	1.0	-1.11	-9.63	-1.44	-1.0	-9.73	0.55	-1.4000000000000001	-7.16	-6.54
11:30:30.709147	0.38	-9.74	1.02	-1.1500000000000001	-9.64	-1.37	-0.99	-9.73	0.63	-1.41	-7.08	-6.62
11:30:30.719267	0.37	-9.74	1.03	-1.19	-9.64	-1.31	-0.99	-9.72	0.71	-1.43	-7.05	-6.66
11:30:30.729825	0.35000000000000003	-9.74	1.04	-1.23	-9.64	-1.24	-0.99	-9.72	0.78	-1.45	-7.0	-6.7
11:30:30.739956	0.33	-9.74	1.05	-1.28	-9.64	-1.18	-0.99	-9.71	0.86	-1.48	-6.94	-6.76
11:30:30.750065	0.32	-9.74	1.07	-1.3900000000000001	-9.64	-1.07	-0.99	-9.71	0.93	-1.52	-6.88	-6.8100000000000005
11:30:30.760187	0.3	-9.74	1.08	-1.44	-9.64	-1.02	-1.0	-9.700000000000001	1.01	-1.54	-6.83	-6.86
11:30:30.770759	0.28	-9.74	1.09	-1.5	-9.64	-0.97	-1.0	-9.69	1.08	-1.57	-6.76	-6.92
11:30:30.780879	0.26	-9.74	1.1	-1.56	-9.63	-0.92	-1.02	-9.67	1.24	-1.6	-6.67	-6.99
11:30:30.791037	0.24	-9.73	1.11	-1.61	-9.63	-0.87	-1.03	-9.66	1.32	-1.6300000000000001	-6.6000000000000005	-7.0600000000000005
11:30:30.801707	0.23	-9.73	1.1300000000000001	-1.67	-9.620000000000001	-0.8200000000000001	-1.05	-9.64	1.4000000000000001	-1.68	-6.5200000000000005	-7.12
11:30:30.811780	0.21	-9.73	1.1400000000000001	-1.72	-9.620000000000001	-0.78	-1.07	-9.63	1.49	-1.72	-6.42	-7.2
11:30:30.822033	0.2	-9.73	1.1500000000000001	-1.78	-9.61	-0.75	-1.09	-9.61	1.59	-1.76	-6.32	-7.28
11:30:30.832625	0.2	-9.73	1.16	-1.83	-9.6	-0.72	-1.11	-9.59	1.69	-1.82	-6.23	-7.34
11:30:30.842694	0.19	-9.73	1.16	-1.8800000000000001	-9.59	-0.6900000000000001	-1.1300000000000001	-9.57	1.8	-1.8900000000000001	-6.13	-7.41
11:30:30.852778	0.19	-9.73	1.17	-1.93	-9.59	-0.68	-1.1500000000000001	-9.540000000000001	1.92	-1.95	-6.01	-7.49
11:30:30.863040	0.19	-9.73	1.18	-1.97	-9.58	-0.66	-1.18	-9.51	2.04	-2.0100000000000002	-5.88	-7.58
11:30:30.873112	0.19	-9.73	1.18	-2.0100000000000002	-9.57	-0.65	-1.21	-9.48	2.17	-2.09	-5.76	-7.65
11:30:30.883188	0.19	-9.73	1.19	-2.04	-9.56	-0.65	-1.24	-9.44	2.3000000000000003	-2.17	-5.62	-7.73
11:30:30.893314	0.18	-9.73	1.19	-2.07	-9.56	-0.65	-1.28	-9.4	2.44	-2.23	-5.47	-7.82
11:30:30.903416	0.18	-9.73	1.19	-2.1	-9.55	-0.65	-1.32	-9.36	2.59	-2.29	-5.3100000000000005	-7.91
11:30:30.913481	0.17	-9.73	1.19	-2.12	-9.55	-0.66	-1.36	-9.31	2.74	-2.36	-5.17	-7.99
11:30:30.923740	0.16	-9.73	1.18	-2.14	-9.540000000000001	-0.68	-1.4000000000000001	-9.26	2.9	-2.48	-5.0200000000000005	-8.040000000000001
11:30:30.933844	0.14	-9.73	1.17	-2.15	-9.540000000000001	-0.71	-1.42	-9.200000000000001	3.0700000000000003	-2.57	-4.83	-8.13
11:30:30.943971	0.11	-9.73	1.1500000000000001	-2.14	-9.53	-0.74	-1.45	-9.13	3.25	-2.63	-4.62	-8.23
11:30:30.954568	0.09	-9.73	1.1400000000000001	-2.13	-9.53	-0.8	-1.49	-9.06	3.43	-2.71	-4.43	-8.31
11:30:30.964661	0.08	-9.74	1.12	-2.12	-9.53	-0.87	-1.55	-8.98	3.61	-2.79	-4.22	-8.39
11:30:30.974760	0.11	-9.74	1.11	-2.09	-9.53	-0.96	-1.6400000000000001	-8.89	3.7800000000000002	-2.82	-3.98	-8.5
11:30:30.984853	0.14	-9.74	1.11	-2.07	-9.52	-1.07	-1.75	-8.790000000000001	3.95	-2.85	-3.72	-8.61
11:30:30.995322	0.17	-9.74	1.1	-2.04	-9.51	-1.21	-1.9000000000000001	-8.700000000000001	4.1	-2.89	-3.42	-8.72
11:30:31.005725	0.19	-9.74	1.1	-2.0100000000000002	-9.49	-1.3800000000000001	-2.05	-8.59	4.24	-2.84	-3.1	-8.85
11:30:31.015795	0.22	-9.74	1.1	-1.97	-9.47	-1.56	-2.16	-8.5	4.36	-2.8000000000000003	-2.71	-8.99
11:30:31.025864	0.23	-9.74	1.1	-1.93	-9.450000000000001	-1.74	-2.23	-8.42	4.48	-2.9	-2.2	-9.1
11:30:31.035941	0.25	-9.74	1.09	-1.87	-9.42	-1.96	-2.27	-8.35	4.6000000000000005	-3.08	-1.6500000000000001	-9.16
11:30:31.046011	0.27	-9.74	1.08	-1.78	-9.38	-2.19	-2.2800000000000002	-8.28	4.72	-3.36	-1.12	-9.14
11:30:31.056090	0.29	-9.74	1.07	-1.68	-9.35	-2.4	-2.29	-8.2	4.8500000000000005	-3.83	-0.74	-8.99
11:30:31.066156	0.31	-9.74	1.06	-1.58	-9.32	-2.6	-2.3000000000000003	-8.13	4.96	-3.96	-0.7000000000000001	-8.94
11:30:31.076226	0.32	-9.74	1.04	-1.46	-9.290000000000001	-2.74	-2.32	-8.07	5.05	-3.48	-0.8200000000000001	-9.120000000000001
11:30:31.086329	0.32	-9.74	1.02	-1.35	-9.28	-2.85	-2.33	-8.03	5.1000000000000005	-2.97	-1.01	-9.28
11:30:31.096398	0.32	-9.74	1.01	-1.24	-9.26	-2.95	-2.32	-8.02	5.12	-2.87	-1.21	-9.290000000000001
11:30:31.106471	0.31	-9.74	1.0	-1.1400000000000001	-9.24	-3.0500000000000003	-2.3000000000000003	-8.040000000000001	5.11	-2.96	-1.35	-9.24
11:30:31.117145	0.31	-9.74	1.0	-1.05	-9.21	-3.17	-2.25	-8.07	5.08	-2.87	-1.46	-9.26
11:30:31.127798	0.31	-9.74	1.0	-0.96	-9.18	-3.3000000000000003	-2.17	-8.120000000000001	5.03	-2.58	-1.68	-9.3
11:30:31.138003	0.31	-9.74	1.0	-0.87	-9.14	-3.44	-2.08	-8.2	4.95	-2.35	-2.06	-9.290000000000001
11:30:31.148171	0.32	-9.74	1.01	-0.78	-9.09	-3.58	-1.97	-8.290000000000001	4.84	-2.27	-2.5100000000000002	-9.200000000000001
11:30:31.158723	0.33	-9.74	1.01	-0.7000000000000001	-9.040000000000001	-3.73	-1.87	-8.39	4.7	-2.23	-2.86	-9.1
11:30:31.168792	0.34	-9.74	1.02	-0.62	-8.99	-3.86	-1.79	-8.51	4.5200000000000005	-2.18	-3.1	-9.040000000000001
11:30:31.178903	0.35000000000000003	-9.74	1.02	-0.55	-8.94	-3.97	-1.71	-8.63	4.3100000000000005	-2.13	-3.35	-8.96
11:30:31.189004	0.36	-9.74	1.03	-0.48	-8.9	-4.08	-1.6400000000000001	-8.76	4.07	-2.06	-4.0200000000000005	-8.700000000000001
11:30:31.199121	0.37	-9.74	1.03	-0.43	-8.85	-4.18	-1.56	-8.89	3.81	-1.98	-4.39	-8.53
11:30:31.209758	0.38	-9.74	1.04	-0.39	-8.81	-4.28	-1.5	-9.03	3.5100000000000002	-1.87	-4.76	-8.36
11:30:31.220431	0.39	-9.74	1.04	-0.35000000000000003	-8.700000000000001	-4.5	-1.44	-9.15	3.19	-1.74	-5.12	-8.17
11:30:31.230610	0.4	-9.74	1.05	-0.34	-8.64	-4.62	-1.3900000000000001	-9.28	2.84	-1.61	-5.44	-7.99
11:30:31.240718	0.4	-9.74	1.05	-0.33	-8.58	-4.72	-1.35	-9.39	2.45	-1.48	-5.74	-7.8
11:30:31.250825	0.41000000000000003	-9.73	1.06	-0.32	-8.540000000000001	-4.8	-1.27	-9.58	1.6300000000000001	-1.36	-6.01	-7.62
11:30:31.261025	0.41000000000000003	-9.73	1.06	-0.29	-8.5	-4.87	-1.22	-9.65	1.2	-1.26	-6.28	-7.42
11:30:31.271970	0.42	-9.73	1.06	-0.24	-8.47	-4.92	-1.16	-9.700000000000001	0.77	-1.17	-6.5600000000000005	-7.18
11:30:31.282078	0.43	-9.73	1.06	-0.18	-8.46	-4.95	-1.1	-9.73	0.34	-1.1	-6.84	-6.93
11:30:31.292545	0.44	-9.73	1.06	-0.11	-8.45	-4.96	-1.04	-9.75	-0.07	-1.06	-7.11	-6.66
11:30:31.302644	0.45	-9.73	1.06	-0.02	-8.44	-4.97	-0.99	-9.74	-0.5	-1.03	-7.37	-6.37
11:30:31.312716	0.45	-9.73	1.05	0.06	-8.44	-4.98	-0.93	-9.71	-0.91	-1.02	-7.62	-6.08
11:30:31.322788	0.46	-9.73	1.05	0.15	-8.44	-4.98	-0.88	-9.67	-1.32	-1.0	-7.84	-5.79
11:30:31.332961	0.46	-9.74	1.04	0.23	-8.44	-4.98	-0.84	-9.61	-1.71	-0.99	-8.06	-5.49
11:30:31.343042	0.45	-9.74	1.03	0.3	-8.44	-4.97	-0.8	-9.540000000000001	-2.09	-0.97	-8.26	-5.18
11:30:31.353116	0.45	-9.74	1.02	0.37	-8.45	-4.94	-0.76	-9.46	-2.46	-0.9500000000000001	-8.45	-4.87
11:30:31.363190	0.44	-9.74	1.01	0.42	-8.47	-4.92	-0.73	-9.36	-2.8000000000000003	-0.9400000000000001	-8.620000000000001	-4.5600000000000005
11:30:31.373265	0.42	-9.74	0.99	0.48	-8.48	-4.88	-0.7000000000000001	-9.26	-3.12	-0.93	-8.77	-4.28
11:30:31.383335	0.41000000000000003	-9.74	0.98	0.52	-8.5	-4.84	-0.67	-9.16	-3.41	-0.92	-8.89	-4.0200000000000005
11:30:31.393443	0.39	-9.74	0.97	0.55	-8.53	-4.8	-0.65	-9.06	-3.68	-0.91	-9.0	-3.77
11:30:31.403514	0.37	-9.75	0.97	0.56	-8.55	-4.75	-0.63	-8.96	-3.91	-0.91	-9.09	-3.5500000000000003
11:30:31.413596	0.35000000000000003	-9.75	0.96	0.56	-8.57	-4.71	-0.63	-8.870000000000001	-4.12	-0.91	-9.16	-3.35
11:30:31.424115	0.32	-9.75	0.9500000000000001	0.56	-8.59	-4.67	-0.63	-8.790000000000001	-4.28	-0.92	-9.22	-3.18
11:30:31.434268	0.3	-9.75	0.9500000000000001	0.54	-8.61	-4.65	-0.63	-8.72	-4.42	-0.93	-9.27	-3.0300000000000002
11:30:31.444411	0.28	-9.75	0.9400000000000001	0.53	-8.620000000000001	-4.62	-0.64	-8.67	-4.5200000000000005	-0.9400000000000001	-9.31	-2.91
11:30:31.454486	0.24	-9.75	0.93	0.51	-8.63	-4.61	-0.65	-8.64	-4.58	-0.97	-9.33	-2.82
11:30:31.464798	0.22	-9.76	0.92	0.5	-8.64	-4.6000000000000005	-0.65	-8.620000000000001	-4.61	-0.99	-9.35	-2.77
11:30:31.474988	0.22	-9.76	0.92	0.5	-8.65	-4.58	-0.66	-8.63	-4.6000000000000005	-1.01	-9.35	-2.75
11:30:31.485377	0.17	-9.76	0.91	0.51	-8.65	-4.57	-0.66	-8.64	-4.57	-1.03	-9.35	-2.7600000000000002
11:30:31.495911	0.15	-9.76	0.9	0.52	-8.66	-4.5600000000000005	-0.67	-8.67	-4.51	-1.04	-9.33	-2.8000000000000003
11:30:31.506568	0.13	-9.76	0.89	0.53	-8.66	-4.5600000000000005	-0.68	-8.72	-4.43	-1.04	-9.33	-2.8000000000000003
11:30:31.517169	0.1	-9.76	0.88	0.54	-8.66	-4.5600000000000005	-0.68	-8.77	-4.33	-1.06	-9.290000000000001	-2.93
11:30:31.527622	0.08	-9.76	0.87	0.54	-8.65	-4.57	-0.6900000000000001	-8.82	-4.21	-1.04	-9.26	-3.04
11:30:31.537710	0.07	-9.76	0.86	0.55	-8.64	-4.59	-0.7000000000000001	-8.89	-4.07	-1.01	-9.200000000000001	-3.21
11:30:31.547812	0.05	-9.76	0.85	0.54	-8.64	-4.6000000000000005	-0.7000000000000001	-8.89	-4.07	-0.99	-9.15	-3.37
11:30:31.557927	0.04	-9.76	0.85	0.54	-8.63	-4.61	-0.76	-9.02	-3.75	-0.97	-9.09	-3.54
11:30:31.568057	0.03	-9.77	0.84	0.53	-8.63	-4.6000000000000005	-0.78	-9.09	-3.59	-0.97	-9.040000000000001	-3.66
11:30:31.578776	0.02	-9.77	0.84	0.52	-8.64	-4.6000000000000005	-0.77	-9.13	-3.47	-1.02	-9.05	-3.61
11:30:31.588865	0.01	-9.77	0.84	0.5	-8.65	-4.58	-0.78	-9.16	-3.4	-0.8200000000000001	-9.07	-3.63
11:30:31.598991	0.0	-9.76	0.84	0.45	-8.69	-4.5	-0.8200000000000001	-9.18	-3.33	-0.91	-8.98	-3.8200000000000003
11:30:31.609094	-0.01	-9.76	0.85	0.45	-8.69	-4.5	-0.87	-9.21	-3.22	-0.91	-8.98	-3.8200000000000003
11:30:31.619342	-0.03	-9.76	0.87	0.44	-8.71	-4.46	-0.91	-9.25	-3.09	-1.2	-8.72	-4.3
11:30:31.629730	-0.05	-9.76	0.88	0.41000000000000003	-8.73	-4.44	-0.93	-9.290000000000001	-2.97	-1.3	-8.540000000000001	-4.62
11:30:31.639850	-0.06	-9.76	0.88	0.4	-8.75	-4.4	-0.92	-9.33	-2.86	-1.4000000000000001	-8.42	-4.8100000000000005
11:30:31.649973	-0.07	-9.76	0.88	0.41000000000000003	-8.76	-4.38	-0.92	-9.33	-2.86	-1.48	-8.36	-4.89
11:30:31.660155	-0.07	-9.76	0.88	0.41000000000000003	-8.76	-4.38	-0.89	-9.39	-2.67	-1.53	-8.33	-4.93
11:30:31.670715	-0.07	-9.76	0.88	0.42	-8.8	-4.3	-0.87	-9.42	-2.57	-1.51	-8.35	-4.89
11:30:31.680810	-0.07	-9.76	0.87	0.42	-8.83	-4.23	-0.88	-9.47	-2.38	-1.45	-8.41	-4.8100000000000005
11:30:31.690955	-0.07	-9.76	0.88	0.41000000000000003	-8.870000000000001	-4.15	-0.87	-9.49	-2.3000000000000003	-1.42	-8.41	-4.82
11:30:31.701056	-0.06	-9.76	0.88	0.4	-8.92	-4.04	-0.87	-9.49	-2.3000000000000003	-1.43	-8.36	-4.92
11:30:31.711169	-0.04	-9.76	0.89	0.41000000000000003	-8.97	-3.94	-0.8300000000000001	-9.53	-2.13	-1.44	-8.290000000000001	-5.03
11:30:31.721573	-0.02	-9.76	0.89	0.41000000000000003	-9.01	-3.83	-0.81	-9.55	-2.06	-1.47	-8.22	-5.12
11:30:31.731684	0.0	-9.76	0.89	0.41000000000000003	-9.06	-3.72	-0.79	-9.56	-1.99	-1.51	-8.17	-5.2
11:30:31.741805	0.02	-9.76	0.89	0.39	-9.1	-3.61	-0.79	-9.56	-1.99	-1.52	-8.14	-5.24
11:30:31.751956	0.04	-9.76	0.89	0.34	-9.14	-3.52	-0.78	-9.58	-1.9000000000000001	-1.51	-8.14	-5.24
11:30:31.762182	0.05	-9.76	0.9	0.27	-9.16	-3.47	-0.78	-9.6	-1.82	-1.5	-8.13	-5.25
11:30:31.772589	0.06	-9.76	0.9	0.2	-9.18	-3.43	-0.78	-9.61	-1.74	-1.51	-8.1	-5.3100000000000005
11:30:31.782655	0.06	-9.76	0.9	0.12	-9.19	-3.41	-0.78	-9.63	-1.6500000000000001	-1.53	-8.040000000000001	-5.38
11:30:31.792778	0.07	-9.76	0.9	0.06	-9.19	-3.4	-0.79	-9.64	-1.56	-1.56	-8.0	-5.44
11:30:31.802853	0.06	-9.76	0.9	0.0	-9.200000000000001	-3.39	-0.79	-9.66	-1.47	-1.58	-7.97	-5.47
11:30:31.812961	0.05	-9.76	0.89	-0.04	-9.22	-3.33	-0.8	-9.67	-1.3900000000000001	-1.57	-7.96	-5.5
11:30:31.823031	0.04	-9.76	0.88	-0.07	-9.24	-3.2600000000000002	-0.8	-9.68	-1.31	-1.55	-7.930000000000001	-5.54
11:30:31.833098	0.03	-9.76	0.88	-0.07	-9.28	-3.16	-0.8	-9.69	-1.23	-1.52	-7.890000000000001	-5.61
11:30:31.843175	0.02	-9.76	0.87	-0.08	-9.31	-3.06	-0.8	-9.700000000000001	-1.1500000000000001	-1.51	-7.84	-5.69
11:30:31.853249	0.02	-9.76	0.86	-0.09	-9.34	-2.98	-0.8	-9.71	-1.08	-1.51	-7.78	-5.76
11:30:31.863348	0.02	-9.76	0.86	-0.1	-9.36	-2.9	-0.81	-9.72	-1.0	-1.52	-7.73	-5.82
11:30:31.873415	0.02	-9.76	0.85	-0.11	-9.38	-2.82	-0.8200000000000001	-9.72	-0.92	-1.53	-7.7	-5.86
11:30:31.883533	0.02	-9.76	0.85	-0.13	-9.41	-2.75	-0.8300000000000001	-9.73	-0.85	-1.53	-7.67	-5.9
11:30:31.893608	0.03	-9.77	0.84	-0.15	-9.42	-2.68	-0.84	-9.73	-0.77	-1.53	-7.65	-5.93
11:30:31.903699	0.04	-9.77	0.8300000000000001	-0.18	-9.44	-2.62	-0.84	-9.74	-0.6900000000000001	-1.53	-7.65	-5.93
11:30:31.913776	0.05	-9.77	0.8300000000000001	-0.22	-9.46	-2.5500000000000003	-0.85	-9.74	-0.61	-1.53	-7.59	-6.0
11:30:31.924339	0.06	-9.77	0.8200000000000001	-0.25	-9.48	-2.48	-0.81	-9.76	-0.49	-1.53	-7.5600000000000005	-6.04
11:30:31.934406	0.07	-9.77	0.8200000000000001	-0.29	-9.5	-2.41	-0.77	-9.76	-0.38	-1.53	-7.5200000000000005	-6.09
11:30:31.944481	0.08	-9.77	0.81	-0.33	-9.51	-2.33	-0.72	-9.77	-0.26	-1.53	-7.48	-6.140000000000001
11:30:31.954573	0.09	-9.77	0.81	-0.37	-9.53	-2.25	-0.68	-9.78	-0.16	-1.53	-7.45	-6.18
11:30:31.964697	0.11	-9.77	0.81	-0.42	-9.55	-2.18	-0.68	-9.78	-0.09	-1.52	-7.42	-6.22
11:30:31.975168	0.12	-9.77	0.81	-0.47000000000000003	-9.56	-2.11	-0.68	-9.78	-0.03	-1.52	-7.38	-6.2700000000000005
11:30:31.985240	0.14	-9.77	0.81	-0.52	-9.57	-2.04	-0.67	-9.78	0.03	-1.53	-7.3500000000000005	-6.3
11:30:31.995316	0.16	-9.77	0.8200000000000001	-0.5700000000000001	-9.58	-1.98	-0.67	-9.78	0.1	-1.54	-7.33	-6.32
11:30:32.005422	0.17	-9.76	0.8300000000000001	-0.62	-9.59	-1.9100000000000001	-0.67	-9.78	0.16	-1.54	-7.33	-6.32
11:30:32.015607	0.19	-9.76	0.84	-0.68	-9.6	-1.85	-0.67	-9.78	0.21	-1.54	-7.26	-6.390000000000001
11:30:32.026042	0.22	-9.76	0.86	-0.73	-9.61	-1.78	-0.67	-9.77	0.27	-1.54	-7.24	-6.42
11:30:32.036276	0.24	-9.76	0.88	-0.78	-9.620000000000001	-1.7	-0.67	-9.77	0.33	-1.55	-7.22	-6.44
11:30:32.046348	0.24	-9.76	0.89	-0.8300000000000001	-9.63	-1.6300000000000001	-0.67	-9.77	0.37	-1.55	-7.19	-6.47
11:30:32.056425	0.25	-9.76	0.91	-0.88	-9.64	-1.55	-0.67	-9.77	0.42	-1.46	-7.25	-6.43
11:30:32.066589	0.26	-9.75	0.93	-0.93	-9.65	-1.47	-0.67	-9.77	0.47000000000000003	-1.3800000000000001	-7.32	-6.37
11:30:32.076657	0.26	-9.75	0.9500000000000001	-0.99	-9.65	-1.3800000000000001	-0.67	-9.76	0.52	-1.3800000000000001	-7.3	-6.390000000000001
11:30:32.086745	0.25	-9.75	0.97	-1.04	-9.66	-1.3	-0.67	-9.76	0.56	-1.37	-7.2700000000000005	-6.43
11:30:32.096822	0.25	-9.75	0.99	-1.1	-9.66	-1.22	-0.67	-9.76	0.61	-1.36	-7.23	-6.47
11:30:32.106899	0.24	-9.75	1.0	-1.16	-9.66	-1.1500000000000001	-0.67	-9.76	0.67	-1.35	-7.21	-6.5
11:30:32.117103	0.23	-9.75	1.02	-1.22	-9.66	-1.09	-0.68	-9.75	0.72	-1.36	-7.18	-6.53
11:30:32.127279	0.23	-9.74	1.03	-1.28	-9.66	-1.03	-0.68	-9.75	0.77	-1.3900000000000001	-7.13	-6.58
11:30:32.137428	0.22	-9.74	1.05	-1.35	-9.66	-0.97	-0.6900000000000001	-9.74	0.8300000000000001	-1.43	-7.07	-6.63
11:30:32.148011	0.21	-9.74	1.06	-1.41	-9.65	-0.92	-0.7000000000000001	-9.74	0.9	-1.46	-7.03	-6.67
11:30:32.158090	0.2	-9.74	1.07	-1.46	-9.65	-0.87	-0.71	-9.73	0.96	-1.48	-6.97	-6.73
11:30:32.168269	0.2	-9.74	1.09	-1.52	-9.65	-0.8200000000000001	-0.72	-9.72	1.02	-1.49	-6.9	-6.8
11:30:32.178943	0.19	-9.74	1.1	-1.57	-9.64	-0.78	-0.73	-9.71	1.1	-1.51	-6.82	-6.87
11:30:32.189057	0.19	-9.74	1.11	-1.6600000000000001	-9.63	-0.7000000000000001	-0.75	-9.700000000000001	1.18	-1.54	-6.76	-6.93
11:30:32.199393	0.19	-9.73	1.12	-1.68	-9.64	-0.63	-0.77	-9.69	1.26	-1.58	-6.68	-7.0
11:30:32.209561	0.2	-9.73	1.1300000000000001	-1.69	-9.64	-0.5700000000000001	-0.8	-9.68	1.34	-1.6400000000000001	-6.49	-7.16
11:30:32.220637	0.2	-9.73	1.1400000000000001	-1.7	-9.64	-0.52	-0.8200000000000001	-9.66	1.44	-1.7	-6.390000000000001	-7.23
11:30:32.230927	0.21	-9.73	1.1500000000000001	-1.74	-9.63	-0.52	-0.85	-9.64	1.55	-1.7	-6.390000000000001	-7.23
11:30:32.241034	0.22	-9.73	1.16	-1.78	-9.620000000000001	-0.53	-0.88	-9.620000000000001	1.6500000000000001	-1.81	-6.17	-7.390000000000001
11:30:32.251146	0.23	-9.73	1.17	-1.82	-9.61	-0.54	-0.9500000000000001	-9.57	1.8900000000000001	-1.87	-6.05	-7.48
11:30:32.261803	0.23	-9.73	1.18	-1.85	-9.61	-0.56	-0.99	-9.540000000000001	2.02	-1.92	-5.94	-7.55
11:30:32.271938	0.23	-9.73	1.19	-1.8800000000000001	-9.6	-0.5700000000000001	-1.04	-9.5	2.16	-1.97	-5.8100000000000005	-7.640000000000001
11:30:32.282060	0.22	-9.72	1.2	-1.9000000000000001	-9.6	-0.58	-1.09	-9.47	2.3000000000000003	-2.0100000000000002	-5.66	-7.75
11:30:32.292196	0.21	-9.72	1.21	-1.9100000000000001	-9.59	-0.6	-1.1400000000000001	-9.42	2.44	-2.1	-5.5200000000000005	-7.82
11:30:32.302609	0.19	-9.72	1.21	-1.9100000000000001	-9.59	-0.63	-1.19	-9.370000000000001	2.6	-2.1	-5.5200000000000005	-7.82
11:30:32.312679	0.17	-9.73	1.2	-1.9000000000000001	-9.59	-0.68	-1.24	-9.32	2.77	-2.27	-5.19	-8.0
11:30:32.322763	0.15	-9.73	1.18	-1.8900000000000001	-9.59	-0.74	-1.27	-9.26	2.95	-2.33	-4.99	-8.11
11:30:32.332926	0.15	-9.73	1.17	-1.86	-9.59	-0.8300000000000001	-1.31	-9.19	3.14	-2.33	-4.99	-8.11
11:30:32.343608	0.16	-9.73	1.16	-1.82	-9.58	-0.9500000000000001	-1.36	-9.120000000000001	3.3200000000000003	-2.48	-4.57	-8.31
11:30:32.353683	0.19	-9.73	1.16	-1.78	-9.58	-1.08	-1.41	-9.040000000000001	3.5100000000000002	-2.52	-4.34	-8.41
11:30:32.363771	0.23	-9.73	1.1500000000000001	-1.75	-9.56	-1.23	-1.5	-8.950000000000001	3.71	-2.5500000000000003	-4.07	-8.540000000000001
11:30:32.373849	0.26	-9.73	1.1500000000000001	-1.71	-9.55	-1.4000000000000001	-1.6300000000000001	-8.84	3.89	-2.5500000000000003	-3.7800000000000002	-8.67
11:30:32.383915	0.28	-9.73	1.1500000000000001	-1.67	-9.53	-1.58	-1.77	-8.74	4.0600000000000005	-2.5300000000000002	-3.49	-8.8
11:30:32.393991	0.3	-9.73	1.1400000000000001	-1.6300000000000001	-9.5	-1.78	-1.9000000000000001	-8.64	4.21	-2.57	-3.13	-8.92
11:30:32.404059	0.32	-9.73	1.1400000000000001	-1.57	-9.47	-1.98	-2.0	-8.56	4.33	-2.7	-2.68	-9.03
11:30:32.414131	0.33	-9.73	1.1400000000000001	-1.48	-9.43	-2.22	-2.05	-8.49	4.44	-2.86	-2.17	-9.120000000000001
11:30:32.424614	0.35000000000000003	-9.73	1.1300000000000001	-1.3900000000000001	-9.39	-2.45	-2.05	-8.41	4.58	-3.09	-1.72	-9.14
11:30:32.434699	0.36	-9.73	1.12	-1.27	-9.35	-2.65	-2.04	-8.34	4.72	-3.38	-1.46	-9.08
11:30:32.444824	0.37	-9.73	1.1	-1.16	-9.32	-2.79	-2.04	-8.27	4.8500000000000005	-3.2600000000000002	-1.48	-9.120000000000001
11:30:32.454997	0.37	-9.73	1.08	-1.05	-9.3	-2.91	-2.07	-8.2	4.96	-2.79	-1.61	-9.26
11:30:32.465420	0.37	-9.74	1.07	-0.9400000000000001	-9.28	-2.99	-2.09	-8.14	5.03	-2.46	-1.73	-9.33
11:30:32.475697	0.37	-9.74	1.05	-0.84	-9.27	-3.08	-2.11	-8.120000000000001	5.07	-2.41	-1.81	-9.33
11:30:32.485800	0.37	-9.74	1.04	-0.74	-9.25	-3.16	-2.11	-8.11	5.08	-2.32	-1.8800000000000001	-9.33
11:30:32.495907	0.36	-9.74	1.02	-0.64	-9.22	-3.25	-2.09	-8.13	5.0600000000000005	-2.1	-2.02	-9.36
11:30:32.506007	0.36	-9.74	1.02	-0.54	-9.19	-3.36	-2.0300000000000002	-8.16	5.03	-1.9000000000000001	-2.2800000000000002	-9.34
11:30:32.516130	0.36	-9.74	1.02	-0.46	-9.15	-3.48	-1.95	-8.21	4.97	-1.78	-2.61	-9.28
11:30:32.526247	0.37	-9.74	1.02	-0.39	-9.1	-3.62	-1.87	-8.290000000000001	4.89	-1.7	-2.88	-9.21
11:30:32.536887	0.38	-9.74	1.02	-0.33	-9.05	-3.75	-1.79	-8.370000000000001	4.7700000000000005	-1.6400000000000001	-3.1	-9.15
11:30:32.546997	0.39	-9.74	1.02	-0.28	-9.0	-3.88	-1.74	-8.47	4.61	-1.57	-3.35	-9.07
11:30:32.557101	0.39	-9.74	1.02	-0.23	-8.94	-4.0	-1.71	-8.57	4.43	-1.5	-3.66	-8.97
11:30:32.567215	0.4	-9.74	1.02	-0.19	-8.89	-4.12	-1.6600000000000001	-8.69	4.22	-1.42	-3.96	-8.85
11:30:32.577835	0.41000000000000003	-9.74	1.02	-0.17	-8.84	-4.23	-1.6	-8.81	3.98	-1.42	-3.96	-8.85
11:30:32.588001	0.41000000000000003	-9.74	1.02	-0.14	-8.790000000000001	-4.34	-1.53	-8.93	3.72	-1.42	-3.96	-8.85
11:30:32.598097	0.42	-9.74	1.02	-0.1	-8.68	-4.54	-1.47	-9.06	3.44	-1.08	-4.8500000000000005	-8.45
11:30:32.608186	0.43	-9.74	1.03	-0.1	-8.68	-4.54	-1.41	-9.18	3.12	-0.9500000000000001	-5.14	-8.290000000000001
11:30:32.618308	0.45	-9.74	1.03	-0.08	-8.64	-4.63	-1.3800000000000001	-9.290000000000001	2.7800000000000002	-0.9500000000000001	-5.14	-8.290000000000001
11:30:32.629170	0.46	-9.74	1.03	-0.05	-8.6	-4.71	-1.35	-9.4	2.42	-0.9500000000000001	-5.14	-8.290000000000001
11:30:32.639310	0.48	-9.73	1.04	0.0	-8.540000000000001	-4.8100000000000005	-1.31	-9.49	2.05	-0.9500000000000001	-5.14	-8.290000000000001
11:30:32.649942	0.49	-9.73	1.04	0.04	-8.51	-4.8500000000000005	-1.27	-9.57	1.67	-0.9500000000000001	-5.14	-8.290000000000001
11:30:32.660063	0.5	-9.73	1.04	0.1	-8.49	-4.89	-1.2	-9.64	1.29	-0.9500000000000001	-5.14	-8.290000000000001
11:30:32.670218	0.51	-9.73	1.04	0.15	-8.47	-4.92	-1.07	-9.73	0.54	-0.9500000000000001	-5.14	-8.290000000000001
11:30:32.680380	0.52	-9.73	1.04	0.21	-8.45	-4.96	-1.0	-9.75	0.17	-0.9500000000000001	-5.14	-8.290000000000001
11:30:32.690982	0.52	-9.73	1.03	0.28	-8.43	-4.99	-0.9400000000000001	-9.75	-0.19	-0.9500000000000001	-5.14	-8.290000000000001
11:30:32.701108	0.52	-9.73	1.02	0.34	-8.41	-5.01	-0.9400000000000001	-9.75	-0.19	-0.55	-6.2700000000000005	-7.51
11:30:32.711809	0.51	-9.73	1.01	0.34	-8.41	-5.01	-0.89	-9.74	-0.56	-0.44	-7.75	-5.98
11:30:32.721962	0.5	-9.74	1.0	0.44	-8.4	-5.03	-0.8300000000000001	-9.72	-0.92	-0.45	-7.930000000000001	-5.74
11:30:32.732180	0.49	-9.74	0.99	0.49	-8.4	-5.03	-0.72	-9.64	-1.62	-0.46	-8.27	-5.24
11:30:32.742257	0.48	-9.74	0.98	0.54	-8.4	-5.01	-0.67	-9.58	-1.94	-0.47000000000000003	-8.42	-4.99
11:30:32.752330	0.46	-9.74	0.97	0.58	-8.41	-5.0	-0.63	-9.52	-2.24	-0.49	-8.56	-4.75
11:30:32.762464	0.45	-9.74	0.96	0.62	-8.42	-4.98	-0.59	-9.450000000000001	-2.5300000000000002	-0.51	-8.68	-4.5200000000000005
11:30:32.772564	0.43	-9.74	0.9500000000000001	0.66	-8.43	-4.96	-0.56	-9.38	-2.79	-0.53	-8.790000000000001	-4.3
11:30:32.782641	0.42	-9.75	0.9500000000000001	0.6900000000000001	-8.44	-4.94	-0.54	-9.3	-3.04	-0.54	-8.89	-4.08
11:30:32.793034	0.41000000000000003	-9.75	0.9400000000000001	0.7000000000000001	-8.44	-4.93	-0.54	-9.3	-3.04	-0.54	-8.89	-4.08
11:30:32.803141	0.4	-9.75	0.93	0.71	-8.45	-4.91	-0.54	-9.15	-3.46	-0.58	-9.06	-3.69
11:30:32.813211	0.4	-9.75	0.93	0.7000000000000001	-8.46	-4.9	-0.55	-9.08	-3.63	-0.58	-9.06	-3.69
11:30:32.823530	0.39	-9.75	0.93	0.6900000000000001	-8.46	-4.9	-0.5700000000000001	-9.02	-3.79	-0.6	-9.19	-3.36
11:30:32.833610	0.38	-9.75	0.92	0.68	-8.47	-4.89	-0.59	-8.96	-3.91	-0.61	-9.23	-3.22
11:30:32.843724	0.38	-9.75	0.92	0.67	-8.48	-4.87	-0.63	-8.92	-4.0200000000000005	-0.63	-9.27	-3.11
11:30:32.853792	0.37	-9.75	0.91	0.67	-8.49	-4.84	-0.66	-8.88	-4.1	-0.63	-9.27	-3.11
11:30:32.863871	0.36	-9.75	0.9	0.66	-8.51	-4.8100000000000005	-0.6900000000000001	-8.85	-4.15	-0.63	-9.27	-3.11
11:30:32.873944	0.36	-9.75	0.89	0.67	-8.53	-4.78	-0.71	-8.84	-4.18	-0.63	-9.27	-3.11
11:30:32.884414	0.35000000000000003	-9.76	0.88	0.68	-8.540000000000001	-4.75	-0.73	-8.83	-4.18	-0.7000000000000001	-9.33	-2.92
11:30:32.894514	0.35000000000000003	-9.76	0.87	0.6900000000000001	-8.56	-4.73	-0.74	-8.84	-4.16	-0.71	-9.32	-2.93
11:30:32.904817	0.35000000000000003	-9.76	0.86	0.7000000000000001	-8.57	-4.71	-0.75	-8.86	-4.12	-0.73	-9.31	-2.96
11:30:32.914928	0.35000000000000003	-9.76	0.84	0.7000000000000001	-8.58	-4.69	-0.76	-8.89	-4.05	-0.73	-9.3	-3.0100000000000002
11:30:32.924996	0.35000000000000003	-9.76	0.8300000000000001	0.6900000000000001	-8.58	-4.68	-0.77	-8.93	-3.96	-0.72	-9.27	-3.1
11:30:32.935147	0.36	-9.76	0.8200000000000001	0.68	-8.59	-4.66	-0.78	-8.98	-3.85	-0.7000000000000001	-9.23	-3.23
11:30:32.945601	0.37	-9.76	0.8	0.66	-8.6	-4.65	-0.78	-8.98	-3.85	-0.65	-9.16	-3.41
11:30:32.955957	0.39	-9.76	0.79	0.64	-8.620000000000001	-4.62	-0.81	-9.09	-3.58	-0.65	-9.16	-3.41
11:30:32.966025	0.41000000000000003	-9.76	0.78	0.63	-8.63	-4.59	-0.8300000000000001	-9.14	-3.43	-0.61	-9.11	-3.5500000000000003
11:30:32.976097	0.43	-9.76	0.77	0.61	-8.66	-4.54	-0.8300000000000001	-9.19	-3.31	-0.61	-9.21	-3.2800000000000002
11:30:32.986229	0.44	-9.76	0.77	0.58	-8.700000000000001	-4.47	-0.8300000000000001	-9.21	-3.25	-0.48	-9.26	-3.18
11:30:32.996294	0.45	-9.76	0.78	0.54	-8.74	-4.4	-0.88	-9.22	-3.21	-0.49	-9.18	-3.38
11:30:33.006396	0.47000000000000003	-9.76	0.78	0.5	-8.77	-4.3500000000000005	-0.96	-9.24	-3.13	-0.72	-9.08	-3.6
11:30:33.016737	0.47000000000000003	-9.76	0.78	0.47000000000000003	-8.77	-4.34	-1.01	-9.27	-3.0	-0.9400000000000001	-8.950000000000001	-3.87
11:30:33.027372	0.55	-9.76	0.77	0.46	-8.76	-4.36	-1.03	-9.32	-2.86	-1.06	-8.78	-4.23
11:30:33.037494	0.58	-9.75	0.77	0.46	-8.75	-4.38	-1.02	-9.36	-2.73	-1.1300000000000001	-8.6	-4.55
11:30:33.048168	0.61	-9.75	0.76	0.48	-8.74	-4.4	-0.98	-9.39	-2.63	-1.1300000000000001	-8.6	-4.55
11:30:33.058432	0.63	-9.75	0.76	0.5	-8.73	-4.42	-0.9400000000000001	-9.42	-2.5300000000000002	-1.35	-8.47	-4.75
11:30:33.068536	0.63	-9.75	0.76	0.47000000000000003	-8.73	-4.42	-0.92	-9.450000000000001	-2.43	-1.36	-8.55	-4.58
11:30:33.078624	0.66	-9.75	0.77	0.47000000000000003	-8.75	-4.39	-0.92	-9.48	-2.31	-1.36	-8.55	-4.58
11:30:33.088759	0.67	-9.75	0.77	0.48	-8.78	-4.33	-0.9400000000000001	-9.5	-2.2	-1.32	-8.49	-4.72
11:30:33.098831	0.67	-9.75	0.77	0.5	-8.83	-4.23	-0.96	-9.53	-2.08	-1.32	-8.49	-4.72
11:30:33.109528	0.67	-9.75	0.77	0.5	-8.83	-4.23	-0.96	-9.55	-1.97	-1.3	-8.4	-4.87
11:30:33.119634	0.72	-9.74	0.77	0.53	-8.88	-4.1	-0.9500000000000001	-9.57	-1.87	-1.28	-8.32	-5.01
11:30:33.130169	0.75	-9.74	0.76	0.52	-8.97	-3.91	-0.92	-9.59	-1.78	-1.28	-8.23	-5.17
11:30:33.140254	0.79	-9.74	0.76	0.48	-9.0	-3.85	-0.89	-9.63	-1.6	-1.28	-8.23	-5.17
11:30:33.150374	0.8200000000000001	-9.74	0.76	0.4	-9.02	-3.8000000000000003	-0.89	-9.63	-1.6	-1.24	-8.25	-5.15
11:30:33.160500	0.85	-9.73	0.75	0.31	-9.040000000000001	-3.77	-0.88	-9.66	-1.43	-1.24	-8.21	-5.21
11:30:33.170598	0.88	-9.73	0.75	0.22	-9.040000000000001	-3.77	-0.88	-9.67	-1.34	-1.28	-8.13	-5.32
11:30:33.181176	0.89	-9.73	0.75	0.14	-9.040000000000001	-3.77	-0.88	-9.68	-1.25	-1.34	-8.07	-5.4
11:30:33.191428	0.9	-9.73	0.74	0.07	-9.06	-3.74	-0.9	-9.69	-1.1500000000000001	-1.3800000000000001	-8.040000000000001	-5.42
11:30:33.201498	0.91	-9.73	0.74	0.02	-9.08	-3.68	-0.91	-9.700000000000001	-1.07	-1.4000000000000001	-8.040000000000001	-5.43
11:30:33.212253	0.92	-9.73	0.74	0.02	-9.08	-3.68	-0.91	-9.700000000000001	-1.07	-1.4000000000000001	-8.040000000000001	-5.43
11:30:33.222355	0.92	-9.73	0.74	-0.04	-9.15	-3.52	-0.91	-9.72	-0.9	-1.37	-8.02	-5.46
11:30:33.232753	0.93	-9.73	0.73	-0.06	-9.18	-3.42	-0.91	-9.72	-0.8300000000000001	-1.34	-7.98	-5.5200000000000005
11:30:33.242834	0.9400000000000001	-9.73	0.73	-0.07	-9.22	-3.3200000000000003	-0.91	-9.73	-0.77	-1.34	-7.98	-5.5200000000000005
11:30:33.252986	0.9500000000000001	-9.73	0.73	-0.08	-9.26	-3.22	-0.91	-9.73	-0.71	-1.33	-7.86	-5.7
11:30:33.263059	0.97	-9.73	0.72	-0.1	-9.290000000000001	-3.12	-0.92	-9.74	-0.65	-1.33	-7.8100000000000005	-5.76
11:30:33.273146	0.99	-9.72	0.72	-0.11	-9.32	-3.02	-0.93	-9.74	-0.59	-1.31	-7.79	-5.8
11:30:33.283234	1.02	-9.72	0.72	-0.13	-9.35	-2.93	-0.9400000000000001	-9.74	-0.52	-1.29	-7.7700000000000005	-5.82
11:30:33.293310	1.05	-9.72	0.71	-0.15	-9.38	-2.84	-0.9500000000000001	-9.74	-0.45	-1.28	-7.76	-5.8500000000000005
11:30:33.303885	1.08	-9.72	0.71	-0.2	-9.4	-2.75	-0.96	-9.75	-0.38	-1.28	-7.74	-5.87
11:30:33.313959	1.11	-9.71	0.7000000000000001	-0.25	-9.42	-2.68	-0.96	-9.75	-0.38	-1.28	-7.74	-5.87
11:30:33.324028	1.1400000000000001	-9.71	0.7000000000000001	-0.32	-9.44	-2.61	-0.97	-9.75	-0.26	-1.29	-7.7	-5.92
11:30:33.334094	1.17	-9.71	0.7000000000000001	-0.39	-9.450000000000001	-2.5500000000000003	-0.97	-9.75	-0.21	-1.3	-7.68	-5.95
11:30:33.344174	1.2	-9.700000000000001	0.6900000000000001	-0.46	-9.47	-2.48	-0.97	-9.75	-0.15	-1.3	-7.68	-5.95
11:30:33.354283	1.23	-9.700000000000001	0.6900000000000001	-0.53	-9.48	-2.42	-0.97	-9.75	-0.1	-1.29	-7.62	-6.0200000000000005
11:30:33.364354	1.26	-9.69	0.6900000000000001	-0.6	-9.5	-2.35	-0.96	-9.75	-0.05	-1.29	-7.59	-6.07
11:30:33.374422	1.3	-9.69	0.7000000000000001	-0.66	-9.51	-2.2600000000000002	-0.96	-9.75	-0.01	-1.28	-7.57	-6.09
11:30:33.384534	1.33	-9.68	0.7000000000000001	-0.71	-9.53	-2.17	-0.96	-9.75	0.03	-1.28	-7.55	-6.12
11:30:33.394667	1.37	-9.68	0.7000000000000001	-0.76	-9.55	-2.07	-0.96	-9.75	0.07	-1.28	-7.5200000000000005	-6.15
11:30:33.404996	1.41	-9.67	0.7000000000000001	-0.81	-9.57	-1.98	-0.96	-9.75	0.12	-1.27	-7.49	-6.19
11:30:33.415088	1.45	-9.67	0.71	-0.85	-9.58	-1.8800000000000001	-0.96	-9.75	0.18	-1.27	-7.47	-6.21
11:30:33.425158	1.48	-9.66	0.71	-0.9	-9.59	-1.8	-0.97	-9.75	0.23	-1.27	-7.45	-6.23
11:30:33.435804	1.51	-9.66	0.72	-0.9500000000000001	-9.6	-1.72	-0.97	-9.75	0.28	-1.26	-7.42	-6.2700000000000005
11:30:33.445884	1.53	-9.65	0.73	-1.0	-9.61	-1.6500000000000001	-0.97	-9.75	0.34	-1.26	-7.42	-6.2700000000000005
11:30:33.455958	1.57	-9.65	0.75	-1.04	-9.61	-1.59	-0.97	-9.74	0.4	-1.21	-7.37	-6.34
11:30:33.466045	1.58	-9.64	0.77	-1.09	-9.620000000000001	-1.54	-0.97	-9.74	0.45	-1.22	-7.3500000000000005	-6.36
11:30:33.476145	1.58	-9.64	0.78	-1.1400000000000001	-9.620000000000001	-1.49	-0.97	-9.74	0.51	-1.22	-7.3100000000000005	-6.41
11:30:33.486822	1.58	-9.64	0.78	-1.19	-9.620000000000001	-1.44	-0.97	-9.74	0.5700000000000001	-1.22	-7.3100000000000005	-6.41
11:30:33.496901	1.59	-9.64	0.81	-1.24	-9.620000000000001	-1.3800000000000001	-0.97	-9.73	0.64	-1.2	-7.26	-6.47
11:30:33.507014	1.6	-9.63	0.8300000000000001	-1.29	-9.63	-1.32	-0.98	-9.73	0.7000000000000001	-1.2	-7.22	-6.51
11:30:33.517672	1.6	-9.63	0.84	-1.33	-9.63	-1.26	-0.98	-9.72	0.76	-1.2	-7.22	-6.51
11:30:33.528192	1.6	-9.63	0.86	-1.3900000000000001	-9.63	-1.21	-0.99	-9.72	0.8300000000000001	-1.25	-7.13	-6.61
11:30:33.538832	1.6	-9.63	0.88	-1.49	-9.620000000000001	-1.11	-1.0	-9.700000000000001	0.97	-1.3	-7.08	-6.65
11:30:33.549205	1.6	-9.63	0.9	-1.54	-9.620000000000001	-1.06	-1.0	-9.700000000000001	0.97	-1.3	-7.08	-6.65
11:30:33.559367	1.6	-9.63	0.93	-1.59	-9.620000000000001	-1.02	-1.01	-9.69	1.04	-1.3	-7.08	-6.65
11:30:33.569478	1.6	-9.620000000000001	0.9500000000000001	-1.6400000000000001	-9.61	-0.97	-1.02	-9.68	1.11	-1.3	-7.08	-6.65
11:30:33.579545	1.6	-9.620000000000001	0.97	-1.69	-9.61	-0.93	-1.06	-9.66	1.26	-1.33	-6.95	-6.7700000000000005
11:30:33.589788	1.6	-9.620000000000001	0.99	-1.74	-9.6	-0.89	-1.06	-9.66	1.26	-1.36	-6.890000000000001	-6.83
11:30:33.600032	1.6	-9.620000000000001	1.02	-1.79	-9.6	-0.85	-1.07	-9.65	1.34	-1.44	-6.67	-7.03
11:30:33.610306	1.61	-9.61	1.04	-1.84	-9.59	-0.81	-1.12	-9.620000000000001	1.51	-1.49	-6.59	-7.1000000000000005
11:30:33.620592	1.61	-9.61	1.06	-1.8900000000000001	-9.58	-0.78	-1.1400000000000001	-9.6	1.6	-1.54	-6.51	-7.16
11:30:33.631148	1.62	-9.6	1.08	-1.94	-9.58	-0.75	-1.17	-9.58	1.7	-1.59	-6.42	-7.23
11:30:33.641248	1.6300000000000001	-9.6	1.11	-1.99	-9.57	-0.74	-1.19	-9.56	1.81	-1.6400000000000001	-6.32	-7.3100000000000005
11:30:33.651679	1.6400000000000001	-9.6	1.1300000000000001	-2.04	-9.56	-0.72	-1.22	-9.53	1.9100000000000001	-1.7	-6.23	-7.37
11:30:33.661752	1.6500000000000001	-9.59	1.1500000000000001	-2.08	-9.55	-0.71	-1.22	-9.53	1.9100000000000001	-1.7	-6.23	-7.37
11:30:33.671823	1.6600000000000001	-9.59	1.18	-2.12	-9.540000000000001	-0.71	-1.29	-9.47	2.15	-1.7	-6.23	-7.37
11:30:33.681925	1.67	-9.58	1.2	-2.15	-9.540000000000001	-0.71	-1.34	-9.44	2.2800000000000002	-1.7	-6.23	-7.37
11:30:33.692396	1.67	-9.58	1.21	-2.17	-9.53	-0.72	-1.3800000000000001	-9.4	2.41	-1.7	-6.23	-7.37
11:30:33.702789	1.67	-9.58	1.21	-2.19	-9.52	-0.74	-1.43	-9.35	2.5500000000000003	-1.8800000000000001	-5.76	-7.7
11:30:33.712876	1.67	-9.58	1.2	-2.2	-9.52	-0.77	-1.47	-9.3	2.7	-2.14	-5.3500000000000005	-7.930000000000001
11:30:33.722978	1.67	-9.58	1.19	-2.2	-9.52	-0.81	-1.5	-9.25	2.87	-2.18	-5.19	-8.02
11:30:33.733050	1.69	-9.58	1.18	-2.19	-9.51	-0.86	-1.54	-9.19	3.0500000000000003	-2.27	-5.01	-8.11
11:30:33.743463	1.72	-9.58	1.17	-2.18	-9.51	-0.93	-1.58	-9.120000000000001	3.22	-2.27	-5.01	-8.11
11:30:33.753535	1.77	-9.57	1.16	-2.17	-9.5	-1.02	-1.6400000000000001	-9.05	3.39	-2.5	-4.59	-8.290000000000001
11:30:33.763605	1.83	-9.56	1.16	-2.15	-9.49	-1.1300000000000001	-1.72	-8.97	3.56	-2.56	-4.3500000000000005	-8.4
11:30:33.773680	1.8800000000000001	-9.55	1.16	-2.14	-9.48	-1.26	-1.84	-8.88	3.72	-2.5500000000000003	-4.1	-8.53
11:30:33.783780	1.92	-9.540000000000001	1.16	-2.14	-9.46	-1.4000000000000001	-1.97	-8.790000000000001	3.85	-2.56	-3.8200000000000003	-8.65
11:30:33.793872	1.94	-9.540000000000001	1.17	-2.14	-9.43	-1.57	-2.1	-8.71	3.96	-2.56	-3.8200000000000003	-8.65
11:30:33.804494	1.96	-9.53	1.2	-2.12	-9.4	-1.76	-2.19	-8.65	4.05	-2.85	-3.0700000000000003	-8.86
11:30:33.814631	1.96	-9.53	1.2	-2.08	-9.370000000000001	-1.96	-2.24	-8.59	4.15	-2.85	-3.0700000000000003	-8.86
11:30:33.824707	1.96	-9.52	1.22	-2.0300000000000002	-9.34	-2.16	-2.2600000000000002	-8.52	4.29	-3.33	-2.35	-8.91
11:30:33.835210	1.97	-9.52	1.25	-1.97	-9.31	-2.34	-2.2600000000000002	-8.52	4.29	-3.33	-2.35	-8.91
11:30:33.845377	1.97	-9.52	1.25	-1.9000000000000001	-9.28	-2.5	-2.2600000000000002	-8.36	4.58	-3.33	-2.35	-8.91
11:30:33.856014	1.97	-9.52	1.25	-1.84	-9.26	-2.62	-2.29	-8.290000000000001	4.7	-3.33	-2.35	-8.91
11:30:33.866161	1.97	-9.52	1.25	-1.77	-9.25	-2.71	-2.34	-8.23	4.78	-3.33	-2.35	-8.91
11:30:33.876232	1.97	-9.52	1.25	-1.7	-9.24	-2.79	-2.38	-8.18	4.84	-3.33	-2.35	-8.91
11:30:33.886306	1.97	-9.52	1.25	-1.6400000000000001	-9.23	-2.86	-2.42	-8.16	4.86	-3.33	-2.35	-8.91
11:30:33.897026	1.98	-9.52	1.25	-1.6	-9.22	-2.92	-2.44	-8.15	4.86	-2.77	-2.64	-9.02
11:30:33.907151	1.98	-9.51	1.26	-1.56	-9.200000000000001	-3.0	-2.45	-8.16	4.84	-2.77	-2.64	-9.02
11:30:33.917778	1.99	-9.51	1.27	-1.54	-9.17	-3.1	-2.44	-8.19	4.8	-2.44	-2.82	-9.06
11:30:33.928397	1.99	-9.51	1.28	-1.52	-9.09	-3.33	-2.42	-8.23	4.73	-1.74	-3.2600000000000002	-9.08
11:30:33.938474	1.99	-9.51	1.29	-1.51	-9.040000000000001	-3.46	-2.43	-8.290000000000001	4.62	-1.74	-3.2600000000000002	-9.08
11:30:33.949543	1.98	-9.51	1.31	-1.5	-9.0	-3.5700000000000003	-2.47	-8.36	4.47	-1.05	-3.5	-9.09
11:30:33.959664	1.97	-9.51	1.33	-1.48	-8.96	-3.68	-2.62	-8.52	4.0600000000000005	-0.65	-3.68	-9.06
11:30:33.969765	1.97	-9.51	1.35	-1.47	-8.92	-3.7800000000000002	-2.71	-8.61	3.8200000000000003	-0.25	-3.84	-9.01
11:30:33.980374	1.96	-9.5	1.37	-1.46	-8.89	-3.86	-2.79	-8.700000000000001	3.5500000000000003	0.39	-4.09	-8.9
11:30:33.990478	1.95	-9.5	1.3900000000000001	-1.45	-8.86	-3.93	-2.85	-8.78	3.27	0.71	-4.23	-8.81
11:30:34.001915	1.94	-9.5	1.41	-1.46	-8.83	-4.0	-2.88	-8.870000000000001	3.02	0.71	-4.23	-8.81
11:30:34.012241	1.92	-9.5	1.43	-1.48	-8.790000000000001	-4.07	-2.87	-8.94	2.8000000000000003	1.18	-4.51	-8.620000000000001
11:30:34.022305	1.9100000000000001	-9.5	1.45	-1.51	-8.75	-4.15	-2.84	-9.01	2.6	1.33	-4.69	-8.5
11:30:34.032827	1.8900000000000001	-9.5	1.47	-1.54	-8.700000000000001	-4.24	-2.8000000000000003	-9.07	2.42	1.33	-4.69	-8.5
11:30:34.042933	1.87	-9.5	1.48	-1.58	-8.65	-4.33	-2.8000000000000003	-9.07	2.42	1.43	-5.09	-8.25
11:30:34.053004	1.85	-9.51	1.5	-1.62	-8.6	-4.41	-2.72	-9.18	2.09	1.42	-5.28	-8.13
11:30:34.063084	1.83	-9.51	1.51	-1.6500000000000001	-8.55	-4.49	-2.71	-9.22	1.92	1.4000000000000001	-5.46	-8.01
11:30:34.073156	1.81	-9.51	1.51	-1.6600000000000001	-8.51	-4.5600000000000005	-2.7	-9.25	1.77	1.3800000000000001	-5.64	-7.9
11:30:34.083797	1.79	-9.52	1.52	-1.67	-8.48	-4.62	-2.69	-9.28	1.61	1.3800000000000001	-5.64	-7.9
11:30:34.093869	1.77	-9.52	1.53	-1.67	-8.44	-4.7	-2.7	-9.31	1.47	1.36	-5.94	-7.67
11:30:34.104711	1.73	-9.52	1.54	-1.6500000000000001	-8.39	-4.78	-2.71	-9.32	1.34	1.36	-5.94	-7.67
11:30:34.115268	1.71	-9.53	1.54	-1.6400000000000001	-8.35	-4.86	-2.73	-9.33	1.21	1.36	-5.94	-7.67
11:30:34.125569	1.69	-9.53	1.54	-1.61	-8.31	-4.93	-2.74	-9.34	1.1	1.46	-6.2700000000000005	-7.38
11:30:34.136192	1.67	-9.53	1.54	-1.57	-8.28	-5.0	-2.7600000000000002	-9.35	1.01	1.46	-6.2700000000000005	-7.38
11:30:34.146268	1.6500000000000001	-9.540000000000001	1.55	-1.54	-8.25	-5.0600000000000005	-2.79	-9.35	0.92	1.52	-6.44	-7.23
11:30:34.156552	1.6300000000000001	-9.540000000000001	1.55	-1.5	-8.22	-5.12	-2.81	-9.35	0.85	1.53	-6.5	-7.17
11:30:34.166619	1.61	-9.540000000000001	1.55	-1.47	-8.2	-5.16	-2.83	-9.35	0.79	1.51	-6.5600000000000005	-7.12
11:30:34.176737	1.6	-9.55	1.54	-1.46	-8.17	-5.2	-2.85	-9.35	0.75	1.47	-6.6000000000000005	-7.09
11:30:34.186878	1.58	-9.55	1.54	-1.46	-8.15	-5.24	-2.87	-9.34	0.71	1.47	-6.6000000000000005	-7.09
11:30:34.196981	1.56	-9.55	1.54	-1.47	-8.13	-5.26	-2.89	-9.34	0.67	1.33	-6.67	-7.05
11:30:34.207127	1.54	-9.56	1.54	-1.53	-8.1	-5.29	-2.91	-9.34	0.65	1.25	-6.71	-7.03
11:30:34.217193	1.52	-9.56	1.53	-1.53	-8.1	-5.29	-2.93	-9.33	0.62	1.16	-6.75	-7.0
11:30:34.227350	1.51	-9.56	1.52	-1.62	-8.09	-5.28	-2.95	-9.33	0.6	1.06	-6.79	-6.99
11:30:34.238018	1.49	-9.57	1.51	-1.6600000000000001	-8.1	-5.2700000000000005	-2.98	-9.32	0.5700000000000001	0.9400000000000001	-6.82	-6.97
11:30:34.248534	1.48	-9.57	1.51	-1.69	-8.11	-5.24	-3.0	-9.31	0.54	0.8200000000000001	-6.86	-6.95
11:30:34.259058	1.47	-9.57	1.5	-1.69	-8.11	-5.24	-3.0300000000000002	-9.31	0.53	0.68	-6.890000000000001	-6.93
11:30:34.269249	1.47	-9.58	1.49	-1.72	-8.13	-5.2	-3.04	-9.3	0.55	0.53	-6.88	-6.96
11:30:34.279364	1.46	-9.58	1.48	-1.77	-8.17	-5.11	-3.06	-9.290000000000001	0.61	0.55	-6.94	-6.890000000000001
11:30:34.289476	1.46	-9.58	1.47	-1.8	-8.2	-5.05	-3.06	-9.290000000000001	0.65	0.45	-6.95	-6.9
11:30:34.299545	1.46	-9.58	1.46	-1.83	-8.23	-5.0	-3.0700000000000003	-9.28	0.68	0.45	-6.95	-6.9
11:30:34.310431	1.46	-9.58	1.45	-1.85	-8.25	-4.95	-3.0700000000000003	-9.28	0.6900000000000001	0.45	-6.95	-6.9
11:30:34.321025	1.47	-9.58	1.44	-1.86	-8.28	-4.91	-3.06	-9.290000000000001	0.6900000000000001	0.33	-7.0600000000000005	-6.79
11:30:34.331225	1.47	-9.58	1.43	-1.87	-8.3	-4.87	-3.0300000000000002	-9.3	0.66	0.31	-7.22	-6.62
11:30:34.341318	1.48	-9.58	1.43	-1.86	-8.32	-4.82	-2.99	-9.31	0.62	0.34	-7.28	-6.55
11:30:34.351997	1.49	-9.58	1.43	-1.85	-8.35	-4.7700000000000005	-2.94	-9.33	0.5700000000000001	0.38	-7.3	-6.53
11:30:34.362257	1.5	-9.58	1.43	-1.84	-8.39	-4.72	-2.9	-9.35	0.5	0.38	-7.28	-6.55
11:30:34.372326	1.51	-9.58	1.43	-1.83	-8.41	-4.68	-2.86	-9.36	0.43	0.42	-7.26	-6.57
11:30:34.382442	1.53	-9.57	1.43	-1.82	-8.44	-4.64	-2.84	-9.370000000000001	0.37	0.47000000000000003	-7.2700000000000005	-6.5600000000000005
11:30:34.392541	1.55	-9.57	1.43	-1.79	-8.46	-4.6000000000000005	-2.82	-9.38	0.31	0.47000000000000003	-7.29	-6.54
11:30:34.402609	1.56	-9.57	1.43	-1.77	-8.48	-4.58	-2.8000000000000003	-9.39	0.26	0.43	-7.3	-6.5200000000000005
11:30:34.412690	1.59	-9.57	1.42	-1.73	-8.51	-4.54	-2.7800000000000002	-9.39	0.23	0.36	-7.32	-6.51
11:30:34.422839	1.61	-9.56	1.42	-1.68	-8.540000000000001	-4.51	-2.7600000000000002	-9.4	0.21	0.27	-7.33	-6.49
11:30:34.432956	1.6500000000000001	-9.56	1.41	-1.6400000000000001	-8.57	-4.47	-2.75	-9.41	0.19	0.15	-7.36	-6.46
11:30:34.443123	1.68	-9.55	1.3900000000000001	-1.6	-8.59	-4.43	-2.73	-9.41	0.17	0.07	-7.4	-6.43
11:30:34.453273	1.73	-9.55	1.3800000000000001	-1.57	-8.61	-4.41	-2.71	-9.42	0.14	0.02	-7.41	-6.41
11:30:34.463382	1.77	-9.540000000000001	1.36	-1.56	-8.620000000000001	-4.39	-2.69	-9.42	0.1	0.0	-7.42	-6.4
11:30:34.473513	1.82	-9.540000000000001	1.34	-1.57	-8.63	-4.37	-2.67	-9.43	0.05	-0.03	-7.44	-6.38
11:30:34.483617	1.87	-9.53	1.32	-1.58	-8.63	-4.36	-2.65	-9.44	0.01	-0.03	-7.44	-6.38
11:30:34.493688	1.93	-9.52	1.3	-1.59	-8.64	-4.33	-2.63	-9.44	-0.01	-0.1	-7.49	-6.32
11:30:34.503824	2.0300000000000002	-9.51	1.25	-1.6	-8.66	-4.3	-2.62	-9.44	-0.04	-0.15	-7.51	-6.29
11:30:34.513956	2.0300000000000002	-9.51	1.25	-1.6	-8.68	-4.26	-2.6	-9.450000000000001	-0.05	-0.19	-7.54	-6.26
11:30:34.524472	2.09	-9.5	1.22	-1.61	-8.700000000000001	-4.21	-2.59	-9.450000000000001	-0.07	-0.19	-7.54	-6.26
11:30:34.535048	2.19	-9.48	1.16	-1.62	-8.72	-4.17	-2.58	-9.450000000000001	-0.09	-0.23	-7.58	-6.21
11:30:34.545167	2.24	-9.47	1.1300000000000001	-1.6400000000000001	-8.74	-4.12	-2.57	-9.46	-0.11	-0.24	-7.6000000000000005	-6.19
11:30:34.555283	2.2800000000000002	-9.47	1.1	-1.6600000000000001	-8.75	-4.09	-2.56	-9.46	-0.14	-0.25	-7.62	-6.16
11:30:34.565457	2.32	-9.46	1.07	-1.69	-8.76	-4.0600000000000005	-2.5500000000000003	-9.46	-0.17	-0.26	-7.63	-6.140000000000001
11:30:34.575981	2.36	-9.450000000000001	1.04	-1.71	-8.77	-4.03	-2.54	-9.46	-0.2	-0.28	-7.65	-6.12
11:30:34.586052	2.4	-9.450000000000001	1.02	-1.73	-8.78	-4.0	-2.5300000000000002	-9.47	-0.22	-0.29	-7.67	-6.1000000000000005
11:30:34.596125	2.43	-9.44	0.99	-1.75	-8.790000000000001	-3.97	-2.52	-9.47	-0.25	-0.21	-7.74	-6.01
11:30:34.606666	2.43	-9.44	0.99	-1.77	-8.8	-3.94	-2.52	-9.47	-0.27	-0.12	-7.8100000000000005	-5.91
11:30:34.616818	2.48	-9.44	0.9400000000000001	-1.78	-8.81	-3.91	-2.47	-9.48	-0.26	-0.04	-7.890000000000001	-5.82
11:30:34.626936	2.5	-9.43	0.91	-1.79	-8.82	-3.88	-2.46	-9.48	-0.3	-0.04	-7.890000000000001	-5.82
11:30:34.637059	2.5100000000000002	-9.43	0.89	-1.8	-8.83	-3.85	-2.46	-9.48	-0.33	0.1	-8.01	-5.64
11:30:34.647164	2.5300000000000002	-9.43	0.86	-1.81	-8.85	-3.79	-2.46	-9.48	-0.36	0.17	-8.07	-5.5600000000000005
11:30:34.657235	2.5500000000000003	-9.43	0.8300000000000001	-1.81	-8.870000000000001	-3.7600000000000002	-2.46	-9.48	-0.39	0.25	-8.120000000000001	-5.48
11:30:34.667377	2.57	-9.42	0.8	-1.81	-8.88	-3.73	-2.45	-9.48	-0.42	0.34	-8.17	-5.4
11:30:34.677527	2.6	-9.42	0.78	-1.82	-8.89	-3.71	-2.46	-9.48	-0.45	0.35000000000000003	-8.18	-5.38
11:30:34.688105	2.62	-9.41	0.75	-1.83	-8.89	-3.69	-2.46	-9.48	-0.48	0.36	-8.2	-5.36
11:30:34.698224	2.64	-9.41	0.72	-1.85	-8.89	-3.68	-2.46	-9.47	-0.5	0.37	-8.21	-5.34
11:30:34.708325	2.66	-9.41	0.6900000000000001	-1.87	-8.9	-3.66	-2.46	-9.47	-0.52	0.53	-8.290000000000001	-5.2
11:30:34.718938	2.69	-9.4	0.66	-1.8900000000000001	-8.9	-3.65	-2.47	-9.47	-0.54	0.53	-8.290000000000001	-5.2
11:30:34.729212	2.71	-9.4	0.63	-1.9100000000000001	-8.9	-3.63	-2.48	-9.47	-0.55	0.7000000000000001	-8.36	-5.0600000000000005
11:30:34.739338	2.72	-9.39	0.61	-1.94	-8.9	-3.61	-2.48	-9.46	-0.56	0.72	-8.370000000000001	-5.05
11:30:34.749447	2.72	-9.39	0.61	-1.94	-8.9	-3.61	-2.48	-9.46	-0.56	0.72	-8.370000000000001	-5.05
11:30:34.759540	2.7600000000000002	-9.39	0.56	-1.97	-8.9	-3.59	-2.49	-9.46	-0.56	0.73	-8.370000000000001	-5.05
11:30:34.770142	2.7800000000000002	-9.38	0.54	-2.02	-8.9	-3.5700000000000003	-2.52	-9.46	-0.55	0.75	-8.370000000000001	-5.04
11:30:34.780258	2.8000000000000003	-9.38	0.52	-2.04	-8.9	-3.5700000000000003	-2.5300000000000002	-9.450000000000001	-0.55	0.76	-8.370000000000001	-5.03
11:30:34.790370	2.81	-9.370000000000001	0.51	-2.06	-8.89	-3.5700000000000003	-2.54	-9.450000000000001	-0.55	0.84	-8.4	-4.98
11:30:34.801007	2.83	-9.370000000000001	0.49	-2.07	-8.88	-3.59	-2.5500000000000003	-9.450000000000001	-0.55	0.91	-8.42	-4.93
