Time	Pelvis_x	Pelvis_y	Pelvis_z	UppLeg_x	UppLeg_y	UppLeg_z	LowLeg_x	LowLeg_y	LowLeg_z		Foot_x	Foot_y	Foot_z
11:28:59.445547	3.625	5.125	2.375	-79.5	-36.3125	-67.4375	-163.6875	-16.125	-35.875	204.6875	35.0	24.8125
11:28:59.455678	3.75	7.3125	2.0	-74.9375	-33.4375	-61.5625	-182.0625	-27.125	-41.375	233.4375	39.6875	26.0625
11:28:59.465749	3.5	9.0625	2.9375	-62.6875	-28.625	-54.1875	-198.75	-40.125	-46.125	242.0	39.8125	16.75
11:28:59.475894	3.6875	9.375	3.0625	-50.9375	-23.125	-49.1875	-213.6875	-49.875	-49.8125	256.375	49.125	5.6875
11:28:59.485976	3.375	9.1875	3.1875	-40.5	-20.375	-42.75	-228.875	-45.0	-52.1875	269.375	66.5625	8.125
11:28:59.496047	3.375	8.625	2.875	-30.8125	-17.375	-41.0	-244.875	-27.1875	-54.4375	265.8125	83.375	18.75
11:28:59.506121	3.5625	8.6875	2.4375	-24.125	-13.6875	-40.375	-255.9375	-2.125	-54.8125	251.375	102.4375	31.1875
11:28:59.516197	3.3125	8.5625	1.3125	-19.625	-11.8125	-37.875	-263.375	33.25	-53.75	242.25	119.9375	48.5625
11:28:59.526327	1.875	9.125	1.0	-15.5	-11.25	-36.375	-269.5625	69.625	-51.8125	230.25	123.875	59.1875
11:28:59.536427	0.9375	9.3125	1.125	-8.4375	-9.1875	-34.5	-271.125	91.6875	-50.9375	226.25	120.1875	52.75
11:28:59.546542	-0.75	9.1875	2.0625	-0.375	-5.4375	-34.0	-271.3125	93.4375	-52.4375	228.5	120.6875	46.625
11:28:59.556680	-3.5	8.875	3.0	9.875	0.125	-33.5	-268.75	75.5	-53.6875	228.5	120.6875	46.625
11:28:59.566789	-6.375	9.0	4.4375	19.75	4.5	-32.25	-266.625	45.875	-52.0625	238.375	86.625	45.875
11:28:59.577330	-9.0625	9.625	6.1875	24.4375	6.9375	-31.6875	-263.75	17.5	-48.0	242.0625	64.8125	45.3125
11:28:59.587402	-11.0	11.0625	8.375	28.625	6.0	-28.6875	-257.25	-7.625	-43.875	242.0625	64.8125	45.3125
11:28:59.597473	-12.4375	12.9375	10.375	29.0625	8.9375	-26.6875	-251.25	-32.125	-39.375	232.5	36.25	33.75
11:28:59.607551	-13.125	14.625	11.5625	30.5	8.8125	-23.4375	-243.6875	-49.625	-32.5625	230.9375	5.1875	26.75
11:28:59.617623	-13.5	15.8125	12.75	32.0	7.875	-17.8125	-234.1875	-61.0	-24.6875	231.8125	-30.875	16.5
11:28:59.627720	-13.75	15.9375	14.5625	32.5	7.5625	-15.25	-225.1875	-66.0	-15.9375	232.875	-57.1875	1.8125
11:28:59.637788	-13.6875	15.25	16.0625	33.5	5.9375	-17.4375	-210.75	-67.875	-7.6875	198.6875	-83.0	-7.3125
11:28:59.647861	-13.375	13.5625	17.875	28.125	5.5	-16.625	-195.625	-66.625	-1.25	195.25	-80.0	-6.4375
11:28:59.657942	-12.9375	11.75	19.125	25.5	5.25	-13.5625	-181.4375	-60.75	2.5625	179.3125	-64.25	-23.5625
11:28:59.668011	-12.375	9.625	19.8125	23.4375	4.5	-12.0	-164.5625	-55.8125	4.25	179.3125	-64.25	-23.5625
11:28:59.678130	-11.625	8.125	20.125	14.6875	2.4375	-8.25	-144.5	-52.1875	4.8125	137.625	-23.5	-15.25
11:28:59.688204	-10.625	6.6875	19.5625	9.4375	-1.25	-4.75	-121.8125	-38.875	4.625	137.625	-23.5	-15.25
11:28:59.698294	-9.625	4.5625	19.4375	6.5625	-7.375	-4.1875	-96.625	-18.5625	1.75	81.0	23.8125	1.375
11:28:59.708367	-8.5	2.5	18.1875	2.6875	-14.75	-3.4375	-69.1875	1.6875	-0.5625	56.375	40.6875	1.625
11:28:59.718462	-7.5	-0.6875	15.5	4.8125	-19.4375	-1.8125	-42.9375	17.5625	-1.375	30.8125	41.1875	-0.8125
11:28:59.728570	-5.375	-3.625	13.5625	0.4375	-19.25	-7.1875	-15.4375	25.5	-1.5625	5.0	31.8125	-3.75
11:28:59.738668	-3.0625	-6.8125	12.125	0.4375	-19.25	-7.1875	10.0	25.75	-2.1875	-18.1875	25.5625	-5.5
11:28:59.748761	-1.375	-9.375	11.625	-14.5625	-27.5	-15.8125	34.0625	19.375	-3.25	-57.375	-9.4375	-9.375
11:28:59.758889	-0.4375	-12.4375	10.0	-21.1875	-29.3125	-18.6875	56.125	7.8125	-4.5	-79.3125	-29.0	-17.375
11:28:59.769639	0.375	-14.625	9.125	-20.5	-30.6875	-18.875	74.25	-6.4375	-5.25	-94.875	-35.6875	-25.125
11:28:59.779730	0.5	-16.25	8.125	-15.75	-30.0	-17.1875	90.3125	-24.9375	-5.4375	-114.25	-66.625	-37.25
11:28:59.789898	0.25	-16.0	8.125	-8.5625	-26.6875	-13.6875	104.25	-40.5625	-5.125	-115.875	-96.25	-47.75
11:28:59.800436	-0.0625	-13.6875	8.25	-0.0625	-24.0	-5.875	112.3125	-34.6875	-6.5625	-63.9375	-107.0	-43.6875
11:28:59.810520	-0.875	-10.3125	7.25	4.0625	-21.0	1.9375	96.375	-1.6875	-8.6875	3.4375	-1.1875	-29.375
11:28:59.820607	-0.3125	-9.875	8.1875	5.25	-24.5625	3.0	61.4375	-108.0625	5.875	-103.0625	30.1875	-71.375
11:28:59.831236	2.125	-14.5625	10.1875	5.5625	-29.875	-1.75	61.4375	-108.0625	5.875	-136.25	-270.5	-57.5625
11:28:59.841374	6.125	-17.5625	9.6875	-4.5	-7.8125	-4.25	77.375	-150.0	-0.9375	-136.25	-270.5	-57.5625
11:28:59.851424	10.4375	-13.375	8.0625	-12.6875	15.75	1.5	88.375	-92.6875	-6.875	-146.4375	-0.5625	111.25
11:28:59.861534	13.0	-3.9375	6.125	0.75	25.4375	11.5	86.6875	-40.625	-7.5	-162.3125	-113.3125	83.0
11:28:59.871696	13.3125	8.5625	3.4375	7.4375	29.1875	21.5625	86.3125	8.75	-9.0	-95.0625	-51.125	63.6875
11:28:59.882154	12.9375	19.125	3.0625	4.0	26.25	26.9375	86.0625	41.5	-8.375	-95.0625	-51.125	63.6875
11:28:59.892295	11.75	22.125	3.4375	8.6875	17.5	25.5625	86.375	38.75	-2.9375	-29.1875	-24.9375	13.9375
11:28:59.902394	11.5	17.375	3.1875	19.0625	13.4375	22.75	81.4375	11.4375	1.375	0.125	7.0	-0.125
11:28:59.912523	12.25	8.0625	1.5625	32.75	16.5625	19.6875	73.5	-28.5625	0.5625	10.0	16.0625	-17.125
11:28:59.922712	12.5	-3.875	-0.8125	50.625	37.5	17.0	69.625	-40.125	-7.75	10.0	16.0625	-17.125
11:28:59.933311	12.0	-15.5	-4.5625	72.625	68.4375	19.875	65.25	-27.25	-17.3125	8.875	-18.625	-27.375
11:28:59.943466	10.75	-25.5625	-9.625	85.9375	81.8125	23.75	56.5	-0.3125	-22.625	-48.5	1.9375	-21.625
11:28:59.953580	9.8125	-34.3125	-14.4375	84.75	74.625	23.3125	47.75	35.5625	-20.8125	-67.375	-20.125	8.1875
11:28:59.963780	9.875	-41.3125	-18.0	77.625	44.75	23.8125	46.8125	61.5	-14.0625	-67.375	-20.125	8.1875
11:28:59.973879	10.375	-46.0625	-19.875	66.0	5.0	21.5	49.75	65.6875	-5.9375	-53.0625	1.9375	15.0
11:28:59.984519	10.6875	-47.875	-20.0625	47.0	-33.1875	21.5	48.4375	49.25	-0.9375	-16.125	6.0625	20.0625
11:28:59.994607	10.125	-46.8125	-18.8125	24.75	-64.1875	24.375	45.0	7.9375	-1.0	-17.8125	-15.5	13.6875
11:29:00.004717	9.5	-42.8125	-16.8125	3.0625	-78.875	26.75	44.6875	-38.1875	-3.4375	-22.4375	-9.875	13.9375
11:29:00.015033	9.125	-36.4375	-13.5	-15.5	-82.9375	27.125	46.6875	-71.0625	-5.6875	-11.5625	-9.625	8.375
11:29:00.025105	7.125	-19.9375	-6.1875	-25.1875	-81.5625	25.3125	46.6875	-91.0625	-6.75	-11.625	-15.5625	-9.9375
11:29:00.035227	5.4375	-10.25	-2.375	4.75	-75.25	17.3125	45.1875	-89.1875	-5.875	-13.5625	-8.75	-11.125
11:29:00.045674	3.9375	-1.375	0.4375	39.6875	-44.3125	9.875	42.8125	-68.9375	-3.875	-13.5625	-8.75	-11.125
11:29:00.055789	3.9375	-1.375	0.4375	53.375	-15.4375	8.1875	37.75	-37.0	-2.875	-4.25	-12.625	-1.375
11:29:00.065868	3.1875	9.75	2.0625	64.4375	2.125	12.875	31.9375	-4.5625	-2.375	-18.875	-4.5625	0.1875
11:29:00.075986	3.1875	10.9375	0.5	67.125	16.8125	17.3125	27.5	16.125	-1.75	-45.625	8.8125	-2.0
11:29:00.086084	3.0625	10.5	-2.0	58.0625	27.25	21.25	26.0625	23.4375	-2.4375	-61.25	18.1875	-4.875
11:29:00.096156	2.5	8.875	-4.5625	61.25	37.125	24.125	24.5625	21.625	-2.25	-61.25	18.1875	-4.875
11:29:00.106226	1.625	7.125	-6.6875	70.5	49.6875	25.625	24.9375	15.25	-1.625	-28.5	12.4375	-4.9375
11:29:00.116302	0.5	5.0	-8.75	72.75	62.3125	29.25	26.375	11.1875	-1.5625	-22.125	3.9375	-0.75
11:29:00.126383	-0.25	3.75	-9.8125	74.875	72.0	33.25	27.0	7.5625	-1.375	-22.125	3.9375	-0.75
11:29:00.136456	-1.125	3.375	-10.25	77.125	81.0	36.5	27.25	10.875	-0.6875	-12.125	0.25	1.375
11:29:00.146526	-1.3125	3.875	-10.625	74.375	85.875	37.8125	26.5625	13.25	0.875	-18.0625	-3.5	3.0
11:29:00.156601	-1.5625	4.75	-10.9375	71.75	82.8125	38.6875	25.75	16.0625	1.125	-16.4375	-2.75	5.875
11:29:00.166679	-1.875	6.0625	-11.3125	66.875	74.0	39.1875	25.5	23.5625	-0.0625	-17.0625	6.25	6.0
11:29:00.176787	-2.4375	7.4375	-11.25	62.6875	60.8125	39.625	23.4375	29.625	-1.5	-27.5625	9.0625	-4.375
11:29:00.186855	-2.75	8.875	-11.375	59.4375	46.4375	38.75	21.75	19.375	-2.9375	-38.625	18.3125	-6.625
11:29:00.196930	-2.5625	10.375	-11.4375	56.125	32.1875	36.625	22.25	5.1875	-3.9375	-39.6875	18.25	-2.9375
11:29:00.207008	-2.1875	11.75	-11.0625	51.1875	20.875	34.5	26.25	-5.5	-2.375	-24.4375	7.3125	-1.3125
11:29:00.217082	-0.9375	12.9375	-11.0625	41.75	8.9375	32.625	27.8125	-15.8125	-1.0	-22.3125	-2.0625	-2.6875
11:29:00.227148	1.0625	14.0	-10.8125	34.875	-1.3125	30.125	27.8125	-23.125	-1.25	-26.3125	4.875	-2.6875
11:29:00.237226	3.8125	15.625	-11.8125	35.875	-8.375	25.9375	30.875	-19.25	-0.875	-33.1875	9.875	-0.0625
11:29:00.247372	5.75	16.3125	-10.9375	36.4375	-15.375	25.3125	33.6875	-15.1875	0.6875	-15.875	0.0	0.25
11:29:00.257526	8.375	16.25	-8.125	49.375	-13.5	23.1875	29.875	-15.875	0.9375	-21.5625	-4.0	-0.375
11:29:00.267600	10.875	15.8125	-5.375	53.0625	-10.625	22.875	30.0625	-9.9375	0.0	-31.4375	2.625	2.9375
11:29:00.277718	13.375	15.875	-3.5	48.6875	-2.0625	24.875	36.375	-0.8125	0.5	-34.5	10.5625	8.3125
11:29:00.287787	14.9375	16.0	-1.8125	43.4375	6.8125	27.8125	36.3125	6.25	1.25	-19.5	4.3125	3.0
11:29:00.297865	16.5625	17.0625	-0.3125	35.9375	17.25	30.625	35.125	12.375	-0.125	-25.9375	4.5625	-0.1875
11:29:00.307931	17.0625	18.5	0.875	35.625	24.0	33.1875	38.1875	18.75	-0.25	-36.625	18.1875	2.1875
11:29:00.318013	16.8125	19.9375	2.3125	38.0	30.1875	34.375	42.125	19.75	1.5	-32.75	15.5	1.125
11:29:00.328082	14.5	21.0	3.25	42.6875	36.0625	35.8125	41.3125	14.625	2.4375	-32.75	15.5	1.125
11:29:00.338155	14.5	21.0	3.25	43.875	41.375	37.0625	41.5625	9.75	2.0	-29.0	-5.0625	-2.625
11:29:00.348228	13.375	20.3125	2.8125	42.625	47.875	38.75	45.4375	13.0	2.5625	-41.75	7.875	-2.3125
11:29:00.358298	12.625	19.125	2.25	42.75	52.4375	39.5625	47.25	19.375	4.1875	-33.375	-2.375	-5.8125
11:29:00.368376	12.1875	17.6875	2.125	39.25	51.9375	39.125	46.4375	23.5625	4.8125	-31.3125	-23.9375	2.0
11:29:00.378446	10.875	16.6875	2.4375	40.9375	49.875	38.5	48.6875	25.75	4.875	-47.75	-28.25	29.0
11:29:00.388565	10.9375	15.625	2.5	39.6875	42.625	37.25	52.625	27.625	5.8125	-54.3125	11.25	19.0
11:29:00.398658	9.625	11.0625	2.375	31.25	33.0	37.125	54.125	31.5625	8.0625	-52.75	-14.8125	2.625
11:29:00.408726	9.125	7.75	0.5	28.5	26.1875	34.8125	54.75	31.6875	10.1875	-56.0	-16.4375	5.0
11:29:00.419226	8.875	5.5625	-0.8125	25.25	19.625	34.875	57.3125	27.3125	11.0625	-66.5625	-4.0	5.0625
11:29:00.429380	8.5	5.0	-1.5625	18.0625	20.75	30.4375	63.0	25.5625	13.3125	-71.625	-12.375	2.375
11:29:00.439432	7.8125	5.125	-1.625	7.0	13.3125	25.75	65.125	24.4375	16.0625	-66.25	-30.5	1.75
11:29:00.449602	6.875	4.875	-0.5625	8.8125	8.375	31.375	67.0625	22.125	17.1875	-66.25	-30.5	1.75
11:29:00.459901	5.625	4.75	0.75	7.625	8.0625	32.5625	72.125	20.375	17.6875	-81.75	-25.9375	2.125
11:29:00.470028	4.25	3.875	2.75	5.25	9.0625	31.875	78.1875	19.1875	19.625	-87.125	-33.9375	-1.0
11:29:00.480176	2.8125	2.875	3.875	1.25	7.75	29.5625	80.6875	19.875	21.5625	-82.75	-41.1875	1.125
11:29:00.490884	1.1875	1.5625	4.875	-0.4375	10.75	28.0625	83.5	18.3125	22.4375	-89.6875	-38.0	0.4375
11:29:00.500956	-2.0	1.4375	6.25	-1.4375	15.0625	27.4375	94.375	24.9375	26.5625	-102.0625	-31.4375	2.875
11:29:00.511317	-6.3125	0.8125	8.9375	-6.75	17.75	24.375	94.375	24.9375	26.5625	-104.0	-37.9375	-2.1875
11:29:00.521470	-11.6875	-4.625	10.6875	-11.6875	15.1875	20.25	97.0	21.375	28.9375	-104.0	-37.9375	-2.1875
11:29:00.531734	-14.5625	-9.75	11.75	-14.8125	9.6875	12.6875	109.0625	2.125	26.5	-105.875	-66.8125	7.375
11:29:00.541827	-16.5	-17.5	8.9375	-17.625	3.0625	4.75	118.0	6.0625	25.0	-122.5625	-35.6875	13.75
11:29:00.552462	-18.0	-27.6875	4.75	-26.375	-9.1875	-3.0	124.375	14.125	24.4375	-130.375	-41.0625	6.5
11:29:00.562779	-17.875	-38.5	0.125	-40.125	-24.375	-11.0625	128.875	17.3125	22.1875	-136.0625	-49.0	29.0625
11:29:00.573526	-15.875	-45.9375	-3.8125	-58.0	-42.375	-16.0625	135.5	20.25	19.3125	-141.25	-49.6875	43.0
11:29:00.583709	-13.75	-48.5	-7.1875	-82.5	-57.5	-21.6875	143.9375	26.9375	18.4375	-141.625	-48.5	60.375
11:29:00.593816	-12.4375	-43.0	-9.75	-112.3125	-73.8125	-26.75	153.625	57.375	20.3125	-136.5	6.25	81.5
11:29:00.603908	-10.3125	-28.25	-9.8125	-144.75	-93.625	-31.5625	156.6875	91.9375	25.0625	-137.5625	28.6875	90.5
11:29:00.614030	-8.5625	-9.6875	-9.5	-171.375	-120.4375	-30.5	160.25	130.0	29.1875	-175.375	8.75	94.625
11:29:00.624164	-8.5625	18.25	-12.25	-193.125	-135.1875	-34.25	155.6875	149.9375	29.0625	-212.4375	33.5	64.875
11:29:00.634722	-8.5625	18.25	-12.25	-201.5625	-114.9375	-36.0	129.0625	138.625	28.5	-272.75	14.875	21.25
11:29:00.644796	-11.0	32.75	-13.75	-177.125	-23.375	-42.5	96.75	87.9375	32.3125	-338.5625	-59.375	-10.3125
11:29:00.654960	-13.0625	33.8125	-12.9375	-163.25	49.0	-50.6875	98.6875	2.1875	28.875	-346.75	-88.5	-5.0625
11:29:00.665628	-13.0625	33.8125	-12.9375	-140.875	93.1875	-60.875	94.9375	-33.375	18.75	-346.75	-88.5	-5.0625
11:29:00.675797	-14.3125	30.375	-11.0625	-108.875	90.4375	-63.8125	88.125	-31.8125	17.5625	-165.8125	-216.75	31.375
11:29:00.685870	-12.25	16.125	-3.25	-80.875	66.4375	-54.625	82.1875	-3.875	13.5	21.5	147.625	16.6875
11:29:00.696469	-9.3125	7.8125	1.4375	-64.3125	69.1875	-52.3125	70.25	1.375	5.9375	86.25	373.875	47.625
11:29:00.706543	-5.625	-1.0	5.1875	-55.0625	69.0625	-54.375	41.5	2.4375	2.75	69.4375	173.75	6.5625
11:29:00.716614	-2.0625	-8.1875	7.6875	-53.5	50.8125	-58.4375	10.8125	0.75	0.3125	28.8125	-5.875	-39.125
11:29:00.726693	0.5625	-12.25	8.25	-45.8125	42.1875	-63.4375	-12.1875	8.4375	-7.0625	12.4375	78.5	-34.5
11:29:00.736760	2.1875	-12.5625	6.3125	-48.5625	32.75	-67.125	-31.625	3.875	-17.3125	57.3125	147.5625	-50.9375
11:29:00.746826	2.8125	-10.875	3.6875	-55.625	11.5	-65.375	-52.875	-10.125	-27.6875	57.3125	147.5625	-50.9375
11:29:00.757478	2.8125	-7.5	0.875	-58.9375	-5.375	-67.75	-74.0	-20.5625	-36.4375	186.6875	49.3125	-55.25
11:29:00.767556	2.625	-3.875	-1.375	-70.875	-22.25	-66.625	-94.4375	-22.6875	-43.875	204.25	54.125	-27.25
11:29:00.777639	2.8125	-0.625	-2.6875	-81.0625	-32.0625	-70.25	-113.8125	-18.125	-45.25	172.1875	54.0	10.9375
11:29:00.787765	3.3125	1.8125	-2.8125	-88.5625	-40.5	-70.0	-133.125	-16.25	-43.625	171.0625	32.1875	22.625
11:29:00.797838	4.125	3.75	-1.875	-88.375	-52.4375	-68.4375	-152.9375	-23.4375	-41.875	211.375	16.875	36.625
11:29:00.807913	4.9375	5.3125	-1.125	-89.4375	-56.125	-64.5	-173.5625	-37.5625	-45.0625	244.75	21.375	31.375
11:29:00.817981	4.625	5.4375	-0.375	-90.625	-57.5625	-57.4375	-191.5625	-50.9375	-51.0625	248.4375	30.875	18.25
11:29:00.828055	4.25	5.5625	0.125	-78.5625	-52.3125	-48.3125	-206.6875	-62.625	-55.3125	259.8125	43.375	11.125
11:29:00.838121	3.75	4.5625	0.6875	-56.6875	-42.0625	-41.6875	-221.5	-71.75	-56.9375	272.4375	54.6875	12.5625
11:29:00.848190	3.25	4.4375	0.8125	-45.1875	-34.125	-37.3125	-233.8125	-65.8125	-56.875	269.375	76.5	23.9375
11:29:00.858261	1.75	4.25	1.6875	-32.0625	-23.375	-37.25	-242.0625	-42.9375	-55.125	269.375	76.5	23.9375
11:29:00.868330	0.1875	4.0	2.3125	-20.75	-14.0	-37.75	-250.6875	2.8125	-52.4375	236.375	104.1875	44.125
11:29:00.878410	-1.5625	3.625	2.125	-10.25	-9.9375	-38.4375	-260.0625	53.6875	-49.25	221.875	97.375	47.9375
11:29:00.888480	-3.75	2.75	1.875	-4.1875	-7.8125	-37.75	-261.6875	87.4375	-48.625	222.25	102.3125	36.5625
11:29:00.898549	-5.9375	1.75	1.1875	-0.875	-7.875	-36.875	-260.0625	102.0	-49.1875	236.3125	105.125	35.625
11:29:00.908650	-8.25	1.1875	0.5	5.3125	-6.5625	-37.125	-259.375	92.9375	-49.0625	233.75	92.875	41.5
11:29:00.918726	-10.375	1.5625	0.0	13.5625	-3.375	-37.375	-255.8125	60.4375	-47.25	232.6875	76.3125	47.375
11:29:00.928800	-11.6875	2.8125	0.375	20.5	1.0625	-37.8125	-252.0	20.875	-44.8125	232.6875	76.3125	47.375
11:29:00.938868	-12.375	5.0	0.5625	25.625	3.1875	-37.25	-245.375	-9.0625	-42.25	214.125	48.375	32.75
11:29:00.949021	-13.1875	6.8125	1.1875	24.8125	10.9375	-30.6875	-236.8125	-25.75	-38.875	215.375	21.75	23.875
11:29:00.959150	-13.8125	8.625	2.1875	24.4375	11.75	-26.3125	-227.875	-33.6875	-33.75	221.0625	7.1875	13.9375
11:29:00.969277	-14.125	9.5	3.5	25.3125	11.6875	-24.125	-220.0625	-37.8125	-28.4375	221.9375	-6.875	2.0625
11:29:00.979377	-13.75	9.3125	5.0625	25.5	10.8125	-23.75	-214.4375	-39.25	-23.3125	213.1875	-18.9375	-4.25
11:29:00.990149	-13.3125	8.0625	6.8125	28.75	9.875	-23.3125	-206.9375	-40.375	-18.1875	202.0	-24.0625	-5.625
11:29:01.000775	-12.0625	6.375	7.8125	29.0625	7.375	-23.4375	-195.0	-42.5	-13.625	191.4375	-25.875	-9.4375
11:29:01.010873	-10.875	3.9375	8.1875	27.125	7.8125	-21.8125	-182.25	-49.8125	-9.6875	181.75	-22.125	-10.3125
11:29:01.020944	-9.0625	1.625	8.375	27.125	7.8125	-21.8125	-148.75	-53.625	-6.125	166.9375	-21.875	-8.1875
11:29:01.031059	-7.3125	-1.1875	7.875	22.0625	1.5625	-18.5	-128.6875	-49.75	-5.6875	145.875	-15.6875	-8.375
11:29:01.041183	-5.9375	-3.875	6.5625	17.5625	-7.8125	-15.3125	-106.9375	-45.0625	-5.25	100.875	-6.9375	-3.25
11:29:01.051347	-4.25	-6.25	4.8125	9.75	-26.4375	-11.375	-85.5	-37.5	-5.375	80.125	-6.9375	-0.5
11:29:01.061900	-3.375	-9.4375	2.6875	9.75	-26.4375	-11.375	-62.0	-26.8125	-5.5	57.125	-5.5	0.8125
11:29:01.072089	-2.6875	-11.9375	1.3125	5.75	-35.3125	-9.8125	-38.9375	-16.9375	-5.1875	36.1875	-8.0625	0.4375
11:29:01.082794	-2.8125	-14.125	-0.1875	2.125	-46.0625	-11.0	-16.5	-12.75	-4.3125	15.5	-16.625	-0.3125
11:29:01.092866	-3.0625	-15.75	-1.1875	-1.25	-42.75	-12.3125	4.0	-15.25	-2.875	-2.0	-24.3125	-1.8125
11:29:01.103019	-3.4375	-16.5	-1.1875	-6.875	-37.0	-12.875	23.5625	-20.1875	-1.9375	-20.5	-30.3125	-3.6875
11:29:01.113145	-3.75	-16.6875	-1.5	-11.75	-28.75	-12.4375	40.75	-28.0	-1.5625	-37.75	-38.75	-6.0625
11:29:01.123830	-3.875	-15.9375	-0.75	-11.375	-20.0	-11.125	56.5	-35.5625	-1.75	-47.9375	-39.0625	-7.5
11:29:01.133910	-3.625	-14.25	-0.125	-7.6875	-13.4375	-7.9375	68.625	-40.375	-2.5	-36.75	-40.0625	-13.625
11:29:01.144026	-3.4375	-12.0625	0.1875	-4.625	-9.25	-5.9375	78.6875	-41.375	-3.9375	-84.4375	-91.4375	-34.8125
11:29:01.154148	-3.4375	-12.0625	0.1875	-2.1875	-10.5	-4.1875	87.875	-41.25	-4.8125	-132.5	-108.9375	-36.6875
11:29:01.164686	-3.125	-9.5625	0.625	0.125	-12.3125	-2.0625	96.0625	-44.3125	-5.125	-112.75	-45.3125	-21.3125
11:29:01.174799	-3.1875	-6.3125	1.0625	5.75	-14.625	-0.25	98.6875	-36.6875	-4.6875	-50.375	-14.1875	-19.5
11:29:01.184879	-3.1875	-6.3125	1.0625	17.5625	-17.625	3.3125	78.125	14.1875	-4.25	65.125	-118.4375	-12.375
11:29:01.195010	-0.625	-0.5	-0.0625	38.25	-12.875	10.0	38.25	57.0625	-2.0625	102.4375	66.625	-36.5
11:29:01.205631	2.25	-0.875	1.6875	50.1875	-3.1875	17.0625	18.375	-10.0	2.25	-112.5625	41.8125	-74.5625
11:29:01.215700	4.0	-3.0625	2.0625	44.875	2.8125	17.8125	33.4375	-76.5625	-2.75	-173.5	-272.6875	-40.875
11:29:01.225769	4.3125	-3.125	0.5625	28.1875	-1.875	13.8125	59.6875	-127.875	-13.5625	-178.75	-163.5	60.8125
11:29:01.235847	4.0	2.3125	-2.5	30.75	9.875	12.1875	70.1875	-105.1875	-17.875	-172.625	70.9375	101.375
11:29:01.245916	2.625	12.1875	-6.8125	30.875	14.75	11.75	63.625	-43.75	-15.375	-181.3125	11.4375	79.8125
11:29:01.255983	1.75	22.4375	-10.0625	14.8125	18.8125	6.3125	60.875	15.375	-10.6875	-163.0	-104.125	46.25
11:29:01.266056	1.9375	27.75	-11.0625	5.375	26.3125	7.125	69.375	58.3125	-6.6875	-89.0	-69.625	58.6875
11:29:01.276141	2.5625	24.75	-9.4375	15.625	38.875	16.0625	72.625	55.6875	-0.5	-18.1875	-2.0625	44.125
11:29:01.286238	4.1875	14.875	-7.1875	24.5	45.6875	26.375	66.75	25.6875	5.0625	38.5625	24.5	16.9375
11:29:01.296307	5.125	2.4375	-6.5625	30.8125	49.1875	29.8125	61.25	-24.5625	5.875	52.0	-2.0625	-6.75
11:29:01.306412	4.875	-8.625	-8.5	42.3125	55.3125	26.625	57.8125	-54.0625	-2.375	42.0	-21.625	-10.3125
11:29:01.316498	4.5625	-16.25	-11.8125	59.625	64.125	25.375	54.25	-43.0625	-14.3125	-23.5625	-19.4375	-4.375
11:29:01.326608	4.625	-21.875	-14.8125	76.5	74.3125	26.375	45.875	-14.4375	-21.5	-78.5	-22.75	-18.5625
11:29:01.336725	5.125	-27.3125	-17.0	81.3125	69.75	27.3125	39.6875	18.625	-22.5625	-92.1875	-22.0625	-8.1875
11:29:01.346795	5.625	-30.8125	-18.375	75.125	49.6875	27.75	40.625	44.5	-17.5625	-84.5625	-10.875	19.5
11:29:01.356885	6.5625	-31.9375	-18.5	66.9375	17.6875	28.375	41.3125	53.625	-10.4375	-50.9375	2.625	18.5
11:29:01.366958	6.5	-30.6875	-17.1875	53.5	-19.75	28.9375	39.375	43.5	-6.3125	-8.4375	9.8125	-0.25
11:29:01.377031	5.75	-27.6875	-13.875	34.8125	-49.4375	29.5	36.625	16.0	-7.125	4.3125	4.8125	-2.625
11:29:01.387113	5.125	-23.1875	-10.75	18.6875	-65.8125	29.0	36.25	-11.9375	-8.4375	-9.25	-1.375	-0.8125
11:29:01.397179	3.4375	-18.0	-7.5	3.5	-70.9375	27.4375	36.5	-34.0	-7.5625	-23.5	-12.3125	4.4375
11:29:01.407259	1.5625	-12.3125	-5.375	-10.5	-70.8125	25.125	36.0625	-53.8125	-5.875	-22.0625	-22.75	7.5625
11:29:01.417332	-0.25	-6.875	-3.6875	-3.0	-66.5625	19.3125	36.9375	-54.0625	-4.125	-17.625	-15.75	11.75
11:29:01.427406	-1.5	-1.5	-2.4375	33.875	-47.875	16.0	38.3125	-35.4375	-2.8125	-9.4375	-13.5	16.5625
11:29:01.437490	-2.375	2.875	-2.0625	49.4375	-16.9375	12.9375	36.6875	-8.3125	-2.0625	1.5	-12.6875	8.75
11:29:01.447561	-3.0625	5.3125	-2.5	60.6875	6.5	16.6875	34.3125	16.9375	-2.3125	-16.375	6.1875	-7.75
11:29:01.457695	-3.875	6.625	-3.4375	57.8125	24.125	22.375	34.375	36.1875	-2.125	-37.0625	19.625	-15.0
11:29:01.467768	-4.25	6.8125	-4.6875	46.6875	37.3125	27.875	34.1875	48.5	-1.125	-45.0625	15.0625	-10.6875
11:29:01.477858	-4.625	6.6875	-5.875	51.375	47.5625	29.0	31.375	54.0	0.4375	-45.5625	2.6875	-8.375
11:29:01.487955	-5.375	7.0	-7.125	57.9375	58.5625	28.25	30.875	50.125	2.3125	-50.4375	-2.5625	-5.4375
11:29:01.498142	-5.375	7.0	-7.125	62.4375	67.75	28.1875	32.3125	37.5625	4.1875	-50.4375	-2.5625	-5.4375
11:29:01.508318	-5.8125	7.5	-7.9375	70.0625	72.4375	29.5	33.625	18.4375	4.625	-21.0625	-0.25	2.9375
11:29:01.518964	-6.3125	8.125	-10.1875	69.4375	75.6875	27.5	34.0	-4.875	4.125	-22.125	-1.6875	-12.25
11:29:01.529927	-6.6875	8.6875	-10.5	65.625	71.1875	23.6875	36.375	-27.625	3.25	-23.0625	9.5625	-16.3125
11:29:01.540038	-7.5	8.9375	-9.8125	60.875	61.125	21.9375	40.75	-30.6875	2.0	-29.125	6.5	-14.1875
11:29:01.550587	-7.375	9.5	-8.0	48.25	41.6875	23.375	42.5	-7.3125	2.25	-27.8125	2.1875	-14.375
11:29:01.560704	-6.6875	10.0	-6.3125	37.9375	18.25	23.1875	42.3125	11.25	2.6875	-40.75	8.9375	-15.25
11:29:01.570822	-5.375	10.3125	-4.8125	31.125	-3.375	21.0625	43.0625	10.5	2.75	-45.375	16.4375	-7.3125
11:29:01.580982	-3.5625	11.5625	-3.1875	23.3125	-17.0625	18.3125	46.3125	3.875	3.125	-45.75	13.25	7.75
11:29:01.591532	-2.3125	12.3125	-1.5625	11.9375	-22.125	17.375	48.6875	-2.125	3.4375	-39.9375	-5.25	11.3125
11:29:01.601640	-0.5	13.375	-0.5625	21.5625	-20.0625	20.4375	47.0625	-15.0	3.125	-37.75	-1.25	1.0
11:29:01.611811	1.25	13.25	0.4375	40.125	-7.1875	18.5625	44.875	-29.4375	-0.375	-45.75	6.8125	-2.5
11:29:01.621931	3.1875	12.8125	0.875	42.375	9.375	16.875	43.125	-22.5625	-0.125	-32.625	3.125	-9.625
11:29:01.633029	5.0625	11.375	0.8125	48.1875	17.1875	18.4375	39.75	-19.1875	-0.1875	-31.5625	11.0625	-9.0
11:29:01.643321	6.75	9.3125	1.3125	46.25	21.0625	22.5625	38.25	-14.5	-0.875	-37.0625	15.9375	-3.8125
11:29:01.653440	8.5625	7.0	1.5625	42.125	19.125	27.5625	40.375	-6.5	0.0	-33.0625	9.25	2.25
11:29:01.663561	10.25	5.125	2.0625	43.0	15.875	31.3125	41.0	-2.875	0.875	-30.1875	1.3125	1.5
11:29:01.673689	11.1875	4.125	2.25	41.0625	12.6875	32.1875	39.5	-1.875	-0.3125	-34.0625	8.3125	-0.25
11:29:01.684791	12.125	4.4375	2.5	41.5	8.875	33.4375	42.0	0.6875	-0.375	-38.5	11.0625	0.875
11:29:01.695275	12.5	5.125	2.625	41.8125	10.0	34.25	45.4375	3.0625	1.0625	-27.625	4.625	2.6875
11:29:01.705344	12.125	6.5625	2.625	37.875	17.5625	35.75	44.4375	2.1875	1.5625	-25.8125	0.4375	-1.3125
11:29:01.715416	10.125	10.4375	3.0625	36.9375	29.3125	37.5	45.125	4.0625	1.1875	-28.375	3.125	-1.375
11:29:01.725950	10.125	10.4375	3.0625	37.5	37.875	38.0	50.125	5.875	2.3125	-35.5	4.9375	1.4375
11:29:01.736641	8.0	14.375	3.4375	37.375	41.4375	37.6875	50.9375	7.875	3.5625	-26.3125	1.8125	-1.875
11:29:01.746704	7.5625	16.0	3.1875	37.1875	35.625	36.25	50.0	8.6875	3.3125	-32.3125	-1.9375	-7.5625
11:29:01.756772	7.25	17.75	3.6875	34.4375	32.25	35.25	52.5	11.5625	2.9375	-41.5625	9.9375	-6.25
11:29:01.766843	7.125	18.625	3.375	37.5	25.875	34.125	56.125	13.5	4.4375	-44.8125	-6.1875	6.125
11:29:01.776916	7.25	19.125	3.375	34.5625	24.5625	34.625	55.5625	16.5625	5.0625	-47.75	-40.9375	24.875
11:29:01.786998	6.875	18.0625	2.75	34.8125	26.8125	33.9375	54.0	19.0	5.0625	-50.625	0.3125	17.8125
11:29:01.797065	6.1875	17.1875	3.1875	32.4375	26.5	31.875	56.3125	25.8125	6.75	-61.5625	-5.4375	2.875
11:29:01.807137	6.5	16.0	3.125	33.0	23.8125	35.0	58.75	30.0	9.75	-63.4375	-11.0625	-0.375
11:29:01.817214	6.5	12.5625	2.125	32.375	25.0	34.3125	57.6875	25.4375	11.9375	-59.125	-12.375	1.375
11:29:01.827286	5.9375	9.875	0.9375	29.3125	22.125	36.25	60.0625	22.25	13.3125	-68.5	-20.1875	1.5
11:29:01.837396	5.8125	7.25	-0.0625	24.1875	21.0	36.3125	64.9375	19.3125	15.75	-72.1875	-24.875	-0.125
11:29:01.847435	5.3125	4.375	-0.75	20.125	17.875	37.125	67.625	18.9375	18.0625	-70.875	-35.125	-0.8125
11:29:01.857505	4.875	2.5625	-1.4375	14.125	14.1875	37.125	69.3125	17.0625	19.625	-72.25	-43.9375	2.375
11:29:01.867580	4.5	1.375	-1.3125	9.0625	10.25	38.875	72.75	16.0	20.0	-84.0625	-40.0625	2.4375
11:29:01.877648	4.0	0.75	-1.5	2.3125	9.9375	39.1875	78.375	18.5625	21.25	-92.375	-40.5625	1.75
11:29:01.887724	2.5625	-0.75	-2.375	-1.625	13.0625	38.125	81.0625	25.1875	23.5	-89.375	-40.6875	4.25
11:29:01.897812	-1.375	-0.5625	-1.0625	-0.25	17.625	35.0625	81.4375	28.0625	26.1875	-91.1875	-39.375	1.9375
11:29:01.907883	-6.5625	0.625	1.8125	2.9375	19.4375	29.6875	85.9375	22.9375	27.125	-102.8125	-62.5625	-5.8125
11:29:01.917951	-10.375	0.9375	6.0625	1.9375	17.9375	23.875	94.125	8.375	27.25	-106.3125	-73.875	4.375
11:29:01.928067	-12.5625	-1.875	7.125	-1.3125	12.0	15.8125	99.8125	1.75	25.5625	-108.1875	-38.25	17.875
11:29:01.938149	-14.0625	-11.6875	3.9375	-2.9375	3.3125	6.4375	105.625	6.375	23.0	-111.125	-29.3125	6.3125
11:29:01.948213	-12.5	-25.625	-0.3125	-12.6875	-7.1875	-2.6875	113.3125	17.6875	21.0	-131.75	-54.5625	3.75
11:29:01.958285	-9.1875	-38.3125	-5.4375	-27.875	-20.125	-9.0625	122.5625	22.9375	19.3125	-140.375	-53.9375	28.5625
11:29:01.968395	-7.125	-42.1875	-9.875	-48.125	-33.8125	-13.625	128.3125	31.6875	16.75	-130.625	-39.4375	42.4375
11:29:01.978483	-5.0	-32.375	-11.5	-73.8125	-48.0625	-15.3125	133.125	39.9375	14.4375	-125.625	-20.0	51.875
11:29:01.988685	-4.0	-16.625	-11.3125	-103.125	-60.0	-16.75	142.125	69.625	13.8125	-131.0625	1.4375	66.1875
11:29:01.999298	-2.5625	0.5625	-9.125	-133.9375	-71.0625	-19.125	150.375	109.0	17.75	-145.8125	20.875	84.25
11:29:02.009409	-1.75	14.125	-8.5	-167.0625	-92.5625	-20.8125	150.0	146.3125	24.6875	-171.75	22.875	93.375
11:29:02.019508	-1.6875	24.5625	-9.5	-163.375	-91.0	-31.0	153.5	170.0625	27.4375	-196.75	21.5	89.625
11:29:02.029634	-1.9375	32.0625	-11.875	-165.4375	-45.1875	-31.1875	141.25	166.8125	28.6875	-207.1875	49.8125	45.875
11:29:02.039746	-2.75	37.375	-14.5625	-158.3125	40.25	-36.4375	117.6875	136.625	29.0	-273.8125	25.9375	32.6875
11:29:02.050386	-4.0	40.0625	-16.0625	-146.0	92.9375	-45.1875	87.0625	72.625	26.625	-336.1875	-37.75	4.4375
11:29:02.060484	-6.0625	38.375	-16.25	-125.9375	100.8125	-50.25	89.4375	10.5	20.0	-347.3125	-74.0625	-16.125
11:29:02.070582	-8.1875	31.875	-14.5	-95.8125	70.4375	-55.125	89.9375	-13.4375	14.25	-264.25	-196.0	-0.0625
11:29:02.081246	-9.5	22.875	-10.9375	-95.8125	70.4375	-55.125	87.5625	-11.625	13.6875	-108.0625	-171.8125	22.8125
11:29:02.091803	-9.1875	12.5	-6.5	-52.5	52.5625	-54.875	79.1875	3.625	7.4375	62.25	187.0625	31.0625
11:29:02.102228	-7.625	2.375	-2.125	-43.5625	60.3125	-55.0	60.25	6.1875	1.375	62.25	187.0625	31.0625
11:29:02.112347	-5.1875	-5.6875	1.3125	-44.625	49.375	-59.8125	1.875	-21.0	-5.8125	53.375	160.5	-11.375
11:29:02.122498	-2.8125	-10.3125	4.5	-51.25	35.625	-62.0625	-18.0625	-22.625	-13.75	14.5625	-16.375	-58.875
11:29:02.133166	-0.75	-12.5625	5.4375	-51.4375	19.875	-64.375	-36.0625	-37.3125	-22.4375	81.875	103.5625	-56.1875
11:29:02.143794	0.625	-13.125	5.375	-55.375	-6.1875	-65.3125	-54.8125	-47.6875	-30.4375	81.875	103.5625	-56.1875
11:29:02.153860	1.125	-11.3125	4.125	-68.5625	-34.625	-67.9375	-76.875	-45.3125	-36.25	81.875	103.5625	-56.1875
11:29:02.163981	1.75	-8.1875	2.5	-79.625	-47.3125	-69.4375	-99.3125	-40.5625	-37.75	81.875	103.5625	-56.1875
11:29:02.174072	1.875	-5.0625	1.25	-90.375	-54.625	-70.1875	-119.375	-34.6875	-34.625	198.75	19.625	-7.0625
11:29:02.184149	2.25	-1.8125	0.25	-96.4375	-64.75	-67.375	-139.4375	-37.8125	-29.75	178.0	6.4375	20.1875
11:29:02.194243	2.6875	0.9375	0.0	-98.6875	-70.5	-64.5625	-160.125	-52.3125	-29.75	222.625	3.5625	25.4375
11:29:02.204312	3.125	2.5625	-0.5	-100.1875	-70.375	-60.0625	-174.5625	-73.75	-33.9375	246.75	-0.5	14.625
11:29:02.214417	3.125	3.3125	-0.625	-87.1875	-63.25	-54.375	-189.5625	-84.5	-38.5625	246.75	-0.5	14.625
11:29:02.224508	3.0	3.0625	-1.3125	-61.4375	-48.125	-48.125	-206.1875	-84.5625	-40.5	255.1875	33.8125	-8.3125
11:29:02.234669	2.8125	1.6875	-1.5	-45.875	-37.25	-45.5625	-220.0	-71.5	-40.9375	255.1875	33.8125	-8.3125
11:29:02.245200	2.875	1.0	-2.25	-30.125	-23.125	-45.375	-232.5	-42.8125	-41.1875	263.6875	82.5	7.25
11:29:02.255483	2.875	-0.25	-3.3125	-15.0625	-11.375	-45.5625	-242.6875	-8.25	-41.625	256.5	101.625	17.6875
11:29:02.266059	2.9375	-1.4375	-3.375	-5.0	-8.0	-45.8125	-251.4375	27.8125	-41.625	238.0625	114.375	28.8125
11:29:02.276155	2.75	-3.1875	-3.1875	-2.1875	-7.0625	-44.125	-259.125	56.625	-40.3125	219.25	113.5625	34.5625
11:29:02.286271	2.75	-4.375	-3.4375	0.625	-5.25	-41.4375	-262.75	67.5625	-38.1875	220.0625	102.5	29.5
11:29:02.296353	-0.25	-5.4375	-3.25	8.25	-4.3125	-38.8125	-263.3125	65.9375	-37.5625	220.0625	102.5	29.5
11:29:02.306423	-1.9375	-5.0	-3.3125	18.8125	-0.3125	-38.8125	-264.4375	60.375	-36.3125	220.0625	102.5	29.5
11:29:02.316529	-3.625	-3.75	-3.0625	27.1875	3.1875	-39.5625	-263.6875	47.4375	-36.0625	236.875	89.9375	30.3125
11:29:02.326642	-5.4375	-1.625	-2.8125	35.0625	7.4375	-40.75	-260.125	19.5625	-35.75	227.8125	54.875	29.9375
11:29:02.337004	-6.8125	0.75	-1.75	38.375	6.1875	-41.375	-254.0	-5.125	-35.5625	229.6875	46.4375	24.8125
11:29:02.347483	-7.8125	2.9375	0.0	34.625	1.3125	-38.0625	-246.4375	-19.0	-33.625	223.0	30.25	24.0625
11:29:02.357546	-8.25	4.9375	1.9375	31.875	-2.0625	-33.4375	-237.625	-26.8125	-31.125	213.1875	6.5	23.1875
11:29:02.367647	-8.75	6.0	3.5625	31.8125	-3.125	-29.0	-228.1875	-31.1875	-27.75	214.9375	-6.8125	17.8125
11:29:02.377762	-8.6875	6.0	4.4375	35.6875	-2.375	-25.125	-217.75	-36.5	-25.3125	190.125	-28.5	8.3125
11:29:02.387832	-8.5	5.1875	5.25	37.75	0.0	-23.8125	-202.25	-38.25	-23.8125	190.125	-28.5	8.3125
11:29:02.397930	-8.0625	3.9375	5.875	35.9375	-1.6875	-24.5625	-188.0	-42.4375	-22.0625	190.125	-28.5	8.3125
11:29:02.407997	-7.5	2.5	5.75	28.0625	-3.875	-24.25	-168.6875	-44.3125	-19.6875	157.0	-28.125	7.25
11:29:02.418070	-6.875	0.4375	5.5	16.0	-16.3125	-16.875	-151.4375	-47.6875	-16.25	157.0	-28.125	7.25
11:29:02.428167	-6.3125	-1.8125	4.625	9.25	-30.3125	-12.0	-131.8125	-52.5	-12.0	157.0	-28.125	7.25
11:29:02.438274	-6.0	-4.375	3.4375	3.375	-44.125	-11.0625	-107.75	-56.875	-8.25	117.875	-37.9375	-9.375
11:29:02.448448	-5.9375	-7.6875	3.125	2.5625	-52.375	-9.625	-86.75	-62.25	-5.4375	100.5625	-41.875	-13.125
11:29:02.458568	-6.25	-10.9375	2.8125	5.4375	-49.125	-10.25	-65.25	-65.625	-3.75	100.5625	-41.875	-13.125
11:29:02.469055	-6.6875	-14.0	2.375	10.0	-36.0	-11.5625	-43.0625	-60.375	-3.25	100.5625	-41.875	-13.125
11:29:02.479186	-6.1875	-15.8125	2.5	15.125	-18.125	-11.3125	-20.8125	-50.0	-3.3125	32.75	-29.1875	-5.625
11:29:02.489306	-5.9375	-17.1875	3.375	11.9375	5.3125	-9.9375	-0.0625	-34.0	-3.9375	32.75	-29.1875	-5.625
11:29:02.499426	-5.6875	-18.0	3.4375	5.6875	6.6875	-9.0625	19.3125	-16.875	-4.3125	-20.625	-31.8125	-11.1875
11:29:02.509537	-4.75	-18.0	3.125	-1.5625	1.625	-8.5	37.3125	-4.9375	-4.6875	-55.125	-32.6875	-14.0625
11:29:02.519660	-4.1875	-17.8125	2.9375	-6.1875	-7.5625	-8.1875	55.4375	-2.0	-4.875	-55.125	-32.6875	-14.0625
11:29:02.529832	-4.0	-17.25	2.3125	-7.4375	-18.625	-6.75	73.625	-3.1875	-4.875	-55.125	-32.6875	-14.0625
11:29:02.539904	-3.625	-15.5625	1.625	-6.3125	-27.125	-4.875	86.8125	-3.5	-5.0625	-90.5625	-44.4375	-25.8125
11:29:02.550057	-2.5625	-13.0625	0.4375	-1.4375	-32.25	-0.8125	93.3125	7.0625	-6.5625	-103.8125	-105.0625	-34.3125
11:29:02.560569	0.5625	-11.4375	0.5	1.3125	-33.5625	4.4375	82.125	25.9375	-8.5625	-52.6875	10.75	-18.6875
11:29:02.570683	4.4375	-12.625	1.5625	-4.0	-35.625	7.1875	65.8125	2.6875	-3.6875	-60.9375	139.375	-54.75
11:29:02.580838	7.4375	-13.25	3.1875	-8.8125	-31.3125	3.5	61.3125	-53.0	1.75	-83.4375	-54.8125	-67.25
11:29:02.591500	8.875	-9.6875	3.375	-13.5625	-13.5625	-2.375	69.4375	-91.1875	-2.125	-83.4375	-54.8125	-67.25
11:29:02.601691	8.5625	-0.9375	1.875	-9.75	17.25	-2.9375	80.1875	-83.3125	-7.8125	-105.5625	-221.4375	-15.9375
11:29:02.611797	7.25	11.4375	-0.3125	0.125	39.8125	0.375	82.5625	-20.0	-9.625	-160.9375	-56.0625	76.3125
11:29:02.621877	6.0	22.0625	-1.0625	12.8125	51.3125	5.375	75.125	1.375	-6.375	-160.9375	-56.0625	76.3125
11:29:02.632410	4.9375	24.5	0.0	21.375	54.625	12.1875	75.125	1.375	-6.375	-109.0	-42.3125	60.3125
11:29:02.642584	4.875	18.4375	1.1875	25.0	51.6875	20.6875	74.125	-10.9375	-0.1875	-32.4375	-50.625	21.1875
11:29:02.652714	5.4375	6.75	1.8125	31.5625	46.6875	27.125	68.3125	-35.0625	0.9375	-32.4375	-50.625	21.1875
11:29:02.663396	5.0625	-6.625	0.75	40.1875	41.1875	29.125	60.375	-50.375	-1.6875	-32.4375	-50.625	21.1875
11:29:02.673501	4.0625	-17.6875	-1.75	48.8125	38.25	27.875	55.5	-34.0	-10.0625	23.875	-28.5	-39.125
11:29:02.683574	2.8125	-23.9375	-5.3125	58.5	42.1875	27.875	51.75	-5.6875	-18.1875	-21.125	-25.375	-39.4375
11:29:02.693674	2.3125	-26.8125	-9.25	67.3125	45.3125	30.0625	43.4375	23.625	-20.75	-21.125	-25.375	-39.4375
11:29:02.703773	2.5	-28.3125	-12.75	70.5625	39.125	31.8125	36.875	39.875	-18.0	-21.125	-25.375	-39.4375
11:29:02.713930	3.1875	-29.6875	-15.0625	62.125	20.6875	31.5	37.5625	45.1875	-13.0	-69.5	-27.25	25.625
11:29:02.724102	3.75	-29.625	-16.0	49.25	-2.375	31.5	39.3125	42.625	-7.125	-51.6875	4.5	33.625
11:29:02.734218	3.9375	-27.1875	-15.4375	39.5625	-25.1875	30.625	37.8125	27.5	-3.6875	-14.375	14.3125	16.75
11:29:02.744315	4.3125	-22.0625	-14.375	25.875	-44.4375	30.375	35.375	-2.8125	-3.9375	-14.375	14.3125	16.75
11:29:02.754548	4.875	-15.625	-12.1875	11.75	-54.0625	29.9375	37.75	-29.875	-4.75	-4.3125	-9.5625	5.25
11:29:02.764637	5.5	-9.5625	-10.125	3.0625	-55.25	27.875	39.8125	-51.5625	-4.5	-4.3125	-9.5625	5.25
11:29:02.774710	5.4375	-4.125	-7.5625	14.1875	-50.3125	21.875	39.5625	-51.9375	-4.0625	-14.75	-18.375	-1.0625
11:29:02.784784	4.25	1.3125	-4.5625	26.5625	-34.8125	17.4375	40.625	-30.875	-3.8125	-14.75	-18.375	-1.0625
11:29:02.794852	2.4375	6.375	-1.5625	38.625	-9.25	15.5625	42.9375	-0.3125	-3.25	-25.8125	-16.0	-4.25
11:29:02.804987	0.625	10.3125	0.8125	50.125	11.25	17.25	42.4375	26.5625	-2.125	-19.0625	-0.5625	-6.75
11:29:02.815106	-1.0625	12.0625	1.875	49.0625	30.5	20.3125	38.125	42.625	-0.9375	-29.8125	8.25	-7.875
11:29:02.825679	-2.5625	11.1875	2.1875	46.3125	44.5	21.5	35.8125	42.5625	-0.5	-61.0	11.1875	-8.6875
11:29:02.835746	-3.625	9.25	1.5625	49.0	54.4375	19.3125	35.8125	31.4375	-0.1875	-78.1875	17.125	-14.9375
11:29:02.845820	-4.75	6.5625	0.5625	53.3125	62.6875	17.9375	38.0625	20.0625	1.8125	-52.6875	23.4375	-15.75
11:29:02.855899	-5.5625	4.375	-1.1875	61.375	67.125	19.3125	40.0	1.625	4.0	-37.1875	17.125	-11.5
11:29:02.865961	-6.1875	2.875	-2.4375	64.125	68.75	24.0	42.75	-11.3125	3.5	-34.625	4.8125	-2.4375
11:29:02.876092	-6.375	1.75	-3.0	64.625	65.4375	27.5	45.0625	-8.4375	2.4375	-25.8125	3.0	1.1875
11:29:02.886158	-6.0	1.6875	-3.0625	61.1875	59.3125	28.875	45.8125	3.8125	2.3125	-12.1875	3.5	-5.375
11:29:02.896271	-4.625	4.875	-2.5625	53.0	48.1875	29.625	45.25	11.6875	2.6875	-25.25	4.5	-1.25
11:29:02.906597	-4.625	4.875	-2.5625	42.375	35.0625	30.0	44.9375	11.875	1.8125	-33.6875	-1.3125	6.1875
11:29:02.917097	-4.1875	9.25	-1.875	30.375	20.8125	30.875	44.375	8.0625	0.9375	-33.6875	-1.3125	6.1875
11:29:02.927229	-3.4375	10.5	-1.5625	22.0625	11.125	29.125	43.0625	2.1875	0.25	-37.5	0.3125	12.3125
11:29:02.937329	-3.25	11.375	-1.75	14.1875	4.8125	27.75	40.6875	-10.125	-1.5	-43.8125	10.375	5.0
11:29:02.947403	-2.875	11.75	-1.9375	14.75	1.1875	25.1875	38.5	-17.8125	-2.875	-43.8125	10.375	5.0
11:29:02.957502	-2.0625	11.8125	-1.875	30.0625	3.75	21.75	42.375	-15.375	-2.5	-41.3125	14.5625	-5.0625
11:29:02.967569	-1.0	12.0625	-1.5	47.0	8.0	20.625	42.9375	-14.9375	-0.75	-35.0625	5.0625	-4.5
11:29:02.977642	0.4375	11.3125	-0.875	54.5625	14.1875	19.9375	40.625	-16.625	-0.25	-32.125	8.0	-3.25
11:29:02.987714	2.3125	10.1875	-0.25	57.5	13.1875	21.1875	41.75	-12.75	-0.0625	-32.8125	10.9375	-2.375
11:29:02.997787	3.5	8.625	0.5	52.25	10.625	23.9375	43.375	-9.0	1.3125	-29.125	8.0625	-2.125
11:29:03.007873	4.625	6.5	1.1875	44.0625	8.75	26.4375	40.625	-9.375	1.75	-27.6875	4.4375	-3.6875
11:29:03.017944	5.375	4.5625	1.4375	35.3125	5.0625	28.375	39.625	-3.75	1.25	-30.625	7.4375	-1.8125
11:29:03.028013	6.625	3.3125	1.75	30.6875	4.875	29.75	42.4375	2.8125	1.75	-30.625	7.4375	-1.8125
11:29:03.038104	7.6875	3.1875	2.0625	29.8125	6.6875	33.125	41.0625	6.4375	2.5625	-22.4375	0.625	5.9375
11:29:03.048226	9.0625	3.6875	2.4375	35.4375	11.9375	35.25	37.8125	8.5625	1.75	-22.6875	-1.9375	-1.0625
11:29:03.058850	10.25	4.875	2.0625	39.25	19.0625	36.375	39.5	13.75	1.0625	-29.0	8.0625	-1.875
11:29:03.068912	10.8125	6.1875	1.4375	44.0	26.4375	38.125	42.25	15.1875	2.3125	-33.125	8.5625	2.3125
11:29:03.079266	11.25	7.5	1.125	48.5625	31.5	40.5	40.0625	16.25	2.6875	-19.6875	-1.25	0.125
11:29:03.089338	11.25	8.5625	0.9375	51.4375	36.1875	41.625	39.1875	15.75	1.875	-19.6875	-1.25	0.125
11:29:03.099407	11.1875	9.8125	0.625	51.4375	36.25	42.4375	42.4375	16.375	2.125	-33.9375	2.25	2.75
11:29:03.109504	11.0625	11.625	0.25	49.4375	34.125	42.9375	44.6875	16.75	3.5625	-37.375	-25.5625	16.4375
11:29:03.119577	10.8125	13.4375	-0.4375	39.6875	25.625	41.125	43.375	16.125	3.625	-37.375	-25.5625	16.4375
11:29:03.129700	10.5625	15.5	-1.6875	33.0625	21.1875	40.9375	43.75	18.0625	3.5625	-42.0	-4.875	13.1875
11:29:03.139796	10.125	16.0	-2.8125	25.9375	18.125	40.625	47.875	20.875	5.625	-49.125	-14.0	7.5625
11:29:03.149904	8.625	16.4375	-4.0	22.9375	17.5	40.0	49.0625	22.5625	7.8125	-49.125	-14.0	7.5625
11:29:03.160066	8.0625	16.4375	-4.6875	20.625	15.25	38.8125	47.875	18.75	9.0625	-49.125	-14.0	7.5625
11:29:03.170616	7.5	15.625	-4.8125	21.5	14.1875	37.6875	50.5	16.3125	9.4375	-56.25	-17.4375	1.9375
11:29:03.180686	6.9375	13.4375	-6.0625	21.25	12.6875	36.875	55.625	15.375	11.4375	-61.375	-13.8125	2.4375
11:29:03.190808	6.75	10.8125	-7.375	23.0625	14.6875	34.0	57.1875	18.1875	13.375	-57.5625	-21.5	0.625
11:29:03.201491	6.0625	8.6875	-8.5625	23.4375	15.25	33.875	58.0625	17.75	14.1875	-61.125	-30.0625	0.5625
11:29:03.211672	5.1875	6.875	-9.3125	21.6875	18.625	34.375	62.1875	18.0625	14.75	-61.125	-30.0625	0.5625
11:29:03.221851	4.3125	6.4375	-9.8125	15.0	20.625	35.1875	70.3125	24.125	18.125	-71.6875	-33.125	1.6875
11:29:03.232017	3.3125	6.375	-9.3125	8.1875	21.75	34.625	73.25	24.0	18.5625	-76.3125	-35.25	2.6875
11:29:03.242568	2.25	6.3125	-9.0	2.8125	19.6875	33.75	79.875	26.25	18.8125	-89.75	-30.1875	5.3125
11:29:03.252663	1.375	6.4375	-8.0625	-3.6875	20.1875	32.4375	86.8125	30.625	20.125	-95.1875	-30.875	6.25
11:29:03.262801	0.375	6.75	-8.0	-7.0625	22.1875	30.25	89.875	36.8125	22.0	-95.1875	-30.875	6.25
11:29:03.272952	-2.4375	7.25	-6.6875	-3.625	25.9375	25.5	93.6875	39.875	23.5	-103.0625	-24.375	2.125
11:29:03.283334	-5.875	8.125	-4.0	-1.625	27.375	20.4375	102.375	29.5	23.4375	-103.0625	-24.375	2.125
11:29:03.293729	-8.4375	7.0	-0.625	-7.3125	24.5	13.5625	112.625	15.4375	21.9375	-116.9375	-68.625	10.625
11:29:03.303797	-10.1875	1.625	1.125	-15.1875	14.875	4.25	118.75	8.1875	18.0625	-122.8125	-23.375	28.125
11:29:03.313877	-10.625	-7.375	-0.5625	-24.3125	0.0625	-4.9375	118.75	8.1875	18.0625	-121.9375	-19.3125	17.875
11:29:03.324135	-10.375	-17.5625	-5.375	-40.6875	-14.0	-13.1875	134.625	31.75	11.5	-143.8125	-47.1875	17.875
11:29:03.334654	-10.1875	-24.0	-11.9375	-62.0	-30.0625	-19.5	134.625	31.75	11.5	-152.3125	-44.4375	52.875
11:29:03.344771	-8.5625	-22.75	-22.3125	-87.125	-48.1875	-24.0625	149.375	70.0	10.0	-152.3125	-44.4375	52.875
11:29:03.354994	-6.875	-14.5625	-23.5	-116.0	-69.8125	-26.0	155.125	109.125	13.25	-127.375	32.5	83.0625
11:29:03.365677	-7.3125	-4.0	-23.8125	-139.25	-88.625	-28.5625	155.125	109.125	13.25	-160.6875	38.0	82.625
11:29:03.376203	-7.6875	6.125	-22.875	-160.5625	-101.3125	-26.625	152.1875	172.875	26.3125	-160.6875	38.0	82.625
11:29:03.386531	-7.375	16.0625	-22.375	-172.8125	-98.875	-28.3125	143.9375	169.875	29.9375	-243.375	12.1875	87.375
11:29:03.396609	-7.6875	22.1875	-22.25	-193.1875	-95.125	-32.0625	143.9375	169.875	29.9375	-267.5	32.0625	31.125
11:29:03.406716	-8.3125	25.6875	-20.1875	-197.375	-13.3125	-40.1875	143.9375	169.875	29.9375	-330.9375	-26.6875	1.625
11:29:03.416795	-9.6875	24.875	-18.0	-182.5	51.25	-43.75	143.9375	169.875	29.9375	-347.3125	-71.25	-20.5625
11:29:03.426858	-11.125	19.4375	-15.125	-146.3125	70.6875	-50.75	83.875	-17.4375	17.5625	-347.3125	-71.25	-20.5625
11:29:03.436929	-12.125	10.4375	-10.9375	-94.1875	63.125	-58.75	79.625	-31.8125	15.8125	-177.1875	-231.4375	7.875
11:29:03.447003	-12.0	0.75	-6.0625	-54.9375	41.25	-56.4375	68.75	-21.1875	11.125	13.5625	-0.375	9.4375
11:29:03.457106	-10.4375	-7.6875	-1.5	-22.3125	51.875	-54.6875	52.375	-15.5625	5.875	112.8125	289.5	53.3125
11:29:03.467247	-8.125	-13.375	2.0	-8.1875	67.0	-56.1875	52.375	-15.5625	5.875	107.6875	260.8125	30.0625
11:29:03.477309	-5.4375	-17.5	2.0625	-9.4375	59.25	-61.5	-8.125	-31.5	0.3125	107.6875	260.8125	30.0625
11:29:03.487418	-4.5	-19.4375	3.125	-18.8125	45.5625	-68.6875	-29.625	-28.625	-3.8125	34.0	-28.125	-67.625
11:29:03.497489	-2.9375	-19.75	0.5	-31.1875	28.8125	-70.4375	-48.5625	-41.1875	-10.5625	78.8125	45.625	-58.625
11:29:03.507592	-2.375	-17.8125	-3.5625	-54.875	-2.6875	-71.5	-67.8125	-57.125	-19.3125	166.6875	85.0	-78.5
11:29:03.517688	-1.5	-14.375	-7.25	-79.75	-30.875	-69.4375	-67.8125	-57.125	-19.3125	166.6875	85.0	-78.5
11:29:03.527793	-0.3125	-10.625	-9.875	-98.625	-54.5	-66.1875	-109.0	-61.0625	-30.1875	215.1875	8.9375	-38.3125
11:29:03.537923	0.6875	-7.4375	-10.0625	-112.5	-73.1875	-64.6875	-126.25	-56.625	-27.8125	162.5625	-3.5	1.4375
11:29:03.547995	1.625	-5.5625	-8.125	-117.0625	-86.8125	-65.8125	-126.25	-56.625	-27.8125	160.5625	-1.0625	7.125
11:29:03.558113	2.375	-5.0625	-5.75	-115.0625	-95.5	-65.4375	-126.25	-56.625	-27.8125	210.75	12.5	15.875
11:29:03.568653	3.375	-6.0625	-3.4375	-91.0625	-89.625	-61.1875	-179.25	-67.0	-23.6875	245.0	16.875	8.125
11:29:03.578717	3.1875	-6.1875	-2.5	-67.375	-75.25	-55.5	-192.75	-69.0625	-27.375	245.0	16.875	8.125
11:29:03.589112	2.8125	-6.0	-2.1875	-54.0625	-55.25	-50.8125	-192.75	-69.0625	-27.375	256.5625	40.5625	-20.3125
11:29:03.599184	2.1875	-5.6875	-2.8125	-40.5	-40.0	-47.6875	-192.75	-69.0625	-27.375	263.5	71.375	-11.75
11:29:03.609257	1.375	-4.6875	-3.4375	-30.25	-27.125	-45.9375	-229.375	-42.0	-31.0625	256.3125	85.25	-0.875
11:29:03.619853	1.25	-3.5	-3.875	-25.0	-19.75	-43.8125	-239.75	-13.6875	-31.625	241.125	95.8125	12.9375
11:29:03.629919	1.1875	-3.0	-4.1875	-13.1875	-11.5625	-38.875	-255.9375	45.375	-29.8125	222.875	96.25	22.25
11:29:03.640010	1.25	-3.125	-4.0	-5.0	-6.6875	-39.125	-258.4375	56.625	-29.5625	218.0	91.375	23.375
11:29:03.650100	0.75	-3.0625	-3.8125	3.5	-3.125	-39.375	-260.4375	53.5625	-28.25	225.5625	88.25	17.0
11:29:03.660188	-0.6875	-3.125	-3.1875	13.6875	0.875	-40.0	-259.0625	44.0625	-27.0625	225.5625	88.25	17.0
11:29:03.670853	-2.625	-3.0625	-1.5	18.8125	4.625	-38.875	-255.8125	31.1875	-26.25	226.0	72.5	15.9375
11:29:03.680963	-4.4375	-2.3125	0.375	21.3125	5.875	-36.6875	-253.625	18.125	-25.9375	226.0	72.5	15.9375
11:29:03.691518	-6.125	-1.25	1.5625	20.75	7.8125	-33.75	-250.4375	9.0625	-26.9375	229.5	54.0	15.9375
11:29:03.701619	-7.25	0.625	2.625	20.875	7.5	-30.8125	-245.3125	-1.5	-26.75	225.5625	47.5	10.1875
11:29:03.712072	-8.0	2.5	3.75	20.875	7.5	-30.8125	-245.3125	-1.5	-26.75	225.5625	47.5	10.1875
11:29:03.722381	-8.3125	4.25	5.25	21.25	9.4375	-26.375	-231.625	-26.125	-22.8125	232.6875	30.6875	2.25
11:29:03.732467	-8.0	5.125	6.875	28.75	13.4375	-22.6875	-219.375	-31.0625	-19.9375	218.8125	8.0	-4.25
11:29:03.742561	-7.6875	5.125	8.5	34.5625	13.8125	-23.6875	-204.5	-32.875	-17.5625	181.4375	1.0625	-7.8125
11:29:03.752646	-7.125	4.0625	10.0625	32.75	13.125	-20.125	-192.875	-37.0	-14.75	166.375	1.5625	-6.4375
11:29:03.762714	-6.3125	2.375	11.0	33.125	8.9375	-19.375	-175.5	-37.75	-12.625	156.8125	-4.5	-7.25
11:29:03.773246	-5.3125	0.75	11.25	28.3125	-4.0	-14.8125	-159.1875	-42.125	-9.6875	156.8125	-4.5	-7.25
11:29:03.783345	-4.625	-0.75	10.9375	23.5	-18.75	-7.0	-141.75	-47.375	-6.875	124.1875	-16.5	-6.875
11:29:03.793658	-4.0	-2.3125	10.1875	15.3125	-32.9375	-6.625	-123.6875	-54.75	-4.3125	109.375	-17.8125	-2.8125
11:29:03.803732	-3.625	-4.0625	9.375	6.6875	-42.3125	-6.6875	-99.6875	-54.3125	-2.1875	87.875	-16.4375	1.4375
11:29:03.813806	-3.125	-6.25	8.6875	3.6875	-49.6875	-6.8125	-76.6875	-46.1875	-0.875	57.6875	-24.8125	1.875
11:29:03.824258	-2.8125	-8.5	8.5625	4.375	-50.9375	-4.3125	-55.5625	-36.5625	0.25	32.6875	-25.6875	-0.75
11:29:03.834373	-2.5625	-12.0	8.75	3.625	-45.375	-5.1875	-32.375	-27.0625	0.625	32.6875	-25.6875	-0.75
11:29:03.844508	-2.5	-12.25	8.875	1.0625	-29.6875	-6.8125	-7.1875	-18.1875	0.875	-18.0	-42.125	-7.125
11:29:03.855117	-2.25	-12.125	8.8125	-0.125	-10.9375	-7.625	16.9375	-11.75	1.25	-18.0	-42.125	-7.125
11:29:03.865346	-1.4375	-11.375	9.125	-2.8125	5.0625	-8.1875	37.4375	-7.9375	0.625	-18.0	-42.125	-7.125
11:29:03.875456	-1.375	-9.5625	10.25	-4.75	12.75	-8.1875	56.5625	-7.3125	-0.5	-18.0	-42.125	-7.125
11:29:03.886111	-1.375	-9.375	9.1875	-10.125	12.25	-7.8125	75.5	-9.3125	-1.625	-18.0	-42.125	-7.125
11:29:03.896312	-0.875	-9.5625	7.5625	-13.25	5.75	-8.3125	92.0	-12.1875	-2.4375	-18.0	-42.125	-7.125
11:29:03.906930	-0.875	-9.5625	7.5625	-11.5	-2.75	-8.3125	103.375	-7.375	-4.75	-115.125	-131.1875	-18.25
11:29:03.917032	3.1875	-4.9375	5.625	-5.5625	-11.625	-7.5625	103.125	22.5625	-9.6875	-96.1875	79.375	-17.8125
11:29:03.927113	6.8125	-5.1875	6.5	1.125	-17.9375	-2.4375	88.9375	30.5625	-10.5	-88.125	121.875	-67.9375
11:29:03.937183	9.375	-7.0625	7.25	3.0625	-25.25	3.8125	81.5625	-24.75	-2.4375	-88.125	121.875	-67.9375
11:29:03.947259	9.5625	-6.75	7.8125	-3.875	-37.0625	4.75	86.1875	-76.25	-1.3125	-88.125	121.875	-67.9375
11:29:03.957337	8.0	-0.375	5.3125	-17.625	-39.0625	-1.875	95.375	-99.75	-5.625	-154.3125	4.3125	74.875
11:29:03.967435	6.3125	10.875	0.9375	-25.3125	-22.25	-10.3125	98.8125	-73.375	-8.0	-154.3125	4.3125	74.875
11:29:03.977554	4.5625	18.5	-1.9375	-13.6875	11.8125	-12.25	91.0	-1.875	-8.0	-182.0	-116.0625	71.25
11:29:03.987672	4.0625	16.3125	-2.125	0.0625	50.3125	-7.375	90.75	9.375	-6.5625	-106.6875	-72.375	59.4375
11:29:03.997743	4.75	4.125	0.0625	12.8125	65.25	8.8125	87.25	-5.5625	-1.625	-106.6875	-72.375	59.4375
11:29:04.007839	6.125	-11.875	2.3125	20.0	54.9375	24.6875	82.8125	-33.3125	2.875	-106.6875	-72.375	59.4375
11:29:04.018465	6.75	-26.5	3.125	18.6875	40.3125	32.8125	78.0625	-64.375	0.8125	16.75	-16.4375	-5.0
11:29:04.028546	5.75	-37.4375	1.9375	17.6875	19.1875	32.0	70.375	-68.75	-6.875	16.75	-16.4375	-5.0
11:29:04.038618	4.375	-42.5625	-0.875	24.3125	9.375	25.875	63.6875	-45.5	-14.25	-3.1875	-17.5625	-38.5625
11:29:04.048685	3.8125	-43.75	-4.75	38.0	5.75	22.8125	60.5	-11.8125	-17.0625	-80.5625	-36.875	-39.625
11:29:04.058808	4.25	-43.0625	-8.25	57.0625	11.4375	20.625	58.8125	19.0625	-16.0	-80.5625	-36.875	-39.625
11:29:04.068880	5.625	-41.6875	-9.9375	70.8125	18.4375	21.125	53.8125	26.9375	-4.5	-60.25	-1.4375	18.1875
11:29:04.078958	6.9375	-40.0625	-8.6875	70.5625	13.75	22.6875	55.1875	7.1875	-2.8125	-41.4375	-19.5	25.5625
11:29:04.089059	7.5625	-36.875	-4.8125	57.0	-5.6875	26.0625	57.875	-6.25	-1.5625	-41.4375	-19.5	25.5625
11:29:04.099188	6.8125	-32.0625	-0.75	41.6875	-27.375	27.3125	56.4375	-28.25	-1.0	-41.4375	-19.5	25.5625
11:29:04.109884	5.5625	-26.25	3.25	24.125	-38.8125	27.125	55.375	-55.75	-1.4375	-18.9375	11.9375	5.8125
11:29:04.119996	3.9375	-20.625	6.625	9.125	-46.375	27.5625	53.25	-61.0625	-3.875	-17.6875	-6.25	1.8125
11:29:04.130083	2.5	-16.3125	9.375	-0.875	-48.75	25.625	51.125	-29.125	-5.125	-28.5625	-21.8125	7.25
11:29:04.140715	1.4375	-13.25	10.8125	-0.875	-48.75	25.625	46.875	7.3125	-3.6875	-38.6875	-13.375	0.625
11:29:04.150917	0.8125	-12.1875	11.0625	30.3125	-14.1875	19.75	42.0625	20.4375	-2.0	-38.6875	-13.375	0.625
11:29:04.161184	0.3125	-12.25	10.3125	55.75	6.8125	22.0625	39.6875	20.75	-1.125	-23.625	9.75	-2.875
11:29:04.171256	0.25	-13.1875	9.25	67.1875	23.75	27.0	39.4375	16.75	-0.1875	-45.6875	8.0	14.5625
11:29:04.181874	0.625	-14.625	8.1875	63.6875	32.5	32.5625	38.9375	2.375	-0.8125	-45.6875	8.0	14.5625
11:29:04.191974	0.8125	-15.875	7.25	60.0	37.0625	33.9375	36.5625	-7.0	-3.0625	-37.6875	9.9375	-2.6875
11:29:04.202622	0.9375	-16.25	6.0	57.25	36.875	31.4375	36.1875	0.625	-3.4375	-37.6875	9.9375	-2.6875
11:29:04.212722	1.0625	-15.6875	5.0625	53.9375	36.3125	30.375	36.5625	12.5625	-3.1875	-29.5	1.9375	-1.9375
11:29:04.222816	1.25	-14.125	3.8125	55.1875	32.8125	32.625	33.5625	13.0	-3.0625	-23.9375	1.0625	-4.625
11:29:04.233381	1.5	-11.875	2.6875	56.4375	28.4375	34.3125	31.0	9.625	-3.5	-21.6875	14.6875	-1.875
11:29:04.243708	1.9375	-9.625	1.5625	56.4375	24.0	36.4375	30.6875	12.0	-2.5625	-30.4375	16.25	0.5625
11:29:04.253774	2.5625	-7.5	0.625	53.8125	18.6875	37.1875	28.8125	11.0	-1.8125	-24.4375	6.75	-1.0625
11:29:04.263852	3.1875	-4.875	-1.0	53.25	16.75	36.0	26.9375	6.1875	-1.6875	-24.4375	6.75	-1.0625
11:29:04.273936	3.75	-2.125	-2.5	54.1875	16.1875	35.6875	29.8125	7.5	-1.25	-24.4375	6.75	-1.0625
11:29:04.284007	3.6875	1.0	-3.5	54.4375	14.5	35.25	30.375	10.0625	0.3125	-24.8125	11.5625	1.375
11:29:04.294125	4.375	4.375	-4.9375	53.5	13.8125	34.6875	27.375	5.125	1.0625	-13.125	3.25	-3.125
11:29:04.304199	4.75	7.6875	-5.5625	56.625	14.0	35.0625	26.3125	0.5625	0.875	-19.0	7.25	-5.0625
11:29:04.314313	7.3125	11.625	-5.1875	58.5625	14.125	34.4375	29.9375	-0.75	1.625	-28.0625	10.125	-1.5625
11:29:04.324400	8.75	12.625	-4.75	58.875	15.6875	33.75	28.75	0.125	2.5	-28.0625	10.125	-1.5625
11:29:04.334550	9.5625	12.875	-3.9375	59.1875	18.625	33.5625	26.0625	-1.125	2.25	-16.3125	1.5	-2.9375
11:29:04.344673	10.625	12.75	-2.9375	60.8125	22.3125	34.8125	27.5	0.6875	2.1875	-21.25	4.8125	-3.0
11:29:04.355367	11.5	12.875	-1.25	59.5625	25.3125	35.0625	30.3125	3.9375	3.3125	-21.25	4.8125	-3.0
11:29:04.365709	11.5	12.875	-1.25	58.5625	28.5	34.625	29.1875	7.5625	3.875	-13.5625	-4.5625	-0.75
11:29:04.376438	12.6875	14.0	0.8125	60.3125	25.5625	35.5625	28.375	8.6875	3.25	-13.5625	-4.5625	-0.75
11:29:04.386515	13.375	15.8125	2.9375	57.875	21.4375	37.3125	32.1875	12.0	2.875	-13.5625	-4.5625	-0.75
11:29:04.396697	13.8125	18.1875	4.5	52.625	20.375	37.6875	36.25	17.25	4.1875	-30.4375	3.1875	-0.5625
11:29:04.406787	13.4375	21.0	6.0625	51.875	18.625	37.625	36.0625	19.25	5.0625	-20.5	-8.0	-2.5625
11:29:04.416856	12.875	22.875	7.1875	46.75	18.6875	38.875	37.75	20.6875	5.0	-30.6875	-12.375	-2.625
11:29:04.426975	12.0625	23.75	8.0625	43.6875	22.0	39.5	43.1875	21.3125	5.8125	-45.3125	-13.75	4.4375
11:29:04.437097	11.5	25.0	8.5	39.9375	26.5	41.5625	46.0	24.1875	8.0625	-44.9375	-13.625	6.4375
11:29:04.447183	10.875	26.25	8.625	38.8125	35.0625	42.625	46.9375	26.0	9.25	-43.9375	-14.4375	2.0
11:29:04.457288	10.6875	28.875	8.25	38.75	42.9375	40.875	50.75	28.25	9.3125	-43.9375	-14.4375	2.0
11:29:04.467363	10.875	31.3125	8.375	37.625	52.375	38.375	56.5	31.125	10.75	-43.9375	-14.4375	2.0
11:29:04.477463	10.4375	33.3125	8.5625	39.6875	57.5	36.6875	59.25	32.9375	12.4375	-43.9375	-14.4375	2.0
11:29:04.488198	9.875	33.875	8.8125	40.1875	57.1875	35.25	62.0	29.625	12.5	-43.9375	-14.4375	2.0
11:29:04.498272	9.3125	32.25	7.625	38.375	51.0	33.6875	67.25	25.25	13.125	-69.3125	-14.25	0.6875
11:29:04.508373	7.875	28.1875	5.75	34.125	45.5	29.125	74.375	21.75	15.0	-69.3125	-14.25	0.6875
11:29:04.518488	6.5	22.9375	2.6875	43.0	60.4375	32.75	82.375	9.9375	16.8125	-71.625	-28.625	-2.3125
11:29:04.528562	5.3125	15.375	-1.4375	102.875	135.0625	42.8125	82.375	9.9375	16.8125	-73.0	-36.5	-1.8125
11:29:04.538661	4.75	10.4375	-4.375	93.25	66.4375	29.375	89.5	5.1875	17.5625	-73.0	-36.5	-1.8125
11:29:04.548725	4.4375	7.6875	-6.0	44.1875	68.375	29.6875	97.25	5.0	18.25	-91.0625	-38.0	-2.1875
11:29:04.558823	4.25	6.3125	-6.0625	26.4375	75.6875	31.0625	103.1875	9.3125	19.1875	-91.0625	-38.0	-2.1875
11:29:04.568940	4.1875	5.875	-5.0625	11.8125	68.375	30.125	108.9375	16.5	21.0625	-93.6875	-42.0	3.75
11:29:04.579070	2.6875	5.5625	-3.8125	21.8125	27.625	37.0625	117.25	20.6875	21.375	-109.3125	-29.375	4.5625
11:29:04.589670	-2.1875	6.5	0.5	3.1875	42.0625	29.375	120.8125	14.375	20.5	-109.3125	-29.375	4.5625
11:29:04.599761	-7.875	9.125	6.6875	-12.625	50.0	23.3125	124.5625	3.125	16.875	-112.6875	-91.8125	7.125
11:29:04.609884	-11.125	9.5625	12.25	10.6875	55.375	12.125	133.5625	12.5	13.8125	-119.9375	-38.6875	24.1875
11:29:04.619955	-12.0	6.0	13.3125	22.6875	33.875	2.0625	139.125	29.5	13.4375	-134.75	-40.3125	12.0625
11:29:04.630060	-10.3125	-3.875	10.375	37.75	22.0	-5.0	140.0625	52.4375	13.5625	-134.75	-40.3125	12.0625
11:29:04.640437	-8.1875	-20.125	2.1875	49.375	6.875	-10.875	142.125	86.8125	14.875	-153.375	-54.375	54.4375
11:29:04.650676	-4.75	-31.375	-5.5625	40.875	-5.0625	-16.5	145.875	125.5	20.0625	-153.375	-54.375	54.4375
11:29:04.660798	-2.5625	-32.0	-13.125	-17.1875	-41.0625	-29.8125	147.8125	161.5	26.75	-146.5	-25.625	62.0
11:29:04.671247	-1.5625	-23.125	-16.9375	-31.9375	-42.625	-20.0625	149.8125	178.875	29.8125	-174.125	-5.25	89.5625
11:29:04.681847	-1.3125	-10.0625	-16.125	-66.375	-74.625	-9.5625	122.6875	144.25	29.125	-194.0625	10.375	94.9375
11:29:04.691959	-0.375	6.6875	-12.1875	-72.0	-82.8125	-23.5625	89.25	76.8125	30.625	-194.0625	10.375	94.9375
11:29:04.702620	-0.25	19.8125	-9.1875	-109.6875	-53.6875	-45.1875	86.5	-4.375	28.125	-194.0625	10.375	94.9375
11:29:04.713120	-0.3125	27.5	-6.375	-125.5	-33.25	-58.5	92.5	-30.75	22.3125	-194.0625	10.375	94.9375
11:29:04.723220	-0.5625	31.625	-4.875	-130.375	-28.5	-79.0	87.6875	-37.1875	23.25	-300.5	-138.6875	-21.875
11:29:04.733346	-1.6875	31.6875	-4.8125	-126.1875	-25.4375	-96.875	74.9375	-33.125	20.625	-300.5	-138.6875	-21.875
11:29:04.743468	-3.5	28.6875	-3.5	-111.6875	-35.875	-105.9375	62.3125	-25.75	11.3125	60.5625	199.5625	46.0625
11:29:04.753543	-5.6875	21.875	0.375	-105.625	-62.0625	-115.375	38.4375	-31.625	6.6875	84.875	314.8125	71.25
11:29:04.763613	-6.1875	12.6875	4.0	-100.875	-76.5625	-131.5	12.375	-37.75	2.0	45.75	159.875	-23.9375
11:29:04.773704	-4.25	4.0625	8.0	-90.9375	-92.5	-143.75	-7.5	-22.125	-5.4375	38.375	55.0625	-68.375
11:29:04.783793	-2.3125	-2.875	9.6875	-101.5	-105.5	-155.3125	-27.6875	-18.5	-14.25	75.125	122.625	-62.5625
11:29:04.793873	-0.1875	-8.6875	9.5625	-113.1875	-99.6875	-153.9375	-49.1875	-29.5625	-22.0625	75.125	122.625	-62.5625
11:29:04.803943	1.0625	-12.125	8.0	-103.75	-85.75	-143.625	-69.3125	-37.1875	-29.375	175.3125	126.5	-87.9375
11:29:04.814327	1.9375	-13.3125	5.625	-103.25	-97.1875	-149.8125	-89.8125	-31.9375	-30.9375	154.8125	59.25	-35.0625
11:29:04.824401	2.25	-12.3125	3.1875	-101.25	-95.4375	-140.1875	-109.5625	-19.6875	-27.8125	104.75	34.125	-0.8125
11:29:04.834496	2.25	-10.375	1.9375	-106.375	-78.8125	-135.0625	-128.625	-6.1875	-23.25	107.5	31.8125	7.4375
11:29:04.844575	2.25	-8.375	2.1875	-117.3125	-74.3125	-136.1875	-145.5	-12.0	-23.9375	167.75	31.0	32.4375
11:29:04.854693	2.8125	-6.0625	3.25	-116.3125	-68.5625	-135.8125	-159.25	-16.1875	-28.125	167.75	31.0	32.4375
11:29:04.864805	3.6875	-4.25	4.5625	-111.25	-56.8125	-119.875	-171.375	-13.625	-33.5625	195.3125	37.6875	15.6875
11:29:04.874914	4.625	-3.125	5.25	-120.25	-28.875	-91.6875	-184.3125	-12.5625	-38.6875	214.25	56.25	5.0625
11:29:04.884982	5.375	-2.75	5.5	-136.6875	-5.5	-68.125	-195.125	-11.3125	-42.3125	235.0	71.75	3.5625
11:29:04.895082	5.4375	-2.875	5.875	-145.375	-1.125	-58.1875	-204.375	-5.75	-44.6875	235.0	71.75	3.5625
11:29:04.905717	5.375	-2.8125	5.9375	-108.1875	-19.9375	-52.375	-213.0625	2.1875	-46.3125	231.5625	99.625	18.0625
11:29:04.915851	4.9375	-2.75	6.375	-77.625	-41.6875	-50.8125	-221.25	10.875	-46.5	225.9375	104.9375	28.0
11:29:04.925959	4.1875	-2.125	6.75	-63.8125	-53.6875	-55.1875	-228.6875	19.375	-45.1875	219.3125	105.25	34.1875
11:29:04.936126	4.1875	-2.125	6.75	-55.375	-55.0625	-60.25	-232.6875	27.125	-43.1875	219.3125	105.25	34.1875
11:29:04.946392	3.625	-1.0625	6.875	-53.875	-52.125	-55.1875	-234.5625	33.125	-39.5	215.625	92.3125	28.875
11:29:04.956672	2.0625	1.6875	8.25	-49.8125	-43.0	-43.0625	-237.75	36.5	-35.75	215.625	92.3125	28.875
11:29:04.966741	0.6875	3.375	8.5625	-43.75	-32.6875	-34.8125	-241.1875	36.875	-32.5625	205.0625	66.625	19.625
11:29:04.976816	-0.8125	3.9375	9.0625	-41.5625	-29.0	-34.0625	-241.25	31.125	-30.4375	206.25	52.6875	21.3125
11:29:04.986917	-2.0625	4.5625	9.5	-40.0	-32.25	-36.9375	-241.1875	21.5625	-29.1875	206.25	52.6875	21.3125
11:29:04.997045	-3.0	5.0	9.625	-32.375	-28.75	-36.125	-240.125	13.625	-29.0	214.0625	23.0625	25.1875
11:29:05.007480	-3.6875	5.5625	9.625	-29.9375	-19.9375	-33.5625	-239.75	4.6875	-28.6875	214.0625	23.0625	25.1875
11:29:05.017946	-4.125	5.25	9.8125	-26.0625	-12.5	-31.5	-237.1875	-5.25	-28.25	214.0625	23.0625	25.1875
11:29:05.028019	-4.5625	4.25	10.6875	-15.125	-7.125	-29.5	-232.5625	-10.125	-28.3125	221.0625	22.8125	28.75
11:29:05.038165	-4.6875	2.6875	11.625	-10.9375	-12.125	-28.0	-225.0	-9.25	-27.25	221.0	20.5	21.75
11:29:05.048248	-5.1875	0.625	12.4375	-4.875	-9.5	-30.1875	-213.9375	-1.375	-25.25	210.125	12.6875	11.625
11:29:05.058319	-5.5625	-1.4375	12.8125	-3.3125	-11.8125	-33.4375	-202.25	4.4375	-22.6875	195.6875	3.6875	8.75
11:29:05.068421	-5.9375	-3.6875	12.3125	6.3125	-20.375	-36.875	-187.9375	4.0	-20.3125	195.6875	3.6875	8.75
11:29:05.078504	-6.8125	-6.0	11.4375	10.875	-62.0	-53.6875	-171.0625	-3.3125	-18.5	195.6875	3.6875	8.75
11:29:05.088626	-7.6875	-8.125	10.5	-22.4375	-149.9375	-77.1875	-131.0	-33.0	-15.8125	195.6875	3.6875	8.75
11:29:05.098801	-8.3125	-9.25	10.3125	-30.0	-103.25	-45.125	-108.625	-37.125	-13.875	117.625	-21.5	16.625
11:29:05.109369	-8.75	-9.75	10.5	-46.9375	-111.0625	-27.1875	-83.875	-36.9375	-11.4375	117.625	-21.5	16.625
11:29:05.119425	-8.5	-10.1875	10.875	-36.4375	-108.3125	-12.9375	-58.375	-33.625	-8.625	78.625	-30.0625	6.5625
11:29:05.129496	-9.0	-10.375	11.3125	22.375	-81.625	-6.25	-33.9375	-26.375	-6.625	67.125	-27.6875	0.3125
11:29:05.139572	-9.0	-11.0	11.0	36.75	-69.875	-7.125	-10.9375	-18.125	-6.375	51.875	-22.125	1.375
11:29:05.149652	-8.625	-11.875	10.875	45.375	-72.1875	-13.8125	11.9375	-11.75	-6.5625	27.875	-18.4375	2.0625
11:29:05.159763	-8.3125	-12.625	10.625	58.875	-59.125	-25.25	11.9375	-11.75	-6.5625	27.875	-18.4375	2.0625
11:29:05.169902	-7.9375	-13.0625	10.875	62.4375	-33.25	-31.25	51.0625	-5.75	-7.6875	27.875	-18.4375	2.0625
11:29:05.180001	-7.4375	-14.3125	10.5625	53.8125	-8.0	-31.8125	66.625	-3.5625	-9.0	-36.625	1.375	3.5625
11:29:05.190443	-7.375	-15.25	10.5	51.9375	-2.125	-34.0625	79.0	-1.5625	-9.8125	-46.6875	-1.6875	-3.4375
11:29:05.201029	-7.1875	-16.1875	9.8125	44.4375	3.125	-33.375	89.9375	-0.0625	-10.25	-46.6875	-1.6875	-3.4375
11:29:05.211429	-7.375	-17.9375	8.875	26.875	1.3125	-33.75	96.0	2.5625	-8.375	-46.6875	-1.6875	-3.4375
11:29:05.221857	-7.625	-20.125	7.8125	25.75	10.625	-38.75	94.5	19.75	-5.125	-46.6875	-1.6875	-3.4375
11:29:05.232242	-7.5625	-22.125	7.25	15.8125	18.75	-39.875	84.9375	31.125	-1.5625	-106.375	9.25	-84.0
11:29:05.242826	-6.6875	-22.625	5.8125	11.0625	22.875	-34.25	77.3125	-53.3125	8.5	-84.9375	-136.0	-96.6875
11:29:05.252924	-4.0625	-23.0	5.375	23.5	24.5625	-18.9375	84.0	-161.5625	18.9375	-121.0	-107.1875	-64.25
11:29:05.263049	-0.25	-27.3125	7.75	39.5	3.6875	-15.6875	93.5625	-215.25	14.4375	-90.5	-227.8125	-21.1875
11:29:05.273135	3.3125	-32.5625	9.4375	53.625	-11.375	-24.5	94.1875	-194.5625	9.375	-90.5	-227.8125	-21.1875
11:29:05.283204	4.25	-33.9375	9.4375	53.3125	-33.125	-41.8125	95.9375	-136.125	2.4375	-90.5	-227.8125	-21.1875
11:29:05.293305	2.875	-29.125	6.4375	40.5625	-38.5	-45.125	96.25	-95.4375	-4.4375	-90.5	-227.8125	-21.1875
11:29:05.303405	2.8125	-16.125	0.5625	23.875	-46.1875	-53.25	97.25	-55.4375	-7.875	-90.5	-227.8125	-21.1875
11:29:05.313538	4.125	-4.5625	-5.1875	14.125	-63.8125	-79.5	95.9375	-23.125	-5.1875	-145.1875	-91.0	60.3125
11:29:05.323614	5.0	-3.9375	-7.625	22.25	-70.9375	-117.4375	87.125	-7.0625	2.375	-8.125	-27.3125	20.25
11:29:05.333680	6.1875	-12.5625	-6.5625	36.125	-84.4375	-151.0625	78.8125	-19.1875	4.0	10.875	-15.9375	-9.0625
11:29:05.343752	8.6875	-23.875	-6.4375	51.0625	-81.5	-153.9375	73.5	-47.75	-2.4375	42.5625	14.9375	-33.0625
11:29:05.353835	10.375	-35.25	-8.125	61.375	-57.9375	-151.25	69.4375	-48.0	-11.3125	20.8125	-4.125	-36.4375
11:29:05.363961	11.3125	-44.875	-11.875	64.0	-28.125	-149.625	62.75	-24.25	-17.625	20.8125	-4.125	-36.4375
11:29:05.374032	10.5	-50.9375	-15.25	61.0	0.375	-149.5625	56.9375	4.0625	-18.5625	-132.9375	-23.625	-5.75
11:29:05.384136	10.125	-50.5625	-17.875	61.3125	4.4375	-163.8125	55.5625	15.9375	-11.1875	-125.125	-1.0625	-4.0625
11:29:05.394205	9.0	-48.5	-17.4375	64.125	-4.3125	-167.6875	55.3125	4.25	-2.25	-72.9375	19.6875	0.625
11:29:05.404305	7.6875	-46.8125	-15.375	63.375	-8.8125	-171.0	53.6875	-5.8125	0.625	-5.375	-2.5625	14.625
11:29:05.414373	5.375	-45.5	-11.9375	63.0625	-3.75	-151.9375	53.5	-18.75	-0.5	-20.75	-19.4375	17.5625
11:29:05.424477	1.625	-43.25	-6.1875	62.3125	4.25	-127.4375	55.3125	-19.9375	-0.9375	-30.25	10.9375	11.4375
11:29:05.434572	-2.125	-38.0	0.125	55.5	-3.1875	-128.0625	52.875	-27.4375	-1.5625	-9.0	12.8125	8.3125
11:29:05.444688	-4.4375	-29.9375	5.25	55.5	-3.1875	-128.0625	47.4375	-32.3125	-2.8125	-9.0	12.8125	8.3125
11:29:05.454813	-4.5625	-20.1875	8.0625	41.3125	-1.3125	-115.0625	43.6875	-25.9375	-3.5625	-6.3125	-15.6875	1.5
11:29:05.464947	-3.0	-12.8125	8.5625	24.8125	74.0	-77.9375	44.75	-4.875	-4.3125	-31.875	-1.9375	5.625
11:29:05.475077	-1.25	-9.3125	7.4375	22.3125	87.875	-64.875	46.3125	27.5625	-3.0	-17.4375	1.8125	8.6875
11:29:05.485707	0.1875	-8.1875	4.4375	18.0625	104.0625	-31.5	45.0	48.125	-2.0625	-13.625	1.0	15.1875
11:29:05.495780	1.0625	-8.125	1.0	16.0	114.125	-12.6875	40.625	43.6875	-1.875	-38.1875	7.9375	18.625
11:29:05.505857	1.75	-8.1875	-2.3125	16.875	114.9375	-14.4375	39.125	29.6875	-1.0	-60.875	21.1875	5.625
11:29:05.515961	2.25	-8.6875	-4.875	21.75	119.0	-24.0625	39.8125	8.5625	-0.6875	-40.75	24.9375	-1.9375
11:29:05.526028	2.6875	-9.5625	-7.0	28.5	116.4375	-37.1875	39.3125	-12.125	-1.4375	-32.625	5.375	-2.5
11:29:05.536098	1.9375	-8.875	-7.75	31.625	106.125	-51.375	39.25	-14.9375	-2.3125	-33.625	-6.4375	2.5
11:29:05.546237	-0.5625	-4.8125	-7.125	28.5625	93.75	-59.875	39.8125	-1.5625	-1.5625	-31.875	4.0625	5.4375
11:29:05.556318	-0.5625	-4.8125	-7.125	25.1875	86.125	-71.5	37.625	5.25	-1.0625	-20.0	6.0	-4.0625
11:29:05.566389	-1.5	-3.625	-6.375	23.5625	80.75	-71.625	34.75	0.4375	-1.5625	-19.5	10.625	-7.0625
11:29:05.576465	-1.625	-3.75	-5.8125	22.25	75.0	-76.625	34.25	-0.875	-1.125	-27.4375	11.4375	-3.4375
11:29:05.586558	-1.3125	-2.25	-5.5625	21.9375	83.125	-37.1875	33.4375	-0.125	-0.0625	-31.25	5.5	-0.625
11:29:05.596672	-1.1875	0.375	-5.25	20.375	84.375	-22.125	31.6875	-10.3125	-0.4375	-31.0	5.1875	-0.5
11:29:05.606752	-0.5625	3.75	-4.0625	24.3125	80.5625	-8.4375	31.6875	-15.3125	-1.5625	-29.5625	13.25	0.875
11:29:05.617330	0.75	7.0625	-2.875	29.375	73.8125	7.625	35.1875	-10.625	-1.0	-33.1875	11.1875	-1.3125
11:29:05.627456	2.75	9.25	-1.9375	32.1875	60.6875	10.1875	35.9375	-5.9375	0.75	-21.6875	8.875	-1.9375
11:29:05.637574	4.875	10.1875	-1.3125	33.875	50.625	8.4375	34.625	-5.875	1.3125	-19.3125	3.25	-2.625
11:29:05.648012	6.9375	10.125	-0.75	39.125	42.625	-2.25	35.1875	-2.0625	1.3125	-21.125	-1.375	0.25
11:29:05.658444	8.75	10.3125	-0.25	39.25	35.5625	-20.5	37.3125	1.5	1.9375	-27.25	-1.5625	4.75
11:29:05.668510	9.9375	11.1875	0.3125	34.0625	33.5	-39.5625	34.5	13.0	1.3125	-17.875	-2.8125	3.75
11:29:05.678580	10.875	12.5	1.25	30.75	34.3125	-42.6875	37.3125	18.9375	1.9375	-21.5625	-1.875	-2.0625
11:29:05.688655	11.4375	13.5	2.625	28.0625	46.875	-42.125	37.8125	22.25	3.5	-28.5625	5.5	-2.0625
11:29:05.698722	11.625	13.8125	4.375	26.25	61.5625	-46.3125	36.4375	21.625	3.9375	-31.125	8.625	-1.9375
11:29:05.708822	11.0625	15.125	6.5	22.75	73.875	-37.625	37.9375	20.6875	4.4375	-20.625	2.5	-7.875
11:29:05.719189	10.5625	15.9375	8.4375	17.3125	78.125	-40.0	37.9375	20.6875	4.4375	-23.5	-4.3125	-11.0625
11:29:05.729510	10.375	16.125	10.875	13.125	79.25	-37.1875	42.5	18.0	6.4375	-31.9375	-7.1875	-8.8125
11:29:05.739600	10.4375	17.0	12.375	8.0	82.1875	-24.375	43.75	18.0625	6.4375	-34.875	-18.625	-3.0625
11:29:05.749800	10.1875	17.9375	13.5625	4.75	82.3125	-1.125	47.5625	20.5625	6.4375	-39.375	-28.5	6.0625
11:29:05.760469	9.625	18.6875	14.125	-1.1875	80.375	25.9375	52.8125	22.125	8.1875	-45.9375	-15.6875	6.4375
11:29:05.770585	8.25	19.5625	14.25	-6.4375	76.3125	38.6875	54.75	19.375	9.3125	-53.3125	-14.75	1.3125
11:29:05.780651	7.25	19.1875	12.1875	-21.0625	55.875	62.375	59.0	13.1875	9.375	-52.5	-16.6875	-1.125
11:29:05.790744	5.6875	17.0	8.9375	-28.375	47.625	93.0	66.125	6.8125	9.8125	-53.25	-21.1875	-0.125
11:29:05.800900	4.125	14.9375	5.0	-35.1875	43.0	148.75	71.875	4.375	10.9375	-68.875	-29.875	-1.1875
11:29:05.811465	3.8125	13.125	1.0	-50.3125	50.75	220.1875	74.6875	3.0625	11.75	-67.8125	-34.0	-1.0
11:29:05.821579	3.4375	11.875	-2.5625	-59.6875	70.6875	277.0	79.5	2.0625	11.3125	-71.375	-40.5625	-1.0
11:29:05.831767	2.75	11.8125	-4.875	-29.1875	63.25	310.625	86.625	2.3125	11.6875	-71.375	-40.5625	-1.0
11:29:05.842387	2.6875	12.3125	-5.9375	-21.3125	77.3125	356.0	91.8125	5.5625	12.375	-85.875	-40.0625	0.5625
11:29:05.852501	2.375	12.6875	-5.0	3.9375	82.125	349.625	94.6875	10.5625	12.25	-82.1875	-43.0	3.5625
11:29:05.862587	1.8125	12.0	-2.6875	-7.125	61.75	292.0	98.125	20.25	12.5625	-90.875	-39.4375	4.75
11:29:05.872740	1.375	11.0625	-0.5625	-36.375	26.8125	274.25	104.0625	27.0625	14.5625	-105.125	-33.9375	3.9375
11:29:05.883349	-1.125	9.3125	2.1875	-49.3125	-2.5625	247.5625	107.9375	30.125	15.3125	-107.6875	-63.3125	-2.5625
11:29:05.893436	-6.0	8.9375	6.25	-49.9375	16.0625	200.75	109.5625	23.6875	14.875	-108.0	-70.5	10.625
11:29:05.903535	-9.4375	9.5	10.4375	-43.4375	-25.5	111.3125	113.9375	19.75	12.1875	-117.1875	-36.5625	21.6875
11:29:05.913620	-10.3125	9.6875	10.75	-38.3125	-56.5625	56.3125	120.625	29.0	11.625	-133.0	-48.25	14.25
11:29:05.923690	-10.875	2.5	7.4375	-38.5	-70.375	44.0	124.1875	45.1875	12.375	-148.8125	-61.3125	29.3125
11:29:05.933758	-9.5	-8.5	3.6875	-41.1875	-75.1875	47.1875	126.125	65.25	12.5	-145.9375	-36.1875	47.4375
11:29:05.943832	-6.75	-19.0	-0.125	-48.0	-78.625	27.6875	124.9375	84.75	14.0	-136.1875	-38.375	45.3125
11:29:05.953911	-2.9375	-25.6875	-5.0	-56.0	-81.875	-0.1875	134.0	103.4375	15.25	-148.9375	-26.6875	55.75
11:29:05.964038	0.875	-25.4375	-10.1875	-68.75	-88.9375	-10.0	137.8125	126.0625	19.8125	-163.125	1.75	72.375
11:29:05.974175	2.6875	-17.5625	-14.0	-81.0	-95.875	-13.8125	137.3125	133.9375	21.6875	-181.3125	10.625	80.3125
11:29:05.984243	2.4375	-5.625	-15.5625	-89.6875	-94.5	-16.5625	122.6875	108.0	19.75	-206.3125	11.375	76.625
11:29:05.994374	2.5625	8.125	-14.5	-102.375	-84.3125	-20.1875	99.4375	70.6875	18.75	-213.75	14.75	39.9375
11:29:06.004464	2.5	20.875	-12.3125	-117.4375	-63.3125	-30.9375	84.625	32.75	16.875	-274.25	-36.625	30.0625
11:29:06.014562	1.8125	30.1875	-10.5	-130.4375	-49.1875	-43.4375	86.4375	8.25	14.125	-322.375	-88.0625	5.125
11:29:06.024692	0.625	33.625	-10.1875	-143.625	-41.8125	-51.4375	86.0	-1.375	14.3125	-268.9375	-186.625	-20.75
11:29:06.034809	-0.8125	32.875	-9.375	-141.8125	-34.5	-54.625	77.9375	-9.625	15.4375	-157.8125	-256.0625	-1.5625
11:29:06.044922	-2.4375	28.6875	-6.5	-126.25	-24.375	-52.125	67.0	2.125	9.875	-18.0625	-39.6875	23.375
11:29:06.055051	-3.25	23.0625	-2.75	-112.0625	-6.0	-46.375	52.0	3.8125	3.1875	66.5625	298.1875	81.375
11:29:06.065488	-3.125	17.125	1.3125	-99.0625	16.5	-37.5625	27.875	-17.875	-2.0	84.25	276.1875	43.75
11:29:06.075760	-2.125	12.0625	5.875	-85.5	31.8125	-22.0	6.0	-25.1875	-7.75	42.5	130.125	-47.6875
11:29:06.085849	-1.1875	8.75	9.875	-71.3125	29.25	-0.5625	-12.75	-27.875	-15.0	35.9375	64.75	-52.5
11:29:06.095949	0.375	6.5	11.5625	-61.0	31.875	34.4375	-32.875	-32.625	-22.125	70.9375	122.0	-40.3125
11:29:06.106054	1.875	5.125	10.6875	-44.0625	43.125	66.75	-57.25	-34.5625	-27.125	138.3125	144.25	-59.0
11:29:06.116152	3.1875	5.0	7.5	-43.5	41.0	68.0	-79.25	-32.875	-31.75	174.1875	80.8125	-56.75
11:29:06.126223	3.9375	6.375	3.5	-33.4375	31.0625	55.1875	-96.6875	-25.3125	-32.25	132.8125	36.8125	-4.5625
11:29:06.136290	4.625	9.0	-0.5625	-31.125	-68.625	68.8125	-112.75	-4.5	-28.0	89.1875	25.375	16.5
11:29:06.146699	5.3125	9.4375	-1.375	-46.3125	-35.6875	39.0625	-129.6875	8.5	-24.1875	133.0625	19.0625	17.8125
11:29:06.156788	5.5625	8.375	-0.875	-54.8125	-25.1875	17.875	-145.3125	12.125	-25.25	186.5625	25.0	29.75
11:29:06.167225	5.75	7.25	-0.25	-64.3125	-0.75	25.375	-161.9375	13.3125	-28.9375	204.4375	35.375	25.75
11:29:06.177339	5.9375	5.6875	0.1875	-83.375	13.0	-2.5	-177.625	12.5	-33.5	210.375	42.0625	12.5625
11:29:06.187956	5.4375	4.625	1.0	-90.125	11.9375	-6.75	-190.9375	9.125	-38.125	224.5625	65.6875	3.625
11:29:06.198102	4.8125	3.9375	1.6875	-67.1875	40.0	-15.75	-200.125	6.1875	-42.625	232.375	86.1875	3.6875
11:29:06.208296	4.3125	3.125	1.375	-87.25	14.9375	-10.6875	-208.75	8.5	-44.6875	224.5625	90.125	10.8125
11:29:06.218372	4.0	2.4375	0.75	-99.5	3.8125	-5.5	-224.0	20.8125	-44.25	217.875	104.625	22.4375
11:29:06.228440	3.375	1.4375	0.125	-82.8125	4.0625	-7.5	-224.0	20.8125	-44.25	211.9375	109.6875	29.5625
11:29:06.238516	2.625	0.6875	-0.125	-66.0	-13.8125	-16.125	-227.9375	24.125	-41.0625	211.9375	101.3125	32.25
11:29:06.248589	2.1875	0.1875	-0.125	-47.4375	-25.4375	-20.6875	-230.5625	25.5625	-37.625	219.6875	89.0	27.0625
11:29:06.258749	1.1875	0.125	1.1875	-27.75	-30.9375	-20.875	-232.4375	24.4375	-34.5	225.6875	74.8125	20.8125
11:29:06.268828	-0.3125	0.75	2.6875	-20.25	-22.3125	-21.0625	-233.8125	11.4375	-32.0625	219.125	59.125	20.75
11:29:06.278938	-1.625	2.375	3.625	-14.625	-13.5	-24.0625	-233.875	5.875	-31.1875	221.875	41.5625	21.1875
11:29:06.289072	-3.0	4.9375	4.75	-11.0	-8.9375	-24.4375	-231.6875	-1.5625	-31.125	218.875	32.5625	22.9375
11:29:06.299202	-4.25	8.375	6.0	-7.75	-0.25	-24.4375	-227.875	-10.8125	-30.3125	204.875	30.1875	28.25
11:29:06.309271	-5.0625	11.8125	7.1875	-3.5625	1.0625	-23.625	-221.25	-16.4375	-29.8125	201.625	26.5625	28.75
11:29:06.319478	-5.6875	15.0	8.3125	2.5	3.3125	-21.9375	-214.25	-18.0625	-28.5625	206.0625	29.8125	25.5
11:29:06.329655	-6.1875	17.125	9.6875	7.25	2.1875	-19.625	-207.8125	-15.0625	-26.625	205.3125	32.4375	22.0625
11:29:06.340316	-6.1875	18.375	10.75	10.75	-0.875	-17.5625	-202.0625	-9.5	-24.5625	202.125	27.0	17.5625
11:29:06.350449	-5.875	18.375	11.0625	11.625	-5.0	-15.875	-194.0625	-2.375	-22.75	199.4375	26.375	9.6875
11:29:06.360542	-5.625	17.25	10.4375	13.3125	-4.4375	-11.5	-186.3125	1.1875	-21.25	195.1875	28.4375	-3.1875
11:29:06.370627	-5.4375	15.0	9.9375	13.3125	-4.4375	-11.5	-175.25	1.625	-19.875	167.375	15.5	0.5625
11:29:06.380786	-5.25	12.4375	9.3125	12.4375	0.5625	-8.1875	-163.375	-2.875	-18.4375	167.375	15.5	0.5625
11:29:06.390945	-5.125	9.4375	9.9375	13.0625	0.9375	-8.75	-149.375	-13.4375	-16.25	138.625	9.9375	10.25
11:29:06.401471	-4.9375	6.375	10.0625	10.125	-6.5	-7.75	-132.8125	-27.4375	-13.5	138.625	9.9375	10.25
11:29:06.411541	-4.9375	3.1875	9.75	9.375	-16.5625	-7.625	-115.4375	-40.0	-10.0625	128.875	11.0	8.125
11:29:06.421697	-4.9375	0.3125	8.875	9.875	-24.1875	-8.125	-96.375	-45.8125	-7.1875	119.375	6.4375	4.5
11:29:06.432251	-4.9375	-1.8125	7.625	11.375	-30.8125	-8.6875	-77.3125	-45.3125	-5.3125	91.125	-20.5	-4.75
11:29:06.442323	-5.25	-3.875	6.0625	11.5625	-33.375	-9.25	-56.75	-40.75	-3.5625	68.5625	-24.3125	-6.8125
11:29:06.452423	-5.4375	-6.125	5.4375	9.125	-34.0625	-9.0	-36.3125	-33.375	-2.3125	48.625	-31.4375	-5.6875
11:29:06.462536	-5.9375	-6.5625	5.125	4.75	-30.125	-8.4375	-16.5	-27.3125	-1.0	28.25	-30.6875	-2.75
11:29:06.472659	-6.75	-7.0625	4.125	0.0625	-19.375	-6.3125	3.125	-21.8125	-0.5	12.5625	-27.6875	-2.0
11:29:06.482731	-8.125	-9.125	1.125	-4.0625	-3.625	-4.1875	21.8125	-18.625	-0.4375	3.5625	-29.625	-3.3125
11:29:06.492804	-8.75	-10.25	-0.3125	-7.25	5.625	-3.9375	38.6875	-17.875	-1.25	-26.0625	-49.125	-7.8125
11:29:06.502877	-8.5	-10.1875	-1.75	-12.875	11.3125	-4.125	55.25	-18.375	-2.5	-44.6875	-50.3125	-13.0625
11:29:06.513549	-8.0	-9.1875	-2.9375	-15.5625	6.8125	-4.75	70.25	-18.4375	-3.625	-68.5	-52.0	-15.875
11:29:06.523659	-7.0625	-9.125	-4.0625	-15.5625	-3.3125	-5.125	84.1875	-19.4375	-5.125	-86.5	-55.75	-17.625
11:29:06.533724	-6.1875	-9.375	-4.875	-10.75	-16.8125	-5.0	96.8125	-11.75	-7.1875	-101.0	-53.1875	-23.8125
11:29:06.543957	-4.4375	-9.125	-6.3125	-5.1875	-26.5625	-4.0	103.4375	14.5	-10.6875	-116.125	-73.5	-37.0625
11:29:06.554029	-4.4375	-9.125	-6.3125	-2.75	-33.6875	-1.375	89.8125	35.875	-11.4375	-72.0625	-57.625	-30.3125
11:29:06.564103	-3.3125	-7.3125	-8.25	0.5625	-37.0625	3.0	76.0625	-12.25	-3.4375	-49.5	89.3125	-51.625
11:29:06.574180	0.0	-6.125	-8.625	6.5	-36.5	2.5	76.25	-71.4375	2.5625	-89.4375	7.4375	-78.5625
11:29:06.584250	3.25	-7.9375	-6.375	3.5	-37.125	-2.9375	81.25	-110.1875	-1.4375	-100.5	-225.6875	-42.25
11:29:06.594355	5.6875	-8.375	-3.625	-23.1875	-30.125	-9.6875	80.0625	-109.25	-5.3125	-128.0625	-146.25	41.5625
11:29:06.604429	4.6875	2.8125	-1.75	-29.1875	-12.875	-10.1875	76.25	-84.25	-7.375	-164.25	-24.0625	82.75
11:29:06.614500	3.0625	13.375	-4.125	-3.9375	12.8125	-1.75	73.875	-55.75	-9.375	-184.5625	-93.125	87.25
11:29:06.624672	1.1875	18.125	-7.4375	9.9375	25.3125	8.3125	74.5625	-23.9375	-8.6875	-141.625	-112.75	75.875
11:29:06.634756	-0.125	13.0	-8.3125	6.625	26.9375	16.625	77.0	-0.25	-6.8125	-82.75	-40.5625	50.1875
11:29:06.644869	0.25	-0.25	-6.375	14.875	28.125	24.0625	76.5	0.875	-3.8125	-44.25	-25.5625	29.125
11:29:06.655164	1.75	-17.0	-3.9375	23.8125	19.0	29.8125	71.875	-11.4375	-2.8125	-10.25	6.25	6.625
11:29:06.665700	2.4375	-33.4375	-3.75	30.0	8.6875	28.6875	65.625	-30.1875	-6.4375	32.5	17.8125	-15.5
11:29:06.676271	2.875	-43.875	-7.6875	39.3125	18.375	22.3125	62.1875	-37.375	-14.3125	32.0625	-15.625	-16.4375
11:29:06.686371	3.0	-48.625	-13.5	47.0625	44.5	19.8125	59.9375	-28.0625	-18.5625	-27.125	-35.625	-14.0625
11:29:06.696445	3.5	-48.625	-19.6875	51.875	56.5	21.3125	54.0	-4.3125	-17.375	-68.8125	-16.6875	1.3125
11:29:06.706513	4.25	-47.125	-22.9375	58.0	38.3125	22.125	51.75	15.9375	-12.9375	-86.4375	-26.125	14.5625
11:29:06.716587	4.5	-45.0	-22.125	59.125	4.4375	21.25	53.1875	20.0	-7.6875	-85.4375	-37.1875	24.4375
11:29:06.726670	4.0	-41.875	-18.375	52.4375	-29.125	21.6875	53.0625	0.8125	-4.0625	-43.3125	-8.125	20.3125
11:29:06.736739	3.375	-37.0	-12.875	41.125	-55.5	20.5625	49.9375	-23.5	-3.5	-18.5	0.125	20.375
11:29:06.746814	3.0	-28.625	-7.0625	33.625	-68.25	18.3125	48.375	-43.875	-4.5625	-10.3125	-12.5625	3.875
11:29:06.756887	2.0	-18.8125	-1.25	34.875	-59.4375	15.9375	49.5	-53.5625	-5.75	-15.8125	-4.5625	-4.125
11:29:06.767005	0.0	-10.3125	4.375	38.5	-38.875	13.8125	49.0	-53.375	-5.9375	-29.75	3.4375	-3.125
11:29:06.777137	-2.25	-4.0	8.9375	45.125	-13.6875	12.1875	46.0625	-31.75	-4.75	-24.0	-4.3125	-6.3125
11:29:06.787390	-3.5	0.125	10.125	51.125	6.5	12.125	42.3125	-3.5625	-3.25	-21.5625	-7.3125	-7.9375
11:29:06.797661	-4.375	1.6875	10.125	53.5	23.375	15.75	42.3125	-3.5625	-3.25	-15.25	-0.9375	-4.1875
11:29:06.807861	-4.5625	1.6875	9.1875	55.25	39.125	20.25	38.6875	17.1875	-2.75	-14.1875	9.0	4.6875
11:29:06.817934	-4.0	1.0625	7.3125	54.0	48.125	23.9375	36.125	36.0625	-3.375	-20.0625	8.8125	16.3125
11:29:06.828032	-3.4375	0.1875	5.4375	53.25	57.875	26.8125	35.1875	46.0625	-2.625	-55.4375	7.25	24.375
11:29:06.838634	-2.9375	-0.375	3.4375	50.375	66.6875	27.5625	34.3125	39.4375	-1.375	-55.4375	7.25	24.375
11:29:06.848794	-2.25	-0.625	1.8125	49.0625	82.375	29.3125	34.25	24.4375	-1.375	-32.1875	10.375	11.625
11:29:06.858860	-1.75	-0.0625	-0.0625	50.1875	92.25	31.8125	33.875	14.6875	-2.25	-15.5625	5.0	5.5625
11:29:06.868928	-1.6875	0.6875	-2.4375	51.3125	89.25	34.0	32.8125	-0.875	-4.3125	-19.1875	0.625	3.0
11:29:06.879031	-1.625	1.8125	-4.5625	53.0	77.5	36.0625	31.5625	3.875	-4.5625	-27.5	2.875	2.5
11:29:06.889781	-2.125	2.6875	-6.0	53.25	60.4375	37.75	31.375	12.3125	-4.1875	-16.8125	3.5	2.9375
11:29:06.899856	-2.75	3.8125	-7.0	52.3125	44.1875	36.25	31.8125	13.4375	-4.25	-19.1875	2.8125	2.5625
11:29:06.909927	-3.1875	5.3125	-7.1875	49.125	33.3125	34.75	33.25	16.0	-4.0	-31.3125	10.25	3.9375
11:29:06.920018	-3.375	7.0625	-6.875	47.625	28.25	32.6875	35.0625	20.0625	-2.6875	-39.9375	16.0	7.625
11:29:06.930142	-2.625	9.0625	-6.1875	48.875	24.625	28.8125	33.0625	10.6875	-1.5	-25.8125	6.0	5.6875
11:29:06.940205	-1.1875	10.6875	-5.625	49.9375	25.1875	26.5625	30.9375	-1.8125	-1.5625	-30.1875	3.0625	1.4375
11:29:06.950273	0.625	12.125	-5.25	49.9375	25.1875	26.5625	36.0	-4.8125	-1.125	-32.25	12.0625	1.4375
11:29:06.960830	2.25	13.4375	-4.5625	52.125	22.125	24.8125	38.625	-2.8125	-0.75	-28.25	12.1875	2.4375
11:29:06.971039	4.375	14.8125	-4.125	52.125	22.125	24.8125	34.5	-6.375	-1.3125	-22.375	4.5	-2.8125
11:29:06.981121	6.125	15.3125	-4.125	48.75	19.8125	23.0	33.75	-4.5625	-1.8125	-22.375	4.5	-2.8125
11:29:06.991328	7.75	15.4375	-3.5625	51.25	30.25	27.1875	37.625	0.4375	-0.75	-31.75	10.9375	0.0
11:29:07.001416	9.125	15.125	-1.875	49.6875	43.75	30.6875	36.75	5.1875	0.375	-18.125	1.1875	2.1875
11:29:07.011522	10.625	14.75	-0.25	46.0625	52.4375	32.3125	33.375	5.5	-0.3125	-20.375	5.125	1.0625
11:29:07.022287	12.0	14.0625	1.3125	45.875	54.75	35.4375	34.25	10.5	-0.9375	-32.375	13.0625	3.9375
11:29:07.032428	13.1875	14.4375	2.125	47.6875	51.375	38.6875	38.5625	16.625	0.5	-23.4375	10.25	5.125
11:29:07.042492	13.3125	15.4375	2.875	47.9375	49.0	40.1875	38.375	18.9375	1.0625	-17.9375	1.75	-0.5
11:29:07.052829	12.9375	16.9375	3.0625	45.6875	49.375	41.625	37.375	20.5	0.5625	-23.6875	6.25	-1.0625
11:29:07.062903	12.0625	18.375	3.4375	43.5	51.3125	42.5	40.625	23.25	0.625	-33.6875	10.5	1.3125
11:29:07.072974	11.25	19.0625	3.25	39.4375	52.125	41.0625	44.25	23.4375	2.1875	-25.75	5.5	-0.125
11:29:07.083056	10.125	19.1875	2.75	37.625	51.5	41.5	44.375	22.0625	2.875	-25.75	5.5	-0.125
11:29:07.093276	9.375	19.4375	2.5	37.0	48.0	41.1875	46.25	21.25	2.6875	-34.375	-2.875	-3.625
11:29:07.103346	8.625	19.8125	1.875	33.4375	46.125	38.5625	51.5625	16.875	3.3125	-44.1875	-22.875	12.5625
11:29:07.113419	8.0625	20.6875	1.6875	30.5	42.6875	36.125	55.25	17.875	3.8125	-45.4375	-25.125	26.5
11:29:07.123494	8.125	22.375	2.25	28.3125	41.1875	33.875	55.625	20.4375	3.9375	-45.8125	0.375	15.4375
11:29:07.134256	8.25	23.75	2.0	27.1875	39.1875	32.1875	57.75	25.0	3.75	-45.8125	0.375	15.4375
11:29:07.144457	8.25	22.5	0.0	26.0	37.125	30.0625	64.5625	30.1875	5.3125	-65.625	-2.6875	4.25
11:29:07.154533	7.25	19.9375	-0.8125	23.25	35.1875	29.125	67.1875	29.375	7.8125	-62.625	-5.625	1.9375
11:29:07.164605	5.875	16.625	-1.6875	18.875	31.0625	29.25	68.875	23.625	9.75	-68.625	-19.25	2.1875
11:29:07.175238	5.0	13.75	-2.0	14.25	29.125	29.3125	74.5625	17.25	10.875	-76.1875	-22.4375	1.0625
11:29:07.185342	4.5	11.6875	-1.5	8.375	29.5	28.4375	81.8125	13.875	12.6875	-81.0	-28.5625	-0.25
11:29:07.195434	3.875	11.0	-1.375	3.375	28.5	26.8125	85.0625	12.375	14.5625	-81.0	-28.5625	-0.25
11:29:07.205609	3.5	10.6875	-1.375	-0.75	26.0	26.0	90.0625	9.375	14.8125	-87.5	-39.375	1.75
11:29:07.215700	-0.125	9.0625	-0.625	-4.3125	28.125	24.75	97.125	10.625	15.8125	-98.0	-31.5	2.625
11:29:07.226259	-6.25	9.25	2.6875	-9.3125	30.1875	22.625	102.75	18.9375	18.875	-101.0625	-41.5625	-2.625
11:29:07.236452	-11.0	10.0	6.875	-15.875	26.625	19.875	106.0	17.9375	20.1875	-98.125	-86.8125	-5.375
11:29:07.246522	-13.8125	6.1875	8.875	-20.5	18.0	14.4375	111.125	7.25	18.0625	-118.625	-67.6875	13.1875
11:29:07.256751	-14.3125	-3.3125	7.4375	-26.5	5.375	5.125	120.4375	-2.75	15.0	-118.625	-67.6875	13.1875
11:29:07.266823	-13.3125	-18.3125	2.0625	-35.625	-9.5625	-3.8125	128.875	3.25	12.125	-140.0625	-56.625	12.4375
11:29:07.276904	-10.4375	-31.4375	-3.5	-45.375	-31.4375	-10.9375	135.25	18.25	11.5625	-144.75	-62.25	29.0
11:29:07.287404	-7.1875	-40.4375	-10.1875	-58.4375	-54.9375	-17.0625	140.8125	32.25	10.6875	-151.875	-55.1875	43.0
11:29:07.297913	-4.375	-38.375	-12.875	-75.0	-75.1875	-18.4375	150.6875	56.5625	11.6875	-153.8125	-47.625	51.25
11:29:07.308025	-2.0	-23.6875	-13.5625	-91.6875	-90.4375	-21.3125	154.9375	80.125	15.25	-157.0	-31.875	63.6875
11:29:07.318145	-2.0625	-6.3125	-14.0625	-106.9375	-104.0625	-18.5	160.125	109.5	18.9375	-157.5	-16.75	80.8125
11:29:07.328838	-2.4375	10.5	-13.375	-122.8125	-109.8125	-13.4375	162.5	146.1875	23.8125	-178.0625	-9.3125	100.875
11:29:07.338956	-3.125	23.25	-12.6875	-149.25	-102.0	-8.5	162.875	162.875	26.25	-230.75	11.875	94.5
11:29:07.349112	-4.9375	29.6875	-12.375	-163.375	-59.0625	-24.125	141.1875	151.0	27.1875	-230.75	11.875	94.5
11:29:07.359300	-7.3125	33.125	-12.375	-172.0	-29.1875	-29.25	95.125	109.0	29.125	-317.25	15.3125	34.3125
11:29:07.369434	-9.125	32.625	-11.6875	-164.75	-3.3125	-36.0	74.75	-10.5	23.6875	-361.1875	-117.5625	-17.4375
11:29:07.380104	-10.0	27.6875	-10.5625	-143.5	16.25	-44.8125	73.5	-35.4375	16.6875	-324.0625	-201.3125	-22.3125
11:29:07.390247	-9.875	21.5	-8.25	-95.375	33.5	-42.25	67.6875	-32.125	14.6875	-215.1875	-310.5625	3.3125
11:29:07.400320	-8.75	14.3125	-4.1875	-80.5	35.625	-38.1875	55.375	-9.3125	6.5625	14.875	-66.125	-3.625
11:29:07.410416	-6.3125	7.0625	0.3125	-76.3125	42.5625	-38.4375	28.5625	-1.875	2.125	149.75	364.0625	68.0625
11:29:07.420491	-3.0625	0.6875	4.1875	-69.625	42.3125	-42.0625	-3.1875	-18.6875	0.9375	132.0	353.0	67.5625
11:29:07.430589	-0.0625	-4.1875	5.4375	-63.3125	28.875	-47.75	-25.5	-14.4375	-3.4375	42.8125	103.5625	-61.25
11:29:07.440706	2.0625	-7.625	4.9375	-62.5625	2.8125	-52.0625	-45.0625	-7.4375	-10.4375	23.8125	3.1875	-74.1875
11:29:07.450996	3.5	-7.4375	3.3125	-62.5625	2.8125	-52.0625	-64.875	-16.125	-19.25	49.875	124.25	-56.5625
11:29:07.461088	3.1875	-4.5625	3.0625	-64.375	-25.6875	-55.3125	-64.875	-16.125	-19.25	49.875	124.25	-56.5625
11:29:07.471230	2.8125	-1.125	1.5	-64.0625	-43.875	-57.25	-106.875	-40.6875	-30.4375	204.125	73.3125	-87.9375
11:29:07.481376	2.6875	2.9375	-0.5	-72.75	-63.0	-59.375	-127.1875	-34.0	-28.125	210.6875	30.0	-42.75
11:29:07.491511	3.125	5.9375	-2.0	-77.5	-68.25	-58.9375	-146.1875	-21.125	-23.3125	160.0625	39.4375	0.9375
11:29:07.501626	3.6875	7.4375	-2.3125	-68.875	-67.0	-58.1875	-167.5	-23.0	-20.5625	162.0	29.1875	7.375
11:29:07.512265	4.5625	8.125	-2.0	-61.125	-64.25	-55.0625	-184.9375	-37.875	-22.5	212.4375	0.6875	19.75
11:29:07.522432	4.875	8.1875	-1.1875	-60.5	-56.6875	-49.5	-197.8125	-50.6875	-26.3125	251.125	8.0	3.5625
11:29:07.532526	4.25	7.875	0.0625	-52.875	-48.4375	-41.75	-213.9375	-56.375	-30.3125	251.125	8.0	3.5625
11:29:07.543156	3.3125	7.3125	0.0625	-42.25	-38.3125	-35.5	-231.25	-53.125	-33.625	271.75	52.375	-8.0
11:29:07.553224	2.4375	6.5	-0.25	-35.1875	-29.0625	-30.4375	-245.0	-44.6875	-35.75	272.25	67.5625	0.3125
11:29:07.563364	1.875	5.8125	-1.0625	-25.25	-23.75	-26.1875	-252.75	-31.3125	-36.0	261.6875	87.6875	12.5
11:29:07.573439	1.25	5.375	-1.5	-17.4375	-20.875	-23.0	-258.1875	-4.0625	-35.375	245.875	100.3125	25.625
11:29:07.583528	0.4375	4.625	-1.75	-11.4375	-17.3125	-22.0625	-264.5	34.4375	-33.875	245.875	100.3125	25.625
11:29:07.593589	-0.5	4.0625	-2.125	-5.3125	-10.625	-21.8125	-268.0625	67.6875	-33.4375	245.875	100.3125	25.625
11:29:07.604045	-1.9375	3.5	-1.0	0.125	-5.3125	-21.125	-269.0625	79.5625	-33.9375	233.75	98.0625	20.4375
11:29:07.614146	-3.5625	2.8125	0.0	5.9375	-3.1875	-21.875	-267.1875	71.6875	-34.375	233.75	98.0625	20.4375
11:29:07.624246	-5.125	2.5	1.75	12.125	1.1875	-22.125	-264.1875	57.6875	-35.4375	233.75	98.0625	20.4375
11:29:07.634457	-8.8125	3.875	5.5	20.3125	4.625	-21.25	-261.0	36.8125	-36.0	233.75	98.0625	20.4375
11:29:07.644526	-10.875	9.25	8.9375	24.5	8.0625	-19.875	-257.1875	12.5625	-35.125	233.75	98.0625	20.4375
11:29:07.655185	-10.875	9.25	8.9375	26.75	9.125	-18.1875	-251.0	-7.4375	-34.0	238.375	51.3125	14.625
11:29:07.665570	-11.875	14.75	12.5	26.5625	10.3125	-16.25	-245.0	-21.5	-31.0	232.9375	26.75	12.5
11:29:07.675699	-11.875	14.75	12.5	27.875	14.625	-14.9375	-236.125	-26.875	-26.6875	229.375	11.375	12.375
11:29:07.685933	-11.875	14.75	12.5	31.125	18.8125	-13.4375	-223.6875	-23.1875	-21.5625	229.375	11.375	12.375
11:29:07.696327	-11.875	16.375	14.3125	35.6875	18.375	-11.25	-209.625	-18.875	-17.9375	200.125	-13.5625	-9.1875
11:29:07.706412	-10.9375	16.1875	16.75	36.4375	17.6875	-11.9375	-195.0625	-15.375	-15.9375	178.4375	-17.3125	-8.875
11:29:07.716533	-10.0625	15.25	16.625	33.25	12.5	-13.4375	-177.5	-16.25	-15.0	161.25	-15.625	-5.1875
11:29:07.726603	-9.125	14.0625	15.8125	28.8125	4.5	-12.0	-158.6875	-23.25	-13.125	145.9375	-15.0	-3.625
11:29:07.736730	-8.375	12.375	14.625	23.0	-5.4375	-10.75	-136.75	-33.8125	-10.875	126.9375	-12.0625	-4.1875
11:29:07.746791	-8.0	10.25	12.625	16.4375	-14.25	-10.875	-113.25	-43.4375	-8.3125	105.25	-9.5	-0.6875
11:29:07.756861	-7.75	7.6875	10.375	12.9375	-19.0	-12.1875	-87.1875	-46.0625	-7.125	79.9375	-2.4375	0.8125
11:29:07.766936	-7.75	7.6875	10.375	11.4375	-24.6875	-13.3125	-61.25	-42.75	-6.0625	53.75	3.0625	-2.625
11:29:07.777308	-7.625	4.875	6.6875	12.3125	-23.5625	-13.5625	-32.8125	-30.6875	-5.25	29.0625	3.6875	-5.0625
11:29:07.787495	-6.75	-1.0625	3.1875	10.5625	-18.125	-13.8125	-6.0625	-17.5	-4.5	29.0625	3.6875	-5.0625
11:29:07.797652	-6.875	-3.4375	1.6875	3.1875	-10.9375	-13.8125	18.8125	-8.5	-3.75	-25.875	2.3125	-3.5
11:29:07.808058	-7.375	-7.25	-0.5625	-4.625	-4.8125	-14.5	40.875	-6.8125	-3.4375	-46.5625	-0.0625	-4.0
11:29:07.818152	-7.8125	-10.9375	-1.1875	-10.1875	-2.625	-14.8125	61.625	-9.4375	-3.0625	-46.1875	-10.25	-12.75
11:29:07.828266	-8.5	-14.9375	-1.6875	-14.75	-7.4375	-13.625	78.1875	-13.1875	-3.125	-98.1875	-67.25	-34.75
11:29:07.838421	-8.9375	-18.8125	-1.625	-18.1875	-17.75	-13.25	90.0	-17.9375	-3.25	-127.3125	-74.3125	-41.25
11:29:07.848544	-9.0	-23.0625	-2.875	-15.4375	-29.5	-11.3125	101.875	-28.0	-3.125	-127.3125	-74.3125	-41.25
11:29:07.858966	-8.1875	-25.4375	-4.25	-8.8125	-39.125	-7.9375	108.0	-15.9375	-3.4375	-52.4375	-79.625	-29.75
11:29:07.869033	-4.375	-28.6875	-4.375	1.125	-43.0	-2.0	85.1875	38.5625	-5.5625	64.8125	-12.5625	-9.625
11:29:07.879109	0.25	-32.5625	-0.875	14.4375	-40.875	8.0625	50.25	3.625	-1.25	-74.625	146.1875	-67.0
11:29:07.889186	2.8125	-33.1875	1.75	23.0	-37.5	12.375	46.4375	-87.8125	5.25	-140.75	-189.8125	-90.625
11:29:07.899374	2.875	-27.0	2.9375	11.375	-38.0	8.5625	66.25	-135.5625	-2.4375	-146.9375	-311.1875	1.5625
11:29:07.909452	0.3125	-14.75	0.875	-8.1875	-26.3125	2.375	79.8125	-141.4375	-9.0	-158.6875	-31.5	92.875
11:29:07.919624	-1.3125	0.5625	-3.9375	-8.1875	-3.25	-0.25	79.1875	-86.0625	-11.1875	-179.9375	24.375	102.125
11:29:07.929748	-1.375	12.8125	-9.1875	-1.125	8.8125	1.75	77.0625	13.25	-6.75	-119.0	-76.375	63.25
11:29:07.940944	-0.625	17.5625	-11.375	3.5625	11.75	11.1875	82.75	44.3125	-2.25	-53.5	-28.0	62.0625
11:29:07.951042	0.875	11.875	-9.4375	9.9375	16.0	18.6875	81.4375	41.5625	3.4375	9.1875	7.8125	30.1875
11:29:07.961782	3.25	-0.5	-5.75	19.0625	11.6875	21.4375	75.5	9.375	7.0	38.375	12.5625	-0.25
11:29:07.971931	4.375	-14.3125	-3.875	19.0625	11.6875	21.4375	70.0	-36.6875	2.8125	1.875	-27.4375	-14.8125
11:29:07.982053	3.3125	-25.25	-5.25	46.25	29.375	14.125	66.0	-53.75	-8.3125	-67.5625	-25.3125	-21.0
11:29:07.992708	1.6875	-31.8125	-9.125	61.75	56.6875	14.875	59.375	-43.0	-18.0	-102.625	-20.25	-19.8125
11:29:08.002851	1.4375	-36.25	-13.25	67.4375	70.3125	18.25	50.0	-15.625	-21.1875	-102.0	-23.5625	4.4375
11:29:08.013503	2.1875	-41.0	-16.5625	63.0	56.5	21.25	47.5625	19.0625	-18.5	-71.1875	-13.3125	15.4375
11:29:08.023569	3.0625	-46.5	-17.6875	55.1875	23.625	22.9375	49.9375	35.6875	-11.0625	-15.875	12.4375	10.25
11:29:08.033638	3.6875	-50.1875	-16.1875	45.5625	-18.375	23.75	49.5	39.0625	-4.0	-7.3125	-9.625	9.0625
11:29:08.043810	3.0625	-50.0	-13.25	38.6875	-53.0625	23.8125	47.8125	24.0	-1.1875	-18.3125	-16.8125	6.375
11:29:08.053879	2.3125	-45.25	-8.6875	36.125	-68.0625	23.75	46.875	-5.6875	-2.3125	-18.75	-6.875	10.625
11:29:08.064006	2.0	-36.625	-4.0	36.25	-64.6875	23.125	46.9375	-37.625	-3.625	-25.1875	-18.875	3.625
11:29:08.074108	1.5625	-27.625	1.0	39.6875	-51.0625	21.0625	45.1875	-63.3125	-4.125	-27.5	-19.625	-0.125
11:29:08.084175	1.0625	-19.875	4.5625	42.4375	-36.3125	17.875	44.1875	-75.25	-4.0	-15.5	-11.125	-3.375
11:29:08.094289	0.3125	-13.625	7.25	43.5	-21.5	14.625	43.125	-61.6875	-2.8125	-1.3125	-2.75	-3.9375
11:29:08.104440	-0.75	-9.375	8.875	49.1875	-2.5625	13.1875	40.6875	-27.8125	-1.625	-5.0625	-0.8125	-6.5625
11:29:08.114551	-1.25	-6.125	8.8125	55.3125	12.625	15.375	38.1875	10.0	-1.1875	-33.1875	13.75	-3.375
11:29:08.125115	-1.375	-4.375	7.6875	57.75	25.125	17.875	34.8125	30.25	-2.3125	-57.9375	15.75	1.1875
11:29:08.135466	-1.4375	-4.0	6.4375	55.4375	34.3125	22.125	31.0	32.6875	-2.8125	-54.6875	16.1875	1.875
11:29:08.145565	-1.0	-4.0625	4.4375	49.25	37.9375	24.0625	31.0	38.625	-1.5	-46.1875	6.375	7.3125
11:29:08.156111	-0.5	-3.8125	-0.3125	46.4375	46.9375	25.0625	31.8125	33.25	1.0	-30.25	-8.1875	20.1875
11:29:08.166179	-0.0625	-3.1875	-2.3125	45.9375	59.5625	26.3125	31.8125	33.25	1.0	-20.625	-9.4375	17.375
11:29:08.176255	0.125	-3.0625	-3.9375	49.25	80.9375	30.5	35.5625	2.8125	0.3125	-7.125	0.5	0.8125
11:29:08.186324	0.125	-2.5	-4.875	49.25	80.9375	30.5	36.875	-1.25	-0.8125	-18.5625	5.8125	-4.9375
11:29:08.196465	-0.0625	-1.5625	-5.125	49.5625	75.5	30.8125	35.25	-2.5	-1.75	-23.75	2.0625	-2.9375
11:29:08.206530	-0.25	-0.25	-5.4375	50.0	51.8125	32.9375	33.3125	2.8125	-2.625	-25.25	3.0625	-0.75
11:29:08.216597	-0.4375	1.375	-5.75	48.25	42.25	30.625	33.125	22.375	-2.3125	-26.0625	8.125	-1.0625
11:29:08.226670	-0.75	3.4375	-6.0625	44.8125	33.4375	30.3125	33.375	34.8125	-0.875	-35.1875	18.5	4.4375
11:29:08.236745	-0.75	5.3125	-5.875	44.125	25.9375	28.8125	32.375	25.75	-1.125	-35.1875	18.5	4.4375
11:29:08.246869	-0.125	7.25	-5.5	44.4375	20.125	27.25	31.375	11.5625	-1.8125	-35.1875	18.5	4.4375
11:29:08.256939	1.0625	9.4375	-5.125	46.25	17.75	25.4375	33.9375	5.375	-0.4375	-35.1875	18.5	4.4375
11:29:08.267012	2.4375	11.1875	-4.9375	44.125	15.8125	23.0	33.3125	-3.9375	0.875	-35.1875	18.5	4.4375
11:29:08.277307	4.4375	12.5	-5.5	46.75	9.375	20.1875	33.3125	-3.9375	0.875	-29.625	7.9375	-1.4375
11:29:08.287380	5.9375	12.5625	-5.125	48.875	3.0	19.375	31.25	-16.0625	1.0	-29.625	7.9375	-1.4375
11:29:08.297534	7.1875	12.1875	-4.0625	49.625	0.875	19.875	34.125	-10.875	1.5	-29.625	7.9375	-1.4375
11:29:08.307639	8.8125	11.9375	-3.625	48.6875	2.5	21.5	32.4375	-8.375	1.5	-26.4375	8.5625	1.375
11:29:08.318213	10.4375	12.5	-2.5	49.6875	10.6875	24.375	31.6875	-2.3125	1.0625	-34.3125	8.4375	9.1875
11:29:08.328344	11.5625	14.125	-1.25	48.625	22.375	27.1875	34.0	0.9375	1.625	-19.0	-1.25	6.875
11:29:08.338487	12.625	16.0	-0.1875	47.0	36.375	29.8125	34.0625	5.75	2.375	-21.4375	2.75	-0.1875
11:29:08.348577	13.5625	17.625	0.75	46.0625	48.0625	33.125	31.6875	5.6875	1.5625	-30.5625	16.0625	-0.25
11:29:08.359036	13.9375	18.875	1.9375	45.1875	58.6875	35.8125	32.75	9.875	0.9375	-28.875	15.5	2.375
11:29:08.369138	13.9375	19.5	1.8125	43.875	63.75	38.375	37.125	16.5	1.875	-28.875	15.5	2.375
11:29:08.379211	13.1875	19.5	1.875	42.6875	63.5	40.1875	37.125	16.5	1.875	-24.9375	8.375	-2.875
11:29:08.389286	12.6875	19.3125	1.75	41.3125	61.5	41.0625	34.375	20.375	2.0625	-24.9375	8.375	-2.875
11:29:08.399364	11.8125	19.125	1.6875	40.1875	58.3125	41.875	37.75	21.9375	2.5	-24.9375	8.375	-2.875
11:29:08.409431	11.375	19.5625	1.25	36.375	52.875	41.625	42.5	20.625	4.25	-24.9375	8.375	-2.875
11:29:08.419503	11.1875	20.125	0.9375	32.625	47.6875	40.5	42.75	18.1875	5.25	-24.9375	8.375	-2.875
11:29:08.429621	10.625	20.625	0.1875	30.4375	40.8125	38.1875	43.6875	18.3125	5.3125	-24.9375	8.375	-2.875
11:29:08.439773	10.5625	21.1875	0.625	31.1875	36.9375	36.375	48.0	20.6875	5.9375	-40.4375	-38.3125	23.625
11:29:08.449964	10.9375	20.5625	0.9375	29.875	33.375	34.3125	49.6875	24.5	7.5625	-40.4375	-38.3125	23.625
11:29:08.460598	11.25	19.3125	0.5	29.3125	30.0	32.9375	48.625	25.875	7.625	-55.75	1.0625	7.625
11:29:08.470744	11.1875	17.5	0.0625	27.5625	28.5	31.8125	50.0	29.5625	7.875	-58.25	-7.0625	2.25
11:29:08.480836	10.9375	16.0	-0.5	24.1875	27.1875	31.75	50.0	29.5625	7.875	-58.25	-7.0625	2.25
11:29:08.491066	10.25	14.5625	-1.0	24.1875	27.1875	31.75	59.5625	28.0	14.1875	-58.25	-7.0625	2.25
11:29:08.501399	9.5	13.0	-0.875	17.875	24.5	32.125	63.875	24.5	15.4375	-58.25	-7.0625	2.25
11:29:08.511489	8.5	12.875	-0.625	12.875	28.6875	32.3125	70.625	22.1875	17.75	-58.25	-7.0625	2.25
11:29:08.522254	7.4375	12.5625	0.1875	9.0625	30.625	31.0625	74.25	22.5	20.0625	-58.25	-7.0625	2.25
11:29:08.532454	7.1875	13.375	0.5	6.1875	35.5625	30.0	77.8125	20.5625	21.5	-58.25	-7.0625	2.25
11:29:08.543107	6.125	13.5625	0.625	2.125	38.875	28.3125	83.5	21.75	22.5625	-58.25	-7.0625	2.25
11:29:08.553541	2.5625	12.5	0.5625	-4.5	35.1875	24.25	89.9375	27.25	26.1875	-58.25	-7.0625	2.25
11:29:08.563606	-2.625	12.6875	3.4375	-13.0625	22.9375	17.875	93.5625	26.0625	28.625	-58.25	-7.0625	2.25
11:29:08.573722	-7.875	12.9375	6.6875	-17.8125	11.5	9.125	98.0	12.75	27.875	-71.25	-31.5625	-1.875
11:29:08.583795	-11.1875	11.25	9.4375	-22.4375	0.25	1.1875	105.625	-0.25	26.0	-71.25	-31.5625	-1.875
11:29:08.593948	-12.625	4.125	8.875	-31.3125	-10.9375	-5.375	115.25	2.0	25.0625	-71.25	-31.5625	-1.875
11:29:08.604056	-12.75	-8.1875	5.4375	-40.4375	-27.875	-11.625	121.5625	11.8125	26.1875	-71.25	-31.5625	-1.875
11:29:08.614125	-10.4375	-21.5	1.375	-50.625	-47.0	-16.375	126.1875	13.6875	24.5625	-71.25	-31.5625	-1.875
11:29:08.624238	-7.125	-34.0625	-4.3125	-63.0	-58.5625	-21.5625	134.375	19.875	21.5625	-71.25	-31.5625	-1.875
11:29:08.634317	-3.1875	-35.25	-8.0	-77.6875	-66.4375	-24.9375	142.6875	24.875	20.1875	-71.25	-31.5625	-1.875
11:29:08.645002	-1.5625	-25.4375	-9.9375	-94.5625	-70.875	-28.25	150.625	49.5625	20.3125	-71.25	-31.5625	-1.875
11:29:08.655103	-1.6875	-10.1875	-9.375	-113.0625	-81.75	-30.9375	156.0	80.9375	22.875	-71.25	-31.5625	-1.875
11:29:08.665166	-0.3125	7.8125	-6.1875	-124.3125	-85.8125	-30.625	154.3125	110.75	28.3125	-71.25	-31.5625	-1.875
11:29:08.675235	0.1875	23.0	-3.75	-137.6875	-84.125	-34.75	157.6875	130.5625	31.5625	-117.0625	-23.125	10.25
11:29:08.685350	-0.9375	31.625	-3.8125	-141.375	-46.75	-35.0	143.0	116.375	33.0	-117.0625	-23.125	10.25
11:29:08.695421	-3.125	36.0	-5.1875	-151.25	-5.75	-41.0625	115.3125	96.125	35.0	-117.0625	-23.125	10.25
11:29:08.705505	-4.8125	37.1875	-6.25	-154.0	28.125	-46.9375	89.375	49.4375	30.1875	-117.0625	-23.125	10.25
11:29:08.715576	-6.875	34.75	-6.625	-137.6875	38.0625	-53.4375	84.4375	-12.6875	24.5	-117.0625	-23.125	10.25
11:29:08.725646	-8.5625	28.6875	-6.1875	-116.8125	23.0625	-55.5	87.25	-35.125	18.5	-117.0625	-23.125	10.25
11:29:08.735716	-9.3125	20.1875	-4.25	-96.375	24.125	-52.0625	85.8125	-20.3125	13.875	-117.0625	-23.125	10.25
11:29:08.745790	-9.125	11.0	-0.9375	-84.125	29.9375	-46.6875	74.75	-3.3125	8.6875	-117.0625	-23.125	10.25
11:29:08.755909	-7.875	2.5625	2.6875	-78.0625	29.875	-44.125	57.375	2.125	3.375	-117.0625	-23.125	10.25
11:29:08.765977	-5.25	-4.75	5.375	-70.0	25.4375	-47.9375	28.8125	-7.375	-0.3125	-251.6875	11.1875	51.0625
11:29:08.776046	-2.4375	-10.875	6.5625	-70.0	25.4375	-47.9375	28.8125	-7.375	-0.3125	20.8125	-0.8125	-55.8125
11:29:08.786694	0.25	-13.6875	6.0	-64.8125	12.8125	-49.8125	4.5625	-11.625	-3.875	35.6875	95.0	-37.3125
11:29:08.796829	2.375	-14.875	3.9375	-56.6875	-29.0	-58.875	-34.875	-15.0	-21.5	35.6875	95.0	-37.3125
11:29:08.807324	3.9375	-9.25	3.5	-59.75	-48.125	-60.625	-59.0	-26.3125	-30.625	35.6875	95.0	-37.3125
11:29:08.817532	4.625	-5.75	1.25	-67.5625	-56.9375	-61.3125	-81.25	-29.375	-37.6875	35.6875	95.0	-37.3125
11:29:08.828204	6.0625	-3.25	-1.25	-76.6875	-66.0625	-61.1875	-98.875	-26.875	-38.9375	35.6875	95.0	-37.3125
11:29:08.838783	7.0625	-1.875	-2.6875	-79.6875	-71.4375	-59.8125	-98.875	-26.875	-38.9375	185.0625	36.4375	20.3125
11:29:08.849288	7.8125	-0.625	-3.1875	-75.75	-71.75	-57.0625	-150.1875	-29.3125	-31.875	185.0625	36.4375	20.3125
11:29:08.859374	8.1875	0.75	-3.4375	-66.8125	-65.75	-53.6875	-166.625	-40.5	-34.75	185.0625	36.4375	20.3125
11:29:08.869488	8.0	1.9375	-3.1875	-61.875	-60.0625	-49.0	-184.5	-49.8125	-38.0625	245.1875	56.6875	4.0625
11:29:08.879554	7.75	2.75	-2.8125	-56.0	-51.625	-44.9375	-202.5625	-51.4375	-40.125	245.1875	56.6875	4.0625
11:29:08.889685	7.375	2.25	-2.625	-45.8125	-48.0625	-40.625	-216.4375	-42.8125	-42.0625	245.1875	56.6875	4.0625
11:29:08.899772	6.5	1.5	-2.125	-41.75	-47.6875	-38.375	-227.0625	-27.5	-43.4375	245.1875	56.6875	4.0625
11:29:08.909924	6.0	1.3125	-1.3125	-32.875	-47.0625	-36.9375	-236.6875	-0.0625	-42.625	245.1875	56.6875	4.0625
11:29:08.919996	5.0	1.5	-0.375	-24.0625	-45.5	-35.875	-244.1875	36.9375	-40.6875	240.3125	86.375	15.6875
11:29:08.930125	4.0625	1.625	0.5625	-16.25	-40.25	-35.25	-249.0	64.75	-39.3125	240.3125	86.375	15.6875
11:29:08.940200	2.75	2.1875	1.25	-8.75	-32.375	-34.0625	-249.0	64.75	-39.3125	228.9375	83.1875	27.375
11:29:08.950325	1.4375	2.8125	1.75	-3.0	-24.5625	-32.75	-249.0	64.75	-39.3125	232.75	63.6875	26.75
11:29:08.960806	-0.5	4.5625	2.25	10.0	-9.6875	-30.5625	-249.0	64.75	-39.3125	232.75	63.6875	26.75
11:29:08.971034	-2.5	6.6875	3.0	10.0	-9.6875	-30.5625	-251.6875	4.6875	-38.875	240.625	52.8125	23.9375
11:29:08.981460	-4.1875	9.5	3.125	23.4375	5.875	-26.75	-248.4375	-37.75	-32.125	248.6875	40.4375	22.5625
11:29:08.992021	-5.4375	12.125	3.0	25.0	10.25	-25.1875	-248.4375	-37.75	-32.125	234.25	5.4375	10.4375
11:29:09.002342	-6.375	14.0	2.625	28.3125	15.125	-22.8125	-248.4375	-37.75	-32.125	235.75	-9.8125	1.75
11:29:09.012451	-7.25	14.625	2.125	31.875	18.5	-19.0	-248.4375	-37.75	-32.125	234.4375	-22.25	-4.8125
11:29:09.022598	-7.375	13.375	2.125	33.0625	18.625	-15.6875	-248.4375	-37.75	-32.125	231.5625	-30.875	-6.1875
11:29:09.032709	-7.625	10.4375	2.1875	36.25	18.1875	-14.6875	-248.4375	-37.75	-32.125	224.4375	-44.8125	-10.5
11:29:09.042784	-8.0	6.0	2.9375	37.625	12.4375	-12.3125	-248.4375	-37.75	-32.125	203.0625	-53.875	-15.8125
11:29:09.053083	-8.25	0.9375	3.6875	37.125	0.0625	-10.0625	-236.0	-47.6875	-20.0625	203.0625	-53.875	-15.8125
11:29:09.063652	-7.875	-4.25	4.0	35.75	-12.125	-6.5	-190.5625	-60.8125	-7.3125	203.0625	-53.875	-15.8125
11:29:09.073723	-7.3125	-9.625	5.375	27.8125	-26.625	-3.5	-154.0625	-59.0625	-5.375	148.4375	-17.5625	-7.8125
11:29:09.083888	-7.0625	-12.9375	7.5	22.9375	-37.625	-2.375	-134.125	-57.25	-4.4375	148.4375	-17.5625	-7.8125
11:29:09.093997	-7.125	-15.4375	8.1875	16.8125	-48.8125	-0.375	-110.625	-43.125	-4.0625	148.4375	-17.5625	-7.8125
11:29:09.104094	-7.0625	-17.0	8.0625	11.375	-48.75	-1.3125	-83.875	-25.125	-4.375	148.4375	-17.5625	-7.8125
11:29:09.114786	-6.625	-18.0	8.125	7.875	-47.0625	-2.0625	-57.125	-12.25	-3.875	148.4375	-17.5625	-7.8125
11:29:09.124874	-6.6875	-18.1875	8.0625	7.625	-37.125	-4.375	-29.0	-4.5625	-2.375	100.0625	-14.0625	0.4375
11:29:09.134951	-6.4375	-17.0625	8.0625	5.5	-23.0625	-8.0625	-1.4375	1.4375	-1.6875	100.0625	-14.0625	0.4375
11:29:09.145051	-5.6875	-14.8125	7.875	0.625	-6.4375	-10.5625	-1.4375	1.4375	-1.6875	5.0625	2.375	0.625
11:29:09.155128	-4.875	-12.4375	8.0625	-6.1875	8.125	-11.0625	-1.4375	1.4375	-1.6875	-68.125	-23.875	-17.375
11:29:09.165818	-4.3125	-10.3125	7.375	-11.4375	17.875	-11.0	69.3125	6.6875	-3.875	-109.375	-31.375	-24.8125
11:29:09.175883	-3.6875	-9.0	6.875	-14.4375	14.9375	-11.1875	88.625	1.6875	-4.875	-126.5625	-40.4375	-31.875
11:29:09.185952	-3.5625	-9.0	6.25	-13.0625	1.125	-11.5625	104.0	-1.6875	-5.6875	-116.8125	-48.375	-39.875
11:29:09.196026	-3.8125	-10.0625	5.5625	-9.875	-13.5625	-11.0625	104.0	-1.6875	-5.6875	-57.9375	-93.75	-34.8125
11:29:09.206099	-3.5625	-9.9375	3.375	-3.125	-22.4375	-7.3125	104.0	-1.6875	-5.6875	-26.6875	77.6875	-38.125
11:29:09.216218	-0.875	-10.5625	2.3125	7.75	-25.0625	0.6875	104.0	-1.6875	-5.6875	-128.875	34.0	-95.1875
11:29:09.226293	2.6875	-14.375	3.5	9.125	-33.4375	2.6875	72.1875	-119.9375	0.375	-145.6875	-303.0	-64.9375
11:29:09.236365	8.25	-12.5625	7.1875	-7.5625	-39.625	-1.6875	72.1875	-119.9375	0.375	-153.9375	-225.8125	39.0
11:29:09.246440	8.6875	-1.625	6.1875	-20.1875	-19.4375	-6.375	72.1875	-119.9375	0.375	-155.625	43.0625	110.75
11:29:09.257072	7.5625	14.5625	3.125	-13.75	16.125	-6.3125	72.1875	-119.9375	0.375	-183.0625	-45.0625	94.125
11:29:09.267396	7.5625	14.5625	3.125	-9.5	39.8125	-1.0	90.4375	-13.5625	-6.3125	-171.875	-149.25	70.4375
11:29:09.277516	4.5	27.3125	-0.875	1.5625	43.0625	9.875	95.5	21.25	-7.5	-83.75	-82.25	70.25
11:29:09.287635	4.875	16.25	0.9375	7.25	32.375	21.25	95.5	21.25	-7.5	-19.125	32.5	50.9375
11:29:09.298227	6.0625	0.75	2.25	4.5	18.0	25.0	88.125	-5.9375	2.25	-10.4375	13.875	15.1875
11:29:09.308437	6.375	-14.625	1.4375	10.3125	9.75	21.5	88.125	-5.9375	2.25	-3.125	-28.5	-9.5
11:29:09.318569	5.4375	-26.4375	-1.9375	28.9375	13.625	17.0	80.625	-63.25	-2.5	26.6875	-2.0	-24.9375
11:29:09.328688	4.25	-33.9375	-6.6875	52.0625	33.875	14.1875	80.625	-63.25	-2.5	21.625	0.5	-23.75
11:29:09.339214	3.0625	-39.0	-11.3125	67.4375	58.0625	15.875	62.5625	-14.6875	-19.25	-52.875	-32.5625	-40.9375
11:29:09.349283	3.25	-43.0	-14.875	70.25	64.0625	18.6875	57.375	21.0	-21.0	-79.1875	-25.125	-24.5625
11:29:09.359422	4.125	-46.25	-16.1875	52.375	13.125	22.875	55.0	47.3125	-16.125	-67.75	-7.75	21.0625
11:29:09.369537	5.0	-46.6875	-15.75	52.375	13.125	22.875	52.375	52.75	-8.125	-51.8125	-9.875	27.75
11:29:09.379626	5.25	-44.1875	-13.6875	39.25	-22.25	23.6875	53.375	34.75	-2.5625	-51.8125	-9.875	27.75
11:29:09.389691	5.0625	-38.125	-10.6875	30.4375	-49.9375	23.8125	53.375	34.75	-2.5625	-34.625	-5.375	17.625
11:29:09.399766	4.875	-29.3125	-7.25	26.8125	-62.4375	22.3125	53.125	-29.1875	-3.0625	-15.4375	3.25	7.8125
11:29:09.409834	4.625	-19.8125	-3.3125	27.8125	-62.4375	20.0	51.8125	-51.6875	-4.0	-25.1875	-5.9375	2.75
11:29:09.419922	3.5	-11.8125	0.3125	31.0	-52.9375	17.125	52.9375	-74.375	-3.375	-20.375	-16.75	2.6875
11:29:09.429990	1.8125	-5.5	4.0	35.125	-37.625	13.875	52.9375	-74.375	-3.375	-25.0	-17.4375	-2.8125
11:29:09.440063	-0.0625	-0.5625	6.8125	40.9375	-16.875	12.1875	52.9375	-74.375	-3.375	-19.375	-8.1875	-2.6875
11:29:09.450133	-0.8125	3.375	7.875	50.8125	4.125	13.1875	43.625	-0.375	-1.875	-17.3125	8.5	-6.125
11:29:09.460272	-1.125	5.5625	7.5	57.25	41.0625	19.1875	43.625	-0.375	-1.875	-17.3125	8.5	-6.125
11:29:09.470448	-1.375	5.75	6.4375	57.25	41.0625	19.1875	36.5625	36.8125	-4.1875	-63.5625	15.5625	1.5625
11:29:09.480520	-1.5625	4.125	4.4375	53.375	60.6875	25.4375	33.875	45.375	-2.4375	-66.25	16.125	-2.0
11:29:09.490635	-2.0	2.125	2.1875	53.6875	72.5	28.4375	32.8125	31.875	0.125	-47.6875	10.5625	6.5
11:29:09.501184	-2.0625	0.25	-0.25	54.0	83.75	30.75	32.8125	31.875	0.125	-31.8125	3.0	6.875
11:29:09.511307	-2.125	-1.4375	-2.25	55.375	89.8125	32.8125	34.0	-0.4375	-0.5	-20.6875	-4.5	0.3125
11:29:09.521423	-2.125	-2.4375	-3.9375	54.5	84.25	35.8125	30.625	-7.375	-2.0625	-20.375	2.4375	-4.625
11:29:09.531519	-2.125	-2.75	-5.0625	54.0	73.375	38.125	28.8125	9.3125	-3.0	-23.25	8.0625	-5.8125
11:29:09.542107	-2.3125	-2.4375	-5.625	53.75	62.25	39.8125	28.8125	9.3125	-3.0	-17.75	10.625	-6.5625
11:29:09.552233	-2.875	-1.3125	-6.25	54.125	50.0625	41.3125	27.4375	36.625	-1.1875	-23.625	13.375	-4.9375
11:29:09.562360	-3.125	0.1875	-6.625	55.25	40.875	41.0	27.4375	36.625	-1.1875	-23.625	13.375	-4.9375
11:29:09.572544	-3.8125	0.875	-5.8125	51.1875	32.1875	39.0625	26.125	34.0625	-0.8125	-38.9375	19.5	3.9375
11:29:09.582608	-3.625	2.0625	-5.8125	49.5	23.8125	36.875	28.0625	25.75	0.1875	-23.875	7.5	5.0
11:29:09.592942	-3.3125	2.875	-5.3125	53.1875	17.875	34.875	27.8125	10.4375	1.4375	-25.1875	1.125	1.0
11:29:09.603013	-2.4375	4.375	-5.0625	57.0	16.1875	31.8125	25.0	-7.9375	1.125	-26.9375	4.75	-1.5625
11:29:09.613154	-1.25	5.6875	-5.125	56.125	8.8125	29.875	30.125	-10.8125	1.8125	-25.4375	10.375	-0.75
11:29:09.623235	0.125	5.5625	-5.1875	56.0625	1.75	28.5625	27.5625	-10.5	2.1875	-9.6875	6.375	-3.5625
11:29:09.633312	2.0	5.0625	-5.75	54.75	-2.8125	27.8125	27.5625	-10.5	2.1875	-16.9375	1.5625	-4.75
11:29:09.643782	3.3125	4.9375	-5.625	53.75	-4.1875	27.75	27.5625	-10.5	2.1875	-28.875	12.5625	1.5625
11:29:09.653901	5.0	4.6875	-4.875	54.25	0.375	29.625	27.5625	-10.5	2.1875	-23.8125	14.25	4.875
11:29:09.664065	6.1875	4.8125	-3.875	53.1875	7.1875	32.125	31.3125	4.5625	2.25	-15.9375	-4.125	0.75
11:29:09.674705	8.0	4.875	-2.5625	51.9375	16.25	34.5	31.75	5.5	0.9375	-23.5625	-0.3125	0.3125
11:29:09.684801	9.5625	5.25	-0.9375	51.625	25.4375	36.875	36.375	6.1875	1.5	-35.375	9.125	2.0
11:29:09.694868	10.9375	6.0	0.625	51.8125	35.0	39.1875	36.375	6.1875	1.5	-21.75	-0.625	-0.9375
11:29:09.705603	11.9375	6.375	2.5	49.375	39.9375	40.25	36.25	11.9375	2.75	-21.75	-12.125	-4.5
11:29:09.716262	12.5625	9.0	5.1875	45.875	40.0	41.0	38.6875	16.375	2.375	-33.25	-13.5	3.9375
11:29:09.726371	12.625	10.6875	6.1875	43.6875	45.25	41.75	43.625	20.5	3.75	-46.9375	-25.25	22.4375
11:29:09.736438	11.875	12.3125	6.875	40.1875	46.6875	42.8125	44.8125	25.3125	5.375	-38.75	-13.6875	17.1875
11:29:09.746553	11.875	12.3125	6.875	34.375	48.5625	41.75	46.125	26.5625	6.375	-43.0	-23.9375	8.0625
11:29:09.756641	10.625	15.875	8.625	31.125	47.6875	41.0	51.25	26.5	7.0625	-53.5	-12.3125	6.75
11:29:09.766714	9.75	16.3125	8.875	28.9375	49.1875	39.0625	56.0625	24.0625	8.5625	-59.875	-7.8125	3.6875
11:29:09.776838	8.9375	16.0	8.875	23.25	46.3125	36.125	58.5625	23.5	10.1875	-56.5	-19.625	4.5
11:29:09.787020	8.1875	14.9375	8.4375	21.8125	38.1875	32.5	61.875	21.4375	11.0625	-63.3125	-22.0625	5.125
11:29:09.797179	7.125	10.9375	6.625	19.9375	28.0	29.625	67.8125	21.3125	12.125	-72.25	-15.75	3.25
11:29:09.807809	5.9375	7.3125	4.6875	17.25	21.75	28.0625	72.8125	21.0625	14.1875	-75.375	-24.8125	1.5
11:29:09.817910	4.5625	4.375	3.625	13.8125	18.0625	26.25	75.125	18.25	16.0625	-71.125	-37.5	2.625
11:29:09.828039	3.3125	2.625	3.25	11.5625	14.5	25.875	78.9375	15.75	16.8125	-81.25	-34.875	3.25
11:29:09.838749	2.75	1.6875	4.125	10.5	16.625	24.5625	85.6875	15.25	18.1875	-88.3125	-34.875	2.125
11:29:09.848821	1.875	1.25	5.4375	6.8125	19.6875	24.0	91.375	17.9375	19.5	-91.4375	-41.375	1.875
11:29:09.858895	1.125	0.6875	7.0625	4.3125	22.5	22.6875	94.8125	19.375	20.4375	-89.5625	-41.5625	2.8125
11:29:09.868964	0.8125	1.0625	8.0625	0.6875	22.5	22.0	99.6875	20.5625	20.4375	-111.375	-34.5625	6.6875
11:29:09.879100	-1.0625	1.6875	9.8125	-2.4375	24.4375	20.3125	108.0625	23.6875	21.6875	-111.375	-34.5625	6.6875
11:29:09.889172	-6.625	3.0625	12.5625	-7.125	25.9375	18.9375	112.4375	31.6875	24.75	-113.375	-24.375	5.3125
11:29:09.899242	-12.4375	5.5625	16.4375	-13.3125	22.5	15.125	115.8125	25.5625	26.125	-105.875	-60.9375	-6.6875
11:29:09.909320	-17.375	3.8125	17.875	-23.3125	13.625	9.375	122.5	13.875	24.1875	-120.5	-99.75	8.5625
11:29:09.919398	-20.5	-2.5	16.875	-32.9375	6.3125	0.5625	122.5	13.875	24.1875	-142.4375	-38.875	32.0
11:29:09.929484	-23.5625	-16.625	11.8125	-42.375	-4.6875	-8.5	140.75	9.3125	18.4375	-140.8125	-22.125	22.5
11:29:09.939611	-23.0	-28.875	7.625	-55.1875	-20.8125	-15.0625	145.5625	20.25	17.125	-138.875	-60.0	29.1875
11:29:09.949729	-19.5625	-38.875	0.9375	-70.4375	-41.6875	-23.5	150.0	33.75	15.1875	-143.6875	-68.0625	50.4375
11:29:09.959939	-15.6875	-40.8125	-5.125	-106.8125	-82.0	-39.3125	162.0	70.1875	16.375	-142.25	-31.1875	77.25
11:29:09.970051	-13.125	-33.6875	-7.3125	-124.6875	-108.0	-40.0625	163.75	110.3125	23.0625	-177.8125	33.8125	104.1875
11:29:09.980126	-10.5	-17.25	-7.1875	-141.4375	-118.5625	-42.25	166.9375	143.6875	28.875	-201.75	13.75	84.1875
11:29:09.990806	-9.0	1.0625	-8.1875	-152.375	-103.75	-46.125	154.0	144.5	33.3125	-255.875	1.5625	42.5625
11:29:10.000896	-8.0625	18.4375	-8.75	-158.9375	-57.125	-46.0	134.1875	116.4375	35.875	-340.5	-61.4375	16.1875
11:29:10.011544	-7.5625	28.5625	-10.9375	-170.625	-24.25	-52.3125	110.25	71.375	36.3125	-381.375	-87.25	4.0625
11:29:10.021678	-8.1875	32.75	-12.125	-163.0625	5.9375	-61.8125	85.5	16.5	28.625	-360.4375	-102.375	9.1875
11:29:10.031826	-9.5625	32.25	-11.3125	-143.4375	30.25	-65.5625	79.8125	-48.6875	16.4375	-307.8125	-268.875	-4.5
11:29:10.041945	-10.875	29.3125	-9.5	-115.875	46.8125	-66.0625	77.3125	-40.75	14.0625	-128.875	-200.25	-10.5
11:29:10.052386	-11.0	25.3125	-6.8125	-94.0	50.9375	-63.1875	77.3125	-40.75	14.0625	104.0	219.1875	5.0
11:29:10.062485	-9.0	20.3125	-3.6875	-76.375	45.9375	-58.25	49.5	7.0625	4.5625	139.5	350.625	43.8125
11:29:10.072752	-5.625	14.0625	0.0625	-66.5	43.3125	-53.75	14.9375	2.625	-0.875	109.125	133.9375	-24.9375
11:29:10.082935	-2.375	6.375	3.0	-62.6875	37.5625	-54.3125	-12.25	-6.75	-4.3125	40.25	-35.0	-45.9375
11:29:10.093565	0.375	-1.1875	4.0	-61.125	30.1875	-59.625	-31.0625	-8.9375	-9.4375	27.1875	37.3125	-23.5625
11:29:10.103667	2.375	-7.375	2.6875	-66.1875	6.3125	-63.0625	-49.375	-22.0	-17.125	93.3125	168.375	-36.5
11:29:10.113796	3.375	-10.25	-0.125	-70.1875	-14.0625	-65.9375	-70.375	-33.625	-27.5	179.125	147.9375	-66.75
11:29:10.124430	3.125	-10.3125	-1.375	-73.625	-37.1875	-68.9375	-93.875	-39.3125	-36.75	215.375	61.25	-73.125
11:29:10.134572	2.9375	-8.375	-4.4375	-80.875	-59.1875	-69.875	-113.6875	-38.625	-43.6875	218.4375	41.75	-46.5
11:29:10.145071	2.9375	-5.1875	-7.1875	-85.375	-72.0	-68.4375	-131.375	-34.625	-44.875	188.625	60.8125	0.75
11:29:10.155339	4.1875	-1.5625	-10.6875	-83.625	-81.875	-67.625	-149.375	-34.0625	-41.4375	176.375	54.0	17.75
11:29:10.165456	4.625	-1.125	-11.0625	-77.875	-87.625	-63.6875	-170.9375	-36.5625	-37.625	211.5	31.375	22.125
11:29:10.175526	5.25	-1.125	-11.0625	-76.0	-86.125	-58.4375	-189.75	-45.625	-37.8125	252.25	23.1875	20.25
11:29:10.185624	5.5	-1.875	-10.6875	-73.375	-81.25	-51.3125	-205.0625	-45.375	-41.125	268.375	40.5	11.4375
11:29:10.195691	5.375	-2.6875	-9.375	-65.375	-73.875	-44.875	-222.0	-46.1875	-43.125	278.375	60.0	5.25
11:29:10.205788	5.25	-2.25	-8.875	-57.375	-62.5625	-39.125	-236.625	-45.6875	-43.75	279.0625	71.625	6.375
11:29:10.215883	4.1875	-3.0625	-7.75	-42.4375	-56.0625	-35.125	-247.25	-36.8125	-44.0	266.375	87.0	14.3125
11:29:10.225981	3.0	-2.4375	-7.0625	-28.125	-51.3125	-31.875	-255.1875	-12.875	-42.875	245.5	99.9375	23.5625
11:29:10.236065	1.875	-1.1875	-6.125	-17.375	-42.3125	-32.25	-262.3125	25.4375	-39.5625	227.0625	93.625	30.0
11:29:10.246150	0.4375	0.0625	-5.375	-9.125	-35.4375	-31.875	-265.625	59.5	-36.5	221.75	89.0	26.5625
11:29:10.256236	-1.125	1.4375	-4.625	-4.8125	-28.4375	-32.3125	-267.4375	73.6875	-35.125	237.3125	92.9375	18.875
11:29:10.266309	-2.625	2.625	-4.25	0.0625	-21.0	-32.4375	-267.0625	63.9375	-34.0	250.625	85.1875	17.75
11:29:10.276390	-4.25	3.6875	-3.5	5.4375	-13.8125	-32.6875	-266.1875	41.3125	-32.6875	250.75	63.25	23.1875
11:29:10.286966	-6.625	5.3125	-2.5	11.9375	-3.25	-32.875	-263.0	13.125	-31.3125	258.0	47.5	26.125
11:29:10.297072	-8.5625	7.25	-1.375	19.3125	8.9375	-31.25	-258.9375	-10.8125	-30.1875	251.1875	43.0625	21.5625
11:29:10.307142	-9.6875	9.25	-1.0	22.4375	17.4375	-27.625	-253.125	-27.625	-30.4375	228.0625	37.1875	16.0
11:29:10.317324	-10.375	10.6875	-0.25	20.1875	20.1875	-25.0625	-244.75	-38.3125	-30.25	223.25	24.25	12.75
11:29:10.327988	-10.9375	11.875	0.625	19.75	21.6875	-22.3125	-234.875	-39.4375	-27.5625	230.3125	14.125	5.625
11:29:10.338085	-10.875	11.75	2.125	22.4375	20.5	-17.1875	-225.8125	-34.0	-23.0625	227.5625	11.3125	4.0
11:29:10.348206	-10.625	10.625	3.625	26.5	19.1875	-11.75	-215.75	-24.0	-18.4375	216.75	1.0	5.1875
11:29:10.358322	-10.25	9.125	4.8125	27.0	14.8125	-8.1875	-203.75	-17.8125	-15.4375	205.8125	0.0	-0.5625
11:29:10.369053	-9.3125	7.75	5.625	28.75	10.1875	-5.5625	-188.9375	-16.6875	-14.75	193.0625	9.25	-7.6875
11:29:10.379124	-8.5	6.75	6.125	29.25	6.25	-4.9375	-172.875	-14.375	-14.5625	158.4375	13.125	-0.625
11:29:10.389196	-7.375	6.1875	6.25	24.3125	-7.625	-4.375	-152.5625	-10.75	-13.0625	130.9375	12.25	2.5625
11:29:10.399285	-6.1875	5.875	6.125	15.8125	-15.3125	-3.8125	-131.25	-9.125	-10.5625	114.0	14.5625	3.25
11:29:10.409373	-5.75	5.5	5.5625	10.0625	-21.5	-4.4375	-109.125	-10.4375	-7.5	97.5	12.25	5.5
11:29:10.419460	-5.375	4.1875	4.1875	8.25	-27.5625	-6.3125	-88.0	-11.25	-5.25	79.5	5.8125	6.875
11:29:10.429551	-4.75	1.875	4.25	9.625	-28.125	-8.4375	-65.4375	-11.0	-3.8125	60.75	0.25	6.5625
11:29:10.440102	-4.75	-0.0625	4.0	10.5	-21.4375	-9.625	-41.25	-9.875	-3.25	42.5	-2.3125	4.875
11:29:10.450209	-5.0	-1.8125	3.1875	10.25	-9.8125	-10.1875	-18.3125	-7.9375	-2.4375	2.5625	-15.5	-0.3125
11:29:10.460369	-5.0	-2.6875	2.5	8.0625	1.8125	-10.625	3.5625	-5.5625	-1.625	-17.0	-19.875	-0.8125
11:29:10.471005	-5.0	-3.125	2.8125	5.1875	11.0625	-10.0	24.0625	-7.6875	-0.6875	-35.9375	-28.25	-2.8125
11:29:10.481125	-5.0	-3.875	2.125	1.8125	13.8125	-9.5625	58.8125	-15.8125	-0.8125	-50.0625	-33.3125	-5.0
11:29:10.491234	-4.875	-5.3125	1.875	-1.375	8.375	-8.6875	72.375	-21.1875	-1.125	-43.4375	-32.9375	-9.0
11:29:10.501335	-4.4375	-6.1875	1.375	-1.5625	-1.9375	-7.0	81.875	-24.75	-2.0625	-68.3125	-66.1875	-27.875
11:29:10.511954	-3.4375	-6.8125	1.25	-0.25	-13.625	-4.8125	89.6875	-30.875	-2.875	-132.4375	-108.375	-46.375
11:29:10.522357	-3.25	-7.75	1.75	2.1875	-23.8125	-1.8125	98.5625	-42.375	-3.5	-120.625	-55.75	-36.5625
11:29:10.532471	-3.3125	-8.5	2.625	9.0	-27.5625	0.125	100.375	-30.5625	-3.625	-72.125	-16.5625	-25.875
11:29:10.542545	-3.0	-7.25	2.5625	18.625	-25.3125	3.3125	75.375	26.8125	-3.6875	60.0	-91.25	-10.5
11:29:10.553024	-1.125	-4.5625	2.0625	33.5625	-17.0	11.0625	34.8125	24.0	1.125	110.625	90.125	-32.5625
11:29:10.563102	2.75	-3.6875	3.0	46.4375	-4.5625	18.25	24.875	-61.1875	6.0625	-134.0625	9.1875	-78.4375
11:29:10.573174	6.0	-3.875	3.5625	45.875	3.375	15.9375	50.4375	-119.25	-2.9375	-172.875	-321.625	-41.4375
11:29:10.583258	7.5625	-1.9375	2.375	26.8125	6.25	10.3125	73.0	-145.3125	-13.125	-159.6875	-154.125	66.9375
11:29:10.593324	7.125	4.875	0.375	11.4375	21.8125	6.3125	76.625	-90.5	-15.25	-150.6875	81.0	103.3125
11:29:10.603415	5.9375	16.4375	-3.1875	10.125	33.1875	4.8125	72.4375	-22.875	-14.0	-204.375	-23.9375	69.8125
11:29:10.613515	5.75	28.1875	-6.25	7.625	35.75	3.1875	75.1875	32.875	-11.3125	-164.375	-120.875	41.1875
11:29:10.623602	6.3125	32.8125	-6.6875	-4.5	37.625	3.9375	74.4375	51.4375	-4.5625	-56.5	-26.9375	54.875
11:29:10.633726	7.375	28.375	-5.0	0.3125	46.3125	12.0625	70.8125	28.0625	3.625	-28.75	8.875	30.5
11:29:10.644407	9.25	18.375	-3.6875	14.4375	50.6875	21.3125	68.3125	-9.75	5.75	2.1875	-6.4375	-3.625
11:29:10.654522	11.4375	-5.8125	-6.375	31.5	53.875	26.0	64.125	-48.3125	1.1875	53.8125	23.625	-19.75
11:29:10.664639	11.125	-14.4375	-10.0625	53.5625	65.1875	27.0	56.125	-50.0625	-8.6875	47.9375	11.0	-19.75
11:29:10.675360	10.6875	-20.0	-13.5625	67.0625	76.0	27.6875	50.125	-27.0	-19.5	-40.625	-48.25	-23.75
11:29:10.685547	10.8125	-22.375	-16.4375	73.125	77.6875	29.75	46.8125	1.625	-24.3125	-87.1875	-35.25	-27.0625
11:29:10.695622	11.375	-22.25	-17.625	65.6875	63.9375	32.0625	43.3125	34.3125	-20.75	-63.0625	5.5625	3.0625
11:29:10.705701	11.625	-20.75	-16.6875	56.125	36.0	32.25	42.5625	52.625	-12.6875	-46.0	-15.375	26.25
11:29:10.715770	10.75	-18.0	-13.625	43.5	-2.1875	30.625	45.5	53.8125	-6.5	-37.25	-18.375	31.3125
11:29:10.725844	8.75	-13.875	-9.125	33.25	-35.375	28.1875	47.75	40.25	-3.6875	-27.3125	12.25	21.625
11:29:10.735962	6.25	-8.5625	-4.625	28.1875	-52.0625	25.75	44.3125	21.375	-3.5	5.25	15.4375	9.5
11:29:10.746043	4.25	-1.5625	-2.0625	28.0	-53.25	23.5	42.4375	-2.25	-3.9375	-14.3125	-4.0	0.5625
11:29:10.756114	2.0625	5.0	0.0	30.0	-42.375	20.125	44.4375	-27.6875	-3.5625	-28.0	-8.625	2.75
11:29:10.766185	0.1875	10.5	1.375	34.125	-27.5	17.125	46.8125	-39.6875	-1.875	-30.0	-11.4375	3.875
11:29:10.776288	-0.75	14.9375	1.875	36.5625	-5.625	15.3125	44.9375	-24.125	0.1875	-16.5625	-9.8125	3.625
11:29:10.786360	-1.4375	17.1875	1.9375	45.3125	15.25	15.5625	42.25	-5.6875	1.75	-21.25	-13.875	-1.8125
11:29:10.796439	-1.8125	17.8125	1.25	49.3125	34.875	17.375	41.625	12.8125	2.0	-18.375	0.6875	-8.9375
11:29:10.806511	-2.0	17.125	-0.4375	51.6875	49.625	18.5625	41.125	32.25	2.0625	-25.1875	10.6875	-5.375
11:29:10.816601	-2.25	15.25	-2.125	51.125	59.3125	20.875	39.875	45.625	2.625	-49.5625	8.6875	-13.6875
11:29:10.826675	-2.1875	13.5	-3.9375	49.4375	64.375	23.25	37.3125	37.5625	4.25	-60.1875	16.625	-14.0
11:29:10.836761	-2.4375	11.1875	-5.125	48.4375	65.6875	24.9375	37.6875	22.25	5.0625	-57.4375	11.4375	-5.75
11:29:10.846844	-3.0	9.5	-5.5	47.1875	67.0625	25.1875	39.3125	15.125	6.25	-35.5625	3.75	-1.25
11:29:10.856933	-3.0	8.375	-5.875	46.1875	70.25	26.75	40.3125	8.4375	7.0	-27.5	0.6875	-2.5625
11:29:10.867005	-2.8125	7.625	-5.375	43.4375	73.8125	29.0625	42.8125	-2.0625	6.5	-25.6875	2.875	-1.5
11:29:10.877073	-2.5625	7.9375	-4.9375	39.4375	69.5625	31.125	45.125	-3.5625	4.75	-23.375	-0.25	-1.875
11:29:10.887609	-2.5625	7.875	-4.0625	36.4375	60.4375	32.1875	45.0	5.0625	4.125	-18.1875	-0.0625	-3.875
11:29:10.897709	-1.6875	9.3125	-4.5625	33.5	47.6875	33.125	43.1875	6.0625	4.875	-32.875	1.125	-6.4375
11:29:10.907859	-1.5625	9.5625	-4.125	32.6875	33.3125	33.375	41.375	-1.8125	4.25	-38.3125	1.5	-3.375
11:29:10.918423	-1.25	9.5625	-3.4375	33.5625	24.4375	29.0625	41.375	-4.1875	2.875	-46.3125	6.4375	2.0
11:29:10.928548	-0.375	10.125	-2.375	37.375	14.6875	26.75	41.0625	-5.8125	2.5625	-33.0625	7.6875	0.25
11:29:10.938646	1.25	9.4375	-1.9375	39.9375	11.3125	23.75	39.125	-17.8125	2.125	-35.0625	7.5625	-8.1875
11:29:10.949383	3.25	8.0625	-1.375	39.875	7.0625	23.1875	38.0	-26.1875	1.4375	-34.5	11.625	-9.125
11:29:10.959647	5.375	7.0625	-0.75	46.25	2.0	22.75	38.125	-25.125	2.25	-31.75	14.375	-5.25
11:29:10.969720	6.9375	5.1875	0.0625	46.875	0.625	24.125	37.0625	-24.4375	2.75	-33.25	0.1875	-3.1875
11:29:10.979909	8.5625	3.125	1.125	46.3125	0.6875	25.9375	35.5	-26.8125	1.8125	-33.25	0.1875	-3.1875
11:29:10.990445	9.75	0.5625	1.8125	45.625	2.625	28.1875	37.5625	-17.4375	1.1875	-28.6875	14.8125	-0.1875
11:29:11.000560	10.5	-1.6875	2.75	44.0625	5.625	31.0	40.1875	-7.875	1.8125	-28.6875	14.8125	-0.1875
11:29:11.010627	10.6875	-2.9375	3.625	41.25	12.6875	33.125	37.6875	-5.4375	1.5625	-27.375	4.4375	0.8125
11:29:11.020752	10.6875	-2.9375	3.625	40.625	19.5	35.8125	36.3125	2.5625	1.0	-35.25	13.625	1.0
11:29:11.030922	11.0625	-3.1875	4.3125	39.75	26.75	37.0	41.625	10.6875	2.9375	-25.1875	10.875	0.9375
11:29:11.041480	10.8125	-2.3125	4.8125	37.6875	34.75	39.125	41.625	10.6875	2.9375	-23.8125	-0.1875	-3.0
11:29:11.051653	10.1875	-0.9375	5.0	37.75	39.625	41.0625	43.8125	8.5	1.8125	-28.9375	6.375	-3.625
11:29:11.061718	9.5	0.3125	5.0	40.0625	39.8125	42.9375	47.8125	9.0	3.3125	-35.0625	12.375	-2.0625
11:29:11.071785	9.0	1.0	4.875	41.625	35.6875	44.625	47.1875	9.6875	4.625	-24.125	4.625	-4.1875
11:29:11.081959	8.875	2.125	4.75	40.25	33.9375	41.6875	47.125	9.75	4.6875	-24.125	4.625	-4.1875
11:29:11.092248	8.75	3.3125	4.9375	38.9375	27.6875	41.25	50.75	12.3125	4.9375	-38.75	-16.625	9.25
11:29:11.102529	8.6875	5.0	5.125	36.875	25.375	38.5625	52.125	16.8125	5.8125	-52.9375	-40.25	29.9375
11:29:11.112635	8.375	7.5	5.625	34.0	22.875	38.5625	48.75	22.4375	7.0	-44.0625	-0.25	16.8125
11:29:11.122803	8.875	7.0	5.875	32.125	26.0625	38.125	48.625	28.9375	8.125	-53.1875	-14.8125	3.8125
11:29:11.133388	8.375	7.6875	5.625	31.75	28.0625	37.0625	48.625	28.9375	8.125	-64.375	-8.375	4.8125
11:29:11.143436	8.5	7.25	5.875	31.375	30.125	38.125	54.125	25.9375	12.0	-64.4375	-2.5625	1.75
11:29:11.153545	8.4375	7.0	6.0	28.6875	28.1875	38.875	54.8125	23.875	14.375	-58.0	-22.875	4.1875
11:29:11.163626	7.75	6.25	5.25	24.625	25.25	37.4375	57.875	21.8125	14.8125	-65.5	-28.875	4.8125
11:29:11.174301	7.375	4.875	3.875	23.25	21.3125	37.25	64.9375	20.3125	16.125	-76.8125	-22.125	1.9375
11:29:11.184375	6.8125	2.9375	2.875	19.125	18.875	38.0	67.5	21.8125	18.6875	-76.8125	-22.125	1.9375
11:29:11.194504	6.3125	1.3125	2.375	14.0	19.4375	37.5	68.75	21.875	20.0	-73.25	-43.0	5.4375
11:29:11.204648	4.1875	-3.3125	2.25	9.5625	18.3125	36.125	73.75	23.625	20.125	-85.375	-39.4375	5.375
11:29:11.214756	3.375	-4.4375	2.5625	8.625	23.75	35.25	80.75	25.0	21.375	-96.5	-35.1875	4.25
11:29:11.224927	2.75	-4.1875	3.125	5.6875	28.75	33.5	83.5	30.125	23.5	-93.625	-37.6875	6.3125
11:29:11.235018	1.0	-4.1875	3.5	3.375	31.875	29.25	84.875	33.375	25.875	-91.8125	-32.25	9.6875
11:29:11.245286	1.0	-4.1875	3.5	1.75	29.125	25.8125	91.5625	30.5	26.875	-109.25	-43.0	0.875
11:29:11.255745	-7.75	-1.8125	9.1875	-3.625	21.875	19.6875	100.75	19.4375	27.1875	-114.625	-81.0625	-1.0
11:29:11.265816	-11.125	-3.875	10.875	-11.25	8.75	11.6875	104.6875	8.3125	26.25	-116.9375	-53.0	18.875
11:29:11.275888	-12.625	-11.0	9.8125	-19.5625	-6.4375	2.875	111.125	5.4375	23.875	-112.6875	-14.3125	16.625
11:29:11.285958	-12.125	-21.9375	6.75	-30.1875	-19.1875	-4.8125	121.3125	17.875	22.0625	-112.6875	-14.3125	16.625
11:29:11.296075	-11.0	-35.25	0.875	-41.5	-29.875	-11.5	127.5	25.0625	19.8125	-149.9375	-68.3125	29.0
11:29:11.306153	-9.125	-42.8125	-5.3125	-53.8125	-43.0	-17.5625	131.875	32.0625	17.1875	-137.6875	-38.4375	44.1875
11:29:11.316220	-6.25	-39.5	-9.875	-65.0	-51.25	-23.625	137.125	47.3125	16.6875	-129.375	-21.9375	50.1875
11:29:11.326292	-5.25	-29.9375	-12.75	-80.5	-54.5625	-28.75	147.375	81.25	18.125	-138.875	1.6875	73.125
11:29:11.336376	-3.9375	-16.8125	-11.9375	-96.875	-61.875	-31.25	147.375	81.25	18.125	-154.1875	18.125	89.5625
11:29:11.346471	-3.375	-3.8125	-10.5	-115.4375	-77.75	-33.75	155.4375	152.5625	27.625	-175.6875	16.75	91.625
11:29:11.356600	-2.5	8.25	-8.6875	-129.1875	-76.8125	-35.125	142.8125	150.625	27.8125	-204.125	39.5625	66.1875
11:29:11.367298	-2.5	17.75	-8.125	-141.3125	-75.875	-41.4375	114.0625	117.0625	27.75	-204.125	39.5625	66.1875
11:29:11.377451	-3.0	23.8125	-9.375	-143.625	-35.1875	-43.75	114.0625	117.0625	27.75	-204.125	39.5625	66.1875
11:29:11.387523	-3.875	27.0625	-10.625	-150.0625	1.6875	-46.5625	90.3125	-9.625	21.25	-344.625	-74.9375	2.0
11:29:11.397598	-5.4375	27.0	-10.4375	-150.25	27.5625	-53.0625	91.9375	-32.75	13.5625	-313.0625	-109.125	26.625
11:29:11.407673	-6.875	23.8125	-9.0625	-130.8125	26.5625	-56.875	90.3125	-15.875	13.375	-313.0625	-109.125	26.625
11:29:11.417743	-8.1875	17.9375	-6.5625	-112.125	16.875	-57.875	81.9375	17.5625	9.625	-33.1875	-30.625	17.1875
11:29:11.427810	-7.8125	11.0	-2.75	-99.875	22.25	-57.375	65.875	22.5625	4.0625	91.0	299.8125	15.25
11:29:11.437902	-6.25	4.0625	1.0	-88.0	25.375	-54.375	36.8125	12.0625	2.0625	86.0	264.4375	28.375
11:29:11.447975	-4.5	-2.3125	3.875	-79.0625	24.1875	-53.6875	9.125	-11.3125	0.1875	27.6875	21.0625	-43.375
11:29:11.458319	-2.0625	-7.3125	4.4375	-66.5	13.4375	-57.0625	-8.625	-18.375	-5.75	3.25	-8.6875	-46.625
11:29:11.468402	-0.1875	-10.5625	3.875	-64.875	-3.875	-60.8125	-28.1875	-30.5	-14.375	28.25	104.6875	-36.1875
11:29:11.479035	1.0	-11.9375	3.3125	-64.875	-3.875	-60.8125	-47.625	-50.875	-22.0625	107.5625	95.5625	-71.6875
11:29:11.489428	2.0625	-11.75	0.875	-68.375	-49.5625	-67.5	-66.0625	-59.75	-29.0	172.4375	18.25	-78.0
11:29:11.499534	2.375	-10.25	-0.25	-77.0625	-64.1875	-69.875	-87.125	-52.5	-33.5	207.0625	0.875	-57.1875
11:29:11.509645	2.25	-8.75	-1.625	-84.625	-72.25	-69.6875	-87.125	-52.5	-33.5	197.875	24.4375	-9.125
11:29:11.520344	2.9375	-7.75	-3.5	-86.8125	-79.375	-67.875	-87.125	-52.5	-33.5	180.375	29.625	9.0625
11:29:11.530445	4.1875	-6.625	-4.5625	-79.1875	-84.25	-63.5625	-164.375	-63.0	-28.8125	236.25	19.5625	15.625
11:29:11.540552	5.0	-5.875	-4.8125	-73.6875	-80.875	-59.8125	-181.875	-72.625	-33.5	243.375	28.5625	6.9375
11:29:11.551081	5.4375	-5.0625	-5.0625	-67.8125	-76.3125	-54.0	-197.9375	-76.5625	-36.6875	239.4375	49.4375	-3.75
11:29:11.561163	5.1875	-4.5625	-5.0625	-59.25	-67.25	-48.375	-213.25	-66.125	-38.1875	239.4375	49.4375	-3.75
11:29:11.571254	4.375	-4.0	-5.3125	-51.0	-64.75	-42.1875	-213.25	-66.125	-38.1875	245.1875	85.375	-1.1875
11:29:11.581538	3.625	-4.0	-4.5	-44.0625	-59.25	-39.875	-231.25	0.625	-36.1875	237.4375	102.4375	10.5625
11:29:11.591670	2.6875	-4.0	-3.9375	-35.5	-50.875	-38.0625	-241.0	49.0	-34.8125	222.5625	113.375	23.1875
11:29:11.601761	2.25	-3.625	-4.4375	-27.25	-42.375	-37.0	-248.4375	85.3125	-34.75	210.9375	114.6875	29.375
11:29:11.611984	1.9375	-3.1875	-4.625	-18.9375	-32.0	-35.875	-251.5625	97.25	-37.75	216.6875	123.3125	26.0625
11:29:11.622052	1.6875	-2.75	-4.4375	-13.3125	-23.5	-35.0625	-254.125	89.875	-42.0625	228.125	121.8125	27.3125
11:29:11.632157	1.1875	-2.875	-4.75	-10.8125	-16.875	-34.5	-253.1875	64.9375	-44.0625	223.625	105.4375	30.6875
11:29:11.642253	0.0	-2.3125	-5.0625	-4.1875	-9.375	-34.6875	-251.3125	27.0625	-43.125	222.8125	86.0	32.875
11:29:11.652340	-1.875	-1.0625	-4.0625	3.0625	-1.25	-34.0	-248.0	-4.25	-40.875	235.75	65.3125	31.5625
11:29:11.662415	-3.8125	1.0	-2.125	7.5625	6.125	-33.1875	-245.1875	-26.8125	-38.6875	236.8125	45.375	27.875
11:29:11.672621	-5.625	4.125	-0.9375	9.9375	12.875	-27.875	-240.75	-39.0	-36.1875	227.25	21.0	26.4375
11:29:11.682837	-6.75	7.4375	0.25	16.9375	13.8125	-25.3125	-236.25	-40.9375	-33.0	227.25	21.0	26.4375
11:29:11.693543	-7.5625	10.8125	0.75	20.25	11.8125	-22.5625	-230.5625	-36.875	-29.1875	227.25	21.0	26.4375
11:29:11.703761	-7.75	13.0	1.3125	20.25	11.8125	-22.5625	-230.5625	-36.875	-29.1875	227.25	21.0	26.4375
11:29:11.713844	-8.0	13.625	2.1875	22.625	9.625	-17.9375	-223.625	-32.0625	-25.5625	218.125	-9.5	9.5
11:29:11.723925	-8.4375	13.5	4.75	30.8125	8.5625	-16.1875	-204.6875	-38.4375	-18.8125	218.125	-9.5	9.5
11:29:11.734034	-8.5	12.1875	5.6875	35.75	0.875	-14.0	-193.75	-46.1875	-16.3125	200.75	-6.4375	-5.8125
11:29:11.744108	-8.375	10.0625	6.375	35.75	-8.0625	-13.1875	-180.1875	-50.5625	-14.1875	185.125	-3.625	-7.6875
11:29:11.754210	-8.1875	7.1875	5.8125	31.5625	-18.1875	-10.875	-164.875	-50.8125	-11.75	166.8125	2.75	-5.0625
11:29:11.764324	-7.875	3.4375	4.75	25.3125	-28.5	-9.625	-147.6875	-45.5	-9.6875	149.6875	4.9375	-2.4375
11:29:11.774389	-7.375	0.125	3.8125	19.875	-35.875	-9.25	-147.6875	-45.5	-9.6875	128.875	1.625	1.0625
11:29:11.784464	-7.0	-3.0625	2.6875	15.375	-41.0	-9.0	-110.5625	-26.6875	-6.8125	108.8125	-5.5625	3.9375
11:29:11.794566	-6.5	-5.9375	1.625	14.125	-41.25	-7.75	-110.5625	-26.6875	-6.8125	87.9375	-5.3125	5.0
11:29:11.804669	-6.1875	-9.1875	2.0625	12.4375	-34.5625	-7.75	-67.5	-6.625	-7.0	64.625	1.75	9.6875
11:29:11.814783	-6.25	-11.625	1.8125	9.75	-25.3125	-8.0	-42.8125	-1.625	-6.4375	43.3125	0.875	12.6875
11:29:11.824853	-6.3125	-13.375	1.1875	6.5	-12.125	-7.9375	-19.625	0.5625	-5.25	24.4375	-1.8125	10.75
11:29:11.834958	-6.5625	-14.4375	1.4375	3.1875	-0.75	-7.9375	2.5625	-1.4375	-3.625	6.3125	-7.3125	5.8125
11:29:11.845062	-7.1875	-14.25	3.0	0.875	6.875	-7.1875	22.8125	-3.9375	-2.8125	-13.0	-16.3125	2.3125
11:29:11.855165	-7.5625	-14.5625	2.125	-3.125	7.875	-6.625	41.4375	-8.6875	-2.0	-13.0	-16.3125	2.3125
11:29:11.865247	-7.125	-13.3125	1.6875	-3.25	6.9375	-6.625	58.125	-13.0625	-1.4375	-13.0	-16.3125	2.3125
11:29:11.875313	-6.6875	-12.0625	0.625	-1.875	1.4375	-6.125	73.5	-18.5625	-1.1875	-61.3125	-31.9375	-3.5625
11:29:11.885392	-6.4375	-10.0	0.8125	0.625	-4.3125	-5.75	86.25	-24.375	-1.1875	-50.5625	-35.5	-14.75
11:29:11.895493	-5.9375	-7.75	0.375	4.125	-11.0	-4.9375	86.25	-24.375	-1.1875	-107.5	-86.4375	-47.0625
11:29:11.905562	-5.3125	-5.75	0.9375	6.5	-15.5625	-3.6875	104.5	-35.75	-1.125	-107.5	-86.4375	-47.0625
11:29:11.915649	-5.125	-5.0625	1.625	6.875	-18.625	-0.125	105.5	-37.3125	-0.9375	-76.75	-2.4375	-22.5625
11:29:11.925765	-5.1875	-5.0625	2.5	13.6875	-17.25	4.125	85.9375	-0.9375	-1.0	-76.75	-2.4375	-22.5625
11:29:11.936466	-5.0625	-4.375	2.25	29.4375	-5.75	10.75	38.1875	36.8125	0.375	-76.75	-2.4375	-22.5625
11:29:11.946545	-3.375	-2.8125	1.5	44.0	13.8125	14.625	4.4375	-31.1875	3.75	157.5625	-72.375	-29.5625
11:29:11.957031	2.4375	-5.0625	3.0625	41.3125	20.75	16.0625	14.1875	-84.0	-1.8125	-180.6875	-133.4375	-66.875
11:29:11.967113	4.3125	-3.4375	2.25	33.6875	27.8125	17.0625	48.25	-121.9375	-15.4375	-180.6875	-133.4375	-66.875
11:29:11.977180	4.6875	1.9375	0.25	40.9375	38.875	18.8125	69.0625	-111.8125	-22.4375	-211.375	-79.375	101.125
11:29:11.987296	3.875	10.8125	-1.875	34.4375	31.5625	13.6875	64.3125	-57.75	-17.5625	-211.375	-79.375	101.125
11:29:11.997462	3.25	19.8125	-3.0	8.5625	17.1875	3.8125	60.0625	7.8125	-5.4375	-211.375	-79.375	101.125
11:29:12.007569	2.6875	23.8125	-3.0625	-2.625	19.6875	2.9375	59.125	46.6875	1.5625	-211.375	-79.375	101.125
11:29:12.017674	3.0	21.25	-2.8125	17.3125	49.1875	26.0625	60.6875	46.9375	5.375	-64.5625	-47.875	45.625
11:29:12.027738	4.625	14.0625	-2.6875	17.3125	49.1875	26.0625	63.6875	-25.625	-0.625	-64.5625	-47.875	45.625
11:29:12.037863	7.25	5.4375	-3.8125	37.0	62.6875	26.625	63.6875	-25.625	-0.625	75.6875	8.4375	3.875
11:29:12.047964	8.625	-2.4375	-5.9375	50.1875	65.0	25.0625	57.0	-57.1875	-8.375	75.6875	8.4375	3.875
11:29:12.058076	8.5	-8.25	-8.75	62.6875	62.375	26.0	53.25	-51.4375	-17.5	75.6875	8.4375	3.875
11:29:12.068559	8.1875	-11.75	-11.25	62.625	48.4375	26.0625	49.875	-18.625	-22.125	75.6875	8.4375	3.875
11:29:12.078824	8.25	-14.5	-12.75	54.4375	29.25	24.9375	43.9375	41.125	-11.625	-83.8125	5.6875	17.625
11:29:12.088898	8.5625	-16.9375	-12.875	44.875	3.75	24.875	43.9375	41.125	-11.625	-36.5	-10.1875	7.625
11:29:12.099556	8.875	-18.1875	-12.1875	37.0	-21.25	25.375	44.5	38.9375	-7.0	-36.5	-10.1875	7.625
11:29:12.110970	8.9375	-17.8125	-10.8125	33.125	-36.1875	25.0625	38.875	22.5625	-7.4375	19.375	19.75	0.8125
11:29:12.121643	8.4375	-15.9375	-8.8125	32.3125	-37.25	23.5625	36.125	-2.25	-7.625	19.375	19.75	0.8125
11:29:12.131761	7.8125	-12.25	-6.5625	33.4375	-27.4375	21.1875	37.9375	-26.25	-7.625	-47.0	-15.875	0.0
11:29:12.141833	6.4375	-8.1875	-3.75	36.875	-19.5625	19.4375	39.125	-29.3125	-5.8125	-52.25	-19.375	9.5625
11:29:12.152427	4.625	-3.25	-1.5625	40.8125	-10.6875	17.5625	37.125	-15.4375	-2.5625	-52.25	-19.375	9.5625
11:29:12.162542	2.5625	2.0	0.625	44.9375	0.25	17.875	35.8125	4.25	-0.5	-52.25	-19.375	9.5625
11:29:12.172672	1.1875	7.0	1.6875	49.3125	10.5625	19.5	37.25	22.4375	0.1875	-3.0625	14.75	-10.8125
11:29:12.182747	0.0	10.625	2.3125	52.1875	27.375	20.5625	37.125	35.5625	0.375	-3.0625	14.75	-10.8125
11:29:12.192989	-0.5625	12.0625	2.125	53.3125	39.3125	23.0625	34.625	37.5	1.3125	-3.0625	14.75	-10.8125
11:29:12.203544	-0.8125	11.9375	1.4375	51.125	51.4375	26.0625	33.625	35.25	2.5	-47.4375	1.5	-8.4375
11:29:12.214218	-0.6875	11.1875	-0.4375	49.0	63.875	28.5625	33.75	31.0	3.375	-47.8125	1.4375	1.125
11:29:12.224333	-0.8125	10.4375	-2.6875	47.8125	73.0	29.4375	34.0625	29.4375	4.25	-32.8125	2.3125	1.0
11:29:12.234398	-1.25	10.0	-4.625	46.0625	75.3125	31.125	34.1875	22.8125	5.625	-21.8125	1.375	-4.625
11:29:12.244473	-1.375	10.0625	-7.1875	40.0	74.875	29.625	35.4375	13.75	6.0625	-21.8125	1.375	-4.625
11:29:12.254549	-1.75	10.6875	-8.25	41.25	69.0	30.875	36.5	7.0625	5.75	-18.8125	3.375	-8.3125
11:29:12.264616	-2.6875	11.125	-7.25	40.6875	59.9375	31.9375	36.5	8.4375	5.0	-18.8125	3.375	-8.3125
11:29:12.274696	-2.6875	12.125	-6.125	39.0	51.25	29.0625	37.375	12.875	4.625	-37.0625	-0.1875	-4.25
11:29:12.285117	-2.5	13.4375	-5.375	33.875	42.125	26.375	38.75	13.5	4.6875	-37.0625	-0.1875	-4.25
11:29:12.295194	-2.5	14.3125	-4.5	36.8125	31.0625	25.75	41.8125	11.25	4.8125	-37.0625	-0.1875	-4.25
11:29:12.305295	-2.3125	14.6875	-3.9375	37.875	20.75	24.625	42.0	5.4375	4.75	-33.0625	4.625	-5.8125
11:29:12.315417	-1.6875	15.8125	-3.25	36.625	13.625	22.8125	41.1875	-5.6875	4.625	-33.0625	4.625	-5.8125
11:29:12.325498	-1.1875	16.25	-2.4375	35.5625	8.6875	19.875	42.4375	-16.0	3.875	-46.25	2.625	-2.25
11:29:12.335583	-0.625	15.6875	-2.0625	35.75	6.8125	17.5625	42.8125	-21.4375	3.3125	-46.25	2.625	-2.25
11:29:12.345666	0.3125	14.25	-2.125	36.1875	5.0625	15.9375	40.5	-28.1875	3.125	-39.875	1.3125	-5.6875
11:29:12.355739	1.5	11.875	-2.25	36.3125	3.1875	14.8125	41.1875	-34.1875	2.5625	-39.875	1.3125	-5.6875
11:29:12.365811	2.8125	9.125	-2.0625	35.75	3.5625	15.3125	43.625	-31.125	1.5625	-40.625	16.875	-5.0
11:29:12.375898	4.1875	5.8125	-1.75	34.875	5.125	17.125	46.0625	-18.6875	2.0625	-26.75	6.3125	-5.8125
11:29:12.385962	5.5	2.625	-1.25	31.9375	8.4375	19.0625	43.625	-17.875	2.5625	-40.125	2.8125	-1.5
11:29:12.396031	7.875	-2.4375	0.5	29.125	10.5625	21.375	41.375	-17.0	1.5	-48.625	8.5625	4.625
11:29:12.406125	7.875	-2.4375	0.5	28.125	12.25	23.4375	46.5	-11.5	1.375	-33.125	9.75	5.4375
11:29:12.416197	9.0625	-3.6875	1.875	28.1875	14.9375	26.5	48.1875	-6.3125	2.0	-26.1875	-0.4375	-1.0625
11:29:12.426301	10.1875	-3.0625	4.3125	29.6875	16.0	30.0	44.5	-4.0625	1.3125	-32.8125	7.5625	-1.875
11:29:12.436422	10.1875	-3.0625	4.3125	32.0625	18.625	31.5625	44.5	-4.0625	1.3125	-40.5	13.375	1.8125
11:29:12.446535	10.125	-1.1875	5.25	33.875	22.6875	32.9375	48.5625	3.125	1.75	-28.0	8.125	0.125
11:29:12.456635	9.625	-0.5	5.5	34.875	28.0625	34.125	47.25	2.625	2.25	-28.0	8.125	0.125
11:29:12.466940	8.9375	0.4375	5.75	36.8125	28.75	35.1875	47.3125	0.8125	1.6875	-36.6875	5.625	-3.5
11:29:12.477461	8.375	2.0625	6.25	39.0	30.0	35.5	50.375	0.3125	1.5	-40.625	10.8125	0.6875
11:29:12.487527	8.375	2.0625	6.25	37.125	27.5625	34.6875	52.0	1.3125	3.4375	-25.4375	-3.6875	-2.0
11:29:12.497624	7.0625	6.0	5.9375	33.4375	18.4375	32.9375	50.5	3.1875	4.25	-31.3125	-17.3125	-1.6875
11:29:12.508250	6.1875	8.0625	5.8125	33.4375	15.9375	32.5625	49.9375	6.0625	3.875	-44.9375	-26.5	12.4375
11:29:12.518419	6.1875	8.0625	5.3125	30.5625	14.1875	33.1875	52.4375	8.5625	3.75	-55.6875	-23.75	22.8125
11:29:12.528556	5.875	7.4375	4.6875	28.1875	17.875	33.4375	52.125	16.25	6.875	-49.0	-1.5625	8.0625
11:29:12.538670	5.8125	6.625	3.4375	27.8125	20.375	33.5625	52.9375	18.5625	7.6875	-53.875	-21.4375	0.3125
11:29:12.548799	5.8125	6.0	2.625	27.0625	23.0	33.75	57.1875	16.6875	9.5	-65.875	-11.375	4.125
11:29:12.559480	5.6875	4.25	1.625	24.5	22.5	34.0	59.25	17.1875	12.125	-63.0	-11.5	3.0
11:29:12.569593	5.375	1.9375	0.3125	22.25	18.6875	34.0625	60.1875	15.1875	13.6875	-66.9375	-34.6875	2.5
11:29:12.579688	5.25	-0.0625	-0.0625	18.25	15.625	34.0	64.1875	14.25	14.3125	-75.6875	-32.3125	3.375
11:29:12.589824	4.5625	-2.0625	-0.4375	12.4375	16.1875	33.25	69.1875	13.875	16.3125	-75.6875	-32.3125	3.375
11:29:12.599926	4.125	-3.75	-0.125	8.4375	16.8125	32.3125	71.0	16.375	17.75	-75.875	-43.0625	3.75
11:29:12.610449	3.8125	-4.4375	0.25	6.75	19.5	30.9375	73.0	18.4375	17.5625	-86.375	-38.5625	6.0
11:29:12.620614	3.4375	-5.0625	0.75	4.625	25.3125	29.3125	78.3125	24.0625	17.625	-96.9375	-29.5625	6.75
11:29:12.631279	3.25	-5.375	0.8125	1.9375	29.25	25.625	83.8125	30.5	20.1875	-94.5625	-37.375	2.875
11:29:12.641350	3.25	-5.375	0.8125	1.9375	29.25	25.625	83.8125	30.5	20.1875	-94.5625	-37.375	2.875
11:29:12.651486	-3.1875	-5.3125	2.8125	-2.3125	24.625	21.375	86.5	30.5625	22.4375	-89.75	-66.625	-2.625
11:29:12.661557	-6.875	-4.0	4.625	-12.0	6.125	7.6875	99.3125	8.5625	19.8125	-105.5	-62.625	9.25
11:29:12.671688	-8.8125	-6.0	4.3125	-19.9375	-3.3125	0.625	109.3125	8.4375	18.3125	-119.4375	-37.0625	8.5625
11:29:12.681764	-8.5625	-11.8125	2.0625	-30.8125	-13.8125	-6.25	114.5	16.5625	17.3125	-121.125	-50.375	15.625
11:29:12.692215	-7.75	-21.0625	-2.125	-41.5	-26.875	-12.3125	118.8125	20.875	15.4375	-121.125	-50.375	15.625
11:29:12.702288	-7.0625	-30.3125	-6.5	-51.0	-37.875	-17.8125	126.5625	25.75	12.3125	-140.125	-41.0625	41.6875
11:29:12.712363	-5.0	-33.4375	-9.4375	-65.125	-45.375	-21.75	135.4375	32.0	9.9375	-140.5625	-39.8125	52.5625
11:29:12.722497	-3.1875	-30.25	-10.625	-80.125	-51.375	-25.125	139.75	45.375	9.375	-133.4375	-6.5	69.5625
11:29:12.732578	-1.75	-22.8125	-10.75	-95.25	-61.25	-28.0625	144.0625	73.0	11.1875	-132.5	21.125	79.4375
11:29:12.742652	-0.375	-13.3125	-10.3125	-109.1875	-71.0625	-30.0	145.625	102.6875	17.0625	-163.8125	-3.5	85.125
11:29:12.753245	1.0625	-3.625	-10.4375	-124.9375	-77.4375	-33.0625	141.4375	129.875	23.4375	-195.75	-6.9375	85.5
11:29:12.763361	2.25	5.0625	-10.5	-132.0	-65.875	-39.5	143.625	158.375	24.75	-205.25	35.375	44.3125
11:29:12.773794	2.75	12.125	-11.5	-143.0	-68.8125	-39.9375	126.375	161.3125	26.625	-259.125	32.8125	23.25
11:29:12.784155	1.9375	18.75	-13.125	-152.0	-17.5	-42.9375	92.25	114.625	28.1875	-321.875	-35.5	-7.375
11:29:12.794243	0.5625	24.625	-13.5	-156.3125	23.8125	-50.625	74.5	35.0	27.3125	-321.875	-35.5	-7.375
11:29:12.804316	-1.0625	28.3125	-13.0625	-138.6875	35.8125	-56.8125	81.375	-20.5625	19.875	-269.625	-219.3125	17.625
11:29:12.814439	-2.5625	27.375	-11.8125	-106.9375	17.75	-58.8125	82.5	-31.625	16.8125	-126.4375	-172.625	26.5
11:29:12.825078	-3.9375	22.5625	-9.5625	-77.5625	12.75	-57.0	78.8125	-7.1875	15.5	82.75	195.375	7.5
11:29:12.835180	-4.5	16.1875	-6.375	-66.375	28.5	-55.25	68.5	-2.0	10.125	114.125	361.5625	53.375
11:29:12.845251	-4.1875	9.5625	-2.6875	-67.1875	34.1875	-53.125	40.875	-3.0625	6.6875	74.4375	165.25	-8.0625
11:29:12.855320	-3.0625	3.6875	1.125	-67.375	25.0625	-53.25	9.6875	-13.25	5.8125	39.0625	-7.75	-59.75
11:29:12.865432	1.5	-3.6875	4.125	-65.375	12.5	-55.375	-11.4375	-11.0	2.75	37.6875	78.0	-53.1875
11:29:12.875507	1.5	-3.6875	4.125	-68.5625	-11.8125	-58.6875	-26.875	-14.8125	-5.3125	90.0625	156.3125	-68.8125
11:29:12.885604	2.75	-4.875	5.0625	-75.25	-38.625	-63.0625	-45.375	-30.4375	-15.3125	167.6875	102.75	-84.75
11:29:12.895675	3.5	-4.3125	5.4375	-81.3125	-53.875	-62.6875	-70.0625	-39.125	-23.875	167.6875	102.75	-84.75
11:29:12.906133	4.1875	-2.0625	4.3125	-85.8125	-59.625	-61.6875	-91.8125	-40.4375	-27.5625	180.8125	30.25	-18.9375
11:29:12.916272	4.875	3.0	2.5	-81.25	-66.6875	-61.75	-111.5625	-36.8125	-25.125	137.875	20.125	3.8125
11:29:12.927109	5.5	4.5625	1.9375	-71.1875	-67.6875	-60.4375	-129.875	-32.0	-19.5	160.3125	7.375	11.8125
11:29:12.937185	6.0	5.3125	1.9375	-57.9375	-52.5	-56.3125	-148.0	-36.5	-17.0	215.5	4.75	15.9375
11:29:12.947253	6.0	5.6875	1.9375	-57.875	-45.25	-52.75	-164.4375	-51.8125	-19.875	237.5	3.1875	3.25
11:29:12.957322	5.4375	5.375	2.0625	-54.4375	-39.1875	-47.25	-180.3125	-60.75	-25.3125	239.5	11.0625	-11.3125
11:29:12.967429	4.75	4.9375	1.8125	-51.125	-39.3125	-40.8125	-192.875	-69.375	-28.6875	254.5625	31.5625	-15.9375
11:29:12.978439	4.75	4.9375	1.8125	-51.125	-39.3125	-40.8125	-205.1875	-71.5	-30.5625	264.1875	56.0625	-7.0625
11:29:12.988673	3.9375	4.375	2.375	-43.1875	-35.875	-37.0	-216.9375	-52.3125	-32.875	254.5625	79.25	5.625
11:29:12.998762	2.1875	3.375	1.8125	-28.25	-26.8125	-31.5625	-236.75	10.375	-36.4375	239.625	96.6875	17.6875
11:29:13.008833	2.0625	2.375	0.625	-22.25	-21.75	-29.8125	-242.25	46.0	-38.6875	221.6875	109.625	28.8125
11:29:13.019521	1.875	1.125	-0.75	-18.25	-16.1875	-27.8125	-246.1875	71.0	-41.25	201.0	109.3125	40.5
11:29:13.029644	1.1875	0.375	-2.0	-13.6875	-8.8125	-26.4375	-246.875	81.875	-42.9375	216.6875	101.4375	28.875
11:29:13.039927	0.3125	0.3125	-2.1875	-7.6875	-0.4375	-26.25	-247.1875	76.5	-44.0	216.6875	101.4375	28.875
11:29:13.050068	-0.6875	0.1875	-2.3125	-1.3125	8.3125	-26.8125	-244.0	58.875	-43.875	216.5	88.5625	34.125
11:29:13.060522	-2.0	0.25	-1.625	3.5	15.0625	-26.5625	-240.9375	32.4375	-42.9375	222.6875	53.75	39.1875
11:29:13.070643	-3.5625	1.375	-0.625	7.8125	18.9375	-26.5625	-236.4375	8.8125	-41.6875	213.6875	43.4375	29.75
11:29:13.081255	-5.1875	3.25	0.75	4.375	16.0625	-27.5625	-236.4375	8.8125	-41.6875	213.6875	43.4375	29.75
11:29:13.091466	-6.5	5.5625	1.75	4.9375	14.125	-29.125	-225.875	-18.6875	-38.25	205.0	27.375	24.625
11:29:13.101590	-7.6875	8.5	3.375	7.75	14.375	-28.4375	-219.4375	-22.625	-33.875	201.8125	1.1875	19.4375
11:29:13.111655	-8.625	10.3125	4.9375	13.875	13.6875	-25.875	-212.125	-22.1875	-29.0	202.25	-5.25	15.875
11:29:13.122158	-9.1875	11.5	6.6875	20.8125	13.3125	-22.75	-204.1875	-21.9375	-25.0625	202.5	-8.6875	4.0625
11:29:13.132655	-9.5625	11.0	8.5625	24.5625	12.5	-20.75	-195.125	-26.5625	-22.125	191.75	-13.5	-0.5625
11:29:13.142722	-9.25	9.8125	9.9375	25.875	6.875	-18.375	-185.875	-33.1875	-20.3125	178.9375	-18.6875	-2.125
11:29:13.153127	-8.75	7.375	10.375	25.6875	-2.125	-15.0	-174.9375	-38.875	-19.0625	164.6875	-22.5	-1.3125
11:29:13.163256	-7.8125	4.6875	10.625	22.625	-12.8125	-12.1875	-162.4375	-43.375	-17.0625	151.125	-22.125	1.8125
11:29:13.173373	-7.3125	2.375	10.6875	19.3125	-21.375	-11.0625	-148.5625	-43.625	-14.9375	131.125	-23.9375	3.375
11:29:13.183806	-6.5625	0.9375	10.75	16.9375	-26.0625	-11.4375	-130.6875	-41.25	-12.8125	113.0	-22.6875	5.0625
11:29:13.193908	-6.5	0.1875	10.4375	15.9375	-28.5	-11.5	-110.9375	-45.0	-11.5	97.75	-20.5	8.4375
11:29:13.203991	-6.6875	-1.0	9.3125	16.5	-28.1875	-12.125	-91.6875	-44.1875	-10.9375	79.625	-15.625	11.1875
11:29:13.214095	-7.0625	-2.0	8.8125	15.9375	-26.1875	-13.375	-70.625	-34.6875	-10.5	57.5625	-6.75	12.0
11:29:13.224166	-7.25	-2.875	8.3125	15.25	-23.1875	-14.375	-49.3125	-20.8125	-10.375	36.8125	-0.3125	9.3125
11:29:13.234240	-7.625	-3.625	7.8125	14.3125	-16.5	-15.375	-28.625	-5.5625	-9.625	18.8125	5.75	6.625
11:29:13.244365	-8.1875	-3.0625	7.8125	10.9375	-9.75	-16.0625	-8.5625	4.125	-8.6875	-1.75	10.0	6.375
11:29:13.254475	-8.4375	-3.0625	7.3125	6.375	-2.5625	-16.5	10.875	8.5625	-7.8125	-21.4375	10.4375	5.375
11:29:13.265157	-8.3125	-2.3125	6.5625	2.875	2.0	-15.875	29.0625	8.75	-7.6875	-26.8125	12.4375	0.4375
11:29:13.275280	-8.125	-2.3125	4.875	0.375	1.0625	-13.625	44.9375	6.4375	-7.875	-63.25	-16.75	-17.4375
11:29:13.285374	-7.0625	-2.9375	1.25	-1.3125	-3.5	-12.4375	59.8125	1.1875	-7.75	-106.375	-36.8125	-34.0625
11:29:13.295426	-6.3125	-4.5625	-0.25	-0.875	-11.9375	-10.8125	74.625	-9.0	-7.125	-111.8125	-39.5625	-42.1875
11:29:13.305555	-6.25	-7.0	-0.9375	2.25	-20.375	-9.0	87.9375	-19.1875	-5.25	-105.4375	-51.8125	-49.6875
11:29:13.315660	-5.9375	-9.5625	-0.875	3.9375	-26.75	-7.125	99.5	-20.4375	-3.4375	-102.5625	-87.5625	-53.375
11:29:13.325841	-5.9375	-9.5625	-0.875	5.625	-29.0	-2.1875	99.3125	-6.4375	-3.4375	-6.625	-119.0625	-24.5
11:29:13.336425	-2.6875	-6.875	-1.25	13.125	-28.25	5.3125	73.5625	12.0625	-2.0	15.25	54.25	-34.0
11:29:13.346478	1.25	-7.6875	0.4375	21.25	-26.8125	12.0	51.0625	-50.375	5.125	-102.75	-13.875	-57.0625
11:29:13.356546	3.75	-9.5625	3.125	20.5	-17.6875	11.3125	55.5	-116.875	6.0625	-131.3125	-287.5625	-21.0
11:29:13.366617	5.0	-8.3125	3.5625	6.625	-4.25	8.5625	72.375	-147.6875	-3.3125	-135.1875	-154.375	65.25
11:29:13.376822	5.0	-8.3125	3.5625	1.3125	18.5625	7.875	78.625	-121.3125	-8.25	-142.0	75.6875	108.5
11:29:13.386910	3.125	11.0625	-2.25	9.3125	35.3125	11.0625	74.4375	-66.4375	-6.875	-170.375	-17.8125	81.6875
11:29:13.397023	2.75	20.6875	-4.875	13.25	39.1875	14.375	69.875	-16.75	-5.375	-143.9375	-113.5	54.1875
11:29:13.407085	3.25	22.5625	-5.3125	8.9375	37.25	18.75	74.25	33.9375	-4.375	-59.5	-63.4375	52.6875
11:29:13.417157	4.8125	15.125	-3.6875	10.9375	39.25	26.375	73.6875	48.5	-0.625	-10.5625	14.4375	34.1875
11:29:13.427265	7.125	2.6875	-2.0625	16.75	36.375	31.1875	67.9375	27.875	4.125	16.8125	16.4375	5.0625
11:29:13.437380	7.125	2.6875	-2.0625	30.25	33.75	29.25	65.3125	-10.375	3.125	50.875	8.875	-21.9375
11:29:13.447481	6.5625	-21.625	-4.9375	69.1875	61.8125	24.0	61.375	-40.8125	-5.0625	16.3125	4.75	-21.1875
11:29:13.457639	4.625	-27.625	-7.875	77.3125	69.4375	25.5625	54.3125	-35.0625	-15.4375	-70.75	-28.3125	-37.25
11:29:13.467748	3.5625	-29.125	-11.4375	72.3125	57.625	28.0625	47.1875	-12.25	-21.8125	-109.125	-32.1875	-36.25
11:29:13.478360	3.5	-29.0	-14.5	59.125	30.5	29.5	45.25	47.125	-15.0625	-100.4375	-6.875	-0.9375
11:29:13.488432	4.375	-28.4375	-15.75	43.125	-6.8125	29.0	45.125	49.125	-6.0625	-64.625	-2.8125	18.1875
11:29:13.498530	5.25	-28.1875	-14.375	31.8125	-40.5	26.125	45.8125	-7.6875	-0.5625	-15.9375	-3.875	5.3125
11:29:13.508596	5.4375	-28.4375	-11.0625	28.5	-58.25	23.3125	44.9375	-31.5625	-1.8125	-1.25	-6.0	11.125
11:29:13.518669	4.9375	-26.9375	-7.125	31.875	-59.0	21.8125	42.4375	-46.0	-2.625	-7.0625	-10.8125	3.875
11:29:13.529427	4.0625	-23.5	-3.625	38.0	-48.125	21.0	42.4375	-46.0	-2.625	-7.0625	-10.8125	3.875
11:29:13.539853	3.0625	-18.3125	-0.0625	41.5	-32.375	20.8125	43.6875	-42.375	-2.4375	-31.5625	-18.625	0.3125
11:29:13.549992	2.1875	-11.6875	1.0625	42.25	-16.875	21.4375	41.0	-13.8125	-1.375	-14.6875	-10.375	-0.25
11:29:13.560593	0.5	-6.875	3.1875	48.4375	-0.6875	21.1875	36.3125	13.0	-0.5	-4.25	-6.0625	-2.5
11:29:13.571219	-0.625	-3.75	4.5	53.5	15.25	23.0625	34.125	33.875	-0.375	-17.125	1.75	-6.3125
11:29:13.581315	-1.1875	-2.8125	4.1875	55.5	32.1875	25.0625	32.9375	43.9375	0.4375	-31.25	17.1875	-9.25
11:29:13.591385	-1.875	-3.6875	4.0625	56.4375	47.875	27.75	31.6875	45.625	1.6875	-53.5625	13.875	-1.5625
11:29:13.601496	-2.25	-4.9375	2.375	57.0625	56.6875	30.1875	31.1875	30.25	3.0625	-51.25	9.5625	0.0
11:29:13.611565	-2.3125	-5.875	0.25	55.3125	62.1875	31.625	32.8125	9.25	3.75	-42.5	0.75	3.5
11:29:13.621638	-2.625	-6.125	-1.75	53.125	65.25	32.1875	37.4375	-0.375	3.3125	-27.625	-1.1875	9.9375
11:29:13.631713	-2.9375	-5.8125	-3.125	48.4375	63.875	32.6875	39.375	1.375	2.625	-16.8125	0.9375	7.625
11:29:13.641793	-3.5	-4.6875	-3.75	44.4375	63.6875	33.625	39.4375	4.9375	2.25	-15.3125	1.6875	-4.9375
11:29:13.651864	-3.8125	-2.9375	-3.9375	39.3125	57.6875	33.0	41.0	9.625	1.75	-17.9375	3.25	-4.5625
11:29:13.661937	-4.0625	-0.5625	-3.875	36.125	47.875	32.125	43.75	18.8125	1.375	-27.625	2.625	-0.3125
11:29:13.672405	-4.25	1.375	-3.375	35.1875	35.8125	30.6875	44.375	18.75	1.8125	-34.75	4.375	0.9375
11:29:13.682511	-4.4375	3.5625	-3.125	35.25	24.75	28.0625	43.25	3.75	2.125	-40.8125	5.5	-2.8125
11:29:13.692587	-4.0	6.125	-3.0625	35.375	18.1875	23.625	45.0625	-9.125	1.75	-40.4375	10.625	3.0625
11:29:13.702667	-3.5625	7.75	-2.5625	41.1875	12.4375	22.25	48.1875	-10.9375	2.0	-40.8125	9.0	5.6875
11:29:13.713369	-3.0	9.25	-1.5625	40.375	11.9375	19.9375	47.5	-12.5	2.25	-31.3125	2.5	-2.1875
11:29:13.723878	-1.6875	10.25	0.1875	38.125	12.6875	19.125	44.1875	-17.0	1.5	-36.0625	5.5	-6.5
11:29:13.734043	-0.4375	9.625	1.3125	38.75	12.0625	19.375	42.5	-20.0625	0.25	-36.9375	13.625	-2.875
11:29:13.744111	1.3125	8.75	2.375	39.5625	13.5	18.9375	42.6875	-16.75	-0.0625	-41.75	9.0625	-2.125
11:29:13.754352	2.9375	7.625	3.25	40.1875	13.8125	20.5	42.4375	-16.625	-0.3125	-30.8125	1.1875	-1.1875
11:29:13.764901	4.5	5.8125	4.125	38.5	14.4375	22.5	41.875	-9.25	-0.25	-37.1875	10.4375	0.4375
11:29:13.775360	4.5	5.8125	4.125	36.4375	18.75	25.9375	44.875	0.8125	0.375	-35.875	16.625	-0.8125
11:29:13.785433	6.0625	5.6875	4.25	35.5	24.125	29.0	43.9375	11.625	1.4375	-28.0	13.5625	2.0
11:29:13.795550	7.5625	7.125	4.0625	37.4375	29.375	32.5	40.875	14.375	1.0625	-23.0625	6.3125	0.8125
11:29:13.806215	9.125	8.6875	4.125	39.0625	32.125	34.6875	42.0	13.5625	0.0	-31.0625	11.8125	-4.3125
11:29:13.816282	10.25	9.6875	4.3125	41.1875	34.125	36.9375	45.5625	11.1875	0.8125	-34.4375	16.3125	-2.1875
11:29:13.826354	11.125	10.4375	4.875	41.8125	34.8125	38.375	44.8125	11.125	1.625	-22.6875	9.9375	2.625
11:29:13.836448	11.3125	11.4375	5.1875	41.5625	35.625	38.6875	42.6875	11.6875	1.1875	-19.9375	-1.375	1.5625
11:29:13.847269	11.3125	13.1875	5.5625	40.625	34.8125	38.0625	44.875	16.0	1.4375	-28.375	2.25	1.0
11:29:13.857342	11.125	15.8125	5.8125	40.0625	34.5625	37.8125	47.0	19.3125	3.625	-35.75	8.0	2.5625
11:29:13.867443	10.9375	19.375	6.125	38.1875	35.25	37.8125	44.25	20.875	4.5625	-28.875	-39.0	21.375
11:29:13.877538	11.125	23.75	6.375	37.1875	37.75	37.875	43.625	24.3125	3.125	-28.875	-39.0	21.375
11:29:13.887647	11.375	27.8125	6.6875	35.75	44.75	39.0625	44.75	31.5	3.0	-44.1875	-21.125	37.9375
11:29:13.897772	11.5625	32.3125	7.375	36.1875	48.8125	39.3125	44.875	42.9375	5.1875	-51.8125	17.3125	22.9375
11:29:13.907906	12.3125	35.9375	7.5	32.5	54.25	38.8125	44.625	47.8125	7.625	-46.875	-7.25	9.5625
11:29:13.918037	12.375	37.0625	7.5	29.8125	56.8125	37.1875	46.4375	45.8125	8.6875	-50.6875	-8.25	12.625
11:29:13.928649	11.3125	35.875	7.1875	28.5	52.5	38.1875	51.8125	44.3125	11.5625	-61.5	7.0	10.5
11:29:13.938776	10.375	33.375	6.125	25.0	49.5	38.6875	54.1875	42.1875	14.5625	-58.25	-23.125	6.6875
11:29:13.948876	9.25	29.8125	6.0	19.375	43.6875	38.6875	56.5625	37.0625	16.0625	-65.1875	-19.3125	7.4375
11:29:13.959079	7.5625	24.3125	5.1875	16.875	39.1875	38.5625	61.375	34.125	16.9375	-65.1875	-19.3125	7.4375
11:29:13.969522	6.3125	19.75	4.625	14.9375	34.25	37.875	67.125	33.0625	19.4375	-73.3125	-30.4375	1.875
11:29:13.979590	5.3125	16.125	4.4375	11.5	34.8125	36.5625	69.75	33.8125	21.5625	-70.375	-35.0	5.1875
11:29:13.989745	4.25	12.3125	4.25	10.8125	36.5	35.375	79.625	35.625	25.0	-82.9375	-23.75	5.75
11:29:13.999868	2.4375	7.5625	3.375	10.0625	38.4375	33.875	86.5625	36.6875	29.25	-95.0	-14.4375	0.4375
11:29:14.010006	-1.8125	1.9375	2.6875	6.0	34.3125	30.8125	91.5625	24.3125	30.375	-91.125	-51.3125	-11.6875
11:29:14.020211	-7.875	-2.125	3.8125	-0.75	20.875	24.6875	97.0	4.1875	28.9375	-86.0	-85.1875	-5.9375
11:29:14.030622	-12.9375	-5.5625	6.5	-7.125	2.8125	14.625	107.125	-2.4375	26.4375	-106.9375	-30.5	11.625
11:29:14.040693	-15.5625	-13.125	7.4375	-11.875	-15.125	5.8125	117.875	9.6875	26.5625	-122.625	-21.0	2.75
11:29:14.050807	-15.75	-26.75	4.875	-21.5	-27.6875	-0.875	123.4375	19.75	27.8125	-132.0	-57.625	-2.125
11:29:14.060986	-14.75	-43.125	-1.1875	-32.3125	-41.0	-7.4375	123.4375	19.75	27.8125	-124.9375	-54.9375	8.1875
11:29:14.071436	-13.6875	-54.125	-7.5625	-45.1875	-54.5625	-14.75	129.3125	19.8125	26.5625	-135.1875	-67.3125	22.5625
11:29:14.081545	-11.625	-56.5	-10.75	-57.75	-58.25	-20.875	141.25	26.0625	24.1875	-159.5	-64.0	45.375
11:29:14.091620	-9.8125	-51.9375	-11.4375	-70.125	-60.375	-26.4375	150.5	27.0	21.9375	-159.5	-64.0	45.375
11:29:14.102393	-7.25	-39.75	-10.6875	-86.8125	-66.4375	-31.375	156.4375	47.5625	21.9375	-134.75	-14.5	57.3125
11:29:14.112550	-6.375	-25.875	-10.375	-105.6875	-71.25	-37.125	161.4375	77.25	24.5625	-159.4375	13.1875	69.0625
11:29:14.122656	-5.125	-13.0	-9.125	-123.0	-75.9375	-43.75	154.0625	94.5625	30.625	-192.0	-3.8125	55.25
11:29:14.133410	-3.3125	-1.9375	-7.5625	-133.125	-78.25	-45.8125	143.1875	105.375	33.5	-212.0625	-30.4375	32.6875
11:29:14.143619	-2.375	5.6875	-6.375	-137.25	-72.5	-53.75	119.4375	87.5	35.125	-268.625	-45.125	27.0
11:29:14.153774	-2.0625	12.1875	-5.75	-139.8125	-41.25	-56.5	107.5625	36.3125	36.0	-295.5625	-51.9375	3.625
11:29:14.164451	-2.1875	16.625	-4.375	-142.0625	-2.75	-54.25	104.0	-29.375	31.9375	-268.1875	-114.1875	-9.9375
11:29:14.174551	-6.0	15.625	-1.375	-140.9375	18.0625	-60.5625	106.625	-46.9375	25.0	-204.0	-183.0	15.625
11:29:14.184745	-8.0	9.5625	1.0625	-117.75	7.25	-62.6875	104.25	-29.625	20.4375	-105.4375	-43.0	37.375
11:29:14.195108	-8.875	3.125	3.25	-98.625	-14.875	-59.6875	93.375	-11.0625	14.875	15.1875	219.5625	28.1875
11:29:14.205415	-8.0625	-0.625	5.625	-91.6875	-8.625	-59.75	74.6875	-4.75	9.25	33.0	275.5	5.0625
11:29:14.215590	-5.625	-1.8125	6.3125	-87.25	2.75	-60.125	48.375	-8.75	7.25	15.375	130.1875	-45.75
11:29:14.225662	-2.5625	-1.5625	6.3125	-81.1875	2.25	-58.4375	23.4375	0.1875	3.25	19.5	45.1875	-54.25
11:29:14.235730	-0.125	-1.1875	5.3125	-76.0625	-4.125	-57.6875	0.6875	5.125	-3.75	39.0	97.375	-56.75
11:29:14.245798	1.625	0.125	4.375	-69.875	-6.875	-59.5625	-22.9375	-3.5625	-11.5	78.75	115.125	-71.5
11:29:14.255872	2.6875	2.1875	3.5625	-72.125	-21.75	-59.9375	-44.5625	-11.0	-20.375	87.25	68.8125	-33.5
11:29:14.265959	3.375	4.25	2.625	-79.0625	-37.8125	-61.75	-65.4375	-12.9375	-25.3125	63.4375	19.625	-9.3125
11:29:14.276039	3.875	6.1875	2.125	-85.1875	-48.5	-62.6875	-84.875	-10.625	-24.5	94.4375	23.5625	-4.1875
11:29:14.286111	4.5625	7.1875	2.125	-90.375	-52.375	-63.1875	-105.6875	-8.8125	-21.75	156.4375	52.125	14.125
11:29:14.296184	5.5	7.6875	1.875	-92.875	-54.5	-62.875	-124.625	-9.125	-22.125	189.875	52.625	23.8125
11:29:14.306260	6.1875	8.1875	1.875	-85.5625	-56.75	-61.6875	-138.5625	-12.8125	-26.6875	201.9375	42.3125	14.875
11:29:14.316377	6.5625	8.5	1.9375	-80.6875	-53.25	-56.75	-152.4375	-21.125	-32.9375	215.625	57.125	7.9375
11:29:14.326463	6.8125	8.875	2.3125	-73.0625	-44.5	-51.5	-169.25	-29.9375	-38.375	228.3125	82.375	6.1875
11:29:14.336536	6.9375	9.125	2.1875	-60.4375	-34.8125	-46.375	-186.125	-29.75	-43.625	229.8125	86.8125	6.625
11:29:14.346605	7.1875	9.0625	1.75	-55.0	-29.8125	-42.1875	-202.5	-17.1875	-47.25	231.3125	90.3125	12.875
11:29:14.356683	7.1875	9.125	1.375	-48.5	-26.1875	-39.25	-215.9375	-3.875	-49.9375	229.6875	103.4375	27.4375
11:29:14.366758	6.875	9.6875	1.4375	-41.375	-24.3125	-36.5	-226.8125	9.125	-51.375	222.25	107.625	39.9375
11:29:14.376834	6.875	9.6875	1.4375	-34.75	-19.5625	-34.5	-237.25	20.4375	-51.0625	218.875	101.625	43.875
11:29:14.386962	6.375	10.1875	1.5	-26.375	-16.0	-33.3125	-244.1875	32.625	-49.3125	229.4375	97.0	37.625
11:29:14.397037	5.5	11.0	2.0	-18.6875	-12.125	-32.625	-248.1875	38.375	-47.0625	239.625	88.625	34.25
11:29:14.407108	4.3125	11.625	2.5	-10.3125	-7.125	-31.4375	-253.5	40.6875	-45.4375	238.75	71.0	33.25
11:29:14.417186	3.5	11.6875	3.0625	-7.0	-1.125	-30.375	-257.75	38.25	-45.0	242.75	57.0625	33.0625
11:29:14.427256	2.375	11.9375	3.4375	2.25	6.0625	-28.8125	-260.375	21.8125	-44.4375	246.875	48.3125	31.8125
11:29:14.437332	0.8125	12.375	4.375	6.625	10.875	-27.3125	-264.375	2.1875	-44.125	247.375	39.5	34.375
11:29:14.447407	-0.3125	13.25	5.25	11.4375	12.125	-25.5625	-265.625	-9.8125	-43.5	242.1875	32.5	39.5
11:29:14.457526	-0.3125	13.25	5.25	14.6875	14.5	-26.5	-264.5	-18.3125	-41.625	228.5625	26.8125	39.375
11:29:14.467647	-2.0625	15.1875	5.8125	21.375	16.75	-23.75	-260.125	-24.0625	-39.625	230.5625	13.0625	26.875
11:29:14.477716	-2.9375	16.0	6.0625	28.375	18.375	-19.8125	-253.1875	-23.4375	-37.0625	230.5625	13.0625	26.875
11:29:14.487808	-3.8125	16.1875	6.5625	37.1875	20.5625	-16.1875	-243.5	-22.125	-33.3125	224.125	3.25	24.25
11:29:14.497928	-4.25	15.5625	7.3125	40.5625	15.0	-14.25	-232.9375	-19.6875	-29.0	208.5625	-7.0625	22.6875
11:29:14.508057	-4.875	13.625	7.9375	40.3125	4.375	-12.9375	-220.1875	-14.6875	-25.375	193.8125	-13.4375	17.8125
11:29:14.518166	-4.9375	10.5	8.125	34.5625	-12.5	-9.4375	-201.5625	-11.625	-21.875	176.5	-10.5	6.625
11:29:14.528828	-4.9375	7.3125	8.75	27.625	-25.5	-7.875	-182.8125	-14.875	-18.5625	163.75	-7.625	1.4375
11:29:14.538920	-4.5	4.3125	8.75	19.8125	-36.125	-8.5	-163.8125	-21.6875	-15.625	126.0	-21.4375	7.125
11:29:14.549031	-3.875	2.8125	9.125	16.625	-36.75	-10.3125	-140.3125	-26.8125	-12.625	105.1875	-22.5625	7.5625
11:29:14.559100	-3.875	1.0	8.8125	13.6875	-35.0	-11.1875	-117.75	-30.3125	-9.5	84.0625	-23.8125	5.0
11:29:14.569474	-4.3125	-1.0625	9.25	10.375	-28.6875	-11.375	-91.5	-31.1875	-6.5	58.875	-23.375	2.375
11:29:14.579545	-5.125	-3.5625	9.5	10.0625	-14.1875	-12.625	-64.125	-28.5	-4.25	58.875	-23.375	2.375
11:29:14.589778	-5.1875	-5.75	9.875	8.5	1.5	-12.5	-35.9375	-21.375	-2.625	6.8125	-9.25	-1.5625
11:29:14.599845	-4.875	-7.625	10.875	5.1875	15.5	-10.875	-8.25	-11.5625	-1.9375	-22.3125	-7.0625	-1.4375
11:29:14.609956	-4.9375	-10.0625	10.6875	1.125	21.5	-9.1875	18.125	-8.25	-1.5	-39.125	-8.5	-2.125
11:29:14.620063	-5.0	-12.3125	9.6875	-4.9375	16.9375	-8.875	65.25	-9.9375	-1.8125	-53.75	-26.0	-16.375
11:29:14.630162	-4.75	-13.375	9.375	-12.5	1.1875	-9.1875	82.8125	-11.9375	-2.3125	-117.875	-78.0625	-46.375
11:29:14.640292	-4.75	-12.9375	8.75	-12.875	-15.875	-10.625	98.9375	-16.4375	-2.1875	-141.9375	-73.625	-59.3125
11:29:14.650900	-4.875	-12.3125	7.75	-8.125	-31.125	-10.1875	112.75	-23.8125	-1.1875	-112.9375	-40.625	-58.125
11:29:14.660977	-5.3125	-13.6875	7.0625	-3.25	-40.4375	-8.5625	113.75	-3.875	-0.6875	-6.25	-91.875	-39.0
11:29:14.671288	-6.125	-15.8125	6.625	9.25	-46.5	-1.4375	75.5	34.6875	0.1875	97.75	34.5	-37.625
11:29:14.681665	-5.5	-18.3125	5.0625	28.25	-39.25	8.3125	42.75	-59.875	8.4375	-118.9375	19.5	-77.75
11:29:14.691802	-2.25	-23.5	4.125	26.9375	-29.3125	11.9375	53.6875	-154.4375	9.3125	-180.0	-387.625	-47.3125
11:29:14.702467	2.0625	-31.9375	5.25	2.625	-23.6875	10.375	83.8125	-206.625	-2.75	-156.4375	-302.4375	65.875
11:29:14.712558	5.5625	-36.5625	5.0	-9.125	-9.1875	6.5	92.5625	-163.1875	-8.4375	-144.875	47.5	138.25
11:29:14.722638	7.5	-32.375	4.375	3.9375	7.6875	5.75	87.125	-81.6875	-8.75	-203.0	-36.0625	98.3125
11:29:14.732703	8.375	-20.375	3.1875	-4.9375	7.0625	2.25	91.25	-33.125	-8.875	-197.9375	-159.8125	55.5
11:29:14.742816	9.125	-7.0	-2.25	-20.5625	0.125	1.625	101.25	5.375	-6.875	-67.6875	-6.3125	51.0
11:29:14.752969	10.4375	-0.9375	-4.3125	-20.25	-1.25	9.125	100.0625	8.9375	0.625	10.0	45.375	34.3125
11:29:14.763546	11.1875	-5.0	-3.4375	0.625	-1.9375	15.4375	90.5625	-13.125	6.8125	5.5625	-23.0	-2.625
11:29:14.774043	11.625	-14.75	-1.9375	28.75	-2.75	15.3125	83.75	-51.75	2.3125	21.625	-24.5	-35.25
11:29:14.784110	12.0	-25.375	-1.9375	49.0625	8.0625	13.8125	76.1875	-72.6875	-7.9375	18.6875	-3.5	-44.3125
11:29:14.794612	11.25	-34.8125	-3.25	60.4375	29.375	13.75	68.25	-55.0	-16.1875	-60.5625	-33.4375	-36.0625
11:29:14.804688	9.625	-43.125	-6.1875	68.5	45.1875	17.0	62.6875	-28.375	-19.1875	-117.3125	-44.3125	-33.4375
11:29:14.814775	7.875	-49.6875	-9.375	65.125	39.3125	21.3125	59.625	-0.3125	-17.375	-95.6875	-11.0625	0.8125
11:29:14.824854	6.875	-53.625	-12.0	57.3125	12.5	25.1875	57.375	10.25	-10.125	-38.0	-8.6875	21.4375
11:29:14.835454	6.9375	-55.125	-12.5625	43.375	-24.8125	27.0	53.6875	-0.6875	-5.8125	-16.6875	-34.625	35.125
11:29:14.846139	7.5625	-52.375	-7.6875	24.5625	-56.625	25.0625	51.25	-15.625	-4.75	-41.25	-29.375	26.0625
11:29:14.856241	6.1875	-48.375	-3.75	16.1875	-71.375	21.375	53.8125	-26.375	-3.1875	-15.8125	9.25	1.0
11:29:14.866317	4.0625	-42.125	0.4375	23.5	-65.8125	19.0	53.4375	-48.25	-2.0625	-6.9375	19.375	1.75
11:29:14.876400	1.875	-33.875	4.1875	35.6875	-50.125	19.125	50.125	-58.875	-3.25	-28.375	-24.5625	3.3125
11:29:14.886467	0.375	-24.125	6.0	42.625	-26.5	19.0	46.0625	-46.625	-6.125	-42.1875	-32.5625	5.625
11:29:14.896536	-0.8125	-16.1875	7.6875	48.375	-4.625	20.375	41.8125	-4.9375	-7.0625	-45.9375	-2.25	3.25
11:29:14.906650	-0.5	-9.375	7.375	55.5625	20.0	23.0625	36.125	29.3125	-4.1875	-19.375	14.875	0.25
11:29:14.916723	-0.25	-5.25	6.625	61.4375	39.9375	25.5625	31.6875	33.75	-1.875	-13.6875	11.0	3.625
11:29:14.926807	0.0	-4.0625	5.625	62.0625	56.5	27.125	32.9375	28.375	-1.8125	-33.6875	11.25	5.5
11:29:14.936874	0.1875	-4.0625	3.875	66.1875	66.25	30.9375	32.9375	21.8125	-1.3125	-42.6875	14.25	6.625
11:29:14.946982	0.0	-4.5625	1.9375	65.5625	69.3125	34.4375	31.9375	12.1875	-0.875	-30.4375	3.0	0.6875
11:29:14.957086	-0.125	-5.5625	-0.4375	62.5	67.8125	37.0	29.625	0.375	-2.375	-31.0625	1.6875	0.0625
11:29:14.967160	-0.6875	-6.875	-2.1875	58.875	68.0	38.9375	28.625	3.4375	-3.5	-38.75	4.5625	2.4375
11:29:14.977242	-1.625	-7.75	-3.0	56.5625	68.3125	41.25	29.6875	17.125	-2.6875	-21.0	7.6875	-1.1875
11:29:14.987313	-2.25	-8.125	-3.625	54.9375	63.3125	43.1875	26.875	25.3125	-2.1875	-10.9375	6.125	-4.4375
11:29:14.997383	-3.0625	-8.4375	-4.125	52.5	51.375	42.875	23.4375	21.75	-2.1875	-22.4375	13.4375	-1.5
11:29:15.007453	-3.1875	-8.25	-5.125	50.875	34.75	41.125	25.3125	19.9375	-1.625	-33.9375	17.0	3.125
11:29:15.018269	-3.1875	-8.0625	-5.75	50.4375	20.0625	39.3125	28.0	16.0625	-0.0625	-20.125	-0.875	3.4375
11:29:15.028439	-3.4375	-7.0	-6.125	55.125	6.1875	36.9375	25.5	4.25	0.4375	-25.375	1.1875	2.0625
11:29:15.039053	-2.875	-4.9375	-6.0625	56.0625	6.8125	35.25	23.75	0.5	-0.1875	-25.375	1.1875	2.0625
11:29:15.049243	-1.875	-2.125	-5.6875	58.0	9.5	33.75	25.6875	2.6875	0.5625	-14.0625	5.5	-2.9375
11:29:15.059313	-0.5625	1.0625	-4.875	59.875	12.0	32.9375	23.9375	3.3125	2.0	-14.4375	3.9375	-3.875
11:29:15.069414	1.1875	4.125	-3.9375	61.5625	12.875	33.625	20.5625	0.75	2.0	-25.3125	8.1875	-0.0625
11:29:15.079494	2.875	6.4375	-3.375	61.375	13.75	37.1875	20.875	-1.6875	1.625	-18.8125	8.4375	2.1875
11:29:15.090138	4.5	7.75	-2.6875	61.4375	15.0	39.0625	22.6875	-3.25	2.0	-12.125	1.6875	-1.1875
11:29:15.100270	6.3125	7.875	-2.8125	59.125	16.3125	39.6875	21.8125	-1.125	2.3125	-16.0625	1.625	-1.25
11:29:15.110435	8.25	7.5625	-2.875	56.125	18.4375	42.75	22.375	4.0625	1.6875	-24.0625	3.0	-0.9375
11:29:15.121325	10.3125	7.6875	-3.6875	54.5	22.6875	44.625	27.0	16.4375	2.625	-13.6875	0.0	-1.1875
11:29:15.131437	11.5	8.25	-3.5625	50.875	31.125	46.125	27.1875	19.3125	2.5625	-17.3125	-3.25	-3.25
11:29:15.142157	13.25	8.3125	-1.1875	48.1875	39.1875	46.1875	29.1875	22.0	2.0625	-26.25	0.625	-1.8125
11:29:15.152863	14.75	8.75	0.875	45.3125	44.25	45.3125	33.25	24.1875	2.9375	-32.5625	-9.3125	7.4375
11:29:15.162959	15.25	10.3125	2.25	40.3125	49.1875	44.0	35.5	26.625	4.5	-26.5	-23.8125	22.0
11:29:15.173612	15.125	12.8125	3.5625	36.875	51.0625	42.8125	35.5625	26.5625	5.0625	-31.9375	-9.125	21.9375
11:29:15.183987	14.3125	15.8125	4.375	35.75	55.1875	41.4375	39.875	29.625	5.875	-45.6875	-10.5	11.75
11:29:15.194061	13.25	18.6875	4.9375	33.0	54.75	39.375	44.6875	32.5	7.8125	-47.5625	-6.0625	5.875
11:29:15.204857	12.3125	21.4375	5.3125	30.1875	51.375	36.1875	46.8125	33.625	9.6875	-41.75	-8.375	4.625
11:29:15.214935	11.8125	24.0625	6.125	27.375	42.8125	33.6875	49.0625	31.8125	10.625	-48.4375	-3.1875	4.875
11:29:15.225019	11.4375	25.8125	6.5625	25.5	35.75	31.5	54.8125	30.375	11.5	-60.5625	-2.5625	4.25
11:29:15.235663	11.3125	26.125	6.3125	22.3125	27.25	29.8125	60.6875	29.25	13.8125	-66.1875	-12.125	0.8125
11:29:15.245801	10.4375	24.4375	5.125	20.0625	21.0	27.5625	63.5	27.875	16.1875	-58.0625	-18.125	-0.0625
11:29:15.255877	7.25	11.375	-0.8125	17.5	18.75	26.625	67.0625	25.1875	17.5	-68.125	-18.5625	-0.625
11:29:15.265949	7.25	11.375	-0.8125	13.6875	22.0	25.875	74.1875	23.1875	19.0	-79.1875	-18.875	-2.3125
11:29:15.276027	6.0	7.25	-1.8125	8.4375	23.5625	24.6875	80.75	20.8125	21.125	-79.375	-27.0625	-6.6875
11:29:15.286113	4.875	3.8125	-2.6875	4.9375	24.75	22.375	84.9375	18.5625	22.75	-75.375	-34.5625	-6.3125
11:29:15.296201	4.0625	1.8125	-2.8125	1.75	27.5625	19.4375	89.8125	15.1875	23.0	-89.8125	-30.5	-2.8125
11:29:15.306329	3.0	0.5625	-2.6875	-0.8125	28.875	18.375	97.375	17.875	23.8125	-99.6875	-20.625	-1.375
11:29:15.316999	-0.5625	-0.1875	-1.75	-5.25	21.5625	14.6875	101.6875	26.25	27.8125	-100.25	-25.625	-9.375
11:29:15.327151	-11.6875	4.125	6.8125	-13.6875	10.875	9.25	105.75	22.8125	29.5625	-91.0625	-81.375	-18.75
11:29:15.337231	-14.6875	1.625	8.5625	-20.875	3.5	1.25	111.1875	11.625	27.875	-114.8125	-62.75	8.0625
11:29:15.347304	-15.4375	-6.6875	7.1875	-30.0625	-5.6875	-5.5625	119.1875	-3.625	26.4375	-127.1875	-13.5	11.3125
11:29:15.357487	-15.375	-20.4375	3.5625	-42.375	-16.875	-12.5625	128.25	3.3125	25.9375	-134.4375	-54.125	0.125
11:29:15.367652	-13.0625	-33.3125	-0.9375	-54.6875	-31.4375	-21.0625	133.5625	14.875	26.8125	-140.5625	-56.8125	25.5
11:29:15.377730	-11.25	-45.875	-7.9375	-67.125	-50.0625	-28.125	138.125	16.0625	24.1875	-140.5625	-56.8125	25.5
11:29:15.387834	-7.8125	-47.125	-12.625	-78.8125	-63.5625	-34.0625	146.625	20.5	20.3125	-153.375	-68.5	50.5
11:29:15.397921	-5.8125	-39.5	-16.5	-94.4375	-74.3125	-37.1875	153.0	31.125	19.625	-153.1875	-45.625	69.125
11:29:15.407995	-4.75	-27.25	-18.125	-115.0	-84.1875	-40.875	162.375	63.5625	21.125	-138.9375	19.6875	77.1875
11:29:15.418082	-3.625	-13.25	-18.0	-134.1875	-96.125	-41.4375	162.9375	96.3125	26.5	-153.6875	13.75	76.25
11:29:15.428209	-2.0	1.875	-16.5625	-145.1875	-99.0	-44.1875	161.625	131.3125	32.75	-195.4375	-16.5	68.0
11:29:15.438303	-3.0625	12.1875	-15.0625	-152.1875	-26.3125	-49.4375	150.75	134.125	34.3125	-223.875	-16.6875	44.625
11:29:15.448421	-4.4375	22.0625	-11.875	-155.1875	8.4375	-49.5	120.875	100.6875	36.0625	-324.1875	-69.125	4.375
11:29:15.458493	-6.125	29.125	-11.8125	-147.9375	22.5625	-56.375	96.125	33.5625	35.125	-323.625	-93.875	-1.0625
11:29:15.468586	-8.0	29.75	-11.625	-126.6875	18.6875	-59.5625	101.8125	-27.75	28.625	-247.75	-252.125	4.4375
11:29:15.478923	-8.0	29.75	-11.625	-126.6875	18.6875	-59.5625	102.5625	-41.875	21.0625	-247.75	-252.125	4.4375
11:29:15.489013	-9.6875	24.5625	-9.375	-105.25	18.6875	-60.75	94.6875	-31.3125	19.375	-115.4375	-200.5	22.75
11:29:15.499544	-9.0	21.625	-6.75	-82.5	19.9375	-59.6875	83.4375	-13.0	12.875	60.25	352.8125	63.9375
11:29:15.509615	-6.8125	17.875	-3.375	-74.125	19.375	-55.625	69.5625	-8.8125	6.75	29.375	130.9375	-25.875
11:29:15.519776	-4.3125	13.375	-0.9375	-67.25	16.5	-54.1875	41.375	-14.125	2.625	11.9375	-11.875	-63.875
11:29:15.529867	-1.0625	7.6875	-1.0625	-71.8125	5.3125	-57.3125	13.6875	-9.3125	-2.0	35.125	82.0	-46.25
11:29:15.540389	1.875	2.3125	-2.125	-75.375	-11.25	-59.9375	-7.125	-3.625	-9.25	91.625	142.6875	-60.125
11:29:15.550479	3.75	0.3125	-3.0	-74.875	-25.0	-63.5625	-50.375	-32.4375	-27.0	143.5	107.125	-73.375
11:29:15.560585	4.0	1.875	-3.9375	-79.9375	-42.5625	-65.9375	-72.0	-41.8125	-33.9375	164.4375	61.125	-51.1875
11:29:15.570706	3.75	5.0	-4.9375	-89.625	-52.875	-67.0625	-72.0	-41.8125	-33.9375	138.0625	44.125	-5.3125
11:29:15.580835	3.1875	9.0625	-5.9375	-89.625	-52.875	-67.0625	-93.6875	-35.0625	-37.5	138.0625	44.125	-5.3125
11:29:15.590962	3.3125	13.25	-6.5	-77.0625	-55.375	-64.125	-113.375	-22.0	-35.6875	172.9375	43.25	20.375
11:29:15.601367	3.625	16.3125	-6.0	-70.625	-49.3125	-58.125	-150.1875	-16.5	-33.3125	215.125	35.625	26.9375
11:29:15.611476	3.875	18.125	-4.9375	-64.625	-39.625	-51.375	-166.1875	-23.75	-38.375	226.0	31.0	19.375
11:29:15.621607	3.5625	19.25	-3.5	-53.4375	-34.1875	-44.1875	-185.6875	-28.5	-43.875	236.25	45.375	8.375
11:29:15.631734	2.8125	19.9375	-2.125	-47.375	-26.8125	-39.3125	-203.75	-31.0625	-48.75	249.25	61.5	4.4375
11:29:15.642275	2.3125	19.6875	-1.5625	-44.875	-25.375	-35.5625	-218.5625	-29.5	-52.375	257.5625	68.625	11.4375
11:29:15.652371	1.6875	19.4375	-1.875	-37.625	-23.3125	-32.25	-230.125	-18.8125	-55.625	256.5625	85.8125	25.875
11:29:15.662461	1.375	18.75	-2.25	-27.8125	-17.5625	-29.5625	-239.625	-3.5625	-57.125	246.625	103.1875	38.9375
11:29:15.672576	0.625	18.375	-2.1875	-19.375	-11.1875	-28.3125	-248.0625	18.6875	-57.25	231.9375	108.125	46.125
11:29:15.682691	-0.0625	17.75	-2.375	-15.375	-4.5	-27.8125	-253.9375	41.25	-56.1875	226.125	98.8125	48.1875
11:29:15.693176	-0.6875	17.1875	-2.625	-10.0625	1.9375	-28.3125	-258.75	57.9375	-53.875	234.0625	94.75	39.5625
11:29:15.703288	-1.375	16.8125	-2.625	-2.25	7.875	-29.1875	-261.6875	64.5625	-51.75	239.1875	92.125	35.0
11:29:15.713506	-2.6875	16.375	-1.75	4.5625	14.875	-28.9375	-261.1875	63.5	-49.75	240.5	81.0	38.9375
11:29:15.724218	-3.8125	16.8125	-1.75	13.375	20.5	-29.3125	-260.625	50.75	-46.5	244.625	65.4375	42.75
11:29:15.734625	-6.875	19.0	-0.125	17.375	21.875	-29.0625	-258.25	32.25	-43.4375	239.1875	55.25	35.375
11:29:15.744695	-9.5	21.0625	0.875	20.625	22.25	-29.9375	-254.9375	18.3125	-40.9375	217.5	55.0625	32.125
11:29:15.754796	-11.25	23.625	2.0625	23.6875	21.5	-28.8125	-247.6875	6.375	-38.9375	208.1875	50.25	34.0625
11:29:15.764868	-12.75	25.9375	3.0	28.5	23.3125	-26.125	-237.625	0.6875	-36.0	214.875	41.1875	28.5
11:29:15.775201	-13.3125	27.5625	3.25	32.8125	24.8125	-23.5	-228.4375	0.625	-32.625	209.5625	42.5625	18.375
11:29:15.785321	-13.5625	27.4375	3.5	35.1875	24.75	-21.5625	-215.75	3.4375	-29.375	196.375	30.0	14.4375
11:29:15.795390	-13.375	25.625	3.75	34.3125	25.0625	-22.875	-203.1875	4.75	-26.5	183.8125	14.5625	10.625
11:29:15.805461	-12.9375	22.6875	4.0	35.625	22.25	-21.1875	-189.5	-2.1875	-23.75	172.125	10.25	4.9375
11:29:15.815529	-12.5	19.3125	4.0625	33.3125	13.0625	-18.25	-175.5625	-9.0	-21.6875	164.1875	10.0625	3.75
11:29:15.825598	-11.625	16.1875	3.625	28.0625	3.125	-14.5	-157.6875	-12.5625	-19.6875	144.8125	10.75	10.25
11:29:15.835677	-10.5625	13.0	3.0	20.125	-8.875	-12.9375	-139.0	-14.4375	-17.375	128.125	11.0625	8.25
11:29:15.845748	-9.5	10.125	2.75	13.5	-18.0	-12.125	-118.9375	-19.6875	-14.0	111.3125	2.4375	3.5
11:29:15.855850	-8.0625	7.625	3.3125	10.875	-25.8125	-12.375	-98.75	-28.3125	-10.75	89.875	-13.0625	-1.1875
11:29:15.865917	-7.1875	4.9375	3.875	10.375	-27.5	-13.1875	-76.6875	-37.8125	-8.0	68.5	-26.8125	-4.8125
11:29:15.876028	-6.8125	-2.25	2.3125	12.5625	-24.0625	-13.4375	-52.8125	-44.75	-5.5625	48.125	-36.0625	-6.375
11:29:15.886160	-6.8125	-2.25	2.3125	14.5	-15.4375	-13.6875	-30.5	-49.1875	-3.75	30.625	-43.9375	-5.875
11:29:15.896248	-6.375	-6.125	2.5625	15.375	-7.4375	-13.875	-9.4375	-48.8125	-2.8125	12.5625	-47.75	-5.0
11:29:15.906313	-6.375	-9.25	3.0	12.625	-3.0	-12.9375	10.0625	-48.25	-2.3125	-6.625	-49.4375	-5.5625
11:29:15.916392	-6.1875	-10.8125	3.6875	8.0625	-3.3125	-11.6875	29.4375	-47.5625	-1.625	-20.3125	-49.1875	-7.0
11:29:15.926462	-6.0625	-11.0	3.1875	3.0	-8.0	-9.75	47.8125	-47.25	-0.75	-35.0625	-48.75	-6.75
11:29:15.936606	-5.75	-10.9375	3.0625	1.875	-14.875	-7.4375	62.6875	-46.4375	-0.5625	-38.4375	-51.0625	-9.125
11:29:15.946718	-5.6875	-9.9375	3.125	3.25	-20.6875	-4.125	75.9375	-41.8125	-1.5	-54.125	-68.1875	-28.3125
11:29:15.956880	-6.0625	-9.8125	3.25	8.0625	-22.5625	-1.6875	86.375	-35.6875	-2.5	-128.6875	-105.6875	-54.3125
11:29:15.967326	-6.25	-9.625	3.125	16.125	-20.0	1.0	96.8125	-31.25	-3.0625	-133.25	-54.6875	-44.875
11:29:15.977398	-6.0	-7.625	1.9375	23.8125	-12.5	5.8125	101.1875	-28.9375	-2.25	-52.125	8.6875	-30.5
11:29:15.987667	-4.0625	-5.125	0.375	34.625	-6.75	13.25	86.875	8.0	-1.5625	61.125	-70.375	-20.5
11:29:15.997734	-0.25	-5.25	0.4375	42.875	2.0	20.0	44.4375	44.6875	0.75	156.0	39.375	-36.6875
11:29:16.007804	2.5	-6.875	0.6875	39.6875	13.0625	19.9375	13.8125	-31.4375	5.5625	-71.8125	59.25	-68.6875
11:29:16.017874	4.0625	-6.375	0.5625	25.75	14.9375	17.25	24.4375	-89.1875	1.8125	-175.875	-252.875	-46.5
11:29:16.027988	3.5625	-0.875	-1.1875	14.75	20.75	14.375	54.1875	-128.8125	-11.25	-188.375	-240.0625	48.8125
11:29:16.038073	1.9375	9.5	-4.1875	16.25	25.1875	12.0625	74.5625	-111.375	-18.875	-193.125	59.875	95.75
11:29:16.048174	0.5	21.3125	-7.4375	9.25	15.3125	5.6875	75.1875	-47.3125	-17.375	-150.375	-53.25	42.75
11:29:16.058244	0.25	29.25	-8.75	-0.375	15.625	2.25	68.8125	20.4375	-9.0	-79.125	-85.9375	42.875
11:29:16.068358	0.625	28.9375	-7.9375	-2.25	28.375	9.4375	69.375	63.1875	-1.375	-30.0625	-21.875	28.5625
11:29:16.078452	1.5625	20.625	-6.625	11.3125	46.25	21.3125	73.3125	52.3125	4.6875	39.8125	42.6875	9.4375
11:29:16.088568	3.125	8.25	-5.3125	37.3125	74.625	31.3125	69.75	16.0	7.6875	66.375	39.1875	-15.6875
11:29:16.098687	4.0625	-5.0	-5.5625	54.5625	79.0	31.0625	62.875	-32.4375	4.875	28.3125	-27.875	-23.3125
11:29:16.108789	3.9375	-15.125	-7.3125	63.125	73.375	31.75	56.0	-57.25	-5.1875	-50.5	-52.1875	-32.6875
11:29:16.119424	3.8125	-21.5625	-9.5625	61.625	56.0	31.6875	52.3125	-43.3125	-17.125	-77.0625	-9.5625	-27.5625
11:29:16.129555	4.3125	-25.5	-12.0	55.25	29.0	30.375	45.4375	-12.5	-22.5	-73.5625	-29.5625	20.8125
11:29:16.139699	5.0625	-28.0625	-14.3125	50.0	-0.5625	29.0625	37.875	19.875	-19.75	-44.0	-10.9375	29.125
11:29:16.150360	6.0	-28.6875	-15.6875	43.6875	-30.875	27.6875	39.375	43.625	-13.625	-3.6875	19.25	10.5625
11:29:16.160453	6.1875	-27.6875	-15.125	37.125	-51.875	26.3125	42.1875	48.5	-7.375	2.125	8.8125	1.375
11:29:16.170526	5.875	-24.5	-12.375	32.5625	-56.625	25.8125	40.4375	36.25	-3.9375	-8.4375	-3.5	-0.125
11:29:16.180834	5.875	-24.5	-12.375	32.5625	-56.625	25.8125	36.3125	8.8125	-3.8125	-8.4375	-3.5	-0.125
11:29:16.191192	4.6875	-20.375	-8.375	30.3125	-47.625	25.125	37.0	-13.3125	-4.875	-28.25	-13.0625	5.3125
11:29:16.201301	1.0625	-10.1875	-1.0625	31.75	-30.25	23.0625	38.8125	-32.5625	-4.4375	-21.1875	-13.6875	4.4375
11:29:16.211429	-0.75	-4.5	1.375	39.5	-9.75	18.8125	37.6875	-43.0	-3.5625	-16.25	-10.9375	2.625
11:29:16.221501	-1.75	0.75	2.75	45.0625	6.4375	19.3125	38.0625	-11.75	-0.3125	-8.375	-5.0625	3.0625
11:29:16.231728	-2.3125	4.5625	3.6875	52.875	25.625	22.5	38.0625	-11.75	-0.3125	-24.5625	11.6875	-5.4375
11:29:16.241862	-2.75	6.0625	3.375	53.625	42.25	25.375	33.25	38.625	0.625	-48.3125	23.1875	-16.875
11:29:16.251993	-3.0	5.25	2.3125	54.0625	54.25	28.5625	32.1875	47.9375	1.25	-50.0	15.3125	-7.75
11:29:16.262286	-3.375	3.25	0.9375	54.75	63.1875	32.5	32.9375	46.75	1.75	-43.9375	6.5625	0.0
11:29:16.272398	-3.75	0.8125	-0.6875	52.8125	68.6875	34.3125	32.9375	46.75	1.75	-37.0625	-0.9375	3.0625
11:29:16.282511	-3.6875	-0.625	-2.625	48.3125	72.75	34.8125	32.4375	35.8125	4.625	-37.0625	-0.9375	3.0625
11:29:16.292626	-3.625	-0.875	-4.875	44.0625	72.625	36.6875	33.9375	18.1875	6.1875	-37.0625	-0.9375	3.0625
11:29:16.302710	-4.3125	-0.375	-5.0625	39.1875	70.9375	35.6875	37.1875	1.8125	5.75	-37.0625	-0.9375	3.0625
11:29:16.312861	-4.625	0.1875	-4.5625	36.8125	63.25	33.875	37.1875	1.8125	5.75	-19.0625	-2.1875	-8.0625
11:29:16.322965	-4.75	1.0	-4.75	37.1875	49.8125	31.1875	39.4375	-12.875	4.8125	-31.125	-1.375	-6.3125
11:29:16.333182	-5.0	1.375	-4.25	36.0	35.3125	28.1875	41.5	-14.6875	3.5	-31.125	-1.375	-6.3125
11:29:16.343284	-5.0	1.5625	-3.9375	33.5625	21.125	25.375	44.75	-2.375	2.875	-40.4375	4.6875	-3.4375
11:29:16.353417	-5.0	1.9375	-3.375	32.5	6.75	21.5	47.5625	7.9375	3.875	-37.6875	9.0	-7.375
11:29:16.363845	-4.3125	3.0	-3.0	32.0625	-4.0	16.9375	46.875	2.875	5.1875	-37.8125	10.1875	-1.1875
11:29:16.373917	-3.5625	4.6875	-2.0	33.1875	-10.25	14.375	46.25	-8.75	4.75	-42.8125	9.0625	1.5
11:29:16.384042	-2.1875	6.625	-0.75	35.5625	-12.375	13.25	47.625	-15.4375	4.25	-38.4375	-0.5	-3.25
11:29:16.394167	-0.5	7.75	0.5	37.25	-10.125	13.8125	47.8125	-21.75	4.75	-41.0	0.0	2.625
11:29:16.404627	1.125	7.375	1.6875	37.5	-3.8125	16.3125	45.875	-35.8125	3.9375	-39.875	-0.1875	6.625
11:29:16.414717	2.75	5.9375	3.0625	36.1875	3.6875	19.1875	44.0	-41.8125	2.25	-33.5625	4.25	-0.625
11:29:16.424787	4.3125	3.8125	4.0	36.3125	9.8125	23.25	44.75	-28.0	1.5625	-27.8125	3.375	-4.5625
11:29:16.434859	5.3125	1.125	4.9375	34.125	14.375	27.125	44.0	-14.375	1.3125	-35.0625	11.9375	0.25
11:29:16.445002	6.125	-1.6875	5.625	33.75	18.8125	30.125	41.3125	-7.5625	0.3125	-37.0625	12.0	3.5625
11:29:16.455111	7.0625	-4.0625	6.375	34.3125	23.4375	32.9375	41.5625	1.0	0.1875	-37.0625	12.0	3.5625
11:29:16.465218	8.125	-5.9375	6.4375	35.625	26.25	36.125	44.125	5.875	1.125	-29.8125	1.6875	-0.125
11:29:16.475894	8.5	-5.5625	6.0625	35.5625	29.875	37.0	40.6875	1.6875	0.6875	-33.1875	11.625	-1.125
11:29:16.486012	8.6875	-4.4375	5.375	38.375	33.125	37.875	39.5	1.8125	-0.1875	-38.5625	11.5	1.8125
11:29:16.496093	8.5625	-3.0	4.5625	40.0625	33.9375	38.6875	44.75	5.5	0.625	-24.0625	3.8125	1.5
11:29:16.506156	8.25	-1.4375	4.0625	40.875	32.8125	39.625	45.375	8.0625	1.875	-24.0	-0.8125	-2.8125
11:29:16.516247	7.875	0.3125	3.625	41.0625	27.125	39.4375	43.3125	8.625	1.875	-32.1875	4.125	-1.8125
11:29:16.526318	7.5625	2.0625	4.3125	38.875	21.0625	38.4375	44.1875	9.9375	1.5	-36.6875	5.625	0.8125
11:29:16.536388	7.3125	3.0625	4.1875	36.9375	16.4375	38.0625	47.0	7.6875	2.6875	-24.5	-6.8125	1.0625
11:29:16.546466	7.25	3.75	4.3125	35.3125	16.625	38.5	46.0	7.75	3.875	-35.375	-33.5625	15.375
11:29:16.556537	7.4375	4.0	4.0	34.3125	21.375	37.875	45.0	8.3125	2.75	-51.0	-25.9375	33.6875
11:29:16.566625	6.5	5.0	4.375	33.375	22.125	38.4375	46.75	13.625	2.25	-51.4375	11.4375	19.0625
11:29:16.577058	7.1875	6.0	4.9375	32.6875	27.875	38.5	48.125	22.3125	4.0625	-50.5625	-13.0	5.0625
11:29:16.587124	7.125	6.125	4.6875	30.9375	29.6875	37.375	47.5625	30.875	6.4375	-58.75	-7.3125	6.0
11:29:16.597207	6.3125	5.375	4.0625	30.1875	29.3125	36.625	49.6875	31.1875	7.5	-66.4375	4.3125	3.1875
11:29:16.607276	6.1875	4.5	3.3125	28.9375	26.875	36.75	53.75	27.5	9.375	-63.375	-18.125	1.625
11:29:16.617379	5.8125	3.5625	2.875	24.4375	24.5625	35.0	57.625	25.5625	12.4375	-61.9375	-31.5	3.875
11:29:16.627444	5.1875	2.5	2.6875	20.0	23.25	34.25	58.9375	21.4375	14.5625	-72.125	-26.625	4.1875
11:29:16.637518	4.6875	1.75	3.0625	16.375	21.25	33.8125	62.25	20.375	15.4375	-77.9375	-33.6875	2.375
11:29:16.647678	4.4375	0.8125	3.4375	12.1875	23.1875	34.1875	67.0625	19.9375	17.375	-78.8125	-42.0	3.0625
11:29:16.657749	3.75	-0.9375	4.375	9.125	26.3125	33.1875	70.0	22.5	18.875	-80.1875	-43.4375	6.3125
11:29:16.667938	3.3125	-1.25	5.6875	7.4375	28.1875	31.625	73.375	22.375	19.625	-93.4375	-37.25	5.25
11:29:16.678043	2.9375	-1.6875	6.4375	4.9375	29.3125	29.75	78.1875	23.75	19.75	-100.75	-34.125	5.25
11:29:16.688116	0.875	-2.625	6.875	1.375	27.0	26.5625	84.5625	24.75	21.125	-99.1875	-34.625	6.375
11:29:16.698257	-3.375	-2.4375	8.8125	-1.5625	24.1875	22.375	87.875	29.875	23.375	-102.5625	-42.75	-0.375
11:29:16.708776	-7.6875	-2.1875	11.75	-6.6875	16.375	16.625	90.9375	27.4375	25.25	-109.75	-72.75	-0.75
11:29:16.719089	-11.0625	-4.6875	13.5	-13.1875	5.125	9.1875	97.375	19.6875	24.6875	-121.25	-54.3125	20.6875
11:29:16.729251	-13.4375	-13.0625	11.5	-20.5625	-6.75	1.4375	105.125	7.8125	24.1875	-120.6875	-24.375	17.8125
11:29:16.739347	-13.4375	-25.8125	7.5	-30.0625	-21.5	-5.375	110.375	6.25	22.5	-120.6875	-24.375	17.8125
11:29:16.749452	-12.0	-39.625	3.0	-52.75	-42.5	-16.375	116.8125	12.375	21.3125	-143.375	-50.5625	45.1875
11:29:16.759558	-9.9375	-50.125	-3.25	-64.625	-50.25	-21.1875	123.0	20.0	19.6875	-129.8125	-34.375	57.875
11:29:16.769770	-8.125	-50.625	-7.3125	-64.625	-50.25	-21.1875	129.25	24.3125	17.125	-130.875	12.5625	79.5625
11:29:16.780066	-5.0625	-39.4375	-7.8125	-98.5625	-65.8125	-30.5	134.8125	41.625	17.5625	-139.8125	24.0625	85.875
11:29:16.790135	-3.3125	-23.1875	-6.1875	-115.3125	-79.0	-32.375	143.875	74.5	19.5625	-167.0	1.375	90.4375
11:29:16.800267	-2.25	-7.625	-4.6875	-127.1875	-83.25	-32.875	146.375	111.5625	24.5	-201.0625	26.4375	75.3125
11:29:16.811044	-1.875	6.0	-3.625	-138.5625	-85.625	-39.3125	149.125	146.625	29.375	-239.75	28.25	38.8125
11:29:16.821167	-2.5	16.5	-4.6875	-147.75	-51.3125	-42.5	151.6875	162.25	29.875	-303.25	-38.6875	8.375
11:29:16.831299	-3.5625	23.9375	-7.1875	-154.875	1.6875	-49.4375	133.625	139.6875	30.625	-357.6875	-85.1875	-1.875
11:29:16.841872	-5.375	28.8125	-9.375	-154.3125	24.25	-59.6875	105.4375	79.0625	32.125	-354.4375	-104.6875	2.4375
11:29:16.852043	-7.9375	29.3125	-9.8125	-139.375	29.8125	-68.625	85.25	14.125	27.625	-275.3125	-257.5	-4.8125
11:29:16.862171	-10.375	26.625	-8.5	-115.375	11.6875	-67.75	89.5	-47.125	16.6875	-77.375	-164.625	-4.4375
11:29:16.872578	-12.3125	21.0	-5.8125	-96.625	14.5625	-66.25	89.0	-30.6875	15.3125	92.8125	258.625	20.5625
11:29:16.883002	-12.5	14.125	-1.75	-86.625	23.4375	-64.5625	80.0	-12.75	10.0625	125.8125	359.625	50.6875
11:29:16.893131	-10.875	7.375	2.5	-80.6875	16.9375	-63.6875	61.25	-0.1875	6.5	125.8125	359.625	50.6875
11:29:16.903346	-7.6875	0.9375	5.4375	-78.875	9.875	-63.9375	26.625	-11.5	4.5625	32.5625	-26.625	-62.6875
11:29:16.913810	-4.125	-5.1875	6.875	-78.625	5.6875	-65.25	1.5625	-19.5	2.375	15.8125	62.125	-42.9375
11:29:16.923884	-1.1875	-9.875	6.125	-79.8125	-12.125	-65.875	-19.5625	-24.25	-3.25	94.1875	151.1875	-62.0
11:29:16.933993	0.0	-11.375	6.0	-81.0	-31.0625	-67.375	-39.75	-41.4375	-11.6875	183.0625	106.6875	-90.5
11:29:16.944658	0.3125	-10.5	5.5	-83.125	-41.3125	-71.1875	-63.125	-55.625	-20.3125	227.8125	40.6875	-86.0
11:29:16.954911	0.3125	-7.8125	3.8125	-85.5625	-49.75	-73.5625	-84.375	-54.875	-28.1875	192.8125	33.4375	-27.3125
11:29:16.964983	1.0625	-2.0625	0.125	-83.6875	-56.875	-74.9375	-105.875	-47.25	-29.875	137.0	31.5625	-1.3125
11:29:16.975429	1.5	0.4375	-0.875	-75.6875	-63.625	-74.875	-127.8125	-34.125	-27.375	152.125	19.1875	0.0
11:29:16.985878	1.9375	1.5	-1.1875	-68.3125	-62.125	-73.875	-147.875	-25.375	-22.4375	222.1875	5.75	13.1875
11:29:16.995979	2.1875	1.875	-1.25	-61.4375	-57.375	-69.25	-164.5625	-37.0	-22.25	255.25	5.0	3.5625
11:29:17.006233	2.3125	1.3125	-1.3125	-57.25	-57.375	-62.625	-182.0625	-51.25	-26.5625	254.625	21.75	-6.8125
11:29:17.016299	2.0625	-0.4375	-1.0625	-57.0	-54.9375	-59.0625	-198.5	-60.8125	-30.8125	259.9375	39.25	-8.875
11:29:17.026426	2.3125	-1.625	-1.4375	-52.5	-55.25	-52.8125	-215.5	-69.75	-34.0	266.1875	50.25	-3.9375
11:29:17.036492	2.375	-3.5	-0.9375	-44.75	-54.3125	-47.0	-229.875	-66.375	-36.375	263.0625	71.4375	10.0
11:29:17.046568	2.375	-4.8125	-1.5	-35.375	-48.8125	-43.4375	-240.125	-49.4375	-38.5	251.25	90.375	23.375
11:29:17.056682	1.9375	-5.6875	-2.3125	-27.1875	-40.375	-40.5625	-249.25	-18.5	-39.9375	238.875	101.0	34.625
11:29:17.066755	1.9375	-6.625	-2.4375	-21.5625	-32.4375	-37.25	-257.375	23.0	-40.5625	231.25	106.0	36.0625
11:29:17.076844	0.5	-7.75	-2.5625	-21.5625	-32.4375	-37.25	-261.875	59.3125	-40.9375	233.9375	112.8125	29.8125
11:29:17.086958	-1.125	-8.75	-2.5	-16.6875	-22.875	-33.375	-263.5	79.125	-42.8125	235.3125	110.375	30.4375
11:29:17.097071	-2.875	-9.25	-1.75	-10.625	-16.5	-32.375	-263.1875	82.9375	-46.3125	225.5625	96.0	35.6875
11:29:17.107199	-4.8125	-8.625	-0.8125	-3.6875	-8.5625	-32.0	-261.25	65.3125	-47.4375	229.1875	74.625	40.3125
11:29:17.117265	-6.5	-6.5625	-0.3125	1.8125	-1.5	-31.8125	-256.75	35.875	-46.6875	235.75	64.0625	38.75
11:29:17.127334	-8.1875	-3.0625	0.8125	5.8125	3.5625	-30.4375	-251.0	7.25	-45.1875	229.6875	52.0625	35.875
11:29:17.137408	-9.3125	0.625	2.0	6.0	6.0	-30.5	-246.25	-12.5625	-43.4375	226.1875	31.5	29.25
11:29:17.147484	-9.9375	4.3125	3.75	6.1875	5.625	-29.0	-240.6875	-22.3125	-40.8125	224.3125	19.875	17.1875
11:29:17.157576	-9.9375	7.0	5.5625	10.25	4.5	-26.375	-235.0625	-25.875	-36.1875	221.375	14.6875	11.6875
11:29:17.167662	-9.5	7.6875	7.125	13.875	3.25	-23.8125	-228.8125	-26.5625	-30.4375	204.6875	-7.1875	5.75
11:29:17.177790	-8.6875	7.125	8.625	20.4375	3.5	-21.5	-220.8125	-23.9375	-24.3125	204.6875	-7.1875	5.75
11:29:17.187896	-7.8125	5.75	9.875	25.6875	3.3125	-20.375	-211.125	-21.3125	-19.9375	195.875	-7.1875	-0.8125
11:29:17.198015	-6.75	4.0	10.625	25.6875	3.3125	-20.375	-199.875	-21.1875	-16.9375	178.9375	-6.875	1.875
11:29:17.208090	-5.6875	2.25	11.1875	28.125	-5.875	-15.3125	-183.8125	-28.125	-15.4375	160.0	-9.3125	5.75
11:29:17.218215	-4.375	0.8125	11.375	25.625	-10.375	-14.375	-166.875	-36.5625	-13.75	142.4375	-11.75	5.0625
11:29:17.228311	-3.5	-0.4375	11.25	22.75	-12.5625	-11.9375	-147.1875	-39.8125	-12.0625	124.3125	-13.5625	3.875
11:29:17.238872	-2.6875	-1.0	11.25	22.75	-12.5625	-11.9375	-126.4375	-38.125	-9.75	107.0	-22.875	1.8125
11:29:17.248941	-2.5625	-2.25	10.25	18.75	-11.9375	-10.875	-104.6875	-32.0	-7.375	87.6875	-32.0625	1.0625
11:29:17.259043	-2.0	-3.875	9.25	15.1875	-12.8125	-11.125	-83.3125	-25.3125	-5.625	64.6875	-34.125	3.75
11:29:17.269154	-1.5625	-5.3125	8.375	13.5	-13.0625	-11.8125	-61.875	-15.4375	-5.0625	19.25	-32.8125	6.0625
11:29:17.279260	-1.75	-6.8125	7.125	11.6875	-12.9375	-11.8125	-40.125	-7.3125	-5.0625	0.875	-30.4375	2.8125
11:29:17.289881	-2.0625	-7.6875	5.125	9.625	-9.6875	-12.25	-19.3125	-7.875	-4.8125	-14.75	-22.125	1.8125
11:29:17.300059	-2.25	-8.0	3.875	3.375	-9.8125	-13.0625	1.75	-14.3125	-4.3125	-32.0	-26.625	1.6875
11:29:17.310233	-2.3125	-8.0625	3.3125	0.375	-12.5625	-14.0	22.25	-22.5	-3.875	-47.0625	-29.1875	0.0
11:29:17.320864	-2.1875	-8.375	2.375	-1.375	-18.375	-13.8125	40.625	-31.5	-3.375	-57.875	-23.75	-2.25
11:29:17.330992	-1.8125	-9.75	1.5	-2.0	-23.5	-12.3125	56.25	-37.25	-3.1875	-52.75	-23.625	-13.0625
11:29:17.341634	-1.9375	-11.375	1.0	1.875	-24.75	-10.1875	69.0	-38.5	-3.75	-109.125	-63.125	-45.3125
11:29:17.351771	-2.3125	-12.0625	0.8125	6.1875	-23.75	-7.75	79.25	-34.0	-5.0	-129.625	-66.375	-56.0625
11:29:17.361922	-2.5625	-10.8125	1.5625	9.3125	-21.1875	-5.125	88.1875	-25.125	-5.6875	-87.9375	-9.875	-39.3125
11:29:17.372182	-3.1875	-8.875	2.625	12.9375	-16.5625	-1.75	100.75	-18.75	-4.1875	-37.5	-36.8125	-34.3125
11:29:17.382786	-3.9375	-6.0625	2.9375	18.0625	-12.0625	2.3125	89.5625	6.0625	-2.125	134.5625	-60.6875	-28.0
11:29:17.392954	-3.125	-3.3125	3.0	28.4375	-10.9375	6.125	54.125	59.0625	-0.875	74.875	111.3125	-51.0
11:29:17.403590	-0.3125	-4.1875	4.5	46.75	-5.4375	12.0625	17.6875	19.25	3.3125	-170.75	-87.6875	-60.625
11:29:17.413860	3.0	-7.0625	5.1875	56.4375	11.125	19.6875	15.3125	-70.3125	3.3125	-194.0625	-334.1875	-10.4375
11:29:17.424470	5.1875	-6.8125	3.875	47.6875	11.5	22.1875	46.1875	-134.125	-7.625	-171.4375	-89.5	93.9375
11:29:17.434610	5.625	7.375	-0.9375	33.875	1.875	21.0	70.4375	-149.125	-16.5	-170.875	111.5	109.8125
11:29:17.444710	5.375	17.25	-2.375	30.9375	3.4375	18.0	71.4375	-96.625	-16.625	-194.0625	-14.4375	58.875
11:29:17.454824	5.5625	24.25	-2.6875	18.4375	-3.4375	8.0625	67.375	-34.25	-10.0625	-118.625	-107.875	42.3125
11:29:17.464955	5.625	24.9375	-2.0625	0.3125	-4.6875	-3.1875	70.8125	20.6875	-3.375	-53.875	-40.3125	52.0625
11:29:17.475025	6.6875	19.3125	-1.8125	-7.875	13.8125	-4.125	71.4375	37.25	2.75	-8.5	-27.625	16.625
11:29:17.485569	8.625	9.1875	-3.0	7.875	44.25	9.25	70.0	17.25	6.4375	37.375	4.125	-5.9375
11:29:17.495642	9.375	-3.125	-4.4375	28.125	58.6875	23.9375	70.625	-23.8125	3.5	63.375	31.4375	-5.625
11:29:17.505717	9.3125	-13.875	-6.375	34.6875	60.6875	29.0	65.3125	-60.0	-4.6875	-8.875	-22.0625	-6.125
11:29:17.515869	8.9375	-21.4375	-8.1875	41.6875	62.75	27.625	57.3125	-60.5625	-15.5625	-94.0625	-70.75	-25.5625
11:29:17.525939	8.8125	-26.625	-9.5625	49.75	66.1875	25.8125	53.0625	-34.0625	-24.25	-117.625	-30.75	-15.9375
11:29:17.536035	8.8125	-30.0625	-10.625	61.8125	69.125	26.6875	50.0	3.6875	-25.4375	-100.4375	5.6875	11.8125
11:29:17.546166	8.75	-31.125	-10.1875	63.0625	59.875	27.375	47.625	37.9375	-19.25	-60.8125	-8.75	8.125
11:29:17.556242	8.5625	-30.4375	-8.9375	58.0625	38.3125	26.875	47.0625	53.875	-12.375	-19.6875	6.8125	-0.125
11:29:17.566739	7.8125	-28.625	-5.9375	48.5625	5.25	25.9375	47.9375	49.1875	-8.625	1.0	12.5625	1.75
11:29:17.576838	7.0625	-25.75	-2.5	37.1875	-29.3125	25.0625	46.625	27.8125	-8.125	3.5625	6.375	-3.0625
11:29:17.586926	6.0	-20.375	0.0625	31.0625	-51.0625	23.8125	43.375	3.5625	-8.8125	-30.4375	-9.375	0.875
11:29:17.597000	5.0625	-13.0	1.625	28.9375	-58.0	22.625	42.25	-23.5625	-8.4375	-49.5	-22.5625	9.875
11:29:17.607067	3.5625	-5.125	2.3125	28.375	-50.0625	20.3125	43.8125	-40.625	-7.75	-37.4375	-22.5625	20.75
11:29:17.617222	2.25	1.1875	3.3125	31.1875	-35.125	18.0	43.8125	-41.0625	-5.1875	-16.125	-20.5	21.25
11:29:17.627287	1.5	5.375	3.25	35.0	-20.1875	17.3125	41.0	-26.875	-2.5	-6.0625	-14.1875	7.9375
11:29:17.637387	0.875	7.375	2.4375	42.875	-6.0	17.125	39.3125	-7.5625	-1.0625	-9.125	1.8125	-5.1875
11:29:17.647458	0.5	7.25	0.875	48.3125	9.4375	18.8125	39.5625	15.0625	-1.375	-27.0625	19.125	-11.375
11:29:17.657525	-0.25	6.1875	-0.625	50.5625	29.5	20.6875	37.875	33.5	-2.0	-41.875	13.1875	-15.875
11:29:17.667667	-0.6875	4.875	-2.8125	54.4375	45.875	23.4375	34.5625	46.1875	-1.8125	-46.9375	11.1875	2.625
11:29:17.677729	-1.0	3.8125	-4.5	54.375	58.25	28.0	35.25	52.8125	-0.8125	-46.9375	11.1875	2.625
11:29:17.687802	-1.0	3.8125	-4.5	54.4375	61.4375	31.5	35.875	50.0625	1.4375	-33.75	2.5625	11.3125
11:29:17.697869	-1.25	3.4375	-5.625	52.125	68.625	33.0625	35.125	49.6875	4.0625	-24.5625	-4.0	6.0
11:29:17.707962	-1.8125	3.9375	-6.3125	49.25	73.125	33.8125	32.5	39.6875	6.4375	-18.1875	2.875	3.5
11:29:17.718059	-2.5	4.75	-6.125	45.5625	79.5625	35.375	33.375	17.875	6.25	-17.6875	7.75	2.125
11:29:17.728691	-3.25	6.75	-6.0	41.875	83.25	36.375	35.75	-1.1875	4.6875	-15.75	-0.4375	-2.125
11:29:17.738801	-4.25	9.0	-5.625	41.0	80.5625	36.4375	35.25	-9.0	3.8125	-34.625	0.3125	-6.5
11:29:17.748872	-4.8125	11.0	-5.5	39.75	72.375	35.125	33.5625	-14.625	3.1875	-38.5	16.75	-1.75
11:29:17.758992	-5.25	12.375	-4.8125	40.625	57.8125	33.5	34.25	-12.25	2.0	-25.125	12.4375	-6.3125
11:29:17.769233	-4.4375	13.375	-5.0	42.4375	43.1875	32.0625	36.8125	5.3125	1.4375	-28.4375	10.875	-10.3125
11:29:17.779612	-4.0	13.25	-4.625	46.5	27.625	30.4375	37.25	20.5	2.8125	-35.0625	13.375	-2.0625
11:29:17.789707	-3.125	13.125	-3.625	47.8125	6.25	25.1875	33.5	12.6875	3.1875	-35.625	13.125	4.8125
11:29:17.799805	-1.1875	12.5	-2.625	47.375	-2.75	23.6875	29.25	-5.1875	2.3125	-23.0625	-0.5625	1.5625
11:29:17.809923	0.625	11.3125	-2.5	50.0625	-7.1875	23.875	29.4375	-15.3125	2.125	-23.9375	-4.6875	0.9375
11:29:17.820583	2.3125	9.625	-2.5625	50.0625	-7.1875	23.875	30.0	-23.875	2.1875	-28.125	3.0	1.875
11:29:17.830699	3.9375	7.25	-2.8125	49.0	-4.5	27.8125	27.625	-29.3125	1.3125	-20.875	8.0625	0.625
11:29:17.840801	5.1875	4.4375	-3.1875	46.5	1.125	31.0625	27.5625	-20.8125	0.375	-22.0	5.9375	-3.25
11:29:17.850938	6.0625	1.9375	-3.4375	44.3125	5.5	33.375	30.3125	-7.5625	0.9375	-22.5	14.5	-3.375
11:29:17.861588	6.6875	0.3125	-3.875	43.5	15.875	35.1875	30.0625	-4.1875	1.3125	-33.25	13.5	0.5625
11:29:17.872365	7.3125	0.375	-4.0625	41.25	24.375	35.625	34.125	5.0	0.3125	-24.6875	9.9375	2.1875
11:29:17.882505	7.75	1.4375	-4.0	40.25	28.6875	36.75	36.4375	7.3125	1.625	-24.8125	2.8125	-1.6875
11:29:17.892602	8.1875	2.8125	-3.625	40.4375	31.0	37.25	36.0625	3.625	2.0	-29.875	5.9375	0.625
11:29:17.902731	8.625	4.375	-3.375	39.4375	32.5	36.75	38.5625	2.5625	1.0625	-35.0625	9.375	3.4375
11:29:17.912906	9.0	6.4375	-2.75	38.5625	29.25	36.25	43.875	2.25	2.0	-21.75	1.8125	0.4375
11:29:17.923506	9.4375	8.6875	-2.9375	36.625	28.1875	35.6875	44.8125	4.125	2.875	-29.125	-1.3125	-1.25
11:29:17.933638	9.875	10.375	-2.5625	36.9375	29.875	34.0625	44.4375	7.8125	2.25	-39.375	7.0625	4.0
11:29:17.943710	10.0625	12.0625	-2.1875	36.0	33.25	33.1875	48.25	12.3125	2.4375	-37.5	-16.25	24.25
11:29:17.953784	10.5625	13.3125	-1.6875	34.6875	38.6875	31.75	50.625	17.5625	3.5625	-34.8125	-31.6875	41.0625
11:29:17.964203	9.875	15.5	-0.6875	32.3125	41.3125	31.9375	48.1875	23.5625	3.25	-45.6875	15.625	27.3125
11:29:17.974497	9.5625	17.75	0.625	29.8125	42.1875	32.0	47.0	28.3125	2.6875	-58.0	3.0625	13.375
11:29:17.984562	9.875	19.375	1.3125	28.125	42.0625	31.625	51.5625	36.0	4.375	-56.4375	-4.0625	7.625
11:29:17.994635	9.5625	20.125	2.25	24.9375	41.3125	31.5625	53.5625	37.5	7.25	-53.5625	4.125	5.3125
11:29:18.004762	9.125	19.6875	2.1875	22.5	40.8125	30.5	52.1875	33.625	9.3125	-65.1875	-5.625	5.9375
11:29:18.014866	7.5625	15.75	1.6875	21.8125	36.125	31.1875	55.875	31.5625	10.375	-71.375	-11.3125	2.3125
11:29:18.024945	7.25	13.0625	1.625	20.625	31.75	31.1875	61.0	28.3125	12.875	-65.5	-22.0	0.25
11:29:18.035017	6.3125	10.375	0.8125	18.8125	29.0625	31.25	63.0	26.5625	15.4375	-61.4375	-39.9375	4.75
11:29:18.045126	5.8125	8.3125	1.0625	16.3125	24.9375	31.5	62.6875	20.75	16.5625	-73.875	-32.125	5.5
11:29:18.055236	5.5625	6.875	1.5	15.9375	21.1875	32.25	65.875	18.25	16.6875	-82.6875	-29.5625	2.3125
11:29:18.065380	5.5	5.5	1.875	13.4375	21.4375	32.8125	70.4375	19.375	18.1875	-78.6875	-42.8125	3.4375
11:29:18.075990	5.25	4.1875	2.6875	10.8125	26.25	33.5	70.75	22.125	19.5625	-79.3125	-43.3125	6.625
11:29:18.086116	5.0	2.5	3.625	8.9375	28.75	32.6875	71.5	23.1875	19.9375	-92.375	-32.3125	5.0
11:29:18.096192	4.8125	1.0625	4.875	10.125	28.4375	31.375	75.3125	24.875	20.3125	-96.0	-29.0625	2.0
11:29:18.106266	4.3125	0.0	5.25	10.375	27.6875	31.0	79.875	27.625	22.25	-84.1875	-29.375	0.8125
11:29:18.116338	1.8125	-1.125	6.375	8.3125	25.8125	30.0	80.625	33.0625	25.125	-91.125	-33.25	-2.0
11:29:18.126501	-2.6875	-0.9375	9.25	6.8125	24.4375	26.25	81.75	31.5625	26.625	-100.625	-67.875	-1.625
11:29:18.136566	-5.9375	-0.6875	11.875	4.9375	17.0	23.125	88.125	22.375	26.5625	-101.5625	-59.9375	13.1875
11:29:18.146661	-9.0	-4.5625	11.9375	-0.0625	8.875	17.75	93.125	10.1875	26.5	-102.8125	-15.5	16.75
11:29:18.156731	-11.5	-14.5625	8.8125	-5.75	-1.4375	10.8125	96.625	9.5625	25.1875	-113.9375	-27.125	10.625
11:29:18.166801	-11.375	-25.625	5.125	-13.4375	-13.3125	4.875	102.4375	19.4375	24.25	-128.4375	-62.4375	17.75
11:29:18.176913	-11.3125	-40.0	-1.4375	-22.8125	-23.5625	-1.375	108.375	25.125	24.1875	-125.5	-47.875	29.3125
11:29:18.186977	-9.875	-49.25	-5.8125	-33.3125	-33.8125	-7.1875	114.625	28.625	22.75	-124.0	-32.0	47.5
11:29:18.197066	-7.6875	-47.4375	-7.5625	-43.25	-40.0	-11.75	118.75	34.375	21.5625	-128.8125	-26.5	63.5625
11:29:18.207134	-6.0	-38.125	-7.0625	-54.375	-43.0	-16.0	124.4375	45.9375	21.375	-124.875	-0.125	75.125
11:29:18.217305	-4.4375	-24.0	-4.8125	-68.0	-43.4375	-21.625	135.375	83.1875	23.8125	-139.6875	19.375	89.5
11:29:18.227424	-2.6875	-8.5625	-2.375	-84.25	-46.75	-25.625	142.75	122.125	29.8125	-165.4375	32.3125	88.125
11:29:18.237527	-1.875	3.8125	-2.75	-101.375	-54.125	-30.6875	139.25	152.5	29.375	-182.25	48.75	61.4375
11:29:18.247702	-2.1875	13.25	-4.6875	-116.5	-64.75	-34.25	139.25	152.5	29.375	-222.6875	4.125	23.5
11:29:18.257854	-3.3125	21.5	-6.1875	-125.8125	-61.0	-39.8125	94.875	46.625	26.375	-293.0625	-84.3125	2.6875
11:29:18.267979	-4.5	27.6875	-7.0	-134.5	-52.3125	-44.0	96.0	-17.125	21.8125	-320.0625	-86.4375	40.875
11:29:18.278414	-6.4375	30.5625	-6.875	-137.8125	-7.375	-46.625	98.8125	-40.5	13.375	-320.0625	-86.4375	40.875
11:29:18.288511	-9.125	29.625	-6.5	-142.8125	21.5625	-49.4375	96.8125	-27.75	13.125	-49.75	-92.9375	8.0625
11:29:18.298617	-11.1875	24.9375	-5.0	-136.4375	23.4375	-55.125	92.75	12.0	9.0	64.9375	294.25	35.75
11:29:18.308783	-12.0	18.75	-2.625	-119.4375	16.1875	-56.125	82.8125	32.3125	2.1875	84.125	326.25	56.4375
11:29:18.319438	-11.1875	12.375	0.375	-108.125	-2.125	-52.125	57.625	37.9375	-1.5	84.125	326.25	56.4375
11:29:18.329510	-9.25	6.75	2.6875	-98.4375	13.6875	-51.625	29.375	25.4375	-4.4375	13.3125	13.0625	-38.75
11:29:18.339575	-6.4375	1.1875	3.875	-92.4375	14.0	-48.875	8.25	18.75	-9.4375	14.4375	162.25	-24.8125
11:29:18.349669	-3.875	-3.0	4.0	-89.0	10.3125	-47.25	8.25	18.75	-9.4375	97.9375	205.375	-53.0
11:29:18.360331	-1.5625	-5.6875	2.6875	-89.25	7.5625	-46.0	-29.8125	-25.3125	-26.8125	189.3125	101.5	-84.1875
11:29:18.370499	-0.0625	-6.1875	1.9375	-88.125	5.8125	-45.875	-54.3125	-35.1875	-34.1875	228.5625	48.5	-76.0625
11:29:18.380613	0.9375	-5.875	1.125	-85.25	-16.75	-53.6875	-78.0	-39.6875	-38.9375	180.9375	72.0625	-17.1875
11:29:18.391303	1.9375	-4.5625	0.0625	-81.75	-25.75	-59.0625	-99.3125	-31.375	-38.3125	128.375	66.8125	4.25
11:29:18.401395	3.3125	-3.375	-1.5	-79.5625	-41.0625	-63.3125	-140.5	-24.75	-29.625	152.5	27.875	13.8125
11:29:18.411487	4.75	-2.375	-2.9375	-76.375	-51.0	-66.25	-153.1875	-45.4375	-30.8125	204.875	9.5	23.1875
11:29:18.421655	5.8125	-1.0	-3.6875	-71.8125	-57.9375	-65.875	-168.0	-67.0	-32.8125	227.75	13.8125	14.5625
11:29:18.432258	6.6875	0.375	-3.8125	-65.25	-63.3125	-64.1875	-183.1875	-72.125	-34.375	239.1875	27.625	2.25
11:29:18.442333	7.5	2.125	-3.875	-63.0625	-64.6875	-58.4375	-198.75	-64.4375	-34.6875	245.4375	39.75	-3.875
11:29:18.452527	7.8125	3.4375	-4.0	-60.625	-62.4375	-54.1875	-213.1875	-46.6875	-35.6875	244.0	55.1875	-0.1875
11:29:18.462622	8.25	4.25	-4.3125	-54.75	-65.25	-48.125	-222.4375	-17.625	-37.625	241.375	73.4375	6.9375
11:29:18.472780	8.25	5.125	-4.1875	-49.0	-62.75	-46.875	-230.625	13.0	-38.625	234.75	94.3125	18.375
11:29:18.482901	8.0625	5.5625	-3.5625	-41.4375	-51.6875	-46.25	-237.4375	41.0625	-39.625	224.0	102.6875	28.5
11:29:18.492967	6.875	6.375	-2.5	-34.1875	-38.0	-46.1875	-242.9375	59.8125	-39.4375	210.1875	102.125	33.25
11:29:18.503138	6.0625	6.375	-1.8125	-19.75	-20.0	-45.25	-245.1875	65.375	-39.875	215.75	110.3125	31.0
11:29:18.513781	4.0625	5.6875	-1.5625	-14.4375	-7.0	-44.5	-245.0	58.0	-41.375	225.125	106.75	29.5625
11:29:18.524442	2.0625	5.5625	-1.625	-14.25	0.375	-43.5625	-243.5	40.5	-43.4375	218.5	92.5625	33.9375
11:29:18.534602	0.1875	6.0625	-1.8125	-9.0	8.375	-43.0625	-243.625	19.0625	-43.75	212.8125	74.8125	39.875
11:29:18.544669	-1.625	6.625	-2.4375	-2.5625	15.0625	-41.1875	-241.4375	-0.0625	-42.0	213.5	56.0	39.125
11:29:18.554758	-3.125	7.6875	-3.4375	1.3125	16.9375	-40.125	-236.625	-9.625	-41.1875	207.625	43.6875	35.4375
11:29:18.564830	-4.625	8.625	-3.75	0.625	13.8125	-39.125	-231.0	-13.375	-40.5625	207.0	29.4375	32.25
11:29:18.574898	-5.6875	9.625	-4.375	1.125	8.9375	-38.75	-224.75	-12.8125	-38.9375	209.9375	18.375	30.3125
11:29:18.584978	-6.25	10.625	-3.9375	1.625	1.625	-36.25	-218.75	-15.4375	-35.375	204.875	15.6875	28.5625
11:29:18.595050	-6.5625	11.125	-3.3125	4.3125	-1.875	-32.3125	-213.625	-20.5625	-32.125	192.9375	9.375	27.1875
11:29:18.605141	-7.0625	11.125	-2.3125	7.0	-3.8125	-28.5625	-206.375	-23.375	-29.125	187.8125	3.625	23.0
11:29:18.615209	-7.5	10.125	-1.125	7.3125	-9.0625	-26.1875	-196.75	-24.125	-26.625	178.8125	-0.8125	16.4375
11:29:18.625281	-8.0	8.8125	0.1875	10.6875	-12.5	-25.25	-186.0	-27.8125	-23.625	168.6875	-1.625	9.8125
11:29:18.635359	-8.3125	6.5625	1.125	13.0625	-17.125	-24.125	-174.9375	-33.5625	-19.9375	156.1875	-1.8125	7.8125
11:29:18.645433	-8.875	3.0625	1.375	13.875	-20.125	-23.75	-161.1875	-38.875	-16.375	151.9375	-13.75	6.8125
11:29:18.655522	-8.6875	-0.5	1.5	15.1875	-25.0625	-22.25	-146.625	-44.25	-12.75	149.375	-22.4375	1.8125
11:29:18.665588	-7.75	-3.5	2.1875	14.8125	-29.3125	-20.375	-131.875	-50.0	-10.0625	135.375	-33.625	-3.4375
11:29:18.675692	-6.5625	-6.5	2.5	13.4375	-32.3125	-18.375	-116.375	-56.375	-7.1875	125.375	-41.125	-7.6875
11:29:18.685774	-6.25	-9.5625	2.0625	12.9375	-33.8125	-15.75	-100.0	-64.0625	-4.9375	113.125	-46.625	-9.5625
11:29:18.695872	-6.25	-12.3125	1.8125	12.8125	-32.8125	-14.6875	-83.75	-67.75	-3.5	99.5	-52.125	-8.9375
11:29:18.705990	-6.3125	-13.875	2.1875	12.375	-30.4375	-14.5	-66.3125	-63.0	-2.6875	83.1875	-49.8125	-7.625
11:29:18.716103	-8.4375	-16.3125	2.6875	11.4375	-25.4375	-14.1875	-48.25	-52.5	-2.1875	65.3125	-42.25	-7.125
11:29:18.726195	-9.25	-16.8125	1.8125	9.875	-19.75	-12.875	-29.75	-41.6875	-1.4375	46.0625	-38.75	-9.125
11:29:18.736330	-9.875	-16.5	0.5	6.125	-14.75	-10.625	-12.0	-33.6875	-0.625	25.8125	-34.125	-9.25
11:29:18.746442	-10.1875	-15.6875	-1.4375	2.75	-12.1875	-9.375	5.1875	-27.1875	-0.4375	6.8125	-25.9375	-7.3125
11:29:18.757059	-10.3125	-13.625	-2.6875	1.4375	-13.75	-9.3125	22.1875	-23.5	-1.1875	-13.375	-23.5	-5.75
11:29:18.767152	-10.5	-10.8125	-5.25	1.375	-15.125	-9.125	37.5625	-21.375	-2.5	-31.75	-17.0	-3.625
11:29:18.777225	-10.5	-8.0	-7.5625	1.8125	-15.0	-8.75	52.875	-17.125	-4.0	-28.125	-9.0625	-7.3125
11:29:18.787304	-10.5625	-5.5	-10.0625	1.375	-16.9375	-7.5625	66.5625	-12.1875	-5.0625	-66.5625	-50.5	-22.75
11:29:18.797408	-10.25	-3.0	-11.6875	0.625	-20.0	-5.75	80.125	-10.9375	-5.125	-100.375	-67.375	-34.0
11:29:18.807497	-10.125	-0.6875	-12.5625	3.125	-18.5625	-3.6875	93.0625	-14.0	-4.625	-109.0625	-59.8125	-39.0
11:29:18.817627	-10.0	1.8125	-12.5	9.4375	-15.25	-0.75	98.75	5.75	-5.8125	-94.6875	-79.75	-29.5
11:29:18.828160	-9.5625	5.75	-14.0	14.5625	-14.9375	4.1875	72.8125	59.25	-8.1875	33.0	-89.9375	1.375
11:29:18.838299	-7.4375	7.9375	-13.1875	20.8125	-14.75	13.125	40.25	17.9375	-0.3125	11.375	200.5625	-38.8125
11:29:18.848420	-3.625	3.875	-9.75	28.25	-11.1875	21.875	42.625	-61.375	3.875	-153.8125	-358.0	-54.5625
11:29:18.858529	-1.125	-2.125	-7.25	26.125	-8.4375	20.25	42.625	-61.375	3.875	-163.1875	-151.75	64.4375
11:29:18.869191	0.25	-2.5625	-7.375	7.875	-7.0625	12.9375	83.1875	-120.5	-12.8125	-149.25	95.5625	111.3125
11:29:18.879460	0.25	9.0625	-9.75	-6.4375	14.5625	5.5625	82.25	-66.4375	-11.75	-203.25	-2.6875	84.8125
11:29:18.889567	-1.4375	30.3125	-13.0625	-7.1875	39.5	0.4375	76.3125	-9.125	-6.6875	-167.1875	-107.875	71.9375
11:29:18.899690	-3.8125	51.375	-16.1875	-6.3125	53.625	-1.375	79.125	40.375	-1.5625	-92.0625	-45.1875	86.6875
11:29:18.910328	-5.875	59.5625	-17.3125	-4.875	62.4375	5.125	81.1875	65.75	3.625	-19.5625	-27.625	64.125
11:29:18.920445	-5.5	51.9375	-15.6875	4.8125	63.8125	20.1875	75.875	17.75	8.5	16.5	-12.75	21.0625
11:29:18.930599	-2.875	32.8125	-12.8125	10.625	55.5	31.8125	71.8125	-37.4375	1.5625	21.6875	25.1875	-9.0
11:29:18.940698	-0.1875	9.5	-11.0625	25.125	36.0	25.625	66.6875	-61.3125	-10.875	4.625	1.4375	-14.8125
11:29:18.951408	0.4375	-10.125	-13.125	45.0625	52.375	18.125	59.4375	-50.0625	-20.375	-54.3125	-29.375	-29.8125
11:29:18.961539	-0.5	-21.1875	-17.3125	68.875	72.0625	20.5	52.75	-10.5	-23.8125	-98.375	-25.1875	-54.6875
11:29:18.971971	-1.125	-24.875	-21.3125	68.875	72.0625	20.5	52.3125	31.0625	-20.5	-115.75	-3.4375	-33.125
11:29:18.982072	-1.0625	-23.9375	-24.25	70.3125	56.25	26.375	52.1875	56.1875	-12.6875	-88.9375	3.5625	-7.0
11:29:18.992155	-0.5625	-23.0	-24.75	56.5	22.875	26.4375	49.625	59.8125	-4.125	-17.1875	5.0	-2.875
11:29:19.002227	-0.625	-22.6875	-21.75	42.0	-16.6875	26.1875	47.5625	44.4375	0.6875	-4.0	2.875	-1.8125
11:29:19.012296	-0.5625	-20.5625	-18.375	29.125	-42.875	24.375	47.0625	14.8125	0.875	-6.25	1.5	5.3125
11:29:19.022372	-2.125	-19.4375	-12.3125	25.6875	-50.75	23.6875	45.9375	-17.5	0.1875	-27.8125	-8.125	10.5
11:29:19.032564	-3.5625	-14.8125	-8.75	30.25	-40.75	23.5	44.3125	-42.0	0.125	-39.3125	-17.0625	11.8125
11:29:19.042670	-4.75	-6.0625	-6.75	37.4375	-21.0	23.5	44.3125	-52.375	0.875	-39.3125	-17.0625	11.8125
11:29:19.053046	-6.1875	3.875	-5.0	43.25	-1.6875	24.4375	44.875	-40.8125	1.625	-36.0625	-24.875	8.75
11:29:19.063216	-7.1875	12.1875	-4.25	50.25	17.6875	25.9375	44.0625	-8.875	2.0625	-5.5	-0.9375	-10.1875
11:29:19.073650	-7.25	16.0	-4.0625	57.8125	34.5625	28.75	43.6875	29.5	1.75	-4.0625	0.75	-15.875
11:29:19.084006	-6.5	16.625	-4.25	61.375	50.5	31.375	42.1875	59.0625	1.8125	-23.625	14.1875	-17.0625
11:29:19.094289	-6.0	14.75	-5.1875	64.9375	62.875	35.0625	39.75	74.4375	2.3125	-47.75	18.3125	-10.25
11:29:19.104361	-5.6875	11.8125	-5.5625	66.5	72.625	38.0625	35.75	77.1875	5.0	-62.1875	13.5625	-1.0
11:29:19.114449	-5.0	9.375	-7.125	63.1875	75.125	37.8125	33.0625	56.5	9.0	-58.1875	9.625	3.375
11:29:19.124949	-4.375	8.125	-9.25	60.625	80.625	38.25	33.8125	19.1875	10.0	-44.75	3.625	4.5
11:29:19.135015	-4.5625	8.0625	-10.0	56.4375	86.625	38.125	36.9375	-14.6875	7.625	-33.375	-0.3125	5.9375
11:29:19.145095	-5.5	8.25	-9.125	54.0	87.5625	38.375	39.125	-40.75	5.1875	-18.4375	1.8125	-1.8125
11:29:19.155198	-6.0	8.625	-9.0	51.6875	76.5625	38.0	40.3125	-47.0625	3.25	-20.25	0.625	-17.625
11:29:19.165269	-6.6875	8.625	-8.3125	46.75	56.875	36.1875	41.3125	-23.375	1.875	-23.4375	5.125	-19.6875
11:29:19.175343	-6.625	8.0	-7.0	42.9375	33.5	34.5	41.5625	10.5625	2.4375	-31.9375	16.75	-15.1875
11:29:19.185410	-6.5625	7.9375	-6.1875	40.0625	13.875	33.75	40.9375	23.9375	3.75	-25.5	9.5	-14.375
11:29:19.195492	-6.0	8.4375	-5.9375	36.875	0.125	31.75	40.4375	14.0625	4.375	-25.5	9.5	-14.375
11:29:19.205588	-5.0625	9.0	-5.5625	39.9375	-6.0	29.9375	41.8125	0.9375	4.125	-46.625	12.9375	7.6875
11:29:19.215676	-4.25	9.0625	-5.125	40.0	-8.125	29.0	42.625	-7.0625	4.5625	-52.9375	8.6875	8.8125
11:29:19.225793	-3.125	8.8125	-4.25	42.875	-2.25	29.375	38.375	-19.1875	3.9375	-30.5	-2.0625	-2.625
11:29:19.235867	-1.625	7.75	-4.625	41.8125	6.125	29.5	35.1875	-24.125	2.625	-34.3125	6.6875	-7.0
11:29:19.245945	0.1875	6.6875	-4.125	42.125	15.9375	29.3125	39.0	-19.1875	2.4375	-42.4375	15.75	-8.125
11:29:19.256033	2.0	6.1875	-3.375	44.0	20.5	30.375	40.5625	-12.3125	3.3125	-31.625	13.5625	-7.5
11:29:19.266111	3.5625	5.5	-2.25	45.25	21.0	31.9375	37.3125	-12.0	3.25	-21.0	5.4375	-7.125
11:29:19.276191	4.9375	4.4375	-1.3125	46.375	19.1875	34.0	38.375	-5.25	2.25	-26.875	14.625	-4.0
11:29:19.286308	7.9375	2.625	1.1875	46.6875	19.3125	35.3125	43.4375	0.75	3.0625	-26.875	14.625	-4.0
11:29:19.296775	9.0	2.5625	2.3125	45.8125	20.3125	36.0625	41.3125	1.375	3.5	-26.875	14.625	-4.0
11:29:19.306847	10.0625	2.5	3.75	43.4375	22.1875	36.25	39.75	0.6875	1.8125	-29.0	2.6875	-1.1875
11:29:19.317389	10.9375	2.5625	4.8125	39.8125	23.875	36.625	44.5625	2.75	1.375	-29.0	2.6875	-1.1875
11:29:19.327499	11.4375	2.8125	5.375	37.9375	28.4375	36.9375	48.5	6.5	2.4375	-41.875	17.75	1.75
11:29:19.337628	11.6875	2.8125	5.625	37.0625	29.5625	37.75	46.25	7.875	2.6875	-21.875	9.0	0.25
11:29:19.348322	11.5625	2.75	5.875	36.5625	27.125	37.5	45.3125	6.6875	2.0	-25.125	0.0625	0.4375
11:29:19.358417	11.625	2.8125	6.1875	38.3125	27.1875	37.125	49.625	5.6875	2.125	-25.125	0.0625	0.4375
11:29:19.368579	11.625	4.0625	6.1875	40.5625	27.0	38.0	51.375	7.5	2.625	-34.0625	-21.5625	48.875
11:29:19.378747	12.0	5.3125	6.4375	40.5625	27.25	38.3125	48.375	12.8125	1.625	-34.0625	-21.5625	48.875
11:29:19.388822	12.125	6.75	7.0	39.4375	26.0625	37.8125	47.625	24.25	2.0625	-45.375	14.3125	21.8125
11:29:19.399300	12.0625	7.6875	7.5625	37.875	24.3125	36.75	51.5625	35.1875	4.375	-54.125	-13.3125	9.125
11:29:19.409430	11.4375	8.125	7.5625	33.1875	25.5	36.125	51.8125	36.3125	6.625	-54.75	7.875	6.25
11:29:19.419498	10.8125	7.5625	7.25	33.0625	31.0	35.25	50.75	31.5625	9.0625	-62.125	-21.5	1.9375
11:29:19.429612	9.875	6.3125	6.4375	31.0625	32.1875	35.9375	53.9375	26.25	10.875	-66.0	-27.375	5.625
11:29:19.439729	8.9375	5.625	6.0	28.625	30.6875	36.875	60.5	16.75	15.0625	-60.5	-30.9375	3.875
11:29:19.450169	8.5	5.125	5.9375	26.4375	30.5	38.0	60.5	16.75	15.0625	-60.5	-30.9375	3.875
11:29:19.460241	8.0625	4.5	5.625	23.625	29.3125	38.0625	65.0	13.5	15.8125	-73.0625	-42.25	3.8125
11:29:19.470345	8.25	4.0	5.1875	20.3125	24.375	37.5	70.25	18.3125	16.875	-81.6875	-38.375	5.4375
11:29:19.480468	7.875	3.4375	5.3125	17.125	22.8125	36.75	71.125	22.625	17.9375	-78.9375	-42.625	5.6875
11:29:19.490832	8.0	3.375	6.125	13.25	22.75	36.1875	72.375	24.375	17.5625	-80.25	-43.125	5.875
11:29:19.501242	7.6875	3.125	7.25	11.125	28.0	35.125	78.3125	26.125	18.0625	-91.5	-37.0625	8.875
11:29:19.511822	7.3125	3.0625	8.75	8.625	32.875	31.5	84.25	30.125	19.375	-96.5625	-38.625	11.5625
11:29:19.522185	6.9375	3.8125	10.5	8.5625	32.25	28.125	86.25	34.4375	21.0625	-88.0	-34.125	7.1875
11:29:19.532291	6.5625	4.3125	11.5	7.0625	28.5	23.1875	89.8125	37.25	22.0625	-92.125	-21.0	7.375
11:29:19.542365	4.375	4.125	13.0	2.8125	21.3125	18.5	99.8125	31.625	22.375	-92.125	-21.0	7.375
11:29:19.552653	0.5625	3.5	13.375	-7.5625	13.5	12.0	108.1875	22.25	21.5	-105.1875	-74.8125	7.4375
11:29:19.562837	-2.3125	1.0	12.25	-21.0625	1.0	2.6875	114.625	11.375	17.6875	-108.6875	-51.0	28.6875
11:29:19.572911	-3.4375	-5.6875	8.1875	-32.3125	-18.0625	-5.375	124.0625	15.625	12.5625	-118.125	-16.75	37.6875
11:29:19.583028	-3.9375	-15.125	1.875	-43.875	-32.125	-11.75	133.875	30.1875	10.3125	-135.625	-35.8125	37.0625
11:29:19.593148	-4.0625	-21.25	-4.625	-59.0625	-38.6875	-19.8125	140.4375	42.1875	8.5625	-151.875	-40.5625	54.25
11:29:19.603749	-4.5	-20.375	-9.4375	-74.6875	-50.9375	-29.3125	147.5625	78.25	10.5625	-137.5	-12.375	75.3125
11:29:19.613942	-3.625	-15.5	-12.125	-88.8125	-67.9375	-37.625	155.4375	118.5625	16.375	-135.375	43.3125	95.625
11:29:19.624043	-1.8125	-8.25	-12.875	-103.9375	-88.0	-42.3125	148.875	137.1875	24.9375	-166.875	58.875	91.9375
11:29:19.634112	-1.5	-1.5	-12.9375	-122.3125	-98.5625	-45.8125	144.3125	137.25	28.8125	-193.375	9.75	65.375
11:29:19.644193	-1.0625	5.0	-12.8125	-140.125	-99.125	-46.0	125.6875	112.25	32.1875	-193.375	9.75	65.375
11:29:19.654684	-0.5625	12.0	-12.125	-148.8125	-95.4375	-49.1875	103.125	52.1875	31.9375	-289.8125	-55.5	15.375
11:29:19.664753	0.5	18.625	-10.5	-159.75	-49.0	-53.5625	94.0625	-27.625	28.0625	-313.875	-43.875	-4.0
11:29:19.674820	1.0625	23.375	-8.3125	-157.0625	11.875	-61.0625	97.375	-58.125	23.5	-300.3125	-91.25	-17.9375
11:29:19.684892	-1.3125	21.75	-3.0625	-143.4375	25.5625	-63.0625	94.75	-57.3125	21.5	-212.5	-245.3125	-12.5625
11:29:19.694962	-1.3125	21.75	-3.0625	-110.8125	12.0	-70.8125	86.375	-42.0625	15.625	-80.5625	-148.75	12.6875
11:29:19.705037	-3.125	15.625	-0.9375	-87.0625	-0.5625	-68.75	74.125	-27.625	8.6875	41.75	205.9375	16.5
11:29:19.715104	-4.75	6.5625	2.25	-78.125	10.875	-62.875	47.25	-24.625	6.875	77.875	291.875	16.6875
11:29:19.725177	-5.25	-2.25	5.25	-73.125	24.1875	-58.0625	17.25	-22.8125	5.75	55.6875	105.4375	-50.5625
11:29:19.735266	-2.5625	-14.3125	8.875	-70.8125	18.375	-55.75	-4.3125	-10.4375	2.625	29.125	-9.875	-68.1875
11:29:19.745378	-1.8125	-17.0625	10.875	-73.4375	4.375	-57.5	-22.9375	-12.0	-5.1875	35.125	65.8125	-58.5
11:29:19.755455	-0.0625	-18.125	10.5625	-75.125	-9.875	-61.625	-45.0	-27.375	-14.5625	35.125	65.8125	-58.5
11:29:19.765567	1.8125	-18.375	8.8125	-80.6875	-28.125	-65.75	-67.25	-38.0	-21.9375	184.1875	62.1875	-93.375
11:29:19.776109	3.3125	-17.375	6.0625	-87.0625	-46.25	-68.6875	-88.8125	-43.1875	-22.5	178.25	18.5	-38.875
11:29:19.786197	4.0625	-15.4375	4.625	-88.5	-59.125	-72.0625	-110.625	-37.9375	-18.375	125.4375	15.5625	-9.5
11:29:19.796270	5.125	-12.625	3.1875	-81.6875	-68.5	-72.6875	-129.8125	-35.625	-14.875	141.125	26.5625	-7.25
11:29:19.806381	6.3125	-9.9375	1.625	-62.5	-72.0625	-70.5	-144.625	-42.75	-17.1875	195.875	25.9375	3.5
11:29:19.816491	7.0625	-7.8125	1.4375	-57.4375	-69.25	-68.3125	-159.5	-54.25	-21.875	227.25	19.875	3.5625
11:29:19.826566	7.1875	-5.9375	1.75	-57.875	-59.5625	-66.125	-176.875	-63.625	-25.875	232.5	17.0	-5.9375
11:29:19.836673	7.25	-4.4375	2.5	-64.4375	-57.3125	-59.625	-193.125	-67.375	-29.5625	229.8125	32.5	-13.75
11:29:19.846763	6.8125	-4.3125	3.25	-61.0625	-55.5	-54.4375	-207.3125	-61.5625	-32.5	229.8125	32.5	-13.75
11:29:19.856897	6.5625	-3.6875	2.9375	-50.1875	-51.9375	-50.5	-218.8125	-44.9375	-34.625	245.75	60.75	-6.5625
11:29:19.866961	6.6875	-3.5625	2.0625	-40.375	-44.1875	-46.25	-229.8125	-23.9375	-35.4375	243.25	77.9375	6.8125
11:29:19.877062	7.4375	-4.0625	1.0625	-30.25	-35.875	-42.625	-239.0625	2.0	-35.1875	236.125	88.125	20.4375
11:29:19.887149	8.125	-4.75	0.25	-20.375	-29.25	-39.875	-246.6875	30.0625	-35.5	224.9375	87.3125	31.3125
11:29:19.897270	8.0	-5.375	0.0	-18.9375	-26.0625	-37.9375	-251.625	50.6875	-37.3125	221.8125	89.9375	32.4375
11:29:19.907795	6.9375	-5.9375	-0.1875	-17.25	-22.875	-36.5625	-255.0625	55.4375	-39.8125	224.9375	88.6875	27.5625
11:29:19.918192	5.875	-6.375	-0.0625	-8.625	-15.5625	-35.5625	-254.75	47.8125	-40.4375	225.4375	76.0	29.3125
11:29:19.928312	3.625	-6.1875	0.875	-0.125	-4.875	-34.375	-254.5625	34.625	-40.125	229.1875	63.6875	30.9375
11:29:19.938499	1.125	-5.875	1.5	7.0	5.1875	-35.375	-250.75	0.8125	-39.0625	238.6875	55.0	32.1875
11:29:19.948690	-0.75	-4.5	2.0625	6.0625	7.8125	-33.625	-250.75	0.8125	-39.0625	242.125	43.125	32.0
11:29:19.958830	-2.5	-2.0	3.125	8.1875	11.0625	-32.75	-245.6875	-15.9375	-37.875	235.5	30.8125	27.1875
11:29:19.968925	-4.0	0.75	4.6875	11.5625	10.875	-30.0	-238.8125	-28.6875	-35.125	221.25	13.375	23.75
11:29:19.979566	-5.25	2.5625	5.8125	14.875	7.75	-26.875	-230.875	-32.1875	-31.0	216.75	2.0	19.5625
11:29:19.989864	-5.875	4.0	7.5	18.0	3.375	-24.25	-220.1875	-25.4375	-26.4375	207.25	-7.875	3.625
11:29:19.999938	-6.375	4.5	8.4375	22.5	-0.25	-22.625	-209.875	-18.75	-22.1875	191.75	-15.4375	-5.4375
11:29:20.010058	-6.1875	4.125	8.8125	27.0	-1.0	-21.375	-185.1875	-26.4375	-17.4375	178.5625	-19.5	-5.4375
11:29:20.020728	-5.6875	2.9375	8.875	30.25	-5.625	-20.875	-170.3125	-37.8125	-15.875	165.75	-20.375	-1.875
11:29:20.030877	-4.75	1.0625	8.75	28.5	-24.125	-19.375	-153.5625	-49.9375	-13.3125	148.625	-21.875	0.75
11:29:20.040984	-3.8125	-0.875	8.0	24.125	-29.75	-17.4375	-133.875	-56.3125	-10.75	148.625	-21.875	0.75
11:29:20.051596	-3.125	-3.125	6.875	24.125	-29.75	-17.4375	-113.375	-56.4375	-8.4375	127.125	-18.375	-0.0625
11:29:20.061679	-2.6875	-5.4375	6.1875	14.125	-31.5625	-14.1875	-94.125	-54.5	-6.1875	111.625	-26.8125	0.3125
11:29:20.071796	-2.625	-8.375	5.9375	12.8125	-30.375	-12.75	-73.75	-45.875	-4.4375	94.0625	-35.0	0.125
11:29:20.082356	-2.625	-11.0	6.1875	11.3125	-25.5	-11.9375	-52.625	-32.1875	-3.6875	70.9375	-34.625	2.8125
11:29:20.092788	-2.9375	-13.3125	6.75	9.8125	-17.625	-11.5625	-32.3125	-20.4375	-3.0625	43.875	-34.5	5.3125
11:29:20.102857	-3.25	-15.1875	7.625	7.625	-9.75	-10.6875	-13.0625	-13.6875	-2.5	20.125	-34.1875	6.3125
11:29:20.112943	-3.625	-16.625	8.25	5.5625	-4.0625	-9.0	5.625	-10.875	-2.3125	2.4375	-30.0	4.125
11:29:20.123016	-3.5625	-16.4375	9.375	2.875	-4.6875	-7.625	23.3125	-12.0	-2.125	-12.0	-21.375	1.375
11:29:20.133084	-3.4375	-16.25	9.8125	0.5	-9.75	-7.4375	39.8125	-16.9375	-2.25	-12.0	-21.375	1.375
11:29:20.143193	-3.0	-15.1875	9.3125	-0.8125	-15.5625	-8.0	54.0	-20.1875	-2.875	-12.0	-21.375	1.375
11:29:20.153323	-2.25	-13.5	8.1875	-0.75	-19.875	-7.9375	65.625	-20.375	-3.375	-66.9375	-32.5	-18.1875
11:29:20.163399	-1.5625	-11.75	6.875	-0.0625	-20.75	-7.125	75.875	-20.125	-3.375	-85.75	-31.125	-27.4375
11:29:20.173483	-1.375	-10.3125	5.6875	2.1875	-19.875	-5.5	86.0625	-20.625	-2.5	-87.0625	-30.0	-31.375
11:29:20.183559	-1.375	-9.0625	4.875	4.3125	-18.5625	-3.5625	92.8125	-17.75	-1.625	-101.6875	-83.125	-36.6875
11:29:20.193649	-1.375	-8.5	3.8125	7.375	-18.25	-0.9375	91.9375	-1.5625	-1.875	-20.125	-66.8125	-18.1875
11:29:20.203814	-1.375	-8.1875	2.1875	11.8125	-17.6875	2.875	72.4375	23.5625	-1.6875	4.0	69.625	-28.8125
11:29:20.214463	-0.25	-7.6875	1.0625	19.125	-15.4375	8.5	51.5	-0.4375	2.8125	-77.5625	47.1875	-44.9375
11:29:20.224552	6.0625	-10.1875	3.8125	28.125	-11.25	14.5	49.5	-57.125	6.1875	-120.4375	-203.125	-22.1875
11:29:20.234663	7.9375	-9.5625	3.375	30.0	-10.0	16.75	63.125	-90.25	1.375	-145.8125	-174.6875	43.6875
11:29:20.244783	7.875	-4.5625	1.0	21.5625	-8.5	15.5	75.25	-85.75	-5.125	-163.75	33.0625	90.5
11:29:20.254854	6.375	5.375	-2.3125	9.9375	4.9375	12.125	76.3125	-47.0625	-6.375	-164.0	12.875	82.375
11:29:20.265412	5.125	16.625	-5.0	8.4375	24.875	10.4375	72.0625	-5.625	-2.9375	-141.5625	-75.5	48.875
11:29:20.275509	4.5	22.4375	-5.25	10.8125	35.375	10.0625	74.125	34.1875	-0.3125	-84.1875	-78.1875	37.4375
11:29:20.285581	5.25	18.625	-3.0	9.4375	37.3125	11.3125	79.1875	38.9375	1.375	-32.375	-19.5	33.9375
11:29:20.295655	7.25	9.1875	-0.4375	7.8125	35.25	16.625	78.4375	7.3125	4.75	16.5	17.6875	5.5
11:29:20.305726	8.6875	-1.5	0.9375	8.125	33.625	23.375	72.3125	-42.4375	4.8125	40.1875	13.75	-22.875
11:29:20.315802	8.5625	-10.75	0.0625	10.3125	33.125	25.125	68.125	-73.0	-2.125	40.1875	13.75	-22.875
11:29:20.325874	7.5625	-16.9375	-1.875	23.25	39.4375	22.375	65.625	-62.4375	-11.375	-60.375	-27.5625	-41.375
11:29:20.335957	6.6875	-19.9375	-4.625	46.25	53.375	21.25	59.6875	-21.8125	-17.4375	-91.875	-28.375	-33.375
11:29:20.346047	6.3125	-22.3125	-6.5625	63.9375	65.0	23.25	53.5625	16.9375	-17.5	-100.4375	-20.3125	-12.625
11:29:20.356116	6.6875	-24.875	-8.5	63.3125	60.3125	24.4375	54.1875	42.9375	-13.8125	-76.0625	-10.1875	13.0625
11:29:20.366197	7.1875	-27.1875	-9.3125	54.1875	44.0625	25.25	55.5625	50.875	-8.0625	-39.5	6.25	22.5
11:29:20.376320	7.8125	-28.3125	-8.875	38.75	20.875	25.6875	53.6875	40.5625	-2.9375	-23.1875	4.875	2.75
11:29:20.386408	7.8125	-27.3125	-6.875	29.1875	-7.3125	26.3125	51.5625	16.5625	-1.4375	-23.3125	-3.75	1.0
11:29:20.396512	7.6875	-24.3125	-4.375	22.125	-30.8125	26.0	52.5	-7.0	-1.625	-35.125	-12.0625	4.375
11:29:20.406606	7.875	-19.5	-2.0625	20.875	-37.4375	24.4375	52.625	-29.0	-0.9375	-34.8125	-20.625	6.5625
11:29:20.416688	7.5	-14.0625	0.25	23.375	-34.5625	22.5	50.25	-48.125	-0.25	-27.5	-20.75	5.75
11:29:20.426758	5.8125	-9.4375	2.8125	28.0	-25.8125	20.1875	50.3125	-51.3125	0.875	-19.1875	-15.0625	2.3125
11:29:20.436859	4.4375	-5.625	5.25	31.375	-16.75	19.125	50.0	-33.4375	1.125	-18.0625	-10.6875	2.1875
11:29:20.446972	2.9375	-2.5625	6.6875	34.25	-3.875	19.0	47.375	-4.625	1.0	-19.375	-1.125	-0.875
11:29:20.457091	2.125	-1.375	7.1875	40.25	10.5	19.875	43.6875	19.875	1.0625	-19.375	-1.125	-0.875
11:29:20.467202	1.3125	-1.9375	7.4375	44.9375	23.75	21.25	41.8125	30.25	0.125	-62.3125	19.6875	-10.5625
11:29:20.477416	1.0	-3.625	7.0625	47.375	37.75	23.1875	38.0	28.0625	0.3125	-63.0625	21.3125	-3.3125
11:29:20.487865	0.8125	-5.3125	6.0625	47.0625	51.125	25.4375	37.1875	27.0	2.625	-44.3125	9.5	-0.5625
11:29:20.497991	0.8125	-5.6875	4.9375	47.6875	60.125	27.5625	36.625	15.25	5.3125	-36.5625	0.6875	7.625
11:29:20.508106	1.125	-5.6875	4.125	48.25	66.25	30.5	36.625	-1.8125	4.5	-30.5625	-2.5	10.875
11:29:20.518239	1.3125	-4.75	3.1875	47.8125	68.5625	33.4375	36.5625	-8.5625	2.1875	-21.0625	3.375	-3.75
11:29:20.528800	1.75	-3.5625	3.3125	44.75	69.875	36.1875	35.1875	-5.5625	0.375	-27.375	8.0	-11.75
11:29:20.539031	2.0625	-2.6875	3.375	41.5625	67.0625	37.5	33.125	9.0625	-1.4375	-33.1875	13.625	-8.875
11:29:20.549127	2.1875	-1.8125	3.75	37.1875	58.1875	37.125	33.125	9.0625	-1.4375	-36.0625	16.25	-3.6875
11:29:20.559202	2.8125	-0.75	3.75	38.6875	47.125	36.625	33.375	15.75	-0.1875	-23.0625	6.875	-1.4375
11:29:20.569860	3.5	-0.5	3.625	40.5	36.625	35.125	30.625	8.75	0.6875	-31.3125	14.25	-2.5
11:29:20.579952	4.25	-0.6875	2.5625	44.8125	28.6875	35.0625	29.5625	-9.9375	0.0	-33.375	20.6875	-2.0
11:29:20.590083	4.9375	-1.0625	1.875	48.125	19.25	34.5625	31.125	-7.0	2.125	-13.875	7.6875	-2.875
11:29:20.600147	5.5625	-0.5	1.4375	50.375	12.375	32.5625	26.25	-10.6875	3.1875	-13.875	-4.625	-3.6875
11:29:20.610773	5.9375	0.1875	1.0625	51.25	7.5625	31.3125	24.1875	-12.0	2.4375	-23.0625	6.4375	-2.375
11:29:20.620892	6.75	0.9375	1.125	51.375	3.1875	30.875	28.125	-7.4375	2.8125	-26.8125	17.1875	-0.8125
11:29:20.631016	7.5	1.4375	1.3125	46.5	-1.0625	29.125	28.25	0.375	3.5625	-11.875	7.6875	-2.6875
11:29:20.641089	7.9375	1.9375	1.5	44.3125	0.5	29.6875	25.0625	0.9375	3.625	-19.125	2.5625	-2.875
11:29:20.651604	8.75	2.8125	1.8125	43.9375	6.375	30.875	25.5625	1.375	2.625	-30.0	10.0625	1.6875
11:29:20.661671	9.25	3.5	2.5625	43.5	15.5	31.5625	29.3125	2.875	3.375	-30.0	10.0625	1.6875
11:29:20.671805	10.125	5.125	3.5625	43.5	21.875	32.5	28.5	6.125	4.0	-15.5	2.1875	-2.3125
11:29:20.681877	11.5	7.25	5.1875	42.875	26.9375	33.875	27.6875	8.125	3.1875	-21.0625	6.1875	-0.3125
11:29:20.691949	13.0625	9.75	7.5	45.5625	32.125	35.4375	29.625	12.4375	2.8125	-27.625	8.25	3.5625
11:29:20.702079	14.25	12.25	10.25	47.8125	35.9375	37.4375	31.625	17.875	3.5	-19.1875	1.6875	7.75
11:29:20.712730	14.875	14.9375	12.625	50.25	40.125	39.5	30.875	20.75	3.375	-21.9375	-20.0625	21.0625
11:29:20.722852	15.125	17.375	14.625	49.625	43.8125	40.375	31.5625	22.875	2.75	-35.6875	-19.5	35.75
11:29:20.732926	14.9375	19.0	15.625	45.125	46.0	40.9375	34.4375	27.3125	2.625	-40.375	11.4375	24.1875
11:29:20.742998	14.125	20.0625	16.0625	42.9375	46.875	41.5625	35.4375	31.8125	4.875	-30.625	-16.1875	11.5
11:29:20.753127	13.6875	19.8125	16.5	38.5	45.0	42.125	34.875	31.6875	6.375	-35.0625	-19.5	12.8125
11:29:20.763230	12.4375	19.0625	16.25	38.3125	46.25	40.9375	36.5	26.375	7.125	-44.5	3.6875	8.125
11:29:20.773308	11.3125	18.1875	16.125	41.6875	44.75	38.9375	40.5	21.5625	8.875	-47.6875	-8.125	0.5
11:29:20.783409	10.6875	17.6875	15.8125	46.125	42.375	37.875	42.8125	21.5	11.1875	-41.5	-26.3125	3.125
11:29:20.793485	9.9375	15.9375	15.25	42.5	36.375	37.0	43.3125	19.8125	12.0625	-49.875	-14.5625	6.3125
11:29:20.803560	9.3125	13.0625	14.3125	40.1875	31.875	35.5	46.3125	20.625	12.125	-59.0	-14.1875	4.3125
11:29:20.813627	8.875	8.8125	13.125	42.1875	24.3125	34.0625	51.8125	21.5	14.0	-60.75	-24.0	1.875
11:29:20.823707	8.375	3.1875	11.5	42.75	19.0	33.25	53.625	20.625	15.6875	-55.8125	-29.8125	3.5
11:29:20.833815	7.8125	-2.375	9.75	34.0625	17.0625	31.875	56.25	16.1875	16.5	-66.875	-29.625	2.875
11:29:20.843904	6.6875	-7.5625	7.6875	28.75	12.6875	31.3125	61.5625	11.25	17.25	-74.75	-33.875	0.8125
11:29:20.854001	5.25	-11.6875	6.0	24.0	8.5625	32.0625	67.5	7.25	19.0625	-71.6875	-42.3125	-2.1875
11:29:20.864098	4.25	-15.375	4.3125	16.0625	6.4375	33.0625	69.1875	6.0	21.125	-64.625	-48.5625	-4.75
11:29:20.874220	2.125	-20.25	2.5	12.0	6.25	32.3125	71.375	3.5625	21.3125	-81.875	-44.375	-2.0625
11:29:20.884341	1.75	-21.125	2.625	12.875	6.625	31.125	77.8125	4.5	21.9375	-90.125	-42.875	-1.0
11:29:20.894978	1.75	-21.125	2.625	11.75	9.5625	29.75	84.0	10.3125	23.5625	-84.0625	-38.8125	-2.8125
11:29:20.905053	-1.0625	-22.8125	3.9375	7.5625	10.6875	28.5	85.625	19.75	26.5625	-85.3125	-36.5625	-4.5
11:29:20.915238	-5.1875	-21.75	7.0625	5.875	13.6875	25.625	88.25	21.25	27.75	-96.1875	-71.625	-9.1875
11:29:20.925384	-8.9375	-19.5	10.0625	3.9375	10.8125	22.8125	95.6875	13.0625	27.6875	-100.6875	-74.375	5.1875
11:29:20.935513	-12.4375	-21.4375	11.875	-3.25	5.625	19.125	101.8125	3.375	27.8125	-102.25	-34.125	13.125
11:29:20.946087	-13.3125	-26.0625	11.375	-10.1875	-0.75	13.0	106.8125	5.0625	26.4375	-102.25	-34.125	13.125
11:29:20.956162	-14.125	-35.1875	7.3125	-17.1875	-10.75	6.4375	112.3125	15.8125	26.0625	-130.875	-66.0625	13.875
11:29:20.966229	-14.375	-46.875	2.3125	-26.375	-20.0	0.375	119.25	19.5625	26.0	-132.0	-60.75	27.4375
11:29:20.976309	-12.0	-58.125	-1.75	-36.625	-30.125	-5.9375	127.0	23.1875	24.75	-123.125	-65.9375	39.0625
11:29:20.986409	-9.3125	-65.0	-5.5	-48.5625	-45.0625	-12.0	131.0	29.75	23.1875	-132.125	-49.0	62.3125
11:29:20.996498	-7.5	-62.25	-7.6875	-61.75	-54.9375	-18.1875	136.5	41.1875	21.625	-130.3125	-12.0	72.9375
11:29:21.006589	-5.8125	-51.6875	-7.8125	-75.3125	-63.4375	-23.9375	147.0625	79.5	24.0625	-144.9375	5.375	84.25
11:29:21.016690	-4.6875	-36.875	-7.0625	-90.125	-70.4375	-28.375	150.3125	113.3125	30.875	-182.4375	12.3125	79.3125
11:29:21.026773	-3.875	-22.625	-6.6875	-107.3125	-78.8125	-34.5	141.5	123.1875	35.1875	-203.375	-6.8125	47.1875
11:29:21.036859	-3.8125	-11.0625	-6.625	-122.0	-89.4375	-39.4375	134.75	90.5625	34.125	-245.1875	-59.75	14.875
11:29:21.046950	-3.8125	-11.0625	-6.625	-130.25	-88.6875	-44.0625	123.5	33.4375	33.3125	-310.25	-97.5	11.0
11:29:21.057023	-4.4375	-2.625	-7.0	-137.8125	-86.6875	-49.125	123.9375	-1.5625	30.625	-306.0625	-95.3125	13.6875
11:29:21.067098	-5.25	2.625	-7.0625	-141.25	-45.5	-48.5	123.6875	-11.5	24.25	-292.875	-64.5625	29.625
11:29:21.077180	-6.375	5.5	-7.0	-148.375	-15.8125	-51.3125	112.5	-6.5625	24.5625	-277.6875	-69.375	7.4375
11:29:21.087277	-8.0	5.875	-6.75	-143.5625	-5.125	-60.5625	100.875	-16.8125	25.8125	-225.25	-122.8125	-8.5
11:29:21.097793	-9.625	4.5	-5.8125	-126.3125	-16.875	-67.0	94.375	-36.5	23.5	-93.3125	-72.9375	7.625
11:29:21.107958	-10.5625	2.625	-4.8125	-108.375	-22.125	-66.3125	83.75	-25.4375	19.5	17.5625	153.25	42.25
11:29:21.118026	-10.4375	1.1875	-2.9375	-92.625	-14.875	-66.125	70.8125	-3.9375	13.75	80.9375	239.3125	18.3125
11:29:21.128265	-8.6875	-1.375	-1.4375	-82.125	-19.75	-65.375	46.6875	-2.1875	6.4375	89.125	221.875	-35.4375
11:29:21.138842	-6.125	-3.9375	-2.1875	-81.875	-33.3125	-64.25	16.125	-17.875	2.125	58.625	136.0625	-64.1875
11:29:21.148962	-3.8125	-7.25	-2.625	-87.375	-36.9375	-61.9375	-11.8125	-31.375	-2.125	83.375	96.0625	-36.375
11:29:21.159026	-2.1875	-9.625	-3.0	-94.4375	-30.8125	-61.25	-33.5625	-41.0	-7.625	150.1875	98.4375	-66.4375
11:29:21.169163	-0.75	-10.375	-3.9375	-103.625	-33.125	-63.1875	-55.25	-43.125	-12.3125	191.75	49.9375	-78.875
11:29:21.179601	0.3125	-9.6875	-5.0	-102.75	-38.25	-65.375	-95.9375	-39.875	-25.0	164.75	9.5	-41.1875
11:29:21.189972	1.1875	-8.125	-7.0625	-99.6875	-45.5	-67.75	-115.6875	-34.5	-26.125	147.3125	5.1875	-22.5
11:29:21.200086	2.25	-6.625	-8.9375	-93.75	-54.4375	-69.1875	-136.875	-27.75	-20.8125	180.6875	20.875	-10.8125
11:29:21.210215	3.0625	-5.4375	-10.3125	-88.75	-60.0	-68.75	-156.3125	-30.125	-16.5	228.625	34.25	3.375
11:29:21.220878	4.0625	-3.9375	-11.25	-82.5	-58.125	-66.5	-173.6875	-32.5625	-17.875	255.9375	36.1875	7.3125
11:29:21.231039	4.5625	-2.3125	-10.5	-80.1875	-59.25	-58.125	-190.0625	-32.375	-23.375	270.9375	46.5625	-1.5625
11:29:21.241633	4.75	-1.125	-9.0625	-77.375	-58.5	-53.0625	-205.375	-31.625	-29.6875	274.6875	75.8125	-7.75
11:29:21.251702	4.875	-0.8125	-7.75	-71.6875	-57.5625	-46.9375	-220.75	-30.1875	-35.1875	263.3125	99.5	-0.25
11:29:21.261832	4.6875	-0.8125	-6.6875	-66.5	-54.375	-43.875	-234.5	-28.0625	-38.9375	252.1875	106.9375	8.6875
11:29:21.271913	4.3125	-0.75	-5.5625	-58.3125	-51.0625	-42.8125	-245.25	-14.0	-41.1875	246.375	114.3125	20.0625
11:29:21.281991	3.875	0.875	-4.25	-51.3125	-46.5625	-41.875	-253.6875	10.4375	-42.0625	238.9375	119.1875	29.625
11:29:21.292057	3.5625	2.4375	-2.6875	-39.6875	-38.375	-40.1875	-260.3125	39.875	-40.6875	234.1875	119.4375	31.4375
11:29:21.302131	2.75	4.3125	-1.875	-28.0	-27.75	-37.0625	-264.6875	62.5625	-38.1875	234.875	120.0625	29.125
11:29:21.312288	1.75	6.8125	-0.625	-20.1875	-15.625	-34.6875	-266.0	69.0625	-36.9375	237.0625	109.0	31.125
11:29:21.322363	0.1875	9.125	1.5	-15.5625	-4.875	-33.0625	-267.5625	65.1875	-38.625	237.5625	92.4375	35.9375
11:29:21.332445	-1.125	12.5	3.4375	-9.9375	5.1875	-32.5	-267.0625	52.75	-40.6875	237.5	77.5625	40.375
11:29:21.342572	-2.5625	16.0625	4.375	0.375	17.4375	-31.5625	-266.8125	32.5	-42.8125	240.8125	60.375	37.6875
11:29:21.352642	-3.625	20.0	4.75	11.5	29.9375	-27.6875	-264.8125	6.625	-42.9375	246.5625	43.9375	29.8125
11:29:21.362712	-4.1875	24.0	4.875	16.375	36.3125	-24.6875	-263.125	-16.3125	-42.25	254.1875	30.75	26.0625
11:29:21.372821	-4.375	27.0625	4.6875	18.9375	39.3125	-21.8125	-261.5625	-28.5625	-39.3125	255.25	14.25	24.0
11:29:21.382950	-4.4375	29.0	3.875	20.0	37.25	-20.0625	-258.6875	-29.25	-34.3125	253.4375	8.8125	19.1875
11:29:21.393619	-4.875	30.375	3.875	24.9375	32.375	-18.1875	-252.125	-22.75	-29.3125	249.0	6.375	9.375
11:29:21.403686	-5.625	30.0625	4.4375	30.6875	24.875	-13.6875	-243.125	-21.4375	-23.75	238.375	-2.3125	0.4375
11:29:21.413759	-6.5	28.0625	5.3125	34.5625	23.875	-11.9375	-232.0625	-24.75	-18.375	229.75	-8.6875	-6.25
11:29:21.423826	-7.1875	24.875	6.6875	38.8125	23.625	-10.6875	-219.8125	-33.6875	-13.3125	215.0625	-11.8125	-9.4375
11:29:21.433905	-7.4375	20.5625	7.125	43.0625	20.25	-10.125	-204.5625	-39.875	-10.3125	193.125	-12.5	-8.8125
11:29:21.443971	-7.5	15.875	8.0	45.6875	6.8125	-6.1875	-186.5	-42.3125	-8.8125	168.4375	-10.0625	-5.75
11:29:21.454652	-7.625	10.8125	8.25	43.8125	-9.0	-5.125	-165.9375	-43.6875	-8.4375	144.75	-4.25	2.4375
11:29:21.464779	-6.875	7.0	9.125	39.0625	-23.3125	-4.875	-140.625	-30.75	-8.25	118.625	22.6875	17.5
11:29:21.474907	-7.0	1.625	9.5625	34.125	-34.5	-3.0625	-112.375	-7.9375	-9.25	89.5625	41.5625	22.375
11:29:21.485048	-6.8125	-1.3125	11.375	29.875	-34.125	-3.125	-84.375	17.25	-8.9375	58.0	39.0625	18.3125
11:29:21.495608	-7.3125	-3.6875	10.5625	24.8125	-32.125	-3.625	-54.0625	35.875	-7.1875	27.6875	33.25	12.875
11:29:21.505702	-6.75	-6.625	8.75	18.125	-25.0	-4.3125	-22.3125	42.1875	-4.5	2.6875	29.125	8.0625
11:29:21.515884	-4.75	-7.875	9.3125	8.375	-14.875	-7.8125	8.625	39.625	-2.5625	-24.6875	25.125	6.0
11:29:21.525977	-4.9375	-7.625	8.75	-2.6875	-3.4375	-11.8125	38.8125	29.9375	-1.4375	-52.625	17.4375	4.75
11:29:21.536658	-4.9375	-7.0625	7.8125	-8.75	9.125	-13.3125	66.625	15.75	-0.75	-67.1875	13.4375	1.8125
11:29:21.546726	-4.625	-7.0625	6.1875	-15.6875	17.9375	-13.0625	90.625	0.625	-1.0625	-56.3125	6.25	-18.5625
11:29:21.556866	-4.0625	-6.6875	5.3125	-20.75	16.75	-12.5	109.0	-13.125	-2.375	-152.5	-76.5625	-69.8125
11:29:21.566982	-3.4375	-6.0625	5.1875	-20.0625	7.0625	-12.8125	123.25	-26.6875	-3.75	-161.9375	-90.0625	-66.25
11:29:21.577620	-2.5	-6.25	5.9375	-16.6875	-8.3125	-13.0625	129.3125	-33.4375	-4.5625	-62.625	-46.375	-44.875
11:29:21.587979	-1.4375	-6.3125	7.0	-14.375	-23.4375	-13.375	107.625	7.75	-6.4375	128.3125	-63.125	-29.9375
11:29:21.598100	0.125	-4.875	6.625	-10.9375	-34.875	-10.5	54.1875	-1.375	-1.0625	17.0	113.0625	-73.4375
11:29:21.608212	3.9375	-5.3125	7.9375	-1.375	-34.375	-0.125	31.5625	-105.3125	5.0625	-200.5	-226.75	-96.8125
11:29:21.618287	7.75	-7.9375	11.375	13.25	-24.375	6.875	56.25	-165.5	-4.875	-207.75	-460.25	-13.75
11:29:21.628927	10.9375	-6.875	12.625	19.875	-11.3125	3.75	90.0	-187.5	-17.125	-188.9375	-87.4375	120.3125
11:29:21.639029	13.0	0.1875	11.625	14.5625	1.75	-0.125	91.5	-127.4375	-18.8125	-196.5625	-46.1875	64.875
11:29:21.649144	13.625	12.0625	8.375	20.75	38.8125	0.875	73.875	-49.5	-11.6875	-148.25	-133.0625	67.4375
11:29:21.659246	13.4375	23.3125	4.75	22.3125	58.3125	2.6875	74.1875	16.3125	-5.375	-73.125	-11.875	65.375
11:29:21.669964	12.375	27.6875	1.875	9.5625	44.375	5.3125	79.3125	51.0625	-1.3125	18.875	-5.8125	13.375
11:29:21.680238	11.0625	24.25	1.3125	2.4375	30.0625	12.75	80.125	42.5625	1.25	17.5625	-12.1875	0.6875
11:29:21.690861	11.75	15.1875	2.1875	4.5625	33.0625	24.8125	78.9375	-18.125	-2.1875	24.3125	-8.0	-3.125
11:29:21.701005	13.6875	3.625	1.8125	17.0625	13.4375	24.3125	72.875	-60.4375	-12.0	-3.625	-12.4375	4.5625
11:29:21.711222	14.75	-9.1875	-0.5625	34.4375	18.3125	14.375	67.625	-59.0	-21.5	-67.5625	-29.0	-9.6875
11:29:21.721325	14.3125	-20.625	-4.6875	54.625	37.875	11.25	62.5625	-24.75	-25.375	-101.0625	-38.0625	-5.4375
11:29:21.731809	13.5	-28.5	-9.1875	71.375	60.0	15.4375	61.9375	15.5625	-22.25	-99.9375	-24.75	17.4375
11:29:21.741936	13.125	-31.75	-13.0625	74.375	58.0625	19.125	62.625	40.5625	-14.5625	-45.875	-8.25	23.125
11:29:21.752029	12.3125	-31.875	-14.0625	61.125	37.6875	19.4375	62.125	44.5625	-6.4375	-8.0	3.875	5.9375
11:29:21.762101	11.5625	-29.9375	-11.75	43.9375	5.4375	20.8125	61.25	26.0625	-2.6875	-14.125	-5.0	6.8125
11:29:21.772617	10.75	-26.0625	-7.9375	25.0625	-25.1875	22.125	61.0	-3.875	-3.0625	-25.3125	-14.4375	1.875
11:29:21.782739	9.3125	-20.6875	-3.4375	11.4375	-40.625	22.0625	60.25	-30.9375	-5.0	-46.375	-12.5	1.6875
11:29:21.792867	6.4375	-14.5625	2.0625	10.1875	-41.25	18.8125	60.25	-30.9375	-5.0	-59.25	-19.0	2.0
11:29:21.802941	3.375	-7.25	7.4375	18.9375	-34.6875	14.4375	59.125	-45.125	-5.3125	-46.5625	-19.25	7.125
11:29:21.813034	0.75	0.5625	10.625	28.6875	-17.5625	11.375	58.6875	-44.1875	-3.3125	-27.125	-17.375	6.0
11:29:21.823108	-1.25	7.0625	11.9375	41.875	7.0625	10.875	56.0625	-29.1875	-1.4375	-7.8125	-11.375	-1.8125
11:29:21.833180	-1.875	11.1875	12.0625	51.0625	29.6875	13.5	49.75	-2.9375	-0.5	-17.125	0.625	-7.375
11:29:21.843261	-1.25	13.4375	11.1875	57.5625	50.5625	15.5625	44.875	17.25	0.0625	-37.75	15.125	-9.3125
11:29:21.853349	-0.5	13.6875	9.75	61.875	61.875	20.5625	44.8125	26.1875	-0.9375	-45.25	24.3125	-2.625
11:29:21.863424	0.3125	13.0	8.0625	67.5	69.25	24.1875	40.6875	26.0	-0.8125	-41.875	11.8125	4.5
11:29:21.873495	0.5625	11.75	5.9375	69.5625	67.5	26.625	37.875	23.5	0.25	-37.5625	-4.5	14.5
11:29:21.883596	0.8125	10.5625	3.6875	67.3125	65.125	27.375	35.1875	11.1875	1.0625	-29.125	-4.25	15.3125
11:29:21.893717	0.9375	9.1875	0.875	60.625	65.1875	28.1875	35.5625	3.8125	0.3125	-14.875	0.875	5.6875
11:29:21.903790	1.0	7.625	-1.8125	56.6875	76.4375	31.75	37.125	3.25	-0.9375	-19.75	3.0625	0.625
11:29:21.913865	1.1875	5.9375	-4.25	52.6875	77.8125	35.0	36.25	-0.0625	-1.8125	-22.0625	2.75	1.875
11:29:21.923950	1.4375	4.0	-6.0	50.0	67.9375	37.0625	33.4375	-4.5625	-2.9375	-29.875	6.3125	2.75
11:29:21.934056	1.625	2.5	-7.3125	49.5	52.25	37.875	32.5	4.0	-3.3125	-17.125	2.125	0.4375
11:29:21.944174	1.9375	1.5	-7.4375	52.25	37.125	37.9375	33.0625	15.3125	-3.0	-22.5625	8.5625	-1.125
11:29:21.954268	2.125	1.4375	-7.0	55.75	26.875	37.1875	29.9375	14.1875	-2.8125	-28.9375	16.4375	2.6875
11:29:21.964341	2.6875	2.0	-5.8125	56.5	19.875	36.875	27.4375	5.625	-3.625	-25.8125	10.8125	4.75
11:29:21.974414	3.5	2.6875	-5.125	60.1875	14.75	37.25	27.75	1.25	-3.0625	-17.8125	-0.25	-0.125
11:29:21.984489	5.0	3.25	-4.625	60.8125	13.6875	35.625	26.375	1.375	-1.8125	-26.25	-2.0625	-0.625
11:29:21.994573	6.125	3.6875	-5.25	66.5625	17.875	33.875	22.8125	-4.25	-1.875	-36.9375	-15.0625	1.375
11:29:22.004661	7.3125	4.25	-4.375	71.75	20.0625	34.4375	21.125	-4.3125	-2.0	-20.625	3.375	4.9375
11:29:22.014748	9.0	4.6875	-2.75	71.875	17.6875	35.8125	22.8125	1.3125	-1.5	-7.875	8.0625	-0.375
11:29:22.024819	10.25	4.3125	-2.25	72.25	18.0	36.875	21.8125	3.8125	-1.1875	-17.125	7.0	-0.25
11:29:22.034888	11.0625	3.4375	-1.6875	71.125	18.5625	39.0	19.375	7.0	-1.4375	-24.5625	11.4375	6.5625
11:29:22.045035	11.5	3.5625	-1.25	67.75	23.3125	41.125	22.4375	17.125	-1.9375	-14.625	8.0625	6.5625
11:29:22.055141	11.8125	3.375	-0.6875	63.0625	29.9375	42.75	26.6875	23.875	-0.625	-15.3125	0.9375	2.375
11:29:22.065822	11.5625	3.0	-0.375	55.0625	36.125	44.3125	25.25	21.25	-0.125	-24.0625	9.125	3.875
11:29:22.075953	11.5	3.4375	-0.625	55.0625	36.125	44.3125	25.5625	15.25	-0.75	-33.8125	11.5	6.4375
11:29:22.086071	10.125	6.0625	-1.6875	54.125	35.6875	44.9375	32.3125	9.375	-0.6875	-18.125	2.4375	2.375
11:29:22.096150	9.8125	6.75	-2.0625	52.3125	37.0	42.9375	35.5625	7.9375	0.5	-21.25	-1.75	-2.5
11:29:22.106254	8.5625	8.6875	-2.4375	52.3125	37.0	42.9375	35.1875	6.4375	0.4375	-37.1875	9.9375	-1.125
11:29:22.116382	8.3125	11.75	-1.875	48.8125	36.875	38.6875	38.375	11.25	0.125	-38.5625	11.625	-0.75
11:29:22.126498	7.9375	15.1875	-0.75	44.125	38.375	32.3125	44.625	18.625	1.875	-24.5625	-4.75	-5.1875
11:29:22.137243	6.875	17.875	-0.5	41.8125	37.8125	30.75	45.125	24.1875	4.0	-34.375	-11.6875	5.875
11:29:22.147328	5.75	19.3125	-0.375	41.1875	37.125	30.5625	44.8125	23.1875	4.125	-48.5	-17.625	33.3125
11:29:22.157396	5.1875	19.1875	-0.75	37.25	32.9375	30.4375	49.5625	20.0	3.625	-49.3125	9.1875	22.0625
11:29:22.167520	5.0625	17.9375	-1.6875	31.1875	29.375	29.0	53.6875	21.375	4.6875	-51.125	-17.4375	4.9375
11:29:22.177904	4.9375	16.0	-2.375	29.4375	25.0	27.3125	52.8125	25.6875	6.25	-61.125	-11.25	7.5
11:29:22.188165	4.5625	13.875	-3.25	25.5	27.4375	25.9375	54.875	28.25	7.3125	-70.0625	-3.125	3.625
11:29:22.198356	4.0	11.4375	-3.4375	21.0	28.25	24.875	59.75	26.5	8.5	-66.625	-24.625	1.5
11:29:22.208464	2.75	9.125	-3.6875	18.5	25.6875	26.125	63.625	24.8125	11.6875	-62.5625	-36.9375	4.3125
11:29:22.218585	1.5	6.6875	-3.9375	19.0	21.3125	29.0	64.1875	21.125	14.0	-72.375	-24.5625	4.625
11:29:22.228774	-0.125	3.9375	-3.75	18.1875	20.8125	30.875	66.0	16.375	14.5625	-81.125	-29.8125	0.875
11:29:22.239238	-1.3125	2.4375	-2.625	14.9375	19.6875	31.0	70.4375	14.0625	15.75	-79.125	-39.8125	0.75
11:29:22.249338	-2.1875	0.5625	-1.625	13.1875	18.75	28.75	73.125	16.5	17.25	-88.9375	-25.5625	4.25
11:29:22.259439	-3.25	-1.5	-0.875	13.375	18.8125	27.5	73.8125	17.0625	19.0	-98.25	-33.375	0.3125
11:29:22.269567	-5.5	-3.8125	-1.1875	12.0625	20.3125	25.9375	75.8125	19.125	19.8125	-83.375	-62.375	-9.1875
11:29:22.280001	-9.875	-5.5625	-0.625	9.25	15.75	24.4375	81.125	22.5	22.4375	-85.3125	-57.3125	2.4375
11:29:22.290069	-14.375	-5.9375	0.875	5.9375	7.125	20.3125	83.125	21.3125	24.875	-104.8125	-30.6875	10.9375
11:29:22.300218	-17.8125	-8.3125	2.3125	2.625	-4.125	15.1875	89.0	0.3125	23.625	-115.125	-39.0	0.6875
11:29:22.310376	-19.5	-14.3125	1.625	-1.5	-12.625	9.3125	89.0	0.3125	23.625	-108.875	-57.75	1.0625
11:29:22.320495	-19.125	-21.0625	0.6875	-9.5625	-21.75	3.8125	100.8125	8.5	24.75	-108.6875	-56.75	12.125
11:29:22.330593	-18.5625	-30.375	-2.0	-18.25	-31.8125	-0.4375	103.5625	11.4375	24.875	-124.8125	-55.875	26.375
11:29:22.341197	-17.6875	-37.25	-3.6875	-27.0625	-39.0625	-4.8125	109.4375	14.9375	23.5625	-132.75	-61.3125	35.5
11:29:22.351319	-15.25	-39.25	-5.5	-38.25	-43.3125	-7.8125	118.25	16.0625	22.5	-123.0625	-51.75	38.9375
11:29:22.361382	-13.375	-36.625	-7.25	-63.9375	-49.875	-14.875	123.8125	17.4375	21.0625	-118.6875	-31.6875	58.75
11:29:22.371513	-11.5625	-28.1875	-7.8125	-76.125	-53.375	-20.5	129.4375	32.1875	19.875	-132.0	-7.625	74.5625
11:29:22.382060	-9.4375	-14.8125	-7.0	-91.5625	-56.0	-25.6875	138.4375	63.4375	20.3125	-151.5625	-2.6875	79.0625
11:29:22.392252	-7.3125	-0.875	-5.875	-106.5	-60.0	-32.4375	144.5	97.8125	24.25	-165.4375	8.125	72.8125
11:29:22.402828	-5.625	11.875	-5.9375	-116.8125	-61.5	-36.1875	144.3125	129.875	27.75	-189.4375	22.1875	56.875
11:29:22.413127	-5.8125	21.9375	-7.25	-127.3125	-61.0625	-44.625	145.125	132.75	25.9375	-226.25	-26.5625	27.0625
11:29:22.423203	-7.375	29.375	-9.1875	-137.25	-44.125	-47.0	125.9375	92.6875	23.375	-283.0625	-93.0	18.6875
11:29:22.433306	-9.1875	35.25	-11.6875	-145.5	0.0	-47.625	105.1875	46.5	21.5625	-343.9375	-64.75	24.625
11:29:22.443414	-10.3125	38.75	-13.3125	-148.0625	22.625	-54.75	87.5	2.875	17.9375	-362.375	-53.125	27.125
11:29:22.453494	-11.4375	40.25	-14.3125	-131.5	25.125	-59.6875	92.0625	-29.375	13.625	-243.0	-237.875	7.25
11:29:22.463559	-12.9375	39.375	-14.625	-112.0625	11.3125	-66.4375	93.6875	-32.875	12.5625	-23.0625	-159.8125	-13.1875
11:29:22.473630	-14.375	37.75	-14.25	-92.9375	2.0	-62.4375	91.5625	-9.3125	12.8125	102.5625	267.8125	36.25
11:29:22.483747	-14.6875	35.8125	-12.0	-76.25	13.375	-62.1875	84.25	14.0625	6.625	111.9375	343.9375	60.75
11:29:22.493816	-13.75	33.0625	-9.25	-74.5	24.5625	-61.6875	65.0	23.0	2.8125	59.375	86.25	-36.0
11:29:22.503892	-11.4375	28.5625	-7.0625	-79.0625	12.6875	-60.9375	32.75	8.75	-0.1875	7.25	-34.5625	-62.8125
11:29:22.513957	-8.8125	24.125	-5.4375	-79.5	-1.25	-62.4375	8.875	-6.0	-2.3125	32.8125	105.5	-33.8125
11:29:22.524030	-6.625	19.6875	-3.8125	-84.375	-18.625	-64.6875	-10.0625	-13.875	-7.8125	112.5625	170.3125	-56.0625
11:29:22.534096	-5.1875	16.5625	-3.1875	-90.375	-30.4375	-65.625	-29.9375	-34.0625	-17.3125	194.25	104.5	-90.3125
11:29:22.544242	-3.875	14.625	-4.1875	-97.0	-39.3125	-66.75	-52.25	-50.1875	-26.0	211.25	51.0625	-68.375
11:29:22.554358	-3.1875	13.8125	-5.1875	-95.0625	-44.125	-67.1875	-74.375	-55.4375	-32.8125	173.4375	50.6875	-9.875
11:29:22.564428	-2.4375	13.5	-6.625	-93.6875	-52.5	-67.5	-96.875	-48.5625	-33.625	131.0	54.25	-0.5625
11:29:22.574568	-1.5625	12.6875	-7.5625	-89.1875	-56.0625	-66.375	-118.25	-33.5	-30.0	159.1875	49.5	1.75
11:29:22.584699	-0.9375	11.125	-7.9375	-80.25	-57.4375	-62.625	-138.125	-21.5625	-23.875	207.6875	33.5	15.9375
11:29:22.594770	-0.0625	9.3125	-7.6875	-67.8125	-57.5	-57.25	-155.875	-26.5	-23.6875	224.625	33.1875	6.0625
11:29:22.604851	0.5	7.1875	-7.1875	-62.625	-55.875	-52.875	-170.4375	-36.5625	-27.5625	231.9375	52.5625	-5.9375
11:29:22.614922	1.375	5.4375	-7.6875	-58.25	-55.4375	-47.125	-185.0625	-43.6875	-31.25	243.6875	70.625	-6.4375
11:29:22.625038	1.8125	2.75	-7.375	-53.1875	-52.125	-43.3125	-198.5625	-39.375	-34.25	247.375	78.5	0.0625
11:29:22.635171	2.3125	0.75	-7.0	-47.5	-49.625	-40.6875	-212.5	-26.0625	-37.0625	237.9375	96.25	9.0625
11:29:22.645745	1.8125	-1.5	-5.1875	-42.5	-49.1875	-38.625	-224.875	-6.5625	-38.375	227.0625	108.9375	19.8125
11:29:22.655853	2.3125	-3.6875	-3.625	-36.5625	-43.4375	-37.75	-234.125	15.8125	-39.1875	217.1875	105.6875	30.0
11:29:22.665921	1.375	-5.5	-4.0625	-30.4375	-36.9375	-37.625	-240.5	37.8125	-39.0	214.375	103.625	31.8125
11:29:22.676043	-0.125	-5.8125	-4.4375	-25.375	-27.4375	-37.875	-245.4375	55.5	-38.625	221.9375	107.0625	25.75
11:29:22.686117	-1.625	-6.125	-3.875	-18.625	-17.5	-38.75	-247.9375	60.75	-39.5	221.625	93.4375	27.25
11:29:22.696242	-4.3125	-4.625	-4.5625	-8.9375	-9.5625	-39.5625	-247.0625	49.375	-40.625	216.5625	69.3125	32.375
11:29:22.706320	-4.3125	-4.625	-4.5625	-0.0625	-1.8125	-40.375	-246.0	28.9375	-40.875	217.4375	52.6875	32.75
11:29:22.716434	-6.25	-0.1875	-5.9375	4.75	3.8125	-40.5625	-245.0625	7.3125	-39.9375	220.125	37.5625	30.1875
11:29:22.726505	-7.375	2.1875	-5.875	6.875	8.875	-39.875	-241.0	-6.625	-39.4375	212.0625	22.5	26.6875
11:29:22.736575	-8.125	3.9375	-5.8125	7.5	11.4375	-39.5	-235.8125	-18.0	-39.0625	210.0	12.25	28.3125
11:29:22.746686	-9.25	5.8125	-4.75	7.875	10.9375	-36.6875	-228.75	-25.1875	-39.5	209.9375	5.0	26.375
11:29:22.756794	-10.375	6.875	-2.375	10.1875	9.5625	-34.5625	-221.5	-28.3125	-38.5	203.875	-1.4375	22.75
11:29:22.767474	-11.3125	6.6875	0.0625	10.4375	8.25	-31.0625	-214.125	-30.0625	-36.1875	198.4375	-5.5	20.0625
11:29:22.777570	-12.125	4.375	1.75	11.1875	6.625	-26.75	-205.8125	-33.3125	-32.6875	189.75	-7.625	15.125
11:29:22.787686	-12.0625	1.0	3.0625	11.4375	2.625	-25.25	-197.25	-35.6875	-29.9375	177.4375	-8.3125	9.375
11:29:22.797890	-11.625	-2.4375	4.5625	14.625	-5.875	-21.6875	-187.6875	-33.5625	-27.0625	165.8125	-4.0	4.125
11:29:22.808405	-10.8125	-4.875	6.75	16.875	-17.375	-17.8125	-176.25	-30.5	-24.3125	149.5625	-2.6875	1.5
11:29:22.818575	-10.375	-7.375	7.5625	16.8125	-27.25	-16.1875	-165.0625	-27.25	-21.0	133.8125	-7.6875	0.875
11:29:22.829173	-10.0625	-9.6875	7.9375	16.625	-34.5625	-14.6875	-149.625	-25.625	-17.4375	120.6875	-6.5	-1.1875
11:29:22.839307	-9.5625	-11.5625	8.5	17.3125	-40.1875	-13.125	-131.25	-29.125	-13.4375	106.25	-10.5	-3.0
11:29:22.849376	-9.4375	-13.5	9.1875	17.5	-40.8125	-14.125	-111.625	-35.6875	-9.875	71.875	-26.125	-4.6875
11:29:22.859508	-9.75	-15.375	8.75	20.4375	-36.25	-13.375	-91.125	-40.8125	-6.8125	56.125	-31.875	-4.625
11:29:22.869959	-9.3125	-17.4375	8.875	22.4375	-26.4375	-12.5	-70.125	-43.75	-4.3125	34.3125	-37.0625	-4.8125
11:29:22.880060	-9.0	-18.6875	8.625	19.8125	-15.4375	-11.625	-28.25	-38.9375	-2.1875	10.8125	-39.125	-5.5625
11:29:22.890224	-8.875	-20.0	7.6875	15.6875	-6.875	-11.0625	-7.375	-33.5	-1.375	10.8125	-39.125	-5.5625
11:29:22.900648	-7.9375	-20.0	5.8125	10.375	-4.625	-10.25	12.6875	-28.3125	-0.8125	-28.375	-40.625	-6.0625
11:29:22.910976	-7.0	-19.1875	4.8125	5.9375	-8.8125	-9.125	31.25	-26.1875	-0.1875	-32.75	-38.0625	-6.5
11:29:22.921131	-5.875	-16.6875	4.3125	0.25	-26.0	-6.0625	48.75	-31.125	-0.375	-32.75	-38.0625	-6.5
11:29:22.931721	-5.0	-14.125	4.6875	-0.875	-34.625	-4.0	64.25	-37.0	-1.3125	-56.3125	-52.875	-16.3125
11:29:22.941817	-4.375	-12.4375	4.5625	2.5625	-39.9375	-1.125	79.1875	-40.25	-3.125	-129.375	-57.125	-34.625
11:29:22.951911	-3.5625	-11.125	5.0	6.375	-39.0625	2.5	90.9375	-41.125	-4.5625	-129.375	-57.125	-34.625
11:29:22.962027	-2.875	-10.5625	7.125	12.1875	-34.25	5.5	100.375	-33.875	-5.4375	-108.0	-41.75	-31.6875
11:29:22.972147	-2.6875	-10.0	9.125	24.8125	-23.0625	11.25	96.0625	-4.6875	-5.6875	-24.4375	-90.25	-21.1875
11:29:22.982506	0.25	-5.6875	10.375	37.3125	-8.0625	17.0	64.5625	52.0	-4.6875	110.3125	21.3125	-7.0
11:29:22.992629	4.0625	-6.5	11.6875	42.5625	8.25	18.125	34.625	24.9375	0.875	-9.25	174.3125	-61.625
11:29:23.002701	5.9375	-6.1875	10.8125	36.625	14.875	17.5	31.875	-41.375	2.25	-156.8125	-150.5625	-74.1875
11:29:23.012786	6.1875	-2.9375	9.25	26.6875	16.4375	17.375	54.8125	-93.3125	-7.9375	-177.625	-285.25	-4.125
11:29:23.022859	4.625	3.75	7.8125	28.8125	30.6875	17.1875	73.9375	-111.5625	-15.4375	-166.875	-0.75	85.0
11:29:23.032929	2.9375	12.1875	6.625	19.375	27.6875	12.75	75.8125	-71.3125	-15.25	-189.8125	77.0625	90.4375
11:29:23.042996	1.75	18.375	6.0625	6.0625	23.5	7.0625	71.25	-14.3125	-12.0	-201.5	-71.8125	51.25
11:29:23.053072	1.3125	18.6875	5.3125	9.0	33.1875	9.75	74.75	39.5	-7.3125	-107.6875	-110.8125	46.25
11:29:23.063148	1.1875	12.5625	4.6875	20.625	51.75	18.5625	74.3125	48.6875	-0.375	-42.5	-11.9375	50.5
11:29:23.073279	2.375	2.9375	3.0625	32.0	58.875	25.0625	70.5	21.375	5.8125	-7.375	14.125	12.75
11:29:23.083346	3.5625	-7.6875	0.5	45.0	63.8125	26.875	69.6875	-19.5	4.5625	28.4375	6.875	-11.625
11:29:23.093420	4.0	-17.25	-2.875	58.0	70.75	27.125	64.75	-47.875	-2.8125	62.0625	11.1875	-17.875
11:29:23.103493	3.6875	-24.5	-6.0625	63.3125	74.625	28.5	55.3125	-42.875	-12.8125	-0.9375	-23.75	-20.875
11:29:23.113575	3.6875	-29.3125	-8.375	62.4375	69.1875	29.75	49.375	-20.25	-21.0625	-87.1875	-39.125	-37.0625
11:29:23.123646	4.3125	-31.5625	-9.625	61.8125	50.375	30.9375	47.5625	15.3125	-22.75	-88.9375	-7.875	-16.875
11:29:23.133754	5.375	-31.875	-9.9375	61.5	19.75	31.9375	45.875	50.0625	-17.3125	-58.4375	-1.375	24.25
11:29:23.143856	6.5625	-30.1875	-8.9375	52.375	-13.6875	30.875	43.625	61.5625	-10.0	-38.5625	-18.5	24.625
11:29:23.153938	7.3125	-26.3125	-6.875	41.0	-38.6875	29.875	44.4375	53.375	-5.625	-34.125	3.0625	26.75
11:29:23.164016	7.6875	-20.6875	-4.0	32.75	-48.25	28.8125	45.0	30.1875	-4.1875	-14.375	13.0	10.3125
11:29:23.174083	7.0625	-14.125	-1.125	26.9375	-45.5	27.1875	39.9375	-20.625	-4.0625	7.75	7.1875	5.375
11:29:23.184155	6.25	-5.75	1.125	26.375	-35.8125	23.5625	41.0625	-36.8125	-3.4375	-31.9375	-5.875	-0.25
11:29:23.194280	2.5	10.375	3.25	36.25	-15.625	18.75	42.3125	-38.625	-1.9375	-42.0	-18.4375	3.4375
11:29:23.204353	2.5	10.375	3.25	46.9375	8.375	17.5	39.875	-19.5625	-0.75	-24.6875	-18.5	2.0
11:29:23.214438	1.75	15.5625	3.0625	60.625	35.4375	17.75	38.4375	5.6875	0.0	-15.5	-11.875	3.0625
11:29:23.224501	1.1875	17.5	2.5	63.3125	55.1875	20.25	39.25	30.0	0.8125	-18.0	-2.0625	-3.0
11:29:23.234593	1.0	17.25	1.0625	62.5625	71.75	22.75	39.75	48.6875	1.625	-25.1875	8.625	-10.375
11:29:23.244660	0.875	15.625	-1.125	60.75	81.125	24.75	36.125	60.1875	2.8125	-38.375	20.8125	-10.5625
11:29:23.254789	0.625	14.0	-3.125	58.5625	85.8125	25.125	33.6875	57.125	4.6875	-49.8125	19.125	-8.8125
11:29:23.264874	-0.875	12.5	-6.3125	56.0625	85.9375	23.8125	33.875	40.5	6.5625	-52.25	15.125	-6.125
11:29:23.275005	-1.4375	12.6875	-7.1875	54.125	86.9375	23.3125	35.0625	25.1875	7.4375	-42.5625	10.4375	3.875
11:29:23.285158	-2.0	12.9375	-7.6875	52.0625	92.0	24.75	35.5625	10.0625	6.625	-25.75	4.625	9.5
11:29:23.295783	-1.8125	13.125	-7.9375	45.6875	91.125	25.6875	37.5	-7.6875	4.875	-24.9375	-7.875	7.125
11:29:23.306405	-2.0625	13.4375	-7.8125	41.625	85.0625	26.0625	41.0625	-16.625	2.6875	-22.5625	-2.625	2.5
11:29:23.316482	-2.25	14.5	-6.5	40.375	70.0	27.1875	42.625	-13.5	1.375	-20.0625	5.9375	-3.25
11:29:23.326551	-2.0	15.1875	-4.5625	34.625	55.625	24.1875	41.625	-4.8125	1.5625	-14.6875	1.4375	-6.625
11:29:23.336654	-1.875	15.9375	-2.5625	34.0	36.5625	23.0	41.125	2.0625	0.9375	-28.875	-0.9375	-9.4375
11:29:23.346727	-0.8125	16.0625	-0.8125	33.5625	21.8125	21.25	42.9375	8.875	0.5	-37.3125	11.0	-8.4375
11:29:23.356798	0.375	15.125	0.25	35.0625	9.0625	20.3125	43.75	10.75	1.8125	-40.125	25.4375	-5.0625
11:29:23.366882	2.0	13.75	0.8125	35.0	-1.0625	19.1875	41.5	-4.8125	2.125	-30.75	14.0	-5.3125
11:29:23.377307	3.5625	12.375	1.5	35.6875	-7.125	18.3125	40.625	-19.75	1.0	-37.75	6.0625	0.1875
11:29:23.387410	5.0625	10.8125	2.25	36.625	-7.0	18.5625	43.5	-25.1875	1.0625	-40.875	12.375	6.3125
11:29:23.397478	6.625	8.875	2.625	37.3125	-4.0	19.25	45.625	-25.8125	1.5625	-35.0625	12.5625	3.8125
11:29:23.407598	8.1875	6.625	2.875	37.4375	0.5625	20.75	43.125	-29.75	0.5	-23.8125	-7.5625	-0.6875
11:29:23.417765	9.4375	5.125	2.875	37.375	7.125	22.625	42.3125	-24.5	-0.6875	-25.75	-3.0	1.875
11:29:23.428465	10.5	4.4375	2.8125	37.625	14.0625	24.75	46.4375	-10.875	-0.125	-32.25	6.4375	0.0625
11:29:23.438556	11.3125	4.25	3.0	38.0625	21.375	27.5	46.0625	-4.875	0.0625	-27.375	10.4375	1.625
11:29:23.448689	11.875	4.875	3.125	37.5625	32.0	30.125	41.1875	-2.25	-0.9375	-22.125	-2.0625	1.5
11:29:23.458820	12.0625	5.3125	3.125	36.0	41.0	32.0625	43.0	6.125	-1.625	-27.4375	3.5	0.375
11:29:23.469437	11.8125	5.625	2.9375	35.6875	50.125	34.25	47.25	10.6875	-0.6875	-41.5	17.5	1.625
11:29:23.479923	11.1875	5.6875	2.6875	36.5625	57.0625	36.375	44.5625	9.6875	-0.3125	-25.0625	-4.4375	-0.9375
11:29:23.490452	10.1875	5.4375	2.75	37.1875	54.875	37.9375	45.9375	12.125	-0.5625	-28.8125	3.6875	-1.25
11:29:23.500544	9.4375	5.25	2.8125	37.375	46.75	39.0625	50.6875	9.375	2.8125	-37.0625	7.6875	2.4375
11:29:23.511739	8.5	5.5	3.25	35.4375	36.5625	38.875	49.125	8.5	2.5	-27.875	-4.375	1.875
11:29:23.522282	7.9375	4.75	3.3125	32.125	29.5	39.0	50.8125	12.9375	1.8125	-32.625	-11.9375	0.1875
11:29:23.532355	7.25	5.25	4.0	32.375	29.4375	38.125	52.5	17.25	3.0	-41.0625	1.6875	5.3125
11:29:23.542446	6.25	6.5625	4.875	31.6875	27.5625	37.0625	50.5625	22.8125	3.3125	-45.5625	-21.75	24.75
11:29:23.552522	6.25	7.75	4.9375	32.6875	25.8125	35.875	48.1875	28.8125	3.0625	-44.0625	-34.625	39.75
11:29:23.562637	5.5	8.125	5.4375	35.375	24.1875	36.0625	51.625	38.375	4.625	-53.0625	13.3125	20.5625
11:29:23.572695	4.8125	8.75	6.3125	36.125	26.875	36.625	55.0	41.375	7.125	-65.125	2.1875	3.375
11:29:23.582762	4.6875	8.9375	6.5	32.375	33.75	33.5	53.6875	34.75	10.1875	-68.0	3.3125	3.4375
11:29:23.592869	3.8125	8.375	6.625	30.3125	31.0625	33.875	55.6875	28.6875	11.625	-61.1875	-4.0625	5.125
11:29:23.603018	3.0625	8.3125	6.375	26.8125	26.5625	35.3125	61.0	23.5	13.8125	-67.875	-20.6875	4.25
11:29:23.613709	2.5	6.0625	6.1875	22.0625	23.5	38.0625	64.3125	22.9375	16.3125	-74.875	-23.8125	1.25
11:29:23.623793	1.6875	4.0625	6.5625	18.1875	21.625	38.9375	64.0	20.625	18.1875	-75.0625	-32.0625	0.9375
11:29:23.633861	0.875	3.4375	7.875	14.9375	20.75	38.5625	66.8125	19.625	18.5	-73.625	-45.125	6.125
11:29:23.643952	0.0625	3.3125	9.6875	13.4375	26.3125	36.5	72.0	20.375	19.4375	-85.0	-41.8125	5.125
11:29:23.654029	-0.375	2.125	11.3125	11.9375	26.125	35.75	74.375	23.4375	21.0	-93.6875	-40.625	2.8125
11:29:23.664151	-1.375	-0.125	12.4375	12.0625	22.4375	36.1875	75.75	23.4375	22.125	-92.375	-45.5625	5.0
11:29:23.674226	-1.5625	-1.6875	13.125	11.625	20.25	35.875	79.1875	27.0625	23.3125	-92.375	-45.3125	7.1875
11:29:23.684295	-4.6875	-4.875	13.125	9.3125	20.8125	34.875	83.8125	32.6875	26.5	-105.125	-35.9375	7.6875
11:29:23.694587	-12.875	-3.375	15.25	4.9375	16.6875	30.625	86.375	30.0625	28.8125	-114.375	-33.9375	3.6875
11:29:23.704735	-16.75	-7.3125	13.5	-0.3125	7.6875	22.625	90.25	18.5	28.5625	-103.3125	-66.875	-0.1875
11:29:23.715277	-17.0	-14.875	11.5	-4.5625	-5.875	14.4375	95.875	9.5625	25.875	-97.8125	-84.5	9.3125
11:29:23.725418	-15.8125	-24.6875	9.25	-10.75	-17.8125	7.8125	105.0625	15.6875	23.875	-120.375	-40.875	23.3125
11:29:23.736052	-13.4375	-31.0625	8.75	-21.9375	-25.5625	2.9375	110.125	29.6875	23.4375	-128.0625	-27.0625	21.8125
11:29:23.746288	-11.375	-31.3125	8.0	-35.5625	-32.4375	-2.375	112.625	39.25	21.5	-126.9375	-45.25	21.6875
11:29:23.756422	-9.4375	-26.25	6.75	-49.3125	-39.375	-8.4375	120.875	59.4375	20.25	-122.625	-40.6875	35.25
11:29:23.766505	-7.0625	-15.4375	5.3125	-65.6875	-44.3125	-14.4375	134.1875	91.0	22.375	-127.875	-23.125	55.0
11:29:23.776577	-5.0625	-2.0625	3.3125	-84.0625	-47.6875	-19.9375	141.0625	127.375	27.0625	-142.8125	7.875	78.5625
11:29:23.786646	-4.25	9.75	-0.25	-100.0625	-52.625	-25.0625	141.25	151.75	29.5625	-147.6875	26.0	84.8125
11:29:23.796724	-3.875	19.125	-4.3125	-114.4375	-55.4375	-27.3125	143.5	155.0	26.8125	-157.4375	38.9375	86.375
11:29:23.806790	-4.0	26.1875	-8.25	-125.4375	-46.9375	-31.6875	133.625	124.4375	24.9375	-183.25	63.0	74.375
11:29:23.816858	-3.875	32.1875	-10.75	-140.125	-34.5	-34.6875	118.6875	66.625	27.125	-223.5	31.375	43.9375
11:29:23.826986	-4.5	35.4375	-12.375	-148.875	11.0625	-40.5	104.6875	16.3125	26.3125	-305.125	-62.5	19.3125
11:29:23.837055	-6.4375	34.5625	-12.625	-151.625	32.5625	-53.25	98.125	-2.375	22.0	-362.25	-74.5625	18.125
11:29:23.847130	-8.1875	31.3125	-11.8125	-136.875	38.6875	-65.1875	96.5625	-6.1875	20.4375	-362.875	-47.375	23.625
11:29:23.857196	-8.6875	26.5625	-10.0625	-117.1875	17.375	-72.3125	94.0	-9.125	19.5	-297.75	-197.25	-7.0625
11:29:23.867265	-8.25	20.625	-7.9375	-102.3125	15.9375	-77.4375	89.375	-4.5	14.4375	-168.75	-272.3125	-30.625
11:29:23.877402	-7.0	13.5625	-4.4375	-85.8125	15.5625	-74.875	82.0	1.8125	10.125	23.8125	71.875	-24.5625
11:29:23.887473	-5.4375	6.125	-2.1875	-77.9375	-0.0625	-73.75	55.75	-3.3125	4.875	115.8125	336.5625	49.3125
11:29:23.897560	-3.8125	-1.125	-1.625	-80.9375	-13.8125	-72.875	23.9375	-15.25	0.6875	131.5	220.4375	19.3125
11:29:23.907637	-3.0625	-6.8125	-1.5	-80.6875	-15.9375	-69.4375	-0.5625	-16.25	-3.6875	60.625	22.4375	-51.125
11:29:23.917770	-2.9375	-8.875	-2.875	-87.625	-21.125	-68.4375	-22.9375	-32.375	-11.0	15.0625	8.75	-48.625
11:29:23.927855	-3.5625	-8.625	-3.5625	-96.1875	-29.8125	-69.3125	-42.3125	-54.375	-19.6875	48.75	123.0	-29.25
11:29:23.937964	-3.5	-6.25	-6.0	-98.625	-38.8125	-71.6875	-64.6875	-58.75	-27.1875	140.1875	157.4375	-49.9375
11:29:23.948037	-2.6875	-2.9375	-8.8125	-97.375	-52.8125	-73.1875	-86.4375	-56.8125	-33.0625	217.625	71.6875	-73.5625
11:29:23.958137	-1.5	-0.1875	-10.4375	-98.25	-62.125	-75.6875	-108.75	-51.25	-33.375	223.0	14.375	-47.875
11:29:23.968205	0.1875	2.4375	-10.875	-96.0625	-73.3125	-72.75	-128.75	-46.8125	-28.9375	165.625	16.875	-2.3125
11:29:23.978341	2.0625	5.0	-11.25	-94.5625	-79.875	-72.1875	-148.0	-53.3125	-24.75	128.5	21.0	-6.1875
11:29:23.988411	3.5	6.8125	-11.5625	-98.9375	-82.8125	-70.375	-164.5	-63.5625	-26.5625	177.3125	9.0625	3.5
11:29:23.998780	3.9375	7.3125	-9.375	-102.0625	-85.5625	-66.875	-180.75	-67.125	-30.875	224.125	8.0625	8.8125
11:29:24.008886	4.875	5.875	-8.625	-93.9375	-82.9375	-62.1875	-199.8125	-67.1875	-33.5	242.9375	14.5	0.375
11:29:24.019005	5.3125	3.1875	-7.3125	-88.875	-76.125	-57.375	-217.375	-54.1875	-35.375	257.625	35.4375	-7.625
11:29:24.029149	5.375	0.4375	-6.375	-80.5	-68.1875	-52.8125	-234.375	-31.8125	-37.75	260.25	63.5	-0.25
11:29:24.039243	5.125	-2.25	-5.8125	-60.4375	-54.5	-49.0	-244.5	-4.875	-40.125	251.5	90.6875	15.6875
11:29:24.049464	4.9375	-4.25	-5.5625	-45.25	-38.0625	-45.875	-253.875	31.8125	-41.25	240.4375	107.6875	26.125
11:29:24.059901	3.125	-6.1875	-6.1875	-36.0	-22.3125	-43.25	-262.3125	65.125	-41.4375	240.4375	107.6875	26.125
11:29:24.070038	0.3125	-6.5	-5.6875	-30.5625	-9.6875	-41.375	-266.9375	82.3125	-42.8125	232.6875	115.5	30.0
11:29:24.080149	-1.875	-5.875	-5.0	-25.5	-2.3125	-40.5625	-268.8125	84.625	-45.875	232.6875	115.5	30.0
11:29:24.090368	-4.3125	-4.8125	-4.5	-24.625	3.25	-40.5	-267.9375	70.4375	-49.8125	237.125	96.75	36.625
11:29:24.100950	-6.125	-3.3125	-4.375	-22.0625	6.625	-38.75	-266.5	43.0	-52.1875	243.5625	64.6875	39.5625
11:29:24.111534	-7.3125	-1.125	-4.125	1.125	7.4375	-36.0625	-262.25	-13.1875	-48.0	243.5625	64.6875	39.5625
11:29:24.122079	-8.0625	0.4375	-3.875	9.8125	7.875	-36.25	-258.125	-25.1875	-45.625	245.0625	41.5625	35.25
11:29:24.132492	-8.375	1.4375	-3.3125	11.5625	-0.0625	-32.5	-252.5	-27.3125	-43.375	236.9375	33.0	30.125
11:29:24.142830	-8.875	1.375	-2.0625	12.6875	-5.0625	-30.0	-244.0625	-27.75	-39.0	228.9375	20.0625	23.8125
11:29:24.152906	-8.625	1.125	-0.9375	17.625	-12.0625	-26.9375	-233.25	-27.875	-33.5625	222.625	13.625	18.875
11:29:24.163047	-8.0	-0.0625	0.125	21.9375	-17.125	-24.5	-221.1875	-27.1875	-27.3125	206.625	7.5625	9.375
11:29:24.173271	-7.125	-1.1875	1.125	26.5	-19.6875	-23.75	-207.0625	-29.4375	-22.3125	195.75	1.3125	2.875
11:29:24.183835	-6.3125	-2.25	1.875	29.1875	-21.125	-25.1875	-193.0	-35.0	-17.8125	187.0	-1.4375	-1.9375
11:29:24.193925	-5.4375	-3.5625	2.5625	30.625	-25.6875	-25.3125	-178.125	-39.9375	-14.6875	178.0625	-0.875	-6.6875
11:29:24.203990	-5.4375	-3.5625	2.5625	29.875	-34.75	-23.375	-161.5	-43.25	-11.75	166.8125	3.125	-6.4375
11:29:24.214109	-5.3125	-3.875	2.1875	27.6875	-41.3125	-20.75	-143.1875	-44.75	-9.125	149.0	0.25	-4.875
11:29:24.224176	-5.0	-3.375	1.625	25.25	-38.3125	-18.3125	-123.375	-42.125	-6.8125	131.9375	-3.9375	-7.0
11:29:24.234418	-4.5	-2.75	0.8125	23.0625	-28.25	-16.75	-102.9375	-40.3125	-4.5625	111.125	-12.0625	-9.3125
11:29:24.244486	-3.25	-3.125	-0.1875	21.4375	-18.8125	-15.4375	-80.4375	-40.4375	-3.4375	88.5625	-20.5	-9.6875
11:29:24.254711	-3.25	-3.125	-0.1875	19.875	-13.375	-14.9375	-58.875	-39.5625	-2.625	64.625	-24.125	-7.0625
11:29:24.265274	-2.125	-5.75	-0.1875	18.5625	-11.375	-13.625	-37.0	-39.0	-2.3125	42.6875	-26.4375	-2.875
11:29:24.275433	-1.875	-6.5625	-0.1875	17.5625	-9.75	-12.4375	-15.9375	-37.3125	-2.5625	20.375	-27.875	-0.5
11:29:24.285544	-1.6875	-6.5	-0.5	14.375	-9.9375	-11.0	4.3125	-32.375	-2.75	0.0	-31.375	-0.4375
11:29:24.296050	-1.1875	-5.5625	-0.3125	11.1875	-12.375	-9.1875	21.625	-28.9375	-2.4375	-19.8125	-37.125	-0.5
11:29:24.306364	0.25	-3.75	0.75	8.0625	-16.9375	-7.875	38.5625	-27.5	-2.5625	-34.8125	-43.25	-2.875
11:29:24.316432	0.9375	-2.25	2.75	5.625	-24.25	-6.625	54.0625	-27.0	-2.3125	-40.625	-45.6875	-6.375
11:29:24.326888	1.1875	-1.25	3.6875	2.0625	-31.625	-4.9375	66.1875	-27.6875	-2.3125	-41.25	-50.25	-21.375
11:29:24.336971	1.1875	-0.25	4.5625	-0.375	-33.75	-2.6875	76.3125	-29.6875	-2.75	-107.0625	-90.1875	-44.5
11:29:24.347043	0.9375	0.625	6.125	2.75	-30.75	0.0625	85.125	-34.3125	-2.8125	-144.625	-84.9375	-48.375
11:29:24.357111	1.125	1.25	6.625	14.25	-20.75	2.9375	93.0	-38.5	-1.625	-93.8125	-30.0625	-37.9375
11:29:24.367185	2.5625	2.4375	6.0	30.9375	-5.9375	5.375	88.875	-12.75	-1.1875	-23.25	-70.9375	-27.125
11:29:24.377587	2.5625	2.4375	6.0	46.4375	7.4375	11.1875	58.8125	37.875	-1.125	119.0	-57.625	-16.0625
11:29:24.387843	5.4375	1.1875	6.3125	64.0625	20.125	20.375	28.0625	0.8125	3.25	49.125	125.9375	-60.625
11:29:24.397912	8.125	2.375	4.75	67.625	26.5	28.0625	23.5625	-66.8125	3.5	-113.1875	-82.875	-72.9375
11:29:24.407982	7.625	8.375	3.0625	59.6875	25.125	27.625	46.8125	-107.875	-7.625	-157.6875	-288.4375	-16.625
11:29:24.418050	7.25	16.9375	2.0625	41.5625	19.5625	23.0625	70.125	-106.9375	-15.75	-183.3125	-68.0625	79.125
11:29:24.428128	6.5	23.9375	1.625	25.4375	25.6875	17.6875	70.125	-106.9375	-15.75	-199.0625	94.0	108.0625
11:29:24.438206	6.5	23.9375	1.625	16.75	28.1875	11.4375	67.375	6.6875	-7.5625	-181.5	8.625	76.0
11:29:24.448289	5.625	26.4375	1.6875	8.375	24.25	6.4375	64.1875	60.375	1.75	-92.3125	-78.0625	56.875
11:29:24.458392	5.0	23.25	1.8125	6.4375	35.375	9.75	64.1875	60.375	1.75	-55.5625	-61.0625	67.1875
11:29:24.468507	5.4375	16.8125	0.625	14.875	55.6875	23.5625	62.8125	45.4375	8.6875	1.8125	-13.125	45.5
11:29:24.478611	7.3125	8.25	-1.3125	20.875	65.5	37.0625	62.3125	1.9375	4.375	53.625	16.625	13.0625
11:29:24.489025	8.6875	-1.6875	-3.9375	30.625	69.5625	40.75	60.4375	-38.8125	-5.0	11.625	6.75	5.4375
11:29:24.499141	9.5	-11.125	-6.6875	42.8125	71.8125	35.5625	57.625	-48.0	-15.5	-71.875	-41.6875	-11.6875
11:29:24.509210	10.375	-18.25	-9.0625	57.0625	72.5	29.125	52.5625	-27.4375	-21.0	-87.9375	-3.9375	-4.3125
11:29:24.519299	11.5	-23.0	-10.6875	67.0	70.9375	25.8125	47.25	6.6875	-19.0625	-87.9375	-3.9375	-4.3125
11:29:24.529818	12.375	-25.75	-12.1875	70.375	59.875	25.625	48.375	33.8125	-14.25	-43.625	-4.75	0.3125
11:29:24.540376	12.875	-26.8125	-12.375	66.5625	41.75	27.0625	51.1875	47.625	-10.125	-6.5625	21.375	0.5625
11:29:24.550529	12.75	-26.3125	-11.0	60.4375	17.8125	29.0625	50.3125	48.6875	-7.4375	-6.0625	3.8125	-4.25
11:29:24.560771	12.3125	-24.1875	-8.25	48.625	-9.875	31.0625	46.0	31.125	-6.625	-25.0625	-5.5	-2.625
11:29:24.571117	12.1875	-21.25	-5.5	36.625	-30.8125	31.125	46.0625	2.5625	-6.6875	-48.25	-11.0625	8.5
11:29:24.581234	11.9375	-16.9375	-3.9375	26.8125	-45.4375	29.4375	47.375	-23.8125	-5.5	-48.25	-11.0625	8.5
11:29:24.591395	10.25	-11.6875	-2.5	22.8125	-44.8125	26.125	46.0625	-36.25	-3.5	-35.5625	-26.25	15.9375
11:29:24.601715	8.0625	-5.4375	-1.75	36.0	-18.1875	20.0	45.25	-36.0	-1.5625	-15.8125	-16.25	6.25
11:29:24.611806	5.8125	-0.3125	-1.1875	47.625	2.4375	18.9375	45.375	-22.1875	-0.125	-10.8125	-7.875	-2.6875
11:29:24.621927	4.125	2.375	-1.125	56.0625	22.8125	18.9375	44.5	-5.1875	0.9375	-11.75	-0.125	-15.5625
11:29:24.632645	3.375	3.3125	-3.125	62.5625	40.0625	21.5625	40.9375	25.875	1.3125	-37.8125	11.125	-23.125
11:29:24.643151	2.5625	1.8125	-4.3125	61.5	52.5625	24.125	39.9375	35.1875	1.8125	-57.375	8.6875	-19.875
11:29:24.653227	1.375	-0.4375	-5.25	60.0625	59.1875	26.0625	39.9375	35.1875	1.8125	-53.75	2.25	-9.8125
11:29:24.663897	0.75	-2.0	-6.3125	61.4375	66.6875	26.375	39.1875	47.625	2.375	-42.8125	6.5625	-7.625
11:29:24.674044	-0.3125	-2.5	-7.1875	62.25	71.75	27.6875	32.5	45.3125	7.125	-32.6875	9.1875	-6.75
11:29:24.684383	-1.25	-2.3125	-7.125	59.8125	75.3125	28.3125	32.5	45.3125	7.125	-24.5	2.5	-0.375
11:29:24.694470	-2.0	-1.125	-6.3125	57.25	82.0	31.375	32.5	45.3125	7.125	-14.4375	0.1875	4.0
11:29:24.704537	-3.0	0.625	-5.4375	56.4375	85.0625	35.0	32.5	14.0625	6.0	-17.875	-2.125	-1.9375
11:29:24.714650	-3.8125	2.4375	-4.625	54.3125	79.5	37.875	30.625	-14.6875	2.1875	-21.0625	-4.1875	-3.5
11:29:24.724753	-4.375	4.0	-3.8125	52.375	66.4375	40.0	32.125	-12.1875	1.5	-22.9375	0.0	-1.0
11:29:24.734847	-4.625	5.125	-3.25	50.5625	53.5	40.75	32.25	1.375	1.5625	-12.9375	3.375	-4.3125
11:29:24.744932	-4.5	6.0625	-2.75	51.125	38.125	42.125	31.625	8.9375	1.6875	-23.1875	4.8125	-7.625
11:29:24.755277	-4.125	6.375	-2.4375	47.5625	27.125	38.375	31.375	12.4375	1.1875	-26.9375	10.625	-4.75
11:29:24.765516	-2.5	5.375	-0.75	47.375	14.5625	36.8125	31.375	12.4375	1.1875	-32.5625	16.8125	-0.6875
11:29:24.776244	-1.3125	4.0625	-0.75	49.375	5.1875	34.8125	33.5	6.4375	3.5625	-24.125	8.125	1.0625
11:29:24.786384	0.5625	1.9375	-1.375	46.375	-2.5625	33.5625	33.5	6.4375	3.5625	-28.875	1.3125	4.9375
11:29:24.796887	2.125	-0.1875	-2.0625	44.0625	-7.3125	31.0	33.25	-21.125	3.4375	-35.8125	-1.4375	10.0
11:29:24.806964	3.25	-1.9375	-2.4375	38.75	-11.4375	28.375	33.25	-21.125	3.4375	-33.375	2.25	5.6875
11:29:24.817032	4.5	-3.1875	-2.75	37.8125	-12.875	27.0625	40.375	-23.125	2.5625	-22.125	-5.0625	-1.5625
11:29:24.827105	5.625	-4.625	-3.5	38.1875	-12.4375	27.1875	40.0625	-27.8125	1.4375	-27.0625	2.625	1.625
11:29:24.837188	7.1875	-5.3125	-4.125	39.25	-5.3125	27.875	40.0625	-27.8125	1.4375	-39.125	6.125	1.3125
11:29:24.847314	8.375	-5.8125	-4.8125	38.625	7.3125	27.625	45.875	-17.6875	0.625	-37.9375	9.125	-0.1875
11:29:24.857425	9.1875	-5.6875	-5.1875	39.5625	15.625	27.4375	47.3125	-14.0625	0.75	-36.3125	3.0625	-0.0625
11:29:24.867498	9.5625	-4.3125	-5.125	38.6875	24.8125	25.9375	47.3125	-14.0625	0.75	-40.6875	12.5625	3.25
11:29:24.877570	9.5625	-2.5	-4.8125	37.5625	31.9375	25.9375	51.6875	4.3125	1.125	-42.1875	15.375	6.75
11:29:24.887694	8.8125	-0.5625	-4.625	37.25	39.4375	27.5625	52.3125	8.3125	2.625	-30.125	4.25	4.6875
11:29:24.897762	7.5625	1.0	-4.6875	34.5625	41.625	30.625	52.3125	8.3125	2.625	-31.8125	-1.5	0.25
11:29:24.907830	6.4375	2.4375	-4.5	30.1875	38.625	32.8125	54.4375	0.5625	2.375	-34.8125	8.8125	1.625
11:29:24.917945	6.0625	3.6875	-4.3125	25.5625	35.0	34.3125	54.4375	0.5625	2.375	-35.625	5.375	3.8125
11:29:24.928015	5.75	4.3125	-4.0	20.75	32.25	34.4375	55.6875	0.6875	4.0625	-26.625	-5.1875	-0.3125
11:29:24.938096	5.6875	4.8125	-3.8125	19.0625	29.0	33.5625	55.6875	0.6875	4.0625	-35.875	-7.25	-0.5625
11:29:24.948167	5.9375	5.6875	-3.4375	21.6875	26.8125	32.8125	55.6875	0.6875	4.0625	-43.8125	-0.5625	4.9375
11:29:24.958242	5.6875	7.5625	-2.875	27.875	27.1875	33.1875	57.25	18.4375	4.8125	-50.5	-32.3125	22.4375
11:29:24.968315	6.375	10.5	-1.5625	31.5	28.75	32.75	53.75	24.0	4.9375	-49.5	-21.5	29.5
11:29:24.978392	6.6875	12.875	-0.6875	33.875	29.4375	30.9375	52.9375	29.625	5.1875	-58.375	11.25	13.5625
11:29:24.988515	6.6875	13.4375	0.0	35.875	27.5	30.0625	52.9375	29.625	5.1875	-70.625	-0.3125	3.0625
11:29:24.998578	6.5625	12.9375	0.5	35.125	26.5625	30.9375	58.375	36.5	10.3125	-72.0	-1.1875	3.125
11:29:25.008677	5.625	11.3125	0.25	31.6875	27.5625	32.75	57.25	33.5	13.0	-63.25	-9.1875	5.875
11:29:25.019321	4.5625	10.5625	0.0625	27.625	26.5625	34.375	59.8125	30.3125	14.4375	-71.1875	-18.25	5.125
11:29:25.029389	3.75	10.6875	0.3125	23.875	26.625	35.625	65.25	28.0625	16.625	-77.9375	-19.625	0.5625
11:29:25.040027	2.8125	10.0	0.5625	19.375	26.8125	36.4375	67.5625	27.25	18.75	-74.875	-42.125	5.875
11:29:25.050445	2.75	8.875	1.6875	15.3125	28.0	35.9375	67.5625	27.25	18.75	-86.875	-31.9375	5.1875
11:29:25.060916	2.625	8.1875	2.375	14.4375	27.875	34.625	71.5	26.75	20.375	-95.5625	-22.4375	2.375
11:29:25.070985	0.8125	7.4375	2.875	14.3125	32.3125	34.875	71.5	26.75	20.375	-95.5625	-22.4375	2.375
11:29:25.081773	-3.9375	7.6875	5.3125	12.5	37.25	34.125	76.8125	36.875	26.5	-89.625	-77.125	-5.5
11:29:25.092115	-8.3125	7.6875	8.25	8.5	18.3125	23.9375	79.6875	24.6875	27.375	-99.3125	-60.375	10.375
11:29:25.102886	-10.75	4.125	7.9375	5.75	5.625	15.625	84.25	7.125	26.375	-115.4375	-19.8125	13.0
11:29:25.113505	-11.0625	-6.0	4.625	-0.625	-8.0625	8.8125	97.9375	17.5	25.25	-113.4375	-38.6875	1.875
11:29:25.123831	-9.8125	-22.875	-0.875	-10.6875	-19.75	2.875	100.5625	26.5625	24.9375	-111.3125	-55.375	10.0
11:29:25.133907	-7.3125	-36.125	-4.5625	-21.75	-32.5625	-2.25	105.3125	34.0625	23.0	-122.4375	-49.25	26.125
11:29:25.143990	-5.5625	-40.8125	-5.0625	-32.6875	-40.0	-6.125	114.0	42.625	21.5	-136.25	-37.1875	41.375
11:29:25.154066	-4.375	-36.6875	-2.0625	-45.625	-41.0625	-8.125	114.0	42.625	21.5	-137.25	-30.8125	46.375
11:29:25.164606	-1.4375	-24.25	0.0625	-59.3125	-36.5625	-11.3125	119.75	50.1875	20.125	-127.6875	-14.1875	57.6875
11:29:25.174676	-0.375	-11.125	-1.4375	-59.3125	-36.5625	-11.3125	122.4375	57.25	19.5	-133.0	3.75	75.9375
11:29:25.184808	0.4375	0.3125	-3.875	-82.5625	-27.625	-20.1875	130.1875	87.1875	21.5	-154.0625	26.5	88.1875
11:29:25.195002	0.8125	8.625	-4.8125	-93.9375	-26.25	-24.25	145.5	155.5625	27.4375	-169.125	39.9375	80.5625
11:29:25.205134	0.1875	15.5625	-5.9375	-105.5625	-29.875	-28.75	145.5	155.5625	27.4375	-185.625	46.3125	54.75
11:29:25.215206	-0.9375	22.0	-8.0	-116.4375	-30.5	-32.0	107.6875	114.5625	22.5625	-211.3125	3.4375	20.0625
11:29:25.225779	-2.625	27.8125	-9.9375	-124.3125	-15.9375	-41.25	97.25	45.875	24.75	-270.5625	-71.1875	3.875
11:29:25.235904	-6.6875	34.1875	-12.375	-133.8125	-3.4375	-46.1875	103.0	-17.0	20.5625	-290.8125	-54.625	20.125
11:29:25.246534	-6.6875	34.1875	-12.375	-136.25	15.0	-48.4375	105.5625	-30.25	13.5	-249.3125	-91.6875	45.25
11:29:25.256609	-10.375	26.375	-12.8125	-135.875	13.5	-57.4375	100.4375	-8.9375	14.25	-163.75	-156.6875	37.5
11:29:25.266745	-10.375	26.375	-12.8125	-122.9375	3.4375	-61.875	94.6875	12.8125	10.8125	-48.8125	40.8125	28.875
11:29:25.276823	-11.125	12.3125	-9.375	-100.75	-14.375	-64.3125	79.5	16.3125	6.125	28.125	268.3125	12.0625
11:29:25.286895	-10.0	5.9375	-7.0	-89.6875	-21.25	-65.8125	51.3125	9.75	5.0625	31.625	189.5625	-12.625
11:29:25.297030	-8.625	0.0625	-5.0625	-84.25	-9.0625	-66.75	26.875	-3.1875	3.3125	13.625	16.25	-59.125
11:29:25.307099	-7.125	-5.375	-4.5625	-81.4375	1.5	-65.8125	7.0	-12.3125	-2.0	12.875	39.875	-63.8125
11:29:25.317188	-6.125	-8.875	-3.3125	-79.5	-7.375	-63.9375	-10.25	-34.875	-8.75	62.375	106.0	-71.3125
11:29:25.327258	-5.1875	-10.5	-3.125	-84.5625	-26.8125	-63.25	-10.25	-34.875	-8.75	133.1875	80.6875	-83.4375
11:29:25.337485	-4.125	-10.25	-4.0	-87.3125	-36.625	-63.875	-56.3125	-66.375	-18.0	178.0625	44.875	-67.5
11:29:25.347558	-2.75	-8.875	-5.1875	-88.875	-42.1875	-66.3125	-80.1875	-61.375	-17.5	161.125	38.25	-21.625
11:29:25.357681	-1.4375	-7.3125	-5.8125	-93.8125	-53.625	-69.0	-102.1875	-49.0625	-13.125	131.375	24.8125	-8.125
11:29:25.367750	-0.5625	-5.9375	-6.1875	-95.4375	-67.625	-71.625	-121.6875	-43.75	-9.75	147.5625	21.25	-9.5625
11:29:25.377820	0.4375	-5.5	-6.1875	-95.6875	-82.6875	-72.25	-136.9375	-46.625	-11.5625	186.5	28.1875	-1.9375
11:29:25.387895	1.0	-5.0	-5.9375	-91.6875	-83.9375	-70.5	-153.4375	-50.5	-15.9375	207.0	19.6875	-7.25
11:29:25.398003	1.625	-5.4375	-5.3125	-89.1875	-85.375	-64.5	-170.1875	-59.0625	-17.625	212.9375	13.5625	-23.1875
11:29:25.408076	2.4375	-5.9375	-4.6875	-82.5	-83.8125	-60.3125	-186.25	-60.6875	-19.6875	221.4375	31.9375	-25.625
11:29:25.418144	3.3125	-6.875	-4.3125	-69.3125	-80.25	-56.25	-200.875	-49.0	-21.875	233.9375	52.0625	-21.375
11:29:25.428218	3.875	-8.375	-2.8125	-62.75	-72.875	-52.5625	-214.875	-30.3125	-23.0	232.9375	63.75	-13.4375
11:29:25.438291	4.0	-9.4375	-2.125	-55.375	-65.375	-50.625	-226.5	-9.875	-24.5	226.625	75.875	0.875
11:29:25.448375	4.6875	-11.0	-2.0625	-48.75	-57.5625	-49.5	-226.5	-9.875	-24.5	224.0625	84.1875	12.9375
11:29:25.458447	4.125	-12.4375	-2.875	-44.1875	-53.3125	-47.0	-242.5	26.0	-29.4375	219.1875	86.375	20.875
11:29:25.468520	3.0	-13.6875	-2.4375	-41.5625	-45.375	-45.75	-246.9375	32.1875	-32.5625	223.5625	87.8125	19.0625
11:29:25.478593	1.9375	-14.375	-1.3125	-35.75	-37.25	-43.4375	-248.4375	27.25	-36.5	225.375	83.0625	19.875
11:29:25.488673	0.625	-13.5	-1.1875	-25.4375	-25.875	-42.1875	-247.3125	17.9375	-39.8125	221.375	68.875	25.0
11:29:25.498794	-1.1875	-11.75	-1.375	-18.1875	-15.0625	-41.25	-245.6875	5.625	-41.3125	226.625	53.0	28.4375
11:29:25.508916	-2.9375	-9.5	-1.4375	-14.5625	-9.25	-40.5625	-244.0625	-8.875	-40.9375	227.8125	40.0625	31.25
11:29:25.519006	-4.5625	-6.625	-1.5	-11.6875	-5.375	-40.0	-240.25	-21.9375	-41.25	217.0625	27.8125	34.25
11:29:25.529110	-5.75	-3.75	-0.5625	-8.375	-1.8125	-38.0625	-234.75	-30.4375	-41.3125	211.4375	17.375	35.25
11:29:25.539184	-6.875	-1.375	0.5625	-5.375	-0.5625	-35.25	-229.4375	-32.5	-40.5	216.625	0.5	26.25
11:29:25.549292	-7.875	0.3125	1.6875	-3.1875	-1.3125	-33.75	-223.6875	-28.3125	-38.625	209.3125	-4.375	23.1875
11:29:25.559389	-8.875	0.8125	3.625	-2.25	-2.6875	-31.3125	-216.4375	-25.875	-34.8125	198.625	-6.25	22.0625
11:29:25.569495	-9.75	1.4375	5.25	1.1875	-0.1875	-30.0	-208.0	-24.6875	-30.5	189.3125	-5.625	15.4375
11:29:25.579595	-10.5	0.75	6.625	1.1875	-0.1875	-30.0	-198.0625	-23.0	-26.625	189.3125	-5.625	15.4375
11:29:25.590017	-10.3125	0.125	7.625	3.9375	-4.5625	-28.5625	-198.0625	-23.0	-26.625	162.3125	6.5	3.1875
11:29:25.600373	-10.3125	-0.5625	8.6875	5.375	-11.5625	-28.5625	-173.125	-22.25	-21.0	154.6875	15.0625	1.875
11:29:25.610465	-9.75	-0.875	10.0	7.5625	-19.5625	-27.625	-157.9375	-21.8125	-18.4375	144.125	25.375	3.875
11:29:25.621050	-9.0	-0.875	10.9375	10.0625	-27.75	-26.0	-142.625	-20.5625	-16.0	124.6875	19.5	4.4375
11:29:25.631122	-8.625	-1.625	10.5625	14.4375	-30.75	-22.625	-125.625	-18.1875	-13.875	105.875	12.875	3.5
11:29:25.641224	-7.5	-2.5	10.6875	16.3125	-16.25	-19.5	-106.125	-13.75	-12.4375	89.0	7.125	3.5
11:29:25.651356	-6.75	-3.6875	10.4375	16.3125	-16.25	-19.5	-63.5	-13.4375	-10.0	66.0625	-6.0625	4.8125
11:29:25.661461	-6.4375	-4.8125	9.9375	15.6875	1.375	-19.75	-63.5	-13.4375	-10.0	46.3125	-15.75	4.5625
11:29:25.671618	-6.125	-5.5625	8.625	12.25	1.875	-19.75	-21.125	-16.25	-8.25	28.1875	-25.125	3.25
11:29:25.681802	-5.0	-6.0625	7.5	8.125	-5.5	-19.4375	-21.125	-16.25	-8.25	6.1875	-33.0	2.8125
11:29:25.692115	-3.875	-6.375	6.0625	3.375	-17.625	-18.8125	-1.3125	-18.875	-7.5625	-8.8125	-38.6875	1.125
11:29:25.702242	-3.25	-6.625	4.5	-0.125	-28.375	-16.0625	18.4375	-26.5	-6.5	-23.5625	-57.4375	-6.0625
11:29:25.712880	-2.4375	-6.4375	3.0625	-0.5625	-34.0625	-12.4375	55.3125	-42.25	-6.125	-42.125	-73.1875	-15.5
11:29:25.723010	-1.625	-6.375	2.625	0.6875	-36.0625	-8.375	71.25	-47.5	-6.4375	-67.375	-70.5	-28.125
11:29:25.733121	-1.1875	-6.125	3.1875	5.5625	-33.4375	-4.0	85.8125	-48.75	-6.25	-93.25	-77.0	-41.375
11:29:25.743227	-0.375	-4.5625	6.25	13.0625	-26.9375	0.4375	85.8125	-48.75	-6.25	-105.1875	-73.125	-54.4375
11:29:25.753520	-0.6875	-3.5625	7.9375	13.0625	-26.9375	0.4375	85.8125	-48.75	-6.25	-105.1875	-73.125	-54.4375
11:29:25.763724	0.0	-1.3125	8.875	23.0625	-19.625	4.75	97.3125	-18.25	-5.9375	40.1875	-52.5625	-28.375
11:29:25.773796	2.6875	1.25	11.0	37.75	-3.875	14.75	49.0	-28.125	3.1875	40.1875	-52.5625	-28.375
11:29:25.783876	6.8125	1.625	15.1875	30.875	2.4375	13.25	46.875	-88.0	6.4375	-89.125	-72.0625	-66.1875
11:29:25.793970	9.4375	1.875	17.0625	16.5625	13.875	10.875	61.25	-119.4375	-2.25	-121.9375	-292.625	-16.4375
11:29:25.804176	9.375	5.0	14.375	19.6875	35.625	12.75	72.75	-109.6875	-9.25	-144.625	-104.4375	81.375
11:29:25.814250	7.875	13.5625	9.9375	30.875	44.6875	17.875	72.1875	-63.4375	-10.5	-172.9375	78.0	122.1875
11:29:25.824317	6.3125	25.8125	6.0	22.9375	45.6875	20.1875	67.75	-6.125	-8.0	-181.4375	-13.125	95.5
11:29:25.834385	4.9375	35.6875	4.6875	19.6875	50.25	25.3125	68.5	48.0	-3.6875	-127.5625	-102.3125	60.0
11:29:25.844501	4.75	36.375	6.125	21.25	53.8125	33.625	69.125	70.5	1.0625	-65.625	-51.375	61.4375
11:29:25.854679	5.8125	28.8125	7.5	23.375	54.1875	38.375	66.125	57.3125	4.875	-6.75	-1.25	37.875
11:29:25.864746	7.4375	16.25	7.625	34.0625	59.875	36.25	64.8125	18.625	2.75	36.625	22.0625	8.9375
11:29:25.874821	8.125	0.875	6.5	51.3125	75.5	30.3125	62.125	-19.5	-4.625	34.875	12.625	-6.125
11:29:25.885154	8.375	-11.9375	3.4375	68.6875	94.125	26.875	54.0625	-29.125	-13.5625	-26.0625	-12.5	-15.4375
11:29:25.895755	8.125	-19.375	0.5625	80.0625	99.9375	27.4375	54.0625	-29.125	-13.5625	-80.9375	-29.0	-40.875
11:29:25.905870	8.25	-22.6875	-2.8125	80.4375	87.4375	26.9375	45.25	12.25	-19.5625	-92.5	-17.125	-23.5
11:29:25.915942	8.9375	-24.75	-5.8125	78.4375	57.375	27.875	46.125	38.0625	-14.5625	-81.875	-3.3125	7.25
11:29:25.926022	9.9375	-27.1875	-7.875	69.25	15.5625	30.5625	45.0625	50.4375	-7.3125	-41.6875	-8.5625	15.5625
11:29:25.936095	10.9375	-28.5	-8.375	53.0625	-24.3125	33.375	43.125	38.25	-2.75	-9.25	-0.875	-3.8125
11:29:25.946244	11.5	-28.875	-8.0	38.125	-50.0625	34.0	43.1875	8.125	-3.375	2.75	2.1875	2.125
11:29:25.956323	11.875	-27.75	-6.375	27.875	-61.1875	32.1875	43.1875	-20.25	-4.125	-13.0	-4.375	6.875
11:29:25.966417	11.3125	-20.5	-3.9375	20.4375	-61.125	29.5625	40.875	-45.9375	-3.5625	-29.6875	-22.8125	10.1875
11:29:25.976505	9.5625	-16.625	-1.8125	26.9375	-50.4375	25.4375	40.5	-64.5	-3.0625	-29.6875	-22.8125	10.1875
11:29:25.987128	9.5625	-16.625	-1.8125	44.3125	-30.125	20.375	43.0625	-61.4375	-1.875	-38.25	-31.125	7.625
11:29:25.997249	7.1875	-11.8125	0.3125	44.3125	-30.125	20.375	43.0625	-61.4375	-1.875	-28.3125	-18.3125	3.375
11:29:26.007332	4.6875	-7.5625	1.9375	64.0	11.3125	19.9375	40.125	-10.1875	-0.8125	-5.25	-10.3125	-1.6875
11:29:26.017667	1.75	-3.0625	3.0625	62.4375	23.25	23.1875	38.5625	11.625	-1.0	-19.5	2.8125	-14.9375
11:29:26.027741	1.3125	-3.0625	1.5625	59.5625	34.25	26.4375	38.625	25.5625	-0.8125	-39.5625	20.6875	-14.3125
11:29:26.037813	1.0625	-3.125	-0.625	56.25	46.875	25.375	38.5625	36.5625	-0.5	-50.875	7.8125	-4.5625
11:29:26.047885	0.75	-3.3125	-3.3125	55.1875	56.875	23.6875	35.6875	40.0	1.4375	-50.0	0.9375	-3.25
11:29:26.057966	0.0625	-3.0625	-5.375	55.5	68.0	21.5	34.25	28.375	4.1875	-43.75	7.0	0.6875
11:29:26.068031	-0.6875	-2.0625	-6.5625	54.0	76.6875	21.1875	34.875	9.4375	4.6875	-30.875	0.125	9.0625
11:29:26.078103	-1.5	-0.75	-6.8125	52.1875	85.4375	23.0625	37.125	-2.375	4.0	-30.875	0.125	9.0625
11:29:26.088360	-1.5	-0.75	-6.8125	48.0625	87.8125	25.0625	39.375	-11.625	2.4375	-24.625	-5.0625	11.25
11:29:26.098495	-2.5625	1.125	-6.6875	44.5	81.5625	26.375	40.9375	-16.125	0.75	-28.0	2.125	-3.125
11:29:26.108576	-4.5625	5.5625	-4.4375	41.4375	69.75	27.125	42.5	-2.9375	-0.6875	-28.0625	0.9375	-4.1875
11:29:26.118647	-5.25	7.875	-3.0	40.0625	56.625	27.6875	41.5	22.8125	-0.3125	-23.5	3.625	-7.6875
11:29:26.128718	-5.625	10.25	-1.9375	40.6875	41.0	28.8125	40.1875	31.0625	0.875	-33.625	11.5	-10.6875
11:29:26.138792	-5.5625	12.0625	-0.125	39.5625	33.125	26.625	40.0625	22.625	0.6875	-40.875	16.75	-6.25
11:29:26.148857	-4.875	12.9375	1.75	40.4375	24.5625	25.9375	40.8125	14.1875	0.8125	-43.0625	16.4375	2.4375
11:29:26.158988	-3.75	12.9375	2.625	40.5625	15.6875	27.5625	39.6875	1.8125	1.3125	-32.25	6.125	3.25
11:29:26.169058	-2.1875	12.3125	2.5	41.5625	11.875	27.0625	39.0	-17.0	0.25	-38.6875	0.8125	3.875
11:29:26.179463	-0.25	10.875	1.5625	41.5625	11.875	27.0625	39.75	-25.3125	-1.0625	-39.125	5.6875	6.1875
11:29:26.189597	1.5625	9.4375	0.375	41.5	8.875	26.0625	41.75	-21.375	-0.3125	-20.75	-5.1875	-4.25
11:29:26.199889	2.9375	8.4375	-0.75	38.1875	8.3125	24.5	42.5	-20.75	-0.125	-20.75	-5.1875	-4.25
11:29:26.210266	4.1875	8.125	-1.375	36.0	7.6875	24.5625	41.75	-16.25	-0.625	-36.8125	12.5625	-1.5
11:29:26.220705	5.25	8.0	-1.75	35.4375	7.75	25.4375	45.875	-6.375	-0.5625	-36.8125	12.5625	-1.5
11:29:26.230991	5.75	8.25	-1.5	35.25	9.5	26.75	48.8125	-3.25	-0.375	-28.8125	3.5625	1.5
11:29:26.241087	6.375	8.5	-1.0	37.25	23.625	30.5625	46.3125	-6.625	-1.125	-34.875	6.5625	2.375
11:29:26.251591	6.8125	8.6875	0.1875	37.0625	34.6875	31.8125	52.0625	0.375	-1.4375	-44.4375	11.9375	4.0625
11:29:26.261717	7.1875	8.75	1.375	35.1875	44.3125	33.4375	52.0625	0.375	-1.4375	-44.4375	11.9375	4.0625
11:29:26.271939	7.1875	9.0	2.5	34.5	49.75	35.3125	51.8125	3.125	0.25	-25.0625	-5.8125	0.9375
11:29:26.282406	6.6875	9.25	3.8125	35.25	51.4375	37.3125	49.3125	7.125	0.1875	-29.5	0.0625	0.0625
11:29:26.292821	6.25	9.375	4.8125	33.875	50.5625	39.0	51.6875	17.375	0.75	-39.625	9.125	-1.1875
11:29:26.302974	5.875	9.625	6.375	31.375	45.9375	39.5	50.375	20.3125	1.6875	-29.5625	4.3125	-3.375
11:29:26.313092	5.5625	10.0	8.3125	32.125	38.25	40.0	50.0	20.5625	1.3125	-31.0625	-13.1875	2.1875
11:29:26.323684	5.125	10.25	9.4375	31.6875	32.4375	39.4375	52.0625	20.25	0.0625	-44.375	-40.875	28.1875
11:29:26.333758	4.8125	10.25	10.5	29.4375	31.0	36.75	52.0625	25.625	-0.25	-44.375	-40.875	28.1875
11:29:26.343831	4.5625	10.375	10.4375	30.375	27.8125	35.5	50.125	34.125	1.625	-44.375	-40.875	28.1875
11:29:26.353907	4.9375	10.125	9.375	36.1875	28.1875	35.9375	51.0625	40.3125	3.125	-44.375	-40.875	28.1875
11:29:26.363992	3.625	9.5625	8.5625	37.3125	32.5	36.375	54.25	37.0	5.4375	-56.125	-13.6875	10.5625
11:29:26.374402	3.0	7.75	6.625	34.4375	30.3125	36.3125	55.5625	35.4375	8.875	-68.4375	13.6875	3.375
11:29:26.384470	2.125	7.375	5.0	32.75	26.75	35.6875	56.6875	31.125	11.75	-61.5625	-21.125	5.625
11:29:26.394542	0.625	7.0625	2.9375	29.75	24.4375	37.125	60.25	26.25	13.1875	-68.375	-22.9375	6.5625
11:29:26.404653	-0.25	7.3125	1.8125	22.0	25.25	37.75	65.9375	24.4375	15.8125	-68.375	-22.9375	6.5625
11:29:26.414786	-1.0	6.8125	0.3125	16.5625	27.75	36.8125	67.875	26.0625	17.75	-80.3125	-36.125	5.125
11:29:26.425371	-1.375	6.5	-0.0625	13.4375	28.1875	37.125	70.5	27.5625	18.6875	-76.3125	-42.875	10.25
11:29:26.435500	-1.5625	6.8125	0.1875	11.1875	29.9375	37.875	75.875	30.5	18.75	-92.0625	-37.75	9.3125
11:29:26.445600	-1.0625	6.3125	-0.0625	10.1875	33.6875	35.3125	81.4375	35.5	21.0	-102.9375	-31.625	8.5625
11:29:26.455670	-4.125	6.8125	2.8125	10.4375	35.375	29.9375	83.4375	42.0625	24.0625	-102.25	-28.4375	8.6875
11:29:26.465783	-7.8125	7.9375	7.8125	8.625	28.4375	23.5	83.4375	42.0625	24.0625	-102.625	-40.9375	4.6875
11:29:26.475895	-11.625	4.0625	12.9375	3.6875	17.0625	17.0	94.5	22.5625	25.9375	-110.0	-81.3125	3.5
11:29:26.486420	-11.625	4.0625	12.9375	-3.8125	2.6875	10.0	94.5	22.5625	25.9375	-123.5	-56.125	25.125
11:29:26.496535	-14.4375	-3.9375	15.0625	-3.8125	2.6875	10.0	94.5	22.5625	25.9375	-124.1875	-20.8125	24.4375
11:29:26.506658	-15.5625	-31.8125	6.5	-30.3125	-27.25	-4.1875	94.5	22.5625	25.9375	-122.875	-42.9375	17.4375
11:29:26.516741	-13.125	-43.6875	1.5	-44.8125	-42.375	-11.3125	94.5	22.5625	25.9375	-141.9375	-66.4375	32.0625
11:29:26.526860	-11.25	-47.875	-4.4375	-60.6875	-53.75	-17.6875	127.4375	42.6875	17.6875	-145.1875	-44.25	56.125
11:29:26.536930	-10.0625	-42.5625	-6.8125	-77.9375	-62.0	-22.25	127.4375	42.6875	17.6875	-145.1875	-44.25	56.125
11:29:26.547002	-9.0625	-31.5625	-6.125	-95.6875	-66.9375	-26.1875	146.5	108.3125	21.75	-145.1875	-44.25	56.125
11:29:26.557072	-7.125	-16.5625	-2.9375	-111.0625	-68.9375	-28.375	150.5	152.5	28.375	-145.1875	-44.25	56.125
11:29:26.567159	-5.875	-3.75	-2.875	-122.8125	-71.4375	-30.875	148.625	178.125	32.8125	-145.1875	-44.25	56.125
11:29:26.577228	-6.75	5.0625	-5.75	-129.9375	-64.75	-37.375	140.6875	156.625	31.75	-145.125	56.5	103.4375
11:29:26.587364	-7.875	12.75	-9.4375	-138.9375	-53.375	-41.625	116.1875	103.5625	33.75	-174.0	45.875	92.5625
11:29:26.597455	-9.6875	18.1875	-13.1875	-148.5625	-2.0625	-47.75	94.0	33.0	33.3125	-174.0	45.875	92.5625
11:29:26.607582	-11.5625	22.0625	-15.0625	-155.625	21.375	-55.125	89.25	-18.75	25.6875	-174.0	45.875	92.5625
11:29:26.617662	-13.375	22.625	-14.75	-143.0	21.0625	-68.9375	87.5	-45.1875	19.1875	-174.0	45.875	92.5625
11:29:26.627731	-14.625	19.9375	-13.4375	-116.9375	-2.3125	-73.125	91.1875	-37.3125	18.6875	-174.0	45.875	92.5625
11:29:26.637807	-14.375	14.875	-10.5	-95.25	-15.8125	-72.3125	88.5	-10.625	12.875	-174.0	45.875	92.5625
11:29:26.647881	-12.625	9.9375	-7.25	-85.125	-11.0	-73.6875	78.5	4.875	9.125	-174.0	45.875	92.5625
11:29:26.658514	-12.625	9.9375	-7.25	-84.0	-5.875	-73.375	47.0625	6.375	8.0	128.8125	319.4375	31.1875
11:29:26.668587	-6.25	0.0625	-3.5625	-88.5625	-14.5625	-70.5	15.9375	-5.625	7.3125	128.8125	319.4375	31.1875
11:29:26.678685	-3.25	-5.0	-3.0625	-88.5625	-14.5625	-70.5	-5.5625	-17.6875	4.75	128.8125	319.4375	31.1875
11:29:26.688797	-1.25	-8.625	-3.375	-96.1875	-19.625	-69.5625	-5.5625	-17.6875	4.75	26.4375	101.0	-43.75
11:29:26.698890	-1.25	-8.625	-3.375	-101.625	-38.0625	-70.1875	-5.5625	-17.6875	4.75	26.4375	101.0	-43.75
11:29:26.709001	-0.0625	-10.0625	-6.6875	-104.375	-50.5625	-72.875	-5.5625	-17.6875	4.75	181.0	105.125	-91.5625
11:29:26.719131	0.3125	-9.1875	-8.3125	-105.125	-60.0	-75.1875	-5.5625	-17.6875	4.75	218.1875	32.9375	-89.9375
11:29:26.729770	0.9375	-8.8125	-10.5625	-101.5625	-69.625	-76.125	-5.5625	-17.6875	4.75	195.1875	42.5625	-43.25
11:29:26.739837	1.875	-9.0625	-11.8125	-93.6875	-80.6875	-77.0	-137.5625	-39.0	-18.5	195.1875	42.5625	-43.25
11:29:26.749964	2.5625	-10.0	-11.4375	-83.75	-84.3125	-68.875	-156.375	-32.0625	-12.375	195.1875	42.5625	-43.25
11:29:26.760029	3.1875	-11.375	-10.5625	-83.25	-83.4375	-61.5	-156.375	-32.0625	-12.375	195.1875	42.5625	-43.25
11:29:26.770148	4.125	-12.625	-9.5	-79.1875	-86.125	-53.1875	-192.1875	-51.25	-16.9375	195.1875	42.5625	-43.25
11:29:26.780624	5.0625	-13.875	-8.75	-73.5	-85.25	-46.625	-224.4375	-72.9375	-22.75	176.375	32.75	-22.3125
11:29:26.790764	5.5625	-14.8125	-7.75	-60.1875	-82.1875	-42.125	-237.75	-65.625	-24.5	176.375	32.75	-22.3125
11:29:26.800889	6.0625	-15.9375	-6.5	-45.75	-71.3125	-40.25	-248.8125	-51.6875	-24.9375	176.375	32.75	-22.3125
11:29:26.811052	5.3125	-16.0	-5.25	-34.625	-59.625	-38.875	-248.8125	-51.6875	-24.9375	176.375	32.75	-22.3125
11:29:26.821172	5.0	-15.75	-5.0	-25.0	-47.0625	-38.125	-248.8125	-51.6875	-24.9375	255.75	19.375	-13.75
11:29:26.831245	3.9375	-15.8125	-6.25	-25.0	-47.0625	-38.125	-248.8125	-51.6875	-24.9375	249.75	53.1875	3.4375
11:29:26.841337	2.125	-15.8125	-6.25	-18.5	-27.25	-36.75	-248.8125	-51.6875	-24.9375	252.25	55.5	2.0
11:29:26.851487	0.3125	-14.4375	-4.8125	-15.375	-21.6875	-35.375	-267.6875	-0.5	-22.625	252.25	55.5	2.0
11:29:26.861616	-1.5625	-12.6875	-3.5	-9.1875	-12.5	-35.4375	-268.1875	-6.125	-23.5	253.3125	38.1875	11.0
11:29:26.872215	-3.5	-10.625	-3.125	-1.6875	-5.6875	-33.0625	-268.0	-15.9375	-21.75	251.3125	26.6875	11.0
11:29:26.882327	-5.0	-8.0	-2.8125	8.0625	2.6875	-32.0625	-266.1875	-11.6875	-20.8125	251.3125	26.6875	11.0
11:29:26.892427	-6.125	-5.375	-2.5625	11.0625	5.875	-31.25	-261.25	-5.9375	-20.375	251.3125	26.6875	11.0
11:29:26.902502	-7.125	-2.9375	-2.125	12.0	10.125	-30.9375	-253.75	-0.9375	-19.9375	251.3125	26.6875	11.0
11:29:26.912567	-8.0625	-0.8125	-1.5625	11.4375	17.0	-30.875	-245.375	0.4375	-19.125	251.3125	26.6875	11.0
11:29:26.922692	-8.8125	0.5625	-0.5625	14.5	14.875	-26.75	-245.375	0.4375	-19.125	231.6875	20.5625	12.5625
11:29:26.932758	-9.125	1.6875	1.1875	17.1875	12.0	-23.125	-245.375	0.4375	-19.125	194.875	30.5625	14.375
11:29:26.942872	-9.1875	2.375	3.0625	18.375	10.125	-22.25	-214.9375	0.0625	-17.625	194.875	30.5625	14.375
11:29:26.952972	-8.4375	3.0625	5.4375	19.0625	5.8125	-21.875	-199.125	-6.375	-15.4375	194.875	30.5625	14.375
11:29:26.963068	-7.125	3.6875	7.6875	19.5	-0.5625	-20.4375	-183.6875	-3.9375	-12.75	194.875	30.5625	14.375
11:29:26.973385	-5.375	4.6875	10.3125	18.125	-7.1875	-20.125	-183.6875	-3.9375	-12.75	194.875	30.5625	14.375
11:29:26.983718	-4.1875	5.875	12.875	17.625	-9.0	-18.625	-163.9375	4.625	-11.625	173.0625	40.625	9.5625
11:29:26.993792	-2.875	7.25	14.9375	15.375	-8.9375	-18.4375	-123.3125	17.0	-11.25	134.25	24.5625	8.375
11:29:27.004544	-1.75	8.25	16.375	12.9375	-3.875	-18.25	-100.9375	20.875	-12.0625	134.25	24.5625	8.375
11:29:27.014697	-0.5	9.0	17.0	11.125	2.4375	-18.5	-77.25	21.8125	-12.0	134.25	24.5625	8.375
11:29:27.024806	0.5	10.375	17.1875	9.1875	7.5	-19.3125	-53.5625	14.25	-10.8125	134.25	24.5625	8.375
11:29:27.034953	0.5	10.625	16.8125	6.1875	9.375	-20.0625	-30.5625	0.8125	-9.25	134.25	24.5625	8.375
11:29:27.045389	0.5	10.625	16.8125	1.3125	8.5	-20.25	-7.3125	-13.625	-8.375	42.1875	-1.5	6.8125
11:29:27.055503	0.0	10.375	16.125	-5.0	3.3125	-20.125	15.1875	-24.375	-8.0625	0.875	-10.875	0.75
11:29:27.065660	-0.5625	8.625	12.9375	-9.5	-4.8125	-19.4375	34.625	-27.125	-7.5	-16.75	-13.0	-2.8125
11:29:27.076382	0.1875	7.0625	10.3125	-13.4375	-15.25	-18.1875	51.1875	-27.8125	-7.0	-32.625	-16.375	-5.125
11:29:27.086674	0.1875	7.0625	10.3125	-12.0625	-24.1875	-15.875	51.1875	-27.8125	-7.0	-32.625	-16.375	-5.125
11:29:27.096749	2.25	-0.1875	3.125	-6.8125	-29.4375	-12.75	78.0625	-33.25	-6.8125	-32.625	-16.375	-5.125
11:29:27.106839	2.6875	-3.75	-1.0625	-1.3125	-33.0625	-8.8125	87.25	-33.1875	-7.0	-32.625	-16.375	-5.125
11:29:27.116909	2.875	-6.0625	-4.9375	4.0	-32.8125	-2.5	93.375	-30.5	-7.0625	-32.625	-16.375	-5.125
11:29:27.127040	2.875	-6.375	-6.3125	6.4375	-31.125	2.8125	100.5	-31.375	-6.875	-135.375	-94.0	-42.625
11:29:27.137113	2.375	-6.5	-7.5	13.0625	-24.75	7.3125	104.4375	-31.625	-5.9375	-104.5	-39.625	-29.9375
11:29:27.147187	2.5625	-4.8125	-7.25	25.6875	-17.3125	12.6875	90.25	11.5625	-5.375	-45.0625	-60.0625	-17.75
11:29:27.157282	4.8125	-3.0	-3.0	45.625	-8.6875	19.8125	50.4375	48.1875	-3.0	104.0	-34.8125	0.375
11:29:27.167409	7.5625	-2.8125	3.75	57.0	4.0625	25.1875	24.0625	-17.5625	2.8125	35.3125	171.5	-49.25
11:29:27.177769	7.5625	-2.8125	3.75	51.3125	8.25	27.0	36.0	-65.0625	-0.8125	-146.25	-58.875	-72.75
11:29:27.187934	9.8125	2.5	7.5625	37.3125	6.375	27.5	61.4375	-101.875	-12.125	-173.1875	-291.3125	-18.8125
11:29:27.198006	9.125	10.5	4.6875	31.8125	19.5625	25.4375	71.875	-87.625	-17.0625	-170.0	-64.3125	74.1875
11:29:27.208075	8.125	22.6875	1.3125	23.4375	17.8125	19.5625	66.0	-38.125	-14.8125	-170.0	-64.3125	74.1875
11:29:27.218148	7.375	34.1875	-1.3125	13.5625	18.5	12.0625	63.9375	12.6875	-7.875	-189.4375	-31.8125	58.875
11:29:27.228230	7.0625	37.9375	-2.125	16.25	40.3125	11.625	64.9375	40.6875	-0.875	-115.875	-104.4375	50.625
11:29:27.238358	7.625	33.1875	-1.625	34.0	66.5	20.5	61.6875	34.3125	5.25	-47.875	-23.5	63.0
11:29:27.248448	9.4375	21.1875	-0.25	46.125	77.875	30.0	59.5	-25.25	0.625	-2.125	-13.5	27.75
11:29:27.258563	10.75	5.375	0.25	56.5625	82.0625	34.0	52.9375	-38.6875	-8.25	38.125	1.125	0.75
11:29:27.269090	11.5625	-8.75	-2.0	64.875	87.5625	31.625	52.9375	-38.6875	-8.25	53.875	17.0	-3.25
11:29:27.279627	12.1875	-18.25	-5.9375	64.875	87.5625	31.625	42.3125	-3.0	-20.875	-13.5625	-17.375	-4.875
11:29:27.289760	12.6875	-22.1875	-9.9375	68.75	71.875	34.25	40.1875	30.0	-18.75	-80.375	-46.6875	-21.0625
11:29:27.300322	13.5	-22.0	-12.625	73.0625	42.9375	35.875	38.3125	49.125	-12.8125	-77.9375	-15.6875	-2.6875
11:29:27.310453	14.1875	-20.625	-12.9375	66.5	8.9375	37.125	36.75	47.25	-7.9375	-67.375	2.3125	25.3125
11:29:27.320542	13.8125	-19.0625	-11.4375	55.375	-22.0	37.8125	36.8125	28.125	-6.875	-11.875	3.75	2.3125
11:29:27.330691	12.4375	-17.75	-8.75	44.6875	-42.8125	37.1875	35.1875	4.4375	-7.8125	3.6875	17.3125	3.25
11:29:27.340839	10.9375	-16.5	-5.75	34.6875	-52.25	35.25	32.6875	-11.75	-7.8125	-6.9375	6.4375	-0.5
11:29:27.351014	9.375	-13.125	-3.625	27.8125	-49.8125	32.625	32.1875	-29.5	-7.125	-28.0625	-15.375	-0.25
11:29:27.361662	7.375	-8.125	-1.875	36.875	-34.125	29.25	35.5625	-32.6875	-6.0625	-28.0625	-15.375	-0.25
11:29:27.371817	5.125	-1.25	-1.125	48.375	-14.5625	25.9375	36.9375	-18.3125	-4.4375	-23.0	-8.25	12.5
11:29:27.382174	2.9375	5.0625	0.0625	57.0	6.1875	24.125	34.625	1.25	-2.4375	-11.75	-9.0	15.625
11:29:27.392248	1.375	9.4375	1.125	62.6875	26.8125	24.75	34.75	17.5	-1.625	-6.1875	-7.375	-0.1875
11:29:27.402537	0.5625	11.3125	0.6875	59.0	40.5625	25.9375	37.625	33.625	-2.1875	-16.5	9.0625	-11.1875
11:29:27.412667	-0.25	10.9375	0.1875	58.125	51.5625	28.3125	38.125	47.0625	-1.75	-35.4375	21.25	-11.1875
11:29:27.422791	-0.4375	9.5	-1.625	57.75	57.5	27.875	37.1875	55.3125	-0.25	-45.0625	4.5	-12.5625
11:29:27.432921	-0.625	8.625	-4.125	57.6875	68.125	25.1875	40.0	55.25	1.5	-49.0625	3.0625	-10.0
11:29:27.443542	-1.3125	7.9375	-5.8125	57.5625	73.875	23.1875	42.6875	50.75	4.5	-43.625	8.9375	-2.9375
11:29:27.453636	-2.125	7.75	-6.875	55.0	80.4375	21.5	43.25	43.9375	6.6875	-32.5625	4.625	1.5625
11:29:27.464158	-2.9375	7.9375	-7.75	48.875	82.6875	22.0	43.3125	29.375	7.875	-19.3125	0.9375	-5.6875
11:29:27.474230	-3.6875	9.0	-8.0625	42.25	83.625	22.5	45.75	12.8125	7.375	-24.0625	-2.0	-11.875
11:29:27.484365	-5.5	12.0	-6.25	36.8125	78.6875	22.125	48.75	1.25	6.25	-40.125	1.1875	-10.0
11:29:27.494436	-5.8125	13.625	-4.9375	32.875	67.5	21.125	49.125	-2.125	6.125	-42.5	-1.0625	-4.375
11:29:27.504722	-6.0625	14.5625	-3.25	29.5625	51.5625	19.875	48.75	-6.125	6.5625	-47.6875	-8.125	-10.375
11:29:27.515343	-5.5625	15.4375	-2.6875	29.5625	35.125	18.625	51.125	-13.3125	6.3125	-48.875	-3.8125	-15.25
11:29:27.526330	-5.3125	15.0	-2.0	33.75	18.9375	18.4375	55.5625	-10.375	5.875	-57.5	10.625	-9.875
11:29:27.536448	-4.625	13.6875	-0.0625	32.0625	10.625	14.9375	55.1875	-6.125	6.5625	-41.25	13.125	-10.875
11:29:27.546523	-2.9375	12.25	1.4375	31.75	4.4375	13.25	53.3125	-12.0	7.625	-40.75	7.1875	-17.8125
11:29:27.557043	-2.9375	12.25	1.4375	32.125	-3.5	14.6875	53.9375	-21.25	7.4375	-46.5	4.8125	-8.8125
11:29:27.567158	0.5	7.1875	2.0	32.5	-5.0	15.75	53.75	-26.1875	6.125	-50.375	6.25	5.0625
11:29:27.577256	1.875	4.5625	1.875	30.1875	-2.8125	15.875	50.9375	-34.375	6.0625	-36.8125	-3.3125	5.6875
11:29:27.587322	3.625	2.6875	2.0	26.9375	1.5	16.1875	49.625	-41.25	4.4375	-40.8125	-8.75	2.125
11:29:27.597424	4.875	1.3125	2.0	26.1875	7.0625	17.9375	51.9375	-35.5	1.5625	-42.625	1.4375	1.0
11:29:27.607510	5.6875	0.25	2.0	28.0625	14.6875	21.1875	52.375	-18.3125	1.0	-43.0625	14.875	0.8125
11:29:27.617584	6.8125	-0.1875	2.375	28.3125	21.6875	24.0625	50.1875	-13.75	0.5	-30.3125	2.25	-3.125
11:29:27.627699	8.1875	0.125	3.25	30.25	29.0	26.4375	49.0	-8.5625	-1.3125	-38.4375	7.5625	-2.25
11:29:27.637782	9.4375	1.6875	4.125	31.125	33.0625	29.5625	52.9375	1.125	-1.5625	-43.0625	23.0625	0.25
11:29:27.647848	9.875	4.0	4.6875	32.125	37.5	30.5	50.75	3.4375	-0.25	-36.6875	19.375	-1.25
11:29:27.657974	9.875	4.0	4.6875	31.5	44.1875	30.9375	50.75	3.4375	-0.25	-32.0	2.75	-2.1875
11:29:27.668065	9.8125	7.75	6.625	32.25	47.1875	32.5625	52.5625	6.25	-1.3125	-33.5625	10.1875	-0.9375
11:29:27.678227	9.1875	7.25	6.6875	33.0	43.5625	34.375	56.25	5.625	-0.5625	-38.875	11.9375	-0.3125
11:29:27.688337	8.25	6.75	6.8125	36.8125	31.25	36.375	54.625	5.5	0.375	-30.0625	9.375	0.5625
11:29:27.698410	7.4375	6.3125	7.0625	37.0625	26.5625	38.3125	52.5625	4.3125	0.4375	-27.6875	-0.125	-3.0
11:29:27.708477	6.6875	6.1875	7.375	36.4375	27.125	38.5	53.875	5.375	0.4375	-31.5625	2.9375	-2.3125
11:29:27.718569	5.8125	5.9375	7.75	36.0625	25.6875	38.625	54.1875	9.4375	2.1875	-39.0	11.375	1.6875
11:29:27.728636	5.4375	5.625	8.375	37.5625	22.4375	40.375	48.1875	17.125	1.0	-29.9375	-2.875	7.75
11:29:27.738732	5.5625	3.5	8.375	38.375	22.9375	42.1875	48.3125	25.5625	0.875	-38.4375	-52.3125	35.0625
11:29:27.748837	6.1875	2.25	7.625	35.8125	23.8125	41.375	47.75	38.6875	3.875	-53.9375	-10.875	44.375
11:29:27.758932	6.1875	2.25	7.625	35.8125	23.8125	41.375	47.75	38.6875	3.875	-63.6875	24.75	16.75
11:29:27.769033	5.3125	1.6875	6.5625	35.5625	32.75	38.875	47.5	41.75	6.25	-53.5	-18.75	3.3125
11:29:27.779671	4.8125	1.125	6.4375	33.75	29.5625	40.3125	54.0625	30.5625	10.3125	-61.625	-1.75	9.1875
11:29:27.789804	3.6875	-0.0625	4.5625	30.75	29.25	42.0	55.625	29.5625	13.6875	-66.75	4.1875	6.5625
11:29:27.800471	2.6875	-1.75	3.5	27.25	25.0625	42.4375	56.9375	25.625	15.625	-68.3125	-19.875	3.375
11:29:27.811131	1.4375	-4.25	1.5	23.4375	23.8125	43.0625	62.3125	22.375	16.4375	-73.5625	-37.0	7.1875
11:29:27.821230	0.875	-4.8125	0.5	18.5625	22.875	42.625	66.9375	22.625	17.875	-81.3125	-36.6875	7.875
11:29:27.831394	0.875	-4.8125	0.5	15.5625	24.1875	40.5	68.9375	27.1875	19.1875	-82.375	-43.375	5.0625
11:29:27.842146	0.875	-4.875	-0.25	15.1875	26.8125	37.375	71.25	31.1875	20.375	-81.75	-42.4375	9.125
11:29:27.852552	-0.3125	-5.0625	-0.9375	14.8125	29.5625	32.8125	76.5	33.5	22.75	-93.6875	-30.5	9.0
11:29:27.862697	-2.625	-4.8125	-1.25	11.6875	22.125	28.875	81.75	29.0	24.6875	-93.6875	-30.5	9.0
11:29:27.872789	-6.5625	-3.875	1.125	8.4375	11.6875	22.125	84.1875	16.5625	25.125	-101.3125	-74.125	2.25
11:29:27.882986	-10.875	-3.0	5.375	6.0	-2.5625	14.6875	87.125	7.4375	23.0625	-101.3125	-74.125	2.25
11:29:27.893082	-13.25	-5.75	9.4375	0.8125	-14.4375	7.8125	95.3125	11.4375	21.5625	-101.3125	-74.125	2.25
11:29:27.903150	-14.25	-13.3125	9.375	-11.0	-25.9375	2.0625	103.75	23.5625	21.875	-101.3125	-74.125	2.25
11:29:27.913223	-13.1875	-27.6875	6.1875	-23.5	-38.5	-2.9375	106.5	33.6875	21.375	-101.3125	-74.125	2.25
11:29:27.923383	-9.75	-41.5	2.9375	-36.5	-50.625	-5.9375	109.5	43.5	19.125	-126.6875	-56.8125	21.5625
11:29:27.933459	-7.0625	-49.8125	-1.1875	-51.625	-47.0625	-8.125	118.25	54.0625	16.875	-131.625	-27.5	47.875
11:29:27.943589	-5.3125	-48.125	-3.25	-67.75	-37.5625	-11.0625	124.6875	69.125	17.5	-146.1875	-35.125	63.5
11:29:27.953688	-3.4375	-37.5625	-2.9375	-82.0	-33.0	-15.25	132.125	106.6875	20.6875	-137.6875	-10.25	82.25
11:29:27.963869	-2.4375	-23.0625	-1.625	-94.5	-33.0	-18.625	138.5625	143.0625	25.25	-137.6875	-10.25	82.25
11:29:27.974452	-1.1875	-8.1875	0.3125	-105.875	-36.375	-23.9375	138.9375	175.3125	28.5625	-150.1875	63.625	94.9375
11:29:27.985252	-1.75	10.0625	-4.3125	-115.125	-36.6875	-27.1875	139.6875	177.625	26.375	-187.75	54.9375	75.6875
11:29:27.995357	-2.75	15.875	-8.4375	-122.25	-28.4375	-35.25	119.25	124.75	26.25	-223.6875	18.9375	34.875
11:29:28.005675	-2.75	15.875	-8.4375	-131.25	-13.5	-38.9375	100.375	58.625	27.25	-275.5625	-66.9375	7.1875
11:29:28.015928	-5.1875	24.625	-13.75	-140.0625	12.875	-45.25	92.5	10.1875	21.4375	-322.6875	-87.125	9.75
11:29:28.025998	-6.5625	25.125	-13.8125	-143.375	20.375	-55.1875	95.625	-17.375	15.0	-348.5	-47.4375	27.5
11:29:28.036141	-7.6875	21.6875	-12.875	-127.125	5.5625	-64.625	98.1875	-22.375	16.3125	-281.75	-200.9375	17.9375
11:29:28.046196	-8.5625	16.125	-11.0625	-106.6875	-20.0625	-67.0625	88.0625	5.5625	8.8125	-123.25	-209.1875	7.8125
11:29:28.056271	-8.5625	16.125	-11.0625	-94.1875	-24.0	-67.9375	88.0625	5.5625	8.8125	57.125	166.9375	11.5625
11:29:28.066472	-8.375	6.25	-5.6875	-83.375	-14.125	-67.8125	61.5625	9.3125	6.3125	102.8125	361.0625	65.125
11:29:28.076561	-6.625	2.5	-3.9375	-83.0	-9.1875	-68.4375	31.0625	-7.3125	4.5	80.9375	168.875	-1.5625
11:29:28.086632	-4.625	-1.6875	-2.375	-82.75	-18.6875	-65.3125	-10.25	-46.9375	-4.25	4.75	16.6875	-57.375
11:29:28.096747	-2.5	-5.375	-2.125	-90.5	-27.125	-65.4375	-30.375	-72.6875	-12.0	63.625	146.3125	-46.6875
11:29:28.106832	-1.0	-7.0	-1.5	-94.625	-38.0	-66.375	-56.125	-81.875	-18.1875	157.375	117.6875	-82.4375
11:29:28.116907	-0.25	-7.125	-1.4375	-97.3125	-44.5625	-67.8125	-79.375	-80.0625	-22.3125	214.0625	38.25	-97.625
11:29:28.126979	0.875	-5.6875	-2.75	-98.3125	-54.75	-70.25	-100.4375	-66.5625	-20.8125	193.8125	21.625	-51.4375
11:29:28.137045	1.9375	-3.8125	-4.125	-98.25	-65.125	-73.0	-121.4375	-49.0625	-14.3125	145.875	15.875	-21.375
11:29:28.147124	2.75	-2.1875	-5.25	-94.3125	-71.875	-74.5625	-141.6875	-48.625	-8.125	154.625	10.0	-21.5625
11:29:28.157202	3.5	-1.5	-5.875	-86.125	-75.25	-73.0625	-158.0625	-55.8125	-9.0	204.875	7.0	-10.625
11:29:28.167381	4.4375	-0.8125	-6.25	-79.5	-79.125	-64.1875	-176.8125	-70.1875	-12.3125	235.0	-0.6875	-11.375
11:29:28.177453	4.9375	-0.625	-5.6875	-79.5	-79.125	-64.1875	-193.25	-81.0625	-15.875	238.75	-7.25	-25.375
11:29:28.187525	5.375	-0.0625	-5.625	-78.0625	-78.625	-58.8125	-208.1875	-78.6875	-18.9375	246.5	12.0	-32.375
11:29:28.197606	5.625	-0.9375	-5.1875	-77.0625	-73.75	-52.5625	-223.875	-63.5	-20.625	254.125	33.6875	-24.6875
11:29:28.207674	5.75	-1.875	-5.375	-67.625	-68.0625	-48.3125	-236.9375	-35.9375	-22.375	249.3125	54.8125	-13.1875
11:29:28.217749	5.3125	-3.625	-4.5	-53.9375	-59.625	-46.4375	-246.625	-5.8125	-24.4375	243.625	77.5	-2.625
11:29:28.227835	5.5625	-5.9375	-3.8125	-33.4375	-34.125	-44.5625	-252.9375	20.125	-25.625	236.75	91.125	7.9375
11:29:28.237939	4.9375	-8.3125	-4.625	-28.125	-24.25	-42.9375	-257.75	40.25	-26.25	231.0	93.625	14.5
11:29:28.248020	3.5	-10.3125	-5.125	-25.1875	-18.6875	-41.6875	-259.375	42.125	-31.4375	233.8125	98.9375	12.875
11:29:28.258143	1.9375	-12.1875	-4.4375	-25.125	-16.9375	-40.8125	-259.375	42.125	-31.4375	236.5	97.125	13.8125
11:29:28.268247	0.125	-13.6875	-3.75	-23.0	-16.3125	-40.25	-256.6875	30.0625	-35.0	231.875	86.125	18.1875
11:29:28.278930	-2.125	-13.875	-3.5	-18.875	-13.3125	-39.625	-255.625	15.0625	-36.25	229.0	76.6875	22.625
11:29:28.289032	-4.3125	-12.5	-4.125	-12.6875	-9.5	-38.75	-247.125	-11.1875	-37.5625	228.75	68.375	28.9375
11:29:28.299177	-6.5	-10.0625	-4.5	-5.375	-7.1875	-36.5625	-240.25	-14.875	-37.875	218.125	57.875	32.3125
11:29:28.309326	-7.9375	-7.25	-4.875	0.125	-4.5	-34.6875	-234.4375	-10.375	-36.0	213.75	46.0	34.25
11:29:28.319950	-9.3125	-3.9375	-4.5625	0.625	-2.625	-33.5	-229.6875	-3.5625	-33.3125	217.5	33.4375	32.0625
11:29:28.330154	-10.1875	-0.5	-3.1875	1.4375	2.25	-32.3125	-221.4375	2.25	-30.5	210.25	19.625	31.5
11:29:28.340834	-10.75	2.1875	-1.3125	4.9375	2.375	-27.5625	-207.9375	3.3125	-27.375	195.0625	12.0625	32.75
11:29:28.350951	-11.125	3.6875	0.6875	9.4375	1.8125	-25.0625	-193.5625	-1.5625	-24.1875	178.125	-8.375	23.5
11:29:28.361539	-10.875	4.4375	3.0	10.4375	-2.8125	-23.5	-178.1875	-9.375	-20.8125	172.8125	-0.375	15.5
11:29:28.371666	-10.5	4.375	4.75	11.5	-11.0	-22.75	-160.8125	-15.375	-17.125	158.5	3.25	9.0625
11:29:28.381815	-9.5625	4.0	5.875	11.9375	-21.25	-21.625	-142.875	-20.6875	-14.25	145.4375	-4.25	0.875
11:29:28.391932	-8.0	2.9375	7.375	11.6875	-28.1875	-20.1875	-123.9375	-26.125	-11.5625	140.25	0.625	-4.875
11:29:28.402543	-6.5	1.8125	8.625	11.0625	-27.8125	-19.5625	-102.8125	-32.1875	-9.375	122.0	2.0	-7.0625
11:29:28.412614	-4.9375	1.0	10.1875	9.9375	-23.9375	-18.3125	-80.125	-36.8125	-7.625	102.3125	-4.75	-10.0
11:29:28.422682	-4.1875	-0.25	11.3125	10.375	-17.75	-18.125	-57.375	-39.5625	-6.5	81.9375	-5.5625	-9.0
11:29:28.432776	-3.1875	-2.0	11.25	11.5	-13.125	-18.25	-35.0625	-36.75	-6.3125	59.125	-7.125	-6.6875
11:29:28.443315	-2.0	-4.0625	11.9375	13.3125	-6.125	-18.375	-13.1875	-30.3125	-5.9375	33.875	-8.8125	-5.125
11:29:28.453641	-1.9375	-5.375	12.0625	12.8125	-2.5625	-17.8125	7.375	-23.6875	-5.3125	14.25	-16.4375	-6.0
11:29:28.463755	-1.9375	-5.875	11.375	10.3125	-4.3125	-16.75	26.4375	-20.25	-4.75	-14.6875	-33.875	-8.0625
11:29:28.473855	-1.625	-6.3125	10.1875	6.875	-12.125	-15.0	44.25	-24.5	-4.4375	-29.125	-38.625	-10.4375
11:29:28.483922	-1.375	-6.5625	9.125	2.625	-24.5625	-13.3125	60.75	-31.1875	-4.375	-51.875	-48.8125	-15.375
11:29:28.493996	-0.8125	-6.5625	6.875	-0.5625	-36.8125	-11.25	75.375	-38.125	-4.4375	-69.6875	-63.5	-22.3125
11:29:28.504161	-0.1875	-5.6875	2.9375	-1.25	-42.9375	-7.25	88.8125	-42.75	-4.3125	-83.1875	-68.25	-28.875
11:29:28.514272	0.375	-4.3125	0.5	-0.4375	-42.0625	-3.1875	100.5	-35.5	-4.4375	-106.6875	-76.0	-41.5625
11:29:28.524871	0.4375	-4.75	-4.1875	1.8125	-35.75	-0.1875	96.6875	-6.0	-5.5	-88.75	-86.5625	-39.0625
11:29:28.534942	0.8125	-4.375	-8.8125	12.8125	-24.125	4.0625	74.6875	16.6875	-2.25	9.8125	-27.375	-16.4375
11:29:28.545090	1.625	-2.75	-12.75	31.875	-9.0	11.0	53.75	-26.375	4.4375	37.0	118.0625	-46.1875
11:29:28.555269	3.5	-0.5625	-14.0625	37.5	-2.5625	17.5625	52.4375	-68.375	4.125	-63.4375	-7.5	-70.0
11:29:28.565380	6.5625	-0.6875	-11.375	31.0	-2.8125	16.6875	62.375	-89.75	-3.75	-93.0625	-236.625	-33.625
11:29:28.575456	8.625	-1.0	-7.625	20.875	2.1875	11.4375	69.8125	-70.375	-9.3125	-133.75	-117.1875	50.875
11:29:28.585523	9.5	2.0625	-4.875	11.375	20.125	9.0	69.375	-29.5	-10.8125	-179.5	37.5625	95.5
11:29:28.595629	8.625	8.3125	-4.4375	16.125	39.0625	12.8125	63.9375	18.625	-6.8125	-198.0625	-22.5625	96.4375
11:29:28.605745	4.5	27.8125	-5.5625	25.125	46.125	20.625	59.0	54.9375	0.125	-125.625	-62.4375	62.375
11:29:28.615855	3.5625	30.875	-3.75	26.125	47.75	26.9375	56.75	59.8125	5.0625	-59.5625	-31.5625	54.625
11:29:28.625987	4.0	26.0	-1.0	29.1875	50.875	32.5	58.125	40.6875	5.625	-40.6875	-25.5	38.8125
11:29:28.636133	5.4375	15.4375	1.4375	35.3125	58.25	37.6875	56.5625	0.5625	1.75	32.0625	1.6875	9.0
11:29:28.646743	7.1875	2.3125	2.8125	40.75	65.5625	39.625	50.8125	-34.3125	-5.375	51.125	39.125	-1.0625
11:29:28.656815	8.0	-7.8125	2.125	49.375	71.375	34.625	46.9375	-41.0	-13.75	-24.0625	-16.0625	-11.0
11:29:28.666946	8.3125	-12.5625	-0.5	62.1875	78.25	29.0625	43.875	-20.625	-17.625	-75.1875	-50.25	-29.4375
11:29:28.677047	8.5625	-12.375	-4.4375	74.8125	85.9375	27.3125	38.8125	10.625	-15.4375	-70.3125	-5.1875	-11.6875
11:29:28.687121	9.125	-11.25	-9.0	78.1875	78.1875	28.5625	36.8125	34.5625	-10.625	-63.6875	-1.25	9.6875
11:29:28.697237	9.6875	-11.75	-11.625	77.375	58.6875	29.6875	39.25	44.375	-6.3125	-46.875	-23.4375	7.8125
11:29:28.707383	9.875	-13.125	-12.25	70.4375	31.25	31.5625	39.0	37.75	-4.5625	-12.625	5.5625	5.8125
11:29:28.717500	10.0	-14.3125	-12.0	50.125	-25.4375	35.625	35.1875	17.4375	-4.5	6.625	15.0625	9.5625
11:29:28.727615	10.25	-14.6875	-11.1875	39.5625	-40.875	34.875	33.5	-11.875	-4.5625	-7.4375	-8.4375	5.1875
11:29:28.738296	10.875	-13.0625	-9.4375	31.5625	-44.375	32.5	34.8125	-36.0625	-4.9375	-29.5	-16.6875	8.25
11:29:28.748447	10.75	-10.1875	-8.25	34.5	-35.3125	29.4375	35.4375	-43.0	-4.125	-36.4375	-19.5625	15.875
11:29:28.758609	9.25	-7.25	-6.0	43.375	-18.9375	26.3125	34.25	-13.625	-2.6875	-26.5	-14.3125	13.6875
11:29:28.768718	7.3125	-3.5	-3.5625	49.4375	-5.0	23.625	36.25	12.1875	-2.6875	-19.875	-15.375	-0.125
11:29:28.778891	5.125	0.0	-1.4375	54.75	8.25	23.625	35.6875	32.625	-2.5	-13.0	-3.75	-7.6875
11:29:28.788968	2.875	2.875	0.0	55.75	24.5625	25.125	34.25	41.5625	-1.375	-11.9375	5.0	-11.3125
11:29:28.799585	1.375	4.3125	1.4375	56.0	35.5625	27.875	35.0625	44.125	0.0625	-26.1875	10.0625	-14.5
11:29:28.809692	0.5625	4.25	1.625	55.3125	48.8125	28.25	36.6875	43.625	1.9375	-46.75	11.5	-14.3125
11:29:28.820315	0.0	3.5625	0.5	56.375	62.8125	26.625	36.0625	40.1875	3.9375	-47.5	7.8125	-7.875
11:29:28.830391	-0.4375	2.8125	-1.3125	59.875	74.5625	25.6875	34.8125	27.75	5.5625	-46.1875	1.125	-0.25
11:29:28.840501	-0.9375	2.375	-3.625	60.3125	81.0625	25.0625	36.0	8.5	6.125	-23.1875	-2.1875	-5.75
11:29:28.850697	-1.375	2.8125	-5.25	58.0625	85.3125	24.4375	37.9375	-6.875	5.1875	-20.0	1.5	-3.625
11:29:28.861393	-2.3125	3.625	-6.375	55.75	85.625	25.0625	38.1875	-10.8125	4.375	-20.5	0.6875	-4.875
11:29:28.871478	-3.1875	5.4375	-6.625	52.0625	81.625	25.875	37.5625	-7.8125	4.25	-25.0	-1.9375	-11.125
11:29:28.881606	-3.8125	7.625	-6.5	48.0	70.875	26.75	38.5	0.6875	4.1875	-26.125	2.4375	-12.625
11:29:28.891693	-4.375	9.6875	-5.9375	43.9375	55.625	27.4375	40.5625	14.6875	3.625	-33.6875	0.75	-10.625
11:29:28.901765	-4.8125	11.3125	-4.75	40.4375	40.8125	28.5	40.6875	23.9375	4.125	-31.25	6.625	-5.125
11:29:28.912392	-4.25	12.75	-4.5	41.375	28.375	29.75	40.5625	19.375	5.25	-39.1875	9.25	-7.0
11:29:28.922507	-4.0625	13.8125	-3.5625	38.6875	20.0	27.4375	42.625	7.9375	5.1875	-40.1875	8.5625	-3.4375
11:29:28.932621	-3.5625	13.6875	-2.0	37.25	14.3125	26.5625	43.5625	-1.875	5.6875	-37.8125	5.8125	5.25
11:29:28.943181	-2.1875	13.375	-1.125	36.3125	14.3125	23.9375	42.0625	-16.625	6.25	-26.6875	0.9375	5.4375
11:29:28.953259	-0.6875	12.25	-0.5625	38.125	8.0	24.5	40.9375	-32.9375	5.0	-38.0	-3.8125	-1.4375
11:29:28.963341	0.875	10.625	-0.875	34.6875	3.375	21.75	43.25	-42.4375	2.5	-39.0625	-1.25	-2.5
11:29:28.973412	2.4375	8.625	-1.3125	34.875	6.125	20.375	45.25	-38.4375	1.8125	-41.6875	6.8125	-4.125
11:29:28.983480	3.625	6.125	-1.4375	34.375	6.875	19.5	46.6875	-31.5	1.625	-29.0	2.375	-7.375
11:29:28.993553	4.8125	4.1875	-1.625	33.8125	10.3125	19.5625	47.4375	-24.125	0.125	-38.0625	3.5625	-6.0
11:29:29.003895	5.375	2.625	-0.5	35.0	17.3125	19.875	49.8125	-14.125	0.1875	-47.0	15.3125	-0.375
11:29:29.014015	6.375	1.75	0.875	37.125	21.375	22.0	51.375	-4.75	1.1875	-41.4375	18.4375	3.625
11:29:29.024142	6.875	1.8125	2.25	37.25	25.25	24.625	48.6875	-5.5625	1.0	-28.75	3.0625	1.625
11:29:29.034764	8.0	2.125	3.6875	35.75	30.1875	26.8125	48.3125	-1.625	-0.125	-34.1875	7.125	1.625
11:29:29.044842	8.5	2.6875	5.0	34.625	33.5	29.3125	52.875	3.75	0.4375	-39.625	14.25	0.875
11:29:29.055024	8.875	3.3125	5.75	32.1875	36.3125	32.1875	52.125	3.0	1.6875	-30.6875	12.875	2.625
11:29:29.065110	8.875	4.1875	6.1875	29.6875	36.6875	34.25	49.5	-0.8125	1.0625	-25.25	-0.375	-0.625
11:29:29.075223	8.4375	4.4375	5.75	28.125	36.4375	35.4375	53.1875	-1.4375	0.6875	-30.625	5.8125	-0.75
11:29:29.085297	7.75	4.4375	4.875	29.25	34.4375	36.5	56.6875	-2.875	2.25	-39.875	12.125	0.5
11:29:29.095374	6.3125	4.0625	4.0	29.75	33.0	36.5	54.5	-2.375	2.9375	-28.0	2.1875	-1.625
11:29:29.105488	4.9375	3.75	2.9375	29.0625	29.5	34.3125	54.375	1.5	1.875	-28.75	-9.625	-5.125
11:29:29.115574	3.9375	4.1875	2.375	31.5	25.5625	32.8125	57.8125	4.375	1.8125	-37.3125	0.0	-0.6875
11:29:29.125644	3.1875	5.0625	1.6875	34.3125	19.375	31.3125	58.9375	12.875	1.5625	-55.375	-45.375	26.75
11:29:29.135713	2.9375	5.125	1.3125	34.25	15.875	31.75	55.1875	22.75	2.4375	-52.5	-17.0	38.6875
11:29:29.145803	2.9375	5.875	1.3125	31.9375	21.3125	29.3125	55.25	36.3125	3.625	-57.25	11.75	15.875
11:29:29.155882	3.3125	6.125	1.375	32.5	25.625	30.75	60.0	39.5	5.8125	-70.6875	-10.375	4.1875
11:29:29.165973	2.5625	7.25	2.125	31.0	30.625	34.375	60.0	34.375	9.75	-79.375	9.5	4.75
11:29:29.176039	2.5625	7.4375	2.25	25.9375	33.75	35.9375	61.0	29.5	13.1875	-67.6875	-6.125	3.9375
11:29:29.186106	2.5	7.1875	3.4375	22.8125	32.625	37.4375	63.75	24.5	15.25	-73.25	-32.75	5.0
11:29:29.196192	1.6875	4.5	3.375	18.5	31.1875	39.0	68.3125	21.5625	17.3125	-80.75	-31.5	3.875
11:29:29.206265	0.6875	3.3125	3.375	14.1875	29.5	39.1875	70.625	21.125	19.0625	-85.375	-40.8125	2.9375
11:29:29.216428	-0.25	-0.125	3.1875	11.5	26.1875	37.375	73.125	21.5625	19.4375	-81.0	-54.5625	7.125
11:29:29.226547	-0.1875	-1.5	2.5625	10.375	25.0	34.8125	77.6875	24.6875	20.0	-88.4375	-51.0625	7.875
11:29:29.236614	-0.375	-2.4375	2.125	8.125	26.6875	31.125	82.5	30.625	21.875	-98.6875	-37.8125	9.5625
11:29:29.246690	-1.875	-3.5	2.4375	4.75	25.1875	26.25	85.0625	28.6875	23.875	-106.25	-38.125	4.375
11:29:29.256810	-5.75	-3.5	5.25	0.8125	15.125	20.875	88.875	15.9375	23.125	-101.3125	-63.75	2.0625
11:29:29.267357	-9.5625	-4.875	8.8125	-2.0625	2.0	14.5625	95.75	3.4375	21.5625	-106.625	-77.25	10.1875
11:29:29.277483	-11.4375	-10.6875	9.9375	-7.625	-11.9375	7.6875	103.5	5.5625	19.875	-122.8125	-42.1875	23.5
11:29:29.287689	-11.25	-20.5625	7.8125	-27.6875	-37.625	-5.4375	109.25	16.8125	19.0625	-127.3125	-29.3125	20.75
11:29:29.298295	-10.0	-34.625	2.6875	-39.5	-48.0625	-9.875	111.375	26.125	17.25	-120.875	-49.625	17.5625
11:29:29.308361	-8.0	-46.75	-3.6875	-52.5	-51.0	-12.625	117.875	37.125	14.8125	-127.75	-57.625	28.4375
11:29:29.318498	-5.3125	-48.5625	-6.4375	-67.5625	-49.5	-14.8125	125.125	47.75	13.4375	-140.5	-37.6875	46.8125
11:29:29.328589	-4.0625	-40.9375	-7.3125	-83.1875	-50.0	-17.6875	130.125	72.3125	15.875	-139.0625	-26.9375	60.25
11:29:29.338660	-3.3125	-28.1875	-5.5625	-97.125	-52.3125	-20.3125	138.9375	107.5	18.1875	-130.5	2.0625	78.8125
11:29:29.348808	-2.0625	-14.75	-3.0625	-109.9375	-56.625	-25.0625	141.5625	141.4375	22.8125	-130.75	39.6875	90.125
11:29:29.359431	-1.25	-3.8125	-2.0625	-118.3125	-53.3125	-28.875	140.125	169.3125	26.0	-163.25	21.4375	87.8125
11:29:29.369671	-1.4375	4.1875	-2.8125	-126.6875	-56.375	-32.625	116.75	127.875	26.75	-185.5	29.5	73.4375
11:29:29.380125	-2.625	10.4375	-4.9375	-139.8125	-19.875	-40.4375	93.0	65.25	26.5	-213.0625	39.0	37.625
11:29:29.390264	-3.875	16.25	-8.0625	-142.4375	21.125	-48.8125	79.4375	15.1875	21.125	-263.625	-18.75	18.3125
11:29:29.400362	-5.125	20.3125	-9.75	-129.375	30.3125	-59.1875	82.9375	-21.375	14.75	-367.8125	-34.1875	26.25
11:29:29.410463	-6.625	22.0	-10.0625	-111.25	4.6875	-67.125	91.0625	-21.25	14.8125	-324.25	-214.6875	15.5
11:29:29.421032	-8.4375	19.0	-8.625	-94.0	-23.1875	-67.1875	90.4375	6.375	11.8125	-170.8125	-273.125	8.875
11:29:29.431356	-9.875	12.9375	-6.875	-79.6875	-30.4375	-64.3125	77.1875	14.5	8.0	92.6875	134.3125	-5.6875
11:29:29.441427	-10.3125	5.8125	-4.625	-79.0	-16.8125	-63.625	45.625	15.0	5.375	158.25	412.0	66.4375
11:29:29.451556	-9.4375	-0.6875	-2.1875	-84.75	-11.0625	-62.6875	14.375	-9.3125	4.125	120.3125	206.8125	16.4375
11:29:29.462111	-7.375	-5.6875	-0.25	-91.5	-22.6875	-62.125	-6.4375	-28.5	1.6875	47.25	-73.75	-76.0
11:29:29.472233	-4.6875	-9.9375	0.9375	-95.4375	-27.3125	-62.0625	-23.125	-53.75	-5.1875	10.125	-35.25	-59.375
11:29:29.482322	-2.4375	-13.4375	1.1875	-99.1875	-36.8125	-63.5625	-43.75	-75.9375	-14.5625	66.6875	149.3125	-49.0
11:29:29.493026	-1.5	-14.375	2.0625	-98.5625	-47.5625	-66.25	-69.1875	-87.5625	-21.75	164.9375	148.625	-86.75
11:29:29.503102	-1.375	-14.1875	2.0625	-96.75	-57.375	-68.25	-90.8125	-89.75	-25.375	230.625	42.375	-105.125
11:29:29.513181	-0.75	-12.6875	0.125	-90.625	-63.4375	-68.9375	-90.8125	-89.75	-25.375	216.0625	6.0625	-56.5
11:29:29.523290	-0.5	-11.0625	-1.75	-83.3125	-70.875	-68.75	-110.5	-75.4375	-23.125	168.4375	22.625	-12.375
11:29:29.533382	0.125	-9.625	-2.9375	-79.625	-74.8125	-67.5625	-130.75	-57.375	-16.0	156.25	24.0625	-13.375
11:29:29.543486	1.0	-8.1875	-4.25	-79.125	-75.5625	-63.9375	-150.25	-51.4375	-10.6875	205.3125	11.6875	-7.5625
11:29:29.553845	1.5625	-7.125	-4.3125	-80.3125	-77.375	-59.3125	-167.625	-66.75	-11.0	239.4375	4.0625	-5.125
11:29:29.564067	2.25	-5.0625	-4.25	-77.3125	-75.875	-54.125	-183.0	-79.875	-14.125	239.8125	3.8125	-18.5625
11:29:29.574628	2.8125	-3.25	-4.0	-66.9375	-74.0	-49.375	-198.25	-75.0	-17.0	241.1875	22.0625	-26.75
11:29:29.584891	2.9375	-2.125	-3.625	-60.1875	-65.0	-47.4375	-214.9375	-59.6875	-18.75	240.375	44.25	-19.875
11:29:29.594957	3.1875	-1.625	-3.5	-49.625	-52.9375	-46.0	-228.0	-36.0	-21.0	234.0	61.625	-8.375
11:29:29.605030	3.875	-2.125	-2.375	-41.1875	-40.25	-45.125	-237.3125	-8.4375	-22.75	231.4375	78.25	4.125
11:29:29.615110	3.625	-2.375	-1.8125	-36.4375	-28.25	-44.5625	-244.75	21.8125	-23.875	226.1875	87.875	15.625
11:29:29.625180	3.4375	-2.625	-1.75	-33.5	-19.5	-44.0	-250.5	43.375	-24.75	223.375	93.8125	16.875
11:29:29.635255	3.0625	-3.1875	-2.625	-29.375	-11.375	-43.5625	-253.5	48.375	-27.125	233.9375	96.5	18.125
11:29:29.645324	2.125	-3.6875	-3.875	-24.3125	-3.9375	-43.375	-254.375	42.625	-30.875	236.5	89.5625	20.0
11:29:29.655416	0.8125	-4.375	-3.5625	-16.9375	0.6875	-41.8125	-254.8125	28.6875	-35.0	230.5625	78.3125	18.1875
11:29:29.665491	-0.75	-4.75	-3.0625	-9.0625	5.625	-40.125	-254.75	10.1875	-36.5	228.3125	66.0	19.1875
11:29:29.675560	-2.3125	-4.25	-2.875	-3.75	8.25	-38.1875	-253.3125	-5.875	-36.25	237.0625	48.25	22.6875
11:29:29.685634	-3.875	-3.1875	-2.9375	-0.5	6.9375	-35.1875	-252.3125	-9.4375	-35.5625	245.75	35.1875	25.6875
11:29:29.695700	-5.4375	-1.5	-3.0625	1.5	2.25	-33.0625	-251.0625	-5.375	-35.6875	235.9375	26.25	27.75
11:29:29.705790	-7.6875	0.8125	-2.4375	2.4375	0.375	-32.375	-246.8125	-3.75	-35.0625	216.9375	15.9375	29.0625
11:29:29.715903	-8.3125	1.4375	-0.75	7.5625	0.8125	-30.1875	-238.0	-3.875	-33.8125	210.9375	12.375	28.25
11:29:29.726008	-8.3125	1.4375	-0.75	11.1875	-4.1875	-26.0625	-226.5	-7.1875	-31.25	209.0625	6.25	26.1875
11:29:29.736077	-8.6875	2.625	3.0625	13.75	-10.5	-25.0	-214.375	-12.875	-28.25	195.0625	-4.6875	23.25
11:29:29.746148	-8.5	3.625	5.3125	16.75	-19.8125	-22.5625	-199.6875	-18.0625	-25.375	175.9375	-10.25	17.0625
11:29:29.756220	-8.0	4.25	6.875	17.1875	-30.125	-20.0625	-184.5	-23.6875	-22.8125	164.5	0.125	4.6875
11:29:29.767412	-6.625	4.125	7.4375	10.6875	-37.4375	-18.4375	-167.5625	-27.1875	-19.875	151.9375	4.875	-1.625
11:29:29.777570	-5.1875	4.0625	8.0625	7.4375	-32.0625	-18.625	-150.625	-28.3125	-16.6875	137.4375	-0.4375	-0.25
11:29:29.787728	-4.0	4.0625	9.125	6.125	-22.875	-18.3125	-132.5625	-25.75	-13.625	122.8125	-2.25	-0.8125
11:29:29.798285	-2.75	4.25	9.875	6.4375	-13.4375	-18.625	-112.5	-24.625	-11.125	106.4375	-0.8125	-1.125
11:29:29.808373	-2.125	3.3125	9.25	7.8125	-3.5	-18.5	-92.4375	-24.9375	-9.1875	88.125	-4.4375	-0.3125
11:29:29.818626	-1.3125	2.0	9.0	9.1875	5.4375	-18.125	-71.0	-24.3125	-7.6875	68.3125	-5.5625	-0.5
11:29:29.829368	-1.0	0.75	8.875	8.6875	9.9375	-17.125	-48.8125	-22.0625	-7.0	48.5625	-10.125	-2.875
11:29:29.839466	-0.6875	-0.6875	8.6875	7.4375	7.8125	-15.6875	-5.4375	-25.0	-5.0625	26.8125	-11.875	-2.6875
11:29:29.850129	-0.9375	-1.625	8.625	3.8125	-2.5	-13.5	14.3125	-25.5	-4.4375	5.9375	-15.4375	-1.375
11:29:29.860217	-1.6875	-2.1875	8.5625	-1.6875	-17.8125	-12.0	32.3125	-24.5	-3.8125	-28.875	-21.4375	-3.75
11:29:29.870448	-1.625	-2.6875	8.6875	-4.75	-30.375	-10.375	47.8125	-23.0	-3.625	-28.875	-21.4375	-3.75
11:29:29.880572	-0.6875	-3.8125	8.0	-5.1875	-36.8125	-8.25	60.9375	-22.75	-4.25	-57.25	-53.625	-17.0
11:29:29.890686	0.25	-5.1875	7.125	-1.3125	-34.5	-4.75	72.5625	-24.5625	-4.5	-75.125	-64.875	-28.25
11:29:29.901256	1.0625	-6.5	4.9375	2.875	-29.4375	-0.875	83.0	-31.3125	-4.4375	-104.0	-60.25	-36.375
11:29:29.911368	1.4375	-6.75	3.25	9.9375	-21.9375	3.4375	93.125	-35.6875	-4.0625	-119.25	-49.75	-37.125
11:29:29.921865	1.25	-6.625	1.5	22.4375	-12.4375	8.4375	98.9375	-29.8125	-3.9375	-88.25	-44.0625	-32.4375
11:29:29.932049	1.0	-5.75	-0.25	33.0	-3.75	14.5	89.625	3.5625	-3.75	12.875	-74.3125	-19.5
11:29:29.942125	1.375	-3.1875	-1.375	43.25	2.5625	21.0625	59.3125	34.5	-1.3125	87.6875	68.6875	-30.4375
11:29:29.952209	3.5	-0.8125	-0.8125	45.0	5.5625	23.75	36.875	-19.0625	4.3125	-53.0625	73.0625	-59.75
11:29:29.962313	6.75	0.25	2.9375	35.375	8.625	23.375	38.875	-66.625	2.4375	-132.25	-215.75	-38.875
11:29:29.972541	8.4375	0.9375	5.25	23.9375	16.8125	21.4375	57.0625	-92.75	-7.375	-161.3125	-203.4375	41.5625
11:29:29.983045	8.3125	3.6875	4.625	22.9375	30.0625	19.75	69.4375	-80.3125	-12.6875	-165.9375	36.9375	99.9375
11:29:29.993119	6.9375	9.5625	1.625	16.8125	29.375	17.25	67.125	-39.4375	-11.625	-185.0625	40.5	97.3125
11:29:30.003222	5.75	18.0625	-1.4375	12.625	34.0625	15.9375	62.25	9.5625	-6.25	-148.0625	-70.625	50.5625
11:29:30.013295	5.1875	24.8125	-2.5625	21.6875	46.5625	21.75	63.4375	45.8125	-0.125	-76.6875	-68.0	52.9375
11:29:30.023531	5.125	25.125	-1.75	32.5	58.4375	30.125	63.25	51.25	4.9375	-20.3125	-16.1875	41.8125
11:29:30.033632	5.8125	19.875	0.0	41.8125	63.8125	34.3125	59.75	24.9375	6.125	37.0625	11.25	8.75
11:29:30.043726	8.0	10.625	0.9375	52.9375	69.5	31.5625	59.0	-18.5625	1.375	49.6875	12.9375	-9.5
11:29:30.053815	9.3125	-0.375	1.6875	63.875	80.5	27.5	56.25	-45.1875	-7.75	-14.75	-20.875	-9.75
11:29:30.063927	10.0	-9.4375	0.0	71.8125	85.4375	26.8125	49.5625	-39.875	-15.625	-68.0	-31.0	-21.3125
11:29:30.074679	10.25	-14.5	-2.3125	75.25	77.75	27.6875	43.8125	-16.75	-18.3125	-86.8125	-26.25	-17.0625
11:29:30.084767	11.625	-15.6875	-8.375	73.0	58.5625	29.0625	43.0	13.6875	-15.625	-81.625	-14.25	9.5
11:29:30.094888	11.9375	-14.875	-9.75	66.5	26.1875	31.375	44.1875	36.75	-10.1875	-54.875	-10.25	17.9375
11:29:30.105475	11.375	-14.4375	-8.125	54.5625	-10.25	33.3125	42.375	43.75	-5.0625	-11.8125	5.1875	1.3125
11:29:30.115592	10.6875	-13.375	-5.875	39.4375	-37.625	34.125	40.125	31.9375	-3.8125	3.0625	6.4375	-1.1875
11:29:30.125806	10.0	-11.5	-3.375	27.875	-46.6875	33.0625	40.1875	10.9375	-5.1875	-5.5625	8.375	-2.0625
11:29:30.135870	9.1875	-8.4375	-1.9375	20.1875	-42.9375	31.1875	39.75	-7.125	-5.5	-32.5625	-7.6875	2.5625
11:29:30.145954	7.8125	-4.0	-0.375	23.875	-28.625	29.0625	38.0	-20.5625	-4.875	-42.4375	-21.4375	4.8125
11:29:30.156031	5.75	1.125	1.4375	44.3125	-9.5	26.0	38.375	-25.75	-3.625	-37.5	-11.9375	7.5625
11:29:30.166585	3.4375	5.9375	3.4375	51.0625	13.5625	23.1875	40.5625	-12.875	-1.875	-21.5625	-6.75	7.4375
11:29:30.176686	1.6875	9.0	4.5625	64.625	33.875	23.0	39.125	10.0625	-0.4375	-7.125	-5.1875	0.875
11:29:30.186758	0.9375	10.4375	4.4375	66.1875	48.4375	25.875	36.625	26.0	0.8125	-11.9375	3.125	-10.875
11:29:30.196845	0.75	9.625	3.0	65.0	60.4375	28.5	36.4375	34.6875	1.25	-31.875	16.9375	-13.4375
11:29:30.206919	0.625	8.0	0.875	60.8125	67.375	29.5625	37.125	36.75	2.0	-48.625	9.9375	-8.5
11:29:30.217013	0.4375	6.4375	-1.5625	61.375	72.875	28.6875	36.125	40.125	3.125	-43.5625	3.25	-2.3125
11:29:30.227092	-0.0625	5.5	-3.75	60.5	73.125	28.5625	35.0	39.375	5.125	-43.25	0.0	-2.0625
11:29:30.237216	-0.6875	5.4375	-4.8125	59.875	78.125	28.3125	34.875	34.5625	7.0	-30.0625	3.5625	1.3125
11:29:30.247337	-1.375	6.125	-5.6875	51.875	86.25	31.875	36.3125	27.1875	7.75	-15.3125	4.375	4.5625
11:29:30.257466	-2.0625	7.4375	-6.5	47.1875	80.25	34.0	37.0625	22.375	7.3125	-13.75	-0.125	-1.375
11:29:30.267563	-2.625	9.375	-6.375	44.375	65.8125	33.4375	36.8125	13.375	6.125	-13.75	-0.125	-1.375
11:29:30.277663	-3.3125	11.125	-6.625	37.5625	53.4375	29.4375	37.1875	4.0	4.9375	-24.375	0.75	-7.875
11:29:30.287778	-4.375	12.5	-5.0625	36.9375	37.5625	27.0	38.0625	5.3125	4.625	-24.375	0.75	-7.875
11:29:30.297887	-4.625	14.0625	-3.9375	37.625	24.5625	25.625	37.375	8.3125	5.0625	-24.375	0.75	-7.875
11:29:30.308060	-4.5	14.8125	-2.6875	40.125	13.125	23.875	37.5	-1.1875	5.125	-24.375	0.75	-7.875
11:29:30.318226	-3.875	15.125	-1.5	40.1875	6.3125	21.5625	41.1875	-9.0625	4.3125	-24.375	0.75	-7.875
11:29:30.329031	-2.4375	14.3125	-1.5	39.75	1.6875	19.75	44.375	-8.0625	4.375	-24.375	0.75	-7.875
11:29:30.339166	-1.125	13.375	-1.6875	39.75	1.6875	19.75	42.25	-17.0625	4.75	-36.25	3.375	-13.1875
11:29:30.349623	0.3125	12.125	-1.875	34.4375	-0.875	18.75	40.4375	-27.5	4.125	-36.25	3.375	-13.1875
11:29:30.359726	2.0	10.3125	-1.8125	31.0	1.1875	19.4375	45.1875	-25.875	3.8125	-36.25	3.375	-13.1875
11:29:30.369901	3.3125	8.3125	-1.75	28.5	5.5	20.4375	42.9375	-27.75	3.125	-36.25	3.375	-13.1875
11:29:30.380086	4.6875	5.5625	-0.875	27.8125	11.5	22.125	43.5	-27.0	1.125	-36.25	3.375	-13.1875
11:29:30.390801	6.0625	3.0625	-0.375	28.0	17.25	23.625	47.625	-19.375	0.0625	-43.875	11.0	0.3125
11:29:30.400874	6.875	1.25	-0.25	27.25	25.5625	24.6875	48.75	-14.0625	0.125	-43.5	18.8125	5.0625
11:29:30.411062	7.6875	0.5	-0.25	26.75	31.75	26.125	47.625	-14.4375	-0.8125	-24.6875	-0.8125	-2.5625
11:29:30.421781	8.4375	0.875	-0.25	27.3125	34.625	27.1875	48.625	-8.375	-1.5625	-24.6875	-0.8125	-2.5625
11:29:30.431942	8.6875	2.1875	-0.125	27.4375	40.4375	28.3125	54.8125	-4.125	-0.375	-24.6875	-0.8125	-2.5625
11:29:30.442014	8.625	3.75	0.0	27.1875	44.3125	29.1875	55.5	-0.4375	1.4375	-23.0625	5.6875	-2.5625
11:29:30.452467	8.5	5.125	0.3125	27.375	41.25	29.5625	54.6875	3.6875	1.0625	-23.0625	5.6875	-2.5625
11:29:30.462956	7.8125	6.3125	0.875	27.0	33.875	31.0	57.9375	6.3125	0.4375	-23.0625	5.6875	-2.5625
11:29:30.473298	7.4375	7.25	1.9375	27.6875	30.0	31.25	59.9375	6.875	2.3125	-37.3125	10.125	2.125
11:29:30.483719	6.5625	8.0625	3.0625	28.0	30.25	31.875	57.75	7.4375	3.1875	-37.3125	10.125	2.125
11:29:30.493836	5.6875	9.0	4.375	29.0625	32.875	33.1875	56.125	8.8125	2.3125	-37.6875	-23.0625	11.3125
11:29:30.504503	5.5	10.25	5.5625	30.3125	32.0625	35.9375	57.25	10.8125	1.6875	-37.6875	-23.0625	11.3125
11:29:30.514681	6.4375	11.125	7.75	30.0625	33.0625	36.6875	55.75	20.8125	1.875	-52.625	8.6875	29.625
11:29:30.525374	6.625	11.4375	8.625	29.875	32.625	34.625	52.125	32.625	4.1875	-57.3125	-4.375	3.5
11:29:30.535847	6.625	11.4375	8.625	31.0	33.375	34.75	53.4375	39.5	5.1875	-66.25	-6.0	5.3125
11:29:30.545921	5.0625	10.9375	9.5625	29.4375	30.75	36.875	56.9375	35.0	7.6875	-66.25	-6.0	5.3125
11:29:30.556024	5.3125	8.375	9.1875	24.3125	27.5	37.5625	58.4375	32.5	10.75	-66.25	-6.0	5.3125
11:29:30.566323	4.875	5.75	7.5	19.875	26.125	37.125	59.5	28.375	13.125	-69.625	-30.0	5.3125
11:29:30.576390	4.125	3.8125	5.5	16.625	23.75	37.3125	62.5625	24.4375	14.1875	-69.625	-30.0	5.3125
11:29:30.586472	3.875	2.0	3.4375	12.875	23.875	37.6875	68.0625	21.6875	16.125	-69.625	-30.0	5.3125
11:29:30.596539	3.5625	0.0	1.9375	10.875	23.5625	36.8125	71.0625	22.0	17.9375	-69.625	-30.0	5.3125
11:29:30.606610	3.4375	-1.625	1.625	10.0	24.3125	36.375	71.75	21.6875	18.0625	-69.625	-30.0	5.3125
11:29:30.616743	3.375	-2.0	1.75	8.9375	28.625	34.375	76.3125	23.75	17.75	-69.625	-30.0	5.3125
11:29:30.626819	3.125	-2.125	1.9375	7.4375	31.4375	31.0625	81.75	28.4375	18.375	-69.625	-30.0	5.3125
11:29:30.636897	3.125	-2.125	1.9375	6.75	30.25	27.1875	83.0625	34.0	20.625	-96.9375	-32.0625	12.6875
11:29:30.647003	-2.8125	-2.5	6.0625	4.5	23.875	23.1875	84.5625	35.8125	22.4375	-96.9375	-32.0625	12.6875
11:29:30.657079	-7.125	-2.5625	11.5	-1.3125	14.125	18.0625	90.75	28.5625	23.0625	-96.9375	-32.0625	12.6875
11:29:30.667195	-10.25	-5.625	15.4375	-7.625	1.375	11.625	96.75	17.5625	22.9375	-96.9375	-32.0625	12.6875
11:29:30.677268	-10.75	-12.125	15.125	-15.1875	-14.375	4.625	101.0625	13.1875	21.1875	-96.9375	-32.0625	12.6875
11:29:30.687343	-10.1875	-25.9375	10.5625	-26.4375	-28.8125	-1.4375	104.6875	21.875	19.125	-96.9375	-32.0625	12.6875
11:29:30.697413	-8.0625	-42.0625	4.1875	-39.3125	-42.1875	-6.375	111.0	34.375	18.0625	-96.9375	-32.0625	12.6875
11:29:30.707482	-5.3125	-50.5625	-2.3125	-53.625	-51.625	-10.9375	116.625	43.4375	16.4375	-96.9375	-32.0625	12.6875
11:29:30.717607	-5.3125	-50.5625	-2.3125	-68.6875	-59.0	-15.0	120.875	62.25	16.875	-121.0	-10.9375	70.4375
11:29:30.727711	-2.4375	-35.25	-8.0	-84.875	-62.5625	-18.5625	130.25	96.8125	18.25	-120.25	31.5	88.4375
11:29:30.738364	-1.6875	-17.9375	-6.125	-99.125	-64.9375	-21.4375	136.6875	134.0	21.8125	-145.0	31.9375	97.75
11:29:30.748429	-2.125	-3.0625	-3.25	-119.375	-55.0625	-28.9375	139.0	169.25	25.4375	-166.1875	39.75	96.0625
11:29:30.758529	-2.75	9.875	-1.875	-130.8125	-47.375	-34.25	137.4375	179.8125	25.3125	-195.5625	61.625	67.6875
11:29:30.768639	-4.0625	17.8125	-4.0625	-139.0	-2.0625	-39.25	122.6875	151.875	24.625	-233.125	28.1875	29.875
11:29:30.778712	-5.0625	22.5625	-6.8125	-143.0625	29.375	-49.0	101.5	87.6875	25.625	-301.875	-36.6875	11.875
11:29:30.788795	-6.1875	25.1875	-8.5625	-127.75	39.5	-58.8125	87.0	27.6875	24.5	-367.0	-51.25	14.125
11:29:30.799304	-7.5625	25.125	-8.3125	-105.8125	12.25	-64.3125	82.6875	-7.0	18.6875	-364.0	-116.4375	25.5625
11:29:30.809430	-8.5625	22.25	-6.75	-90.1875	-4.5	-66.0625	86.75	-17.8125	18.1875	-287.1875	-308.375	3.6875
11:29:30.819569	-9.1875	17.0	-4.0	-74.6875	-9.75	-64.25	88.4375	-0.6875	18.875	-65.5625	-177.25	-21.5
11:29:30.830343	-8.6875	11.8125	-0.75	-74.0625	-12.4375	-64.4375	85.25	10.625	14.125	92.375	277.625	28.125
11:29:30.840482	-7.125	6.4375	2.5	-80.0625	-12.0625	-63.8125	36.0625	0.5625	6.375	126.875	391.25	63.875
11:29:30.850547	-4.8125	1.9375	3.1875	-84.6875	-17.8125	-62.8125	9.875	-17.5625	4.375	43.625	-85.1875	-70.75
11:29:30.860653	-2.375	-3.0625	3.375	-91.0625	-28.625	-63.8125	-10.375	-37.9375	0.5	17.0	13.0	-45.1875
11:29:30.870745	-0.625	-8.25	3.5	-93.625	-37.375	-65.75	-29.0	-67.25	-6.1875	86.9375	174.875	-46.3125
11:29:30.881349	0.625	-10.5	2.125	-95.5	-48.0	-67.1875	-49.9375	-82.0	-14.9375	184.4375	142.625	-74.5625
11:29:30.891480	1.125	-10.625	0.3125	-93.3125	-59.0625	-68.625	-73.5625	-84.6875	-20.8125	235.0625	29.9375	-98.25
11:29:30.901549	1.375	-9.9375	-1.4375	-91.375	-68.0625	-68.625	-93.6875	-80.375	-23.875	219.6875	5.9375	-58.0
11:29:30.912035	2.25	-8.875	-3.8125	-82.6875	-74.75	-68.0	-114.9375	-62.8125	-22.4375	169.1875	29.5	-16.3125
11:29:30.922131	2.8125	-8.25	-5.4375	-75.9375	-77.3125	-67.5625	-135.3125	-45.375	-16.0	151.5625	19.5	-21.375
11:29:30.932201	3.3125	-8.4375	-5.875	-76.75	-79.5625	-64.0625	-153.8125	-50.3125	-11.125	192.4375	0.375	-13.3125
11:29:30.942313	3.75	-8.625	-5.125	-76.375	-80.75	-59.5	-169.4375	-65.9375	-11.3125	234.1875	-0.25	-6.125
11:29:30.952419	3.8125	-8.9375	-2.4375	-76.5	-80.375	-52.8125	-184.4375	-75.1875	-13.75	251.75	8.6875	-16.8125
11:29:30.962526	3.9375	-8.875	-2.0	-70.375	-79.5	-47.375	-199.25	-74.6875	-16.4375	253.75	31.4375	-30.0625
11:29:30.972602	3.9375	-9.5	-0.375	-58.75	-75.625	-44.625	-216.25	-58.25	-19.125	252.25	56.125	-25.0
11:29:30.982674	3.8125	-10.25	0.5	-49.6875	-64.3125	-43.125	-230.875	-30.75	-22.3125	242.0625	70.125	-15.125
11:29:30.992901	2.75	-10.6875	0.5	-40.5	-51.1875	-43.125	-240.0625	-2.9375	-25.375	242.0625	70.125	-15.125
11:29:31.003014	2.75	-11.75	0.4375	-31.875	-38.875	-42.25	-246.9375	23.875	-27.0	231.6875	98.9375	9.1875
11:29:31.013621	2.75	-11.75	0.4375	-25.5625	-26.625	-41.625	-252.0625	43.625	-28.1875	224.75	100.5	14.875
11:29:31.023687	0.125	-14.3125	-1.6875	-21.8125	-15.5	-41.25	-255.0	50.9375	-29.625	230.6875	97.8125	16.375
11:29:31.033855	-1.3125	-15.375	-2.25	-18.1875	-6.25	-41.1875	-255.0625	46.75	-32.8125	233.0	86.3125	19.5625
11:29:31.044204	-2.9375	-15.5625	-2.5	-14.8125	2.0	-41.125	-253.5	35.3125	-36.6875	228.1875	71.5625	21.4375
11:29:31.054301	-4.5	-14.875	-3.0625	-11.8125	6.625	-41.6875	-252.25	13.5625	-39.0625	230.0625	53.25	24.875
11:29:31.064469	-6.3125	-12.9375	-3.125	-9.3125	7.5	-40.9375	-250.25	-7.1875	-39.1875	222.375	37.75	27.25
11:29:31.074559	-7.6875	-10.0625	-2.6875	-4.5	5.0	-37.875	-245.8125	-20.0	-38.8125	222.375	37.75	27.25
11:29:31.084764	-8.6875	-6.5625	-1.375	-1.75	-2.375	-35.8125	-239.0	-23.875	-38.1875	230.3125	25.625	25.125
11:29:31.094904	-10.4375	-0.1875	3.5	0.875	-8.4375	-33.5	-233.125	-22.875	-37.375	226.5	26.9375	21.3125
11:29:31.105437	-10.8125	1.8125	6.3125	3.5	-9.6875	-31.25	-225.8125	-21.0625	-35.1875	212.0625	17.375	20.375
11:29:31.115512	-11.0	2.875	8.5	7.625	-11.625	-29.1875	-216.875	-21.8125	-31.375	204.4375	12.4375	15.75
11:29:31.125584	-10.25	2.8125	9.625	13.3125	-14.3125	-27.3125	-207.375	-23.9375	-27.0	199.4375	12.8125	8.125
11:29:31.135653	-8.75	2.375	10.375	16.0	-18.375	-26.25	-197.5	-24.1875	-23.4375	183.1875	2.8125	4.0
11:29:31.145735	-7.0625	1.875	11.0	19.4375	-25.6875	-24.25	-185.625	-23.75	-20.3125	172.5	2.375	3.125
11:29:31.155804	-5.1875	1.75	11.75	19.8125	-32.25	-21.6875	-172.4375	-22.5625	-17.5	164.375	8.125	0.5625
11:29:31.165874	-3.9375	1.1875	11.0	18.5	-34.125	-19.3125	-157.875	-22.6875	-15.25	149.625	3.9375	0.9375
11:29:31.175943	-3.0	0.25	10.125	16.375	-30.3125	-18.8125	-141.9375	-22.9375	-13.5625	140.25	7.4375	5.0625
11:29:31.186015	-2.8125	-0.75	9.5	16.25	-22.625	-18.0625	-121.6875	-24.5	-12.375	116.9375	-2.375	4.1875
11:29:31.196098	-2.125	-2.25	9.1875	16.9375	-14.625	-17.6875	-101.75	-26.3125	-11.0625	103.0	-6.3125	3.9375
11:29:31.206211	-1.9375	-3.625	9.0625	16.3125	-8.75	-17.5	-80.9375	-28.3125	-10.0625	82.9375	-8.1875	6.25
11:29:31.216278	-1.9375	-3.625	9.0625	14.625	-3.4375	-17.5	-59.5625	-26.4375	-9.6875	82.9375	-8.1875	6.25
11:29:31.226440	-2.75	-4.6875	8.75	11.5	-0.125	-16.375	-37.4375	-22.8125	-9.25	37.625	-13.1875	3.75
11:29:31.236530	-2.4375	-5.5625	7.75	8.0	-1.75	-15.0625	-15.375	-18.875	-8.5625	16.75	-15.0	3.625
11:29:31.246610	-1.0	-6.0625	7.0	3.375	-9.6875	-13.8125	5.4375	-17.1875	-7.875	-3.5	-19.25	3.4375
11:29:31.256681	0.0625	-6.0	6.4375	-0.5	-22.0625	-12.8125	24.125	-18.4375	-7.8125	-23.75	-19.625	3.4375
11:29:31.266755	-0.0625	-6.6875	3.125	-3.6875	-31.875	-11.625	41.875	-22.9375	-7.5625	-36.5	-18.625	1.625
11:29:31.276829	-0.1875	-6.6875	-1.1875	-4.8125	-37.0625	-9.375	57.25	-26.4375	-7.375	-41.4375	-26.8125	-9.625
11:29:31.286909	-0.3125	-6.1875	-4.6875	-3.125	-35.625	-6.4375	70.9375	-26.625	-7.0625	-71.8125	-55.125	-29.4375
11:29:31.297029	-0.0625	-5.75	-7.4375	0.0	-29.375	-2.5625	83.0625	-29.625	-6.3125	-105.6875	-67.6875	-42.9375
11:29:31.307102	-0.125	-5.3125	-8.25	5.0	-20.4375	1.625	94.1875	-33.0	-4.6875	-124.4375	-70.8125	-45.8125
11:29:31.317170	0.625	-3.875	-8.0625	14.125	-10.0625	6.1875	101.5	-28.5625	-3.25	-100.25	-45.125	-33.5625
11:29:31.327266	1.875	-1.125	-7.6875	27.625	-1.5625	12.8125	92.0625	-0.8125	-2.6875	-15.375	-68.0	-15.8125
11:29:31.337481	4.875	0.5	-3.6875	41.0625	8.625	20.125	58.6875	34.0	0.0	115.125	24.25	-14.4375
11:29:31.347935	8.0	1.0625	3.25	46.5	14.125	22.8125	31.875	-16.125	6.0	2.5625	98.9375	-54.6875
11:29:31.358001	10.125	2.875	7.625	44.4375	16.1875	21.9375	34.125	-67.5625	3.875	-125.125	-189.4375	-49.8125
11:29:31.368103	10.1875	7.25	7.5625	25.4375	34.0	19.5	53.375	-98.5	-7.1875	-151.125	-243.25	23.0625
11:29:31.378175	9.1875	15.125	4.1875	20.1875	33.5	18.5	66.625	-88.4375	-14.125	-163.5	24.25	94.625
11:29:31.388298	8.625	25.625	0.1875	12.375	28.375	14.75	66.0	-42.9375	-14.25	-187.3125	52.5	99.6875
11:29:31.398391	8.125	34.125	-2.5	14.75	35.375	15.5625	63.0	15.875	-8.3125	-173.0	-56.75	57.875
11:29:31.408997	7.9375	35.5	-3.25	26.625	50.1875	23.4375	61.375	64.25	-0.75	-80.4375	-41.25	52.0625
11:29:31.419064	8.1875	29.5	-1.875	35.125	65.0625	31.4375	57.5	68.4375	5.3125	-41.75	-6.125	45.875
11:29:31.429189	9.75	18.25	-0.1875	44.625	77.375	33.25	56.625	45.9375	6.125	11.0	-9.0625	13.25
11:29:31.439805	11.25	5.6875	0.125	55.5625	86.3125	29.125	58.5625	2.8125	0.5	50.0	0.5625	0.625
11:29:31.449931	12.0625	-3.625	-1.6875	63.8125	88.875	24.3125	54.8125	-32.8125	-8.375	-0.625	10.1875	3.5625
11:29:31.460043	12.375	-9.1875	-4.8125	69.6875	82.1875	23.5625	48.4375	-40.75	-16.375	-86.875	-39.0625	-9.875
11:29:31.470155	12.625	-11.375	-8.625	72.8125	68.75	25.6875	46.0625	-24.1875	-19.75	-89.875	-8.6875	14.8125
11:29:31.480280	13.0	-12.125	-11.25	68.6875	41.5625	29.0	44.6875	5.0	-17.0625	-54.375	1.625	15.3125
11:29:31.490958	13.4375	-12.8125	-11.5625	59.125	8.4375	31.9375	42.8125	28.6875	-11.0625	-18.9375	-5.3125	0.9375
11:29:31.501062	13.25	-12.8125	-9.625	48.0	-19.0625	34.0	42.9375	27.3125	-6.0625	14.0625	9.25	2.0
11:29:31.511174	12.5625	-12.4375	-7.0	38.375	-36.375	33.375	39.75	8.5625	-6.5	14.5	9.875	-0.4375
11:29:31.521268	11.375	-11.4375	-4.0625	29.25	-41.875	30.9375	36.4375	-16.75	-7.3125	-19.1875	-6.5625	0.875
11:29:31.531859	10.4375	-9.0625	-2.3125	21.375	-38.25	27.1875	37.125	-35.875	-8.0	-51.9375	-21.0625	5.1875
11:29:31.541996	9.4375	-5.25	-1.4375	30.0	-26.0	25.5625	38.75	-35.0	-6.8125	-44.9375	-18.1875	16.6875
11:29:31.552110	7.625	-0.6875	-0.0625	49.6875	-4.5	23.375	38.125	-19.75	-4.75	-30.1875	-14.1875	19.625
11:29:31.562761	5.5	4.0625	1.125	55.0	13.25	22.5	36.625	0.25	-3.4375	-9.6875	-4.4375	1.25
11:29:31.572827	3.125	7.6875	3.1875	61.0	32.9375	22.3125	37.6875	17.875	-2.8125	-6.0625	9.1875	-10.25
11:29:31.582896	1.5625	9.6875	4.625	59.875	47.4375	24.875	40.0	29.6875	-2.3125	-18.125	11.8125	-11.875
11:29:31.593001	0.8125	10.25	4.125	57.1875	58.5	26.4375	39.4375	39.0	-1.5	-30.5625	11.75	-9.8125
11:29:31.603123	0.0625	9.5	2.4375	53.8125	67.0	26.0	37.4375	41.4375	-0.4375	-45.5625	2.5625	-9.5625
11:29:31.613240	-0.6875	8.8125	0.4375	51.9375	73.125	24.125	40.0	44.75	0.6875	-47.9375	2.4375	-3.3125
11:29:31.623406	-1.625	8.75	-1.25	52.625	81.4375	23.125	41.8125	45.8125	3.4375	-41.75	3.6875	4.9375
11:29:31.633495	-2.5	9.1875	-2.9375	50.125	85.75	22.625	40.875	41.375	6.0	-29.3125	-0.625	3.1875
11:29:31.644120	-3.25	10.25	-4.625	46.6875	86.9375	22.5	41.1875	28.25	7.375	-23.6875	-2.9375	-3.0625
11:29:31.654260	-4.375	11.1875	-5.25	42.9375	84.0	23.0	43.625	12.625	7.5625	-23.0625	0.3125	-4.3125
11:29:31.664331	-5.0	12.6875	-5.125	41.625	74.875	25.5625	44.375	7.5625	6.5625	-32.4375	-2.8125	-4.9375
11:29:31.674398	-5.25	14.0625	-6.5	40.9375	61.375	25.375	42.625	9.875	6.0625	-40.8125	-5.5625	-8.375
11:29:31.684486	-6.4375	15.0625	-4.625	36.875	50.5625	23.0	42.0625	7.5	6.125	-40.75	-0.5	-8.625
11:29:31.694574	-6.5	16.5625	-2.375	38.1875	36.875	23.875	43.25	8.875	6.0	-43.8125	2.5	-4.625
11:29:31.704656	-6.4375	17.75	-0.5625	39.5	27.6875	25.125	44.0	16.4375	5.8125	-36.0	6.0	-3.1875
11:29:31.714725	-5.9375	18.25	0.375	40.8125	20.8125	26.5625	41.6875	14.6875	6.125	-30.125	7.25	-12.0625
11:29:31.724799	-5.625	17.6875	0.875	40.3125	15.1875	26.625	41.1875	-1.4375	6.4375	-33.125	9.4375	-8.875
11:29:31.734878	-4.6875	15.875	0.3125	39.25	9.25	25.6875	41.8125	-17.3125	6.375	-38.25	0.75	-0.5
11:29:31.744949	-3.25	13.375	-0.875	36.25	5.25	23.875	41.5	-23.3125	6.0	-32.375	-1.75	4.625
11:29:31.755035	-1.9375	10.6875	-2.3125	31.5625	2.1875	21.75	40.875	-31.125	5.375	-39.0625	-7.0625	1.0
11:29:31.765118	-0.6875	7.75	-3.0625	29.375	1.0625	20.5625	43.8125	-37.25	3.9375	-40.0	-0.5625	2.875
11:29:31.775191	0.3125	5.375	-3.9375	27.3125	1.8125	20.0	47.25	-34.375	1.75	-38.4375	7.0	3.0625
11:29:31.785264	1.4375	3.5625	-4.4375	27.0625	5.8125	20.625	46.8125	-24.0625	1.6875	-29.3125	-1.9375	-3.125
11:29:31.795334	2.9375	0.5625	-3.0	28.5625	11.0	21.3125	48.125	-22.625	0.5625	-42.1875	-4.125	-1.375
11:29:31.805409	3.5	0.0625	-1.6875	29.4375	16.875	22.3125	50.625	-19.875	-1.0	-47.6875	13.0	3.5625
11:29:31.815507	3.625	0.25	-0.375	30.125	22.3125	23.5	52.4375	-15.3125	-0.375	-46.25	18.25	1.0625
11:29:31.825580	3.375	1.5	0.9375	29.1875	32.25	24.5625	52.75	-11.25	0.5	-27.0625	4.75	-1.25
11:29:31.835673	2.875	3.375	1.75	29.4375	36.8125	26.8125	51.75	-10.125	0.1875	-35.75	1.4375	-0.4375
11:29:31.845745	2.3125	5.4375	3.0625	28.125	36.9375	28.5625	56.0625	-3.125	-0.0625	-40.125	8.4375	1.25
11:29:31.856509	1.3125	6.375	3.6875	26.9375	32.5	29.3125	59.0	3.4375	1.875	-33.4375	11.0625	3.125
11:29:31.866576	0.0625	6.75	3.5625	27.375	26.5	30.5	54.6875	5.3125	2.875	-22.8125	-1.75	-1.1875
11:29:31.876670	-0.75	6.875	3.375	28.8125	21.9375	31.8125	53.0625	3.875	1.75	-32.5	-2.125	-5.625
11:29:31.886790	-1.625	7.5625	2.875	28.625	25.3125	32.8125	56.6875	4.0625	1.5625	-44.5625	12.8125	-3.0
11:29:31.896900	-2.0625	9.0	3.0625	29.625	29.25	33.1875	56.0	8.6875	3.6875	-35.625	10.875	-1.6875
11:29:31.907062	-2.125	9.9375	2.9375	32.75	28.75	34.5625	51.8125	12.75	4.5	-31.5625	-15.625	1.4375
11:29:31.917133	-1.875	11.125	3.1875	34.5	29.75	35.375	50.5	15.1875	3.125	-50.625	-47.75	28.5625
11:29:31.927243	-1.1875	12.1875	3.25	33.5	30.3125	36.25	52.25	21.625	3.875	-60.125	-6.8125	32.0625
11:29:31.937764	-1.125	12.9375	3.625	31.6875	33.75	34.625	50.5	33.1875	6.0	-57.75	8.5625	6.5
11:29:31.947863	-1.4375	13.8125	4.0625	31.875	33.75	35.5	49.125	38.875	7.8125	-59.6875	-18.875	0.8125
11:29:31.957999	-1.3125	12.9375	3.8125	30.6875	33.375	38.6875	51.8125	34.875	8.25	-68.375	-1.125	9.0
11:29:31.968069	-1.8125	10.3125	2.8125	24.0625	33.0	39.625	54.6875	32.1875	11.1875	-69.625	-1.875	5.9375
11:29:31.978696	-2.3125	8.625	1.9375	19.0625	30.75	39.1875	54.9375	31.25	14.0625	-64.125	-26.875	4.4375
11:29:31.988927	-2.5	7.25	0.8125	16.625	26.4375	40.125	56.75	27.4375	15.4375	-69.375	-35.3125	5.4375
11:29:31.999014	-2.625	4.5	-0.0625	14.0	24.6875	39.0	62.4375	24.0625	16.4375	-80.125	-29.5625	7.3125
11:29:32.009155	-2.9375	2.25	-0.1875	13.4375	23.3125	36.25	66.5625	22.3125	17.875	-83.3125	-36.125	5.8125
11:29:32.019823	-3.0	1.0625	0.625	13.1875	23.3125	33.625	68.4375	22.875	18.8125	-77.8125	-46.25	6.5
11:29:32.029946	-2.8125	0.8125	2.3125	11.125	23.6875	31.5	70.8125	24.625	18.75	-99.8125	-35.625	9.5
11:29:32.040060	-2.375	0.4375	4.5	8.25	23.25	29.125	77.1875	26.125	19.3125	-102.4375	-37.4375	11.3125
11:29:32.050187	-2.375	-0.875	6.75	6.3125	21.3125	25.75	82.25	29.625	20.375	-91.9375	-32.9375	11.1875
11:29:32.060305	-4.0	-2.375	10.0	3.4375	17.8125	22.1875	83.75	33.875	22.25	-103.3125	-19.75	9.0625
11:29:32.070952	-8.0625	-2.6875	15.0625	-2.6875	11.125	17.625	86.5	37.375	23.8125	-117.625	-47.9375	9.1875
11:29:32.081025	-11.75	-2.5625	19.125	-12.4375	-0.4375	10.625	95.8125	35.0625	24.625	-112.6875	-77.8125	13.25
11:29:32.091132	-15.125	-6.0	18.8125	-20.625	-11.6875	3.75	105.5625	17.75	22.75	-110.5	-23.625	29.75
11:29:32.101218	-17.3125	-14.5625	15.0	-32.9375	-18.75	-2.9375	113.8125	23.6875	19.9375	-126.375	-6.625	27.125
11:29:32.111399	-17.1875	-25.75	9.0	-49.625	-25.625	-9.75	122.375	31.5625	19.375	-142.8125	-57.1875	34.3125
11:29:32.122086	-15.4375	-38.125	1.125	-66.375	-40.0	-17.3125	126.8125	43.4375	18.9375	-137.5	-58.8125	51.0625
11:29:32.132180	-12.625	-44.9375	-5.4375	-81.5625	-57.9375	-24.75	135.4375	75.0625	19.75	-123.125	1.875	70.875
11:29:32.142299	-9.3125	-41.0625	-8.375	-97.0625	-72.625	-30.5	145.1875	111.75	23.25	-135.8125	53.3125	93.3125
11:29:32.152890	-7.5	-30.1875	-8.0	-110.6875	-80.4375	-34.75	150.1875	146.3125	27.5625	-165.25	35.1875	90.5
11:29:32.163002	-6.5625	-15.4375	-5.0	-122.125	-83.8125	-34.8125	145.5625	144.1875	28.625	-188.3125	18.75	66.8125
11:29:32.173132	-6.125	-1.1875	-4.25	-131.875	-71.1875	-42.5	132.75	103.6875	28.1875	-226.9375	-19.125	32.375
11:29:32.183256	-5.9375	10.5	-5.5625	-144.0	-51.0625	-45.75	114.5	45.625	30.6875	-288.8125	-77.1875	18.0625
11:29:32.193492	-6.875	17.75	-7.5625	-149.6875	-5.0625	-53.375	100.0	-6.875	30.625	-339.8125	-89.625	10.0625
11:29:32.203932	-8.75	21.3125	-8.3125	-142.625	25.3125	-64.375	96.6875	-32.3125	26.1875	-346.3125	-66.625	10.625
11:29:32.214013	-11.125	22.5	-6.6875	-124.25	24.9375	-72.625	94.0	-34.375	24.75	-276.3125	-210.25	-14.0
11:29:32.224122	-13.0625	20.625	-4.6875	-103.5	28.125	-75.875	88.1875	-27.0	26.375	-142.875	-289.1875	-33.875
11:29:32.234195	-13.6875	15.9375	-2.0625	-80.375	17.375	-74.0	81.0625	-14.1875	21.5	21.0625	58.8125	-27.8125
11:29:32.244269	-12.625	10.25	0.5	-67.5625	6.5625	-74.4375	69.8125	-4.8125	17.3125	85.5625	320.8125	49.9375
11:29:32.254343	-9.9375	3.8125	3.25	-66.1875	-11.5625	-71.25	41.25	-13.5	12.0625	85.5625	188.25	4.25
11:29:32.264424	-6.4375	-3.125	4.3125	-73.375	-16.9375	-69.5	11.625	-23.125	9.125	25.75	-14.3125	-71.1875
11:29:32.274860	-3.125	-9.8125	4.75	-82.6875	-28.0	-67.5	-10.9375	-30.5625	5.625	7.875	9.8125	-61.0625
11:29:32.284927	-0.375	-15.0	2.8125	-90.0625	-32.5	-68.0	-29.1875	-45.9375	-0.8125	75.25	135.0	-47.0
11:29:32.295003	0.8125	-18.6875	1.125	-97.0	-46.375	-69.3125	-49.5625	-56.6875	-8.625	169.0	131.875	-70.0
11:29:32.305080	1.625	-19.25	-2.125	-101.3125	-61.9375	-71.8125	-71.8125	-56.75	-14.8125	219.8125	69.875	-92.5625
11:29:32.315163	1.9375	-18.375	-4.0625	-100.4375	-77.125	-73.6875	-95.1875	-52.625	-18.4375	218.3125	43.25	-65.0
11:29:32.325235	2.125	-17.5625	-6.3125	-94.9375	-90.0625	-74.5625	-116.0625	-46.25	-17.0	170.5	45.0625	-23.5
11:29:32.335315	3.125	-17.25	-7.75	-88.375	-98.0	-72.6875	-136.5	-45.1875	-11.5625	150.9375	43.0625	-24.375
11:29:32.345399	4.125	-16.9375	-8.0625	-81.875	-97.3125	-69.625	-155.5	-51.6875	-9.8125	226.625	24.1875	-11.9375
11:29:32.355465	5.125	-16.875	-7.25	-78.375	-95.4375	-64.0625	-171.375	-59.5	-13.25	249.6875	37.4375	-15.0
11:29:32.365544	5.9375	-17.0625	-5.0625	-76.875	-86.25	-58.3125	-186.6875	-64.6875	-16.9375	253.375	62.4375	-24.375
11:29:32.375614	6.5625	-16.25	-4.75	-75.3125	-79.5	-51.3125	-202.6875	-57.9375	-19.25	249.5625	82.75	-20.8125
11:29:32.385690	7.5625	-16.875	-3.75	-64.375	-77.375	-46.625	-219.1875	-42.8125	-21.1875	240.1875	86.9375	-13.875
11:29:32.395775	7.5625	-18.125	-3.0625	-50.1875	-71.8125	-42.8125	-230.875	-25.5625	-23.4375	230.25	90.125	-3.4375
11:29:32.405847	7.25	-18.875	-3.0625	-43.5	-64.375	-41.4375	-239.8125	2.0625	-24.375	226.875	97.5	7.6875
11:29:32.415930	7.6875	-19.375	-3.0625	-34.75	-52.5	-41.125	-246.375	33.5	-24.375	226.0	97.5625	7.5
11:29:32.426032	5.9375	-19.5	-4.0	-29.5625	-45.5625	-39.3125	-251.3125	54.6875	-24.375	234.125	92.75	8.0
11:29:32.436103	5.9375	-19.5	-4.0	-28.375	-35.375	-39.8125	-253.5625	54.4375	-26.375	242.1875	80.75	12.125
11:29:32.446172	4.8125	-18.625	-3.25	-29.875	-27.4375	-40.5	-253.625	38.625	-29.8125	238.5	65.3125	13.1875
11:29:32.456246	3.25	-17.125	-2.875	-27.875	-19.8125	-42.125	-252.0625	12.875	-32.6875	237.5625	50.4375	16.375
11:29:32.466362	1.375	-14.875	-2.4375	-23.75	-10.6875	-43.625	-251.5	-13.125	-33.0625	229.5	31.4375	16.875
11:29:32.476432	-1.875	-8.75	-0.6875	-15.5625	-3.1875	-42.75	-251.5	-31.0625	-32.0	209.375	19.875	20.3125
11:29:32.486554	-3.5	-5.125	0.125	-8.9375	5.0	-41.5625	-247.1875	-36.75	-30.75	213.1875	14.6875	22.125
11:29:32.496647	-4.5625	-2.5	0.75	-2.25	8.375	-39.75	-240.625	-33.0625	-29.9375	222.375	15.375	18.5625
11:29:32.506720	-5.25	-0.5625	1.8125	1.4375	5.4375	-37.4375	-234.0625	-23.5	-28.9375	213.375	16.75	17.375
11:29:32.517529	-5.75	-0.25	2.125	4.875	1.875	-33.5	-226.75	-12.125	-27.6875	199.0625	18.0625	17.75
11:29:32.528165	-5.8125	-1.0625	3.0625	7.3125	0.8125	-30.125	-218.25	-6.3125	-26.5625	192.6875	19.3125	13.4375
11:29:32.538282	-5.3125	-2.625	4.0	11.4375	-2.125	-26.875	-208.5625	-6.8125	-25.5625	180.0625	16.875	7.5
11:29:32.548397	-4.5625	-4.125	5.1875	15.0	-8.3125	-23.5625	-198.375	-11.3125	-24.0	163.25	19.375	8.1875
11:29:32.558540	-3.75	-5.0	6.5	18.3125	-14.125	-21.125	-188.0625	-18.1875	-22.1875	150.75	17.375	9.1875
11:29:32.568707	-3.0	-5.5	8.0	18.1875	-22.1875	-19.4375	-174.25	-24.375	-19.875	146.6875	13.3125	6.5
11:29:32.578827	-2.0	-5.0	9.1875	16.5	-31.9375	-16.0625	-158.875	-28.1875	-17.1875	136.0625	11.5	6.25
11:29:32.589379	-1.125	-3.9375	10.1875	14.25	-35.4375	-13.3125	-143.875	-30.5	-14.25	120.1875	3.0	5.375
11:29:32.599475	-0.625	-3.0	11.1875	13.625	-20.1875	-9.4375	-126.125	-29.0	-11.9375	108.125	-1.5625	2.625
11:29:32.609604	-0.5	-2.125	11.75	16.5625	-7.0625	-8.9375	-106.1875	-23.0	-10.25	91.1875	-9.0	-2.1875
11:29:32.620227	-0.5	-1.5625	12.4375	19.375	2.375	-9.5625	-88.1875	-19.9375	-8.375	76.625	-20.4375	-5.8125
11:29:32.630352	-0.5	-1.4375	12.875	21.4375	12.75	-10.25	-69.3125	-21.0	-6.5	40.9375	-26.8125	-4.5
11:29:32.640459	-0.6875	-1.5625	12.8125	21.4375	12.75	-10.25	-32.8125	-26.625	-4.1875	24.1875	-24.3125	-3.375
11:29:32.650564	-0.875	-1.6875	12.375	12.6875	5.0625	-9.0	-32.8125	-26.625	-4.1875	9.0625	-17.75	-2.0
11:29:32.660639	-0.75	-1.625	11.4375	5.625	-5.4375	-8.125	20.0625	-21.375	-4.3125	-8.625	-17.0	-1.5
11:29:32.671289	-0.125	-0.75	9.5625	0.9375	-14.9375	-6.1875	20.0625	-21.375	-4.3125	-22.1875	-11.5	-2.5625
11:29:32.681494	0.5625	-0.5	6.875	1.25	-18.9375	-4.625	35.75	-15.1875	-4.5625	-32.6875	-7.9375	-4.0
11:29:32.691625	1.25	-0.3125	2.8125	5.25	-18.625	-2.875	35.75	-15.1875	-4.5625	-44.875	-11.25	-3.4375
11:29:32.702164	1.875	0.3125	-0.0625	9.125	-16.0	-0.4375	72.0625	-5.875	-5.375	-51.375	-22.0	-7.875
11:29:32.712254	1.6875	-0.1875	-3.5625	11.4375	-11.75	2.625	81.625	-8.125	-6.1875	-101.625	-63.5	-20.25
11:29:32.722372	1.5	-0.0625	-5.6875	15.3125	-8.875	6.1875	90.4375	-12.375	-6.8125	-116.1875	-40.25	-21.25
11:29:32.732876	1.1875	0.5	-6.0	19.25	-6.375	10.5	94.5625	-7.9375	-6.3125	-89.625	-3.875	-12.875
11:29:32.743074	1.1875	1.4375	-5.1875	29.4375	-2.25	14.875	80.0	27.125	-6.3125	-20.4375	-68.0625	-12.4375
11:29:32.753167	1.625	3.625	-3.875	45.375	8.625	20.6875	44.75	70.1875	-3.8125	133.5625	-8.25	-10.5625
11:29:32.763242	3.0625	6.375	-1.4375	53.5625	24.4375	26.3125	17.1875	21.0	0.375	25.9375	167.1875	-52.75
11:29:32.773325	6.0625	7.625	3.875	49.75	26.0	29.125	22.5625	-35.6875	-1.9375	-147.75	-56.3125	-57.0625
11:29:32.783440	9.0	7.875	8.5625	39.25	22.375	29.1875	47.5625	-79.625	-12.25	-168.0625	-269.8125	-5.125
11:29:32.794033	10.25	10.0625	8.6875	36.5625	31.5625	24.5625	64.0	-78.5625	-17.9375	-183.5625	-61.1875	81.375
11:29:32.804142	9.875	14.875	5.0	28.1875	29.0625	14.9375	62.5	-41.8125	-16.125	-198.1875	66.3125	99.5
11:29:32.814228	8.8125	22.75	0.3125	15.8125	25.0625	6.25	57.8125	7.375	-7.375	-168.0	-14.0625	60.125
11:29:32.824311	8.375	31.5	-3.5	19.0	39.9375	7.125	56.5	38.25	0.1875	-77.5	-82.875	47.5
11:29:32.834382	7.875	35.8125	-5.4375	34.875	59.75	20.0	56.6875	34.0625	4.75	-51.3125	-53.0	55.625
11:29:32.844451	7.25	32.625	-4.8125	39.5625	69.25	32.6875	58.375	8.1875	4.375	4.9375	-13.0	27.4375
11:29:32.854555	8.1875	23.625	-2.6875	43.8125	75.75	36.9375	55.4375	-30.5	-0.3125	66.375	30.0625	3.9375
11:29:32.864624	9.6875	11.1875	-1.0	49.5	73.9375	35.25	50.375	-51.25	-8.9375	25.0625	12.8125	0.8125
11:29:32.874703	10.9375	-0.25	-2.1875	58.125	72.375	31.75	48.4375	-36.5625	-18.25	-54.1875	-58.4375	-12.875
11:29:32.884774	11.4375	-8.0625	-5.5	64.375	68.25	30.75	44.0	-2.125	-21.375	-77.375	-37.125	-12.0625
11:29:32.894847	11.5	-12.5	-9.1875	68.9375	54.625	30.75	38.625	31.625	-17.5625	-72.125	9.3125	14.25
11:29:32.904955	11.625	-14.75	-12.0	68.1875	31.25	32.0625	39.625	45.125	-11.8125	-81.125	-18.9375	14.875
11:29:32.915071	11.6875	-16.0625	-12.5625	61.5	3.375	33.4375	42.4375	42.875	-8.0	-42.5625	-3.625	8.375
11:29:32.925187	11.8125	-16.4375	-11.5	51.9375	-20.6875	34.25	39.5625	31.6875	-6.4375	5.4375	26.375	13.6875
11:29:32.935250	11.0	-16.3125	-8.875	41.875	-35.3125	33.25	34.5625	12.625	-6.75	7.25	8.75	-0.75
11:29:32.945381	9.9375	-14.875	-6.0625	33.75	-38.875	31.8125	34.6875	-9.125	-7.9375	-15.6875	-4.75	-3.4375
11:29:32.955486	8.375	-13.125	-3.375	26.5625	-32.0625	30.0	36.4375	-26.1875	-7.9375	-37.625	-10.25	3.8125
11:29:32.965559	7.3125	-9.1875	-2.4375	30.25	-19.375	29.1875	36.1875	-23.75	-6.0625	-31.9375	-16.0	10.875
11:29:32.975639	6.0	-3.875	-1.125	46.875	-4.375	28.125	34.75	-13.3125	-3.75	-21.1875	-12.625	13.6875
11:29:32.985705	4.6875	1.625	-0.3125	50.1875	13.5	25.75	35.75	2.8125	-2.5625	-14.0	-9.25	10.25
11:29:32.995778	3.375	6.4375	0.375	58.5625	32.875	23.875	37.25	19.25	-1.5	-5.375	3.75	-0.1875
11:29:33.005852	1.75	9.375	2.0625	60.3125	43.625	26.0625	36.375	33.9375	-1.125	-11.25	10.0625	-9.0
11:29:33.015924	0.875	10.75	2.1875	59.4375	51.9375	27.1875	35.5	43.1875	-0.6875	-32.625	12.75	-14.875
11:29:33.026371	-0.5	9.4375	-1.25	57.5	57.1875	25.5	36.0625	44.8125	0.5	-46.75	7.5625	-10.5
11:29:33.036441	-0.9375	8.1875	-3.375	56.0625	62.375	23.625	37.125	46.5625	2.0625	-53.5	-0.75	-3.0
11:29:33.046934	-1.375	6.625	-4.8125	54.4375	69.4375	21.625	37.0	46.4375	4.1875	-37.75	1.375	-0.5
11:29:33.057111	-1.875	5.8125	-6.0	51.0625	73.6875	22.5	37.1875	39.5625	6.3125	-25.5	0.5625	-6.125
11:29:33.067230	-2.375	5.6875	-6.4375	47.5625	73.6875	24.3125	40.3125	26.0625	7.125	-26.3125	2.4375	-5.9375
11:29:33.077945	-2.8125	6.3125	-5.9375	43.125	72.75	26.3125	42.5625	15.375	7.0625	-28.3125	3.6875	-3.75
11:29:33.088584	-2.75	7.875	-5.875	41.1875	65.25	27.6875	41.875	10.0625	6.375	-28.375	-0.3125	-11.0625
11:29:33.098797	-3.625	9.5	-4.5625	37.5	58.25	24.5625	43.1875	7.5	5.75	-34.5625	-0.0625	-13.5625
11:29:33.108868	-3.9375	11.125	-3.375	33.75	32.1875	24.5625	44.3125	9.375	6.0	-39.875	-0.25	-6.5
11:29:33.119124	-3.9375	12.4375	-1.5	34.125	23.625	23.1875	44.8125	12.8125	6.8125	-39.9375	0.875	0.125
11:29:33.129673	-3.4375	12.9375	-0.5625	35.0625	13.4375	22.625	43.625	4.125	7.5	-38.75	-1.75	-9.3125
11:29:33.139791	-3.125	12.8125	-0.125	38.375	7.4375	21.4375	44.0	-13.3125	7.1875	-41.125	1.375	-10.6875
11:29:33.149865	-2.5625	11.3125	0.0625	38.8125	3.8125	19.875	45.5	-26.625	6.0	-42.875	5.9375	-5.0625
11:29:33.160005	-1.875	9.125	-0.25	38.25	0.4375	18.1875	44.0625	-32.25	4.75	-32.5625	2.625	-5.25
11:29:33.170212	-0.875	6.5	-0.375	37.625	-0.6875	18.1875	42.6875	-36.0625	4.375	-42.0625	0.5625	-8.3125
11:29:33.180314	0.3125	3.5	-0.6875	36.4375	-0.3125	19.375	44.375	-30.1875	3.625	-42.625	10.1875	-4.0625
11:29:33.190402	1.4375	-0.3125	-0.4375	33.9375	0.5	21.4375	46.5625	-18.0625	3.6875	-28.875	4.25	-3.6875
11:29:33.200495	3.125	-3.5625	-0.5	31.4375	4.75	23.8125	44.875	-15.9375	4.75	-38.375	-2.625	1.5625
11:29:33.211081	4.25	-6.125	-0.125	29.6875	7.75	25.6875	43.5	-20.625	3.75	-45.0625	3.875	7.0625
11:29:33.221207	5.5625	-7.625	-0.125	29.25	13.0	27.8125	48.1875	-14.6875	1.5625	-46.3125	13.375	3.4375
11:29:33.231343	6.1875	-8.0	0.125	27.875	19.0625	28.9375	47.25	-12.875	0.75	-27.4375	2.9375	-1.8125
11:29:33.241438	6.75	-7.0625	0.0625	28.5625	25.625	29.5625	46.5625	-11.125	-0.6875	-36.3125	2.5625	-2.5625
11:29:33.252055	7.1875	-5.0625	0.125	30.0625	30.375	29.625	51.1875	-6.0	-0.5	-46.0	14.8125	-2.5625
11:29:33.262177	7.25	-2.8125	0.25	31.25	32.4375	30.3125	54.875	-3.9375	1.5625	-39.375	16.0625	-2.0
11:29:33.272276	7.125	-0.75	0.625	31.875	32.75	30.0	53.125	-6.5	2.375	-24.0	-0.25	-3.0625
11:29:33.282352	6.6875	1.0625	0.4375	32.875	27.6875	30.1875	54.25	-5.125	1.0625	-31.75	-3.3125	-2.5
11:29:33.292421	6.4375	2.5625	0.9375	32.5625	25.1875	30.5	58.5	-2.8125	1.625	-43.3125	8.0	0.875
11:29:33.302507	6.1875	3.9375	1.75	31.5	24.875	30.6875	57.8125	2.0625	3.125	-34.4375	10.0	1.8125
11:29:33.312607	5.875	5.75	3.0625	31.3125	26.625	31.125	55.25	6.375	3.25	-28.4375	-5.4375	1.25
11:29:33.322716	5.625	7.625	3.9375	32.25	27.8125	32.75	56.1875	9.4375	2.3125	-38.1875	-21.375	17.25
11:29:33.332845	5.4375	9.4375	4.625	31.6875	30.9375	32.5625	57.1875	14.875	2.5625	-58.4375	-28.4375	34.1875
11:29:33.342912	5.0625	10.875	5.5625	29.3125	30.875	33.625	54.375	22.125	4.3125	-51.0625	6.25	17.6875
11:29:33.353002	4.375	11.0	6.25	29.3125	29.5	35.125	54.25	26.8125	5.4375	-55.3125	-15.8125	1.6875
11:29:33.363385	4.9375	11.25	8.0	28.8125	29.6875	36.125	57.75	27.5	6.5	-68.375	-2.75	5.875
11:29:33.374108	4.9375	7.5625	7.5625	25.0	27.4375	35.375	59.875	26.625	9.4375	-70.625	1.3125	3.75
11:29:33.384746	4.5	4.3125	6.0	22.8125	21.375	34.1875	59.625	21.625	12.5625	-61.9375	-30.5	2.625
11:29:33.394851	3.625	-0.0625	3.375	20.875	17.125	34.75	61.5625	17.0625	13.0625	-67.4375	-36.3125	4.5
11:29:33.404953	2.9375	-2.375	2.1875	18.5	16.4375	37.1875	66.0625	14.125	14.6875	-76.0	-30.5	4.9375
11:29:33.415627	2.375	-4.375	1.6875	15.4375	17.875	37.6875	68.6875	16.1875	16.3125	-80.625	-40.8125	4.3125
11:29:33.425699	2.0	-5.5625	2.25	15.0	19.9375	35.625	70.0625	18.5	17.0625	-76.3125	-48.25	7.125
11:29:33.435784	1.5625	-5.6875	2.8125	15.1875	23.5	33.125	73.0625	22.5	16.75	-87.0625	-40.625	7.875
11:29:33.445879	1.1875	-5.5625	3.0	14.125	27.0625	31.375	78.25	26.9375	18.3125	-96.8125	-34.5	8.875
11:29:33.455946	-0.25	-4.8125	4.375	11.875	28.3125	28.5	80.625	33.6875	20.5625	-96.6875	-34.5625	10.125
11:29:33.466066	-4.0	-3.0	7.1875	9.0	25.5	24.6875	82.3125	33.4375	22.875	-93.8125	-34.5	7.0625
11:29:33.476139	-8.25	-1.875	10.5	4.25	17.3125	19.5625	87.8125	25.75	22.5	-101.5625	-62.1875	2.1875
11:29:33.486254	-10.9375	-4.75	12.8125	-1.0625	6.3125	12.5625	94.8125	16.25	21.6875	-113.625	-65.3125	18.5
11:29:33.496323	-11.4375	-10.8125	12.1875	-8.625	-4.3125	5.0625	101.0625	17.125	20.0625	-117.8125	-25.3125	28.125
11:29:33.506425	-10.0625	-20.625	8.8125	-19.4375	-18.625	-1.75	105.5	24.8125	18.75	-109.0625	-18.125	16.25
11:29:33.516503	-7.5625	-32.875	3.25	-31.375	-27.8125	-7.0	110.5625	35.1875	17.375	-125.5625	-51.375	20.4375
11:29:33.526576	-4.8125	-41.1875	-1.9375	-44.0625	-33.8125	-10.8125	118.5	43.1875	15.125	-144.25	-55.1875	41.25
11:29:33.536660	-3.125	-39.0625	-4.8125	-57.9375	-37.9375	-14.5	123.1875	52.375	13.8125	-136.1875	-25.0	57.5625
11:29:33.546747	-2.1875	-28.625	-4.8125	-72.5	-40.9375	-19.0625	128.625	71.625	14.625	-128.6875	-6.0	70.625
11:29:33.556834	-1.75	-15.5625	-3.125	-88.5625	-45.0625	-22.0	139.125	108.9375	17.125	-128.375	25.5625	87.125
11:29:33.566919	-0.9375	-2.3125	-1.125	-102.875	-47.75	-24.5	145.25	149.4375	22.9375	-149.25	33.5625	98.625
11:29:33.577043	-0.75	7.5	-1.25	-115.8125	-52.5625	-27.0625	144.5625	175.1875	25.875	-173.9375	38.0	93.5
11:29:33.587122	-1.75	13.625	-4.125	-123.6875	-42.5	-32.4375	138.125	163.375	24.6875	-199.6875	47.9375	56.0625
11:29:33.597760	-3.25	18.375	-7.5625	-133.3125	-34.0625	-38.375	119.0	105.125	25.4375	-243.75	2.5625	28.1875
11:29:33.607876	-4.5625	22.3125	-10.375	-142.0625	1.5625	-39.9375	107.4375	42.875	25.6875	-309.3125	-65.9375	16.9375
11:29:33.617966	-6.375	24.8125	-11.5625	-150.625	25.375	-48.75	101.1875	11.625	19.6875	-342.9375	-62.1875	24.4375
11:29:33.628109	-8.6875	23.625	-10.9375	-137.875	32.8125	-57.875	93.6875	8.25	15.6875	-337.0	-108.1875	29.375
11:29:33.638777	-10.625	19.1875	-9.1875	-117.3125	5.4375	-63.75	91.8125	-2.625	17.9375	-281.125	-255.5	3.6875
11:29:33.648880	-11.625	12.875	-6.3125	-83.8125	-6.8125	-64.75	89.25	0.625	16.125	-118.125	-174.8125	-15.1875
11:29:33.659029	-11.5625	7.4375	-3.4375	-79.4375	-6.3125	-64.875	82.3125	6.625	11.8125	64.375	218.375	12.3125
11:29:33.669557	-9.875	2.375	-1.0625	-79.1875	-15.5	-62.8125	63.125	5.6875	8.3125	132.125	324.3125	50.3125
11:29:33.679626	-7.5625	-2.25	0.25	-86.8125	-24.0625	-61.5	31.875	-9.0625	5.1875	120.25	112.875	-12.3125
11:29:33.689753	-5.125	-7.6875	1.5625	-93.6875	-27.4375	-63.6875	5.5625	-24.625	1.6875	44.6875	-31.6875	-65.5
11:29:33.699852	-3.0	-11.25	1.375	-96.625	-34.625	-66.0	-38.3125	-79.1875	-10.9375	14.5625	23.4375	-51.125
11:29:33.709979	-1.875	-11.875	1.375	-96.5625	-46.6875	-69.0625	-58.25	-86.5	-17.0	67.0625	124.1875	-43.6875
11:29:33.720088	-1.1875	-10.9375	0.125	-95.5625	-57.875	-71.8125	-79.1875	-81.75	-21.75	158.125	124.0	-70.5
11:29:33.730223	-0.5625	-9.6875	-1.625	-90.3125	-69.75	-72.625	-100.6875	-74.5	-22.4375	228.0625	18.9375	-57.25
11:29:33.740344	0.125	-8.375	-3.625	-80.6875	-71.0	-73.1875	-121.75	-61.1875	-17.625	228.0625	18.9375	-57.25
11:29:33.750458	0.8125	-7.375	-5.3125	-77.0	-74.75	-72.375	-142.6875	-53.625	-9.9375	156.4375	23.8125	-23.8125
11:29:33.760640	1.625	-6.5	-6.125	-76.5	-76.25	-68.375	-162.0	-58.875	-8.0	156.4375	23.8125	-23.8125
11:29:33.771214	2.3125	-5.5625	-6.0625	-77.125	-80.875	-61.8125	-177.625	-67.375	-10.75	240.0	7.5	-12.0625
11:29:33.781775	2.875	-4.6875	-5.5	-76.6875	-79.0625	-55.8125	-192.5625	-66.1875	-13.875	248.25	17.375	-22.4375
11:29:33.791895	3.1875	-4.375	-4.5625	-66.1875	-77.6875	-50.0625	-208.625	-52.8125	-16.875	247.0625	42.4375	-29.0625
11:29:33.802087	3.4375	-4.1875	-4.1875	-57.3125	-68.75	-47.75	-222.25	-33.25	-20.0625	244.875	64.4375	-23.3125
11:29:33.812749	3.5	-5.125	-2.5	-49.0625	-59.75	-46.25	-235.625	-8.875	-23.875	243.1875	71.25	-14.0
11:29:33.822862	2.75	-5.625	-1.6875	-38.6875	-45.0	-45.9375	-245.5	15.5	-27.375	232.125	89.875	-1.6875
11:29:33.832965	2.8125	-6.5625	-1.25	-32.3125	-32.75	-43.5625	-252.1875	34.375	-29.0	223.4375	97.6875	9.4375
11:29:33.843541	2.3125	-7.9375	-2.5625	-28.625	-23.5	-42.125	-255.3125	41.8125	-29.1875	227.4375	97.4375	14.4375
11:29:33.853711	0.875	-9.375	-4.0	-28.6875	-17.5625	-40.75	-256.3125	38.25	-29.8125	237.3125	97.75	16.625
11:29:33.863783	-0.5625	-10.1875	-4.5625	-25.9375	-10.375	-40.4375	-256.625	28.25	-32.4375	235.875	85.5625	20.375
11:29:33.873856	-2.4375	-10.6875	-4.75	-21.0	-5.5625	-40.5625	-254.9375	15.625	-34.6875	228.6875	65.5625	21.0625
11:29:33.883930	-4.0	-10.25	-5.125	-15.5	-1.0625	-40.4375	-252.375	2.875	-35.125	224.5625	51.0625	20.0
11:29:33.894041	-5.875	-9.25	-5.625	-7.4375	2.25	-39.5625	-248.3125	-10.1875	-34.4375	228.0	41.625	21.125
11:29:33.904129	-8.9375	-5.625	-4.625	0.0625	2.5	-37.0	-242.25	-19.8125	-33.5625	230.375	32.9375	21.3125
11:29:33.914195	-8.9375	-5.625	-4.625	1.9375	-3.125	-35.0625	-236.0	-24.5	-32.75	225.625	31.375	21.375
11:29:33.924269	-11.0	-0.375	-0.375	2.5	-8.25	-33.1875	-229.5625	-24.0625	-31.0625	222.1875	32.3125	19.0625
11:29:33.934352	-11.1875	1.625	2.25	4.5625	-10.9375	-29.0625	-223.0625	-21.0	-28.4375	215.375	23.25	12.3125
11:29:33.944436	-10.9375	2.625	4.625	8.5	-10.75	-25.625	-215.6875	-18.5	-25.1875	206.625	22.0625	7.8125
11:29:33.955095	-10.1875	3.6875	7.625	15.375	-10.25	-22.5625	-207.5625	-16.25	-22.625	194.4375	17.375	2.125
11:29:33.965169	-9.5625	3.625	9.0	19.875	-10.3125	-21.0625	-197.125	-16.8125	-20.625	186.75	14.875	-2.0625
11:29:33.975285	-9.0625	3.0	10.0625	23.375	-15.6875	-18.4375	-184.8125	-21.6875	-18.5625	179.5	29.1875	-0.75
11:29:33.985374	-8.3125	2.4375	11.375	23.3125	-18.1875	-16.75	-170.0	-24.0	-16.3125	166.125	27.375	0.0625
11:29:33.995444	-7.1875	2.25	13.0625	22.25	-21.5	-12.875	-154.5	-25.1875	-13.8125	150.25	22.8125	1.875
11:29:34.005515	-6.5	1.875	13.1875	21.0	-18.5625	-12.5625	-137.875	-24.25	-11.4375	137.9375	23.375	3.8125
11:29:34.015589	-6.0625	0.875	12.5625	21.625	-12.25	-13.25	-119.625	-21.5	-10.0625	124.1875	15.75	6.0
11:29:34.025656	-5.875	-0.5	12.0625	22.9375	-7.625	-12.0625	-100.375	-18.0625	-8.75	106.9375	4.1875	7.375
11:29:34.035729	-5.25	-2.75	11.6875	23.875	-5.375	-11.75	-80.8125	-14.1875	-9.0	82.6875	-9.125	8.9375
11:29:34.045812	-5.4375	-4.5	11.3125	20.0	-6.625	-12.5625	-57.875	-9.75	-8.875	60.1875	-11.125	7.125
11:29:34.055913	-6.0625	-6.0	10.5	16.1875	-5.0	-12.4375	-35.25	-9.625	-7.875	39.6875	-8.875	2.6875
11:29:34.066033	-5.6875	-7.1875	8.5625	12.5625	-5.5	-11.875	-13.5625	-15.0	-6.625	19.8125	-16.625	3.8125
11:29:34.076135	-4.75	-8.875	5.6875	10.625	-10.0625	-10.75	7.625	-20.75	-6.0625	6.0	-18.75	4.375
11:29:34.086208	-4.0	-9.8125	2.25	7.1875	-17.625	-10.0625	28.0	-21.4375	-6.0625	-12.25	-25.1875	0.5
11:29:34.096287	-3.75	-9.6875	-2.0625	0.25	-25.4375	-8.0	46.9375	-20.3125	-6.0625	-33.75	-40.0	-8.625
11:29:34.106351	-3.5625	-8.6875	-6.5625	-3.8125	-28.9375	-6.25	63.5625	-22.625	-5.5	-49.875	-43.625	-17.875
11:29:34.116428	-3.125	-7.5	-11.25	-1.3125	-29.625	-3.5625	78.625	-27.1875	-4.5625	-70.4375	-57.5625	-24.625
11:29:34.126496	-2.625	-6.0	-12.875	2.0625	-27.875	-0.9375	92.0	-32.9375	-3.1875	-95.75	-74.125	-29.125
11:29:34.136565	-2.3125	-3.9375	-12.375	5.5625	-24.1875	2.0625	101.875	-32.0625	-2.5625	-113.0625	-69.8125	-29.9375
11:29:34.146686	-1.1875	-1.1875	-11.5625	13.25	-16.3125	6.125	98.1875	-12.625	-2.75	-78.1875	-68.625	-22.25
11:29:34.156784	1.375	1.375	-7.8125	25.375	-6.0	12.6875	68.875	22.5	-1.5	41.5625	-48.75	-5.3125
11:29:34.166955	4.5	2.0625	-1.125	33.5625	5.9375	18.0	39.0625	-7.6875	3.375	80.1875	107.75	-37.1875
11:29:34.177030	6.9375	2.375	4.6875	39.0	15.3125	18.8125	35.625	-55.75	2.3125	-63.375	-3.75	-65.5625
11:29:34.187115	7.875	4.125	5.9375	36.125	21.625	18.4375	52.125	-82.9375	-7.0625	-136.6875	-261.25	-34.1875
11:29:34.197230	6.625	9.0625	3.8125	29.75	32.625	17.6875	66.375	-77.125	-14.25	-167.5625	-117.25	55.0
11:29:34.207379	5.0	17.3125	-0.125	30.125	38.5	18.0	67.25	-41.875	-14.75	-181.0	67.4375	96.1875
11:29:34.217912	4.3125	24.875	-2.9375	26.3125	28.9375	15.375	63.125	4.5	-8.625	-189.625	-7.9375	75.25
11:29:34.227985	3.75	27.125	-4.0625	19.5	20.8125	13.0	60.375	43.375	-1.5625	-124.5	-67.0	46.125
11:29:34.238093	3.4375	23.0625	-3.625	22.5625	30.0625	17.625	56.5	50.375	3.5	-63.875	-19.125	51.5
11:29:34.248288	4.3125	13.625	-1.75	32.375	44.875	28.5625	55.0	29.3125	4.625	-37.6875	-15.5	32.25
11:29:34.258393	5.9375	2.5	-0.8125	37.75	56.25	35.5	57.125	-6.4375	-0.3125	23.6875	-7.5	4.375
11:29:34.268495	7.375	-6.4375	-1.6875	46.0	69.125	35.9375	56.4375	-32.9375	-8.375	25.625	-4.9375	6.75
11:29:34.278939	8.25	-11.6875	-4.375	53.875	76.625	31.75	50.5625	-34.0	-15.375	-43.25	-16.125	2.5
11:29:34.289057	9.0	-13.8125	-8.1875	64.8125	62.0	26.75	46.0625	10.5	-16.3125	-89.5625	-37.3125	-6.25
11:29:34.299187	9.6875	-14.1875	-10.8125	68.5	46.25	27.375	44.5	31.0	-11.5625	-88.375	-36.125	8.375
11:29:34.309289	10.625	-14.0625	-12.0	66.25	25.125	28.625	43.3125	35.6875	-7.875	-69.8125	-8.625	23.4375
11:29:34.319943	11.4375	-13.875	-11.125	60.125	2.625	29.9375	42.9375	31.125	-6.875	-42.125	-0.9375	10.875
11:29:34.330091	11.5	-14.0625	-8.5625	52.875	-15.5	30.6875	40.5625	18.0625	-7.3125	-12.4375	5.1875	0.375
11:29:34.340678	11.125	-13.5	-5.625	45.625	-25.4375	30.75	37.25	-0.3125	-7.8125	3.9375	9.3125	-2.625
11:29:34.350790	10.9375	-11.625	-3.375	45.625	-25.4375	30.75	35.6875	-19.5625	-7.9375	-35.9375	-7.3125	-1.4375
11:29:34.360904	10.125	-8.875	-1.625	38.125	-27.125	29.625	37.25	-23.0625	-7.25	-46.0	-20.125	4.625
11:29:34.371601	8.75	-4.5625	-0.3125	31.4375	-23.6875	29.0	37.625	-11.0	-5.125	-38.5	-13.875	13.0
11:29:34.382045	6.6875	0.0	1.8125	33.9375	-16.5625	28.5	36.0	5.5625	-3.3125	-21.6875	-9.3125	13.9375
11:29:34.392463	4.6875	4.3125	3.4375	46.5625	-6.375	27.6875	35.4375	17.0	-2.3125	-11.1875	-1.625	-1.375
11:29:34.402792	2.9375	7.1875	4.75	51.875	6.75	25.3125	37.125	25.9375	-2.0625	-12.875	7.125	-9.25
11:29:34.412890	1.875	8.0625	5.875	58.5625	23.25	25.25	38.1875	32.5	-1.625	-24.8125	11.3125	-9.6875
11:29:34.422967	1.5	7.25	5.0625	60.875	38.1875	27.5	36.5	37.6875	-0.375	-26.3125	6.0625	-6.4375
11:29:34.433533	1.1875	6.0	3.25	59.4375	54.0625	28.75	36.5625	39.4375	1.125	-40.4375	-1.0	-7.9375
11:29:34.443701	0.5625	5.125	1.0625	57.4375	67.375	27.4375	37.9375	39.4375	2.875	-38.1875	5.9375	-2.25
11:29:34.453768	0.1875	4.9375	-1.125	57.875	75.0625	26.625	37.875	38.875	4.875	-30.5	5.3125	2.25
11:29:34.463837	-0.5625	5.375	-2.75	59.0	80.3125	26.375	37.5625	32.3125	6.0	-21.25	1.25	-0.9375
11:29:34.473910	-1.25	6.5	-3.9375	56.6875	82.0625	26.3125	37.5625	21.75	5.875	-17.8125	4.1875	-6.0
11:29:34.484021	-1.875	8.6875	-4.5625	53.5	81.625	26.3125	38.0625	10.1875	5.5625	-24.625	3.5625	-7.125
11:29:34.494111	-2.3125	10.9375	-4.75	49.625	77.0	27.5	38.1875	9.0	4.9375	-31.9375	1.75	-2.9375
11:29:34.504249	-2.4375	14.5	-4.5	46.125	68.375	28.625	37.0625	8.5625	5.0	-31.6875	-1.0625	-4.1875
11:29:34.514518	-2.4375	14.5	-4.5	42.125	58.625	28.125	37.75	7.625	5.125	-36.5	-2.3125	-7.0625
11:29:34.524591	-2.5625	15.5625	-3.4375	42.625	45.0	29.125	40.5	9.6875	5.3125	-43.6875	5.1875	-2.75
11:29:34.535230	-2.0	15.5625	-1.375	39.125	34.5	25.8125	40.25	10.6875	5.75	-31.5625	11.0625	-1.25
11:29:34.545368	-1.125	14.9375	-0.1875	40.25	24.8125	24.6875	38.0	1.25	6.3125	-26.8125	4.4375	-9.0625
11:29:34.555423	0.25	13.375	0.125	38.9375	15.0625	24.5	37.8125	-7.75	5.875	-31.6875	1.6875	-5.0625
11:29:34.565498	0.25	13.375	0.125	41.875	7.8125	24.75	39.25	-11.875	5.1875	-40.375	4.125	2.6875
11:29:34.575573	1.625	11.3125	-0.0625	42.75	3.5	25.125	38.375	-15.9375	5.3125	-30.25	4.8125	2.5625
11:29:34.585645	2.625	9.0625	0.0	42.8125	-0.6875	24.8125	37.0	-22.1875	5.375	-32.75	-0.0625	0.125
11:29:34.595722	3.75	6.6875	0.0	40.25	0.0625	24.5625	38.5	-24.375	3.5	-32.625	-3.375	4.9375
11:29:34.605820	5.0625	4.375	0.25	37.5625	3.0	25.9375	39.6875	-17.0625	2.4375	-36.875	2.375	3.875
11:29:34.615888	6.125	2.3125	0.625	36.75	9.8125	26.875	39.3125	-16.375	1.8125	-27.1875	-0.25	-2.75
11:29:34.625992	7.125	0.875	0.875	34.4375	15.8125	28.0	40.875	-19.25	0.1875	-39.125	6.3125	-1.5
11:29:34.636064	7.9375	-0.1875	0.9375	34.25	22.5	27.625	44.375	-14.5	-0.125	-42.625	15.375	0.1875
11:29:34.646134	8.875	-0.3125	1.0625	35.4375	25.125	27.125	47.8125	-10.375	0.8125	-41.625	16.0625	-2.125
11:29:34.656275	9.4375	0.25	1.5625	36.0625	26.5625	27.4375	47.4375	-10.3125	0.75	-27.0	2.9375	-3.125
11:29:34.666414	9.75	2.4375	1.9375	35.125	29.3125	26.8125	49.6875	-5.125	0.4375	-40.375	10.5	-1.75
11:29:34.676512	9.8125	4.625	2.0625	33.6875	32.75	26.625	54.9375	-0.6875	1.5	-46.0	17.375	0.375
11:29:34.686584	9.25	7.0	2.375	32.125	36.75	26.875	55.3125	0.6875	3.0	-31.875	5.9375	0.3125
11:29:34.696653	8.4375	8.875	2.75	28.1875	38.6875	27.0	53.8125	0.5625	2.25	-27.75	-4.3125	-0.8125
11:29:34.706736	7.625	10.4375	2.8125	25.5625	36.3125	27.375	56.5625	2.6875	2.0625	-35.8125	7.8125	0.5
11:29:34.716801	6.875	11.6875	2.75	24.8125	32.625	28.0	59.5	2.9375	3.25	-43.5	8.125	0.0625
11:29:34.726911	6.75	12.6875	2.5625	25.75	31.625	29.125	57.75	5.3125	4.0625	-28.625	2.25	2.125
11:29:34.737032	5.75	14.125	2.8125	25.875	31.9375	28.875	56.75	9.8125	2.875	-30.625	-18.625	13.1875
11:29:34.747129	5.5	15.375	3.375	27.25	32.6875	28.0	58.5625	18.3125	1.5	-53.8125	-41.0625	40.625
11:29:34.757251	6.5	17.125	4.625	29.0	33.8125	28.0625	57.5625	30.3125	3.0625	-63.75	24.875	29.8125
11:29:34.767321	6.5625	16.0	5.25	28.4375	33.9375	29.3125	55.6875	38.4375	5.875	-58.875	3.8125	4.625
11:29:34.777692	5.875	14.6875	5.0	27.3125	33.9375	29.0625	56.75	35.5625	7.1875	-60.4375	-17.1875	5.3125
11:29:34.787910	5.0625	13.8125	4.4375	30.625	30.9375	29.875	59.125	27.8125	9.875	-69.0	9.0	5.8125
11:29:34.797998	4.25	13.4375	4.4375	28.5625	32.0	30.0	61.3125	24.0	12.9375	-71.3125	-10.5625	2.4375
11:29:34.808080	3.0625	11.6875	3.25	23.9375	29.125	30.625	61.375	19.8125	15.25	-65.25	-33.6875	2.25
11:29:34.818166	2.1875	9.5625	1.875	20.1875	24.5	32.875	63.6875	17.0625	15.9375	-68.5	-35.25	3.125
11:29:34.828236	1.625	7.375	0.25	17.6875	20.1875	35.625	67.4375	15.25	17.375	-77.75	-36.0	3.6875
11:29:34.838605	1.25	6.0625	-0.3125	14.5	20.375	36.5625	68.625	18.3125	18.6875	-80.75	-42.25	2.375
11:29:34.848713	1.1875	5.8125	-0.125	12.0	20.875	35.875	72.25	23.625	19.5625	-77.25	-46.5	4.625
11:29:34.858923	0.6875	5.0625	-0.0625	12.1875	25.4375	34.75	74.9375	29.375	22.5	-86.6875	-37.8125	6.1875
11:29:34.869605	-0.0625	3.25	-0.25	13.875	27.875	34.0	75.625	30.5625	25.6875	-96.125	-28.0	6.4375
11:29:34.879774	-3.6875	1.0	1.125	14.1875	29.375	33.0625	77.1875	19.9375	25.6875	-98.8125	-31.1875	2.3125
11:29:34.889885	-8.3125	0.1875	4.25	9.875	18.25	25.4375	81.0	8.0	23.9375	-85.1875	-65.375	-5.5625
11:29:34.900019	-12.0	-1.6875	7.1875	7.1875	6.125	20.0625	87.9375	8.625	22.5625	-92.0	-64.25	5.625
11:29:34.910190	-13.6875	-5.375	9.0625	3.3125	-5.625	14.125	92.8125	20.125	23.0	-110.9375	-17.125	18.75
11:29:34.920790	-14.5625	-13.75	6.6875	-5.25	-15.25	8.375	93.9375	26.375	22.4375	-111.125	-21.3125	7.8125
11:29:34.930999	-14.1875	-26.5	2.25	-14.25	-27.0	2.5	98.625	33.625	20.5625	-112.6875	-42.75	22.5
11:29:34.941127	-11.125	-38.0625	-1.3125	-23.0	-35.75	-1.625	106.625	41.875	19.125	-130.1875	-35.375	37.5
11:29:34.951753	-8.5	-46.5	-4.875	-32.8125	-34.625	-5.25	111.0625	48.625	18.4375	-134.375	-26.125	45.6875
11:29:34.961877	-6.5	-44.875	-5.375	-45.125	-29.9375	-7.6875	115.125	56.75	18.0625	-124.1875	-7.25	53.5625
11:29:34.972443	-5.4375	-34.0	-3.375	-57.0625	-25.9375	-11.3125	122.5	82.625	19.75	-120.8125	-2.9375	66.875
11:29:34.982680	-3.5625	-18.8125	-1.4375	-68.625	-22.875	-16.4375	133.5625	114.5625	22.6875	-136.5	7.375	83.625
11:29:34.992795	-1.3125	-4.75	-1.125	-80.5625	-22.0625	-21.5625	137.3125	143.0	24.0	-151.9375	33.25	84.625
11:29:35.002908	-0.25	5.625	-2.3125	-94.25	-23.9375	-27.375	132.75	146.5	23.0	-171.9375	53.9375	69.625
11:29:35.013526	-0.3125	14.375	-5.3125	-107.5	-30.1875	-33.25	126.6875	118.25	20.8125	-195.0625	36.125	40.625
11:29:35.023596	-1.1875	21.625	-8.875	-116.6875	-28.5625	-38.6875	120.3125	61.375	22.25	-264.5625	2.5625	20.75
11:29:35.033669	-2.5625	26.875	-11.3125	-124.5	-22.625	-46.875	116.4375	26.3125	21.625	-315.5	-56.6875	14.0625
11:29:35.043736	-3.5	30.75	-12.625	-133.25	-9.0625	-50.5	113.0625	19.8125	18.25	-317.875	-83.6875	35.3125
11:29:35.053851	-4.8125	31.5	-12.625	-135.25	7.5625	-53.5	105.1875	22.6875	19.125	-302.5	-137.0	39.6875
11:29:35.063930	-6.25	29.1875	-12.1875	-134.75	3.6875	-62.0625	93.875	7.6875	18.0	-274.5625	-150.375	17.9375
11:29:35.074002	-7.625	24.25	-11.6875	-121.875	0.625	-68.5625	88.375	-4.9375	12.75	-198.625	-117.3125	7.0625
11:29:35.084071	-9.1875	18.1875	-10.0	-103.3125	-12.75	-69.1875	79.1875	5.0625	10.0625	-70.6875	84.25	25.875
11:29:35.094140	-9.8125	12.4375	-8.0	-89.375	-8.6875	-69.375	68.125	9.5	5.625	13.875	222.5	42.8125
11:29:35.104230	-9.0625	7.3125	-6.1875	-81.9375	-1.875	-67.25	45.625	0.0	-0.1875	92.5625	163.3125	-25.25
11:29:35.114311	-7.8125	3.3125	-4.25	-82.5625	-14.75	-64.75	13.625	-19.1875	-3.375	104.8125	87.125	-56.8125
11:29:35.124440	-6.5625	0.125	-2.375	-84.875	-27.25	-62.1875	-11.1875	-43.4375	-5.0625	76.0	43.125	-46.1875
11:29:35.134507	-5.5	-2.6875	-1.0625	-91.3125	-30.375	-62.8125	-30.6875	-57.625	-9.5	81.125	52.9375	-28.625
11:29:35.144581	-4.4375	-3.625	-0.5625	-97.125	-31.625	-63.875	-51.0625	-64.875	-14.75	137.5	105.375	-26.875
11:29:35.154656	-3.5	-3.8125	-0.25	-99.1875	-39.1875	-65.5	-71.8125	-65.3125	-18.875	189.3125	91.0625	-48.125
11:29:35.164736	-2.25	-3.125	-0.5	-98.375	-50.8125	-67.25	-95.3125	-63.9375	-23.375	215.875	27.125	-71.75
11:29:35.174801	-1.25	-1.9375	-0.75	-96.8125	-61.375	-68.8125	-116.5625	-60.8125	-26.1875	203.75	-0.0625	-48.1875
11:29:35.184904	-0.4375	0.0	-1.75	-89.4375	-63.375	-68.3125	-133.75	-57.625	-23.6875	174.0	17.1875	-14.5625
11:29:35.194977	-0.0625	1.6875	-2.0625	-83.8125	-68.6875	-66.75	-151.4375	-62.375	-19.875	181.0	23.875	-11.0625
11:29:35.205058	0.25	2.0	-2.625	-77.25	-71.125	-63.5	-171.4375	-67.5625	-20.1875	217.4375	6.0625	-15.375
11:29:35.215131	0.5625	1.375	-3.1875	-75.125	-71.8125	-58.875	-188.125	-67.6875	-21.75	251.0625	8.1875	-14.375
11:29:35.225243	1.25	-0.25	-3.75	-72.6875	-69.5	-53.9375	-202.0	-58.9375	-23.5	269.0625	36.1875	-18.125
11:29:35.235333	2.1875	-2.0625	-4.375	-62.0625	-66.6875	-49.0	-217.6875	-48.375	-24.125	280.75	64.25	-19.0625
11:29:35.245469	3.6875	-4.625	-4.5	-57.5625	-60.0	-46.0	-231.4375	-31.25	-26.125	275.375	76.125	-13.625
11:29:35.255571	4.6875	-5.9375	-4.3125	-51.25	-52.75	-44.0625	-243.5625	-13.1875	-28.1875	259.1875	85.75	-5.75
11:29:35.265649	4.125	-6.8125	-5.0625	-43.1875	-44.0	-43.5	-252.875	7.1875	-28.75	243.5	94.9375	2.3125
11:29:35.275767	3.5	-7.1875	-4.9375	-36.125	-37.4375	-42.625	-258.625	30.3125	-29.0625	229.1875	98.875	11.4375
11:29:35.286484	2.9375	-7.8125	-4.25	-32.5625	-32.0	-41.25	-262.25	46.875	-28.9375	226.8125	95.1875	16.6875
11:29:35.296558	1.875	-7.4375	-3.75	-28.75	-27.875	-39.375	-264.125	51.1875	-29.3125	237.6875	96.6875	11.375
11:29:35.306630	0.375	-5.8125	-4.0625	-24.75	-22.8125	-38.5	-263.1875	42.9375	-30.9375	244.3125	92.125	15.3125
11:29:35.316779	-1.375	-3.75	-4.375	-18.9375	-16.0625	-38.1875	-262.375	24.6875	-32.9375	240.3125	77.75	24.5625
11:29:35.326848	-2.8125	-1.25	-4.625	-9.1875	-6.875	-38.8125	-260.125	1.8125	-34.3125	235.8125	66.75	27.5625
11:29:35.336930	-3.875	1.875	-4.4375	2.3125	-0.125	-37.0625	-256.125	-14.5625	-35.625	229.5625	60.875	26.8125
11:29:35.347020	-5.0	5.0	-3.4375	9.4375	6.25	-34.3125	-251.3125	-21.625	-36.25	225.625	47.75	26.875
11:29:35.357087	-5.8125	7.625	-1.875	12.875	9.5	-33.8125	-246.625	-19.6875	-35.3125	225.4375	34.5	27.0625
11:29:35.367535	-6.6875	8.9375	0.0	13.4375	5.9375	-31.9375	-240.9375	-10.1875	-32.5	225.375	21.9375	24.125
11:29:35.378179	-7.4375	8.0625	1.625	15.625	5.125	-28.8125	-233.625	-4.25	-29.125	214.875	12.125	21.5625
11:29:35.388285	-7.5	6.125	3.5625	16.5	5.9375	-24.875	-222.4375	-0.0625	-25.125	205.6875	2.875	18.9375
11:29:35.398405	-7.5625	3.625	5.0625	18.125	3.4375	-21.5	-210.75	0.625	-22.8125	180.5625	-13.1875	17.5625
11:29:35.408532	-7.4375	0.1875	6.0	19.4375	-3.8125	-19.4375	-194.9375	-6.25	-21.4375	175.4375	-6.75	10.5625
11:29:35.418707	-6.875	-3.0625	6.125	19.875	-11.6875	-17.6875	-179.0625	-17.3125	-19.0625	169.0625	2.75	6.875
11:29:35.429060	-6.125	-5.5	6.25	20.4375	-19.4375	-15.375	-161.625	-26.8125	-16.125	161.0	3.9375	0.25
11:29:35.439357	-5.375	-7.3125	6.5625	22.125	-29.0	-11.5	-143.5625	-34.3125	-13.5625	156.0625	-0.4375	-1.1875
11:29:35.449453	-5.0	-8.6875	6.875	21.25	-37.25	-8.75	-106.0	-54.1875	-10.75	142.9375	-5.125	-1.8125
11:29:35.459582	-4.375	-9.5	6.3125	19.625	-32.3125	-9.5625	-83.0625	-51.6875	-9.625	117.9375	-14.625	-4.0
11:29:35.469723	-3.5625	-10.5	6.0625	19.625	-32.3125	-9.5625	-57.5625	-42.125	-8.4375	101.0	-16.625	-4.5625
11:29:35.480235	-3.3125	-11.9375	6.125	20.5625	-26.4375	-10.9375	-34.25	-30.3125	-7.0	81.5625	-12.125	-2.4375
11:29:35.490313	-3.875	-12.875	6.125	20.625	-15.6875	-12.5	-11.375	-21.375	-5.9375	58.5625	-11.375	-0.4375
11:29:35.500386	-3.6875	-12.9375	6.0625	17.125	2.3125	-14.3125	11.625	-15.0	-6.0625	32.375	-12.6875	0.6875
11:29:35.510457	-3.25	-12.125	5.625	17.125	2.3125	-14.3125	34.1875	-12.625	-6.0	5.0625	-14.0	0.375
11:29:35.520569	-2.9375	-10.3125	5.6875	3.0	-9.3125	-12.1875	55.4375	-12.1875	-5.75	-18.5	-13.8125	-0.375
11:29:35.530672	-2.8125	-8.875	4.3125	-3.375	-17.75	-11.375	72.8125	-15.3125	-5.0625	-31.5625	-19.75	-7.125
11:29:35.540812	-2.6875	-7.9375	3.5	-5.9375	-24.875	-10.1875	88.625	-23.375	-3.875	-64.875	-51.1875	-16.5
11:29:35.551307	-2.375	-7.5	2.25	-5.625	-29.6875	-8.3125	102.625	-35.8125	-2.0	-79.375	-55.6875	-29.25
11:29:35.561400	-2.0	-7.3125	1.8125	-4.625	-31.0	-6.1875	113.125	-40.9375	-1.0	-126.3125	-73.625	-42.25
11:29:35.571734	-1.875	-6.75	1.75	-1.125	-26.875	-3.3125	105.4375	-21.0625	-1.75	-126.3125	-73.625	-42.25
11:29:35.582327	-1.5	-5.625	1.75	2.0625	-24.25	1.375	72.875	6.0	1.1875	40.25	-51.25	-10.1875
11:29:35.592394	0.0625	-4.1875	2.0625	11.0625	-16.6875	7.9375	44.5625	-36.125	7.25	79.4375	86.25	-33.625
11:29:35.602556	3.125	-5.0	5.0	16.3125	-9.5	14.6875	44.75	-77.75	5.0625	-81.5	-24.375	-61.8125
11:29:35.612623	5.75	-5.8125	8.0	19.75	-1.9375	16.375	62.0625	-99.6875	-4.8125	-133.125	-281.375	-25.8125
11:29:35.622703	7.125	-3.875	7.5	21.125	3.1875	16.125	75.75	-82.3125	-12.0625	-162.8125	-159.375	66.125
11:29:35.632773	7.1875	1.9375	4.0	22.375	22.875	16.375	77.5	-39.3125	-12.6875	-189.0	52.6875	112.9375
11:29:35.643406	6.1875	11.375	0.0625	28.25	40.25	18.75	72.875	17.25	-6.375	-198.0625	14.3125	93.3125
11:29:35.653843	5.3125	21.3125	-2.375	25.8125	37.0625	19.25	67.8125	62.0	1.125	-128.5	-43.625	50.3125
11:29:35.664025	4.8125	25.8125	-2.375	16.5	29.4375	18.9375	68.625	70.375	4.9375	-78.5	-37.9375	44.375
11:29:35.674142	5.125	21.8125	-0.3125	12.8125	31.6875	22.375	71.9375	38.625	4.9375	-42.0	-56.9375	19.75
11:29:35.684683	6.625	12.4375	1.4375	14.875	37.8125	28.8125	68.75	-20.6875	1.5	32.0	-1.625	0.3125
11:29:35.694755	8.5	1.5625	2.125	20.75	43.875	31.0625	61.125	-71.0	-5.125	48.375	52.4375	-5.8125
11:29:35.704831	9.0	-8.0	1.25	32.25	51.6875	26.375	58.125	-75.0	-13.8125	-28.9375	-13.3125	-19.5625
11:29:35.714972	8.625	-13.25	-1.25	50.4375	67.875	21.0625	55.3125	-39.5	-18.875	-83.125	-65.875	-34.3125
11:29:35.725053	8.25	-14.6875	-4.125	69.0	78.5	22.375	48.8125	10.6875	-16.5625	-80.6875	-19.125	-16.1875
11:29:35.735125	8.5	-15.25	-6.4375	78.125	73.25	25.4375	45.875	45.625	-10.4375	-68.0	1.6875	3.25
11:29:35.745194	9.5625	-16.625	-8.375	74.5	55.25	26.6875	48.1875	56.25	-5.5	-49.5	-24.5	6.6875
11:29:35.755264	10.5	-18.0625	-8.9375	60.375	27.0	28.8125	49.4375	46.0	-3.0	-19.5625	1.8125	6.5625
11:29:35.765338	11.3125	-17.875	-8.625	48.75	-0.875	30.9375	44.9375	25.8125	-3.1875	-1.25	21.4375	16.1875
11:29:35.775417	11.625	-16.125	-7.3125	38.25	-23.8125	32.8125	43.0	-5.0625	-3.9375	-16.1875	-0.3125	4.0625
11:29:35.785488	11.75	-12.5	-5.5625	29.1875	-34.25	32.625	45.5	-27.75	-3.5625	-52.1875	-17.75	3.4375
11:29:35.795564	11.1875	-8.3125	-4.25	21.75	-33.6875	30.375	47.0	-33.75	-1.9375	-48.5	-23.1875	10.625
11:29:35.805678	9.5625	-4.0	-2.4375	20.4375	-24.125	26.625	45.9375	-21.0	0.3125	-28.9375	-17.875	10.0625
11:29:35.815755	7.25	0.375	-0.375	36.375	-11.125	23.5	45.1875	-5.625	2.1875	-12.8125	-7.6875	-0.375
11:29:35.825876	4.625	4.625	2.125	44.6875	2.75	21.5625	45.4375	10.375	2.4375	-9.9375	-8.3125	-8.75
11:29:35.836005	0.6875	10.0625	5.6875	50.0625	18.125	18.8125	43.875	22.6875	2.625	-13.1875	3.25	-8.4375
11:29:35.846072	0.6875	10.0625	5.6875	53.75	28.125	20.75	40.375	33.4375	3.375	-37.625	9.75	-9.9375
11:29:35.856185	-0.1875	10.25	5.375	54.1875	42.0	22.75	38.6875	33.125	4.875	-64.375	10.875	-16.125
11:29:35.866272	-1.0625	9.25	4.375	50.5625	54.875	23.625	38.25	28.5	5.5	-62.5	7.9375	-9.3125
11:29:35.876347	-2.4375	7.0625	1.125	49.75	65.875	23.3125	38.125	24.625	6.4375	-53.8125	-0.4375	2.75
11:29:35.886476	-3.0	5.9375	-0.375	52.3125	73.75	23.25	36.875	12.9375	7.5	-38.5	-2.6875	1.5
11:29:35.896568	-3.1875	5.4375	-1.8125	54.8125	78.0625	24.25	37.625	-4.4375	6.25	-30.625	5.1875	-6.3125
11:29:35.906641	-3.125	5.875	-2.875	54.0	76.875	26.9375	38.75	-13.0625	4.375	-24.25	5.5	-7.4375
11:29:35.916742	-3.3125	7.0625	-4.125	50.75	75.3125	28.6875	38.3125	-7.1875	3.25	-21.75	3.5	-8.75
11:29:35.926874	-4.125	8.5	-2.6875	50.9375	68.1875	31.375	36.5625	-0.0625	2.625	-21.75	-1.25	-9.9375
11:29:35.936944	-3.9375	9.5625	-1.75	47.1875	61.1875	30.6875	35.875	9.125	2.375	-29.6875	2.875	-7.9375
11:29:35.947548	-3.6875	10.0625	-0.75	42.25	49.625	32.125	36.375	20.0625	2.9375	-36.75	5.9375	-4.5625
11:29:35.957669	-3.0	10.0	-0.625	38.875	40.1875	32.3125	34.3125	20.8125	3.875	-29.75	15.4375	-2.875
11:29:35.968013	-2.375	9.625	-0.5	40.1875	26.75	35.375	32.0625	7.9375	3.375	-28.75	10.125	-4.75
11:29:35.978099	-1.625	9.0625	-0.6875	39.5625	23.125	33.5625	32.1875	-1.4375	2.4375	-32.9375	8.625	-2.125
11:29:35.988259	-0.3125	8.125	-1.5	39.75	16.875	32.5625	33.375	-7.75	2.9375	-37.875	11.8125	1.75
11:29:35.998754	0.8125	7.25	-2.6875	43.375	11.875	30.875	32.25	-21.375	3.25	-25.1875	2.9375	-1.6875
11:29:36.008852	2.4375	6.0	-3.1875	43.8125	8.25	29.5625	31.25	-30.25	2.5625	-27.1875	-0.625	-3.5
11:29:36.018932	4.0	4.8125	-4.0625	41.5625	3.625	28.5	33.4375	-25.25	1.75	-28.5	5.25	-2.5
11:29:36.029050	5.9375	3.0625	-3.9375	38.375	-0.3125	27.6875	36.0	-17.0	2.0	-34.8125	10.0625	-3.375
11:29:36.039171	7.5	1.8125	-3.9375	36.25	0.0625	27.125	33.5	-18.0	1.625	-20.0	5.8125	-5.8125
11:29:36.049288	8.4375	1.0	-3.375	33.75	1.0625	28.0	38.625	-10.5	0.8125	-28.8125	7.625	-4.5
11:29:36.059628	9.25	0.1875	-2.3125	33.5	4.5625	28.6875	39.4375	-6.5	2.0	-35.5	7.0	-1.5
11:29:36.069740	9.9375	-0.125	-1.25	35.6875	7.9375	29.8125	39.4375	-6.5	2.0	-33.875	11.0625	3.125
11:29:36.080186	10.3125	0.0625	0.1875	37.875	15.875	31.125	39.0625	0.1875	0.875	-20.1875	4.875	-0.5
11:29:36.090563	10.5	0.6875	1.5	39.375	24.9375	32.25	43.5	2.5625	1.5625	-26.4375	3.125	-4.625
11:29:36.100842	11.0625	1.6875	2.5625	40.125	31.5	33.25	42.8125	4.9375	2.5	-35.3125	10.375	-2.4375
11:29:36.111154	11.0625	2.5625	3.375	40.6875	39.0	34.8125	42.6875	7.8125	2.0625	-29.625	13.0	-0.4375
11:29:36.121518	10.9375	3.375	3.875	37.0	38.4375	35.5625	44.875	10.6875	2.1875	-22.0	3.75	-4.8125
11:29:36.131961	10.4375	4.375	4.375	31.4375	30.4375	38.5625	47.5	11.0	3.6875	-38.9375	9.9375	-0.3125
11:29:36.142479	9.6875	4.75	4.9375	29.1875	25.375	39.0	47.6875	9.75	4.0625	-30.1875	-6.25	7.125
11:29:36.153136	8.75	5.875	5.4375	27.6875	23.5	37.6875	48.125	12.1875	3.25	-39.8125	-48.1875	25.5
11:29:36.163660	8.0625	7.9375	6.1875	28.75	22.8125	36.375	49.875	18.3125	4.0625	-47.3125	-3.1875	24.875
11:29:36.174136	7.625	10.0	6.875	30.3125	25.5625	34.125	51.4375	26.0	6.625	-47.3125	-3.1875	24.875
11:29:36.184236	7.9375	10.5	7.75	31.875	27.6875	32.75	51.5625	27.8125	8.0625	-54.75	-20.1875	4.9375
11:29:36.194530	7.5	8.8125	7.9375	33.875	28.8125	31.9375	54.0	27.0625	9.1875	-61.625	1.0	5.5625
11:29:36.204606	6.8125	6.25	7.5	33.375	23.5625	33.4375	58.375	23.6875	11.875	-67.1875	-5.4375	2.9375
11:29:36.214678	6.625	3.8125	7.375	25.0625	26.0	31.3125	59.625	19.3125	14.5625	-68.125	-24.9375	1.6875
11:29:36.224755	6.0	0.5625	5.5625	20.625	19.4375	32.875	61.0625	14.0625	15.6875	-62.75	-33.8125	2.625
11:29:36.234822	5.375	-2.375	3.9375	15.9375	14.375	34.3125	65.625	11.625	16.8125	-74.875	-38.75	3.25
11:29:36.245328	5.0	-3.9375	2.5625	10.8125	12.1875	36.1875	70.0	12.0625	18.4375	-81.75	-41.8125	3.375
11:29:36.255446	4.375	-6.625	1.25	5.625	14.5625	35.3125	71.3125	15.0	19.5	-82.1875	-50.625	3.375
11:29:36.265518	3.625	-7.6875	1.1875	4.625	17.5625	31.625	73.6875	16.5	19.6875	-78.625	-55.0625	4.9375
11:29:36.275598	3.0	-7.5	1.875	5.5	19.125	29.625	78.875	18.8125	19.9375	-78.625	-55.0625	4.9375
11:29:36.286028	2.625	-7.1875	2.875	6.875	21.125	29.0625	82.9375	22.625	21.4375	-98.9375	-42.3125	7.875
11:29:36.296103	2.4375	-8.1875	2.875	7.25	21.0625	27.1875	83.0625	27.375	24.125	-93.5625	-38.0625	4.625
11:29:36.306176	0.8125	-8.8125	4.125	5.6875	17.0625	24.125	85.75	24.3125	24.5	-91.5625	-33.4375	1.1875
11:29:36.316267	-7.125	-7.875	10.0	1.3125	9.75	18.625	92.4375	15.25	24.1875	-102.5625	-63.375	-0.5625
11:29:36.326389	-9.25	-10.1875	13.1875	-5.1875	-0.4375	11.5	96.8125	8.1875	23.0625	-105.4375	-69.875	13.5625
11:29:36.336926	-10.25	-15.5	12.625	-12.3125	-10.1875	4.4375	100.75	14.375	21.375	-109.875	-23.125	22.5
11:29:36.347296	-10.5625	-26.75	8.125	-21.625	-20.3125	-0.9375	105.1875	24.6875	20.3125	-112.4375	-17.4375	17.1875
11:29:36.357416	-9.875	-41.25	3.1875	-32.375	-29.4375	-4.9375	110.5625	31.1875	19.375	-126.9375	-51.6875	20.75
11:29:36.367537	-8.1875	-52.875	-1.75	-42.375	-39.5	-8.4375	116.25	35.5	17.0625	-135.125	-52.1875	35.4375
11:29:36.377636	-6.5	-55.625	-5.5625	-52.75	-45.9375	-13.125	119.6875	42.375	16.4375	-129.125	-25.9375	49.6875
11:29:36.387699	-6.1875	-49.5625	-7.125	-65.1875	-49.8125	-17.9375	127.125	63.6875	17.0	-129.375	-9.4375	65.875
11:29:36.397768	-4.8125	-35.6875	-5.25	-80.0	-54.0	-22.1875	137.5	101.4375	21.125	-126.1875	10.8125	76.25
11:29:36.407835	-3.9375	-22.0	-3.9375	-94.3125	-56.9375	-25.5	141.375	137.3125	26.5	-142.375	20.625	89.0
11:29:36.417903	-3.3125	-10.5625	-3.5625	-106.5625	-65.1875	-29.1875	135.875	149.1875	28.5	-165.25	37.1875	86.6875
11:29:36.428040	-3.375	-1.9375	-5.375	-115.625	-66.9375	-33.3125	126.9375	124.8125	27.5625	-192.6875	34.5	49.25
11:29:36.438161	-4.1875	4.0	-8.0625	-121.375	-61.25	-39.75	118.5625	78.0625	28.0625	-252.0	-10.0	17.9375
11:29:36.448234	-5.0625	8.5625	-9.9375	-133.5	-47.4375	-41.0625	117.375	28.5625	27.1875	-317.4375	-37.4375	7.1875
11:29:36.458319	-6.25	10.8125	-10.5	-144.4375	-2.625	-51.9375	110.8125	1.0625	22.375	-320.375	-70.5625	7.75
11:29:36.468642	-8.1875	10.75	-9.4375	-135.1875	15.6875	-61.0625	100.5	-2.5625	22.3125	-309.75	-142.3125	20.1875
11:29:36.478716	-9.5	7.5625	-7.3125	-118.1875	3.25	-68.5	90.8125	-19.0625	17.0	-282.875	-184.25	2.6875
11:29:36.488868	-10.0625	3.3125	-4.5625	-101.9375	-12.0625	-72.6875	82.3125	-3.25	12.9375	-200.4375	-152.625	-2.0
11:29:36.499241	-9.875	-1.25	-1.4375	-82.375	-16.0625	-68.4375	82.3125	-3.25	12.9375	-42.875	89.5625	14.6875
11:29:36.509336	-8.5	-6.0625	1.375	-74.75	-14.25	-66.0	34.5625	-6.5625	2.5625	42.375	261.125	42.125
11:29:36.519433	-5.6875	-10.625	2.0	-79.0625	-20.3125	-64.625	5.3125	-27.3125	2.0	104.3125	200.4375	-13.0625
11:29:36.529510	-3.0625	-14.5625	1.8125	-79.875	-25.375	-63.0	-16.8125	-42.5	-1.375	94.375	87.6875	-58.5
11:29:36.540140	-1.375	-17.6875	2.0	-87.1875	-30.9375	-63.3125	-35.25	-58.25	-8.125	64.875	33.1875	-57.6875
11:29:36.550211	-0.1875	-18.25	2.0	-93.9375	-44.375	-67.6875	-57.6875	-63.9375	-14.0625	74.1875	64.875	-37.8125
11:29:36.560286	0.75	-16.9375	0.875	-91.125	-53.375	-70.25	-78.1875	-62.1875	-19.4375	140.4375	115.0	-38.3125
11:29:36.570499	1.0	-14.875	-0.375	-91.125	-53.375	-70.25	-99.375	-56.5625	-24.5	216.0	83.375	-70.8125
11:29:36.580604	1.5625	-12.4375	-1.875	-87.75	-57.4375	-70.625	-120.4375	-52.4375	-24.4375	216.0	83.375	-70.8125
11:29:36.590730	2.25	-10.875	-3.1875	-82.375	-58.25	-68.8125	-138.8125	-55.375	-21.125	216.0	83.375	-70.8125
11:29:36.601208	2.8125	-9.3125	-3.625	-75.3125	-58.625	-66.9375	-158.125	-58.0625	-20.4375	180.625	17.3125	-12.0
11:29:36.611607	3.1875	-7.375	-4.0625	-68.6875	-63.75	-60.125	-174.5625	-65.3125	-22.6875	218.75	17.625	-0.8125
11:29:36.621696	3.1875	-5.6875	-3.5	-70.875	-69.25	-55.25	-188.125	-61.75	-26.25	263.9375	42.0	-7.375
11:29:36.631825	3.25	-4.1875	-3.375	-72.9375	-72.5	-50.6875	-204.375	-54.0625	-28.625	263.9375	42.0	-7.375
11:29:36.642026	3.4375	-3.5	-3.375	-73.8125	-75.625	-46.3125	-219.6875	-40.4375	-30.8125	262.0	69.6875	-4.9375
11:29:36.652098	3.25	-3.0625	-3.75	-63.0625	-75.0625	-42.8125	-228.8125	-17.1875	-33.75	246.125	78.75	-0.75
11:29:36.662199	3.25	-3.1875	-3.875	-53.3125	-61.75	-43.75	-228.8125	-17.1875	-33.75	227.125	103.125	18.875
11:29:36.672315	2.125	-2.9375	-3.5625	-44.25	-48.1875	-42.625	-236.1875	13.4375	-36.5	218.375	106.125	22.625
11:29:36.682474	1.4375	-2.8125	-3.5	-35.875	-30.75	-42.1875	-242.625	46.0	-37.125	218.375	106.125	22.625
11:29:36.692588	0.5625	-2.6875	-4.25	-33.9375	-19.8125	-42.125	-246.6875	65.0625	-36.9375	225.8125	107.6875	30.625
11:29:36.703007	-0.8125	-2.3125	-4.5625	-33.875	-12.5625	-42.5625	-245.9375	66.8125	-38.4375	225.25	91.0625	32.625
11:29:36.713107	-2.25	-2.1875	-4.0625	-34.0625	-7.125	-42.75	-244.6875	53.6875	-41.1875	224.3125	74.5	34.5625
11:29:36.723277	-3.6875	-1.5	-3.9375	-31.8125	-3.625	-42.6875	-242.75	29.6875	-43.0625	215.875	51.1875	35.1875
11:29:36.733767	-5.125	0.0	-3.625	-28.375	-0.625	-42.8125	-243.0625	3.1875	-43.125	204.375	29.1875	34.375
11:29:36.744068	-6.125	2.6875	-3.0	-22.5625	3.5625	-43.125	-241.9375	-16.25	-42.0	210.9375	19.1875	31.5
11:29:36.754136	-7.1875	5.5625	-1.875	-14.8125	4.1875	-40.875	-238.5	-25.875	-40.625	223.4375	18.0625	26.375
11:29:36.764208	-7.9375	9.0625	-0.5	-7.875	3.875	-37.5625	-234.0625	-23.0	-38.625	223.4375	18.0625	26.375
11:29:36.774325	-8.1875	11.9375	1.25	-3.1875	1.1875	-34.375	-230.3125	-17.75	-36.25	215.1875	16.0	24.4375
11:29:36.784426	-8.4375	14.0	3.1875	0.0625	-2.0625	-31.375	-226.1875	-17.125	-33.5	212.5	12.75	17.0625
11:29:36.794497	-8.4375	14.5	5.0	6.375	-0.6875	-27.8125	-219.9375	-21.8125	-31.1875	212.5	12.75	17.0625
11:29:36.804571	-8.0625	14.125	6.4375	13.5625	2.5625	-25.0625	-213.3125	-29.375	-28.3125	197.1875	2.125	6.75
11:29:36.814936	-7.6875	12.625	7.4375	20.125	3.8125	-22.75	-206.125	-34.75	-24.625	189.875	-3.0	4.1875
11:29:36.825034	-6.25	8.5	9.75	25.375	3.25	-21.9375	-198.8125	-37.0	-21.25	178.1875	-6.3125	-1.3125
11:29:36.835493	-6.25	8.5	9.75	29.8125	-2.6875	-18.875	-189.75	-36.0625	-17.6875	165.125	-9.0	-2.75
11:29:36.845978	-5.25	2.6875	10.8125	30.875	-12.5625	-16.0625	-177.8125	-35.8125	-14.8125	152.8125	-10.5	-3.0625
11:29:36.856054	-5.1875	0.75	12.0625	29.0625	-22.75	-13.75	-162.5625	-35.5	-12.125	141.375	-17.375	-3.875
11:29:36.866145	-5.4375	-0.5625	12.875	29.25	-29.3125	-11.6875	-146.125	-37.8125	-9.6875	141.375	-17.375	-3.875
11:29:36.876574	-5.4375	-0.5625	12.875	29.3125	-29.1875	-11.1875	-126.4375	-39.5	-7.9375	106.6875	-24.1875	-3.875
11:29:36.886656	-6.0	-5.875	13.4375	29.75	-25.25	-9.9375	-105.6875	-41.3125	-6.25	86.0625	-20.5625	1.8125
11:29:36.896725	-6.0	-7.75	14.125	25.0625	-20.5625	-9.6875	-83.1875	-37.1875	-5.125	60.3125	-16.8125	4.75
11:29:36.906796	-5.875	-8.75	13.4375	18.25	-11.75	-9.0625	-60.0	-28.5625	-5.3125	36.3125	-12.25	3.5625
11:29:36.916870	-5.125	-9.25	11.25	12.8125	-4.1875	-7.9375	-36.5	-19.0	-5.8125	11.0	-7.1875	4.125
11:29:36.926977	-4.25	-9.8125	7.5	9.3125	0.9375	-7.625	-13.0	-7.8125	-6.0625	-15.1875	-8.5625	4.625
11:29:36.937057	-3.4375	-8.75	4.125	5.0625	2.0625	-7.25	10.5	-0.9375	-5.875	-36.9375	-5.25	4.1875
11:29:36.947124	-2.9375	-6.375	-0.125	-0.75	-0.8125	-7.1875	33.5	-0.25	-5.5625	-54.625	-9.8125	1.625
11:29:36.957194	-2.3125	-3.75	-4.875	-5.4375	-7.4375	-7.625	55.0	-1.9375	-5.25	-69.125	-17.625	-1.3125
11:29:36.967297	-1.3125	-0.1875	-6.8125	-6.6875	-15.6875	-7.3125	74.1875	-7.6875	-4.9375	-65.6875	-24.0625	-14.8125
11:29:36.977387	-0.75	2.4375	-7.625	-5.1875	-21.3125	-6.0625	90.25	-17.25	-4.625	-138.0625	-84.875	-44.875
11:29:36.987480	0.125	4.1875	-6.375	-2.3125	-22.75	-4.0625	102.9375	-26.1875	-4.5625	-114.375	-52.125	-28.0625
11:29:36.997583	1.125	5.125	-3.8125	0.0	-21.625	-0.3125	113.0625	-32.875	-4.0625	-114.375	-52.125	-28.0625
11:29:37.007691	2.25	6.1875	-1.1875	3.75	-16.1875	4.3125	113.875	-38.8125	-3.0	66.25	-128.125	-19.375
11:29:37.017765	4.0625	8.0625	2.5625	19.5	-6.4375	9.6875	95.1875	-6.625	-1.875	170.0625	23.375	-28.8125
11:29:37.027833	6.875	7.4375	7.625	41.4375	15.6875	16.8125	48.8125	42.125	0.125	-53.625	116.5625	-55.0
11:29:37.037928	9.25	5.0	11.4375	54.125	39.25	23.8125	9.5625	-14.8125	3.5	-199.5625	-261.875	-41.8125
11:29:37.048010	10.6875	5.1875	11.3125	53.6875	40.8125	29.0625	11.0	-69.5625	-1.5625	-223.375	-306.875	41.0625
11:29:37.058083	10.8125	8.75	8.0	48.75	39.3125	32.5	46.5	-109.625	-15.9375	-229.375	34.625	125.0
11:29:37.068164	9.8125	15.6875	3.6875	43.3125	40.75	28.5	74.375	-106.5	-25.0	-203.9375	124.6875	108.375
11:29:37.078247	8.625	24.5	0.5	18.5625	24.25	14.1875	70.25	-48.4375	-24.0	-134.625	-14.0625	33.125
11:29:37.088397	7.75	31.0	-1.5625	-6.8125	6.875	2.5	62.0625	32.375	-9.4375	-92.25	-74.875	40.1875
11:29:37.098503	7.375	31.3125	-2.125	-1.1875	22.5	5.1875	62.1875	79.3125	0.3125	-67.8125	-12.375	38.8125
11:29:37.108602	8.1875	24.5	-1.375	21.4375	53.0625	19.6875	64.6875	75.875	5.125	44.125	13.0	4.9375
11:29:37.118759	10.5	14.125	-1.125	29.0	68.375	30.75	64.4375	47.4375	5.0	57.0625	-8.5625	3.25
11:29:37.129388	11.4375	2.875	-2.0625	37.625	75.875	31.25	62.25	-8.6875	0.5625	-12.625	-29.8125	7.75
11:29:37.139542	11.375	-6.375	-5.25	48.0625	81.125	27.125	59.375	-55.3125	-7.875	-77.4375	-41.125	-1.375
11:29:37.149632	10.6875	-11.8125	-8.75	61.75	88.6875	23.625	50.25	-28.9375	-20.375	-86.1875	-26.0	4.5
11:29:37.159747	9.8125	-14.625	-10.75	71.5625	84.9375	24.5	46.5	10.125	-17.75	-96.6875	-33.1875	12.5
11:29:37.170028	9.25	-16.3125	-10.75	73.6875	68.1875	24.375	48.25	34.375	-12.25	-54.8125	-15.75	11.0
11:29:37.180481	9.1875	-17.0625	-9.0625	69.3125	41.6875	25.1875	48.3125	43.4375	-7.75	-5.5625	15.0625	2.375
11:29:37.190627	9.0	-17.125	-6.6875	57.8125	9.75	26.75	44.375	36.6875	-5.6875	8.3125	22.0625	-8.25
11:29:37.200743	8.1875	-16.8125	-3.9375	30.5625	-42.5625	27.8125	41.125	18.875	-7.3125	-11.5625	4.25	-18.5625
11:29:37.211429	6.75	-14.9375	-1.5625	30.5625	-42.5625	27.8125	42.1875	-0.5625	-9.125	-43.3125	-1.1875	-8.875
11:29:37.221516	5.0	-11.125	0.1875	14.3125	-41.5625	24.625	40.75	-15.8125	-7.9375	-55.3125	-15.75	1.75
11:29:37.231659	3.125	-5.625	1.375	26.875	-31.9375	24.3125	38.625	-22.5	-4.875	-48.3125	-21.9375	5.0625
11:29:37.241819	1.375	-0.125	3.3125	48.75	-13.8125	21.8125	38.9375	-20.5	-2.4375	-24.9375	-9.125	9.8125
11:29:37.252283	-0.0625	4.5625	5.5625	54.375	8.125	19.75	39.0625	-8.125	-0.875	-5.9375	-4.4375	5.6875
11:29:37.262383	-0.75	7.5625	7.0	66.9375	28.4375	22.0625	36.875	7.75	0.0625	1.5625	-1.125	-6.4375
11:29:37.273092	-0.9375	8.5625	7.1875	65.875	45.0	27.25	34.1875	22.5	0.375	-37.75	10.125	-14.1875
11:29:37.283328	-0.875	8.125	6.125	61.375	57.375	30.75	33.8125	34.3125	-0.3125	-47.5	2.4375	-3.5
11:29:37.293667	-0.875	7.125	4.125	57.125	63.75	30.8125	34.0625	43.25	-0.375	-41.625	0.5	4.0
11:29:37.304282	-1.0625	6.4375	2.0	57.5625	69.75	29.375	32.9375	51.625	0.9375	-30.875	1.625	1.0
11:29:37.314352	-1.75	6.3125	-1.4375	58.3125	75.9375	28.875	31.9375	52.6875	3.3125	-16.5625	5.5	0.3125
11:29:37.324490	-1.5625	6.6875	-4.4375	59.1875	82.8125	29.5625	32.75	46.3125	5.3125	-13.3125	8.125	2.4375
11:29:37.334631	-1.5625	6.6875	-4.4375	59.4375	85.75	30.9375	34.6875	37.25	6.0625	-13.3125	8.125	2.4375
11:29:37.344735	-2.0625	7.875	-5.5625	54.625	87.875	31.625	34.875	29.0	5.625	-19.5	0.375	-4.8125
11:29:37.354857	-2.375	9.0	-4.875	49.125	79.6875	31.4375	34.1875	15.1875	5.5625	-25.625	1.25	-2.1875
11:29:37.365229	-2.5	10.3125	-4.5	44.625	72.375	30.4375	36.25	4.0625	4.0625	-28.9375	-3.8125	3.625
11:29:37.375564	-2.3125	12.3125	-3.3125	42.6875	55.6875	31.25	35.375	7.625	5.0	-31.5	-5.875	-3.75
11:29:37.386215	-1.75	12.125	-2.6875	40.6875	41.5	30.0	35.625	2.6875	5.0625	-28.8125	2.875	-9.8125
11:29:37.396799	-1.375	12.1875	-1.625	39.0	26.375	28.4375	36.9375	-8.125	4.125	-37.0	6.75	-5.375
11:29:37.406868	-0.875	11.625	-1.1875	38.6875	9.875	26.875	39.125	-11.9375	3.9375	-32.1875	9.125	-1.125
11:29:37.416942	0.0625	10.375	-1.125	39.125	-0.1875	25.625	38.375	-17.5	4.625	-31.9375	0.9375	-8.5625
11:29:37.427018	1.1875	8.625	-0.9375	38.75	-5.9375	23.875	36.6875	-24.75	5.1875	-32.0625	0.0625	-2.9375
11:29:37.437093	2.75	6.5625	-0.5625	39.125	-9.875	22.75	38.4375	-23.6875	4.875	-34.75	3.4375	4.3125
11:29:37.447175	4.3125	3.9375	0.125	39.9375	-9.6875	23.1875	39.75	-18.0	4.875	-22.9375	-1.125	3.3125
11:29:37.457244	5.5625	1.375	1.0	39.4375	-7.125	24.375	38.0	-20.75	5.25	-30.3125	-5.625	4.125
11:29:37.467317	6.6875	-0.1875	1.625	37.25	-3.0625	26.375	37.625	-22.3125	4.375	-33.375	-4.4375	8.5
11:29:37.477395	7.375	-0.8125	2.75	36.4375	2.875	28.5625	41.25	-19.5625	3.1875	-41.375	3.4375	7.4375
11:29:37.487468	7.9375	-0.5625	3.0625	35.9375	11.625	29.75	44.125	-12.625	2.375	-41.375	3.4375	7.4375
11:29:37.497570	8.25	0.875	3.25	34.1875	18.875	30.125	43.25	-14.0625	1.1875	-36.0	2.5	-0.9375
11:29:37.507635	8.375	2.75	3.75	33.6875	23.3125	31.0625	44.5625	-12.9375	0.1875	-43.3125	13.0	0.6875
11:29:37.517702	8.25	5.125	4.125	31.9375	26.625	29.75	50.5625	-6.875	0.75	-41.875	13.375	-1.1875
11:29:37.527775	7.8125	7.4375	4.1875	29.8125	31.0	29.25	51.875	-5.625	2.125	-41.875	13.375	-1.1875
11:29:37.537849	7.1875	9.75	4.3125	28.625	39.3125	28.625	50.875	-6.875	1.8125	-36.4375	3.9375	-1.4375
11:29:37.547926	6.5625	11.625	4.1875	27.6875	41.5625	27.0	55.1875	-2.5625	1.25	-47.4375	10.5625	-1.3125
11:29:37.557994	5.8125	14.0625	4.625	29.1875	43.0	24.6875	60.25	0.875	2.875	-38.4375	13.0	-1.6875
11:29:37.568162	4.5625	16.3125	4.5	29.1875	42.1875	23.9375	58.25	3.375	4.125	-30.125	0.3125	-6.3125
11:29:37.578236	3.9375	17.875	4.75	28.625	39.875	24.0	57.25	9.125	3.3125	-42.375	6.875	-6.0
11:29:37.588308	2.5	19.125	4.75	28.0625	38.75	26.25	61.3125	14.1875	3.5625	-51.75	23.5625	-2.0
11:29:37.598404	2.0625	19.75	5.0	26.0	40.625	28.75	61.3125	18.0625	5.0625	-51.75	23.5625	-2.0
11:29:37.608520	2.0625	20.0	4.75	23.3125	40.125	29.75	58.5	20.0	4.75	-45.3125	-43.4375	30.5
11:29:37.618635	1.875	19.125	4.5625	22.625	35.9375	30.375	58.625	26.125	3.4375	-60.9375	6.5	38.375
11:29:37.628753	1.75	17.25	3.5	22.625	32.875	30.625	59.875	32.6875	5.3125	-74.5	19.9375	6.125
11:29:37.638825	1.625	14.125	2.9375	22.5	31.4375	31.3125	60.0625	40.5625	8.5	-65.875	-21.375	-1.625
11:29:37.648907	1.375	10.5	2.3125	22.9375	31.75	32.1875	59.4375	36.0	10.5	-69.0625	-8.6875	8.875
11:29:37.659000	0.75	6.75	2.3125	24.875	31.875	34.875	61.5625	32.0	12.25	-69.0625	-8.6875	8.875
11:29:37.669079	0.625	4.125	3.125	24.3125	30.8125	37.125	65.5	30.0	15.75	-79.5	-30.25	2.875
11:29:37.679749	0.5625	1.6875	3.875	21.125	29.125	36.8125	65.5	27.6875	18.25	-75.6875	-43.4375	4.3125
11:29:37.689852	-0.375	-0.3125	4.875	18.875	25.625	36.3125	66.5	22.8125	18.875	-81.8125	-39.4375	8.125
11:29:37.699949	-0.875	-2.3125	6.0625	17.25	22.5	36.5625	74.75	22.25	20.625	-90.0625	-41.1875	6.6875
11:29:37.710481	-0.875	-3.75	7.75	14.125	19.5625	36.9375	74.75	22.25	20.625	-94.125	-47.0625	4.3125
11:29:37.720837	-0.625	-4.5	8.625	10.25	18.9375	36.875	79.0625	30.25	23.3125	-89.3125	-46.625	8.4375
11:29:37.731009	-1.25	-6.125	8.6875	8.5625	19.5	34.6875	84.3125	32.1875	25.5625	-99.4375	-35.75	8.75
11:29:37.741138	-3.4375	-8.25	10.0	5.8125	19.625	26.4375	89.125	29.25	27.0	-110.6875	-33.75	4.9375
11:29:37.751771	-6.6875	-9.4375	13.0	5.8125	19.625	26.4375	92.625	19.625	26.9375	-101.25	-68.0	-0.375
11:29:37.762142	-9.9375	-12.125	15.8125	-3.125	-3.0625	15.6875	97.9375	12.0625	24.0625	-96.125	-62.5	11.1875
11:29:37.772261	-11.5625	-16.9375	15.4375	-10.1875	-16.1875	8.9375	107.625	15.9375	22.9375	-131.0	-35.3125	21.3125
11:29:37.782702	-13.25	-26.0	11.4375	-21.8125	-24.1875	2.3125	113.8125	25.8125	22.75	-131.875	-57.4375	23.6875
11:29:37.792880	-13.5625	-37.0	6.3125	-36.5625	-33.5	-4.1875	116.4375	33.25	21.0	-126.0	-35.875	37.3125
11:29:37.802995	-13.0625	-47.6875	1.125	-49.5625	-43.375	-10.8125	120.25	39.4375	19.125	-130.8125	-21.75	53.1875
11:29:37.813686	-11.0625	-52.125	-2.6875	-62.4375	-49.5625	-16.8125	130.9375	60.3125	20.375	-143.0625	-19.3125	72.375
11:29:37.823811	-9.125	-48.875	-4.6875	-77.3125	-55.375	-21.25	144.8125	95.625	23.875	-139.0625	13.375	82.5
11:29:37.833917	-7.5	-39.4375	-4.5	-93.375	-61.125	-25.125	147.625	129.625	28.25	-149.875	37.375	81.3125
11:29:37.844503	-5.5625	-26.5625	-3.5	-105.8125	-69.3125	-29.5625	142.375	145.5625	29.4375	-170.5	51.3125	71.5625
11:29:37.854918	-3.8125	-14.1875	-3.6875	-116.75	-74.75	-32.1875	137.375	132.1875	27.8125	-208.1875	22.3125	37.3125
11:29:37.865459	-3.375	-4.0	-5.5	-122.8125	-65.0	-38.1875	125.3125	79.125	28.5	-288.1875	-44.9375	17.375
11:29:37.875564	-4.6875	10.0	-9.25	-135.625	-51.0	-41.3125	116.75	25.25	29.75	-336.5	-76.0625	15.8125
11:29:37.885638	-6.625	13.1875	-9.375	-145.625	-8.375	-47.125	111.1875	-0.1875	24.625	-340.8125	-67.6875	30.75
11:29:37.895732	-8.9375	13.0625	-8.75	-145.8125	10.875	-53.25	103.0625	3.75	23.0625	-320.4375	-155.4375	18.5
11:29:37.905865	-10.75	9.75	-7.3125	-136.375	4.0	-64.25	95.0625	2.6875	24.75	-270.0	-231.5625	-18.625
11:29:37.916507	-11.6875	4.875	-5.4375	-113.875	-5.875	-68.375	89.375	-14.125	22.1875	-131.125	-119.0625	-30.9375
11:29:37.926580	-11.0625	0.125	-3.1875	-93.3125	-4.625	-69.1875	83.3125	-9.0625	19.3125	3.1875	198.8125	36.875
11:29:37.936677	-9.3125	-5.0	-0.125	-82.5	-2.6875	-70.375	71.125	3.1875	14.875	90.75	256.9375	33.25
11:29:37.946746	-6.375	-9.9375	1.4375	-75.625	-13.5625	-64.75	47.5625	-2.6875	8.5625	123.4375	137.1875	-25.875
11:29:37.956831	-3.25	-14.9375	1.5	-78.1875	-30.0625	-63.875	17.6875	-15.9375	5.25	72.8125	44.375	-59.125
11:29:37.966903	-1.375	-17.75	1.1875	-86.375	-29.4375	-63.375	-10.25	-33.8125	1.8125	44.375	39.25	-52.125
11:29:37.976970	-0.6875	-19.125	1.0	-94.5625	-35.4375	-64.5625	-31.375	-58.0625	-4.125	88.875	116.0625	-36.375
11:29:37.987037	-0.375	-18.5	-0.0625	-100.625	-40.4375	-66.0625	-50.5	-70.1875	-12.0	88.875	116.0625	-36.375
11:29:37.997571	-0.375	-18.5	-0.0625	-101.0	-48.5	-67.75	-73.0	-70.25	-17.875	230.875	70.9375	-82.0
11:29:38.007654	0.4375	-16.875	-2.0625	-97.8125	-56.0625	-70.6875	-94.6875	-65.3125	-23.9375	221.0	17.3125	-65.875
11:29:38.017728	1.25	-14.9375	-3.75	-93.5625	-64.0625	-71.0625	-115.1875	-60.375	-26.3125	167.6875	18.8125	-24.0625
11:29:38.027797	2.5	-13.25	-5.4375	-87.0	-71.9375	-69.25	-134.6875	-52.3125	-22.3125	159.1875	27.0	-20.1875
11:29:38.037870	3.3125	-11.625	-6.125	-79.375	-75.875	-66.1875	-153.4375	-53.875	-17.5625	202.0625	20.5	-16.125
11:29:38.047990	4.0	-10.1875	-6.375	-77.875	-75.9375	-62.1875	-171.9375	-59.0	-17.875	239.5	12.375	-7.75
11:29:38.058068	4.3125	-8.75	-6.125	-78.625	-78.125	-57.125	-189.75	-65.1875	-21.3125	260.625	17.0625	-9.0625
11:29:38.068140	4.875	-7.3125	-5.5	-79.875	-76.5625	-51.6875	-206.5625	-66.625	-24.5	269.875	38.9375	-14.6875
11:29:38.078245	5.5	-6.125	-5.6875	-74.5625	-73.625	-45.25	-222.1875	-58.5625	-26.625	262.125	61.3125	-9.25
11:29:38.088313	5.625	-5.4375	-5.9375	-60.375	-67.625	-40.3125	-236.375	-34.3125	-28.625	262.125	61.3125	-9.25
11:29:38.098385	5.9375	-4.875	-5.8125	-54.0625	-58.4375	-38.75	-246.125	-2.0	-30.8125	240.3125	98.5	10.3125
11:29:38.108492	5.625	-4.875	-5.8125	-41.8125	-45.9375	-37.625	-254.1875	36.0	-31.5625	240.3125	98.5	10.3125
11:29:38.118561	4.875	-5.4375	-5.875	-35.3125	-36.4375	-36.0625	-259.8125	65.5625	-32.0	240.3125	98.5	10.3125
11:29:38.128632	3.5	-5.9375	-5.25	-30.3125	-25.3125	-36.1875	-262.1875	78.375	-34.1875	237.3125	125.625	21.75
11:29:38.138702	1.75	-6.5625	-4.3125	-30.4375	-17.625	-35.875	-261.9375	76.625	-37.75	236.375	119.125	26.5
11:29:38.148820	-0.1875	-6.5625	-4.6875	-27.5	-10.5625	-35.5625	-260.3125	61.9375	-41.25	235.75	105.9375	31.3125
11:29:38.158896	-2.4375	-6.3125	-4.8125	-23.1875	-5.0	-36.125	-258.875	37.75	-42.75	235.75	105.9375	31.3125
11:29:38.169009	-4.0625	-4.6875	-4.5625	-17.3125	-3.25	-35.5	-256.875	13.1875	-43.0	235.75	105.9375	31.3125
11:29:38.179119	-5.25	-2.8125	-4.5625	-11.6875	0.8125	-36.75	-252.4375	-5.625	-42.75	214.875	47.8125	36.75
11:29:38.189216	-6.3125	-0.625	-4.6875	-5.875	5.1875	-35.75	-246.0	-16.375	-41.625	214.875	47.8125	36.75
11:29:38.199373	-7.1875	2.875	-4.0625	-1.3125	2.4375	-32.9375	-239.875	-18.25	-38.9375	232.4375	27.75	30.5
11:29:38.209515	-8.0625	6.5	-2.5625	0.125	-0.875	-31.0	-233.5625	-16.875	-35.25	232.4375	27.75	30.5
11:29:38.220114	-8.5	10.1875	-0.6875	3.5625	-2.5625	-27.875	-223.75	-20.125	-31.25	208.4375	4.8125	20.5625
11:29:38.230441	-8.5625	12.1875	0.75	7.625	-0.875	-24.6875	-212.6875	-27.625	-26.8125	208.4375	4.8125	20.5625
11:29:38.240557	-8.375	12.9375	2.4375	15.1875	1.75	-22.0625	-189.0625	-41.1875	-16.6875	194.4375	6.125	2.75
11:29:38.250677	-8.0	13.375	4.0625	21.375	4.0	-20.8125	-175.625	-41.0	-12.8125	194.4375	6.125	2.75
11:29:38.260773	-7.25	12.9375	4.75	23.3125	0.375	-20.6875	-160.5625	-36.0625	-10.125	176.75	2.6875	-5.25
11:29:38.270925	-6.25	12.6875	6.125	25.75	-5.25	-21.4375	-144.75	-27.625	-8.8125	176.75	2.6875	-5.25
11:29:38.281586	-5.3125	11.625	6.25	26.9375	-17.0	-19.25	-144.75	-27.625	-8.8125	119.0625	3.4375	1.0
11:29:38.291661	-4.5625	9.0625	5.9375	25.5625	-17.1875	-18.0	-106.875	-12.75	-8.375	119.0625	3.4375	1.0
11:29:38.302271	-2.9375	7.3125	6.75	23.75	-15.625	-14.8125	-85.875	-6.4375	-7.9375	119.0625	3.4375	1.0
11:29:38.312399	-2.25	3.375	5.0	22.4375	-14.875	-12.75	-65.0625	-2.1875	-7.9375	119.0625	3.4375	1.0
11:29:38.322578	-1.3125	-1.0	3.75	20.0625	-14.9375	-11.125	-44.0	-0.625	-7.5	59.0625	-3.3125	13.5625
11:29:38.333027	-1.5625	-4.9375	3.0625	16.25	-16.25	-10.25	-23.0	-1.6875	-6.625	59.0625	-3.3125	13.5625
11:29:38.343116	-2.3125	-8.75	1.4375	12.125	-15.75	-9.25	-2.9375	-5.0	-5.75	59.0625	-3.3125	13.5625
11:29:38.353205	-2.625	-11.0625	0.875	7.0	-16.375	-8.5	16.125	-9.6875	-5.3125	59.0625	-3.3125	13.5625
11:29:38.363368	-3.0	-13.5	0.0	2.0625	-19.25	-7.0625	34.25	-14.0	-4.8125	59.0625	-3.3125	13.5625
11:29:38.373592	-2.75	-15.625	-0.5	-1.5625	-22.9375	-5.0	51.375	-17.125	-4.3125	59.0625	-3.3125	13.5625
11:29:38.384030	-2.4375	-16.9375	-1.4375	-2.125	-26.0	-3.0	51.375	-17.125	-4.3125	4.9375	-25.125	7.0625
11:29:38.394131	-2.0625	-16.625	-2.9375	0.0	-27.1875	-0.6875	81.9375	-20.625	-3.5	-42.75	-30.75	-11.9375
11:29:38.404267	-1.75	-15.5625	-3.8125	3.0625	-26.0625	0.875	93.5	-21.875	-2.875	-42.75	-30.75	-11.9375
11:29:38.415023	-1.375	-13.5625	-4.1875	11.875	-22.75	2.375	103.125	-25.5625	-1.25	-42.75	-30.75	-11.9375
11:29:38.425089	0.0625	-9.625	-0.5625	21.375	-17.8125	4.5	103.4375	-7.125	-0.375	-42.75	-30.75	-11.9375
11:29:38.435164	0.0625	-9.625	-0.5625	30.375	-11.875	8.875	76.5	46.9375	-0.5	-31.625	-40.75	-26.625
11:29:38.445284	3.5	-2.5	2.5	46.625	-1.0	16.75	36.3125	30.5625	5.5	135.3125	-38.8125	-18.375
11:29:38.455400	3.5	-2.5	2.5	53.75	11.4375	23.625	20.5	-40.8125	7.8125	-102.125	-12.1875	-62.5
11:29:38.466123	9.8125	-0.1875	10.125	53.5625	19.6875	23.1875	38.6875	-74.625	-2.75	-102.125	-12.1875	-62.5
11:29:38.476225	11.0	3.125	9.25	41.1875	21.9375	20.3125	66.25	-87.625	-14.5	-102.125	-12.1875	-62.5
11:29:38.486915	10.6875	10.3125	4.875	20.6875	31.75	16.5	66.25	-87.625	-14.5	-219.3125	85.0625	120.5
11:29:38.496987	9.6875	21.3125	0.1875	6.5	36.4375	11.875	71.5	-9.9375	-10.9375	-219.3125	85.0625	120.5
11:29:38.507105	8.875	33.875	-3.4375	-3.1875	15.5625	5.9375	65.0625	43.4375	1.9375	-219.3125	85.0625	120.5
11:29:38.517730	8.875	33.875	-3.4375	-7.1875	6.75	3.4375	60.5625	48.0625	8.4375	-219.3125	85.0625	120.5
11:29:38.527805	8.125	39.0625	-2.875	6.5625	24.625	12.0625	58.8125	25.25	10.5	-219.3125	85.0625	120.5
11:29:38.537924	8.875	29.125	0.3125	36.25	65.5625	28.25	59.625	-12.9375	5.1875	-219.3125	85.0625	120.5
11:29:38.547993	10.4375	15.3125	2.375	48.4375	94.6875	38.6875	61.0625	-48.6875	-5.0625	-219.3125	85.0625	120.5
11:29:38.558072	12.1875	2.5	1.1875	57.0	108.8125	37.0625	56.875	-59.25	-14.9375	-219.3125	85.0625	120.5
11:29:38.568141	12.625	-6.3125	-1.6875	67.5625	106.1875	30.9375	49.0625	-37.625	-21.0	-219.3125	85.0625	120.5
11:29:38.578216	12.25	-11.8125	-4.625	72.75	94.625	26.25	44.5625	0.875	-21.1875	-219.3125	85.0625	120.5
11:29:38.588673	12.25	-11.8125	-4.625	68.8125	79.0	24.75	44.5625	0.875	-21.1875	-74.875	-28.375	-22.375
11:29:38.598819	13.1875	-14.75	-10.1875	67.75	54.75	26.0625	45.25	54.5	-11.3125	-75.625	-21.375	15.8125
11:29:38.608912	14.25	-14.9375	-10.6875	64.8125	23.0	28.6875	41.75	51.3125	-6.25	-75.625	-21.375	15.8125
11:29:38.618995	14.6875	-14.8125	-8.5	57.4375	-7.25	31.875	38.8125	33.125	-5.9375	-75.625	-21.375	15.8125
11:29:38.629091	14.6875	-14.8125	-8.5	48.3125	-29.4375	33.5625	38.1875	4.5	-7.1875	-75.625	-21.375	15.8125
11:29:38.639159	13.5	-11.375	-2.8125	41.375	-39.0625	32.9375	36.625	-25.8125	-6.75	-75.625	-21.375	15.8125
11:29:38.649930	12.4375	-8.625	-1.0	33.5	-39.25	31.4375	34.5	-48.75	-5.5	-75.625	-21.375	15.8125
11:29:38.660014	11.25	-4.375	0.0	25.875	-34.3125	29.75	35.0625	-49.125	-4.0	-75.625	-21.375	15.8125
11:29:38.670088	9.375	0.1875	1.375	30.875	-23.5625	29.6875	36.125	-28.5	-2.8125	-75.625	-21.375	15.8125
11:29:38.680194	7.5625	5.3125	2.8125	50.1875	-8.75	29.375	34.25	0.3125	-2.0	-75.625	-21.375	15.8125
11:29:38.690271	7.5625	5.3125	2.8125	59.75	14.875	24.8125	34.25	0.3125	-2.0	-1.0	3.0	-10.5
11:29:38.700401	4.375	10.125	4.75	67.3125	32.9375	26.0625	31.625	39.4375	-1.125	-1.0	3.0	-10.5
11:29:38.710548	3.0	9.25	3.5625	70.25	51.5	30.0	32.8125	48.0	-0.625	-1.0	3.0	-10.5
11:29:38.721021	2.125	7.75	1.4375	67.5	67.3125	31.75	32.5	57.3125	0.625	-1.0	3.0	-10.5
11:29:38.731132	1.0625	6.625	-1.0625	64.75	77.875	30.5	31.875	48.8125	6.3125	-1.0	3.0	-10.5
11:29:38.741250	0.5	6.125	-3.875	62.25	93.9375	27.3125	32.9375	34.375	7.4375	-1.0	3.0	-10.5
11:29:38.751346	-0.1875	6.25	-6.0	58.0625	96.4375	27.5	32.5	21.8125	7.5	-1.0	3.0	-10.5
11:29:38.761454	-0.75	6.5625	-7.6875	58.0625	96.4375	27.5	32.5	21.8125	7.5	-1.0	3.0	-10.5
11:29:38.771556	-1.0625	8.375	-8.4375	53.0625	90.6875	31.25	34.1875	3.1875	4.0625	-1.0	3.0	-10.5
11:29:38.782176	-1.0625	11.0	-10.0	47.875	79.75	30.0	34.1875	3.1875	4.0625	-51.25	6.5625	-3.375
11:29:38.792249	-2.5	14.0	-8.875	47.875	79.75	30.0	34.1875	3.1875	4.0625	-27.625	2.875	-8.1875
11:29:38.802343	-3.0	16.8125	-7.1875	42.375	42.75	29.3125	34.5	7.0	4.125	-27.625	2.875	-8.1875
11:29:38.812495	-3.1875	18.625	-5.3125	42.25	25.9375	28.6875	37.4375	1.9375	4.5	-27.625	2.875	-8.1875
11:29:38.823013	-2.875	19.4375	-3.5625	40.375	14.125	27.4375	40.625	-0.625	5.0	-27.625	2.875	-8.1875
11:29:38.833141	-2.1875	18.75	-2.6875	40.0	7.0625	25.0	39.5	-9.0	6.0	-27.625	2.875	-8.1875
11:29:38.843763	-1.5625	17.5625	-2.375	38.75	1.625	21.9375	38.1875	-16.875	6.1875	-27.625	2.875	-8.1875
11:29:38.853913	-0.75	15.8125	-3.0625	38.5	-3.5625	20.4375	40.0625	-19.3125	5.75	-27.625	2.875	-8.1875
11:29:38.864127	0.0625	13.4375	-3.5	40.5	-4.0	20.875	41.125	-18.375	6.0	-27.625	2.875	-8.1875
11:29:38.874196	1.25	11.5	-4.5	39.375	-2.375	21.3125	40.125	-21.25	6.25	-27.625	2.875	-8.1875
11:29:38.884265	2.875	8.75	-4.9375	38.25	5.1875	23.875	41.0625	-23.875	5.125	-42.3125	8.9375	-2.8125
11:29:38.894335	4.25	5.8125	-5.5	36.125	10.9375	25.6875	41.0625	-23.875	5.125	-42.3125	8.9375	-2.8125
11:29:38.904453	5.9375	2.625	-5.1875	36.125	10.9375	25.6875	41.0625	-23.875	5.125	-42.3125	8.9375	-2.8125
11:29:38.914774	7.8125	-1.0625	-3.875	34.8125	14.1875	27.125	44.8125	-14.4375	3.5625	-42.3125	8.9375	-2.8125
11:29:38.924848	8.5625	-1.125	-3.3125	31.1875	17.25	29.5625	46.375	-9.75	1.8125	-42.3125	8.9375	-2.8125
11:29:38.934920	9.1875	-0.125	-2.9375	30.9375	24.0	30.5	51.0625	1.25	3.75	-42.3125	8.9375	-2.8125
11:29:38.944997	9.375	1.9375	-2.75	29.9375	35.5	31.8125	49.5	1.6875	5.0	-42.3125	8.9375	-2.8125
11:29:38.955092	9.375	4.375	-2.625	28.8125	42.25	31.5	47.0	-2.375	3.75	-42.3125	8.9375	-2.8125
11:29:38.965168	9.25	6.25	-2.125	28.3125	41.0	30.625	51.875	-3.25	2.5625	-42.3125	8.9375	-2.8125
11:29:38.975254	8.75	8.3125	-1.625	28.8125	39.0	29.5	56.75	-3.5625	3.625	-42.3125	8.9375	-2.8125
11:29:38.985328	8.75	8.3125	-1.625	26.6875	32.75	28.1875	55.5	-1.375	4.125	-42.3125	8.9375	-2.8125
11:29:38.995400	6.5	11.1875	-1.0625	26.0625	28.25	27.0625	55.5625	2.5625	3.6875	-42.3125	8.9375	-2.8125
11:29:39.005473	4.875	12.875	-1.0	26.0625	24.0625	26.4375	58.9375	4.25	4.375	-42.3125	8.9375	-2.8125
11:29:39.015573	3.5	15.3125	-0.25	25.75	25.875	26.125	59.8125	7.75	5.125	-42.3125	8.9375	-2.8125
11:29:39.025643	3.3125	18.25	1.25	25.75	29.4375	26.5625	58.0625	11.5625	5.0625	-42.3125	8.9375	-2.8125
11:29:39.035717	2.875	20.0625	1.875	26.5	31.125	25.875	57.8125	18.625	4.4375	-42.3125	8.9375	-2.8125
11:29:39.045785	2.8125	21.1875	2.9375	26.375	33.3125	25.5625	60.25	28.4375	6.375	-42.3125	8.9375	-2.8125
11:29:39.055858	2.875	20.375	3.0625	26.8125	33.3125	26.3125	61.5	33.75	8.8125	-42.3125	8.9375	-2.8125
11:29:39.065936	2.375	17.1875	3.0	25.1875	35.1875	28.3125	61.8125	29.875	10.6875	-42.3125	8.9375	-2.8125
11:29:39.075998	2.0	12.8125	1.875	23.8125	33.8125	29.5	63.9375	26.8125	12.9375	-42.3125	8.9375	-2.8125
11:29:39.086069	1.25	7.0625	0.1875	20.375	28.75	31.75	66.375	21.125	15.625	-42.3125	8.9375	-2.8125
11:29:39.096642	1.25	7.0625	0.1875	15.9375	27.25	33.6875	66.9375	18.5625	18.0	-42.3125	8.9375	-2.8125
11:29:39.106733	0.875	4.625	-0.0625	15.9375	27.25	33.6875	66.9375	18.5625	18.0	-42.3125	8.9375	-2.8125
11:29:39.117020	0.4375	2.8125	0.0625	11.5625	26.8125	34.875	71.25	14.5	20.0625	-42.3125	8.9375	-2.8125
11:29:39.127169	-0.375	0.9375	1.375	11.0	25.1875	34.375	74.4375	17.1875	21.1875	-42.3125	8.9375	-2.8125
11:29:39.137238	-1.125	-0.5625	1.5625	9.25	22.9375	33.625	75.0	20.0625	22.625	-42.3125	8.9375	-2.8125
11:29:39.147369	-3.1875	-2.5	1.625	9.75	20.0	32.0625	75.0	20.0625	22.625	-42.3125	8.9375	-2.8125
11:29:39.157680	-3.1875	-2.5	1.625	9.9375	18.375	29.9375	75.0	20.0625	22.625	-78.0	-28.375	-0.75
11:29:39.168285	-7.5	-4.0	4.5	9.9375	18.375	29.9375	75.0	20.0625	22.625	-108.5	-33.8125	4.5
11:29:39.178379	-10.4375	-4.3125	8.5	2.375	8.5625	21.875	87.5625	11.875	27.0	-108.5	-33.8125	4.5
11:29:39.188452	-14.9375	-14.3125	8.125	-1.3125	-3.8125	15.5625	87.5625	11.875	27.0	-108.5	-33.8125	4.5
11:29:39.198523	-14.5625	-25.625	4.0625	-5.3125	-13.0625	9.1875	101.8125	11.6875	23.625	-108.5	-33.8125	4.5
11:29:39.208595	-13.3125	-37.9375	-1.3125	-14.75	-19.5	3.6875	101.8125	11.6875	23.625	-127.25	-58.3125	13.8125
11:29:39.218703	-11.8125	-47.0625	-6.0625	-26.125	-28.125	-1.6875	107.8125	29.125	22.8125	-127.25	-58.3125	13.8125
11:29:39.228773	-10.1875	-50.4375	-9.8125	-36.375	-36.75	-7.0625	107.8125	29.125	22.8125	-127.25	-58.3125	13.8125
11:29:39.238863	-9.0625	-45.75	-10.6875	-47.625	-41.0	-12.5	107.8125	29.125	22.8125	-140.375	-40.75	55.625
11:29:39.248970	-7.625	-33.375	-9.3125	-60.6875	-44.25	-17.375	133.3125	68.25	21.8125	-140.375	-40.75	55.625
11:29:39.259079	-6.125	-17.5	-7.25	-75.3125	-46.8125	-22.4375	139.75	101.125	25.625	-140.375	-40.75	55.625
11:29:39.269164	-4.5625	-3.3125	-5.8125	-90.8125	-51.625	-26.5625	139.75	101.125	25.625	-148.125	40.3125	85.125
11:29:39.279733	-4.25	7.0625	-6.5	-105.6875	-58.875	-31.5	140.375	138.5	26.75	-148.125	40.3125	85.125
11:29:39.289846	-5.0625	14.75	-8.375	-114.4375	-60.6875	-34.625	140.375	138.5	26.75	-216.75	10.125	40.1875
11:29:39.299962	-6.125	20.8125	-10.625	-121.6875	-54.0625	-41.4375	140.375	138.5	26.75	-292.125	-22.875	19.625
11:29:39.310097	-7.75	24.9375	-11.8125	-129.875	-40.0625	-44.125	111.5	22.0625	27.0	-292.125	-22.875	19.625
11:29:39.320209	-10.0	25.5625	-11.875	-137.5625	-4.625	-46.6875	104.25	-2.1875	21.5625	-330.1875	-49.8125	10.375
11:29:39.330791	-12.25	22.5625	-10.0625	-145.0625	10.4375	-58.25	95.5625	-0.25	19.8125	-330.1875	-49.8125	10.375
11:29:39.340933	-14.125	16.6875	-7.1875	-109.125	-12.0625	-70.6875	92.3125	-5.625	19.6875	-338.125	-65.375	29.8125
11:29:39.351113	-14.375	10.3125	-2.8125	-93.375	-9.75	-71.5625	92.3125	-5.625	19.6875	-86.0	-33.25	-2.875
11:29:39.361844	-12.3125	4.75	0.8125	-80.875	-4.3125	-67.75	82.625	16.5625	11.6875	108.9375	269.3125	12.9375
11:29:39.371949	-8.75	-0.25	3.0	-79.3125	-6.1875	-67.0	60.625	16.125	7.625	108.9375	269.3125	12.9375
11:29:39.382021	-5.25	-4.5625	5.5625	-80.875	-17.0	-63.25	4.625	-13.375	1.3125	108.9375	269.3125	12.9375
11:29:39.392608	-5.25	-4.5625	5.5625	-80.875	-17.0	-63.25	4.625	-13.375	1.3125	108.9375	269.3125	12.9375
11:29:39.402705	-2.6875	-8.4375	5.9375	-88.0	-22.875	-64.625	4.625	-13.375	1.3125	36.0625	47.3125	-39.0625
11:29:39.412800	-1.0	-10.0	4.0625	-93.1875	-23.9375	-65.3125	-39.125	-63.25	-12.1875	36.0625	47.3125	-39.0625
11:29:39.423189	-0.5	-8.1875	2.0	-95.5	-33.875	-71.25	-57.0	-73.5625	-19.5	98.875	133.0625	-35.75
11:29:39.433291	0.375	-6.0625	-0.4375	-92.25	-43.6875	-72.75	-57.0	-73.5625	-19.5	231.9375	-1.3125	-42.4375
11:29:39.443653	1.4375	-4.0	-2.125	-84.75	-50.4375	-72.25	-102.1875	-64.25	-31.625	231.9375	-1.3125	-42.4375
11:29:39.453782	2.5	-1.625	-2.5625	-75.5625	-54.625	-70.5625	-123.375	-58.75	-29.0	167.1875	30.25	-10.75
11:29:39.463897	2.875	0.5	-1.375	-70.0	-58.25	-68.1875	-123.375	-58.75	-29.0	210.5	24.25	-1.5
11:29:39.474057	3.0625	2.5625	0.1875	-69.5	-64.9375	-63.9375	-158.4375	-70.0	-25.0	210.5	24.25	-1.5
11:29:39.484125	3.125	3.5	1.0625	-71.875	-72.3125	-58.5625	-193.25	-75.625	-32.875	210.5	24.25	-1.5
11:29:39.494543	3.0	3.5625	1.25	-74.75	-74.75	-52.8125	-209.0	-66.0625	-35.3125	210.5	24.25	-1.5
11:29:39.504648	2.5625	3.3125	1.1875	-74.875	-75.1875	-46.375	-209.0	-66.0625	-35.3125	244.6875	64.25	5.1875
11:29:39.515294	1.6875	2.625	1.5	-64.375	-68.625	-43.6875	-230.0625	-10.25	-40.3125	244.6875	64.25	5.1875
11:29:39.525774	0.875	2.0	2.125	-55.1875	-52.5	-42.4375	-230.0625	-10.25	-40.3125	214.0	85.5625	25.5625
11:29:39.535845	0.25	1.75	0.9375	-47.25	-37.5625	-41.875	-242.3125	63.0625	-39.5	214.0	85.5625	25.5625
11:29:39.545916	-0.75	1.3125	-0.875	-40.125	-22.25	-42.8125	-241.375	76.0	-40.875	214.0	85.5625	25.5625
11:29:39.556158	-1.6875	0.4375	-1.1875	-36.1875	-10.5	-42.75	-241.375	76.0	-40.875	226.4375	96.375	33.1875
11:29:39.566248	-2.3125	-0.4375	-0.5	-36.75	-4.5625	-43.875	-241.375	76.0	-40.875	227.4375	89.0	31.6875
11:29:39.576779	-3.5	-0.6875	0.5	-36.6875	2.0	-46.125	-235.3125	31.4375	-48.625	227.4375	89.0	31.6875
11:29:39.587424	-6.1875	1.375	2.9375	-36.4375	3.0	-46.5	-232.1875	-0.5625	-48.0	227.4375	89.0	31.6875
11:29:39.597496	-7.125	3.5	3.75	-32.1875	5.125	-47.0625	-232.1875	-0.5625	-48.0	221.625	39.6875	27.5625
11:29:39.607569	-7.9375	6.0	4.5625	-24.1875	8.3125	-47.25	-232.1875	-0.5625	-48.0	224.25	26.125	23.9375
11:29:39.617642	-8.875	8.5	5.9375	-13.3125	7.6875	-45.875	-232.1875	-0.5625	-48.0	224.875	17.0625	20.3125
11:29:39.627720	-9.625	10.5625	7.6875	-5.5625	4.875	-43.6875	-232.1875	-0.5625	-48.0	212.875	6.75	18.5
11:29:39.637788	-9.75	11.9375	9.5	-2.5625	2.25	-42.3125	-232.1875	-0.5625	-48.0	196.75	-3.25	11.0
11:29:39.647863	-10.125	11.875	10.9375	-1.1875	-4.0	-40.5	-232.1875	-0.5625	-48.0	194.5625	4.875	2.3125
11:29:39.658324	-10.125	11.875	10.9375	3.3125	-5.0	-36.0625	-209.0	-26.9375	-26.875	194.5625	4.875	2.3125
11:29:39.668482	-8.5	10.125	13.1875	8.625	-3.1875	-32.5625	-190.25	-44.8125	-19.375	194.5625	4.875	2.3125
11:29:39.678611	-7.375	7.8125	13.3125	13.75	-3.5	-29.75	-179.25	-49.8125	-15.75	194.5625	4.875	2.3125
11:29:39.688680	-5.9375	5.0	13.75	17.5625	-8.3125	-27.125	-179.25	-49.8125	-15.75	194.5625	4.875	2.3125
11:29:39.698769	-4.5	2.4375	14.625	19.5625	-13.6875	-24.3125	-179.25	-49.8125	-15.75	159.375	-8.875	-3.5
11:29:39.708893	-3.125	0.5625	14.8125	18.375	-23.9375	-15.0	-141.3125	-42.3125	-9.25	159.375	-8.875	-3.5
11:29:39.719045	-2.625	-2.125	13.625	18.375	-23.9375	-15.0	-141.3125	-42.3125	-9.25	127.125	-18.5625	-1.125
11:29:39.729640	-2.125	-4.4375	12.5	20.0625	-24.8125	-10.8125	-112.25	-24.0	-5.75	127.125	-18.5625	-1.125
11:29:39.739743	-1.625	-7.375	11.375	20.8125	-24.625	-10.625	-112.25	-24.0	-5.75	92.375	-25.5625	-0.625
11:29:39.749845	-2.125	-9.875	10.125	18.5	-22.5	-10.125	-112.25	-24.0	-5.75	73.625	-27.5625	-2.25
11:29:39.759918	-3.3125	-11.8125	8.0625	15.25	-20.125	-10.3125	-53.3125	-32.8125	-0.4375	73.625	-27.5625	-2.25
11:29:39.770026	-3.75	-13.0	6.5	12.5	-16.5625	-10.0625	-53.3125	-32.8125	-0.4375	40.0	-29.0	-4.0
11:29:39.780108	-3.8125	-14.9375	4.4375	9.5	-16.0	-6.1875	-11.4375	-41.25	0.6875	22.4375	-28.5625	-3.8125
11:29:39.790537	-3.5	-16.9375	1.125	9.5	-16.0	-6.1875	7.4375	-38.125	-0.25	22.4375	-28.5625	-3.8125
11:29:39.800917	-3.1875	-17.4375	-1.0	9.75	-21.5625	-3.375	24.625	-29.875	-1.0625	22.4375	-28.5625	-3.8125
11:29:39.811012	-2.6875	-16.75	-3.3125	4.5	-38.1875	2.5	40.875	-23.875	-1.9375	22.4375	-28.5625	-3.8125
11:29:39.821127	-2.0625	-14.8125	-4.1875	4.8125	-38.25	4.625	55.5625	-20.1875	-2.4375	22.4375	-28.5625	-3.8125
11:29:39.831230	-1.5625	-12.375	-3.1875	10.25	-32.0	6.625	85.1875	-22.6875	-1.5625	22.4375	-28.5625	-3.8125
11:29:39.841475	-1.4375	-10.0625	-1.125	17.3125	-21.9375	9.625	85.1875	-22.6875	-1.5625	-14.25	-29.6875	-5.1875
11:29:39.851608	-1.0625	-7.0625	1.5	17.3125	-21.9375	9.625	96.625	-21.1875	-0.3125	-14.25	-29.6875	-5.1875
11:29:39.861842	0.25	-1.6875	4.3125	39.0625	-0.5625	17.3125	61.125	56.8125	-0.375	-14.25	-29.6875	-5.1875
11:29:39.872030	3.4375	2.9375	8.6875	50.1875	19.875	23.6875	61.125	56.8125	-0.375	-14.25	-29.6875	-5.1875
11:29:39.882112	6.8125	3.9375	13.4375	50.1875	19.875	23.6875	61.125	56.8125	-0.375	126.125	176.9375	-48.5625
11:29:39.892567	9.1875	4.1875	14.6875	31.9375	30.375	28.625	61.125	56.8125	-0.375	-93.0	34.4375	-76.1875
11:29:39.902723	9.875	8.0	12.1875	26.1875	33.6875	25.125	61.125	56.8125	-0.375	-93.0	34.4375	-76.1875
11:29:39.912841	9.375	17.1875	7.875	18.375	29.0	17.4375	68.25	-40.3125	-14.375	-93.0	34.4375	-76.1875
11:29:39.923023	8.1875	31.0	3.25	7.0625	17.875	7.125	63.125	4.25	-5.6875	-93.0	34.4375	-76.1875
11:29:39.933167	6.375	44.125	-0.8125	7.6875	26.5	3.3125	63.0625	33.1875	3.0	-93.0	34.4375	-76.1875
11:29:39.943298	4.25	48.6875	-2.9375	28.0	55.4375	13.1875	63.0625	33.1875	3.0	-207.3125	89.125	111.0625
11:29:39.953565	3.6875	42.5	-2.75	43.375	78.1875	29.0	55.5625	11.5	10.5	-40.0	-38.9375	54.0625
11:29:39.963639	4.5625	27.25	-1.125	46.875	87.625	37.6875	55.5625	11.5	10.5	46.5625	10.9375	4.25
11:29:39.974097	6.25	8.75	-1.3125	52.5625	87.75	38.6875	55.3125	-36.6875	-5.875	46.5625	10.9375	4.25
11:29:39.984211	6.875	-7.5	-4.0	56.0	78.1875	34.0625	49.375	-34.3125	-14.875	-62.625	-42.3125	-10.4375
11:29:39.994278	7.1875	-17.8125	-8.3125	50.5	66.3125	29.5625	49.375	-34.3125	-14.875	-99.9375	-34.1875	-17.25
11:29:40.004346	6.8125	-22.4375	-11.9375	53.875	51.25	26.625	45.6875	22.5625	-16.8125	-99.9375	-34.1875	-17.25
11:29:40.014631	7.125	-23.25	-14.0	58.25	29.3125	26.4375	46.5625	40.4375	-11.0	-99.9375	-34.1875	-17.25
11:29:40.024733	8.3125	-22.25	-13.5	55.125	0.6875	27.5625	46.0	37.625	-5.4375	-99.9375	-34.1875	-17.25
11:29:40.035071	8.8125	-21.375	-10.8125	47.0625	-27.5625	28.5625	46.0	37.625	-5.4375	-4.75	9.25	-4.0625
11:29:40.045300	8.375	-21.0625	-7.625	39.1875	-43.9375	27.8125	44.5625	-1.5	-4.1875	-4.75	9.25	-4.0625
11:29:40.055408	7.5	-20.4375	-4.4375	32.5	-47.8125	26.5625	43.125	-21.375	-4.625	-4.75	9.25	-4.0625
11:29:40.065476	4.25	-13.3125	-1.0625	25.4375	-43.25	24.6875	41.625	-41.25	-4.5	-4.75	9.25	-4.0625
11:29:40.076114	4.25	-13.3125	-1.0625	25.25	-34.5	22.6875	41.625	-41.25	-4.5	-53.625	-28.0	6.6875
11:29:40.086196	2.25	-6.3125	0.5	37.875	-21.125	21.25	45.0	-32.375	-1.625	-38.0	-16.5625	13.0625
11:29:40.096265	-1.125	5.75	4.3125	43.75	-5.1875	20.875	45.0	-32.375	-1.625	-38.0	-16.5625	13.0625
11:29:40.106632	-1.875	8.5	5.5	48.25	8.875	19.9375	44.1875	9.5	0.75	-38.0	-16.5625	13.0625
11:29:40.116698	-1.875	9.125	5.4375	48.1875	22.0625	21.8125	44.1875	9.5	0.75	-38.0	-16.5625	13.0625
11:29:40.126803	-2.0	8.375	4.1875	47.5625	36.875	23.625	47.5625	35.125	1.25	-38.0	-16.5625	13.0625
11:29:40.136884	-2.25	7.3125	3.4375	46.1875	49.25	24.25	45.5	42.4375	2.6875	-38.0	-16.5625	13.0625
11:29:40.146958	-2.3125	7.0	1.4375	46.3125	62.0625	23.25	45.125	44.625	4.6875	-38.0	-16.5625	13.0625
11:29:40.157497	-2.3125	7.0	1.4375	51.125	72.8125	22.5625	45.125	44.625	4.6875	-47.5	2.5625	-4.5625
11:29:40.167575	-2.0	7.125	-2.375	51.5	82.375	22.0625	47.0625	35.9375	8.8125	-47.5	2.5625	-4.5625
11:29:40.177652	-2.0	7.6875	-3.5	48.6875	82.5	23.1875	47.0625	35.9375	8.8125	-27.25	0.1875	-0.9375
11:29:40.187730	-2.0625	9.125	-4.125	45.0	81.0	25.3125	44.3125	5.0625	9.125	-27.25	0.1875	-0.9375
11:29:40.197796	-2.5625	10.875	-3.25	42.875	73.875	27.4375	44.3125	5.0625	9.125	-33.6875	-5.125	-7.75
11:29:40.207866	-2.5	12.3125	-2.5	38.8125	62.0	26.25	45.125	-8.1875	6.5625	-33.6875	-5.125	-7.75
11:29:40.217938	-2.0625	13.6875	-1.0625	36.0	47.8125	25.8125	42.5625	-3.0625	6.5625	-33.6875	-5.125	-7.75
11:29:40.228015	-1.9375	14.8125	0.0625	37.5625	33.3125	25.8125	41.5	-4.1875	6.0625	-33.6875	-5.125	-7.75
11:29:40.238140	-2.3125	14.5	1.1875	40.625	23.25	25.375	41.5	-4.1875	6.0625	-39.4375	5.3125	-9.0
11:29:40.248251	-2.0625	13.5	1.875	41.75	16.8125	24.375	40.4375	-2.75	3.9375	-39.4375	5.3125	-9.0
11:29:40.258375	-1.9375	12.0	2.25	44.4375	9.9375	24.25	39.1875	-7.5	4.8125	-39.4375	5.3125	-9.0
11:29:40.268487	-0.875	8.875	1.875	46.5	4.6875	24.3125	39.1875	-7.5	4.8125	-39.4375	5.3125	-9.0
11:29:40.278582	0.5	4.6875	1.125	46.125	0.5	26.125	36.8125	-28.75	4.5	-39.4375	5.3125	-9.0
11:29:40.288686	2.375	0.25	0.3125	43.25	-3.125	27.125	36.8125	-28.75	4.5	-26.875	-0.75	3.5625
11:29:40.298804	4.1875	-3.25	-0.375	39.9375	-3.6875	28.5	35.1875	-34.8125	3.0	-26.875	-0.75	3.5625
11:29:40.309440	5.75	-6.25	-0.875	36.25	-3.5	29.9375	34.6875	-33.1875	1.8125	-26.875	-0.75	3.5625
11:29:40.319519	7.0625	-8.125	-1.1875	34.25	0.75	31.75	38.8125	-21.125	1.625	-26.875	-0.75	3.5625
11:29:40.329679	8.375	-9.0	-1.25	33.125	5.25	33.5625	40.3125	-9.75	2.6875	-29.1875	-1.375	-1.875
11:29:40.339824	9.5	-8.8125	-0.6875	33.25	13.125	34.375	40.6875	-8.8125	1.6875	-29.1875	-1.375	-1.875
11:29:40.349949	10.625	-7.375	0.0	34.625	17.625	34.6875	38.6875	-4.4375	0.875	-34.8125	4.875	1.125
11:29:40.360081	11.5625	-4.5625	1.125	37.0	26.5625	34.4375	38.6875	-4.4375	0.875	-34.8125	4.875	1.125
11:29:40.370202	11.875	-1.375	2.4375	38.125	40.125	33.5625	41.875	0.625	1.25	-34.8125	4.875	1.125
11:29:40.380713	11.9375	2.4375	3.625	40.4375	47.1875	33.375	41.875	0.625	1.25	-27.5625	6.8125	-2.125
11:29:40.390888	11.4375	5.1875	4.125	42.125	42.8125	35.4375	41.5625	4.625	-0.125	-34.6875	9.8125	-1.0
11:29:40.400982	10.1875	7.3125	4.25	40.5625	32.375	36.25	41.5625	4.625	-0.125	-33.0625	12.75	0.25
11:29:40.411147	9.1875	9.5	4.125	40.75	30.5625	37.5	42.4375	8.125	1.875	-33.0625	12.75	0.25
11:29:40.421688	8.4375	11.0	2.9375	39.125	30.625	38.6875	42.4375	8.125	1.875	-25.8125	4.6875	-4.8125
11:29:40.432028	7.9375	12.625	2.0625	37.5	35.0625	37.0625	42.4375	8.125	1.875	-25.8125	4.6875	-4.8125
11:29:40.442360	7.4375	14.3125	1.25	37.3125	29.8125	39.1875	42.4375	8.125	1.875	-25.8125	4.6875	-4.8125
11:29:40.452725	7.5625	15.8125	0.4375	38.75	26.9375	41.25	40.4375	12.875	3.625	-29.8125	20.4375	-2.9375
11:29:40.462866	7.25	15.75	0.25	38.0625	23.125	42.3125	40.4375	12.875	3.625	-48.625	-29.875	37.25
11:29:40.473001	7.6875	14.9375	-0.375	36.0	25.0625	40.6875	40.4375	12.875	3.625	-45.0625	17.8125	22.8125
11:29:40.483494	8.125	14.625	-0.9375	33.3125	28.6875	38.3125	40.4375	12.875	3.625	-45.0625	17.8125	22.8125
11:29:40.493847	7.875	13.5	-2.125	32.6875	35.9375	36.4375	44.125	26.5	3.5	-45.0625	17.8125	22.8125
11:29:40.503997	7.625	11.6875	-3.3125	30.3125	37.9375	36.75	48.875	37.6875	5.4375	-45.0625	17.8125	22.8125
11:29:40.514418	7.125	9.5	-4.5625	26.0625	37.875	36.8125	54.4375	34.0	11.5625	-45.0625	17.8125	22.8125
11:29:40.524532	5.8125	4.9375	-5.9375	22.375	34.0	37.375	54.4375	34.0	11.5625	-45.0625	17.8125	22.8125
11:29:40.535097	5.8125	4.9375	-5.9375	18.4375	30.9375	36.9375	54.4375	34.0	11.5625	-63.125	-31.5625	6.5625
11:29:40.545466	5.4375	3.75	-5.6875	13.6875	28.375	35.5	65.9375	19.0625	16.4375	-71.8125	-22.0625	4.8125
11:29:40.555531	4.75	1.9375	-4.9375	10.8125	25.75	32.625	65.9375	19.0625	16.4375	-71.8125	-22.0625	4.8125
11:29:40.565765	4.75	1.9375	-4.9375	8.5	23.1875	30.4375	65.9375	19.0625	16.4375	-81.25	-45.9375	7.6875
11:29:40.575836	2.0625	-3.125	-2.625	6.5	22.375	29.5625	65.9375	19.0625	16.4375	-81.25	-45.9375	7.6875
11:29:40.585989	2.0625	-3.125	-2.625	3.625	21.75	28.1875	79.875	27.8125	21.5	-81.25	-45.9375	7.6875
11:29:40.596571	-2.5625	-4.6875	-0.0625	1.5625	18.125	25.0625	79.875	27.8125	21.5	-97.875	-40.75	2.625
11:29:40.606636	-10.0	-8.0625	3.875	-3.1875	9.375	19.3125	85.4375	17.875	23.4375	-97.875	-40.75	2.625
11:29:40.616705	-11.25	-14.0	2.0625	-7.0	0.6875	11.3125	92.25	5.5	21.875	-95.5	-76.875	0.0625
11:29:40.626780	-10.0625	-25.5	-2.6875	-12.6875	-9.875	3.6875	98.25	8.75	19.875	-95.5	-76.875	0.0625
11:29:40.636857	-6.875	-39.0	-7.6875	-21.6875	-19.5625	-1.6875	101.625	21.375	19.125	-95.5	-76.875	0.0625
11:29:40.646935	-3.5	-46.75	-10.6875	-31.625	-27.0625	-5.5	105.0	32.1875	17.625	-108.75	-62.125	14.5
11:29:40.657009	-0.75	-45.625	-10.6875	-41.5	-32.3125	-7.875	111.75	40.3125	15.4375	-108.75	-62.125	14.5
11:29:40.667135	-0.75	-45.625	-10.6875	-52.5	-33.8125	-10.125	111.75	40.3125	15.4375	-138.25	-29.9375	48.875
11:29:40.677258	2.5	-24.0	-8.375	-64.3125	-32.625	-14.0	121.0	58.875	13.8125	-138.25	-29.9375	48.875
11:29:40.687332	2.9375	-11.125	-7.9375	-78.5625	-33.1875	-17.5625	121.0	58.875	13.8125	-138.25	-29.9375	48.875
11:29:40.697406	2.875	-0.5625	-8.5625	-92.4375	-32.75	-20.4375	137.5625	119.75	18.1875	-138.25	-29.9375	48.875
11:29:40.707479	2.4375	7.625	-10.875	-104.3125	-37.375	-24.5	139.8125	152.125	23.0	-138.25	-29.9375	48.875
11:29:40.717548	1.1875	14.0	-13.8125	-113.375	-44.625	-28.4375	139.8125	152.125	23.0	-176.5625	35.875	80.25
11:29:40.727621	-0.8125	18.875	-16.125	-119.125	-40.6875	-36.4375	139.8125	152.125	23.0	-199.25	48.625	50.125
11:29:40.737696	-2.5	22.25	-17.5625	-129.75	-33.8125	-39.875	113.6875	103.75	25.1875	-199.25	48.625	50.125
11:29:40.747805	-4.3125	22.0625	-17.5	-140.0625	-2.3125	-43.0625	108.5625	53.0625	24.875	-199.25	48.625	50.125
11:29:40.757877	-6.125	17.6875	-16.5	-143.9375	21.9375	-55.625	108.5625	53.0625	24.875	-199.25	48.625	50.125
11:29:40.768009	-7.8125	10.8125	-14.5	-126.625	15.0	-62.875	91.6875	18.6875	18.375	-199.25	48.625	50.125
11:29:40.778079	-8.125	3.625	-11.375	-105.125	-12.9375	-64.9375	93.0625	-0.375	20.1875	-199.25	48.625	50.125
11:29:40.788164	-7.4375	-1.9375	-7.25	-86.5	-23.8125	-64.9375	89.3125	-3.9375	17.625	-199.25	48.625	50.125
11:29:40.798270	-5.5	-7.5625	-3.875	-80.25	-10.5625	-66.3125	89.3125	-3.9375	17.625	-199.25	48.625	50.125
11:29:40.808436	-2.875	-12.4375	-2.0625	-75.125	-3.1875	-63.9375	59.5	4.5	7.75	-199.25	48.625	50.125
11:29:40.819039	-0.9375	-16.5	-0.375	-78.3125	-16.9375	-62.0625	59.5	4.5	7.75	126.6875	134.375	-25.625
11:29:40.829114	0.3125	-18.625	0.8125	-83.5625	-30.875	-61.0	1.0625	-28.5625	1.125	126.6875	134.375	-25.625
11:29:40.839189	0.875	-19.25	0.5625	-87.75	-35.375	-61.8125	-20.125	-55.0	-3.6875	126.6875	134.375	-25.625
11:29:40.849326	1.25	-18.25	-0.3125	-92.5625	-48.4375	-63.875	-39.5	-73.3125	-13.5625	126.6875	134.375	-25.625
11:29:40.859394	1.8125	-16.375	-2.0	-93.3125	-62.5	-65.9375	-62.625	-80.125	-19.9375	126.6875	134.375	-25.625
11:29:40.869478	2.4375	-14.25	-3.3125	-92.3125	-75.5625	-66.5	-103.375	-75.5	-26.6875	126.6875	134.375	-25.625
11:29:40.879593	2.875	-12.0	-4.125	-85.75	-77.0	-65.4375	-103.375	-75.5	-26.6875	142.5	5.4375	-3.75
11:29:40.889853	3.0	-10.375	-4.0625	-81.375	-77.625	-64.0625	-103.375	-75.5	-26.6875	142.5	5.4375	-3.75
11:29:40.899935	2.8125	-8.875	-3.9375	-78.0	-73.9375	-62.625	-103.375	-75.5	-26.6875	142.5	5.4375	-3.75
11:29:40.910095	2.8125	-8.4375	-3.8125	-77.625	-77.5625	-59.625	-103.375	-75.5	-26.6875	235.6875	3.375	-6.6875
11:29:40.920418	2.6875	-8.75	-4.0625	-77.25	-75.875	-55.0	-173.6875	-72.8125	-17.3125	235.6875	3.375	-6.6875
11:29:40.930583	2.9375	-9.3125	-4.1875	-60.375	-68.8125	-45.0625	-189.0	-64.5	-20.0625	235.6875	3.375	-6.6875
11:29:40.940668	2.875	-10.6875	-3.125	-52.8125	-58.75	-43.4375	-216.9375	-34.5625	-23.625	235.6875	3.375	-6.6875
11:29:40.950824	2.6875	-11.25	-2.25	-45.4375	-48.6875	-43.1875	-229.6875	-9.375	-24.6875	235.6875	3.375	-6.6875
11:29:40.961415	1.4375	-11.0	-2.5625	-37.5	-36.25	-43.5625	-239.5625	17.25	-26.125	235.6875	3.375	-6.6875
11:29:40.971531	0.9375	-10.5	-3.0	-33.0	-27.8125	-42.75	-245.0	36.375	-27.25	235.6875	3.375	-6.6875
11:29:40.981931	0.0	-9.5	-3.625	-33.0	-27.8125	-42.75	-245.0	36.375	-27.25	221.0625	90.4375	19.0
11:29:40.992013	-1.4375	-9.0625	-3.625	-27.1875	-15.25	-41.25	-245.0	36.375	-27.25	233.5	95.25	13.75
11:29:41.002136	-2.875	-8.5625	-3.5625	-20.625	-8.1875	-42.1875	-249.6875	43.1875	-29.25	233.5	95.25	13.75
11:29:41.012421	-4.25	-7.5625	-3.4375	-15.625	-2.8125	-42.5625	-251.25	15.875	-33.9375	233.5	95.25	13.75
11:29:41.022523	-5.8125	-6.1875	-3.5	-8.625	-0.1875	-42.9375	-251.25	15.875	-33.9375	228.6875	66.125	18.5625
11:29:41.032592	-7.0625	-4.625	-3.25	-2.25	2.125	-42.0625	-251.25	15.875	-33.9375	229.4375	17.875	15.8125
11:29:41.043098	-7.625	-2.6875	-2.6875	2.1875	-1.0625	-39.1875	-246.9375	-30.125	-32.25	229.4375	17.875	15.8125
11:29:41.053291	-7.75	-0.4375	-1.5	6.375	-6.5	-35.4375	-243.1875	-33.125	-31.1875	235.5625	3.3125	13.0625
11:29:41.063360	-7.625	1.6875	-0.25	10.25	-11.3125	-31.375	-243.1875	-33.125	-31.1875	232.5625	-2.375	7.375
11:29:41.073626	-7.875	3.1875	1.9375	14.25	-10.0625	-27.8125	-235.625	-32.125	-26.5	232.5625	-2.375	7.375
11:29:41.083696	-8.375	3.4375	4.0625	19.5625	-7.125	-24.375	-231.0625	-34.0625	-23.6875	232.5625	-2.375	7.375
11:29:41.093827	-8.5625	2.875	6.0	25.5625	-3.875	-22.8125	-231.0625	-34.0625	-23.6875	216.875	-0.4375	-5.1875
11:29:41.103911	-8.6875	1.375	7.6875	32.1875	-5.5	-21.25	-215.9375	-32.3125	-20.875	216.875	-0.4375	-5.1875
11:29:41.114637	-8.4375	-1.4375	7.9375	35.875	-5.9375	-20.5625	-204.375	-35.375	-19.5	190.9375	-6.375	-3.4375
11:29:41.124709	-6.3125	-6.6875	8.0625	40.0625	-10.9375	-17.625	-192.1875	-43.6875	-17.875	190.9375	-6.375	-3.4375
11:29:41.134821	-5.5	-8.3125	8.1875	40.5625	-24.625	-15.5	-176.125	-51.375	-16.4375	190.9375	-6.375	-3.4375
11:29:41.144896	-5.5	-8.3125	8.1875	38.9375	-37.0	-12.4375	-157.5	-58.6875	-15.375	148.8125	-16.3125	-2.375
11:29:41.155268	-5.3125	-9.75	7.625	37.0	-45.5625	-11.375	-139.25	-63.3125	-14.6875	148.8125	-16.3125	-2.375
11:29:41.165398	-5.1875	-12.1875	6.0	37.0	-45.5625	-11.375	-117.875	-56.0	-14.3125	148.8125	-16.3125	-2.375
11:29:41.175521	-4.8125	-14.5625	4.9375	30.125	-43.125	-11.625	-96.0625	-47.0	-14.25	85.0625	-8.0	13.875
11:29:41.185658	-5.625	-16.75	3.8125	23.25	-36.375	-12.1875	-72.5	-35.6875	-13.5	85.0625	-8.0	13.875
11:29:41.195788	-6.25	-16.375	2.75	16.5	-28.0	-12.9375	-46.6875	-24.0	-12.4375	85.0625	-8.0	13.875
11:29:41.206403	-6.1875	-15.125	2.8125	10.5625	-18.8125	-14.25	-21.9375	-15.6875	-10.6875	4.875	-21.5	7.25
11:29:41.216494	-6.375	-14.3125	1.8125	2.8125	-13.6875	-15.0	3.375	-12.0	-9.375	4.875	-21.5	7.25
11:29:41.226570	-6.1875	-12.625	1.375	-3.3125	-11.3125	-14.625	26.8125	-13.5	-8.625	4.875	-21.5	7.25
11:29:41.237128	-6.1875	-12.625	1.375	-8.5625	-14.5625	-13.8125	47.6875	-17.6875	-7.75	4.875	-21.5	7.25
11:29:41.247249	-5.1875	-9.3125	1.1875	-11.5625	-17.25	-12.625	67.0	-22.4375	-7.1875	4.875	-21.5	7.25
11:29:41.257565	-4.75	-8.375	1.4375	-10.0	-17.3125	-11.6875	83.1875	-28.125	-6.8125	-122.375	-101.875	-45.25
11:29:41.267636	-4.125	-8.375	0.9375	-7.375	-19.3125	-10.375	97.125	-36.0625	-6.25	-124.0625	-92.5	-41.6875
11:29:41.277757	-2.9375	-7.125	-0.0625	-5.625	-24.1875	-8.875	109.5625	-42.0	-5.8125	-82.625	-103.5625	-26.4375
11:29:41.287882	-0.0625	-5.6875	-1.1875	-1.0625	-27.125	-5.8125	108.0625	-18.8125	-6.8125	-82.625	-103.5625	-26.4375
11:29:41.297996	4.0625	-7.5625	0.75	7.6875	-25.125	-1.125	79.6875	8.625	-6.5625	10.5625	111.4375	-45.4375
11:29:41.308158	6.625	-9.9375	2.625	13.6875	-21.25	5.375	54.875	-47.0625	-0.0625	-124.8125	-103.0	-70.25
11:29:41.318283	7.625	-7.5625	1.375	16.5625	-20.5	6.875	59.0	-107.875	-0.0625	-146.5625	-319.5	-17.25
11:29:41.328891	6.75	0.9375	-2.0625	10.8125	-23.4375	4.625	80.375	-134.4375	-9.3125	-152.6875	-73.9375	74.1875
11:29:41.338964	5.25	14.9375	-6.625	3.625	-7.125	0.875	90.8125	-102.1875	-16.125	-179.3125	74.0	100.875
11:29:41.349039	4.0625	28.5	-10.3125	6.6875	18.9375	-0.5	86.625	-45.875	-15.25	-179.3125	74.0	100.875
11:29:41.359120	2.8125	32.25	-10.1875	9.5625	30.75	0.1875	80.8125	8.125	-9.375	-115.25	-53.5625	55.25
11:29:41.369275	2.625	25.3125	-7.8125	13.1875	40.9375	4.9375	67.0625	51.625	2.1875	-115.25	-53.5625	55.25
11:29:41.379352	3.3125	10.875	-5.0625	21.1875	48.0	15.5	64.9375	37.3125	2.0625	-35.75	-1.1875	34.0
11:29:41.389451	4.8125	-5.1875	-3.875	23.8125	44.5625	28.75	64.9375	37.3125	2.0625	-35.75	-1.1875	34.0
11:29:41.399572	5.8125	-18.4375	-4.6875	25.5	40.1875	35.25	64.625	-21.0625	-13.1875	-35.75	-1.1875	34.0
11:29:41.410258	5.625	-25.375	-6.25	29.375	38.6875	32.0625	59.75	-44.8125	-19.875	-35.75	-1.1875	34.0
11:29:41.420365	5.625	-25.5625	-9.3125	34.5	41.8125	22.9375	57.75	-40.1875	-22.125	-111.5625	-33.125	-11.0
11:29:41.430438	5.625	-25.5625	-9.3125	48.75	45.5625	17.5	54.8125	-9.6875	-19.625	-110.0	-10.875	-6.125
11:29:41.441006	5.8125	-22.1875	-11.6875	66.1875	53.0625	15.125	52.5	23.5625	-15.625	-75.0625	-3.9375	-4.625
11:29:41.451147	6.375	-19.0625	-12.875	64.1875	36.125	16.4375	53.6875	43.4375	-12.8125	-38.5	-14.0625	-12.6875
11:29:41.461272	6.8125	-17.0	-12.375	51.4375	19.0625	18.125	55.8125	45.6875	-10.9375	-5.375	15.3125	0.375
11:29:41.471815	7.5	-14.5	-10.125	40.9375	-0.125	21.3125	54.1875	37.875	-9.1875	-5.375	15.3125	0.375
11:29:41.481913	7.8125	-10.8125	-8.1875	31.75	-13.125	22.8125	51.0	15.0	-8.375	-5.375	15.3125	0.375
11:29:41.492015	7.625	-7.0	-5.125	22.625	-19.4375	21.8125	51.5	-15.5	-8.375	-5.375	15.3125	0.375
11:29:41.502090	7.25	-2.8125	-3.0	15.625	-21.4375	18.625	53.375	-33.25	-7.125	-59.125	-30.0625	9.8125
11:29:41.512206	6.625	1.1875	-1.1875	26.3125	-16.0	14.5625	53.3125	-27.875	-5.0625	-55.125	-25.9375	26.625
11:29:41.522306	5.3125	4.625	1.0625	35.75	-4.625	11.8125	51.4375	-18.0	-3.875	-16.8125	-4.25	-13.25
11:29:41.532989	3.5625	7.875	3.1875	44.1875	10.5625	11.25	51.375	-8.125	-3.25	-16.75	3.6875	-20.25
11:29:41.543112	1.125	9.5	5.3125	49.125	27.0	12.0	50.75	0.3125	-3.25	-29.375	5.5	-22.6875
11:29:41.553182	-0.6875	9.1875	6.6875	52.6875	41.5	14.9375	47.9375	4.375	-3.125	-53.75	4.0625	-20.75
11:29:41.563267	-2.5	7.125	7.25	56.1875	49.5	17.9375	45.125	5.25	-2.8125	-53.75	4.0625	-20.75
11:29:41.573559	-3.9375	3.5	6.8125	58.375	61.25	18.1875	43.9375	6.0	-1.125	-59.0	11.625	-3.625
11:29:41.583631	-4.6875	0.4375	5.6875	59.625	68.6875	20.3125	43.0625	14.0	0.4375	-59.0	11.625	-3.625
11:29:41.593706	-5.375	-2.25	4.6875	60.75	73.875	23.875	41.4375	22.125	1.625	-59.0	11.625	-3.625
11:29:41.603830	-5.6875	-3.4375	3.375	58.125	73.1875	29.0	40.0	19.75	2.625	-59.0	11.625	-3.625
11:29:41.613927	-5.4375	-3.375	2.4375	54.5	66.6875	34.0	37.75	7.8125	1.875	-20.0625	1.25	6.1875
11:29:41.624030	-5.0625	-1.875	0.9375	50.5625	59.8125	36.1875	36.4375	-1.3125	0.6875	-10.125	-4.4375	4.6875
11:29:41.634132	-5.1875	0.0	0.875	44.75	53.5625	36.5	35.3125	-7.1875	-0.375	-10.125	-4.4375	4.6875
11:29:41.644492	-4.875	2.5	1.375	42.125	45.375	37.0	33.625	-8.375	-1.5	-23.875	-3.8125	6.375
11:29:41.655022	-4.1875	4.8125	0.9375	43.875	38.625	37.4375	32.5625	1.0	-2.75	-20.75	9.75	6.75
11:29:41.665542	-3.9375	6.3125	0.5625	45.875	33.0625	37.0	31.0	15.9375	-2.375	-20.75	9.75	6.75
11:29:41.675985	-2.125	6.875	-0.8125	49.6875	28.4375	35.3125	28.125	14.3125	-1.8125	-31.3125	12.25	-2.9375
11:29:41.686056	-1.3125	6.8125	-0.9375	54.0	24.75	33.8125	26.5	6.5	-2.5625	-31.3125	12.25	-2.9375
11:29:41.696182	-0.375	6.5625	-1.0625	58.25	21.8125	32.3125	27.0	1.8125	-3.0625	-24.8125	13.4375	5.125
11:29:41.706252	0.9375	7.3125	-1.3125	61.25	18.375	31.3125	26.4375	-3.3125	-2.25	-24.8125	13.4375	5.125
11:29:41.716332	2.1875	7.3125	-1.0	59.875	16.25	30.8125	24.6875	-16.0625	-2.5625	-27.6875	1.875	4.4375
11:29:41.726403	3.625	7.0	-0.6875	53.25	12.8125	31.9375	25.6875	-19.125	-3.0625	-27.6875	1.875	4.4375
11:29:41.736471	4.8125	6.0	-0.625	46.8125	10.1875	32.375	29.8125	-10.5625	-2.8125	-14.25	5.625	2.125
11:29:41.746539	5.375	5.0625	-0.125	41.5	12.1875	32.4375	29.1875	-7.0	-2.125	-19.1875	-0.625	1.125
11:29:41.756610	5.875	4.5625	0.6875	37.0625	12.0625	32.625	26.625	-8.3125	-3.0625	-19.1875	-0.625	1.125
11:29:41.766742	6.0625	4.0625	1.3125	36.4375	14.375	32.375	33.1875	0.3125	-3.5	-19.1875	-0.625	1.125
11:29:41.776807	6.3125	3.6875	1.8125	39.5	17.5625	32.125	33.1875	0.3125	-3.5	-20.1875	9.125	3.375
11:29:41.786879	6.9375	3.8125	2.1875	41.25	18.25	31.75	31.75	-2.125	-3.5625	-20.1875	9.125	3.375
11:29:41.796952	8.0	4.25	2.875	44.6875	26.3125	30.6875	31.25	-2.4375	-4.3125	-20.1875	9.125	3.375
11:29:41.807030	9.0625	4.625	3.0625	48.25	31.8125	30.9375	37.25	1.0625	-4.1875	-20.1875	9.125	3.375
11:29:41.817106	9.25	5.625	3.4375	46.625	38.0625	31.375	41.25	4.9375	-2.25	-16.8125	1.5625	3.375
11:29:41.827212	8.9375	6.6875	3.375	42.5	40.5625	30.125	39.6875	6.875	-1.9375	-16.8125	1.5625	3.375
11:29:41.837365	8.625	8.8125	3.3125	38.1875	39.0625	30.0625	40.875	11.5	-2.625	-16.8125	1.5625	3.375
11:29:41.847517	8.1875	11.3125	3.375	35.0625	36.625	30.625	45.625	12.75	-1.9375	-33.5625	3.25	12.0
11:29:41.857589	8.0	13.4375	3.125	29.9375	36.1875	30.5	46.9375	15.25	-1.5	-31.8125	-39.3125	30.75
11:29:41.867712	8.3125	15.875	3.375	27.1875	36.25	30.0	48.375	21.875	-3.8125	-45.5	-8.0	35.875
11:29:41.877810	9.25	17.5	3.0625	26.875	36.0625	29.1875	48.375	21.875	-3.8125	-56.75	15.625	19.75
11:29:41.887944	9.3125	18.5	3.0	27.8125	35.0	28.125	51.875	29.4375	-1.375	-53.375	-12.125	9.625
11:29:41.898066	9.0	19.25	2.8125	28.0	35.875	26.25	53.1875	33.5	0.6875	-53.375	-12.125	9.625
11:29:41.908650	9.3125	19.875	2.6875	30.875	36.5625	25.5	52.9375	32.1875	1.6875	-65.0625	3.875	9.25
11:29:41.918727	9.25	19.9375	2.25	31.8125	36.75	25.625	59.5625	27.75	6.375	-68.875	-14.25	8.0
11:29:41.928844	9.0625	19.3125	1.625	28.875	36.875	26.375	59.9375	23.0625	8.1875	-68.875	-14.25	8.0
11:29:41.938982	8.9375	18.125	0.8125	23.9375	33.9375	26.8125	61.75	20.5	8.8125	-65.9375	-32.6875	9.6875
11:29:41.949610	8.5625	16.0625	-0.3125	19.125	29.375	27.5	65.4375	19.25	9.5625	-74.8125	-32.875	11.0
11:29:41.959683	8.125	14.25	-1.125	14.3125	27.0	28.5	67.875	21.5	10.6875	-74.8125	-32.875	11.0
11:29:41.969758	8.0	13.5	-1.6875	9.0625	27.5625	28.6875	68.5	22.0625	11.0	-72.5625	-43.9375	12.0625
11:29:41.979830	7.3125	12.875	-1.9375	6.4375	29.875	28.1875	70.875	22.9375	10.375	-78.125	-41.6875	12.5
11:29:41.989959	6.6875	12.625	-2.0625	6.0625	31.375	27.375	75.3125	23.75	10.875	-87.9375	-35.875	14.5625
11:29:42.000036	6.5	12.375	-1.5	6.25	34.4375	26.0625	77.875	28.6875	11.375	-92.5625	-34.75	16.5625
11:29:42.010133	6.3125	12.0	-0.625	6.5	34.1875	24.8125	79.25	31.5	11.5625	-92.5625	-34.75	16.5625
11:29:42.020810	5.9375	11.1875	-0.0625	6.75	34.0	23.5625	82.0625	37.5625	11.8125	-94.0	-31.6875	16.5625
11:29:42.030908	4.5625	9.0	-0.25	5.6875	32.5	19.0	86.75	44.9375	14.875	-102.25	-13.0	14.0625
11:29:42.041525	0.1875	6.6875	0.5625	1.0	29.625	15.75	88.8125	45.25	16.4375	-102.25	-13.0	14.0625
11:29:42.051717	-5.4375	6.0625	3.25	-6.8125	21.1875	11.3125	89.8125	34.5	15.875	-101.1875	-57.0625	25.125
11:29:42.061853	-10.3125	5.5	5.8125	-12.5	10.6875	5.25	93.375	19.5	13.3125	-113.0625	-3.75	33.8125
11:29:42.072370	-14.0	1.875	5.9375	-17.5625	1.375	-0.25	102.6875	22.3125	11.0	-117.375	-16.25	30.3125
11:29:42.082893	-14.75	-6.75	3.8125	-26.9375	-9.1875	-4.9375	106.6875	37.8125	10.6875	-117.375	-16.25	30.3125
11:29:42.093706	-12.8125	-21.125	-1.3125	-36.875	-26.5625	-9.75	106.3125	46.3125	8.5625	-116.5625	-22.9375	48.75
11:29:42.103775	-9.4375	-35.5625	-7.875	-46.6875	-44.6875	-14.1875	109.3125	55.875	6.3125	-129.9375	-17.25	75.5625
11:29:42.113849	-5.8125	-39.6875	-13.125	-57.25	-52.3125	-18.375	130.875	120.375	11.9375	-127.0	10.0	94.0625
11:29:42.123925	-4.25	-33.1875	-15.5	-71.375	-57.25	-19.625	131.75	161.875	18.4375	-120.8125	38.5625	99.125
11:29:42.134041	-3.4375	-20.1875	-13.625	-86.4375	-62.5	-19.3125	125.0	181.75	21.125	-141.0625	56.125	104.8125
11:29:42.144401	-2.8125	-5.0	-10.5625	-103.1875	-60.3125	-26.0	124.5	164.3125	19.4375	-181.1875	58.8125	75.875
11:29:42.154610	-2.4375	8.4375	-9.0	-112.4375	-59.0625	-28.8125	115.375	108.9375	18.25	-243.5625	3.25	37.875
11:29:42.164706	-2.25	17.4375	-9.3125	-120.0	-47.0	-38.5625	115.8125	58.875	20.0625	-313.375	-42.375	30.5
11:29:42.175243	-2.8125	22.9375	-10.6875	-129.4375	-31.375	-40.625	119.1875	41.5	20.0625	-323.25	-62.0625	35.375
11:29:42.185348	-3.5	26.5	-12.375	-137.4375	7.6875	-44.875	115.8125	42.5	21.5625	-282.8125	-72.875	51.875
11:29:42.195443	-4.6875	27.5625	-13.0625	-134.4375	28.0625	-51.625	104.3125	47.0	22.4375	-286.0	-34.3125	45.625
11:29:42.205597	-8.1875	20.875	-9.875	-116.375	4.25	-54.375	81.8125	26.4375	21.1875	-286.0	-34.3125	45.625
11:29:42.215758	-9.25	14.5625	-6.8125	-103.25	-11.6875	-64.4375	73.4375	-21.8125	21.6875	-204.875	-126.875	-33.3125
11:29:42.225884	-8.6875	8.4375	-4.875	-89.0	-21.1875	-64.5	74.9375	-32.0	19.8125	-110.875	-41.5	25.625
11:29:42.235994	-7.3125	3.5625	-2.125	-78.1875	-19.6875	-62.75	66.4375	-21.3125	12.5625	8.0	163.5	48.0625
11:29:42.246146	-5.1875	-0.5	-1.0625	-72.4375	-14.625	-58.875	47.9375	-20.375	4.5625	145.875	218.25	-14.125
11:29:42.256703	-2.875	-4.25	-0.8125	-77.3125	-13.0625	-56.4375	14.9375	-28.6875	0.25	145.875	218.25	-14.125
11:29:42.266829	-0.875	-5.75	-0.6875	-81.9375	-19.0625	-55.0	-16.875	-53.6875	0.125	158.0625	-6.75	-64.375
11:29:42.276909	0.5625	-6.0625	-0.4375	-91.75	-30.0625	-57.1875	-38.5	-76.6875	-2.3125	158.0625	-6.75	-64.375
11:29:42.286978	1.1875	-5.125	-0.625	-98.4375	-41.0625	-60.125	-56.9375	-89.8125	-7.25	87.625	93.875	-24.375
11:29:42.297047	1.5	-3.375	-1.1875	-101.375	-56.1875	-62.875	-75.3125	-87.9375	-11.625	144.875	129.125	-47.75
11:29:42.307182	2.125	-1.4375	-2.0	-95.375	-67.9375	-64.25	-92.25	-86.375	-17.75	144.875	129.125	-47.75
11:29:42.317284	2.8125	0.25	-2.3125	-86.8125	-70.625	-65.3125	-110.625	-83.0	-21.875	144.875	129.125	-47.75
11:29:42.327574	3.3125	2.0625	-2.125	-78.9375	-70.25	-63.75	-128.375	-68.875	-18.9375	177.125	-17.25	-23.125
11:29:42.337701	3.6875	3.4375	-1.75	-75.125	-63.625	-62.125	-147.25	-57.375	-13.375	170.875	37.75	-28.6875
11:29:42.347858	3.6875	2.9375	-0.8125	-72.75	-58.0625	-57.5	-167.1875	-61.375	-10.0	218.6875	38.8125	-33.375
11:29:42.358373	3.3125	1.3125	0.375	-71.875	-58.0625	-53.0	-183.9375	-61.125	-11.8125	254.6875	18.0	-33.25
11:29:42.369853	3.25	-0.4375	0.0	-71.3125	-60.9375	-49.5625	-211.4375	-44.75	-17.0	260.4375	29.5	-31.1875
11:29:42.379933	2.5	-1.9375	-1.6875	-66.0	-61.9375	-45.6875	-222.4375	-28.875	-18.6875	258.625	64.1875	-29.625
11:29:42.390282	2.0	-3.25	-2.75	-58.3125	-54.0625	-43.1875	-234.9375	-6.3125	-20.6875	262.0625	82.3125	-25.125
11:29:42.400725	1.375	-4.1875	-2.625	-50.875	-42.75	-41.5	-246.125	19.875	-22.75	260.0	86.4375	-17.8125
11:29:42.410829	1.4375	-4.75	-3.0625	-30.375	-17.4375	-39.5	-254.1875	40.0625	-23.0	234.25	95.4375	0.8125
11:29:42.420943	0.875	-5.3125	-3.375	-24.5	-9.6875	-38.875	-258.9375	47.25	-24.3125	229.8125	88.625	5.3125
11:29:42.431046	0.375	-6.0625	-3.75	-20.6875	-4.5	-38.3125	-260.375	39.4375	-25.375	229.8125	88.625	5.3125
11:29:42.441144	-1.0625	-6.375	-3.4375	-17.5	-3.3125	-37.1875	-260.875	25.875	-25.3125	240.125	81.6875	8.1875
11:29:42.451725	-2.5625	-5.875	-3.0	-12.3125	-0.6875	-35.3125	-260.9375	11.75	-24.875	243.125	70.1875	15.5
11:29:42.461797	-4.1875	-4.25	-3.0	-4.75	1.25	-35.125	-260.25	5.25	-25.375	240.5	51.875	18.4375
11:29:42.471950	-5.5	-1.9375	-2.875	5.875	0.75	-31.6875	-258.5625	3.875	-26.75	224.6875	43.4375	17.6875
11:29:42.482025	-6.5625	1.125	-2.9375	11.875	1.375	-29.0625	-253.75	2.5	-27.625	214.9375	35.875	20.125
11:29:42.492095	-7.5	3.9375	-2.9375	12.0625	-1.375	-29.5	-248.75	2.3125	-27.875	227.0	32.1875	19.25
11:29:42.502384	-8.125	6.3125	-2.5625	14.25	-3.3125	-28.8125	-242.6875	0.125	-26.5625	227.8125	31.0	17.0625
11:29:42.512478	-8.3125	7.5625	-2.0625	17.0	-2.5625	-25.9375	-235.25	-3.875	-24.625	213.25	25.5	14.875
11:29:42.522550	-8.4375	7.4375	-1.1875	19.75	2.1875	-22.9375	-227.25	-5.4375	-22.75	210.125	19.5	7.6875
11:29:42.532672	-8.4375	6.6875	-0.0625	21.5625	4.875	-21.25	-217.1875	-7.875	-21.5625	205.25	13.6875	5.5625
11:29:42.542743	-8.5	5.375	1.1875	22.375	5.25	-20.75	-205.8125	-12.5625	-20.1875	198.3125	3.1875	2.3125
11:29:42.552939	-8.5625	3.0625	1.875	23.0625	2.375	-18.9375	-193.25	-18.9375	-18.4375	187.6875	-7.6875	1.625
11:29:42.563055	-8.0625	0.3125	3.0	24.6875	-1.5625	-16.75	-179.9375	-26.125	-16.75	174.4375	-12.0	-0.875
11:29:42.573646	-7.8125	-2.625	3.875	26.75	-11.4375	-12.8125	-164.0625	-35.6875	-15.0	163.75	-13.625	-3.75
11:29:42.583765	-7.3125	-4.3125	5.3125	27.3125	-20.4375	-11.0625	-146.8125	-46.6875	-13.5	163.75	-13.625	-3.75
11:29:42.594286	-7.25	-5.25	6.0625	28.125	-26.875	-8.375	-128.4375	-57.5	-11.9375	136.25	-18.1875	-4.6875
11:29:42.604377	-7.375	-7.1875	6.0625	26.625	-29.3125	-7.3125	-107.25	-54.1875	-10.75	123.75	-16.0625	-1.75
11:29:42.614455	-7.0	-8.6875	6.1875	25.5	-27.5	-7.5	-85.25	-43.4375	-9.8125	105.75	0.6875	-0.3125
11:29:42.624530	-6.8125	-9.4375	6.375	23.875	-22.9375	-8.3125	-63.8125	-31.9375	-8.75	80.9375	4.1875	-0.375
11:29:42.634667	-6.75	-10.1875	6.25	20.3125	-16.5	-9.0	-40.8125	-20.0625	-7.5625	59.0625	1.0625	-0.75
11:29:42.644734	-7.125	-10.0625	6.375	15.25	-10.125	-9.75	-17.0	-9.625	-6.0	34.25	2.3125	-1.125
11:29:42.654806	-7.25	-9.25	7.25	9.1875	-4.875	-10.8125	6.375	-3.0	-5.125	6.3125	2.75	-0.125
11:29:42.664906	-7.0625	-8.875	7.3125	1.75	-2.5	-11.25	28.6875	-0.625	-4.5625	-18.8125	2.6875	1.3125
11:29:42.674980	-6.4375	-8.5625	6.8125	-4.125	-1.3125	-11.375	49.625	-3.0625	-3.9375	-39.125	3.4375	0.625
11:29:42.685054	-5.9375	-7.5625	6.5625	-7.1875	-2.0625	-11.625	67.75	-10.875	-3.1875	-39.125	3.4375	0.625
11:29:42.695122	-5.6875	-6.375	6.75	-8.9375	-7.5625	-11.3125	83.625	-20.0	-3.0	-53.8125	-8.0625	-8.375
11:29:42.705787	-5.75	-4.6875	6.875	-8.5	-11.75	-10.8125	96.75	-30.75	-3.125	-68.9375	-39.125	-22.5625
11:29:42.715877	-5.4375	-3.0625	7.0	-8.375	-12.875	-9.4375	107.4375	-40.5625	-3.0625	-124.6875	-95.5	-37.625
11:29:42.725948	-4.75	-2.8125	7.375	-8.125	-15.375	-7.3125	115.75	-48.375	-2.625	-135.5625	-76.6875	-26.4375
11:29:42.736028	-4.25	-3.3125	7.8125	-6.3125	-19.375	-5.0	109.9375	-26.625	-4.25	-87.25	-52.1875	-17.0
11:29:42.746096	-3.625	-3.6875	8.3125	-2.25	-19.5625	-1.3125	75.1875	23.0	-4.75	29.75	-116.25	4.625
11:29:42.756213	1.375	-3.3125	8.4375	6.6875	-16.875	4.625	38.0	-13.375	-0.4375	98.5625	104.1875	-19.1875
11:29:42.766283	1.375	-3.3125	8.4375	17.3125	-8.5625	12.3125	41.25	-65.1875	-1.875	-99.75	79.875	-82.1875
11:29:42.776350	8.8125	-9.75	9.5	25.375	-1.125	16.4375	70.6875	-107.9375	-12.75	-182.9375	-289.875	-60.0625
11:29:42.786427	9.8125	-7.6875	7.4375	26.0625	-2.375	15.9375	88.625	-99.4375	-19.875	-182.9375	-289.875	-60.0625
11:29:42.796543	8.875	-0.1875	4.75	17.125	6.125	13.25	85.9375	-50.5	-19.5	-202.625	70.25	97.6875
11:29:42.806630	7.8125	10.9375	1.3125	13.0	23.5625	10.5	80.0	9.625	-11.0	-230.125	25.8125	78.0
11:29:42.816761	6.5	19.125	-1.0625	3.5625	21.4375	5.4375	77.0	44.0625	-2.25	-147.1875	-72.375	43.625
11:29:42.827220	5.8125	19.0	-2.1875	-2.625	16.5	2.0	75.375	40.3125	2.9375	-68.8125	-45.8125	57.125
11:29:42.837380	6.1875	10.8125	-2.875	4.75	25.125	6.75	77.75	11.0	3.375	-43.0625	-44.4375	34.0
11:29:42.847478	8.375	-2.25	-3.9375	14.625	34.75	17.625	76.8125	-38.6875	-0.8125	9.25	-25.4375	3.4375
11:29:42.857646	10.4375	-15.375	-5.8125	22.1875	34.0625	25.5625	68.9375	-77.75	-7.625	44.875	31.0625	-7.0625
11:29:42.868343	10.6875	-25.25	-8.5625	31.0	31.6875	26.9375	60.1875	-42.4375	-21.4375	-4.4375	-3.5	-11.4375
11:29:42.878453	9.6875	-29.625	-11.125	41.5	35.875	23.3125	55.5625	8.5	-20.75	-66.75	-63.75	-28.6875
11:29:42.888577	9.1875	-29.375	-12.625	54.8125	44.0	20.375	53.375	41.3125	-15.5	-76.625	-37.375	-24.0
11:29:42.898683	8.9375	-26.875	-11.3125	67.0	42.125	22.75	54.125	53.25	-10.0	-76.125	1.75	1.25
11:29:42.909238	9.0	-23.8125	-8.4375	68.4375	29.0625	23.9375	54.9375	45.75	-6.0625	-66.5	-14.125	8.375
11:29:42.919360	8.8125	-20.625	-5.875	58.25	8.375	24.625	52.875	32.0625	-4.9375	-35.5	-8.25	13.0625
11:29:42.929431	7.4375	-18.0625	-2.8125	44.0	-11.5625	25.375	50.375	10.8125	-4.625	-31.375	18.4375	8.3125
11:29:42.939569	6.0	-14.75	0.1875	31.0	-26.0625	26.0	52.125	-8.0	-4.6875	-15.3125	13.375	-8.5
11:29:42.949704	3.875	-9.5625	2.5625	21.9375	-30.3125	25.25	54.5625	-13.125	-3.25	-44.875	-12.625	-12.25
11:29:42.960342	1.5625	-3.0	4.375	13.8125	-26.0625	24.625	53.8125	-6.8125	-0.0625	-61.5625	-13.8125	-3.5625
11:29:42.970508	-0.375	4.0	6.125	42.1875	11.5625	21.6875	52.0	3.0	2.5625	-51.875	-11.4375	6.375
11:29:42.980604	-1.75	9.8125	7.5625	49.5	29.75	19.4375	52.375	16.375	3.0	-14.8125	-4.5625	-5.375
11:29:42.990684	-2.6875	12.875	8.5625	54.625	44.0625	19.875	51.0	26.3125	2.875	-12.5625	1.0625	-13.3125
11:29:43.000776	-3.125	13.6875	8.3125	54.75	57.375	21.5	45.75	28.75	3.4375	-26.9375	11.9375	-10.8125
11:29:43.010897	-3.0	12.5625	7.0	55.375	68.3125	22.625	41.1875	20.5625	4.625	-60.0	7.375	-13.5625
11:29:43.021229	-2.8125	10.5625	4.8125	54.75	75.125	22.3125	40.75	5.5625	4.875	-60.0	7.375	-13.5625
11:29:43.031341	-2.9375	8.8125	2.6875	57.875	76.8125	21.8125	42.3125	-3.25	4.4375	-58.6875	13.375	1.4375
11:29:43.041486	-3.3125	7.1875	1.0	61.75	77.875	22.875	42.1875	-3.0	3.375	-32.3125	13.125	3.375
11:29:43.051603	-3.375	6.0	-1.0	62.875	75.0625	25.6875	42.75	-5.375	2.625	-32.875	3.8125	-5.9375
11:29:43.062151	-4.625	5.1875	-1.0	60.4375	70.25	29.75	42.8125	-3.625	1.375	-26.6875	7.25	-7.8125
11:29:43.072222	-4.5	4.75	-0.6875	51.875	61.0625	32.75	40.8125	7.375	1.0625	-17.9375	11.625	-5.125
11:29:43.082315	-4.3125	4.5	-0.5625	42.5625	47.375	34.75	38.5	6.5625	1.4375	-14.625	1.25	-2.6875
11:29:43.092447	-3.875	4.625	-0.8125	37.5625	32.125	36.1875	36.25	-2.1875	0.9375	-32.3125	-3.0	2.8125
11:29:43.102546	-3.8125	4.1875	-0.625	33.875	19.4375	35.625	36.1875	-5.25	0.125	-40.375	2.875	8.8125
11:29:43.112621	-3.4375	3.8125	-1.3125	33.125	9.9375	34.5	34.0	-9.1875	0.375	-34.6875	11.8125	10.4375
11:29:43.122747	-3.375	2.9375	-1.4375	37.3125	6.1875	33.1875	31.1875	-20.6875	-0.625	-23.0	-4.5	3.8125
11:29:43.133174	-2.75	1.625	-1.8125	42.5625	3.5	32.0	30.625	-25.25	-2.8125	-28.4375	-2.875	-1.3125
11:29:43.143298	-1.375	0.375	-2.0625	48.4375	3.3125	30.625	31.9375	-20.4375	-2.625	-38.8125	15.125	-2.4375
11:29:43.153383	0.3125	-0.5	-1.8125	54.0625	6.8125	29.4375	32.625	-15.8125	-1.0	-32.625	19.375	-2.125
11:29:43.163456	1.75	-1.75	-1.625	56.3125	7.75	29.0	30.4375	-19.4375	-1.1875	-19.5625	1.4375	-3.125
11:29:43.173533	3.3125	-2.9375	-1.5	54.8125	9.4375	30.1875	31.0625	-14.4375	-1.375	-21.0	0.6875	0.1875
11:29:43.183622	4.625	-4.0	-0.9375	51.875	9.6875	31.5	34.75	-6.3125	-0.5	-30.75	9.3125	4.3125
11:29:43.193705	5.9375	-5.25	-1.0	48.875	10.4375	33.3125	32.4375	-1.6875	0.125	-22.75	10.1875	3.625
11:29:43.203778	7.25	-6.0625	-0.5	44.8125	12.5	35.0625	30.9375	1.625	-1.1875	-17.75	-2.125	0.8125
11:29:43.213851	8.0625	-6.3125	-0.0625	42.1875	16.375	36.0	33.5	5.0625	-1.875	-21.75	1.4375	2.9375
11:29:43.223951	9.0625	-6.5625	0.25	41.125	20.625	36.375	35.5625	7.6875	-1.25	-32.625	9.125	6.5625
11:29:43.234052	9.9375	-6.5	0.625	42.25	25.5	37.8125	34.625	9.375	-1.5	-20.3125	7.25	4.1875
11:29:43.244202	10.4375	-5.1875	1.625	42.0625	30.0	38.6875	35.375	11.5625	-2.375	-19.6875	-1.5625	0.5625
11:29:43.254284	10.5	-3.375	2.1875	41.0625	34.25	38.6875	39.375	12.75	-1.8125	-28.125	1.25	2.75
11:29:43.264361	10.625	-1.0625	3.0625	42.25	36.5	39.375	40.875	14.375	-0.75	-31.8125	10.75	4.75
11:29:43.274447	10.3125	1.8125	4.4375	43.4375	37.375	39.75	40.4375	13.4375	-0.6875	-23.9375	0.8125	4.625
11:29:43.284906	10.125	4.25	5.0	41.5	36.125	39.0625	43.25	13.5625	-1.8125	-31.125	-29.6875	17.1875
11:29:43.295460	10.125	7.1875	5.75	39.4375	35.4375	37.875	46.4375	16.875	-1.0625	-45.75	-28.4375	35.75
11:29:43.305691	10.4375	10.125	6.25	38.5625	32.875	36.875	46.0625	24.8125	0.5	-45.75	-28.4375	35.75
11:29:43.315759	10.75	13.4375	6.25	37.5	33.0625	35.625	47.3125	29.5	1.625	-46.75	-18.75	5.625
11:29:43.325865	11.4375	16.3125	6.4375	34.8125	32.4375	33.0625	51.0	26.375	2.75	-55.8125	-12.125	9.9375
11:29:43.336045	11.0625	18.5625	5.875	34.6875	32.25	31.625	54.4375	23.5	5.1875	-62.1875	-1.125	9.1875
11:29:43.346216	10.3125	20.25	4.8125	36.0625	29.9375	32.125	54.125	19.75	7.0	-58.375	-20.1875	6.6875
11:29:43.356675	9.8125	17.5	2.875	31.3125	27.5	32.6875	55.25	17.0	7.125	-58.0	-33.125	6.875
11:29:43.366973	9.1875	14.375	0.875	27.5625	28.6875	32.5	59.9375	14.6875	8.5	-68.1875	-24.375	8.25
11:29:43.377064	8.4375	11.375	-0.8125	20.6875	23.25	31.6875	62.8125	15.8125	10.3125	-73.125	-32.5	7.25
11:29:43.387170	8.4375	11.375	-0.8125	15.8125	23.1875	30.9375	63.0	16.375	11.0625	-68.0	-45.375	8.4375
11:29:43.397277	7.625	8.5	-1.8125	13.75	23.4375	30.8125	65.125	16.875	10.5	-70.25	-45.0	9.375
11:29:43.407933	6.125	4.375	-2.5625	11.9375	23.9375	30.8125	71.25	16.875	11.375	-70.25	-45.0	9.375
11:29:43.418272	5.25	3.3125	-2.375	8.5	25.1875	30.0625	73.4375	20.75	12.8125	-85.625	-41.75	11.9375
11:29:43.428394	4.3125	2.0	-1.25	7.375	27.0625	27.375	74.0	22.6875	13.3125	-78.875	-46.9375	11.75
11:29:43.438669	2.9375	1.6875	-0.1875	7.625	27.3125	24.375	77.875	25.4375	12.625	-85.9375	-41.375	11.4375
11:29:43.448753	2.3125	1.8125	1.125	6.875	28.8125	21.875	84.25	31.3125	14.0625	-98.4375	-33.875	15.3125
11:29:43.458868	0.8125	0.4375	1.9375	4.3125	31.1875	19.3125	87.0625	40.5625	17.5	-99.25	-25.875	13.875
11:29:43.468976	-4.125	-0.0625	4.625	2.3125	31.1875	16.125	93.6875	31.25	16.125	-92.25	-17.375	12.5
11:29:43.479545	-9.25	1.0	8.625	-2.125	24.3125	11.5625	101.9375	18.3125	14.6875	-96.5	-46.625	5.6875
11:29:43.489796	-12.75	0.25	10.25	-8.5625	15.9375	6.25	106.0625	21.5	12.375	-106.1875	-70.1875	18.6875
11:29:43.499922	-14.5625	-4.0625	9.4375	-15.25	3.8125	-0.25	110.625	34.0625	10.75	-113.6875	-18.75	36.5625
11:29:43.510479	-15.125	-12.375	6.1875	-24.625	-7.875	-4.6875	115.0	44.375	9.6875	-113.6875	-18.75	36.5625
11:29:43.520601	-14.125	-24.25	1.875	-36.625	-19.125	-9.25	120.8125	48.875	8.4375	-129.25	-34.625	31.3125
11:29:43.530735	-13.0	-34.6875	-2.9375	-60.6875	-38.375	-16.875	126.1875	66.0	9.3125	-142.25	-41.4375	43.6875
11:29:43.541273	-11.5	-36.0	-5.8125	-74.6875	-47.5625	-20.125	135.625	100.3125	12.5	-128.8125	-24.1875	68.25
11:29:43.551442	-10.1875	-30.0	-6.875	-88.25	-58.1875	-23.25	138.125	138.375	18.5	-119.875	0.8125	88.3125
11:29:43.561539	-9.1875	-20.6875	-6.6875	-100.375	-66.3125	-26.75	135.125	167.3125	23.9375	-126.125	37.0625	98.4375
11:29:43.571861	-7.75	-10.4375	-6.4375	-114.75	-70.8125	-34.0	127.0625	164.3125	25.6875	-183.3125	33.125	81.6875
11:29:43.582310	-6.5	-1.375	-7.625	-123.625	-64.625	-39.4375	114.8125	127.6875	25.3125	-231.625	3.9375	40.375
11:29:43.592467	-5.75	6.625	-9.8125	-136.25	-59.625	-44.6875	108.8125	78.875	27.5625	-303.9375	-29.9375	23.4375
11:29:43.603110	-6.0	13.5625	-12.0	-143.5625	-19.8125	-50.9375	110.0	43.3125	26.3125	-303.9375	-29.9375	23.4375
11:29:43.613214	-6.4375	18.0	-12.75	-137.5	14.0625	-57.75	105.6875	25.75	24.625	-347.0	-39.0625	19.8125
11:29:43.623317	-7.125	19.3125	-12.0	-124.375	12.625	-64.25	96.0625	26.0625	26.6875	-313.375	-144.3125	33.0
11:29:43.633386	-8.375	17.4375	-10.0	-104.75	-0.4375	-68.625	80.8125	7.9375	24.875	-295.3125	-105.0	2.9375
11:29:43.643671	-9.3125	12.0	-7.125	-87.125	-11.9375	-68.4375	74.4375	-22.625	20.875	-215.375	-76.0625	-34.875
11:29:43.653784	-9.5	5.8125	-4.25	-76.5	-1.125	-68.375	70.375	-27.25	17.125	-138.75	-20.6875	22.0625
11:29:43.663854	-8.6875	-0.625	-1.5	-69.375	5.5	-64.375	61.625	-12.75	10.5625	-24.125	142.3125	49.1875
11:29:43.673963	-6.5	-6.125	-0.0625	-65.3125	-4.4375	-61.9375	49.625	-3.5625	4.0625	87.25	218.4375	-1.1875
11:29:43.684033	-3.4375	-10.625	0.125	-74.5	-20.75	-61.75	23.3125	-10.125	0.75	200.0	211.8125	-50.0625
11:29:43.694100	-1.4375	-14.0625	1.1875	-82.75	-36.6875	-63.125	-10.125	-27.3125	0.3125	239.4375	135.1875	-63.375
11:29:43.704184	0.25	-15.625	2.0	-95.0	-59.5	-65.6875	-38.5	-47.875	-2.875	239.4375	135.1875	-63.375
11:29:43.714256	1.75	-15.4375	1.4375	-102.125	-77.125	-66.9375	-59.0	-64.6875	-10.125	142.0625	53.4375	-18.9375
11:29:43.724347	2.375	-14.3125	0.4375	-105.375	-85.8125	-67.4375	-79.0625	-80.6875	-16.1875	145.0	154.0	-13.3125
11:29:43.734472	4.0	-9.625	-2.5	-101.625	-90.6875	-67.0625	-94.625	-86.875	-21.8125	178.0	124.25	-67.9375
11:29:43.744596	4.0	-9.625	-2.5	-93.4375	-87.875	-65.6875	-114.0625	-86.0	-29.1875	210.0625	-10.1875	-78.125
11:29:43.754958	5.875	-5.5	-3.8125	-85.75	-77.1875	-63.125	-132.8125	-80.0	-28.9375	197.0625	-60.3125	-40.1875
11:29:43.765479	6.0625	-3.5	-3.5	-77.5	-63.125	-58.625	-150.875	-60.125	-24.125	163.75	-10.375	-5.625
11:29:43.775585	6.0625	-2.1875	-3.4375	-68.5625	-54.125	-52.8125	-169.0625	-55.0	-19.6875	177.125	25.1875	-6.75
11:29:43.786185	5.5625	-2.4375	-2.75	-62.8125	-52.625	-47.75	-186.4375	-62.125	-19.125	231.0625	1.25	-10.5625
11:29:43.796696	4.9375	-2.5	-3.25	-58.9375	-54.75	-42.875	-199.3125	-62.6875	-21.625	273.1875	-5.75	-15.0
11:29:43.806777	4.25	-1.875	-4.625	-58.5625	-57.6875	-38.875	-211.5	-57.6875	-24.1875	273.1875	-5.75	-15.0
11:29:43.816897	3.625	-1.3125	-5.25	-57.3125	-54.875	-37.3125	-224.9375	-48.25	-26.125	287.1875	65.9375	-13.875
11:29:43.827010	3.25	-0.3125	-5.1875	-51.5	-50.0625	-36.375	-238.0	-29.375	-27.75	276.25	80.125	-3.1875
11:29:43.837120	3.0	0.25	-5.375	-43.8125	-40.8125	-36.1875	-248.5	4.5	-30.125	256.75	92.5625	4.875
11:29:43.847846	1.875	0.4375	-6.1875	-34.8125	-28.125	-36.625	-254.375	36.625	-31.4375	240.3125	108.25	10.6875
11:29:43.857947	0.5	0.375	-6.4375	-27.875	-15.5625	-36.1875	-257.5	59.0	-31.0625	224.25	113.5	17.875
11:29:43.868071	-1.3125	0.5	-6.0625	-22.4375	-5.8125	-35.875	-258.125	70.0625	-31.0625	221.625	111.4375	19.625
11:29:43.878141	-3.1875	1.0	-5.625	-14.125	1.875	-36.4375	-258.625	66.125	-31.1875	230.9375	110.3125	17.5
11:29:43.888262	-4.625	2.25	-5.375	-2.5625	9.9375	-36.75	-258.1875	50.875	-32.5625	231.875	94.8125	18.5625
11:29:43.898329	-5.125	4.0625	-5.0	4.9375	13.625	-36.875	-256.3125	28.875	-34.125	229.125	78.3125	28.0
11:29:43.908866	-5.75	5.875	-4.0	9.8125	15.5	-36.0	-254.0	5.875	-35.0	231.75	61.375	34.3125
11:29:43.918972	-6.3125	8.125	-3.1875	10.875	14.625	-34.4375	-248.375	-26.5	-33.25	231.875	48.3125	31.0
11:29:43.929139	-6.6875	9.4375	-2.0625	11.625	9.625	-30.75	-245.25	-26.375	-31.125	235.1875	39.125	26.25
11:29:43.939266	-6.625	10.75	-0.125	14.1875	6.0	-27.0	-239.0625	-19.25	-28.8125	240.25	29.75	23.0
11:29:43.949883	-6.875	10.5	1.8125	17.75	3.1875	-22.9375	-230.625	-10.125	-26.0625	233.75	20.8125	17.875
11:29:43.959993	-6.5625	9.3125	3.8125	25.8125	8.5	-16.25	-222.6875	-6.75	-23.375	227.8125	22.6875	6.3125
11:29:43.970079	-6.1875	7.375	5.125	30.9375	11.375	-14.9375	-210.5	-7.5	-21.5	220.3125	25.125	2.5625
11:29:43.980196	-5.5	5.375	6.5	35.8125	6.75	-12.8125	-198.6875	-12.4375	-20.0	209.625	22.5625	3.625
11:29:43.990837	-5.375	3.3125	8.25	38.4375	1.3125	-11.0	-184.6875	-20.5	-18.375	196.25	18.125	2.6875
11:29:44.000935	-5.625	1.625	9.375	39.25	-10.1875	-8.9375	-166.6875	-32.0	-16.125	164.9375	3.0	9.3125
11:29:44.011082	-6.0	-0.25	10.4375	37.6875	-18.3125	-6.6875	-146.5	-41.25	-13.875	143.375	-12.6875	7.5625
11:29:44.021183	-6.75	-2.0	11.1875	36.5625	-23.4375	-7.3125	-124.6875	-48.0	-11.4375	129.8125	-24.375	5.125
11:29:44.031820	-7.8125	-3.8125	11.5	34.3125	-23.3125	-7.625	-100.375	-40.4375	-8.9375	117.9375	-26.625	3.75
11:29:44.041961	-8.3125	-5.0	11.3125	28.875	-19.0	-8.0625	-75.25	-30.4375	-7.6875	102.8125	-25.75	6.9375
11:29:44.052560	-8.1875	-5.5	11.3125	23.125	-13.5	-8.8125	-49.6875	-25.125	-7.0625	77.4375	-25.875	9.25
11:29:44.062643	-8.0625	-6.8125	10.625	15.25	-4.1875	-10.4375	-22.6875	-20.8125	-6.75	46.8125	-20.5625	8.625
11:29:44.072731	-7.5625	-7.75	10.125	9.25	5.0	-12.0625	5.0625	-15.5	-6.3125	19.125	-12.5	6.375
11:29:44.082801	-7.125	-8.1875	8.5	3.75	11.0625	-12.8125	30.5	-9.6875	-5.8125	-7.4375	-9.125	4.5625
11:29:44.092906	-6.5625	-7.1875	6.8125	-3.5	9.0625	-13.0	53.0625	-5.8125	-5.4375	-32.9375	-6.5625	3.0
11:29:44.102980	-6.0	-5.5	5.1875	-9.625	-0.5	-13.125	73.6875	-8.5	-5.0625	-55.5625	-6.75	-0.125
11:29:44.113059	-5.1875	-2.75	4.0	-12.25	-12.4375	-13.125	90.5	-16.25	-4.4375	-58.375	-10.6875	-7.8125
11:29:44.123131	-4.3125	-0.25	2.8125	-11.6875	-22.9375	-12.4375	103.1875	-27.8125	-4.125	-87.25	-45.6875	-31.25
11:29:44.133201	-3.125	1.4375	2.8125	-11.4375	-29.625	-11.375	115.0	-42.875	-3.3125	-137.8125	-86.75	-53.0625
11:29:44.143277	-2.1875	2.4375	4.0	-10.3125	-35.1875	-8.25	120.1875	-52.0625	-2.5	-127.75	-61.9375	-42.875
11:29:44.153350	-1.125	2.5	5.25	-6.5625	-32.9375	-3.875	101.6875	-22.4375	-2.1875	-76.4375	-62.6875	-26.875
11:29:44.163462	-0.0625	2.6875	5.75	-1.5625	-27.625	3.0	56.5	3.5	0.1875	51.875	-109.1875	-10.9375
11:29:44.173548	2.125	3.0	6.75	14.0625	-4.6875	9.1875	27.8125	-51.0625	3.1875	106.5	71.1875	-35.4375
11:29:44.183619	5.75	1.1875	10.1875	29.6875	17.3125	15.3125	39.75	-97.0625	-2.5	-97.875	3.1875	-61.375
11:29:44.193693	8.0625	-2.0	12.125	31.1875	23.1875	21.9375	68.1875	-126.0625	-13.75	-186.9375	-319.0	-38.25
11:29:44.203767	9.0	-2.6875	11.0	36.5625	33.125	28.5625	79.75	-103.0	-19.625	-191.1875	-196.375	59.875
11:29:44.213848	8.375	0.9375	7.875	39.75	41.5	27.5	72.9375	-46.6875	-16.8125	-196.375	86.375	107.5625
11:29:44.223922	7.25	8.125	4.3125	17.8125	25.1875	16.75	70.6875	16.625	-8.1875	-203.5625	38.625	74.625
11:29:44.233994	6.625	15.25	1.4375	1.1875	8.75	8.0	70.375	46.9375	-2.0	-131.3125	-69.625	31.25
11:29:44.244064	6.375	17.8125	-0.5625	5.75	16.5625	10.125	68.6875	46.375	2.25	-73.25	-29.25	38.9375
11:29:44.254400	7.9375	7.3125	-0.9375	18.3125	29.375	19.5	71.375	25.125	0.5	-38.625	-7.25	16.5
11:29:44.264535	10.1875	-0.9375	-1.5625	28.375	37.1875	26.375	70.1875	-15.3125	-4.75	12.875	-24.8125	-7.25
11:29:44.274653	10.875	-9.125	-3.25	39.625	45.3125	26.0	62.4375	-46.8125	-11.375	44.1875	7.0625	-2.6875
11:29:44.284814	10.3125	-14.875	-6.5	50.9375	53.125	22.125	57.75	-47.4375	-17.6875	-26.1875	-6.25	-3.1875
11:29:44.295079	9.5	-17.3125	-9.375	62.0625	61.1875	19.75	55.125	-17.8125	-19.3125	-93.3125	-50.75	-13.75
11:29:44.305185	9.125	-17.5625	-10.5625	69.4375	62.4375	21.4375	52.75	17.5	-16.1875	-99.125	-35.75	-3.8125
11:29:44.315302	9.0	-17.5625	-9.0625	68.875	49.5625	24.0	51.0625	39.25	-11.6875	-85.75	-6.875	13.625
11:29:44.325415	9.375	-17.5	-6.4375	59.125	25.4375	25.875	51.0625	39.25	-11.6875	-54.6875	-3.6875	6.25
11:29:44.335557	9.375	-16.5	-3.4375	46.25	1.5625	27.3125	51.625	46.125	-8.625	-16.625	4.1875	1.125
11:29:44.345777	8.5625	-14.8125	-0.625	34.3125	-16.375	27.625	51.9375	36.3125	-6.75	-2.25	16.5	-1.0
11:29:44.355852	7.125	-12.4375	1.8125	25.125	-27.25	26.3125	50.8125	23.75	-6.3125	-8.0625	6.75	-5.3125
11:29:44.366069	5.25	-9.0625	4.1875	17.1875	-26.0	24.9375	49.875	6.875	-5.875	-45.125	-12.375	-3.1875
11:29:44.376250	3.375	-4.3125	5.3125	15.25	-17.875	23.75	51.5625	-4.375	-5.4375	-60.375	-24.375	5.25
11:29:44.386322	1.0625	0.75	6.6875	34.8125	-2.5625	22.375	54.0	-5.0	-3.8125	-51.875	-18.75	13.0
11:29:44.396422	-0.75	5.0625	7.6875	41.875	11.6875	19.125	54.0	7.3125	-1.5625	-21.0	-5.3125	10.625
11:29:44.406512	-1.9375	7.3125	7.9375	50.375	26.875	17.625	52.0625	16.875	0.25	-14.1875	-1.5625	-5.4375
11:29:44.416655	-3.1875	7.125	7.8125	52.4375	38.125	18.6875	52.4375	23.375	1.75	-21.75	1.375	-10.8125
11:29:44.426729	-3.5625	5.375	6.375	51.9375	50.0625	20.375	52.3125	29.25	2.625	-37.6875	9.8125	-6.75
11:29:44.436799	-3.8125	3.3125	4.1875	49.1875	53.625	21.0625	48.5625	30.125	2.9375	-48.3125	8.0	-6.0
11:29:44.446932	-3.4375	1.3125	2.125	49.5625	57.375	21.125	45.125	22.1875	3.6875	-50.4375	-2.5625	-3.8125
11:29:44.457480	-3.5	-0.25	0.75	50.9375	61.4375	21.875	44.0	8.5	4.75	-50.6875	-0.0625	5.5
11:29:44.467800	-3.1875	-0.6875	-0.9375	52.5	65.9375	24.0625	43.6875	2.8125	5.5	-40.875	3.625	14.125
11:29:44.477870	-3.4375	-0.1875	-2.0	53.4375	66.75	28.875	42.0	8.0625	5.1875	-24.0	-0.5	1.125
11:29:44.488025	-3.8125	0.8125	-0.9375	51.3125	65.0	31.5625	40.1875	7.3125	5.625	-22.625	4.1875	-3.0625
11:29:44.498647	-3.75	1.75	-0.0625	46.5	58.75	33.1875	38.8125	-0.375	4.875	-23.8125	6.6875	3.0625
11:29:44.508722	-3.9375	2.6875	0.25	42.625	51.3125	34.3125	36.9375	9.1875	2.0625	-14.75	0.9375	2.3125
11:29:44.518840	-3.8125	3.0	0.3125	40.4375	40.0	35.5625	33.3125	5.75	1.375	-22.375	1.375	0.9375
11:29:44.528942	-3.25	3.5625	0.375	43.5625	34.125	34.8125	30.0	1.1875	0.5625	-26.9375	2.625	2.0625
11:29:44.539070	-2.6875	3.8125	0.3125	44.875	27.0625	34.5	30.3125	5.75	0.625	-38.0625	6.4375	3.125
11:29:44.549191	-1.875	3.3125	0.1875	47.375	19.375	33.1875	31.6875	-0.25	0.5	-26.1875	8.375	2.125
11:29:44.559732	-0.9375	2.9375	-0.25	50.75	17.0	32.0	30.625	-11.0625	-0.0625	-28.625	11.25	-1.0
11:29:44.569833	0.4375	2.375	-0.5	52.75	10.375	30.8125	30.5625	-16.25	0.0	-30.625	9.5	3.5625
11:29:44.579906	1.625	1.25	-0.75	52.375	2.9375	30.0625	30.6875	-20.8125	0.375	-28.1875	10.1875	6.875
11:29:44.590035	2.625	-0.8125	-1.375	48.1875	0.3125	29.75	29.125	-30.0	-0.25	-19.625	-3.0625	0.0
11:29:44.600626	3.75	-2.4375	-1.5625	43.5	-1.625	30.0625	31.25	-31.125	-1.375	-28.25	-3.0	1.3125
11:29:44.610715	4.4375	-4.375	-1.0625	40.5	-0.5625	30.75	37.0625	-21.9375	-0.6875	-30.375	6.3125	4.4375
11:29:44.620795	4.6875	-5.4375	-0.3125	38.0625	4.0	31.625	36.4375	-12.5625	-0.25	-16.1875	-4.125	2.0
11:29:44.630900	4.625	-5.6875	0.5	38.375	11.0625	32.625	34.125	-7.625	-1.0	-27.625	3.3125	2.375
11:29:44.641013	5.1875	-4.8125	1.5625	41.5	19.1875	33.375	36.5	-2.375	-1.625	-39.6875	13.1875	2.75
11:29:44.651740	5.5625	-3.4375	2.75	43.5	27.5625	33.3125	41.0	1.0	-0.75	-25.9375	13.1875	2.1875
11:29:44.661810	6.25	-1.125	4.125	45.8125	35.875	33.0625	39.25	-0.3125	-0.125	-20.0	-3.5	-0.875
11:29:44.671916	6.6875	1.4375	5.375	46.25	39.25	33.125	39.625	1.8125	-1.375	-29.75	1.4375	0.375
11:29:44.681993	7.25	3.9375	5.9375	44.6875	40.8125	34.125	44.625	5.75	-1.25	-40.4375	11.125	3.625
11:29:44.692066	7.375	6.75	6.625	39.6875	39.75	35.25	46.0	12.1875	0.4375	-24.0625	2.8125	1.6875
11:29:44.702236	7.125	9.5	7.4375	35.6875	37.4375	35.375	44.0	15.375	0.9375	-26.0	-9.4375	0.5625
11:29:44.712365	7.0625	12.375	7.625	32.875	36.125	35.375	45.6875	17.0625	0.0625	-38.1875	-10.5625	11.25
11:29:44.722448	7.1875	15.5625	8.3125	31.8125	36.6875	35.125	49.8125	17.0	0.75	-52.375	-33.0625	29.0625
11:29:44.733047	6.25	19.125	9.25	29.4375	35.125	35.1875	49.0	20.5	1.5625	-42.5625	-9.6875	19.125
11:29:44.743148	7.0625	21.6875	9.6875	29.375	33.5625	33.8125	47.75	24.3125	2.0	-51.75	-13.5	8.5
11:29:44.753220	7.5	22.5	10.375	31.625	38.25	31.6875	51.0	30.3125	2.4375	-65.0625	-3.3125	8.4375
11:29:44.763323	7.5	22.0625	9.5	32.0625	37.625	30.75	53.5	30.1875	4.3125	-66.6875	1.0	6.625
11:29:44.773405	7.75	21.1875	8.125	31.625	34.125	30.125	54.125	30.0625	6.875	-59.5625	-20.625	8.625
11:29:44.783470	7.5	18.3125	6.25	29.0	29.625	31.1875	55.0	26.75	8.25	-65.625	-26.0	9.625
11:29:44.793537	6.9375	14.5625	3.3125	23.25	29.5625	32.4375	58.9375	22.125	9.125	-74.8125	-20.1875	7.125
11:29:44.803627	6.125	10.8125	1.1875	16.125	28.625	31.8125	63.0	19.75	11.0625	-75.25	-33.5	6.5
11:29:44.813692	5.375	7.3125	-0.5	10.875	26.625	29.9375	65.0	18.875	12.875	-70.625	-46.1875	9.8125
11:29:44.823774	4.3125	4.375	-1.6875	7.625	25.25	28.75	66.5	20.3125	12.8125	-83.1875	-39.125	9.75
11:29:44.833840	3.625	2.5	-2.25	5.625	27.75	28.375	71.0	21.6875	13.4375	-90.5625	-36.0	10.5
11:29:44.843911	3.125	1.3125	-1.8125	5.0625	29.8125	26.5	74.625	24.8125	14.4375	-89.0625	-41.3125	11.3125
11:29:44.853979	2.5625	0.4375	-1.125	6.8125	28.5625	24.5	77.1875	28.125	15.25	-88.9375	-38.6875	11.3125
11:29:44.864089	1.75	0.4375	-0.9375	7.5625	28.3125	21.3125	80.875	31.6875	15.6875	-96.5625	-30.875	11.375
11:29:44.874217	-4.5625	2.5625	3.1875	5.6875	26.5625	17.75	86.25	37.5	17.875	-107.0	-26.25	13.0
11:29:44.884288	-8.25	4.8125	8.375	-0.1875	21.8125	12.625	89.5625	39.125	19.75	-100.4375	-40.375	6.875
11:29:44.894353	-10.5	1.6875	11.4375	-7.75	11.8125	7.0625	92.625	29.8125	19.25	-92.625	-63.5	11.875
11:29:44.904459	-10.125	-5.875	12.25	-14.6875	3.5625	1.3125	97.6875	20.875	16.75	-116.8125	-40.375	31.25
11:29:44.914560	-10.125	-5.875	12.25	-24.0	-4.6875	-4.3125	106.3125	21.25	14.5	-123.625	-12.125	32.8125
11:29:44.924663	-8.8125	-19.8125	8.4375	-35.0625	-15.9375	-8.4375	111.75	34.0	12.8125	-122.9375	-27.8125	32.125
11:29:44.934790	-7.0	-35.25	2.4375	-45.8125	-25.875	-12.9375	113.75	45.5	10.625	-128.0625	-29.9375	45.125
11:29:44.944903	-4.625	-41.0625	-3.4375	-56.9375	-33.3125	-17.3125	117.625	55.125	8.0	-137.5	-21.5	64.25
11:29:44.955341	-3.3125	-36.0	-6.6875	-71.0	-35.5625	-21.0	125.25	71.5	9.0	-133.6875	-13.4375	83.6875
11:29:44.965447	-2.3125	-24.0	-6.3125	-86.3125	-40.25	-23.3125	137.4375	109.625	12.125	-128.75	32.25	98.9375
11:29:44.975586	-1.625	-10.6875	-5.1875	-100.125	-48.8125	-26.4375	139.6875	149.0625	18.0	-138.875	73.5	107.875
11:29:44.985716	-1.75	-0.125	-6.0	-114.6875	-58.3125	-29.625	135.375	169.375	21.3125	-166.9375	69.0	81.6875
11:29:44.995860	-2.0	7.0625	-9.125	-122.125	-50.5625	-35.5	131.1875	148.3125	20.0	-223.875	-5.5625	41.8125
11:29:45.006560	-3.125	11.375	-12.9375	-134.8125	-48.625	-40.9375	126.3125	106.25	19.1875	-306.1875	-30.75	37.25
11:29:45.016685	-3.625	15.0	-16.3125	-144.6875	-18.75	-43.875	131.1875	69.875	21.1875	-329.0	-38.8125	35.0
11:29:45.026806	-4.3125	17.5	-16.9375	-149.875	-0.9375	-52.3125	131.5	52.5625	21.5625	-285.25	-89.375	49.0625
11:29:45.036876	-4.75	18.3125	-15.875	-135.0625	2.3125	-63.5625	124.5	52.5	24.375	-289.25	-58.5	58.4375
11:29:45.046950	-5.4375	16.75	-13.25	-112.5	-24.6875	-68.0625	110.375	50.9375	25.1875	-297.375	-20.1875	22.625
11:29:45.057400	-6.1875	13.3125	-10.125	-99.125	-36.5625	-73.9375	87.0625	32.75	22.4375	-284.9375	-59.6875	-10.1875
11:29:45.067768	-6.125	9.25	-6.375	-87.4375	-31.25	-72.125	68.125	-18.0625	20.4375	-223.9375	-107.875	-24.4375
11:29:45.077849	-5.5	6.5	-3.4375	-85.5	-21.1875	-70.625	67.625	-50.25	18.8125	-94.1875	-18.5	20.4375
11:29:45.087916	-4.0	3.9375	-2.3125	-85.125	-19.25	-66.5	63.6875	-41.5	13.875	43.9375	164.5	15.0625
11:29:45.098013	-2.8125	1.9375	-1.375	-93.375	-31.625	-64.9375	51.5625	-36.6875	5.5	215.1875	221.1875	-49.0
11:29:45.108132	-2.125	-0.6875	-0.4375	-102.4375	-39.8125	-66.0	22.6875	-45.125	0.75	293.5	150.6875	-66.4375
11:29:45.118726	-1.1875	-2.25	0.0625	-107.9375	-47.4375	-67.3125	-11.5	-60.5625	2.25	197.4375	-72.0	-62.5625
11:29:45.128853	-0.4375	-2.5	0.4375	-106.0625	-64.8125	-71.25	-42.3125	-70.6875	0.9375	119.6875	-79.125	-37.75
11:29:45.138923	0.1875	-1.6875	0.0625	-106.0625	-64.8125	-71.25	-65.3125	-82.5625	-4.375	129.125	105.75	-36.6875
11:29:45.149127	0.8125	0.125	-0.6875	-86.125	-65.3125	-70.6875	-85.375	-101.5	-8.6875	176.5625	149.4375	-77.6875
11:29:45.159694	1.375	2.1875	-1.8125	-79.8125	-61.625	-67.3125	-103.5	-104.1875	-16.6875	243.25	12.0625	-90.125
11:29:45.169812	2.0625	4.1875	-3.3125	-75.25	-55.0	-63.0	-139.25	-96.875	-24.0	192.0625	-6.5625	-3.5625
11:29:45.179969	2.375	5.625	-3.8125	-74.8125	-51.75	-57.5625	-159.0	-70.5	-20.375	192.0625	-6.5625	-3.5625
11:29:45.190069	2.3125	6.375	-4.1875	-71.3125	-51.0	-52.0625	-178.125	-61.75	-15.8125	227.25	46.9375	-26.3125
11:29:45.200661	2.125	6.5625	-4.625	-69.0	-51.875	-47.3125	-195.75	-56.3125	-16.4375	270.6875	28.5625	-29.875
11:29:45.210735	1.375	5.1875	-4.9375	-62.8125	-46.625	-44.8125	-208.6875	-43.0625	-20.1875	271.8125	88.875	-20.375
11:29:45.220839	0.75	2.6875	-4.375	-56.25	-40.25	-43.375	-222.3125	-26.875	-22.4375	262.625	92.375	-9.875
11:29:45.230978	0.1875	0.4375	-4.375	-47.375	-29.625	-42.625	-236.375	-9.3125	-22.9375	250.0	96.375	0.25
11:29:45.241068	0.625	-0.6875	-5.0	-39.4375	-20.1875	-41.6875	-249.875	13.1875	-25.125	238.375	107.6875	8.375
11:29:45.251667	1.125	-2.25	-6.3125	-32.9375	-14.75	-40.5625	-260.0	35.5625	-28.5625	233.125	108.6875	13.3125
11:29:45.261796	0.75	-3.375	-7.0	-26.875	-11.5	-39.375	-266.5	49.875	-30.4375	240.0	104.5625	13.75
11:29:45.271881	0.0	-5.0	-6.3125	-20.4375	-10.25	-38.5	-270.0625	55.125	-31.0625	246.8125	100.125	15.0
11:29:45.282010	-0.625	-6.1875	-5.5	-10.625	-8.5625	-37.75	-271.6875	48.5625	-31.8125	249.3125	83.625	20.375
11:29:45.292075	-1.625	-7.125	-5.625	0.0625	-6.5625	-37.3125	-273.1875	33.5625	-32.8125	247.625	58.5	26.0
11:29:45.302147	-3.0	-6.5625	-5.75	7.8125	-4.1875	-36.4375	-274.4375	14.25	-32.8125	244.375	43.5	26.1875
11:29:45.312271	-4.0625	-5.375	-5.375	13.5	-3.3125	-34.4375	-272.875	-2.25	-32.8125	244.625	45.125	24.875
11:29:45.322359	-5.125	-4.125	-4.8125	16.3125	-3.1875	-32.25	-269.9375	-11.8125	-33.3125	249.8125	45.4375	23.5
11:29:45.332437	-6.0	-1.6875	-3.25	17.375	-4.9375	-28.9375	-264.1875	-16.875	-33.0	245.4375	40.625	21.1875
11:29:45.342543	-6.875	0.25	-1.375	20.75	-6.5	-25.9375	-257.125	-16.4375	-31.0	233.5	36.5625	16.5625
11:29:45.352609	-7.25	1.875	0.375	25.25	-2.6875	-23.375	-247.8125	-16.3125	-27.625	224.0625	29.5625	11.625
11:29:45.362708	-7.0	2.625	2.6875	29.375	5.25	-22.6875	-238.5	-13.25	-24.0625	219.4375	19.5	-1.6875
11:29:45.372889	-6.6875	2.8125	4.375	34.125	10.0625	-21.0	-228.3125	-8.625	-21.4375	205.8125	14.625	1.0625
11:29:45.383538	-7.0	2.4375	5.625	37.3125	9.3125	-19.0	-218.3125	-5.25	-19.875	186.9375	7.6875	3.6875
11:29:45.393610	-7.0	1.4375	6.625	37.875	-0.4375	-15.8125	-201.875	-4.1875	-19.625	170.125	1.75	4.5625
11:29:45.403675	-7.4375	-0.0625	8.0	37.0625	-7.625	-13.1875	-187.0	-7.0	-18.8125	157.25	3.9375	5.1875
11:29:45.413747	-7.9375	-0.8125	10.1875	34.3125	-12.0625	-10.9375	-166.875	-11.875	-17.3125	140.875	-0.8125	4.4375
11:29:45.423826	-8.5	-1.75	11.375	32.75	-9.4375	-8.625	-145.5	-21.0	-14.1875	124.75	-15.875	2.75
11:29:45.433937	-9.125	-2.9375	11.5625	30.0	-7.125	-8.5	-123.8125	-36.5	-10.9375	106.25	-20.375	3.5
11:29:45.444007	-9.1875	-5.0625	11.3125	24.4375	-7.625	-8.125	-99.5625	-47.4375	-8.1875	77.3125	-13.6875	5.5625
11:29:45.454082	-9.5	-7.0625	11.6875	20.1875	-10.25	-6.6875	-73.1875	-45.0	-7.375	51.875	-11.125	1.9375
11:29:45.464145	-9.6875	-9.0625	11.4375	16.875	-9.5625	-6.5625	-48.5	-34.8125	-6.875	29.5625	-3.75	1.4375
11:29:45.474219	-9.5625	-10.375	11.125	9.9375	-9.0	-7.0625	-24.0	-20.625	-6.1875	3.375	-3.25	1.4375
11:29:45.484298	-8.5625	-10.5	9.9375	3.25	-5.8125	-7.625	1.0	-7.8125	-4.9375	-23.0	-3.625	0.75
11:29:45.494368	-7.0625	-9.9375	9.125	1.6875	-4.6875	-8.625	25.1875	-1.5625	-3.875	-45.9375	-6.3125	-0.0625
11:29:45.504438	-6.1875	-9.0	5.8125	-0.9375	-8.375	-9.1875	46.625	-3.4375	-3.0	-64.4375	-13.125	-1.9375
11:29:45.514512	-5.3125	-6.3125	2.8125	-6.5	-15.4375	-9.875	65.75	-10.5625	-2.8125	-72.875	-19.5625	-5.9375
11:29:45.524580	-4.5	-3.0	0.3125	-8.5625	-22.375	-9.25	82.125	-19.1875	-2.0625	-68.5	-21.3125	-24.3125
11:29:45.534659	-4.0625	-0.9375	-1.25	-5.6875	-25.0625	-7.1875	95.375	-25.25	-1.375	-141.5625	-84.625	-48.25
11:29:45.545319	-4.0	0.5625	-1.4375	-1.6875	-24.625	-3.625	103.5	-33.4375	-0.5625	-99.875	-58.125	-25.9375
11:29:45.555782	-4.0	0.6875	-0.4375	0.875	-24.1875	0.0	107.875	-49.1875	1.5	-37.5	-52.5	-11.375
11:29:45.565893	-2.5	-2.0	3.625	5.25	-21.625	3.875	103.0625	-61.25	4.0	49.25	-184.375	-10.6875
11:29:45.576012	-1.625	-2.625	5.5	23.1875	-10.25	8.9375	80.5	-31.75	3.8125	155.3125	0.375	-8.8125
11:29:45.586171	0.5	-3.0625	7.3125	44.25	17.3125	20.25	35.8125	7.25	2.8125	-44.3125	152.8125	-54.1875
11:29:45.596608	4.3125	-4.625	10.0	51.4375	35.75	34.75	3.375	-44.0625	1.625	-196.0	-214.9375	-60.9375
11:29:45.606729	7.625	-6.375	11.0625	53.375	19.6875	46.375	14.6875	-86.625	-5.8125	-212.8125	-296.75	-4.0625
11:29:45.616820	9.25	-5.9375	8.3125	53.0	8.125	45.5	53.1875	-117.6875	-19.0	-200.5	54.5	80.25
11:29:45.626891	10.0625	-1.9375	4.75	44.125	9.6875	33.125	70.6875	-96.75	-25.9375	-214.9375	117.9375	70.3125
11:29:45.636972	9.4375	4.875	2.0	20.625	5.1875	14.25	61.375	-35.375	-21.0	-167.375	-56.375	11.5
11:29:45.647080	8.4375	12.8125	-0.375	6.75	-1.125	1.0	58.9375	34.625	-7.75	-86.5625	-75.1875	39.875
11:29:45.657719	8.0625	19.25	-2.6875	16.125	20.625	2.75	63.375	64.1875	-0.875	-18.75	9.625	40.5625
11:29:45.667839	8.375	20.625	-4.0625	22.5	51.125	16.0	62.125	60.875	3.4375	27.75	-9.3125	22.25
11:29:45.677914	9.1875	15.25	-4.375	22.8125	61.9375	28.5625	60.875	31.875	3.8125	35.0	-28.8125	5.9375
11:29:45.688009	11.3125	5.9375	-5.375	24.4375	68.0625	31.5625	60.4375	-19.875	-0.3125	-7.875	-14.125	14.5
11:29:45.698078	12.0625	-4.4375	-8.0	37.1875	73.9375	30.625	57.4375	-56.0	-8.375	-57.8125	-28.25	12.0625
11:29:45.708755	12.1875	-12.875	-11.0	56.1875	73.6875	30.6875	51.375	-52.6875	-15.0	-82.1875	-50.0	4.375
11:29:45.718877	11.875	-17.5625	-13.4375	72.3125	52.0	28.6875	47.3125	-22.6875	-17.1875	-80.1875	-25.625	13.0
11:29:45.728986	12.25	-19.1875	-13.8125	67.0625	29.3125	26.5625	48.25	8.75	-14.75	-52.625	-0.875	17.375
11:29:45.739107	12.5625	-19.25	-11.6875	52.75	0.875	26.625	48.75	28.25	-11.0	-13.5625	8.0625	3.25
11:29:45.749690	12.8125	-18.25	-9.1875	38.125	-22.1875	27.75	45.8125	36.3125	-8.125	-8.625	14.4375	-11.6875
11:29:45.759796	12.5625	-16.5	-6.875	26.4375	-35.375	27.375	43.6875	20.0	-9.0	-13.5625	14.5	-17.3125
11:29:45.769901	11.3125	-14.5625	-4.3125	19.25	-34.375	26.0	43.0	8.4375	-8.625	-36.125	1.875	-11.1875
11:29:45.780451	8.8125	-11.8125	-1.5625	15.5625	-27.0625	25.0	43.0	8.4375	-8.625	-50.0	-16.1875	1.625
11:29:45.790552	6.375	-7.1875	0.125	31.3125	-14.125	23.1875	41.3125	-0.6875	-6.5	-50.0	-16.1875	1.625
11:29:45.800677	3.875	-1.0625	1.9375	46.625	-0.8125	20.5	44.25	-3.9375	-2.25	-30.8125	-7.1875	9.4375
11:29:45.810866	1.5	4.9375	3.6875	53.6875	18.125	17.0625	42.625	6.0	-0.0625	-8.3125	-2.6875	6.0625
11:29:45.820962	0.75	9.6875	4.375	59.6875	30.625	17.8125	40.4375	14.6875	1.0	-26.25	8.375	-12.9375
11:29:45.831074	0.4375	12.375	3.875	57.6875	42.75	20.5	41.875	23.6875	0.4375	-42.8125	7.875	-7.625
11:29:45.841202	0.25	12.25	2.8125	53.25	52.375	22.625	43.9375	32.3125	0.5625	-40.5625	-1.25	-3.5625
11:29:45.851293	0.25	11.3125	1.0625	49.4375	55.875	22.5	42.4375	44.4375	1.9375	-42.9375	-3.875	-2.875
11:29:45.861825	-0.125	10.375	-1.25	48.5	62.0625	21.625	41.0625	49.0	4.0	-40.75	3.25	-0.125
11:29:45.871918	-0.6875	10.1875	-3.375	46.9375	66.5625	21.4375	44.25	49.6875	5.375	-33.125	3.4375	3.0
11:29:45.882191	-1.25	10.125	-4.875	46.625	69.1875	22.9375	45.4375	45.25	6.625	-29.125	0.4375	-3.0
11:29:45.892743	-2.0625	9.75	-5.5	42.9375	71.1875	24.875	44.6875	36.1875	6.875	-33.5625	3.625	-8.4375
11:29:45.902816	-2.3125	9.8125	-6.375	38.4375	68.6875	25.625	46.0	22.125	6.5625	-39.375	3.25	-6.4375
11:29:45.912888	-3.125	10.0	-6.1875	35.5625	65.5	24.6875	48.125	7.4375	6.6875	-37.8125	-1.0	0.625
11:29:45.922965	-3.9375	10.5625	-4.25	32.6875	55.0625	23.6875	48.25	-1.375	7.4375	-37.9375	-7.9375	-7.375
11:29:45.933044	-4.125	10.8125	-3.0625	31.5	44.25	22.625	45.1875	-5.75	7.5	-37.25	1.8125	-12.4375
11:29:45.943118	-4.125	10.9375	-1.625	33.0625	30.625	23.5	44.25	-10.0	7.0	-38.75	10.375	-7.125
11:29:45.953209	-3.75	10.5625	-0.5625	37.875	23.125	24.3125	45.125	-10.5625	6.1875	-38.75	10.375	-7.125
11:29:45.963587	-2.9375	10.1875	0.125	38.6875	15.625	25.3125	44.9375	-9.25	6.3125	-33.625	1.8125	-8.75
11:29:45.973658	-2.0625	9.0625	0.5625	39.5625	10.0625	24.8125	41.25	-18.375	6.125	-38.375	0.4375	1.8125
11:29:45.983776	-1.25	6.25	0.1875	39.0	3.125	24.6875	39.9375	-29.1875	5.125	-47.25	5.9375	7.625
11:29:45.993848	-0.4375	3.9375	-0.4375	37.0	-0.375	24.8125	43.625	-30.875	4.375	-30.8125	-0.0625	-0.8125
11:29:46.003919	0.875	1.375	-0.75	32.5625	-3.1875	24.8125	44.5	-27.6875	4.75	-29.25	-3.1875	-3.3125
11:29:46.013991	1.625	-1.6875	-1.0625	29.0625	-2.375	24.6875	42.75	-31.875	4.3125	-37.0	4.5	2.875
11:29:46.024078	2.625	-4.875	-1.3125	27.6875	0.1875	24.9375	43.5	-34.25	2.6875	-46.25	8.625	3.5
11:29:46.034153	3.6875	-7.5	-1.375	28.5	3.25	25.75	47.25	-25.4375	1.8125	-29.0	-2.875	0.25
11:29:46.044247	4.8125	-8.5625	-1.25	30.25	7.375	27.0625	47.4375	-15.6875	2.3125	-33.0	-0.1875	1.5625
11:29:46.054312	5.875	-8.5625	-0.5625	32.5	15.0	27.6875	44.375	-16.375	1.6875	-38.75	8.4375	2.875
11:29:46.064379	6.75	-7.125	0.375	33.9375	20.625	28.1875	45.125	-10.875	0.1875	-40.5625	9.875	2.25
11:29:46.074514	7.6875	-4.625	1.5	36.125	27.0	28.8125	48.0625	-2.375	1.5	-24.0	0.0	-1.0
11:29:46.084783	8.0625	-2.0625	3.0625	37.625	35.9375	29.375	46.375	2.75	2.3125	-27.8125	1.25	-5.0625
11:29:46.094864	8.0625	0.75	4.0	37.0625	40.5	31.375	43.5625	6.5	1.25	-39.625	10.75	-4.875
11:29:46.104974	8.0625	3.1875	4.75	37.9375	38.875	33.1875	46.5	9.625	0.625	-31.875	12.8125	-1.5625
11:29:46.115103	8.0625	5.5625	5.5	36.9375	32.375	35.0	47.5	11.625	2.125	-23.125	-2.125	-4.8125
11:29:46.125648	7.9375	7.8125	6.0625	35.8125	28.1875	36.75	43.5625	12.5	2.625	-33.5625	-4.3125	4.0
11:29:46.135802	7.6875	9.8125	7.0625	35.8125	28.75	38.375	42.4375	15.625	1.25	-33.5625	-4.3125	4.0
11:29:46.145873	7.75	11.75	7.25	35.625	31.5625	39.5625	45.125	18.125	1.0625	-33.5625	-4.3125	4.0
11:29:46.155964	8.0625	14.0625	7.5625	34.875	35.0625	38.3125	43.75	26.375	1.875	-46.5	3.3125	9.25
11:29:46.166087	8.0625	18.1875	7.0	33.25	38.3125	37.125	41.375	34.125	3.375	-56.9375	-6.9375	7.4375
11:29:46.176179	8.0625	18.1875	7.0	34.5	43.5625	36.125	43.0625	39.25	4.3125	-63.6875	5.375	8.125
11:29:46.186292	8.375	20.0625	6.8125	33.3125	46.5625	36.9375	46.625	35.5	6.25	-56.0	-7.25	6.25
11:29:46.196368	7.9375	19.3125	4.4375	29.1875	42.8125	37.6875	48.125	33.0	9.375	-56.0	-7.25	6.25
11:29:46.206467	7.8125	18.4375	2.75	25.875	36.1875	36.375	49.4375	28.875	10.8125	-68.375	-20.1875	6.625
11:29:46.216595	7.4375	17.5	1.625	21.25	28.75	36.125	54.75	26.0	11.1875	-73.5	-24.8125	4.9375
11:29:46.226712	7.0625	16.0	0.875	15.8125	22.625	35.6875	59.125	23.3125	13.625	-67.25	-42.8125	5.0625
11:29:46.236784	6.5	13.8125	0.375	11.875	19.375	35.0625	59.0625	20.4375	15.625	-72.125	-43.5	6.9375
11:29:46.247375	6.1875	11.375	0.375	11.0625	23.375	34.6875	60.5	18.6875	15.625	-84.25	-33.875	8.8125
11:29:46.257808	5.875	9.125	0.8125	11.5	30.9375	33.8125	64.5	20.0625	16.1875	-84.25	-33.875	8.8125
11:29:46.267909	5.0625	7.0	2.0	11.125	31.9375	32.125	68.25	24.375	17.25	-84.25	-33.875	8.8125
11:29:46.278363	4.4375	4.3125	3.5625	12.9375	23.625	29.8125	68.875	25.75	18.625	-82.875	-34.625	5.375
11:29:46.288437	3.6875	1.625	5.0625	12.9375	23.625	29.8125	71.1875	26.0	18.4375	-95.75	-23.9375	9.5
11:29:46.298512	1.875	-1.5625	5.5625	8.1875	24.125	24.3125	76.6875	30.875	19.9375	-95.75	-23.9375	9.5
11:29:46.308627	-1.5	-3.625	6.5625	2.5	18.0	19.25	79.125	37.8125	22.9375	-95.75	-23.9375	9.5
11:29:46.318749	-5.9375	-4.125	9.125	-4.125	10.0	13.5625	80.5625	32.6875	23.9375	-95.75	-23.9375	9.5
11:29:46.329420	-8.9375	-3.6875	11.0625	-9.75	-2.1875	8.6875	86.5	23.625	22.3125	-110.625	-25.3125	28.75
11:29:46.339520	-10.625	-5.75	10.6875	-17.6875	-12.375	3.75	93.0625	13.5	20.75	-108.1875	-8.0625	21.125
11:29:46.350058	-9.75	-11.4375	7.375	-29.0	-20.0	-1.75	99.375	21.5	19.3125	-112.75	-34.6875	24.3125
11:29:46.360126	-8.3125	-22.9375	1.5	-40.0625	-26.1875	-8.375	103.0625	33.8125	18.125	-126.75	-39.375	38.0625
11:29:46.370246	-5.625	-33.5	-3.375	-49.4375	-31.4375	-14.875	114.75	51.125	12.125	-132.1875	-22.75	58.5625
11:29:46.380362	-3.375	-35.4375	-5.9375	-61.4375	-36.5625	-20.4375	114.75	51.125	12.125	-129.375	-2.3125	71.6875
11:29:46.390517	-2.25	-29.1875	-6.5625	-61.4375	-36.5625	-20.4375	119.75	61.9375	12.0	-127.4375	30.6875	88.625
11:29:46.400767	-1.4375	-18.8125	-5.0	-90.6875	-45.875	-24.875	130.4375	98.6875	13.875	-126.625	69.125	98.5625
11:29:46.411000	-0.5625	-8.5625	-3.375	-104.625	-50.125	-28.625	139.4375	170.375	21.4375	-194.375	37.8125	53.6875
11:29:46.421665	-0.25	-0.5	-3.5625	-116.3125	-47.25	-32.5	132.0625	164.875	21.125	-252.8125	-9.8125	23.625
11:29:46.432284	-0.9375	5.75	-5.4375	-123.9375	-32.1875	-39.625	125.5625	126.875	20.6875	-310.4375	-30.25	25.8125
11:29:46.442419	-1.6875	11.0	-8.5	-137.5	-23.9375	-45.4375	120.25	71.3125	22.75	-319.8125	-16.6875	39.5
11:29:46.452498	-2.625	15.9375	-11.1875	-142.125	3.0625	-50.25	113.5625	31.0	19.4375	-316.9375	-86.1875	40.3125
11:29:46.462570	-4.0625	18.75	-12.5625	-137.0625	11.875	-61.5	106.625	24.625	16.5	-280.5625	-182.0	11.625
11:29:46.472644	-6.3125	18.6875	-12.8125	-117.0	3.1875	-66.9375	96.9375	21.9375	16.3125	-207.375	-181.9375	13.125
11:29:46.482932	-8.6875	14.9375	-11.625	-97.625	-20.375	-71.6875	91.3125	-2.8125	14.1875	-60.8125	71.5	27.4375
11:29:46.493026	-10.4375	9.6875	-9.9375	-81.25	-22.875	-71.375	91.3125	-2.8125	14.1875	-60.8125	71.5	27.4375
11:29:46.503400	-11.0	4.4375	-7.25	-73.4375	-28.6875	-68.1875	80.5625	-2.3125	6.4375	138.4375	219.125	-7.25
11:29:46.513472	-10.1875	0.6875	-4.25	-75.375	-32.0625	-67.5	56.375	-8.125	1.3125	138.5	72.25	-62.6875
11:29:46.523541	-8.25	-2.6875	-2.8125	-83.625	-44.25	-65.3125	23.6875	-22.9375	-1.6875	80.9375	1.3125	-69.0
11:29:46.533618	-6.4375	-6.1875	-1.4375	-96.3125	-45.9375	-67.375	-5.75	-43.6875	-3.125	59.4375	32.1875	-44.1875
11:29:46.543719	-5.0	-9.6875	-0.8125	-102.0625	-45.3125	-68.0	-29.5	-66.0	-7.375	115.4375	98.3125	-36.0625
11:29:46.553797	-3.5	-11.125	-0.75	-100.25	-52.1875	-71.1875	-51.4375	-82.9375	-14.0	206.9375	71.25	-67.1875
11:29:46.563914	-2.75	-11.25	-1.5	-96.125	-59.0	-72.0625	-72.9375	-92.4375	-18.5625	247.6875	-3.8125	-65.0
11:29:46.574031	-1.625	-9.8125	-3.375	-86.75	-60.5625	-72.1875	-90.25	-92.4375	-24.625	197.75	-24.75	-25.9375
11:29:46.584217	-0.75	-8.375	-4.375	-80.875	-63.875	-71.5	-112.875	-90.75	-26.5	159.5625	-14.4375	-27.75
11:29:46.594349	0.625	-7.1875	-5.625	-70.75	-63.125	-68.5	-132.1875	-80.6875	-21.9375	192.0625	-13.5	-37.0
11:29:46.604564	2.1875	-6.125	-5.9375	-64.875	-62.6875	-67.3125	-148.5	-82.625	-16.6875	239.4375	-18.4375	-25.3125
11:29:46.614858	3.0625	-5.75	-5.75	-67.4375	-68.1875	-61.625	-167.0	-89.9375	-14.5	264.125	-5.4375	-20.25
11:29:46.624959	3.5	-5.375	-5.0	-69.8125	-68.5625	-56.375	-184.3125	-87.1875	-15.0625	278.0	16.6875	-24.0
11:29:46.635113	3.625	-5.25	-4.5625	-65.375	-72.625	-50.0	-199.0625	-81.0	-16.125	281.6875	45.9375	-23.6875
11:29:46.645310	3.375	-5.9375	-3.375	-59.0625	-68.8125	-46.5	-213.875	-68.5625	-17.125	275.5	72.375	-18.125
11:29:46.655700	3.0625	-7.3125	-2.375	-52.375	-57.9375	-44.3125	-226.6875	-44.375	-18.75	261.9375	92.0	-10.0625
11:29:46.665804	2.3125	-6.625	-3.3125	-43.875	-44.75	-43.4375	-238.1875	-15.25	-21.5625	246.8125	106.9375	0.0625
11:29:46.675872	1.875	-6.4375	-3.9375	-33.25	-28.8125	-43.0	-248.25	14.25	-25.0	230.1875	111.625	10.25
11:29:46.685951	1.125	-6.875	-4.0625	-27.0	-18.0625	-41.625	-257.0	38.8125	-28.0	219.9375	108.8125	15.75
11:29:46.696039	-0.125	-7.4375	-3.9375	-24.0625	-11.0	-40.3125	-260.1875	54.9375	-30.625	226.8125	109.875	17.9375
11:29:46.706119	-1.5625	-7.8125	-3.8125	-21.0625	-5.6875	-39.5	-260.9375	60.6875	-33.1875	231.875	100.8125	22.1875
11:29:46.716182	-2.625	-7.75	-4.25	-17.0625	-1.75	-38.6875	-262.5625	54.25	-34.875	225.5625	82.625	33.4375
11:29:46.726257	-5.5625	-5.0625	-5.4375	-11.875	2.3125	-37.4375	-262.25	41.8125	-36.25	223.5	62.75	41.1875
11:29:46.736356	-6.1875	-2.4375	-5.125	-3.25	5.0625	-34.6875	-262.25	29.25	-38.5	225.0	51.4375	41.6875
11:29:46.746442	-6.5	0.625	-4.125	2.625	7.4375	-32.0	-259.5	15.1875	-40.3125	230.0	49.75	43.3125
11:29:46.756578	-7.1875	4.1875	-1.625	4.4375	6.0	-30.0625	-256.3125	4.75	-41.0	234.9375	47.5625	42.0
11:29:46.766653	-7.25	7.5	0.75	4.3125	2.5	-28.0	-251.1875	3.75	-39.9375	235.8125	45.125	30.875
11:29:46.777031	-7.0	9.8125	3.0625	5.625	4.25	-25.1875	-245.375	6.875	-37.25	233.875	50.25	17.875
11:29:46.787234	-6.5	10.75	5.0625	9.25	6.25	-22.375	-238.8125	11.6875	-32.8125	223.4375	50.875	12.25
11:29:46.797304	-6.0625	10.875	6.6875	13.0	7.5625	-20.5	-231.4375	16.875	-27.75	205.875	28.125	7.5625
11:29:46.807924	-5.75	10.875	8.125	16.6875	5.5625	-20.1875	-224.125	19.8125	-23.6875	187.5625	-2.0	5.5
11:29:46.817989	-5.3125	10.4375	8.1875	18.9375	2.875	-21.8125	-200.8125	7.4375	-18.75	166.9375	-12.3125	10.875
11:29:46.828103	-4.5	10.125	8.75	27.75	-8.125	-18.5625	-200.8125	7.4375	-18.75	150.4375	-21.3125	10.0
11:29:46.838734	-3.75	9.4375	9.625	31.0625	-12.6875	-17.75	-167.5	-32.625	-16.25	145.3125	-22.4375	5.0625
11:29:46.848826	-2.8125	9.25	10.75	33.0625	-12.9375	-17.3125	-146.375	-53.5625	-13.5625	144.5625	-24.9375	8.0625
11:29:46.858930	-2.5	8.375	11.125	32.875	-10.8125	-16.375	-146.375	-53.5625	-13.5625	140.5	-21.5625	12.875
11:29:46.869000	-2.1875	6.875	11.5	29.625	-7.375	-15.9375	-98.625	-55.5625	-9.5625	117.375	-19.75	9.4375
11:29:46.879090	-2.0625	5.1875	11.625	23.1875	-2.3125	-15.5	-73.8125	-48.0625	-8.1875	89.6875	-30.625	2.6875
11:29:46.889165	-2.9375	3.3125	11.4375	1.5625	-6.0625	-14.6875	-48.25	-35.375	-7.0625	61.75	-31.0	-4.0625
11:29:46.899236	-3.6875	1.75	10.6875	-5.25	-14.5	-14.3125	-22.625	-23.125	-5.1875	31.5625	-29.75	-6.5
11:29:46.909853	-4.1875	0.4375	9.375	-11.125	-25.125	-13.5625	2.6875	-15.625	-3.6875	3.375	-29.5	-5.625
11:29:46.919922	-3.9375	-1.0	8.0625	-17.0	-36.75	-12.0	26.8125	-17.1875	-2.3125	-21.625	-19.375	-1.6875
11:29:46.930058	-3.5	-2.75	5.5625	-18.0	-43.375	-10.25	48.8125	-25.6875	-1.0625	-41.625	-14.75	-0.1875
11:29:46.940132	-2.9375	-3.9375	4.0625	-16.375	-44.1875	-7.875	68.25	-36.9375	0.1875	-66.3125	-23.625	-13.5625
11:29:46.950265	-2.375	-5.9375	2.0	-14.625	-39.875	-5.4375	84.9375	-44.875	1.0625	-76.875	-31.875	-18.5
11:29:46.960395	-2.375	-8.8125	0.5	-12.5	-35.3125	-2.625	98.4375	-50.5625	1.5625	-76.875	-31.875	-18.5
11:29:46.971033	-1.875	-10.8125	0.0	-8.5	-30.375	0.6875	108.4375	-54.0	2.1875	-125.4375	-98.1875	-25.0
11:29:46.981107	-1.3125	-11.5	1.0625	-3.8125	-23.8125	4.1875	118.625	-53.1875	2.9375	-121.8125	-82.875	-13.25
11:29:46.991196	-1.375	-13.0625	1.9375	-0.5625	-20.5625	8.8125	112.8125	-44.9375	3.125	-62.3125	-29.8125	-3.8125
11:29:47.001566	-1.25	-13.875	3.9375	9.5625	-16.4375	13.25	112.8125	-44.9375	3.125	-62.3125	-29.8125	-3.8125
11:29:47.011930	-0.5625	-13.1875	5.625	32.9375	0.6875	19.25	85.625	8.125	1.9375	162.125	15.5625	-10.375
11:29:47.022028	0.875	-11.3125	6.4375	46.6875	24.625	29.0	7.875	-23.8125	2.1875	-63.875	180.3125	-72.0
11:29:47.032093	4.0	-10.0	8.4375	43.75	14.0	37.5625	27.0625	-74.3125	-6.4375	-219.0625	-190.875	-78.4375
11:29:47.042169	7.6875	-9.6875	10.0	40.0625	5.125	38.1875	65.9375	-118.6875	-19.125	-222.0625	-295.9375	-13.375
11:29:47.052267	10.125	-8.5	9.375	37.375	17.75	29.125	81.5625	-104.25	-25.1875	-218.6875	7.9375	75.125
11:29:47.062396	11.3125	-4.9375	7.3125	18.0	15.875	11.375	74.75	-40.9375	-19.0625	-242.1875	89.375	71.375
11:29:47.072945	12.1875	3.4375	4.375	-1.5625	4.125	-3.9375	72.125	28.9375	-4.4375	-172.9375	-39.5625	13.3125
11:29:47.083033	12.8125	15.75	1.8125	3.625	21.0	-4.1875	71.4375	42.375	3.375	-85.25	-68.6875	33.1875
11:29:47.093104	13.0	26.6875	-0.625	21.375	56.625	8.75	72.3125	26.0	7.3125	-35.0	-22.0	30.9375
11:29:47.103173	12.5625	31.4375	-2.5625	27.0625	72.75	21.6875	74.25	-9.75	5.875	25.6875	-36.75	15.625
11:29:47.113258	12.6875	28.0	-3.3125	31.75	74.8125	26.9375	69.25	-58.75	1.0625	59.625	-4.75	6.6875
11:29:47.123423	13.9375	18.5625	-4.1875	40.125	70.9375	27.875	61.75	-81.0	-7.0	10.0625	-7.4375	2.875
11:29:47.133494	14.1875	-5.375	-9.3125	49.25	67.5	27.1875	58.0	-63.625	-15.8125	-65.4375	-57.5	-2.875
11:29:47.143567	12.8125	-13.0	-13.0625	57.6875	66.375	27.375	54.5	-23.0	-19.0625	-79.0	-50.375	-6.25
11:29:47.153637	11.625	-16.8125	-14.5625	65.5	50.375	28.5	51.25	16.25	-16.0625	-70.625	-2.3125	7.5625
11:29:47.164275	11.4375	-18.1875	-14.25	61.0625	28.4375	26.8125	51.125	41.625	-11.75	-65.0625	-7.875	10.5625
11:29:47.174345	11.375	-18.0	-9.875	51.125	0.0	26.4375	52.3125	47.8125	-8.9375	-41.0625	-3.625	4.375
11:29:47.184417	10.1875	-17.625	-6.8125	37.9375	-25.5	25.9375	50.875	38.1875	-7.4375	-29.0625	24.3125	-11.625
11:29:47.194491	7.875	-16.6875	-4.0	25.9375	-40.9375	24.4375	48.75	23.9375	-6.8125	-22.5	21.8125	-18.8125
11:29:47.204587	4.75	-13.625	-0.9375	15.875	-42.625	22.5	48.8125	2.125	-6.3125	-45.3125	-3.8125	-17.75
11:29:47.214861	4.75	-13.625	-0.9375	12.125	-33.9375	21.8125	51.375	-13.0	-4.25	-60.0	-12.25	-5.6875
11:29:47.225476	-0.375	-1.375	1.75	34.75	-17.9375	20.25	51.5625	-17.125	-1.4375	-53.5	-13.25	5.75
11:29:47.235592	-2.125	4.1875	2.875	41.25	-1.1875	19.0625	50.3125	-13.4375	1.1875	-25.0625	-15.9375	4.4375
11:29:47.246118	-3.8125	7.375	4.0	49.0	17.625	17.875	50.9375	-4.375	2.3125	-17.6875	-12.9375	1.1875
11:29:47.256262	-4.8125	8.3125	3.9375	51.3125	31.9375	19.1875	52.9375	10.125	3.0	-15.0625	1.0625	-6.875
11:29:47.266342	-4.9375	7.5625	2.625	49.375	42.6875	22.4375	51.1875	24.125	3.6875	-21.125	4.9375	-11.75
11:29:47.276422	-4.9375	5.8125	0.625	46.3125	48.8125	24.375	48.8125	32.875	4.3125	-46.0	5.5625	-15.875
11:29:47.286551	-4.5	3.9375	-1.5625	46.5625	54.5	24.125	48.625	36.3125	5.0	-58.25	1.5625	-12.375
11:29:47.296697	-4.0625	2.0	-3.1875	51.0	59.3125	23.375	48.0	35.0	6.375	-65.125	-7.1875	-1.0625
11:29:47.306800	-4.0625	0.125	-4.0	54.8125	67.0625	23.375	44.625	31.6875	8.375	-53.5625	-2.75	4.125
11:29:47.316883	-3.875	-1.125	-4.25	52.875	70.3125	24.0625	43.5	19.875	9.375	-43.625	-1.125	-4.125
11:29:47.326969	-4.1875	-1.8125	-4.0	50.8125	75.25	26.0625	46.25	7.4375	8.75	-36.0625	1.625	-7.625
11:29:47.337045	-4.4375	-1.9375	-3.4375	47.8125	73.8125	29.125	47.875	-0.875	7.4375	-29.0625	6.875	-5.4375
11:29:47.347119	-5.0	-2.0625	-2.5625	44.5625	64.1875	30.4375	45.1875	-4.625	6.4375	-19.125	6.0	-9.875
11:29:47.357819	-4.1875	-1.0	-3.0	43.9375	49.875	32.1875	42.5625	-11.625	4.6875	-28.125	0.9375	-10.25
11:29:47.367896	-4.6875	-1.5	-3.125	45.3125	33.3125	32.3125	42.0625	-12.8125	2.625	-31.625	-3.9375	-6.4375
11:29:47.378064	-4.75	-1.875	-2.4375	43.3125	12.75	31.625	42.3125	-4.625	1.8125	-30.8125	10.125	-2.25
11:29:47.388784	-4.5625	-2.4375	-1.625	44.0625	3.1875	33.0625	40.75	-5.625	3.25	-25.625	8.3125	-3.3125
11:29:47.398875	-3.875	-3.6875	-1.375	45.3125	-3.375	34.625	37.8125	-17.8125	3.3125	-32.9375	-1.125	0.9375
11:29:47.409346	-2.5625	-5.4375	-1.6875	46.25	-3.6875	34.5625	37.0625	-27.625	1.0	-30.4375	4.75	9.5625
11:29:47.420012	-1.5625	-7.125	-1.875	45.875	-5.75	34.125	37.1875	-25.375	0.4375	-25.25	1.0625	-0.75
11:29:47.430099	-0.6875	-9.125	-2.0625	46.5	-5.625	33.0	36.125	-29.0625	0.3125	-25.25	1.0625	-0.75
11:29:47.440223	0.0	-10.6875	-1.625	43.3125	-3.875	33.8125	32.3125	-33.375	-1.1875	-32.125	2.0625	3.125
11:29:47.450844	0.75	-11.6875	-1.0	43.0625	-1.1875	35.75	32.5625	-28.0625	-1.25	-23.125	-1.9375	0.9375
11:29:47.461005	1.0625	-12.0	-0.4375	45.875	4.625	36.75	35.875	-19.0	0.0625	-26.6875	2.8125	0.875
11:29:47.471150	1.4375	-11.4375	0.0	46.5	11.5625	37.5625	33.0625	-10.625	-0.125	-25.125	5.375	2.8125
11:29:47.481777	1.875	-9.75	0.875	48.25	19.625	38.125	37.0	0.1875	0.6875	-29.4375	0.4375	4.75
11:29:47.491847	2.1875	-7.875	1.4375	49.5	25.8125	38.0	35.1875	5.0	1.25	-17.875	1.25	2.8125
11:29:47.501951	2.5	-6.125	2.125	49.8125	35.25	36.75	33.25	7.5625	0.625	-24.125	3.5625	-2.6875
11:29:47.512029	2.9375	-3.9375	2.5625	50.1875	40.875	37.9375	36.75	11.75	0.0	-28.375	8.875	-1.5
11:29:47.522161	3.125	-1.5625	2.75	48.0	41.1875	40.0625	36.75	11.75	0.0	-31.25	12.6875	-0.375
11:29:47.532230	3.25	0.4375	2.5625	45.5	37.875	42.1875	36.4375	13.75	1.0625	-18.3125	2.5625	-4.0625
11:29:47.542304	3.125	2.3125	2.6875	43.625	33.875	42.875	36.3125	14.875	0.4375	-25.6875	-8.9375	-5.25
11:29:47.552389	3.125	4.625	2.9375	41.375	30.8125	43.5625	39.875	16.8125	1.1875	-36.0625	1.4375	1.1875
11:29:47.563185	3.0625	7.625	3.375	39.625	30.875	42.6875	39.875	16.8125	1.1875	-38.6875	-29.625	19.4375
11:29:47.573603	4.3125	10.75	4.4375	38.5625	31.6875	41.375	39.5	20.25	1.75	-36.4375	-20.8125	24.125
11:29:47.583677	4.1875	13.0	4.25	39.0625	32.625	39.875	41.125	25.125	2.0	-49.5625	3.125	10.6875
11:29:47.593744	5.125	15.625	5.125	39.9375	34.375	37.875	45.5	28.625	4.3125	-58.9375	-6.875	4.8125
11:29:47.603814	5.875	17.875	6.0	38.5	34.3125	35.9375	45.75	27.3125	6.25	-54.8125	-14.0	7.6875
11:29:47.613930	5.75	18.875	6.0625	37.0625	33.75	34.6875	47.0625	24.9375	7.5	-54.5	-16.8125	10.25
11:29:47.623993	5.9375	18.75	4.9375	34.875	30.5	34.5625	51.9375	24.4375	7.75	-67.125	-15.75	9.4375
11:29:47.634067	5.75	14.25	1.9375	28.125	26.625	33.8125	58.0625	25.0	9.625	-73.5	-19.875	7.75
11:29:47.644137	5.75	14.25	1.9375	19.9375	24.25	31.8125	61.0625	25.25	11.375	-70.3125	-33.5	8.1875
11:29:47.654246	5.375	12.25	0.75	14.0625	19.5	30.0625	61.875	22.75	12.0625	-70.4375	-41.0625	10.5625
11:29:47.664363	5.3125	10.1875	-0.1875	10.25	22.875	29.0	67.75	20.875	12.375	-81.0	-31.125	10.6875
11:29:47.674464	3.8125	6.1875	-0.125	6.8125	28.9375	28.5625	73.0	22.8125	13.75	-89.4375	-34.875	8.6875
11:29:47.684538	3.125	4.875	0.9375	6.625	33.8125	26.625	75.0625	25.0625	15.375	-83.4375	-46.3125	10.3125
11:29:47.694665	2.6875	3.8125	3.25	8.0	33.4375	23.6875	77.9375	26.5625	15.125	-81.875	-43.1875	9.5625
11:29:47.705241	2.75	3.1875	5.9375	8.75	32.375	20.8125	83.5625	28.5	15.125	-98.125	-33.6875	10.6875
11:29:47.715553	2.625	2.1875	7.875	7.4375	30.25	18.4375	88.6875	32.8125	15.875	-104.4375	-34.4375	11.375
11:29:47.726203	0.5625	-0.1875	10.1875	5.0625	29.0625	16.3125	90.6875	38.75	16.9375	-89.5625	-31.9375	14.375
11:29:47.736393	-3.6875	-0.0625	12.875	1.25	28.0	13.375	92.625	46.25	17.6875	-101.0	-16.625	18.1875
11:29:47.746465	-7.75	0.9375	15.875	-5.4375	24.75	10.0	100.0	42.125	18.5	-118.3125	-26.8125	15.125
11:29:47.756533	-12.0	-0.875	16.125	-16.125	16.6875	5.3125	104.9375	33.125	18.625	-104.0625	-74.875	15.25
11:29:47.766601	-12.0	-0.875	16.125	-23.8125	6.9375	-0.9375	106.8125	20.8125	16.125	-109.1875	-34.625	39.25
11:29:47.777149	-15.125	-8.625	13.5625	-32.0	-4.5	-7.1875	114.0625	26.75	12.375	-119.5625	6.625	35.8125
11:29:47.787320	-13.3125	-31.3125	4.875	-42.5625	-17.125	-14.0625	122.4375	37.75	11.6875	-143.0625	-38.875	38.5625
11:29:47.797426	-10.875	-36.1875	-2.0	-66.6875	-48.375	-25.5625	125.0	46.0625	10.4375	-141.625	-49.5	55.25
11:29:47.807541	-8.125	-33.0625	-5.8125	-82.8125	-61.25	-29.75	128.0625	67.375	10.5625	-123.0	-12.125	77.25
11:29:47.817654	-6.5625	-24.1875	-6.6875	-98.5	-65.9375	-32.625	139.0625	101.1875	12.8125	-121.1875	34.75	103.125
11:29:47.827787	-5.75	-12.25	-6.0	-114.375	-74.6875	-36.5625	143.625	142.0	19.0625	-148.5625	51.25	104.3125
11:29:47.837874	-5.375	-0.9375	-7.5	-125.0	-71.0625	-39.4375	139.9375	162.625	23.375	-176.0	47.6875	85.25
11:29:47.847966	-5.5625	6.6875	-10.3125	-132.9375	-62.5	-45.75	130.9375	138.625	23.75	-221.625	6.875	47.5625
11:29:47.858122	-5.625	11.75	-12.5625	-145.1875	-42.375	-48.0	125.3125	93.75	23.9375	-296.4375	-22.875	28.8125
11:29:47.868193	-5.875	15.125	-13.3125	-152.0	-7.8125	-51.25	131.1875	60.5625	25.75	-323.5625	-39.25	17.625
11:29:47.878522	-7.5	16.75	-13.25	-148.625	14.25	-64.625	129.0	37.625	24.75	-295.0	-103.8125	28.3125
11:29:47.888657	-9.375	16.0625	-11.75	-122.9375	10.1875	-70.5	119.9375	34.25	26.1875	-291.625	-106.4375	50.9375
11:29:47.898791	-11.125	12.8125	-9.375	-97.4375	-16.75	-71.1875	103.8125	38.8125	25.6875	-304.8125	-29.125	28.0
11:29:47.909397	-11.375	8.25	-6.5	-83.8125	-19.5	-74.0625	83.3125	23.0	21.875	-296.875	-15.25	-10.0
11:29:47.919554	-10.375	3.9375	-4.0625	-74.8125	-7.1875	-71.9375	71.5625	-29.6875	20.6875	-243.125	-62.25	-42.5
11:29:47.930094	-7.8125	-1.375	-1.9375	-69.75	-6.8125	-65.625	67.5625	-52.9375	19.25	-114.3125	-86.8125	-14.375
11:29:47.940799	-4.5625	-6.6875	-1.8125	-76.875	-14.875	-64.375	62.0	-32.0	13.25	201.6875	221.0625	-10.25
11:29:47.950907	-1.875	-10.25	-0.5625	-87.875	-24.4375	-65.75	14.125	-22.875	1.125	300.125	248.5	-30.6875
11:29:47.961519	-0.25	-12.6875	0.625	-100.3125	-40.9375	-68.0	14.125	-22.875	1.125	300.125	248.5	-30.6875
11:29:47.971815	0.8125	-14.0625	0.8125	-104.6875	-58.875	-70.3125	-48.5625	-54.0625	-3.0	138.4375	-96.375	-52.25
11:29:47.981895	1.0	-13.0625	0.0625	-104.5625	-73.8125	-72.4375	-67.5625	-74.0625	-9.4375	123.375	45.1875	-25.75
11:29:47.991994	1.1875	-10.6875	-1.1875	-100.1875	-81.3125	-72.0	-88.625	-98.125	-15.3125	164.0	174.5625	-60.625
11:29:48.002139	1.5	-7.75	-2.625	-91.0	-78.5625	-68.6875	-107.75	-102.8125	-23.4375	222.125	79.0	-87.75
11:29:48.012713	2.25	-4.875	-3.875	-79.8125	-69.125	-66.0	-124.5625	-106.4375	-29.8125	236.875	-38.8125	-66.4375
11:29:48.023353	2.75	-2.625	-4.625	-72.1875	-59.25	-63.0	-124.5625	-106.4375	-29.8125	194.3125	-30.9375	-16.1875
11:29:48.033423	3.1875	-0.75	-4.375	-70.5	-53.75	-58.5	-141.5625	-91.8125	-29.3125	176.0625	32.3125	-12.1875
11:29:48.043527	3.3125	0.4375	-3.9375	-64.5625	-53.625	-53.6875	-180.4375	-71.9375	-16.9375	217.625	48.625	-18.0
11:29:48.053594	2.9375	1.375	-4.5	-63.625	-58.9375	-47.4375	-197.0	-66.0625	-17.125	276.8125	31.625	-19.875
11:29:48.063668	2.875	0.9375	-3.75	-61.5	-61.1875	-43.625	-211.0	-51.9375	-20.0	295.0	44.125	-23.0
11:29:48.073746	2.5625	1.1875	-4.4375	-59.0	-58.1875	-41.75	-226.1875	-31.8125	-22.375	285.5	81.3125	-16.625
11:29:48.083813	2.625	1.6875	-5.3125	-53.125	-47.9375	-41.3125	-240.3125	-9.0	-25.1875	268.4375	98.3125	-7.5
11:29:48.093902	3.1875	1.0625	-6.8125	-43.375	-33.875	-40.8125	-250.0	15.1875	-30.0625	254.0625	99.6875	0.1875
11:29:48.103996	2.875	0.5	-7.875	-33.4375	-18.1875	-40.25	-259.0	42.875	-33.1875	238.9375	107.0	10.8125
11:29:48.114072	2.125	0.4375	-7.875	-27.0	-5.8125	-39.625	-263.9375	65.75	-33.875	226.0625	108.375	19.0
11:29:48.124347	1.1875	-0.125	-8.1875	-21.125	5.25	-40.125	-265.375	75.75	-34.4375	225.1875	110.125	20.8125
11:29:48.134439	-0.25	-0.125	-8.375	-17.0	10.25	-39.6875	-265.75	66.0625	-36.0	236.3125	107.1875	23.5
11:29:48.144548	-1.625	0.375	-8.25	-9.625	13.6875	-39.0	-265.1875	43.0	-37.4375	238.6875	86.1875	27.875
11:29:48.154711	-4.75	3.5	-6.875	1.25	14.5	-38.75	-265.0	16.9375	-38.8125	237.0625	63.9375	33.0625
11:29:48.165377	-5.8125	5.25	-5.75	7.125	12.0625	-37.125	-262.125	-5.5625	-40.25	233.25	48.75	36.625
11:29:48.175471	-6.625	6.625	-4.3125	9.6875	8.75	-35.25	-257.0	-20.375	-40.1875	227.0625	36.875	35.25
11:29:48.185538	-6.75	8.125	-2.9375	11.0625	3.6875	-32.4375	-251.875	-26.0	-38.75	234.0625	33.25	33.6875
11:29:48.196221	-6.75	8.8125	-0.6875	13.125	-3.9375	-29.0	-247.4375	-22.6875	-35.0625	240.875	24.8125	29.75
11:29:48.206293	-6.625	8.5	1.5625	17.0625	-8.8125	-24.5625	-242.1875	-16.3125	-31.625	237.125	15.875	24.5
11:29:48.216367	-6.375	6.875	3.0625	20.125	-7.8125	-20.4375	-235.9375	-7.6875	-28.4375	233.6875	13.6875	12.75
11:29:48.226594	-6.0	5.25	3.875	23.9375	-4.0625	-18.75	-229.0	-4.625	-25.5	224.25	13.125	-1.375
11:29:48.236664	-5.75	3.375	4.625	29.6875	-0.125	-17.3125	-218.875	-5.4375	-22.8125	211.3125	3.75	1.0
11:29:48.246733	-5.6875	2.125	5.9375	35.25	0.5	-15.75	-208.375	-10.75	-20.5	201.0625	-5.875	-2.75
11:29:48.256961	-5.5625	0.6875	6.6875	39.0625	-5.4375	-13.25	-195.6875	-24.375	-18.3125	189.3125	-5.4375	-2.125
11:29:48.267028	-5.8125	-1.625	6.5	40.0625	-10.5	-11.625	-179.25	-39.5	-15.9375	180.1875	-3.375	-0.5
11:29:48.277110	-5.875	-4.6875	6.5625	41.625	-14.5	-9.3125	-161.0625	-50.9375	-13.5625	168.25	-4.0	-2.5
11:29:48.287173	-6.25	-7.5	6.375	41.625	-15.6875	-6.875	-142.4375	-64.5	-11.8125	151.3125	-10.4375	-4.0
11:29:48.297304	-6.875	-9.5625	5.625	40.375	-17.625	-7.3125	-121.625	-72.125	-9.4375	135.8125	-24.0625	-3.4375
11:29:48.307406	-7.3125	-10.6875	5.4375	31.4375	-16.1875	-7.0	-97.5	-59.4375	-7.9375	116.5625	-23.75	2.25
11:29:48.317533	-7.3125	-10.6875	5.4375	21.5	-14.4375	-5.4375	-73.0	-38.4375	-7.25	88.25	-14.4375	7.375
11:29:48.327615	-7.5625	-11.3125	5.625	11.5	-10.9375	-5.625	-48.6875	-14.8125	-6.375	56.5	-12.8125	8.4375
11:29:48.337848	-7.1875	-12.1875	4.4375	3.5	-8.375	-6.3125	-22.6875	2.75	-5.4375	27.3125	-5.1875	7.1875
11:29:48.348480	-6.0625	-11.625	3.1875	-0.5625	-6.6875	-7.3125	3.6875	7.875	-4.0625	-0.3125	-2.25	5.25
11:29:48.358664	-5.3125	-10.625	2.1875	-3.125	-9.25	-8.375	29.0625	3.0	-3.0	-25.125	-0.0625	4.5
11:29:48.368771	-4.3125	-8.4375	1.5	-7.125	-16.0625	-8.6875	52.75	-4.1875	-2.375	-47.0	-1.1875	3.25
11:29:48.379012	-4.0	-5.875	0.3125	-9.625	-21.3125	-8.75	73.75	-11.1875	-2.0	-65.5625	-0.4375	-1.625
11:29:48.389166	-3.4375	-3.1875	0.4375	-7.625	-23.375	-7.375	91.125	-18.3125	-1.25	-65.5625	-0.4375	-1.625
11:29:48.399393	-3.0625	-1.6875	1.0625	-5.3125	-21.9375	-5.1875	104.625	-24.625	-0.625	-69.125	-16.4375	-21.5
11:29:48.409485	-2.6875	-1.625	2.0625	-2.625	-20.375	-2.6875	113.5625	-31.625	0.1875	-144.1875	-85.125	-44.125
11:29:48.419579	-2.125	-2.25	3.4375	2.0	-19.4375	2.4375	118.4375	-43.5625	1.375	-113.75	-63.25	-27.375
11:29:48.429988	-0.9375	-2.3125	4.625	13.1875	-14.8125	9.3125	106.875	-34.3125	0.625	-33.0	-64.8125	-16.5625
11:29:48.440304	0.75	-2.0	5.375	28.4375	1.0625	17.6875	62.3125	20.1875	-0.4375	105.75	-133.1875	-3.75
11:29:48.450397	4.8125	-2.125	7.5625	42.0	17.1875	24.4375	17.1875	-20.375	1.6875	136.0	120.25	-36.5625
11:29:48.460651	8.8125	-3.8125	9.75	39.5625	15.625	29.375	9.9375	-81.4375	-2.75	-218.1875	-365.4375	-63.4375
11:29:48.470806	11.0625	-4.0	9.0625	35.0625	19.6875	29.625	42.5	-119.125	-16.0625	-218.1875	-365.4375	-63.4375
11:29:48.481176	11.875	-0.5	6.6875	37.375	33.6875	24.625	77.6875	-70.1875	-25.0625	-239.4375	91.9375	107.0
11:29:48.491284	11.4375	6.5625	3.4375	24.125	27.25	12.0	77.6875	-70.1875	-25.0625	-239.4375	91.9375	107.0
11:29:48.501544	10.9375	15.625	1.0625	3.375	9.5625	-0.375	66.625	44.375	0.6875	-116.375	-62.875	24.375
11:29:48.511675	10.625	22.6875	-0.625	5.5625	19.625	-0.5	68.0	39.5625	4.25	-81.75	-56.875	44.5625
11:29:48.521858	10.375	24.0	-2.0625	17.5	43.125	12.125	69.5	15.6875	3.8125	-26.8125	-8.5625	22.75
11:29:48.531974	10.3125	19.5	-3.1875	17.9375	49.1875	24.5625	67.8125	-21.1875	-0.3125	47.3125	3.25	13.9375
11:29:48.542406	11.75	11.5	-4.375	23.9375	54.125	28.125	62.4375	-58.5625	-8.1875	42.875	-18.0625	4.0625
11:29:48.552476	13.25	2.25	-6.625	32.875	54.8125	26.5625	60.8125	-62.125	-17.3125	-39.8125	-46.875	1.5625
11:29:48.562574	13.5625	-6.5625	-9.8125	46.4375	54.9375	24.875	58.0	-35.0625	-21.125	-92.3125	-49.5625	0.5625
11:29:48.572710	13.0	-12.5	-12.1875	60.0	49.9375	25.25	52.625	3.9375	-18.4375	-92.3125	-49.5625	0.5625
11:29:48.582879	12.5625	-15.125	-13.75	65.125	33.3125	24.875	51.5	30.375	-14.6875	-81.1875	-21.875	19.0625
11:29:48.592944	12.75	-15.875	-13.875	57.8125	15.9375	22.6875	53.75	39.6875	-11.875	-81.1875	-21.875	19.0625
11:29:48.603245	13.125	-16.5625	-11.9375	47.4375	0.25	21.4375	52.6875	36.3125	-10.0	-23.5625	19.0	4.125
11:29:48.613339	13.3125	-15.4375	-9.375	35.9375	-12.25	22.25	48.5625	28.625	-9.125	-7.1875	27.875	-9.9375
11:29:48.623413	12.875	-13.1875	-6.625	26.8125	-20.125	23.3125	47.4375	13.125	-9.375	-25.5625	6.5625	-19.0
11:29:48.633679	11.375	-10.625	-3.75	19.25	-17.625	22.875	49.875	-6.0625	-8.6875	-51.4375	-9.5	-13.4375
11:29:48.643748	8.9375	-6.5625	-1.6875	16.625	-10.375	22.1875	49.8125	-13.25	-6.4375	-58.5	-12.125	1.5625
11:29:48.653818	5.6875	-1.875	0.625	34.8125	-2.125	20.375	48.125	-9.0625	-4.1875	-41.25	-13.375	5.625
11:29:48.663904	2.9375	3.8125	2.25	42.5625	7.625	19.125	48.5	-0.8125	-2.875	-28.0	-12.625	2.4375
11:29:48.673992	1.1875	8.8125	3.625	50.375	20.375	17.6875	49.8125	9.8125	-1.8125	-28.0	-12.625	2.4375
11:29:48.684072	0.125	11.6875	4.25	51.625	33.4375	19.1875	49.3125	24.875	-1.0625	-16.3125	5.9375	-5.4375
11:29:48.694133	-0.875	12.0625	4.3125	50.4375	40.625	21.625	48.1875	33.8125	0.375	-16.3125	5.9375	-5.4375
11:29:48.704200	-1.5625	10.625	3.75	45.9375	48.375	22.1875	50.0625	38.8125	1.6875	-16.3125	5.9375	-5.4375
11:29:48.714291	-1.75	8.875	2.0	44.625	55.25	20.875	51.3125	40.75	3.1875	-16.3125	5.9375	-5.4375
11:29:48.724385	-2.0	7.375	-0.125	46.9375	61.625	19.8125	49.375	42.875	5.3125	-16.3125	5.9375	-5.4375
11:29:48.734467	-2.1875	6.5	-2.3125	47.3125	67.6875	20.375	48.3125	35.4375	7.0	-16.3125	5.9375	-5.4375
11:29:48.745099	-2.4375	5.6875	-3.5	47.625	68.625	23.0625	48.625	19.5625	7.625	-16.3125	5.9375	-5.4375
11:29:48.755204	-2.3125	5.5625	-5.5	44.6875	67.9375	24.5	49.1875	7.0625	7.0625	-48.5	-4.875	1.4375
11:29:48.765328	-3.25	5.4375	-5.125	40.3125	65.9375	25.625	47.6875	0.5625	5.625	-31.8125	-2.6875	-3.625
11:29:48.775462	-3.875	5.3125	-3.25	37.375	60.6875	26.0625	46.5	-5.75	4.875	-37.75	-5.3125	-10.875
11:29:48.785672	-3.5	5.25	-2.75	39.25	50.125	27.375	47.5625	-8.625	3.8125	-37.75	-5.3125	-10.875
11:29:48.796132	-3.125	4.875	-2.125	41.1875	38.75	27.5625	47.75	-2.9375	2.875	-34.625	5.25	-0.25
11:29:48.806201	-2.4375	4.5	-1.6875	42.9375	27.3125	27.625	44.125	0.4375	2.75	-23.3125	5.625	-5.75
11:29:48.816333	-1.8125	3.625	-1.0	43.5625	16.5625	28.5	40.6875	-5.3125	2.375	-32.5625	8.0625	-8.5
11:29:48.826435	-1.0625	3.3125	-0.875	44.0	7.5625	29.125	40.5	-12.25	1.875	-38.3125	10.0625	-1.125
11:29:48.836514	0.0	2.25	-0.875	43.9375	2.375	29.1875	40.3125	-18.625	1.6875	-38.3125	10.0625	-1.125
11:29:48.846588	1.0625	0.0	-1.5625	41.1875	-2.8125	28.9375	38.5	-31.0	1.9375	-29.5	-10.4375	6.0625
11:29:48.856662	2.3125	-2.3125	-1.9375	38.875	-3.875	28.6875	37.6875	-38.125	0.125	-32.875	-4.625	11.5
11:29:48.866728	3.5	-5.0625	-2.1875	36.375	-3.5625	28.875	39.0	-37.75	-1.5625	-35.625	3.6875	9.5625
11:29:48.876830	4.4375	-7.3125	-2.3125	33.375	-1.5625	29.875	38.0	-25.8125	-1.6875	-35.625	3.6875	9.5625
11:29:48.886928	4.8125	-8.5625	-2.5625	34.4375	4.875	30.0	37.5625	-18.375	-1.75	-23.3125	-7.4375	1.0
11:29:48.896995	5.125	-8.9375	-2.0625	37.1875	9.0625	31.6875	37.75	-12.3125	-2.0	-32.75	8.0	3.9375
11:29:48.907063	5.1875	-8.375	-0.75	40.4375	14.875	32.6875	40.75	-5.5625	-0.875	-32.75	8.0	3.9375
11:29:48.917137	5.8125	-7.9375	0.375	42.6875	20.75	33.375	41.0625	-1.25	-0.3125	-26.8125	3.4375	2.8125
11:29:48.927208	6.0	-7.0625	2.4375	45.0	31.0	32.375	37.5625	1.6875	-0.75	-26.8125	3.4375	2.8125
11:29:48.937378	6.5	-5.125	3.8125	47.25	36.125	33.8125	39.8125	7.5625	-1.375	-32.3125	5.875	0.0625
11:29:48.947492	7.1875	-2.4375	4.875	46.0	40.8125	35.375	42.9375	13.0625	-0.25	-37.1875	8.625	4.0
11:29:48.957560	7.125	0.0625	5.8125	43.8125	40.3125	36.5625	41.125	14.8125	0.4375	-22.3125	4.4375	1.6875
11:29:48.967625	6.875	3.0	5.75	38.5	31.0625	39.8125	40.6875	15.125	-0.5625	-22.3125	4.4375	1.6875
11:29:48.977696	6.5625	5.75	5.8125	34.125	30.375	39.5625	44.0	15.4375	-0.5	-22.3125	4.4375	1.6875
11:29:48.987770	6.5	8.4375	5.5	31.5	32.75	38.3125	44.625	17.1875	0.4375	-36.5625	-0.375	7.5
11:29:48.997894	6.5625	11.5625	5.125	31.625	31.6875	37.8125	43.5625	18.1875	-0.375	-32.875	-45.75	30.6875
11:29:49.007980	6.8125	14.75	4.5625	33.5625	32.875	38.0	44.0625	23.6875	-1.125	-41.875	-1.0	32.25
11:29:49.018656	6.75	17.0625	3.875	34.6875	36.5625	36.4375	47.1875	30.5625	1.125	-41.875	-1.0	32.25
11:29:49.028779	6.75	17.6875	3.375	38.1875	38.8125	34.5	47.5625	31.5	3.6875	-56.8125	-12.8125	4.5625
11:29:49.038878	7.125	18.625	3.0	38.375	37.125	33.8125	46.8125	24.9375	5.125	-56.8125	-12.8125	4.5625
11:29:49.048966	7.375	18.6875	2.3125	34.25	35.75	34.5625	49.875	21.875	6.3125	-56.8125	-12.8125	4.5625
11:29:49.059529	7.375	17.75	1.0	28.0	31.0	35.25	53.625	21.0625	8.875	-66.875	-18.375	7.625
11:29:49.069830	7.0625	15.9375	-0.75	22.125	24.625	35.25	56.1875	20.6875	12.375	-66.875	-18.375	7.625
11:29:49.080490	6.3125	13.375	-1.75	16.0625	20.125	35.0	60.5625	18.625	12.625	-66.875	-18.375	7.625
11:29:49.091090	5.625	10.4375	-2.9375	10.0	21.1875	33.75	65.375	20.6875	13.5	-70.4375	-35.6875	9.5625
11:29:49.101427	5.0	7.125	-3.5625	5.75	23.625	31.8125	66.8125	23.0	14.4375	-79.375	-30.8125	9.1875
11:29:49.111497	4.0625	3.9375	-3.125	6.3125	28.625	29.25	69.1875	26.3125	14.0	-74.6875	-41.1875	10.1875
11:29:49.121637	3.5	1.875	-1.9375	7.3125	33.375	27.5	75.375	30.625	14.5625	-90.875	-28.0625	12.375
11:29:49.131761	3.4375	0.6875	-0.375	6.6875	38.0625	23.6875	80.5	37.625	16.5	-97.6875	-26.9375	12.9375
11:29:49.142030	2.75	0.5625	1.125	6.6875	38.8125	19.5625	82.375	42.1875	18.5	-90.1875	-24.9375	9.3125
11:29:49.152529	0.5	1.375	3.1875	4.9375	33.4375	14.5625	87.1875	40.0625	18.5625	-93.9375	-24.0	9.375
11:29:49.162603	-3.125	2.6875	6.375	-1.6875	23.25	10.375	96.5	30.0625	18.0	-104.125	-50.1875	10.0625
11:29:49.172704	-6.875	3.625	8.6875	-11.25	9.75	5.1875	101.625	22.9375	16.4375	-109.625	-52.0625	23.25
11:29:49.182883	-9.1875	1.4375	9.5625	-20.5625	-2.9375	-1.0	105.625	24.5625	13.75	-109.625	-52.0625	23.25
11:29:49.193386	-10.0	-4.5	8.125	-32.25	-13.0	-6.0	112.0625	34.875	11.1875	-109.625	-52.0625	23.25
11:29:49.203527	-9.625	-14.3125	4.375	-42.125	-17.875	-11.875	119.125	43.0625	9.6875	-115.125	-12.625	26.5625
11:29:49.214248	-7.5625	-23.75	-0.625	-52.0	-29.75	-16.0625	124.0	51.6875	7.625	-139.375	-26.9375	52.25
11:29:49.224984	-6.625	-28.375	-5.875	-62.1875	-40.625	-18.6875	126.875	67.125	7.3125	-127.875	-5.9375	70.25
11:29:49.235054	-5.75	-26.1875	-8.125	-75.1875	-51.8125	-19.3125	136.8125	99.375	8.6875	-125.9375	14.1875	87.5
11:29:49.245131	-5.25	-20.1875	-8.5625	-90.25	-57.9375	-19.125	142.0	137.875	14.75	-133.875	37.3125	97.25
11:29:49.255195	-5.375	-13.5625	-8.0625	-105.875	-56.625	-22.125	139.75	171.0625	21.6875	-158.125	42.9375	101.5
11:29:49.265272	-5.6875	-6.0625	-7.875	-122.3125	-66.9375	-26.25	133.0	185.25	23.875	-180.6875	64.0	87.625
11:29:49.275396	-6.4375	0.125	-8.9375	-129.9375	-55.25	-31.4375	123.375	174.8125	25.8125	-207.8125	41.125	43.5
11:29:49.285469	-7.25	6.375	-10.5625	-142.0	-46.0625	-38.6875	107.625	119.1875	27.1875	-275.875	14.4375	21.875
11:29:49.295840	-7.75	11.8125	-11.9375	-150.25	-4.875	-44.25	97.3125	58.5	26.5	-353.5625	-13.375	11.3125
11:29:49.305912	-10.125	17.375	-11.3125	-144.1875	24.0	-53.4375	86.625	22.4375	21.8125	-372.1875	-67.0625	18.625
11:29:49.315982	-11.875	15.5	-8.6875	-126.125	21.1875	-60.125	86.0625	-1.5625	23.1875	-345.0	-235.875	8.8125
11:29:49.326071	-13.3125	11.125	-5.625	-98.4375	-8.75	-64.125	89.1875	-14.6875	25.625	-241.125	-296.0625	-14.875
11:29:49.336279	-13.8125	5.375	-2.0625	-80.625	-25.8125	-64.6875	84.0	-8.625	23.375	-15.9375	-51.25	-19.0
11:29:49.346416	-12.6875	-0.0625	1.9375	-71.8125	-13.5625	-62.25	72.9375	8.6875	20.3125	68.6875	331.75	56.6875
11:29:49.356944	-10.375	-4.9375	4.375	-71.8125	-8.0	-57.6875	42.125	5.375	15.9375	118.0625	353.0	45.0625
11:29:49.367032	-7.3125	-8.8125	6.125	-80.3125	-21.0	-56.625	10.1875	-17.0	15.1875	137.625	129.25	-37.5625
11:29:49.377103	-4.625	-10.8125	7.125	-89.0625	-23.75	-58.125	-12.4375	-38.1875	13.875	71.1875	-26.6875	-77.625
11:29:49.387174	-2.625	-10.8125	7.6875	-93.0625	-30.6875	-61.5	-31.875	-56.0625	7.3125	41.6875	30.1875	-56.1875
11:29:49.397255	-1.625	-9.0	7.0625	-94.5	-46.875	-62.875	-55.0625	-67.0	-1.5625	110.625	182.375	-46.8125
11:29:49.407329	-1.0625	-6.875	5.9375	-89.125	-57.0	-65.9375	-76.625	-69.4375	-8.1875	215.1875	176.5625	-80.1875
11:29:49.417418	-0.4375	-4.5	3.9375	-83.4375	-59.6875	-67.0625	-92.0625	-69.6875	-13.25	263.3125	49.125	-114.25
11:29:49.427483	0.5	-2.875	1.8125	-73.625	-56.8125	-65.875	-112.0625	-63.1875	-13.8125	176.0625	8.0625	-34.8125
11:29:49.437551	1.25	-1.4375	0.625	-62.1875	-53.1875	-65.3125	-130.75	-56.1875	-8.6875	157.1875	32.5	-29.5625
11:29:49.447679	2.125	-0.4375	-0.0625	-54.75	-52.1875	-60.875	-149.0625	-61.9375	-3.3125	190.375	23.875	-10.5625
11:29:49.457789	2.9375	1.0	-0.375	-56.6875	-55.125	-57.125	-164.5	-79.5	-2.5625	241.5	1.375	-13.3125
11:29:49.467918	3.125	1.25	-0.25	-58.0	-61.125	-48.625	-177.0625	-91.0625	-5.0625	258.6875	4.4375	-29.5625
11:29:49.477987	3.1875	1.375	-1.0	-56.25	-66.25	-43.6875	-204.8125	-77.0625	-10.0	254.9375	39.4375	-33.625
11:29:49.488062	3.1875	0.5625	-0.875	-52.625	-64.0625	-42.3125	-204.8125	-77.0625	-10.0	253.5	61.875	-26.1875
11:29:49.498776	3.0625	0.0	-0.5	-45.6875	-56.1875	-41.4375	-215.4375	-54.75	-13.4375	249.25	73.0	-16.5625
11:29:49.508845	2.5	-0.4375	-1.625	-37.5625	-44.5625	-40.875	-231.4375	15.625	-24.625	244.9375	94.125	-4.0
11:29:49.518955	2.0	-1.375	-3.3125	-30.75	-29.9375	-40.5	-240.0625	48.375	-28.875	227.875	107.1875	13.1875
11:29:49.529637	1.6875	-2.3125	-4.25	-27.6875	-17.625	-39.0	-242.8125	63.8125	-32.9375	207.75	111.125	24.0625
11:29:49.539808	0.9375	-3.5625	-4.5	-26.375	-8.1875	-38.3125	-242.625	61.1875	-37.5	208.125	113.6875	28.625
11:29:49.549907	0.3125	-4.625	-4.6875	-24.375	1.3125	-37.625	-243.0	52.5	-41.375	213.8125	102.3125	30.8125
11:29:49.560032	-0.625	-4.75	-4.875	-21.875	8.1875	-36.4375	-243.875	44.3125	-45.6875	201.75	84.875	39.0
11:29:49.570706	-1.5625	-4.0625	-4.5	-17.75	11.3125	-35.0625	-243.875	44.3125	-45.6875	195.5625	63.9375	49.25
11:29:49.580837	-2.4375	-2.375	-3.4375	-13.0625	10.6875	-33.625	-241.9375	12.25	-49.1875	203.1875	34.0625	51.4375
11:29:49.590929	-3.4375	0.375	-2.5	-6.5625	9.25	-31.4375	-240.5	3.125	-49.0	196.625	35.25	51.625
11:29:49.601063	-4.0	3.5625	-1.3125	-1.5625	6.125	-28.625	-238.125	-2.0625	-48.3125	201.5	28.8125	46.75
11:29:49.611659	-4.125	6.5625	0.25	0.5	1.9375	-27.375	-231.875	-2.875	-46.5	220.0	21.875	36.875
11:29:49.621767	-4.125	9.375	2.4375	5.0625	0.3125	-25.3125	-227.5625	-0.9375	-43.25	212.625	9.5625	26.1875
11:29:49.631888	-4.3125	11.0	4.1875	11.5625	0.1875	-22.875	-223.1875	-2.8125	-39.5625	185.375	-24.3125	10.375
11:29:49.642042	-4.4375	10.875	5.9375	18.1875	0.25	-21.5	-213.25	-6.5	-34.8125	191.1875	-33.375	8.6875
11:29:49.652173	-4.25	9.625	6.8125	24.9375	-2.0	-19.8125	-204.5	-15.9375	-29.375	184.875	-25.875	18.1875
11:29:49.662271	-4.25	7.625	7.5625	30.5	-5.125	-20.375	-196.1875	-25.625	-25.5	176.3125	-23.4375	11.625
11:29:49.672346	-4.1875	4.6875	7.6875	35.0625	-10.5625	-19.3125	-183.1875	-35.875	-23.0625	166.75	-15.9375	3.5625
11:29:49.682476	-4.3125	1.3125	7.875	38.625	-18.25	-15.1875	-167.9375	-48.625	-21.375	161.8125	-6.6875	4.9375
11:29:49.692559	-4.375	-2.1875	8.0625	40.8125	-21.6875	-11.5625	-153.3125	-61.0625	-18.125	156.1875	-7.8125	2.625
11:29:49.703023	-4.75	-5.5625	8.875	38.875	-28.75	-10.4375	-135.8125	-70.0625	-15.1875	136.0	-15.9375	0.375
11:29:49.713581	-5.375	-7.8125	10.0625	36.75	-33.0	-9.125	-117.0	-67.875	-12.625	117.375	-18.0625	2.25
11:29:49.723653	-6.5625	-11.0	9.875	33.4375	-26.625	-9.125	-95.125	-47.125	-11.375	91.4375	0.3125	6.9375
11:29:49.733727	-6.8125	-14.0625	8.75	29.6875	-20.25	-7.6875	-71.5625	-22.75	-11.5	60.9375	9.4375	7.5625
11:29:49.743800	-5.625	-16.8125	8.125	24.875	-13.4375	-6.4375	-47.6875	-3.6875	-10.8125	32.25	12.875	7.9375
11:29:49.753928	-5.0	-17.5	8.1875	19.4375	-10.0	-5.6875	-22.8125	6.25	-9.375	3.625	9.875	7.4375
11:29:49.764026	-4.8125	-17.0	6.0	13.6875	-8.8125	-6.0	3.1875	6.375	-7.0625	-21.125	4.25	6.5625
11:29:49.774112	-4.5625	-15.375	3.625	7.3125	-10.0625	-6.8125	28.625	-0.375	-5.3125	-43.6875	-0.5	4.1875
11:29:49.784277	-3.875	-13.0625	0.8125	0.8125	-14.375	-8.0	52.0	-10.9375	-3.5	-43.0	-11.625	-7.5
11:29:49.794720	-3.625	-11.125	-1.75	-4.25	-22.375	-8.5625	73.375	-19.875	-2.25	-83.375	-62.6875	-26.9375
11:29:49.804797	-2.875	-9.0	-3.875	-7.9375	-31.3125	-8.1875	91.0	-28.4375	-1.3125	-121.3125	-88.5625	-39.875
11:29:49.814883	-1.8125	-7.625	-4.4375	-10.3125	-42.0	-6.1875	106.75	-41.0625	-0.375	-123.875	-78.8125	-33.5
11:29:49.825269	-0.9375	-7.125	-3.5	-9.8125	-46.5	-4.125	117.8125	-46.6875	-0.25	-64.0	-104.625	-19.5625
11:29:49.835341	-0.0625	-6.625	-2.375	-5.25	-40.8125	0.0	106.625	-14.4375	-2.0625	86.0625	-57.5625	12.8125
11:29:49.845429	1.25	-5.125	-1.6875	1.5	-28.5	8.1875	66.0625	12.625	0.25	46.0	189.125	-45.0625
11:29:49.855507	4.75	-4.0	1.8125	10.9375	-10.6875	15.9375	37.6875	-46.1875	4.8125	-113.125	-66.5625	-89.5
11:29:49.865577	8.5	-5.5625	6.625	20.5625	-1.0625	19.0	46.3125	-94.0625	-1.25	-163.6875	-358.5	-48.25
11:29:49.875650	11.125	-6.8125	8.375	19.125	-2.5625	18.9375	71.6875	-116.0	-13.125	-188.4375	-103.875	59.4375
11:29:49.885752	12.4375	-4.125	7.3125	15.125	10.9375	15.75	84.75	-89.0	-20.0	-202.25	102.6875	95.25
11:29:49.895851	12.875	4.4375	3.875	21.875	33.4375	12.0625	81.0625	-36.0	-17.0625	-214.0	-19.125	63.25
11:29:49.905932	12.0625	17.0625	0.5625	17.625	38.25	4.75	76.8125	31.9375	-6.6875	-124.8125	-76.75	52.9375
11:29:49.916000	10.8125	28.6875	-2.5	9.25	34.75	-0.375	72.875	69.25	1.8125	-56.875	-18.125	63.5
11:29:49.926071	9.5	32.3125	-3.75	10.0625	37.5	5.875	67.6875	62.1875	7.3125	-27.6875	-21.0625	31.4375
11:29:49.936403	8.4375	26.75	-3.1875	13.25	43.875	20.375	70.125	30.0	6.125	14.0	-27.5625	2.375
11:29:49.946532	9.75	2.625	-2.5625	17.375	47.9375	31.0	72.8125	-23.0625	-1.0	18.25	-0.0625	1.9375
11:29:49.956638	10.3125	-8.1875	-4.0625	24.8125	52.6875	31.1875	67.625	-65.125	-9.4375	-36.25	-11.8125	-0.0625
11:29:49.966788	9.8125	-15.3125	-7.125	36.1875	57.0	24.9375	60.0	-72.625	-16.1875	-86.875	-54.25	-22.125
11:29:49.977001	8.75	-19.125	-10.0625	49.1875	58.9375	20.625	56.8125	-46.625	-19.3125	-85.875	-29.125	-15.4375
11:29:49.987276	7.9375	-20.75	-12.4375	65.6875	53.0625	21.125	54.8125	-2.75	-17.875	-85.875	-29.125	-15.4375
11:29:49.997368	7.875	-21.25	-13.3125	72.25	45.8125	22.375	51.875	32.6875	-13.625	-41.5	-12.9375	1.9375
11:29:50.007430	8.5	-20.25	-12.5	63.5	29.625	23.4375	49.625	47.1875	-9.625	-22.25	2.5625	-4.1875
11:29:50.017499	8.875	-18.375	-10.3125	51.75	7.6875	25.625	49.75	43.3125	-7.6875	-12.625	16.5	-1.25
11:29:50.027568	9.4375	-15.3125	-7.8125	42.1875	-7.4375	27.375	47.1875	28.625	-6.75	-19.75	2.625	0.5
11:29:50.037701	9.3125	-11.9375	-5.0	33.4375	-19.4375	27.625	43.8125	3.9375	-6.5625	-19.75	2.625	0.5
11:29:50.047804	8.625	-8.25	-2.75	24.6875	-25.125	26.0625	44.1875	-21.125	-6.0625	-60.625	-16.4375	10.5625
11:29:50.057919	6.75	-3.5625	-0.9375	24.875	-16.375	22.0	46.4375	-29.5625	-4.625	-42.4375	-21.8125	14.9375
11:29:50.068077	4.8125	2.375	0.5625	42.6875	-5.875	20.6875	46.3125	-19.125	-3.1875	-42.4375	-21.8125	14.9375
11:29:50.078483	2.8125	7.8125	2.5625	42.6875	-5.875	20.6875	44.375	8.875	-1.25	-2.8125	-2.75	-7.1875
11:29:50.088858	1.3125	11.125	4.625	53.75	21.0625	20.0	44.375	8.875	-1.25	-2.8125	-2.75	-7.1875
11:29:50.098967	0.25	11.5	5.8125	53.8125	36.8125	22.3125	43.125	31.625	-0.0625	-29.3125	6.5	-13.5625
11:29:50.109096	-0.5625	10.25	5.5	53.9375	49.3125	23.0625	39.875	39.3125	1.0625	-49.4375	2.5	-14.25
11:29:50.119208	-1.3125	8.1875	4.375	54.0	58.9375	22.8125	40.25	40.5625	2.25	-67.25	3.5	-12.5
11:29:50.129322	-1.875	6.3125	2.8125	56.4375	68.4375	22.4375	41.0625	35.0625	3.375	-57.25	1.9375	-4.75
11:29:50.139972	-2.6875	4.5	0.6875	59.0	75.4375	23.0625	40.5625	27.8125	4.9375	-42.5625	5.875	3.25
11:29:50.150037	-3.1875	2.5625	-0.5625	57.8125	78.125	25.4375	40.3125	18.25	6.0625	-21.5625	3.125	-8.8125
11:29:50.160115	-3.25	1.3125	-2.375	52.875	75.0	29.125	41.6875	8.8125	5.75	-21.5625	3.125	-8.8125
11:29:50.170220	-3.75	1.1875	-4.0	49.875	67.375	32.1875	41.75	6.0	5.1875	-21.5625	3.125	-8.8125
11:29:50.180396	-4.5	1.75	-4.5	44.25	59.625	33.0	38.75	9.4375	4.9375	-17.75	2.8125	-3.8125
11:29:50.191066	-4.75	2.875	-4.875	40.5	49.9375	33.875	35.9375	3.8125	4.6875	-27.6875	-2.75	0.4375
11:29:50.201134	-4.5	4.3125	-5.5	38.8125	40.4375	33.5	35.4375	-1.875	3.25	-35.5	3.6875	7.125
11:29:50.211261	-4.25	5.3125	-5.75	40.875	32.0625	33.5625	37.1875	2.75	2.0625	-30.4375	12.5	5.125
11:29:50.221824	-4.0625	5.6875	-5.75	42.5	25.3125	32.4375	36.125	2.1875	2.625	-29.375	4.0	-5.875
11:29:50.231918	-3.5625	5.625	-5.75	44.375	17.6875	31.1875	32.75	-11.0	2.9375	-33.875	2.1875	-1.9375
11:29:50.241985	-2.75	4.625	-5.6875	46.0	10.5	29.4375	31.875	-18.1875	1.1875	-39.9375	8.9375	1.75
11:29:50.252053	-1.9375	2.9375	-5.25	47.5625	2.5625	28.0	33.0625	-15.625	0.9375	-27.1875	8.6875	0.375
11:29:50.262218	-1.0625	1.0	-4.8125	48.75	-2.8125	27.875	33.6875	-21.3125	2.0625	-27.1875	8.6875	0.375
11:29:50.272317	0.125	-1.0	-3.9375	47.5625	-4.625	28.625	31.375	-28.25	1.375	-24.1875	-2.5625	2.3125
11:29:50.282458	1.375	-3.0625	-3.375	45.6875	-5.625	30.9375	30.875	-24.0	0.3125	-32.6875	6.125	2.4375
11:29:50.292824	2.6875	-5.1875	-2.4375	44.375	-2.5625	32.5625	32.75	-11.4375	0.8125	-21.375	3.25	1.5625
11:29:50.302892	3.75	-7.625	-1.625	43.375	4.4375	34.0	31.9375	-6.1875	0.6875	-24.625	8.375	2.0625
11:29:50.312977	4.5625	-9.0625	-0.9375	41.5625	11.5625	36.3125	30.0625	-0.9375	0.1875	-29.9375	11.625	2.9375
11:29:50.323049	5.25	-9.5625	-0.5	41.375	19.5625	36.6875	30.0625	-0.9375	0.1875	-28.6875	7.375	4.875
11:29:50.333121	5.8125	-9.1875	-0.25	41.625	28.6875	36.6875	34.75	2.3125	1.25	-25.6875	1.625	2.5625
11:29:50.343743	6.125	-7.9375	0.4375	41.875	35.6875	37.0	34.75	1.0625	1.0	-28.1875	10.125	0.0625
11:29:50.353844	6.125	-5.25	0.625	37.5	40.75	36.5	37.9375	6.625	0.25	-32.1875	12.8125	0.8125
11:29:50.363949	5.875	-2.4375	1.0625	37.5	41.875	35.5	41.875	11.875	1.125	-32.1875	12.8125	0.8125
11:29:50.374072	5.5	1.1875	1.625	38.4375	37.0625	34.625	41.875	10.0	1.25	-29.4375	0.5	-4.875
11:29:50.384161	5.4375	5.375	1.875	37.375	32.8125	34.1875	44.125	11.375	0.1875	-36.125	13.25	0.0
11:29:50.394599	5.875	9.375	2.25	36.5625	30.25	32.875	48.875	13.6875	0.875	-42.125	-3.9375	13.3125
11:29:50.404666	6.375	12.4375	3.0625	36.125	33.25	30.5	50.3125	14.875	1.875	-37.125	-48.5	39.9375
11:29:50.414743	7.5625	15.4375	4.4375	34.0625	36.25	28.4375	49.0625	19.9375	1.0	-44.8125	10.5	32.3125
11:29:50.424813	7.625	18.75	5.6875	32.5625	38.8125	29.1875	49.75	29.625	0.75	-59.3125	8.875	11.5625
11:29:50.434889	8.25	21.0	6.875	30.5625	40.875	29.1875	53.6875	37.75	3.0	-62.0625	-10.4375	7.5
11:29:50.444961	8.6875	22.25	7.75	29.25	43.8125	27.4375	53.8125	36.3125	5.25	-56.5625	1.5	8.5625
11:29:50.455062	7.4375	22.125	6.75	28.1875	44.9375	27.8125	53.5	30.25	7.0625	-64.3125	-7.875	7.25
11:29:50.465139	7.4375	22.125	6.75	26.6875	40.8125	28.6875	56.9375	24.25	8.25	-70.875	-19.625	4.625
11:29:50.475265	6.625	19.5	5.0	22.8125	35.5625	30.0	61.1875	19.1875	10.75	-68.8125	-28.0625	3.5625
11:29:50.485332	6.0625	16.1875	3.25	16.0625	30.125	30.375	62.75	16.25	13.3125	-68.8125	-28.0625	3.5625
11:29:50.496017	4.375	10.3125	1.5625	11.5625	24.4375	30.6875	63.375	12.5625	14.25	-73.4375	-44.8125	6.375
11:29:50.506089	4.25	7.9375	1.5	8.9375	19.0625	31.0625	66.625	12.1875	14.4375	-80.375	-39.1875	7.25
11:29:50.516168	4.1875	5.8125	1.75	7.5	19.375	31.6875	70.3125	15.25	15.6875	-80.8125	-49.8125	4.5
11:29:50.526240	3.4375	4.25	2.75	6.375	21.375	31.8125	70.25	18.3125	17.0625	-76.8125	-50.1875	6.1875
11:29:50.536327	3.0625	3.0	4.1875	8.125	23.25	30.625	71.125	19.25	16.75	-86.5625	-36.6875	5.625
11:29:50.546479	2.8125	2.0625	6.0	10.25	23.6875	29.4375	75.625	21.8125	17.1875	-95.9375	-31.5625	6.0
11:29:50.556555	1.75	-0.125	6.625	11.0625	25.5	27.75	79.6875	27.75	19.0625	-88.0625	-32.6875	3.625
11:29:50.567033	1.75	-0.125	6.625	10.5	27.875	25.1875	79.9375	34.5	21.75	-85.5	-29.5625	4.4375
11:29:50.577134	-1.0625	-2.375	7.4375	9.875	25.75	21.6875	81.8125	32.6875	22.625	-96.9375	-48.125	2.875
11:29:50.587208	-9.0	-2.75	12.25	5.5	18.625	17.25	88.5625	24.25	22.5	-96.9375	-48.125	2.875
11:29:50.597282	-11.8125	-5.625	11.875	-1.125	10.125	12.125	93.875	14.375	21.625	-102.1875	-27.125	23.9375
11:29:50.607358	-13.125	-10.625	10.375	-14.0	-11.5625	1.8125	96.125	14.3125	19.375	-103.8125	-10.0	17.5
11:29:50.617442	-13.8125	-20.1875	6.125	-23.1875	-19.0	-2.9375	101.0	23.5	18.125	-124.3125	-37.75	18.4375
11:29:50.627506	-14.0	-30.75	1.375	-32.75	-26.0	-7.0625	106.75	31.3125	17.9375	-130.125	-40.3125	30.5
11:29:50.637582	-12.3125	-35.3125	-1.5625	-41.5625	-31.6875	-11.375	112.125	35.875	17.0	-122.8125	-26.125	41.125
11:29:50.647652	-10.3125	-32.625	-4.0625	-52.75	-35.3125	-16.5	115.8125	40.25	16.0625	-123.0	-23.0	60.6875
11:29:50.657740	-9.3125	-24.5625	-5.6875	-65.8125	-40.5625	-21.375	120.375	49.0	16.4375	-124.6875	-14.375	68.125
11:29:50.668073	-9.3125	-24.5625	-5.6875	-80.5625	-43.0625	-25.5	133.4375	81.5	19.0	-124.6875	-14.375	68.125
11:29:50.678175	-6.0625	-2.5625	-6.0	-95.9375	-48.375	-30.6875	141.75	150.5	27.5625	-146.3125	32.75	85.75
11:29:50.688310	-4.375	6.4375	-7.625	-115.625	-56.0	-42.6875	141.75	150.5	27.5625	-146.3125	32.75	85.75
11:29:50.698436	-4.125	14.3125	-9.625	-123.8125	-42.4375	-50.875	133.875	149.9375	27.375	-192.125	24.0625	34.5
11:29:50.708534	-4.5625	21.625	-11.375	-135.375	-17.9375	-52.8125	121.1875	106.75	24.6875	-259.8125	-44.4375	13.9375
11:29:50.718945	-5.5625	28.0625	-12.0625	-143.1875	6.625	-59.125	102.8125	47.375	25.5	-323.5	-93.875	13.25
11:29:50.729105	-6.875	31.625	-12.0625	-128.4375	22.8125	-67.5625	94.6875	1.125	21.5625	-363.25	-36.5	33.75
11:29:50.739219	-8.8125	31.125	-11.25	-107.25	-2.8125	-71.5625	99.1875	-22.9375	17.125	-326.8125	-123.3125	19.0
11:29:50.749339	-10.5	26.875	-9.875	-92.1875	-7.75	-74.625	99.1875	-22.9375	17.125	-11.9375	-116.1875	-28.4375
11:29:50.760038	-11.4375	20.75	-7.625	-84.625	-16.375	-71.0625	96.3125	-6.625	16.8125	-11.9375	-116.1875	-28.4375
11:29:50.770386	-10.75	14.875	-4.9375	-83.0625	-15.3125	-69.0625	65.5625	22.25	7.25	104.0	313.0	57.125
11:29:50.780522	-8.5	10.1875	-1.4375	-85.0625	-23.375	-64.8125	32.5	6.8125	2.875	104.0	313.0	57.125
11:29:50.791082	-5.5625	6.1875	0.9375	-92.1875	-24.0	-63.25	7.5625	-12.375	-0.1875	90.8125	98.75	-33.0625
11:29:50.801224	-2.5625	2.6875	2.1875	-95.5	-24.5625	-64.4375	-12.5	-30.875	-6.25	44.6875	59.625	-42.5
11:29:50.811377	-0.6875	0.375	3.3125	-98.125	-26.4375	-65.1875	-31.5625	-52.5	-14.875	141.6875	162.8125	-43.5625
11:29:50.821525	0.0	-0.0625	3.8125	-95.8125	-32.5	-68.1875	-54.625	-67.0	-23.125	239.0625	118.5	-79.9375
11:29:50.832020	0.4375	1.0625	2.4375	-94.3125	-39.6875	-69.4375	-74.75	-70.875	-30.1875	262.0	35.875	-80.3125
11:29:50.842128	0.5625	2.875	0.125	-85.9375	-41.4375	-68.8125	-96.1875	-66.625	-33.125	214.0	15.0	-22.8125
11:29:50.852226	1.125	4.1875	-1.8125	-77.3125	-45.6875	-66.6875	-119.5625	-58.3125	-30.5	148.5	33.6875	-3.6875
11:29:50.862910	2.0625	5.875	-3.0	-72.625	-50.8125	-63.5	-141.8125	-49.6875	-25.0	149.1875	46.4375	-1.625
11:29:50.873028	2.75	7.0625	-2.875	-73.75	-58.1875	-59.4375	-158.75	-53.0625	-24.1875	193.5625	44.6875	17.75
11:29:50.883149	3.375	8.25	-2.375	-75.5625	-62.6875	-54.5625	-158.75	-53.0625	-24.1875	225.75	42.125	10.75
11:29:50.893786	3.4375	8.3125	-1.0625	-71.5625	-63.75	-46.75	-158.75	-53.0625	-24.1875	225.75	42.125	10.75
11:29:50.903905	3.125	8.25	-0.8125	-67.1875	-58.625	-43.875	-201.25	-21.5	-33.25	251.4375	82.9375	-12.5625
11:29:50.914340	2.6875	6.625	0.3125	-58.3125	-49.0	-42.4375	-214.875	-0.625	-35.8125	252.3125	99.0	-1.6875
11:29:50.924416	1.5625	4.25	2.25	-48.5625	-35.25	-42.125	-225.8125	18.375	-39.5	239.9375	107.4375	11.3125
11:29:50.934673	1.5625	4.25	2.25	-42.0625	-20.5625	-41.6875	-234.625	38.125	-43.75	227.4375	111.4375	24.9375
11:29:50.944749	1.8125	2.1875	1.4375	-38.1875	-9.9375	-40.625	-243.5625	54.9375	-47.875	218.0625	117.3125	34.5625
11:29:50.954858	1.8125	2.1875	1.4375	-35.625	-3.75	-40.3125	-248.25	59.25	-49.75	215.0625	115.9375	39.1875
11:29:50.965328	-0.875	1.75	1.625	-32.1875	3.625	-40.5625	-251.0	51.25	-49.0625	224.1875	105.5625	38.75
11:29:50.975480	-2.5	2.5625	1.5	-25.6875	10.75	-41.375	-251.75	37.1875	-47.125	230.9375	89.125	37.625
11:29:50.985743	-2.5	2.5625	1.5	-17.0625	16.5625	-42.9375	-251.1875	24.25	-45.125	230.1875	67.5	37.5625
11:29:50.995900	-4.125	3.625	1.0625	-6.5	19.25	-43.0	-250.625	14.75	-42.875	230.1875	67.5	37.5625
11:29:51.005967	-6.625	6.4375	1.1875	0.5625	18.1875	-41.25	-249.8125	7.875	-41.0625	230.1875	67.5	37.5625
11:29:51.016037	-7.8125	8.25	2.375	5.125	12.1875	-41.0	-246.25	-1.75	-39.4375	230.1875	67.5	37.5625
11:29:51.026114	-8.5625	9.75	3.875	7.75	-0.0625	-39.0	-241.75	-11.6875	-37.5	230.1875	67.5	37.5625
11:29:51.036180	-9.3125	9.6875	5.75	12.3125	-6.3125	-36.4375	-237.0	-15.3125	-35.0625	230.1875	67.5	37.5625
11:29:51.046257	-9.5	8.3125	7.3125	16.25	-7.8125	-32.625	-230.75	-14.5	-32.375	230.1875	67.5	37.5625
11:29:51.056386	-9.75	5.875	8.25	20.5625	-3.8125	-29.75	-221.8125	-10.875	-30.0625	230.1875	67.5	37.5625
11:29:51.066563	-9.75	5.875	8.25	24.0	-2.9375	-27.4375	-212.5625	-11.375	-28.625	230.1875	67.5	37.5625
11:29:51.076642	-8.5	-0.8125	10.1875	29.4375	-7.75	-23.25	-200.125	-18.0625	-27.5625	230.1875	67.5	37.5625
11:29:51.086706	-7.875	-4.125	10.25	29.0625	-18.0625	-18.3125	-187.3125	-22.6875	-25.875	222.25	29.625	30.4375
11:29:51.096778	-6.875	-6.375	11.5	24.375	-27.6875	-13.25	-173.125	-25.3125	-23.875	222.25	29.625	30.4375
11:29:51.106850	-6.625	-7.5	12.3125	21.0	-30.0625	-10.4375	-156.875	-29.5	-20.3125	222.25	29.625	30.4375
11:29:51.116967	-6.25	-8.75	11.375	18.9375	-30.75	-9.3125	-137.9375	-32.125	-16.5625	222.25	29.625	30.4375
11:29:51.127045	-5.875	-10.0	11.25	19.0	-30.0625	-9.125	-118.25	-37.25	-12.1875	222.25	29.625	30.4375
11:29:51.137145	-5.3125	-11.5625	11.5625	17.8125	-29.625	-10.5	-97.125	-47.5625	-9.125	222.25	29.625	30.4375
11:29:51.147224	-4.9375	-13.375	11.875	18.375	-22.4375	-11.8125	-75.6875	-56.6875	-7.3125	222.25	29.625	30.4375
11:29:51.157294	-4.5	-13.5	12.375	17.875	-12.6875	-13.1875	-52.5	-57.1875	-6.0	222.25	29.625	30.4375
11:29:51.167395	-3.9375	-13.5625	10.5	15.25	-2.8125	-13.8125	-29.5625	-49.1875	-5.6875	222.25	29.625	30.4375
11:29:51.177476	-2.625	-12.625	9.5	10.3125	1.5	-13.125	-6.3125	-41.5	-4.8125	222.25	29.625	30.4375
11:29:51.187736	-2.625	-12.625	9.5	3.125	-2.4375	-11.625	-6.3125	-41.5	-4.8125	71.875	-56.8125	4.0
11:29:51.197857	-1.625	-11.6875	8.1875	-1.375	-14.9375	-10.1875	36.4375	-33.25	-3.75	-11.9375	-42.375	-1.25
11:29:51.207924	-0.875	-9.75	7.375	-4.5625	-28.8125	-8.0625	55.5	-33.1875	-4.125	-11.9375	-42.375	-1.25
11:29:51.218024	-0.0625	-6.375	6.625	-5.6875	-38.3125	-6.0625	71.3125	-32.8125	-4.875	-11.9375	-42.375	-1.25
11:29:51.228129	0.1875	-5.5	7.1875	-0.9375	-35.375	2.0625	86.25	-34.3125	-5.0	-11.9375	-42.375	-1.25
11:29:51.238245	0.375	-4.625	8.375	6.875	-26.5	7.5	98.875	-33.125	-4.875	-11.9375	-42.375	-1.25
11:29:51.248360	0.6875	-3.0625	9.0625	18.8125	-14.375	15.0	88.4375	22.3125	-3.0	-11.9375	-42.375	-1.25
11:29:51.258431	2.25	-1.1875	10.375	28.6875	0.0625	21.9375	48.5625	37.5	1.8125	-11.9375	-42.375	-1.25
11:29:51.268565	5.5	-2.25	13.5	32.5	10.1875	24.9375	29.0	-25.875	8.0625	-11.9375	-42.375	-1.25
11:29:51.278661	8.125	-4.25	15.125	24.875	11.875	26.625	29.0	-25.875	8.0625	-112.0	-51.625	-39.25
11:29:51.288781	8.125	-4.25	15.125	24.875	11.875	26.625	29.0	-25.875	8.0625	-170.6875	-304.875	-12.8125
11:29:51.299234	11.25	2.25	9.3125	20.0625	23.5625	25.5625	77.375	-87.125	-12.0625	-170.6875	-304.875	-12.8125
11:29:51.309484	11.5625	10.75	6.0	4.4375	12.5625	17.8125	75.375	-34.5625	-9.3125	-170.6875	-304.875	-12.8125
11:29:51.320087	11.5625	20.6875	3.4375	-5.4375	8.5	11.875	75.5	25.625	-4.0	-170.6875	-304.875	-12.8125
11:29:51.330316	11.0	27.1875	2.0	3.875	21.0	14.8125	76.6875	63.4375	0.875	-170.6875	-304.875	-12.8125
11:29:51.340439	11.0	27.4375	1.75	15.75	41.4375	20.25	74.625	49.0625	6.75	-170.6875	-304.875	-12.8125
11:29:51.350583	11.25	21.25	1.6875	25.9375	53.625	22.3125	72.625	4.3125	8.1875	-170.6875	-304.875	-12.8125
11:29:51.361023	12.125	11.4375	0.6875	44.0625	65.8125	21.8125	70.4375	-48.3125	2.6875	-170.6875	-304.875	-12.8125
11:29:51.371115	12.0625	1.125	-1.6875	60.875	81.75	21.1875	62.625	-67.0	-6.625	-170.6875	-304.875	-12.8125
11:29:51.381436	10.8125	-7.8125	-5.4375	73.375	90.3125	23.1875	55.875	-51.0	-16.125	-191.5625	0.4375	85.625
11:29:51.392001	9.625	-13.625	-9.625	73.4375	83.5	24.9375	52.6875	-14.9375	-20.1875	-191.5625	0.4375	85.625
11:29:51.402078	8.75	-17.9375	-12.5	68.0	64.125	25.0	49.75	26.75	-17.3125	-191.5625	0.4375	85.625
11:29:51.412150	8.875	-20.875	-14.1875	58.0625	26.25	27.3125	47.25	52.1875	-10.6875	-191.5625	0.4375	85.625
11:29:51.422227	9.5	-22.75	-14.1875	42.0	-16.25	29.4375	46.375	51.75	-5.625	-191.5625	0.4375	85.625
11:29:51.432303	10.4375	-23.1875	-13.125	28.3125	-45.25	30.375	47.4375	33.5625	-4.125	-191.5625	0.4375	85.625
11:29:51.442375	10.375	-22.375	-10.25	18.0	-59.75	30.5	44.8125	9.625	-4.75	-191.5625	0.4375	85.625
11:29:51.452900	9.8125	-19.875	-7.0625	10.4375	-58.6875	29.375	40.9375	-12.1875	-4.5625	-191.5625	0.4375	85.625
11:29:51.462976	9.375	-16.125	-4.6875	20.0	-48.1875	26.5	40.875	-34.3125	-3.6875	-191.5625	0.4375	85.625
11:29:51.473110	8.625	-10.4375	-3.25	37.9375	-23.5	22.9375	44.1875	-39.0	-2.3125	-191.5625	0.4375	85.625
11:29:51.483232	7.25	-3.9375	-2.0625	49.0	-1.0625	21.0	43.0625	-25.8125	-0.1875	-2.125	-14.125	-22.6875
11:29:51.493296	5.5625	2.3125	-1.1875	56.3125	16.4375	21.0625	39.75	-8.9375	0.9375	-2.125	-14.125	-22.6875
11:29:51.503373	4.4375	6.5	-0.3125	56.0	31.6875	23.125	40.1875	7.5625	0.4375	-2.125	-14.125	-22.6875
11:29:51.513483	3.875	8.25	-1.1875	54.75	45.0625	24.5	42.125	23.1875	-0.4375	-2.125	-14.125	-22.6875
11:29:51.523604	3.5625	7.75	-3.0	50.25	54.6875	24.8125	40.125	37.5625	-0.9375	-2.125	-14.125	-22.6875
11:29:51.534257	3.5625	6.375	-5.625	47.375	61.8125	24.0625	37.75	45.1875	0.5	-2.125	-14.125	-22.6875
11:29:51.544378	2.375	4.0625	-10.6875	47.4375	68.0625	22.875	39.0	50.3125	2.0	-2.125	-14.125	-22.6875
11:29:51.554507	1.4375	4.25	-12.5	49.3125	74.8125	23.625	40.25	50.0	4.1875	-2.125	-14.125	-22.6875
11:29:51.564619	0.5	5.0	-13.375	47.0625	77.5625	25.125	39.625	43.375	6.5625	-2.125	-14.125	-22.6875
11:29:51.574691	0.25	7.0625	-13.625	43.5	79.5625	26.25	40.625	23.8125	7.625	-2.125	-14.125	-22.6875
11:29:51.584776	-0.0625	9.6875	-14.25	42.0625	74.875	27.4375	42.25	-1.75	6.8125	-9.375	-15.125	18.125
11:29:51.595176	-1.375	12.75	-11.8125	37.5625	68.6875	25.125	43.5	-16.5	5.25	-9.375	-15.125	18.125
11:29:51.605254	-1.875	16.1875	-9.4375	35.25	57.25	26.0625	42.8125	-14.625	4.5	-9.375	-15.125	18.125
11:29:51.615370	-2.0	18.5	-7.8125	33.75	43.6875	27.5	41.25	-8.5	4.75	-9.375	-15.125	18.125
11:29:51.625483	-2.0	18.5	-7.8125	35.6875	33.0625	27.8125	41.25	-8.5	4.75	-42.9375	3.375	5.4375
11:29:51.635732	-1.6875	19.8125	-6.0	35.6875	33.0625	27.8125	41.25	-8.5	4.75	-40.125	6.25	-4.625
11:29:51.645831	-1.25	20.4375	-4.6875	39.1875	16.0625	25.0625	41.3125	12.125	4.5	-37.875	7.625	-5.8125
11:29:51.656559	0.25	21.0	-4.0	41.875	10.6875	25.125	36.0	-3.375	5.75	-37.875	7.625	-5.8125
11:29:51.666688	1.3125	20.0	-4.0625	44.3125	9.25	26.4375	35.0625	-18.9375	4.6875	-35.1875	12.4375	0.75
11:29:51.676804	2.8125	17.8125	-4.375	45.6875	9.5625	27.4375	35.0625	-18.9375	4.6875	-26.3125	-7.8125	2.4375
11:29:51.686890	4.3125	14.4375	-4.125	44.75	13.0	28.8125	31.1875	-28.6875	3.6875	-30.875	-2.5625	-4.5
11:29:51.696954	5.375	10.5	-3.5	43.5	17.25	30.4375	30.9375	-32.1875	3.0	-30.875	-2.5625	-4.5
11:29:51.707026	6.3125	6.75	-2.75	42.875	21.0625	32.5625	30.9375	-32.1875	3.0	-29.0	14.5	-3.5
11:29:51.717099	6.875	3.6875	-2.25	42.6875	26.125	35.3125	33.9375	-3.375	3.5	-29.0	14.5	-3.5
11:29:51.727168	7.4375	1.5	-1.6875	42.9375	31.5625	37.75	33.9375	-3.375	3.5	-29.25	9.125	-2.6875
11:29:51.737251	7.75	0.5	-0.6875	43.375	36.4375	39.625	33.8125	15.4375	3.25	-29.25	9.125	-2.6875
11:29:51.747323	7.875	-0.0625	0.5625	43.25	39.3125	40.875	32.5	10.8125	3.75	-29.25	9.125	-2.6875
11:29:51.757396	7.875	-0.0625	0.5625	43.125	41.3125	41.5	31.75	8.0625	3.0625	-29.25	9.125	-2.6875
11:29:51.767469	7.875	0.0625	2.0	43.75	40.25	42.5	31.75	8.0625	3.0625	-28.375	13.625	-2.25
11:29:51.777612	7.9375	0.75	3.375	44.5625	37.5625	43.5625	31.75	8.0625	3.0625	-23.625	9.25	-2.125
11:29:51.787692	8.0	1.6875	4.25	42.6875	33.5	44.0625	37.4375	10.8125	3.875	-23.625	9.25	-2.125
11:29:51.797765	8.1875	2.625	5.25	43.375	28.5625	43.9375	38.375	11.125	3.0625	-23.625	9.25	-2.125
11:29:51.807830	7.875	2.5	5.875	43.75	23.9375	42.5	42.0625	10.25	3.625	-23.625	9.25	-2.125
11:29:51.817906	7.8125	2.6875	6.5625	40.4375	24.0625	38.9375	42.75	11.375	4.125	-31.625	11.4375	-0.0625
11:29:51.828043	7.375	3.25	7.125	36.0	22.6875	38.4375	42.75	11.375	4.125	-27.375	-40.0	37.375
11:29:51.838156	6.625	4.5625	7.625	36.125	24.9375	37.6875	41.625	26.3125	3.0625	-27.375	-40.0	37.375
11:29:51.848271	6.875	5.9375	7.8125	30.1875	35.125	38.375	46.9375	36.4375	5.5625	-52.1875	20.8125	18.0625
11:29:51.858897	6.75	6.1875	7.875	30.1875	35.125	38.375	49.5	37.4375	8.4375	-52.1875	20.8125	18.0625
11:29:51.869515	6.25	6.25	8.0	24.6875	38.25	35.125	56.1875	29.0	12.875	-61.25	-8.1875	5.5625
11:29:51.879786	6.4375	7.4375	9.375	24.6875	38.25	35.125	56.1875	29.0	12.875	-60.0625	1.625	6.3125
11:29:51.890229	6.125	6.75	9.4375	15.0	28.625	37.0625	56.1875	29.0	12.875	-67.8125	-19.0625	2.8125
11:29:51.900350	5.3125	5.25	8.3125	10.625	21.875	37.0625	56.1875	29.0	12.875	-66.9375	-39.6875	0.5625
11:29:51.910449	4.75	4.25	6.625	7.5625	19.5625	36.0	56.1875	29.0	12.875	-72.875	-45.8125	4.875
11:29:51.920584	3.25	2.125	4.9375	6.875	25.5	33.625	56.1875	29.0	12.875	-83.3125	-38.125	1.75
11:29:51.930658	1.8125	1.1875	4.1875	5.9375	30.1875	31.3125	66.5625	14.6875	19.6875	-83.3125	-38.125	1.75
11:29:51.940894	1.125	0.6875	3.9375	6.8125	30.25	27.6875	77.3125	20.5	21.4375	-83.875	-38.875	-0.4375
11:29:51.951247	0.1875	-0.625	4.625	7.9375	26.0625	24.75	77.3125	20.5	21.4375	-92.625	-27.5	-1.875
11:29:51.961343	-1.8125	-2.6875	5.4375	5.5	18.3125	21.5625	86.375	25.3125	26.875	-92.625	-27.5	-1.875
11:29:51.971874	-5.875	-4.8125	8.9375	-0.5	6.5	16.5	86.375	25.3125	26.875	-102.875	-71.1875	0.875
11:29:51.982294	-10.1875	-6.1875	14.1875	-6.625	-7.0	9.4375	86.375	25.3125	26.875	-100.8125	-33.8125	10.8125
11:29:51.992665	-13.1875	-8.9375	17.375	-6.625	-7.0	9.4375	86.375	25.3125	26.875	-100.8125	-33.8125	10.8125
11:29:52.002766	-14.5	-15.0	16.625	-28.1875	-30.5625	-4.9375	86.375	25.3125	26.875	-134.75	-56.0	18.25
11:29:52.013250	-13.875	-24.1875	12.3125	-40.875	-42.625	-9.0	86.375	25.3125	26.875	-128.9375	-54.1875	25.4375
11:29:52.023427	-12.6875	-34.375	7.1875	-52.4375	-50.6875	-11.75	86.375	25.3125	26.875	-125.1875	-27.1875	38.3125
11:29:52.033550	-11.0625	-40.5625	3.375	-64.0	-49.625	-15.9375	86.375	25.3125	26.875	-140.0	-25.375	53.0625
11:29:52.043680	-9.5	-39.1875	1.5625	-76.5625	-48.875	-22.1875	86.375	25.3125	26.875	-148.0625	-33.9375	62.0625
11:29:52.053753	-9.3125	-32.1875	1.1875	-91.375	-55.5	-22.875	121.4375	38.5625	21.9375	-142.1875	6.125	77.9375
11:29:52.064122	-9.25	-21.6875	1.875	-104.3125	-44.4375	-27.1875	150.5625	117.875	27.0625	-142.1875	6.125	77.9375
11:29:52.074645	-8.375	-10.5	1.75	-120.0625	-51.75	-32.5625	150.5625	117.875	27.0625	-142.1875	6.125	77.9375
11:29:52.084815	-8.3125	-3.5625	-1.1875	-125.375	-46.125	-35.625	150.5625	117.875	27.0625	-182.4375	21.9375	42.5625
11:29:52.094944	-10.0625	2.5	-9.0	-132.25	-40.4375	-42.0	150.5625	117.875	27.0625	-182.4375	21.9375	42.5625
11:29:52.105536	-10.0625	2.5	-9.0	-146.625	-16.125	-43.75	107.5	77.625	29.8125	-248.8125	-41.75	25.75
11:29:52.115820	-12.0625	8.6875	-13.5625	-147.1875	24.625	-54.8125	107.5	77.625	29.8125	-359.6875	-1.5	28.9375
11:29:52.125932	-13.25	9.3125	-13.4375	-131.8125	17.125	-64.5	107.5	77.625	29.8125	-359.6875	-1.5	28.9375
11:29:52.135998	-14.6875	7.5	-12.1875	-106.75	-2.3125	-71.75	107.5	77.625	29.8125	-359.6875	-1.5	28.9375
11:29:52.146085	-15.0	3.1875	-9.0625	-84.6875	-23.375	-70.4375	107.5	77.625	29.8125	-359.6875	-1.5	28.9375
11:29:52.156172	-14.1875	-0.625	-5.5625	-75.0	-22.25	-70.75	107.5	77.625	29.8125	-359.6875	-1.5	28.9375
11:29:52.166238	-12.5	-3.5625	-1.4375	-77.6875	-17.8125	-69.0	107.5	77.625	29.8125	-359.6875	-1.5	28.9375
11:29:52.176311	-10.3125	-5.5625	1.5	-81.25	-22.1875	-66.9375	107.5	77.625	29.8125	-359.6875	-1.5	28.9375
11:29:52.186668	-10.3125	-5.5625	1.5	-88.3125	-22.875	-68.3125	107.5	77.625	29.8125	29.1875	-76.5	-69.6875
11:29:52.196832	-8.0625	-7.9375	3.4375	-93.5	-27.1875	-68.9375	-20.0	-33.4375	-6.625	37.6875	66.75	-38.9375
11:29:52.207388	-6.0	-9.4375	4.75	-93.5	-37.0625	-69.8125	-20.0	-33.4375	-6.625	37.6875	66.75	-38.9375
11:29:52.217506	-4.1875	-8.125	4.8125	-89.875	-48.625	-72.625	-62.8125	-74.6875	-24.0	123.6875	154.4375	-65.1875
11:29:52.227581	-2.875	-6.0625	2.875	-86.0625	-57.625	-73.0	-62.8125	-74.6875	-24.0	243.4375	42.375	-78.75
11:29:52.237655	-1.8125	-4.3125	0.9375	-81.9375	-63.75	-71.8125	-62.8125	-74.6875	-24.0	243.4375	42.375	-78.75
11:29:52.247736	-0.625	-3.0625	-1.1875	-74.5625	-65.375	-69.0	-128.0	-65.9375	-28.0	243.4375	42.375	-78.75
11:29:52.257801	0.625	-2.625	-2.6875	-70.875	-69.0625	-65.6875	-128.0	-65.9375	-28.0	243.4375	42.375	-78.75
11:29:52.267935	1.75	-2.6875	-3.375	-70.0625	-68.5625	-60.6875	-128.0	-65.9375	-28.0	243.4375	42.375	-78.75
11:29:52.278143	2.5	-3.4375	-3.375	-71.375	-73.75	-55.0	-180.125	-62.8125	-28.0625	179.9375	32.4375	-1.25
11:29:52.288214	2.6875	-4.6875	-3.5	-65.875	-71.875	-49.625	-180.125	-62.8125	-28.0625	229.125	26.1875	4.0625
11:29:52.298292	2.375	-6.4375	-3.125	-57.5	-67.3125	-42.75	-207.0625	-44.1875	-32.4375	238.9375	34.75	-8.375
11:29:52.308365	2.125	-8.25	-3.5	-51.25	-58.5	-41.375	-219.9375	-17.6875	-34.125	249.375	49.5625	-7.5625
11:29:52.318733	1.4375	-10.125	-2.75	-44.6875	-51.75	-40.0	-219.9375	-17.6875	-34.125	249.375	49.5625	-7.5625
11:29:52.329247	1.0	-11.8125	-2.125	-38.4375	-34.625	-40.625	-219.9375	-17.6875	-34.125	247.5625	67.5625	2.0
11:29:52.339367	-0.625	-12.75	-2.5	-38.6875	-29.4375	-40.8125	-241.1875	42.3125	-37.25	232.5	80.1875	13.0
11:29:52.349439	-2.625	-13.1875	-2.875	-35.5625	-23.4375	-41.75	-243.75	48.5	-37.4375	221.875	90.0	26.1875
11:29:52.359807	-4.1875	-13.375	-2.5625	-30.0625	-17.25	-42.5	-245.0625	43.6875	-38.0	219.0625	99.875	29.25
11:29:52.370077	-5.8125	-13.375	-2.8125	-23.25	-9.0625	-44.1875	-246.25	37.25	-38.9375	212.75	62.0	28.0
11:29:52.380185	-7.1875	-11.9375	-4.1875	-14.0	-2.1875	-43.6875	-246.25	37.25	-38.9375	219.0625	49.9375	23.0
11:29:52.390289	-8.125	-9.5625	-5.1875	-6.8125	3.0625	-43.9375	-246.25	37.25	-38.9375	225.25	40.75	22.8125
11:29:52.400759	-9.1875	-7.25	-6.375	-0.5625	5.8125	-41.5625	-246.25	37.25	-38.9375	225.25	40.75	22.8125
11:29:52.411122	-9.375	-4.4375	-6.5	2.6875	7.8125	-38.875	-244.0	12.375	-39.125	225.25	40.75	22.8125
11:29:52.421228	-9.5625	-1.9375	-5.625	6.1875	6.25	-35.5	-230.4375	-27.3125	-32.0	225.25	40.75	22.8125
11:29:52.431377	-9.4375	-0.0625	-4.1875	10.5	5.5625	-30.5625	-226.6875	-30.625	-30.4375	223.75	9.125	25.8125
11:29:52.441796	-9.5	0.0625	-2.75	16.0	5.6875	-25.375	-221.375	-29.3125	-28.6875	216.6875	-5.625	11.1875
11:29:52.451879	-8.9375	-1.0625	-0.9375	21.6875	2.1875	-21.375	-213.4375	-24.3125	-26.375	200.3125	-11.5625	9.375
11:29:52.462444	-8.5	-3.0625	1.5	28.1875	-4.375	-17.875	-201.1875	-22.6875	-24.1875	194.6875	-12.4375	10.75
11:29:52.472563	-7.625	-5.0	3.375	31.6875	-12.3125	-15.0625	-187.625	-26.5	-22.1875	188.125	-7.4375	11.4375
11:29:52.482633	-7.0625	-7.6875	4.625	33.125	-23.6875	-13.5	-172.9375	-32.6875	-19.8125	175.75	-3.125	10.8125
11:29:52.492708	-5.6875	-9.5625	5.25	31.6875	-36.4375	-11.0	-154.9375	-39.375	-17.5625	175.75	-3.125	10.8125
11:29:52.502790	-4.3125	-9.8125	6.375	26.375	-46.625	-9.5	-135.625	-46.0625	-15.1875	175.75	-3.125	10.8125
11:29:52.512896	-3.0625	-8.8125	7.5	19.6875	-51.9375	-10.25	-116.1875	-48.5625	-12.5	175.75	-3.125	10.8125
11:29:52.523559	-2.9375	-8.5	7.5	14.4375	-54.0	-12.5	-116.1875	-48.5625	-12.5	92.0	-20.0	-2.6875
11:29:52.533666	-2.375	-8.0	8.375	12.875	-45.4375	-13.5625	-72.5	-36.375	-8.75	77.3125	-20.3125	-2.8125
11:29:52.544148	-2.1875	-8.0625	9.0	14.25	-30.25	-13.875	-50.0625	-29.5	-7.8125	55.625	-23.0	-0.3125
11:29:52.554598	-2.625	-7.875	9.25	13.75	-13.75	-14.875	-27.875	-29.6875	-6.3125	32.9375	-27.5	1.125
11:29:52.564670	-3.125	-7.4375	8.8125	14.0625	-3.4375	-14.6875	-4.625	-32.0625	-5.375	13.0	-30.4375	0.9375
11:29:52.574744	-3.5	-6.4375	8.1875	10.5625	-2.8125	-13.375	17.0	-33.4375	-4.75	13.0	-30.4375	0.9375
11:29:52.585430	-3.25	-5.5625	6.4375	5.1875	-8.375	-10.8125	17.0	-33.4375	-4.75	-31.75	-37.3125	-1.9375
11:29:52.595524	-2.875	-5.5625	5.6875	1.0	-15.25	-8.9375	17.0	-33.4375	-4.75	-46.75	-39.6875	-5.75
11:29:52.605592	-2.75	-7.0	3.1875	-1.0625	-22.3125	-6.0625	17.0	-33.4375	-4.75	-54.625	-42.75	-9.4375
11:29:52.615759	-2.75	-8.875	0.375	-0.75	-27.4375	-2.6875	84.5	-33.75	-2.5	-54.625	-42.75	-9.4375
11:29:52.625829	-1.9375	-11.0625	-1.875	-1.25	-32.0	0.875	94.5	-38.1875	-2.3125	-51.5	-46.8125	-18.625
11:29:52.635898	-1.375	-11.125	-1.1875	1.1875	-30.9375	4.1875	101.3125	-45.6875	-1.8125	-51.5	-46.8125	-18.625
11:29:52.645978	-1.125	-10.8125	0.5625	5.8125	-27.4375	7.875	101.3125	-45.6875	-1.8125	-84.5625	-19.4375	-24.0625
11:29:52.656152	-0.875	-9.3125	2.125	15.875	-19.75	13.125	99.375	-32.3125	-1.3125	-84.5625	-19.4375	-24.0625
11:29:52.666817	0.0625	-5.625	3.75	27.6875	-8.875	20.125	63.8125	30.1875	-0.375	-84.5625	-19.4375	-24.0625
11:29:52.676885	3.25	-3.3125	7.375	41.0	11.3125	26.5	23.6875	12.6875	4.75	-84.5625	-19.4375	-24.0625
11:29:52.686957	7.1875	-3.4375	11.3125	46.5625	22.75	29.125	23.6875	12.6875	4.75	-169.75	-77.3125	-52.375
11:29:52.697076	9.6875	-2.75	12.4375	37.8125	21.5625	30.5625	45.8125	-79.4375	-6.8125	-169.75	-77.3125	-52.375
11:29:52.707147	11.0625	0.25	10.75	33.1875	30.75	30.1875	72.0625	-93.8125	-16.5625	-202.5	-310.625	2.1875
11:29:52.717235	11.0	7.8125	7.1875	25.125	29.5625	24.3125	73.0625	-52.0	-17.4375	-197.0	-75.4375	96.5
11:29:52.727379	10.375	18.25	3.0	6.125	16.875	14.5625	66.5	13.25	-10.1875	-192.8125	134.375	110.1875
11:29:52.737444	9.8125	28.1875	-0.1875	-0.875	15.5	10.8125	68.0	69.75	-3.5625	-192.8125	134.375	110.1875
11:29:52.747522	9.5625	32.0	-1.9375	14.1875	37.75	16.1875	72.0625	74.9375	1.9375	-177.625	14.75	55.0625
11:29:52.757789	10.75	27.75	-2.25	28.8125	60.125	23.4375	70.0	42.6875	6.375	15.0	31.9375	16.0625
11:29:52.767881	12.4375	17.75	-2.0	39.125	74.4375	24.8125	65.9375	-17.25	5.6875	37.25	33.3125	0.5625
11:29:52.778241	13.25	6.0625	-3.3125	56.125	88.5625	23.3125	62.6875	-64.75	-1.1875	-27.6875	-45.5	-13.5625
11:29:52.788719	13.375	-4.0	-6.75	73.9375	98.125	22.6875	58.625	-67.5	-11.3125	-27.6875	-45.5	-13.5625
11:29:52.799070	13.0625	-11.375	-10.8125	78.3125	94.4375	25.5625	50.5	-37.8125	-17.875	-57.0625	-20.1875	-21.375
11:29:52.809200	13.375	-16.125	-13.6875	72.0625	49.125	30.125	44.625	3.125	-17.75	-57.0625	-20.1875	-21.375
11:29:52.819894	13.75	-18.9375	-14.25	59.125	8.5625	32.375	46.5	33.0	-13.4375	-69.25	-23.5625	15.9375
11:29:52.829990	13.9375	-20.6875	-12.25	43.625	-27.125	32.5625	47.25	45.8125	-7.625	-41.375	-17.5	31.5
11:29:52.840643	13.875	-20.5	-9.375	27.6875	-56.6875	32.4375	44.3125	40.4375	-4.125	-13.375	18.75	-9.8125
11:29:52.851288	12.625	-19.125	-6.125	16.0	-64.3125	30.125	42.4375	20.625	-4.8125	-25.875	14.0	-11.25
11:29:52.861684	10.6875	-16.375	-3.25	10.5	-58.6875	28.25	44.9375	-5.0625	-6.0	-43.1875	-4.0625	-2.9375
11:29:52.871750	7.8125	-12.5	-0.0625	22.25	-42.375	27.0	42.9375	-18.0	-2.9375	-36.25	-16.75	-0.375
11:29:52.882176	5.9375	-5.3125	1.0625	47.625	-14.5625	22.125	43.5625	-22.9375	-0.25	-20.125	-14.8125	3.1875
11:29:52.892521	3.5625	1.6875	3.0	53.0625	12.75	17.4375	44.875	-15.5	2.1875	-15.6875	-14.0625	8.8125
11:29:52.902635	1.9375	8.0	3.5	67.0625	37.5	16.3125	44.75	0.25	3.0625	-11.0625	-13.5625	9.0625
11:29:52.912705	0.9375	12.0625	4.0625	64.875	53.5625	19.3125	42.6875	15.5625	3.0	-11.0625	-13.5625	9.0625
11:29:52.922780	0.5	14.0	4.0625	57.625	64.9375	22.25	43.125	31.0625	2.6875	-11.0625	-13.5625	9.0625
11:29:52.932850	0.3125	13.8125	2.25	51.9375	70.125	22.625	43.9375	43.3125	2.9375	-11.0625	-13.5625	9.0625
11:29:52.943262	0.0625	12.75	-0.875	50.3125	71.625	22.5	40.875	47.5	5.0625	-46.875	5.1875	-11.125
11:29:52.954016	-0.125	11.4375	-3.75	50.1875	73.6875	21.875	39.5625	43.625	7.75	-50.5	2.875	-6.0625
11:29:52.964149	-0.5625	9.625	-6.125	51.5	75.75	22.4375	40.5625	34.25	9.625	-44.6875	2.75	1.0
11:29:52.974396	-1.25	8.0	-8.0625	50.0625	83.125	24.3125	42.5625	23.5	9.75	-33.875	1.0	7.3125
11:29:52.984488	-2.0	6.5625	-9.25	45.4375	86.375	26.1875	42.3125	15.3125	9.0625	-22.9375	-2.625	-0.3125
11:29:52.994560	-2.5625	5.875	-9.75	42.5625	80.0	28.25	42.0625	1.9375	7.625	-26.8125	1.9375	-6.0
11:29:53.004824	-3.25	6.3125	-8.8125	41.0625	65.5	28.5	43.3125	-8.6875	5.5	-25.0625	3.375	-5.1875
11:29:53.014894	-3.0625	7.4375	-9.125	37.9375	50.75	27.625	43.6875	-4.375	4.5625	-24.375	-0.3125	-4.625
11:29:53.024994	-3.9375	7.625	-8.375	36.0	30.5	29.0625	41.375	-1.25	4.0	-36.875	-5.4375	-7.9375
11:29:53.035084	-4.0625	8.375	-6.625	35.4375	20.375	28.0	38.625	-6.5	3.625	-44.0625	3.0	-8.0625
11:29:53.045149	-3.8125	8.75	-5.4375	37.125	10.625	28.75	39.375	-11.8125	2.875	-44.1875	10.25	-3.6875
11:29:53.055276	-3.0625	8.8125	-4.8125	38.8125	4.3125	27.25	40.3125	-14.6875	2.875	-32.0625	11.75	-1.0
11:29:53.065378	-1.875	7.75	-5.375	39.875	-1.0	25.5	38.375	-24.5625	3.0	-29.625	-1.75	-4.25
11:29:53.075435	-0.5	6.375	-6.3125	40.6875	-3.0625	24.75	37.0	-32.0	1.9375	-38.0	0.0625	-3.75
11:29:53.085502	0.75	5.0625	-6.875	40.9375	-4.4375	24.625	40.0	-29.8125	1.75	-42.6875	11.1875	-0.8125
11:29:53.095574	2.4375	3.875	-6.8125	39.9375	-4.875	25.0625	41.875	-25.125	2.8125	-23.5	2.875	-3.5
11:29:53.105651	3.9375	2.0	-6.4375	38.375	-2.6875	25.9375	37.9375	-27.25	2.0625	-27.0	-7.0625	-4.0
11:29:53.115803	6.8125	-1.6875	-5.375	36.8125	1.3125	27.0	37.5625	-19.625	0.75	-34.1875	7.1875	-2.3125
11:29:53.125879	6.8125	-1.6875	-5.375	35.9375	6.125	28.6875	44.5625	-6.5	1.0625	-42.4375	18.0	-0.9375
11:29:53.135957	7.8125	-3.0	-4.6875	36.0625	12.5	31.5625	45.6875	-0.1875	1.75	-24.1875	7.125	-1.5625
11:29:53.146054	9.0	-3.75	-4.125	35.75	21.1875	32.5625	39.0	0.125	1.5625	-28.25	1.3125	-2.125
11:29:53.156166	9.875	-3.75	-3.5	36.8125	34.1875	33.8125	41.0625	3.3125	0.25	-40.4375	10.0	-2.0625
11:29:53.166252	10.375	-2.75	-3.3125	39.1875	45.25	35.5	45.8125	4.4375	1.0625	-40.625	19.8125	-0.25
11:29:53.176412	10.4375	-0.3125	-2.125	39.8125	49.5625	36.0	44.375	5.0625	2.125	-23.8125	7.0625	-4.6875
11:29:53.187005	9.9375	0.875	-1.875	40.0625	44.5	35.5625	43.4375	5.5625	1.375	-25.5	-0.5	-6.125
11:29:53.197380	9.4375	2.1875	-0.6875	38.5	37.9375	36.6875	46.0625	4.875	1.375	-37.625	9.875	-3.1875
11:29:53.207612	8.375	3.125	0.75	34.875	33.0625	38.125	47.875	5.75	2.8125	-33.0	15.5625	0.0
11:29:53.217682	7.375	4.0	1.875	30.3125	25.4375	39.0625	46.4375	8.125	3.8125	-23.9375	-4.375	5.25
11:29:53.227755	6.0625	6.0625	3.5	29.1875	19.5625	39.6875	46.6875	11.0	2.8125	-36.3125	-38.6875	29.0
11:29:53.237854	5.0	8.875	4.625	29.3125	19.5625	38.5625	49.4375	15.1875	2.625	-52.0625	-2.875	34.125
11:29:53.248497	4.8125	10.9375	5.0625	30.3125	22.8125	38.8125	49.1875	24.0625	4.5625	-51.8125	8.0	10.0625
11:29:53.258577	3.875	12.125	5.0625	31.5625	31.25	33.6875	49.25	29.75	6.75	-52.5625	-20.4375	1.8125
11:29:53.268669	3.6875	11.6875	5.25	34.0625	31.9375	33.125	51.125	26.8125	7.6875	-67.9375	1.0	3.0
11:29:53.279287	3.6875	11.1875	5.5	34.75	33.25	33.1875	54.9375	24.1875	10.125	-64.25	-25.4375	1.8125
11:29:53.289527	2.9375	8.875	5.375	31.5	28.8125	34.0625	56.1875	24.3125	13.25	-66.25	-31.25	2.3125
11:29:53.299731	2.25	6.25	3.625	19.5625	21.8125	36.0	57.8125	20.875	14.75	-77.625	-31.375	3.3125
11:29:53.309846	1.375	5.5	2.75	10.875	19.8125	36.0	64.25	18.9375	16.0625	-80.875	-40.6875	1.75
11:29:53.320436	0.75	4.9375	2.4375	6.25	20.625	35.5625	67.4375	18.0625	18.0	-76.4375	-49.6875	3.5625
11:29:53.330560	0.0625	4.5	1.9375	4.25	25.25	34.5	70.8125	19.625	19.5625	-85.25	-45.9375	5.375
11:29:53.340680	-0.8125	4.125	2.0	4.25	30.375	33.4375	76.125	21.75	19.8125	-97.625	-41.3125	5.25
11:29:53.350828	-0.875	4.3125	2.3125	5.875	28.125	31.375	80.3125	24.9375	20.875	-100.0625	-41.75	6.125
11:29:53.360957	-1.25	3.1875	2.0	9.4375	26.625	28.5	81.0625	29.375	23.3125	-88.625	-33.0	4.5
11:29:53.371381	-1.9375	1.4375	1.875	10.125	23.0625	24.0	82.9375	30.5625	24.75	-98.5625	-33.875	1.0
11:29:53.381450	-4.75	-0.0625	2.75	5.1875	14.9375	19.3125	90.375	23.3125	24.9375	-109.75	-70.3125	1.125
11:29:53.391577	-8.1875	-0.125	6.5625	-2.1875	1.9375	13.0	94.1875	14.1875	24.6875	-104.1875	-65.0625	12.4375
11:29:53.402348	-11.125	-1.5	8.875	-10.4375	-11.5625	6.4375	96.875	9.375	22.5625	-101.375	-14.3125	23.0
11:29:53.412968	-13.8125	-7.25	7.6875	-21.75	-22.875	0.75	103.9375	18.9375	20.3125	-119.8125	-24.375	15.125
11:29:53.423064	-14.75	-16.5	3.875	-33.4375	-33.3125	-4.4375	109.9375	29.1875	19.875	-138.25	-57.25	24.1875
11:29:53.433133	-14.125	-28.9375	-1.3125	-44.375	-43.3125	-9.0625	113.8125	35.6875	18.4375	-126.1875	-40.0	35.0625
11:29:53.443263	-13.375	-40.8125	-6.4375	-54.3125	-47.9375	-15.1875	116.3125	41.0625	17.125	-123.125	-17.0625	53.75
11:29:53.453334	-11.4375	-44.0625	-9.25	-66.875	-56.0	-20.25	123.9375	58.4375	17.25	-129.125	-3.5	68.25
11:29:53.463618	-9.8125	-38.6875	-10.3125	-81.8125	-56.9375	-21.8125	137.3125	94.25	19.625	-136.25	13.0	79.9375
11:29:53.474009	-8.1875	-28.5	-9.9375	-95.375	-56.1875	-25.0	140.3125	126.25	24.0625	-146.75	23.375	84.75
11:29:53.484100	-6.1875	-16.0625	-8.3125	-109.5	-60.6875	-30.5	138.1875	147.625	25.75	-167.6875	46.3125	75.3125
11:29:53.494242	-4.9375	-4.9375	-8.3125	-117.3125	-55.5	-34.0	130.0625	139.0	24.0625	-190.5625	50.6875	41.875
11:29:53.504306	-5.125	3.8125	-10.875	-125.8125	-41.3125	-39.8125	117.8125	97.0625	23.0	-322.125	-54.4375	8.6875
11:29:53.514427	-6.125	11.0625	-14.5625	-136.6875	-13.625	-41.375	103.0	43.6875	22.6875	-351.1875	-52.625	16.5
11:29:53.524491	-6.8125	17.75	-17.1875	-142.9375	15.1875	-47.125	93.125	9.3125	17.0625	-337.375	-157.0625	18.25
11:29:53.534565	-7.75	22.75	-17.9375	-131.8125	30.8125	-59.375	89.8125	-9.125	13.1875	-225.8125	-289.625	-1.75
11:29:53.544635	-9.0	24.0625	-17.0	-109.125	11.9375	-63.25	93.3125	-10.5	15.625	-2.625	-43.1875	-16.9375
11:29:53.555191	-10.0625	21.125	-15.0625	-87.8125	6.375	-67.0	92.0625	11.375	13.5625	116.625	333.0625	46.6875
11:29:53.565278	-10.6875	15.5	-12.5	-73.25	0.5625	-64.1875	83.625	25.9375	9.375	141.9375	303.1875	57.625
11:29:53.575399	-10.3125	9.5625	-8.875	-71.625	-4.5625	-63.4375	56.4375	28.0	6.5	78.5625	34.5625	-42.1875
11:29:53.585521	-6.875	0.5625	-3.3125	-75.5625	-5.9375	-61.625	23.625	2.125	3.0625	15.0625	-66.125	-72.0625
11:29:53.595595	-6.875	0.5625	-3.3125	-80.4375	-7.125	-58.5	-1.0625	-18.4375	-0.5	22.0625	63.125	-39.0
11:29:53.605693	-4.75	-2.5625	-2.5625	-85.875	-7.8125	-59.25	-19.0625	-46.625	-7.4375	117.6875	161.5	-55.0625
11:29:53.615774	-3.0625	-4.875	-2.8125	-89.6875	-14.6875	-60.8125	-37.125	-66.6875	-17.125	215.5625	98.0625	-86.8125
11:29:53.625844	-1.5625	-4.5	-4.4375	-91.0	-26.625	-63.6875	-58.6875	-72.8125	-24.6875	231.875	21.75	-72.5
11:29:53.636000	-0.5625	-2.875	-6.875	-88.625	-40.3125	-66.0625	-79.8125	-69.0	-29.0625	185.75	14.1875	-18.875
11:29:53.646101	0.375	-1.375	-8.75	-85.25	-52.375	-66.8125	-102.6875	-60.0625	-27.6875	145.5	20.8125	-9.8125
11:29:53.656776	1.6875	-0.375	-10.0625	-78.0	-59.125	-66.875	-121.875	-46.8125	-21.6875	173.0625	18.75	-7.125
11:29:53.666858	3.1875	0.25	-10.4375	-75.4375	-69.3125	-65.375	-140.875	-44.5625	-15.6875	212.1875	14.0625	2.9375
11:29:53.676927	4.75	0.75	-10.625	-75.625	-73.6875	-62.5625	-157.5	-54.8125	-15.875	229.25	13.25	-3.0
11:29:53.687002	6.0	1.375	-10.0625	-76.1875	-81.6875	-57.3125	-172.6875	-65.25	-18.75	235.1875	25.875	-18.1875
11:29:53.697067	6.8125	2.0625	-9.8125	-77.0	-81.4375	-52.875	-185.0625	-66.625	-20.25	240.125	49.875	-19.75
11:29:53.707134	6.9375	2.125	-9.0625	-67.9375	-82.5625	-48.75	-198.75	-55.3125	-21.625	241.5	70.5625	-13.4375
11:29:53.717216	6.75	2.1875	-8.5	-53.125	-75.6875	-46.4375	-211.0	-33.375	-23.375	232.0625	88.1875	-3.0
11:29:53.727287	6.0	2.0	-7.125	-47.1875	-64.4375	-43.3125	-222.5625	-0.0625	-25.6875	223.4375	101.875	9.4375
11:29:53.737374	5.4375	1.5	-5.3125	-39.375	-48.5625	-42.1875	-231.875	27.75	-28.0625	211.5625	108.5625	21.6875
11:29:53.747540	4.5	1.375	-4.9375	-36.1875	-37.125	-42.0	-237.4375	47.9375	-30.5	207.75	112.3125	27.125
11:29:53.757662	3.125	1.9375	-5.3125	-36.125	-25.5	-41.0625	-241.1875	60.5	-32.75	214.75	112.375	24.4375
11:29:53.768248	1.625	2.375	-4.75	-36.9375	-16.5625	-40.5	-242.8125	59.5	-35.0	213.625	98.6875	26.3125
11:29:53.778565	0.1875	3.0	-4.375	-34.125	-7.5625	-40.6875	-241.3125	49.3125	-37.625	208.4375	59.4375	32.4375
11:29:53.789270	-1.25	4.3125	-4.25	-28.375	3.625	-41.5625	-240.4375	35.6875	-39.625	211.75	43.9375	30.8125
11:29:53.799372	-2.625	6.25	-4.5	-14.9375	20.1875	-41.4375	-239.875	21.5625	-40.0625	213.6875	35.5625	31.6875
11:29:53.809493	-3.875	8.0625	-4.25	-11.1875	22.75	-39.375	-236.0	5.5625	-39.6875	216.5	25.875	34.375
11:29:53.819625	-4.5625	9.8125	-3.6875	-9.125	21.4375	-36.6875	-232.1875	-7.4375	-39.3125	214.625	19.75	31.9375
11:29:53.830259	-5.375	11.4375	-2.0	-6.6875	15.25	-33.25	-228.6875	-13.0625	-39.0625	207.25	21.75	22.75
11:29:53.840322	-6.0625	12.8125	-0.4375	-3.4375	11.3125	-29.375	-224.4375	-11.25	-38.375	200.875	26.0625	16.8125
11:29:53.850413	-6.6875	13.0625	1.8125	2.3125	9.125	-25.1875	-219.9375	-5.4375	-37.125	194.8125	26.75	15.75
11:29:53.860533	-7.1875	12.125	4.0625	8.0	7.5625	-22.3125	-207.25	-0.1875	-32.6875	186.8125	23.5625	11.875
11:29:53.870614	-7.125	10.25	5.75	13.5625	1.875	-20.0	-199.125	-3.5625	-29.25	171.875	16.0	8.25
11:29:53.880774	-6.5	8.125	8.0	18.1875	-5.5625	-18.75	-188.4375	-7.3125	-25.75	161.75	16.375	4.875
11:29:53.891339	-6.0	5.4375	9.375	23.25	-12.125	-16.6875	-176.875	-14.75	-22.25	148.9375	9.0	2.9375
11:29:53.901439	-5.4375	2.375	9.6875	26.9375	-22.6875	-14.3125	-163.0625	-24.0	-18.375	142.0625	5.375	1.25
11:29:53.912058	-4.6875	-0.375	10.3125	28.25	-35.125	-12.0625	-147.1875	-31.75	-14.875	131.1875	-5.1875	-2.0
11:29:53.922302	-4.4375	-2.9375	11.0625	27.4375	-43.4375	-10.8125	-129.9375	-40.3125	-11.75	116.0	-20.4375	-3.9375
11:29:53.932434	-4.25	-5.3125	11.5625	25.625	-44.75	-10.375	-111.4375	-46.25	-8.9375	102.75	-28.625	-2.625
11:29:53.943001	-4.375	-7.4375	12.0	24.5625	-37.3125	-10.3125	-92.1875	-50.9375	-6.8125	85.0	-39.8125	-0.4375
11:29:53.953074	-4.6875	-9.375	12.625	24.8125	-27.625	-9.375	-70.25	-49.4375	-5.25	62.25	-43.625	3.875
11:29:53.963196	-4.875	-10.9375	13.1875	25.75	-14.8125	-9.0625	-47.875	-43.1875	-4.25	35.6875	-44.9375	5.0625
11:29:53.973307	-5.75	-12.375	13.6875	24.625	-5.0625	-8.75	-25.625	-34.8125	-4.25	14.4375	-44.875	0.8125
11:29:53.983424	-6.125	-12.75	14.3125	18.375	0.8125	-8.4375	-3.75	-27.0625	-4.5	-12.25	-52.8125	-6.25
11:29:53.993867	-5.75	-12.75	14.5	10.4375	0.5	-8.125	18.6875	-21.375	-4.6875	-30.625	-48.25	-9.6875
11:29:54.003939	-5.375	-12.75	12.9375	3.1875	-4.125	-8.4375	40.3125	-19.6875	-4.9375	-63.9375	-50.9375	-16.0
11:29:54.014011	-4.5625	-11.625	11.375	-1.5	-12.5625	-8.375	59.0	-23.4375	-5.25	-92.25	-52.9375	-26.9375
11:29:54.024398	-3.8125	-10.4375	7.8125	-4.5	-22.625	-7.75	77.4375	-28.25	-5.9375	-107.125	-47.75	-40.0
11:29:54.034470	-3.0625	-8.625	5.375	-4.75	-28.5625	-5.9375	93.4375	-30.0625	-6.25	-119.625	-47.75	-56.8125
11:29:54.044587	-2.125	-3.75	0.75	-1.8125	-27.75	-4.0	105.6875	-21.0	-6.0625	-69.4375	-78.5625	-56.0625
11:29:54.054686	-0.5625	-0.0625	-1.5625	6.6875	-23.0625	0.75	102.9375	5.875	-5.625	19.625	0.3125	-40.8125
11:29:54.065321	3.0	2.8125	-1.8125	16.1875	-15.9375	8.5	79.625	11.625	-1.625	-58.9375	60.3125	-50.875
11:29:54.075431	6.8125	1.1875	2.5	14.5	-13.875	15.75	62.8125	-47.625	7.3125	-127.875	-194.375	-37.25
11:29:54.085495	8.875	-2.125	6.875	10.9375	-16.5	16.0625	66.5	-96.5625	6.6875	-123.4375	-246.75	35.5
11:29:54.095572	9.0625	-1.1875	8.0	1.4375	-12.1875	11.125	78.1875	-116.1875	-1.6875	-147.8125	3.8125	110.375
11:29:54.105643	6.875	6.75	5.9375	0.125	15.0	6.0625	81.5625	-83.25	-6.25	-185.6875	29.5625	119.25
11:29:54.115709	4.8125	17.875	2.5625	8.1875	40.8125	7.375	77.125	-35.3125	-5.375	-178.6875	-79.6875	85.875
11:29:54.125790	3.625	24.0625	0.8125	13.625	57.4375	16.8125	74.625	8.8125	-3.1875	-93.4375	-57.4375	66.5
11:29:54.135860	3.6875	21.4375	1.8125	16.0	55.25	31.5	74.625	47.125	-0.5	-39.3125	-24.0625	50.0625
11:29:54.145988	5.5	11.6875	4.25	19.1875	46.8125	41.8125	71.875	51.75	2.875	-12.25	-28.5	18.3125
11:29:54.156054	8.4375	-0.375	6.5625	24.1875	38.0	42.0	69.875	28.375	4.375	17.75	11.875	-6.6875
11:29:54.166128	10.25	-11.875	6.8125	34.25	32.5625	33.75	68.0625	-19.6875	0.6875	32.3125	42.375	-14.125
11:29:54.176256	10.4375	-20.0	4.0625	51.75	43.9375	23.5625	59.8125	-52.3125	-6.5625	-40.9375	-11.3125	-42.125
11:29:54.186322	10.0	-24.375	-1.0625	79.25	66.75	19.1875	51.75	-46.9375	-15.375	-79.625	-46.8125	-52.625
11:29:54.196400	10.3125	-25.5	-7.1875	98.1875	79.5	21.25	48.6875	-15.75	-21.5	-80.125	-10.375	-11.75
11:29:54.206475	10.8125	-25.25	-11.5	97.375	75.25	24.1875	46.0625	23.75	-20.3125	-60.125	1.125	15.25
11:29:54.216550	11.25	-25.0625	-12.0625	84.8125	52.0625	26.5625	43.25	49.4375	-13.5	-40.625	-13.5	6.9375
11:29:54.226689	11.125	-24.8125	-9.6875	66.75	7.375	31.3125	42.875	54.25	-6.0	-15.5	9.0	2.0625
11:29:54.236786	11.0	-23.0625	-6.5	46.375	-29.125	33.5625	45.125	38.9375	-2.3125	-3.0	12.6875	12.5625
11:29:54.246898	10.4375	-19.75	-3.1875	29.8125	-52.375	33.0	44.125	17.375	-2.0	-14.375	-11.3125	8.6875
11:29:54.256986	9.5	-14.1875	-0.1875	16.625	-59.5625	32.3125	40.75	-3.3125	-2.25	-39.0	-20.0625	8.3125
11:29:54.267109	7.8125	-8.0625	2.9375	8.5625	-56.6875	31.1875	40.0625	-27.0625	-2.4375	-26.0625	-14.375	11.75
11:29:54.277252	6.5	-1.8125	4.9375	24.25	-42.125	30.5625	42.0625	-41.1875	-2.125	-15.4375	-13.8125	12.875
11:29:54.287378	4.5625	2.375	7.0	54.375	-13.125	26.875	42.625	-35.375	-0.3125	-4.6875	-10.4375	3.0625
11:29:54.297482	3.4375	4.625	7.1875	61.0625	14.25	23.6875	39.625	-17.625	1.1875	-5.1875	-4.3125	-8.875
11:29:54.307994	2.625	4.625	5.9375	73.6875	37.125	23.0	38.6875	3.9375	0.5625	-23.1875	12.5625	-11.625
11:29:54.318071	1.9375	2.5625	4.5	73.5	50.9375	25.9375	39.4375	23.75	-0.0625	-46.25	13.875	-10.0625
11:29:54.328158	1.4375	0.125	2.125	69.0	60.9375	29.5625	38.5	42.1875	0.0	-55.1875	9.625	-8.875
11:29:54.338284	1.3125	-2.0	0.0	62.3125	66.125	30.3125	36.6875	52.0	1.5	-38.875	5.0	4.4375
11:29:54.348404	0.75	-3.25	-1.9375	58.5	67.25	29.875	34.4375	48.3125	4.5	-20.5625	-3.25	7.6875
11:29:54.358523	-0.0625	-4.125	-3.4375	56.5	68.4375	28.75	33.1875	37.5625	6.3125	-18.0625	-5.6875	3.25
11:29:54.368589	-0.8125	-4.1875	-4.4375	56.6875	71.3125	28.875	32.75	25.0625	6.875	-23.1875	-0.125	1.3125
11:29:54.378959	-1.625	-3.25	-5.1875	55.375	74.75	30.9375	33.0	6.6875	5.875	-21.75	-2.5625	1.6875
11:29:54.389381	-2.4375	-1.9375	-4.8125	51.75	72.6875	32.4375	33.75	-11.0	4.25	-9.8125	-5.3125	-3.25
11:29:54.399492	-2.875	-0.1875	-4.0	51.5	53.875	35.4375	35.875	-14.8125	3.0625	-17.8125	3.0625	-7.6875
11:29:54.409566	-2.8125	1.0625	-3.5	51.75	43.5625	35.4375	34.875	-6.0	2.375	-28.9375	4.625	-8.0
11:29:54.419713	-2.1875	2.375	-2.5625	52.5625	30.8125	33.9375	33.375	1.0625	2.125	-39.3125	7.5	-2.0625
11:29:54.430367	-1.1875	2.75	-3.4375	49.0	23.6875	31.1875	32.6875	7.8125	1.3125	-32.9375	11.1875	-2.3125
11:29:54.440437	-1.0625	3.0	-2.0625	50.75	14.75	31.5	34.6875	16.5	0.875	-30.5625	7.625	-3.3125
11:29:54.450542	0.0625	2.625	-1.0	49.3125	5.9375	33.4375	32.9375	-6.375	2.5625	-34.125	3.375	4.25
11:29:54.461205	1.4375	2.0	-0.625	45.5625	-0.25	30.875	32.9375	-6.375	2.5625	-30.1875	4.875	6.25
11:29:54.471310	2.75	1.125	-1.0	45.0625	-2.8125	29.5625	33.1875	-18.8125	2.0625	-23.375	-6.75	-0.75
11:29:54.481915	4.125	-0.4375	-1.1875	43.375	-7.5	29.625	34.5	-29.375	2.1875	-27.1875	-5.9375	0.75
11:29:54.492105	5.3125	-2.3125	-1.0625	42.6875	-8.1875	30.0	32.9375	-36.5	0.625	-38.375	3.625	1.3125
11:29:54.502172	6.875	-4.125	-0.3125	43.0	-3.6875	30.375	35.75	-30.5625	-0.375	-28.5625	8.4375	-0.5
11:29:54.512310	8.125	-6.0	0.5625	42.1875	5.375	30.0625	40.1875	-21.9375	0.1875	-27.0	-0.8125	-1.5
11:29:54.522383	9.0625	-7.125	1.25	42.3125	16.25	29.625	38.625	-21.6875	-0.0625	-36.8125	10.75	1.0
11:29:54.532466	10.0	-7.5625	1.625	41.25	22.3125	29.75	39.9375	-11.25	-1.0	-46.875	21.8125	2.75
11:29:54.542536	11.0	-7.5	1.75	38.125	30.625	30.0625	46.25	-0.4375	0.1875	-29.6875	12.9375	-0.0625
11:29:54.553143	11.6875	-6.0625	1.4375	34.125	35.0	30.5	47.75	1.6875	1.9375	-29.5	-0.1875	-2.25
11:29:54.563776	11.5	-4.1875	1.375	31.0625	35.375	29.8125	46.5	-0.8125	2.0625	-40.0	7.625	1.0
11:29:54.573878	11.0625	-1.875	1.0625	27.6875	32.6875	28.625	52.0625	0.9375	1.375	-45.375	13.6875	1.5625
11:29:54.584012	10.3125	-0.125	0.875	24.75	29.9375	26.0625	57.3125	-1.1875	2.3125	-26.625	1.1875	-4.625
11:29:54.594133	9.1875	1.8125	0.875	21.75	26.5	24.5625	57.5625	-2.5	2.9375	-35.625	-6.75	-4.875
11:29:54.604461	7.8125	3.4375	0.4375	21.3125	28.0	24.125	58.9375	0.125	2.4375	-49.0	8.4375	0.9375
11:29:54.614639	6.3125	4.9375	0.625	21.875	33.1875	24.75	63.875	4.8125	2.4375	-49.875	-28.625	21.0
11:29:54.624785	4.5	9.1875	2.375	23.25	37.8125	25.0	65.5625	10.4375	3.0625	-52.9375	-36.4375	35.0
11:29:54.634928	4.75	11.125	4.25	23.4375	39.75	24.75	63.125	17.6875	2.9375	-65.0	18.1875	18.4375
11:29:54.645494	5.0625	13.125	5.4375	24.5	42.75	23.75	63.0625	26.625	3.4375	-76.5625	-4.125	1.1875
11:29:54.655601	5.5625	14.4375	7.25	23.5	42.625	24.625	67.0	35.6875	6.3125	-79.3125	-4.875	1.125
11:29:54.665674	5.5	14.5	8.0	20.625	39.375	26.0	67.8125	35.9375	8.9375	-71.8125	-9.6875	6.0625
11:29:54.675749	4.875	13.3125	7.4375	15.8125	36.0	28.3125	67.375	31.6875	11.75	-79.625	-24.8125	5.9375
11:29:54.685849	4.125	13.1875	7.0625	9.9375	33.5625	30.8125	69.8125	28.0625	13.3125	-87.6875	-27.3125	1.5625
11:29:54.695925	3.4375	12.75	5.75	5.0	31.1875	31.5	74.625	24.4375	15.5625	-88.25	-39.6875	1.0
11:29:54.705991	2.75	11.75	4.25	3.6875	28.0625	31.625	76.0625	22.5	18.125	-84.8125	-54.5625	6.75
11:29:54.716061	1.9375	10.375	2.8125	4.0625	28.9375	31.875	75.5	18.5625	19.8125	-94.9375	-51.4375	6.5
11:29:54.726132	1.8125	9.125	2.25	3.9375	30.125	31.6875	78.75	16.375	20.0	-107.125	-45.8125	5.5
11:29:54.736219	1.3125	6.6875	1.875	3.0625	29.5625	31.125	83.25	18.5625	20.6875	-104.0	-52.8125	6.5
11:29:54.746366	0.25	3.1875	0.8125	3.5	25.4375	29.4375	84.4375	23.125	22.625	-95.5625	-45.25	5.8125
11:29:54.756441	-2.25	-1.25	0.1875	2.0	20.5	25.8125	84.75	26.6875	24.375	-110.75	-40.25	4.1875
11:29:54.766509	-6.125	-4.125	1.8125	-3.9375	11.5	21.5625	88.6875	28.5	26.3125	-117.4375	-71.9375	4.375
11:29:54.776578	-9.8125	-7.0625	4.875	-10.8125	-0.875	14.875	94.0625	21.625	27.25	-100.5	-80.0625	8.9375
11:29:54.786659	-13.0625	-12.0	6.5625	-15.8125	-14.875	8.3125	95.4375	10.875	27.3125	-103.1875	-32.4375	22.0
11:29:54.796748	-14.875	-19.125	5.875	-22.75	-24.75	1.75	98.5	4.6875	24.4375	-130.0	-34.1875	21.1875
11:29:54.806817	-12.9375	-25.0	2.9375	-33.6875	-34.3125	-3.4375	106.5625	14.5	22.5	-140.0	-59.875	26.6875
11:29:54.816883	-12.9375	-36.6875	-4.125	-44.3125	-46.25	-7.875	111.1875	24.0	22.75	-124.25	-47.625	38.75
11:29:54.826985	-11.6875	-44.875	-9.1875	-57.875	-54.0625	-12.5625	113.25	33.3125	22.25	-115.25	-20.0625	57.25
11:29:54.837155	-10.625	-45.125	-10.25	-74.375	-59.875	-16.1875	120.4375	52.375	21.625	-130.3125	-1.25	78.3125
11:29:54.847777	-9.125	-36.25	-8.375	-89.8125	-64.75	-19.75	131.6875	85.3125	22.625	-140.8125	2.5625	90.0
11:29:54.857843	-6.6875	-20.375	-4.6875	-105.125	-68.25	-24.375	141.0625	118.8125	24.625	-146.8125	18.6875	91.625
11:29:54.867912	-5.0	-5.0625	-2.75	-115.5625	-65.0	-28.0625	142.25	145.75	25.8125	-179.25	53.4375	80.125
11:29:54.878043	-4.625	6.5	-4.625	-125.375	-53.75	-34.1875	134.5625	151.5625	26.0	-286.1875	-7.125	19.125
11:29:54.888189	-5.5625	15.625	-8.9375	-136.75	-30.75	-40.5625	124.8125	134.75	24.0	-370.3125	-73.6875	-1.0625
11:29:54.898299	-6.6875	22.4375	-13.3125	-141.9375	8.4375	-48.5625	107.6875	77.1875	25.0	-388.5625	-83.5	10.875
11:29:54.908565	-7.875	26.75	-15.75	-140.3125	28.625	-64.1875	93.1875	16.75	24.8125	-312.9375	-242.1875	-9.3125
11:29:54.919187	-9.25	24.4375	-14.0	-118.375	25.9375	-72.5	90.5625	-25.875	18.6875	-102.0	-239.9375	-25.75
11:29:54.929304	-9.5	18.125	-10.9375	-78.1875	-1.125	-77.5625	97.6875	-39.4375	19.0625	72.0	157.6875	10.875
11:29:54.939435	-9.5	18.125	-10.9375	-69.5625	-13.3125	-72.6875	98.75	-17.9375	19.8125	96.625	386.5625	71.875
11:29:54.949730	-8.5	10.8125	-6.4375	-76.5	-28.1875	-71.8125	92.0625	1.625	15.1875	107.0625	195.875	6.0
11:29:54.960108	-6.0	3.875	-2.4375	-81.75	-27.625	-69.8125	71.6875	9.0	10.4375	48.375	-44.375	-71.0625
11:29:54.970204	-3.0625	-2.5	0.875	-91.1875	-24.5	-66.0625	35.625	-3.6875	7.0	13.25	-9.3125	-58.5
11:29:54.980660	-0.4375	-8.0	3.5	-93.125	-24.6875	-65.3125	8.0625	-15.0625	5.1875	75.1875	143.75	-51.75
11:29:54.991092	1.625	-14.0625	2.4375	-97.9375	-33.875	-65.625	-8.6875	-26.75	-1.5	176.25	135.4375	-74.0
11:29:55.001208	0.8125	-13.5	1.5	-94.625	-36.6875	-67.25	-51.125	-62.625	-22.5	236.4375	52.0	-90.8125
11:29:55.011342	0.1875	-11.9375	-0.5	-87.625	-42.375	-69.4375	-70.3125	-62.6875	-30.9375	209.75	19.3125	-43.75
11:29:55.022120	-0.3125	-10.4375	-2.625	-77.3125	-49.0625	-72.0	-93.375	-55.5625	-33.5625	144.4375	18.0625	-7.375
11:29:55.032188	-0.625	-9.125	-4.0	-70.75	-54.3125	-70.4375	-115.25	-45.875	-31.4375	133.4375	22.9375	-10.0625
11:29:55.042351	-0.75	-8.125	-4.6875	-69.875	-64.1875	-68.1875	-135.1875	-46.4375	-26.3125	179.4375	15.4375	5.5
11:29:55.052422	-0.75	-8.125	-4.6875	-75.375	-75.5	-63.75	-151.0625	-63.5625	-24.375	226.375	9.0	6.6875
11:29:55.062836	-0.5	-6.875	-4.8125	-79.9375	-81.9375	-57.6875	-165.9375	-78.375	-26.375	248.8125	19.4375	-6.125
11:29:55.072945	0.0625	-5.5625	-4.875	-84.4375	-85.0	-51.0	-180.0625	-81.125	-29.1875	257.5625	42.9375	-17.375
11:29:55.083063	0.5625	-3.875	-4.8125	-85.625	-88.3125	-46.8125	-196.25	-70.1875	-30.75	259.5	60.625	-15.0625
11:29:55.093178	1.25	-2.1875	-5.125	-68.5	-81.0	-45.6875	-213.8125	-44.3125	-32.25	251.0625	71.375	-9.0
11:29:55.103293	1.625	-1.25	-4.75	-54.5625	-63.6875	-44.375	-229.0	-11.6875	-34.4375	239.25	88.1875	4.125
11:29:55.113986	1.625	-0.8125	-4.8125	-43.75	-42.0625	-45.0	-238.625	16.5625	-35.8125	227.875	100.125	20.375
11:29:55.124060	0.875	-0.0625	-5.75	-34.0625	-19.6875	-44.75	-246.875	34.75	-36.0625	215.625	98.75	30.75
11:29:55.134163	-0.5625	0.875	-6.375	-29.625	-3.875	-44.75	-252.8125	46.3125	-36.125	224.1875	100.375	26.8125
11:29:55.144263	-1.4375	1.125	-6.5	-26.375	7.625	-44.5	-255.625	48.75	-36.8125	234.25	103.75	20.5
11:29:55.154333	-3.0625	0.9375	-7.0625	-24.0625	13.3125	-44.8125	-256.8125	45.1875	-37.1875	229.0625	94.8125	21.875
11:29:55.164453	-6.5625	1.8125	-4.875	-16.75	20.3125	-46.25	-258.0	37.8125	-37.8125	219.9375	76.375	26.4375
11:29:55.174577	-8.5	3.5625	-3.3125	-9.3125	22.5625	-46.0	-259.5625	28.0625	-37.75	220.3125	61.0	26.8125
11:29:55.184644	-9.9375	5.4375	-1.8125	-1.625	22.375	-44.3125	-257.9375	11.375	-36.8125	228.1875	55.4375	25.3125
11:29:55.194730	-11.125	7.25	0.0	1.6875	14.8125	-41.1875	-254.3125	-3.5625	-35.8125	234.5625	45.625	26.75
11:29:55.204799	-11.5625	9.375	1.625	1.375	4.1875	-37.625	-250.9375	-13.125	-35.3125	234.8125	28.875	24.375
11:29:55.214930	-11.6875	11.0	3.1875	5.0	-4.75	-33.375	-247.75	-17.625	-34.875	232.9375	14.75	17.875
11:29:55.225592	-11.625	12.1875	4.5	9.1875	-7.9375	-28.25	-241.875	-22.375	-33.4375	228.375	8.625	13.9375
11:29:55.235664	-11.1875	12.3125	6.3125	15.125	-8.5625	-24.6875	-234.0	-28.9375	-31.125	220.6875	-0.1875	8.4375
11:29:55.245745	-10.3125	12.125	7.8125	20.0	-10.875	-22.8125	-223.4375	-35.625	-27.5	195.375	-19.25	3.875
11:29:55.255811	-9.75	11.4375	8.8125	24.3125	-13.6875	-21.375	-210.375	-43.375	-23.5	190.5625	-12.5	4.5625
11:29:55.265883	-8.5	10.4375	9.4375	26.5625	-17.375	-19.75	-197.75	-49.6875	-19.0625	178.75	-7.9375	1.75
11:29:55.275968	-7.4375	9.25	10.0625	25.0	-25.625	-18.5	-185.6875	-51.375	-15.4375	162.25	-16.8125	2.9375
11:29:55.286039	-6.0625	7.875	10.1875	23.0625	-32.625	-16.25	-168.875	-51.8125	-12.5	147.5625	-16.875	5.625
11:29:55.296115	-4.6875	6.0625	10.5	20.3125	-38.875	-14.1875	-150.875	-47.5	-10.1875	124.125	-19.75	5.375
11:29:55.306185	-3.6875	4.6875	10.5	17.8125	-38.0625	-12.4375	-129.75	-36.3125	-9.0	110.1875	-19.625	1.1875
11:29:55.316261	-3.0625	2.6875	10.5	14.4375	-36.6875	-11.25	-107.375	-24.8125	-8.125	91.625	-19.5625	3.9375
11:29:55.326365	-1.75	-0.375	11.125	12.25	-27.75	-10.625	-85.6875	-15.75	-6.5625	71.625	-22.125	6.5
11:29:55.336591	-1.375	-3.6875	11.25	13.0625	-15.9375	-9.6875	-61.75	-9.8125	-6.0625	51.25	-23.4375	3.75
11:29:55.346685	-2.0625	-6.875	10.6875	11.0625	-4.9375	-9.5	-36.4375	-4.375	-6.1875	25.8125	-18.375	2.3125
11:29:55.356758	-2.4375	-8.9375	10.3125	6.4375	1.625	-10.375	-11.75	-5.1875	-5.8125	1.375	-20.5	2.1875
11:29:55.366825	-2.5625	-11.4375	7.9375	-0.1875	2.4375	-11.5	11.625	-10.625	-5.25	-21.4375	-14.875	1.8125
11:29:55.376930	-2.75	-12.75	5.9375	-4.75	-5.0	-11.25	33.5	-15.75	-4.875	-31.875	-13.6875	-2.5625
11:29:55.387123	-2.75	-13.3125	3.3125	-6.6875	-15.625	-10.5	54.4375	-20.25	-4.625	-57.75	-42.1875	-15.4375
11:29:55.397230	-2.5	-13.3125	0.3125	-6.6875	-15.625	-10.5	73.25	-22.4375	-4.5	-83.5	-57.0	-30.1875
11:29:55.407801	-2.25	-12.3125	-0.625	-7.375	-26.6875	-8.75	88.0625	-24.75	-4.3125	-107.625	-53.0	-44.875
11:29:55.417944	-1.75	-10.875	-0.5625	-6.4375	-36.25	-5.875	101.875	-29.25	-4.0	-128.9375	-62.4375	-49.375
11:29:55.428053	-0.5625	-8.25	0.125	-3.5625	-40.0625	-1.6875	112.625	-34.1875	-2.9375	51.0625	-43.1875	-18.4375
11:29:55.438179	1.25	-3.875	0.1875	0.875	-38.125	3.875	110.0	-19.5	-2.6875	111.9375	106.625	-40.8125
11:29:55.448281	4.4375	-0.9375	2.5625	9.9375	-31.9375	10.25	81.5	18.1875	-1.8125	-74.875	-2.0625	-72.0
11:29:55.458432	7.75	-1.3125	6.1875	24.125	-16.8125	17.9375	45.0625	-14.125	4.5	-152.625	-305.125	-38.5
11:29:55.469036	9.125	-1.875	7.6875	30.375	-3.125	20.25	36.1875	-67.5625	6.25	-175.0625	-174.25	69.1875
11:29:55.479112	8.875	1.375	5.1875	27.5625	26.5625	13.25	54.6875	-92.625	-3.1875	-186.9375	68.4375	119.5625
11:29:55.489257	7.4375	10.3125	0.5625	27.5625	26.5625	13.25	70.6875	-93.875	-11.625	-202.25	24.5	96.6875
11:29:55.499391	5.375	23.875	-4.125	30.0	47.9375	14.6875	70.5625	-54.375	-14.0625	-145.4375	-59.625	52.375
11:29:55.509506	3.625	34.3125	-5.5625	27.0625	47.4375	16.75	64.4375	0.625	-7.8125	-70.25	-31.375	56.0
11:29:55.520128	2.25	33.75	-3.0	20.5625	34.875	22.0	61.75	47.125	0.5625	-32.875	-8.9375	29.1875
11:29:55.530260	2.1875	24.375	0.5625	26.8125	43.5	30.5625	58.25	54.5625	6.625	30.3125	-5.375	-2.9375
11:29:55.540978	3.25	12.125	2.1875	33.375	48.4375	35.375	57.0625	39.3125	8.0625	48.0	3.75	-5.4375
11:29:55.551520	4.4375	1.4375	1.8125	41.875	55.0625	34.125	59.875	5.25	2.5	-24.0625	-2.3125	-6.6875
11:29:55.562007	5.0625	-4.9375	-0.5	51.6875	69.0625	27.0625	50.8125	-43.125	-13.6875	-90.4375	-40.75	-21.3125
11:29:55.572145	5.0625	-7.8125	-3.3125	63.3125	80.8125	23.0625	47.75	-24.4375	-18.375	-96.75	-37.3125	-1.75
11:29:55.582534	5.625	-7.4375	-6.6875	73.375	85.875	23.125	46.375	9.1875	-17.125	-78.875	-14.4375	25.875
11:29:55.592854	6.4375	-6.5	-9.375	74.4375	75.5	24.0	45.75	39.125	-11.6875	-41.0	-6.9375	18.8125
11:29:55.602936	7.5625	-7.5	-10.0	68.1875	52.1875	25.625	44.625	48.8125	-6.0625	-11.4375	7.25	2.5625
11:29:55.613128	8.625	-8.875	-8.9375	56.5625	17.6875	29.5	44.9375	42.1875	-3.75	11.3125	15.375	0.9375
11:29:55.623264	9.0625	-9.625	-7.0	43.6875	-10.0	31.5625	44.1875	24.0625	-4.4375	-1.875	3.0	0.8125
11:29:55.633861	9.25	-9.0	-4.5625	34.125	-27.1875	31.8125	41.3125	3.8125	-5.5625	-42.6875	-13.4375	1.5625
11:29:55.643936	9.1875	-7.0625	-3.1875	25.6875	-36.8125	29.75	39.375	-19.3125	-6.25	-52.9375	-25.625	6.5
11:29:55.654020	8.4375	-4.25	-1.5625	19.5	-34.25	26.75	41.0	-30.6875	-6.0625	-41.3125	-18.8125	14.3125
11:29:55.664086	7.125	-1.5625	0.5625	32.9375	-23.5	24.4375	42.6875	-27.3125	-4.1875	-17.5	-6.4375	16.375
11:29:55.674159	5.25	1.25	2.5625	49.125	-6.5	21.4375	41.125	-10.9375	-2.0625	-2.375	-3.625	-3.875
11:29:55.684228	3.6875	2.6875	4.125	53.875	6.875	19.9375	39.75	5.375	-1.5	-9.125	5.9375	-15.4375
11:29:55.694327	2.3125	2.9375	4.75	57.5	18.75	20.5625	41.1875	21.0625	-2.125	-31.125	14.125	-13.625
11:29:55.704399	1.8125	1.8125	4.875	56.4375	29.0	23.25	41.4375	33.75	-2.5	-46.25	7.0625	-10.0
11:29:55.714470	1.5	0.125	3.9375	53.6875	39.75	24.5	38.75	41.0625	-1.375	-52.4375	0.0625	-6.5
11:29:55.724539	1.625	-1.3125	2.5	50.25	46.3125	24.6875	37.3125	40.0	0.6875	-46.3125	1.625	0.6875
11:29:55.734607	1.8125	-2.5	0.9375	50.375	56.75	23.4375	38.0	32.0625	3.25	-36.3125	-1.75	7.875
11:29:55.744736	2.1875	-3.25	-0.375	54.375	64.5625	23.6875	37.875	23.5625	4.4375	-21.25	-4.25	2.6875
11:29:55.754835	2.4375	-3.5625	-1.6875	56.8125	68.375	24.9375	36.6875	11.875	4.75	-17.875	-0.125	-4.0625
11:29:55.764900	3.0625	-3.1875	-2.8125	56.375	68.8125	26.75	37.1875	-0.8125	3.875	-19.0	-2.625	-6.0
11:29:55.775001	3.5	-1.75	-4.125	54.125	64.4375	28.4375	38.0625	-9.5625	3.0625	-20.0	-6.3125	-4.3125
11:29:55.785070	3.5625	0.5	-4.9375	53.4375	58.625	28.25	36.8125	-3.25	2.5625	-23.1875	-7.6875	-3.6875
11:29:55.795143	3.125	3.0	-4.125	47.9375	51.0625	26.8125	34.5	0.875	2.625	-26.0625	-1.1875	-3.25
11:29:55.805227	3.6875	6.25	-2.625	46.25	40.4375	27.1875	33.75	-1.5	2.0625	-35.625	1.4375	-0.375
11:29:55.815300	4.75	8.5625	-1.6875	45.875	30.125	28.9375	34.125	-1.6875	1.1875	-32.375	5.1875	-1.1875
11:29:55.825402	5.625	10.1875	-1.125	46.0	25.4375	28.5	33.875	0.3125	0.625	-30.75	4.125	-8.0625
11:29:55.835489	6.3125	10.8125	0.0	46.5625	22.6875	28.0625	32.375	-2.625	0.625	-27.3125	3.375	-5.375
11:29:55.845588	8.1875	10.875	1.0	49.25	17.3125	28.8125	32.0625	-4.625	0.25	-28.0625	7.5	2.875
11:29:55.855667	9.25	9.125	0.8125	51.75	17.4375	30.25	33.625	-3.125	0.5	-17.375	1.75	3.6875
11:29:55.865732	10.3125	7.8125	1.0	49.125	15.25	31.0	32.125	-7.3125	1.75	-20.875	-3.75	5.0625
11:29:55.875853	11.5625	6.0625	1.1875	45.25	12.125	30.75	30.75	-17.0	2.0	-20.75	-3.8125	10.3125
11:29:55.886108	12.5625	3.875	0.875	41.0	12.375	30.0	32.1875	-19.3125	1.3125	-30.9375	-1.375	9.8125
11:29:55.896687	13.125	1.4375	0.8125	37.0	12.5625	30.25	35.125	-9.25	0.9375	-22.875	-2.5625	5.6875
11:29:55.906768	13.5	-0.5625	0.4375	34.25	12.5	31.25	35.0	-4.5625	1.0625	-27.6875	2.375	4.875
11:29:55.916886	13.375	-2.25	0.375	34.625	14.5625	32.1875	34.875	-9.6875	0.1875	-33.9375	7.75	6.6875
11:29:55.926958	12.875	-2.875	0.375	38.75	18.1875	33.125	38.3125	-10.6875	-0.375	-32.6875	9.75	5.4375
11:29:55.937093	12.4375	-2.3125	0.375	42.4375	23.5	33.4375	43.5	-4.625	0.25	-22.375	-0.5	1.8125
11:29:55.947163	11.8125	-1.1875	0.9375	43.25	28.875	32.3125	42.4375	-7.125	0.5625	-35.25	1.5	3.5
11:29:55.957823	11.375	0.9375	1.375	41.6875	35.5625	30.0625	42.0625	-7.75	0.375	-43.25	11.0625	6.4375
11:29:55.967896	10.4375	2.8125	2.1875	39.25	38.875	28.375	48.0	-2.0	-0.0625	-32.1875	14.0625	4.25
11:29:55.977988	9.0625	4.125	2.5	36.375	38.3125	26.8125	49.125	1.1875	0.1875	-38.3125	11.5625	-3.625
11:29:55.988062	7.25	5.875	2.5625	31.5625	36.5625	24.6875	45.0625	0.0625	-0.25	-38.3125	11.5625	-3.625
11:29:55.998135	5.6875	7.0625	2.375	31.1875	30.5625	24.25	48.0625	1.4375	-0.875	-48.625	22.9375	-1.9375
11:29:56.008329	3.625	7.625	1.5	29.9375	26.4375	25.75	54.125	-1.1875	0.625	-26.375	-3.625	-7.5
11:29:56.018428	1.75	8.8125	1.25	29.1875	22.0625	26.1875	53.75	-7.1875	2.625	-38.75	9.875	-3.5
11:29:56.028538	1.375	10.4375	1.4375	27.4375	16.5625	27.25	52.375	-7.625	2.125	-48.125	13.375	-1.4375
11:29:56.038659	1.4375	11.1875	1.6875	28.125	18.625	27.0625	55.25	-2.4375	1.625	-35.625	-17.4375	11.25
11:29:56.048853	1.6875	11.5	1.75	26.875	24.3125	26.75	57.9375	4.25	3.0625	-35.625	-17.4375	11.25
11:29:56.059426	2.3125	11.875	1.75	27.0625	28.1875	26.125	57.0	11.5625	3.6875	-59.6875	15.125	30.5625
11:29:56.069544	2.875	12.3125	2.0	27.375	26.4375	26.5625	56.4375	18.875	2.0	-73.3125	0.6875	3.75
11:29:56.079953	3.1875	13.0	2.25	26.0	29.25	28.125	57.5625	26.875	2.3125	-69.4375	-16.4375	3.0625
11:29:56.090138	3.5625	14.0	2.6875	22.5625	36.0	29.625	59.25	36.5625	4.9375	-66.6875	-8.125	9.75
11:29:56.100205	3.125	14.125	2.4375	20.125	44.1875	31.375	58.8125	35.1875	7.6875	-76.0	-17.4375	7.0625
11:29:56.110323	2.625	13.6875	1.9375	17.6875	43.75	32.375	59.625	31.9375	9.1875	-81.8125	-27.375	3.5625
11:29:56.120435	2.25	13.125	1.5625	14.875	41.1875	32.5625	64.25	30.8125	11.875	-77.1875	-39.0	5.3125
11:29:56.131060	1.75	12.4375	1.375	13.8125	37.375	32.875	65.6875	30.9375	14.1875	-83.75	-40.9375	10.125
11:29:56.141211	1.5	11.875	1.375	14.6875	35.4375	32.6875	66.3125	28.625	16.0625	-94.25	-36.625	9.4375
11:29:56.151309	1.25	10.5625	0.9375	13.625	31.625	32.75	73.75	26.8125	17.875	-96.0	-37.6875	8.125
11:29:56.161433	0.4375	8.3125	-0.375	11.125	31.0625	31.75	74.5	32.6875	20.375	-90.6875	-37.8125	6.75
11:29:56.171993	-2.25	4.8125	-0.8125	9.0625	27.0	29.875	74.5625	34.0625	22.75	-99.375	-49.625	-0.8125
11:29:56.182119	-6.4375	1.875	0.8125	5.9375	18.875	26.875	78.625	26.0625	23.875	-103.9375	-70.5625	7.25
11:29:56.192187	-9.75	-1.1875	3.6875	2.375	8.75	21.8125	83.25	13.8125	24.125	-102.8125	-49.375	15.0
11:29:56.202807	-12.0625	-7.25	4.8125	-1.875	-4.375	16.0	86.0	9.3125	23.5625	-99.1875	-29.75	11.75
11:29:56.213039	-12.5625	-16.9375	3.5	-5.75	-15.5625	9.375	92.4375	14.8125	22.375	-119.75	-47.125	16.1875
11:29:56.223134	-11.3125	-29.875	0.1875	-13.3125	-27.8125	3.375	97.25	24.25	22.125	-128.0625	-54.0625	27.3125
11:29:56.233261	-9.25	-42.8125	-4.1875	-22.0625	-35.5	-0.875	102.0625	30.4375	22.0625	-120.375	-40.5625	34.75
11:29:56.243938	-7.1875	-51.5	-8.125	-32.9375	-39.3125	-3.8125	106.625	39.0	21.375	-119.4375	-34.25	48.4375
11:29:56.254012	-5.75	-51.4375	-9.4375	-45.0625	-38.3125	-6.625	110.375	40.6875	19.8125	-129.375	-37.8125	55.375
11:29:56.264217	-5.4375	-41.25	-7.875	-58.1875	-38.0625	-9.5	115.625	51.0	19.6875	-132.0625	-29.875	67.625
11:29:56.274296	-3.75	-24.875	-6.0625	-70.8125	-34.25	-13.625	128.875	82.5	22.0	-129.0625	10.875	88.375
11:29:56.284371	-2.5	-10.1875	-5.0625	-86.5625	-33.5	-18.5625	138.5	119.3125	24.4375	-144.5	41.0	90.0625
11:29:56.294439	-1.9375	0.375	-6.5625	-97.75	-34.5625	-24.75	139.8125	147.75	24.9375	-166.0625	46.8125	66.1875
11:29:56.304507	-2.625	6.3125	-10.75	-109.1875	-44.9375	-32.5625	130.5625	137.3125	22.9375	-195.875	-4.6875	25.5625
11:29:56.314592	-4.25	10.75	-15.9375	-114.75	-36.1875	-38.875	118.5625	102.5	20.625	-263.3125	-51.625	14.25
11:29:56.324659	-6.125	15.25	-19.375	-121.9375	-25.9375	-46.4375	102.6875	52.5625	21.0	-321.0	-75.4375	19.0625
11:29:56.334740	-7.6875	18.4375	-20.6875	-131.0625	-13.625	-49.75	94.0625	-1.5	20.6875	-359.0625	-51.0	38.5
11:29:56.344813	-8.9375	19.375	-21.0625	-137.3125	-3.5625	-57.5625	94.3125	-40.5	16.4375	-306.4375	-209.125	30.75
11:29:56.354890	-10.625	16.25	-19.875	-126.75	1.75	-66.0	97.75	-31.0	16.9375	-131.25	-245.6875	-1.75
11:29:56.364965	-11.875	10.875	-17.9375	-109.3125	-20.3125	-70.625	97.0625	5.75	16.3125	62.5	135.75	-9.25
11:29:56.375035	-12.5625	4.375	-14.375	-91.8125	-29.625	-67.5625	87.9375	18.5	11.25	103.4375	380.8125	59.4375
11:29:56.385123	-11.625	-0.25	-11.1875	-88.6875	-31.625	-68.9375	62.1875	19.8125	9.25	107.4375	179.25	6.3125
11:29:56.395199	-9.8125	-4.3125	-7.75	-88.125	-38.8125	-64.25	29.9375	0.9375	7.75	53.1875	-62.4375	-78.375
11:29:56.405274	-7.75	-7.625	-5.625	-91.125	-41.6875	-60.4375	6.125	-16.9375	4.875	12.5	4.8125	-63.3125
11:29:56.415356	-5.6875	-10.0	-4.25	-93.4375	-35.125	-57.5	-12.875	-37.9375	-1.3125	63.0625	161.9375	-52.3125
11:29:56.425433	-4.625	-10.9375	-3.3125	-99.75	-29.125	-56.8125	-34.8125	-55.0625	-10.875	163.4375	149.4375	-82.3125
11:29:56.435503	-3.5	-10.4375	-3.1875	-97.5	-27.1875	-58.1875	-59.25	-67.1875	-18.375	224.625	57.5	-98.3125
11:29:56.445569	-2.1875	-9.4375	-4.3125	-93.1875	-32.6875	-60.0625	-78.5625	-70.3125	-23.375	209.0625	30.1875	-46.9375
11:29:56.455740	-0.5625	-8.375	-5.3125	-86.125	-39.375	-62.0	-100.0625	-59.875	-23.0	153.8125	39.125	-9.0
11:29:56.465819	1.3125	-7.6875	-6.25	-80.3125	-45.125	-61.9375	-122.4375	-46.8125	-17.4375	149.3125	46.6875	-14.3125
11:29:56.475888	3.0	-6.875	-6.1875	-75.6875	-53.9375	-61.0	-144.375	-43.125	-12.25	185.0625	42.3125	-4.625
11:29:56.485989	4.5625	-5.9375	-5.375	-75.4375	-65.5	-58.25	-161.375	-53.0	-12.625	217.125	36.9375	-2.25
11:29:56.496109	6.9375	-5.0625	-2.625	-77.4375	-73.375	-54.1875	-174.0625	-56.75	-14.75	233.625	39.25	-18.0
11:29:56.506213	6.9375	-5.0625	-2.625	-78.9375	-80.1875	-49.375	-186.3125	-46.0625	-16.8125	239.625	60.125	-30.4375
11:29:56.516291	7.6875	-5.4375	-1.8125	-78.4375	-83.9375	-45.1875	-200.875	-29.375	-17.875	240.0625	77.125	-24.875
11:29:56.526357	6.75	-8.125	-0.25	-62.875	-78.8125	-43.3125	-215.0	-10.4375	-19.4375	231.0625	80.8125	-15.6875
11:29:56.536428	5.1875	-8.5	0.1875	-53.375	-66.5	-41.4375	-225.25	9.3125	-22.0625	219.1875	84.3125	-3.375
11:29:56.546496	5.1875	-8.5	0.1875	-44.875	-50.0625	-42.1875	-233.4375	25.375	-23.75	209.25	85.25	10.875
11:29:56.556621	1.9375	-5.9375	-5.25	-38.25	-34.1875	-41.5	-238.3125	33.0625	-24.9375	210.0	84.875	14.125
11:29:56.566749	0.125	-4.6875	-6.8125	-36.5625	-25.6875	-40.75	-241.25	30.3125	-25.625	224.75	86.6875	10.4375
11:29:56.577409	-1.75	-3.5	-7.3125	-35.25	-18.5	-40.6875	-243.6875	19.5625	-26.3125	227.125	75.8125	12.75
11:29:56.587484	-3.4375	-1.8125	-8.3125	-34.4375	-13.5625	-41.5	-245.5625	10.5	-27.8125	219.875	57.5625	17.4375
11:29:56.597979	-5.0625	-0.0625	-8.625	-28.5625	-5.375	-42.8125	-245.8125	1.4375	-28.875	221.9375	47.875	16.5
11:29:56.608047	-6.3125	2.1875	-8.5	-20.1875	2.4375	-42.75	-244.875	-4.5	-29.375	224.8125	44.375	14.1875
11:29:56.618181	-7.5	5.0	-7.3125	-12.6875	7.9375	-41.8125	-243.375	-8.4375	-28.9375	218.3125	37.3125	18.375
11:29:56.628308	-8.4375	7.6875	-5.5625	-6.875	9.5	-40.3125	-241.5625	-7.1875	-28.625	221.5	27.6875	23.625
11:29:56.638414	-8.6875	9.875	-3.875	-2.9375	7.875	-38.3125	-239.375	-2.5625	-28.9375	229.875	24.125	15.9375
11:29:56.648898	-8.9375	11.5	-1.25	-1.0625	4.25	-34.8125	-236.25	1.4375	-29.25	224.0625	29.6875	5.0625
11:29:56.659191	-9.3125	11.875	1.0625	2.5	8.5625	-31.125	-232.875	2.5625	-29.625	210.0625	32.375	8.5
11:29:56.669332	-9.375	12.0	3.875	7.75	8.875	-26.4375	-220.1875	5.125	-29.1875	204.125	28.125	8.25
11:29:56.679669	-9.3125	11.875	5.1875	12.25	5.9375	-23.8125	-211.8125	-1.8125	-27.1875	180.9375	31.875	21.5625
11:29:56.690303	-8.8125	10.625	5.625	17.125	1.3125	-21.875	-187.0625	-19.3125	-23.3125	171.8125	34.0625	30.25
11:29:56.700372	-8.0	9.3125	6.3125	24.375	-11.0	-19.5	-168.875	-22.875	-21.5	156.5	20.3125	23.8125
11:29:56.710466	-6.625	7.8125	7.1875	26.25	-17.8125	-18.0625	-148.75	-24.5	-19.5	135.5625	-1.0	12.25
11:29:56.720600	-5.0	7.1875	8.8125	25.0	-30.8125	-16.6875	-127.6875	-28.625	-16.875	123.875	-10.125	3.9375
11:29:56.731157	-3.6875	5.5625	9.25	23.0	-42.3125	-15.9375	-105.8125	-34.125	-13.5625	105.375	-25.1875	2.4375
11:29:56.741317	-2.3125	4.1875	10.1875	19.6875	-47.25	-15.5	-80.5	-34.125	-11.25	92.6875	-39.375	2.875
11:29:56.751734	-1.375	2.8125	11.1875	16.875	-43.3125	-15.625	-55.25	-31.125	-9.75	79.5	-34.5	3.5
11:29:56.762247	-1.0625	1.1875	12.0	15.25	-31.125	-16.1875	-31.0625	-28.0625	-9.0	55.625	-29.0625	3.625
11:29:56.772326	-0.875	-0.4375	13.0625	10.75	-14.6875	-17.6875	-5.875	-26.5	-8.3125	30.5625	-27.375	1.0
11:29:56.782396	-1.5	-1.3125	13.75	5.375	0.625	-18.5	17.9375	-27.1875	-7.625	5.8125	-20.3125	-0.9375
11:29:56.792507	-2.25	-1.75	13.1875	1.25	12.1875	-18.375	39.25	-27.6875	-6.625	-19.5625	-17.375	-0.625
11:29:56.802573	-2.625	-0.75	14.0625	-2.875	16.4375	-17.6875	58.9375	-26.375	-6.1875	-41.125	-20.625	-2.0
11:29:56.812741	-3.25	-1.3125	11.8125	-6.375	10.5	-16.1875	76.25	-23.0	-6.4375	-45.4375	-14.1875	-5.9375
11:29:56.822865	-2.875	-1.6875	10.125	-7.375	-2.25	-15.1875	90.6875	-21.1875	-6.375	-72.3125	-45.75	-22.0625
11:29:56.833506	-2.25	-3.25	7.0625	-9.1875	-18.375	-13.0625	102.375	-26.4375	-6.0	-108.3125	-76.8125	-40.375
11:29:56.843789	-1.6875	-4.625	4.5	-7.0	-32.0	-10.0625	113.125	-38.0625	-5.0	-133.6875	-66.125	-44.25
11:29:56.853864	-1.375	-6.125	2.6875	-5.1875	-41.75	-6.8125	116.125	-38.625	-4.375	-115.0	-31.25	-32.75
11:29:56.864326	-0.9375	-6.3125	0.8125	-6.375	-48.125	-2.875	93.375	0.1875	-3.8125	-42.75	-64.25	-19.125
11:29:56.874768	-0.3125	-4.125	-0.875	-7.25	-46.8125	2.125	50.875	11.375	0.625	111.1875	-24.3125	-9.6875
11:29:56.884833	2.375	-1.8125	0.0625	0.5	-35.0625	7.3125	33.5	-46.0625	5.0625	18.0625	109.0	-55.875
11:29:56.894908	5.875	-2.4375	4.125	16.0625	-4.25	9.8125	48.8125	-79.9375	-1.1875	-139.9375	-141.3125	-52.125
11:29:56.904997	7.75	-2.8125	7.4375	19.75	20.25	12.5625	68.1875	-103.625	-11.3125	-168.625	-302.875	13.5625
11:29:56.915078	7.5625	-0.5	7.3125	19.5625	29.0	17.9375	74.875	-80.4375	-16.125	-171.25	-66.0	95.6875
11:29:56.925190	6.1875	5.125	4.0	33.625	47.1875	23.0	68.625	-33.6875	-14.0	-202.5	82.5	113.0
11:29:56.935255	4.625	15.5	0.5	33.5	40.75	23.1875	64.125	23.4375	-6.1875	-181.375	-2.25	64.8125
11:29:56.945327	4.1875	26.4375	-2.1875	20.1875	25.25	17.25	63.0625	51.6875	-0.8125	-106.375	-79.9375	39.75
11:29:56.955408	3.875	29.4375	-1.5625	16.9375	24.5625	15.5625	65.5	46.875	2.625	-65.375	-49.125	35.6875
11:29:56.965484	5.0	22.6875	0.8125	25.9375	36.8125	21.4375	64.25	15.75	2.0625	4.5	9.875	5.625
11:29:56.975609	6.9375	10.125	2.625	37.3125	47.9375	27.75	57.8125	-27.4375	-1.8125	67.3125	46.3125	-10.0625
11:29:56.985681	7.8125	-3.5	2.1875	50.25	59.3125	29.9375	51.0625	-48.5625	-9.875	46.4375	6.4375	-21.0625
11:29:56.995954	5.0	-15.125	-3.9375	59.8125	72.4375	27.4375	47.875	-37.375	-17.8125	46.4375	6.4375	-21.0625
11:29:57.006041	4.0625	-13.875	-7.6875	67.625	89.0625	25.0	42.4375	-5.375	-19.4375	-87.625	-35.4375	-23.125
11:29:57.016929	4.0625	-12.6875	-10.0625	74.125	90.75	26.125	38.875	26.0625	-15.25	-79.6875	-2.5625	4.3125
11:29:57.027023	4.5625	-12.8125	-10.75	74.375	77.5	27.3125	40.25	45.0625	-9.75	-72.0	-20.0625	23.9375
11:29:57.037091	5.625	-13.625	-10.0	69.125	51.0625	28.5	42.1875	43.375	-5.75	-33.25	-12.25	12.9375
11:29:57.047539	6.375	-13.875	-7.9375	61.1875	15.6875	32.125	39.0	28.375	-4.875	4.3125	23.625	11.3125
11:29:57.058298	7.25	-12.8125	-5.8125	49.5	-16.6875	33.6875	35.1875	1.9375	-6.0	25.6875	19.375	4.0
11:29:57.068492	7.6875	-9.9375	-4.5	39.75	-39.75	33.9375	36.75	-20.1875	-7.6875	-18.5625	-9.8125	-1.1875
11:29:57.079114	8.0625	-5.9375	-3.3125	31.8125	-49.3125	33.0625	37.9375	-31.0625	-7.5	-39.625	-18.25	14.0625
11:29:57.089676	7.4375	-2.0625	-1.625	26.25	-44.6875	31.0625	35.4375	-9.5	-3.4375	-39.625	-18.25	14.0625
11:29:57.099796	5.9375	1.875	0.25	36.25	-29.875	28.6875	36.625	12.75	-3.0	-23.6875	-15.8125	13.0
11:29:57.109989	4.125	4.875	2.1875	50.875	-9.75	25.8125	37.0625	31.6875	-2.1875	-2.375	4.875	-1.4375
11:29:57.120183	2.5	6.4375	3.625	56.4375	9.75	23.875	34.5	44.3125	-1.5	-12.125	13.5	-6.375
11:29:57.130690	1.375	7.0	4.0625	62.4375	25.5	24.5	33.625	45.6875	-0.25	-39.625	12.0625	-14.6875
11:29:57.140813	0.8125	6.1875	3.1875	61.4375	48.0625	28.8125	34.8125	40.625	0.375	-53.125	9.5	-8.8125
11:29:57.151088	0.3125	4.625	1.9375	57.0625	55.3125	29.0	35.4375	37.5625	1.8125	-52.9375	3.25	2.8125
11:29:57.161705	-0.3125	3.3125	0.3125	56.1875	65.3125	27.3125	34.75	31.1875	4.25	-42.1875	-1.5	8.25
11:29:57.171783	-1.0625	2.1875	-1.5	58.0	72.6875	27.125	35.5	16.9375	5.375	-42.1875	-1.5	8.25
11:29:57.182453	-1.6875	1.6875	-3.1875	59.0625	78.1875	28.0625	36.8125	4.625	4.8125	-10.3125	1.5	-2.1875
11:29:57.192533	-2.25	1.25	-4.5	56.875	79.0	29.5625	37.25	-0.75	4.125	-15.3125	3.9375	-5.125
11:29:57.202605	-2.25	2.1875	-5.875	53.5	77.125	29.875	36.5625	-2.875	3.8125	-19.0	0.0	-8.1875
11:29:57.212719	-3.0625	2.75	-6.75	51.5	67.5625	30.125	36.8125	1.875	3.125	-27.5625	-3.6875	-7.9375
11:29:57.222813	-3.8125	3.6875	-6.4375	46.1875	56.9375	28.0	39.0	9.6875	3.3125	-32.9375	0.875	-3.75
11:29:57.233096	-4.1875	4.625	-4.625	39.875	42.625	27.5	39.0	12.5625	4.0625	-39.0625	2.625	5.125
11:29:57.243567	-4.1875	5.0	-3.375	36.25	30.125	27.5625	37.0625	3.5	4.6875	-39.0625	2.625	5.125
11:29:57.253820	-3.8125	5.0625	-2.4375	34.6875	18.4375	27.6875	37.0	-13.125	3.875	-31.6875	6.1875	-4.9375
11:29:57.263894	-3.0625	4.75	-2.0	36.5625	9.375	26.125	37.0	-23.5625	2.5	-33.5	6.3125	-1.125
11:29:57.273971	-2.1875	4.25	-2.4375	40.0625	2.8125	25.3125	35.75	-26.375	2.0	-34.375	3.375	-1.5625
11:29:57.284614	-1.25	3.0625	-2.8125	42.9375	0.375	24.3125	35.875	-30.25	2.1875	-31.75	-4.25	-2.75
11:29:57.294746	1.0625	0.0625	-3.4375	43.875	0.875	23.4375	37.125	-26.25	1.1875	-31.75	-4.25	-2.75
11:29:57.304872	2.375	-2.125	-2.875	43.5	2.0	24.0	40.0	-13.0625	1.125	-34.125	0.875	-0.125
11:29:57.315517	3.75	-4.25	-2.5625	40.75	4.9375	24.5625	40.5625	-6.8125	1.75	-28.875	11.9375	-2.1875
11:29:57.325594	5.1875	-5.875	-1.9375	37.6875	8.1875	25.4375	37.8125	-10.5	1.4375	-32.0	3.0625	0.125
11:29:57.335659	6.625	-7.25	-1.3125	33.4375	10.5625	26.625	37.25	-10.75	0.25	-37.8125	5.125	4.625
11:29:57.345730	8.125	-7.625	-0.4375	31.1875	13.875	27.0625	43.375	-9.6875	0.25	-45.875	9.875	5.0625
11:29:57.355804	9.3125	-7.0	0.8125	30.4375	15.3125	27.4375	42.4375	-12.625	0.0625	-28.4375	4.75	3.5
11:29:57.365879	10.3125	-5.5625	1.5625	30.3125	17.1875	28.25	41.25	-10.0	-1.1875	-33.5625	2.625	-1.375
11:29:57.375989	11.0	-3.625	3.0	29.875	22.9375	28.0625	46.5625	-3.125	-1.5	-41.0625	12.625	-1.875
11:29:57.386053	11.125	-1.6875	4.0	30.5625	29.375	27.625	49.625	0.25	0.5625	-41.1875	15.0625	3.8125
11:29:57.396125	10.75	0.25	4.8125	31.0625	33.375	27.1875	47.3125	0.6875	0.5625	-23.6875	1.3125	-0.4375
11:29:57.406247	10.1875	1.6875	5.4375	32.875	33.6875	26.8125	49.0625	3.75	-0.625	-32.0625	-1.4375	-4.625
11:29:57.416323	9.5	2.875	6.1875	33.0625	28.5625	27.5	53.0625	2.875	0.3125	-42.375	15.0625	0.25
11:29:57.426406	9.0	4.3125	7.0	33.25	25.1875	28.375	52.0625	4.375	1.25	-39.125	11.3125	4.875
11:29:57.436475	8.6875	5.6875	7.625	32.3125	22.125	29.75	50.25	5.75	0.9375	-25.5625	-16.25	11.75
11:29:57.446596	8.5	7.1875	7.875	30.3125	23.8125	30.4375	50.25	9.5625	-0.125	-39.5625	-44.3125	37.875
11:29:57.456704	8.6875	8.25	8.1875	30.375	22.125	32.3125	50.4375	18.875	1.625	-52.875	-2.875	8.125
11:29:57.466833	8.0	10.125	8.125	30.5625	24.0625	32.875	49.0	29.5625	4.5	-50.5	-26.6875	5.875
11:29:57.476940	7.75	11.0	8.0625	28.75	27.375	33.4375	48.625	30.0625	5.3125	-61.5625	5.9375	9.4375
11:29:57.487001	7.9375	10.75	6.8125	28.0	35.375	33.0625	51.4375	28.1875	7.1875	-64.1875	-7.9375	6.3125
11:29:57.497106	7.5	9.5	5.0625	30.875	38.3125	33.25	53.75	26.875	9.9375	-60.75	-30.875	4.5625
11:29:57.507179	6.9375	8.6875	3.0	27.875	38.625	35.375	53.9375	23.3125	12.0625	-60.75	-30.875	4.5625
11:29:57.517820	6.5625	8.0	1.1875	22.9375	36.1875	35.75	56.5	18.9375	12.75	-71.875	-31.25	6.25
11:29:57.527921	6.1875	7.6875	-0.125	19.375	28.4375	35.1875	61.6875	17.3125	14.4375	-71.875	-31.25	6.25
11:29:57.538011	5.875	7.375	-1.125	15.5625	25.0	35.125	63.3125	20.375	15.6875	-73.0	-44.3125	5.875
11:29:57.548131	5.5	6.6875	-1.0	10.875	24.5	34.0625	63.25	21.375	16.4375	-77.0	-39.4375	7.125
11:29:57.558835	4.8125	6.4375	-0.6875	8.6875	24.875	33.125	66.3125	23.4375	16.375	-89.25	-31.5625	6.5625
11:29:57.569020	4.125	6.0	0.4375	8.375	27.0625	31.8125	71.0625	25.0	18.0625	-79.4375	-37.5	2.125
11:29:57.579161	3.375	5.1875	2.125	8.5	31.5625	30.8125	73.3125	25.5	19.4375	-87.0	-32.25	6.1875
11:29:57.589651	2.5	3.0	3.5625	8.6875	33.3125	29.4375	78.3125	27.6875	22.125	-87.0	-32.25	6.1875
11:29:57.600093	0.375	-0.125	4.8125	9.375	27.8125	28.3125	82.6875	29.0625	24.5625	-94.625	-45.25	0.0625
11:29:57.610197	-3.3125	-2.4375	7.125	6.875	18.6875	25.1875	85.375	24.1875	25.3125	-94.625	-45.25	0.0625
11:29:57.620874	-7.5625	-4.125	10.5	1.625	11.8125	21.6875	87.25	13.6875	24.0625	-94.625	-45.25	0.0625
11:29:57.631118	-10.5	-6.625	12.5	-5.0625	1.625	16.25	94.0	12.125	21.8125	-94.625	-45.25	0.0625
11:29:57.641643	-11.4375	-10.25	11.5625	-9.8125	-7.75	10.375	101.3125	19.0625	21.625	-94.625	-45.25	0.0625
11:29:57.652116	-12.0	-18.9375	6.875	-15.1875	-16.9375	5.1875	104.625	27.75	21.75	-115.6875	-17.5	19.25
11:29:57.662250	-11.75	-30.25	1.5625	-23.8125	-24.8125	1.3125	107.3125	31.75	19.75	-116.375	-29.75	44.1875
11:29:57.672708	-9.9375	-39.4375	-2.4375	-33.125	-32.3125	-3.0	112.0	35.5	18.3125	-129.875	-36.5	55.0625
11:29:57.682837	-8.125	-41.75	-4.5625	-43.6875	-38.5	-7.3125	119.1875	47.625	19.3125	-128.5625	-24.875	71.25
11:29:57.693610	-6.25	-36.8125	-5.5625	-55.125	-39.9375	-12.3125	133.0625	88.4375	21.8125	-118.375	25.5	85.5
11:29:57.703704	-4.75	-26.9375	-5.5	-69.25	-42.5	-17.75	138.9375	131.8125	25.8125	-141.625	60.9375	93.625
11:29:57.713772	-3.0625	-15.25	-5.1875	-84.5625	-50.75	-21.625	133.9375	145.1875	25.875	-171.0	32.5	55.8125
11:29:57.723851	-2.0	-4.4375	-5.25	-98.4375	-60.3125	-24.0	122.5	122.875	24.1875	-202.4375	-40.6875	20.375
11:29:57.734141	-1.5	5.0625	-7.1875	-110.875	-64.0625	-28.5625	112.0625	80.75	23.75	-271.0	-62.5	19.75
11:29:57.744240	-3.125	20.625	-11.3125	-119.9375	-52.5625	-32.75	106.3125	26.5625	27.1875	-319.5625	-77.625	20.75
11:29:57.754374	-4.8125	24.1875	-11.8125	-129.3125	-34.875	-37.625	98.375	-2.5625	25.0625	-355.3125	-39.875	47.0
11:29:57.764495	-6.6875	23.75	-11.125	-140.3125	-16.125	-45.5	88.75	-5.0625	21.75	-336.8125	-159.0	17.0
11:29:57.775106	-8.8125	20.0	-9.9375	-138.375	5.75	-51.4375	86.75	-5.375	24.375	-233.375	-276.8125	-46.375
11:29:57.785268	-9.8125	14.0625	-7.625	-126.3125	18.9375	-60.625	87.125	-4.875	25.1875	-41.4375	-144.1875	-60.0625
11:29:57.795333	-10.0	8.25	-5.25	-108.625	18.0	-65.0	86.125	3.5	24.125	-41.4375	-144.1875	-60.0625
11:29:57.805408	-9.0	3.125	-2.0	-89.8125	6.75	-64.5625	73.5	9.75	20.75	123.5	273.1875	19.625
11:29:57.815486	-7.125	-2.625	0.0	-80.9375	0.125	-65.125	46.875	2.5625	14.625	151.4375	119.125	-26.25
11:29:57.825579	-4.5625	-8.125	1.0625	-75.5625	-13.0625	-60.875	17.0625	-17.4375	10.875	87.875	-35.0	-60.6875
11:29:57.835659	-2.75	-11.1875	2.1875	-80.125	-29.125	-59.0625	-7.4375	-43.625	7.25	52.5	8.1875	-56.625
11:29:57.845725	-1.0	-11.625	2.1875	-84.6875	-32.8125	-57.9375	-25.375	-68.25	1.4375	108.0625	158.5625	-47.5625
11:29:57.855795	0.0	-11.0	2.125	-92.8125	-32.6875	-59.5625	-44.8125	-82.3125	-7.0625	204.1875	181.0	-66.4375
11:29:57.865865	1.125	-9.4375	0.25	-98.5625	-36.0	-60.875	-66.9375	-85.5625	-14.6875	255.9375	73.0625	-98.5625
11:29:57.875938	2.0	-7.375	-1.25	-100.3125	-44.3125	-63.1875	-87.9375	-82.4375	-21.25	221.75	6.8125	-57.875
11:29:57.886019	3.1875	-4.875	-2.75	-97.6875	-51.9375	-63.0625	-108.125	-70.625	-21.875	148.125	38.25	-18.4375
11:29:57.896090	4.3125	-2.5625	-3.4375	-93.0625	-57.9375	-62.0	-127.75	-54.8125	-16.75	148.125	38.25	-18.4375
11:29:57.906168	5.25	-0.8125	-3.375	-86.9375	-62.25	-60.5625	-147.375	-48.75	-10.75	170.875	67.0625	-17.1875
11:29:57.916239	5.5625	0.25	-3.125	-79.625	-63.1875	-59.9375	-163.5625	-48.375	-9.8125	210.75	47.8125	-18.5
11:29:57.926312	5.8125	0.375	-2.625	-75.0	-67.125	-58.0625	-177.75	-36.25	-12.0625	229.6875	57.5625	-27.125
11:29:57.936392	5.5	-1.0625	-0.75	-75.125	-69.375	-56.375	-193.125	-15.1875	-13.6875	228.25	79.125	-28.625
11:29:57.946905	4.75	-2.0625	-0.8125	-76.4375	-70.0625	-51.875	-207.6875	7.4375	-16.4375	222.0	89.125	-20.5625
11:29:57.956984	3.9375	-2.125	-1.9375	-75.8125	-70.6875	-48.75	-218.8125	27.25	-21.25	220.25	89.375	-10.1875
11:29:57.967110	4.5	-2.5	-3.1875	-62.875	-66.8125	-46.1875	-230.25	47.875	-26.5	211.0	100.0	3.375
11:29:57.977778	4.1875	-3.4375	-4.625	-53.25	-56.0625	-44.8125	-238.8125	57.6875	-29.9375	204.9375	107.9375	16.125
11:29:57.987969	3.375	-4.25	-5.5	-47.125	-41.0625	-44.25	-243.375	52.4375	-32.625	221.0	105.8125	21.75
11:29:57.998067	1.9375	-4.9375	-6.625	-40.25	-25.5625	-43.625	-246.0625	34.625	-35.0	221.0	105.8125	21.75
11:29:58.008160	0.6875	-5.375	-7.0625	-37.0625	-13.6875	-42.5	-247.625	14.375	-36.25	238.3125	88.0625	23.875
11:29:58.018234	-0.9375	-4.625	-7.0	-33.8125	-4.0625	-42.5625	-248.75	2.875	-37.5625	233.5625	73.25	24.1875
11:29:58.028337	-2.875	-3.0625	-5.125	-30.125	4.3125	-42.9375	-250.375	1.1875	-38.3125	225.875	59.0625	24.3125
11:29:58.038945	-4.6875	-1.125	-3.1875	-23.0625	11.8125	-42.6875	-252.0	2.625	-38.25	222.1875	50.1875	25.5
11:29:58.049101	-5.75	1.125	-0.875	-14.75	16.9375	-42.5625	-250.8125	10.125	-38.6875	227.5625	52.1875	26.3125
11:29:58.059230	-6.6875	3.4375	0.875	-7.75	18.5625	-41.875	-245.75	21.6875	-39.4375	228.3125	56.625	27.75
11:29:58.069865	-7.625	5.625	2.875	-2.3125	14.5	-39.625	-245.75	21.6875	-39.4375	224.5625	55.4375	21.8125
11:29:58.080002	-7.6875	6.875	4.5	-0.25	7.3125	-36.0	-242.375	18.4375	-38.75	220.5625	59.4375	14.4375
11:29:58.090132	-7.75	7.875	6.375	3.25	-0.3125	-32.5625	-228.5	0.0625	-35.75	211.3125	51.875	13.9375
11:29:58.100222	-7.8125	7.5625	7.25	7.875	-2.75	-29.8125	-219.375	-11.0	-33.25	200.8125	33.4375	12.75
11:29:58.110346	-7.125	5.875	7.1875	16.25	-3.3125	-27.75	-207.875	-20.5	-30.375	186.25	18.8125	13.875
11:29:58.120977	-6.0625	3.9375	7.1875	24.0625	-5.9375	-27.0	-194.25	-27.1875	-26.75	171.875	7.375	12.9375
11:29:58.131130	-5.25	2.0625	7.1875	34.0	-13.1875	-26.875	-177.8125	-30.6875	-23.5625	160.8125	-2.9375	10.875
11:29:58.141272	-4.5625	1.25	8.1875	35.6875	-22.0	-25.1875	-160.5	-34.875	-20.5	145.75	-15.0625	8.875
11:29:58.151392	-4.5625	0.1875	9.0	34.8125	-32.0	-21.25	-141.4375	-39.8125	-17.9375	130.5625	-22.9375	5.875
11:29:58.162079	-4.25	-0.9375	9.375	30.875	-37.75	-18.0	-118.75	-47.125	-15.625	112.875	-28.625	7.3125
11:29:58.172199	-4.3125	-2.4375	10.6875	27.1875	-39.6875	-14.9375	-95.25	-48.3125	-13.0	94.4375	-27.375	12.5625
11:29:58.182272	-4.625	-4.4375	11.875	24.375	-36.3125	-12.875	-71.3125	-41.875	-12.0625	94.4375	-27.375	12.5625
11:29:58.192351	-5.5	-6.6875	12.75	20.0625	-29.3125	-13.0	-47.4375	-31.5	-11.25	48.125	-22.6875	9.8125
11:29:58.203087	-5.625	-8.5	13.75	16.5625	-20.4375	-13.6875	-23.625	-19.3125	-10.4375	22.875	-17.3125	6.8125
11:29:58.213178	-5.3125	-9.0625	14.25	13.8125	-9.75	-13.6875	0.0	-8.6875	-9.5625	-1.9375	-14.3125	5.4375
11:29:58.223775	-4.9375	-8.875	14.0625	11.75	-0.3125	-13.5625	21.875	-4.375	-8.375	-1.9375	-14.3125	5.4375
11:29:58.233912	-4.6875	-9.5625	11.4375	8.125	2.1875	-12.5625	41.75	-6.0625	-7.125	-44.6875	-4.0	5.625
11:29:58.243996	-4.0625	-10.25	8.4375	2.75	-2.1875	-11.25	60.3125	-8.75	-5.9375	-57.0625	-10.375	-0.5625
11:29:58.254068	-3.8125	-10.8125	5.3125	-3.625	-10.625	-10.125	76.0	-13.3125	-4.5625	-58.625	-12.5	-7.1875
11:29:58.264138	-3.9375	-10.9375	1.6875	-7.9375	-18.4375	-8.5625	88.5	-18.875	-3.4375	-65.625	-32.0	-28.0
11:29:58.274221	-4.0625	-10.375	-0.875	-7.625	-22.25	-6.1875	98.75	-27.4375	-2.75	-133.1875	-98.4375	-52.0
11:29:58.284289	-2.5625	-8.75	-1.1875	-5.6875	-22.9375	-4.3125	108.6875	-37.75	-1.6875	-116.75	-60.4375	-30.5625
11:29:58.294364	-1.8125	-8.1875	0.125	-4.3125	-23.6875	-1.8125	113.0625	-48.6875	0.0625	-116.75	-60.4375	-30.5625
11:29:58.304436	-0.75	-6.8125	1.3125	-3.5	-23.8125	1.8125	101.9375	-32.0	0.8125	-4.5625	-124.3125	-13.625
11:29:58.314605	1.0625	-4.4375	3.1875	0.1875	-21.6875	5.6875	68.5625	17.125	1.0	142.6875	-51.5	-12.8125
11:29:58.325249	4.125	-2.5	7.1875	8.5625	-17.9375	9.1875	29.125	6.0625	3.5	142.6875	-51.5	-12.8125
11:29:58.335347	7.25	-1.25	11.125	45.6875	19.75	20.5	18.625	-49.5	2.3125	-179.375	-129.4375	-48.5
11:29:58.345424	9.3125	0.75	10.8125	44.9375	23.625	27.5625	47.1875	-91.25	-7.75	-204.8125	-306.625	0.5625
11:29:58.355493	9.75	4.125	7.75	39.875	13.6875	29.75	76.0	-105.875	-17.0625	-193.375	-29.9375	93.9375
11:29:58.365561	9.0	11.0	3.625	34.6875	19.1875	26.5	76.875	-66.5	-19.5	-193.375	-29.9375	93.9375
11:29:58.375650	7.5625	21.625	0.125	19.875	19.75	15.75	68.4375	-0.5	-11.4375	-193.375	-29.9375	93.9375
11:29:58.385726	6.4375	29.5625	-2.625	1.875	11.625	3.75	68.25	47.8125	-2.5625	-193.375	-29.9375	93.9375
11:29:58.396206	5.9375	29.9375	-3.625	4.875	17.75	2.4375	66.125	49.9375	3.0625	-53.875	-19.1875	39.1875
11:29:58.406269	6.625	23.125	-3.3125	25.625	46.6875	13.0	65.875	30.4375	4.875	4.9375	-12.9375	10.625
11:29:58.416342	8.625	13.4375	-2.8125	35.3125	60.375	25.625	68.625	-11.0625	1.1875	35.3125	-17.625	-4.8125
11:29:58.426414	10.0625	3.4375	-3.5625	39.9375	65.6875	31.375	65.25	-48.625	-5.5	35.3125	-17.625	-4.8125
11:29:58.436488	10.75	-5.375	-6.25	46.0	68.4375	30.4375	58.4375	-55.375	-12.875	-66.625	-25.9375	-5.6875
11:29:58.446607	10.6875	-10.375	-10.0	54.1875	68.9375	25.5625	54.5	-33.125	-17.5625	-84.0625	-47.875	-12.8125
11:29:58.456691	10.8125	-13.0625	-12.75	61.4375	69.25	24.3125	53.9375	1.875	-16.875	-77.375	-19.6875	10.25
11:29:58.466766	10.1875	-14.9375	-12.75	66.6875	65.125	24.1875	53.6875	26.9375	-12.875	-77.375	-19.6875	10.25
11:29:58.476839	10.1875	-14.9375	-12.75	66.75	49.625	24.3125	51.75	37.4375	-8.1875	-59.25	-4.1875	21.4375
11:29:58.486914	9.5	-15.8125	-10.8125	59.6875	20.25	26.4375	51.25	34.125	-6.5	-59.25	-4.1875	21.4375
11:29:58.497037	8.9375	-15.4375	-8.125	46.5625	-12.5	27.8125	49.8125	20.5625	-7.3125	-59.25	-4.1875	21.4375
11:29:58.507103	8.0625	-14.125	-5.0625	35.5625	-33.5	27.5	47.0625	7.375	-8.5	-32.875	-2.6875	-5.75
11:29:58.517177	7.0625	-12.25	-1.875	26.75	-42.5625	26.8125	45.25	-9.5	-8.1875	-32.875	-2.6875	-5.75
11:29:58.527243	6.25	-9.0	0.25	18.5625	-39.5	25.25	46.9375	-14.5	-5.9375	-53.125	-12.8125	9.3125
11:29:58.537374	5.125	-5.125	2.1875	20.5	-27.3125	24.375	47.1875	-7.875	-2.5625	-53.125	-12.8125	9.3125
11:29:58.547641	3.75	-0.75	3.4375	43.375	-9.125	22.75	44.4375	4.25	0.25	-53.125	-12.8125	9.3125
11:29:58.557712	2.0	3.1875	4.5	52.4375	11.625	21.625	43.5	13.5	0.6875	-53.125	-12.8125	9.3125
11:29:58.567799	0.25	5.75	5.1875	59.1875	30.3125	21.0625	45.625	21.1875	-0.0625	-26.8125	6.1875	-7.9375
11:29:58.578084	-1.0625	7.5	5.125	59.9375	44.0	23.875	45.9375	27.625	-0.0625	-26.8125	6.1875	-7.9375
11:29:58.588580	-1.9375	7.5625	3.625	57.1875	53.875	27.0625	42.875	32.5	1.5	-26.8125	6.1875	-7.9375
11:29:58.599241	-2.4375	6.6875	1.375	52.0	59.0	28.0	42.5	34.4375	3.0625	-26.8125	6.1875	-7.9375
11:29:58.610043	-2.875	5.75	-1.0625	48.25	62.4375	26.125	42.6875	32.625	4.9375	-45.9375	0.625	7.5
11:29:58.620616	-3.375	4.5625	-3.0625	49.5625	65.8125	24.9375	39.4375	23.8125	8.125	-28.375	-2.625	0.0
11:29:58.631185	-3.125	4.375	-4.8125	51.75	73.4375	24.5625	38.25	0.0625	7.4375	-28.375	-2.625	0.0
11:29:58.641275	-3.375	4.1875	-7.125	51.75	73.4375	24.5625	39.0625	-15.875	4.6875	-28.375	-2.625	0.0
11:29:58.651707	-4.4375	4.6875	-6.375	49.125	75.4375	25.6875	39.625	-12.4375	2.0	-26.625	1.1875	-7.0625
11:29:58.661819	-4.875	5.375	-6.1875	46.0	61.0	27.1875	37.8125	-7.0625	2.125	-33.0625	4.5625	-10.5
11:29:58.672497	-5.625	5.875	-5.625	44.625	46.1875	27.1875	36.875	-4.8125	2.125	-37.0	10.25	-6.875
11:29:58.682564	-5.875	6.3125	-5.1875	42.8125	32.0625	27.0	38.3125	1.8125	1.9375	-37.8125	11.25	-0.6875
11:29:58.692671	-5.6875	6.0625	-4.5625	40.9375	19.5	26.75	37.6875	6.4375	2.375	-26.5	2.625	-2.875
11:29:58.702837	-5.375	5.75	-3.75	40.1875	9.75	27.5625	35.1875	-6.4375	3.0	-35.9375	1.125	-1.0
11:29:58.712905	-4.5625	5.25	-3.0625	38.375	2.5	28.5625	32.6875	-19.625	1.625	-35.9375	1.125	-1.0
11:29:58.723512	-3.875	4.3125	-2.8125	37.6875	-0.875	28.375	33.9375	-26.4375	1.0	-35.9375	1.125	-1.0
11:29:58.733604	-2.375	3.375	-3.125	38.125	-3.25	27.875	33.6875	-28.875	1.4375	-23.6875	-7.25	-3.3125
11:29:58.743695	-0.75	2.1875	-3.375	38.6875	-2.1875	26.9375	31.5	-29.6875	0.4375	-26.4375	2.125	-3.25
11:29:58.753828	0.875	0.8125	-3.625	39.8125	2.5625	27.125	31.1875	-20.25	-0.125	-33.125	14.125	-2.4375
11:29:58.763910	2.3125	-0.8125	-4.125	39.375	6.3125	28.375	34.125	-9.25	0.5625	-33.125	14.125	-2.4375
11:29:58.773985	4.125	-2.75	-4.8125	40.875	11.0625	29.875	32.4375	-5.875	1.0625	-22.3125	0.875	-3.3125
11:29:58.784058	5.4375	-4.4375	-4.9375	41.5	15.5625	31.3125	31.0	-3.625	0.125	-28.5	8.4375	-1.8125
11:29:58.794128	6.375	-5.375	-5.3125	42.5	18.4375	33.625	35.6875	0.5625	-0.5	-28.5	8.4375	-1.8125
11:29:58.804698	7.4375	-5.25	-4.8125	42.9375	21.625	35.9375	36.0625	1.5625	0.6875	-21.9375	6.625	1.3125
11:29:58.814803	8.9375	-3.0625	-2.625	42.625	24.375	38.0625	33.4375	2.6875	0.5	-21.9375	6.625	1.3125
11:29:58.824870	9.375	-0.5625	-1.1875	41.4375	34.1875	38.25	35.0	6.25	-0.4375	-28.0625	9.625	-2.5625
11:29:58.834979	9.875	2.375	0.0	41.875	40.125	39.3125	38.375	9.0	0.375	-28.0625	9.625	-2.5625
11:29:58.845086	9.875	2.375	0.0	40.75	42.0	39.0625	38.1875	11.6875	2.0625	-19.75	2.25	-0.75
11:29:58.855204	9.8125	7.875	2.25	39.875	36.4375	39.125	36.625	12.1875	2.3125	-24.875	-10.9375	4.375
11:29:58.865314	9.25	10.125	3.25	39.6875	32.5625	38.625	38.0625	14.3125	1.6875	-24.875	-10.9375	4.375
11:29:58.875944	8.5625	12.3125	4.25	39.25	27.5	39.4375	40.625	16.375	1.875	-42.875	-9.4375	32.0
11:29:58.886012	8.1875	15.6875	4.9375	40.0625	26.75	39.1875	39.6875	22.25	3.0	-39.5	3.3125	13.0
11:29:58.896091	8.75	18.125	5.1875	36.4375	27.0	38.0625	39.6875	29.625	4.25	-47.9375	-13.25	8.1875
11:29:58.906167	8.3125	20.4375	5.3125	36.4375	32.6875	36.625	42.875	33.625	5.3125	-47.9375	-13.25	8.1875
11:29:58.916284	8.875	22.5625	6.1875	37.5625	37.4375	34.875	45.6875	34.0625	7.875	-59.0	4.1875	5.75
11:29:58.926358	8.875	22.5625	6.1875	35.875	38.0	34.25	46.75	32.125	10.6875	-54.0	-21.875	6.4375
11:29:58.936917	9.0	22.3125	6.75	31.8125	38.0625	33.375	49.5	27.25	11.8125	-54.0	-21.875	6.4375
11:29:58.946994	8.5625	19.75	5.25	28.8125	35.5625	33.1875	54.9375	23.75	13.25	-62.875	-18.3125	7.0625
11:29:58.957116	8.25	16.1875	2.5	22.125	30.3125	33.9375	60.4375	22.0625	15.375	-71.5625	-38.1875	3.625
11:29:58.967180	7.5	12.5	-0.1875	13.625	29.9375	33.4375	61.25	21.6875	17.25	-71.5625	-38.1875	3.625
11:29:58.977256	6.9375	9.125	-2.875	7.625	27.5625	32.25	63.375	21.875	17.5625	-71.5625	-38.1875	3.625
11:29:58.987348	6.0625	7.3125	-4.4375	4.25	29.5	31.1875	69.625	23.75	18.75	-77.9375	-37.75	5.375
11:29:58.997420	5.4375	6.0625	-4.75	3.25	35.3125	30.5625	73.3125	26.375	20.125	-82.875	-39.3125	-0.3125
11:29:59.007498	4.375	5.1875	-3.6875	3.125	36.5625	28.8125	74.8125	26.25	21.5625	-78.75	-41.5625	2.3125
11:29:59.017622	3.5	4.75	-2.375	5.75	33.4375	26.9375	78.25	27.3125	21.5	-93.6875	-36.6875	7.5
11:29:59.027688	3.25	4.125	-0.0625	7.5	29.9375	25.4375	83.4375	31.875	22.6875	-93.6875	-36.6875	7.5
11:29:59.037765	2.3125	3.3125	2.0	6.0	28.625	23.3125	85.8125	41.1875	25.125	-95.875	-25.125	8.6875
11:29:59.048331	-1.125	2.75	5.8125	2.5625	25.375	20.125	87.8125	36.875	26.125	-94.4375	-48.75	4.5625
11:29:59.058464	-4.3125	5.0	11.5625	-2.75	17.375	15.0	94.125	27.375	24.8125	-100.8125	-69.3125	15.75
11:29:59.068648	-8.1875	2.4375	14.25	-10.3125	7.25	10.1875	100.1875	16.9375	23.1875	-117.1875	-19.3125	31.0625
11:29:59.078782	-10.9375	-5.625	13.5	-17.3125	-3.4375	4.5625	106.3125	21.0625	21.0625	-116.3125	-5.25	24.5
11:29:59.088932	-11.1875	-17.5	9.75	-27.0	-14.3125	-0.4375	116.3125	42.625	17.9375	-116.3125	-5.25	24.5
11:29:59.099035	-9.8125	-30.375	4.5625	-38.625	-22.9375	-5.5625	122.0625	47.875	15.5625	-132.8125	-14.1875	58.3125
11:29:59.109774	-8.0625	-37.75	-1.125	-50.3125	-30.25	-11.4375	126.3125	63.0	16.1875	-132.75	-6.25	75.0625
11:29:59.119849	-6.5	-36.625	-7.125	-60.875	-36.8125	-17.4375	138.6875	100.9375	19.375	-129.5625	44.0625	96.5
11:29:59.129965	-6.125	-30.0	-10.8125	-72.6875	-42.75	-23.5625	145.875	140.125	24.3125	-139.9375	86.375	94.125
11:29:59.140343	-6.0	-19.4375	-10.5	-87.0	-49.5	-28.25	142.875	161.5	27.375	-175.8125	51.6875	56.125
11:29:59.150422	-5.5625	-7.9375	-8.9375	-102.0625	-56.9375	-30.875	128.625	143.8125	27.6875	-223.75	-22.375	13.0625
11:29:59.160529	-4.3125	2.6875	-8.25	-126.0	-61.1875	-40.0625	114.75	88.5	28.0	-295.625	-64.375	2.3125
11:29:59.170667	-3.375	10.625	-9.5625	-131.5625	-52.6875	-45.25	102.8125	24.8125	28.125	-336.8125	-60.4375	15.3125
11:29:59.181323	-2.75	17.75	-11.625	-144.0	-26.1875	-54.75	95.4375	-14.9375	21.8125	-335.4375	-73.9375	36.25
11:29:59.191392	-2.3125	23.4375	-12.8125	-141.125	11.1875	-63.1875	91.25	-26.6875	18.4375	-295.5625	-243.1875	13.125
11:29:59.201471	-2.875	27.125	-13.3125	-126.375	14.8125	-72.9375	93.0625	-28.0625	21.25	-172.5	-247.375	-8.875
11:29:59.211550	-4.1875	28.0625	-12.125	-104.9375	8.4375	-79.375	90.3125	-14.25	17.75	27.625	112.0	-8.8125
11:29:59.221620	-5.6875	25.0	-9.5625	-84.125	-7.9375	-76.8125	80.1875	1.1875	14.0	92.375	343.9375	51.4375
11:29:59.231741	-5.9375	20.5	-6.5	-70.875	-13.75	-76.5625	52.8125	4.6875	10.3125	123.0625	196.4375	6.125
11:29:59.241811	-5.25	14.9375	-3.5625	-74.25	-21.9375	-74.5625	16.875	-10.125	6.8125	68.6875	-35.125	-65.8125
11:29:59.251887	-3.0625	10.0	-1.5625	-78.9375	-25.25	-69.5625	-8.8125	-25.0	2.5625	16.8125	-31.4375	-56.0
11:29:59.261968	-0.5625	5.75	1.25	-90.625	-30.1875	-66.3125	-27.3125	-48.125	-4.5	53.5	105.25	-39.4375
11:29:59.272049	1.9375	2.125	2.0625	-97.0	-24.1875	-65.1875	-46.8125	-66.875	-13.3125	147.8125	138.1875	-56.4375
11:29:59.282111	3.625	-0.125	2.4375	-101.8125	-29.625	-65.125	-70.3125	-67.9375	-20.6875	230.875	58.0	-87.4375
11:29:59.292187	4.6875	-0.875	2.125	-100.3125	-38.0625	-67.5	-89.0	-59.6875	-27.75	241.75	21.8125	-59.375
11:29:59.302304	4.5625	-1.3125	1.125	-95.125	-48.4375	-67.5625	-110.8125	-47.25	-29.6875	197.8125	23.9375	-16.4375
11:29:59.312414	4.375	-1.125	-0.625	-84.1875	-52.6875	-67.125	-132.6875	-38.5	-25.5	175.3125	31.5625	-23.875
11:29:59.322476	4.375	-1.1875	-1.9375	-74.0	-55.375	-65.75	-154.125	-42.875	-21.4375	196.625	41.375	-14.3125
11:29:59.332664	4.3125	-1.6875	-1.0	-70.125	-61.0625	-61.875	-173.4375	-54.3125	-22.25	219.875	37.3125	-1.9375
11:29:59.342735	4.25	-1.5	-0.0625	-72.5625	-65.0625	-55.875	-187.625	-62.8125	-26.0625	237.375	25.0625	-6.4375
11:29:59.353375	4.0625	-1.5625	0.5	-74.375	-69.5625	-47.0	-200.0	-63.9375	-28.6875	237.375	25.0625	-6.4375
11:29:59.364080	4.0625	-1.5625	0.5	-74.375	-69.5625	-47.0	-200.0	-63.9375	-28.6875	237.375	25.0625	-6.4375
11:29:59.374211	3.0625	-4.4375	3.0625	-73.6875	-69.3125	-40.875	-214.0625	-56.875	-30.0	265.25	58.4375	-21.0
11:29:59.384289	2.5	-4.625	2.4375	-60.8125	-64.0625	-37.8125	-241.5625	-8.1875	-31.6875	248.3125	91.125	2.125
11:29:59.394358	3.625	-5.375	1.75	-49.6875	-52.75	-36.0	-250.5625	17.5625	-32.3125	234.1875	101.1875	13.4375
11:29:59.404833	2.8125	-5.8125	-0.1875	-36.6875	-29.9375	-34.0	-256.0625	39.5625	-33.4375	225.6875	101.0	24.75
11:29:59.414912	1.9375	-5.5625	-1.0625	-28.5625	-21.5625	-34.3125	-256.0625	39.5625	-33.4375	225.9375	103.4375	22.9375
11:29:59.425070	1.3125	-4.5625	-1.5	-24.5	-13.375	-34.5	-259.875	56.75	-36.0	228.6875	101.3125	22.5
11:29:59.435166	0.3125	-3.375	-2.1875	-20.5625	-5.9375	-36.3125	-260.8125	62.125	-37.8125	229.25	84.4375	28.875
11:29:59.445237	-0.9375	-2.0	-2.8125	-15.6875	2.9375	-37.375	-260.75	54.875	-38.9375	229.625	66.875	28.375
11:29:59.455312	-2.8125	-0.9375	-2.5	-6.625	12.375	-36.625	-259.5625	39.6875	-39.5	234.25	63.125	27.375
11:29:59.465443	-4.625	-0.0625	-1.8125	1.625	21.625	-36.5	-256.4375	24.5625	-39.875	233.875	59.375	26.1875
11:29:59.475510	-6.75	1.125	-0.5	6.625	24.1875	-36.25	-252.0625	12.125	-39.125	232.9375	52.4375	22.4375
11:29:59.486096	-8.9375	3.3125	1.1875	8.5	20.3125	-35.125	-247.25	2.3125	-37.8125	231.6875	49.25	14.125
11:29:59.496192	-11.125	6.375	3.25	9.25	16.25	-33.8125	-242.0	-2.0	-35.875	224.0	42.5	5.625
11:29:59.506282	-11.3125	7.375	5.375	7.9375	12.5	-32.1875	-236.25	-4.0	-33.0	221.9375	37.5625	3.0
11:29:59.516361	-11.75	7.375	6.875	11.3125	7.5	-29.5	-229.5	-4.75	-28.75	210.6875	34.1875	2.4375
11:29:59.526476	-11.625	5.9375	8.1875	15.3125	-0.4375	-27.1875	-222.3125	0.3125	-25.4375	194.875	26.375	1.25
11:29:59.537040	-11.3125	4.625	9.8125	18.6875	-4.5	-23.6875	-212.3125	0.6875	-23.6875	182.25	21.25	5.0
11:29:59.547109	-10.6875	3.6875	11.25	23.125	-5.8125	-20.625	-200.25	-8.5	-22.1875	171.375	18.9375	6.3125
11:29:59.557224	-10.0	3.125	12.5	26.5625	-10.75	-17.0	-185.8125	-19.25	-20.875	156.4375	14.125	7.6875
11:29:59.567378	-9.25	1.5	12.4375	28.125	-19.125	-13.8125	-170.25	-30.0	-19.1875	143.5	2.875	8.625
11:29:59.577495	-7.75	-0.0625	12.25	25.875	-28.3125	-11.875	-153.0	-38.9375	-17.5	128.125	-6.8125	9.6875
11:29:59.587613	-6.1875	-2.0	12.0625	22.3125	-32.6875	-10.5625	-134.25	-44.25	-15.8125	109.0625	-7.0625	13.375
11:29:59.597679	-5.25	-4.0	11.0	19.8125	-34.1875	-10.0625	-111.6875	-40.25	-13.8125	86.875	-9.5	13.25
11:29:59.607777	-3.8125	-5.8125	10.0625	18.3125	-32.25	-10.0	-88.25	-31.1875	-12.75	65.1875	-15.9375	9.5
11:29:59.617910	-2.6875	-7.5625	9.125	14.625	-28.1875	-11.0	-64.625	-20.25	-10.875	42.8125	-20.6875	5.5625
11:29:59.628463	-2.375	-9.625	8.1875	9.0	-24.0	-12.75	-40.625	-12.375	-9.125	16.75	-27.75	3.5625
11:29:59.638558	-2.25	-10.3125	7.4375	1.1875	-21.3125	-13.5	-16.5625	-11.8125	-6.6875	-25.6875	-29.375	-0.75
11:29:59.648649	-2.1875	-10.0625	8.25	-6.625	-19.9375	-14.1875	6.5625	-17.4375	-5.0	-38.5625	-29.125	-3.5625
11:29:59.659291	-1.3125	-10.8125	8.125	-12.375	-20.375	-14.75	28.6875	-26.3125	-3.875	-38.5625	-29.125	-3.5625
11:29:59.669405	0.125	-12.25	7.75	-19.5	-24.25	-14.125	49.25	-32.3125	-2.8125	-54.625	-32.625	-9.125
11:29:59.679494	1.8125	-13.375	7.0	-22.0	-28.75	-12.625	81.375	-40.25	-3.0	-62.25	-50.625	-29.6875
11:29:59.689563	2.8125	-14.625	6.375	-21.4375	-33.0	-11.25	92.1875	-44.1875	-4.625	-135.125	-122.75	-61.375
11:29:59.699636	3.6875	-13.875	5.625	-17.1875	-31.875	-9.8125	100.8125	-48.8125	-6.125	-133.4375	-98.6875	-51.75
11:29:59.709784	4.1875	-12.8125	5.75	-10.8125	-23.125	-9.0	108.875	-55.8125	-5.6875	-80.75	-32.125	-30.0625
11:29:59.719906	4.125	-10.9375	6.375	0.5	-11.75	-7.5625	112.5625	-59.875	-4.375	4.625	-113.3125	-29.125
11:29:59.730477	3.9375	-7.5	7.625	11.25	-6.1875	-4.4375	100.0	-32.25	-3.4375	141.3125	-26.0625	-32.75
11:29:59.740578	4.5625	-3.0	7.875	22.5625	-7.5	0.0625	60.25	7.0	-1.25	-32.875	47.3125	-56.9375
11:29:59.750679	7.4375	-1.8125	10.0625	40.6875	0.625	17.8125	25.3125	-52.0625	3.4375	-185.8125	-265.125	-41.5
11:29:59.761183	10.8125	-4.5625	13.0	40.6875	0.625	17.8125	29.75	-108.0	-0.5625	-190.5	-306.3125	42.1875
11:29:59.771473	12.375	-7.5	13.3125	42.4375	10.0	21.3125	61.75	-145.6875	-12.9375	-169.125	44.5625	120.5
11:29:59.781566	12.25	-6.125	10.25	44.125	27.625	27.6875	79.625	-123.625	-19.875	-180.25	107.25	112.4375
11:29:59.791698	10.6875	-0.8125	5.8125	33.0625	24.625	22.4375	72.9375	-57.6875	-17.25	-156.9375	-49.8125	51.3125
11:29:59.801800	8.8125	6.8125	2.1875	5.75	8.75	12.5625	67.25	22.625	-7.625	-87.9375	-65.9375	63.4375
11:29:59.812390	6.9375	12.9375	0.4375	-5.125	10.0	10.9375	67.75	74.625	-0.8125	-34.1875	11.3125	49.3125
11:29:59.822535	5.4375	13.0	0.0625	-0.6875	26.25	20.8125	66.1875	85.125	4.9375	28.75	-9.4375	16.0625
11:29:59.832607	5.1875	7.5625	0.25	9.0625	35.9375	30.875	65.875	65.9375	5.1875	41.0	-19.25	4.125
11:29:59.842734	6.4375	0.625	-0.4375	25.0625	41.8125	31.875	67.9375	17.5625	-0.875	-17.125	6.5	6.625
11:29:59.852830	8.5625	-6.3125	-2.6875	44.0625	49.5625	26.1875	63.5625	-32.625	-10.25	-86.9375	-16.125	-13.1875
11:29:59.863349	9.125	-13.0	-5.9375	66.5625	62.0	19.9375	56.0	-47.4375	-18.75	-109.8125	-45.25	-10.9375
11:29:59.873469	8.8125	-18.3125	-9.0	80.875	74.0	18.0	52.25	-27.0625	-22.375	-105.75	-27.0625	3.0625
11:29:59.883585	8.6875	-21.6875	-11.4375	80.625	73.125	17.8125	52.3125	8.3125	-19.75	-70.5625	1.125	5.3125
11:29:59.893700	9.0625	-23.5625	-13.6875	75.75	55.625	18.9375	52.0	32.75	-13.875	-20.8125	10.25	-9.375
11:29:59.904327	9.0	-24.3125	-12.75	59.5	19.375	22.75	50.375	38.0	-8.1875	6.1875	6.125	-10.8125
11:29:59.914399	8.9375	-22.6875	-10.625	40.0	-19.625	25.25	50.0625	26.25	-6.1875	3.5	7.4375	-12.8125
11:29:59.924478	8.1875	-20.25	-7.75	24.6875	-49.4375	25.3125	49.625	5.1875	-6.375	-24.9375	-2.75	-6.875
11:29:59.934581	7.375	-17.8125	-4.375	12.5	-65.9375	24.3125	46.9375	-15.4375	-7.3125	-56.3125	-22.0625	-3.0625
11:29:59.944654	5.875	-14.5625	-1.5625	4.125	-64.875	23.0	45.1875	-32.3125	-7.125	-55.1875	-18.375	8.5
11:29:59.954727	4.0	-10.3125	0.875	15.625	-51.0	22.8125	46.75	-35.0	-6.25	-40.375	-14.6875	20.0
11:29:59.965126	1.6875	-5.0625	3.0	45.5	-23.4375	19.5625	48.1875	-23.6875	-3.1875	-13.625	-8.625	10.5
11:29:59.975270	-0.5	-0.25	4.375	50.125	4.5625	16.25	45.5	-4.0625	-0.6875	-11.0625	-2.9375	-9.75
11:29:59.985342	-1.8125	3.6875	5.375	61.375	28.1875	16.0	44.5	12.625	0.5625	-19.625	10.875	-15.4375
11:29:59.995446	-2.375	5.875	5.0	60.75	44.25	18.5625	46.3125	27.125	0.0	-35.8125	13.375	-12.625
11:30:00.005519	-2.5625	6.1875	3.0625	54.1875	54.3125	21.4375	46.125	33.375	0.25	-48.375	0.9375	-10.125
11:30:00.015596	-2.5625	4.8125	0.75	47.4375	58.9375	22.6875	43.75	41.0625	1.0	-50.3125	3.625	-5.25
11:30:00.025701	-2.4375	4.0625	-1.8125	44.5	61.9375	22.3125	40.9375	41.6875	2.75	-43.5625	2.375	3.75
11:30:00.035801	-2.6875	3.6875	-4.0	46.625	68.9375	20.8125	40.25	35.5625	5.0625	-35.5	-6.1875	9.75
11:30:00.045914	-2.8125	3.875	-5.3125	51.1875	74.125	21.25	38.0	28.625	6.0625	-26.75	-7.125	1.625
11:30:00.056018	-2.9375	4.5	-6.0625	53.125	84.0	23.25	36.125	18.5625	6.0625	-25.3125	-3.125	-3.0625
11:30:00.066090	-3.4375	5.0625	-6.5	50.625	87.8125	25.25	36.875	2.75	5.4375	-25.3125	-0.625	-2.0625
11:30:00.076184	-3.6875	6.4375	-6.0	51.5625	80.75	26.625	37.75	-12.0625	4.3125	-19.8125	-1.875	-5.625
11:30:00.086278	-3.75	7.9375	-6.875	50.125	66.3125	26.9375	37.625	-15.125	2.75	-26.5	-1.9375	-11.3125
11:30:00.096354	-4.8125	8.9375	-3.9375	47.4375	46.625	28.75	35.875	-12.25	2.0625	-28.4375	8.1875	-10.375
11:30:00.106439	-4.1875	8.75	-2.625	43.625	31.5625	29.8125	36.0625	-7.8125	1.375	-30.8125	13.375	-4.8125
11:30:00.116511	-3.75	7.875	-1.75	42.875	19.9375	30.75	37.8125	1.25	0.9375	-22.0625	5.75	-5.5625
11:30:00.126658	-2.9375	7.0	-1.5	44.0	12.5	32.0625	37.4375	14.8125	1.0	-32.0	8.25	-1.4375
11:30:00.136762	-1.75	5.5625	-1.875	44.5	6.5625	32.125	34.1875	8.625	1.5625	-34.6875	4.3125	7.4375
11:30:00.147406	-0.3125	4.25	-2.375	43.5625	-1.5	31.5	32.0	-12.25	2.3125	-30.5	2.0625	13.75
11:30:00.157511	1.375	2.5625	-3.1875	43.4375	-1.3125	30.3125	32.625	-26.5625	1.8125	-21.9375	-10.0	8.4375
11:30:00.167717	2.8125	1.625	-3.125	41.25	0.0	28.875	32.8125	-33.1875	1.125	-30.0	-9.875	3.5
11:30:00.177842	4.3125	1.25	-2.875	37.5	0.4375	29.0625	32.9375	-40.1875	0.1875	-30.875	0.3125	2.75
11:30:00.187910	6.0	0.8125	-3.5	37.0625	4.1875	28.8125	35.1875	-32.9375	-1.875	-24.125	10.0625	1.25
11:30:00.198022	6.9375	1.1875	-3.5625	36.5625	5.625	29.8125	37.875	-15.875	-1.25	-23.625	2.1875	-1.375
11:30:00.208831	8.125	1.875	-3.25	36.9375	8.75	30.3125	39.8125	-5.6875	-1.3125	-36.625	7.3125	0.5625
11:30:00.219026	9.125	2.9375	-2.625	38.9375	12.0625	31.3125	37.5625	-4.0	-2.375	-26.6875	11.3125	6.0
11:30:00.229763	9.75	4.3125	-1.625	38.1875	18.25	30.3125	38.9375	-2.0625	-2.125	-29.4375	-0.75	1.9375
11:30:00.239851	10.0	5.625	-1.6875	38.3125	33.8125	29.5	41.0	-2.25	-1.0625	-37.4375	6.875	1.4375
11:30:00.249922	9.9375	7.375	-1.0	37.875	48.5	27.8125	41.5	6.375	-2.25	-41.25	15.9375	3.0625
11:30:00.260028	9.5	9.5625	-0.75	38.4375	50.9375	29.1875	47.0	11.375	-1.3125	-24.9375	9.0	-1.25
11:30:00.272191	8.875	11.3125	-0.625	37.75	47.125	30.875	46.6875	13.1875	0.5625	-26.125	-1.8125	-6.3125
11:30:00.282262	8.0625	13.0	-0.3125	32.875	39.25	34.25	44.6875	13.375	0.1875	-35.5	11.6875	-3.25
11:30:00.292578	7.4375	14.6875	-0.375	30.6875	34.875	34.5625	47.75	12.0	-0.4375	-39.9375	11.625	1.3125
11:30:00.302666	6.375	16.125	0.1875	28.4375	31.875	33.8125	50.875	8.5	0.5625	-27.375	-27.0	16.9375
11:30:00.312761	6.0625	18.0	0.3125	26.125	30.3125	32.5	49.875	9.3125	1.25	-42.0	-41.625	42.125
11:30:00.322828	5.25	19.3125	0.5	29.1875	33.3125	32.625	48.1875	13.5625	0.0	-57.5625	28.8125	29.4375
11:30:00.333056	5.0	20.3125	0.4375	31.625	34.75	32.9375	48.75	24.75	-0.375	-62.375	3.0	6.75
11:30:00.343675	6.1875	20.8125	1.625	31.75	37.3125	32.4375	51.375	38.9375	2.625	-56.25	-12.9375	8.5
11:30:00.353799	6.625	18.9375	1.4375	32.25	40.0	32.1875	51.375	42.375	5.0625	-63.0	5.125	11.125
11:30:00.363902	5.8125	16.5625	0.75	32.6875	38.0	32.8125	51.4375	37.0625	6.375	-70.4375	-9.125	7.125
11:30:00.373990	5.0	14.5625	-0.5	28.75	35.875	34.375	56.125	32.9375	8.6875	-68.9375	-23.1875	5.375
11:30:00.384487	3.875	13.0625	-1.8125	21.625	34.375	34.625	58.8125	29.5	11.6875	-63.8125	-36.0	7.125
11:30:00.394558	2.8125	11.4375	-3.4375	15.8125	31.1875	34.8125	59.625	24.9375	13.875	-74.6875	-37.8125	8.3125
11:30:00.404646	1.6875	9.25	-5.0625	12.625	27.5625	35.3125	62.5625	22.0625	14.5625	-81.375	-36.1875	7.1875
11:30:00.414766	1.125	6.375	-6.375	10.1875	26.25	35.875	67.5	20.4375	15.75	-81.4375	-44.3125	5.6875
11:30:00.424855	0.375	3.9375	-7.4375	8.5625	26.75	34.625	69.875	23.5625	16.9375	-83.25	-42.875	8.4375
11:30:00.434978	0.1875	2.75	-7.0	9.4375	26.6875	31.375	71.9375	24.3125	17.25	-95.125	-30.75	9.4375
11:30:00.445107	-0.1875	1.375	-6.875	10.0	26.75	28.75	75.6875	26.625	17.625	-100.25	-23.4375	6.6875
11:30:00.455180	-1.3125	-0.75	-5.6875	9.25	26.125	25.1875	80.375	31.125	20.0625	-95.8125	-42.8125	-1.0625
11:30:00.465248	-4.5625	-2.8125	-4.3125	5.6875	19.75	21.5	82.8125	32.375	22.5	-89.4375	-70.625	3.75
11:30:00.475319	-9.1875	-6.375	-1.625	0.4375	9.125	16.625	85.625	20.8125	22.8125	-106.0	-46.125	20.875
11:30:00.485392	-11.875	-11.0	0.8125	-3.9375	-1.4375	11.125	89.9375	10.3125	21.125	-116.625	-17.3125	19.1875
11:30:00.495464	-13.0	-16.4375	1.125	-11.0	-10.9375	5.5625	99.0	11.8125	19.0	-115.125	-39.625	18.3125
11:30:00.505734	-10.5625	-34.625	-4.8125	-20.75	-22.3125	0.5625	103.3125	24.0625	18.9375	-115.125	-39.625	18.3125
11:30:00.515850	-8.6875	-45.875	-9.0625	-31.125	-30.3125	-3.3125	104.75	30.25	18.5625	-115.625	-44.625	26.4375
11:30:00.526488	-6.625	-52.0	-11.875	-40.75	-35.0625	-6.75	109.875	36.4375	16.4375	-134.3125	-38.3125	53.5625
11:30:00.536569	-5.375	-47.3125	-12.0	-51.5625	-38.3125	-9.875	116.6875	38.1875	15.25	-127.5625	-33.1875	65.0
11:30:00.546641	-4.5	-35.1875	-10.375	-63.1875	-41.875	-14.375	121.25	48.5625	16.1875	-127.5625	-33.1875	65.0
11:30:00.556761	-3.125	-21.625	-8.3125	-76.25	-48.5	-19.0	131.5625	80.125	17.875	-113.875	13.875	82.5625
11:30:00.566835	-1.5	-10.6875	-7.1875	-91.4375	-60.3125	-19.875	138.25	118.0	21.4375	-159.9375	31.8125	96.0
11:30:00.576937	-0.6875	-1.875	-7.5	-104.3125	-66.875	-22.9375	141.3125	157.4375	24.8125	-182.0625	44.5	68.8125
11:30:00.587016	-0.9375	5.9375	-9.5	-114.5	-65.6875	-28.1875	136.5625	171.1875	24.9375	-182.0625	44.5	68.8125
11:30:00.597088	-2.3125	12.6875	-11.4375	-122.625	-51.6875	-38.875	123.625	146.5	24.1875	-214.25	12.5	38.0
11:30:00.607161	-3.625	17.75	-12.375	-135.375	-37.6875	-43.25	103.8125	87.3125	26.0	-271.375	-53.3125	21.5
11:30:00.617239	-5.5625	20.4375	-12.5625	-140.75	2.25	-49.3125	86.875	33.1875	24.6875	-354.3125	-72.8125	15.0625
11:30:00.627314	-8.0625	18.4375	-11.125	-136.125	22.125	-58.625	78.0625	-17.375	19.8125	-394.625	-51.625	32.9375
11:30:00.637395	-10.0	12.4375	-8.75	-114.9375	17.5625	-65.75	85.875	-47.125	18.6875	-337.1875	-265.5625	-8.9375
11:30:00.647509	-10.6875	5.8125	-5.75	-92.375	-5.375	-67.5	90.0625	-28.5625	19.9375	-112.125	-305.5	-56.375
11:30:00.657575	-9.875	0.8125	-2.8125	-79.8125	-6.75	-70.3125	88.625	-9.0	17.125	104.5	96.8125	-17.5625
11:30:00.667645	-7.1875	-4.125	0.1875	-74.0	-6.375	-67.4375	72.5625	10.875	13.75	141.125	423.6875	68.75
11:30:00.677718	-4.1875	-9.25	2.0625	-76.8125	-19.0	-63.375	36.25	7.0	10.0625	137.0625	262.625	36.0625
11:30:00.687793	-1.5	-12.375	3.625	-82.25	-27.6875	-60.3125	7.8125	-19.4375	8.75	68.5	-33.25	-71.875
11:30:00.697971	0.625	-13.6875	4.0	-93.5	-30.25	-59.6875	-10.25	-36.5625	4.75	18.6875	-52.3125	-69.1875
11:30:00.708036	1.75	-13.1875	3.9375	-98.1875	-31.6875	-60.1875	-29.1875	-53.375	-3.75	76.3125	159.25	-48.25
11:30:00.718126	2.5	-11.875	3.0625	-98.1875	-40.1875	-61.0625	-52.75	-64.3125	-13.4375	174.9375	240.375	-69.1875
11:30:00.728280	3.1875	-9.8125	1.75	-94.4375	-50.6875	-63.4375	-74.4375	-72.6875	-20.8125	237.6875	115.375	-104.125
11:30:00.739009	4.0	-8.125	0.875	-90.125	-55.75	-63.75	-93.9375	-69.1875	-24.25	224.0625	1.5	-73.4375
11:30:00.749116	4.75	-6.5	0.4375	-84.5625	-58.3125	-62.125	-115.125	-50.9375	-22.75	125.0	44.1875	-15.0
11:30:00.759324	5.1875	-4.75	0.5625	-79.125	-61.375	-59.1875	-137.3125	-30.125	-15.9375	163.4375	33.625	-10.8125
11:30:00.769934	4.9375	-3.6875	1.25	-77.0625	-63.375	-56.25	-157.625	-30.4375	-11.6875	214.5625	9.625	-2.6875
11:30:00.780021	4.4375	-3.8125	1.6875	-76.375	-65.875	-52.125	-171.375	-46.4375	-11.9375	233.1875	12.625	-13.5625
11:30:00.790137	3.6875	-5.0	1.6875	-75.0	-67.0	-47.3125	-183.8125	-51.4375	-13.6875	239.75	38.125	-26.0
11:30:00.800252	2.75	-6.4375	1.875	-72.25	-67.75	-44.0625	-198.5	-49.3125	-15.5	247.5	54.9375	-26.125
11:30:00.810375	2.25	-7.8125	2.9375	-58.4375	-65.8125	-41.125	-210.6875	-41.375	-18.3125	247.0	68.125	-18.625
11:30:00.820871	0.8125	-7.0625	2.875	-49.4375	-59.125	-40.25	-235.0	-4.6875	-23.3125	235.9375	86.75	-6.8125
11:30:00.831014	1.1875	-6.25	1.6875	-42.3125	-49.625	-40.5	-235.0	-4.6875	-23.3125	231.625	100.625	5.4375
11:30:00.841111	0.6875	-5.1875	-0.3125	-38.25	-41.375	-39.625	-243.3125	13.6875	-25.4375	224.6875	103.6875	15.0625
11:30:00.851571	0.0	-4.4375	-0.6875	-37.0	-35.8125	-39.0625	-251.9375	38.75	-26.8125	225.5	101.8125	18.0625
11:30:00.862002	-1.0625	-3.9375	-0.625	-36.25	-29.0625	-38.3125	-253.1875	39.6875	-27.3125	232.125	97.25	17.0625
11:30:00.872151	-2.625	-3.4375	-0.4375	-26.5625	-7.0625	-39.0625	-254.6875	38.0625	-29.25	229.375	86.6875	19.375
11:30:00.882272	-4.1875	-2.0625	-0.3125	-18.0625	3.875	-38.0	-257.0	33.25	-31.3125	220.125	70.4375	24.0625
11:30:00.892410	-5.75	0.375	0.375	-7.125	16.125	-37.375	-256.8125	26.1875	-33.125	216.4375	56.625	25.0
11:30:00.903005	-7.1875	3.25	0.9375	1.125	21.375	-35.9375	-254.5625	20.25	-34.0625	222.1875	55.125	24.0
11:30:00.913133	-8.125	6.375	1.9375	6.0	21.625	-33.75	-251.25	12.375	-35.1875	232.625	53.875	24.8125
11:30:00.923239	-8.875	8.9375	2.9375	8.125	18.3125	-32.25	-247.5	4.125	-35.8125	227.1875	47.625	25.375
11:30:00.933522	-9.25	10.625	4.5625	11.75	16.125	-28.9375	-242.875	0.25	-36.1875	221.5	37.75	26.625
11:30:00.944020	-9.6875	11.625	6.0625	16.6875	17.375	-26.6875	-236.4375	-3.8125	-34.8125	217.5625	32.5625	21.1875
11:30:00.954097	-10.1875	11.3125	7.875	20.8125	11.5625	-23.9375	-230.5	-8.9375	-32.0625	212.0625	30.3125	16.1875
11:30:00.964204	-10.1875	9.5625	9.125	25.8125	5.125	-21.3125	-220.5625	-11.8125	-29.0	213.75	24.4375	13.1875
11:30:00.974741	-9.6875	6.875	10.4375	30.125	-1.0	-18.25	-211.1875	-14.0	-25.75	208.0	19.3125	10.4375
11:30:00.984816	-8.875	3.9375	10.875	31.5625	-11.3125	-15.875	-200.8125	-18.8125	-23.375	189.125	9.0	6.0
11:30:00.995271	-7.375	-3.4375	10.75	31.375	-26.75	-11.875	-185.125	-26.9375	-21.3125	168.75	-4.5	0.125
11:30:01.005405	-6.25	-4.8125	11.25	29.3125	-38.6875	-10.375	-167.125	-38.375	-19.5625	152.875	-11.8125	-1.1875
11:30:01.016006	-5.875	-5.875	10.6875	26.3125	-47.9375	-8.4375	-148.125	-52.6875	-17.75	138.0625	-20.875	2.5
11:30:01.026078	-5.3125	-7.75	10.0625	23.9375	-49.0625	-8.5	-124.625	-52.75	-15.375	126.4375	-21.875	10.375
11:30:01.036168	-4.625	-9.5	10.375	21.5625	-44.4375	-9.75	-99.9375	-43.9375	-14.125	109.125	-6.5625	17.8125
11:30:01.046249	-4.8125	-10.5625	10.875	17.75	-34.6875	-11.1875	-74.5625	-32.25	-12.8125	83.9375	-7.875	14.8125
11:30:01.056317	-5.5625	-10.8125	10.875	14.5	-22.5625	-14.875	-47.8125	-19.625	-11.5	60.875	-6.8125	6.9375
11:30:01.066389	-5.1875	-9.9375	11.0	12.375	-13.8125	-15.25	-20.25	-11.0625	-9.625	30.625	-4.625	4.0625
11:30:01.076467	-4.375	-8.9375	11.0	2.75	-8.1875	-15.4375	5.9375	-7.625	-8.375	-2.75	-4.5625	3.5
11:30:01.086535	-3.4375	-8.1875	11.4375	-4.25	-4.6875	-14.625	31.0	-5.8125	-7.75	-30.125	3.625	5.5625
11:30:01.096680	-3.0	-7.5	10.375	-11.1875	-6.5625	-14.0	53.0625	-3.0625	-7.4375	-50.75	5.0	6.0625
11:30:01.106752	-2.5625	-6.625	8.9375	-15.1875	-7.5625	-13.1875	71.9375	-1.4375	-6.8125	-66.1875	4.75	2.5
11:30:01.116822	-2.6875	-6.75	6.4375	-11.125	-11.1875	-11.125	89.125	-5.6875	-6.125	-73.0	-3.25	-5.875
11:30:01.126921	-2.25	-6.25	4.5625	-9.3125	-18.125	-9.5	103.1875	-13.8125	-5.5625	-58.9375	-8.8125	-29.0625
11:30:01.137011	-2.3125	-6.3125	3.625	-7.875	-24.75	-8.75	112.8125	-25.5	-4.9375	-144.6875	-93.375	-69.75
11:30:01.147083	-1.8125	-6.625	3.0625	-5.625	-27.875	-6.375	119.3125	-42.1875	-3.4375	-134.875	-91.5	-53.0625
11:30:01.157157	-1.25	-5.3125	2.4375	-0.8125	-25.4375	-2.9375	119.125	-49.0625	-2.125	-73.125	-21.8125	-24.5
11:30:01.167241	0.5625	-3.4375	3.125	9.75	-19.5625	2.1875	94.75	-12.375	-2.0625	37.875	-97.125	-19.5625
11:30:01.177321	3.1875	-3.6875	5.6875	22.9375	-5.125	9.4375	43.5625	1.8125	1.6875	154.0	-2.4375	-32.125
11:30:01.187425	5.375	-3.1875	7.375	33.1875	7.375	15.9375	43.5625	1.8125	1.6875	-62.6875	23.4375	-60.25
11:30:01.197495	7.3125	0.125	6.3125	39.625	11.4375	18.9375	32.4375	-108.0625	-4.25	-198.9375	-319.3125	-43.5625
11:30:01.207560	7.4375	5.9375	3.125	34.1875	10.1875	20.625	32.4375	-108.0625	-4.25	-208.6875	-292.4375	55.0
11:30:01.217628	7.375	14.75	-0.6875	33.1875	19.875	21.375	83.1875	-100.4375	-22.3125	-199.1875	61.8125	128.3125
11:30:01.227712	7.3125	23.9375	-3.4375	28.3125	23.0625	18.0	74.75	-33.0625	-16.25	-192.125	97.0625	102.6875
11:30:01.237786	7.375	28.875	-4.1875	8.875	8.875	8.875	69.0	40.625	-5.1875	-146.5625	-49.75	45.0
11:30:01.247911	7.75	27.125	-3.9375	-3.125	4.0625	6.4375	65.875	68.0625	1.75	-91.0	-49.9375	52.6875
11:30:01.258018	8.875	20.25	-2.8125	7.625	25.0	14.625	65.25	59.625	5.3125	-35.6875	0.1875	33.375
11:30:01.268137	10.625	11.1875	-2.375	16.5	43.875	24.8125	70.0	31.875	2.6875	28.4375	-8.375	9.1875
11:30:01.278273	11.5	2.75	-3.5	26.9375	55.0625	29.4375	70.6875	-10.3125	-3.125	51.4375	-19.9375	8.4375
11:30:01.288340	11.25	-3.625	-5.875	38.375	66.4375	25.375	63.625	-40.875	-11.25	-5.25	-10.6875	9.5625
11:30:01.298446	10.5625	-8.0625	-9.25	49.8125	73.125	19.625	59.3125	-42.125	-18.875	-90.0	-40.5625	3.0625
11:30:01.308550	10.3125	-11.1875	-12.5625	61.9375	77.5	17.4375	57.6875	-16.0625	-21.125	-115.5	-51.75	4.0625
11:30:01.318626	10.25	-13.25	-14.0	70.5	75.9375	18.125	54.8125	20.875	-17.1875	-93.0	-17.125	21.375
11:30:01.328713	10.5625	-14.0625	-13.5	67.9375	63.1875	18.625	53.0	44.5625	-10.9375	-32.125	-3.25	3.125
11:30:01.338834	10.125	-13.0	-10.5	59.6875	39.9375	21.1875	55.125	53.8125	-7.6875	-2.9375	15.75	1.8125
11:30:01.348958	9.5625	-10.625	-6.625	46.625	12.5625	24.4375	55.3125	46.375	-6.625	5.375	12.9375	-3.4375
11:30:01.359065	8.9375	-7.4375	-3.25	33.3125	-14.25	25.875	51.625	32.5	-6.8125	-37.25	-8.125	-4.5625
11:30:01.369560	7.6875	-3.9375	-0.3125	21.875	-35.5625	24.9375	48.6875	6.0625	-7.5	-70.6875	-22.6875	1.4375
11:30:01.379656	5.75	0.1875	2.5	10.9375	-44.4375	22.4375	52.5625	-21.4375	-5.75	-64.5	-21.875	11.625
11:30:01.389820	3.875	5.3125	4.0	4.6875	-37.625	19.375	50.9375	-12.625	-2.6875	-36.25	-14.0	11.875
11:30:01.400541	1.5625	9.9375	5.4375	22.25	-25.3125	18.8125	49.4375	-2.8125	-1.4375	-18.75	-5.0625	0.1875
11:30:01.410673	-0.1875	13.3125	6.375	44.125	-4.9375	16.3125	49.4375	-2.8125	-1.4375	-14.0625	8.6875	-16.375
11:30:01.420801	-1.5	14.0625	6.5	50.5625	13.875	13.25	49.3125	16.5	-0.5625	-30.4375	7.75	-17.8125
11:30:01.430938	-1.9375	13.125	5.25	57.8125	31.4375	14.0625	49.3125	16.5	-0.5625	-55.8125	8.875	-13.4375
11:30:01.441446	-1.875	11.75	2.8125	56.4375	45.375	17.3125	46.4375	33.0625	1.75	-60.375	6.125	-1.75
11:30:01.451588	-1.875	10.5625	0.375	49.9375	54.0	20.375	46.4375	33.0625	1.75	-46.6875	-1.1875	7.3125
11:30:01.461712	-1.875	9.5625	-2.3125	44.8125	68.9375	20.25	41.6875	29.8125	6.875	-35.75	1.25	5.75
11:30:01.471962	-2.1875	8.875	-3.875	48.5	74.0625	20.8125	40.9375	12.8125	8.0	-31.1875	1.25	5.6875
11:30:01.482472	-1.5625	8.8125	-6.4375	50.0	73.6875	22.375	41.8125	-5.375	7.25	-32.9375	-7.9375	5.1875
11:30:01.492640	-2.8125	9.0	-6.4375	47.125	76.25	23.125	42.3125	-11.5	5.1875	-23.25	-3.75	2.5
11:30:01.502773	-3.25	10.0625	-5.5	44.375	77.6875	24.25	40.1875	-14.125	3.875	-24.125	-0.8125	-4.75
11:30:01.512865	-3.4375	11.25	-4.9375	42.375	72.3125	26.875	38.625	-15.6875	2.3125	-27.5625	-3.375	-6.75
11:30:01.523031	-3.0625	12.125	-4.25	41.6875	60.9375	28.8125	38.4375	-6.1875	0.5	-33.6875	4.5625	-5.4375
11:30:01.533455	-2.6875	11.8125	-3.1875	40.625	48.625	28.9375	38.25	9.375	0.6875	-26.6875	9.0625	-6.5625
11:30:01.543567	-1.75	11.5625	-2.0	40.75	36.5625	28.0625	35.75	5.625	1.6875	-36.375	7.1875	-9.0
11:30:01.553693	-0.875	11.3125	-0.4375	41.0	24.9375	27.625	35.75	5.625	1.6875	-37.4375	6.6875	-1.3125
11:30:01.563978	0.1875	11.0	0.1875	43.0	17.5625	28.25	35.25	-11.625	0.125	-38.8125	12.5	8.9375
11:30:01.574076	1.1875	10.5625	0.875	44.4375	13.375	28.5625	34.0	-18.125	0.4375	-19.25	0.125	3.75
11:30:01.584579	2.5625	9.5625	1.25	44.5625	5.25	28.9375	30.75	-31.625	-0.3125	-26.625	-5.25	-2.9375
11:30:01.594879	4.25	8.0	0.5625	44.6875	2.3125	28.75	30.9375	-35.375	-1.125	-30.5625	5.25	-0.1875
11:30:01.605437	7.6875	3.125	-0.3125	44.4375	0.6875	28.5625	34.3125	-22.5	-0.0625	-28.75	9.0	1.5625
11:30:01.615508	8.625	-0.0625	-1.0	42.9375	2.25	28.8125	34.8125	-14.5	0.5	-19.125	-4.3125	-0.4375
11:30:01.625580	9.375	-2.6875	-1.5	40.5625	3.1875	29.5	32.75	-12.875	-0.5625	-25.125	3.0	1.75
11:30:01.635693	9.375	-2.6875	-1.5	38.4375	6.4375	30.875	32.75	-12.875	-0.5625	-30.375	10.625	4.125
11:30:01.646644	10.1875	-3.75	-1.625	38.5625	11.6875	31.5625	37.6875	3.125	-1.375	-28.75	12.4375	5.375
11:30:01.656774	9.9375	-3.0	-1.125	40.0625	19.25	32.75	33.625	0.4375	-0.8125	-25.8125	2.1875	1.8125
11:30:01.666850	9.6875	-1.5	0.3125	42.25	27.625	33.625	33.125	1.5	-1.75	-29.6875	4.0	-0.8125
11:30:01.676951	9.25	0.125	1.1875	42.4375	36.5	34.25	38.75	5.8125	-1.625	-35.375	14.9375	1.75
11:30:01.687020	8.5625	1.875	2.8125	44.0	46.0625	34.6875	38.8125	9.875	-0.25	-22.1875	15.5625	-1.25
11:30:01.697099	7.875	3.125	3.8125	45.4375	50.5	34.4375	36.0	11.75	-0.8125	-24.75	3.625	-7.8125
11:30:01.707174	7.3125	4.125	5.0	45.9375	44.9375	35.625	39.0	13.8125	-1.125	-32.3125	11.3125	-5.8125
11:30:01.717239	6.1875	4.6875	6.0	44.5625	38.0625	37.4375	42.1875	12.5	0.5625	-37.875	16.5625	-0.5
11:30:01.727313	5.125	5.5	6.125	40.375	32.5625	38.0	42.1875	12.5	0.5625	-22.5625	7.875	0.4375
11:30:01.737381	4.3125	6.75	6.25	38.3125	26.9375	39.25	39.9375	12.3125	1.0625	-25.875	-11.75	7.875
11:30:01.747453	4.1875	8.0625	6.625	36.3125	21.5625	38.8125	42.375	14.625	0.5625	-37.3125	-29.375	36.1875
11:30:01.757558	3.0	10.5	7.0625	35.125	21.8125	38.125	42.625	21.5	1.25	-45.125	14.0	32.8125
11:30:01.767631	3.375	12.0	7.625	34.875	25.75	38.875	41.1875	31.1875	3.0	-42.1875	1.0625	10.25
11:30:01.777700	3.875	12.375	7.75	34.5625	28.5625	38.25	43.4375	36.625	3.9375	-50.0	-12.1875	8.25
11:30:01.787771	3.25	11.75	7.375	36.5	31.5625	36.1875	47.625	33.625	5.5625	-63.75	17.625	7.5
11:30:01.797861	2.5625	10.75	5.9375	37.0	36.5625	35.375	50.375	31.0625	8.9375	-61.25	2.6875	3.4375
11:30:01.807938	1.9375	9.125	4.375	33.3125	36.75	34.6875	51.375	24.5	11.25	-55.75	-26.4375	4.0625
11:30:01.818003	1.375	7.25	1.9375	29.4375	31.875	34.125	51.375	24.5	11.25	-62.875	-19.6875	4.1875
11:30:01.828076	0.5625	5.6875	-0.25	23.5625	26.4375	34.6875	61.875	15.0	14.0	-71.375	-25.3125	0.625
11:30:01.838145	0.0	4.25	-2.25	17.25	23.625	35.75	63.125	14.75	16.25	-70.5	-40.875	0.0625
11:30:01.848212	-1.125	3.0	-3.4375	11.4375	20.0	35.4375	64.25	13.8125	17.375	-67.0625	-46.25	3.1875
11:30:01.858313	-2.0	2.125	-4.0	10.9375	21.625	34.0625	68.1875	14.8125	17.3125	-79.9375	-37.6875	3.3125
11:30:01.868383	-2.25	1.4375	-3.25	10.875	25.375	33.125	72.6875	15.9375	18.4375	-89.375	-37.4375	1.5625
11:30:01.878485	-2.875	-1.375	-1.4375	11.5	24.0625	31.6875	74.0625	18.9375	20.0625	-85.9375	-41.0625	3.0
11:30:01.888587	-3.4375	-3.9375	0.6875	11.8125	19.4375	31.125	74.0625	18.9375	20.0625	-79.5	-32.3125	3.0
11:30:01.898665	-7.6875	-6.75	3.75	13.625	17.75	29.375	77.125	27.1875	23.875	-96.625	-24.75	-0.6875
11:30:01.908738	-12.8125	-8.75	8.3125	13.75	15.4375	27.625	82.25	20.1875	25.0625	-100.375	-61.0	-4.4375
11:30:01.918804	-17.0	-12.125	12.3125	9.375	8.5	23.5625	82.1875	7.5625	25.0625	-91.1875	-14.625	15.875
11:30:01.929224	-19.1875	-18.25	12.75	3.25	-3.25	17.9375	82.1875	7.5625	25.0625	-91.1875	-14.625	15.875
11:30:01.939348	-19.25	-28.3125	9.9375	0.3125	-16.25	12.0	93.4375	12.25	21.6875	-122.0	-53.5625	9.1875
11:30:01.949891	-19.25	-28.3125	9.9375	-5.5	-24.875	7.0625	93.4375	12.25	21.6875	-106.0	-46.25	19.0
11:30:01.960013	-18.25	-41.875	4.8125	-15.5	-35.6875	3.6875	98.6875	27.1875	22.1875	-110.6875	-23.3125	36.1875
11:30:01.970110	-15.4375	-54.0625	-0.375	-24.5625	-41.625	-0.3125	102.75	32.5625	20.0	-133.125	-27.4375	48.875
11:30:01.980773	-12.0625	-58.0625	-3.6875	-32.8125	-43.6875	-4.25	109.6875	37.625	18.625	-129.6875	-36.6875	53.75
11:30:01.990865	-9.1875	-51.875	-3.75	-56.3125	-34.5625	-12.125	116.8125	49.875	18.9375	-121.4375	-4.3125	68.25
11:30:02.000976	-6.25	-39.0625	-1.375	-69.5625	-31.125	-18.3125	132.1875	119.0625	24.5	-130.625	44.0	89.0
11:30:02.011111	-3.0625	-24.125	1.0625	-84.75	-36.0625	-23.875	135.875	151.3125	25.3125	-142.0	47.4375	86.8125
11:30:02.021179	-0.75	-11.0625	1.875	-97.1875	-44.75	-29.375	134.75	159.375	23.0	-172.5	43.875	66.1875
11:30:02.031741	0.3125	-1.1875	-0.75	-109.25	-49.6875	-33.625	134.75	159.375	23.0	-220.0625	13.1875	34.0
11:30:02.041844	-0.125	6.5625	-6.125	-118.5	-45.3125	-33.75	102.8125	69.4375	19.6875	-290.125	-36.625	22.1875
11:30:02.051964	-1.25	14.0	-10.125	-127.75	-19.9375	-41.625	95.25	15.6875	16.8125	-326.625	-43.1875	17.75
11:30:02.062095	-2.1875	21.125	-12.0625	-141.375	4.125	-47.375	100.0	-9.125	10.5	-336.75	-43.0625	34.625
11:30:02.072218	-3.0625	25.4375	-12.75	-144.625	20.1875	-52.875	100.0	-9.125	10.5	-255.5625	-227.6875	20.0625
11:30:02.082629	-4.9375	26.9375	-11.5	-144.625	20.1875	-52.875	100.0	-9.125	10.5	-114.0625	-200.4375	15.625
11:30:02.092746	-6.6875	24.8125	-10.3125	-115.5625	8.125	-63.625	96.0625	25.75	10.5625	41.0	187.1875	22.6875
11:30:02.102878	-7.5625	20.5625	-8.125	-95.25	8.8125	-63.25	65.3125	42.25	1.3125	89.4375	354.0	69.4375
11:30:02.113002	-7.6875	16.0625	-4.75	-86.75	1.5	-66.3125	33.375	16.6875	-1.125	82.75	160.0	5.5
11:30:02.123075	-6.4375	12.25	-1.875	-82.125	-13.75	-66.125	9.625	-8.0625	-4.25	36.5625	-52.625	-68.0
11:30:02.133694	-5.0625	9.125	0.3125	-82.125	-13.75	-66.125	-10.0	-33.6875	-10.25	17.8125	8.375	-45.75
11:30:02.144228	-3.375	6.75	1.125	-88.4375	-11.875	-66.0625	-10.0	-33.6875	-10.25	73.0	135.5	-27.875
11:30:02.154537	-2.3125	6.0	1.3125	-96.5	-18.375	-66.8125	-55.25	-75.25	-25.5625	160.4375	109.3125	-57.75
11:30:02.165066	-1.9375	6.8125	1.25	-97.6875	-22.9375	-68.9375	-75.25	-73.375	-32.375	216.125	33.0625	-80.1875
11:30:02.175527	-1.9375	8.625	0.5625	-96.9375	-31.875	-70.5	-75.25	-73.375	-32.375	203.375	11.9375	-40.4375
11:30:02.185658	-1.3125	11.875	-2.4375	-89.75	-41.875	-69.875	-115.1875	-44.8125	-30.8125	168.0	11.6875	-16.0625
11:30:02.195746	-0.375	13.3125	-3.875	-81.5	-51.0	-68.3125	-137.25	-37.5625	-24.625	179.875	25.6875	-16.125
11:30:02.206286	-0.375	13.3125	-3.875	-77.5	-58.0	-65.6875	-137.25	-37.5625	-24.625	206.6875	31.0625	-2.6875
11:30:02.216584	0.6875	13.4375	-4.75	-76.25	-67.375	-61.875	-174.25	-54.6875	-25.625	228.1875	25.625	6.0625
11:30:02.226654	1.375	11.625	-4.9375	-77.1875	-73.1875	-56.9375	-187.5	-63.8125	-28.5	239.4375	26.1875	-1.4375
11:30:02.236759	2.25	9.3125	-5.5	-77.75	-77.125	-50.5	-201.5	-60.4375	-29.625	247.25	44.8125	-14.25
11:30:02.246825	3.0625	6.1875	-6.3125	-75.3125	-78.75	-45.5625	-214.3125	-42.75	-30.875	255.875	70.375	-13.8125
11:30:02.256894	3.5625	3.1875	-7.1875	-59.1875	-70.3125	-43.8125	-226.8125	-18.125	-32.125	260.5625	88.5625	-7.125
11:30:02.266972	4.0625	0.4375	-7.0625	-50.4375	-59.625	-42.125	-238.0625	11.375	-34.0	250.8125	104.125	3.0
11:30:02.277191	4.5625	-3.375	-6.625	-43.5625	-48.0	-41.25	-248.75	40.9375	-34.875	237.6875	114.75	14.125
11:30:02.287304	3.125	-6.375	-7.0625	-39.375	-37.0625	-40.9375	-248.75	40.9375	-34.875	219.3125	121.9375	25.0625
11:30:02.297392	1.25	-9.4375	-6.8125	-30.5	-27.25	-41.375	-256.9375	55.8125	-36.875	214.25	119.25	30.75
11:30:02.307480	0.0625	-12.75	-5.5	-25.5625	-23.3125	-41.4375	-258.9375	50.75	-37.8125	224.875	105.625	25.25
11:30:02.317588	-0.75	-14.4375	-4.375	-21.625	-16.25	-42.25	-258.9375	50.75	-37.8125	224.75	91.4375	26.1875
11:30:02.327690	-1.6875	-13.5625	-3.375	-16.625	-10.0	-42.25	-262.75	22.75	-38.5	218.6875	67.875	29.6875
11:30:02.337762	-2.5625	-10.0	-2.5625	-6.875	-2.25	-40.75	-261.75	9.4375	-38.8125	230.125	40.9375	30.1875
11:30:02.347862	-3.625	-6.1875	-2.125	1.0625	5.875	-39.125	-258.75	-7.0	-37.4375	246.9375	28.4375	25.8125
11:30:02.357930	-4.6875	-1.5625	-2.25	7.1875	12.1875	-37.25	-256.375	-17.625	-35.625	256.625	26.0	22.4375
11:30:02.368023	-5.5625	2.9375	-1.25	11.625	13.0	-35.3125	-253.4375	-21.8125	-33.625	261.3125	16.6875	17.3125
11:30:02.378094	-6.4375	7.25	0.4375	17.0	16.0	-31.9375	-248.25	-25.0	-31.125	251.375	3.875	6.3125
11:30:02.388168	-7.0	9.0625	2.1875	23.125	20.625	-28.75	-242.3125	-27.5	-28.375	238.25	-1.8125	2.3125
11:30:02.398242	-7.625	7.75	3.625	29.0	21.0	-24.875	-233.9375	-25.5625	-25.4375	232.125	-2.875	2.875
11:30:02.408313	-7.9375	5.0625	5.4375	34.75	19.0	-21.75	-223.75	-23.5	-23.75	220.8125	-8.4375	3.9375
11:30:02.418438	-8.0	1.6875	7.0	39.125	15.0	-18.4375	-211.5625	-24.6875	-23.125	206.1875	-8.75	0.6875
11:30:02.428509	-8.0	-3.3125	7.3125	39.9375	5.8125	-15.1875	-196.875	-26.625	-22.375	190.0	-0.8125	-0.4375
11:30:02.438630	-7.5625	-7.6875	7.875	37.0625	-6.75	-10.75	-181.375	-33.8125	-22.0	173.4375	2.9375	3.25
11:30:02.448713	-6.375	-9.625	9.75	30.9375	-22.4375	-8.8125	-164.375	-45.6875	-20.6875	157.125	-6.5625	8.875
11:30:02.458826	-6.125	-11.875	9.375	26.25	-35.0	-8.0625	-142.5625	-42.5625	-19.875	141.0625	-1.75	18.1875
11:30:02.468968	-6.125	-11.875	9.375	19.5	-42.125	-9.375	-142.5625	-42.5625	-19.875	121.0625	18.9375	28.4375
11:30:02.479033	-4.25	-14.875	7.5625	12.125	-44.25	-10.875	-142.5625	-42.5625	-19.875	73.125	29.375	21.625
11:30:02.489111	-3.8125	-15.9375	7.0625	7.625	-41.125	-14.0625	-142.5625	-42.5625	-19.875	46.125	24.875	13.8125
11:30:02.499224	-3.4375	-16.6875	6.25	4.3125	-33.8125	-17.4375	-142.5625	-42.5625	-19.875	18.125	13.75	10.3125
11:30:02.509314	-3.25	-16.5	5.625	0.625	-25.75	-20.3125	-17.875	8.25	-11.3125	-5.0	10.4375	10.625
11:30:02.519991	-4.0	-15.6875	4.625	-5.125	-21.75	-22.0	6.375	1.3125	-8.5625	-26.625	4.0625	9.375
11:30:02.530055	-4.1875	-13.75	5.25	-12.25	-20.0625	-20.625	28.8125	-6.0625	-6.5625	-41.8125	-2.1875	3.9375
11:30:02.540153	-4.8125	-13.25	4.6875	-17.125	-22.375	-18.6875	48.25	-11.5	-4.75	-53.3125	-10.0	-3.5
11:30:02.550523	-4.6875	-12.625	4.6875	-18.625	-26.625	-15.4375	64.875	-16.3125	-2.9375	-63.9375	-25.0	-11.1875
11:30:02.560863	-4.625	-12.875	4.375	-15.9375	-29.625	-11.75	78.75	-22.375	-1.3125	-73.0625	-41.5	-17.125
11:30:02.570985	-4.375	-12.875	3.75	-11.0	-30.0625	-8.1875	90.625	-31.25	0.5	-81.25	-56.9375	-17.75
11:30:02.581142	-4.125	-12.6875	3.5	-7.6875	-29.0	-5.125	100.125	-40.875	2.125	-72.4375	-63.125	-24.4375
11:30:02.591775	-3.625	-12.375	3.8125	-5.0	-27.25	-1.6875	100.125	-40.875	2.125	-124.5625	-112.375	-35.5625
11:30:02.601879	-3.125	-12.875	4.3125	-0.8125	-25.25	4.75	109.9375	-63.3125	3.5625	-97.75	-82.1875	-18.9375
11:30:02.611959	-2.8125	-13.5625	5.875	7.25	-24.625	6.0	105.4375	-73.3125	5.1875	-33.3125	-63.4375	-10.5625
11:30:02.622127	-2.125	-14.9375	8.5625	23.6875	-18.3125	9.375	95.5	-73.8125	6.375	65.875	-196.5	-14.25
11:30:02.632740	-1.3125	-15.3125	10.5	42.1875	2.125	20.25	19.75	-12.0625	2.8125	157.5625	-20.3125	-20.375
11:30:02.642813	-0.0625	-13.875	11.5	54.625	15.875	35.4375	4.0	-66.125	0.75	-73.0	137.875	-65.25
11:30:02.652883	2.5625	-12.8125	14.375	65.5625	3.5625	45.375	30.75	-105.5625	-9.375	-208.4375	-217.9375	-60.0
11:30:02.662982	6.0625	-12.4375	16.625	60.5	-7.125	43.4375	66.4375	-120.8125	-19.4375	-201.0625	-287.875	-0.4375
11:30:02.673056	9.1875	-11.1875	16.1875	43.9375	1.8125	32.625	75.25	-76.4375	-23.1875	-205.3125	33.5	79.8125
11:30:02.683846	9.9375	-8.3125	12.5625	22.4375	3.0625	15.1875	75.25	-76.4375	-23.1875	-213.3125	82.0	66.0
11:30:02.693972	9.625	-2.3125	8.0	4.0625	-7.875	0.5625	66.1875	46.3125	-1.5625	-139.3125	-51.875	13.375
11:30:02.704051	8.9375	6.125	4.1875	3.375	1.875	-1.3125	67.625	48.375	4.5625	-74.125	-59.6875	41.5625
11:30:02.714689	7.875	15.875	1.375	12.8125	37.4375	8.0625	67.625	48.375	4.5625	-45.125	-24.75	41.5
11:30:02.724771	6.625	21.6875	0.125	19.5	63.4375	21.3125	67.625	48.375	4.5625	29.5	-14.0625	21.875
11:30:02.734902	5.5625	20.375	0.5625	20.875	75.875	29.0	67.625	-47.875	-0.1875	52.0	1.125	8.75
11:30:02.744969	6.25	14.5	0.1875	31.6875	82.625	27.75	67.625	-47.875	-0.1875	-17.375	-27.875	2.25
11:30:02.755036	7.25	7.4375	-1.125	44.75	72.625	24.0625	65.25	-44.375	-16.9375	-90.25	-53.625	-1.0
11:30:02.765125	8.1875	1.375	-4.8125	54.625	64.4375	20.6875	59.125	-13.8125	-16.6875	-92.0	-38.8125	0.9375
11:30:02.775744	8.9375	-3.8125	-9.5625	59.625	55.0625	18.125	59.125	-13.8125	-16.6875	-93.75	-19.75	10.6875
11:30:02.785831	9.0625	-15.5	-14.125	58.5625	41.4375	16.3125	59.3125	28.6875	-10.875	-85.875	-26.0625	3.5625
11:30:02.795967	9.4375	-19.625	-14.5	52.1875	18.3125	16.5625	60.375	33.1875	-9.5625	-46.0625	4.0625	-7.625
11:30:02.806074	9.5	-21.25	-13.75	41.3125	-8.5	17.6875	56.375	25.5	-8.625	-15.9375	25.5	-17.0
11:30:02.816684	9.0	-20.3125	-11.9375	30.1875	-35.5	18.0	56.375	25.5	-8.625	-31.4375	5.0625	-29.875
11:30:02.826768	8.0	-18.8125	-9.0625	20.5	-52.4375	17.5	55.1875	-19.5	-8.25	-53.375	-7.5	-23.25
11:30:02.836857	6.375	-16.5	-6.5625	12.25	-55.5	16.875	54.4375	-35.875	-5.625	-61.8125	-12.5625	-7.875
11:30:02.846928	4.25	-13.125	-4.375	7.9375	-50.5625	16.4375	51.3125	-36.375	-2.6875	-49.8125	-22.9375	1.1875
11:30:02.857005	2.125	-8.25	-3.125	19.375	-43.875	16.6875	51.0	-26.75	-1.125	-39.8125	-22.75	5.1875
11:30:02.867072	0.625	-3.0	-2.5625	37.5625	-28.3125	14.75	51.875	-11.9375	0.25	-27.8125	-12.1875	5.375
11:30:02.877546	0.625	-3.0	-2.5625	42.1875	-9.3125	13.625	51.875	-11.9375	0.25	-21.5	-3.5	-0.75
11:30:02.887633	-1.4375	5.0	-1.8125	53.3125	9.875	14.9375	47.0625	19.625	2.3125	-17.375	4.3125	-11.0
11:30:02.897708	-1.625	6.4375	-2.375	50.1875	24.4375	19.625	45.3125	25.8125	2.5625	-30.4375	1.0	-13.75
11:30:02.907784	-1.25	6.875	-4.5625	46.6875	37.875	23.6875	46.0	35.6875	2.4375	-44.3125	-2.625	-11.75
11:30:02.917849	-1.0625	6.6875	-6.875	46.625	48.5625	24.3125	46.0	35.6875	2.4375	-52.25	-2.375	-3.625
11:30:02.927922	-1.0	6.625	-9.0625	47.9375	60.9375	23.6875	46.0	35.6875	2.4375	-48.5	-2.25	-2.5
11:30:02.937992	-0.4375	6.25	-10.9375	53.875	70.5	24.0	37.75	39.1875	7.75	-37.875	2.8125	-5.1875
11:30:02.948061	-0.375	6.0625	-13.0625	59.125	77.625	24.375	37.75	39.1875	7.75	-30.75	0.4375	-3.5625
11:30:02.958182	-1.375	5.6875	-12.4375	56.3125	83.3125	26.9375	36.1875	10.125	7.0	-23.0	0.8125	-3.3125
11:30:02.968253	-1.8125	6.375	-11.75	54.875	85.8125	27.6875	36.5	-1.75	5.75	-26.3125	0.4375	-9.0625
11:30:02.978379	-2.375	7.0625	-10.75	49.3125	78.6875	27.375	38.375	-10.875	4.875	-27.5625	3.4375	-8.4375
11:30:02.988443	-2.6875	7.875	-10.1875	48.6875	67.8125	29.75	39.625	-5.3125	3.75	-22.4375	5.3125	-5.125
11:30:02.998511	-2.5	8.4375	-8.75	47.9375	49.1875	31.875	38.3125	9.375	3.25	-16.375	6.75	-7.5
11:30:03.008580	-2.125	8.75	-7.8125	46.4375	32.375	33.0	36.625	11.125	4.0	-23.4375	6.125	-7.25
11:30:03.018649	-1.625	8.8125	-6.6875	44.25	20.125	33.5	35.5	5.4375	4.0	-24.4375	6.5625	-2.375
11:30:03.028729	-1.0	9.1875	-6.0	42.75	10.875	33.875	34.875	-0.6875	3.375	-33.4375	7.375	4.4375
11:30:03.038828	-0.25	9.375	-6.0	42.4375	6.25	32.3125	32.8125	-14.1875	3.5	-26.1875	2.6875	6.9375
11:30:03.048899	0.625	9.0625	-6.6875	40.0	1.0	30.125	32.0	-30.1875	2.875	-33.1875	-2.6875	10.875
11:30:03.058970	1.9375	8.5625	-7.1875	40.4375	0.5	28.375	32.0	-30.1875	2.875	-31.75	-0.875	5.1875
11:30:03.069071	3.375	7.625	-7.3125	40.8125	3.25	27.0625	32.25	-27.875	1.0625	-18.625	-4.8125	-2.75
11:30:03.079189	4.75	6.375	-7.4375	39.75	6.6875	26.75	32.25	-27.875	1.0625	-25.1875	4.0625	0.75
11:30:03.089257	6.125	5.375	-7.25	40.3125	9.9375	26.9375	32.25	-27.875	1.0625	-39.0625	9.8125	1.25
11:30:03.099411	7.0625	4.375	-6.4375	40.5	13.3125	28.125	35.875	-10.0625	0.0625	-35.375	12.0	2.0625
11:30:03.110070	7.75	3.875	-5.0625	40.6875	17.8125	28.875	40.6875	-0.375	0.625	-25.375	2.125	2.125
11:30:03.120169	8.0	4.0	-3.5625	40.0	25.5	29.0	38.625	-2.125	0.8125	-30.5625	6.25	2.1875
11:30:03.130732	8.25	4.875	-1.6875	39.375	33.625	29.6875	38.625	-2.125	0.8125	-41.5	9.375	3.5
11:30:03.140877	8.3125	6.1875	0.1875	39.125	40.25	29.4375	41.875	2.125	0.25	-29.5625	9.0625	4.8125
11:30:03.151551	8.125	7.75	1.875	39.6875	49.125	30.1875	41.875	2.125	0.25	-23.8125	2.6875	-0.6875
11:30:03.161622	7.5625	11.5	3.3125	39.0	51.0	31.25	41.875	2.125	0.25	-29.1875	6.8125	-3.3125
11:30:03.171757	7.5625	11.5	3.3125	38.5625	47.25	31.4375	44.3125	12.8125	-0.3125	-39.4375	12.75	-1.1875
11:30:03.181877	6.5625	16.8125	4.3125	36.4375	40.8125	32.625	44.3125	12.8125	-0.3125	-26.9375	9.0625	-3.5625
11:30:03.192630	6.5625	16.8125	4.3125	32.375	34.1875	33.25	44.3125	12.8125	-0.3125	-26.9375	9.0625	-3.5625
11:30:03.202742	6.125	18.9375	4.375	27.25	31.5	33.6875	45.75	14.0	1.3125	-28.375	-3.0	-7.8125
11:30:03.212845	6.125	22.3125	3.5	25.125	29.0	33.625	49.125	14.375	1.375	-47.8125	-17.3125	10.0625
11:30:03.222933	6.125	23.8125	2.75	28.125	34.0625	32.8125	47.5625	13.8125	3.0625	-44.0	-35.8125	22.0625
11:30:03.233642	6.125	23.8125	2.75	31.375	37.0	32.9375	47.3125	19.8125	3.25	-51.3125	-0.6875	11.4375
11:30:03.243761	7.1875	23.6875	0.375	34.375	37.625	33.0625	51.25	25.4375	5.6875	-62.625	-8.6875	2.625
11:30:03.254130	7.625	22.6875	0.0	33.8125	36.5625	32.3125	51.625	25.0625	8.0625	-62.75	-17.8125	5.5
11:30:03.264201	7.8125	20.5625	-0.4375	31.25	34.5	32.0	51.4375	22.4375	9.4375	-53.9375	-21.75	6.9375
11:30:03.274684	7.5	18.0625	-0.9375	26.5625	29.875	32.875	54.125	21.1875	10.125	-66.0	-25.0	6.1875
11:30:03.285407	6.9375	15.375	-1.8125	26.5625	29.875	32.875	54.125	21.1875	10.125	-71.8125	-29.75	5.5625
11:30:03.295503	6.1875	12.6875	-2.375	12.25	24.0	35.4375	59.625	20.125	13.625	-69.75	-39.5625	6.4375
11:30:03.305579	5.1875	10.625	-2.625	6.8125	26.125	33.8125	59.625	20.125	13.625	-68.125	-43.8125	8.0625
11:30:03.315711	4.9375	9.8125	-2.3125	6.25	28.625	32.375	65.125	22.0	14.3125	-79.9375	-38.125	7.8125
11:30:03.325777	3.875	8.3125	-2.0	6.375	33.3125	31.3125	68.875	27.5	15.875	-88.5625	-35.8125	8.875
11:30:03.336405	2.875	6.8125	-1.1875	7.625	36.75	30.375	69.8125	30.5	17.25	-85.0	-40.5	8.875
11:30:03.346478	1.0	3.6875	1.875	9.4375	35.875	29.375	72.125	30.6875	17.1875	-80.0625	-38.8125	5.6875
11:30:03.356544	-0.25	2.0	3.3125	10.125	30.6875	27.8125	77.75	32.0625	18.0625	-92.6875	-34.0	8.4375
11:30:03.366676	-2.75	0.1875	4.625	8.3125	28.25	24.9375	81.5625	37.125	20.1875	-97.25	-27.25	9.5625
11:30:03.376798	-6.25	-0.1875	7.75	4.125	24.5625	20.625	82.3125	38.125	21.8125	-90.6875	-26.5	9.75
11:30:03.387217	-9.3125	0.375	11.1875	-1.8125	16.25	15.5625	85.875	32.1875	20.875	-90.3125	-42.625	7.3125
11:30:03.397378	-10.9375	-1.75	13.0	-8.875	10.0	10.0	94.125	25.5	19.5625	-105.125	-57.6875	14.125
11:30:03.407441	-10.8125	-7.5625	11.125	-13.0625	5.0	4.8125	100.4375	22.875	18.0	-114.0	-20.625	27.5
11:30:03.417510	-9.25	-16.5625	7.1875	-19.8125	-5.0	0.4375	103.6875	28.9375	16.6875	-109.4375	-8.5625	25.25
11:30:03.427585	-6.75	-27.0625	2.0625	-29.4375	-12.625	-4.3125	108.4375	34.5	14.625	-119.3125	-31.5	29.0625
11:30:03.437705	-4.75	-34.4375	-3.4375	-40.5	-19.75	-9.8125	115.6875	39.5	12.1875	-137.1875	-37.1875	43.0625
11:30:03.447793	-3.9375	-33.5625	-7.0	-51.75	-27.0	-15.75	120.5625	43.6875	11.5625	-131.625	-23.5	56.1875
11:30:03.457866	-3.6875	-26.4375	-8.0625	-65.875	-37.1875	-21.4375	127.5	69.8125	13.375	-121.4375	-10.4375	74.0
11:30:03.467938	-3.5	-17.5625	-7.375	-81.4375	-48.25	-27.6875	136.6875	106.0625	16.375	-121.5	31.375	91.5
11:30:03.478012	-3.0	-9.5625	-6.6875	-93.625	-58.125	-31.3125	140.0	142.875	20.875	-136.5625	62.5	91.25
11:30:03.488151	-3.0	-2.5625	-7.5625	-106.4375	-64.3125	-36.625	134.375	148.1875	22.3125	-179.25	52.1875	73.0
11:30:03.498216	-3.1875	3.4375	-9.4375	-116.0625	-61.75	-42.25	123.1875	114.8125	22.0625	-227.0	-13.5	29.375
11:30:03.508400	-3.6875	8.5	-11.5625	-123.25	-45.5625	-47.375	119.4375	63.375	23.25	-292.875	-34.5625	14.75
11:30:03.518497	-4.6875	12.0625	-12.8125	-137.1875	-39.375	-49.8125	117.5	22.3125	22.75	-313.625	-47.3125	14.75
11:30:03.528594	-6.6875	13.25	-11.9375	-143.6875	-8.8125	-58.5625	105.6875	13.4375	19.625	-304.875	-69.5	24.875
11:30:03.538733	-8.75	11.1875	-9.875	-134.3125	6.0625	-66.8125	95.0	14.625	19.75	-308.6875	-117.8125	14.6875
11:30:03.548800	-10.125	8.125	-7.3125	-113.0	5.0	-70.1875	91.375	-4.3125	18.8125	-265.5625	-188.8125	-21.0625
11:30:03.558877	-10.5	3.5625	-5.6875	-90.5	-4.9375	-71.75	83.5625	-13.5625	16.6875	-127.1875	-138.125	-28.6875
11:30:03.569505	-9.5625	-1.625	-3.0	-80.25	-12.25	-72.625	77.0	-6.1875	13.6875	16.5625	131.4375	14.1875
11:30:03.579620	-8.0	-7.0625	-1.1875	-75.1875	-20.3125	-68.375	58.1875	-1.3125	7.0625	150.6875	167.4375	-14.0625
11:30:03.589763	-5.5625	-11.125	-0.5	-73.875	-31.75	-63.75	22.8125	-14.25	3.0625	106.0	24.6875	-60.4375
11:30:03.600441	-3.3125	-12.75	-0.25	-84.0	-31.625	-63.8125	-5.125	-31.25	2.3125	72.5625	-11.8125	-56.125
11:30:03.610528	-1.1875	-12.125	-0.6875	-90.0625	-30.9375	-64.1875	-28.0	-48.6875	-4.125	114.1875	65.0625	-41.6875
11:30:03.620651	-0.3125	-10.5	-1.5625	-93.5	-34.75	-65.125	-50.5	-68.3125	-12.875	195.0	104.4375	-53.8125
11:30:03.630834	0.25	-8.375	-2.8125	-92.9375	-36.8125	-67.5625	-73.625	-76.1875	-19.4375	243.625	48.0625	-75.6875
11:30:03.641481	0.875	-6.875	-4.8125	-92.375	-46.375	-67.75	-92.125	-76.75	-26.0625	224.6875	-6.625	-40.4375
11:30:03.651577	1.125	-5.75	-6.0	-73.3125	-53.9375	-65.6875	-112.3125	-75.3125	-29.3125	177.1875	-10.625	-9.9375
11:30:03.661671	1.5625	-5.25	-5.5	-66.625	-56.5625	-63.9375	-151.6875	-68.5	-22.8125	167.0	16.625	-16.0625
11:30:03.671745	2.0	-4.875	-4.125	-66.75	-60.4375	-60.625	-170.1875	-67.5625	-21.0625	199.8125	33.6875	-7.875
11:30:03.682307	2.5625	-4.6875	-3.125	-67.9375	-64.625	-54.8125	-184.375	-61.9375	-22.25	241.625	36.75	-4.0
11:30:03.692385	2.875	-5.875	-1.0625	-71.1875	-71.9375	-47.9375	-197.8125	-47.375	-23.75	262.4375	45.1875	-12.6875
11:30:03.702524	2.5	-6.6875	0.0	-70.125	-72.875	-42.125	-212.6875	-27.125	-25.25	268.0625	70.375	-17.5625
11:30:03.712645	2.8125	-6.875	-0.0625	-58.0625	-69.375	-39.25	-225.6875	-3.8125	-27.375	258.625	93.0625	-10.875
11:30:03.723185	2.875	-7.3125	-1.9375	-47.0625	-57.9375	-38.125	-237.6875	19.75	-30.25	245.5	102.125	-1.125
11:30:03.733302	1.75	-7.625	-3.25	-38.8125	-44.6875	-37.5625	-248.0625	43.625	-34.0	230.3125	110.3125	8.25
11:30:03.743430	0.6875	-7.75	-3.3125	-33.1875	-31.375	-37.125	-255.75	65.3125	-37.5	219.125	117.5	20.0625
11:30:03.753554	-0.3125	-7.625	-3.5	-24.75	-18.5625	-37.5625	-258.75	68.3125	-39.6875	210.8125	113.6875	27.25
11:30:03.764189	-1.5	-7.0	-3.625	-20.8125	-9.4375	-37.75	-259.3125	55.875	-40.5	216.75	107.3125	24.9375
11:30:03.774280	-2.6875	-5.875	-3.6875	-16.625	0.3125	-38.5625	-260.0	38.25	-39.8125	233.5	98.9375	26.1875
11:30:03.784397	-3.9375	-4.1875	-2.5625	-10.625	10.125	-39.0	-259.1875	22.9375	-39.25	233.4375	79.75	30.75
11:30:03.794469	-5.5	-2.0625	-1.0625	-2.375	17.8125	-37.875	-259.1875	22.9375	-39.25	232.875	59.1875	34.6875
11:30:03.805047	-6.625	0.25	0.5625	5.6875	24.375	-36.0	-253.6875	3.1875	-40.5625	228.3125	52.9375	32.0
11:30:03.815163	-8.375	4.625	3.8125	11.75	24.5625	-34.625	-248.625	-1.1875	-39.9375	227.8125	50.9375	31.625
11:30:03.825240	-8.375	4.625	3.8125	15.375	18.0625	-32.1875	-244.0625	-2.4375	-37.625	235.1875	43.125	26.75
11:30:03.835312	-8.5	6.1875	5.875	18.6875	14.125	-29.5	-244.0625	-2.4375	-37.625	231.5	31.8125	17.0625
11:30:03.845425	-8.5625	6.6875	7.75	21.5	11.5	-26.25	-231.5	-4.375	-30.5625	242.875	33.75	5.5
11:30:03.855496	-8.625	6.3125	9.4375	25.75	8.0	-23.75	-224.0625	-6.6875	-28.1875	228.125	14.75	2.75
11:30:03.865571	-8.0	5.0625	10.6875	29.4375	3.25	-22.0625	-212.75	-9.125	-26.9375	200.875	-8.75	1.875
11:30:03.875692	-7.375	3.6875	12.0	33.1875	-2.9375	-18.875	-199.3125	-13.5625	-26.0	183.0	9.0	9.5625
11:30:03.885763	-6.75	2.375	13.4375	34.625	-9.9375	-16.875	-183.4375	-18.75	-24.0	168.3125	18.1875	10.5625
11:30:03.895897	-5.8125	0.875	14.75	32.375	-22.5625	-13.125	-167.125	-27.25	-21.4375	160.0625	16.125	10.6875
11:30:03.906025	-5.25	-0.25	14.5	26.625	-31.1875	-11.4375	-149.375	-37.3125	-18.9375	145.375	12.875	11.125
11:30:03.916098	-4.75	-1.1875	14.1875	22.0625	-33.75	-10.4375	-129.0625	-48.8125	-16.5625	133.5625	6.8125	11.3125
11:30:03.926556	-4.5	-2.1875	13.75	20.125	-33.25	-10.375	-106.125	-47.9375	-15.4375	118.5	-5.125	11.5
11:30:03.936624	-4.5625	-2.625	13.4375	18.8125	-30.0625	-11.5625	-106.125	-47.9375	-15.4375	93.75	-10.75	12.75
11:30:03.946701	-4.8125	-2.875	12.625	16.0625	-22.25	-13.625	-56.8125	-22.125	-13.0625	70.4375	1.5625	11.5
11:30:03.956772	-4.625	-2.0	12.9375	15.375	-10.6875	-15.3125	-32.4375	-11.8125	-11.0	49.1875	-6.125	7.25
11:30:03.966843	-4.5625	-1.625	12.5625	14.0	-1.4375	-15.4375	-7.5625	-7.75	-8.75	26.875	-5.9375	7.9375
11:30:03.976956	-4.75	-1.375	12.0625	6.5625	3.4375	-15.25	15.9375	-7.3125	-7.5625	3.125	-7.6875	8.0625
11:30:03.987030	-4.3125	-1.125	11.0	-2.375	0.4375	-14.5625	37.4375	-7.6875	-7.0	-23.1875	-16.0	2.5
11:30:03.997112	-4.0625	-0.5	10.1875	-9.875	-6.625	-14.3125	56.875	-8.625	-6.375	-52.0625	-27.8125	-6.75
11:30:04.007191	-4.0	-0.75	9.125	-14.4375	-14.0625	-13.625	73.75	-12.0	-5.375	-70.1875	-28.875	-17.6875
11:30:04.017262	-3.6875	-0.9375	7.5	-14.9375	-18.8125	-12.5	88.6875	-17.1875	-4.0625	-90.5	-43.125	-25.6875
11:30:04.027336	-3.125	-0.125	5.6875	-13.75	-20.1875	-10.9375	101.6875	-27.25	-3.0	-104.5625	-60.5	-34.125
11:30:04.037438	-2.25	1.6875	3.875	-10.125	-19.0	-8.875	111.0	-34.375	-2.1875	-112.4375	-71.8125	-40.125
11:30:04.047561	-0.375	4.4375	2.6875	-6.0625	-19.8125	-5.0	108.625	-24.9375	-3.0	-98.0625	-94.5	-31.375
11:30:04.057630	2.75	5.125	4.4375	-1.4375	-18.8125	0.125	87.3125	-12.625	-2.125	-28.8125	-69.25	-10.875
11:30:04.067697	6.25	4.0625	7.6875	1.8125	-16.625	7.0	65.75	-41.5625	2.0625	-18.625	63.625	-34.8125
11:30:04.077770	8.375	3.8125	9.8125	3.25	-9.75	8.6875	63.8125	-77.75	3.125	-75.8125	-11.125	-49.0
11:30:04.087840	8.5625	6.5	9.125	5.3125	-4.4375	6.5	74.875	-90.6875	-3.0625	-117.625	-224.9375	-18.5
11:30:04.097917	7.3125	13.125	6.1875	2.75	13.0625	5.9375	82.5625	-72.75	-9.375	-151.8125	-147.0	52.6875
11:30:04.107987	5.5625	21.8125	2.4375	9.4375	34.625	10.0	79.5625	-39.625	-10.3125	-174.125	25.5	92.6875
11:30:04.118085	3.8125	27.3125	0.1875	19.375	43.125	16.0625	72.3125	3.125	-5.9375	-171.9375	9.0	90.3125
11:30:04.128157	3.1875	25.0	0.75	20.0	46.3125	21.125	67.0	40.875	-1.625	-111.375	-52.8125	49.5
11:30:04.138231	3.625	15.625	2.375	20.3125	46.9375	28.0	66.5625	56.5	0.0625	-84.0	-40.8125	42.5625
11:30:04.148467	4.875	3.9375	3.125	23.625	46.0625	33.6875	65.9375	45.4375	0.25	-42.3125	-31.0625	23.25
11:30:04.158637	5.5	-6.375	2.375	32.4375	47.3125	35.8125	61.4375	5.25	-2.375	29.75	2.25	-0.125
11:30:04.168709	5.375	-12.4375	-0.875	42.4375	45.1875	31.875	57.1875	-34.25	-7.75	13.8125	24.5625	-12.25
11:30:04.179073	5.0	-14.625	-5.0625	54.5625	53.6875	23.8125	53.875	-45.1875	-13.4375	-38.75	-15.0	-21.375
11:30:04.189140	5.3125	-14.8125	-9.875	72.625	70.0625	20.625	48.5	-24.875	-16.0625	-59.375	-29.5625	-18.3125
11:30:04.199410	5.75	-15.4375	-12.375	82.6875	76.8125	22.1875	44.5625	32.0625	-11.0	-65.125	-13.5625	-7.0625
11:30:04.209534	5.75	-15.4375	-12.375	78.1875	66.75	24.1875	44.5625	32.0625	-11.0	-74.75	-16.5625	0.4375
11:30:04.219624	6.625	-16.5	-10.4375	69.0	40.0625	28.3125	45.5625	43.125	-7.1875	-52.75	-7.5	2.875
11:30:04.229700	6.9375	-15.5	-7.875	56.0625	6.125	31.9375	41.1875	20.125	-4.5	-6.6875	3.9375	0.875
11:30:04.240291	7.5625	-12.5625	-5.5625	41.8125	-23.9375	33.75	41.6875	-5.875	-5.375	-16.875	-6.0625	-1.3125
11:30:04.250662	7.8125	-8.75	-3.625	30.9375	-43.9375	33.1875	41.6875	-5.875	-5.375	-16.875	-6.0625	-1.3125
11:30:04.260736	7.6875	-3.8125	-1.6875	22.0	-50.0	31.25	40.625	-28.375	-3.4375	-40.8125	-19.25	13.0
11:30:04.271114	6.375	0.5	1.0625	20.125	-42.1875	28.6875	40.625	-23.625	-1.3125	-28.0	-18.0	7.875
11:30:04.281246	4.6875	3.9375	3.125	36.375	-28.875	26.6875	41.4375	-10.125	-0.1875	-15.125	-10.0	3.875
11:30:04.291357	2.9375	5.75	4.6875	61.0625	16.1875	22.6875	40.25	7.4375	0.5	-15.125	-10.0	3.875
11:30:04.301500	1.625	6.5625	5.1875	61.0625	16.1875	22.6875	37.25	22.8125	0.5	-11.875	2.25	-6.875
11:30:04.312110	0.9375	6.0625	4.5625	66.0625	45.25	27.125	36.1875	33.375	0.125	-31.375	13.0625	-17.0
11:30:04.322247	0.75	4.8125	3.0625	63.625	54.75	30.4375	36.0	38.1875	1.0	-45.1875	15.75	-13.8125
11:30:04.332983	0.25	3.375	1.125	61.25	64.625	30.375	35.5625	46.6875	2.3125	-50.75	8.25	-4.0625
11:30:04.343051	-0.625	2.4375	-1.0	61.5	74.4375	29.75	32.9375	45.9375	5.1875	-34.75	4.5	1.0625
11:30:04.353193	-1.25	2.0625	-3.5	62.75	79.25	30.3125	32.5625	34.8125	6.875	-25.9375	2.6875	1.4375
11:30:04.363318	-1.75	2.5	-5.125	61.75	78.375	31.875	34.0	17.875	6.8125	-18.25	1.875	5.1875
11:30:04.373769	-1.9375	3.1875	-7.9375	58.875	77.5	33.4375	33.6875	8.625	6.125	-14.375	-2.375	7.9375
11:30:04.383889	-3.1875	4.1875	-8.125	55.125	73.75	33.9375	32.125	1.4375	5.4375	-16.9375	-0.75	1.0
11:30:04.393984	-3.5625	5.8125	-7.75	49.25	66.625	34.25	31.8125	-4.375	4.1875	-18.3125	0.75	-3.375
11:30:04.404151	-3.5625	6.6875	-7.8125	44.625	55.5625	35.5625	32.6875	2.1875	3.1875	-26.875	-2.6875	-2.8125
11:30:04.414755	-3.375	7.8125	-6.5	43.375	43.875	34.875	32.5625	15.5625	3.375	-29.5625	0.0625	-1.125
11:30:04.424828	-2.8125	8.75	-5.8125	45.0625	32.75	35.375	30.1875	13.4375	4.1875	-31.0	7.9375	-6.5
11:30:04.435397	-2.125	8.8125	-5.3125	48.125	24.4375	34.375	29.5	2.9375	4.0	-33.375	10.9375	-7.25
11:30:04.445852	-0.8125	8.4375	-5.75	50.0	17.0625	33.3125	31.1875	-0.6875	4.4375	-35.625	11.125	-1.0
11:30:04.456021	0.375	7.6875	-6.4375	52.8125	10.5	32.8125	30.75	-8.4375	5.5	-27.375	6.6875	0.625
11:30:04.466092	1.875	6.5625	-6.75	52.5625	5.25	32.3125	29.8125	-21.1875	5.5625	-29.375	-1.0	0.4375
11:30:04.476166	3.4375	4.6875	-6.4375	50.875	0.9375	32.4375	30.75	-28.125	4.0	-26.25	-0.9375	5.6875
11:30:04.486242	4.6875	2.25	-6.625	48.125	-0.25	32.875	33.5625	-21.125	3.5625	-33.375	7.625	1.8125
11:30:04.496319	5.75	0.1875	-7.0	44.1875	0.5625	33.1875	34.875	-16.25	3.5	-19.125	4.625	-3.125
11:30:04.506400	6.875	-1.125	-7.0625	40.0625	3.625	33.5625	34.0625	-14.6875	2.5625	-25.4375	0.6875	-2.1875
11:30:04.516470	7.875	-1.625	-6.875	37.1875	7.5	33.125	34.6875	-11.4375	1.875	-33.875	8.8125	0.375
11:30:04.526544	8.75	-0.5	-6.8125	35.1875	10.375	32.25	40.9375	-8.75	2.1875	-41.375	12.4375	0.25
11:30:04.536612	9.0625	1.3125	-6.4375	33.1875	17.1875	31.0	44.0625	-9.5625	2.125	-30.75	2.5625	-0.8125
11:30:04.546687	9.625	3.75	-5.8125	31.6875	24.8125	29.75	45.375	-5.3125	1.8125	-38.3125	13.1875	-1.75
11:30:04.556768	9.625	6.5	-5.0	31.25	29.8125	27.875	50.375	-1.5625	2.625	-40.5	17.9375	-1.5
11:30:04.566840	9.3125	9.3125	-3.625	29.5625	31.9375	26.875	52.625	-0.5625	3.875	-37.125	4.375	-2.625
11:30:04.576943	9.0	12.1875	-2.3125	27.0	39.125	24.5	52.6875	0.25	3.75	-35.3125	0.625	-4.875
11:30:04.587012	8.3125	14.4375	-1.375	26.1875	38.6875	23.5	56.625	3.6875	3.25	-40.5	11.0	-5.875
11:30:04.597087	8.0625	16.0625	-0.75	26.0625	36.375	23.4375	60.5625	5.25	4.0625	-47.6875	12.0	-5.75
11:30:04.607167	7.0625	18.1875	0.4375	23.1875	32.9375	23.1875	60.0625	7.4375	4.375	-35.625	-4.5	4.1875
11:30:04.617234	6.75	20.0	1.125	23.0625	31.125	24.4375	59.125	11.625	2.9375	-40.4375	-59.125	34.0625
11:30:04.627303	7.125	21.625	2.625	22.5	29.4375	25.6875	59.3125	20.25	2.875	-55.8125	9.0	35.3125
11:30:04.637384	7.125	21.5625	3.3125	23.4375	32.25	26.375	60.8125	31.625	5.5625	-70.75	16.0625	6.3125
11:30:04.647458	6.5625	20.3125	3.75	22.4375	37.0625	27.75	59.1875	33.5	8.375	-65.875	-16.0625	-0.3125
11:30:04.657536	6.125	17.9375	3.4375	26.0625	41.1875	28.8125	58.0625	31.25	10.0	-66.5625	6.1875	4.625
11:30:04.667607	5.75	14.9375	3.125	27.6875	37.6875	30.875	61.75	28.625	12.9375	-74.4375	1.6875	2.5
11:30:04.677674	5.0	11.875	2.0	25.625	32.6875	33.125	62.6875	24.6875	16.1875	-77.75	-17.9375	0.0
11:30:04.687803	4.5	9.0	0.25	20.5	30.1875	33.8125	63.0625	19.5625	18.625	-69.875	-29.875	-1.125
11:30:04.698229	4.4375	6.0	-1.0	16.4375	26.3125	34.75	69.8125	12.125	20.625	-73.6875	-40.375	0.9375
11:30:04.708863	4.1875	3.4375	-1.6875	11.25	25.25	36.3125	69.8125	12.125	20.625	-82.125	-41.1875	1.875
11:30:04.718979	3.6875	1.75	-1.25	4.8125	24.8125	36.6875	72.4375	15.8125	22.0	-86.75	-47.625	1.3125
11:30:04.729096	3.0	0.0625	0.125	0.75	23.875	36.0625	77.1875	18.8125	21.9375	-82.0	-54.125	3.4375
11:30:04.739821	2.4375	-1.75	1.3125	-0.4375	23.75	35.375	83.0625	22.6875	23.0	-89.875	-47.1875	3.75
11:30:04.749923	0.75	-3.6875	2.75	-1.0625	25.9375	33.6875	85.25	29.5625	25.1875	-97.3125	-38.0	3.4375
11:30:04.760066	-3.5625	-5.5	5.5	-0.625	28.4375	30.3125	86.8125	30.0	26.9375	-92.4375	-31.4375	4.25
11:30:04.770196	-7.5625	-4.5625	11.0	1.0625	27.0	26.5625	93.9375	21.0625	26.6875	-102.6875	-46.8125	-2.4375
11:30:04.780266	-11.1875	-6.4375	14.5625	0.1875	20.3125	21.625	100.5	9.5	25.8125	-105.6875	-77.125	4.5
11:30:04.790787	-13.5	-13.0625	14.1875	-4.5625	11.0	15.875	104.25	7.5	23.5	-113.5	-38.3125	21.8125
11:30:04.801244	-13.0625	-23.625	10.6875	-10.625	-1.625	9.375	110.1875	17.375	20.625	-111.3125	-7.25	20.5625
11:30:04.811755	-11.75	-37.0625	4.5	-18.875	-15.4375	2.375	116.0625	29.8125	19.125	-124.6875	-40.1875	18.4375
11:30:04.821824	-9.5625	-46.0625	-0.5625	-43.0625	-40.0	-9.5625	121.5	36.75	17.4375	-147.9375	-52.0	37.875
11:30:04.831890	-7.6875	-45.25	-3.1875	-55.6875	-51.75	-14.375	124.625	51.0	17.8125	-136.1875	-22.125	56.3125
11:30:04.842006	-6.8125	-37.0	-3.3125	-69.75	-59.0625	-18.875	134.9375	83.25	19.5625	-121.0625	8.5	68.5
11:30:04.853845	-5.8125	-25.875	-2.125	-85.5	-65.8125	-22.875	143.125	123.5	23.9375	-129.1875	46.625	83.0625
11:30:04.863968	-4.625	-15.5625	-2.5	-97.9375	-69.8125	-26.1875	145.9375	155.8125	28.1875	-149.5625	39.8125	84.875
11:30:04.874066	-4.125	0.9375	-6.875	-110.0625	-73.625	-28.0625	134.25	146.375	29.0	-183.0	33.0625	71.625
11:30:04.884184	-3.875	7.9375	-9.4375	-121.8125	-62.4375	-36.5625	124.25	103.5	28.375	-215.375	12.0625	30.125
11:30:04.894308	-4.5625	12.375	-10.375	-128.625	-41.625	-45.0625	112.0625	42.1875	29.875	-277.9375	-40.4375	13.125
11:30:04.904413	-6.5	14.3125	-10.25	-140.5	-18.0	-50.125	99.9375	-3.25	24.9375	-322.6875	-58.875	13.4375
11:30:04.914555	-8.75	12.5625	-9.375	-140.0625	11.5	-60.8125	90.25	-10.0625	17.375	-350.625	-33.1875	26.6875
11:30:04.924678	-10.6875	7.875	-7.5625	-126.3125	15.3125	-66.875	89.875	-18.25	15.4375	-336.75	-157.75	5.625
11:30:04.935300	-11.5	2.0	-4.5625	-107.5625	-0.75	-72.0	91.0	-17.4375	12.125	-250.4375	-282.1875	-28.0
11:30:04.945463	-10.5625	-4.1875	-1.1875	-87.1875	-7.8125	-70.0	83.8125	0.375	7.3125	-45.8125	-49.5625	-23.75
11:30:04.955582	-8.625	-9.5	1.375	-79.8125	-18.3125	-67.8125	68.5	12.375	4.3125	106.3125	285.3125	29.9375
11:30:04.966164	-6.5625	-14.9375	3.375	-82.5	-28.75	-65.0	36.875	4.25	1.0625	159.0625	277.1875	36.875
11:30:04.976236	-4.5	-19.0625	3.875	-87.125	-35.25	-59.0625	8.1875	-9.9375	-0.1875	132.3125	60.9375	-35.3125
11:30:04.986312	-3.125	-20.25	4.5	-94.625	-30.125	-56.5	-14.4375	-20.8125	-5.375	66.0	-54.75	-64.9375
11:30:04.996389	-2.3125	-19.125	4.0625	-99.375	-22.75	-57.0	-37.6875	-44.0	-14.875	63.75	40.625	-45.0625
11:30:05.007095	-2.0	-16.6875	3.0625	-101.125	-27.0625	-57.3125	-62.1875	-64.0625	-25.125	149.6875	154.0	-45.1875
11:30:05.017171	-1.4375	-13.875	1.3125	-95.125	-31.1875	-60.5625	-83.5	-71.0	-34.0625	239.5	107.4375	-70.375
11:30:05.027234	-0.625	-11.1875	-0.125	-86.75	-37.75	-62.6875	-102.8125	-67.4375	-37.5625	254.625	19.5625	-57.4375
11:30:05.037309	0.125	-8.875	-1.0	-78.1875	-46.4375	-63.4375	-122.8125	-61.5	-36.0	203.625	8.9375	-5.3125
11:30:05.047382	0.9375	-6.6875	-1.5625	-68.5625	-52.0	-61.875	-142.5625	-56.125	-30.25	134.0625	21.75	11.1875
11:30:05.057461	1.4375	-4.8125	-1.9375	-66.5625	-59.3125	-60.625	-161.6875	-62.625	-26.5625	152.3125	37.1875	0.875
11:30:05.067536	2.0	-3.125	-2.4375	-68.3125	-67.875	-57.375	-176.0625	-64.0	-26.4375	216.125	38.75	9.5625
11:30:05.077626	2.125	-2.25	-3.125	-71.1875	-74.0	-53.5	-188.9375	-50.9375	-26.75	251.375	42.5625	0.875
11:30:05.087749	2.0625	-2.125	-3.4375	-74.3125	-76.25	-50.125	-203.875	-29.1875	-27.625	257.375	58.6875	-11.75
11:30:05.097821	1.9375	-3.125	-2.5	-75.125	-80.1875	-45.0625	-227.8125	18.375	-33.5625	253.75	82.6875	-11.25
11:30:05.107975	1.5625	-3.875	-1.9375	-71.1875	-75.75	-43.8125	-227.8125	18.375	-33.5625	243.3125	96.9375	-5.0625
11:30:05.118627	1.4375	-4.8125	-1.5625	-49.875	-62.1875	-44.375	-236.6875	40.5	-37.5625	226.375	103.6875	4.25
11:30:05.128702	1.1875	-5.6875	-1.875	-38.625	-45.4375	-44.375	-248.9375	61.0	-42.25	217.125	113.625	17.9375
11:30:05.138810	0.25	-5.9375	-1.625	-28.6875	-26.875	-45.4375	-250.0	51.4375	-42.875	210.6875	116.5625	28.625
11:30:05.148999	-1.125	-5.3125	-1.1875	-23.0	-12.6875	-45.75	-251.25	33.25	-43.125	215.3125	112.4375	30.5
11:30:05.159801	-2.5	-3.875	-1.1875	-21.1875	-6.5625	-46.1875	-253.9375	16.8125	-43.5625	234.125	88.3125	36.1875
11:30:05.169881	-3.75	-1.75	-1.5	-18.9375	-0.375	-46.75	-254.1875	4.75	-43.375	226.375	61.8125	38.5
11:30:05.180562	-4.8125	1.1875	-1.5625	-15.0625	3.5625	-45.6875	-252.1875	-7.625	-42.5625	219.8125	45.1875	37.625
11:30:05.190655	-5.5625	3.9375	-1.25	-8.125	9.5625	-44.0	-249.5	-13.25	-40.6875	217.9375	35.0	36.25
11:30:05.200749	-5.875	6.0625	-0.375	-1.0625	13.6875	-41.8125	-246.8125	-14.1875	-38.375	214.375	26.875	38.125
11:30:05.210826	-6.25	7.25	1.125	2.625	13.625	-40.5	-241.375	-11.625	-35.3125	211.75	19.25	38.625
11:30:05.221325	-6.3125	7.5	3.125	6.0625	6.0	-39.4375	-234.0	-8.6875	-32.75	214.1875	7.3125	30.1875
11:30:05.231711	-6.5625	7.6875	5.125	11.125	2.0	-38.0	-226.5	-9.75	-30.3125	233.375	8.375	10.6875
11:30:05.241774	-6.375	7.0	7.125	24.8125	-1.375	-31.25	-218.375	-17.8125	-28.0	222.3125	2.4375	-0.25
11:30:05.251893	-5.625	5.3125	8.4375	32.0625	-3.6875	-29.0	-206.375	-29.125	-26.1875	205.8125	-8.75	1.0625
11:30:05.262012	-4.3125	3.6875	10.0	37.0	-7.3125	-25.375	-193.4375	-38.375	-24.75	187.9375	-6.1875	9.1875
11:30:05.272511	-3.125	2.0	10.6875	38.4375	-15.1875	-22.5	-180.125	-43.75	-23.0625	167.125	-4.125	12.375
11:30:05.282637	-2.1875	0.4375	10.3125	34.8125	-26.625	-18.4375	-164.0625	-47.3125	-20.875	151.25	-5.4375	8.9375
11:30:05.292711	-1.6875	-0.0625	10.25	29.9375	-33.5625	-16.25	-142.5625	-47.125	-18.4375	145.1875	-5.5	6.375
11:30:05.303316	-1.6875	-0.0625	10.25	28.25	-33.75	-12.625	-121.625	-49.625	-15.8125	136.8125	-20.6875	2.625
11:30:05.313392	-1.75	1.1875	11.0625	25.875	-29.8125	-11.8125	-99.4375	-49.9375	-13.125	119.6875	-29.1875	1.9375
11:30:05.323474	-2.3125	0.3125	10.6875	22.75	-25.0625	-13.0625	-75.3125	-42.5	-11.875	102.3125	-25.4375	7.9375
11:30:05.333596	-2.6875	-1.75	10.4375	17.5625	-18.4375	-14.4375	-50.4375	-33.625	-11.5	74.1875	-22.4375	10.375
11:30:05.343667	-3.125	-4.1875	11.375	12.375	-10.25	-14.5	-25.875	-25.5	-11.1875	46.375	-17.625	6.9375
11:30:05.353741	-3.3125	-6.125	11.1875	6.125	-2.3125	-13.25	-1.625	-20.4375	-9.625	23.25	-14.25	3.25
11:30:05.364324	-2.875	-7.3125	10.75	1.3125	-1.1875	-12.375	22.625	-16.8125	-8.0	-2.125	-17.3125	1.4375
11:30:05.374722	-1.875	-7.6875	9.625	-3.125	-4.8125	-12.875	44.6875	-17.0625	-6.375	-23.3125	-15.875	-0.0625
11:30:05.384808	-0.5625	-6.75	6.0	-6.6875	-13.8125	-12.9375	63.6875	-19.625	-5.4375	-39.5625	-16.25	-1.625
11:30:05.394909	-0.3125	-5.5625	4.1875	-9.75	-23.0	-11.8125	79.5	-22.6875	-5.0625	-49.3125	-27.625	-12.75
11:30:05.405034	-0.1875	-4.375	2.625	-12.625	-30.3125	-10.1875	93.625	-26.1875	-4.25	-90.375	-66.625	-30.8125
11:30:05.415534	-0.125	-2.875	2.625	-10.9375	-32.875	-7.5625	105.0	-36.8125	-2.5	-108.625	-68.4375	-46.4375
11:30:05.425751	0.0	-2.25	3.5	-7.375	-29.8125	-4.3125	112.875	-49.1875	-0.0625	-121.25	-72.25	-52.375
11:30:05.435818	0.25	-1.0625	5.1875	-5.125	-26.0625	-0.8125	106.0	-42.375	1.4375	-99.9375	-62.875	-33.6875
11:30:05.445885	1.75	1.625	6.8125	2.4375	-21.5625	3.6875	74.75	-8.25	2.9375	-15.875	-127.5	-14.9375
11:30:05.456013	4.5	2.5	10.125	20.125	-10.3125	9.4375	39.4375	-35.5625	6.5	-20.5	94.1875	-49.6875
11:30:05.466615	7.125	1.5	12.6875	32.25	9.4375	17.8125	32.8125	-91.8125	5.6875	-140.125	-179.0625	-42.625
11:30:05.476714	8.3125	1.4375	12.3125	32.625	23.4375	24.75	55.1875	-125.4375	-3.625	-166.3125	-278.875	18.5
11:30:05.486780	7.75	4.1875	8.625	32.875	23.5625	31.6875	73.9375	-125.5625	-12.1875	-159.5625	-1.0625	89.5
11:30:05.496869	6.375	10.8125	3.5	37.375	34.875	32.6875	71.625	-79.625	-14.0625	-179.5	85.0	89.375
11:30:05.506936	5.0625	18.5	-0.3125	27.5	35.5	24.0	63.6875	-11.0625	-8.75	-154.375	-57.25	37.5
11:30:05.517007	4.8125	22.5625	-2.3125	9.9375	24.6875	14.1875	64.125	45.875	-2.625	-97.0	-92.125	37.0625
11:30:05.527107	5.1875	21.0	-2.1875	11.875	26.0625	12.8125	65.25	67.9375	0.9375	-34.5	-11.375	31.125
11:30:05.537175	6.5625	15.25	-1.1875	25.5	40.375	20.0	63.4375	56.125	3.4375	22.0625	11.9375	2.0625
11:30:05.547249	9.0	8.3125	-0.8125	29.5	50.8125	26.8125	61.9375	13.5	0.375	33.0625	19.5625	-9.8125
11:30:05.557413	10.0	2.0	-1.8125	36.1875	54.75	28.1875	59.625	-28.375	-6.5625	-14.5	-11.75	-15.125
11:30:05.567499	10.0	-2.375	-5.0625	47.625	63.8125	26.25	53.75	-35.0625	-13.6875	-74.3125	-28.6875	-12.8125
11:30:05.577790	10.125	-4.625	-8.8125	64.8125	77.0	24.0	47.375	-15.875	-16.75	-93.125	-27.375	-14.3125
11:30:05.588375	10.1875	-6.0	-11.625	72.625	82.625	24.5	45.8125	12.6875	-14.8125	-83.4375	-16.5625	7.125
11:30:05.598767	10.4375	-7.3125	-12.125	73.25	74.875	25.25	46.5	38.375	-5.4375	-55.0625	-13.0	19.875
11:30:05.609407	11.125	-8.3125	-10.75	68.25	50.1875	27.6875	44.9375	26.0625	-3.5	-12.1875	3.75	7.5
11:30:05.619474	11.5	-8.25	-8.4375	55.3125	14.5	30.3125	45.75	8.75	-4.625	-3.5625	10.4375	-7.0625
11:30:05.629655	11.25	-7.5	-5.4375	39.8125	-19.625	30.6875	46.125	-5.25	-5.375	-36.0	-5.6875	-3.4375
11:30:05.639777	10.4375	-4.9375	-2.5625	26.875	-41.75	29.3125	44.4375	-12.875	-5.3125	-48.75	-18.0625	-0.25
11:30:05.650414	9.0625	-1.4375	-0.125	17.5625	-47.3125	27.625	43.875	-14.875	-4.125	-49.375	-18.3125	3.5625
11:30:05.660658	7.0625	2.1875	1.9375	12.3125	-44.0	26.25	46.0	-5.4375	-2.375	-30.25	-9.75	7.4375
11:30:05.670805	4.8125	5.5	3.625	43.6875	-8.1875	23.0	44.875	9.4375	0.1875	-16.875	-4.8125	5.5625
11:30:05.681319	3.125	8.5	4.5	43.6875	-8.1875	23.0	41.8125	23.9375	1.8125	-14.125	3.125	-10.75
11:30:05.691423	2.1875	10.4375	4.1875	60.375	33.125	18.6875	41.4375	35.4375	2.25	-32.3125	14.5	-16.0
11:30:05.701517	1.5625	10.9375	2.6875	59.3125	49.875	22.0	42.125	40.25	3.0	-51.8125	10.4375	-11.375
11:30:05.711678	1.1875	10.5625	1.0	55.25	61.625	24.625	40.875	39.9375	3.6875	-52.8125	1.5	-5.25
11:30:05.722321	0.8125	9.625	-1.375	50.6875	63.8125	25.0	39.75	37.6875	4.8125	-46.8125	-0.5	-3.25
11:30:05.732424	0.6875	8.75	-3.375	49.5	67.5	22.625	39.875	29.375	6.875	-40.6875	-2.375	0.9375
11:30:05.742531	0.25	8.125	-5.0	48.0	67.5	22.4375	40.3125	18.5625	8.25	-33.5	-5.6875	3.5625
11:30:05.753196	-0.1875	7.4375	-5.5625	48.3125	70.75	23.0625	40.3125	12.75	8.0625	-19.6875	-3.5625	-3.25
11:30:05.763315	-0.3125	7.4375	-6.6875	49.375	72.125	26.3125	38.8125	3.0	7.875	-25.1875	3.875	-12.25
11:30:05.773391	-1.125	7.8125	-5.875	48.4375	73.0	28.5625	38.8125	-10.1875	7.0	-24.6875	4.875	-12.0625
11:30:05.783460	-2.1875	7.9375	-4.4375	45.75	69.875	28.125	39.0625	-15.25	5.1875	-29.375	2.5	-7.4375
11:30:05.793531	-2.5	7.5	-2.75	45.0	59.5	28.9375	38.75	-4.375	3.8125	-30.5	5.375	-11.0
11:30:05.803601	-2.375	6.625	-1.375	43.5625	46.5625	30.0625	37.0	4.5	4.0	-33.4375	10.9375	-12.5625
11:30:05.813955	-2.1875	5.375	-0.3125	43.9375	31.4375	31.75	35.4375	7.3125	4.1875	-37.875	13.5	-6.0625
11:30:05.824112	-1.6875	4.9375	0.5625	45.5	20.6875	33.9375	34.8125	8.375	3.6875	-30.5625	12.875	2.875
11:30:05.834201	-1.125	4.6875	0.75	45.0	10.5625	36.5625	31.6875	0.375	4.625	-25.75	-4.9375	2.0625
11:30:05.844286	-0.0625	3.5	0.1875	41.375	-1.25	34.0625	30.5	-20.5	4.3125	-28.0625	-5.875	7.875
11:30:05.854355	0.5625	1.875	-1.0625	41.375	-1.25	34.0625	31.375	-35.625	2.375	-36.5	5.5625	6.1875
11:30:05.864429	1.6875	-0.0625	-2.5	40.625	-1.375	32.3125	33.1875	-37.0625	1.5	-30.9375	10.125	-3.1875
11:30:05.874496	2.6875	-2.4375	-3.8125	40.4375	2.8125	32.4375	33.875	-30.5625	1.375	-23.5	-1.0	-5.1875
11:30:05.884570	4.0625	-4.875	-4.3125	41.875	3.125	33.125	34.875	-18.8125	1.125	-23.25	3.75	-0.625
11:30:05.894655	5.1875	-7.0625	-4.5	42.25	2.1875	34.125	36.0	-6.0625	1.3125	-36.125	15.3125	-0.1875
11:30:05.904780	6.1875	-8.5	-3.9375	42.875	4.25	34.0625	38.375	-3.0625	2.625	-29.125	9.625	1.8125
11:30:05.914847	7.4375	-8.875	-3.25	42.0625	5.1875	34.3125	38.0	-9.375	2.625	-30.0625	0.9375	3.1875
11:30:05.924924	8.25	-8.625	-2.4375	40.8125	14.0	33.75	38.4375	-12.4375	2.0625	-31.875	7.25	2.4375
11:30:05.934999	9.0	-7.25	-2.0	38.375	24.0	34.25	42.6875	-9.0	1.625	-37.875	9.375	3.8125
11:30:05.945070	9.25	-5.375	-1.0625	37.3125	31.625	34.25	45.0	-2.6875	2.1875	-24.25	3.375	1.9375
11:30:05.955779	9.0	-3.6875	-1.0	34.875	31.75	34.5625	44.5	-2.0	2.25	-27.0625	-3.0	-2.6875
11:30:05.965906	7.875	-1.1875	-1.3125	32.0625	34.1875	33.25	47.625	1.625	1.3125	-35.0625	8.375	-3.6875
11:30:05.976556	7.125	0.3125	-0.8125	25.6875	32.4375	32.0	52.6875	2.4375	2.25	-38.0	12.6875	-2.6875
11:30:05.986676	6.5	2.5	-0.75	23.0	27.25	30.1875	54.0	2.3125	3.875	-28.875	-8.375	-3.125
11:30:05.996741	5.75	4.875	-0.25	24.4375	18.5625	29.5625	56.0	2.125	3.5625	-36.3125	-39.8125	11.8125
11:30:06.006834	4.9375	7.9375	-0.25	23.25	17.9375	29.375	59.5	2.8125	2.5	-57.375	-31.1875	32.125
11:30:06.016906	6.0625	11.5	0.25	22.6875	26.5	26.5	62.125	11.5625	3.125	-59.3125	9.25	16.4375
11:30:06.026998	7.1875	14.375	1.875	21.5	32.625	23.75	61.1875	23.625	5.375	-61.625	-16.3125	0.9375
11:30:06.037132	7.375	15.1875	2.5625	23.5	36.5625	22.125	61.9375	28.9375	6.4375	-71.625	-8.4375	4.1875
11:30:06.047240	7.625	14.125	2.9375	24.5	36.75	23.6875	65.4375	26.5	8.5	-77.3125	-2.9375	5.375
11:30:06.057328	7.4375	12.125	2.8125	19.4375	30.875	26.5	68.4375	24.6875	11.125	-73.3125	-27.375	3.25
11:30:06.067396	6.5625	9.6875	2.375	14.0	26.0	28.0625	68.25	20.0	13.625	-71.1875	-42.375	2.25
11:30:06.077502	6.0625	7.875	1.9375	8.4375	23.0625	28.125	70.25	13.25	13.875	-81.9375	-38.25	3.6875
11:30:06.088127	5.6875	6.125	1.25	2.375	22.4375	28.75	75.0625	8.9375	15.375	-87.75	-45.3125	4.375
11:30:06.098239	5.625	3.1875	0.9375	-2.25	23.125	28.1875	78.4375	14.8125	15.75	-83.8125	-54.75	5.0
11:30:06.108331	5.3125	-0.0625	1.3125	-2.375	22.3125	28.625	83.5625	15.9375	16.625	-87.0	-54.25	5.3125
11:30:06.118401	4.8125	-3.4375	2.9375	-0.25	22.3125	29.0625	85.9375	17.875	18.0	-100.5625	-45.125	6.8125
11:30:06.128511	4.4375	-6.625	5.0	1.5625	21.375	29.3125	86.125	19.625	19.25	-106.3125	-45.6875	9.75
11:30:06.138658	3.3125	-10.0	6.1875	3.25	18.3125	27.75	88.75	23.375	19.8125	-94.6875	-50.5	11.9375
11:30:06.149202	0.75	-13.0	6.75	5.0625	15.0625	24.75	95.25	22.0	20.25	-95.5	-43.3125	9.5
11:30:06.159319	-2.875	-14.25	8.3125	2.8125	11.0	20.8125	97.1875	19.375	20.1875	-112.0	-41.875	7.875
11:30:06.169394	-6.0625	-15.1875	10.0	-3.875	3.875	17.25	98.625	19.8125	17.875	-105.5625	-64.125	9.0
11:30:06.179492	-7.5625	-16.625	11.0625	-9.9375	-4.6875	12.25	105.125	30.6875	15.9375	-108.6875	-14.375	25.625
11:30:06.189602	-8.1875	-19.875	9.3125	-15.75	-14.6875	7.8125	111.0625	39.1875	15.4375	-125.25	-41.75	27.1875
11:30:06.199709	-8.8125	-28.25	5.0625	-24.75	-21.3125	3.6875	112.6875	49.0	14.25	-133.8125	-49.0	43.3125
11:30:06.209830	-8.0	-37.375	0.9375	-36.0	-29.9375	-0.8125	119.1875	71.4375	13.5	-119.375	-14.75	58.9375
11:30:06.219959	-6.6875	-42.3125	-2.125	-47.0625	-44.9375	-5.1875	125.375	102.25	16.375	-112.5625	19.0625	75.0
11:30:06.230590	-5.3125	-40.0625	-3.3125	-58.6875	-58.9375	-7.6875	129.875	137.0625	21.6875	-134.6875	26.875	87.0625
11:30:06.240718	-4.1875	-33.1875	-3.25	-73.625	-66.1875	-10.8125	128.6875	160.75	25.3125	-148.25	19.5625	97.875
11:30:06.250826	-3.6875	-24.875	-1.6875	-111.4375	-61.9375	-21.1875	121.5	165.4375	26.8125	-162.4375	44.6875	82.625
11:30:06.260988	-2.375	-15.125	-0.25	-121.0	-51.0	-29.375	112.75	138.125	24.8125	-192.875	48.75	54.875
11:30:06.271662	-1.75	-5.0625	-0.6875	-124.0625	-36.9375	-38.5625	105.0625	69.8125	27.25	-255.8125	23.875	33.3125
11:30:06.281789	-1.375	4.4375	-2.6875	-129.6875	-33.125	-47.0	100.6875	28.0	26.3125	-322.4375	-45.0	16.125
11:30:06.291906	-1.5	12.375	-4.125	-126.125	-14.1875	-50.3125	95.3125	21.125	21.1875	-343.4375	-61.5625	31.875
11:30:06.302381	-1.8125	17.375	-4.9375	-114.5625	7.6875	-56.5625	86.6875	19.375	22.4375	-339.6875	-120.3125	26.0625
11:30:06.313028	-3.125	18.75	-5.25	-96.1875	0.1875	-59.4375	82.625	-14.1875	22.875	-316.125	-170.375	-24.875
11:30:06.323236	-4.375	16.6875	-4.875	-87.3125	-0.75	-66.8125	77.875	-41.8125	21.125	-201.875	-168.9375	-73.6875
11:30:06.333670	-5.5	12.75	-4.0625	-78.5625	-8.0	-66.4375	75.5	-26.5	20.0	-61.875	-69.375	-31.8125
11:30:06.343736	-5.875	8.625	-2.625	-73.6875	-18.875	-64.4375	64.1875	-7.0625	13.25	61.5	166.0625	18.25
11:30:06.353803	-5.0625	4.625	-1.375	-78.0625	-29.75	-60.5	35.4375	-15.4375	7.0	221.3125	253.6875	-4.0625
11:30:06.363871	-3.5625	0.4375	-0.8125	-87.375	-45.0	-55.875	-2.375	-30.125	5.75	258.6875	212.3125	-8.75
11:30:06.373945	-1.9375	-3.1875	0.0625	-98.0625	-52.0	-55.625	-27.375	-44.5	1.875	157.1875	33.6875	-46.375
11:30:06.384023	-0.625	-7.0	0.9375	-99.8125	-51.625	-54.875	-47.5	-57.125	-9.0625	101.0625	-6.5	-48.8125
11:30:06.394094	0.6875	-9.1875	1.5	-99.5625	-53.8125	-56.75	-69.5	-73.8125	-19.8125	148.125	152.125	-36.5625
11:30:06.404281	1.25	-10.125	1.375	-95.5625	-58.75	-57.0625	-88.9375	-83.0	-30.5	233.0	190.375	-65.5625
11:30:06.414349	1.8125	-9.375	1.0	-86.6875	-59.9375	-54.875	-108.125	-82.75	-35.3125	249.25	50.5625	-78.5625
11:30:06.424537	2.25	-8.0	-0.375	-75.4375	-56.0625	-53.6875	-127.8125	-75.0	-32.9375	191.25	-18.25	-31.625
11:30:06.434639	2.8125	-6.4375	-1.75	-67.4375	-50.0	-52.5625	-148.5625	-59.4375	-25.375	123.75	20.375	-7.625
11:30:06.444780	3.5625	-5.0625	-3.0	-67.875	-49.5625	-50.625	-168.25	-52.375	-19.75	130.75	56.875	-16.4375
11:30:06.454918	4.0625	-3.5	-3.3125	-71.375	-51.0	-45.5	-183.6875	-39.3125	-18.9375	202.9375	59.375	-3.375
11:30:06.465043	4.25	-2.125	-3.25	-73.25	-49.8125	-41.0625	-196.375	-21.6875	-20.0625	250.75	53.125	-8.6875
11:30:06.475131	3.75	-1.625	-2.9375	-69.1875	-54.25	-36.3125	-208.3125	3.625	-22.9375	242.875	63.625	-10.875
11:30:06.485725	3.25	-1.125	-3.4375	-59.0	-51.125	-35.625	-219.9375	22.1875	-27.1875	243.0625	79.9375	-6.875
11:30:06.495806	2.625	-1.1875	-2.9375	-50.3125	-43.375	-36.375	-231.375	37.9375	-31.5625	242.375	90.9375	0.1875
11:30:06.505905	1.9375	-1.25	-2.75	-40.1875	-29.625	-38.25	-240.875	51.75	-34.5	220.5625	103.1875	12.375
11:30:06.515974	1.5625	-1.25	-3.4375	-34.5	-19.0625	-38.8125	-245.4375	54.4375	-36.8125	209.625	112.5	23.25
11:30:06.526661	0.9375	-1.3125	-4.25	-31.4375	-10.125	-40.0625	-245.8125	46.625	-38.1875	214.875	120.75	29.9375
11:30:06.536734	-0.625	-1.0625	-4.375	-29.875	-4.0	-41.25	-246.5	32.0	-38.6875	222.3125	121.0625	29.9375
11:30:06.547248	-2.3125	-0.1875	-4.3125	-24.25	3.375	-43.125	-249.3125	19.0	-39.25	223.5625	105.3125	30.25
11:30:06.557373	-3.9375	1.1875	-4.5	-17.75	10.75	-43.875	-251.25	9.625	-40.25	214.875	82.4375	32.3125
11:30:06.567428	-5.25	2.875	-4.875	-11.0	18.375	-44.0	-250.5	5.125	-40.8125	208.4375	56.0	35.1875
11:30:06.577562	-6.625	4.5	-4.5625	-5.9375	22.0625	-43.6875	-247.4375	7.25	-40.8125	216.625	35.25	34.6875
11:30:06.588143	-7.5625	6.25	-3.3125	-2.75	18.75	-40.8125	-243.9375	2.0	-40.8125	228.8125	28.8125	33.0
11:30:06.598228	-8.3125	7.6875	-2.25	0.375	12.8125	-37.5625	-236.0	-19.25	-38.625	234.875	27.0625	35.125
11:30:06.608299	-8.8125	8.5	-0.625	3.8125	3.9375	-34.75	-236.0	-19.25	-38.625	235.375	25.3125	36.6875
11:30:06.618366	-9.0625	8.5625	1.75	8.3125	-3.8125	-31.5625	-223.625	-26.0	-33.0625	231.625	22.3125	31.3125
11:30:06.628479	-8.9375	8.25	3.9375	13.5	-4.25	-27.3125	-216.125	-21.4375	-29.75	229.5625	26.125	20.8125
11:30:06.638690	-8.5625	7.0	5.6875	19.75	-2.5	-23.9375	-209.25	-16.5625	-27.5	217.1875	19.4375	16.25
11:30:06.649334	-7.625	5.5625	7.0	25.9375	-3.25	-20.6875	-197.1875	-18.25	-25.5625	204.375	6.8125	9.0
11:30:06.659444	-6.8125	4.3125	8.125	31.1875	-6.125	-19.5	-182.1875	-27.5	-23.0625	185.3125	-2.75	6.875
11:30:06.669512	-6.1875	2.3125	8.125	35.375	-12.0	-17.0	-165.25	-39.6875	-20.3125	158.125	-3.5625	13.8125
11:30:06.679603	-5.9375	0.625	8.5625	36.375	-17.1875	-14.4375	-146.375	-50.0625	-17.8125	146.9375	-15.875	13.625
11:30:06.689675	-6.0	-0.0625	10.25	35.0	-26.375	-13.8125	-125.8125	-57.625	-15.6875	140.4375	-23.75	12.4375
11:30:06.699752	-6.6875	-0.6875	10.8125	33.5625	-30.75	-14.6875	-103.1875	-53.0	-13.1875	126.5625	-33.3125	14.9375
11:30:06.709845	-7.8125	-2.5625	10.6875	32.0625	-28.25	-14.3125	-77.6875	-37.375	-12.625	109.25	-38.25	17.1875
11:30:06.719972	-8.3125	-4.5625	11.125	27.25	-21.625	-14.5	-52.625	-20.8125	-12.5625	88.5	-32.25	13.625
11:30:06.730172	-7.8125	-5.1875	12.75	22.1875	-13.5	-15.5625	-28.1875	-10.6875	-12.125	59.75	-25.9375	9.5625
11:30:06.740503	-8.3125	-6.125	12.75	16.375	-4.5625	-16.1875	-2.75	-6.4375	-11.4375	31.9375	-21.125	8.1875
11:30:06.750586	-8.3125	-6.125	12.8125	8.3125	-0.625	-16.4375	21.875	-6.0	-11.0	2.875	-17.625	8.1875
11:30:06.760723	-7.4375	-6.125	12.5625	-1.0625	-0.5	-16.375	44.3125	-8.3125	-10.375	-23.25	-11.4375	8.8125
11:30:06.771175	-6.6875	-6.0	10.625	-8.0	-7.375	-16.4375	64.375	-10.625	-9.5625	-43.9375	-5.375	9.625
11:30:06.781728	-6.4375	-5.25	8.375	-11.3125	-16.25	-15.8125	64.375	-10.625	-9.5625	-59.6875	-8.0	5.5625
11:30:06.791801	-6.0625	-4.3125	5.125	-11.9375	-25.4375	-14.0625	81.5	-14.0625	-9.0	-59.5	-9.5	-5.3125
11:30:06.802260	-5.625	-3.8125	2.1875	-10.125	-29.25	-12.5	94.1875	-17.5625	-8.5625	-86.375	-32.75	-39.4375
11:30:06.812362	-5.0	-3.125	0.5625	-6.1875	-30.3125	-10.0	104.8125	-22.5625	-7.625	-135.875	-83.3125	-73.8125
11:30:06.822462	-4.6875	-3.625	0.3125	-5.3125	-28.4375	-6.75	112.875	-34.625	-5.25	-128.5625	-81.25	-70.3125
11:30:06.832532	-4.3125	-4.5	1.5625	-4.0625	-23.625	-2.8125	114.0	-42.5	-2.0625	-76.625	-50.625	-39.125
11:30:06.842605	-3.8125	-5.0	3.9375	3.125	-16.6875	2.5	92.6875	-11.4375	-0.125	33.75	-103.5625	-19.6875
11:30:06.852720	-2.875	-3.5	5.75	22.5	1.5	9.9375	50.0625	6.0625	4.0	33.75	-103.5625	-19.6875
11:30:06.863144	-0.125	-2.9375	9.0	35.875	21.0	19.6875	22.375	-64.8125	7.3125	-103.3125	-35.0	-43.5
11:30:06.873566	3.4375	-4.0625	12.4375	33.75	24.5	27.0	39.1875	-118.75	0.6875	-184.0	-286.0625	-18.0
11:30:06.883631	6.125	-4.4375	12.75	28.0	22.3125	31.5	71.0	-148.1875	-11.25	-172.375	-186.4375	76.125
11:30:06.893699	8.3125	-1.625	10.8125	25.5625	29.875	28.5	82.5	-118.125	-16.1875	-176.5625	78.875	118.375
11:30:06.903786	9.3125	5.3125	7.1875	3.8125	18.3125	15.75	74.75	-54.75	-13.125	-179.9375	53.6875	92.0
11:30:06.913874	9.375	13.6875	3.3125	-14.9375	-0.9375	3.375	70.875	18.0625	-6.5625	-126.1875	-71.25	38.0625
11:30:06.923966	9.5625	20.5	0.0625	-8.3125	6.875	2.5	71.1875	58.5625	-2.4375	-126.1875	-71.25	38.0625
11:30:06.934042	10.25	22.625	-2.3125	9.875	25.4375	11.4375	74.0625	64.25	0.4375	-126.1875	-71.25	38.0625
11:30:06.944132	11.625	18.25	-2.5625	23.0	36.875	18.25	73.0625	35.5	-0.375	-32.5625	-34.25	23.8125
11:30:06.954205	13.9375	10.125	-2.1875	32.8125	43.0	19.875	66.5625	-17.9375	-3.6875	23.125	32.0625	-0.0625
11:30:06.964281	15.875	0.625	-3.5	45.875	55.375	16.875	60.8125	-52.0625	-11.3125	-48.625	-33.1875	-16.75
11:30:06.974357	15.6875	-8.0	-6.6875	64.5625	75.8125	15.375	59.5625	-42.4375	-19.875	-74.6875	-51.6875	-19.0
11:30:06.984424	14.875	-13.125	-10.5625	74.8125	85.25	17.75	53.6875	-6.5625	-21.375	-73.5625	-5.6875	-4.875
11:30:06.994494	13.9375	-15.625	-12.5625	73.125	73.75	19.8125	49.75	26.4375	-16.9375	-91.25	-4.625	0.375
11:30:07.004576	12.875	-16.8125	-11.8125	63.9375	45.5	21.625	51.75	46.25	-11.1875	-58.3125	-17.4375	2.25
11:30:07.014687	12.25	-16.9375	-8.875	45.75	7.6875	22.9375	53.5	44.9375	-6.75	-58.3125	-17.4375	2.25
11:30:07.024841	11.0	-16.0625	-4.9375	26.125	-28.5625	22.5625	51.8125	30.875	-5.125	-58.3125	-17.4375	2.25
11:30:07.035367	8.875	-14.4375	-0.8125	13.125	-51.5	21.875	49.125	10.4375	-5.5625	-10.0625	17.875	0.5625
11:30:07.045578	6.125	-11.5625	3.5625	3.6875	-58.1875	21.625	49.5625	-7.875	-6.1875	-23.875	-3.0625	-8.375
11:30:07.055784	3.625	-6.5625	6.75	4.9375	-47.625	22.8125	50.375	-16.6875	-5.25	-53.3125	-11.0625	2.4375
11:30:07.065854	1.6875	-0.0625	8.0	36.1875	-24.25	22.125	48.125	-16.5625	-2.875	-40.5	-15.6875	4.875
11:30:07.075921	0.0	5.875	9.0	47.5	6.625	18.8125	46.25	-12.625	0.0	-23.375	-16.6875	0.125
11:30:07.086027	-2.5625	12.75	10.875	61.0625	33.8125	15.625	46.0625	-0.375	1.6875	-12.3125	-9.0	-1.3125
11:30:07.096156	-3.3125	14.0	10.5	66.1875	53.4375	18.6875	45.9375	16.6875	2.375	-12.3125	-9.0	-1.3125
11:30:07.106291	-3.6875	14.0625	9.3125	64.4375	64.375	22.5625	43.8125	30.8125	1.6875	-30.625	7.9375	-15.625
11:30:07.116956	-3.5625	13.75	7.3125	56.5625	67.3125	23.8125	43.375	40.4375	1.5	-50.25	8.8125	-19.5
11:30:07.127085	-3.375	13.5625	5.3125	50.625	69.1875	21.1875	45.25	46.5625	1.9375	-54.6875	7.8125	-14.9375
11:30:07.137791	-3.375	13.0625	4.25	48.625	70.8125	19.375	43.3125	44.0625	4.5625	-43.25	4.875	-8.0625
11:30:07.147865	-3.75	12.9375	3.25	48.5	74.8125	17.875	40.4375	31.875	7.5625	-36.4375	4.75	-6.25
11:30:07.157946	-4.75	12.5625	2.75	49.25	77.5	19.8125	40.9375	13.5625	8.125	-31.25	8.4375	-3.5
11:30:07.168022	-5.625	12.4375	2.375	48.3125	84.5	23.3125	43.875	-0.8125	6.6875	-29.4375	5.4375	0.875
11:30:07.178096	-6.25	12.1875	2.4375	45.0625	81.75	25.4375	45.8125	-4.8125	5.3125	-20.875	2.75	1.1875
11:30:07.188172	-6.1875	12.5625	2.75	39.3125	67.25	26.625	46.25	-7.3125	4.9375	-25.9375	-0.875	0.9375
11:30:07.198245	-5.5625	12.8125	2.0	36.3125	45.0	28.3125	47.125	-4.875	5.125	-30.3125	-5.9375	5.0
11:30:07.208323	-4.875	13.25	2.5	34.0625	29.6875	28.0625	48.6875	0.0	4.8125	-29.25	-2.3125	8.1875
11:30:07.218389	-3.6875	13.4375	2.5625	32.625	20.875	27.875	48.5625	7.6875	4.0	-19.875	3.4375	6.125
11:30:07.228462	-2.375	13.375	2.6875	29.625	16.375	27.75	46.3125	5.375	2.875	-35.25	7.9375	1.4375
11:30:07.238536	-0.4375	12.5625	1.6875	29.9375	12.0625	26.75	43.5625	-8.9375	1.0625	-41.6875	6.125	2.125
11:30:07.248606	1.125	11.6875	0.1875	33.75	13.125	25.25	40.5	-21.5625	-0.4375	-42.125	8.0625	4.5
11:30:07.258764	2.5625	9.75	-1.0	37.4375	12.9375	23.625	38.6875	-27.6875	-0.125	-32.375	-0.1875	2.875
11:30:07.268834	3.8125	7.25	-1.9375	40.0	13.1875	23.6875	40.3125	-43.5625	-2.5	-37.5	-0.25	4.5625
11:30:07.278919	4.875	3.75	-2.25	39.9375	10.125	23.8125	43.1875	-30.8125	-1.625	-40.875	0.0625	7.25
11:30:07.289127	5.75	0.875	-2.25	39.8125	7.6875	24.3125	43.0	-21.5	-1.8125	-28.125	-2.625	4.75
11:30:07.299222	6.6875	-1.3125	-1.5625	39.5625	8.75	25.1875	39.3125	-16.125	-2.9375	-28.125	-2.625	4.75
11:30:07.309842	7.375	-2.8125	-0.875	37.5625	9.8125	27.125	42.25	-7.6875	-2.8125	-23.1875	-3.375	-0.5625
11:30:07.319908	7.9375	-3.625	-0.125	35.0	16.0625	28.875	45.125	-1.125	-1.0625	-38.625	10.625	2.3125
11:30:07.330143	7.875	-3.3125	0.1875	34.0625	23.4375	30.375	42.625	-2.9375	-0.5625	-24.3125	3.125	2.375
11:30:07.340270	7.5625	-2.25	-0.0625	35.3125	35.1875	31.25	41.875	-0.375	-0.875	-22.3125	2.0625	2.125
11:30:07.350882	7.25	-0.0625	0.5	34.8125	42.5	32.4375	46.0625	3.6875	-0.3125	-39.25	9.5	3.5
11:30:07.361267	6.5625	2.4375	0.625	35.8125	46.625	33.1875	45.75	6.1875	1.375	-21.4375	3.0	1.5
11:30:07.371761	5.75	5.0625	0.1875	37.875	44.3125	34.5625	43.375	9.8125	1.625	-22.875	-2.4375	-3.0625
11:30:07.381887	5.0	7.4375	0.5	39.5625	33.4375	37.625	45.1875	13.3125	1.0	-31.5625	7.125	-4.25
11:30:07.392436	4.375	9.8125	0.875	38.25	29.625	38.75	46.9375	10.5	1.8125	-35.75	6.0625	-4.5
11:30:07.402790	3.9375	11.8125	1.5625	37.1875	25.5625	38.9375	44.4375	12.125	2.9375	-26.625	-6.0	-5.5
11:30:07.412907	4.0625	12.625	1.9375	38.1875	24.125	39.25	42.0625	12.875	2.75	-34.875	-17.1875	0.625
11:30:07.423021	3.8125	13.625	2.875	38.3125	24.4375	40.25	43.125	17.0625	1.9375	-51.625	-37.3125	22.6875
11:30:07.433093	3.8125	14.8125	4.75	39.375	28.5625	40.875	43.1875	25.1875	2.625	-50.1875	-6.625	23.6875
11:30:07.443865	4.6875	16.125	6.6875	39.0625	32.8125	39.6875	41.125	34.875	4.5	-51.125	1.5	6.5
11:30:07.454035	5.25	15.9375	8.25	39.8125	36.125	39.4375	42.5	40.4375	5.8125	-51.125	1.5	6.5
11:30:07.464134	5.375	14.3125	9.0625	39.5625	36.6875	41.0625	46.1875	36.0625	6.875	-64.5	-1.8125	8.9375
11:30:07.474206	5.125	11.5	8.5625	32.9375	35.25	42.1875	48.875	33.375	9.375	-64.6875	-4.6875	6.5
11:30:07.484276	4.5	7.1875	6.625	26.6875	32.875	41.875	49.875	29.5625	12.0	-62.125	-30.0	5.4375
11:30:07.494614	3.4375	3.6875	3.9375	21.25	29.6875	41.3125	54.0	23.75	12.9375	-70.875	-35.1875	5.9375
11:30:07.505560	1.5	-1.5	-2.5625	15.4375	26.625	41.4375	60.3125	18.375	14.4375	-77.8125	-33.75	5.0625
11:30:07.516158	0.5	-3.625	-5.0	11.625	23.0	39.8125	63.4375	18.875	16.125	-74.0625	-43.6875	4.5
11:30:07.526231	0.125	-4.875	-5.9375	10.625	21.3125	37.75	65.0	18.8125	16.8125	-74.0625	-49.0625	6.625
11:30:07.536459	0.25	-5.9375	-5.625	11.25	20.1875	36.0625	69.375	20.625	16.625	-88.375	-41.3125	7.375
11:30:07.546528	0.125	-6.75	-4.0	10.1875	21.125	34.3125	74.6875	24.3125	17.6875	-88.375	-41.3125	7.375
11:30:07.556625	-0.5625	-6.4375	-0.5	10.3125	21.9375	31.5	77.5	32.5625	19.6875	-88.375	-41.3125	7.375
11:30:07.566686	-3.375	-3.875	5.25	10.625	21.875	26.6875	78.25	38.5	22.125	-92.125	-29.0625	7.4375
11:30:07.576762	-7.4375	-1.875	9.8125	7.5	16.5625	21.8125	83.125	33.8125	22.375	-92.125	-29.0625	7.4375
11:30:07.587121	-11.3125	-5.6875	13.625	1.625	6.75	16.6875	91.0	24.125	21.6875	-92.125	-29.0625	7.4375
11:30:07.597790	-13.4375	-15.375	13.625	-5.8125	-7.125	11.125	94.375	16.8125	20.3125	-92.125	-29.0625	7.4375
11:30:07.607877	-12.9375	-29.25	9.25	-16.1875	-18.25	6.0625	99.0625	22.5625	18.0	-92.125	-29.0625	7.4375
11:30:07.617945	-11.25	-43.0	3.0625	-28.5	-23.375	0.375	105.8125	34.625	16.6875	-92.125	-29.0625	7.4375
11:30:07.628041	-9.375	-50.375	-2.625	-40.5	-28.5	-5.75	110.75	42.3125	15.5625	-92.125	-29.0625	7.4375
11:30:07.638663	-8.0	-47.8125	-5.4375	-50.625	-36.125	-11.8125	114.125	51.6875	14.75	-121.1875	-13.8125	53.3125
11:30:07.648750	-5.9375	-37.8125	-4.75	-61.75	-40.75	-18.5625	120.375	70.0625	15.125	-122.0625	11.375	76.3125
11:30:07.658981	-4.9375	-26.375	-2.875	-76.5625	-53.6875	-23.1875	133.8125	105.0625	17.3125	-132.5	36.1875	87.125
11:30:07.669044	-4.0625	-15.6875	-2.5625	-91.375	-62.75	-24.9375	140.9375	141.75	22.1875	-148.1875	37.3125	91.125
11:30:07.679677	-3.6875	-8.4375	-5.0625	-109.0	-73.75	-26.4375	140.375	167.3125	25.625	-148.1875	37.3125	91.125
11:30:07.689994	-4.375	-2.9375	-8.8125	-119.625	-60.9375	-28.75	136.25	160.625	25.375	-197.5625	47.9375	50.25
11:30:07.700592	-5.25	2.625	-12.4375	-134.3125	-53.125	-38.0625	123.4375	114.875	26.5	-255.5	20.5625	28.5
11:30:07.710810	-6.375	8.8125	-14.6875	-148.5	-21.875	-42.875	108.8125	25.5	27.5	-255.5	20.5625	28.5
11:30:07.720898	-8.0	13.0625	-15.375	-152.875	3.375	-50.75	97.6875	14.875	24.3125	-340.75	-70.75	32.125
11:30:07.731025	-9.625	14.1875	-14.75	-145.1875	-0.875	-61.125	87.0625	10.0	24.0	-341.5	-244.75	-18.125
11:30:07.741156	-10.4375	12.25	-12.8125	-103.125	-19.25	-70.875	82.5625	-16.9375	21.25	-209.1875	-221.3125	-61.5625
11:30:07.751688	-10.5	9.4375	-10.25	-103.125	-19.25	-70.875	80.875	-34.8125	20.875	-49.125	24.3125	-4.5
11:30:07.761994	-10.1875	6.5	-6.625	-88.6875	-7.3125	-72.5625	73.3125	-10.9375	18.9375	-49.125	24.3125	-4.5
11:30:07.772696	-8.75	3.8125	-3.9375	-85.375	-29.1875	-66.4375	49.6875	0.75	12.1875	189.6875	207.125	-8.8125
11:30:07.782823	-6.75	0.4375	-2.1875	-94.625	-27.1875	-63.1875	16.625	-10.375	7.125	201.4375	74.0625	-46.625
11:30:07.792900	-4.5625	-3.875	-1.125	-104.25	-23.5625	-62.0	-16.0	-30.4375	5.5	201.4375	74.0625	-46.625
11:30:07.803410	-2.4375	-7.25	-1.125	-108.25	-26.625	-63.125	-38.875	-53.625	-0.375	84.8125	29.6875	-46.3125
11:30:07.813712	-1.125	-8.3125	0.0625	-107.0625	-30.5	-64.5625	-57.0	-75.0	-8.5625	150.875	162.3125	-36.0625
11:30:07.823873	0.625	-5.0	-1.25	-97.5	-39.0625	-66.875	-80.875	-76.1875	-17.5	241.125	171.75	-58.0625
11:30:07.833946	0.625	-5.0	-1.25	-87.625	-45.75	-67.125	-103.8125	-79.4375	-26.5	275.1875	63.75	-82.1875
11:30:07.844020	1.25	-2.9375	-2.5625	-78.9375	-49.25	-66.5625	-122.6875	-82.8125	-31.4375	228.9375	-1.5	-41.25
11:30:07.854088	2.75	0.0	-4.3125	-73.3125	-49.375	-63.1875	-140.5625	-72.625	-30.25	174.5625	29.0625	-9.9375
11:30:07.864207	3.4375	0.875	-4.625	-70.1875	-55.0625	-58.8125	-161.375	-59.75	-24.625	173.4375	64.0625	-15.0625
11:30:07.874297	4.0	1.5625	-4.5625	-74.625	-63.1875	-54.4375	-182.125	-57.8125	-21.0	216.1875	58.9375	-8.375
11:30:07.884411	4.0	1.5625	-4.5625	-80.5	-69.75	-49.0625	-195.0625	-50.4375	-22.5625	216.1875	58.9375	-8.375
11:30:07.894531	4.3125	2.9375	-4.6875	-81.75	-72.9375	-44.4375	-207.625	-33.25	-25.25	273.375	68.875	-9.25
11:30:07.904627	4.3125	2.75	-5.25	-79.875	-72.375	-41.5625	-222.1875	-6.6875	-29.25	268.3125	91.6875	-7.3125
11:30:07.914707	3.5625	2.0625	-5.125	-63.6875	-62.25	-42.8125	-235.375	24.1875	-33.9375	244.25	108.0	2.4375
11:30:07.924775	2.875	1.625	-4.4375	-47.375	-43.875	-43.25	-244.3125	46.875	-38.5	215.75	111.6875	15.125
11:30:07.934905	2.4375	0.4375	-4.875	-37.125	-25.4375	-43.4375	-248.0	60.0625	-42.375	205.9375	119.6875	23.875
11:30:07.944974	1.125	-0.1875	-5.25	-30.625	-8.0625	-43.9375	-251.0	63.25	-44.0	219.8125	122.75	29.9375
11:30:07.955216	-0.625	-0.5	-5.1875	-29.8125	-0.9375	-43.5625	-251.625	55.5	-44.25	228.9375	108.1875	33.125
11:30:07.965344	-0.625	-0.5	-5.1875	-30.9375	5.9375	-43.625	-251.375	38.1875	-44.875	231.875	86.125	38.75
11:30:07.975484	-2.25	-0.5	-4.5625	-30.1875	13.625	-42.875	-251.125	18.375	-46.0625	231.875	86.125	38.75
11:30:07.985993	-5.6875	2.4375	-3.3125	-24.0	17.875	-40.5625	-251.1875	1.3125	-45.9375	234.625	41.1875	37.3125
11:30:07.996102	-7.0625	4.4375	-2.5	-14.0625	21.625	-39.3125	-251.5625	-8.3125	-44.1875	225.8125	28.5	36.25
11:30:08.006268	-7.9375	6.5625	-1.8125	-6.0	22.6875	-37.125	-249.5625	-9.8125	-42.0625	227.25	23.25	35.25
11:30:08.016351	-8.5	8.1875	-0.5	-0.1875	20.5625	-34.5625	-246.75	-7.375	-39.5625	227.25	23.25	35.25
11:30:08.026464	-8.9375	9.1875	1.125	3.4375	11.125	-31.875	-244.0	-4.4375	-36.75	233.8125	28.625	28.9375
11:30:08.036591	-9.25	9.375	3.25	9.625	3.5625	-28.3125	-240.0625	-4.0625	-32.5	229.375	29.8125	11.25
11:30:08.046664	-9.25	8.9375	5.0	17.875	2.1875	-24.6875	-235.875	-8.0	-28.25	225.25	27.375	6.0
11:30:08.056779	-8.625	8.0	6.5625	27.6875	2.25	-22.5625	-229.0	-11.9375	-24.25	220.875	24.5	3.375
11:30:08.067435	-7.125	6.4375	8.375	38.125	-0.6875	-20.875	-220.5625	-15.625	-21.0625	220.875	24.5	3.375
11:30:08.077812	-5.8125	4.0625	8.875	45.5625	-9.25	-17.75	-209.6875	-18.8125	-19.0	220.875	24.5	3.375
11:30:08.087914	-4.3125	1.625	9.0625	49.0	-18.9375	-14.375	-197.625	-26.875	-17.75	220.875	24.5	3.375
11:30:08.097988	-2.3125	0.875	10.4375	49.0	-26.1875	-10.8125	-182.25	-37.0	-16.625	174.125	10.125	2.125
11:30:08.108060	-1.4375	-0.6875	8.8125	46.6875	-28.375	-8.0625	-163.25	-43.25	-15.0	174.125	10.125	2.125
11:30:08.118193	0.0	-3.0	7.875	44.1875	-27.3125	-6.875	-142.6875	-44.125	-13.6875	138.625	-12.6875	8.625
11:30:08.128254	1.125	-4.375	7.625	39.1875	-26.4375	-7.1875	-122.8125	-41.1875	-12.6875	138.625	-12.6875	8.625
11:30:08.138345	0.8125	-6.0625	6.875	34.0625	-27.6875	-8.0	-97.25	-32.625	-12.25	138.625	-12.6875	8.625
11:30:08.148462	0.0	-7.3125	7.125	28.75	-26.1875	-8.375	-71.0	-25.125	-12.125	138.625	-12.6875	8.625
11:30:08.158790	-1.0625	-10.0	5.875	21.9375	-24.5625	-10.0625	-44.875	-16.4375	-11.4375	138.625	-12.6875	8.625
11:30:08.169225	-1.375	-12.0625	5.0625	14.25	-21.6875	-11.9375	-19.9375	-11.5625	-10.1875	138.625	-12.6875	8.625
11:30:08.179296	-1.25	-13.25	4.375	7.625	-18.4375	-12.375	5.375	-15.0	-9.0	138.625	-12.6875	8.625
11:30:08.189485	-0.9375	-13.125	2.1875	2.0625	-17.75	-11.875	30.3125	-19.6875	-8.0625	-29.75	-18.5625	5.875
11:30:08.199633	-0.5	-11.9375	0.4375	-1.75	-20.8125	-10.875	52.25	-23.25	-7.1875	-48.0	-20.3125	1.875
11:30:08.209759	0.125	-10.625	-0.4375	-4.375	-26.3125	-8.75	85.5	-34.3125	-5.4375	-48.0	-20.3125	1.875
11:30:08.219893	0.4375	-8.75	-0.0625	-3.9375	-31.125	-4.4375	99.0625	-39.25	-4.5625	-48.0	-20.3125	1.875
11:30:08.230036	0.3125	-6.8125	1.375	-0.1875	-27.8125	-1.75	108.75	-45.1875	-2.8125	-48.0	-20.3125	1.875
11:30:08.240184	-0.25	-6.625	2.3125	9.125	-19.4375	0.5625	112.75	-54.375	-0.0625	-48.0	-20.3125	1.875
11:30:08.250352	-0.375	-5.8125	3.5	20.3125	-11.125	4.75	99.125	-31.625	0.625	-48.0	-20.3125	1.875
11:30:08.260903	-0.125	-3.375	4.4375	30.5625	-2.4375	13.3125	53.25	16.5	2.3125	-48.0	-20.3125	1.875
11:30:08.271008	2.25	-2.5625	6.6875	38.5	11.75	23.6875	8.0	-41.75	8.3125	-48.0	-20.3125	1.875
11:30:08.281131	5.0625	-4.3125	9.375	46.25	19.375	28.125	4.9375	-107.3125	4.9375	-48.0	-20.3125	1.875
11:30:08.291248	7.125	-4.0	8.6875	46.1875	14.4375	29.125	40.625	-147.0	-9.125	-103.9375	-40.125	-61.3125
11:30:08.301320	8.3125	-0.25	5.5	46.1875	14.4375	29.125	40.625	-147.0	-9.125	-207.875	-379.75	24.625
11:30:08.311422	8.875	6.6875	1.375	35.0	30.375	27.375	72.625	-69.25	-18.6875	-207.875	-379.75	24.625
11:30:08.321946	8.8125	14.75	-2.5625	16.3125	17.1875	17.8125	64.6875	16.9375	-5.9375	-207.875	-379.75	24.625
11:30:08.332701	8.625	21.0625	-4.6875	-4.0	0.5	9.4375	60.75	75.0	3.5	-207.875	-379.75	24.625
11:30:08.342765	8.25	22.625	-5.5	-2.375	12.5625	11.8125	59.9375	78.4375	7.75	-207.875	-379.75	24.625
11:30:08.352883	8.125	18.875	-5.625	13.6875	37.875	23.9375	64.625	58.4375	6.25	-207.875	-379.75	24.625
11:30:08.362951	9.75	11.875	-6.3125	24.75	51.8125	32.0	65.625	7.5625	1.625	-207.875	-379.75	24.625
11:30:08.373051	11.625	3.875	-8.0	36.5625	62.875	30.25	59.625	-49.875	-6.1875	-207.875	-379.75	24.625
11:30:08.383119	12.25	-2.75	-11.375	51.5	74.3125	24.625	55.0	-70.9375	-16.6875	-207.875	-379.75	24.625
11:30:08.393312	12.0	-7.875	-14.875	70.625	84.6875	21.125	51.6875	-50.5625	-22.625	-80.625	-33.5	46.5
11:30:08.403925	11.875	-12.0625	-17.375	82.0625	80.1875	22.6875	46.5625	-7.75	-20.875	-106.1875	-55.3125	-27.0
11:30:08.413996	12.125	-15.6875	-18.1875	82.375	60.0625	24.25	44.5625	24.3125	-15.0625	-106.1875	-55.3125	-27.0
11:30:08.424093	12.5	-17.875	-15.1875	70.875	29.1875	26.3125	46.375	36.5625	-10.75	-106.1875	-55.3125	-27.0
11:30:08.434184	12.3125	-16.25	-12.5	53.75	-3.3125	29.5	46.8125	31.8125	-8.8125	-106.1875	-55.3125	-27.0
11:30:08.444313	11.1875	-14.25	-9.1875	38.9375	-32.125	31.4375	42.5	19.1875	-8.0625	-106.1875	-55.3125	-27.0
11:30:08.454399	9.75	-12.0625	-5.1875	27.6875	-52.6875	32.5	39.6875	-0.6875	-8.3125	-106.1875	-55.3125	-27.0
11:30:08.465067	8.625	-7.25	-3.8125	16.8125	-58.5	32.25	41.875	-19.625	-8.0	-106.1875	-55.3125	-27.0
11:30:08.475570	6.3125	-2.3125	-1.75	10.6875	-51.375	30.9375	43.5625	-26.875	-5.75	-106.1875	-55.3125	-27.0
11:30:08.486094	4.3125	3.0	-1.0625	24.75	-36.0	28.75	43.3125	-20.1875	-3.1875	-106.1875	-55.3125	-27.0
11:30:08.496555	4.3125	3.0	-1.0625	46.625	-14.0	25.5	42.0	-7.6875	-1.6875	-41.8125	-9.4375	2.5625
11:30:08.506652	1.125	9.4375	-0.5	53.5625	7.4375	20.375	42.25	5.4375	-0.625	-12.0	-13.625	16.375
11:30:08.516788	0.0625	9.75	-1.75	64.1875	27.375	18.375	42.375	17.6875	0.0	-12.0	-13.625	16.375
11:30:08.526872	-0.8125	8.625	-3.875	60.9375	38.9375	19.75	41.25	27.25	-0.125	-12.0	-13.625	16.375
11:30:08.537105	-1.4375	8.125	-6.3125	55.0	52.8125	21.0	41.25	27.25	-0.125	-45.6875	6.625	-14.1875
11:30:08.547765	-1.4375	8.125	-6.3125	50.8125	59.6875	20.8125	41.25	27.25	-0.125	-61.0	1.9375	-9.9375
11:30:08.558116	-1.75	7.3125	-8.4375	49.375	67.6875	19.3125	40.3125	51.5	2.375	-61.0	1.9375	-9.9375
11:30:08.568751	-2.4375	6.4375	-9.8125	51.3125	75.0	19.8125	37.4375	48.75	5.0	-61.0	1.9375	-9.9375
11:30:08.578874	-2.75	5.6875	-10.25	52.5625	77.375	22.625	38.375	38.8125	6.4375	-61.0	1.9375	-9.9375
11:30:08.588996	-3.3125	5.0625	-9.625	50.6875	77.6875	26.0	38.375	38.8125	6.4375	-32.0	5.125	-4.8125
11:30:08.599089	-3.375	5.5625	-9.0625	48.625	78.3125	29.0625	39.5	21.5625	5.6875	-25.0	4.3125	-7.4375
11:30:08.609176	-3.4375	6.6875	-9.4375	47.3125	72.9375	31.0625	39.5	21.5625	5.6875	-24.75	1.0	-14.0
11:30:08.619243	-3.875	7.1875	-7.6875	44.625	65.25	31.125	39.5	21.5625	5.6875	-24.875	2.3125	-12.9375
11:30:08.629326	-3.8125	7.5625	-6.125	39.0625	52.25	32.125	39.5	21.5625	5.6875	-36.375	0.875	-3.5
11:30:08.639426	-3.3125	7.375	-4.5	39.75	36.8125	34.4375	39.5	21.5625	5.6875	-30.3125	3.0	1.75
11:30:08.649500	-2.75	6.75	-3.5625	39.6875	26.75	36.75	39.5	21.5625	5.6875	-31.625	4.8125	-5.6875
11:30:08.659639	-1.9375	6.1875	-3.125	43.8125	12.6875	35.5625	39.5	21.5625	5.6875	-29.0	5.375	-2.1875
11:30:08.669740	-0.75	4.625	-3.9375	43.8125	12.6875	35.5625	33.6875	-8.5625	4.875	-29.0	5.375	-2.1875
11:30:08.679860	0.375	2.6875	-4.5625	43.9375	2.625	31.3125	30.0	-15.625	4.6875	-29.0	5.375	-2.1875
11:30:08.689979	1.75	0.875	-5.0	42.625	-2.3125	30.8125	29.3125	-25.8125	3.8125	-29.0	5.375	-2.1875
11:30:08.700099	2.9375	-1.5	-5.0	43.25	-6.3125	30.75	33.5	-26.8125	3.0	-35.5625	7.625	-2.125
11:30:08.710768	4.375	-4.0	-5.1875	42.3125	-6.8125	30.8125	36.8125	-19.25	2.9375	-35.5625	7.625	-2.125
11:30:08.720834	5.375	-6.125	-5.1875	39.6875	-4.5	29.625	36.9375	-18.5	3.625	-20.125	-1.4375	-4.125
11:30:08.730957	6.4375	-7.5625	-5.0625	37.3125	-0.9375	28.4375	37.8125	-20.0	2.5625	-20.125	-1.4375	-4.125
11:30:08.741077	7.6875	-8.5625	-4.375	33.6875	5.4375	26.9375	41.6875	-17.0625	1.8125	-48.75	15.625	4.5625
11:30:08.751529	8.5625	-8.75	-3.5625	29.5625	15.3125	25.125	46.1875	-13.75	2.6875	-48.75	15.625	4.5625
11:30:08.761674	9.0	-8.3125	-2.1875	28.0625	24.625	23.4375	47.5	-15.625	2.5625	-36.0625	-4.875	1.5
11:30:08.772391	8.9375	-7.0625	-0.9375	27.75	30.0625	22.3125	54.875	-3.875	2.5625	-51.6875	16.1875	0.8125
11:30:08.782488	8.375	-4.875	-0.125	26.4375	33.5	21.25	55.5	-4.0	3.375	-51.6875	16.1875	0.8125
11:30:08.792609	7.8125	-1.75	0.6875	25.5625	36.9375	20.3125	55.5	-5.5	2.1875	-40.375	2.125	-5.125
11:30:08.803124	6.75	1.125	1.625	23.8125	34.625	20.75	60.0	-5.375	1.4375	-40.375	2.125	-5.125
11:30:08.813196	5.875	3.75	2.375	23.375	31.6875	20.75	64.5625	-7.4375	2.4375	-40.375	2.125	-5.125
11:30:08.823264	4.9375	5.875	3.375	19.5	25.9375	22.5625	63.625	-7.625	3.4375	-40.375	2.125	-5.125
11:30:08.833348	3.6875	7.6875	4.25	19.1875	23.8125	23.5625	62.8125	-2.0	2.875	-40.375	2.125	-5.125
11:30:08.843414	3.1875	9.125	5.25	21.8125	23.625	25.5	65.625	4.1875	2.8125	-52.875	1.1875	9.875
11:30:08.853482	3.375	10.25	6.4375	23.25	27.375	25.4375	65.625	4.1875	2.8125	-54.75	-35.25	34.3125
11:30:08.863638	3.125	11.5625	7.875	23.375	31.375	25.9375	61.1875	18.6875	4.25	-48.75	-5.9375	23.625
11:30:08.873714	4.0	12.3125	9.8125	25.625	32.4375	26.3125	59.5	26.125	5.3125	-62.5625	-4.9375	2.625
11:30:08.883812	4.5625	11.75	11.0625	27.3125	33.4375	28.6875	63.5	27.375	7.5	-76.0625	-8.125	-0.25
11:30:08.893875	4.375	9.4375	11.25	27.0	33.0	32.25	63.3125	23.375	10.75	-70.6875	-7.9375	2.0
11:30:08.904000	4.375	7.5	10.0	24.625	30.875	33.4375	61.4375	18.5	12.6875	-61.625	-29.8125	3.0625
11:30:08.914075	4.0	5.6875	8.8125	21.125	24.4375	34.375	63.3125	16.5	13.1875	-61.625	-29.8125	3.0625
11:30:08.924232	3.3125	4.3125	7.625	16.0625	20.0625	35.125	67.875	14.3125	15.25	-81.0625	-31.0	0.25
11:30:08.934313	2.8125	3.1875	6.5	10.75	17.8125	35.9375	69.875	15.5	17.6875	-76.5	-46.4375	1.6875
11:30:08.944415	2.0625	1.375	6.0	9.0	14.625	36.0625	68.875	14.6875	18.1875	-72.6875	-52.75	4.4375
11:30:08.954538	1.0	-0.25	5.9375	9.0	13.5	35.5625	73.0	15.8125	17.9375	-88.125	-41.25	3.875
11:30:08.964669	0.625	-1.375	6.75	9.0	20.4375	33.9375	77.8125	19.8125	19.4375	-97.625	-38.1875	5.125
11:30:08.974741	0.625	-2.1875	7.625	8.8125	27.3125	31.125	78.8125	26.9375	22.375	-90.625	-39.375	6.8125
11:30:08.984840	-1.375	-4.75	7.6875	10.1875	22.6875	26.8125	80.25	26.6875	24.0625	-89.8125	-42.4375	1.75
11:30:08.994904	-5.625	-7.4375	9.8125	7.875	15.3125	21.6875	86.875	17.5	24.25	-97.375	-67.0625	-1.6875
11:30:09.005060	-9.6875	-8.0625	13.875	2.375	4.375	15.625	91.875	8.1875	23.9375	-107.4375	-60.125	12.4375
11:30:09.015648	-13.1875	-9.8125	16.1875	-4.1875	-7.5	8.9375	96.625	8.5625	22.1875	-103.6875	-18.9375	16.375
11:30:09.025784	-14.875	-14.8125	15.75	-14.3125	-19.375	2.5	102.5	17.9375	20.875	-105.875	-28.6875	10.0
11:30:09.036201	-12.1875	-35.0625	7.3125	-25.6875	-29.75	-2.875	108.0	26.625	19.9375	-126.25	-59.6875	17.75
11:30:09.046729	-9.1875	-43.5	4.0625	-37.1875	-39.5	-7.125	114.25	33.5	18.0	-131.6875	-50.3125	33.5625
11:30:09.056795	-6.375	-43.6875	2.1875	-49.1875	-45.25	-11.25	119.4375	42.6875	15.5	-125.25	-25.0	47.4375
11:30:09.066870	-5.0	-35.875	2.0	-61.8125	-46.9375	-15.3125	123.875	54.6875	13.8125	-129.6875	-6.0625	63.25
11:30:09.076942	-4.5625	-24.0	2.9375	-74.5	-44.1875	-19.1875	135.3125	89.875	15.125	-135.25	7.1875	70.875
11:30:09.087071	-3.3125	-11.8125	3.5	-88.0625	-41.125	-22.5	144.5625	115.25	18.0625	-147.8125	23.0	73.3125
11:30:09.097198	-3.0	-2.8125	1.0625	-102.5625	-37.25	-26.5	142.4375	120.8125	20.0	-172.9375	1.375	67.0
11:30:09.107735	-3.0625	3.8125	-3.4375	-116.125	-35.3125	-31.8125	136.8125	109.0625	19.0625	-189.9375	-1.1875	57.8125
11:30:09.117847	-3.3125	9.25	-7.9375	-126.5625	-28.3125	-38.125	124.6875	67.3125	20.75	-203.3125	-2.0	26.9375
11:30:09.128011	-3.5625	14.6875	-11.75	-132.9375	-14.4375	-44.125	109.4375	20.25	25.0	-264.4375	-71.8125	17.625
11:30:09.138115	-4.3125	19.125	-13.6875	-141.875	-3.375	-51.25	93.625	-8.4375	22.25	-319.0625	-53.9375	12.75
11:30:09.148182	-6.0625	21.0625	-14.6875	-145.5	-2.375	-60.0	92.625	-19.9375	17.375	-326.375	-80.125	-3.625
11:30:09.158249	-7.9375	19.3125	-14.4375	-130.625	5.25	-67.5625	92.25	-18.4375	16.4375	-243.5625	-277.75	-20.875
11:30:09.168786	-9.25	16.0	-13.1875	-114.25	-7.75	-75.75	89.0625	-2.125	15.25	-93.0	-200.6875	-22.8125
11:30:09.178859	-9.3125	11.5625	-9.9375	-94.5625	-16.9375	-75.1875	78.75	-3.5625	11.9375	74.625	169.125	-20.4375
11:30:09.188993	-8.1875	7.9375	-7.0625	-86.625	-36.1875	-74.375	50.5	-17.0	11.25	126.375	227.0625	24.0
11:30:09.199063	-5.875	4.75	-3.3125	-84.25	-43.0625	-71.0625	19.0625	-35.375	11.1875	79.5625	-19.375	-34.5
11:30:09.209249	-3.5	1.5625	-0.1875	-87.25	-50.4375	-65.75	1.0	-42.9375	8.875	34.0625	-105.8125	-64.125
11:30:09.219400	-0.75	-2.0	1.25	-99.625	-37.75	-64.75	-18.875	-59.6875	2.5625	63.75	44.9375	-51.375
11:30:09.229468	1.3125	-3.8125	2.125	-103.375	-34.6875	-67.3125	-41.3125	-78.9375	-5.75	138.625	113.3125	-59.8125
11:30:09.239549	2.875	-4.375	2.0625	-102.1875	-37.625	-69.3125	-65.25	-84.0	-14.5	206.1875	73.9375	-74.8125
11:30:09.249666	4.0625	-3.375	0.75	-98.125	-47.25	-68.5	-86.5	-78.875	-20.125	228.9375	56.5	-64.9375
11:30:09.259795	5.0	-2.25	-0.6875	-89.625	-52.8125	-66.6875	-107.25	-64.625	-20.4375	204.875	58.25	-21.9375
11:30:09.270481	6.25	-1.25	-2.0625	-81.125	-54.5	-64.1875	-127.5625	-51.5625	-16.5	157.5625	53.5	-10.875
11:30:09.280563	6.75	-0.875	-2.3125	-76.1875	-60.875	-60.1875	-147.625	-35.4375	-12.875	197.25	76.125	-14.125
11:30:09.291139	6.75	-1.0625	-1.75	-74.75	-61.8125	-56.75	-165.1875	-26.8125	-12.6875	215.4375	82.0	-15.625
11:30:09.301311	6.4375	-1.6875	-0.5	-73.3125	-57.9375	-51.3125	-182.0	-11.5625	-14.875	225.5	90.4375	-23.0
11:30:09.311451	5.8125	-2.6875	0.125	-75.0	-57.75	-45.4375	-212.375	12.75	-21.0	231.0	96.3125	-24.8125
11:30:09.321579	5.3125	-5.1875	1.8125	-69.0625	-56.125	-43.625	-225.1875	22.875	-24.8125	237.9375	102.625	-14.875
11:30:09.331711	4.0625	-7.375	3.375	-55.625	-49.3125	-42.75	-236.0625	38.375	-30.5	234.0625	107.125	-2.4375
11:30:09.342327	3.8125	-8.3125	3.9375	-46.8125	-38.125	-41.75	-247.0	51.125	-34.4375	228.6875	105.75	9.3125
11:30:09.352398	3.6875	-9.1875	3.125	-38.125	-23.25	-43.0625	-254.8125	48.8125	-36.25	226.8125	107.875	21.125
11:30:09.362465	2.4375	-8.875	1.3125	-29.5	-10.8125	-43.0625	-258.6875	36.3125	-36.5	231.8125	109.125	28.125
11:30:09.372537	0.875	-7.5	0.75	-22.375	-3.5625	-43.3125	-260.625	24.0	-36.6875	244.9375	107.6875	32.25
11:30:09.382611	-0.5	-5.375	0.5	-18.875	1.5	-43.0	-262.4375	18.625	-35.6875	244.3125	101.625	31.75
11:30:09.392693	-2.1875	-3.5625	0.0625	-14.125	5.125	-41.8125	-263.875	21.125	-35.375	238.6875	91.875	27.3125
11:30:09.402759	-3.5	-1.1875	-0.5625	-8.0	6.8125	-40.75	-263.5625	29.6875	-36.25	234.5	78.5	23.0625
11:30:09.413240	-4.9375	0.9375	-0.6875	-1.0	8.75	-38.3125	-261.5625	32.125	-36.875	222.5	62.375	23.8125
11:30:09.423402	-6.125	2.9375	-0.4375	4.875	8.375	-37.25	-259.1875	28.0625	-36.0	225.5	53.3125	24.0
11:30:09.433488	-7.125	4.375	-0.0625	11.25	5.75	-36.5625	-255.8125	22.5	-33.5625	232.625	48.0	25.1875
11:30:09.443571	-8.0	5.125	1.3125	16.125	5.25	-35.75	-249.625	16.4375	-32.375	230.0	46.0625	23.75
11:30:09.453641	-8.4375	4.9375	2.625	20.125	6.375	-33.125	-240.5625	8.9375	-31.1875	222.875	37.0625	20.625
11:30:09.463712	-9.3125	4.25	4.75	24.25	7.3125	-30.125	-230.5625	-2.1875	-29.5	216.0625	25.625	15.3125
11:30:09.473779	-9.3125	4.0	6.5	30.125	5.6875	-26.8125	-218.3125	-14.1875	-27.625	205.75	18.9375	12.875
11:30:09.483853	-9.5	2.5	7.375	34.0	-1.625	-22.5	-204.0625	-24.75	-25.8125	189.375	13.5625	12.5
11:30:09.493979	-9.125	0.9375	8.4375	34.0	-11.875	-18.125	-188.375	-34.6875	-23.375	172.3125	2.6875	11.125
11:30:09.504047	-8.5625	-0.6875	10.6875	31.125	-19.5625	-14.6875	-169.25	-37.5	-21.1875	159.4375	-5.125	7.6875
11:30:09.514120	-8.375	-1.875	12.375	26.875	-24.9375	-10.6875	-148.9375	-37.875	-18.5	146.4375	-10.4375	7.375
11:30:09.524209	-7.9375	-3.1875	12.875	21.625	-29.0	-8.5	-127.75	-41.0625	-15.9375	110.75	-26.5	12.75
11:30:09.534316	-7.25	-4.0625	13.625	16.625	-32.3125	-8.1875	-103.75	-37.375	-13.3125	86.4375	-22.4375	17.0
11:30:09.544393	-6.75	-4.4375	14.125	12.5625	-27.375	-10.0	-78.4375	-30.0	-11.6875	61.125	-19.875	16.625
11:30:09.554481	-6.6875	-4.5625	13.6875	11.6875	-17.25	-12.25	-52.4375	-21.0	-10.375	38.9375	-12.0625	14.4375
11:30:09.564548	-6.0	-4.75	13.4375	9.4375	-6.375	-14.625	-27.0625	-8.0625	-9.375	12.1875	-6.6875	10.125
11:30:09.574621	-5.6875	-4.8125	12.8125	3.375	1.6875	-16.9375	-2.25	3.125	-8.3125	-15.0	-4.25	6.9375
11:30:09.584736	-5.6875	-4.875	11.5625	-2.375	2.4375	-18.0625	20.5625	6.5	-7.1875	-38.9375	2.1875	5.5
11:30:09.594819	-5.5625	-4.4375	9.0625	-8.9375	-2.3125	-18.1875	41.5	5.9375	-5.75	-56.5625	2.375	1.8125
11:30:09.604933	-4.75	-3.3125	7.8125	-17.0625	-12.5625	-17.0625	61.1875	2.75	-4.375	-70.0	-4.5625	-1.8125
11:30:09.615048	-5.0	-4.6875	5.3125	-19.8125	-20.4375	-16.1875	77.6875	-3.625	-3.0	-79.25	-11.125	-3.4375
11:30:09.625124	-4.875	-6.6875	2.4375	-16.75	-23.25	-14.25	91.9375	-12.75	-1.6875	-86.25	-24.3125	-6.875
11:30:09.635384	-4.1875	-8.375	0.3125	-10.25	-22.5	-11.875	103.8125	-24.25	-0.9375	-93.375	-27.5	-19.9375
11:30:09.645655	-3.375	-9.5	-0.125	-6.0625	-23.5	-9.3125	112.8125	-33.3125	-1.4375	-129.875	-55.1875	-49.5
11:30:09.655757	-3.0	-10.75	-0.3125	-2.5625	-26.625	-6.3125	116.1875	-40.0625	-1.625	-95.375	-62.5	-44.875
11:30:09.665872	-2.1875	-10.9375	1.3125	-1.75	-30.875	-1.9375	110.5625	-50.6875	0.75	-28.625	-43.9375	-25.6875
11:30:09.675942	-1.5	-10.625	3.1875	-1.625	-31.8125	1.125	98.0	-53.625	4.0	42.75	-131.3125	-26.75
11:30:09.686056	-1.5	-10.875	5.6875	14.8125	-20.25	4.0625	68.625	-21.25	4.8125	158.625	-104.9375	-25.0625
11:30:09.696139	-0.4375	-9.125	8.3125	39.25	14.1875	14.5	21.8125	1.75	5.6875	2.8125	60.3125	-39.6875
11:30:09.706284	1.9375	-9.5	10.75	61.3125	43.25	32.5	-9.3125	-64.5625	4.375	-227.625	-153.625	-42.8125
11:30:09.716362	4.625	-10.0625	12.25	79.0	38.375	47.1875	9.0	-117.0	-4.0	-232.5	-332.9375	6.0625
11:30:09.726476	6.625	-8.1875	10.625	80.3125	13.875	46.8125	53.3125	-159.375	-18.25	-212.0	-59.5625	95.3125
11:30:09.737042	6.75	-4.0625	7.3125	51.0	1.6875	34.1875	72.875	-138.5625	-25.8125	-182.375	140.625	92.625
11:30:09.747376	6.125	2.9375	3.125	-18.5	-27.125	3.625	63.9375	-58.5	-19.5	-137.125	1.5	16.9375
11:30:09.757468	6.1875	10.4375	-0.625	-6.3125	-19.0	3.4375	60.4375	26.5625	-7.0625	-106.875	-102.25	10.9375
11:30:09.768126	7.0625	16.0	-4.6875	19.625	23.8125	13.1875	66.25	67.5	-2.125	-52.375	-35.0625	23.4375
11:30:09.778220	8.125	17.0625	-8.375	35.25	52.8125	22.125	70.1875	61.5625	1.875	54.875	20.75	11.1875
11:30:09.788314	9.75	12.5	-10.1875	36.125	67.3125	22.5625	67.0	22.4375	2.75	72.4375	14.25	4.0625
11:30:09.798468	11.75	5.0	-11.0625	45.4375	72.0625	19.8125	60.375	-36.8125	-0.125	18.0	-23.5625	-7.9375
11:30:09.809122	13.0	-2.375	-13.4375	56.6875	75.25	19.8125	57.0625	-70.5625	-9.375	-67.0625	-51.1875	-1.5
11:30:09.819219	12.875	-8.3125	-17.125	64.4375	76.5	19.8125	54.375	-65.5625	-18.4375	-84.1875	-35.625	-2.3125
11:30:09.829306	12.0625	-12.125	-20.1875	69.625	30.0	21.375	48.5625	-35.5625	-20.125	-98.375	-22.1875	7.0625
11:30:09.839411	10.75	-14.8125	-20.5625	54.0	-7.75	21.4375	45.75	-4.1875	-16.8125	-78.0	-17.1875	8.5
11:30:09.849540	9.1875	-16.6875	-18.3125	33.625	-42.8125	21.625	48.875	18.375	-12.4375	-25.25	1.625	4.375
11:30:09.860234	7.875	-17.125	-14.8125	18.4375	-61.5625	21.625	50.0625	26.25	-9.3125	5.4375	22.0625	-4.25
11:30:09.870351	6.4375	-16.1875	-11.125	8.0625	-65.8125	21.3125	46.4375	21.625	-8.8125	-34.625	-1.75	-18.1875
11:30:09.880464	4.1875	-14.9375	-6.75	3.6875	-53.6875	21.75	44.3125	10.0	-9.375	-57.8125	-12.25	-2.8125
11:30:09.890554	1.4375	-12.8125	-3.625	27.5	-30.8125	22.0625	46.25	-2.5	-9.4375	-59.9375	-18.5625	4.0625
11:30:09.900656	-1.3125	-8.8125	-0.875	48.3125	-2.9375	18.875	45.75	-10.375	-7.375	-41.3125	-9.375	6.875
11:30:09.911170	-3.0625	-2.6875	-0.0625	55.875	21.625	15.8125	43.5625	-12.9375	-3.75	-41.3125	-9.375	6.875
11:30:09.921413	-4.0	2.9375	0.25	66.0	42.5625	16.1875	43.4375	2.125	0.6875	-3.375	-2.9375	-2.3125
11:30:09.931542	-4.6875	7.6875	1.1875	60.9375	52.625	20.3125	43.0	18.5	1.0625	-9.5625	7.375	-10.8125
11:30:09.941672	-4.75	11.0	1.5	53.0	58.9375	24.4375	41.625	30.5	1.0	-38.125	9.125	-12.4375
11:30:09.952306	-4.4375	13.5	0.875	45.625	59.6875	24.9375	43.1875	37.625	0.75	-48.0625	3.0625	-5.4375
11:30:09.962380	-3.6875	14.5625	-0.4375	41.875	58.625	24.1875	43.5	41.875	1.75	-43.875	-4.0625	1.5
11:30:09.972513	-3.0	14.9375	-2.5	43.0625	59.0	22.3125	41.0	44.75	3.5625	-45.0625	-3.875	2.875
11:30:09.982583	-1.9375	14.6875	-4.8125	45.25	62.1875	21.625	40.0	39.75	5.5	-35.875	2.75	4.0625
11:30:09.993022	-1.5625	13.875	-6.875	48.0	71.25	22.8125	39.6875	29.6875	6.5	-31.375	-1.6875	1.5
11:30:10.003105	-1.5625	13.0	-8.25	48.5625	77.6875	24.125	39.4375	14.1875	6.5	-23.3125	1.875	-2.6875
11:30:10.013176	-1.6875	12.375	-8.75	47.3125	75.8125	24.875	38.25	-3.875	4.875	-23.3125	1.875	-2.6875
11:30:10.023245	-2.1875	11.8125	-8.5625	46.5625	63.4375	26.1875	38.6875	-19.8125	2.25	-28.9375	-1.0625	-9.0625
11:30:10.033320	-2.5625	11.25	-8.25	45.0	47.25	26.9375	40.5	-22.8125	0.625	-31.0625	5.5	-4.875
11:30:10.043394	-2.5625	10.25	-8.0	44.875	30.0625	28.0625	41.5625	-9.6875	0.9375	-24.3125	1.625	-6.625
11:30:10.053476	-2.1875	9.6875	-7.5625	40.4375	17.6875	27.1875	39.375	3.0625	1.8125	-30.375	4.0625	-4.375
11:30:10.063544	-1.3125	9.0625	-8.375	37.4375	8.3125	26.75	37.3125	5.3125	1.875	-33.3125	7.9375	4.6875
11:30:10.073618	-1.125	8.1875	-8.25	37.375	1.5625	27.6875	37.125	-0.0625	0.75	-36.3125	10.0625	9.75
11:30:10.083692	-0.3125	7.3125	-7.75	39.875	-1.75	27.8125	35.1875	-6.8125	0.375	-25.3125	-6.5	7.875
11:30:10.093766	0.8125	5.9375	-7.8125	42.0	1.4375	26.6875	31.0	-23.6875	0.25	-29.375	-8.875	8.125
11:30:10.103843	2.5	4.3125	-8.0625	44.125	5.9375	26.4375	27.75	-39.3125	-1.4375	-37.5625	-0.875	1.75
11:30:10.113911	3.75	2.6875	-7.9375	45.0	11.0625	26.375	30.875	-36.375	-2.3125	-27.5	7.1875	-4.0
11:30:10.123987	4.8125	1.0625	-7.625	44.375	14.6875	27.75	33.875	-26.25	-1.625	-20.3125	2.125	-4.8125
11:30:10.134165	5.5	-0.25	-7.0	42.9375	15.375	30.1875	32.5	-18.875	-1.25	-21.625	7.3125	-0.8125
11:30:10.144236	5.5625	-1.625	-5.6875	42.5	17.5625	31.1875	32.9375	-5.4375	-1.1875	-34.6875	10.1875	1.125
11:30:10.154321	5.625	-2.5625	-4.375	41.125	20.0	32.0625	37.6875	3.375	-0.0625	-28.3125	8.4375	3.3125
11:30:10.164449	6.0	-2.75	-3.5625	40.0	24.25	32.1875	38.5625	3.4375	0.0625	-29.375	3.4375	1.75
11:30:10.174545	6.25	-1.75	-2.4375	39.375	28.4375	32.375	36.0	-0.875	-0.5625	-34.0625	6.5	-0.25
11:30:10.184861	6.875	0.125	-1.6875	41.0	37.8125	32.375	39.5	1.0625	-1.5625	-37.75	13.75	4.4375
11:30:10.195003	7.375	2.1875	-0.8125	40.3125	40.625	33.1875	43.375	2.625	-0.8125	-22.6875	3.5	1.5
11:30:10.205634	7.5	3.75	-0.5	39.6875	41.625	32.1875	42.375	2.0625	-0.5625	-25.8125	-4.25	-1.9375
11:30:10.215710	6.5625	5.1875	-0.375	37.75	36.0	32.4375	43.6875	3.1875	-1.25	-32.1875	6.75	-1.5
11:30:10.225811	5.625	6.75	-0.6875	34.3125	32.125	32.125	47.1875	5.0625	-0.5625	-35.375	9.625	-0.6875
11:30:10.235899	4.125	11.0	-1.75	30.125	30.5	31.4375	49.0	7.75	0.5	-25.3125	0.0625	-3.0
11:30:10.245972	4.125	11.0	-1.75	27.6875	27.375	29.8125	48.875	7.9375	0.5625	-31.5	-3.0625	-2.375
11:30:10.256530	3.3125	12.6875	-2.375	28.4375	24.625	29.875	49.5625	8.0625	-0.4375	-40.0625	-12.1875	12.0
11:30:10.266633	3.125	16.6875	-3.125	29.5	25.625	29.375	53.0625	11.5	-0.75	-48.125	-28.9375	40.4375
11:30:10.276755	3.5	18.4375	-2.625	27.875	28.25	28.125	53.1875	18.9375	-0.8125	-44.1875	14.6875	26.375
11:30:10.287228	4.5	19.4375	-2.375	27.125	31.4375	25.6875	50.625	25.375	-0.375	-52.875	-3.875	8.4375
11:30:10.297339	5.1875	19.6875	-1.9375	29.6875	35.3125	26.375	52.625	32.875	0.8125	-63.1875	-5.5	9.5
11:30:10.307414	4.75	18.5	-1.5625	29.0625	38.9375	28.75	56.875	30.375	3.3125	-62.3125	0.5625	5.875
11:30:10.317513	4.0	15.8125	-1.9375	27.4375	36.3125	31.0	56.875	26.4375	6.1875	-62.3125	0.5625	5.875
11:30:10.328122	3.0625	13.125	-2.1875	23.125	32.8125	31.6875	56.8125	20.8125	7.9375	-66.8125	-26.6875	5.4375
11:30:10.338597	2.5625	10.75	-2.875	17.5	28.375	32.1875	59.875	16.8125	8.8125	-72.5	-26.875	4.125
11:30:10.349226	1.8125	8.1875	-3.375	12.5625	22.6875	32.0625	63.4375	16.875	10.8125	-69.125	-43.875	4.125
11:30:10.359389	1.25	5.875	-3.625	10.3125	16.5	32.4375	64.1875	14.375	12.75	-68.8125	-49.5	4.0625
11:30:10.369518	1.0625	4.375	-3.8125	9.8125	19.5	32.8125	65.3125	10.75	12.375	-80.4375	-41.625	6.9375
11:30:10.379605	0.6875	2.5625	-3.5625	9.8125	19.5	32.8125	68.9375	10.875	12.4375	-87.75	-40.4375	9.0625
11:30:10.390233	0.4375	1.125	-2.375	13.375	23.0625	30.25	71.6875	15.5	13.5625	-83.875	-43.3125	7.6875
11:30:10.400325	0.0625	-0.6875	-0.8125	14.25	22.4375	27.3125	72.25	17.8125	14.8125	-85.75	-43.5	7.9375
11:30:10.410442	-0.3125	-1.875	1.375	12.25	19.625	25.0625	80.8125	22.5	15.9375	-99.625	-37.5625	10.5
11:30:10.420588	-1.4375	-3.9375	2.0	7.875	16.5	20.4375	84.125	29.625	18.25	-93.1875	-33.1875	11.5
11:30:10.431299	-3.75	-4.8125	4.0625	1.1875	10.25	16.0	85.5625	29.375	19.9375	-95.5625	-58.0625	1.625
11:30:10.441410	-8.5	-3.1875	6.875	-6.625	3.3125	10.75	90.75	23.1875	18.75	-107.0625	-66.0	15.3125
11:30:10.452039	-13.1875	-2.125	9.625	-13.125	-5.875	5.3125	99.5625	13.375	17.6875	-116.5625	-21.875	29.6875
11:30:10.462490	-16.25	-5.125	10.5625	-21.75	-16.25	0.625	103.6875	13.125	15.0625	-110.6875	-15.3125	18.9375
11:30:10.472602	-17.75	-13.375	8.25	-32.5	-23.6875	-4.1875	114.4375	34.375	11.625	-124.6875	-41.1875	23.0625
11:30:10.482680	-17.25	-25.1875	3.75	-44.4375	-30.25	-9.5	114.4375	34.375	11.625	-144.0	-41.4375	43.625
11:30:10.492755	-15.125	-38.0625	-1.5	-55.75	-38.5	-16.5625	120.9375	41.1875	10.0625	-130.875	-25.625	61.3125
11:30:10.502822	-13.25	-43.1875	-4.625	-68.75	-52.6875	-23.375	126.0625	52.3125	10.875	-118.3125	-5.75	70.9375
11:30:10.512964	-10.8125	-37.8125	-6.125	-79.5625	-69.8125	-25.0625	137.6875	111.0625	17.9375	-126.5625	26.9375	82.0
11:30:10.523029	-8.625	-29.125	-7.125	-94.9375	-72.5	-22.375	137.875	146.125	22.4375	-149.875	19.0625	87.25
11:30:10.533096	-6.4375	-18.9375	-7.375	-111.9375	-57.8125	-30.5625	132.375	158.0625	23.5625	-186.875	19.0625	85.0
11:30:10.543171	-4.6875	-9.75	-8.8125	-126.1875	-51.3125	-34.875	124.875	130.3125	22.0625	-225.75	5.9375	40.0625
11:30:10.553245	-3.75	-1.5625	-10.9375	-136.375	-37.3125	-44.625	114.4375	75.1875	23.0625	-297.375	-25.9375	27.4375
11:30:10.563328	-2.75	7.25	-13.5625	-148.375	-19.0625	-50.875	113.8125	43.75	22.9375	-324.0625	-57.8125	23.0
11:30:10.573400	-2.6875	15.5625	-15.4375	-143.8125	14.125	-55.6875	106.3125	37.1875	20.625	-310.8125	-87.3125	29.625
11:30:10.583469	-3.0625	22.0	-15.6875	-124.75	25.3125	-61.6875	94.3125	36.6875	20.875	-308.25	-121.1875	20.875
11:30:10.593534	-4.3125	25.0625	-14.625	-101.5	16.625	-64.9375	85.5	8.75	18.9375	-270.9375	-178.375	-13.875
11:30:10.603608	-6.1875	23.9375	-12.0625	-85.0	5.75	-68.0625	79.375	-14.1875	16.625	-131.8125	-135.375	-34.125
11:30:10.613687	-7.3125	19.75	-9.125	-79.6875	-3.9375	-68.875	74.375	-5.75	12.0625	15.875	142.4375	24.6875
11:30:10.623838	-7.6875	14.25	-5.8125	-79.6875	-3.9375	-68.875	74.375	-5.75	12.0625	15.875	142.4375	24.6875
11:30:10.634052	-5.0	2.625	-1.9375	-83.6875	-30.9375	-58.875	22.0625	-9.0	-1.5625	179.0	195.3125	-9.4375
11:30:10.644127	-3.0	-3.0625	-0.5625	-98.8125	-34.875	-57.5	-10.625	-14.4375	-4.4375	131.6875	80.0625	-53.3125
11:30:10.654196	-0.9375	-5.6875	-0.375	-105.0625	-30.625	-57.625	-36.3125	-30.8125	-9.625	81.4375	34.75	-49.0625
11:30:10.664322	0.3125	-5.875	0.375	-107.8125	-32.9375	-59.0625	-55.6875	-53.5625	-17.0	97.5	102.25	-26.0625
11:30:10.674416	0.9375	-4.6875	0.0	-101.6875	-34.25	-61.4375	-78.4375	-65.5625	-22.75	180.25	153.4375	-37.75
11:30:10.684505	0.875	-2.125	-1.375	-91.4375	-41.625	-63.625	-95.9375	-68.625	-29.6875	249.875	68.9375	-71.1875
11:30:10.694579	0.6875	1.0	-2.75	-83.4375	-42.8125	-63.625	-116.6875	-73.6875	-33.375	226.4375	-6.3125	-41.1875
11:30:10.704648	0.875	3.75	-4.3125	-72.25	-42.0625	-62.75	-137.0625	-70.25	-29.75	159.5	-15.1875	-15.5
11:30:10.714731	1.75	5.375	-5.75	-68.4375	-44.625	-59.9375	-157.875	-65.5625	-23.875	163.0625	14.9375	-16.125
11:30:10.724851	2.5	6.5625	-5.9375	-67.375	-48.8125	-57.1875	-177.625	-58.9375	-21.5625	208.0625	33.8125	0.9375
11:30:10.735014	3.375	7.25	-6.125	-74.875	-56.4375	-52.0625	-190.625	-42.1875	-23.8125	252.3125	29.125	1.0625
11:30:10.745665	3.75	7.3125	-6.5625	-77.3125	-57.8125	-46.25	-203.9375	-25.5625	-27.4375	273.8125	38.375	-6.4375
11:30:10.755733	3.75	6.25	-6.625	-75.8125	-58.5	-40.5625	-218.375	-9.75	-30.125	272.125	70.625	-4.125
11:30:10.765846	3.625	4.875	-6.1875	-61.5	-52.0	-37.6875	-230.6875	4.9375	-33.1875	255.5625	94.5	2.5
11:30:10.776379	2.8125	4.1875	-6.75	-52.9375	-40.375	-37.375	-241.25	22.5625	-36.5625	235.1875	103.875	9.75
11:30:10.786451	2.875	3.375	-7.375	-42.9375	-25.25	-37.6875	-249.5625	42.375	-39.75	225.3125	113.75	19.625
11:30:10.796558	1.9375	2.875	-7.8125	-34.0625	-11.9375	-37.6875	-254.0625	56.625	-41.75	216.75	120.125	27.3125
11:30:10.806625	0.5625	2.75	-7.3125	-28.875	-3.0	-38.0	-256.625	62.1875	-41.125	213.8125	115.5625	24.125
11:30:10.816708	-1.0	3.25	-6.125	-25.6875	4.6875	-38.875	-256.625	55.625	-39.25	222.875	108.125	23.375
11:30:10.826780	-2.4375	4.3125	-5.9375	-21.5	10.4375	-40.625	-254.75	44.0625	-38.375	231.4375	93.5	27.1875
11:30:10.837156	-3.875	6.4375	-6.1875	-14.375	15.1875	-41.0625	-253.5	33.875	-38.375	231.5625	73.9375	32.5
11:30:10.847233	-4.75	8.8125	-6.0625	-2.5	18.5625	-44.0	-252.375	21.875	-39.1875	223.0625	56.125	35.0625
11:30:10.857327	-5.5	10.0	-5.875	4.625	21.125	-43.4375	-247.875	5.875	-39.9375	212.8125	48.125	32.25
11:30:10.867424	-5.8125	10.375	-4.75	2.5	10.875	-39.25	-241.1875	-8.8125	-38.1875	218.125	45.0625	29.4375
11:30:10.877493	-5.9375	10.5	-2.4375	7.9375	3.4375	-36.1875	-233.9375	-15.4375	-34.4375	224.1875	41.5	23.375
11:30:10.887990	-6.125	9.625	0.0625	10.0625	-7.625	-32.0	-226.625	-17.4375	-30.4375	218.625	34.125	18.3125
11:30:10.898267	-6.25	8.25	2.0	12.5	-9.375	-29.25	-218.9375	-14.25	-26.375	219.4375	31.625	15.75
11:30:10.908381	-5.875	6.5625	3.875	17.875	-7.875	-26.75	-210.0	-9.1875	-24.0625	220.5625	36.875	3.375
11:30:10.918523	-5.1875	4.6875	5.75	24.5625	-6.125	-24.1875	-201.1875	-7.8125	-22.75	207.4375	38.625	-4.5
11:30:10.929191	-4.5625	2.5625	6.125	29.8125	-9.5	-20.4375	-189.75	-10.125	-21.6875	188.125	35.9375	-5.0625
11:30:10.939782	-3.75	0.0625	6.0	29.375	-19.0625	-13.4375	-177.5	-16.125	-19.8125	169.9375	29.8125	2.0625
11:30:10.949902	-3.1875	-1.5	6.5625	28.375	-21.0	-11.1875	-164.25	-23.5	-17.75	159.75	24.3125	6.4375
11:30:10.960027	-2.5625	-1.8125	7.0625	28.9375	-20.6875	-9.625	-128.25	-30.25	-14.1875	146.4375	13.4375	4.0625
11:30:10.970145	-2.8125	-3.375	5.9375	32.3125	-20.875	-8.625	-128.25	-30.25	-14.1875	134.0	0.3125	1.125
11:30:10.980239	-2.5	-5.5625	5.125	33.4375	-25.125	-9.5625	-91.6875	-49.375	-9.4375	119.125	-14.75	-0.5
11:30:10.990365	-2.3125	-7.75	5.375	31.625	-26.3125	-10.375	-69.75	-50.75	-8.6875	102.625	-32.0625	-0.3125
11:30:11.000991	-2.0	-9.8125	4.875	26.5625	-22.3125	-10.8125	-47.0625	-48.25	-8.3125	81.875	-38.0	2.75
11:30:11.011109	-1.875	-11.1875	5.1875	20.1875	-18.3125	-11.25	-24.3125	-43.875	-7.9375	60.25	-38.25	5.1875
11:30:11.021225	-2.1875	-11.6875	5.25	14.1875	-15.3125	-11.3125	-1.75	-37.25	-7.0	20.8125	-41.8125	2.8125
11:30:11.031347	-2.4375	-11.8125	3.8125	8.625	-15.8125	-11.6875	19.875	-32.8125	-6.125	1.0625	-39.1875	1.25
11:30:11.041525	-2.3125	-11.0	3.0	3.3125	-17.9375	-11.25	38.75	-32.0625	-6.125	-11.3125	-41.125	-1.0625
11:30:11.051896	-2.3125	-10.1875	2.625	-1.1875	-21.9375	-10.5625	57.25	-32.8125	-6.375	-45.3125	-60.875	-13.375
11:30:11.062000	-2.5	-9.1875	1.5625	-2.6875	-27.0	-8.8125	74.5625	-34.5	-6.0	-80.875	-70.125	-23.4375
11:30:11.072175	-2.6875	-8.1875	1.0625	-2.25	-29.125	-6.0	89.75	-38.3125	-4.8125	-94.625	-67.875	-32.0625
11:30:11.082299	-2.75	-7.5	1.0	-1.8125	-27.8125	-3.375	102.5625	-41.0625	-2.5	-115.125	-80.375	-42.0
11:30:11.092781	-2.625	-7.875	1.5	4.5	-23.5	-0.125	105.9375	-28.75	-1.625	-107.9375	-78.0625	-37.3125
11:30:11.103037	-2.0625	-6.375	1.9375	12.8125	-16.75	4.1875	82.875	12.9375	-2.375	-10.5	-112.5	-14.6875
11:30:11.113104	0.8125	-4.0625	3.4375	21.0	-8.5	13.3125	47.75	-8.8125	2.75	90.0	36.75	-16.375
11:30:11.123206	5.8125	-3.875	6.875	22.25	0.4375	21.625	39.625	-76.3125	7.0625	-44.3125	110.4375	-62.5625
11:30:11.133277	8.4375	-3.875	7.8125	19.1875	1.4375	22.0	59.4375	-120.1875	-1.75	-146.1875	-238.3125	-49.8125
11:30:11.143353	8.0	-1.75	6.0	9.4375	3.9375	16.5625	79.875	-118.3125	-12.4375	-175.0625	-285.125	29.0
11:30:11.153419	5.0	4.625	1.8125	4.25	22.375	9.875	83.25	-66.75	-15.1875	-164.4375	39.0	103.75
11:30:11.163494	2.1875	14.6875	-2.375	4.9375	36.5625	6.5	75.5625	-5.3125	-10.375	-190.5	101.625	101.625
11:30:11.173573	0.8125	22.0	-3.8125	4.5625	39.3125	6.3125	74.9375	49.8125	-3.9375	-182.875	-61.5625	48.3125
11:30:11.183643	0.625	21.1875	-2.8125	6.0	38.1875	12.0	76.8125	65.0	0.4375	-119.6875	-102.4375	48.625
11:30:11.193759	1.8125	14.125	-1.5	9.1875	38.0625	21.375	73.75	44.1875	4.1875	-46.9375	-35.125	43.25
11:30:11.203943	4.5625	5.5	-1.0	17.125	37.375	26.9375	68.9375	-7.0625	3.0	26.1875	22.8125	7.8125
11:30:11.214015	6.9375	-2.9375	-1.625	30.375	36.4375	26.0625	66.9375	-59.6875	-4.25	21.3125	26.3125	-16.0625
11:30:11.224155	7.6875	-10.4375	-4.5	48.3125	46.1875	20.375	62.5625	-67.625	-13.8125	-3.8125	-16.3125	-25.125
11:30:11.234455	6.625	-17.0	-11.9375	69.0	60.8125	18.875	54.75	-42.875	-19.75	-49.1875	-43.25	-30.6875
11:30:11.244560	6.5	-17.9375	-13.5	76.0	63.3125	19.9375	49.75	-7.5625	-19.8125	-85.25	-28.25	-38.75
11:30:11.254681	6.6875	-18.125	-12.875	73.625	48.3125	22.125	52.625	19.0	-16.0	-94.5	-7.75	-19.4375
11:30:11.265257	6.875	-17.6875	-10.6875	62.5	19.625	24.75	53.6875	31.625	-9.6875	-67.3125	-3.5625	4.625
11:30:11.275461	5.8125	-16.0625	-7.9375	46.875	-13.3125	25.9375	51.375	29.0625	-4.4375	-11.125	-2.875	13.75
11:30:11.285530	4.0	-13.25	-4.25	30.75	-40.8125	25.8125	50.125	14.125	-4.0	-14.875	1.4375	5.0
11:30:11.295680	2.9375	-8.9375	-2.0625	16.625	-54.4375	24.8125	51.0	-0.0625	-4.6875	-17.5	8.625	-4.25
11:30:11.305754	1.8125	-3.6875	-0.375	8.0	-53.75	23.6875	51.0	-0.0625	-4.6875	-34.4375	-6.1875	-0.4375
11:30:11.316192	0.1875	0.625	1.6875	14.5625	-41.25	24.125	49.4375	-14.6875	-3.9375	-53.5	-21.6875	0.4375
11:30:11.326390	-0.8125	4.0	3.1875	39.9375	-16.125	21.375	48.5	-30.375	-1.875	-56.125	-22.6875	8.625
11:30:11.336515	-2.0625	6.0	4.125	46.5	11.125	18.8125	49.0	-19.8125	-0.625	-35.5	-14.5625	5.25
11:30:11.346594	-3.0625	6.5625	3.875	60.875	34.125	17.375	46.875	1.8125	0.1875	-16.6875	-10.0	-8.3125
11:30:11.356666	-3.1875	5.5625	2.3125	64.5	48.125	18.8125	46.875	1.8125	0.1875	-14.1875	-3.9375	-22.3125
11:30:11.366743	-3.125	3.5625	0.5	64.75	56.625	21.3125	43.6875	30.5625	0.875	-39.8125	8.5625	-30.4375
11:30:11.376827	-2.8125	1.1875	-1.5625	61.125	61.25	21.25	43.6875	30.5625	0.875	-59.75	8.1875	-28.75
11:30:11.386893	-2.8125	-2.0	-3.25	58.6875	62.875	20.0625	43.6875	30.5625	0.875	-66.375	0.375	-19.3125
11:30:11.396969	-3.25	-5.3125	-4.3125	59.1875	63.1875	20.0	40.625	-0.875	4.6875	-55.125	9.9375	-11.625
11:30:11.407043	-3.5	-8.1875	-4.6875	60.125	62.0	22.6875	45.0	-11.6875	4.375	-49.4375	18.5625	-8.5
11:30:11.417118	-3.5	-9.5	-4.9375	59.4375	58.8125	27.3125	47.1875	-8.875	4.125	-35.0625	10.8125	-7.75
11:30:11.427194	-3.9375	-9.25	-4.625	57.0625	51.375	31.625	44.125	-3.875	3.6875	-13.375	3.8125	-8.125
11:30:11.437323	-3.875	-8.125	-3.125	51.0	37.5625	34.875	44.125	-3.875	3.6875	-16.125	2.0625	-6.5625
11:30:11.447390	-3.0	-6.5625	-2.4375	41.75	26.375	34.625	42.125	-12.1875	0.375	-16.4375	0.25	1.5
11:30:11.457544	-2.3125	-5.375	-2.75	37.0	15.875	35.8125	43.1875	-1.4375	0.1875	-23.3125	-2.3125	8.125
11:30:11.467616	-1.8125	-5.0625	-3.875	34.625	8.5	36.25	39.9375	-0.75	1.125	-19.25	-4.375	10.1875
11:30:11.477726	-1.25	-5.0625	-5.0625	37.1875	4.5625	34.625	39.9375	-0.75	1.125	-34.0625	-3.5	9.0625
11:30:11.488375	-0.4375	-4.9375	-6.3125	47.4375	3.875	29.375	35.8125	-13.875	-1.375	-34.875	-2.75	10.0
11:30:11.498519	0.5	-4.6875	-6.75	47.4375	3.875	29.375	37.375	-10.6875	-2.3125	-38.3125	13.875	4.375
11:30:11.509116	1.625	-3.8125	-7.0	52.0625	9.5625	28.1875	33.5	-22.375	-1.4375	-25.1875	13.0	-1.8125
11:30:11.519567	3.0	-2.9375	-7.3125	54.0625	15.75	28.875	35.5	-23.25	-1.625	-28.6875	8.0	-0.9375
11:30:11.530096	4.1875	-1.75	-6.25	54.0625	15.75	28.875	35.5	-23.25	-1.625	-32.6875	0.6875	4.0625
11:30:11.540783	5.125	-1.875	-4.375	45.6875	17.5	30.5625	39.75	-17.125	-1.4375	-28.3125	0.25	5.8125
11:30:11.550870	5.8125	-3.25	-2.6875	40.625	17.3125	31.75	36.3125	-5.4375	-2.0625	-24.375	3.0625	5.875
11:30:11.560987	6.1875	-4.0625	-1.3125	38.3125	19.0	33.375	36.3125	-5.4375	-2.0625	-24.375	3.0625	5.875
11:30:11.571552	6.8125	-3.75	-1.1875	38.0625	23.0	34.125	36.3125	-5.4375	-2.0625	-31.375	3.5625	7.3125
11:30:11.581679	7.0625	-3.3125	-1.0	40.125	30.875	34.4375	38.0625	1.4375	-1.625	-31.375	3.5625	7.3125
11:30:11.592052	7.3125	-2.625	-1.125	42.9375	37.1875	35.375	37.9375	4.5	-3.4375	-22.5	5.5625	2.8125
11:30:11.602125	7.4375	-1.375	-1.1875	47.375	39.8125	37.0	40.1875	9.25	-2.0625	-30.3125	9.0625	5.4375
11:30:11.612201	7.9375	-0.3125	-1.1875	48.0	37.1875	38.5625	37.9375	10.0625	-1.8125	-21.125	5.375	4.0625
11:30:11.622354	8.1875	1.125	-1.0625	44.4375	31.875	38.8125	38.4375	9.8125	-2.375	-22.875	-3.0	0.125
11:30:11.632436	8.625	2.625	-0.25	42.1875	27.625	38.0625	42.1875	8.4375	-2.0625	-28.0	2.0	3.125
11:30:11.642606	8.6875	4.1875	0.25	40.1875	24.0	37.4375	42.3125	10.8125	-0.8125	-32.3125	8.125	2.4375
11:30:11.652678	8.75	5.75	0.8125	37.625	20.625	37.0	42.3125	10.8125	-0.8125	-24.1875	-3.625	-0.0625
11:30:11.662750	8.5625	7.25	0.9375	36.0625	18.5	35.9375	42.3125	10.8125	-0.8125	-35.625	-24.3125	8.3125
11:30:11.673375	8.0625	9.25	0.8125	36.375	20.875	35.4375	45.0	18.1875	-0.5625	-53.0625	-28.3125	27.5
11:30:11.683573	8.3125	10.75	0.625	36.75	27.5	36.4375	45.0	18.1875	-0.5625	-45.25	0.4375	18.125
11:30:11.693641	7.5625	12.25	0.3125	37.0625	32.5	36.125	45.4375	28.0	2.1875	-45.3125	-12.0625	3.9375
11:30:11.703715	7.1875	12.875	0.0	38.0	38.0625	34.5	45.4375	28.0	2.1875	-58.0625	-9.875	7.3125
11:30:11.713793	6.5	13.3125	-0.125	37.375	40.1875	33.25	49.0	24.0	3.125	-62.125	-5.0625	7.6875
11:30:11.723947	5.4375	12.0	-0.4375	32.25	38.375	32.5625	54.1875	20.3125	8.1875	-60.75	-19.125	4.5
11:30:11.734061	4.0625	10.4375	-1.6875	27.0	32.625	32.4375	54.1875	20.3125	8.1875	-59.5	-35.6875	4.125
11:30:11.744188	2.9375	8.5625	-3.1875	22.125	25.4375	33.25	60.6875	15.1875	10.4375	-70.75	-31.75	6.0625
11:30:11.754319	2.0	7.25	-4.1875	16.6875	22.4375	33.75	60.6875	15.1875	10.4375	-76.0	-34.5625	6.25
11:30:11.764405	-0.25	4.8125	-5.1875	10.9375	21.5625	33.375	60.6875	15.1875	10.4375	-71.3125	-46.3125	4.1875
11:30:11.774506	-0.25	4.8125	-5.1875	9.6875	21.1875	31.75	60.6875	15.1875	10.4375	-70.1875	-51.125	3.4375
11:30:11.784615	-1.9375	2.8125	-3.5625	10.1875	20.875	29.8125	60.6875	15.1875	10.4375	-84.1875	-42.625	7.1875
11:30:11.795220	-1.9375	2.8125	-3.5625	10.6875	24.375	28.0	76.625	19.6875	15.3125	-92.75	-42.3125	9.125
11:30:11.805342	-2.375	2.0625	-0.625	10.75	26.125	25.5625	76.625	19.6875	15.3125	-88.375	-46.4375	9.5625
11:30:11.815451	-3.625	1.1875	0.6875	12.125	26.6875	22.1875	78.5	23.875	16.125	-86.5	-41.6875	9.125
11:30:11.825562	-6.6875	0.625	4.0625	12.0	24.6875	18.1875	78.5	23.875	16.125	-100.5	-24.625	12.25
11:30:11.835646	-9.875	0.0625	7.875	8.5	21.5	14.0	92.4375	35.25	18.5	-113.875	-22.9375	11.625
11:30:11.845936	-11.9375	-2.5	9.5	0.0	14.25	9.375	92.4375	35.25	18.5	-97.375	-64.9375	6.9375
11:30:11.856133	-11.9375	-2.5	9.5	-8.25	6.4375	4.4375	92.4375	35.25	18.5	-95.25	-55.125	18.5
11:30:11.866245	-12.5	-8.4375	8.375	-15.0	-3.375	-0.625	92.4375	35.25	18.5	-121.6875	-10.375	28.125
11:30:11.876313	-11.25	-14.875	5.0625	-25.4375	-9.0625	-5.625	115.75	36.875	10.9375	-130.3125	-21.25	23.6875
11:30:11.886654	-11.125	-22.0	-1.4375	-37.25	-14.8125	-9.8125	115.75	36.875	10.9375	-130.5	-39.875	36.5
11:30:11.896724	-10.5	-25.375	-7.25	-47.5	-22.6875	-14.75	119.6875	54.5625	6.75	-124.5625	-18.25	49.625
11:30:11.906853	-9.625	-25.8125	-11.375	-57.125	-30.25	-19.0625	119.6875	54.5625	6.75	-123.125	-10.6875	52.0625
11:30:11.916923	-8.625	-22.5625	-12.75	-68.75	-36.125	-24.3125	138.9375	110.5	11.8125	-131.875	-2.375	77.75
11:30:11.926998	-7.875	-14.125	-11.4375	-84.1875	-48.875	-29.875	138.9375	110.5	11.8125	-135.5625	41.75	101.0
11:30:11.937099	-7.125	-5.1875	-10.25	-100.75	-63.3125	-29.4375	138.9375	110.5	11.8125	-156.875	50.5625	93.1875
11:30:11.947256	-5.8125	2.25	-10.8125	-114.8125	-63.0625	-35.0	128.9375	150.125	23.75	-191.5	35.0	65.0
11:30:11.957373	-4.75	9.0	-11.9375	-124.4375	-62.375	-41.5	120.625	96.9375	24.1875	-242.0	-22.0625	22.375
11:30:11.967433	-4.125	15.0625	-13.8125	-129.25	-41.4375	-49.375	111.6875	47.5	23.3125	-310.5625	-79.25	24.0
11:30:11.977502	-4.4375	19.5625	-14.3125	-140.0	-25.6875	-51.5625	103.875	26.5	16.5	-315.3125	-38.3125	31.125
11:30:11.987836	-5.9375	21.6875	-12.0	-143.4375	18.0	-60.5625	103.875	26.5	16.5	-308.0625	-44.8125	27.3125
11:30:11.997905	-7.5625	21.3125	-9.1875	-125.3125	9.625	-58.8125	91.75	0.3125	12.1875	-308.625	-129.9375	4.3125
11:30:12.008045	-9.0625	18.3125	-5.8125	-103.0	-5.125	-64.0	88.1875	-11.6875	10.875	-246.5	-213.8125	-18.4375
11:30:12.018455	-9.875	12.8125	-2.875	-90.6875	-6.5625	-65.625	82.0625	3.3125	8.375	-57.0625	-56.8125	-13.25
11:30:12.028574	-9.5625	6.25	-0.25	-75.8125	-19.5625	-58.6875	67.6875	18.375	4.875	119.9375	204.1875	30.6875
11:30:12.039029	-7.5	0.0625	2.25	-85.5625	-29.9375	-56.3125	35.75	9.9375	-0.9375	181.6875	245.6875	47.25
11:30:12.049563	-4.375	-3.9375	3.9375	-92.1875	-23.3125	-56.875	2.9375	-10.0	-4.875	142.125	136.1875	-20.25
11:30:12.059688	-2.0	-5.5625	4.75	-98.1875	-21.1875	-58.875	-40.375	-69.4375	-16.4375	74.6875	12.25	-69.3125
11:30:12.070349	0.125	-5.5	4.3125	-101.25	-24.0625	-62.4375	-61.5625	-87.1875	-23.9375	50.5625	14.5	-47.3125
11:30:12.080442	1.75	-4.125	2.25	-98.5	-35.3125	-64.375	-79.5	-90.5625	-31.1875	229.1875	96.375	-65.0
11:30:12.090908	2.0	-2.1875	0.1875	-90.0	-39.5625	-64.625	-98.625	-84.5625	-34.6875	229.1875	96.375	-65.0
11:30:12.101495	2.125	-0.125	-1.9375	-83.375	-45.0	-64.375	-119.0625	-75.25	-31.875	203.0625	-31.75	-10.1875
11:30:12.111568	2.5	2.0	-3.9375	-79.5625	-49.0	-63.125	-138.1875	-59.0	-25.6875	203.0625	-31.75	-10.1875
11:30:12.121865	3.0	3.625	-4.5	-78.6875	-53.8125	-60.0625	-155.625	-53.8125	-22.3125	160.0625	-0.4375	-3.625
11:30:12.132187	3.75	4.9375	-4.1875	-79.75	-56.5625	-56.6875	-172.4375	-48.0	-24.1875	185.25	43.4375	1.875
11:30:12.142430	4.0625	6.5625	-3.5	-84.375	-59.1875	-50.625	-172.4375	-48.0	-24.1875	246.625	42.6875	5.9375
11:30:12.153024	4.0	7.25	-2.0	-75.6875	-60.625	-46.4375	-199.875	-20.3125	-30.25	246.625	42.6875	5.9375
11:30:12.163204	3.625	7.0625	-1.0625	-67.8125	-53.8125	-43.4375	-212.0625	-4.625	-32.4375	242.0	92.875	-6.75
11:30:12.173274	2.9375	6.3125	-1.3125	-62.25	-44.8125	-41.625	-224.3125	19.8125	-35.375	231.8125	106.375	2.3125
11:30:12.183428	2.8125	5.0	-2.6875	-54.1875	-30.875	-41.4375	-224.3125	19.8125	-35.375	215.8125	107.6875	10.3125
11:30:12.193674	1.625	3.375	-4.375	-49.5	-18.125	-39.75	-242.375	63.75	-38.6875	209.125	116.4375	20.5625
11:30:12.203749	0.8125	1.75	-5.1875	-45.6875	-9.1875	-38.875	-242.375	63.75	-38.6875	206.375	112.6875	28.6875
11:30:12.213855	0.125	0.625	-5.4375	-42.9375	-2.0	-39.0625	-248.6875	53.625	-37.625	212.875	97.9375	27.875
11:30:12.223996	-0.4375	-0.4375	-5.8125	-37.3125	5.75	-40.8125	-248.6875	53.625	-37.625	226.25	81.5	24.5625
11:30:12.234276	-1.25	-1.125	-7.0	-30.375	12.3125	-42.9375	-254.75	6.75	-33.75	231.4375	56.125	25.125
11:30:12.244369	-2.3125	-0.5625	-6.3125	-21.125	16.25	-44.3125	-256.3125	-10.875	-31.5	232.75	34.1875	26.375
11:30:12.254698	-3.6875	0.375	-4.6875	-12.125	16.8125	-45.0	-256.3125	-10.875	-31.5	236.8125	23.4375	24.375
11:30:12.264896	-4.875	1.5625	-2.875	-6.3125	12.375	-44.3125	-254.375	-25.4375	-26.8125	235.9375	19.5625	21.0
11:30:12.275003	-5.75	2.5	-0.875	-1.1875	3.0	-40.0625	-254.375	-25.4375	-26.8125	237.375	18.5	17.4375
11:30:12.285091	-6.25	2.6875	3.375	6.4375	-5.3125	-36.75	-254.375	-25.4375	-26.8125	240.375	15.4375	11.375
11:30:12.295531	-6.25	2.6875	3.375	16.0625	-12.125	-31.75	-239.0	-18.875	-18.875	235.6875	24.6875	2.5625
11:30:12.306049	-5.625	0.8125	7.875	22.375	-14.6875	-26.5	-239.0	-18.875	-18.875	222.375	26.9375	-5.75
11:30:12.316124	-5.5625	-0.4375	9.3125	28.75	-15.125	-23.6875	-221.5	-15.25	-17.0625	223.0	25.4375	-9.125
11:30:12.326230	-5.375	-1.9375	10.875	34.0625	-20.25	-21.4375	-221.5	-15.25	-17.0625	196.6875	16.5	-11.625
11:30:12.336320	-5.0625	-3.75	11.5	37.0625	-30.375	-18.5625	-221.5	-15.25	-17.0625	182.5	21.6875	-4.5625
11:30:12.346651	-4.8125	-5.625	12.5	36.125	-37.9375	-14.375	-178.875	-35.1875	-14.5	176.5	27.6875	3.3125
11:30:12.356738	-4.1875	-7.9375	13.0	32.1875	-42.9375	-10.4375	-158.5625	-31.125	-12.125	162.9375	20.875	2.375
11:30:12.366834	-3.8125	-9.5	13.875	27.75	-43.9375	-6.5	-158.5625	-31.125	-12.125	145.75	11.375	0.5
11:30:12.376909	-3.5625	-11.5625	13.75	23.5	-44.1875	-4.9375	-115.5	-31.6875	-5.75	131.125	-0.5625	-1.9375
11:30:12.386987	-4.125	-14.5625	13.25	21.125	-44.25	-4.4375	-90.5625	-40.5625	-3.5625	107.0625	-23.25	-7.125
11:30:12.397056	-4.375	-17.375	12.5	20.5625	-38.25	-4.125	-63.75	-45.6875	-2.5625	80.5625	-41.1875	-8.375
11:30:12.407124	-4.625	-19.0	12.625	19.0625	-26.3125	-5.0	-38.0625	-44.1875	-2.25	57.5625	-43.4375	-5.9375
11:30:12.417194	-4.9375	-18.8125	13.125	15.375	-12.8125	-6.3125	-12.5625	-39.9375	-1.9375	37.1875	-42.375	-2.0625
11:30:12.427337	-4.6875	-18.125	13.125	11.625	-3.1875	-6.75	12.375	-35.3125	-1.875	15.0625	-48.1875	-1.4375
11:30:12.437432	-4.3125	-16.6875	12.3125	6.875	-0.5625	-7.4375	35.5	-31.6875	-1.875	-14.3125	-56.5625	-7.625
11:30:12.447523	-3.75	-13.8125	11.5625	0.5	-3.875	-8.125	35.5	-31.6875	-1.875	-39.25	-55.875	-13.5
11:30:12.457614	-3.1875	-11.1875	9.375	-5.5	-11.625	-8.5625	35.5	-31.6875	-1.875	-63.9375	-56.0	-15.8125
11:30:12.467714	-2.4375	-7.5625	7.5	-9.0	-21.5	-8.125	35.5	-31.6875	-1.875	-89.25	-64.4375	-18.6875
11:30:12.478410	-2.0	-4.375	5.9375	-9.6875	-30.25	-6.625	104.75	-33.625	-2.875	-108.6875	-69.5625	-23.3125
11:30:12.488517	-1.8125	-1.6875	4.375	-5.625	-35.5	-0.375	110.1875	-22.5	-4.0	-118.3125	-70.1875	-25.6875
11:30:12.498961	-0.6875	1.25	2.6875	-1.25	-31.8125	4.875	91.875	9.625	-4.125	-69.6875	-90.4375	-19.9375
11:30:12.509590	2.9375	3.375	2.875	6.625	-19.625	7.8125	61.0	1.375	-0.0625	38.5625	-5.3125	-16.5625
11:30:12.519685	7.625	2.6875	6.8125	14.5625	-4.3125	8.0	48.3125	-54.625	5.25	1.375	134.875	-54.6875
11:30:12.529755	9.5625	0.5625	9.5625	7.875	10.75	9.0625	48.3125	-54.625	5.25	-103.0	-116.75	-57.125
11:30:12.539998	8.0625	0.375	9.9375	12.625	31.4375	12.875	48.3125	-54.625	5.25	-151.875	-299.9375	-4.5
11:30:12.550100	4.25	4.375	6.6875	26.8125	45.9375	18.4375	48.3125	-54.625	5.25	-159.0	-72.6875	80.75
11:30:12.560214	0.375	12.5625	2.0	25.0	46.3125	18.9375	73.875	-85.125	-12.6875	-181.375	62.5625	102.8125
11:30:12.570397	-2.5	18.25	-1.375	21.875	39.0625	19.5	65.0625	41.875	0.0625	-185.0625	-36.3125	62.5625
11:30:12.580514	-2.875	15.4375	-2.75	27.1875	33.875	24.5	62.125	43.375	4.6875	-107.25	-62.3125	40.9375
11:30:12.590623	-1.8125	5.125	-3.0	35.75	32.5625	29.875	61.3125	15.125	2.5	-47.625	-15.0625	35.4375
11:30:12.600686	0.375	-6.0	-2.75	43.9375	31.0625	30.9375	61.3125	15.125	2.5	54.0625	12.9375	-16.375
11:30:12.610777	2.25	-14.6875	-3.25	52.5625	35.6875	26.0	52.25	-42.8125	-11.1875	54.0625	12.9375	-16.375
11:30:12.621526	2.6875	-19.75	-4.75	60.25	46.8125	21.4375	52.25	-42.8125	-11.1875	25.625	20.8125	-22.5
11:30:12.631836	2.3125	-20.5625	-7.875	66.0625	55.125	21.1875	44.5625	-4.6875	-16.5	-50.6875	-21.8125	-21.25
11:30:12.641951	2.0625	-19.375	-11.125	68.875	50.625	21.875	44.5625	-4.6875	-16.5	-93.125	-21.625	1.6875
11:30:12.652045	2.3125	-18.75	-13.3125	66.8125	31.9375	23.5	44.5625	-4.6875	-16.5	-71.1875	-1.8125	20.8125
11:30:12.662410	2.9375	-19.1875	-13.25	60.0625	1.8125	25.75	44.5625	-4.6875	-16.5	-24.75	-1.125	9.4375
11:30:12.672566	3.625	-19.625	-11.5	49.875	-27.375	26.75	44.5625	-4.6875	-16.5	-0.25	-2.125	-2.8125
11:30:12.682639	3.8125	-18.9375	-9.5	38.875	-47.1875	26.0625	44.5625	-4.6875	-16.5	5.6875	6.25	-3.5625
11:30:12.693148	4.0	-16.3125	-7.875	29.6875	-53.0	25.0	46.125	-5.125	-4.3125	5.6875	6.25	-3.5625
11:30:12.703263	3.9375	-12.8125	-5.625	22.8125	-47.4375	24.5625	44.0	-28.3125	-6.125	-50.875	-21.625	-3.375
11:30:12.713426	3.4375	-9.1875	-3.3125	28.625	-34.75	24.5625	44.0	-28.3125	-6.125	-55.6875	-22.3125	4.25
11:30:12.723494	2.25	-5.5	-0.875	42.4375	-11.75	21.1875	44.0	-28.3125	-6.125	-41.6875	-12.1875	12.9375
11:30:12.733631	0.3125	-1.9375	1.0625	49.75	9.375	19.0625	46.4375	17.0625	-1.375	-19.0	-3.9375	7.8125
11:30:12.743758	-1.5	0.375	2.4375	57.75	27.0	18.625	46.4375	17.0625	-1.375	-9.0	-0.5625	-10.8125
11:30:12.753827	-2.4375	1.3125	2.5	58.375	39.1875	20.8125	46.4375	17.0625	-1.375	-21.4375	11.375	-16.5
11:30:12.764388	-2.3125	0.6875	1.8125	57.9375	49.0	23.1875	44.875	27.875	0.8125	-51.4375	10.4375	-10.625
11:30:12.774853	-1.875	-0.625	0.5	55.1875	55.6875	22.8125	44.875	27.875	0.8125	-52.0	-5.4375	-6.25
11:30:12.784927	-1.5	-2.125	-1.5625	53.75	58.125	22.9375	44.875	27.875	0.8125	-59.3125	-9.6875	-6.0
11:30:12.795035	-1.875	-3.375	-2.4375	53.8125	61.8125	21.625	44.5625	-5.8125	4.0	-54.8125	-2.9375	1.6875
11:30:12.805104	-1.875	-4.3125	-3.1875	54.0625	65.375	22.1875	44.5625	-5.8125	4.0	-34.875	-3.1875	5.125
11:30:12.815182	-1.8125	-4.9375	-4.5625	55.5	62.625	25.375	44.5	-10.0625	3.0625	-20.6875	-4.75	-7.5
11:30:12.825253	-2.0625	-5.375	-4.9375	51.25	54.375	27.125	45.5	-11.75	1.875	-27.3125	5.9375	-12.0625
11:30:12.835327	-2.25	-5.3125	-4.9375	47.5	44.0625	28.625	45.5	-11.75	1.875	-25.4375	6.25	-7.375
11:30:12.845410	-2.5	-5.0	-3.8125	44.1875	30.6875	29.9375	43.4375	10.875	1.0625	-21.0	1.375	-2.9375
11:30:12.855480	-2.5	-4.875	-3.5625	41.5625	18.9375	29.625	40.5	5.9375	1.625	-28.5	2.875	-2.4375
11:30:12.865550	-2.625	-4.25	-3.5625	38.6875	9.25	29.3125	40.5625	-7.3125	0.5625	-38.9375	6.75	2.6875
11:30:12.875622	-2.3125	-3.3125	-4.25	36.875	1.625	27.5	40.625	-12.4375	0.375	-40.9375	2.0625	10.0
11:30:12.885692	-1.875	-2.5	-4.8125	38.25	-1.0625	25.625	37.8125	-26.9375	0.4375	-32.0	1.8125	9.625
11:30:12.895833	-1.25	-1.25	-5.75	40.625	1.75	23.1875	36.1875	-44.3125	-1.25	-33.6875	-5.75	5.4375
11:30:12.905904	-0.5	-0.1875	-6.8125	42.1875	6.5	21.4375	39.3125	-43.5	-3.3125	-35.875	-4.5625	5.25
11:30:12.916011	2.1875	1.625	-7.4375	43.75	12.3125	20.5	43.375	-29.0625	-3.0	-42.125	9.1875	-0.125
11:30:12.926082	3.5	2.625	-6.8125	42.6875	15.0625	21.0	42.8125	-17.5	-2.4375	-23.375	8.6875	-5.375
11:30:12.936154	4.375	3.1875	-5.8125	40.3125	15.75	20.75	40.1875	-10.375	-2.4375	-27.375	4.0625	-3.1875
11:30:12.946365	5.5625	3.75	-4.1875	38.0625	17.625	22.6875	43.4375	-5.125	-1.875	-35.5	7.9375	2.875
11:30:12.956450	6.25	4.25	-2.875	36.5625	21.625	23.6875	44.9375	-4.375	-1.0	-39.125	10.8125	6.5
11:30:12.966521	6.8125	4.8125	-1.875	34.75	26.125	25.75	41.3125	-8.9375	-1.6875	-22.0	-0.4375	7.4375
11:30:12.976891	7.375	5.3125	-0.75	35.6875	34.125	27.6875	41.125	-6.75	-2.5625	-26.8125	-4.9375	5.125
11:30:12.987005	8.125	6.3125	0.1875	39.375	51.5	30.3125	44.5	-1.5	-2.4375	-32.5	3.1875	6.0625
11:30:12.997299	8.625	7.75	1.375	39.375	51.5	30.3125	42.3125	5.6875	-1.6875	-31.8125	5.6875	5.9375
11:30:13.007366	8.75	9.125	2.25	41.6875	54.6875	31.125	40.3125	11.125	-2.25	-19.0	-0.25	1.0
11:30:13.017493	8.8125	10.1875	2.5	42.6875	46.5	33.8125	42.0625	13.375	-2.3125	-23.0625	-0.8125	-2.125
11:30:13.027608	8.8125	10.8125	2.875	40.375	36.5	34.625	43.5	13.0	-1.1875	-32.3125	5.4375	-1.5
11:30:13.038254	8.3125	10.9375	3.1875	37.5625	28.4375	34.0	42.5	11.625	-0.3125	-29.8125	-2.3125	-2.1875
11:30:13.048375	8.0	11.5625	3.6875	38.1875	22.5	33.75	42.1875	7.0	-0.4375	-28.25	-20.5625	-2.6875
11:30:13.058472	7.8125	12.25	4.3125	37.5625	17.875	34.5	44.25	4.625	-0.375	-40.9375	-29.75	6.5625
11:30:13.068583	7.6875	13.0625	4.5625	37.875	20.0625	34.1875	45.5625	8.5	1.0	-50.3125	-26.8125	14.75
11:30:13.078695	7.75	14.1875	4.6875	37.4375	24.625	35.8125	44.0625	15.125	2.5	-43.8125	-17.625	8.1875
11:30:13.089238	7.3125	15.0	4.5625	39.25	29.0625	36.375	45.0	21.5625	3.125	-46.1875	-20.8125	3.375
11:30:13.099490	6.9375	15.625	3.9375	37.75	33.1875	35.6875	48.6875	24.625	4.4375	-57.25	-12.9375	7.0625
11:30:13.109656	6.3125	14.875	3.0625	33.4375	32.875	34.8125	52.0	26.375	7.5625	-60.4375	-15.5	8.4375
11:30:13.120248	5.5	13.25	1.0625	28.375	32.625	34.125	55.1875	24.5	7.9375	-59.625	-23.6875	8.0625
11:30:13.130356	4.625	11.25	-0.5625	23.5	31.75	34.5625	60.5625	23.8125	9.25	-62.375	-24.9375	8.3125
11:30:13.140479	3.5625	9.125	-2.125	16.375	32.4375	34.1875	64.625	25.75	10.6875	-72.4375	-23.125	9.1875
11:30:13.150579	3.125	7.125	-3.5	10.3125	32.6875	32.5	66.8125	25.4375	11.4375	-78.5625	-30.5	8.9375
11:30:13.161180	2.5	4.625	-4.5	7.375	32.8125	29.5625	72.1875	26.0625	11.6875	-73.9375	-37.875	7.75
11:30:13.171313	2.0	2.5	-4.6875	6.5625	31.6875	27.0	78.5625	27.0	12.9375	-78.375	-39.4375	8.5
11:30:13.181442	1.4375	0.9375	-4.6875	5.9375	29.3125	24.25	81.25	27.75	13.8125	-94.1875	-41.5625	10.75
11:30:13.191983	1.125	-0.1875	-3.5625	4.6875	25.75	21.5625	84.4375	25.5	13.25	-87.0	-46.1875	11.875
11:30:13.202084	1.3125	0.0	-2.25	4.25	22.625	18.75	90.375	26.125	12.25	-96.5	-43.8125	12.1875
11:30:13.212275	2.0	1.5	-0.3125	1.875	22.0625	16.0625	96.0625	32.9375	12.75	-110.625	-36.4375	18.125
11:30:13.222410	3.0	2.875	1.625	-1.625	24.1875	12.8125	97.375	44.0625	14.125	-109.6875	-28.5	25.0
11:30:13.233088	2.125	3.375	4.4375	-5.875	25.625	9.125	102.25	46.4375	13.5625	-105.75	-19.3125	21.0
11:30:13.243164	-1.0625	5.25	9.5	-13.625	22.0625	4.9375	109.75	41.0625	12.1875	-112.125	-48.25	12.0
11:30:13.253376	-4.4375	6.75	14.5	-23.6875	11.8125	1.3125	115.0	31.0	10.25	-117.125	-65.1875	27.6875
11:30:13.263429	-7.0625	4.375	14.8125	-32.6875	2.1875	-3.125	119.4375	33.4375	6.3125	-127.75	-23.0	50.5
11:30:13.273547	-7.75	-2.0	10.6875	-44.4375	-8.0625	-7.875	125.0	52.875	5.125	-116.4375	-7.25	47.3125
11:30:13.283614	-7.1875	-10.0	4.5	-59.875	-18.375	-13.125	131.5625	92.4375	6.875	-122.4375	-21.9375	49.625
11:30:13.293686	-6.375	-16.875	-2.6875	-76.0	-35.0625	-19.125	136.875	132.5625	12.3125	-147.375	10.5	83.625
11:30:13.303769	-5.5625	-19.125	-8.4375	-91.3125	-51.5625	-25.3125	136.3125	161.8125	19.125	-148.875	34.375	94.375
11:30:13.313836	-5.75	-17.375	-11.5625	-105.5	-59.375	-31.1875	133.375	160.5625	21.375	-165.6875	12.3125	90.6875
11:30:13.323947	-5.9375	-11.0625	-12.125	-116.625	-61.0625	-35.4375	125.75	129.0625	21.4375	-179.6875	19.5	71.0625
11:30:13.334172	-5.5625	-1.375	-12.375	-129.4375	-56.0625	-35.6875	114.4375	69.625	23.375	-215.3125	12.875	52.6875
11:30:13.344710	-4.875	7.625	-13.8125	-144.4375	-55.625	-46.4375	106.25	22.4375	25.4375	-303.25	-71.0	34.0
11:30:13.354795	-3.625	13.8125	-14.5	-144.4375	-31.4375	-53.3125	95.3125	13.75	22.3125	-344.375	-97.4375	17.6875
11:30:13.364867	-3.0	16.625	-14.1875	-130.875	-10.875	-61.625	88.8125	6.875	21.875	-329.9375	-85.9375	11.125
11:30:13.374978	-4.0	17.375	-10.5	-119.625	-8.9375	-62.6875	85.5625	-17.625	24.125	-281.9375	-178.375	-26.0625
11:30:13.385082	-5.5	19.0	-7.6875	-101.75	-10.5625	-66.5625	76.0625	-24.0625	23.3125	-156.875	-252.4375	-57.375
11:30:13.395160	-6.6875	17.8125	-4.9375	-95.0625	-10.3125	-66.9375	76.0625	-24.0625	23.3125	22.5	-25.3125	-45.125
11:30:13.405284	-7.375	14.0	-2.375	-84.875	-18.875	-63.0	70.125	-13.1875	21.0625	126.6875	265.625	45.375
11:30:13.415359	-6.375	8.0625	0.0	-84.6875	-30.0	-58.75	47.875	-9.0	14.875	163.6875	237.0	32.8125
11:30:13.425425	-4.4375	2.1875	2.625	-92.0625	-31.625	-56.4375	11.875	-25.0625	9.8125	112.6875	91.0	-57.9375
11:30:13.435530	-1.5	-1.0625	2.8125	-96.5625	-23.625	-56.1875	-15.875	-35.4375	7.375	68.0	27.0	-73.4375
11:30:13.445601	-0.1875	-2.1875	2.375	-100.0	-21.5625	-56.9375	-38.375	-47.6875	0.125	98.9375	98.4375	-48.3125
11:30:13.455684	0.625	-2.6875	1.5625	-101.9375	-19.8125	-58.5	-59.9375	-65.5625	-8.0625	176.75	156.8125	-67.5625
11:30:13.465750	1.6875	-2.5	0.25	-97.5	-23.5625	-59.125	-79.3125	-74.125	-15.9375	242.4375	98.3125	-93.25
11:30:13.475815	2.5	-1.625	-1.9375	-89.75	-31.75	-60.5625	-97.8125	-73.5625	-22.0625	215.125	29.125	-52.8125
11:30:13.485916	2.8125	-0.75	-3.5625	-83.25	-37.1875	-61.8125	-119.6875	-65.5	-21.875	149.5	15.5	-21.125
11:30:13.496015	2.75	-0.1875	-4.1875	-77.9375	-39.9375	-64.375	-138.625	-48.3125	-15.5625	129.625	43.3125	-29.3125
11:30:13.506089	3.25	0.4375	-4.375	-81.5	-53.875	-62.375	-155.625	-38.125	-10.0	177.25	55.0625	-8.375
11:30:13.516159	3.75	-0.125	-3.9375	-82.3125	-68.0	-52.9375	-171.0625	-32.8125	-10.0625	227.875	49.1875	-6.4375
11:30:13.526248	3.6875	-0.25	-3.5	-76.1875	-67.1875	-45.875	-184.625	-17.625	-13.3125	247.6875	54.625	-13.0
11:30:13.536362	3.6875	-0.25	-3.5	-67.5	-60.0	-42.0625	-197.625	-2.625	-16.9375	247.1875	78.1875	-15.75
11:30:13.546690	2.5625	-1.3125	-2.25	-62.0	-51.125	-40.4375	-211.625	16.5625	-20.5625	231.75	98.0	-7.5625
11:30:13.556818	1.5625	-2.3125	-2.25	-55.625	-39.0	-39.0625	-224.375	36.625	-24.5625	211.0625	104.0625	2.875
11:30:13.567385	0.375	-3.25	-2.375	-51.1875	-26.375	-38.9375	-232.4375	49.625	-28.875	196.8125	115.8125	13.5
11:30:13.577455	-1.0	-3.375	-2.25	-43.3125	-8.0	-39.9375	-235.8125	56.3125	-32.0625	202.875	125.5	21.0625
11:30:13.587553	-1.4375	-3.6875	-2.0625	-37.9375	-0.9375	-41.6875	-236.875	56.0	-33.5	217.4375	121.75	20.0
11:30:13.597643	-2.3125	-4.0	-1.75	-32.3125	6.25	-43.625	-237.3125	47.0625	-33.9375	219.0625	114.6875	19.6875
11:30:13.607811	-3.5625	-3.875	-0.0625	-26.9375	9.8125	-44.1875	-237.875	33.9375	-34.375	214.1875	95.5625	21.3125
11:30:13.618188	-4.625	-3.3125	1.8125	-22.0	11.0	-42.9375	-236.8125	19.8125	-34.625	214.3125	76.25	23.5
11:30:13.628297	-5.4375	-2.25	3.75	-18.125	6.6875	-40.5625	-235.4375	10.625	-34.0	215.0625	58.5625	24.4375
11:30:13.638422	-6.125	-1.0	5.3125	-13.375	1.25	-36.1875	-234.3125	1.5	-32.0625	214.25	37.0	23.375
11:30:13.648542	-6.75	0.1875	6.8125	-6.5625	-3.625	-33.4375	-233.0625	-10.625	-30.375	214.8125	26.8125	23.25
11:30:13.658623	-7.25	0.75	8.75	1.6875	-11.6875	-29.8125	-231.5	-19.9375	-28.4375	216.625	18.9375	21.3125
11:30:13.669176	-7.25	0.6875	9.9375	9.5625	-15.625	-26.625	-227.1875	-21.875	-26.3125	211.9375	16.0625	20.375
11:30:13.679265	-6.75	0.125	11.1875	17.25	-14.9375	-23.9375	-213.4375	-9.5	-22.1875	205.1875	21.3125	18.8125
11:30:13.689395	-6.25	-0.625	12.0	23.0	-17.625	-20.125	-203.1875	-7.375	-20.5	197.125	17.1875	11.1875
11:30:13.699531	-5.5	-1.8125	12.625	25.6875	-23.625	-16.9375	-191.5625	-13.25	-19.375	188.6875	16.4375	1.3125
11:30:13.709697	-4.6875	-3.3125	12.75	25.25	-31.25	-14.9375	-179.5625	-26.8125	-18.375	180.4375	17.375	-0.3125
11:30:13.720394	-3.8125	-4.875	13.125	25.0	-34.875	-13.75	-165.375	-37.875	-17.0625	169.1875	8.5	1.125
11:30:13.730521	-3.3125	-6.0625	13.5	23.8125	-34.0	-12.4375	-151.8125	-44.1875	-15.0625	160.25	2.5625	0.6875
11:30:13.740614	-3.0	-6.6875	14.6875	22.0	-32.6875	-11.0625	-137.5625	-45.0625	-12.25	150.875	0.1875	-1.0
11:30:13.751174	-3.1875	-7.875	14.6875	19.8125	-31.75	-10.6875	-122.8125	-44.875	-9.5625	140.0625	-7.6875	-3.625
11:30:13.761300	-3.4375	-10.375	14.4375	19.5	-31.0	-8.4375	-105.5625	-45.75	-6.75	111.375	-27.4375	-11.3125
11:30:13.771388	-3.5	-12.5	14.875	19.8125	-28.375	-8.0	-88.5625	-43.125	-4.875	94.25	-34.8125	-10.3125
11:30:13.782039	-3.875	-14.0625	15.6875	20.75	-20.875	-7.4375	-71.375	-41.0625	-4.0	76.0	-37.4375	-7.4375
11:30:13.792116	-5.125	-13.875	16.5	22.0625	-8.8125	-6.5	-54.6875	-42.0	-3.9375	59.6875	-40.25	-3.8125
11:30:13.802187	-5.8125	-12.9375	16.25	21.5	-0.5625	-6.0	-37.75	-37.9375	-4.375	21.6875	-25.5625	0.875
11:30:13.812269	-5.5625	-11.125	17.1875	19.75	3.25	-5.1875	-20.125	-28.375	-4.8125	4.625	-21.3125	1.875
11:30:13.822363	-5.125	-10.5625	15.25	17.0625	3.3125	-5.0	-2.875	-19.25	-4.9375	-14.0625	-19.375	1.5
11:30:13.832479	-4.875	-9.5625	13.625	14.5625	1.3125	-5.3125	13.125	-14.375	-4.75	-22.6875	-16.5	-1.75
11:30:13.842552	-4.875	-8.125	10.9375	12.25	0.5	-5.6875	28.125	-13.125	-5.1875	-50.9375	-43.4375	-15.0625
11:30:13.852883	-5.0625	-5.8125	7.875	11.1875	-1.0625	-5.375	43.0	-14.1875	-5.4375	-79.0	-63.1875	-24.375
11:30:13.863611	-4.875	-3.9375	3.9375	10.5625	-4.9375	-4.125	56.875	-17.6875	-5.625	-90.5	-58.5625	-26.75
11:30:13.873682	-4.3125	-2.375	0.9375	12.125	-10.375	-2.25	69.875	-24.0	-5.5	-101.875	-61.5	-34.0
11:30:13.883775	-3.5625	-0.6875	-1.6875	15.4375	-13.25	1.625	82.125	-29.9375	-4.9375	-105.0	-68.0	-36.4375
11:30:13.893897	-2.6875	1.1875	-3.875	19.3125	-12.6875	6.8125	92.375	-31.875	-3.6875	-5.75	-97.0625	-19.6875
11:30:13.904601	-1.5	6.0625	-5.8125	25.625	-3.6875	15.0	89.9375	-5.5	-4.375	79.1875	14.0625	-26.8125
11:30:13.914678	1.1875	11.25	-5.5	29.0	7.4375	20.75	63.625	23.0625	-3.0625	-73.1875	46.5	-60.625
11:30:13.924747	5.3125	12.375	1.25	25.8125	10.0625	18.4375	43.3125	-40.4375	4.9375	-133.75	-239.8125	-36.4375
11:30:13.934826	7.375	10.875	8.75	8.3125	14.1875	10.6875	50.5	-93.25	4.9375	-131.0625	-231.1875	46.5
11:30:13.944899	1.8125	12.375	8.5	-0.9375	21.6875	4.9375	69.125	-123.1875	-4.4375	-156.5	25.5	111.0625
11:30:13.954993	-0.5	18.625	2.25	-0.4375	26.4375	3.75	78.8125	-93.8125	-10.6875	-191.125	45.0625	105.125
11:30:13.965119	-1.5	24.0625	-4.125	-2.9375	33.4375	7.0	76.4375	-46.1875	-11.8125	-171.5	-44.0625	58.875
11:30:13.975244	-1.125	23.9375	-8.875	-2.375	38.0	13.75	72.875	-3.1875	-9.3125	-98.5	-45.0625	44.6875
11:30:13.985861	0.3125	17.375	-10.0625	7.875	40.25	21.875	73.6875	34.25	-5.0	-61.625	-18.5	33.875
11:30:13.995967	3.75	5.9375	-7.8125	24.125	34.25	26.0	73.9375	45.125	-0.3125	23.8125	-18.375	2.25
11:30:14.006080	7.875	-6.5	-5.0	38.5625	23.9375	26.0625	73.375	39.75	0.875	58.9375	26.375	-15.0
11:30:14.016392	10.3125	-16.5625	-4.5625	46.25	25.375	20.0	69.75	4.9375	-2.5625	-20.25	3.6875	-22.9375
11:30:14.026463	10.375	-21.5625	-6.0	55.0	42.0	13.625	67.3125	-30.5	-10.0625	-95.375	-43.0	-22.4375
11:30:14.036542	9.3125	-22.1875	-7.8125	56.0	49.25	12.9375	66.4375	-31.9375	-18.1875	-101.3125	-24.1875	-11.375
11:30:14.046701	7.875	-20.4375	-8.5625	49.6875	37.125	14.1875	62.375	-11.75	-21.3125	-108.5625	-6.25	8.4375
11:30:14.056772	6.25	-18.0	-7.1875	44.125	14.6875	15.1875	58.375	11.25	-17.0	-84.875	-9.375	8.5625
11:30:14.066911	3.9375	-16.1875	-4.0	34.25	-10.5625	16.6875	60.3125	23.1875	-10.125	-34.5625	2.6875	-3.625
11:30:14.077035	1.125	-15.0	-0.0625	22.5	-34.5	18.3125	62.4375	21.125	-5.0625	1.0	10.3125	-4.5
11:30:14.087160	-1.0625	-12.5625	2.9375	10.8125	-47.375	20.75	60.375	10.0	-3.125	-10.1875	-2.25	-15.8125
11:30:14.097317	-2.0625	-8.75	4.5	28.375	-30.25	21.5625	57.125	-3.125	-3.6875	-47.4375	-5.875	-12.0625
11:30:14.107446	-2.4375	-4.9375	6.0	39.75	-4.1875	21.0	57.625	-13.625	-5.8125	-66.25	-13.125	-1.3125
11:30:14.117551	-2.5625	-1.6875	6.6875	48.1875	20.4375	20.625	56.875	-19.125	-5.875	-52.1875	-17.9375	5.5
11:30:14.128204	-2.625	-0.375	7.625	56.1875	41.875	22.25	53.9375	-18.0625	-3.3125	-34.75	-9.1875	7.6875
11:30:14.138321	-2.375	0.0	7.4375	59.5	51.875	25.4375	51.8125	-11.375	0.6875	-20.25	-6.5	3.1875
11:30:14.148394	-1.875	-0.625	6.3125	59.6875	51.875	29.125	51.375	3.125	2.375	-20.375	1.6875	-3.375
11:30:14.158463	-0.8125	-2.125	4.0	54.8125	50.125	29.875	50.125	19.875	2.9375	-28.9375	6.4375	-10.875
11:30:14.168588	1.0625	-4.0625	1.25	51.125	47.375	28.6875	46.375	33.5	3.3125	-45.4375	4.3125	-11.0625
11:30:14.178719	2.375	-5.4375	-1.4375	49.0625	41.1875	27.0	45.3125	33.75	2.9375	-54.3125	0.0	-0.6875
11:30:14.188884	2.875	-6.25	-3.0	51.5	42.6875	27.1875	45.0	24.5	3.625	-44.25	-2.75	6.125
11:30:14.199443	2.5	-6.5	-3.1875	52.1875	44.0	28.5	41.375	16.875	4.8125	-32.875	-4.75	-1.25
11:30:14.209538	2.375	-6.875	-3.75	52.0	40.5625	29.1875	41.3125	8.3125	5.5625	-22.125	1.75	-4.6875
11:30:14.219663	2.5625	-7.1875	-4.5625	51.25	28.1875	29.125	42.375	-3.875	5.6875	-22.75	6.75	-4.1875
11:30:14.229762	2.0625	-7.8125	-3.6875	49.0	15.25	29.6875	40.8125	-21.6875	3.5625	-19.4375	6.8125	-7.6875
11:30:14.239895	2.0	-8.6875	-2.25	46.6875	5.6875	31.0625	39.6875	-24.5625	3.3125	-25.8125	3.6875	-8.1875
11:30:14.250137	1.875	-9.1875	-0.625	45.625	-0.4375	32.5625	39.6875	-24.5625	3.3125	-27.6875	2.5625	-3.25
11:30:14.260493	2.25	-8.875	0.0625	47.125	-3.625	34.125	42.125	-12.3125	3.0625	-22.1875	1.9375	1.6875
11:30:14.270714	2.75	-8.625	0.25	47.0	-5.0	34.375	40.3125	-0.4375	2.875	-15.5625	1.1875	0.9375
11:30:14.281388	3.5625	-8.3125	-0.25	48.125	-1.0625	35.0	36.0625	-6.5	2.875	-27.875	3.9375	3.0
11:30:14.291470	4.625	-8.6875	-0.3125	49.5625	6.5	34.625	33.6875	-14.9375	0.6875	-29.3125	5.75	7.625
11:30:14.301561	5.875	-9.25	-0.5	51.0	15.9375	34.1875	34.5	-15.25	-0.4375	-19.5	0.4375	2.6875
11:30:14.311713	6.8125	-9.8125	-0.75	51.4375	22.25	34.25	34.125	-15.8125	0.5625	-28.875	-1.0625	3.625
11:30:14.322356	8.0625	-10.125	-0.5625	53.0	25.4375	33.75	32.3125	-27.6875	-0.25	-30.875	4.6875	3.5625
11:30:14.332439	8.9375	-10.0625	0.3125	53.9375	27.1875	33.625	32.5625	-28.0	-2.8125	-18.8125	10.9375	-0.4375
11:30:14.342556	9.6875	-9.125	1.75	53.3125	25.3125	33.25	36.5625	-12.875	-3.0625	-19.0	3.0625	-2.1875
11:30:14.352677	10.0625	-8.25	4.0	51.25	28.5625	32.25	35.875	-5.1875	-2.4375	-30.0625	12.25	3.625
11:30:14.363226	10.6875	-7.4375	6.1875	50.1875	35.5	32.0	32.6875	-5.25	-3.0625	-35.125	15.0625	7.25
11:30:14.373377	11.25	-6.75	7.9375	49.25	38.75	31.875	36.25	-1.8125	-2.9375	-21.0625	5.5	6.3125
11:30:14.383452	11.6875	-4.8125	9.25	48.3125	37.9375	31.8125	41.0	0.375	-1.75	-20.875	-0.375	5.0625
11:30:14.393581	11.875	-2.625	10.3125	46.875	31.6875	31.8125	38.625	-3.5	-2.0625	-29.1875	1.6875	4.5625
11:30:14.403781	12.0625	-0.3125	10.625	45.3125	26.375	32.0625	39.125	-4.0625	-3.25	-34.6875	11.0625	5.6875
11:30:14.413902	12.375	1.8125	10.5625	43.875	22.875	32.0	45.3125	-3.375	-3.0	-19.0625	8.25	4.25
11:30:14.424550	12.375	3.875	9.8125	41.0625	22.0	32.4375	46.375	-2.875	-2.1875	-21.4375	-5.0	0.375
11:30:14.434676	11.75	7.125	8.125	38.6875	23.6875	32.5625	44.4375	0.1875	-2.375	-29.125	5.8125	0.125
11:30:14.444796	11.625	8.5	7.125	37.375	23.1875	33.8125	46.0625	4.0	-3.0625	-36.25	11.5	1.1875
11:30:14.455405	11.4375	9.9375	6.8125	36.9375	24.875	33.0	48.625	3.3125	-2.0625	-26.4375	4.125	-0.0625
11:30:14.465474	11.125	11.3125	6.6875	37.9375	28.3125	33.125	48.0	7.5	-1.0	-29.375	-6.8125	0.375
11:30:14.475910	11.0	12.4375	6.8125	38.8125	30.8125	33.625	47.0625	10.8125	-1.0	-46.5625	-19.75	9.875
11:30:14.485979	11.6875	13.375	6.25	38.125	35.375	33.875	49.0625	13.375	-1.6875	-58.0625	-40.375	24.3125
11:30:14.496051	12.125	13.1875	5.3125	36.125	36.8125	34.375	52.5625	16.125	-1.125	-58.0625	-40.375	24.3125
11:30:14.506214	11.75	13.625	4.6875	33.5625	40.75	33.375	51.375	22.125	-0.0625	-58.625	-11.6875	4.1875
11:30:14.516290	11.875	13.3125	4.0	30.125	43.3125	33.5	51.625	30.4375	0.75	-68.1875	-15.9375	7.1875
11:30:14.526374	11.5625	12.6875	2.375	25.75	46.5625	34.1875	55.25	32.4375	1.625	-67.125	-14.0625	8.5
11:30:14.536513	10.6875	11.375	0.375	21.8125	44.4375	34.0625	58.0	30.125	3.375	-63.6875	-28.375	8.1875
11:30:14.546582	9.8125	10.5	-2.25	20.0625	42.625	33.6875	59.0625	27.625	6.125	-74.875	-35.0	7.6875
11:30:14.556655	9.125	9.3125	-4.625	16.5625	38.3125	32.8125	61.25	25.5	7.125	-83.0	-33.9375	7.375
11:30:14.566733	8.25	7.3125	-6.5625	12.6875	32.0	31.5625	66.875	22.0625	8.5625	-80.875	-42.8125	8.3125
11:30:14.576808	7.25	4.5625	-7.5625	10.875	24.875	30.3125	69.625	20.6875	10.375	-81.6875	-49.9375	8.75
11:30:14.586885	5.625	1.125	-7.5625	9.75	19.875	29.0625	71.25	18.5625	11.5	-94.75	-46.9375	8.6875
11:30:14.596957	4.0625	-2.4375	-7.625	6.75	14.1875	27.5	75.4375	17.1875	11.6875	-100.4375	-46.0	9.5
11:30:14.607029	1.375	-6.1875	-7.0625	4.4375	12.1875	25.625	81.0	16.9375	12.8125	-100.125	-42.1875	12.875
11:30:14.617098	-2.9375	-9.3125	-3.75	1.3125	11.0	22.5	82.4375	22.9375	15.1875	-100.875	-47.5	9.3125
11:30:14.627198	-6.75	-12.3125	1.375	-3.5	5.875	16.375	84.875	25.5625	17.0	-106.9375	-78.75	4.75
11:30:14.637268	-8.4375	-17.5	5.4375	-12.3125	-7.375	4.0625	89.875	20.6875	16.4375	-119.875	-63.375	21.9375
11:30:14.647335	-6.6875	-26.375	5.625	-21.4375	-15.8125	-0.9375	94.9375	11.3125	15.5625	-120.25	-29.3125	32.5625
11:30:14.657429	-2.625	-38.0	2.0625	-33.5	-26.4375	-4.0625	98.8125	12.5625	12.75	-114.5	-36.75	23.0
11:30:14.667532	1.3125	-46.0	-3.3125	-49.3125	-37.0	-7.5	103.375	24.6875	10.25	-129.8125	-52.0	31.625
11:30:14.677657	3.5	-46.125	-9.3125	-65.1875	-42.9375	-10.3125	107.3125	42.0	8.875	-136.625	-39.0	56.25
11:30:14.688302	3.75	-38.6875	-12.5	-80.375	-42.9375	-14.75	113.5	58.125	8.875	-127.0625	-12.8125	69.75
11:30:14.698370	3.375	-27.3125	-12.125	-92.0	-41.875	-19.5	120.5625	84.1875	10.5625	-134.6875	14.5625	72.0
11:30:14.708439	2.9375	-14.4375	-9.75	-103.375	-39.1875	-25.375	124.0625	106.4375	13.3125	-144.6875	10.75	73.25
11:30:14.718511	2.6875	-2.625	-7.1875	-111.625	-44.0625	-33.0	128.4375	129.4375	16.375	-172.4375	9.0625	85.75
11:30:14.728588	1.6875	5.875	-7.875	-123.0	-44.625	-41.375	129.75	148.5625	19.125	-221.0	39.375	82.5
11:30:14.738700	-0.625	10.875	-11.9375	-124.9375	-10.1875	-46.875	136.8125	147.3125	17.125	-272.0	13.625	36.125
11:30:14.748776	-2.6875	13.5625	-16.375	-127.5	-2.25	-52.875	124.625	100.3125	15.1875	-308.25	-22.1875	21.0
11:30:14.758861	-4.375	14.625	-18.9375	-118.4375	-2.5625	-58.0	119.4375	60.9375	14.3125	-265.9375	-97.75	12.875
11:30:14.768937	-6.0625	12.9375	-17.625	-113.75	-19.9375	-60.0	119.5	43.0625	14.375	-253.1875	-111.9375	31.0625
11:30:14.779047	-7.5	9.6875	-13.0625	-101.75	-16.3125	-65.8125	113.125	37.5625	15.5625	-280.0625	-37.0625	31.0
11:30:14.789134	-7.8125	4.875	-8.125	-94.0	-18.375	-63.6875	98.0	36.625	16.0625	-247.4375	-51.3125	7.6875
11:30:14.799201	-7.0	-0.9375	-3.5	-87.5	-24.1875	-61.875	81.625	15.875	12.75	-134.9375	-29.125	27.6875
11:30:14.809309	-5.6875	-5.625	-0.25	-85.625	-29.4375	-59.375	73.625	0.75	10.4375	44.0625	121.5	27.75
11:30:14.819408	-3.8125	-8.4375	1.5625	-89.125	-27.6875	-59.0	49.5	15.75	0.6875	143.5	211.25	7.875
11:30:14.830194	-2.75	-9.75	1.9375	-90.5625	-18.875	-61.875	19.0625	0.8125	-4.25	154.4375	205.6875	-21.75
11:30:14.840622	-1.5	-10.875	0.8125	-92.0	-22.25	-62.5625	-11.75	-19.375	-5.75	116.1875	76.0625	-61.0
11:30:14.850790	-0.25	-11.0	-0.4375	-87.5	-25.375	-63.1875	-33.125	-41.6875	-7.875	88.6875	-4.8125	-52.9375
11:30:14.860911	0.4375	-10.3125	-1.5625	-83.3125	-34.5	-63.5	-73.25	-67.5	-18.125	119.5	37.6875	-38.5
11:30:14.871078	1.0	-9.375	-2.75	-79.375	-43.4375	-62.875	-93.875	-74.875	-23.5625	195.9375	59.9375	-57.875
11:30:14.881806	1.3125	-8.1875	-3.3125	-78.1875	-51.3125	-64.0	-113.625	-77.375	-26.9375	222.3125	10.875	-54.5
11:30:14.891943	1.8125	-7.0	-4.0	-78.375	-61.0	-63.125	-131.0	-79.75	-25.0	171.875	-17.8125	-0.125
11:30:14.902081	2.0625	-5.6875	-4.4375	-81.5625	-70.0	-61.3125	-150.4375	-78.6875	-21.1875	203.9375	2.9375	-8.875
11:30:14.912714	2.75	-4.9375	-4.375	-87.4375	-78.625	-57.875	-169.0625	-73.0625	-19.8125	244.25	24.875	-4.1875
11:30:14.922828	3.3125	-4.75	-3.3125	-88.75	-85.0625	-53.125	-183.625	-65.25	-20.75	257.25	40.0625	-10.125
11:30:14.932908	3.4375	-4.8125	-2.125	-87.375	-84.5625	-48.8125	-199.0	-48.0	-22.5625	257.25	40.0625	-10.125
11:30:14.943537	3.5625	-5.9375	-1.125	-75.6875	-77.5	-45.5	-213.0625	-35.0	-23.5	255.9375	52.75	-14.0625
11:30:14.953645	3.0	-7.3125	-1.0	-54.4375	-63.9375	-43.125	-223.5625	-19.875	-23.625	243.3125	84.0625	-7.0625
11:30:14.963737	2.3125	-8.375	-1.6875	-46.375	-48.3125	-42.25	-233.3125	-2.0625	-23.125	230.875	93.5625	1.625
11:30:14.973857	1.0625	-8.6875	-2.4375	-37.0	-29.6875	-42.5	-242.1875	25.125	-21.75	214.125	97.5625	10.375
11:30:14.984508	-0.25	-8.25	-3.0	-31.75	-17.8125	-41.875	-249.625	52.5625	-20.375	205.9375	94.75	11.625
11:30:14.994595	-3.125	-6.8125	-2.625	-26.875	-11.9375	-41.375	-251.3125	61.125	-20.875	215.25	97.6875	3.625
11:30:15.004723	-3.125	-6.8125	-2.625	-26.625	-9.5625	-41.4375	-250.4375	53.625	-22.6875	230.5625	92.8125	3.5625
11:30:15.014801	-5.3125	-3.6875	-1.125	-23.625	-4.125	-43.1875	-251.1875	34.8125	-23.25	233.9375	71.875	7.25
11:30:15.025296	-6.3125	-2.0	-0.6875	-18.0	0.0625	-42.6875	-250.125	8.25	-22.9375	234.25	54.0	9.875
11:30:15.035376	-7.1875	-0.125	0.3125	-11.6875	3.375	-42.5	-248.75	-16.375	-22.75	234.25	54.0	9.875
11:30:15.045500	-7.8125	2.3125	1.9375	-7.5	4.25	-40.5	-246.25	-34.25	-22.4375	231.5	27.375	10.125
11:30:15.055573	-8.0625	4.8125	3.0	-4.25	3.6875	-35.8125	-242.8125	-44.5	-21.5625	224.0	18.9375	9.1875
11:30:15.065706	-8.1875	6.4375	4.0	-1.625	-0.4375	-31.1875	-238.375	-46.75	-20.3125	230.625	21.125	5.0625
11:30:15.075780	-8.125	6.6875	5.0	3.625	-5.875	-26.6875	-232.3125	-37.375	-18.25	227.125	18.875	-1.25
11:30:15.085854	-8.3125	5.4375	6.25	9.9375	-6.3125	-22.3125	-225.5	-26.3125	-16.1875	219.3125	21.5	1.1875
11:30:15.095942	-8.1875	3.75	7.3125	16.25	-2.75	-18.375	-217.5625	-16.3125	-14.5	212.1875	25.8125	-2.5
11:30:15.106186	-7.8125	1.625	8.0	21.0	-0.6875	-16.8125	-206.125	-15.25	-13.625	205.5625	27.3125	-9.75
11:30:15.116298	-7.5	0.0625	8.5	24.6875	-3.5625	-15.1875	-194.25	-17.6875	-13.5625	187.5	24.9375	-4.5
11:30:15.126369	-7.4375	-1.3125	8.8125	26.0625	-13.125	-14.0	-180.625	-18.5625	-13.3125	163.75	23.5	1.25
11:30:15.136454	-7.25	-2.0625	9.0	22.5	-24.5	-12.0625	-163.875	-21.0	-11.4375	146.0625	23.25	4.375
11:30:15.146524	-6.875	-2.625	9.8125	16.625	-32.9375	-11.5	-144.8125	-24.625	-8.3125	131.9375	12.875	3.5
11:30:15.156596	-6.875	-2.9375	10.625	10.625	-40.5625	-11.0	-125.25	-29.9375	-5.0625	114.625	-3.875	0.8125
11:30:15.166669	-7.1875	-2.875	11.25	5.375	-43.625	-9.8125	-104.125	-34.125	-2.25	97.5	-23.8125	-5.8125
11:30:15.176958	-7.1875	-2.875	11.25	2.3125	-45.8125	-8.8125	-81.125	-36.5	0.0625	82.625	-35.125	-10.1875
11:30:15.187419	-8.625	-4.125	11.5625	0.4375	-40.125	-9.25	-60.375	-36.375	1.3125	66.75	-41.125	-8.8125
11:30:15.197539	-9.25	-4.1875	12.4375	-2.1875	-12.875	-6.6875	-39.625	-32.6875	1.875	50.5625	-44.875	-7.8125
11:30:15.207634	-9.25	-4.1875	12.4375	-2.25	4.5	-5.5	-20.125	-27.5	1.875	32.9375	-39.875	-5.8125
11:30:15.217763	-10.1875	-3.3125	14.375	-2.25	4.5	-5.5	-1.6875	-24.0625	1.5625	13.125	-35.375	-4.8125
11:30:15.228427	-10.625	-2.0	14.8125	-2.1875	25.1875	-5.5	15.75	-22.5	0.8125	-5.0	-33.5	-5.875
11:30:15.238508	-10.3125	-0.8125	14.9375	-1.375	22.375	-6.125	31.4375	-20.6875	0.0625	-11.3125	-28.9375	-5.9375
11:30:15.248575	-9.0625	0.4375	15.3125	-0.875	13.0625	-6.5625	45.8125	-17.5625	-1.375	-38.4375	-56.1875	-11.8125
11:30:15.258647	-8.25	1.5625	14.0	-1.6875	1.125	-6.4375	58.3125	-15.25	-3.3125	-59.5	-55.1875	-13.6875
11:30:15.268778	-7.625	2.5625	11.5	-1.0	-9.375	-4.625	69.0	-13.4375	-5.0	-74.25	-40.3125	-13.25
11:30:15.278941	-7.375	3.9375	9.4375	1.0	-13.4375	-3.0	79.1875	-9.0625	-6.375	-90.4375	-44.0625	-14.1875
11:30:15.289499	-7.0625	5.375	7.25	5.6875	-11.3125	-1.0625	86.1875	-3.25	-7.4375	-89.125	-33.9375	-15.875
11:30:15.299598	-7.125	7.0	4.9375	15.4375	-9.75	1.3125	85.125	21.25	-8.4375	-86.125	-94.8125	-23.75
11:30:15.309737	-6.25	10.875	2.25	27.0625	1.75	5.0625	71.5	52.1875	-9.0	-34.875	-45.0	-17.875
11:30:15.319812	-3.125	15.0	1.4375	29.5625	12.5	9.1875	59.375	11.25	-3.3125	-62.5625	121.375	-48.125
11:30:15.330236	-3.125	15.0	1.4375	29.5625	12.5	9.1875	62.0625	-56.8125	3.0625	-111.0	-74.9375	-58.875
11:30:15.340574	2.25	11.375	6.5	11.0	9.75	11.75	70.75	-104.625	-3.125	-116.5	-257.5	-7.8125
11:30:15.350676	0.375	8.5625	8.1875	7.125	17.9375	9.125	67.9375	-78.0	-9.6875	-116.3125	-66.8125	69.8125
11:30:15.360788	-2.9375	9.9375	6.75	5.25	33.75	8.0	66.4375	-49.5625	-10.5	-180.875	-60.25	66.1875
11:30:15.370915	-5.75	15.5	1.75	15.375	47.3125	12.1875	69.0625	-11.1875	-8.375	-180.875	-60.25	66.1875
11:30:15.381484	-7.0625	18.8125	-4.4375	32.5	56.1875	20.6875	65.125	21.1875	-2.375	-109.3125	-51.5	52.625
11:30:15.391656	-6.75	15.8125	-9.8125	43.875	50.75	28.875	62.0625	33.4375	1.5	10.375	-40.9375	18.4375
11:30:15.401784	-4.75	6.25	-12.5625	52.5625	37.125	30.6875	63.75	14.0625	-1.1875	49.3125	-4.625	-5.875
11:30:15.412388	-1.0625	-6.3125	-13.375	53.25	31.5	27.0625	60.3125	-14.625	-8.0	42.25	36.0	-10.0
11:30:15.422553	2.5625	-18.125	-13.375	51.8125	37.0	21.125	53.5	-25.375	-15.9375	-35.75	0.875	-11.8125
11:30:15.432622	4.375	-26.0625	-13.875	59.6875	38.5	18.9375	51.75	-14.625	-21.875	-95.625	-46.75	-16.625
11:30:15.442759	4.3125	-29.1875	-14.9375	64.1875	27.625	18.875	51.75	6.375	-21.1875	-113.375	-18.9375	1.875
11:30:15.453323	3.8125	-28.375	-15.8125	60.25	7.5625	19.125	51.1875	20.125	-14.625	-105.875	9.0625	18.375
11:30:15.463394	3.125	-25.9375	-16.1875	48.8125	-18.875	20.375	51.0	16.875	-7.0	-55.375	-4.0	-2.0
11:30:15.473575	2.1875	-23.3125	-15.25	34.5625	-43.1875	20.375	52.1875	0.0	-2.9375	-8.0625	-5.5625	-4.6875
11:30:15.484209	0.9375	-21.3125	-12.9375	24.0	-53.25	19.625	52.9375	-14.8125	-3.25	4.1875	4.875	-2.75
11:30:15.494336	-0.875	-18.9375	-9.625	18.625	-49.75	21.5625	51.0625	-20.875	-5.0	-7.625	-2.375	-7.625
11:30:15.504410	-3.3125	-15.5	-5.8125	31.6875	-34.125	23.5	49.75	-27.0	-5.75	-42.625	-13.3125	-10.125
11:30:15.514481	-5.4375	-10.9375	-2.625	47.3125	-8.6875	22.625	51.0	-22.375	-4.8125	-54.5	-13.5	-5.1875
11:30:15.524556	-7.75	-6.5625	1.0	51.4375	17.0625	21.0625	51.1875	-11.375	-1.5625	-45.4375	-14.3125	5.875
11:30:15.534684	-9.125	-2.875	3.5625	58.4375	37.0625	23.0625	48.125	7.4375	1.3125	-17.8125	-9.1875	11.0625
11:30:15.544808	-9.125	2.125	2.625	59.5	50.9375	25.9375	46.3125	25.1875	2.875	-17.625	-0.5	2.875
11:30:15.554895	-8.125	2.5625	-0.0625	58.625	55.5	28.6875	46.3125	41.3125	2.875	-31.25	8.0625	-5.875
11:30:15.565107	-7.0	2.125	-3.125	57.375	58.6875	29.4375	44.6875	47.0625	2.75	-41.0	9.1875	-2.5
11:30:15.575237	-5.875	1.3125	-5.9375	54.625	55.375	28.6875	42.75	42.3125	2.9375	-41.5	7.3125	-4.5
11:30:15.585336	-4.625	1.25	-8.5625	53.5	52.125	27.5625	40.0625	23.1875	3.625	-41.375	2.9375	-4.0
11:30:15.595928	-4.1875	1.8125	-10.1875	50.0	50.6875	26.625	40.875	7.3125	3.5625	-38.0	-3.125	3.875
11:30:15.605998	-4.25	3.0625	-10.8125	48.6875	54.75	27.1875	43.5625	5.125	2.5	-25.6875	0.375	9.3125
11:30:15.616094	-5.0625	4.75	-10.75	48.25	55.625	28.25	43.625	6.375	2.375	-22.4375	0.0625	-0.75
11:30:15.626169	-5.8125	6.5625	-10.25	46.5625	48.5625	28.1875	43.625	-1.625	2.8125	-23.5	4.3125	-3.875
11:30:15.636240	-6.5	8.5	-9.75	45.0625	36.9375	27.1875	43.8125	-12.1875	2.8125	-24.3125	3.0	0.1875
11:30:15.646341	-7.0625	9.625	-8.8125	44.0	27.3125	25.375	43.875	-9.3125	2.75	-21.375	2.6875	2.5625
11:30:15.656430	-6.625	11.0	-8.9375	44.25	18.8125	25.8125	42.6875	-10.0625	3.0	-31.25	2.25	-2.0
11:30:15.666510	-5.875	12.1875	-9.875	44.375	13.1875	26.1875	41.875	-15.5625	2.125	-32.9375	1.375	-1.125
11:30:15.676584	-4.9375	12.5625	-11.1875	44.875	10.1875	25.75	43.1875	-14.75	0.875	-36.0625	6.5	3.6875
11:30:15.686661	-3.5625	13.1875	-12.4375	44.9375	8.5625	24.4375	42.75	-6.75	1.125	-23.8125	6.1875	1.875
11:30:15.696760	-1.8125	12.75	-12.875	44.8125	8.5	23.8125	40.0625	-14.4375	1.625	-33.75	6.75	0.9375
11:30:15.706831	0.0625	12.125	-12.1875	45.1875	8.75	23.625	39.6875	-26.9375	0.75	-34.0625	4.25	6.125
11:30:15.716955	1.625	10.75	-10.8125	46.6875	11.8125	24.25	40.3125	-24.375	-0.5625	-31.375	1.9375	7.5625
11:30:15.727072	3.4375	9.375	-8.75	47.9375	14.9375	26.25	39.5625	-18.875	-0.9375	-21.125	-3.625	3.25
11:30:15.737142	5.3125	8.5	-6.5	49.1875	20.8125	28.3125	38.8125	-21.0625	-2.5	-28.0625	7.0	2.4375
11:30:15.747225	7.125	7.9375	-4.0625	50.9375	26.875	31.3125	37.9375	-13.1875	-3.625	-32.9375	14.5625	2.9375
11:30:15.757299	8.9375	7.3125	-1.75	52.5	35.0625	33.0	40.5625	-5.375	-2.875	-27.4375	13.25	4.25
11:30:15.767434	10.25	7.0	1.0	52.8125	43.9375	33.3125	39.0	-5.8125	-2.9375	-17.75	1.9375	5.3125
11:30:15.777570	11.4375	7.0625	2.75	52.375	53.3125	35.0625	36.625	-5.4375	-4.125	-25.5	4.75	8.0
11:30:15.787672	12.5	8.1875	3.875	51.625	55.25	33.875	40.125	3.5	-4.5625	-35.875	11.0	7.3125
11:30:15.797747	13.375	9.9375	3.5	49.25	52.4375	33.25	43.6875	8.5625	-4.0	-25.4375	15.4375	6.0
11:30:15.807851	13.5625	11.875	2.75	46.375	45.125	33.3125	41.625	7.75	-3.75	-22.4375	8.3125	4.125
11:30:15.817979	13.3125	13.75	1.5625	42.875	38.75	34.375	43.125	9.875	-4.4375	-28.375	6.875	4.375
11:30:15.828646	13.0625	15.5	0.875	39.25	36.125	35.3125	48.1875	8.4375	-4.25	-34.8125	8.625	5.8125
11:30:15.838732	13.0	17.0	0.5625	36.8125	37.5625	33.875	46.9375	8.8125	-3.25	-22.875	9.0625	5.75
11:30:15.848922	12.75	18.75	1.25	37.5	37.875	32.4375	45.4375	9.25	-3.75	-25.8125	-1.375	3.125
11:30:15.859011	12.75	20.4375	2.4375	35.8125	34.875	32.9375	47.6875	11.3125	-4.6875	-36.5	1.625	5.6875
11:30:15.869382	12.625	22.25	4.0	37.875	37.0	33.25	50.9375	12.6875	-4.375	-49.4375	-26.5625	26.0
11:30:15.879620	12.625	21.625	4.6875	35.5625	38.3125	33.375	49.75	16.625	-4.0625	-47.9375	-37.5625	38.75
11:30:15.889691	12.4375	20.5625	4.6875	35.1875	41.5	34.1875	48.75	23.1875	-3.1875	-51.0625	-0.1875	19.3125
11:30:15.899819	11.375	19.375	4.5	32.375	41.5	33.9375	52.8125	31.0625	-1.625	-61.125	-17.5	6.25
11:30:15.909933	9.875	18.0	3.8125	30.0	44.125	31.4375	56.0625	28.25	0.6875	-68.1875	-15.9375	8.5
11:30:15.920547	7.5	16.3125	2.8125	25.125	40.25	32.25	57.0625	23.4375	3.875	-58.6875	-19.625	9.625
11:30:15.930617	5.4375	15.25	1.4375	20.1875	38.0	33.3125	59.6875	19.0625	5.625	-65.625	-38.9375	9.3125
11:30:15.940720	3.875	15.3125	1.0	14.4375	33.375	33.625	64.8125	17.0	6.625	-80.375	-38.375	9.0
11:30:15.950806	2.6875	13.125	-0.5625	10.6875	28.3125	32.375	68.5	18.75	8.8125	-76.875	-45.9375	11.3125
11:30:15.960895	2.5	10.5625	-1.875	10.0	24.25	30.125	72.0	20.8125	8.5625	-87.25	-44.3125	10.5
11:30:15.971050	1.5625	9.1875	-2.375	12.0625	21.8125	27.5625	78.375	19.875	8.9375	-97.0625	-38.1875	10.75
11:30:15.981609	1.5	8.125	-2.4375	8.8125	21.125	25.4375	81.6875	22.625	9.625	-100.5	-43.375	13.625
11:30:15.991732	1.125	6.625	-1.9375	6.75	21.0	23.1875	83.625	24.125	10.25	-93.9375	-44.375	20.0
11:30:16.001859	1.0	5.625	-1.25	6.625	17.5	21.0	87.5625	27.625	10.75	-103.375	-40.75	18.75
11:30:16.012446	0.6875	3.8125	-0.25	4.0	17.5625	17.8125	94.125	33.3125	12.8125	-118.375	-35.3125	16.4375
11:30:16.022547	-0.6875	1.5625	1.5	-3.8125	17.3125	13.875	98.0625	33.875	13.75	-118.6875	-54.375	16.9375
11:30:16.032662	-3.75	-0.75	5.5625	-13.375	13.3125	8.9375	100.4375	26.6875	12.9375	-101.75	-75.8125	24.125
11:30:16.042766	-7.125	-2.8125	10.6875	-20.8125	6.0625	2.625	105.4375	21.9375	9.75	-116.9375	-45.5625	34.5625
11:30:16.053457	-9.25	-6.4375	13.5625	-30.0625	-4.8125	-2.75	115.3125	28.5625	7.25	-130.3125	-30.6875	38.5
11:30:16.063575	-9.3125	-12.6875	11.1875	-44.6875	-20.125	-7.5	121.1875	52.5	8.375	-132.1875	-47.25	44.4375
11:30:16.073747	-7.75	-20.4375	4.5625	-60.875	-38.8125	-12.875	124.625	82.375	10.625	-130.75	-22.6875	68.9375
11:30:16.084423	-6.25	-24.125	-2.0	-75.625	-54.5625	-20.1875	127.625	107.5625	13.5625	-130.75	3.375	73.3125
11:30:16.094497	-6.1875	-22.9375	-8.625	-88.375	-62.0625	-27.0625	132.75	129.75	17.5	-143.75	-15.125	73.875
11:30:16.104611	-6.625	-18.4375	-13.0	-101.625	-63.1875	-34.0625	135.4375	142.6875	20.25	-174.125	-12.6875	88.6875
11:30:16.114682	-6.25	-10.5625	-13.625	-113.1875	-71.3125	-39.5625	130.6875	125.4375	20.25	-204.6875	24.8125	76.375
11:30:16.124764	-6.8125	-1.625	-12.4375	-121.3125	-62.5	-48.25	116.9375	66.9375	20.6875	-251.4375	-10.25	49.75
11:30:16.134848	-6.6875	6.75	-10.8125	-128.1875	-48.625	-51.5625	113.625	23.75	23.0625	-311.875	-59.125	31.3125
11:30:16.144923	-5.375	13.1875	-9.75	-126.5	-13.25	-58.375	116.1875	15.8125	23.125	-292.5625	-105.125	17.0
11:30:16.155000	-4.125	17.625	-7.625	-116.8125	-6.375	-64.375	108.875	28.5	23.125	-269.875	-112.5	15.5
11:30:16.165088	-3.625	18.5625	-5.5	-101.1875	-16.6875	-63.1875	89.6875	34.0625	22.75	-280.9375	-85.1875	6.3125
11:30:16.175168	-4.625	17.0625	-1.875	-89.25	-20.3125	-64.375	74.0	0.4375	21.75	-238.25	-131.3125	-18.75
11:30:16.185237	-5.8125	14.5	1.25	-82.5625	-7.625	-66.0625	66.3125	-23.875	20.3125	-105.0625	-97.1875	-12.75
11:30:16.195313	-6.75	10.5625	3.0625	-73.5	-11.75	-63.0625	58.6875	-13.5	15.6875	29.6875	119.4375	26.1875
11:30:16.205389	-7.1875	4.125	4.4375	-73.1875	-26.5	-60.6875	45.1875	-4.9375	6.875	154.4375	194.625	-3.0
11:30:16.215462	-6.25	-3.25	5.0	-81.3125	-37.0	-58.25	15.3125	-7.3125	-0.5625	195.5	170.75	-28.125
11:30:16.225577	-4.5625	-9.9375	5.0625	-88.0	-35.4375	-56.8125	-15.9375	-21.375	-4.0	139.6875	73.5	-51.6875
11:30:16.235692	-2.375	-13.25	2.5625	-92.6875	-34.8125	-55.8125	-39.9375	-43.75	-8.125	91.6875	22.5625	-49.5625
11:30:16.245792	-0.6875	-14.0625	1.5625	-96.375	-37.875	-57.125	-57.5	-63.125	-14.875	120.75	96.8125	-32.875
11:30:16.255929	0.75	-12.875	0.0625	-95.0	-42.375	-57.4375	-79.875	-70.5625	-21.625	195.5625	137.5	-52.375
11:30:16.266050	2.75	-8.375	-4.0	-84.625	-46.125	-57.8125	-99.5625	-77.6875	-30.375	242.0	70.9375	-70.75
11:30:16.276175	3.375	-6.375	-5.75	-77.0625	-47.5	-58.625	-117.8125	-77.5	-35.3125	195.25	30.0625	-28.5625
11:30:16.286311	4.125	-5.375	-6.3125	-73.125	-45.375	-58.5625	-136.8125	-62.875	-32.6875	142.875	31.1875	-11.875
11:30:16.296382	5.125	-5.25	-6.0625	-72.75	-46.5	-57.3125	-156.3125	-47.4375	-25.625	166.5625	45.0625	-17.6875
11:30:16.306500	5.6875	-5.4375	-4.8125	-76.5625	-55.625	-52.625	-175.375	-33.375	-22.1875	216.1875	57.75	-1.125
11:30:16.316598	5.75	-5.125	-4.0625	-80.4375	-58.9375	-46.0625	-189.625	-15.5	-23.4375	244.5625	74.75	4.0625
11:30:16.326667	5.625	-5.1875	-2.3125	-81.5	-63.375	-39.9375	-202.625	3.8125	-26.3125	251.75	82.5625	-3.8125
11:30:16.337159	5.0	-4.625	-2.0	-72.6875	-59.75	-36.875	-217.125	19.6875	-29.3125	239.3125	90.5	-4.125
11:30:16.347233	4.75	-3.625	-2.5625	-57.5625	-49.4375	-35.3125	-230.0625	28.8125	-32.4375	223.875	98.75	2.625
11:30:16.357309	4.4375	-2.125	-3.3125	-49.625	-36.9375	-36.0625	-239.1875	38.0625	-34.375	214.0625	102.4375	11.3125
11:30:16.367440	3.9375	-0.5	-3.9375	-42.3125	-22.25	-36.3125	-245.9375	48.3125	-35.125	211.0625	110.5	18.125
11:30:16.377527	3.0625	1.5625	-3.625	-37.375	-12.3125	-35.9375	-250.6875	52.5	-35.0625	218.5	112.0625	20.0625
11:30:16.387622	2.25	3.3125	-3.1875	-38.0625	-10.0	-36.0625	-252.25	46.75	-33.875	231.6875	110.6875	22.125
11:30:16.397729	1.4375	4.9375	-2.5625	-37.0	-3.0	-38.25	-253.9375	33.1875	-32.625	238.3125	102.25	25.3125
11:30:16.407806	0.0	5.9375	-1.625	-31.125	4.9375	-39.625	-255.6875	21.8125	-32.375	236.8125	87.875	25.5
11:30:16.417877	-1.375	6.6875	-0.3125	-14.9375	19.25	-40.25	-256.4375	18.875	-32.1875	228.375	71.6875	24.625
11:30:16.427970	-2.375	7.75	1.1875	-8.25	21.0	-39.1875	-254.4375	17.0	-32.0	218.0625	54.75	25.375
11:30:16.438085	-3.625	9.125	2.6875	-5.4375	15.875	-36.125	-251.3125	16.5625	-31.6875	223.875	49.125	26.6875
11:30:16.448217	-4.1875	10.375	3.4375	-1.9375	10.5	-33.6875	-247.6875	14.9375	-31.625	229.0625	47.6875	23.5
11:30:16.458380	-4.875	11.0625	4.4375	3.5	7.8125	-30.0625	-241.375	11.3125	-31.0	217.4375	47.0	24.0625
11:30:16.468478	-5.0625	11.0	5.5	9.75	4.8125	-25.75	-232.75	5.625	-29.8125	207.1875	43.3125	28.1875
11:30:16.479088	-5.0	10.1875	6.75	13.75	3.6875	-23.8125	-222.4375	1.8125	-28.0	206.25	41.5	24.9375
11:30:16.489222	-5.0	9.1875	7.5625	15.75	-0.5625	-21.75	-211.5625	-3.25	-25.9375	200.1875	34.0625	15.375
11:30:16.499933	-4.5625	7.9375	8.375	17.625	-9.0625	-19.8125	-200.25	-10.0	-23.625	187.625	26.5	3.4375
11:30:16.510060	-4.1875	6.1875	9.25	18.25	-19.3125	-18.125	-187.5	-17.875	-20.375	183.375	22.875	-4.25
11:30:16.520130	-3.8125	4.0	9.6875	18.3125	-27.0625	-17.875	-174.25	-23.9375	-16.875	183.375	22.875	-4.25
11:30:16.530294	-3.3125	1.25	10.125	16.4375	-31.6875	-15.3125	-160.125	-31.0	-13.1875	162.6875	6.4375	-8.0625
11:30:16.540902	-2.625	-1.5	9.9375	15.5	-35.5625	-13.25	-142.9375	-36.8125	-10.875	148.3125	4.625	-6.75
11:30:16.551028	-2.0	-4.1875	9.875	15.875	-38.125	-11.375	-124.375	-40.8125	-8.5	135.5	-1.5	-6.6875
11:30:16.561104	-1.625	-7.125	10.0	17.0	-39.75	-10.625	-86.4375	-43.5625	-5.1875	100.8125	-18.6875	-9.0
11:30:16.571224	-1.3125	-9.25	10.8125	19.125	-34.25	-9.75	-66.25	-43.8125	-4.0625	81.125	-29.0	-8.25
11:30:16.581397	-1.875	-11.5	11.125	20.25	-23.875	-9.0625	-46.875	-41.875	-3.375	61.5	-34.4375	-5.6875
11:30:16.592000	-2.6875	-13.625	11.4375	17.625	-13.3125	-8.125	-46.875	-41.875	-3.375	38.5	-33.1875	-3.3125
11:30:16.602098	-3.3125	-13.6875	13.25	13.0625	-5.25	-7.875	-6.125	-26.1875	-3.4375	16.625	-33.4375	-2.875
11:30:16.612228	-4.0	-13.4375	14.0	9.25	-3.375	-7.75	12.625	-21.3125	-3.3125	-0.625	-29.125	-1.5
11:30:16.622867	-4.0	-12.625	13.4375	6.0	-5.1875	-7.8125	31.875	-18.625	-3.75	-18.25	-22.6875	-1.0625
11:30:16.632940	-3.4375	-11.375	13.0	3.125	-8.5	-8.1875	49.1875	-19.5	-4.0625	-34.0625	-24.5	-2.4375
11:30:16.643068	-3.125	-9.375	10.9375	1.9375	-10.1875	-8.375	64.625	-22.4375	-4.9375	-48.625	-23.3125	-2.625
11:30:16.653625	-3.0625	-7.1875	8.0	1.6875	-11.4375	-7.8125	77.25	-26.1875	-5.6875	-57.125	-19.0625	-3.0625
11:30:16.663752	-2.8125	-4.75	4.875	2.6875	-13.3125	-6.625	88.3125	-27.625	-6.5625	-70.1875	-36.625	-20.1875
11:30:16.673843	-2.625	-2.5	1.75	5.125	-15.75	-5.0	98.0	-28.75	-6.3125	-133.125	-92.1875	-52.1875
11:30:16.684000	-2.625	-0.875	0.0	8.875	-13.625	-3.0	105.1875	-35.1875	-4.75	-121.125	-50.1875	-39.6875
11:30:16.694667	-2.1875	-0.125	-1.5	14.125	-10.9375	-0.125	101.25	-26.375	-2.5625	-60.625	1.875	-23.1875
11:30:16.704731	-1.6875	0.125	-1.9375	20.0	-9.375	3.8125	73.0	27.625	-2.25	39.0	-107.875	-27.4375
11:30:16.714808	-1.0625	2.875	-2.1875	35.4375	1.125	10.5	27.875	26.625	0.4375	184.3125	-14.1875	-32.25
11:30:16.724881	1.3125	6.6875	-1.1875	50.5	23.6875	19.5625	9.9375	-66.8125	3.6875	184.3125	-14.1875	-32.25
11:30:16.735470	5.5625	7.125	4.3125	47.125	29.5	24.5625	37.8125	-117.5625	-5.25	-202.625	-274.5	-49.1875
11:30:16.745542	7.625	4.8125	9.6875	34.375	24.6875	23.5625	71.0	-144.1875	-18.125	-197.3125	-328.5	44.9375
11:30:16.755618	6.5625	4.5	10.625	28.875	32.0	18.0	76.25	-98.1875	-22.625	-194.3125	24.3125	130.1875
11:30:16.765700	3.9375	7.8125	7.9375	8.625	21.1875	5.6875	66.8125	-28.625	-17.0	-204.5625	123.75	108.4375
11:30:16.775770	2.0	15.0625	3.6875	-11.3125	10.5625	-2.8125	67.4375	33.9375	-5.625	-164.5625	-13.125	32.9375
11:30:16.785845	1.4375	21.125	-0.4375	-8.25	21.8125	2.0	68.5625	54.75	1.8125	-89.6875	-80.0625	41.6875
11:30:16.795912	1.4375	23.125	-4.9375	12.1875	39.5625	17.1875	67.25	53.5625	4.9375	-28.125	-11.3125	26.6875
11:30:16.805984	2.125	18.6875	-7.125	30.0	50.3125	27.875	66.125	27.875	1.4375	70.3125	9.3125	4.8125
11:30:16.816067	4.625	9.1875	-5.5	47.0	54.1875	28.9375	61.125	-20.8125	-5.8125	71.5	8.75	-9.5625
11:30:16.826137	7.8125	-2.25	-3.3125	54.0	53.75	24.3125	58.75	-44.875	-15.5625	-31.6875	-26.875	-10.25
11:30:16.836253	9.5625	-11.625	-3.8125	61.25	57.875	19.125	56.4375	-33.1875	-21.9375	-98.25	-54.4375	-12.6875
11:30:16.846374	9.5	-21.0625	-9.1875	63.9375	54.1875	17.4375	52.5625	-7.9375	-20.8125	-98.25	-54.4375	-12.6875
11:30:16.856654	9.375	-23.1875	-9.3125	61.4375	35.5625	16.9375	54.1875	9.8125	-14.625	-115.8125	-13.75	21.0625
11:30:16.867388	8.9375	-24.4375	-7.4375	55.75	7.75	17.4375	57.9375	16.6875	-8.125	-66.125	-8.5625	10.9375
11:30:16.877454	8.25	-24.375	-5.5	45.125	-21.875	20.25	56.8125	10.5625	-4.9375	-4.375	10.875	-5.6875
11:30:16.887526	6.3125	-23.25	-1.5625	29.5	-45.8125	21.75	53.875	-1.0625	-4.6875	11.625	11.0	-12.25
11:30:16.897622	3.5625	-20.5625	2.3125	18.875	-60.5	21.5	54.0	-10.8125	-7.0625	-3.3125	-0.8125	-19.4375
11:30:16.907741	1.0	-16.9375	4.8125	12.0625	-57.6875	21.0	54.8125	-22.3125	-7.9375	-45.3125	-8.75	-10.0
11:30:16.917847	-1.3125	-12.75	6.3125	19.625	-44.1875	21.4375	53.375	-28.25	-6.6875	-70.1875	-16.5	3.8125
11:30:16.927940	-2.875	-9.3125	7.375	41.75	-22.25	20.25	50.9375	-26.8125	-3.1875	-70.1875	-16.5	3.8125
11:30:16.938142	-3.6875	-6.5	7.4375	45.1875	0.75	18.4375	50.375	-14.1875	-0.625	-36.5	-15.8125	11.375
11:30:16.948708	-3.875	-4.625	6.0	58.0	23.5	18.4375	50.125	5.1875	-0.3125	-18.0	-8.9375	4.75
11:30:16.958813	-3.0625	-4.0625	4.0	59.9375	46.5625	26.375	47.3125	23.125	-0.25	-13.875	3.5625	-4.9375
11:30:16.968976	-2.0625	-4.3125	1.875	56.0625	50.5625	28.1875	45.6875	30.8125	0.3125	-13.875	3.5625	-4.9375
11:30:16.979573	-0.75	-4.8125	-0.375	52.4375	49.9375	28.3125	46.3125	29.75	1.5625	-42.5625	5.25	-6.25
11:30:16.989669	-0.125	-5.0625	-1.8125	53.5625	51.125	26.9375	46.25	26.6875	3.0	-51.5	-2.625	2.75
11:30:16.999742	-0.375	-4.5625	-2.3125	50.6875	50.0	26.5	40.3125	23.5	4.6875	-51.5	-2.625	2.75
11:30:17.009867	-0.1875	-4.0625	-2.4375	51.5625	56.9375	28.125	39.5	18.0	5.1875	-31.9375	-6.0625	-0.9375
11:30:17.019962	-0.3125	-2.625	-3.1875	50.75	62.25	29.4375	41.75	11.3125	4.75	-28.875	-1.625	0.0625
11:30:17.030343	-1.25	-1.3125	-2.625	50.75	58.125	30.0	42.5625	4.125	4.1875	-30.0625	-0.5	5.0625
11:30:17.040762	-1.6875	-0.625	-1.875	50.9375	44.875	30.0625	40.25	-3.25	4.0625	-22.875	1.8125	-0.3125
11:30:17.050859	-1.9375	-0.75	-1.5625	51.75	31.5625	29.75	39.3125	-13.1875	2.375	-26.5	3.5	-2.875
11:30:17.060977	-1.875	-0.875	-1.5	52.75	23.5	29.375	39.625	-3.875	1.375	-25.125	4.625	-0.1875
11:30:17.071515	-1.8125	-1.0	-1.4375	52.4375	15.5	29.625	39.625	-3.875	1.375	-25.125	4.625	-0.1875
11:30:17.081796	-1.3125	-0.8125	-1.4375	51.375	9.625	29.4375	36.75	-6.25	1.0625	-23.1875	6.3125	-1.375
11:30:17.091920	-0.3125	-0.375	-1.125	49.875	3.6875	29.4375	36.6875	-14.75	0.5625	-29.8125	9.375	5.9375
11:30:17.102277	1.3125	0.3125	-0.6875	49.125	0.25	29.125	36.6875	-14.75	0.5625	-29.8125	9.375	5.9375
11:30:17.112394	3.0625	0.6875	-0.75	48.0625	1.5	28.9375	34.8125	-25.375	0.4375	-25.1875	3.8125	7.75
11:30:17.122783	4.5625	0.625	-0.8125	46.6875	5.125	29.1875	33.375	-30.9375	-0.9375	-22.3125	-4.375	6.875
11:30:17.133211	5.8125	0.3125	-0.6875	45.625	8.3125	29.625	35.625	-29.0625	-1.875	-32.75	-0.25	6.4375
11:30:17.143345	7.125	0.3125	-0.125	45.125	14.125	29.125	38.9375	-20.75	-2.0625	-32.75	-0.25	6.4375
11:30:17.153476	8.0625	0.0625	0.8125	45.375	22.1875	29.3125	39.4375	-16.75	-2.375	-22.5	4.3125	3.0
11:30:17.163818	8.9375	0.25	1.5	47.0	32.5625	30.125	40.3125	-8.6875	-2.875	-25.4375	4.75	4.875
11:30:17.174361	9.875	0.6875	2.3125	48.75	40.5625	31.5625	40.6875	-0.5	-2.375	-31.375	8.375	8.1875
11:30:17.184526	10.25	1.75	3.125	50.0625	52.375	33.0	40.875	4.4375	-2.375	-19.875	6.75	6.375
11:30:17.194597	10.75	2.375	4.0625	49.75	58.0625	34.3125	39.625	8.625	-2.4375	-27.0	8.3125	5.25
11:30:17.204702	10.8125	3.1875	4.875	47.25	54.6875	35.9375	42.125	11.75	-2.4375	-31.875	4.0	5.5625
11:30:17.214805	11.125	4.125	5.5	45.4375	47.5625	36.0	44.5625	10.75	-1.5625	-31.875	4.0	5.5625
11:30:17.224881	10.9375	5.125	5.625	42.25	39.0625	36.375	42.75	8.5625	-1.1875	-26.5	0.0	7.875
11:30:17.234951	9.9375	7.5625	4.9375	39.1875	35.6875	36.625	42.75	9.8125	-1.9375	-25.1875	1.25	1.3125
11:30:17.245078	8.875	8.625	4.75	36.75	32.75	37.4375	47.0	12.125	-1.5625	-31.5625	4.1875	0.5625
11:30:17.255673	8.0	10.125	4.0	36.1875	32.75	37.9375	46.625	14.4375	-0.125	-31.5625	4.1875	0.5625
11:30:17.265825	7.125	11.625	3.5	34.875	31.6875	35.75	43.5625	15.3125	0.1875	-25.6875	-9.4375	-4.75
11:30:17.275909	6.5	13.0	2.4375	36.3125	32.9375	35.25	44.375	16.125	-0.5625	-39.75	-5.125	-4.875
11:30:17.285979	6.8125	13.25	1.75	37.5	33.0625	35.0625	48.3125	16.375	0.125	-54.6875	-14.75	7.8125
11:30:17.296051	6.125	13.875	1.25	36.5	32.8125	34.8125	49.25	22.375	1.625	-54.0	-27.125	18.125
11:30:17.306124	6.375	13.8125	0.875	34.75	32.625	34.375	48.6875	24.875	2.75	-50.1875	-7.5625	11.5
11:30:17.316242	6.25	13.5625	0.3125	30.3125	34.0	33.9375	52.5	29.1875	3.125	-60.125	-6.75	5.25
11:30:17.326358	6.25	13.5625	0.3125	24.4375	34.5	33.8125	58.3125	29.875	5.3125	-71.125	-11.1875	6.5625
11:30:17.336434	5.0	11.9375	-2.5625	18.8125	33.5625	32.3125	60.0625	29.5	7.9375	-71.125	-11.1875	6.5625
11:30:17.346563	4.6875	10.4375	-3.625	13.1875	31.375	31.0625	63.5	28.3125	9.3125	-63.5	-30.5625	8.3125
11:30:17.356637	4.0625	8.6875	-4.25	7.9375	32.75	30.0	68.5	26.875	10.0	-76.5625	-29.25	8.125
11:30:17.366703	3.5625	7.0	-4.0625	4.125	36.3125	28.1875	74.1875	27.5625	11.125	-76.5625	-29.25	8.125
11:30:17.376820	3.0625	5.0	-3.6875	3.5625	39.0625	25.4375	77.6875	30.75	12.5625	-82.625	-37.3125	9.0625
11:30:17.386883	3.3125	3.875	-1.9375	2.875	39.625	22.0625	81.625	31.75	12.3125	-87.3125	-40.375	10.5
11:30:17.397013	3.6875	3.6875	0.0625	0.625	38.25	18.6875	88.9375	32.25	12.0	-101.25	-34.6875	11.625
11:30:17.407085	3.6875	3.0625	1.875	-2.125	36.75	14.25	96.0625	37.25	13.25	-110.625	-31.0	13.4375
11:30:17.417201	1.6875	1.75	4.375	-8.125	29.5	9.625	98.8125	44.5625	15.6875	-105.0	-27.4375	17.0
11:30:17.427285	-1.9375	2.9375	8.625	-17.375	18.8125	4.8125	103.25	41.4375	16.0625	-109.625	-40.375	9.5
11:30:17.437368	-5.75	2.9375	12.0	-27.3125	8.4375	-0.9375	111.4375	28.4375	15.375	-109.625	-40.375	9.5
11:30:17.447420	-8.4375	-0.8125	11.8125	-37.0	-4.75	-6.625	117.5625	17.125	13.5	-109.625	-40.375	9.5
11:30:17.457724	-9.0	-9.4375	8.0	-49.4375	-17.75	-13.0625	123.0	18.8125	10.625	-132.5	-25.875	38.1875
11:30:17.468458	-8.25	-20.375	2.3125	-65.6875	-34.0625	-18.5625	128.125	35.0	8.8125	-126.6875	-44.0625	30.9375
11:30:17.478567	-6.4375	-27.6875	-2.75	-94.6875	-66.75	-29.0625	136.875	65.625	9.3125	-141.3125	-48.625	47.5625
11:30:17.488665	-4.6875	-28.25	-5.625	-110.25	-88.25	-32.75	144.3125	98.4375	11.8125	-141.3125	-48.625	47.5625
11:30:17.499326	-3.5625	-23.1875	-6.25	-120.125	-92.75	-28.25	145.3125	123.4375	18.125	-147.6875	-14.5625	71.75
11:30:17.509398	-3.1875	-15.375	-6.0	-135.1875	-80.75	-30.875	141.625	140.375	22.875	-157.125	-11.8125	82.625
11:30:17.519545	-3.125	-6.1875	-6.5	-157.8125	-58.4375	-39.75	139.5625	148.8125	25.0	-175.4375	-2.5	93.6875
11:30:17.529669	-3.125	-6.1875	-6.5	-157.8125	-58.4375	-39.75	139.5625	148.8125	25.0	-207.5	38.75	69.4375
11:30:17.539858	-1.4375	15.875	-8.375	-151.75	17.1875	-56.3125	113.375	90.6875	26.0625	-207.5	38.75	69.4375
11:30:17.549945	-1.625	22.3125	-9.0625	-138.9375	1.0	-58.5	90.1875	38.1875	26.8125	-207.5	38.75	69.4375
11:30:17.560056	-2.875	24.8125	-7.0	-109.6875	-1.1875	-62.4375	81.9375	-3.125	18.5625	-207.5	38.75	69.4375
11:30:17.570339	-5.0	24.8125	-3.5	-88.5625	7.75	-64.125	81.9375	-3.125	18.5625	-335.0625	-119.375	2.8125
11:30:17.580514	-6.875	22.6875	-0.0625	-77.5625	13.4375	-68.125	72.0	-27.75	18.8125	-268.5625	-251.75	-14.625
11:30:17.590579	-7.9375	18.0	3.0	-72.875	1.1875	-66.6875	63.0625	-10.125	15.125	-57.625	-188.0	-48.625
11:30:17.600787	-7.375	11.0	6.0	-76.5625	-2.3125	-64.25	38.75	-1.5	10.25	95.4375	228.4375	29.5
11:30:17.610942	-5.25	5.1875	9.25	-88.875	-2.0	-60.6875	5.3125	-8.5	7.375	157.5625	320.875	57.0625
11:30:17.621484	-2.125	1.125	10.8125	-96.875	-8.3125	-59.125	5.3125	-8.5	7.375	154.875	127.625	-17.9375
11:30:17.631699	0.75	-1.125	11.6875	-98.375	-20.0625	-58.9375	-39.25	-37.0	-4.4375	77.8125	24.4375	-74.75
11:30:17.641789	3.0	-2.0625	11.375	-96.3125	-28.3125	-60.5625	-63.1875	-53.6875	-15.75	81.0	81.375	-65.0
11:30:17.652490	4.125	-1.5625	10.3125	-92.0	-36.5	-60.375	-86.75	-61.9375	-25.875	134.0	182.0	-63.5
11:30:17.662569	4.0625	0.0	8.6875	-85.9375	-43.3125	-60.25	-107.375	-64.9375	-31.8125	240.0625	87.9375	-70.5
11:30:17.672698	3.375	1.875	7.1875	-82.625	-47.625	-59.75	-128.4375	-52.6875	-32.3125	186.4375	39.25	-17.5
11:30:17.683305	3.0625	3.4375	6.0	-79.75	-49.3125	-58.625	-146.5625	-30.5625	-27.0625	113.125	44.8125	2.375
11:30:17.693848	3.1875	4.5625	5.25	-80.125	-50.3125	-55.3125	-164.9375	-23.0625	-22.1875	153.0	57.5	4.5
11:30:17.704301	3.9375	5.25	5.4375	-82.4375	-51.4375	-51.1875	-183.0	-22.3125	-23.0625	218.375	47.9375	13.8125
11:30:17.714419	4.5	5.6875	5.75	-82.125	-49.375	-46.125	-197.625	-17.75	-26.25	218.375	47.9375	13.8125
11:30:17.724945	5.125	5.8125	6.5	-72.1875	-48.1875	-40.6875	-211.4375	-15.375	-29.375	226.625	52.6875	-2.1875
11:30:17.735258	5.125	4.875	6.75	-53.3125	-42.5625	-36.8125	-223.4375	-3.0625	-31.9375	226.625	52.6875	-2.1875
11:30:17.745384	4.875	4.3125	6.1875	-43.0625	-33.0	-35.25	-232.75	21.0625	-35.25	234.8125	84.75	9.5625
11:30:17.755458	3.8125	3.625	5.5	-36.75	-19.5	-34.0625	-241.9375	45.9375	-37.9375	224.875	100.625	18.5
11:30:17.765530	2.875	3.1875	4.5625	-30.5	-9.5625	-34.0625	-248.0625	60.5	-40.0625	220.3125	116.75	26.625
11:30:17.775598	1.9375	2.6875	4.6875	-27.5	-3.625	-33.125	-249.625	60.6875	-41.4375	223.75	119.0	31.625
11:30:17.785671	1.3125	2.8125	5.5	-26.9375	-0.25	-33.4375	-250.25	50.625	-43.0	228.625	114.9375	32.3125
11:30:17.795759	0.9375	3.4375	6.5625	-25.0	4.125	-34.5	-252.625	35.0625	-43.4375	230.0625	105.5	30.25
11:30:17.805830	0.625	4.5625	7.875	-19.6875	9.5	-34.6875	-254.25	20.1875	-41.75	229.25	85.6875	27.375
11:30:17.815903	-0.125	5.5625	9.1875	-12.6875	15.625	-35.0	-253.125	13.6875	-38.75	225.25	64.0	29.8125
11:30:17.825969	-1.1875	6.875	10.625	-5.625	22.25	-34.875	-250.875	13.1875	-36.25	230.0	55.5625	32.3125
11:30:17.836057	-2.0625	8.25	12.25	-0.375	20.875	-33.3125	-247.4375	14.625	-33.5625	229.625	52.1875	28.6875
11:30:17.846124	-2.75	10.125	13.125	4.375	13.125	-31.4375	-242.75	12.3125	-31.3125	225.375	43.0625	23.4375
11:30:17.856194	-3.4375	11.5625	13.8125	10.8125	6.6875	-29.375	-236.0	5.6875	-28.75	220.875	32.25	18.8125
11:30:17.866267	-3.5625	13.125	14.625	16.375	4.0625	-26.75	-226.375	-3.375	-26.0625	211.8125	21.625	14.625
11:30:17.876375	-2.8125	14.125	15.1875	22.0	3.75	-24.375	-214.6875	-15.25	-22.9375	203.25	16.75	9.75
11:30:17.886454	-1.9375	14.6875	15.75	26.25	3.1875	-22.5625	-202.25	-27.125	-19.625	201.1875	9.9375	0.125
11:30:17.896525	-1.3125	14.8125	16.875	30.0625	-1.75	-21.1875	-188.75	-36.9375	-16.75	204.3125	5.4375	-7.5625
11:30:17.906603	-0.625	14.375	17.875	32.4375	-10.625	-18.5625	-175.3125	-42.625	-14.1875	190.3125	2.375	-9.3125
11:30:17.916669	-0.5	12.375	18.8125	30.1875	-17.8125	-14.1875	-160.5625	-44.25	-11.5	170.9375	-1.375	-11.6875
11:30:17.926743	-0.75	10.0625	18.8125	25.75	-19.25	-10.8125	-144.3125	-42.625	-8.875	142.1875	-7.3125	-9.4375
11:30:17.936820	-1.1875	6.8125	17.375	21.0625	-21.1875	-7.5	-127.5	-38.3125	-6.75	142.1875	-7.3125	-9.4375
11:30:17.946928	-1.3125	3.125	14.9375	16.3125	-26.5	-5.125	-110.625	-31.875	-4.9375	104.1875	-12.4375	-6.8125
11:30:17.956993	-1.375	-0.375	13.125	11.5	-34.0	-4.5625	-93.25	-25.9375	-4.0	84.75	-15.375	-2.5
11:30:17.967091	-2.1875	-7.625	8.3125	8.5	-38.8125	-4.5625	-74.0	-22.6875	-3.3125	65.9375	-14.6875	2.875
11:30:17.977196	-3.0	-11.125	6.4375	7.25	-37.875	-4.875	-54.75	-19.625	-3.375	47.25	-12.25	4.5
11:30:17.987293	-3.125	-12.25	5.125	5.8125	-34.125	-4.5625	-35.4375	-15.0	-3.9375	26.75	-9.5625	3.25
11:30:17.997455	-3.25	-13.0	4.25	1.5	-30.3125	-5.25	-17.8125	-10.75	-3.9375	7.375	-8.125	1.875
11:30:18.008118	-3.25	-13.0	4.25	-2.0625	-26.9375	-6.25	0.0	-9.0	-3.625	-9.75	-9.5	1.1875
11:30:18.018213	-3.1875	-12.9375	3.6875	-5.9375	-20.5625	-7.5	33.625	-14.0625	-2.375	-22.1875	-15.6875	1.1875
11:30:18.028288	-2.8125	-12.375	2.625	-6.0	-10.8125	-9.75	33.625	-14.0625	-2.375	-21.125	-24.3125	-6.6875
11:30:18.038399	-1.625	-7.375	1.6875	-1.625	-9.9375	-9.125	47.3125	-17.75	-2.3125	-58.5	-67.1875	-22.1875
11:30:18.048599	-0.6875	-5.1875	0.875	4.1875	-12.625	-7.625	60.125	-20.8125	-3.1875	-82.875	-68.3125	-33.0625
11:30:18.059325	-0.375	-3.5	1.0625	11.875	-14.75	-5.625	70.25	-25.0625	-4.6875	-110.25	-59.5	-43.75
11:30:18.069424	0.125	-2.25	0.8125	19.8125	-14.625	-3.25	91.125	-18.4375	-5.1875	-118.0625	-46.9375	-51.375
11:30:18.079548	1.125	-0.1875	0.125	35.25	-7.375	1.3125	79.6875	20.625	-5.125	-57.375	-51.625	-50.8125
11:30:18.090232	4.25	-0.625	0.625	43.75	3.125	9.5625	48.8125	4.25	-1.4375	73.0	-32.125	-47.125
11:30:18.100344	6.6875	-4.5625	2.8125	39.4375	5.8125	11.4375	38.875	-87.4375	7.5625	-28.8125	34.6875	-75.8125
11:30:18.110533	7.4375	-5.75	3.125	21.6875	-0.4375	7.8125	55.0	-142.875	3.125	-119.1875	-227.875	-64.9375
11:30:18.120940	6.375	-0.3125	0.5625	9.3125	2.0	3.625	69.8125	-161.0625	-6.375	-115.5	-280.125	12.875
11:30:18.131104	3.75	9.6875	-3.3125	7.1875	0.375	2.9375	70.75	-119.5	-9.5	-136.375	-4.25	99.1875
11:30:18.141219	1.4375	19.375	-8.4375	-0.8125	4.0	3.6875	64.375	-68.125	-7.125	-175.375	39.0625	109.5625
11:30:18.151306	-0.4375	21.75	-11.75	-0.875	14.875	10.4375	64.8125	-14.9375	-3.4375	-93.1875	-83.0	61.0625
11:30:18.161389	-1.9375	15.125	-10.5	12.0625	26.625	23.0	66.1875	26.75	0.75	-46.5625	-20.625	61.125
11:30:18.171670	-1.6875	3.1875	-6.625	28.0	31.875	33.0625	62.8125	45.5625	5.0	30.6875	-1.6875	33.0625
11:30:18.182355	-0.3125	-8.8125	-4.375	41.75	30.3125	35.6875	59.75	42.1875	4.8125	73.8125	-3.4375	2.75
11:30:18.192503	1.25	-19.125	-4.9375	50.8125	30.75	30.3125	59.1875	10.6875	-2.125	-13.25	-16.125	0.1875
11:30:18.202624	2.3125	-28.375	-7.625	54.8125	39.4375	22.0	59.0625	-19.1875	-12.8125	-97.75	-30.625	-3.875
11:30:18.213368	3.375	-35.3125	-12.25	63.1875	45.6875	18.0625	54.75	-25.875	-20.5	-114.6875	-31.25	0.75
11:30:18.223867	4.0625	-40.625	-16.3125	71.0	33.9375	17.625	48.6875	-16.5625	-20.25	-125.5625	-18.0	7.875
11:30:18.234287	4.875	-43.5625	-18.1875	68.4375	6.625	19.6875	50.1875	-3.5625	-14.0625	-76.8125	-4.25	6.25
11:30:18.244400	3.3125	-41.3125	-11.9375	57.4375	-30.375	24.0	53.4375	2.6875	-7.0625	2.3125	-1.625	6.0
11:30:18.254518	1.6875	-36.8125	-6.375	42.125	-61.875	27.375	52.9375	1.75	-2.3125	34.3125	-16.625	0.6875
11:30:18.264645	0.625	-30.5625	-0.9375	28.5625	-76.4375	28.25	49.5625	-11.8125	-0.8125	22.4375	-7.75	0.125
11:30:18.274768	-0.5	-23.375	3.6875	19.0625	-74.0625	28.125	49.0	-28.625	-2.6875	-24.25	-10.5625	4.5625
11:30:18.285337	-2.0	-17.0625	7.75	26.375	-59.0625	28.4375	49.625	-43.3125	-4.375	-63.9375	-30.9375	9.5625
11:30:18.295414	-2.625	-11.9375	9.0	45.25	-33.4375	25.5	48.625	-46.4375	-4.4375	-55.5625	-25.875	11.875
11:30:18.305504	-2.8125	-8.5625	7.9375	50.6875	-8.25	23.0	47.875	-38.6875	-1.75	-39.9375	-18.25	9.8125
11:30:18.315534	-2.5	-7.1875	6.25	106.3125	32.3125	18.875	47.0625	-18.75	0.25	-17.75	-11.125	-0.5625
11:30:18.325607	-2.0625	-7.5	4.3125	100.25	38.875	23.875	45.8125	6.0	0.25	-8.625	4.375	-7.3125
11:30:18.335680	-1.25	-8.4375	3.25	86.25	61.375	26.5625	42.375	27.125	0.125	-20.3125	10.125	-12.4375
11:30:18.345764	0.125	-9.375	2.375	118.0625	88.375	23.0	39.75	33.375	0.125	-34.5625	9.25	-11.9375
11:30:18.355834	1.375	-10.0625	1.0625	128.875	75.375	22.625	39.375	31.625	-0.0625	-45.9375	6.875	-1.5
11:30:18.365907	2.375	-9.8125	-0.125	98.1875	81.0625	25.75	38.9375	28.625	0.4375	-37.875	6.1875	7.125
11:30:18.376022	2.6875	-9.1875	-1.0625	86.9375	76.875	27.5	37.1875	24.5	1.9375	-29.375	-3.875	6.25
11:30:18.386091	2.5625	-8.5625	-1.3125	67.3125	66.0	30.8125	36.9375	15.125	2.5	-22.75	-2.875	9.125
11:30:18.396173	2.25	-8.125	-1.5625	61.3125	49.1875	33.375	38.875	8.5	1.125	-20.0	1.75	9.8125
11:30:18.406246	2.3125	-6.875	-1.8125	48.875	35.5	34.5625	39.4375	8.4375	-0.4375	-20.4375	1.3125	4.0625
11:30:18.416318	2.3125	-6.875	-1.8125	43.1875	25.25	33.875	38.1875	5.9375	-0.3125	-24.1875	-0.9375	3.875
11:30:18.426387	2.5625	-5.5	-1.875	48.875	20.375	31.8125	38.0625	1.75	-0.625	-28.6875	-2.625	6.3125
11:30:18.436510	3.4375	-3.125	-1.75	64.0625	21.0	30.3125	40.625	3.4375	-0.9375	-39.625	-2.3125	10.3125
11:30:18.446592	4.625	-0.3125	-0.9375	83.25	30.6875	28.5625	42.8125	12.5	-0.1875	-33.75	-2.375	6.625
11:30:18.456665	6.375	3.125	-0.6875	95.375	43.75	28.25	42.25	9.3125	0.8125	-31.6875	-1.625	6.5
11:30:18.466772	7.8125	6.125	1.0625	92.25	48.5625	27.0	40.25	-2.5	0.5	-35.875	1.125	7.3125
11:30:18.476891	9.6875	8.25	2.375	79.25	43.625	25.625	40.9375	-7.625	0.1875	-34.4375	6.75	5.75
11:30:18.486958	10.8125	9.0	3.8125	67.0	35.875	24.3125	41.125	-8.6875	1.25	-29.5625	2.4375	0.1875
11:30:18.497200	12.1875	8.75	5.1875	40.6875	20.4375	20.4375	39.1875	-15.125	1.25	-30.8125	1.5625	3.8125
11:30:18.507299	13.375	7.75	5.625	31.8125	15.6875	18.9375	37.75	-15.0625	0.0	-39.0	2.8125	5.375
11:30:18.517866	14.1875	6.3125	5.875	19.1875	1.3125	18.0625	41.125	-6.5	0.0625	-27.375	7.0625	5.6875
11:30:18.527943	14.75	4.6875	5.5625	15.625	-11.8125	18.4375	43.5625	-0.6875	0.25	-30.0625	1.75	5.8125
11:30:18.538016	15.1875	3.4375	5.5625	17.4375	-20.3125	19.5	43.8125	-5.625	-0.1875	-37.875	-0.125	10.5625
11:30:18.548139	15.5	3.0	5.5	22.8125	-27.4375	22.625	45.6875	-4.5625	-0.875	-43.25	-0.875	14.0625
11:30:18.558229	15.4375	3.5	5.875	21.75	-32.5625	24.6875	50.375	-3.375	-0.4375	-27.8125	-5.625	12.1875
11:30:18.568336	15.0	4.375	6.25	10.6875	-41.5625	22.75	49.1875	-9.625	-0.75	-31.3125	-1.125	6.3125
11:30:18.578407	14.3125	5.625	6.625	0.875	-48.625	21.9375	47.1875	-9.875	-1.5625	-39.8125	6.5	3.0625
11:30:18.588534	13.5	6.875	6.8125	-4.9375	-53.9375	22.9375	56.4375	1.6875	0.625	-42.4375	11.125	4.25
11:30:18.598610	12.3125	8.25	6.8125	-14.3125	-51.0	22.125	53.875	3.0	1.875	-29.1875	2.9375	0.375
11:30:18.608684	11.0625	10.375	6.5625	-14.3125	-51.0	22.125	55.625	7.4375	1.6875	-33.3125	-1.0	-0.3125
11:30:18.618792	10.125	12.5	5.75	-13.5	-45.25	20.4375	60.4375	7.9375	3.125	-42.875	5.8125	0.6875
11:30:18.628894	8.875	14.5	4.375	-15.0625	-55.0	11.0	59.9375	9.625	4.875	-38.6875	-0.4375	-4.0625
11:30:18.639000	7.4375	15.4375	3.8125	-14.375	-69.0	6.125	59.875	11.0	5.5	-34.75	-18.0	-10.4375
11:30:18.649164	6.75	16.5	3.6875	-9.9375	-83.25	-0.875	62.375	13.5625	5.4375	-45.6875	-12.5625	-10.25
11:30:18.659451	6.125	16.8125	3.375	-5.25	-88.3125	-5.8125	64.0	16.125	6.375	-57.125	-6.4375	-8.5625
11:30:18.669556	5.25	16.625	2.625	-1.625	-79.125	-3.5	63.6875	17.125	7.5	-65.75	-27.0625	-4.875
11:30:18.679685	5.125	15.375	1.75	-9.3125	-55.6875	4.25	64.125	14.375	8.5	-60.8125	-24.6875	1.125
11:30:18.689758	5.25	14.1875	1.0	-5.75	-38.625	4.375	67.3125	15.75	9.8125	-67.0	-13.1875	0.8125
11:30:18.700447	4.625	12.75	0.0	6.875	-35.0	-0.125	70.625	18.5	11.875	-73.75	-22.125	0.4375
11:30:18.710548	4.0625	11.75	-0.4375	0.125	-30.1875	3.0	71.9375	20.125	13.5625	-71.5	-30.0625	1.625
11:30:18.720619	2.8125	11.5	-0.375	-13.8125	-10.0	14.375	74.6875	19.8125	14.4375	-73.1875	-33.9375	2.875
11:30:18.730738	2.0	10.9375	-0.125	-4.25	-5.5625	10.125	79.9375	19.75	15.5	-80.1875	-33.3125	2.4375
11:30:18.741371	1.6875	10.625	0.6875	-0.875	-6.3125	10.0	85.125	25.5625	16.6875	-88.9375	-34.3125	3.25
11:30:18.751471	0.5	9.0625	0.625	-11.3125	-8.9375	9.0	88.125	33.3125	19.375	-95.75	-32.5	4.5
11:30:18.761569	-3.0	6.375	1.375	-16.875	-11.0625	4.875	92.125	35.9375	20.625	-106.25	-61.75	-1.0625
11:30:18.771639	-8.1875	5.3125	3.875	-16.3125	-11.6875	0.375	100.75	29.6875	20.75	-117.5625	-65.75	10.3125
11:30:18.781770	-11.75	5.3125	7.125	-14.3125	-14.0625	-7.25	107.125	21.5625	20.0	-117.75	-34.1875	20.6875
11:30:18.792370	-13.125	2.625	7.625	-18.25	-22.625	-11.6875	112.8125	17.6875	18.9375	-120.875	-44.625	14.4375
11:30:18.802451	-11.8125	-3.1875	4.625	-25.375	-33.0	-15.3125	119.75	26.6875	17.4375	-140.6875	-71.6875	22.75
11:30:18.812523	-9.25	-11.5	1.5	-33.8125	-47.375	-19.5	125.8125	33.0625	16.6875	-150.375	-63.6875	41.75
11:30:18.822612	-6.4375	-20.5	-3.0	-44.625	-65.9375	-22.0625	130.0625	48.3125	17.125	-147.125	-41.625	52.75
11:30:18.832714	-3.4375	-25.0625	-5.5	-60.0625	-77.625	-21.0	136.1875	69.3125	18.6875	-149.625	-23.4375	60.5
11:30:18.842796	-1.5	-22.3125	-6.0	-80.5	-65.4375	-14.9375	138.25	90.8125	21.875	-161.5	-36.25	63.5
11:30:18.852893	-0.125	-11.4375	-4.5	-101.4375	-34.375	-7.3125	139.4375	115.8125	27.5	-168.3125	-42.25	76.1875
11:30:18.862968	-0.5625	0.9375	-2.75	-113.4375	-15.25	-5.4375	140.8125	128.25	31.125	-175.8125	-19.5625	74.5625
11:30:18.873239	-0.375	14.4375	-1.25	-124.3125	-14.75	-7.1875	141.625	119.5625	29.6875	-191.125	3.25	64.6875
11:30:18.883884	-1.0	21.6875	-4.5625	-140.0	-16.125	-7.75	120.25	82.6875	29.4375	-231.5625	-49.125	47.375
11:30:18.894004	-1.875	22.1875	-10.0	-148.4375	-16.8125	-14.0625	97.1875	40.1875	28.875	-285.0625	-103.8125	31.5625
11:30:18.904525	-2.5625	20.625	-13.0625	-145.5	-19.875	-24.375	78.25	3.9375	26.625	-349.8125	-76.4375	13.375
11:30:18.914672	-3.5625	18.3125	-13.6875	-140.9375	-29.4375	-35.3125	80.1875	-22.5625	23.9375	-297.75	-228.125	-27.6875
11:30:18.924777	-4.25	16.3125	-12.0	-135.0	-43.1875	-41.625	77.0625	-41.1875	23.0625	-150.5625	-367.6875	-50.75
11:30:18.934866	-4.3125	14.125	-8.25	-122.875	-58.25	-44.1875	70.1875	-38.4375	20.1875	52.875	-24.8125	-24.375
11:30:18.944943	-3.625	11.5	-4.125	-105.8125	-71.0625	-45.0	61.8125	-27.25	12.6875	122.3125	354.9375	76.625
11:30:18.955065	-2.625	9.0625	-0.0625	-90.0	-83.0625	-43.5625	40.5625	-15.375	5.9375	116.6875	232.8125	46.3125
11:30:18.965188	-1.875	4.9375	3.125	-78.8125	-89.0	-40.3125	13.3125	-22.375	1.375	73.125	-4.625	-61.9375
11:30:18.975287	0.5625	-4.3125	4.875	-71.6875	-84.5	-36.1875	-7.8125	-17.125	-3.9375	78.625	24.25	-55.0
11:30:18.985368	2.125	-7.3125	3.125	-66.1875	-75.875	-33.8125	-27.875	-16.875	-12.375	120.4375	187.125	-40.1875
11:30:18.995430	3.125	-8.625	1.0	-61.625	-68.625	-30.5625	-47.75	-27.125	-23.9375	180.375	217.1875	-71.625
11:30:19.005550	4.125	-9.5	-0.875	-61.5625	-67.3125	-26.9375	-72.6875	-39.1875	-34.0	205.375	154.125	-84.5625
11:30:19.015637	4.875	-9.75	-2.0625	-60.5	-61.75	-27.0625	-94.875	-49.4375	-40.4375	176.0	110.1875	-38.875
11:30:19.026326	5.375	-10.3125	-2.6875	-55.5625	-52.5625	-28.25	-114.9375	-50.0	-39.625	112.8125	91.625	-10.125
11:30:19.036395	5.625	-11.5625	-2.75	-54.1875	-47.3125	-28.9375	-133.1875	-37.375	-34.0	130.625	90.625	-11.5
11:30:19.046465	5.5625	-12.8125	-2.5625	-54.5	-46.375	-27.6875	-153.75	-22.5	-26.5	177.125	95.875	-0.125
11:30:19.056567	5.5625	-13.875	-2.0	-55.25	-47.5	-24.125	-170.5	-9.5	-23.875	182.625	95.625	1.9375
11:30:19.066661	5.375	-14.3125	-1.5625	-54.9375	-52.4375	-22.0	-181.5625	5.5625	-24.9375	199.0625	71.9375	-8.1875
11:30:19.076748	5.25	-14.25	-0.875	-53.4375	-58.4375	-21.5	-192.625	19.125	-26.6875	224.1875	69.25	-9.0625
11:30:19.086817	4.9375	-14.0625	-0.5625	-50.5	-61.5	-19.875	-204.875	28.0625	-27.375	219.875	83.625	1.4375
11:30:19.096891	5.125	-13.8125	-0.625	-47.0625	-62.8125	-19.8125	-214.6875	35.5625	-28.4375	219.875	83.625	1.4375
11:30:19.107377	4.5625	-13.25	-1.0	-43.8125	-64.625	-20.5	-222.625	39.0	-29.4375	208.4375	88.3125	13.6875
11:30:19.117814	3.75	-11.6875	-1.6875	-41.5	-63.6875	-19.875	-228.375	34.8125	-29.6875	213.375	90.75	18.25
11:30:19.127936	3.25	-9.6875	-1.9375	-38.3125	-55.6875	-19.3125	-231.0625	23.5	-29.1875	220.25	86.0625	16.8125
11:30:19.138052	2.9375	-7.0625	-2.1875	-34.0	-43.125	-20.625	-233.5	8.3125	-27.375	224.5625	76.1875	13.625
11:30:19.148123	2.3125	-4.625	-2.0	-29.9375	-32.0625	-22.5625	-235.4375	-3.3125	-25.1875	222.875	62.375	11.125
11:30:19.158203	1.125	-1.75	-1.3125	-26.25	-25.0	-23.4375	-240.25	-1.5625	-22.8125	218.1875	44.375	6.9375
11:30:19.168325	0.125	0.9375	-0.6875	-23.4375	-18.75	-23.4375	-239.8125	1.8125	-21.875	214.8125	29.125	5.0
11:30:19.178392	-0.9375	3.8125	0.4375	-19.25	-11.125	-23.25	-239.9375	4.0625	-21.5625	212.8125	19.0	7.5
11:30:19.188484	-1.9375	6.3125	2.375	-13.75	-6.6875	-23.1875	-237.25	3.0	-22.75	213.0625	16.75	13.875
11:30:19.198658	-2.5625	7.8125	3.875	-9.3125	-6.0	-22.1875	-237.25	3.0	-22.75	214.8125	19.625	16.875
11:30:19.209024	-2.6875	8.25	5.5625	-6.6875	-8.5	-20.875	-230.5625	-4.4375	-24.4375	214.4375	29.125	16.25
11:30:19.219120	-2.75	7.75	7.4375	-1.875	-11.375	-19.0625	-224.375	-6.25	-23.875	213.5625	32.375	11.375
11:30:19.229221	-2.5625	6.5625	9.25	-1.875	-11.375	-19.0625	-216.1875	-7.625	-23.5625	214.8125	33.625	6.5625
11:30:19.239337	-2.375	4.75	10.875	2.375	-11.5625	-14.25	-207.0625	-10.4375	-22.125	208.6875	37.375	1.375
11:30:19.249990	-2.3125	2.5	12.375	4.0	-9.8125	-12.5625	-196.4375	-13.5625	-19.4375	199.25	32.5625	-5.3125
11:30:19.260097	-2.125	0.1875	13.625	3.5	-10.5625	-12.5	-182.9375	-20.625	-16.4375	184.5625	22.75	-8.0625
11:30:19.270160	-2.3125	-1.5625	14.5	3.6875	-14.125	-11.875	-168.625	-30.0	-13.5625	167.25	12.0625	-5.6875
11:30:19.280807	-3.0625	-3.125	14.8125	2.5625	-17.5	-10.8125	-150.625	-35.5	-11.375	145.8125	1.875	-4.8125
11:30:19.291099	-3.6875	-3.9375	15.625	2.25	-18.375	-9.5	-129.5625	-39.5625	-9.0625	112.75	-15.75	-5.0
11:30:19.301231	-5.25	-5.625	15.375	0.625	-18.0625	-7.5	-106.75	-39.6875	-6.375	95.9375	-24.375	-4.4375
11:30:19.311358	-6.5	-7.6875	15.0625	-2.5	-17.0	-5.25	-82.5	-35.25	-3.75	76.9375	-27.5	-1.75
11:30:19.321727	-7.375	-10.0625	14.9375	-4.25	-12.875	-4.0625	-57.25	-30.4375	-2.5625	56.125	-32.125	-2.1875
11:30:19.331910	-8.75	-12.0625	14.75	-5.3125	-6.0	-3.125	-32.25	-26.5	-2.0625	30.1875	-33.75	-4.5
11:30:19.342457	-9.75	-12.9375	14.625	-5.875	3.0625	-2.5625	-5.8125	-23.125	-2.125	2.6875	-26.3125	-4.875
11:30:19.352845	-10.125	-13.375	12.9375	-6.75	9.3125	-1.8125	19.5	-19.125	-2.3125	-20.5	-23.25	-4.625
11:30:19.362949	-9.9375	-13.3125	12.0625	-6.875	9.3125	-2.375	42.125	-16.0	-2.6875	-23.5	-16.375	-2.75
11:30:19.373503	-10.3125	-12.4375	10.75	-5.9375	4.625	-4.625	61.5	-13.1875	-3.875	-59.75	-64.1875	-14.5625
11:30:19.383575	-10.5625	-11.25	9.1875	-4.625	-3.125	-8.375	78.9375	-14.875	-5.375	-112.125	-108.9375	-33.25
11:30:19.393647	-10.9375	-11.125	6.625	-2.0625	-9.125	-12.625	94.875	-20.5625	-7.0625	-111.75	-55.1875	-28.875
11:30:19.403938	-10.9375	-11.5	4.625	-1.375	-13.1875	-15.125	109.375	-24.3125	-8.875	-103.5	-25.8125	-20.6875
11:30:19.414019	-10.75	-12.0625	2.8125	-1.125	-21.875	-14.875	103.75	16.0	-11.6875	10.625	-38.0625	-13.6875
11:30:19.424087	-9.3125	-11.625	0.625	5.6875	-34.3125	-9.4375	72.5625	33.125	-11.25	-46.8125	109.875	-66.1875
11:30:19.434249	-5.0	-14.75	2.0	22.9375	-31.8125	-6.625	59.875	-55.125	1.9375	-176.0625	-124.875	-98.9375
11:30:19.444323	-1.0625	-20.625	6.25	37.125	-12.625	-5.5625	72.4375	-113.125	2.0	-140.125	-372.0625	-18.0625
11:30:19.454400	1.75	-22.625	8.8125	49.0	3.4375	-8.125	85.0	-150.625	-6.375	-133.0	-115.375	85.875
11:30:19.464786	2.4375	-18.0	8.5625	48.375	18.6875	-10.1875	83.625	-121.875	-10.0625	-179.3125	35.5	118.625
11:30:19.474853	2.0625	-6.3125	5.0	41.0	26.1875	-7.6875	76.0625	-81.625	-10.0	-208.5625	-70.875	83.0625
11:30:19.484927	1.1875	8.25	-1.0625	33.125	26.6875	-0.875	81.0	-41.8125	-8.6875	-139.0625	-112.3125	66.375
11:30:19.495005	-0.625	14.0625	-4.75	25.4375	27.25	7.9375	82.25	-2.8125	-4.9375	-46.0625	-42.375	59.4375
11:30:19.505079	-1.125	7.6875	-4.0625	20.375	26.875	13.1875	82.1875	4.3125	-0.6875	-1.9375	-23.625	32.9375
11:30:19.515157	-0.4375	-6.0	-0.9375	24.5625	26.25	10.5625	80.8125	-7.875	0.8125	39.9375	6.625	4.375
11:30:19.525222	2.1875	-21.375	0.3125	30.0625	35.1875	5.25	72.4375	-41.6875	-1.25	56.1875	1.875	-18.4375
11:30:19.535300	3.875	-36.1875	-2.625	34.0625	61.5	0.5	66.25	-60.5625	-9.9375	7.6875	-26.6875	-15.625
11:30:19.545401	3.625	-47.8125	-9.1875	39.25	92.0625	-3.375	64.3125	-49.4375	-19.625	-61.125	-35.3125	-8.6875
11:30:19.555475	2.5625	-54.0625	-16.5	45.75	108.375	-9.75	58.5625	-17.625	-24.3125	-80.125	-10.875	6.625
11:30:19.565552	2.4375	-55.5	-21.875	46.1875	108.5625	-11.6875	55.375	39.4375	-13.0	-96.3125	-17.75	27.5625
11:30:19.575625	3.125	-54.5	-23.6875	44.25	90.6875	-7.3125	57.125	35.0625	-4.875	-72.5625	-22.4375	17.75
11:30:19.585693	3.0625	-52.5	-20.75	41.75	66.0	0.75	54.0625	16.0	-2.3125	-31.0625	3.125	21.375
11:30:19.595809	2.5625	-49.375	-15.3125	42.75	39.625	6.8125	51.375	-14.1875	-3.1875	-31.0625	3.125	21.375
11:30:19.605925	2.0625	-43.6875	-8.25	47.5625	16.5625	9.625	52.5625	-41.25	-5.5	-16.9375	-21.5625	10.8125
11:30:19.616001	1.1875	-35.0625	-1.5	55.8125	0.0625	9.8125	53.25	-56.375	-6.125	-35.875	-8.875	9.125
11:30:19.626090	0.375	-24.625	3.875	63.9375	-8.125	9.1875	51.25	-53.0625	-5.1875	-42.75	-9.625	6.75
11:30:19.636205	-0.5625	-15.3125	7.3125	71.0625	-15.6875	9.375	49.625	-35.5	-3.4375	-26.125	-19.25	0.6875
11:30:19.646273	-0.75	-8.75	8.4375	73.75	-18.4375	10.0	47.75	-9.0	-3.0	-12.0	-14.8125	-5.625
11:30:19.656349	-0.625	-5.25	7.1875	72.625	-12.375	11.0625	44.0	18.3125	-3.1875	-5.375	2.0	-1.3125
11:30:19.666488	-0.125	-3.125	2.0625	72.6875	-0.4375	11.875	38.125	36.3125	-2.8125	-8.5	5.125	0.6875
11:30:19.676648	0.375	-3.0	0.0625	70.875	12.9375	12.375	33.75	33.8125	-2.625	-43.1875	6.125	-6.6875
11:30:19.686720	0.5625	-3.3125	-1.625	65.8125	21.25	11.375	32.1875	20.1875	-2.3125	-60.5	16.1875	1.5625
11:30:19.696796	0.8125	-4.1875	-2.9375	60.75	25.3125	10.3125	32.4375	10.6875	-1.25	-53.0625	16.4375	9.8125
11:30:19.707359	1.0625	-5.375	-4.375	56.5	29.1875	9.3125	34.625	-1.6875	-0.375	-31.1875	3.875	10.375
11:30:19.717460	0.8125	-5.9375	-6.0625	53.75	31.875	10.125	35.875	-16.0	-1.375	-20.8125	-8.0	9.5625
11:30:19.727586	1.1875	-6.1875	-7.5	51.375	35.5	11.4375	37.9375	-19.0625	-2.875	-15.0	-5.8125	9.375
11:30:19.737751	1.0625	-6.4375	-7.625	48.8125	39.5625	13.3125	38.0625	-11.3125	-3.125	-18.1875	0.5625	6.8125
11:30:19.748353	0.625	-6.125	-7.5	44.3125	45.5625	16.125	34.0	-3.125	-4.125	-17.0	-6.375	1.0
11:30:19.758494	0.8125	-4.9375	-6.75	40.875	53.1875	18.875	33.75	16.75	-4.3125	-25.5625	-3.9375	0.5625
11:30:19.768870	0.9375	-3.4375	-6.4375	40.4375	59.9375	20.25	33.75	16.75	-4.3125	-38.1875	5.875	2.875
11:30:19.779306	1.4375	-1.5625	-5.75	43.4375	63.8125	20.875	31.0	4.0625	-2.4375	-36.8125	11.5	4.6875
11:30:19.789428	2.125	0.5625	-5.25	51.1875	66.5	21.75	31.3125	-9.9375	-2.625	-27.5625	8.0625	5.8125
11:30:19.799549	3.4375	2.75	-4.375	51.1875	66.5	21.75	34.125	-12.25	-2.375	-27.5625	8.0625	5.8125
11:30:19.809641	5.1875	4.875	-3.8125	67.0625	72.1875	16.8125	32.75	-12.1875	-2.25	-33.6875	6.375	6.5625
11:30:19.819723	6.8125	6.125	-3.375	70.9375	66.4375	16.0625	29.3125	-12.625	-2.4375	-22.375	3.6875	3.875
11:30:19.829812	8.5625	6.3125	-2.9375	70.9375	66.4375	16.0625	30.6875	-3.25	-2.9375	-16.625	-3.0	4.125
11:30:19.840122	10.0625	6.125	-3.25	70.9375	66.4375	16.0625	34.4375	7.125	-2.25	-19.8125	-1.25	4.375
11:30:19.850313	11.25	6.3125	-3.875	61.3125	38.8125	18.9375	33.375	9.25	-2.0	-29.8125	5.25	6.3125
11:30:19.860435	11.875	5.875	-2.4375	61.3125	38.8125	18.9375	33.375	13.625	-2.125	-18.75	2.5625	7.1875
11:30:19.870814	12.5	6.3125	-1.125	57.6875	35.0	20.5	38.1875	16.625	-1.625	-26.8125	3.25	6.1875
11:30:19.880883	13.25	6.875	0.625	53.5	33.1875	22.25	41.5	16.1875	-0.5	-37.0	12.125	8.25
11:30:19.891303	12.9375	7.6875	1.5625	49.75	31.1875	24.5625	41.6875	13.4375	-0.1875	-37.0	12.125	8.25
11:30:19.901453	11.75	8.5625	2.6875	45.5	28.6875	27.375	45.4375	14.1875	0.0625	-23.4375	6.25	4.3125
11:30:19.912146	10.75	9.625	4.0625	41.875	25.75	29.125	50.1875	13.1875	1.3125	-34.75	5.9375	0.0625
11:30:19.922268	9.4375	11.75	5.0	37.9375	27.0625	29.0625	50.6875	13.125	2.3125	-34.4375	1.1875	-1.125
11:30:19.932433	8.8125	13.625	5.5625	31.5	33.5	28.4375	53.0625	13.1875	2.5625	-33.125	-9.75	-4.5625
11:30:19.942985	7.25	15.8125	6.1875	27.75	39.0	28.75	57.5	14.625	3.125	-42.1875	-12.0	-3.875
11:30:19.953225	6.9375	17.5625	7.375	26.875	40.5625	27.5625	61.5	17.0	4.4375	-54.75	-6.0625	-1.6875
11:30:19.963349	7.3125	18.3125	8.25	24.8125	41.4375	25.75	62.8125	17.5625	6.0	-55.375	-18.4375	2.4375
11:30:19.973833	7.1875	18.125	7.375	22.5625	39.875	24.8125	65.75	16.1875	6.6875	-58.875	-27.875	3.8125
11:30:19.984124	6.4375	17.5625	5.75	18.1875	38.0625	25.1875	71.4375	15.3125	8.125	-69.0625	-14.1875	2.5
11:30:19.994196	6.375	16.375	3.8125	15.5625	39.0625	26.1875	74.9375	14.5	10.1875	-69.0625	-14.1875	2.5
11:30:20.004796	5.8125	14.5	1.375	15.875	40.1875	26.25	75.75	11.625	11.6875	-69.25	-34.1875	3.1875
11:30:20.014920	5.0	12.75	-1.3125	15.5625	39.6875	27.3125	79.6875	11.75	11.8125	-73.0	-35.0	4.9375
11:30:20.024990	4.0625	11.1875	-2.6875	13.6875	43.8125	29.0	86.5	13.875	13.0625	-84.1875	-34.875	4.125
11:30:20.035064	3.375	10.0625	-3.25	11.625	48.125	28.375	89.875	19.5	14.375	-92.0	-38.0	4.9375
11:30:20.045134	3.25	9.625	-2.4375	12.5	44.9375	24.8125	92.6875	21.375	14.8125	-86.6875	-45.0	7.375
11:30:20.055207	3.625	10.0	-1.4375	8.9375	49.1875	22.0	98.875	26.9375	14.9375	-96.0625	-40.8125	9.6875
11:30:20.065277	3.625	10.5	-0.5625	3.25	51.375	22.625	106.5	33.9375	16.875	-96.0625	-40.8125	9.6875
11:30:20.075389	1.4375	11.0	1.875	-4.8125	55.1875	21.625	110.9375	37.6875	17.8125	-113.1875	-44.3125	8.375
11:30:20.085484	-3.25	12.875	4.8125	-10.4375	53.875	19.0625	115.4375	33.4375	16.9375	-107.125	-73.6875	6.9375
11:30:20.095624	-7.875	14.0	9.6875	-14.1875	42.0	14.1875	122.75	26.75	14.75	-107.125	-73.6875	6.9375
11:30:20.105761	-10.875	11.0	10.6875	-18.6875	29.8125	8.75	131.875	28.75	13.3125	-137.0625	-36.1875	30.375
11:30:20.115832	-11.0	4.3125	9.625	-25.0	16.3125	4.75	138.0625	49.75	14.5625	-143.25	-50.25	30.8125
11:30:20.125913	-8.5	-6.0625	4.875	-30.8125	-4.3125	2.1875	138.8125	66.8125	16.6875	-146.125	-54.0	46.5625
11:30:20.135983	-4.625	-16.6875	-0.4375	-42.3125	-16.25	-0.625	138.3125	86.0625	19.875	-156.3125	-46.1875	56.75
11:30:20.146064	-1.5	-21.125	-6.625	-56.375	-16.8125	-3.0	141.75	109.9375	25.0	-163.9375	-47.6875	60.375
11:30:20.156156	-0.0625	-7.0625	-15.0	-75.5	-5.0625	-5.0	144.0	130.0625	28.4375	-163.5	-31.0	81.6875
11:30:20.166287	-0.3125	8.5625	-14.3125	-97.6875	14.9375	-5.6875	141.75	136.25	25.5625	-168.0	-8.9375	88.4375
11:30:20.176362	-0.75	21.625	-15.3125	-111.6875	35.125	-3.9375	107.25	114.25	23.125	-190.8125	3.125	77.0
11:30:20.187069	-2.0625	28.8125	-18.3125	-124.5625	45.625	-7.125	78.0	54.625	26.5625	-234.875	-29.8125	46.9375
11:30:20.197170	-2.625	31.5625	-19.75	-153.1875	50.0	-5.6875	78.375	-28.0	29.1875	-234.875	-29.8125	46.9375
11:30:20.207330	-3.6875	31.0625	-18.9375	-172.1875	49.5625	-11.6875	78.9375	-50.9375	23.125	-311.875	-124.5	-17.125
11:30:20.217778	-4.5625	29.125	-15.875	-164.375	41.625	-25.25	73.25	-38.25	24.5	-201.5625	-279.25	-20.5
11:30:20.227979	-4.75	27.125	-11.9375	-160.25	27.5625	-27.375	65.8125	-23.1875	19.8125	-21.875	-224.1875	-29.75
11:30:20.238104	-3.5625	24.0625	-7.0625	-141.375	9.1875	-32.5625	47.4375	-19.1875	12.4375	81.5625	251.25	27.6875
11:30:20.248220	-2.0	19.375	-1.0	-114.125	0.125	-33.1875	19.4375	-33.5	11.5625	87.875	330.5625	66.625
11:30:20.258334	-0.25	14.125	3.875	-88.8125	-4.3125	-24.375	-3.375	-22.25	5.3125	36.0	88.5	-35.4375
11:30:20.268800	1.5625	9.75	6.0625	-73.875	-0.6875	-14.375	-21.875	-7.75	-4.8125	41.375	10.3125	-80.625
11:30:20.278881	3.375	6.625	4.375	-64.0	17.375	-12.0625	-41.5625	-9.5	-13.5625	79.1875	161.875	-81.3125
11:30:20.288993	4.75	4.5625	0.1875	-60.8125	31.125	-14.375	-89.6875	-15.25	-22.0625	144.5625	207.5625	-96.0
11:30:20.299105	5.8125	3.4375	-4.625	-24.9375	17.0	13.375	-110.5	-11.6875	-19.0	144.5625	207.5625	-96.0
11:30:20.309226	6.1875	2.375	-9.1875	-6.1875	102.375	33.625	-129.3125	-1.125	-14.875	163.4375	112.5625	-36.3125
11:30:20.319940	6.0625	1.8125	-10.0	-22.0	93.6875	-5.875	-147.5625	5.4375	-13.1875	108.0	97.75	-0.0625
11:30:20.330119	5.875	0.1875	-9.9375	-50.5	1.5	-37.625	-162.625	6.375	-15.625	118.6875	93.5	6.625
11:30:20.340217	5.3125	-2.375	-8.3125	-60.25	-42.625	-44.8125	-177.0	11.625	-19.5	159.4375	88.8125	13.8125
11:30:20.350707	5.25	-5.6875	-5.875	-77.0	-62.5625	-44.75	-190.0	11.0	-22.0625	168.625	90.6875	-4.4375
11:30:20.360870	4.9375	-9.0	-4.125	-89.875	-73.6875	-41.375	-199.8125	10.4375	-24.125	205.0625	74.9375	-22.9375
11:30:20.371045	3.9375	-11.75	-2.0	-88.9375	-86.625	-34.0625	-210.4375	15.0625	-26.5625	227.375	80.5	-13.6875
11:30:20.381663	2.8125	-13.25	-0.9375	-81.6875	-83.0	-30.4375	-219.25	21.0	-27.6875	227.125	87.25	-2.0625
11:30:20.392256	1.9375	-14.875	-0.75	-66.0	-67.0	-27.125	-226.875	21.3125	-27.8125	213.3125	88.5	11.1875
11:30:20.402330	1.375	-15.5625	-0.625	-49.5625	-48.875	-26.375	-230.125	17.375	-28.0	207.25	85.8125	21.875
11:30:20.412514	0.625	-14.25	-1.4375	-29.0	-33.875	-27.125	-232.9375	9.0	-27.375	214.5	80.8125	23.875
11:30:20.422638	-0.125	-12.25	-2.3125	-21.3125	-22.5	-29.5	-234.0625	1.0625	-25.6875	221.4375	74.125	15.9375
11:30:20.432777	-0.3125	-9.625	-2.8125	-13.25	-13.0625	-32.125	-233.6875	0.625	-24.875	221.75	64.25	12.3125
11:30:20.442889	-0.625	-6.375	-3.0	-8.6875	-10.25	-32.75	-233.6875	6.75	-24.375	218.875	51.875	13.1875
11:30:20.453024	-1.125	-3.0	-2.6875	-11.4375	-8.3125	-33.75	-232.9375	11.25	-24.5	212.125	42.8125	11.125
11:30:20.463527	-1.9375	-0.125	-2.125	-11.875	-8.625	-30.875	-230.75	11.9375	-26.125	202.9375	39.125	13.875
11:30:20.473864	-3.0	3.125	-1.5	-8.875	-1.875	-31.5	-226.9375	8.9375	-28.125	205.8125	32.375	17.0
11:30:20.483964	-4.1875	7.25	-0.625	-3.75	3.375	-31.0	-222.375	3.6875	-29.6875	205.125	26.6875	15.5625
11:30:20.494032	-5.1875	11.5	0.125	0.5	10.4375	-30.9375	-217.375	-2.9375	-30.75	195.25	25.125	17.3125
11:30:20.504137	-6.0	15.25	1.0	6.0625	19.625	-32.125	-210.0	-10.6875	-30.125	188.4375	19.375	21.125
11:30:20.514212	-6.125	16.625	2.125	9.5625	24.25	-30.6875	-200.8125	-15.6875	-28.875	198.5	7.6875	15.6875
11:30:20.524279	-5.875	17.0	3.1875	12.0625	25.3125	-28.6875	-191.4375	-19.5	-26.4375	205.3125	12.5	3.5625
11:30:20.534359	-5.375	16.8125	4.1875	14.9375	23.5	-24.5625	-182.6875	-24.1875	-23.875	196.3125	12.3125	3.25
11:30:20.544425	-4.875	15.75	5.125	19.375	21.125	-21.0625	-170.9375	-28.0	-22.0	185.75	0.5	-2.8125
11:30:20.554547	-4.375	13.3125	5.5625	22.5625	16.125	-19.0	-155.75	-30.875	-20.25	168.8125	-3.625	-6.0
11:30:20.564618	-4.6875	12.5	5.3125	22.1875	7.75	-18.9375	-140.375	-35.1875	-18.3125	146.6875	-6.125	-2.8125
11:30:20.574779	-5.0625	11.6875	5.5625	19.9375	-2.875	-16.1875	-122.75	-35.5625	-16.75	126.25	-8.9375	0.75
11:30:20.585562	-5.375	10.5	5.9375	15.1875	-11.9375	-15.75	-104.9375	-32.6875	-15.0	110.0625	-6.875	2.5
11:30:20.595650	-5.75	8.9375	6.625	11.75	-20.875	-15.75	-84.875	-26.9375	-12.9375	96.9375	-3.125	3.4375
11:30:20.605722	-6.5625	6.4375	8.5	10.25	-27.8125	-16.5625	-64.0625	-17.375	-11.3125	82.5625	-4.0	5.75
11:30:20.615792	-7.125	3.625	10.0625	7.8125	-34.1875	-15.9375	-42.25	-9.25	-10.25	61.9375	-4.1875	7.625
11:30:20.625901	-7.6875	0.75	11.3125	6.4375	-33.875	-15.8125	-42.25	-9.25	-10.25	39.875	-1.3125	6.625
11:30:20.636030	-7.625	-1.4375	12.1875	5.625	-25.5625	-16.5625	-20.3125	-1.9375	-9.25	17.5625	-3.5625	5.3125
11:30:20.646100	-7.6875	-2.25	12.25	6.4375	-11.8125	-16.75	1.5	2.875	-8.5	-4.3125	-4.5	6.0
11:30:20.656175	-7.5625	-2.75	11.3125	6.5	4.125	-16.4375	22.875	5.9375	-8.25	-24.0	-0.75	6.75
11:30:20.666246	-8.0625	-2.8125	8.5	2.375	14.5	-16.0	42.3125	3.9375	-8.375	-31.625	2.6875	5.875
11:30:20.676320	-8.9375	-1.9375	5.8125	-4.5	17.125	-14.8125	60.1875	-1.0	-9.3125	-50.0625	-35.3125	-10.0625
11:30:20.686394	-10.5625	-1.6875	1.5	-9.0625	15.0625	-14.5	74.9375	-9.5625	-10.375	-98.125	-88.625	-35.0625
11:30:20.696464	-11.75	-2.0	-1.4375	-8.8125	6.25	-14.25	88.8125	-21.1875	-11.375	-116.125	-67.0	-43.5
11:30:20.706531	-12.3125	-2.4375	-3.6875	-5.5625	-7.4375	-14.5	101.9375	-31.5625	-10.875	-121.5	-26.9375	-43.875
11:30:20.716690	-12.0	-2.4375	-6.0625	-1.75	-18.3125	-13.8125	105.875	-14.875	-10.5625	-59.0	-38.8125	-40.75
11:30:20.726979	-9.0	-7.25	-4.9375	2.625	-27.875	-11.375	79.5	25.625	-10.125	54.125	-31.875	-36.0
11:30:20.737098	-6.125	-17.5625	0.5	12.4375	-31.8125	-5.6875	52.3125	-45.4375	0.125	-107.8125	-19.1875	-66.0
11:30:20.747216	-3.9375	-24.3125	4.75	21.0	-28.3125	2.5625	59.1875	-116.375	7.125	-160.125	-292.0625	-42.3125
11:30:20.757671	-3.0	-22.8125	5.3125	20.125	-30.8125	4.5	77.8125	-157.4375	-4.0625	-120.875	-287.1875	49.0
11:30:20.768056	-4.0625	-13.5	2.5625	5.8125	-36.9375	3.8125	84.6875	-140.3125	-10.4375	-153.6875	7.75	131.5
11:30:20.778130	-5.875	-0.5	-2.5625	2.0	-22.9375	4.125	79.8125	-83.8125	-11.1875	-184.8125	33.75	127.125
11:30:20.788815	-7.0625	9.1875	-8.0625	-4.0	-13.8125	5.9375	75.75	-38.375	-9.875	-184.8125	33.75	127.125
11:30:20.798906	-6.625	10.0625	-10.3125	-14.625	-7.125	6.6875	80.6875	9.3125	-7.875	-95.5	-64.3125	57.9375
11:30:20.809024	-4.625	1.0625	-8.9375	-7.9375	-0.75	12.625	76.3125	25.125	0.125	-95.5	-64.3125	57.9375
11:30:20.819640	-0.8125	-13.125	-6.8125	9.375	14.1875	20.8125	72.3125	-10.625	-1.6875	25.375	-8.375	10.3125
11:30:20.829753	2.5	-26.875	-7.3125	30.4375	21.5	24.125	67.9375	-46.5	-10.1875	24.25	3.875	-20.1875
11:30:20.839908	3.4375	-36.1875	-10.25	64.5	52.25	5.5	63.375	-48.0625	-21.25	-49.9375	-23.25	-22.0625
11:30:20.849996	3.125	-40.125	-15.125	72.375	67.875	7.25	57.1875	-21.5625	-28.6875	-87.5	-28.5	-13.375
11:30:20.860109	2.8125	-40.0625	-19.25	74.375	58.625	12.375	52.3125	15.375	-28.625	-87.5	-28.5	-13.375
11:30:20.870716	2.875	-37.875	-20.75	68.1875	29.5	18.6875	54.5625	45.625	-21.6875	-87.5	-28.5	-13.375
11:30:20.880790	2.4375	-34.4375	-18.9375	55.0625	-8.3125	24.1875	55.6875	52.5625	-12.375	-87.5	-28.5	-13.375
11:30:20.890975	1.375	-30.625	-14.75	55.0625	-8.3125	24.1875	53.4375	36.0	-6.625	-45.1875	2.625	10.25
11:30:20.901721	0.0	-25.4375	-9.6875	21.9375	-64.75	25.0625	51.75	6.1875	-6.0	4.1875	0.9375	10.25
11:30:20.911795	-1.1875	-18.25	-4.1875	13.3125	-62.375	23.5	51.9375	-16.4375	-8.5625	4.1875	0.9375	10.25
11:30:20.921869	-2.6875	-9.8125	1.125	11.8125	-47.9375	23.25	50.25	-35.5625	-10.0	4.1875	0.9375	10.25
11:30:20.931946	-4.375	-1.875	5.0	36.3125	-26.0625	21.8125	47.8125	-45.5	-8.9375	4.1875	0.9375	10.25
11:30:20.942094	-5.375	4.125	6.5	53.4375	4.0625	17.0625	47.1875	-38.9375	-6.375	-17.4375	-10.5	1.375
11:30:20.952166	-5.8125	8.25	6.125	63.5	32.125	15.25	45.5625	-16.5625	-4.125	-17.4375	-10.5	1.375
11:30:20.962297	-5.6875	9.75	4.5625	73.125	55.3125	15.4375	42.375	10.9375	-3.5	-17.4375	-10.5	1.375
11:30:20.972417	-5.125	9.375	2.125	75.5625	65.875	19.875	39.5625	33.3125	-2.875	-17.4375	-10.5	1.375
11:30:20.982543	-4.0625	7.5625	-0.1875	71.9375	68.9375	24.25	38.8125	50.0625	-2.4375	-17.4375	-10.5	1.375
11:30:20.992818	-3.3125	5.3125	-1.5625	64.0	67.375	25.5	40.3125	54.9375	-2.25	-63.1875	11.1875	-1.75
11:30:21.002903	-2.5	3.375	-3.1875	59.9375	59.4375	24.125	35.1875	46.875	0.375	-63.1875	11.1875	-1.75
11:30:21.012978	-1.9375	2.0625	-4.25	52.5625	51.1875	22.3125	34.125	27.5	3.25	-63.1875	11.1875	-1.75
11:30:21.023445	-1.625	1.4375	-5.5	51.3125	58.6875	24.1875	37.1875	7.875	4.3125	-31.875	-1.875	3.875
11:30:21.033953	-1.9375	1.0	-6.125	52.0625	65.25	27.3125	39.6875	-4.875	3.625	-18.125	-5.8125	10.1875
11:30:21.044558	-2.4375	0.8125	-6.4375	53.5	59.5	30.25	39.375	-12.4375	2.9375	-18.125	-5.8125	10.1875
11:30:21.054670	-2.875	0.375	-5.8125	53.5625	46.75	30.5	38.375	-23.375	1.9375	-18.125	-5.8125	10.1875
11:30:21.065340	-2.4375	-0.375	-3.75	53.3125	33.5625	30.625	38.5625	-25.6875	0.375	-9.1875	-3.0625	4.8125
11:30:21.075594	-1.6875	0.25	-3.0	54.3125	25.125	30.5	39.3125	-11.125	-0.5625	-9.1875	-3.0625	4.8125
11:30:21.085669	-0.375	1.0	-2.0	54.25	18.625	30.9375	38.0	5.5625	-0.5	-9.1875	-3.0625	4.8125
11:30:21.095933	-0.375	1.0	-2.0	52.0625	14.125	30.875	35.0625	5.5625	-0.75	-32.8125	2.5	1.4375
11:30:21.106005	2.75	1.9375	-0.1875	50.75	9.8125	31.0625	33.875	0.375	-1.75	-32.6875	12.25	5.375
11:30:21.116075	4.5	1.5625	0.9375	51.375	5.5	30.625	33.875	0.375	-1.75	-23.5	10.8125	3.5625
11:30:21.126148	6.0	1.1875	2.125	53.6875	7.1875	30.125	31.3125	-11.5625	-0.9375	-27.1875	5.1875	2.3125
11:30:21.136218	7.625	0.4375	3.25	56.875	11.625	30.0	29.9375	-32.625	-2.0625	-27.1875	5.1875	2.3125
11:30:21.146331	8.6875	-0.1875	4.0625	61.1875	18.375	30.5	29.625	-37.1875	-3.5625	-27.1875	5.1875	2.3125
11:30:21.156394	9.4375	-0.3125	4.3125	63.125	24.75	30.3125	31.3125	-25.625	-3.625	-27.25	-3.625	10.25
11:30:21.166467	10.125	-0.125	4.4375	63.25	31.875	31.0	35.1875	-18.9375	-4.25	-17.0625	-10.5625	7.9375
11:30:21.176537	10.1875	0.625	4.9375	61.6875	38.9375	31.625	35.1875	-18.9375	-4.25	-23.625	5.375	8.5
11:30:21.186638	10.4375	2.0	4.4375	54.4375	43.8125	32.0625	36.3125	5.75	-3.75	-31.0	6.375	8.6875
11:30:21.196770	10.0625	3.5625	3.5	51.0625	53.625	31.4375	38.75	12.6875	-2.625	-23.4375	7.625	7.875
11:30:21.206836	9.125	5.25	3.4375	45.125	62.1875	31.5	37.75	8.75	-3.375	-30.0	9.75	7.3125
11:30:21.216946	8.5	7.25	3.1875	39.25	58.75	31.8125	41.5	9.5	-4.0	-30.0	9.75	7.3125
11:30:21.227023	7.5625	9.4375	2.75	35.75	52.5	31.0625	47.9375	7.875	-3.25	-30.0	9.75	7.3125
11:30:21.237139	6.75	12.1875	2.5625	35.625	45.625	30.5625	49.0625	5.4375	-1.8125	-36.1875	13.75	7.875
11:30:21.247768	6.125	15.0	2.6875	35.375	39.5	29.6875	49.625	7.0	-1.875	-26.625	2.625	4.75
11:30:21.257869	5.625	17.125	2.6875	34.8125	36.0	28.625	54.6875	9.375	-1.875	-26.625	2.625	4.75
11:30:21.268048	4.875	18.6875	1.9375	33.5625	37.3125	26.875	56.5	11.4375	-0.875	-26.625	2.625	4.75
11:30:21.278182	4.5625	18.875	1.5625	31.0	38.25	26.0	54.8125	15.75	-0.25	-26.625	2.625	4.75
11:30:21.288745	3.5625	19.25	1.875	30.0625	37.8125	25.875	54.8125	15.75	-0.25	-40.0	-9.8125	1.8125
11:30:21.298851	4.0625	20.0625	2.4375	28.875	36.3125	26.8125	58.375	18.3125	-0.0625	-55.75	-21.3125	27.1875
11:30:21.308964	4.5625	19.8125	2.5625	24.75	32.0625	27.75	58.375	18.3125	-0.0625	-60.0	-4.0	9.5625
11:30:21.319065	4.625	18.3125	2.3125	22.75	30.1875	28.9375	59.8125	26.375	2.4375	-69.5	-13.5	5.375
11:30:21.329218	4.25	16.3125	1.5625	24.125	31.5	29.0	64.6875	24.9375	4.5	-73.6875	-14.6875	8.25
11:30:21.339605	3.875	13.8125	0.6875	24.4375	33.375	29.25	64.6875	24.9375	4.5	-66.0625	-23.25	9.25
11:30:21.350271	3.125	11.3125	-0.0625	20.5625	30.9375	29.0	65.0625	22.0625	9.3125	-69.625	-38.625	10.125
11:30:21.360405	2.75	9.9375	-0.6875	17.6875	32.3125	30.0625	69.375	20.0	10.0	-82.125	-36.0625	7.9375
11:30:21.370525	2.0	8.625	-1.25	11.875	31.8125	30.875	74.6875	17.8125	11.0	-88.6875	-37.875	9.0
11:30:21.381113	1.625	7.9375	-1.1875	7.6875	28.9375	30.4375	76.875	19.875	12.5625	-84.125	-48.75	12.375
11:30:21.391858	1.375	7.4375	-1.5	5.25	27.625	28.125	79.75	21.5	12.8125	-90.5625	-46.25	13.1875
11:30:21.401978	1.375	7.25	-1.8125	2.4375	24.4375	27.4375	85.0625	25.5625	13.3125	-101.9375	-36.0625	13.0
11:30:21.412049	-1.125	6.75	-1.5	-0.75	22.8125	23.8125	85.0625	25.5625	13.3125	-110.8125	-33.375	10.75
11:30:21.422122	-5.3125	6.25	0.875	-3.8125	18.25	18.0	85.0625	25.5625	13.3125	-101.5	-60.875	8.125
11:30:21.432190	-9.4375	6.6875	4.875	-11.0625	12.4375	11.5625	85.0625	25.5625	13.3125	-107.375	-78.875	16.375
11:30:21.442259	-11.25	3.8125	6.1875	-17.5	6.625	3.75	85.0625	25.5625	13.3125	-127.4375	-45.4375	31.25
11:30:21.452386	-10.5	-3.0	3.75	-26.8125	-3.5	-2.125	85.0625	25.5625	13.3125	-133.6875	-36.375	31.6875
11:30:21.462457	-8.0625	-12.8125	-1.6875	-41.0	-15.25	-7.625	85.0625	25.5625	13.3125	-126.375	-53.3125	38.4375
11:30:21.472885	-4.875	-20.8125	-6.875	-58.375	-29.4375	-10.5	85.0625	25.5625	13.3125	-130.5	-36.3125	54.6875
11:30:21.483041	-2.625	-20.8125	-10.875	-76.6875	-42.0625	-12.25	85.0625	25.5625	13.3125	-141.3125	-23.375	61.6875
11:30:21.493111	-1.5625	-13.25	-12.3125	-97.4375	-52.0625	-14.0	122.8125	59.25	12.3125	-150.6875	-24.25	75.4375
11:30:21.503251	-1.375	-2.0	-11.0625	-112.125	-52.5	-18.25	135.875	117.3125	16.25	-152.1875	-4.6875	90.4375
11:30:21.513583	-1.0625	14.25	-8.0625	-124.6875	-61.625	-19.0	135.875	117.3125	16.25	-147.6875	19.9375	92.125
11:30:21.523652	-1.1875	27.8125	-7.625	-134.25	-53.5625	-20.125	135.875	117.3125	16.25	-190.0625	31.4375	81.8125
11:30:21.533770	-2.8125	36.125	-10.625	-146.1875	-26.4375	-28.8125	135.875	117.3125	16.25	-245.625	-25.125	65.3125
11:30:21.543839	-4.3125	40.0625	-12.625	-143.9375	19.875	-34.4375	135.875	117.3125	16.25	-310.875	-99.0	34.1875
11:30:21.553922	-5.375	41.5	-14.0	-137.0	42.75	-44.0625	135.875	117.3125	16.25	-378.625	-59.4375	19.3125
11:30:21.563994	-6.625	40.0625	-13.25	-117.3125	49.125	-53.75	135.875	117.3125	16.25	-356.9375	-147.25	-12.6875
11:30:21.574076	-7.5625	32.6875	-7.3125	-100.1875	48.25	-60.8125	116.0	90.625	17.375	-146.8125	-359.75	-81.3125
11:30:21.584165	-7.5625	32.6875	-7.3125	-79.3125	49.0	-68.25	82.0	-17.8125	22.5625	57.375	-121.6875	-40.75
11:30:21.594260	-6.5	26.375	-2.625	-64.875	33.125	-67.375	74.5	4.4375	16.1875	110.1875	354.1875	80.0
11:30:21.604438	-3.0	14.0	4.875	-58.125	10.0625	-62.3125	45.625	12.9375	7.9375	123.3125	332.75	88.1875
11:30:21.614605	-1.375	9.375	5.625	-63.75	-4.1875	-59.4375	45.625	12.9375	7.9375	51.8125	60.375	-42.8125
11:30:21.624718	0.0	5.25	5.0	-73.5	-11.125	-56.9375	-5.75	-7.1875	0.75	38.0625	-27.125	-81.125
11:30:21.634835	1.0625	2.25	3.125	-82.625	-19.75	-53.9375	-22.8125	-15.375	-7.5	88.0	141.3125	-64.4375
11:30:21.644965	1.5625	0.125	0.8125	-89.875	-24.9375	-54.375	-43.625	-32.25	-19.25	147.875	223.1875	-62.25
11:30:21.655039	1.9375	-0.125	-2.375	-88.5	-33.25	-55.0625	-68.0	-44.1875	-28.25	195.875	169.3125	-76.3125
11:30:21.665219	2.0625	0.5625	-4.1875	-88.4375	-46.1875	-56.3125	-88.375	-47.75	-33.8125	199.5625	87.125	-53.3125
11:30:21.675300	2.1875	1.125	-6.0625	-85.25	-55.125	-56.875	-108.0	-41.6875	-34.25	140.75	72.9375	-11.5625
11:30:21.685377	2.6875	1.25	-6.75	-81.3125	-59.4375	-56.0	-108.0	-41.6875	-34.25	111.0625	84.625	-2.9375
11:30:21.695501	2.6875	1.25	-6.75	-79.625	-63.6875	-54.375	-150.1875	-15.4375	-25.5	162.625	74.0	5.25
11:30:21.705626	3.5	0.875	-6.0	-79.0	-66.875	-51.5625	-166.4375	-12.5625	-24.875	193.125	69.75	17.5
11:30:21.715692	3.625	0.375	-5.1875	-77.0625	-64.625	-46.3125	-179.1875	-7.3125	-28.0625	197.0	74.375	7.125
11:30:21.725811	3.75	-0.6875	-4.1875	-75.625	-61.25	-41.6875	-193.0	-2.4375	-31.75	208.0	78.6875	-3.125
11:30:21.735882	3.4375	-2.5625	-2.5625	-69.8125	-55.3125	-37.75	-204.25	8.0	-34.5	213.0	89.5625	3.0
11:30:21.745956	3.0625	-2.6875	-2.625	-61.0	-50.8125	-35.25	-214.0625	26.5	-37.1875	206.6875	93.0625	13.5625
11:30:21.756062	2.5625	-2.0625	-3.625	-49.375	-44.4375	-35.1875	-221.6875	45.0625	-38.9375	200.6875	97.75	22.3125
11:30:21.766148	1.875	-1.25	-4.625	-31.375	-34.0625	-35.9375	-227.1875	55.625	-40.3125	205.1875	109.625	28.4375
11:30:21.776216	1.6875	-0.0625	-5.0	-25.0625	-25.3125	-36.875	-230.25	58.25	-40.9375	215.1875	110.8125	33.4375
11:30:21.786285	0.9375	1.0	-5.25	-20.8125	-15.5	-38.875	-231.3125	48.5625	-42.3125	217.375	102.6875	35.3125
11:30:21.796413	0.125	1.9375	-5.5	-22.625	-10.9375	-40.6875	-230.4375	32.9375	-44.125	212.75	92.6875	33.75
11:30:21.806491	-0.875	2.8125	-5.8125	-25.1875	-6.375	-41.5625	-229.875	16.9375	-44.6875	205.25	81.25	27.4375
11:30:21.816563	-1.9375	3.5	-5.1875	-25.875	0.125	-42.375	-228.5625	9.9375	-43.0	201.4375	65.3125	24.75
11:30:21.826936	-3.0625	4.9375	-4.0	-20.25	7.4375	-41.5625	-225.4375	9.8125	-39.3125	205.0625	51.5625	25.5625
11:30:21.837047	-4.3125	6.8125	-2.1875	-13.625	12.9375	-40.5	-222.0	10.25	-36.125	213.1875	38.25	27.3125
11:30:21.847173	-5.125	9.375	-0.375	-7.375	16.625	-40.0625	-218.1875	8.5	-34.0	203.9375	39.4375	24.1875
11:30:21.857777	-5.6875	11.625	1.0625	-2.125	15.375	-39.3125	-213.3125	5.4375	-33.125	194.0625	39.625	15.8125
11:30:21.867848	-5.9375	12.875	2.9375	1.375	9.5625	-37.375	-208.625	1.125	-32.75	194.125	36.9375	8.25
11:30:21.877962	-5.875	12.875	4.875	8.8125	5.3125	-34.1875	-203.75	-3.6875	-31.6875	196.8125	32.5	5.375
11:30:21.888028	-5.6875	11.5625	5.9375	16.3125	4.75	-30.4375	-198.6875	-8.625	-29.3125	185.0	22.125	8.6875
11:30:21.898696	-4.9375	9.875	6.125	23.0	6.375	-27.5625	-192.3125	-14.0625	-27.1875	185.0	22.125	8.6875
11:30:21.908773	-4.25	7.75	5.75	30.625	9.1875	-25.9375	-184.25	-17.5625	-26.125	142.1875	-5.625	30.0625
11:30:21.918942	-3.8125	5.3125	5.5	37.4375	7.9375	-24.5	-174.75	-20.0625	-25.875	120.8125	-9.3125	31.4375
11:30:21.929566	-3.1875	2.4375	4.8125	40.8125	0.5625	-22.625	-163.0625	-23.25	-25.0	109.5625	-16.3125	26.25
11:30:21.939657	-2.5625	-0.375	3.9375	38.9375	-9.5625	-21.0625	-147.375	-26.0	-22.8125	99.1875	-31.8125	22.375
11:30:21.949778	-2.0	-2.8125	2.5	34.125	-21.3125	-16.875	-111.0625	-19.8125	-18.5625	84.3125	-48.0625	15.0
11:30:21.959895	-1.625	-5.25	1.5	20.0625	-45.0625	-11.8125	-94.0	-15.5625	-16.5625	68.4375	-51.5625	6.1875
11:30:21.969979	-1.6875	-7.625	0.75	14.3125	-56.6875	-11.625	-74.625	-16.75	-14.0	55.5625	-40.1875	3.1875
11:30:21.980111	-1.9375	-10.0	0.6875	9.0625	-61.75	-12.9375	-54.3125	-21.0	-11.375	42.3125	-36.5	2.8125
11:30:21.990698	-2.4375	-12.125	1.625	5.75	-59.8125	-14.0625	-35.5625	-30.6875	-9.1875	26.1875	-37.1875	1.125
11:30:22.000892	-3.25	-14.8125	3.0625	3.4375	-52.375	-14.75	-16.9375	-42.875	-7.6875	9.4375	-25.875	-1.75
11:30:22.010970	-4.6875	-17.375	4.3125	3.125	-40.1875	-14.5	1.625	-50.6875	-6.4375	-5.5	-26.0625	-5.6875
11:30:22.021476	-5.875	-19.125	4.375	4.125	-24.3125	-12.9375	19.1875	-49.8125	-5.625	-20.125	-29.75	-6.0
11:30:22.031571	-6.875	-19.125	5.75	7.1875	-9.3125	-10.125	34.375	-44.875	-5.0	-21.125	-26.9375	-7.5625
11:30:22.041666	-7.1875	-18.75	6.125	13.375	1.3125	-8.0625	47.4375	-36.0625	-5.0	-49.75	-58.25	-19.875
11:30:22.051805	-6.8125	-18.3125	5.125	18.75	2.9375	-5.875	59.9375	-24.875	-5.3125	-82.625	-76.0	-36.75
11:30:22.061886	-6.375	-17.0	3.6875	18.5	-2.5	-3.125	59.9375	-24.875	-5.3125	-105.125	-55.5	-41.5
11:30:22.072502	-6.75	-15.375	1.25	15.125	-9.0625	-1.1875	82.125	-18.5	-4.625	-116.75	-33.1875	-41.3125
11:30:22.082596	-6.4375	-13.0	-0.25	12.625	-12.4375	2.0	93.4375	-21.125	-3.0625	-64.0	-32.9375	-34.0
11:30:22.092701	-6.4375	-11.0625	-1.6875	10.6875	-19.4375	5.5	95.625	-6.0625	-2.25	79.375	-23.1875	-22.625
11:30:22.102800	-6.125	-8.875	-3.25	17.0625	-18.0625	10.75	71.875	35.875	-1.25	30.25	119.9375	-59.0
11:30:22.112974	-4.4375	-5.125	-4.875	25.0625	-4.75	17.625	45.875	1.8125	4.125	-130.5	-67.3125	-64.3125
11:30:22.123515	-0.0625	-4.75	-3.8125	26.1875	0.75	20.125	42.9375	-59.75	8.125	-144.0	-288.0625	-6.75
11:30:22.133581	3.125	-7.6875	-0.5625	14.5	-1.0625	14.6875	59.5625	-96.6875	0.375	-155.75	-105.4375	78.625
11:30:22.143676	4.1875	-7.0625	1.1875	-10.5625	-4.625	8.5625	73.6875	-101.25	-8.5	-184.25	65.1875	113.9375
11:30:22.153744	2.9375	0.0625	-0.1875	-13.8125	3.0	5.1875	73.375	-57.25	-12.375	-203.5	-8.4375	75.375
11:30:22.163828	0.8125	14.375	-3.75	-1.5625	14.8125	6.0	65.5	-11.8125	-9.625	-136.5	-71.3125	44.625
11:30:22.173952	-0.4375	30.125	-8.0625	2.5	26.6875	8.25	65.375	29.875	-3.0625	-58.4375	-41.0	39.75
11:30:22.184096	-0.375	38.25	-11.125	17.0	40.6875	12.5625	67.75	39.875	2.75	16.375	11.125	9.625
11:30:22.194445	0.625	35.3125	-11.125	35.1875	55.75	21.8125	64.625	23.25	6.8125	42.5625	20.625	-18.125
11:30:22.204514	3.0625	24.5625	-8.5625	49.1875	62.375	27.625	60.375	-17.0625	5.9375	49.8125	-8.625	-38.4375
11:30:22.214630	5.8125	10.25	-6.375	58.4375	67.75	25.0	57.875	-57.625	-1.75	-12.4375	-29.875	-33.5
11:30:22.224713	6.125	-3.125	-6.0625	67.25	79.25	17.75	52.9375	-65.3125	-11.8125	-61.6875	-24.375	-33.125
11:30:22.234779	5.5625	-11.625	-9.0	73.25	88.125	14.75	46.375	-40.125	-18.4375	-94.0	-24.1875	-18.375
11:30:22.244847	5.125	-16.125	-13.1875	71.5	79.0	15.3125	42.6875	-6.125	-19.125	-86.125	-21.625	17.5
11:30:22.254926	5.25	-18.125	-17.3125	65.0	51.6875	16.75	45.9375	21.1875	-14.625	-45.0625	-11.1875	33.6875
11:30:22.265020	5.5	-19.9375	-19.75	55.875	10.5625	23.1875	47.125	31.0	-7.875	-8.375	6.875	7.6875
11:30:22.275093	5.1875	-21.5625	-18.8125	41.375	-31.375	28.25	44.6875	23.875	-2.3125	2.6875	6.0	1.875
11:30:22.285191	4.5	-22.1875	-15.375	27.875	-58.375	30.4375	43.375	2.625	-2.3125	-14.9375	3.375	1.5625
11:30:22.295265	3.9375	-20.0625	-10.3125	18.5	-68.8125	29.6875	43.375	2.625	-2.3125	-37.625	-13.8125	5.9375
11:30:22.305959	3.9375	-14.75	-6.25	14.1875	-61.75	26.8125	43.6875	-26.25	-4.6875	-40.75	-25.8125	8.125
11:30:22.316257	4.25	-8.1875	-3.1875	19.6875	-46.5	24.5	41.8125	-36.0	-2.8125	-28.0	-16.0625	9.6875
11:30:22.326355	2.8125	2.5	2.8125	41.125	-21.3125	21.125	42.8125	-35.9375	-1.0625	-17.25	-9.0	11.375
11:30:22.336422	1.1875	5.75	4.0625	45.8125	4.6875	18.875	44.5	-19.625	-0.5	-8.8125	-5.3125	5.4375
11:30:22.346499	-0.1875	8.0625	4.125	56.9375	26.125	17.5625	43.5625	4.625	-0.3125	-21.0	3.1875	-14.4375
11:30:22.356571	-1.0	9.3125	3.3125	59.75	38.8125	20.875	42.375	24.5625	-0.75	-45.4375	19.3125	-20.125
11:30:22.366716	-1.3125	9.6875	1.6875	58.0625	48.25	23.4375	43.0625	35.125	-0.8125	-61.0	16.6875	-12.375
11:30:22.376802	-1.4375	9.0	0.1875	54.375	53.125	24.625	42.75	37.125	0.5	-49.4375	3.3125	-7.9375
11:30:22.386870	-1.375	8.375	-1.3125	53.25	58.3125	23.5625	39.75	35.1875	2.8125	-42.5	-1.0625	-6.0625
11:30:22.396938	-1.125	8.0625	-2.5625	51.625	62.625	23.375	39.125	25.1875	5.0	-29.875	3.0625	1.0625
11:30:22.407012	-0.625	8.375	-4.0625	51.1875	68.0625	24.375	41.125	16.125	5.625	-24.25	-3.5625	4.0
11:30:22.417146	-0.625	9.1875	-4.6875	50.0625	71.8125	27.125	42.625	8.0	5.8125	-15.4375	-4.4375	-0.375
11:30:22.427456	-0.625	11.1875	-6.125	49.0	70.75	29.375	41.25	3.625	6.0625	-14.6875	-1.25	-2.8125
11:30:22.437525	-1.375	13.0	-6.25	47.75	62.625	31.625	40.6875	-5.375	6.625	-22.25	-3.75	-0.9375
11:30:22.447645	-2.0	14.875	-5.6875	41.0	53.1875	31.3125	41.75	-8.875	7.0	-28.5625	-7.5	2.375
11:30:22.457775	-2.4375	16.6875	-5.5	36.0625	42.8125	31.0	42.125	-1.8125	7.4375	-32.875	-5.3125	-1.5
11:30:22.467920	-2.5625	18.125	-5.9375	36.375	32.6875	30.5625	39.375	8.1875	7.875	-40.8125	-0.6875	-3.5625
11:30:22.478038	-2.5625	19.125	-6.0	35.5	22.25	28.625	38.4375	6.5625	7.75	-43.125	1.125	2.4375
11:30:22.488462	-2.375	20.625	-5.5625	35.5625	14.5625	25.8125	38.875	2.375	7.9375	-23.75	4.625	-7.0625
11:30:22.498597	-1.6875	22.125	-4.375	38.25	11.5625	23.6875	38.375	2.0625	8.3125	-23.75	4.625	-7.0625
11:30:22.508866	-0.5625	23.5625	-3.375	41.75	11.5625	22.1875	34.75	-10.25	9.0625	-34.3125	0.0625	-2.8125
11:30:22.518961	0.875	24.3125	-2.1875	43.375	11.3125	22.25	32.5625	-30.9375	7.625	-34.3125	0.0625	-2.8125
11:30:22.529510	2.4375	24.75	-1.4375	44.75	12.0625	22.375	32.5	-40.0	5.5	-23.5	-0.125	-6.3125
11:30:22.539609	3.5625	23.5625	-1.125	44.5	14.0	22.625	32.0	-37.25	4.5625	-31.125	9.9375	-1.875
11:30:22.549761	4.3125	21.5	-0.9375	41.875	14.5625	22.9375	31.6875	-37.1875	3.625	-38.1875	6.5	0.375
11:30:22.559879	5.0	19.375	-1.25	34.75	18.8125	25.0625	31.5625	-28.9375	2.625	-17.5	-0.8125	-0.6875
11:30:22.570029	5.125	17.875	-0.5	31.4375	24.625	26.1875	33.5	-13.25	2.1875	-25.25	3.0625	-2.8125
11:30:22.580185	5.25	17.3125	-0.1875	28.3125	31.6875	27.375	33.6875	-1.25	3.125	-35.3125	12.25	-3.1875
11:30:22.590814	5.3125	17.25	0.5625	28.3125	43.25	27.1875	32.8125	-7.9375	2.4375	-35.0	16.9375	-0.9375
11:30:22.600885	5.0625	17.0	2.1875	28.3125	43.25	27.1875	32.8125	-7.9375	2.4375	-15.75	7.0	-1.8125
11:30:22.611009	4.5625	17.4375	3.4375	37.5	60.875	28.4375	38.25	5.6875	4.1875	-20.8125	0.25	-1.375
11:30:22.621332	3.625	17.5	4.3125	40.625	65.1875	28.8125	38.25	5.6875	4.1875	-31.8125	7.375	-1.8125
11:30:22.631658	2.75	17.9375	5.0625	40.9375	64.6875	30.25	38.6875	6.125	3.875	-31.125	15.25	-1.0625
11:30:22.641800	2.4375	17.9375	5.375	41.0625	63.625	30.8125	41.875	9.0	4.5	-19.0625	5.125	-3.5625
11:30:22.652095	2.625	18.375	5.875	38.125	56.625	31.125	40.375	12.375	5.5625	-27.125	0.4375	-5.125
11:30:22.662205	2.8125	18.75	6.0625	32.125	48.125	30.4375	39.75	13.125	4.375	-39.375	6.5625	-6.0
11:30:22.672880	3.3125	18.25	6.0625	26.9375	40.125	30.8125	42.5625	12.5	3.8125	-38.5625	-1.5625	-4.0
11:30:22.682995	4.1875	17.6875	6.1875	21.9375	34.0	31.375	44.0	13.5625	4.9375	-43.5625	-37.0	4.25
11:30:22.693562	5.25	16.8125	6.25	19.125	28.375	30.875	43.3125	13.3125	5.625	-49.6875	-29.625	11.125
11:30:22.703651	6.5	15.3125	6.6875	17.5	21.625	31.3125	44.75	13.75	5.3125	-56.3125	-9.5625	4.6875
11:30:22.713997	7.5625	14.25	7.5	18.375	15.375	31.375	48.1875	13.625	6.4375	-56.1875	-18.625	1.3125
11:30:22.724342	8.0	12.375	7.8125	19.625	10.75	32.125	50.0625	17.625	8.3125	-56.3125	-26.0	5.625
11:30:22.734618	7.875	10.8125	8.6875	20.1875	12.5	31.6875	50.875	16.1875	9.3125	-65.3125	-22.625	4.625
11:30:22.744690	7.375	8.3125	8.75	21.0625	15.4375	32.25	53.9375	13.875	9.75	-70.0625	-33.75	3.875
11:30:22.754766	6.4375	4.75	9.5	19.4375	16.4375	32.75	59.0625	11.8125	11.6875	-65.4375	-42.0	6.125
11:30:22.764833	5.5	-0.125	9.5	15.6875	16.5625	33.1875	60.0	11.0	13.0	-66.8125	-42.9375	6.125
11:30:22.774920	4.9375	-4.875	9.875	11.3125	15.0	32.8125	61.8125	9.0	13.0	-79.75	-40.6875	4.75
11:30:22.784991	4.75	-9.375	10.0625	7.875	14.4375	32.0	67.75	9.375	12.625	-85.1875	-43.8125	7.625
11:30:22.795063	4.5	-12.75	10.25	3.5	12.125	30.5	73.0	10.5	13.1875	-80.5625	-46.6875	10.0625
11:30:22.805137	4.5	-15.5	10.6875	0.3125	11.375	28.125	75.9375	14.0	13.875	-85.25	-40.375	9.875
11:30:22.815207	3.75	-17.6875	10.3125	-1.125	9.5625	25.125	79.625	17.0	14.1875	-100.625	-39.0	8.375
11:30:22.825334	2.3125	-19.4375	9.625	-2.9375	5.0625	21.125	86.4375	21.9375	15.4375	-106.0	-57.3125	9.25
11:30:22.835424	-1.5625	-20.3125	9.875	-8.0	-1.5625	15.125	95.0625	19.375	16.0625	-95.4375	-73.4375	16.8125
11:30:22.845527	-5.8125	-19.625	11.0625	-17.75	-10.3125	8.1875	100.0	9.9375	15.125	-103.0625	-48.75	25.3125
11:30:22.855596	-8.375	-19.375	12.0625	-27.5625	-19.125	1.4375	104.6875	1.375	11.75	-119.5625	-39.5625	23.5
11:30:22.865669	-7.5	-20.0625	11.875	-36.375	-26.0	-4.1875	113.9375	8.25	8.6875	-133.3125	-52.25	30.0
11:30:22.875796	-4.75	-22.0	10.75	-48.0	-33.875	-9.5	121.875	24.25	7.5	-131.75	-49.8125	49.5625
11:30:22.885885	-2.0625	-25.0625	7.3125	-61.75	-43.125	-12.4375	124.6875	45.0625	7.25	-126.0	-28.4375	61.5625
11:30:22.895955	-0.75	-26.125	4.6875	-79.375	-53.125	-12.0625	128.8125	71.6875	7.4375	-136.8125	-26.8125	64.6875
11:30:22.906025	-0.0625	-22.5625	3.875	-96.0625	-51.0	-12.75	133.4375	103.375	10.1875	-141.875	-23.6875	85.375
11:30:22.916097	-0.375	-14.8125	3.625	-112.375	-47.375	-15.1875	139.5	133.625	14.5	-150.25	-4.4375	103.4375
11:30:22.926225	-3.9375	4.9375	0.0625	-125.5	-47.625	-21.4375	140.9375	151.125	18.1875	-175.75	23.6875	92.9375
11:30:22.936305	-5.5625	12.125	-4.0	-133.9375	-49.6875	-28.25	135.0	140.1875	19.625	-211.4375	32.3125	44.9375
11:30:22.946374	-5.9375	16.1875	-8.6875	-144.0	-42.125	-40.375	115.5	99.625	19.9375	-275.1875	-36.125	16.9375
11:30:22.956493	-5.0	17.75	-12.125	-143.1875	-16.375	-46.3125	91.375	43.0	21.5625	-337.6875	-125.4375	-14.75
11:30:22.966609	-3.25	19.0625	-14.0625	-135.75	28.0625	-52.125	74.8125	-3.875	23.4375	-332.5	-157.5625	-32.6875
11:30:22.976945	-1.75	17.75	-13.375	-115.4375	52.125	-62.75	75.4375	-22.9375	20.8125	-225.75	-248.375	-39.1875
11:30:22.987312	-0.75	13.4375	-10.9375	-95.0625	49.3125	-65.3125	73.875	-26.3125	20.75	-44.5	-244.75	-69.1875
11:30:22.997381	-0.5625	7.3125	-7.3125	-74.375	41.375	-64.125	73.875	-26.3125	20.75	66.1875	88.6875	-10.5
11:30:23.007483	-0.25	0.5625	-3.4375	-60.375	37.9375	-63.0	59.875	-6.0	20.1875	145.875	259.375	56.5625
11:30:23.017549	0.625	-6.25	0.1875	-54.125	30.3125	-67.875	44.25	6.25	16.5	123.3125	139.25	25.125
11:30:23.027694	1.9375	-12.625	3.25	-52.9375	7.5	-66.5	11.875	3.875	11.5	61.625	29.625	-69.9375
11:30:23.037804	3.625	-17.8125	4.875	-54.0625	-16.1875	-64.125	-11.375	-5.375	7.25	76.25	78.3125	-72.125
11:30:23.048468	4.75	-20.4375	5.375	-62.25	-38.1875	-58.9375	-31.25	-18.8125	-1.1875	127.875	168.25	-62.1875
11:30:23.058581	4.9375	-21.125	4.6875	-71.0	-56.4375	-54.875	-51.125	-32.875	-13.4375	230.75	109.25	-67.0625
11:30:23.068690	4.5625	-20.125	2.6875	-74.75	-71.25	-52.6875	-73.5625	-49.9375	-22.375	191.875	90.4375	-20.4375
11:30:23.078901	3.6875	-18.25	0.9375	-76.3125	-81.9375	-51.875	-91.8125	-60.8125	-28.4375	127.0	79.75	-5.75
11:30:23.089601	3.4375	-15.4375	-1.5	-76.875	-84.3125	-51.6875	-111.5625	-61.0	-29.8125	144.9375	67.5	-11.25
11:30:23.099754	3.4375	-13.5625	-3.375	-76.125	-84.6875	-50.5625	-131.5625	-51.6875	-26.375	187.3125	73.5625	0.125
11:30:23.110454	4.0625	-12.8125	-4.25	-76.0	-82.5	-48.3125	-152.6875	-42.0	-19.8125	204.375	86.9375	-4.1875
11:30:23.120579	4.8125	-12.5625	-4.4375	-67.8125	-71.3125	-40.0625	-166.9375	-29.25	-17.875	217.875	80.5625	-19.0625
11:30:23.130768	5.375	-12.0	-4.5625	-62.1875	-64.875	-36.25	-178.8125	-17.8125	-19.8125	230.75	86.8125	-18.3125
11:30:23.141303	5.5625	-11.5625	-4.6875	-52.9375	-56.625	-34.3125	-191.6875	-2.5	-21.1875	228.4375	95.0	-8.9375
11:30:23.151382	5.8125	-10.6875	-4.8125	-44.0	-49.6875	-33.0625	-213.625	21.0625	-23.8125	216.625	90.375	0.5625
11:30:23.161506	6.0	-9.9375	-5.0	-36.375	-45.1875	-32.8125	-222.9375	35.25	-26.6875	205.8125	96.5625	11.0
11:30:23.171622	5.8125	-9.375	-5.1875	-28.3125	-39.6875	-35.1875	-230.625	45.25	-29.6875	202.375	96.625	18.875
11:30:23.182280	5.75	-8.4375	-5.875	-24.1875	-35.5	-37.875	-235.5	40.3125	-30.9375	212.375	88.375	17.5
11:30:23.192388	5.4375	-7.75	-6.6875	-22.875	-30.625	-39.875	-237.6875	24.0	-30.0625	226.25	77.75	14.0625
11:30:23.202509	5.0	-7.1875	-7.125	-18.375	-23.0625	-41.125	-237.5625	11.6875	-27.8125	233.4375	68.4375	14.5625
11:30:23.212598	4.0625	-6.3125	-7.375	-10.75	-14.6875	-41.5	-237.125	6.25	-25.875	237.0	55.5	15.75
11:30:23.223781	2.9375	-5.0	-7.625	-2.375	-2.875	-41.5625	-237.4375	2.1875	-25.125	227.8125	45.625	14.1875
11:30:23.234477	2.125	-3.1875	-7.375	4.6875	4.0625	-41.0625	-237.25	2.0	-26.0625	208.0	39.3125	17.1875
11:30:23.244548	1.1875	-0.9375	-6.6875	9.5	6.0	-39.375	-235.125	1.4375	-28.0625	192.9375	33.0	22.5625
11:30:23.254615	0.1875	1.0	-5.5625	10.4375	3.0625	-37.4375	-231.8125	-0.5625	-29.6875	193.5	27.0	22.0625
11:30:23.264743	-0.625	2.6875	-4.125	9.875	-4.1875	-34.875	-226.125	-3.75	-30.25	197.1875	20.3125	16.4375
11:30:23.274881	-1.5625	3.75	-2.6875	13.125	-4.5	-30.6875	-218.125	-8.3125	-29.75	199.1875	25.0	15.5
11:30:23.284945	-2.5	3.0625	-1.6875	17.5	-2.625	-26.4375	-208.4375	-14.625	-28.8125	193.375	22.0	16.4375
11:30:23.295034	-2.9375	1.875	-0.8125	23.6875	-1.9375	-23.6875	-197.625	-22.25	-28.375	181.75	17.9375	12.5625
11:30:23.305103	-2.8125	0.25	0.3125	29.0	-4.25	-21.5625	-186.1875	-26.6875	-27.5625	164.3125	18.5	10.875
11:30:23.315250	-2.25	-2.0625	0.6875	31.125	-10.5625	-19.6875	-174.125	-30.3125	-25.8125	145.875	8.5625	11.0625
11:30:23.325385	-1.1875	-4.125	1.0625	27.375	-24.6875	-18.125	-158.25	-32.25	-23.125	125.5625	-11.625	8.1875
11:30:23.335437	-0.5625	-5.8125	1.8125	20.75	-39.6875	-15.125	-140.1875	-35.8125	-20.0	107.75	-27.5625	5.5
11:30:23.345511	-0.375	-7.1875	1.9375	15.0625	-52.3125	-13.875	-122.1875	-42.75	-15.625	94.875	-38.8125	5.0625
11:30:23.355576	-0.625	-8.625	2.6875	11.0625	-64.1875	-15.1875	-101.75	-48.1875	-11.75	80.5625	-50.0	6.0625
11:30:23.365649	-1.0	-9.75	3.8125	11.25	-67.25	-15.5	-80.9375	-53.5625	-8.375	62.3125	-58.8125	5.25
11:30:23.375803	-1.875	-11.3125	4.8125	12.4375	-61.4375	-16.375	-60.4375	-56.0	-6.25	39.125	-61.375	3.3125
11:30:23.385871	-2.5625	-12.1875	6.375	15.25	-47.3125	-16.375	-39.0625	-56.4375	-5.6875	24.8125	-61.0625	-1.4375
11:30:23.395959	-3.875	-14.25	6.5625	18.0625	-25.0625	-15.375	-16.125	-55.3125	-5.5	15.0	-58.5625	-8.0
11:30:23.406033	-4.25	-15.3125	6.8125	17.125	-3.8125	-14.0625	4.875	-50.125	-5.0	-3.6875	-51.875	-7.5
11:30:23.416108	-4.8125	-15.5	6.625	14.6875	8.5	-12.0625	23.4375	-42.75	-4.375	-20.625	-44.5625	-4.0
11:30:23.426284	-5.3125	-14.9375	5.75	11.0	12.1875	-10.375	40.5	-37.5625	-4.3125	-36.0625	-33.5625	-2.25
11:30:23.436374	-6.125	-12.375	5.625	7.5625	7.5625	-7.3125	55.25	-33.75	-5.125	-42.5	-35.6875	-4.875
11:30:23.446497	-6.5625	-11.0625	6.4375	5.125	-1.5	-5.5625	70.0	-26.6875	-7.125	-80.5	-68.125	-16.25
11:30:23.456609	-6.3125	-10.9375	7.1875	1.9375	-12.6875	-4.125	82.3125	-18.25	-8.75	-113.4375	-51.9375	-24.125
11:30:23.467137	-6.0625	-11.25	9.125	6.5625	-16.6875	-2.375	92.75	-18.75	-9.5625	-109.875	-5.5625	-14.5
11:30:23.477213	-6.5	-12.125	11.0	9.3125	-20.25	1.3125	96.9375	-20.625	-8.25	-61.375	11.75	-5.5
11:30:23.487342	-7.25	-11.875	12.125	6.625	-23.6875	3.3125	91.9375	-10.8125	-7.0	157.25	62.0625	-23.4375
11:30:23.497410	-6.875	-9.1875	11.875	13.5	-16.5625	4.125	66.0625	46.0625	-7.5	157.25	62.0625	-23.4375
11:30:23.507480	-3.75	-9.125	13.25	37.1875	18.4375	13.75	25.1875	46.8125	-5.875	-98.3125	132.375	-68.875
11:30:23.517581	-0.125	-10.9375	14.3125	48.5625	47.5	30.5	15.25	-24.125	-3.3125	-215.875	-230.1875	-53.375
11:30:23.527705	1.3125	-9.9375	12.75	50.3125	31.9375	37.5625	46.5625	-83.75	-12.3125	-187.8125	-262.5625	40.9375
11:30:23.538225	0.5625	-4.3125	9.5625	43.6875	11.625	29.25	73.25	-115.875	-21.9375	-163.8125	27.625	107.25
11:30:23.548536	-1.25	4.375	6.375	19.625	2.5625	12.0	72.3125	-73.25	-23.5625	-200.8125	65.3125	82.4375
11:30:23.558644	-2.125	14.25	3.4375	-3.8125	-6.375	-3.9375	64.5	-11.75	-17.75	-83.4375	-57.375	62.0625
11:30:23.569000	-1.6875	19.5	0.625	-2.25	-4.75	-7.5	72.0625	36.1875	-9.0	17.5	-3.9375	34.125
11:30:23.579080	-0.1875	17.0	-1.1875	13.125	25.8125	-0.125	75.0	43.625	-1.3125	50.0	-4.1875	11.0625
11:30:23.589166	2.1875	9.125	-1.875	28.5625	57.875	12.5	69.4375	25.6875	3.5	59.25	-10.4375	-15.5
11:30:23.599480	4.5625	-1.125	-3.1875	36.1875	62.875	21.0	67.875	-10.0625	0.75	0.0	-1.9375	-13.0
11:30:23.609572	5.3125	-11.625	-5.3125	47.3125	56.3125	24.3125	65.9375	-51.0	-7.1875	-77.0	-32.9375	-15.9375
11:30:23.619774	5.0	-21.0	-8.1875	54.6875	51.1875	21.875	60.5625	-56.25	-16.6875	-97.0625	-43.625	-12.125
11:30:23.630361	4.0	-28.5	-11.1875	55.625	51.375	18.5625	55.0625	-35.0625	-22.875	-92.375	-7.5	18.625
11:30:23.640426	2.875	-33.0625	-13.0	58.0	53.625	16.3125	53.4375	0.375	-22.6875	-55.625	4.75	31.5
11:30:23.650522	2.3125	-35.0625	-12.625	63.5625	43.75	16.5625	56.0	28.625	-17.5625	-27.5	-4.8125	7.75
11:30:23.660652	1.875	-35.125	-10.5	65.375	16.5625	19.0625	56.3125	39.875	-11.625	-14.5625	7.25	-1.5625
11:30:23.670745	1.5	-32.9375	-7.1875	39.0625	-47.625	23.375	54.625	32.8125	-7.3125	-19.625	11.4375	-1.625
11:30:23.681079	0.3125	-29.5	-2.4375	39.0625	-47.625	23.375	53.8125	12.3125	-6.75	-43.0625	-10.0625	0.5
11:30:23.691194	-1.0625	-24.5	2.25	15.625	-65.0625	20.5	51.8125	-26.0	-7.1875	-60.125	-19.125	5.125
11:30:23.701561	-2.4375	-18.0625	4.8125	6.875	-63.5625	19.5625	51.8125	-26.0	-7.1875	-38.5	-15.1875	12.3125
11:30:23.711665	-3.75	-12.375	6.5	4.375	-55.0625	19.375	52.8125	-41.0	-2.125	-21.25	-20.6875	15.5625
11:30:23.721783	-4.25	-7.625	6.375	28.125	-35.5	19.1875	51.0625	-26.125	-0.0625	-10.625	-18.875	10.8125
11:30:23.732458	-4.4375	-4.625	5.0625	47.0	-3.1875	15.6875	46.9375	-5.1875	0.375	-23.375	-0.5625	-4.625
11:30:23.742597	-4.375	-2.875	3.3125	64.25	26.75	13.375	45.1875	12.0	0.0625	-42.0625	11.625	-6.125
11:30:23.752714	-4.0625	-2.4375	1.25	68.6875	43.125	16.0625	44.375	19.625	-0.625	-54.0625	4.75	-2.0
11:30:23.762820	-3.375	-3.1875	-0.75	67.5	52.3125	19.625	42.1875	21.1875	-0.1875	-46.8125	2.3125	-1.375
11:30:23.772911	-2.5625	-4.75	-2.6875	60.1875	54.75	21.6875	41.75	20.8125	0.0625	-41.6875	8.1875	3.375
11:30:23.783036	-2.25	-6.0	-4.5	54.25	55.1875	23.1875	41.125	15.375	1.1875	-36.4375	7.0	9.375
11:30:23.793102	-1.9375	-7.25	-5.8125	49.25	56.25	21.625	40.5	11.5	0.875	-21.4375	5.1875	7.125
11:30:23.803548	-2.0625	-8.1875	-6.5	46.875	61.9375	22.3125	40.3125	4.25	0.6875	-18.375	-2.125	3.0
11:30:23.813622	-2.0625	-8.6875	-6.25	47.9375	70.9375	24.75	37.9375	-13.75	0.6875	-27.125	-4.3125	6.0
11:30:23.823713	-2.0625	-8.8125	-4.8125	47.5	71.4375	27.75	37.75	-24.5	-1.4375	-43.3125	-3.9375	5.4375
11:30:23.834255	-1.9375	-8.1875	-4.1875	50.625	62.125	29.625	40.3125	-15.4375	-3.625	-34.125	4.4375	1.125
11:30:23.844444	-2.6875	-7.9375	-2.4375	49.0	47.6875	28.0	40.75	1.1875	-3.5	-26.375	14.3125	0.4375
11:30:23.854538	-2.8125	-6.6875	-1.375	49.1875	37.5	27.1875	38.0	2.5625	-2.625	-25.0	13.8125	4.75
11:30:23.864611	-2.0	-4.5	-1.125	47.5	25.0625	28.8125	36.75	-6.25	-2.5625	-32.5625	7.8125	6.75
11:30:23.874679	-0.5625	-3.4375	-1.25	45.8125	13.8125	28.1875	37.25	-11.9375	-2.375	-21.8125	-2.0625	7.1875
11:30:23.884806	-0.5625	-3.4375	-1.25	41.625	5.1875	26.5625	35.5	-19.6875	-1.8125	-25.5	-5.0	8.75
11:30:23.894878	2.5	-0.8125	-1.0625	40.25	-2.8125	25.8125	32.625	-28.75	-1.5	-27.8125	0.5	9.25
11:30:23.905065	3.9375	0.0625	-1.0	41.125	-5.0625	26.0625	32.3125	-23.5	-1.5	-21.6875	2.625	11.125
11:30:23.915132	5.3125	1.125	-1.3125	44.625	-0.8125	28.9375	33.5	-10.1875	-0.5625	-11.5625	-6.6875	9.25
11:30:23.925560	6.3125	2.4375	-1.6875	48.125	8.1875	30.9375	29.8125	-3.625	0.1875	-18.375	3.5625	7.4375
11:30:23.935638	7.75	4.5625	-1.75	52.125	21.5	31.1875	26.8125	1.8125	-0.125	-23.875	9.875	10.5
11:30:23.945708	9.0625	6.8125	-1.375	54.625	30.5625	33.5	26.8125	1.8125	-0.125	-18.3125	-1.3125	11.8125
11:30:23.955783	10.125	8.5625	-0.625	55.6875	41.625	35.6875	30.4375	13.6875	0.6875	-14.5625	-9.625	8.5
11:30:23.965858	10.9375	10.6875	0.6875	55.5	52.0625	37.5	28.5	16.0	-0.125	-21.3125	1.75	8.1875
11:30:23.975926	11.375	12.75	2.375	52.0	54.875	39.375	28.75	20.0	-0.6875	-28.875	-1.8125	5.0
11:30:23.986035	11.375	12.75	2.375	49.75	60.625	39.125	32.5625	24.4375	0.3125	-23.5	-11.8125	0.625
11:30:23.996104	10.375	16.75	5.9375	47.0	63.0625	40.4375	32.0625	28.0	1.4375	-28.875	-16.5625	-1.0625
11:30:24.006177	10.1875	18.9375	7.625	44.5625	63.875	40.5625	31.6875	28.375	1.25	-39.5	-7.125	0.125
11:30:24.016248	10.4375	20.8125	8.25	42.0	56.9375	40.875	35.875	29.5	0.875	-47.9375	-8.75	1.625
11:30:24.026326	10.625	22.375	8.875	40.75	50.4375	40.6875	39.9375	29.8125	2.375	-41.8125	-18.9375	6.0625
11:30:24.036449	10.1875	24.25	10.25	39.0	45.875	39.25	40.8125	31.8125	3.4375	-47.9375	-10.5	12.4375
11:30:24.046519	10.5625	25.875	11.8125	39.4375	45.5	37.1875	40.8125	31.8125	3.4375	-62.0625	-2.8125	12.8125
11:30:24.056595	10.5625	26.0625	12.875	37.375	44.8125	35.25	40.8125	31.8125	3.4375	-66.9375	-11.5625	11.0
11:30:24.066667	10.25	25.4375	12.5625	32.8125	46.8125	33.1875	52.6875	41.375	6.75	-61.125	-20.25	12.125
11:30:24.076805	9.9375	24.375	11.625	27.875	46.3125	30.8125	52.6875	41.375	6.75	-69.5625	-16.3125	13.375
11:30:24.086929	9.875	23.5	10.3125	25.3125	40.9375	29.125	57.125	35.75	8.75	-82.125	-11.0	11.6875
11:30:24.097027	9.625	22.75	9.5625	20.25	36.75	27.8125	57.125	35.75	8.75	-86.6875	-22.75	9.4375
11:30:24.107100	9.0	20.875	9.3125	11.875	36.875	25.5	73.3125	32.6875	11.4375	-77.375	-34.125	7.625
11:30:24.117172	8.1875	19.9375	10.125	4.75	29.625	23.625	74.6875	27.5	13.375	-87.125	-32.4375	7.0625
11:30:24.127244	7.3125	18.625	11.25	-1.875	23.875	22.3125	74.6875	27.5	13.375	-102.8125	-33.5625	10.4375
11:30:24.137323	5.9375	17.8125	12.8125	-6.4375	25.75	21.8125	91.0	23.375	14.625	-96.4375	-41.75	7.25
11:30:24.147390	4.9375	17.5	14.75	-8.875	31.3125	20.25	91.0	23.375	14.625	-94.3125	-44.5625	11.0
11:30:24.157463	4.5	17.0	17.625	-12.0	35.0625	17.75	91.0	23.375	14.625	-112.8125	-44.25	19.3125
11:30:24.167765	4.5625	15.6875	20.125	-12.3125	36.8125	14.875	106.625	32.8125	15.25	-119.8125	-37.6875	22.875
11:30:24.177834	2.125	13.625	22.75	-14.1875	39.3125	11.125	114.3125	41.0	17.125	-119.6875	-30.0625	22.5
11:30:24.188346	-2.0625	13.75	26.625	-17.625	42.0	8.8125	117.5625	49.0625	19.9375	-121.75	-94.75	40.625
11:30:24.198410	-6.375	14.375	29.8125	-24.0	42.5	6.375	122.5	47.75	18.1875	-141.5625	-53.1875	69.3125
11:30:24.208500	-11.4375	8.6875	29.125	-38.1875	36.4375	2.8125	129.75	43.4375	15.875	-127.3125	-14.1875	67.75
11:30:24.218625	-12.0625	2.0	24.6875	-54.625	23.0	-1.8125	140.0	38.4375	12.875	-128.8125	0.125	88.6875
11:30:24.228756	-11.9375	-10.625	13.5	-73.5	3.4375	-9.6875	147.1875	67.625	12.8125	-146.625	40.0	110.3125
11:30:24.239552	-9.9375	-21.1875	2.6875	-94.25	-28.9375	-14.8125	150.5	116.1875	17.625	-166.1875	23.9375	97.875
11:30:24.250116	-7.8125	-24.8125	-5.0625	-115.5	-60.8125	-22.4375	149.4375	163.5	25.9375	-212.625	5.875	75.125
11:30:24.260204	-5.8125	-18.25	-9.9375	-137.3125	-78.375	-29.0625	145.875	174.9375	32.125	-264.1875	-54.1875	36.375
11:30:24.270323	-4.6875	-4.5625	-12.1875	-157.5	-84.6875	-34.0	139.3125	142.9375	33.0	-327.875	-97.75	13.25
11:30:24.281039	-3.5	12.25	-10.8125	-169.375	-72.6875	-40.6875	116.75	75.25	34.4375	-361.375	-104.375	3.25
11:30:24.291408	-2.75	22.125	-10.25	-168.5625	-11.75	-56.625	98.3125	6.75	35.875	-332.75	-234.0625	-7.3125
11:30:24.301523	-2.875	26.3125	-8.9375	-147.1875	15.125	-68.125	93.375	-30.125	30.625	-209.1875	-349.8125	-29.1875
11:30:24.312085	-3.75	26.125	-8.0	-116.75	21.375	-76.0625	94.0	-47.4375	30.25	-11.75	-56.0	-23.625
11:30:24.322213	-5.125	24.0625	-4.3125	-85.4375	29.5625	-82.75	76.3125	-26.9375	26.4375	53.1875	402.0	70.125
11:30:24.332376	-5.6875	20.625	1.375	-60.1875	26.25	-82.125	62.0	-6.25	20.75	97.4375	348.5625	43.6875
11:30:24.342485	-4.25	16.4375	7.125	-52.5	-2.5	-73.9375	62.0	-6.25	20.75	84.75	75.1875	-76.4375
11:30:24.353009	-1.375	11.6875	10.3125	-64.4375	-23.8125	-68.5	33.25	-5.75	16.75	60.0	-13.375	-89.5625
11:30:24.363082	1.6875	4.875	11.375	-74.125	-34.625	-63.3125	33.25	-5.75	16.75	76.9375	146.125	-62.375
11:30:24.373205	4.4375	-1.625	10.1875	-94.8125	-48.3125	-61.3125	-46.5625	-5.25	-2.0625	135.375	238.3125	-65.625
11:30:24.383750	5.875	-5.1875	8.625	-104.625	-44.1875	-61.8125	-46.5625	-5.25	-2.0625	221.75	164.8125	-104.125
11:30:24.393832	6.625	-5.5	5.1875	-110.8125	-49.9375	-62.375	-46.5625	-5.25	-2.0625	241.4375	68.75	-80.4375
11:30:24.403923	7.1875	-4.125	2.1875	-107.1875	-51.5	-61.25	-46.5625	-5.25	-2.0625	167.3125	40.75	-27.875
11:30:24.414031	7.625	-2.5	-0.8125	-99.6875	-43.5	-61.6875	-138.1875	-32.625	-28.0625	118.1875	51.3125	-18.6875
11:30:24.424161	7.9375	-1.25	-3.0	-88.3125	-44.6875	-59.3125	-138.1875	-32.625	-28.0625	167.9375	57.9375	-3.0
11:30:24.434238	8.3125	-0.375	-4.0	-74.1875	-48.125	-59.3125	-200.4375	-30.375	-22.0	227.8125	53.6875	9.125
11:30:24.444319	8.125	0.375	-3.25	-63.625	-52.375	-57.6875	-200.4375	-30.375	-22.0	252.9375	53.0	-11.5
11:30:24.454445	7.0625	1.0625	-0.9375	-62.625	-55.6875	-45.5625	-229.125	-16.375	-30.3125	273.625	65.0	-21.5625
11:30:24.464955	7.0625	1.0625	-0.9375	-64.875	-61.375	-35.5	-242.5625	-16.875	-32.6875	285.5625	80.125	-15.9375
11:30:24.475072	6.4375	0.4375	-0.4375	-66.5625	-65.4375	-29.1875	-242.5625	-16.875	-32.6875	274.5	84.3125	-5.1875
11:30:24.485141	5.125	0.9375	-0.75	-66.5625	-65.4375	-29.1875	-264.4375	-1.3125	-35.3125	251.125	93.125	8.3125
11:30:24.495359	5.125	0.9375	-0.75	-54.4375	-52.125	-30.4375	-270.0625	17.25	-34.5	239.25	95.125	20.75
11:30:24.505895	4.6875	0.6875	0.125	-36.9375	-40.5625	-32.0	-274.25	38.375	-31.75	245.0625	98.5	21.9375
11:30:24.515964	4.3125	0.125	0.4375	-16.0	-26.5	-34.625	-275.75	49.375	-29.6875	259.25	101.25	14.625
11:30:24.526094	3.4375	-0.5	0.9375	-4.1875	-12.75	-37.0	-275.0625	45.5	-30.4375	261.875	94.0625	13.6875
11:30:24.536161	1.6875	-0.75	1.9375	9.5	-2.4375	-39.125	-274.1875	33.25	-32.625	259.8125	82.0625	12.4375
11:30:24.546245	-0.0625	-0.4375	3.5	15.5625	3.0625	-39.4375	-274.1875	33.25	-32.625	247.0	69.375	6.1875
11:30:24.556340	-2.0	0.4375	5.5	16.8125	7.9375	-40.125	-266.375	10.0625	-34.0	241.75	60.875	9.8125
11:30:24.566409	-3.5625	1.8125	8.0	15.1875	9.25	-36.9375	-258.375	5.3125	-32.75	239.4375	42.9375	18.125
11:30:24.576477	-4.6875	2.75	10.75	16.8125	4.8125	-31.375	-258.375	5.3125	-32.75	234.8125	34.1875	17.375
11:30:24.586551	-5.4375	2.9375	13.0625	19.9375	7.6875	-26.875	-258.375	5.3125	-32.75	228.8125	30.9375	13.5625
11:30:24.596980	-5.9375	2.5625	15.3125	27.25	15.25	-23.3125	-225.125	-12.25	-25.6875	222.375	24.1875	9.125
11:30:24.607067	-6.0625	1.1875	16.8125	35.6875	17.5	-18.0625	-212.5	-21.375	-23.5	216.25	14.9375	3.375
11:30:24.617159	-6.125	-0.5625	18.125	35.375	11.0625	-20.5625	-196.9375	-23.625	-22.5	200.8125	12.375	-1.375
11:30:24.627305	-5.75	-2.625	19.0625	30.125	1.125	-19.1875	-196.9375	-23.625	-22.5	176.25	12.3125	-2.5
11:30:24.637388	-5.1875	-5.0	19.375	25.1875	-10.0625	-14.25	-162.5	-11.8125	-19.3125	155.5	14.3125	-2.125
11:30:24.647473	-4.5625	-7.5	19.125	21.5625	-20.875	-9.75	-140.1875	-8.5	-16.5625	138.5	7.125	-1.5
11:30:24.657537	-3.875	-10.25	18.375	17.125	-31.375	-6.0625	-116.1875	-12.8125	-13.6875	119.0625	-5.375	-0.5
11:30:24.667611	-3.5625	-13.0	16.75	12.6875	-41.1875	-6.0	-116.1875	-12.8125	-13.6875	96.5	-10.0	3.5625
11:30:24.677690	-3.375	-15.9375	15.3125	14.0625	-44.875	-8.0	-116.1875	-12.8125	-13.6875	76.6875	-12.5625	9.75
11:30:24.688078	-3.0625	-17.5	14.0625	16.875	-40.1875	-9.875	-116.1875	-12.8125	-13.6875	27.1875	-9.0625	6.4375
11:30:24.698157	-3.625	-18.6875	13.0625	15.9375	-27.875	-12.0625	-116.1875	-12.8125	-13.6875	27.1875	-9.0625	6.4375
11:30:24.708315	-4.125	-19.125	12.125	11.0625	-14.0625	-13.0	8.5	-13.6875	-8.0	6.0	-9.25	2.3125
11:30:24.718430	-4.5625	-19.8125	11.875	3.8125	-2.0625	-13.625	8.5	-13.6875	-8.0	-34.375	-15.5625	-0.875
11:30:24.729202	-4.5	-19.75	11.9375	-2.1875	4.1875	-14.125	49.625	-6.0625	-5.8125	-53.9375	-17.75	1.125
11:30:24.739337	-4.375	-19.75	11.875	-8.125	2.4375	-14.25	66.875	-11.4375	-5.8125	-69.3125	-14.75	2.3125
11:30:24.749457	-4.0	-20.1875	12.0	-9.875	-7.125	-13.625	81.125	-21.9375	-6.0	-75.5	-11.0	2.0
11:30:24.759591	-3.75	-20.8125	12.4375	-8.0	-19.4375	-13.3125	92.9375	-33.6875	-6.8125	-67.3125	-4.75	-17.25
11:30:24.770016	-3.625	-21.5	13.4375	-3.625	-33.125	-11.5625	102.25	-39.625	-8.9375	-138.5	-71.875	-71.1875
11:30:24.780154	-3.6875	-22.5	14.625	1.3125	-39.75	-9.5625	102.25	-39.625	-8.9375	-126.25	-74.75	-71.625
11:30:24.790226	-4.5625	-24.6875	15.8125	3.0625	-42.3125	-6.625	106.75	-54.4375	-8.9375	-62.3125	11.6875	-48.4375
11:30:24.800360	-5.625	-25.5625	17.1875	7.0	-38.5	-4.4375	97.75	-53.375	-5.4375	11.3125	-34.6875	-39.625
11:30:24.810465	-7.0	-24.6875	17.6875	18.625	-25.0625	-4.0625	70.875	-6.5625	-3.375	155.875	-116.1875	-39.3125
11:30:24.820917	-7.6875	-23.375	17.4375	44.8125	7.25	5.0625	24.0625	-7.375	-1.375	-47.75	-96.9375	-41.6875
11:30:24.831014	-6.125	-24.75	19.6875	58.5	34.75	24.0625	7.4375	-101.5625	0.5	-229.875	-255.9375	-27.1875
11:30:24.841119	-3.375	-28.0625	21.875	66.875	-2.125	29.625	40.9375	-157.75	-8.0625	-183.75	-257.9375	63.6875
11:30:24.851231	-0.5	-28.1875	21.1875	66.875	-2.125	29.625	71.0	-179.5	-18.875	-141.4375	-10.0	120.75
11:30:24.861320	1.0625	-22.9375	17.9375	2.5	-30.75	3.5625	68.8125	-116.8125	-20.0625	-172.1875	51.5	111.625
11:30:24.871391	2.125	-13.875	13.0	-13.625	-40.875	1.75	62.5625	32.9375	-11.125	-147.75	-54.0625	48.5
11:30:24.881509	2.9375	-5.0625	7.3125	4.625	-18.8125	11.6875	68.8125	66.375	-6.125	-85.6875	-67.5625	56.8125
11:30:24.891637	4.625	-0.3125	0.875	18.8125	19.0	24.625	69.1875	70.0	-2.3125	-2.9375	-28.375	37.0
11:30:24.901763	7.1875	-1.0	-3.8125	18.8125	19.0	24.625	69.1875	70.0	-2.3125	47.4375	4.4375	26.0625
11:30:24.912281	10.0	-6.8125	-6.8125	55.5	37.625	27.5625	57.6875	-14.5625	-6.3125	57.375	21.375	10.1875
11:30:24.922809	12.75	-16.25	-10.4375	63.1875	41.25	22.3125	55.3125	-54.6875	-15.8125	6.0	-0.0625	-3.4375
11:30:24.932877	14.1875	-28.1875	-14.5	62.5	60.3125	14.9375	53.1875	-56.3125	-24.5625	-66.5	-35.5	-9.0625
11:30:24.943003	14.1875	-28.1875	-14.5	75.25	70.3125	12.5	47.75	-29.75	-25.25	-89.25	-32.875	-1.75
11:30:24.953136	13.6875	-38.3125	-18.5	87.3125	57.0	13.875	46.9375	0.3125	-19.5	-104.75	-12.5625	5.1875
11:30:24.963804	12.375	-42.25	-20.125	85.1875	25.125	17.3125	50.875	14.1875	-13.5625	-89.125	-12.625	2.375
11:30:24.973911	10.1875	-41.5	-19.1875	70.125	-19.5	18.8125	52.25	10.625	-9.8125	-26.625	-0.6875	-0.625
11:30:24.984059	7.6875	-40.0625	-14.75	46.625	-69.6875	19.1875	49.1875	-0.625	-9.1875	12.75	9.6875	-1.5625
11:30:24.994208	5.625	-38.3125	-8.3125	24.4375	-102.6875	19.5	47.75	-10.625	-10.75	-5.25	6.5625	-12.875
11:30:25.004315	3.25	-35.9375	-1.875	7.1875	-110.25	19.75	49.8125	-22.625	-11.6875	-26.25	6.5625	-13.3125
11:30:25.014726	0.5	-32.4375	4.0	-7.375	-103.6875	20.875	49.625	-29.3125	-9.75	-47.5	-10.1875	0.0625
11:30:25.024812	-2.875	-20.0	9.9375	10.375	-85.375	25.8125	46.6875	-28.125	-5.4375	-45.5	-18.1875	8.3125
11:30:25.035441	-2.4375	-12.5625	8.25	52.875	-34.75	17.75	44.875	-23.8125	-2.3125	-29.75	-15.1875	11.75
11:30:25.045667	-2.4375	-12.5625	8.25	62.3125	16.3125	13.1875	44.0625	-14.3125	-1.25	-13.875	-6.0	17.0625
11:30:25.055872	-2.25	-3.8125	2.625	83.1875	59.375	11.75	41.1875	-1.1875	-1.5625	-10.375	-6.5625	13.8125
11:30:25.065958	-2.125	-2.625	-0.4375	84.625	88.5625	15.375	40.875	14.1875	-3.1875	-18.6875	0.375	-2.625
11:30:25.076030	-2.0	-3.125	-2.8125	81.375	89.6875	22.6875	42.375	22.9375	-3.6875	-34.0	9.9375	-6.4375
11:30:25.086097	-1.4375	-4.1875	-4.8125	69.875	77.6875	28.375	41.125	26.4375	-2.5625	-38.1875	6.75	-3.5625
11:30:25.096166	-1.0	-5.875	-6.3125	57.6875	59.3125	25.1875	40.3125	30.8125	-0.3125	-36.875	-1.875	4.0
11:30:25.106250	-0.875	-7.1875	-7.75	47.6875	36.9375	22.5625	39.3125	31.0	2.1875	-29.1875	-5.4375	5.1875
11:30:25.116323	-1.8125	-8.0	-8.25	46.5	42.375	22.4375	39.1875	22.125	2.3125	-23.25	-3.1875	6.75
11:30:25.126392	-2.1875	-8.875	-8.0	46.8125	56.625	24.4375	40.5625	10.25	0.0625	-31.0	-0.9375	10.375
11:30:25.136467	-2.5	-9.8125	-6.8125	49.625	62.0625	27.3125	41.5	-2.3125	-1.5	-27.3125	-0.875	10.875
11:30:25.146570	-2.5	-9.9375	-6.0625	54.75	54.8125	28.25	40.1875	-19.875	-2.6875	-29.25	-2.1875	2.1875
11:30:25.156648	-2.0625	-9.875	-5.4375	60.0625	40.75	28.0625	40.125	-32.25	-3.3125	-27.5625	-3.25	0.6875
11:30:25.166720	-1.6875	-10.1875	-5.125	61.125	26.75	26.75	41.1875	-26.5625	-4.0625	-32.6875	0.875	5.0625
11:30:25.176786	0.0625	-8.875	-4.75	61.5625	17.75	27.125	40.4375	-16.4375	-3.6875	-25.125	-0.625	4.5625
11:30:25.186857	1.125	-7.125	-5.125	56.5625	13.5	26.75	38.5625	-16.125	-3.4375	-29.125	-1.9375	6.5
11:30:25.196932	1.125	-7.125	-5.125	51.3125	8.5	27.0625	38.875	-19.25	-3.75	-33.1875	-4.5625	12.0
11:30:25.207015	2.0625	-4.6875	-5.3125	44.5	2.0625	28.0625	38.25	-22.1875	-3.375	-36.125	-2.75	12.6875
11:30:25.217086	3.0	-2.0	-5.0625	37.625	-0.5	24.875	38.6875	-24.1875	-3.25	-29.75	-7.9375	8.375
11:30:25.227159	4.0	-0.3125	-4.625	43.3125	3.0625	25.0	39.75	-17.375	-4.125	-35.1875	-4.6875	8.625
11:30:25.237273	5.8125	1.5	-3.5625	43.0	1.5	27.1875	43.4375	-2.375	-4.875	-37.625	2.0625	7.625
11:30:25.247347	5.8125	1.5	-3.5625	47.1875	15.0	28.375	43.5	8.25	-4.0	-33.25	5.6875	5.875
11:30:25.257429	7.625	4.0	-3.125	49.1875	22.6875	27.25	41.0625	11.125	-3.375	-25.875	3.0625	6.5
11:30:25.267495	8.125	6.6875	-3.25	49.9375	30.625	25.625	43.4375	17.75	-3.1875	-34.0	8.4375	7.25
11:30:25.277580	7.8125	9.5	-2.4375	47.6875	46.6875	25.125	46.5	18.875	-2.125	-38.8125	8.625	9.375
11:30:25.288260	7.0625	12.375	-1.5625	45.6875	60.625	25.875	45.125	13.6875	-1.8125	-30.875	-1.875	3.875
11:30:25.298386	5.8125	14.3125	-0.8125	45.5625	68.75	27.1875	46.5625	12.3125	-2.5	-36.0	9.875	1.6875
11:30:25.308515	4.8125	15.75	-0.8125	43.5	64.5	29.0	50.8125	16.3125	-2.375	-40.0	9.0	-1.875
11:30:25.319057	4.25	17.375	-0.875	40.5625	60.1875	28.8125	53.5625	19.3125	-1.0	-30.1875	0.0	-6.625
11:30:25.329148	3.8125	19.3125	-0.6875	37.6875	53.1875	27.25	54.5	21.625	0.0	-39.125	-10.375	-6.375
11:30:25.339232	3.6875	21.0	0.0	35.625	44.125	26.1875	57.125	22.1875	0.25	-52.75	-10.5	1.875
11:30:25.349375	3.6875	22.0	0.8125	32.1875	35.8125	25.375	62.125	19.25	0.6875	-60.4375	-30.625	18.5625
11:30:25.359481	4.0625	21.5	1.125	27.3125	31.375	25.625	64.0625	18.3125	1.75	-56.6875	-16.1875	14.75
11:30:25.369601	4.5625	19.0	1.0	22.6875	33.3125	24.9375	63.3125	20.5625	3.0625	-70.25	-8.875	5.0625
11:30:25.379699	5.1875	15.875	1.0625	20.3125	33.25	23.5	72.1875	22.8125	5.875	-79.6875	-16.9375	6.25
11:30:25.389835	5.3125	12.5625	1.0	19.5625	33.125	22.75	72.1875	22.8125	5.875	-79.5	-21.25	7.5
11:30:25.400198	5.125	10.125	0.875	18.4375	32.75	22.5625	76.0	23.0	8.1875	-72.375	-34.0	9.25
11:30:25.410333	4.375	8.875	0.8125	17.8125	29.0625	23.1875	76.75	20.0	10.1875	-80.5625	-42.5	9.4375
11:30:25.420432	3.5	8.3125	0.8125	13.875	23.875	24.1875	87.875	18.125	11.9375	-89.375	-37.375	9.25
11:30:25.430543	3.0	7.4375	0.75	0.1875	31.375	24.5625	91.3125	24.1875	13.0625	-94.375	-41.25	10.5625
11:30:25.441062	3.0625	7.4375	1.6875	0.1875	31.375	24.5625	95.625	27.375	13.0625	-93.75	-51.0625	13.375
11:30:25.451230	3.375	8.0625	2.625	-5.0625	33.625	23.375	102.375	29.6875	12.5	-105.5	-47.0625	14.6875
11:30:25.461380	4.0625	9.8125	4.5	-7.75	33.8125	21.4375	109.75	35.625	14.0	-117.3125	-34.25	16.9375
11:30:25.471478	3.0	11.875	6.0	-12.6875	31.5	14.25	115.375	43.1875	16.0	-123.3125	-33.75	15.625
11:30:25.481949	-0.625	15.25	9.25	-16.8125	27.125	8.8125	121.1875	38.875	15.125	-114.8125	-66.25	11.75
11:30:25.492039	-6.0625	18.25	11.8125	-25.75	20.1875	1.875	127.9375	31.625	12.9375	-120.5625	-84.125	24.0625
11:30:25.502140	-10.8125	16.6875	11.4375	-38.5	9.0625	-5.8125	137.6875	28.5	9.75	-140.3125	-45.6875	45.3125
11:30:25.512270	-12.25	11.125	9.5625	-55.8125	-4.5625	-13.3125	146.625	52.5	9.3125	-141.3125	-34.5	48.75
11:30:25.522613	-11.875	-0.75	4.9375	-74.25	-21.625	-17.375	150.4375	82.0	10.5	-138.0	-17.375	58.5625
11:30:25.533233	-8.625	-12.0	0.6875	-96.1875	-42.625	-23.9375	150.5	114.0	14.6875	-148.0625	-19.8125	68.0625
11:30:25.543355	-4.0625	-18.375	-5.8125	-119.375	-59.6875	-25.25	150.0	146.9375	19.75	-163.9375	-30.875	82.5625
11:30:25.553445	-1.5625	-17.375	-10.75	-136.25	-72.5625	-24.6875	164.3125	183.3125	21.0625	-174.25	-2.875	104.4375
11:30:25.563545	-1.1875	-10.6875	-12.5	-153.125	-84.875	-19.5	152.0625	178.375	19.3125	-186.0625	59.5625	100.6875
11:30:25.573674	-1.25	2.0	-12.875	-168.8125	-74.625	-25.875	114.6875	139.8125	19.6875	-225.0	75.125	81.0625
11:30:25.584113	-1.5625	16.9375	-12.875	-177.5625	-33.9375	-29.9375	76.0625	73.1875	22.75	-301.125	-38.75	41.0
11:30:25.594570	-1.5625	30.6875	-12.5	-173.6875	9.4375	-45.5625	79.875	-10.9375	21.6875	-371.625	-109.1875	-0.625
11:30:25.604692	-1.9375	39.0	-11.6875	-152.75	20.875	-52.25	79.625	-38.375	15.1875	-369.375	-170.375	1.625
11:30:25.614769	-3.875	41.8125	-11.4375	-119.875	36.5625	-62.375	73.0	-18.125	15.25	-210.0	-368.25	-5.75
11:30:25.624873	-5.875	42.5	-7.75	-86.875	54.9375	-65.75	64.9375	1.0625	8.5	64.4375	-57.6875	-26.5
11:30:25.634945	-6.25	41.8125	-2.25	-64.0	56.3125	-65.6875	41.8125	9.9375	3.1875	159.4375	430.75	78.4375
11:30:25.645018	-4.6875	38.75	3.6875	-50.9375	50.6875	-62.875	8.0	-2.375	3.25	137.9375	324.5625	82.1875
11:30:25.655094	-1.6875	34.375	9.6875	-48.3125	41.5	-59.8125	-16.75	-1.875	-1.8125	42.8125	-5.4375	-50.0625
11:30:25.665177	1.4375	27.4375	13.625	-61.6875	28.1875	-59.125	-36.6875	-0.25	-12.5	50.625	-25.4375	-82.625
11:30:25.675848	4.4375	19.9375	14.0	-71.625	13.625	-58.5	-56.9375	-11.25	-24.0625	71.75	172.3125	-67.4375
11:30:25.685969	6.5625	13.1875	11.75	-82.0	-9.9375	-58.25	-80.75	-28.0	-33.8125	140.375	202.0	-82.375
11:30:25.696516	8.125	8.5625	6.3125	-91.3125	-28.9375	-59.9375	-101.625	-42.125	-39.25	211.0	124.6875	-86.1875
11:30:25.706586	7.6875	8.875	2.0625	-94.8125	-43.9375	-59.875	-123.25	-40.375	-38.3125	220.6875	77.0	-38.6875
11:30:25.716670	6.125	9.5	0.75	-94.125	-56.0	-60.5625	-144.3125	-27.375	-34.0	178.1875	90.375	2.5
11:30:25.726735	4.625	9.5625	-0.3125	-86.8125	-63.1875	-60.375	-167.25	-19.375	-30.0	178.0625	89.25	10.6875
11:30:25.737382	4.625	9.5625	-0.3125	-79.1875	-65.5625	-59.75	-185.375	-23.0625	-31.4375	209.0625	71.6875	23.375
11:30:25.747452	3.25	7.4375	0.0	-75.3125	-63.75	-56.4375	-198.625	-31.5625	-34.625	213.25	66.8125	19.125
11:30:25.757527	3.375	6.25	0.25	-62.6875	-54.25	-53.9375	-211.8125	-34.3125	-37.5	214.5625	60.8125	3.125
11:30:25.767604	3.5	5.875	0.0625	-64.125	-49.625	-43.5625	-223.875	-24.625	-39.1875	232.8125	64.9375	-0.625
11:30:25.777675	3.3125	6.1875	-0.8125	-56.4375	-44.4375	-35.25	-233.375	0.375	-39.125	239.4375	83.1875	8.125
11:30:25.788268	2.6875	7.6875	-1.0625	-52.1875	-39.25	-30.0625	-240.75	33.3125	-38.5	220.125	95.0	26.0
11:30:25.798363	1.5625	9.625	-0.4375	-45.625	-36.0	-28.625	-246.875	57.3125	-38.25	218.75	103.25	28.8125
11:30:25.808483	0.875	11.75	0.8125	-40.0625	-32.125	-30.5	-249.625	60.75	-39.25	226.125	106.4375	28.25
11:30:25.819087	0.1875	14.0	2.5	-35.4375	-26.6875	-33.75	-249.1875	50.0	-40.5625	232.25	99.8125	27.8125
11:30:25.829270	-0.3125	16.25	3.625	-29.8125	-16.8125	-39.25	-246.875	15.0625	-40.0625	233.3125	82.25	25.375
11:30:25.839400	-0.3125	16.25	3.625	-27.8125	-9.375	-42.1875	-246.875	15.0625	-40.0625	233.3125	82.25	25.375
11:30:25.849510	-1.25	19.625	6.375	-20.125	-0.75	-44.0625	-245.625	3.9375	-37.8125	225.6875	42.5	18.4375
11:30:25.860016	-2.375	21.0	7.6875	-12.3125	9.0625	-42.875	-239.25	-7.625	-32.0	215.8125	28.9375	15.875
11:30:25.870131	-3.125	22.5	8.3125	-5.625	19.3125	-40.6875	-233.3125	-9.9375	-27.8125	215.6875	14.3125	17.6875
11:30:25.880247	-3.6875	24.0	8.1875	1.1875	29.1875	-41.625	-227.0625	-11.3125	-23.375	217.625	7.0625	18.1875
11:30:25.890362	-4.375	24.4375	8.25	6.0625	34.125	-41.125	-218.875	-7.4375	-20.0625	220.0	-3.0625	6.5
11:30:25.900462	-4.8125	23.75	8.25	13.375	42.4375	-37.25	-210.125	-10.0	-17.875	226.0	-3.4375	-5.8125
11:30:25.911139	-4.75	22.5	8.125	18.5	44.4375	-32.8125	-200.75	-21.75	-16.625	213.0625	-5.9375	-9.0625
11:30:25.921824	-5.0	20.1875	8.6875	23.625	39.6875	-27.4375	-187.875	-34.375	-16.25	195.0625	-1.9375	-12.875
11:30:25.932027	-5.375	17.0	9.125	29.125	30.3125	-23.75	-172.6875	-41.625	-15.75	181.5	3.0625	-11.0
11:30:25.942226	-5.625	14.1875	9.1875	34.0	2.0	-20.5	-155.1875	-43.75	-14.375	163.25	4.25	-7.6875
11:30:25.952299	-5.9375	11.125	8.5625	29.3125	-13.0	-16.3125	-136.4375	-41.4375	-11.8125	142.375	5.125	-4.75
11:30:25.962370	-5.9375	6.8125	7.6875	21.375	-29.5625	-10.875	-116.375	-37.4375	-9.25	119.1875	2.4375	-4.9375
11:30:25.972487	-6.1875	2.5	6.0625	14.1875	-47.375	-7.1875	-93.5	-34.1875	-6.5625	97.4375	-9.5625	-6.25
11:30:25.982932	-6.4375	-1.5	3.625	8.125	-62.5625	-5.5	-68.125	-35.9375	-3.9375	76.0	-24.25	-7.625
11:30:25.993165	-6.4375	-6.0	0.75	6.5	-69.8125	-6.25	-42.125	-38.5625	-2.0625	59.75	-35.0625	-7.9375
11:30:26.003288	-6.5625	-10.3125	-0.75	11.6875	-60.1875	-8.75	-17.0625	-40.75	-1.0	38.625	-39.5	-5.5625
11:30:26.014924	-6.875	-13.25	-1.875	11.875	-42.4375	-9.875	7.125	-41.875	-0.375	16.625	-44.6875	-2.4375
11:30:26.025050	-7.6875	-14.9375	-3.125	7.375	-26.4375	-9.75	29.625	-42.75	-0.125	-3.375	-47.125	-2.0625
11:30:26.035208	-8.5	-14.625	-4.0	2.125	-14.125	-8.5625	49.0625	-42.1875	-0.6875	-19.5625	-46.5	-3.4375
11:30:26.045276	-9.1875	-13.25	-3.875	-4.4375	-9.4375	-6.6875	65.5	-37.6875	-1.75	-23.4375	-52.0625	-8.8125
11:30:26.055343	-9.5625	-10.6875	-3.5625	-5.8125	-11.25	-5.25	79.875	-32.9375	-3.6875	-86.5625	-100.5	-27.875
11:30:26.065420	-10.0625	-8.875	-4.0625	-0.375	-15.875	-4.4375	91.5625	-35.5625	-4.9375	-106.625	-83.875	-35.875
11:30:26.075494	-10.3125	-7.75	-4.125	3.8125	-23.8125	-2.875	96.75	-32.875	-4.5	-119.1875	-41.625	-36.1875
11:30:26.085564	-9.875	-8.0	-4.0	5.75	-31.0	-2.8125	85.8125	3.1875	-3.9375	-76.5	-20.75	-30.4375
11:30:26.095765	-9.5625	-7.625	-4.5625	15.6875	-32.625	-3.5	48.25	37.8125	-2.625	93.0	-74.875	-30.0
11:30:26.105831	-7.0	-6.1875	-4.75	35.375	-4.4375	4.8125	22.3125	-67.8125	3.75	96.3125	94.5	-61.6875
11:30:26.115996	-3.6875	-10.4375	-3.0	38.125	18.8125	18.5625	39.8125	-137.75	0.9375	-150.0	-103.1875	-87.625
11:30:26.126075	-1.5	-17.1875	-1.1875	41.875	-1.25	24.8125	67.5625	-185.0625	-11.0625	-173.25	-386.125	-32.25
11:30:26.136147	0.375	-18.9375	-0.3125	40.3125	-3.1875	17.0625	70.0625	-141.3125	-15.5	-161.3125	92.0625	120.0
11:30:26.146261	0.125	-12.5	-1.0	19.1875	-10.0625	4.875	59.125	-70.875	-14.9375	-219.6875	-42.375	68.4375
11:30:26.156326	-2.5	13.3125	-12.8125	3.375	-16.3125	0.125	62.375	-4.375	-8.8125	-137.6875	-120.125	63.125
11:30:26.166437	-3.0	17.125	-18.5625	8.625	-1.125	5.5625	63.75	36.8125	-1.125	-23.125	-20.75	67.375
11:30:26.176691	-2.875	9.5	-19.625	28.4375	32.0	19.375	56.625	39.875	5.375	20.0	-11.3125	39.125
11:30:26.186938	-1.75	-5.3125	-18.8125	40.875	44.125	32.4375	55.5	21.125	5.5625	51.0	-24.5625	6.4375
11:30:26.197313	-0.375	-21.8125	-19.375	56.6875	27.4375	37.6875	54.4375	-12.8125	-0.875	57.3125	6.6875	0.8125
11:30:26.207379	1.0625	-36.6875	-23.4375	70.5	15.5	36.5625	49.0	-35.1875	-11.0	-37.8125	-11.875	-0.8125
11:30:26.217453	1.4375	-47.3125	-29.375	66.375	23.875	31.25	46.5625	-36.9375	-20.4375	-101.75	-65.125	-8.0
11:30:26.227607	1.125	-54.3125	-35.1875	63.9375	37.6875	25.0625	46.0	-7.0	-17.5	-107.9375	-34.625	15.0
11:30:26.238325	0.5	-57.75	-38.0625	74.625	39.375	20.625	46.0	-7.0	-17.5	-82.5625	6.625	30.4375
11:30:26.248458	0.5	-58.25	-38.375	83.0	17.625	19.8125	47.25	-4.5625	-5.5625	11.3125	-18.75	1.375
11:30:26.258605	0.375	-56.8125	-34.5625	83.0	-20.8125	24.6875	48.625	-22.1875	-6.5	17.25	7.875	-4.9375
11:30:26.269488	-0.125	-54.0625	-28.5625	68.1875	-61.875	28.0625	46.625	-34.5625	-8.9375	3.1875	4.8125	-11.5625
11:30:26.279953	-0.8125	-49.125	-22.4375	49.0	-93.0625	27.5	44.625	-48.4375	-10.3125	-41.5	-21.9375	-12.1875
11:30:26.290223	-2.25	-42.5625	-17.0	33.5	-107.875	25.5	46.1875	-60.125	-10.25	-55.75	-21.5625	-3.125
11:30:26.300328	-4.375	-36.125	-12.625	20.625	-109.6875	24.875	49.0625	-58.3125	-8.5625	-47.25	-16.875	9.25
11:30:26.310451	-5.875	-30.25	-10.0	11.4375	-102.25	24.75	48.0625	-39.3125	-6.0	-16.125	-12.25	7.6875
11:30:26.320595	-7.125	-25.875	-9.4375	25.6875	-87.0625	24.5	44.8125	-14.75	-4.25	-10.3125	-4.25	-6.625
11:30:26.331092	-7.6875	-23.0625	-10.1875	53.4375	-51.625	20.4375	45.375	7.1875	-4.5625	-18.375	7.3125	-7.25
11:30:26.341210	-7.1875	-20.3125	-12.1875	81.8125	22.5625	17.125	47.1875	20.75	-4.9375	-33.8125	3.875	-4.875
11:30:26.351345	-6.8125	-18.125	-14.5	73.875	42.9375	22.1875	46.8125	26.25	-3.9375	-46.1875	-2.125	-0.125
11:30:26.361467	-6.5	-16.625	-15.875	65.875	51.6875	27.125	47.4375	21.5	-2.625	-49.3125	-3.875	6.0625
11:30:26.372583	-5.625	-15.0	-17.9375	56.5	50.875	28.125	50.25	13.375	-1.375	-46.375	-10.1875	11.8125
11:30:26.382988	-5.25	-13.375	-18.25	48.5625	44.5625	25.5	51.4375	9.9375	-0.375	-32.125	-9.875	11.4375
11:30:26.393170	-5.3125	-11.625	-18.3125	47.4375	43.6875	22.6875	50.0	11.4375	-0.5	-28.5625	-5.375	-1.125
11:30:26.403887	-5.0	-10.1875	-19.25	47.125	41.25	21.5	50.125	10.5625	-1.625	-34.0	-0.625	-5.8125
11:30:26.413961	-4.4375	-9.0625	-19.5	49.125	47.5625	23.4375	52.125	7.125	-2.0625	-42.125	0.625	-1.0625
11:30:26.424210	-3.75	-8.6875	-18.9375	49.5	53.25	25.0	51.8125	9.6875	-2.0625	-36.125	-3.1875	0.1875
11:30:26.434858	-3.375	-8.4375	-17.8125	50.5	55.8125	25.5625	48.5625	10.0	-2.0625	-38.5625	0.9375	-1.6875
11:30:26.444929	-3.375	-7.5625	-16.4375	49.9375	50.1875	25.5625	47.375	4.625	-2.3125	-36.8125	2.875	0.875
11:30:26.455001	-3.25	-5.875	-15.1875	50.25	39.25	25.4375	46.5	2.25	-2.625	-45.4375	0.6875	8.9375
11:30:26.465075	-3.125	-3.875	-14.0	50.9375	28.5625	25.6875	46.5625	2.0625	-2.0	-39.75	2.8125	7.0625
11:30:26.475153	-2.5625	-1.6875	-12.9375	50.3125	20.5625	25.875	45.9375	-8.875	-0.8125	-36.25	-0.875	6.375
11:30:26.485262	0.0625	2.5	-11.9375	47.375	15.9375	25.3125	46.25	-22.6875	-1.125	-32.25	-7.9375	13.1875
11:30:26.495575	0.0625	2.5	-11.9375	45.125	11.9375	24.1875	46.375	-27.75	-2.5	-32.75	-9.8125	12.8125
11:30:26.505854	1.75	4.0625	-11.4375	44.5625	9.75	22.875	44.125	-26.1875	-2.9375	-31.9375	-8.875	4.4375
11:30:26.515926	3.0625	4.875	-10.5	43.875	10.1875	22.375	43.125	-28.375	-3.3125	-36.5	-1.1875	5.0
11:30:26.526061	4.5	4.6875	-9.25	44.5625	15.875	21.4375	45.1875	-24.4375	-4.5625	-38.0625	2.5625	6.75
11:30:26.536132	5.9375	4.3125	-8.125	46.75	21.3125	21.75	47.9375	-12.8125	-4.75	-29.0	3.3125	5.4375
11:30:26.546571	8.3125	4.875	-6.375	49.0	24.75	22.8125	49.875	-3.25	-4.625	-27.625	2.5625	7.375
11:30:26.556642	9.125	6.0	-5.25	50.0	27.75	23.875	49.75	-2.4375	-5.3125	-34.1875	3.8125	9.3125
11:30:26.566714	9.8125	7.75	-4.5625	49.4375	34.1875	25.125	48.625	-1.1875	-5.4375	-41.75	1.125	9.75
11:30:26.576817	9.75	9.25	-4.0625	46.1875	32.375	26.5	51.625	1.6875	-5.125	-28.4375	-1.125	10.5
11:30:26.586900	9.4375	10.9375	-4.3125	43.5625	42.5625	27.3125	48.875	-1.125	-4.25	-31.4375	-4.75	8.625
11:30:26.596971	8.625	12.4375	-4.125	43.5	57.625	29.6875	47.0625	0.875	-4.8125	-35.75	-2.4375	7.25
11:30:26.607221	8.0	13.5	-4.0	43.3125	66.125	32.75	52.4375	7.1875	-5.3125	-36.75	4.9375	8.6875
11:30:26.617292	7.5	14.125	-5.0	48.125	68.625	34.5625	52.5	11.75	-3.9375	-22.5	-2.9375	3.4375
11:30:26.627403	6.25	15.0	-5.5	49.375	62.3125	33.625	49.3125	14.9375	-3.0	-28.8125	-13.6875	-1.5
11:30:26.637502	5.5625	16.0	-4.6875	49.3125	56.5625	33.0625	50.0625	18.25	-3.3125	-39.9375	-4.4375	-3.5
11:30:26.647569	4.75	16.0	-3.9375	47.1875	47.125	35.375	53.4375	18.5625	-2.375	-45.1875	-9.375	-6.8125
11:30:26.657642	3.75	15.5625	-3.375	46.3125	39.875	38.4375	52.375	19.625	-0.6875	-39.0	-22.375	-5.3125
11:30:26.667713	3.5625	13.6875	-3.3125	40.8125	34.5	38.8125	50.5625	19.1875	-0.3125	-53.25	-22.375	6.4375
11:30:26.677795	3.0625	11.875	-3.3125	38.1875	30.625	38.5625	51.875	20.75	-0.4375	-61.6875	-14.0	12.3125
11:30:26.688132	2.5	10.25	-2.375	37.1875	29.625	38.75	55.625	24.25	1.0	-61.8125	-21.625	10.0625
11:30:26.698240	2.5625	8.6875	-1.5625	34.0625	29.5625	38.1875	59.5	28.5625	4.9375	-72.9375	-22.1875	12.9375
11:30:26.708306	2.1875	6.5	-1.25	32.75	28.5625	36.5625	59.5	28.5625	4.9375	-81.3125	-20.125	10.625
11:30:26.718372	1.4375	4.8125	-2.1875	32.3125	26.8125	35.5	72.0625	27.5	8.25	-82.0625	-32.625	10.125
11:30:26.728492	0.625	3.4375	-3.375	30.75	27.0	34.0625	74.25	27.4375	10.5625	-82.0	-42.625	11.875
11:30:26.738562	-0.75	2.4375	-5.125	23.75	24.4375	33.0625	78.25	26.875	11.125	-95.5625	-37.1875	13.0
11:30:26.748680	-2.1875	2.8125	-6.0	17.8125	22.0625	30.125	86.5	27.5	11.9375	-103.875	-37.9375	12.625
11:30:26.758776	-3.25	3.625	-7.375	11.125	18.625	28.75	92.875	32.0	13.6875	-106.75	-40.625	13.3125
11:30:26.769432	-4.25	4.125	-8.625	7.0625	27.5625	26.3125	96.75	38.625	16.75	-108.0	-46.1875	13.3125
11:30:26.779601	-6.875	3.625	-8.6875	2.75	34.125	23.625	102.875	36.0	17.375	-117.125	-72.9375	10.25
11:30:26.790340	-11.375	3.4375	-6.5	0.875	39.75	17.5	113.5	25.125	16.375	-129.6875	-78.9375	26.0
11:30:26.800430	-13.875	2.625	-2.0	-0.6875	36.1875	12.4375	120.75	17.125	14.8125	-134.0625	-53.875	36.625
11:30:26.810525	-14.0	-2.6875	0.125	-13.75	26.4375	3.5625	127.5625	19.125	12.5625	-129.0	-48.6875	32.625
11:30:26.821219	-11.5625	-12.25	-0.0625	-15.125	19.3125	-8.8125	134.125	31.6875	9.9375	-143.375	-69.1875	40.0625
11:30:26.831364	-9.5	-23.0	-2.8125	-33.375	-2.25	-7.6875	141.0	48.5625	9.0625	-152.625	-49.5	73.25
11:30:26.841467	-7.0625	-26.4375	-7.375	-72.625	-33.5	-22.9375	152.0625	84.5	10.3125	-148.0	-10.5	91.0625
11:30:26.851558	-5.4375	-22.9375	-11.25	-96.25	-57.625	-26.8125	154.6875	123.4375	16.0	-149.9375	8.6875	101.0625
11:30:26.862104	-3.875	-12.8125	-13.1875	-117.25	-72.4375	-30.375	153.1875	153.0	21.4375	-161.875	6.0	95.9375
11:30:26.872176	-2.75	2.0	-13.3125	-135.0	-82.9375	-30.875	152.3125	164.8125	23.0	-196.5625	6.625	80.0625
11:30:26.882434	-2.3125	17.375	-12.125	-144.625	-84.375	-30.125	142.8125	146.75	22.75	-252.6875	-11.5	62.5625
11:30:26.892531	-2.6875	30.75	-10.9375	-152.875	-69.375	-35.4375	113.4375	96.0625	24.9375	-310.9375	-86.3125	21.8125
11:30:26.902980	-2.625	39.5625	-12.5	-164.5625	-29.625	-40.625	85.375	39.6875	25.0	-370.3125	-109.6875	12.375
11:30:26.913112	-3.875	41.8125	-16.0	-156.6875	24.625	-53.5625	78.0625	-17.3125	21.1875	-384.3125	-114.0	21.8125
11:30:26.923180	-5.625	39.75	-18.3125	-143.625	33.5625	-65.5	83.4375	-56.375	16.75	-284.3125	-310.125	-4.375
11:30:26.933861	-7.5	35.0625	-17.5	-113.9375	29.25	-70.9375	82.375	-37.9375	16.5	-0.375	-173.1875	-51.625
11:30:26.943949	-8.875	28.9375	-15.25	-84.25	21.0	-70.1875	80.0	-12.25	12.1875	-0.375	-173.1875	-51.625
11:30:26.954611	-8.625	21.5625	-10.375	-64.1875	22.5625	-68.25	58.9375	5.5625	9.0	180.875	374.75	69.75
11:30:26.964698	-6.375	14.625	-5.125	-61.0	11.125	-66.8125	20.125	3.375	7.4375	91.875	52.5	-22.1875
11:30:26.974846	-3.0	7.8125	-0.8125	-67.25	0.5	-65.625	-4.5625	-3.0	5.625	44.1875	-79.75	-76.3125
11:30:26.985026	2.4375	-2.0	2.8125	-78.4375	6.25	-65.25	-26.5	-9.5	-1.0	59.25	83.25	-66.0
11:30:26.995155	2.4375	-2.0	2.8125	-87.0625	6.25	-64.1875	-48.375	-28.8125	-11.9375	114.5	202.0625	-69.5
11:30:27.005224	4.5625	-3.375	2.375	-96.0625	-4.6875	-62.5	-73.0625	-45.0	-24.75	188.5625	159.5625	-82.875
11:30:27.015297	5.0	-2.375	1.0625	-99.0625	-22.8125	-60.3125	-93.5	-51.25	-34.0	219.3125	80.75	-63.1875
11:30:27.025853	5.5	-1.0	-0.375	-102.5625	-39.5625	-59.1875	-116.6875	-46.375	-36.75	175.0	63.1875	-10.25
11:30:27.036399	5.5	-1.0	-0.375	-97.5	-48.625	-59.25	-136.1875	-32.625	-34.375	127.75	75.0	-3.5
11:30:27.046880	5.6875	3.75	-3.375	-91.0	-57.375	-59.25	-153.0625	-25.4375	-28.125	127.75	75.0	-3.5
11:30:27.056951	5.8125	5.5625	-3.9375	-85.5625	-68.5625	-59.0625	-172.8125	-29.0625	-24.6875	127.75	75.0	-3.5
11:30:27.067025	5.9375	5.75	-4.0	-83.75	-75.0625	-56.9375	-188.625	-35.8125	-25.3125	127.75	75.0	-3.5
11:30:27.077096	5.4375	5.875	-3.125	-85.6875	-73.9375	-52.0	-203.5625	-33.0	-27.6875	228.75	58.6875	2.4375
11:30:27.087178	5.0	5.5	-1.875	-87.9375	-70.875	-45.0625	-219.9375	-29.75	-29.6875	231.4375	56.0625	-12.0
11:30:27.097250	4.0625	4.625	0.0	-89.8125	-71.0	-39.0625	-232.9375	-11.8125	-31.75	245.1875	94.6875	2.8125
11:30:27.107349	2.75	5.75	-1.0	-85.3125	-66.625	-35.75	-243.9375	18.8125	-33.75	245.1875	94.6875	2.8125
11:30:27.117421	1.9375	6.6875	-2.5	-74.5	-57.625	-34.4375	-252.1875	49.0	-36.0	245.1875	94.6875	2.8125
11:30:27.127519	1.0	7.625	-4.0	-58.5	-39.8125	-33.5625	-261.5	73.5625	-40.1875	245.1875	94.6875	2.8125
11:30:27.137595	-0.25	8.5625	-5.0	-38.5	-20.625	-34.4375	-261.5	73.5625	-40.1875	238.3125	148.5	27.625
11:30:27.147666	-1.6875	9.5625	-5.3125	-27.375	-1.875	-37.0625	-262.125	65.3125	-41.75	239.5625	141.5625	29.375
11:30:27.157732	-2.9375	11.0625	-5.8125	-18.8125	14.5625	-41.6875	-263.1875	56.4375	-42.75	239.5625	141.5625	29.375
11:30:27.167859	-4.5	12.3125	-5.25	-12.125	26.4375	-43.625	-263.875	51.1875	-43.5	237.625	98.1875	35.75
11:30:27.177926	-5.875	13.75	-4.3125	-11.4375	32.1875	-44.8125	-264.1875	48.875	-43.625	227.9375	78.875	34.125
11:30:27.188130	-7.375	15.0625	-2.625	-11.3125	34.3125	-42.625	-261.8125	44.4375	-44.375	223.375	57.0625	38.625
11:30:27.198199	-8.9375	15.8125	-0.25	-10.5	30.375	-37.0	-254.125	35.375	-43.3125	223.375	57.0625	38.625
11:30:27.208814	-10.125	16.0625	2.625	1.375	26.0625	-34.0	-244.875	25.0625	-40.125	223.375	57.0625	38.625
11:30:27.218893	-10.875	15.375	4.875	6.8125	18.125	-32.625	-234.25	12.75	-35.9375	219.5625	42.1875	29.8125
11:30:27.229460	-11.0625	13.5	7.1875	12.125	13.3125	-30.5625	-210.1875	-16.9375	-27.8125	219.5625	42.1875	29.8125
11:30:27.239590	-10.75	12.0	8.5	16.9375	9.625	-26.75	-195.5625	-26.4375	-24.5	194.25	25.8125	5.3125
11:30:27.249910	-10.1875	10.6875	9.5625	19.3125	1.0	-24.25	-180.8125	-31.5625	-20.5625	174.625	18.6875	-9.375
11:30:27.260200	-9.5	9.1875	10.0625	23.875	-6.125	-25.0	-164.0625	-31.1875	-16.8125	155.875	15.125	-6.8125
11:30:27.270344	-8.75	7.125	10.125	27.8125	-13.3125	-22.9375	-144.375	-30.9375	-13.0625	155.875	15.125	-6.8125
11:30:27.281074	-7.6875	4.6875	9.3125	28.125	-15.625	-20.8125	-123.625	-33.4375	-10.1875	155.875	15.125	-6.8125
11:30:27.291198	-6.75	2.0	8.8125	26.875	-18.625	-18.125	-102.8125	-40.3125	-7.6875	97.0625	-17.75	-1.5625
11:30:27.301795	-6.0	-0.625	7.8125	20.3125	-31.125	-15.75	-79.8125	-46.375	-6.25	97.0625	-17.75	-1.5625
11:30:27.311907	-5.375	-3.0625	7.75	20.3125	-31.125	-15.75	-58.75	-48.6875	-5.3125	52.75	-38.4375	-0.5625
11:30:27.321974	-4.375	-4.75	7.875	24.875	-27.1875	-13.125	-36.625	-47.125	-4.3125	33.3125	-46.6875	-1.25
11:30:27.332708	-4.125	-6.3125	7.3125	23.625	-21.375	-12.4375	-14.875	-38.875	-3.375	15.4375	-48.1875	-1.5
11:30:27.343073	-3.9375	-7.25	6.8125	16.3125	-16.9375	-10.625	5.1875	-30.125	-2.3125	-1.6875	-46.375	-0.875
11:30:27.353160	-3.75	-7.5	7.375	7.0	-16.0	-9.125	23.625	-23.6875	-1.75	-19.625	-41.4375	-1.25
11:30:27.363556	-4.1875	-7.125	7.3125	-0.875	-15.75	-8.75	40.125	-23.625	-1.125	-19.625	-41.4375	-1.25
11:30:27.373716	-5.3125	-6.4375	6.75	-5.0625	-14.625	-8.3125	55.5625	-26.5625	-1.75	-35.5	-38.8125	-2.3125
11:30:27.384266	-5.4375	-6.0	5.5	-5.1875	-13.25	-8.125	68.625	-30.0625	-2.3125	-35.5	-38.8125	-2.3125
11:30:27.394828	-5.375	-5.3125	4.75	-0.6875	-10.0	-6.5	79.1875	-32.3125	-2.8125	-82.1875	-73.8125	-33.75
11:30:27.404976	-4.9375	-4.9375	3.625	8.125	-7.25	-4.375	90.25	-36.4375	-3.375	-132.625	-61.0	-41.5
11:30:27.415332	-4.9375	-4.4375	2.375	14.8125	-7.75	-1.5625	99.5	-35.4375	-2.0	-132.625	-61.0	-41.5
11:30:27.425404	-4.0	-1.6875	0.25	17.3125	-9.875	1.5	93.5625	-1.625	-2.0	40.3125	-94.125	-12.8125
11:30:27.435478	0.3125	0.4375	0.0625	21.5625	-13.375	6.8125	57.6875	45.0	-1.125	40.3125	-94.125	-12.8125
11:30:27.445563	5.625	-0.875	2.5	31.3125	-10.625	15.0	30.3125	-39.375	5.5	143.4375	71.8125	-25.375
11:30:27.455632	7.25	-1.5625	3.25	34.0	-2.8125	21.375	40.3125	-101.6875	5.125	143.4375	71.8125	-25.375
11:30:27.465748	4.5625	3.5	1.1875	28.25	-4.625	18.375	65.5625	-140.625	-7.3125	143.4375	71.8125	-25.375
11:30:27.475816	0.375	15.3125	-2.8125	5.75	-8.1875	9.5	75.625	-114.5625	-14.625	143.4375	71.8125	-25.375
11:30:27.485895	-2.8125	29.0625	-7.9375	-8.8125	3.25	-0.3125	67.9375	-57.1875	-15.25	143.4375	71.8125	-25.375
11:30:27.495975	-4.5625	36.25	-11.0625	-3.25	14.625	-3.9375	65.0	2.125	-9.1875	-154.875	-307.5	-67.5625
11:30:27.506041	-5.1875	32.375	-10.0	5.875	28.6875	-2.3125	64.3125	51.25	-0.9375	-154.875	-307.5	-67.5625
11:30:27.516164	-3.5	21.75	-7.125	6.6875	43.6875	6.5	59.5	59.125	5.75	-224.9375	52.1875	92.4375
11:30:27.526236	-0.9375	9.625	-4.6875	18.5625	55.4375	18.5625	59.5625	43.25	6.4375	-224.9375	52.1875	92.4375
11:30:27.536311	0.9375	-1.4375	-3.6875	30.6875	55.1875	27.0	61.3125	0.5625	1.0	-224.9375	52.1875	92.4375
11:30:27.546458	0.9375	-1.4375	-3.6875	42.8125	50.8125	29.1875	54.8125	-45.6875	-7.3125	20.4375	9.875	-14.8125
11:30:27.556849	0.5625	-14.9375	-8.3125	52.6875	47.4375	25.8125	49.0625	-57.6875	-16.0625	-75.75	-47.8125	-32.3125
11:30:27.566918	0.8125	-18.4375	-12.875	57.9375	56.5625	18.0	48.1875	-38.0625	-21.1875	-75.75	-47.8125	-32.3125
11:30:27.576986	1.75	-21.4375	-16.75	67.0625	63.3125	14.875	45.9375	-7.5	-19.3125	-75.75	-47.8125	-32.3125
11:30:27.587082	2.75	-23.25	-17.875	69.1875	56.375	14.5	45.375	15.5625	-12.5625	-56.0625	-4.25	11.8125
11:30:27.597191	3.125	-23.25	-15.5625	65.5625	33.375	16.5625	46.6875	22.625	-6.5	-12.75	-7.6875	3.8125
11:30:27.607320	3.0625	-20.0	-11.6875	59.625	2.5625	21.25	48.25	13.625	-4.1875	-12.75	-7.6875	3.8125
11:30:27.617387	2.4375	-15.125	-7.1875	45.4375	-34.8125	26.375	46.75	4.125	-4.875	7.9375	8.9375	1.25
11:30:27.627462	1.625	-8.75	-3.0625	30.8125	-54.8125	27.625	43.875	-12.125	-6.1875	-27.8125	-9.0	-2.5
11:30:27.637595	0.3125	-3.0625	0.375	16.8125	-62.0	27.1875	45.375	-29.1875	-6.5625	-27.8125	-9.0	-2.5
11:30:27.647718	-1.25	1.0	2.8125	3.9375	-59.625	24.0625	48.1875	-37.0	-5.875	-62.625	-23.6875	22.75
11:30:27.657784	-2.625	3.5	3.9375	3.125	-47.25	22.625	48.0	-25.875	-3.375	-62.625	-23.6875	22.75
11:30:27.667859	-3.375	4.125	3.3125	37.25	-22.875	21.0625	45.375	-6.625	-1.8125	-8.0625	-5.8125	-3.125
11:30:27.678011	-3.0625	3.5625	1.5625	46.5625	9.875	18.375	44.8125	15.6875	-1.5625	-8.0625	-5.8125	-3.125
11:30:27.688145	-2.6875	2.3125	-0.125	51.3125	33.5	19.6875	45.125	31.25	-1.5625	-8.0625	-5.8125	-3.125
11:30:27.698581	-1.875	0.625	-1.1875	60.6875	54.6875	21.375	42.5	38.8125	-0.5625	-39.75	8.0625	-9.8125
11:30:27.708697	-1.0625	-0.9375	-2.0	64.6875	62.75	23.75	38.8125	37.8125	1.0625	-57.125	1.0625	-5.9375
11:30:27.719293	-0.1875	-2.3125	-2.75	61.375	64.625	26.3125	40.4375	21.25	2.375	-59.0625	0.9375	0.6875
11:30:27.729900	0.3125	-3.25	-3.6875	57.3125	62.5	27.625	40.0625	16.5625	3.0	-41.4375	-1.1875	6.8125
11:30:27.740017	0.5625	-3.4375	-4.0	54.5625	62.1875	27.8125	40.6875	10.8125	3.375	-41.4375	-1.1875	6.8125
11:30:27.750091	0.3125	-3.5	-2.6875	54.625	61.875	28.5625	41.75	4.3125	3.4375	-41.4375	-1.1875	6.8125
11:30:27.760758	0.8125	-2.8125	-2.3125	53.25	57.5625	31.125	41.375	0.4375	3.3125	-41.4375	-1.1875	6.8125
11:30:27.770852	1.25	-1.875	-1.875	49.6875	49.875	32.9375	38.125	1.0	3.625	-41.4375	-1.1875	6.8125
11:30:27.780949	1.6875	-0.5625	-1.625	45.125	26.0625	35.1875	36.25	-2.0625	3.5625	-41.4375	-1.1875	6.8125
11:30:27.791044	2.0625	0.4375	-1.5	45.125	26.0625	35.1875	36.6875	-6.0	2.5625	-10.8125	0.3125	-1.0
11:30:27.801328	2.5	1.125	-1.0	44.8125	15.8125	33.8125	37.8125	-4.0625	2.4375	-37.5	-4.25	8.4375
11:30:27.811446	3.125	1.6875	-0.75	43.875	4.5	32.625	36.6875	-5.5	2.375	-23.0625	4.5625	-0.0625
11:30:27.821565	4.25	2.375	-1.4375	46.3125	2.25	31.75	34.75	-14.25	2.4375	-21.375	3.875	1.6875
11:30:27.831661	5.1875	2.75	-1.3125	47.5625	4.5	29.9375	34.875	-20.6875	1.8125	-33.5625	2.375	2.4375
11:30:27.842339	6.8125	3.6875	-0.625	48.5625	8.25	28.875	36.4375	-15.3125	1.875	-21.25	1.8125	1.25
11:30:27.852467	8.4375	4.25	0.25	49.9375	13.0625	27.625	36.5	-16.0	2.3125	-21.25	1.8125	1.25
11:30:27.862567	9.875	4.125	1.5	47.9375	15.875	26.125	36.875	-21.3125	1.3125	-36.875	0.75	8.25
11:30:27.872769	11.375	4.25	2.625	45.6875	17.6875	26.1875	39.6875	-15.4375	-0.25	-37.375	6.0625	12.0625
11:30:27.882844	12.5	4.0625	3.6875	42.25	18.375	26.5625	40.1875	-6.8125	0.0	-21.5625	-1.625	4.75
11:30:27.893177	13.375	3.3125	4.6875	40.875	23.1875	26.9375	39.0625	-11.375	-0.625	-26.875	1.0	5.75
11:30:27.903575	14.125	3.125	6.375	38.9375	27.6875	28.75	38.875	-15.1875	-2.8125	-34.625	6.25	7.5
11:30:27.913660	14.3125	2.625	7.875	39.1875	37.3125	30.1875	42.625	-11.5	-3.25	-37.0	4.8125	6.4375
11:30:27.923772	14.125	2.1875	8.4375	41.0	44.75	30.9375	45.375	-7.125	-3.125	-37.0	4.8125	6.4375
11:30:27.934392	13.625	1.6875	9.1875	43.0	53.1875	32.3125	44.0	-6.625	-3.25	-26.4375	5.5	7.25
11:30:27.944503	12.625	1.75	9.125	44.75	60.125	32.5	43.1875	-0.5	-3.6875	-39.3125	3.3125	5.5
11:30:27.954619	12.625	1.75	9.125	44.9375	59.0625	33.0	50.125	1.0	-2.75	-32.0	4.25	8.875
11:30:27.964711	10.75	2.5625	7.875	44.25	50.9375	32.6875	51.3125	-2.5	-1.4375	-26.5625	1.4375	6.75
11:30:27.974837	9.5	3.375	7.3125	41.625	41.625	30.875	49.875	-1.1875	-1.6875	-28.5625	1.1875	3.4375
11:30:27.985024	8.0	4.6875	6.4375	37.1875	32.125	29.375	53.9375	1.75	-1.375	-36.8125	2.625	2.8125
11:30:27.995156	6.875	6.0	5.625	31.75	25.375	29.4375	55.6875	2.25	0.0	-31.5625	2.4375	0.5625
11:30:28.005653	6.0625	7.375	4.875	27.5	22.9375	29.5625	54.5625	4.6875	1.25	-31.8125	-11.0	-6.5
11:30:28.015758	5.375	8.5	4.5625	25.25	21.75	30.5	53.9375	7.125	1.25	-41.875	-10.5	-8.5625
11:30:28.025832	5.125	9.375	4.5625	23.375	19.125	30.5625	56.5625	8.9375	1.9375	-56.3125	-14.0625	-2.625
11:30:28.035905	5.1875	9.5	5.0625	25.5	21.25	31.375	57.1875	15.1875	2.75	-61.6875	-38.0625	5.8125
11:30:28.045978	4.625	10.25	6.125	26.375	25.375	31.0	55.75	20.5625	3.625	-59.4375	-21.1875	9.0
11:30:28.056055	4.9375	11.0	7.25	27.4375	28.9375	31.5625	56.9375	26.625	3.875	-69.0625	-7.4375	4.5625
11:30:28.066170	4.75	11.3125	8.0625	25.25	33.3125	32.8125	60.125	32.125	5.75	-75.0625	-20.4375	6.3125
11:30:28.076246	3.9375	10.9375	8.0625	25.25	33.3125	32.8125	61.1875	35.0625	7.6875	-70.9375	-23.4375	8.6875
11:30:28.086317	3.4375	10.625	7.5625	21.5	36.9375	34.375	63.375	32.875	9.1875	-70.9375	-23.4375	8.6875
11:30:28.096385	2.875	10.125	6.875	14.9375	38.1875	35.6875	66.4375	32.375	9.9375	-86.625	-30.25	8.625
11:30:28.106490	2.3125	9.375	6.25	11.0	42.25	35.0625	71.6875	32.125	11.4375	-91.5625	-33.625	10.1875
11:30:28.116557	1.875	8.375	6.125	9.0625	44.4375	33.4375	74.1875	34.4375	12.8125	-85.5625	-40.6875	12.5625
11:30:28.126625	2.0625	7.6875	6.25	7.8125	40.25	30.9375	77.625	34.375	13.0	-94.5	-40.5	11.625
11:30:28.136701	2.6875	7.1875	6.0625	7.25	33.9375	27.625	84.0625	34.75	13.0	-106.4375	-36.875	13.875
11:30:28.146771	2.0625	5.625	5.8125	4.3125	25.6875	24.125	90.625	37.625	14.0625	-110.9375	-37.8125	18.0625
11:30:28.156846	-0.875	4.25	6.75	2.25	22.4375	19.6875	94.0	40.375	16.25	-105.4375	-34.3125	18.625
11:30:28.166915	-5.0625	3.6875	9.3125	-2.6875	16.9375	14.25	96.9375	38.8125	17.0625	-111.5	-49.1875	11.75
11:30:28.176987	-8.625	0.8125	11.9375	-12.25	11.4375	8.75	105.4375	32.1875	16.0625	-121.1875	-79.5	17.125
11:30:28.187075	-9.875	-5.0	11.6875	-23.6875	1.9375	3.0	112.5	24.625	14.6875	-132.125	-53.4375	40.9375
11:30:28.197148	-8.625	-13.5625	8.3125	-34.625	-10.4375	-3.4375	117.875	23.5	12.125	-121.0625	-21.5	44.875
11:30:28.207230	-6.25	-23.3125	2.375	-50.25	-26.5625	-9.1875	123.375	36.25	10.4375	-117.0	-38.625	33.75
11:30:28.217302	-4.0	-27.375	-3.5	-66.1875	-42.0	-14.3125	131.8125	64.625	11.25	-138.4375	-33.4375	55.0625
11:30:28.227395	-4.0	-27.375	-3.5	-83.5	-56.875	-19.5	138.4375	92.25	14.1875	-148.6875	-11.375	79.5625
11:30:28.237469	-2.6875	-24.875	-9.125	-101.375	-71.6875	-26.4375	140.125	121.8125	19.4375	-150.6875	-15.625	89.9375
11:30:28.247593	-2.625	-19.125	-11.875	-118.8125	-81.8125	-28.6875	139.0625	146.125	22.875	-162.0625	7.5625	101.4375
11:30:28.257669	-1.8125	-7.625	-10.5625	-127.625	-75.0	-29.6875	144.9375	159.1875	21.5	-183.3125	52.8125	83.4375
11:30:28.267795	-2.0625	4.75	-9.8125	-143.6875	-82.625	-38.875	127.375	126.75	21.9375	-242.1875	17.5	47.8125
11:30:28.277929	-3.1875	14.3125	-10.8125	-155.4375	-53.6875	-43.1875	106.0	66.625	25.0	-324.75	-76.375	22.0
11:30:28.288303	-3.4375	20.6875	-11.5	-144.5625	1.9375	-55.375	89.5	21.8125	22.9375	-348.375	-107.5	-3.875
11:30:28.298454	-4.125	22.625	-10.8125	-132.3125	8.75	-55.4375	80.6875	3.5	18.75	-348.375	-107.5	-3.875
11:30:28.308569	-5.25	22.3125	-9.0625	-110.1875	7.5625	-65.5	78.8125	-17.8125	18.1875	-54.1875	-221.625	-60.0
11:30:28.318663	-6.3125	20.75	-6.875	-82.875	14.3125	-68.1875	73.375	-24.5625	19.3125	120.0625	210.0	11.5
11:30:28.328770	-6.5	16.875	-4.3125	-68.0	21.875	-66.3125	53.1875	7.3125	10.5	181.4375	335.25	82.3125
11:30:28.339487	-5.3125	11.4375	-0.875	-60.75	19.0	-63.0625	53.1875	7.3125	10.5	134.5	147.3125	-0.75
11:30:28.349627	-3.625	5.375	2.4375	-60.6875	8.625	-60.6875	-11.875	-1.4375	0.5625	60.3125	-10.625	-75.0625
11:30:28.360362	-1.625	0.0	3.9375	-67.8125	0.75	-58.3125	-11.875	-1.4375	0.5625	56.6875	26.75	-64.625
11:30:28.370476	0.375	-3.9375	3.5	-79.9375	-7.4375	-58.375	-35.625	-16.6875	-5.3125	116.25	145.1875	-52.4375
11:30:28.380598	1.875	-6.625	2.125	-89.6875	-21.3125	-57.5	-52.5625	-42.8125	-15.4375	212.3125	148.4375	-71.0625
11:30:28.390707	2.625	-7.6875	1.3125	-88.625	-30.125	-57.375	-74.0	-57.875	-26.0	257.875	72.6875	-68.25
11:30:28.400835	3.4375	-7.875	0.0625	-86.75	-53.1875	-58.25	-93.3125	-66.0625	-34.1875	210.3125	41.25	-14.75
11:30:28.411210	4.3125	-7.125	-1.9375	-86.75	-53.1875	-58.25	-112.3125	-67.25	-36.25	137.0625	43.25	-2.75
11:30:28.421313	4.8125	-5.8125	-3.375	-77.75	-68.0	-58.375	-132.25	-56.375	-32.3125	162.0	55.4375	-3.8125
11:30:28.431440	5.625	-4.9375	-4.1875	-77.875	-72.875	-55.75	-152.75	-48.0	-24.1875	215.5	51.8125	10.3125
11:30:28.442183	6.25	-4.875	-4.0625	-79.375	-73.5	-50.375	-172.0625	-43.0	-20.8125	233.0	55.5625	5.6875
11:30:28.452279	6.375	-4.4375	-3.3125	-81.625	-73.0625	-43.9375	-184.9375	-34.5	-23.75	234.875	69.75	-7.625
11:30:28.462379	6.5	-4.3125	-2.8125	-79.0	-69.8125	-38.3125	-199.25	-19.1875	-26.9375	232.125	82.4375	-9.1875
11:30:28.472790	6.0	-4.625	-2.0	-74.875	-64.6875	-35.3125	-213.375	0.8125	-29.5	226.6875	96.625	-0.1875
11:30:28.483192	5.4375	-3.75	-1.8125	-66.375	-53.4375	-34.875	-227.0	26.625	-32.0	216.3125	107.3125	12.375
11:30:28.493818	5.0	-2.5625	-2.6875	-55.0	-38.625	-35.1875	-236.0	49.0625	-35.1875	211.4375	113.25	21.375
11:30:28.504062	4.1875	-1.625	-3.875	-38.3125	-25.5625	-35.5	-242.75	64.8125	-37.25	218.625	116.3125	24.875
11:30:28.514137	3.4375	-1.125	-4.4375	-28.4375	-12.8125	-37.5	-247.3125	65.1875	-38.0	236.0	108.5	26.5625
11:30:28.524241	2.6875	-1.0	-4.75	-20.5625	-1.0625	-39.9375	-249.3125	49.8125	-39.0	236.5	91.1875	26.6875
11:30:28.534310	1.6875	0.0625	-5.1875	-16.125	6.3125	-42.0625	-250.6875	27.4375	-40.4375	233.875	71.0625	26.125
11:30:28.544381	0.6875	1.375	-5.3125	-12.3125	14.25	-45.5	-252.3125	6.5625	-40.375	235.875	49.625	23.875
11:30:28.554448	-0.75	3.0625	-4.5	-8.9375	20.3125	-43.1875	-251.75	-7.5	-38.875	228.625	39.5	21.375
11:30:28.564531	-2.3125	4.6875	-3.4375	-3.0	22.0625	-39.875	-249.25	-10.6875	-36.0625	223.875	32.8125	23.75
11:30:28.574629	-4.0	6.75	-0.9375	3.3125	19.625	-37.1875	-246.25	-8.9375	-33.25	227.8125	31.0625	21.5
11:30:28.584703	-5.8125	8.875	1.4375	8.5	14.875	-36.5	-241.5625	-6.625	-32.25	224.125	33.1875	12.1875
11:30:28.594777	-7.0	10.4375	3.0625	14.375	13.4375	-34.5625	-235.75	-5.0625	-30.75	217.4375	38.375	8.0625
11:30:28.604874	-7.6875	10.75	4.125	20.4375	12.9375	-32.4375	-229.375	-8.0625	-28.9375	213.875	35.75	7.1875
11:30:28.614956	-7.375	8.6875	5.9375	25.75	12.1875	-31.5	-222.625	-9.8125	-26.3125	209.5625	34.625	-0.5
11:30:28.625028	-6.375	6.375	6.5625	30.3125	6.5	-30.4375	-213.6875	-14.5	-23.9375	199.6875	34.875	-2.0625
11:30:28.635102	-5.25	3.75	7.25	34.4375	-4.25	-27.25	-203.9375	-19.0625	-21.875	184.9375	29.75	2.375
11:30:28.645175	-4.4375	1.6875	8.375	35.8125	-16.1875	-21.75	-190.25	-21.8125	-20.25	160.5	28.25	6.25
11:30:28.655271	-3.6875	-0.4375	9.5625	30.6875	-26.9375	-17.5	-175.25	-23.5	-18.5625	138.5625	21.8125	8.0
11:30:28.665430	-3.0	-2.125	10.625	25.375	-34.25	-13.375	-155.875	-24.125	-17.25	119.8125	6.375	9.0625
11:30:28.676012	-2.6875	-3.5	11.0625	20.0	-40.1875	-12.125	-133.875	-26.1875	-15.25	100.125	-11.375	8.8125
11:30:28.686082	-2.4375	-3.75	12.375	14.6875	-45.25	-11.5	-110.9375	-29.0	-12.25	80.25	-28.25	8.5625
11:30:28.696150	-2.875	-4.25	12.375	10.6875	-46.5	-11.375	-88.3125	-32.4375	-9.1875	62.5	-40.8125	8.0
11:30:28.706228	-3.5625	-4.75	12.4375	9.375	-41.1875	-11.6875	-64.875	-33.4375	-6.5	41.625	-47.5	6.75
11:30:28.716305	-4.1875	-4.8125	12.8125	8.875	-26.25	-11.6875	-40.5625	-31.3125	-5.25	19.875	-49.0625	3.9375
11:30:28.726375	-5.1875	-3.5	14.25	7.6875	-10.1875	-11.0625	-16.875	-26.875	-4.75	-0.4375	-42.4375	1.0
11:30:28.736449	-6.1875	-2.125	14.5625	7.625	6.5	-10.8125	6.5	-22.4375	-4.0	-22.375	-36.0	1.8125
11:30:28.746519	-6.4375	-0.6875	14.625	3.75	13.125	-9.75	27.875	-21.875	-3.375	-41.1875	-31.5	0.0625
11:30:28.756590	-6.125	0.375	14.3125	-1.75	12.8125	-8.9375	48.0	-24.8125	-2.8125	-57.0	-27.1875	-1.375
11:30:28.766701	-5.5625	0.75	12.0	-6.8125	6.6875	-9.125	64.0	-26.9375	-2.5	-57.8125	-23.0	-8.1875
11:30:28.776770	-4.9375	1.0625	9.0	-6.625	1.4375	-7.25	78.3125	-26.125	-3.0	-93.375	-46.625	-42.0
11:30:28.786845	-4.8125	0.75	5.6875	-2.6875	-3.0625	-5.5	89.1875	-24.0625	-2.9375	-147.125	-78.1875	-60.5625
11:30:28.796918	-5.0	-0.375	3.4375	2.8125	-10.25	-2.9375	98.375	-23.125	-2.8125	-122.0625	-37.25	-39.75
11:30:28.806995	-5.4375	-2.125	2.0625	8.0	-15.4375	0.1875	104.25	-31.625	-1.75	-57.25	-12.375	-19.0625
11:30:28.817079	-5.375	-3.0625	1.25	15.8125	-18.25	2.1875	102.25	-35.9375	1.5625	26.1875	-119.125	-22.5
11:30:28.827148	-4.1875	-1.4375	0.9375	32.3125	-8.875	9.5625	85.5	-8.8125	3.125	160.5	-54.875	-27.1875
11:30:28.837235	-0.75	-0.1875	3.0	42.375	24.125	23.9375	48.125	31.1875	3.9375	-25.1875	72.75	-53.5625
11:30:28.847311	3.3125	-1.25	7.625	41.0625	30.0625	33.625	17.5	-41.3125	6.0625	-188.75	-195.125	-46.8125
11:30:28.857408	5.625	-1.25	10.8125	47.1875	16.875	33.75	26.25	-106.25	2.625	-178.875	-300.0625	28.375
11:30:28.867505	4.6875	1.5625	9.75	39.3125	13.3125	24.6875	56.75	-145.1875	-9.6875	-174.5	-17.0625	103.0625
11:30:28.877661	2.375	10.0	6.625	11.625	3.5625	10.0625	71.0625	-126.9375	-16.6875	-208.875	86.625	97.0625
11:30:28.888166	0.9375	19.3125	1.9375	-2.125	-3.875	1.4375	63.75	-66.5	-16.6875	-77.8125	-78.3125	34.1875
11:30:28.898276	0.5625	25.5625	-3.3125	10.5625	8.5	6.0625	60.0	5.0625	-8.5625	-77.8125	-78.3125	34.1875
11:30:28.908353	1.25	25.4375	-7.375	25.0	32.125	17.4375	60.8125	50.75	-0.6875	40.125	15.0625	4.125
11:30:28.918483	3.0625	19.25	-8.4375	36.375	45.6875	27.0	61.8125	57.1875	4.3125	84.0	41.75	-12.0625
11:30:28.928553	5.5	8.3125	-8.0625	47.3125	51.375	29.6875	61.875	26.375	4.0625	4.5	-4.4375	-20.5625
11:30:28.939276	7.375	-4.0	-8.25	65.9375	57.6875	27.375	57.1875	-20.125	-0.8125	-87.9375	-63.0	-28.625
11:30:28.949488	8.0625	-13.625	-10.625	72.5625	67.3125	25.375	48.125	-47.5625	-18.4375	-100.8125	-41.3125	-8.5625
11:30:28.960129	8.4375	-18.8125	-13.875	73.1875	73.25	23.5	46.5625	-17.875	-21.1875	-83.8125	3.0625	24.0
11:30:28.970239	8.1875	-20.5625	-16.25	78.125	63.625	22.1875	43.5625	13.8125	-16.5	-62.625	-12.375	23.4375
11:30:28.980390	7.625	-20.3125	-15.875	73.4375	31.875	22.9375	44.875	28.4375	-9.3125	-15.375	-4.25	4.75
11:30:28.990509	6.6875	-19.5	-12.75	58.3125	-12.375	25.5625	48.3125	25.375	-4.875	3.9375	13.5625	3.375
11:30:29.001172	5.5625	-18.4375	-8.3125	24.0	-70.0	25.4375	48.1875	7.125	-4.0625	8.0	11.0	-9.4375
11:30:29.011282	3.9375	-16.75	-3.5625	11.8125	-74.25	25.0	45.8125	-8.125	-5.75	-30.8125	-10.1875	-12.3125
11:30:29.021384	2.375	-14.25	0.375	2.25	-63.375	25.4375	45.875	-22.375	-7.0625	-64.4375	-15.4375	-3.875
11:30:29.032031	0.625	-9.8125	2.3125	7.6875	-42.75	26.125	48.0	-28.125	-6.625	-54.875	-14.625	7.25
11:30:29.042159	-1.4375	-5.5625	3.9375	41.375	-14.8125	24.1875	48.3125	-24.125	-4.25	-24.0	-12.875	6.5625
11:30:29.052236	-3.5625	-2.0625	4.5625	52.6875	16.0625	19.375	46.4375	-12.5	-1.125	-13.1875	-10.375	0.375
11:30:29.062361	-5.1875	-0.0625	4.625	63.625	37.5625	17.125	45.5625	2.25	0.5625	-17.625	2.5625	-6.5625
11:30:29.072467	-5.3125	0.6875	3.6875	68.0625	54.125	20.1875	46.875	17.5	0.75	-33.1875	14.0	-9.5625
11:30:29.082985	-5.25	0.4375	1.5	64.1875	61.0625	24.6875	46.75	29.6875	0.6875	-45.5	4.375	-10.4375
11:30:29.093634	-4.4375	-0.375	-0.6875	57.125	60.6875	26.125	45.125	33.0625	2.625	-50.3125	1.6875	-6.625
11:30:29.103942	-3.5625	-1.5	-2.875	51.375	56.625	23.8125	44.6875	25.0	4.375	-50.875	0.3125	6.125
11:30:29.114043	-2.9375	-2.5625	-4.5625	46.4375	52.0	22.5	47.0625	16.6875	5.75	-34.25	-7.375	6.3125
11:30:29.124124	-2.4375	-3.4375	-5.875	43.4375	48.875	23.625	46.1875	12.8125	6.625	-31.1875	-9.0	-2.5
11:30:29.134195	-2.4375	-3.9375	-6.6875	40.875	47.125	26.125	44.3125	5.25	6.25	-28.75	-1.8125	-3.25
11:30:29.144274	-2.75	-4.3125	-6.625	42.125	49.8125	28.75	46.375	-1.25	5.0625	-32.1875	-0.75	0.5625
11:30:29.154361	-3.0625	-4.3125	-5.75	42.1875	46.5	29.25	48.125	-4.5	3.75	-27.5	-2.0	-1.0
11:30:29.164431	-3.0625	-4.1875	-4.4375	42.6875	36.5	29.375	45.875	-1.25	3.5	-35.0625	-1.3125	-3.1875
11:30:29.174509	-2.8125	-3.9375	-3.25	44.5625	25.1875	28.25	43.875	-4.0	3.5	-35.75	1.5	-1.1875
11:30:29.184578	-2.8125	-3.9375	-2.25	46.0	17.75	29.1875	42.9375	-6.1875	2.1875	-32.5625	8.875	2.5625
11:30:29.194649	-2.625	-4.5	-1.3125	47.6875	9.75	30.3125	41.875	-2.875	1.8125	-28.8125	6.75	-1.625
11:30:29.204726	-2.4375	-5.125	-0.9375	48.0	3.8125	30.875	38.125	-6.25	2.125	-32.75	2.0	1.25
11:30:29.214799	-2.0625	-6.375	-0.5	47.0625	0.3125	30.375	35.9375	-22.125	1.9375	-32.25	2.5	9.125
11:30:29.224913	-0.5	-7.6875	-0.5625	47.1875	-0.25	30.1875	33.9375	-35.0625	-0.375	-24.5625	-3.0625	7.625
11:30:29.234986	1.375	-9.0625	-0.8125	47.0625	0.9375	30.8125	31.9375	-36.0	-0.625	-21.6875	-12.0	1.6875
11:30:29.245102	3.0625	-10.125	-1.0	46.375	4.4375	31.25	32.1875	-33.1875	-2.25	-26.1875	1.875	3.0625
11:30:29.255172	4.875	-11.125	-1.1875	46.6875	6.75	32.125	34.0	-19.5625	-2.375	-31.75	10.375	3.0625
11:30:29.265249	5.9375	-11.6875	-1.1875	45.9375	8.5625	33.125	36.0	-7.5625	-1.3125	-18.875	-0.25	3.625
11:30:29.275323	6.75	-11.8125	-0.75	43.5625	10.4375	33.875	34.5	-5.0625	-1.375	-24.6875	-0.125	5.9375
11:30:29.285388	7.375	-11.5625	-0.125	44.125	17.0	33.0625	37.1875	0.4375	-2.25	-32.5	10.0625	6.5625
11:30:29.295463	7.75	-10.875	0.125	43.0625	18.625	34.1875	40.9375	2.1875	-1.75	-35.125	7.8125	8.0
11:30:29.305539	8.6875	-8.875	0.25	42.375	25.75	33.6875	41.625	3.5	-0.9375	-16.875	1.6875	9.25
11:30:29.315656	9.25	-6.625	0.8125	41.875	37.4375	35.0	39.75	4.125	-0.8125	-23.0	-1.875	6.25
11:30:29.325736	9.4375	-4.25	0.875	41.25	45.75	36.6875	42.1875	8.0625	-1.75	-32.5625	0.9375	4.3125
11:30:29.335807	9.1875	-2.125	0.625	42.75	52.0	36.8125	47.125	7.9375	-1.0	-34.625	1.375	4.6875
11:30:29.345874	9.0625	-0.1875	0.125	38.25	46.125	37.3125	47.25	9.625	0.125	-22.375	-9.625	0.3125
11:30:29.355947	8.8125	1.8125	0.0	37.3125	39.0625	35.5625	46.4375	10.125	0.0625	-29.5	-17.375	-3.5
11:30:29.366015	8.1875	3.75	0.0625	36.9375	30.1875	35.0	49.1875	10.0	-0.375	-41.5	-8.875	-6.0625
11:30:29.376098	7.5	6.0	-0.875	35.25	27.3125	33.6875	51.3125	11.0	0.1875	-48.4375	-7.1875	-6.125
11:30:29.386164	7.6875	8.4375	-1.3125	33.125	28.5625	32.3125	50.375	14.125	1.0	-48.0	-25.125	0.6875
11:30:29.396292	6.5	12.625	-0.6875	33.1875	29.5625	31.3125	50.0	15.4375	1.0	-53.25	-20.0	8.4375
11:30:29.406363	6.75	13.5625	0.1875	32.5	29.75	31.3125	50.0	15.4375	1.0	-60.9375	-6.5	6.75
11:30:29.416499	6.6875	13.375	0.75	29.1875	29.0	31.75	54.375	23.125	4.125	-64.4375	-11.0	5.25
11:30:29.426602	6.25	12.6875	0.5625	27.8125	28.25	31.6875	54.8125	24.625	6.1875	-59.5	-27.4375	7.75
11:30:29.436707	5.8125	11.1875	-0.0625	27.5625	27.5625	31.75	54.8125	24.625	6.1875	-69.25	-20.625	9.375
11:30:29.447369	5.1875	8.9375	-1.0	23.625	26.75	32.0625	63.125	22.1875	8.0	-75.8125	-23.375	8.125
11:30:29.457456	4.5625	6.5625	-1.875	16.6875	26.6875	31.5625	66.6875	24.125	9.375	-77.0	-35.5625	7.75
11:30:29.467584	3.9375	4.5625	-2.3125	12.1875	26.875	30.375	68.8125	23.4375	10.625	-73.9375	-41.0	10.0
11:30:29.477707	2.9375	2.9375	-1.9375	9.25	23.6875	29.0	71.4375	22.3125	10.9375	-86.1875	-36.75	9.25
11:30:29.487778	2.0	1.8125	-0.75	7.125	28.9375	27.1875	78.625	22.25	12.1875	-92.375	-48.3125	11.375
11:30:29.498002	1.4375	2.3125	1.0625	3.9375	31.9375	26.5625	82.25	25.4375	13.25	-92.375	-48.3125	11.375
11:30:29.508231	0.875	4.25	2.875	3.5	33.25	23.4375	85.3125	27.625	13.75	-92.375	-46.0	14.0625
11:30:29.518354	-0.125	4.4375	4.4375	6.125	33.3125	19.4375	89.9375	31.9375	14.375	-115.375	-31.25	12.0
11:30:29.528460	-3.3125	4.9375	7.3125	6.3125	33.375	15.5625	96.0	36.75	16.125	-108.9375	-69.4375	9.4375
11:30:29.538583	-7.75	6.8125	10.25	-0.25	28.3125	10.5	101.25	35.625	16.5625	-106.25	-69.5625	23.0625
11:30:29.549251	-11.0625	6.6875	12.0625	-9.0	18.0625	4.5	105.0	25.875	15.0625	-124.125	-25.375	37.5
11:30:29.559345	-12.375	1.375	10.4375	-18.125	5.875	-2.625	111.6875	20.0	11.25	-135.0625	-27.625	35.4375
11:30:29.569508	-10.625	-9.25	5.875	-32.4375	-5.9375	-9.375	121.875	27.625	8.5	-134.6875	-48.5	45.875
11:30:29.580253	-7.0	-20.25	-0.625	-51.0	-21.1875	-15.75	125.4375	42.9375	7.5625	-128.125	-20.125	71.0
11:30:29.590370	-3.9375	-23.9375	-7.75	-69.3125	-42.5625	-21.5625	139.5	101.9375	8.25	-131.0	17.5	83.1875
11:30:29.600472	-2.1875	-19.125	-13.0625	-105.25	-66.8125	-29.4375	145.1875	135.5625	13.5	-147.125	19.875	93.0
11:30:29.610576	-1.25	-10.5625	-14.6875	-105.25	-66.8125	-29.4375	144.6875	162.6875	18.6875	-167.125	17.875	107.1875
11:30:29.621058	-0.875	-2.4375	-14.1875	-119.6875	-73.625	-32.75	145.0	174.375	19.4375	-194.4375	44.375	99.5
11:30:29.631196	-0.875	6.0	-13.3125	-128.125	-73.0625	-29.8125	128.875	143.5625	19.875	-227.125	35.875	49.0
11:30:29.641318	0.1875	17.1875	-14.3125	-146.6875	-29.375	-42.3125	108.9375	81.0625	21.5625	-304.4375	-42.5	27.4375
11:30:29.651482	-0.6875	23.875	-19.3125	-151.75	24.6875	-48.75	95.5625	31.625	20.875	-361.25	-85.25	14.6875
11:30:29.662175	-2.125	28.125	-22.25	-141.5625	49.125	-58.125	86.5625	19.375	14.0625	-367.6875	-103.625	28.1875
11:30:29.672266	-4.125	29.875	-20.5625	-124.875	32.3125	-60.1875	78.375	14.625	11.6875	-326.3125	-245.25	0.5625
11:30:29.682390	-6.0	29.625	-17.625	-98.5	13.0625	-69.0	78.6875	-2.75	12.75	-183.75	-268.375	-37.375
11:30:29.692997	-7.6875	26.75	-14.25	-72.0625	12.4375	-68.3125	74.5	10.3125	9.0	64.875	122.3125	-11.3125
11:30:29.703114	-7.625	21.3125	-9.625	-61.125	8.5	-64.4375	61.6875	22.5625	5.3125	159.75	393.5625	73.625
11:30:29.713202	-6.25	14.0625	-6.25	-61.75	3.125	-64.5625	32.25	12.0	0.25	184.6875	237.875	32.5
11:30:29.723881	-3.9375	8.5625	-3.5	-69.0	-0.5	-64.125	-1.1875	-10.8125	-3.25	94.875	-3.4375	-54.8125
11:30:29.734421	-1.4375	4.6875	-1.625	-82.5	0.5625	-63.6875	-25.9375	-32.1875	-7.25	40.875	-27.5625	-59.4375
11:30:29.744483	0.75	2.1875	-1.5	-89.8125	-6.8125	-63.0625	-46.0625	-59.9375	-15.25	87.5	113.625	-43.25
11:30:29.754586	2.3125	0.125	-1.8125	-94.875	-22.25	-63.125	-66.375	-73.75	-25.1875	175.875	195.75	-52.1875
11:30:29.764653	3.125	-1.0625	-3.3125	-95.625	-36.3125	-62.75	-89.5625	-71.8125	-33.625	263.75	125.5625	-73.375
11:30:29.774728	3.25	-0.1875	-4.375	-88.8125	-50.0625	-61.5625	-111.0625	-68.4375	-39.125	264.1875	45.3125	-53.75
11:30:29.784843	3.0625	0.6875	-5.0	-81.9375	-58.375	-62.125	-132.125	-59.375	-39.1875	202.4375	41.4375	-5.6875
11:30:29.794931	3.0	1.4375	-6.0625	-73.8125	-62.8125	-60.9375	-152.0625	-43.625	-33.0625	141.0625	51.25	4.6875
11:30:29.805060	3.5625	2.25	-7.1875	-71.9375	-68.8125	-57.375	-172.75	-38.25	-26.1875	174.9375	35.1875	7.4375
11:30:29.815135	3.8125	2.375	-6.8125	-73.125	-70.5625	-50.8125	-189.4375	-39.125	-25.9375	224.4375	21.5625	16.0625
11:30:29.825250	4.125	2.25	-6.5	-77.5	-69.3125	-43.3125	-202.0	-34.625	-28.3125	249.6875	37.875	6.125
11:30:29.835334	4.75	1.8125	-5.75	-79.75	-71.125	-36.5625	-215.8125	-19.625	-29.4375	258.625	62.875	-5.4375
11:30:29.845403	4.3125	1.3125	-5.1875	-78.125	-67.1875	-34.3125	-227.9375	-3.3125	-31.0625	263.375	79.25	-5.375
11:30:29.855480	4.0625	1.375	-5.625	-70.0625	-59.8125	-33.9375	-240.5625	17.6875	-33.6875	257.25	98.25	4.25
11:30:29.865546	3.25	1.75	-6.6875	-57.1875	-47.25	-34.1875	-249.375	39.625	-35.375	231.0625	118.4375	17.0
11:30:29.875619	2.75	1.8125	-7.5	-41.5	-33.5625	-34.5625	-255.8125	58.5	-37.6875	214.0	129.375	30.6875
11:30:29.885700	1.875	2.125	-7.9375	-28.5	-20.6875	-35.75	-258.1875	70.25	-40.5	212.75	130.625	36.875
11:30:29.895773	0.125	3.625	-7.9375	-21.125	-10.1875	-37.625	-258.1875	70.375	-42.75	222.5625	128.875	31.9375
11:30:29.905846	0.125	3.625	-7.9375	-16.625	-0.75	-39.875	-257.6875	60.6875	-42.875	228.8125	119.75	29.875
11:30:29.915919	-0.9375	4.75	-7.3125	-15.25	3.9375	-41.25	-256.125	48.1875	-42.0625	223.5625	94.625	32.1875
11:30:29.925996	-2.1875	5.8125	-6.0	-11.5625	10.0	-40.5625	-252.5	34.875	-41.3125	219.5625	66.625	35.75
11:30:29.936076	-3.5625	7.0625	-4.75	-6.0625	15.4375	-37.5625	-248.3125	18.1875	-40.3125	223.0	49.125	34.1875
11:30:29.946145	-5.0	8.6875	-3.6875	-1.375	18.0	-35.1875	-243.0625	2.625	-39.125	227.625	43.0625	31.375
11:30:29.956245	-7.625	13.0625	-0.25	4.9375	17.625	-34.875	-237.9375	-9.3125	-36.625	226.25	31.9375	25.125
11:30:29.966376	-7.875	13.5	1.5	8.5625	16.0	-33.375	-232.1875	-17.4375	-32.75	215.9375	17.0625	17.125
11:30:29.976448	-7.9375	12.75	3.625	12.0	16.1875	-30.125	-224.4375	-19.75	-28.375	214.5625	12.0	11.6875
11:30:29.986553	-7.75	11.1875	5.6875	18.625	16.8125	-26.625	-216.3125	-19.4375	-23.625	216.5	11.125	0.9375
11:30:29.996627	-7.125	9.0625	7.3125	23.1875	13.75	-22.875	-206.4375	-20.0	-20.25	208.1875	9.625	-3.8125
11:30:30.006744	-6.625	7.0	8.375	28.0625	9.4375	-19.75	-195.3125	-26.5625	-17.625	195.1875	6.5625	-5.0
11:30:30.016980	-6.0625	4.8125	9.3125	31.5625	0.3125	-16.3125	-181.5625	-37.125	-15.5	177.375	3.625	-4.9375
11:30:30.027299	-5.125	2.875	9.8125	33.5625	-9.125	-13.625	-164.6875	-46.5	-13.125	161.3125	-0.4375	-4.4375
11:30:30.037427	-3.5625	0.875	10.0	33.4375	-18.375	-12.1875	-147.8125	-53.3125	-10.25	145.75	-6.8125	-3.75
11:30:30.047587	-1.9375	-1.0625	10.0625	31.375	-28.5	-9.0625	-127.1875	-55.625	-8.25	127.375	-17.5625	-3.4375
11:30:30.057998	-0.875	-2.625	9.5	30.5625	-33.75	-7.9375	-106.75	-57.0625	-6.625	109.625	-32.4375	-3.875
11:30:30.068114	0.25	-3.375	9.625	26.375	-37.375	-7.25	-83.5	-51.75	-5.375	91.1875	-39.8125	-0.75
11:30:30.078792	0.3125	-3.875	9.25	23.3125	-37.125	-7.875	-58.625	-40.4375	-5.0625	68.4375	-37.9375	4.6875
11:30:30.088891	-0.125	-4.75	8.625	19.9375	-30.25	-9.3125	-34.375	-29.75	-4.125	22.1875	-42.0	6.25
11:30:30.099002	-0.6875	-5.3125	9.125	8.0625	-11.8125	-10.8125	-10.75	-23.125	-3.625	-0.75	-38.4375	4.6875
11:30:30.109640	-1.4375	-4.5625	9.625	8.0625	-11.8125	-10.8125	12.5625	-17.0625	-3.125	-25.0	-32.125	2.3125
11:30:30.119750	-2.5625	-4.0	8.9375	0.4375	-4.4375	-11.0625	53.4375	-14.75	-3.0	-45.6875	-28.8125	0.8125
11:30:30.129868	-3.0	-4.125	7.0625	-4.625	-0.6875	-10.9375	70.6875	-18.6875	-3.5625	-61.75	-23.3125	0.8125
11:30:30.139951	-2.8125	-4.0	6.5	-8.875	-5.8125	-9.9375	84.3125	-22.5625	-4.0	-59.1875	-22.6875	-5.6875
11:30:30.150037	-2.8125	-4.0625	5.1875	-4.375	-9.625	-8.4375	94.375	-23.9375	-4.4375	-96.6875	-52.9375	-42.3125
11:30:30.160152	-2.8125	-4.375	3.1875	-1.75	-13.875	-5.625	103.625	-28.625	-3.6875	-138.5625	-88.125	-72.0
11:30:30.170286	-2.625	-3.8125	2.0	-0.3125	-18.375	-2.625	109.75	-41.0	-1.1875	-107.625	-50.5625	-52.25
11:30:30.180409	-2.375	-4.0	1.75	3.4375	-19.6875	0.9375	108.0625	-48.1875	2.6875	-66.625	-25.9375	-28.375
11:30:30.191011	-2.5625	-4.1875	2.625	8.5	-19.6875	4.8125	87.1875	-16.1875	4.875	6.5625	-97.75	-26.375
11:30:30.201698	-2.125	-3.5	2.9375	26.5	-8.75	10.0625	44.4375	4.0	7.5	155.9375	-67.375	-28.375
11:30:30.211767	0.5	-2.0	4.6875	52.5	15.125	20.0	13.25	-72.5625	10.375	23.1875	16.25	-40.9375
11:30:30.221858	4.1875	-2.875	7.8125	59.1875	30.1875	28.6875	25.875	-126.875	4.0625	-172.8125	-227.4375	-34.625
11:30:30.231929	6.5625	-3.625	8.5	50.0	25.0625	33.875	57.9375	-153.75	-8.8125	-184.6875	-319.4375	40.6875
11:30:30.242008	6.125	-1.0625	5.9375	43.0	25.6875	32.75	71.875	-119.5625	-16.3125	-178.125	-12.75	114.6875
11:30:30.252082	3.0625	5.0	1.375	29.9375	18.4375	24.4375	66.0625	-50.8125	-14.6875	-203.125	97.625	109.6875
11:30:30.262155	-0.25	12.5625	-2.875	3.75	-4.5625	12.5625	63.75	21.5	-3.875	-164.8125	-23.0625	38.4375
11:30:30.272231	-1.0625	16.75	-5.875	-4.6875	-9.125	8.5625	61.0625	54.875	3.75	-13.875	-18.5	20.25
11:30:30.282298	-0.4375	15.375	-7.1875	5.1875	9.25	16.8125	58.9375	55.0	7.75	41.5625	-11.0	-3.125
11:30:30.292425	0.875	9.9375	-6.875	22.6875	28.6875	27.875	60.5	28.3125	5.1875	67.875	12.75	-5.6875
11:30:30.302590	3.3125	2.8125	-6.25	37.5625	41.6875	33.125	58.1875	-14.9375	-2.3125	-14.0625	10.0	-12.0
11:30:30.312660	6.125	-3.75	-7.0	54.375	54.3125	31.0	50.75	-46.8125	-11.125	-107.4375	-47.4375	-23.4375
11:30:30.322748	7.4375	-9.5625	-8.75	70.8125	65.0	26.0	47.1875	-43.0625	-18.0625	-124.8125	-50.9375	-7.0625
11:30:30.332900	7.25	-13.8125	-11.5	81.0625	70.25	24.0625	45.75	-15.8125	-18.4375	-95.9375	-7.5	16.6875
11:30:30.343557	7.625	-16.875	-14.0	77.9375	65.125	24.4375	43.9375	14.5625	-13.25	-42.75	4.625	9.1875
11:30:30.353624	8.4375	-19.375	-15.125	79.5625	49.0	25.75	42.875	29.875	-7.625	3.0	-1.6875	1.6875
11:30:30.363750	9.3125	-21.0	-15.0	75.1875	23.0625	28.9375	44.75	27.625	-5.625	20.25	8.5	-1.25
11:30:30.373865	9.75	-20.75	-13.625	62.5	-11.9375	34.3125	44.9375	11.4375	-5.625	17.25	13.0625	-2.3125
11:30:30.384579	9.75	-19.0	-11.3125	40.1875	-38.8125	36.4375	41.5625	-3.6875	-5.875	-29.625	-12.5	-2.4375
11:30:30.394661	7.75	-12.6875	-4.8125	28.5625	-53.3125	35.625	39.5	-24.875	-6.5	-61.125	-24.875	6.375
11:30:30.404732	5.875	-8.9375	-2.25	16.0	-56.0625	33.375	42.75	-37.875	-6.8125	-50.1875	-18.8125	20.5
11:30:30.414804	3.75	-6.125	-0.125	5.75	-51.8125	30.375	45.4375	-32.4375	-4.625	-23.625	-14.125	23.6875
11:30:30.424880	3.75	-6.125	-0.125	10.125	-42.3125	28.125	44.375	-14.4375	-2.0625	-11.0625	-8.875	0.0
11:30:30.435562	0.5625	-3.75	0.25	44.875	-25.1875	25.625	43.8125	2.8125	-1.1875	-9.5	9.4375	-11.1875
11:30:30.445635	-0.25	-4.25	-0.875	57.4375	4.0625	21.0625	45.3125	16.6875	-1.4375	-26.625	9.9375	-11.875
11:30:30.455703	-0.5	-5.3125	-2.5	67.375	29.625	18.4375	45.5625	23.1875	-0.625	-39.0625	0.0625	-12.75
11:30:30.465778	-0.8125	-7.3125	-4.0625	71.0	46.9375	20.8125	43.8125	23.6875	0.25	-55.25	-2.0	-11.0
11:30:30.475846	-1.0625	-9.625	-6.0625	65.5	53.3125	24.375	43.5625	18.8125	0.9375	-59.6875	0.6875	-2.4375
11:30:30.485913	-1.3125	-11.6875	-7.4375	57.125	56.3125	24.5625	45.125	9.9375	2.25	-48.5625	-6.3125	3.5625
11:30:30.495997	-1.8125	-13.375	-8.25	52.3125	53.4375	23.0625	46.9375	5.5625	3.875	-33.375	-9.6875	-1.375
11:30:30.506074	-2.0625	-14.5	-9.0	46.3125	49.6875	21.75	48.0625	1.5	5.1875	-24.8125	-1.8125	-7.25
11:30:30.516146	-2.5625	-14.5625	-8.9375	43.375	43.375	24.3125	48.625	-3.8125	5.375	-32.9375	-1.1875	-7.25
11:30:30.526224	-3.375	-14.0625	-7.25	41.75	35.8125	27.4375	51.25	-5.5	4.6875	-39.5	-1.9375	-4.0625
11:30:30.536322	-3.875	-12.9375	-5.875	37.8125	30.6875	29.375	52.625	0.9375	4.375	-39.5625	-6.0	-5.375
11:30:30.546406	-3.875	-12.0625	-3.875	36.75	27.875	28.5625	50.1875	1.3125	4.25	-40.125	-4.875	-3.375
11:30:30.556475	-3.5625	-11.1875	-2.875	35.4375	21.1875	27.0	48.0	-5.1875	3.5	-50.4375	1.6875	6.4375
11:30:30.566566	-2.9375	-10.375	-2.375	35.625	15.25	25.0	48.4375	-14.375	2.5625	-44.0625	4.5	3.25
11:30:30.576725	-2.5	-9.9375	-2.1875	36.5	11.375	24.0	47.625	-22.8125	1.4375	-40.9375	-1.0625	-4.8125
11:30:30.586798	-1.75	-9.75	-2.375	37.75	9.625	23.8125	46.5625	-36.75	0.6875	-42.8125	1.6875	-1.125
11:30:30.596880	-1.3125	-10.125	-2.4375	38.25	7.25	22.3125	48.3125	-42.25	-0.375	-44.6875	8.625	1.6875
11:30:30.606988	-0.5625	-10.8125	-2.625	37.1875	3.4375	20.6875	51.0625	-37.5625	-1.5	-28.125	4.0625	-5.4375
11:30:30.617382	0.625	-11.4375	-3.0625	36.5	0.3125	18.6875	50.0625	-32.75	-1.125	-34.5	0.3125	-2.3125
11:30:30.627714	1.9375	-11.5	-2.5	31.875	-5.625	18.0	49.9375	-30.875	-1.5	-41.0	4.6875	4.125
11:30:30.637823	3.1875	-11.6875	-2.0	28.125	-11.0625	17.75	52.125	-26.25	-1.75	-38.9375	5.5625	5.75
11:30:30.647930	4.0625	-11.375	-0.75	27.3125	-9.5	19.0	54.75	-19.75	-1.0625	-25.75	-2.4375	5.6875
11:30:30.658093	5.0625	-10.75	0.75	24.4375	-6.6875	21.4375	51.875	-18.625	-1.375	-38.0625	-2.875	6.375
11:30:30.668162	6.0	-9.5	2.3125	24.0	1.625	23.375	49.8125	-15.875	-2.5625	-31.1875	7.5	6.0
11:30:30.678305	6.75	-8.1875	3.5	25.875	12.125	24.5625	52.9375	-9.5	-3.125	-31.1875	7.5	6.0
11:30:30.688672	7.4375	-6.1875	5.125	32.625	22.0	28.3125	52.3125	-2.1875	-2.25	-32.9375	-2.75	-2.5
11:30:30.699017	7.5	-4.0625	6.5625	38.0625	32.6875	29.3125	48.4375	3.5	-2.375	-39.8125	0.125	-2.375
11:30:30.709147	7.8125	-2.125	7.5625	42.75	43.5	29.75	48.0	7.6875	-3.0625	-30.75	-14.25	-3.625
11:30:30.719267	7.75	-0.5	8.6875	45.75	47.625	32.0625	50.75	8.75	-2.4375	-31.125	-25.25	-4.5625
11:30:30.729825	7.625	0.875	9.1875	47.125	49.1875	33.8125	49.125	10.1875	-0.9375	-43.25	-19.5625	-2.0
11:30:30.739956	7.3125	2.5	9.9375	41.25	38.5625	36.875	46.0625	7.375	-0.875	-52.875	-25.4375	4.625
11:30:30.750065	7.3125	4.9375	10.4375	39.0625	36.1875	37.6875	46.3125	7.125	-1.5625	-47.75	-22.1875	6.75
11:30:30.760187	7.375	7.625	10.6875	35.875	32.375	38.6875	48.25	9.4375	-0.5	-46.375	-17.375	4.9375
11:30:30.770759	7.25	10.25	10.5	34.375	30.625	38.125	47.1875	15.25	0.75	-59.5	-15.5	7.375
11:30:30.780879	6.875	12.0	10.25	35.3125	28.25	37.3125	48.1875	24.6875	1.375	-66.125	-14.4375	9.8125
11:30:30.791037	6.8125	12.8125	9.1875	33.75	26.125	36.875	51.875	29.0	3.1875	-60.125	-19.75	9.125
11:30:30.801707	6.5625	12.25	7.75	31.8125	23.9375	37.3125	52.0	30.0	5.0625	-63.5	-28.1875	9.0
11:30:30.811780	5.75	11.5	6.3125	29.9375	26.0	35.5625	53.125	26.75	5.625	-78.0625	-23.1875	10.4375
11:30:30.822033	5.9375	10.125	4.8125	27.375	26.625	35.25	58.5	25.0	6.1875	-81.8125	-27.4375	9.8125
11:30:30.832625	5.75	8.3125	3.1875	23.125	28.25	34.25	63.8125	23.25	8.4375	-73.0625	-42.9375	8.5625
11:30:30.842694	5.125	6.25	1.625	18.375	24.5	32.5625	67.375	21.3125	9.8125	-79.3125	-44.6875	10.1875
11:30:30.852778	4.5	4.75	0.125	15.3125	22.25	30.125	69.1875	20.1875	9.75	-93.0	-36.0625	12.0625
11:30:30.863040	4.0	3.3125	-0.6875	13.0	18.4375	27.4375	75.25	21.4375	10.5625	-97.8125	-41.375	12.375
11:30:30.873112	3.25	2.25	-0.875	11.5625	24.6875	24.5625	80.375	25.625	12.0	-89.875	-49.75	14.4375
11:30:30.883188	2.125	1.5625	0.125	7.0	29.0625	22.5	82.375	27.4375	12.875	-98.1875	-47.25	15.4375
11:30:30.893314	0.6875	3.3125	4.25	5.6875	30.75	20.875	86.6875	28.6875	11.875	-108.75	-35.25	20.125
11:30:30.903416	0.6875	3.3125	4.25	5.6875	30.0	19.8125	92.9375	32.3125	12.875	-114.0	-25.6875	22.5
11:30:30.913481	-1.0	3.75	5.8125	2.3125	30.875	16.75	96.8125	41.375	15.0	-105.0	-45.5625	12.1875
11:30:30.923740	-4.3125	3.3125	8.1875	-3.5625	29.6875	12.3125	100.5625	39.5	15.4375	-100.9375	-80.625	15.375
11:30:30.933844	-7.9375	2.125	12.0625	-12.625	23.0625	6.375	105.5	32.5625	13.8125	-128.4375	-42.625	42.125
11:30:30.943971	-10.0625	-1.5625	14.3125	-21.125	14.6875	-0.5625	113.1875	23.6875	10.625	-134.4375	-13.4375	45.125
11:30:30.954568	-9.8125	-9.0	13.3125	-31.6875	0.875	-6.5	121.375	30.5625	7.625	-124.1875	-32.3125	47.875
11:30:30.964661	-4.625	-30.1875	-0.0625	-47.4375	-19.0	-12.125	125.3125	46.75	7.375	-127.3125	-17.9375	69.6875
11:30:30.974760	-2.8125	-33.5	-8.75	-66.375	-41.3125	-17.9375	130.375	79.0625	7.5625	-137.8125	21.25	85.9375
11:30:30.984853	-2.0	-28.875	-14.625	-85.3125	-60.75	-22.125	136.5625	112.8125	11.1875	-148.8125	17.3125	93.1875
11:30:30.995322	-2.0	-19.6875	-15.9375	-102.5625	-68.875	-26.75	138.8125	142.625	16.625	-174.0625	16.5625	99.875
11:30:31.005725	-1.5625	-6.875	-14.3125	-116.125	-70.0	-30.5	136.375	163.5625	20.25	-186.375	61.4375	77.3125
11:30:31.015795	-1.75	5.1875	-13.25	-124.6875	-66.1875	-31.8125	135.0	171.1875	20.0625	-245.4375	36.4375	38.5625
11:30:31.025864	-2.0	16.5	-12.5	-128.625	-53.5625	-33.875	114.6875	118.9375	19.625	-333.6875	-64.4375	4.9375
11:30:31.035941	-3.0	22.5625	-14.75	-143.375	-43.0	-44.1875	95.0625	50.75	22.625	-356.8125	-113.8125	0.375
11:30:31.046011	-5.125	23.625	-15.625	-143.4375	5.375	-55.4375	87.125	9.4375	18.625	-335.9375	-181.375	17.0625
11:30:31.056090	-7.6875	23.0625	-13.8125	-130.8125	31.75	-58.875	84.25	-8.3125	13.5	-251.6875	-302.4375	1.3125
11:30:31.066156	-9.875	21.8125	-11.375	-119.125	20.0	-60.1875	83.375	-16.6875	16.0	-32.5625	-91.9375	-24.625
11:30:31.076226	-11.0	19.0625	-7.6875	-88.875	17.4375	-69.5625	79.875	-0.3125	12.3125	96.375	317.4375	45.375
11:30:31.086329	-10.1875	13.8125	-3.125	-65.6875	10.6875	-66.8125	70.3125	11.9375	7.0625	140.125	333.9375	59.6875
11:30:31.096398	-7.75	7.5	1.25	-65.1875	-1.125	-67.125	42.25	5.25	3.5625	120.625	64.5	-36.0625
11:30:31.106471	-4.5625	2.9375	3.1875	-65.75	-7.0	-65.9375	10.0625	-12.125	1.25	65.3125	-68.875	-73.125
11:30:31.117145	-1.75	-0.4375	2.8125	-75.8125	-14.5	-64.3125	-12.1875	-20.25	-2.9375	55.875	49.5625	-46.5625
11:30:31.127798	0.4375	-2.8125	-0.0625	-84.5	-10.4375	-63.75	-34.5	-40.3125	-9.8125	126.8125	177.8125	-43.9375
11:30:31.138003	1.625	-2.8125	-2.125	-93.3125	-14.875	-63.375	-54.25	-64.1875	-18.25	222.875	130.4375	-73.3125
11:30:31.148171	2.1875	-1.5	-4.125	-97.375	-24.1875	-64.9375	-76.25	-70.3125	-26.375	265.6875	31.5625	-85.375
11:30:31.158723	2.4375	0.0625	-5.75	-95.0625	-32.75	-66.75	-96.875	-71.5625	-32.625	221.9375	15.9375	-27.0
11:30:31.168792	2.625	1.5625	-7.5	-87.8125	-41.5	-68.0625	-118.25	-68.0	-33.5	161.25	30.3125	-5.9375
11:30:31.178903	2.5	3.125	-7.875	-79.5	-46.6875	-68.5625	-137.375	-56.8125	-28.6875	208.5625	21.1875	7.1875
11:30:31.189004	2.875	4.3125	-7.875	-72.0625	-55.4375	-69.125	-156.875	-57.875	-22.25	242.0625	29.375	2.125
11:30:31.199121	3.1875	4.3125	-6.8125	-72.25	-69.5	-60.25	-173.375	-62.8125	-21.1875	252.625	50.3125	-15.625
11:30:31.209758	3.375	4.875	-6.0	-72.25	-69.5	-60.25	-187.0625	-59.0625	-23.25	254.25	68.5625	-19.5625
11:30:31.220431	3.625	4.6875	-4.9375	-80.625	-73.5	-46.625	-201.75	-45.1875	-25.375	254.25	85.875	-10.25
11:30:31.230610	3.375	4.9375	-4.0	-78.5625	-70.5625	-42.9375	-215.0625	-25.875	-27.4375	239.125	96.625	1.25
11:30:31.240718	3.25	5.375	-3.75	-72.8125	-65.75	-41.0	-227.375	-3.375	-29.75	223.625	106.625	14.625
11:30:31.250825	2.5625	5.75	-4.1875	-62.0	-52.0625	-40.6875	-247.8125	45.375	-35.1875	212.5625	109.0625	27.0
11:30:31.261025	1.625	5.3125	-4.8125	-47.875	-36.75	-40.625	-253.0	56.0625	-37.4375	217.4375	104.375	28.0
11:30:31.271970	0.8125	4.4375	-5.125	-31.1875	-18.125	-41.5	-255.625	51.8125	-39.375	233.8125	95.0	22.5625
11:30:31.282078	-0.5625	3.6875	-5.375	-20.5625	-2.5	-43.4375	-257.0	38.5625	-38.8125	236.8125	80.125	23.4375
11:30:31.292545	-1.4375	3.125	-5.25	-12.6875	12.0625	-45.8125	-257.8125	26.125	-37.0	238.6875	62.125	26.4375
11:30:31.302644	-2.25	2.8125	-4.4375	-7.125	23.375	-47.6875	-257.875	12.9375	-35.4375	239.3125	46.5625	22.625
11:30:31.312716	-3.0625	3.0	-4.25	-4.0	29.5	-47.125	-257.3125	3.5625	-34.3125	235.6875	33.25	14.1875
11:30:31.322788	-4.125	3.125	-3.125	-1.0	29.875	-43.375	-253.625	-3.125	-32.875	229.5	31.0625	12.125
11:30:31.332961	-5.5	3.9375	-0.9375	2.625	25.5625	-40.625	-248.8125	-8.3125	-31.25	226.75	26.625	7.625
11:30:31.343042	-6.5	5.0625	1.0625	6.8125	18.1875	-39.0	-242.75	-11.3125	-28.75	228.375	26.375	3.375
11:30:31.353116	-7.125	6.0625	3.25	13.75	13.0625	-37.375	-235.625	-11.1875	-26.5	222.125	24.6875	4.0625
11:30:31.363190	-7.4375	6.5625	5.375	19.5625	10.125	-35.0	-226.0625	-9.5625	-24.25	211.3125	23.375	4.0
11:30:31.373265	-7.3125	6.1875	7.875	23.5625	6.5625	-32.875	-216.0	-10.375	-23.3125	196.4375	23.0625	3.0
11:30:31.383335	-6.6875	5.0625	9.5	28.1875	1.0	-28.25	-204.1875	-11.5	-23.9375	179.25	25.125	6.0625
11:30:31.393443	-5.9375	3.625	11.3125	30.75	-7.1875	-23.3125	-190.125	-15.75	-24.25	166.8125	28.625	10.3125
11:30:31.403514	-4.875	2.25	12.375	31.9375	-16.1875	-18.625	-174.5	-21.3125	-23.0625	144.1875	23.125	8.5
11:30:31.413596	-4.125	0.5625	13.125	30.3125	-26.125	-16.5625	-156.625	-25.625	-20.1875	129.6875	18.625	7.5
11:30:31.424115	-3.3125	-1.0	13.625	27.3125	-33.3125	-14.5625	-136.0	-28.625	-17.4375	113.75	6.8125	4.8125
11:30:31.434268	-2.75	-4.125	13.875	22.75	-40.8125	-13.1875	-114.875	-31.5	-14.625	95.5	-6.5	4.1875
11:30:31.444411	-3.125	-5.125	13.6875	17.6875	-44.125	-13.25	-92.4375	-33.8125	-11.875	74.9375	-9.1875	7.6875
11:30:31.454486	-3.75	-7.3125	12.8125	13.4375	-45.25	-13.125	-68.375	-31.8125	-10.4375	53.0625	-11.8125	9.8125
11:30:31.464798	-4.0	-8.5	12.75	11.125	-41.0	-13.625	-44.3125	-27.25	-9.1875	33.3125	-14.625	10.0
11:30:31.474988	-4.0	-8.5	12.75	10.5625	-30.5	-14.25	-21.3125	-21.4375	-7.875	11.0625	-17.0625	10.3125
11:30:31.485377	-4.875	-8.625	14.9375	10.0	-17.375	-14.125	0.125	-17.75	-6.25	-10.375	-21.0625	5.8125
11:30:31.495911	-5.75	-8.0625	15.0625	7.4375	-7.875	-12.875	20.4375	-15.3125	-4.5625	-26.875	-20.4375	1.5625
11:30:31.506568	-6.0	-6.875	15.25	2.875	-4.4375	-11.3125	39.4375	-14.6875	-3.6875	-26.875	-20.4375	1.5625
11:30:31.517169	-5.5625	-6.0	14.25	-2.4375	-6.625	-9.375	55.8125	-14.625	-3.125	-41.25	-19.0625	-4.625
11:30:31.527622	-5.3125	-5.125	12.625	-8.75	-10.6875	-8.3125	68.875	-14.5625	-2.8125	-75.8125	-45.6875	-26.3125
11:30:31.537710	-5.3125	-5.125	12.625	-9.5	-12.125	-7.625	79.5	-16.375	-2.625	-120.375	-72.1875	-38.625
11:30:31.547812	-5.0	-3.625	10.875	-7.0625	-11.8125	-5.3125	89.1875	-23.625	-2.0	-111.5625	-61.5625	-37.5625
11:30:31.557927	-4.75	-1.375	8.5625	-3.6875	-10.75	-3.0625	99.1875	-35.9375	-1.0625	-110.375	-53.9375	-31.4375
11:30:31.568057	-4.3125	0.5	7.4375	2.625	-9.1875	-0.0625	106.75	-43.5625	0.0625	-85.3125	-51.375	-21.0625
11:30:31.578776	-3.6875	1.5625	5.875	6.1875	-9.0	3.75	102.125	-30.875	0.75	22.3125	-86.375	-3.75
11:30:31.588865	-2.5	3.8125	5.1875	11.0	-10.75	8.625	74.75	11.1875	0.6875	-78.75	34.1875	-64.125
11:30:31.598991	-0.25	6.1875	5.25	30.3125	8.0625	18.6875	45.6875	-4.5625	4.0	-146.5	-240.0	-39.25
11:30:31.609094	4.0	6.3125	8.0	30.3125	8.0625	18.6875	41.25	-59.375	6.0625	-146.5	-240.0	-39.25
11:30:31.619342	7.0625	6.625	10.6875	26.875	14.4375	20.0	58.9375	-95.9375	-1.5	-182.5	40.1875	88.5
11:30:31.629730	7.5625	8.375	10.9375	14.5625	9.25	20.0625	72.9375	-104.75	-9.5625	-216.625	21.9375	80.0625
11:30:31.639850	5.4375	13.3125	9.0	13.0625	22.125	10.875	73.4375	-71.75	-13.0625	-136.0625	-57.9375	34.1875
11:30:31.649973	2.5625	22.0625	5.4375	13.0	29.25	9.25	68.375	-20.875	-10.625	-63.0625	-43.4375	33.4375
11:30:31.660155	0.25	30.6875	2.125	13.0	29.25	9.25	65.125	27.25	-3.375	-35.1875	-30.5625	14.5625
11:30:31.670715	-0.9375	31.625	-0.3125	29.6875	53.9375	23.5625	62.125	49.6875	1.8125	25.5	12.6875	-8.1875
11:30:31.680810	-1.0625	24.0	-1.75	41.1875	58.5	31.375	61.625	10.5625	1.375	64.625	40.125	-18.625
11:30:31.690955	0.25	12.4375	-2.125	56.4375	57.1875	33.9375	55.6875	-25.5625	-3.0	-6.875	-12.0625	-24.6875
11:30:31.701056	1.75	0.375	-2.625	64.9375	59.1875	31.4375	51.0625	-36.4375	-10.375	-76.0625	-53.375	-26.375
11:30:31.711169	2.3125	-9.75	-4.375	68.0	65.5625	28.125	51.0	-21.4375	-15.6875	-84.125	-26.5625	-7.5
11:30:31.721573	2.0625	-15.4375	-8.125	66.25	69.0	26.375	49.125	5.6875	-14.5	-70.1875	-3.125	19.125
11:30:31.731684	1.5	-17.8125	-11.4375	71.125	59.1875	25.75	47.5625	26.625	-9.0	-58.875	-17.375	18.5625
11:30:31.741805	1.1875	-17.875	-13.1875	69.0625	34.0	26.0625	49.25	29.125	-3.875	-24.75	2.4375	4.875
11:30:31.751956	1.125	-17.6875	-12.9375	55.75	-3.6875	30.1875	52.25	17.25	-1.5	-4.1875	11.0	2.6875
11:30:31.762182	1.125	-16.875	-10.4375	37.75	-33.3125	30.5625	51.375	1.9375	-1.75	-6.1875	0.4375	-5.8125
11:30:31.772589	1.0625	-15.625	-7.6875	24.75	-52.75	28.9375	48.5	-14.1875	-2.375	-45.625	-15.75	-6.5625
11:30:31.782655	0.8125	-13.4375	-4.5	14.125	-57.375	26.5625	50.0	-26.75	-2.6875	-57.3125	-21.6875	2.4375
11:30:31.792778	0.6875	-9.3125	-1.8125	6.5	-54.0	23.875	53.6875	-31.5625	-2.1875	-43.75	-16.8125	9.4375
11:30:31.802853	0.1875	-4.5625	0.4375	7.5625	-43.3125	23.5625	53.8125	-20.0625	0.0	-27.0	-10.8125	6.5
11:30:31.812961	-1.125	-0.75	3.0625	36.3125	-22.125	21.25	50.25	-5.6875	2.25	-22.875	-8.1875	-10.0625
11:30:31.823031	-2.75	1.8125	4.875	46.625	5.5625	19.0625	49.5625	8.4375	2.75	-28.6875	2.625	-15.5
11:30:31.833098	-3.75	2.6875	5.75	65.25	47.1875	19.5625	51.0625	20.8125	1.875	-47.25	9.6875	-10.375
11:30:31.843175	-4.5	2.125	5.75	61.4375	55.5625	23.5625	49.5	29.875	2.25	-59.125	2.875	-9.625
11:30:31.853249	-4.3125	0.8125	4.625	56.25	58.6875	24.9375	47.0	27.375	4.1875	-59.3125	0.8125	-1.6875
11:30:31.863348	-3.9375	-1.0625	3.25	50.5625	56.75	24.0625	47.3125	14.875	5.8125	-45.625	-3.8125	7.875
11:30:31.873415	-3.5625	-3.0	1.3125	47.375	53.6875	25.4375	48.25	4.25	6.5625	-30.4375	-4.875	7.75
11:30:31.883533	-3.3125	-4.6875	-1.0	45.8125	53.375	26.5	46.75	2.375	6.8125	-27.375	0.5	-2.6875
11:30:31.893608	-3.5625	-5.5625	-2.1875	42.5	51.9375	29.625	46.1875	-2.9375	5.75	-24.6875	2.1875	-2.5625
11:30:31.903699	-4.0	-6.625	-2.6875	43.0	48.625	31.9375	46.75	-13.375	3.1875	-24.6875	2.1875	-2.5625
11:30:31.913776	-3.6875	-7.3125	-4.25	42.875	43.3125	32.0	47.0625	-15.6875	1.5625	-24.75	-1.6875	0.1875
11:30:31.924339	-3.4375	-7.875	-5.125	45.25	34.375	30.5	44.625	-8.1875	1.25	-31.875	1.3125	0.25
11:30:31.934406	-3.0625	-8.625	-5.625	45.875	24.4375	29.75	42.375	-8.5625	1.0625	-38.6875	3.875	3.3125
11:30:31.944481	-2.5625	-9.125	-5.5625	47.9375	14.6875	29.5	40.5625	-9.5625	0.0625	-39.5625	10.0	7.5
11:30:31.954573	-1.9375	-9.3125	-5.9375	47.4375	6.5625	29.1875	40.25	-5.0625	-0.5	-27.0	1.6875	0.9375
11:30:31.964697	-1.125	-9.6875	-7.0	45.5625	-1.375	28.875	38.5	-11.8125	-0.4375	-33.375	4.25	0.875
11:30:31.975168	-0.625	-9.9375	-7.625	43.625	-6.8125	29.125	37.625	-23.125	-0.875	-34.4375	6.375	6.9375
11:30:31.985240	1.9375	-8.9375	-9.3125	41.5625	-7.75	29.375	38.875	-26.5	-1.125	-26.6875	2.875	5.5625
11:30:31.995316	1.9375	-8.9375	-9.3125	39.5	-8.9375	30.3125	38.3125	-21.75	-0.375	-17.9375	-7.0625	3.5625
11:30:32.005422	4.8125	-6.625	-10.375	40.1875	-3.25	30.75	34.375	-23.125	-0.4375	-17.9375	-7.0625	3.5625
11:30:32.015607	4.8125	-6.625	-10.375	40.3125	0.5	33.0625	32.375	-20.0	-1.5625	-30.0	9.6875	5.6875
11:30:32.026042	7.5625	-4.625	-9.8125	43.0625	8.8125	34.5	34.6875	-8.0	-1.25	-18.5	4.0	6.1875
11:30:32.036276	8.625	-4.0	-8.4375	46.875	21.125	35.625	33.4375	-0.25	-0.0625	-18.1875	-2.75	6.3125
11:30:32.046348	9.125	-2.9375	-6.875	48.875	31.875	36.875	28.875	1.875	-0.4375	-24.3125	6.5625	5.6875
11:30:32.056425	9.875	-0.625	-5.5	53.25	44.5625	38.125	28.875	7.1875	-1.5625	-31.5	8.0	6.8125
11:30:32.066589	10.4375	2.125	-4.1875	56.4375	54.5	39.375	31.6875	11.0	-1.0	-16.9375	3.625	5.0
11:30:32.076657	11.125	5.25	-2.875	57.9375	62.1875	40.5625	30.25	15.0625	-0.375	-18.5	2.25	0.875
11:30:32.086745	11.125	8.75	-1.3125	57.3125	66.625	42.1875	28.9375	20.8125	-0.8125	-26.3125	9.375	0.4375
11:30:32.096822	10.6875	12.0	0.4375	54.5625	64.8125	43.8125	32.1875	26.4375	-1.0	-31.4375	9.4375	0.0
11:30:32.106899	10.5	14.75	1.5625	50.1875	58.8125	44.5	34.4375	29.875	0.4375	-21.875	0.375	-1.9375
11:30:32.117103	9.9375	16.625	2.3125	45.0625	50.75	44.0	32.8125	29.5	1.4375	-28.625	-5.9375	-0.625
11:30:32.127279	9.1875	17.75	2.75	41.375	41.6875	43.3125	33.9375	26.375	0.9375	-41.5625	-15.3125	8.1875
11:30:32.137428	8.5	18.875	3.0	38.1875	33.5	42.1875	38.4375	23.4375	1.4375	-46.6875	-25.1875	16.1875
11:30:32.148011	7.9375	20.3125	2.6875	34.6875	28.6875	40.4375	40.5	24.4375	2.5625	-40.5625	-13.5	11.125
11:30:32.158090	7.9375	21.5625	2.4375	35.3125	28.9375	36.9375	39.5625	25.6875	3.5625	-49.1875	-6.0	7.1875
11:30:32.168269	7.125	22.625	1.8125	34.4375	30.125	35.4375	42.1875	28.5625	3.8125	-59.6875	-5.3125	7.6875
11:30:32.178943	6.5625	23.5	1.1875	34.625	32.5	33.75	47.0	29.3125	5.6875	-62.0625	-8.0	6.5625
11:30:32.189057	6.9375	23.625	0.25	27.5	32.25	30.75	49.5625	30.5	8.25	-66.125	-19.9375	9.375
11:30:32.199393	6.625	22.375	-1.1875	23.1875	30.25	30.375	51.3125	28.8125	10.0	-66.125	-19.9375	9.375
11:30:32.209561	6.3125	20.625	-3.25	16.5	30.625	29.625	55.5	26.8125	10.1875	-79.25	-27.5625	5.375
11:30:32.220637	6.375	19.1875	-5.125	9.5	27.5	28.0625	63.0625	26.75	11.625	-74.5	-38.125	8.5625
11:30:32.230927	6.375	17.625	-6.4375	4.125	24.9375	27.0625	67.1875	29.375	13.375	-81.625	-35.8125	9.75
11:30:32.241034	6.0	16.5625	-7.1875	2.0625	32.5625	26.5625	67.875	29.0	15.0	-93.1875	-34.1875	8.5
11:30:32.251146	5.5625	16.25	-7.1875	-0.5625	41.8125	25.125	79.9375	32.375	16.25	-94.4375	-39.8125	8.1875
11:30:32.261803	5.5	17.0625	-6.0625	0.75	47.8125	22.375	83.5	36.6875	17.75	-86.25	-36.9375	7.4375
11:30:32.271938	5.5625	18.5625	-3.875	1.875	50.25	18.75	87.5	39.8125	18.4375	-97.4375	-24.75	13.6875
11:30:32.282060	6.25	21.125	-1.4375	3.125	52.3125	15.0625	92.4375	48.4375	19.9375	-114.4375	-25.625	11.0
11:30:32.292196	5.625	22.125	1.0	-1.625	47.75	10.6875	98.0625	51.375	21.625	-104.25	-65.25	2.5
11:30:32.302609	2.0625	22.1875	4.5	-12.0625	37.875	4.375	104.25	43.4375	21.25	-104.25	-65.25	2.5
11:30:32.312679	-2.6875	22.3125	8.8125	-23.5	24.375	-3.0625	109.1875	29.75	17.875	-125.0	-18.25	41.0625
11:30:32.322763	-6.5	19.125	10.6875	-38.6875	8.5	-11.0625	118.75	27.375	13.375	-139.1875	-19.6875	37.4375
11:30:32.332926	-8.125	11.5	9.125	-57.5	-8.3125	-18.3125	127.875	41.625	11.125	-139.1875	-19.6875	37.4375
11:30:32.343608	-7.1875	-0.875	2.9375	-75.1875	-28.75	-24.4375	129.1875	53.625	10.1875	-130.8125	-12.1875	62.75
11:30:32.353683	-4.6875	-13.1875	-7.1875	-91.6875	-48.1875	-29.0	133.125	72.3125	9.375	-135.125	15.5625	82.8125
11:30:32.363771	-3.0625	-17.0	-15.6875	-106.125	-64.5625	-30.5	145.5625	112.9375	12.25	-162.0	28.4375	98.3125
11:30:32.373849	-2.0	-12.8125	-19.625	-116.25	-71.25	-34.25	151.875	151.8125	19.0625	-172.375	41.25	90.1875
11:30:32.383915	-1.5625	-5.1875	-18.625	-127.1875	-75.375	-36.375	146.8125	168.0625	21.75	-181.6875	41.3125	54.4375
11:30:32.393991	-1.9375	3.125	-16.375	-131.1875	-66.125	-37.125	127.1875	140.5	21.125	-227.0625	-16.5	28.5625
11:30:32.404059	-2.25	12.125	-13.0	-136.0625	-39.25	-45.375	103.4375	93.875	21.8125	-297.5	-87.1875	11.375
11:30:32.414131	-2.5	21.1875	-10.875	-144.125	7.9375	-49.25	87.0625	26.625	20.8125	-329.4375	-97.1875	6.5
11:30:32.424614	-3.5	26.1875	-12.4375	-141.75	38.375	-49.8125	92.3125	-27.75	15.75	-283.5	-142.125	27.4375
11:30:32.434699	-5.375	27.75	-11.5	-119.625	40.0	-61.8125	89.8125	-37.6875	11.0625	-156.75	-185.75	35.0
11:30:32.444824	-7.625	28.8125	-9.6875	-88.4375	30.0	-64.0625	86.75	-10.25	11.6875	21.375	80.3125	8.25
11:30:32.454997	-10.125	27.1875	-7.9375	-67.0625	26.375	-62.75	80.25	15.125	7.3125	93.25	308.75	37.0
11:30:32.465420	-11.9375	20.6875	-5.4375	-54.5	17.4375	-62.5625	59.9375	24.125	3.9375	80.4375	211.3125	20.5625
11:30:32.475697	-12.125	11.8125	-2.25	-51.6875	5.1875	-62.125	30.375	9.8125	3.75	35.4375	22.0625	-59.5625
11:30:32.485800	-7.375	-3.3125	2.4375	-51.0625	5.4375	-64.25	5.0625	-0.875	1.5625	28.4375	42.25	-67.5625
11:30:32.495907	-4.0625	-7.5	2.625	-59.625	3.4375	-63.875	-15.375	-14.375	-5.625	71.75	126.125	-68.5
11:30:32.506007	-2.0	-10.1875	1.75	-70.875	-6.0	-64.125	-33.25	-44.6875	-13.5625	148.0	108.75	-87.3125
11:30:32.516130	-1.0625	-12.4375	0.1875	-81.1875	-26.9375	-63.25	-54.8125	-59.375	-21.625	194.1875	58.9375	-70.5625
11:30:32.526247	-0.6875	-13.0625	-0.5625	-87.9375	-49.625	-62.3125	-76.4375	-61.25	-25.0	170.6875	42.625	-19.5
11:30:32.536887	-0.6875	-12.4375	-1.625	-89.3125	-61.375	-63.6875	-96.6875	-47.375	-23.4375	140.4375	43.0625	5.1875
11:30:32.546997	-0.6875	-10.75	-2.625	-87.0625	-70.5	-65.9375	-114.6875	-30.4375	-17.5	167.3125	45.0	10.6875
11:30:32.557101	-0.125	-8.3125	-3.6875	-82.75	-80.0625	-66.25	-132.1875	-23.125	-14.4375	203.5625	53.125	17.8125
11:30:32.567215	0.375	-5.8125	-4.4375	-80.5625	-86.5625	-63.875	-150.1875	-29.4375	-16.9375	203.6875	58.125	3.625
11:30:32.577835	1.0625	-4.0	-3.8125	-77.375	-87.875	-59.25	-167.375	-39.5625	-21.5625	203.6875	58.125	3.625
11:30:32.588001	1.3125	-2.875	-3.0625	-73.5625	-80.5	-54.1875	-180.0	-40.25	-26.625	203.6875	58.125	3.625
11:30:32.598097	1.625	-1.9375	-3.375	-67.4375	-63.5625	-46.9375	-192.1875	-31.25	-30.25	211.3125	80.0625	-11.1875
11:30:32.608186	1.9375	-0.4375	-5.75	-67.4375	-63.5625	-46.9375	-204.875	-10.25	-31.5625	208.0	91.875	2.0
11:30:32.618308	1.9375	0.0625	-7.25	-60.8125	-55.4375	-45.1875	-214.3125	17.125	-30.875	208.0	91.875	2.0
11:30:32.629170	1.875	0.9375	-8.5	-40.5	-40.3125	-42.4375	-221.875	42.5	-30.1875	208.0	91.875	2.0
11:30:32.639310	1.4375	1.0625	-9.3125	-33.0	-33.0625	-42.375	-227.25	48.6875	-32.1875	208.0	91.875	2.0
11:30:32.649942	1.375	1.0	-9.3125	-28.4375	-23.1875	-43.75	-229.8125	36.5625	-36.625	208.0	91.875	2.0
11:30:32.660063	1.0625	1.0	-8.875	-24.9375	-13.1875	-44.625	-231.75	16.5625	-40.5625	208.125	94.125	23.4375
11:30:32.670218	0.625	1.0	-7.75	-24.0	-7.375	-44.125	-229.875	-20.0625	-40.375	208.125	94.125	23.4375
11:30:32.680380	-0.375	0.3125	-6.0625	-24.5625	-0.9375	-43.125	-227.4375	-29.625	-37.5	208.125	94.125	23.4375
11:30:32.690982	-1.875	0.3125	-3.25	-21.5625	5.3125	-40.3125	-226.5625	-24.8125	-35.1875	216.625	93.3125	24.8125
11:30:32.701108	-3.125	1.3125	-0.875	-16.0	6.3125	-37.9375	-226.5625	-24.8125	-35.1875	221.125	80.8125	24.125
11:30:32.711809	-4.5625	2.625	1.0	-16.0	6.3125	-37.9375	-225.6875	-12.0	-33.375	198.625	31.0	32.4375
11:30:32.721962	-5.9375	4.3125	3.125	-3.25	6.3125	-33.3125	-221.5625	0.625	-33.1875	185.3125	32.25	26.75
11:30:32.732180	-6.75	5.6875	4.875	2.5	6.625	-30.75	-207.0	8.5625	-32.5	184.8125	31.25	24.0
11:30:32.742257	-7.1875	6.6875	7.3125	7.9375	7.6875	-28.125	-198.4375	5.4375	-31.0	173.9375	22.8125	22.9375
11:30:32.752330	-7.1875	6.6875	7.3125	12.3125	6.8125	-26.875	-188.5625	-2.6875	-29.0625	166.5625	13.4375	20.5
11:30:32.762464	-6.0625	5.375	8.3125	13.8125	2.5	-26.5625	-179.1875	-13.75	-26.375	159.3125	4.8125	15.75
11:30:32.772564	-6.0625	5.375	8.3125	13.625	-3.375	-26.0625	-167.6875	-23.75	-23.6875	151.3125	-5.75	9.5625
11:30:32.782641	-5.375	4.3125	8.0	12.8125	-8.125	-24.4375	-156.4375	-30.125	-20.375	143.25	-12.75	4.625
11:30:32.793034	-4.125	1.0625	6.6875	10.3125	-15.875	-21.125	-144.125	-34.625	-17.125	143.25	-12.75	4.625
11:30:32.803141	-4.125	1.0625	6.6875	11.25	-21.875	-17.4375	-130.75	-39.125	-13.5625	121.6875	-29.4375	-0.625
11:30:32.813211	-2.6875	-3.4375	5.5	9.75	-32.125	-15.0625	-116.125	-44.5625	-10.0625	121.6875	-29.4375	-0.625
11:30:32.823530	-2.375	-5.3125	4.9375	8.3125	-37.25	-14.1875	-103.0625	-48.6875	-6.75	98.0	-40.5625	-7.5625
11:30:32.833610	-2.3125	-6.6875	4.5625	10.3125	-37.8125	-12.9375	-87.0	-50.8125	-4.4375	85.6875	-43.9375	-9.4375
11:30:32.843724	-2.75	-7.4375	4.4375	15.5	-32.0	-11.5625	-71.3125	-51.9375	-2.6875	70.4375	-45.25	-7.5625
11:30:32.853792	-2.75	-7.4375	4.4375	19.75	-25.5	-10.5625	-56.1875	-51.625	-1.875	70.4375	-45.25	-7.5625
11:30:32.863871	-3.5625	-8.4375	4.75	22.5625	-18.8125	-10.3125	-40.0	-48.3125	-1.9375	70.4375	-45.25	-7.5625
11:30:32.873944	-4.0625	-8.0	5.75	22.125	-11.75	-10.1875	-21.9375	-41.375	-2.5625	70.4375	-45.25	-7.5625
11:30:32.884414	-5.375	-8.375	5.1875	21.0	-5.5	-9.8125	-4.6875	-32.375	-3.25	3.875	-34.8125	-0.25
11:30:32.894514	-6.25	-8.6875	4.1875	17.75	-4.3125	-9.125	11.4375	-24.0	-3.3125	-9.6875	-32.8125	-0.875
11:30:32.904817	-7.125	-8.25	2.6875	14.375	-6.875	-7.75	27.4375	-18.1875	-3.5625	-24.75	-32.75	-2.8125
11:30:32.914928	-7.625	-7.1875	0.875	11.375	-11.9375	-6.6875	43.125	-17.8125	-3.4375	-29.625	-32.375	-9.125
11:30:32.924996	-7.75	-5.125	-0.9375	10.375	-17.625	-5.5	57.1875	-19.5625	-3.4375	-65.1875	-67.75	-25.4375
11:30:32.935147	-7.6875	-3.1875	-3.0625	10.8125	-20.75	-3.625	70.0625	-22.625	-3.75	-90.0	-75.4375	-41.6875
11:30:32.945601	-7.6875	-2.1875	-4.75	14.3125	-20.0	-0.4375	70.0625	-22.625	-3.75	-117.375	-62.4375	-50.25
11:30:32.955957	-8.0	-2.4375	-6.8125	17.4375	-18.75	2.1875	91.9375	-33.9375	-0.8125	-117.375	-62.4375	-50.25
11:30:32.966025	-8.3125	-3.125	-8.6875	22.625	-11.4375	5.5	95.5625	-32.25	2.25	-6.5	-58.9375	-24.9375
11:30:32.976097	-7.875	-2.0	-11.1875	35.5	-0.5625	11.875	79.125	11.875	2.75	170.375	-56.75	-24.125
11:30:32.986229	0.9375	-0.1875	-9.25	48.6875	10.3125	22.625	38.8125	17.625	5.5625	71.75	80.3125	-53.25
11:30:32.996294	4.5	-1.25	-7.0	45.25	7.5625	31.1875	18.375	-73.0	11.0	-140.8125	-144.4375	-47.375
11:30:33.006396	4.5	-1.25	-7.0	31.8125	0.3125	29.375	37.3125	-120.0	4.125	-167.0625	-356.6875	15.0625
11:30:33.016737	3.5625	0.625	-8.5625	7.6875	-1.375	18.9375	67.0	-138.1875	-8.8125	-183.625	-87.5625	109.8125
11:30:33.027372	-4.125	16.8125	-17.125	-12.6875	-1.3125	5.6875	82.0625	-91.375	-16.0625	-223.0625	128.8125	135.375
11:30:33.037494	-5.5625	26.0625	-20.75	-15.9375	-5.0	-3.875	78.625	-11.9375	-14.125	-212.6875	57.0625	76.25
11:30:33.048168	-5.375	28.375	-21.4375	-10.1875	10.125	-6.375	74.5625	72.3125	-2.1875	-212.6875	57.0625	76.25
11:30:33.058432	-3.6875	22.5625	-18.875	-15.4375	30.625	3.9375	72.75	113.4375	7.5	-36.625	-76.1875	34.75
11:30:33.068536	-0.4375	11.375	-14.1875	2.4375	37.4375	32.25	75.4375	101.5	11.5	82.6875	55.0	4.75
11:30:33.078624	2.125	-2.0	-9.25	17.8125	43.1875	27.4375	74.4375	45.9375	9.9375	2.5625	26.625	-14.5
11:30:33.088759	2.625	-13.4375	-6.25	38.875	53.3125	18.0625	68.375	-40.75	3.375	-105.0	-71.875	-40.4375
11:30:33.098831	1.6875	-21.5625	-7.125	67.0	61.8125	13.125	62.8125	-93.0	-7.125	-105.0	-71.875	-40.4375
11:30:33.109528	1.6875	-21.5625	-7.125	67.0	61.8125	13.125	61.9375	-84.5	-16.75	-113.5	-74.1875	-50.875
11:30:33.119634	0.75	-31.3125	-14.375	79.625	57.8125	12.375	56.625	-42.75	-18.9375	-103.5625	-4.6875	-17.9375
11:30:33.130169	1.3125	-36.5	-18.0625	54.5625	16.3125	16.8125	53.625	-2.5	-14.125	-28.9375	-8.125	-9.25
11:30:33.140254	1.6875	-40.0625	-19.75	42.8125	-11.25	22.4375	58.875	30.9375	-2.75	-28.9375	-8.125	-9.25
11:30:33.150374	1.3125	-40.5625	-17.6875	34.375	-44.1875	29.25	58.875	30.9375	-2.75	8.375	15.875	-7.25
11:30:33.160500	1.0625	-38.375	-14.0	19.125	-61.75	32.25	52.3125	3.125	-2.5	-46.6875	-9.5625	-6.8125
11:30:33.170598	0.9375	-34.0625	-10.875	4.875	-68.4375	30.75	53.5	-24.3125	-3.3125	-85.9375	-32.75	8.3125
11:30:33.181176	0.5625	-28.3125	-7.25	-1.0625	-65.4375	27.1875	52.625	-49.125	-2.375	-61.4375	-32.1875	22.4375
11:30:33.191428	0.6875	-21.8125	-5.5625	19.4375	-53.3125	24.625	50.25	-56.4375	0.0	-22.8125	-17.0	20.75
11:30:33.201498	0.0625	-16.875	-3.5	43.125	-29.75	21.3125	49.1875	-47.4375	1.5625	-6.875	-9.6875	6.0
11:30:33.212253	-0.875	-13.625	-2.0625	43.125	-29.75	21.3125	49.1875	-47.4375	1.5625	-6.875	-9.6875	6.0
11:30:33.222355	-0.8125	-11.4375	-2.25	54.9375	13.6875	21.875	48.3125	6.3125	0.875	-13.4375	3.3125	-15.875
11:30:33.232753	-0.75	-10.8125	-3.5625	65.3125	31.1875	23.5	44.5625	25.25	1.0625	-43.5	7.125	-17.3125
11:30:33.242834	-0.625	-11.3125	-4.625	66.875	41.25	24.9375	41.875	27.3125	1.875	-43.5	7.125	-17.3125
11:30:33.252986	0.0	-12.75	-7.3125	63.3125	49.125	25.6875	40.75	22.5625	2.8125	-68.5	-6.875	1.375
11:30:33.263059	0.1875	-14.75	-10.8125	63.0	53.75	26.625	37.0625	13.375	4.8125	-47.5625	0.8125	-1.4375
11:30:33.273146	-0.875	-17.5	-11.75	62.1875	55.3125	26.625	35.4375	-3.5625	5.8125	-25.25	12.0625	-7.5
11:30:33.283234	-0.6875	-19.5	-14.75	61.625	58.8125	29.4375	38.0625	-21.6875	5.625	-18.5625	8.8125	-5.5
11:30:33.293310	-0.9375	-21.3125	-16.5	57.5625	53.0625	33.125	39.9375	-29.0625	4.5625	-18.0625	1.125	-5.6875
11:30:33.303885	-0.5625	-22.1875	-17.6875	52.5	36.875	38.1875	38.5625	-23.0625	3.4375	-16.9375	-2.25	-6.4375
11:30:33.313959	-0.5	-21.9375	-17.3125	46.5	18.4375	41.0	38.5625	-23.0625	3.4375	-16.9375	-2.25	-6.4375
11:30:33.324028	0.125	-20.875	-16.875	42.0625	1.125	42.625	34.75	-13.1875	0.875	-23.8125	-2.8125	5.5625
11:30:33.334094	0.75	-20.3125	-16.4375	40.25	-8.0625	42.875	34.75	-2.5625	-0.625	-19.9375	1.375	6.875
11:30:33.344174	1.4375	-19.875	-16.3125	40.3125	-10.5	41.75	32.4375	3.75	-0.125	-19.9375	1.375	6.875
11:30:33.354283	2.3125	-20.1875	-16.375	40.0	-11.5625	41.125	29.5625	-5.3125	-0.125	-28.3125	6.75	4.9375
11:30:33.364354	2.9375	-20.3125	-17.8125	44.125	-5.875	39.125	28.9375	-12.125	-0.875	-32.375	7.5	3.4375
11:30:33.374422	3.25	-20.0625	-19.875	52.4375	3.4375	37.0625	28.1875	-8.25	-1.0	-17.0625	7.5	0.5
11:30:33.384534	3.375	-18.875	-21.5	58.75	11.0625	35.4375	26.0625	-12.3125	0.25	-20.125	6.0	-0.5625
11:30:33.394667	3.5625	-16.875	-22.75	61.3125	16.375	33.75	24.5	-24.625	0.0	-26.5	2.6875	1.0
11:30:33.404996	3.8125	-14.375	-22.625	60.9375	18.3125	32.5	27.8125	-25.125	-0.0625	-30.25	7.125	2.625
11:30:33.415088	4.1875	-11.8125	-21.4375	59.5	17.8125	31.6875	32.8125	-12.6875	1.0625	-14.0625	2.5625	1.75
11:30:33.425158	4.9375	-9.3125	-19.5	55.4375	18.125	31.8125	30.8125	-9.1875	1.9375	-19.3125	1.0	1.125
11:30:33.435804	5.625	-6.5	-17.0625	48.5	16.875	32.625	28.3125	-7.375	0.875	-29.375	9.4375	-2.375
11:30:33.445884	6.375	-3.8125	-14.0	42.5625	16.75	33.625	34.5	0.1875	-0.3125	-29.375	9.4375	-2.375
11:30:33.455958	7.6875	1.375	-8.75	38.375	20.8125	34.1875	37.0	7.6875	0.625	-13.875	13.75	-0.875
11:30:33.466045	7.75	2.9375	-6.4375	35.375	24.0625	34.0625	32.875	3.25	1.375	-22.5	-7.0625	-2.3125
11:30:33.476145	7.9375	4.125	-5.0	33.375	24.25	34.0625	33.875	0.1875	0.0625	-37.1875	4.1875	0.0625
11:30:33.486822	7.9375	4.125	-5.0	35.6875	27.0625	33.3125	40.25	-1.125	0.4375	-30.5	12.6875	0.0625
11:30:33.496901	8.25	6.625	-3.375	38.875	28.875	33.5	39.625	0.75	1.375	-19.625	-4.5	-4.5625
11:30:33.507014	8.5	8.5625	-3.375	40.375	30.25	33.5625	37.4375	4.25	1.6875	-30.5625	-9.0625	-4.75
11:30:33.517672	8.875	10.75	-2.625	40.9375	33.9375	34.4375	40.125	9.0625	1.375	-30.5625	-9.0625	-4.75
11:30:33.528192	8.9375	13.0	-2.0	39.875	36.0625	35.6875	44.1875	12.4375	2.25	-43.6875	-33.375	6.125
11:30:33.538832	9.625	14.3125	-1.125	34.6875	32.25	35.4375	41.5625	16.8125	3.9375	-41.6875	-28.5625	13.1875
11:30:33.549205	10.375	15.1875	-0.5625	32.3125	29.4375	35.25	41.5625	16.8125	3.9375	-49.1875	-9.6875	6.5625
11:30:33.559367	11.0625	15.0625	-0.25	31.375	26.9375	34.1875	44.375	18.0625	3.875	-49.1875	-9.6875	6.5625
11:30:33.569478	11.4375	14.5	-0.625	29.625	19.3125	33.875	47.3125	21.3125	4.875	-49.1875	-9.6875	6.5625
11:30:33.579545	11.6875	13.8125	-1.5	30.75	18.4375	33.9375	47.3125	21.125	7.5625	-49.1875	-9.6875	6.5625
11:30:33.589788	11.6875	13.375	-2.5	29.5	18.5	32.5625	47.3125	21.125	7.5625	-55.6875	-15.5	6.0625
11:30:33.600032	11.6875	12.625	-3.6875	28.3125	20.5	32.1875	51.4375	18.875	8.625	-63.0	-36.125	7.8125
11:30:33.610306	11.625	11.6875	-4.875	26.375	22.0	32.1875	54.8125	14.75	11.5625	-63.0	-36.125	7.8125
11:30:33.620592	11.75	11.0625	-5.375	23.75	24.8125	32.4375	58.125	15.0	11.8125	-65.3125	-34.75	7.1875
11:30:33.631148	12.125	10.5	-6.25	20.5	25.0	32.6875	64.25	17.9375	12.6875	-75.1875	-31.0625	4.8125
11:30:33.641248	12.3125	10.0625	-6.875	17.375	25.375	31.75	68.0625	22.5	13.375	-78.4375	-37.6875	8.3125
11:30:33.651679	12.8125	10.3125	-7.1875	13.0	21.6875	30.125	69.625	24.9375	13.5	-71.9375	-40.0	11.625
11:30:33.661752	13.5	12.1875	-6.8125	9.1875	22.125	28.0625	69.625	24.9375	13.5	-71.9375	-40.0	11.625
11:30:33.671823	13.6875	13.0625	-7.5625	7.375	26.875	25.4375	82.5	36.3125	13.5	-71.9375	-40.0	11.625
11:30:33.681925	10.5625	11.25	-7.0	8.1875	33.5	22.0	84.75	51.25	16.375	-71.9375	-40.0	11.625
11:30:33.692396	3.375	9.75	-3.25	3.5625	34.1875	18.5625	87.875	51.6875	17.4375	-71.9375	-40.0	11.625
11:30:33.702789	-2.625	6.75	1.0625	-7.6875	28.0625	13.25	95.6875	43.1875	17.4375	-90.75	-4.6875	16.0625
11:30:33.712876	-5.0625	1.5625	2.125	-14.1875	20.75	6.8125	103.9375	22.1875	16.6875	-112.3125	-13.6875	35.8125
11:30:33.722978	-4.9375	-5.875	-1.1875	-22.5	5.5625	0.6875	111.625	21.1875	13.5625	-106.75	-10.0625	26.125
11:30:33.733050	-4.0	-15.125	-9.1875	-35.6875	-10.25	-5.6875	117.8125	38.0625	13.0625	-124.9375	-47.0	32.8125
11:30:33.743463	-1.875	-22.0625	-18.875	-51.9375	-31.25	-10.9375	120.4375	50.5	11.9375	-124.9375	-47.0	32.8125
11:30:33.753535	0.5	-24.5625	-27.5625	-68.375	-56.9375	-14.5625	123.5	67.1875	12.0	-125.625	-39.125	70.8125
11:30:33.763605	1.75	-20.875	-32.375	-82.5625	-75.125	-16.75	128.0	103.8125	15.5625	-138.375	8.6875	97.4375
11:30:33.773680	1.1875	-11.5625	-30.6875	-99.1875	-88.5	-16.6875	133.0	139.5	20.375	-153.625	48.75	91.75
11:30:33.783780	1.1875	0.5625	-23.4375	-112.3125	-91.75	-15.625	123.9375	148.875	25.0625	-174.0	22.25	53.5625
11:30:33.793872	2.375	12.625	-15.0	-123.75	-80.75	-15.375	103.3125	122.4375	28.125	-174.0	22.25	53.5625
11:30:33.804494	5.3125	28.8125	-7.5	-131.9375	-54.0	-20.25	80.375	81.5625	27.5	-272.5625	-127.5	-4.25
11:30:33.814631	5.3125	28.8125	-7.5	-129.875	-17.6875	-26.8125	72.875	16.75	27.75	-272.5625	-127.5	-4.25
11:30:33.824707	3.0	35.3125	-7.4375	-120.625	18.8125	-28.9375	84.3125	-40.125	29.375	-215.75	-196.5625	-47.5625
11:30:33.835210	-0.0625	34.625	-6.1875	-107.0	48.25	-26.625	84.3125	-40.125	29.375	-215.75	-196.5625	-47.5625
11:30:33.845377	-2.4375	30.5625	-4.5625	-86.4375	60.0	-26.5625	84.25	-60.0625	35.6875	-215.75	-196.5625	-47.5625
11:30:33.856014	-3.875	23.75	-2.875	-66.25	61.875	-24.1875	78.625	-26.8125	34.875	-215.75	-196.5625	-47.5625
11:30:33.866161	-3.375	15.5625	-2.0625	-42.8125	79.4375	-21.25	63.3125	9.875	28.5625	-215.75	-196.5625	-47.5625
11:30:33.876232	-2.4375	7.9375	-1.4375	-35.125	73.9375	-22.25	41.3125	12.125	23.75	-0.6875	-42.0	-9.3125
11:30:33.886306	-0.375	1.4375	-1.8125	-34.1875	47.5625	-21.875	19.6875	11.25	20.125	-0.6875	-42.0	-9.3125
11:30:33.897026	1.8125	-3.25	-2.375	-49.25	9.75	-19.125	1.0625	10.1875	11.5625	49.8125	163.5	-54.3125
11:30:33.907151	4.0	-4.875	-2.75	-49.25	9.75	-19.125	-13.1875	-1.9375	2.625	49.8125	163.5	-54.3125
11:30:33.917778	5.5	-3.6875	-2.5625	-63.3125	-5.5625	-16.0625	-30.625	-4.5625	-5.125	49.8125	163.5	-54.3125
11:30:33.928397	6.9375	-0.5625	-1.125	-83.75	-26.875	-14.8125	-47.6875	2.75	-12.625	120.6875	224.4375	-15.4375
11:30:33.938474	8.25	3.4375	0.625	-85.5	-29.3125	-16.8125	-90.625	58.0625	-1.3125	120.6875	224.4375	-15.4375
11:30:33.949543	9.125	7.875	2.0625	-80.75	-25.5625	-18.125	-90.625	58.0625	-1.3125	82.625	217.75	-13.6875
11:30:33.959664	9.625	12.375	2.9375	-73.5	-20.25	-18.375	-117.5	121.6875	-1.5625	82.625	217.75	-13.6875
11:30:33.969765	9.375	16.8125	3.125	-65.5	-17.1875	-16.8125	-124.875	140.25	-7.625	102.125	264.0625	5.9375
11:30:33.980374	8.75	21.375	2.6875	-56.625	-14.75	-13.5625	-130.75	160.5625	-13.5	86.5625	199.8125	-10.25
11:30:33.990478	7.6875	25.8125	1.6875	-51.9375	-17.3125	-9.4375	-135.9375	160.0625	-16.4375	94.625	207.5625	-7.25
11:30:34.001915	6.75	29.5625	1.8125	-50.9375	-23.8125	-6.0	-136.8125	96.6875	-17.5625	94.625	207.5625	-7.25
11:30:34.012241	5.5625	32.5625	2.875	-54.8125	-36.1875	-3.8125	-134.5	41.75	-18.4375	96.8125	149.1875	20.4375
11:30:34.022305	4.6875	33.9375	4.4375	-61.8125	-47.6875	-2.5	-131.9375	-2.3125	-19.75	124.1875	113.125	23.625
11:30:34.032827	4.0	33.8125	5.875	-69.4375	-56.1875	-2.875	-128.5625	-33.3125	-18.6875	124.1875	113.125	23.625
11:30:34.042933	3.125	32.8125	7.0	-73.9375	-61.5625	-3.9375	-128.5625	-33.3125	-18.6875	133.1875	23.625	9.375
11:30:34.053004	1.375	31.125	8.375	-67.0	-61.6875	-5.6875	-117.625	-37.9375	-11.5	131.3125	-0.8125	8.5
11:30:34.063084	0.125	29.5625	9.125	-60.875	-52.0625	-7.625	-112.25	-27.25	-6.1875	134.6875	-12.0625	6.375
11:30:34.073156	-0.5625	28.4375	8.75	-55.1875	-38.5625	-9.5625	-106.4375	-19.625	-2.25	129.3125	-15.0	6.0
11:30:34.083797	-1.0625	27.0625	8.4375	-52.375	-27.0	-10.9375	-100.25	-11.25	1.0625	129.3125	-15.0	6.0
11:30:34.093869	-1.125	25.5	8.1875	-54.75	-16.3125	-11.4375	-92.9375	-3.6875	3.9375	109.625	-1.0	-3.3125
11:30:34.104711	-1.25	21.75	8.5625	-58.5625	-5.6875	-11.125	-85.125	0.75	6.8125	109.625	-1.0	-3.3125
11:30:34.115268	-1.25	19.5625	9.5625	-57.0625	5.9375	-9.3125	-77.0	2.3125	9.0625	109.625	-1.0	-3.3125
11:30:34.125569	-1.5	16.9375	9.5625	-46.625	22.8125	-6.375	-69.0	1.75	11.0625	83.125	17.4375	-18.4375
11:30:34.136192	-1.5	14.5	9.6875	-39.6875	34.25	-4.125	-61.5	-0.5	12.9375	83.125	17.4375	-18.4375
11:30:34.146268	-1.375	12.125	9.4375	-37.4375	39.4375	-3.125	-54.75	-6.5	14.25	66.125	0.125	-22.1875
11:30:34.156552	-1.1875	9.8125	9.4375	-32.25	37.375	-2.5625	-49.25	-16.75	15.375	55.125	-12.125	-21.125
11:30:34.166619	-1.375	7.25	9.5	-29.3125	27.1875	-2.125	-45.25	-26.25	15.9375	50.1875	-29.8125	-16.6875
11:30:34.176737	-1.625	4.3125	10.4375	-26.5	13.1875	-1.9375	-42.25	-37.625	16.375	42.75	-48.0625	-13.4375
11:30:34.186878	-1.625	1.125	11.0	-24.625	-2.1875	-2.1875	-39.125	-45.375	16.1875	32.5	-66.0625	-15.0625
11:30:34.196981	-1.6875	-1.5625	11.6875	-19.375	-33.375	-3.5625	-35.6875	-51.5625	16.3125	29.4375	-75.25	-16.625
11:30:34.207127	-1.9375	-3.125	12.4375	-15.25	-45.5	-3.8125	-33.25	-55.0625	16.6875	37.5625	-86.4375	-18.0
11:30:34.217193	-2.5625	-5.9375	11.3125	-11.0	-54.25	-4.75	-33.0625	-54.875	16.75	38.4375	-90.5	-16.5625
11:30:34.227350	-2.8125	-8.375	10.75	-5.375	-58.1875	-5.8125	-33.9375	-53.3125	17.5625	31.8125	-102.375	-14.1875
11:30:34.238018	-3.5625	-9.625	10.0	2.4375	-54.9375	-6.625	-36.125	-57.1875	18.75	32.0	-112.75	-15.6875
11:30:34.248534	-4.3125	-9.9375	9.125	11.125	-48.125	-6.5625	-38.3125	-68.6875	20.375	35.75	-119.875	-18.9375
11:30:34.259058	-4.375	-9.8125	7.875	11.125	-48.125	-6.5625	-34.0625	-88.9375	20.5625	24.25	-134.875	-12.75
11:30:34.269249	-4.1875	-10.0625	6.0	23.5625	-36.3125	-3.3125	-23.4375	-102.0625	15.0625	-7.25	-137.4375	-8.875
11:30:34.279364	-4.0625	-10.6875	4.125	28.875	-33.25	-2.5	-2.8125	-78.75	9.3125	16.125	42.9375	-6.3125
11:30:34.289476	-4.0625	-10.8125	2.6875	30.9375	-33.9375	-1.9375	4.6875	-54.75	8.4375	5.625	-103.9375	-12.4375
11:30:34.299545	-4.0625	-10.1875	1.125	31.5	-33.75	-1.625	1.875	-45.1875	6.75	41.375	-120.125	-9.875
11:30:34.310431	-4.0625	-8.9375	-0.0625	29.8125	-27.875	-0.6875	-5.5625	-42.6875	2.75	41.375	-120.125	-9.875
11:30:34.321025	-3.75	-7.625	-1.1875	27.25	-16.3125	0.625	-16.4375	-44.875	-4.25	69.125	4.375	2.625
11:30:34.331225	-3.1875	-5.75	-2.5625	27.125	-3.6875	1.625	-28.875	-43.375	-14.3125	70.375	-31.6875	-10.25
11:30:34.341318	-2.375	-3.1875	-3.9375	32.5	9.3125	2.6875	-34.8125	-26.625	-23.8125	56.0625	17.9375	-7.375
11:30:34.351997	-1.5625	0.3125	-5.625	39.375	18.6875	4.0	-35.1875	1.8125	-29.125	17.5	35.875	1.3125
11:30:34.362257	-1.0	4.25	-7.8125	40.75	22.625	4.5625	-30.5625	32.4375	-29.375	-21.5	11.75	9.625
11:30:34.372326	-0.8125	8.4375	-9.375	38.0625	22.25	3.625	-26.6875	52.25	-24.25	-15.75	44.1875	5.625
11:30:34.382442	-1.0	11.5	-11.0	33.0	21.625	1.375	-27.3125	50.6875	-18.1875	4.1875	50.8125	5.8125
11:30:34.392541	-1.75	12.9375	-12.5	27.25	23.875	-1.5	-28.125	33.75	-14.0625	17.0625	10.6875	10.125
11:30:34.402609	-3.0625	12.3125	-13.625	24.625	28.5	-4.5625	-26.625	7.25	-12.125	11.3125	-21.8125	14.3125
11:30:34.412690	-4.0625	8.875	-15.25	30.875	35.5	-8.375	-24.8125	-17.6875	-11.0625	14.125	-36.0625	17.375
11:30:34.422839	-5.0	4.5625	-17.1875	33.3125	36.75	-11.75	-23.375	-34.25	-10.6875	13.875	-49.5	35.6875
11:30:34.432956	-6.0	-0.4375	-19.8125	32.25	33.375	-14.0625	-22.375	-39.0625	-10.1875	26.375	-57.875	41.1875
11:30:34.443123	-6.875	-5.5	-22.4375	28.9375	27.3125	-13.5	-22.6875	-30.0625	-10.5625	28.25	-46.3125	25.1875
11:30:34.453273	-7.25	-11.0	-24.9375	20.3125	18.0625	-8.5625	-23.3125	-12.25	-11.625	16.5	-28.3125	16.5
11:30:34.463382	-7.75	-16.5625	-26.75	13.4375	4.5	-2.4375	-23.1875	5.1875	-12.625	10.25	-15.3125	11.1875
11:30:34.473513	-7.9375	-21.1875	-27.6875	10.625	-2.6875	2.125	-24.0625	12.625	-12.8125	14.5	-14.625	10.6875
11:30:34.483617	-8.3125	-24.9375	-28.375	11.3125	-7.375	3.625	-24.875	6.3125	-11.6875	21.9375	-12.125	12.75
11:30:34.493688	-8.6875	-28.5	-28.8125	13.875	-11.0625	1.8125	-23.9375	-9.5	-10.3125	23.625	-17.25	17.3125
11:30:34.503824	-8.875	-37.375	-28.5625	20.0	-13.625	-1.4375	-22.6875	-28.125	-9.25	24.25	-27.1875	15.5625
11:30:34.513956	-8.875	-37.375	-28.5625	25.0625	-18.25	-4.1875	-21.875	-39.6875	-8.9375	22.5625	-22.6875	11.125
11:30:34.524472	-8.8125	-41.5625	-27.8125	26.625	-26.0625	-6.625	-20.5625	-39.5	-8.6875	22.5625	-22.6875	11.125
11:30:34.535048	-8.625	-45.4375	-25.25	24.0	-33.375	-8.1875	-20.0	-32.1875	-7.875	18.875	-10.625	3.5
11:30:34.545167	-8.4375	-44.75	-23.6875	21.5	-40.0625	-6.75	-20.6875	-22.125	-6.875	19.3125	-8.0625	2.625
11:30:34.555283	-8.25	-43.3125	-22.5	17.0	-42.625	-5.1875	-20.75	-13.3125	-6.3125	19.8125	-4.5625	4.0
11:30:34.565457	-7.8125	-42.0	-21.25	13.25	-42.1875	-3.5625	-21.5625	-13.125	-5.8125	16.875	-7.6875	5.25
11:30:34.575981	-7.0625	-40.125	-19.625	12.125	-38.0	-2.3125	-22.4375	-18.6875	-5.5625	14.0625	-8.1875	5.625
11:30:34.586052	-6.5625	-38.125	-17.875	11.75	-31.1875	-0.875	-22.25	-21.75	-5.75	16.4375	-5.5625	4.375
11:30:34.596125	-7.0	-35.8125	-15.6875	12.9375	-25.875	0.5	-20.625	-18.5	-5.375	16.875	-2.5	2.875
11:30:34.606666	-7.0	-35.8125	-15.6875	15.4375	-21.1875	2.125	-20.75	-14.5	-4.5625	19.8125	-4.0625	0.625
11:30:34.616818	-8.25	-29.375	-11.4375	17.125	-16.875	2.75	-21.5	-10.1875	-3.9375	22.0	-4.375	-0.5
11:30:34.626936	-9.0625	-27.1875	-9.625	18.375	-13.5	2.3125	-21.5625	-7.0	-3.0625	22.0	-4.375	-0.5
11:30:34.637059	-9.375	-26.4375	-8.8125	20.0	-7.375	0.8125	-21.1875	-6.3125	-2.5625	13.875	-2.5625	-0.1875
11:30:34.647164	-9.4375	-27.1875	-9.125	19.75	-3.625	0.6875	-20.5	-2.625	-1.875	11.375	0.75	-1.0625
11:30:34.657235	-9.25	-28.6875	-9.6875	19.0625	0.0	0.25	-20.0	0.125	-1.125	12.625	-1.125	-4.8125
11:30:34.667377	-9.3125	-30.125	-10.5	17.625	0.25	0.375	-19.125	-0.9375	-0.6875	14.5625	-0.125	-6.6875
11:30:34.677527	-9.375	-31.875	-11.3125	14.0	-5.25	1.125	-17.875	-1.1875	-0.1875	16.0625	2.875	-7.375
11:30:34.688105	-9.5	-33.0	-11.6875	9.25	-13.3125	2.5	-16.3125	-2.0625	0.25	15.25	-1.3125	-8.0625
11:30:34.698224	-9.5	-33.625	-11.8125	5.125	-20.0	3.5625	-15.9375	-7.25	0.875	9.9375	-0.875	-8.625
11:30:34.708325	-9.1875	-33.6875	-11.3125	3.75	-25.9375	3.625	-14.1875	-14.375	2.0	8.75	-1.875	-10.5
11:30:34.718938	-8.375	-32.6875	-11.0	4.8125	-29.125	2.0625	-14.1875	-14.375	2.0	8.75	-1.875	-10.5
11:30:34.729212	-7.625	-31.3125	-10.25	4.9375	-35.625	0.625	-9.3125	-22.8125	2.6875	8.3125	-0.875	-12.1875
11:30:34.739338	-7.0625	-29.75	-9.875	3.8125	-40.875	-0.1875	-8.4375	-22.625	3.25	6.1875	-0.375	-13.8125
11:30:34.749447	-7.0625	-29.75	-9.875	3.8125	-40.875	-0.1875	-8.4375	-22.625	3.25	6.1875	-0.375	-13.8125
11:30:34.759540	-6.0625	-25.9375	-9.875	-0.8125	-47.9375	-0.75	-6.5625	-23.25	4.0	4.875	-1.9375	-12.25
11:30:34.770142	-5.375	-24.375	-9.9375	-5.0	-46.3125	-1.5	-3.9375	-24.0625	5.75	4.0	-5.1875	-8.5625
11:30:34.780258	-4.625	-22.3125	-9.75	-9.1875	-42.125	-2.4375	-2.1875	-16.375	6.4375	1.4375	-3.5625	-8.25
11:30:34.790370	-3.8125	-20.1875	-9.3125	-13.0	-35.625	-2.4375	-1.8125	-8.5	7.1875	-1.1875	-2.125	-7.4375
11:30:34.801007	-2.6875	-17.8125	-8.5625	-16.9375	-27.5625	-1.25	-1.75	-2.0	7.9375	-1.375	-1.25	-7.5
